infra_id,infra_label,infra_type,road_name,infra_name,crossing_count,unique_truck_count
3,Km post missing (LRP001),link,N1,Km post missing,77299,77299
5,Box culvert (LRP002A),bridge,N1,Box culvert,77295,77295
4,Km post missing (LRP002),link,N1,Km post missing,77294,77294
6,Km post missing (LRP003),link,N1,Km post missing,77294,77294
2,Intersection with Z1101 (LRPSB),link,N1,Intersection with Z1101,77292,77292
1,Box Culvert (LRPSA),bridge,N1,Box Culvert,77291,77291
10,Km post missing (LRP006),link,N1,Km post missing,77290,77290
9,Km post missing (LRP005),link,N1,Km post missing,77288,77288
8,Road to Narayanganj(R111) (LRP004A),link,N1,Road to Narayanganj(R111),77287,77287
12,"R110,Left to Demra, Right to Narayanganj (LRP007A)",link,N1,"R110,Left to Demra, Right to Narayanganj",77285,77285
11,Km post missing (LRP007),link,N1,Km post missing,77284,77284
17,Road to Sylhet (N2) (LRP009A),link,N1,Road to Sylhet (N2),77284,77284
7,Km post missing (LRP004),link,N1,Km post missing,77282,77282
16,"Chittagong 251 km,Comilla 84 km (LRP009)",link,N1,"Chittagong 251 km,Comilla 84 km",77279,77279
15,Bridge end (LRP008B),bridge,N1,Bridge end,77277,77277
13,Km post missing (LRP008),link,N1,Km post missing,77273,77273
14,Kachpur bridge (LRP008A),bridge,N1,Kachpur bridge,77273,77273
1351,Sylhet 223 km (LRP008),link,N2,Sylhet 223 km,39717,39717
1352,Km post missing (LRP009),link,N2,Km post missing,39713,39713
1354,Km post broken (LRP011),link,N2,Km post broken,39712,39712
1340,Sylhet 230 km (LRP001),link,N2,Sylhet 230 km,39711,39711
1353,Km post broken (LRP010),link,N2,Km post broken,39711,39711
1343,Bridge end (LRP002B),bridge,N2,Bridge end,39710,39710
1350,Km post broken (LRP007),link,N2,Km post broken,39710,39710
1341,Sylhet 229 km (LRP002),link,N2,Sylhet 229 km,39709,39709
1342,Bridge start (LRP002A),bridge,N2,Bridge start,39709,39709
1346,Information missing (LRP004),link,N2,Information missing,39709,39709
1347,Sylhet 226 km (LRP005),link,N2,Sylhet 226 km,39709,39709
1355,R202 to Rupganj (LRP011A),link,N2,R202 to Rupganj,39709,39709
1356,Km post missing (LRP012),link,N2,Km post missing,39709,39709
1357,Intersection with N105 (LRP012A),link,N2,Intersection with N105,39709,39709
1358,Bridge start (LRP012B),bridge,N2,Bridge start,39709,39709
1345,Road to Demra (R201) (LRP003A),link,N2,Road to Demra (R201),39708,39708
1344,Km post missing (LRP003),link,N2,Km post missing,39707,39707
1348,Km post broken (LRP006),link,N2,Km post broken,39707,39707
1349,"Z1090 Left to Keyatpara,Right to Mahajanpur. (LRP006A)",link,N2,"Z1090 Left to Keyatpara,Right to Mahajanpur.",39705,39705
18,Km post missing (LRP010),link,N1,Km post missing,36619,36619
20,Box culvert (LRP010B),bridge,N1,Box culvert,36617,36617
21,Box culvert (LRP010C),bridge,N1,Box culvert,36617,36617
19,Box culvert (LRP010A),bridge,N1,Box culvert,36616,36616
22,Km post missing (LRP011),link,N1,Km post missing,36612,36612
23,Box culvert (LRP011A),bridge,N1,Box culvert,36612,36612
28,Right to Syedpur (R113) left to Joydebpur N105) (LRP012C),link,N1,Right to Syedpur (R113) left to Joydebpur N105),36610,36610
25,"Chittagong 248 km,Comilla 81 km (LRP012)",link,N1,"Chittagong 248 km,Comilla 81 km",36608,36608
26,Bridge start (LRP012A),bridge,N1,Bridge start,36608,36608
27,Bridge end (LRP012B),bridge,N1,Bridge end,36608,36608
24,Box culvert (LRP011B),bridge,N1,Box culvert,36607,36607
1395,Road to Shakerchar (Z2038) (LRP028A),link,N2,Road to Shakerchar (Z2038),31078,31078
1390,Box culvert (LRP025A),bridge,N2,Box culvert,31077,31077
1392,Sylhet 205 km (LRP026),link,N2,Sylhet 205 km,31076,31076
1393,Km post broken (LRP027),link,N2,Km post broken,31076,31076
1394,Km post missing (LRP028),link,N2,Km post missing,31076,31076
1385,Sylhet 208 km (LRP023),link,N2,Sylhet 208 km,31075,31075
1387,Box culvert (LRP024A),bridge,N2,Box culvert,31075,31075
1389,Sylhet 206 km (LRP025),link,N2,Sylhet 206 km,31075,31075
1391,Box culvert (LRP025B),bridge,N2,Box culvert,31075,31075
1386,Sylhet 207 km (LRP024),link,N2,Sylhet 207 km,31074,31074
1388,Box culvert (LRP024B),bridge,N2,Box culvert,31074,31074
1403,Bridge end (LRP031B),bridge,N2,Bridge end,31074,31074
1396,Sylhet 202 km (LRP029),link,N2,Sylhet 202 km,31073,31073
1397,Box culvert (LRP029A),bridge,N2,Box culvert,31073,31073
1400,Box culvert (LRP030A),bridge,N2,Box culvert,31073,31073
1402,Bridge start (LRP031A),bridge,N2,Bridge start,31073,31073
1366,Box culvert (LRP015A),bridge,N2,Box culvert,31072,31072
1398,Box culvert (LRP029B),bridge,N2,Box culvert,31072,31072
1399,Sylhet 201 km (LRP030),link,N2,Sylhet 201 km,31072,31072
1401,"R301 to Ghorashal, Z2047 to Ghorashal / Sylhet 200 km (LRP030B)",link,N2,"R301 to Ghorashal, Z2047 to Ghorashal / Sylhet 200 km",31072,31072
1364,Box culvert (LRP014A),bridge,N2,Box culvert,31071,31071
1383,Sylhet 209 km (LRP022),link,N2,Sylhet 209 km,31071,31071
1404,Box culvert (LRP031C),bridge,N2,Box culvert,31071,31071
1406,Box culvert (LRP032A),bridge,N2,Box culvert,31071,31071
1367,Sylhet 215 km (LRP016),link,N2,Sylhet 215 km,31070,31070
1368,Box culvert (LRP016A),bridge,N2,Box culvert,31070,31070
1362,Km post broken (LRP013),link,N2,Km post broken,31069,31069
1363,Km post missing (LRP014),link,N2,Km post missing,31069,31069
1365,Km post missing (LRP015),link,N2,Km post missing,31069,31069
1369,Bridge start (LRP016B),bridge,N2,Bridge start,31069,31069
1370,Bridge end (LRP016C),bridge,N2,Bridge end,31069,31069
1371,Km post missing (LRP017),link,N2,Km post missing,31069,31069
1379,Box culvert (LRP020A),bridge,N2,Box culvert,31069,31069
1384,Box culvert (LRP022A),bridge,N2,Box culvert,31069,31069
1405,Km post missing (LRP032),link,N2,Km post missing,31069,31069
1407,Sylhet 198 km (LRP033),link,N2,Sylhet 198 km,31069,31069
1375,Km post missing (LRP019),link,N2,Km post missing,31068,31068
1360,R203 to Ramchandri (LRP012D),link,N2,R203 to Ramchandri,31067,31067
1361,Box culvert (LRP012E),bridge,N2,Box culvert,31067,31067
1373,Sylhet 213 km (LRP018),link,N2,Sylhet 213 km,31067,31067
1374,Box culvert (LRP018A),bridge,N2,Box culvert,31067,31067
1376,Start of Narsingdi road Division / Start of Narsingdi road Division (LRP019A),link,N2,Start of Narsingdi road Division / Start of Narsingdi road Division,31067,31067
1377,Box Culvert (LRP019B),bridge,N2,Box Culvert,31067,31067
1378,Sylhet 211 km (LRP020),link,N2,Sylhet 211 km,31067,31067
1380,Sylhet 210 km (LRP021),link,N2,Sylhet 210 km,31067,31067
1408,Box culvert (LRP033A),bridge,N2,Box culvert,31067,31067
1409,Km post missing (LRP034),link,N2,Km post missing,31067,31067
1372,Box culvert (LRP017A),bridge,N2,Box culvert,31066,31066
1381,Box culvert (LRP021A),bridge,N2,Box culvert,31066,31066
1410,R210 to Narsingdi (LRP034A),link,N2,R210 to Narsingdi,31066,31066
1566,Sylhet 146 km (LRP086),link,N2,Sylhet 146 km,31065,31065
1567,Road to Mainamoti(N102) (LRP086A),link,N2,Road to Mainamoti(N102),31065,31065
1359,Bridge end (LRP012C),bridge,N2,Bridge end,31064,31064
1382,Box culvert (LRP021B),bridge,N2,Box culvert,31064,31064
1411,Box culvert (LRP034B),bridge,N2,Box culvert,31064,31064
1564,Box culvert (LRP085A),bridge,N2,Box culvert,31064,31064
1565,Box culvert (LRP085B),bridge,N2,Box culvert,31064,31064
1412,Sylhet 196 km (LRP035),link,N2,Sylhet 196 km,31063,31063
1431,Box culvert (LRP041A),bridge,N2,Box culvert,31063,31063
1465,Sylhet 178 km (LRP053),link,N2,Sylhet 178 km,31063,31063
1555,Box culvert (LRP081A),bridge,N2,Box culvert,31063,31063
1556,Box culvert (LRP081B),bridge,N2,Box culvert,31063,31063
1560,Sylhet 149 km (LRP083),link,N2,Sylhet 149 km,31063,31063
1429,Box culvert (LRP040B),bridge,N2,Box culvert,31062,31062
1466,Box culvert (LRP053A),bridge,N2,Box culvert,31062,31062
1557,Sylhet 150 km (LRP082),link,N2,Sylhet 150 km,31062,31062
1558,Box culvert (LRP082A),bridge,N2,Box culvert,31062,31062
1561,Sylhet 178 km (LRP084),link,N2,Sylhet 178 km,31062,31062
1562,Box culvert (LRP084A),bridge,N2,Box culvert,31062,31062
1416,Box culvert (LRP036A),bridge,N2,Box culvert,31061,31061
1425,Box culvert (LRP039A),bridge,N2,Box culvert,31061,31061
1438,Box culvert (LRP043A),bridge,N2,Box culvert,31061,31061
1467,Sylhet 177 km (LRP054),link,N2,Sylhet 177 km,31061,31061
1468,Box culvert (LRP054A),bridge,N2,Box culvert,31061,31061
1550,Sylhet 153 km (LRP079),link,N2,Sylhet 153 km,31061,31061
1554,Km post missing (LRP081),link,N2,Km post missing,31061,31061
1559,Box culvert (LRP082B),bridge,N2,Box culvert,31061,31061
1413,Box culvert (LRP035A),bridge,N2,Box culvert,31060,31060
1417,Km post missing (LRP037),link,N2,Km post missing,31060,31060
1418,Bridge start (LRP037A),bridge,N2,Bridge start,31060,31060
1419,Bridge end (LRP037B),bridge,N2,Bridge end,31060,31060
1428,Box culvert (LRP040A),bridge,N2,Box culvert,31060,31060
1430,Km post missing (LRP041),link,N2,Km post missing,31060,31060
1439,"R310 to Gazipur ,R211 to Shibpur (LRP043B)",link,N2,"R310 to Gazipur ,R211 to Shibpur",31060,31060
1440,Box culvert (LRP043C),bridge,N2,Box culvert,31060,31060
1441,Sylhet 187 km (LRP044),link,N2,Sylhet 187 km,31060,31060
1442,Box culvert (LRP044A),bridge,N2,Box culvert,31060,31060
1446,Box culvert (LRP045A),bridge,N2,Box culvert,31060,31060
1447,Sylhet 185 km (LRP046),link,N2,Sylhet 185 km,31060,31060
1472,Box culvert (LRP055B),bridge,N2,Box culvert,31060,31060
1563,Sylhet 147 km (LRP085),link,N2,Sylhet 147 km,31060,31060
1422,Bridge end (LRP038B),bridge,N2,Bridge end,31059,31059
1424,Sylhet 192 km (LRP039),link,N2,Sylhet 192 km,31059,31059
1432,Box culvert (LRP041B),bridge,N2,Box culvert,31059,31059
1443,Z2033 (LRP044B),link,N2,Z2033,31059,31059
1445,Sylhet 186 km (LRP045),link,N2,Sylhet 186 km,31059,31059
1464,Box culvert (LRP052A),bridge,N2,Box culvert,31059,31059
1471,Road to Belobo(Z2042) (LRP055A),link,N2,Road to Belobo(Z2042),31059,31059
1552,Sylhet 152 km (LRP080),link,N2,Sylhet 152 km,31059,31059
1414,Box culvert (LRP035B),bridge,N2,Box culvert,31058,31058
1415,Km post broken (LRP036),link,N2,Km post broken,31058,31058
1420,Km post missing (LRP038),link,N2,Km post missing,31058,31058
1421,Bridge start (LRP038A),bridge,N2,Bridge start,31058,31058
1423,Box culvert (LRP038C),bridge,N2,Box culvert,31058,31058
1426,Box culvert (LRP039B),bridge,N2,Box culvert,31058,31058
1427,Sylhet 191 km (LRP040),link,N2,Sylhet 191 km,31058,31058
1434,Box culvert (LRP042A),bridge,N2,Box culvert,31058,31058
1437,Km post missing (LRP043),link,N2,Km post missing,31058,31058
1444,Box culvert (LRP044C),bridge,N2,Box culvert,31058,31058
1473,Sylhet 175 km (LRP056),link,N2,Sylhet 175 km,31058,31058
1435,Box culvert (LRP042B),bridge,N2,Box culvert,31057,31057
1436,Box culvert (LRP042C),bridge,N2,Box culvert,31057,31057
1448,Bridge start (LRP046A),bridge,N2,Bridge start,31057,31057
1469,Box culvert (LRP054B),bridge,N2,Box culvert,31057,31057
1470,Sylhet 176 km (LRP055),link,N2,Sylhet 176 km,31057,31057
1474,Box cuylvert (LRP056A),bridge,N2,Box cuylvert,31057,31057
1475,Bridge start (LRP056B),bridge,N2,Bridge start,31057,31057
1476,Bridge end (LRP056C),bridge,N2,Bridge end,31057,31057
1478,Box culvert (LRP057A),bridge,N2,Box culvert,31057,31057
1546,Box culvert (LRP077A),bridge,N2,Box culvert,31057,31057
1551,Box culvert (LRP079A),bridge,N2,Box culvert,31057,31057
1553,Box culvert (LRP080A),bridge,N2,Box culvert,31057,31057
1433,Sylhet 189 km (LRP042),link,N2,Sylhet 189 km,31056,31056
1455,Box culvert (LRP048A),bridge,N2,Box culvert,31056,31056
1457,Sylhet 182 km (LRP049),link,N2,Sylhet 182 km,31056,31056
1460,Box culvert (LRP050A),bridge,N2,Box culvert,31056,31056
1461,Sylhet 180 km (LRP051),link,N2,Sylhet 180 km,31056,31056
1463,Sylhet 179 km (LRP052),link,N2,Sylhet 179 km,31056,31056
1477,Km post missing (LRP057),link,N2,Km post missing,31056,31056
1481,Sylhet 173 km (LRP058),link,N2,Sylhet 173 km,31056,31056
1547,Sylhet 154 km (LRP078),link,N2,Sylhet 154 km,31056,31056
1548,Box culvert (LRP078A),bridge,N2,Box culvert,31056,31056
1451,Sylhet 184 km (LRP047),link,N2,Sylhet 184 km,31055,31055
1452,Box culvert (LRP047A),bridge,N2,Box culvert,31055,31055
1453,Box culvert (LRP047B),bridge,N2,Box culvert,31055,31055
1462,Box culvert (LRP051A),bridge,N2,Box culvert,31055,31055
1479,Box culvert (LRP057B),bridge,N2,Box culvert,31055,31055
1480,Box culvert (LRP057C),bridge,N2,Box culvert,31055,31055
1544,Bridge end (LRP076B),bridge,N2,Bridge end,31055,31055
1545,Km post missing (LRP077),link,N2,Km post missing,31055,31055
1450,Box culvert (LRP046C),bridge,N2,Box culvert,31054,31054
1454,Sylhet 183 km (LRP048),link,N2,Sylhet 183 km,31054,31054
1456,Box culvert (LRP048B),bridge,N2,Box culvert,31054,31054
1458,Box culvert (LRP049A),bridge,N2,Box culvert,31054,31054
1459,Information missing (LRP050),link,N2,Information missing,31054,31054
1483,Bridge end (LRP058B),bridge,N2,Bridge end,31054,31054
1542,Km post missing (LRP076),link,N2,Km post missing,31054,31054
1549,Box culvert (LRP078B),bridge,N2,Box culvert,31054,31054
1449,Bridge end (LRP046B),bridge,N2,Bridge end,31053,31053
1482,Bridge start (LRP058A),bridge,N2,Bridge start,31053,31053
1540,Box culvert (LRP075B),bridge,N2,Box culvert,31053,31053
1541,Box culvert (LRP075C),bridge,N2,Box culvert,31053,31053
1543,Bridge start (LRP076A),bridge,N2,Bridge start,31053,31053
1484,Bridge start (LRP058C),bridge,N2,Bridge start,31052,31052
1485,Bridge end (LRP058D),bridge,N2,Bridge end,31052,31052
1486,Sylhet 172 km (LRP059),link,N2,Sylhet 172 km,31051,31051
1487,Box culvert (LRP059A),bridge,N2,Box culvert,31051,31051
1538,Km post missing (LRP075),link,N2,Km post missing,31051,31051
1539,Box culvert (LRP075A),bridge,N2,Box culvert,31051,31051
1488,Road to Rajpur (Z2041) (LRP059B),link,N2,Road to Rajpur (Z2041),31050,31050
1506,Sylhet 166 km (LRP065),link,N2,Sylhet 166 km,31050,31050
1507,Km post broken (LRP066),link,N2,Km post broken,31050,31050
1530,Km post missing (LRP073),link,N2,Km post missing,31050,31050
1531,Bridge end (LRP073A),bridge,N2,Bridge end,31050,31050
1489,Sylhet 171 km (LRP060),link,N2,Sylhet 171 km,31049,31049
1490,Bridge start (LRP060A),bridge,N2,Bridge start,31049,31049
1532,Km post missing (LRP074),link,N2,Km post missing,31049,31049
1533,Over pass (LRP074A),bridge,N2,Over pass,31049,31049
1535,Start of Brahamanbaria road Division / Start of Brahamanbaria road Division (LRP074C),link,N2,Start of Brahamanbaria road Division / Start of Brahamanbaria road Division,31049,31049
1512,Box culvert (LRP067C),bridge,N2,Box culvert,31048,31048
1513,Sylhet 163 km (LRP068),link,N2,Sylhet 163 km,31048,31048
1536,Box Culvert (LRP074D),bridge,N2,Box Culvert,31048,31048
1537,Box Culvert (LRP074E),bridge,N2,Box Culvert,31048,31048
1509,Sylhet 164 km (LRP067),link,N2,Sylhet 164 km,31047,31047
1525,Road to Kishoreganj(R360) (LRP071A),link,N2,Road to Kishoreganj(R360),31047,31047
1529,Bhairab Bridge (LRP072B),bridge,N2,Bhairab Bridge,31047,31047
1534,Road to Nabinagar (Z2031) (LRP074B),link,N2,Road to Nabinagar (Z2031),31047,31047
1497,Bridge end (LRP062B),bridge,N2,Bridge end,31046,31046
1500,Bridge end (LRP063B),bridge,N2,Bridge end,31046,31046
1501,Sylhet 167 km (LRP064),link,N2,Sylhet 167 km,31046,31046
1508,Box culvert (LRP066A),bridge,N2,Box culvert,31046,31046
1510,Bridge start (LRP067A),bridge,N2,Bridge start,31046,31046
1511,Bridge end (LRP067B),bridge,N2,Bridge end,31046,31046
1514,Box culvert (LRP068A),bridge,N2,Box culvert,31046,31046
1515,Box culvert (LRP068B),bridge,N2,Box culvert,31046,31046
1516,Sylhet 162 km (LRP069),link,N2,Sylhet 162 km,31046,31046
1527,Km post missing (LRP072),link,N2,Km post missing,31046,31046
1528,Box Culvert (LRP072A),bridge,N2,Box Culvert,31046,31046
1494,Box culvert (LRP061A),bridge,N2,Box culvert,31045,31045
1495,Sylhet 169 km (LRP062),link,N2,Sylhet 169 km,31045,31045
1498,Sylhet 168 km (LRP063),link,N2,Sylhet 168 km,31045,31045
1499,Bridge start (LRP063A),bridge,N2,Bridge start,31045,31045
1517,Bridge start (LRP069A),bridge,N2,Bridge start,31045,31045
1518,Bridge end/ Start of Kishoreganj road Division / Bridge end/ Start of Kishoreganj road Division (LRP069B),bridge,N2,Bridge end/ Start of Kishoreganj road Division / Bridge end/ Start of Kishoreganj road Division,31045,31045
1521,Bridge end (LRP070B),bridge,N2,Bridge end,31045,31045
1526,Start of Narsingdi road Division / Start of Narsingdi road Division (LRP071B),link,N2,Start of Narsingdi road Division / Start of Narsingdi road Division,31045,31045
1491,Bridge end (LRP060B),bridge,N2,Bridge end,31044,31044
1492,Box culvert (LRP060C),bridge,N2,Box culvert,31044,31044
1502,Box culvert (LRP064A),bridge,N2,Box culvert,31044,31044
1503,Z2032 to Belabo (LRP064B),link,N2,Z2032 to Belabo,31044,31044
1519,Km post missing (LRP070),link,N2,Km post missing,31044,31044
1520,Bridge start (LRP070A),bridge,N2,Bridge start,31044,31044
1522,Box culvert (LRP070C),bridge,N2,Box culvert,31044,31044
1523,Box culvert (LRP070D),bridge,N2,Box culvert,31044,31044
1524,Km post missing (LRP071),link,N2,Km post missing,31044,31044
1496,Bridge start (LRP062A),bridge,N2,Bridge start,31043,31043
1504,Bridge start (LRP064C),bridge,N2,Bridge start,31043,31043
1505,Bridge end (LRP064D),bridge,N2,Bridge end,31043,31043
1493,Sylhet 170 km (LRP061),link,N2,Sylhet 170 km,31042,31042
1582,Bridge end (LRP091B),bridge,N2,Bridge end,28558,28558
1579,Bridge end (LRP090B),bridge,N2,Bridge end,28557,28557
1580,Sylhet 141 km (LRP091),link,N2,Sylhet 141 km,28557,28557
1581,Bridge start (LRP091A),bridge,N2,Bridge start,28557,28557
1577,Sylhet 142 km (LRP090),link,N2,Sylhet 142 km,28554,28554
1578,Bridge start (LRP090A),bridge,N2,Bridge start,28554,28554
1588,Box culvert (LRP093A),bridge,N2,Box culvert,28553,28553
1569,Road to Nasimagar(R220) (LRP087A),link,N2,Road to Nasimagar(R220),28552,28552
1572,Sylhet 144 km (LRP088),link,N2,Sylhet 144 km,28552,28552
1574,Sylhet 143 km (LRP089),link,N2,Sylhet 143 km,28552,28552
1583,Sylhet 140 km (LRP092),link,N2,Sylhet 140 km,28552,28552
1584,Box culvert (LRP092A),bridge,N2,Box culvert,28552,28552
1586,Bridge end (LRP092C),bridge,N2,Bridge end,28552,28552
1587,Sylhet 139 km (LRP093),link,N2,Sylhet 139 km,28552,28552
1568,Km post missing (LRP087),link,N2,Km post missing,28551,28551
1573,Box culvert (LRP088A),bridge,N2,Box culvert,28551,28551
1575,Bridge start (LRP089A),bridge,N2,Bridge start,28551,28551
1576,Bridge end (LRP089B),bridge,N2,Bridge end,28551,28551
1591,Bridge end (LRP094B),bridge,N2,Bridge end,28551,28551
1592,Bridge start (LRP094C),bridge,N2,Bridge start,28551,28551
1593,Bridge end (LRP094D),bridge,N2,Bridge end,28551,28551
1589,Sylhet 138 km (LRP094),link,N2,Sylhet 138 km,28550,28550
1590,Bridge start (LRP094A),bridge,N2,Bridge start,28550,28550
1594,Km post missing (LRP095),link,N2,Km post missing,28550,28550
1570,Bridge start (LRP087B),bridge,N2,Bridge start,28549,28549
1571,Bridge end (LRP087C),bridge,N2,Bridge end,28549,28549
1585,Bridge start (LRP092B),bridge,N2,Bridge start,28549,28549
1604,Bridge end (LRP098B),bridge,N2,Bridge end,28548,28548
1595,Box culvert (LRP095A),bridge,N2,Box culvert,28547,28547
1596,Sylhet 136 km (LRP096),link,N2,Sylhet 136 km,28547,28547
1597,Box culvert (LRP096A),bridge,N2,Box culvert,28547,28547
1598,Sylhet 135 km (LRP097),link,N2,Sylhet 135 km,28547,28547
1599,Box culvert (LRP097A),bridge,N2,Box culvert,28547,28547
1600,Bridge start (LRP097B),bridge,N2,Bridge start,28546,28546
1601,Bridge end (LRP097C),bridge,N2,Bridge end,28546,28546
1602,Km post missing (LRP098),link,N2,Km post missing,28546,28546
1603,Bridge start (LRP098A),bridge,N2,Bridge start,28546,28546
1608,Sylhet 132 km (LRP100),link,N2,Sylhet 132 km,28546,28546
1605,Km post missing (LRP099),link,N2,Km post missing,28545,28545
1606,Bridge start (LRP099A),bridge,N2,Bridge start,28545,28545
1607,Bridge end (LRP099B),bridge,N2,Bridge end,28545,28545
1610,Sylhet 131 km (LRP101),link,N2,Sylhet 131 km,28544,28544
1612,Bridge end (LRP101B),bridge,N2,Bridge end,28544,28544
1613,Sylhet 130 km (LRP102),link,N2,Sylhet 130 km,28544,28544
1614,Box culvert (LRP102A),bridge,N2,Box culvert,28544,28544
1615,Box culvert (LRP102B),bridge,N2,Box culvert,28544,28544
1616,Sylhet 129 km (LRP103),link,N2,Sylhet 129 km,28544,28544
1609,Box culvert (LRP100A),bridge,N2,Box culvert,28543,28543
1617,Box culvert (LRP103A),bridge,N2,Box culvert,28542,28542
1618,Sylhet 128 km (LRP104),link,N2,Sylhet 128 km,28542,28542
1652,Bridge end (LRP116B),bridge,N2,Bridge end,28542,28542
1611,Bridge start (LRP101A),bridge,N2,Bridge start,28541,28541
1619,Box culvert (LRP104A),bridge,N2,Box culvert,28541,28541
1620,Box culvert (LRP104B),bridge,N2,Box culvert,28541,28541
1621,Sylhet 127 km (LRP105),link,N2,Sylhet 127 km,28541,28541
1623,Km post missing (LRP106),link,N2,Km post missing,28541,28541
1644,Sylhet 118 km (LRP114),link,N2,Sylhet 118 km,28541,28541
1650,Sylhet 116 km (LRP116),link,N2,Sylhet 116 km,28541,28541
1622,Box culvert (LRP105A),bridge,N2,Box culvert,28540,28540
1643,Bridge end (LRP113B),bridge,N2,Bridge end,28540,28540
1646,Bridge end (LRP114B),bridge,N2,Bridge end,28540,28540
1653,Sylhet 115 km (LRP117),link,N2,Sylhet 115 km,28540,28540
1654,Box culvert (LRP117A),bridge,N2,Box culvert,28540,28540
1655,Road to Chunarughat(N204) (LRP117B),link,N2,Road to Chunarughat(N204),28540,28540
1641,Sylhet 119 km (LRP113),link,N2,Sylhet 119 km,28539,28539
1651,Bridge start (LRP116A),bridge,N2,Bridge start,28539,28539
1628,Information missing (LRP108),link,N2,Information missing,28538,28538
1633,Sylhet 122 km (LRP110),link,N2,Sylhet 122 km,28538,28538
1635,Bridge end (LRP110B),bridge,N2,Bridge end,28538,28538
1645,Bridge start (LRP114A),bridge,N2,Bridge start,28538,28538
1624,Box culvert (LRP106A),bridge,N2,Box culvert,28537,28537
1632,Box culvert (LRP109A),bridge,N2,Box culvert,28537,28537
1634,Bridge start (LRP110A),bridge,N2,Bridge start,28537,28537
1636,Sylhet 121 km (LRP111),link,N2,Sylhet 121 km,28537,28537
1642,Bridge start (LRP113A),bridge,N2,Bridge start,28537,28537
1647,Sylhet 117 km (LRP115),link,N2,Sylhet 117 km,28537,28537
1648,Bridge start (LRP115A),bridge,N2,Bridge start,28537,28537
1649,Bridge end (LRP115B),bridge,N2,Bridge end,28537,28537
1625,Sylhet 125 km (LRP107),link,N2,Sylhet 125 km,28536,28536
1629,Bridge start/ Start of Habiganj road Division / Bridge start/ Start of Habiganj road Division (LRP108A),bridge,N2,Bridge start/ Start of Habiganj road Division / Bridge start/ Start of Habiganj road Division,28536,28536
1630,Bridge end (LRP108B),bridge,N2,Bridge end,28536,28536
1631,Km post missing (LRP109),link,N2,Km post missing,28536,28536
1639,Sylhet 120 km (LRP112),link,N2,Sylhet 120 km,28536,28536
1640,Box culvert (LRP112A),bridge,N2,Box culvert,28536,28536
1626,Box culvert (LRP107A),bridge,N2,Box culvert,28535,28535
1637,Bridge start (LRP111A),bridge,N2,Bridge start,28535,28535
1638,Bridge end (LRP111B),bridge,N2,Bridge end,28535,28535
1627,Box culvert (LRP107B),bridge,N2,Box culvert,28533,28533
1739,Box culvert (LRP139B),bridge,N2,Box culvert,27404,27404
1738,Box culvert (LRP139A),bridge,N2,Box culvert,27403,27403
1741,Sylhet 92 km (LRP140),link,N2,Sylhet 92 km,27403,27403
1740,Box culvert (LRP139C),bridge,N2,Box culvert,27402,27402
1742,Box culvert (LRP140A),bridge,N2,Box culvert,27401,27401
1728,Sylhet 97 km (LRP135),link,N2,Sylhet 97 km,27400,27400
1732,Box culvert (LRP136B),bridge,N2,Box culvert,27400,27400
1736,Box culvert (LRP138A),bridge,N2,Box culvert,27400,27400
1729,Box culvert (LRP135A),bridge,N2,Box culvert,27399,27399
1730,Sylhet 96 km (LRP136),link,N2,Sylhet 96 km,27399,27399
1731,R221 (LRP136A),link,N2,R221,27399,27399
1735,Sylhet 94 km (LRP138),link,N2,Sylhet 94 km,27399,27399
1737,Sylhet 93 km (LRP139),link,N2,Sylhet 93 km,27399,27399
1688,Box culvert (LRP125A),bridge,N2,Box culvert,27398,27398
1733,Sylhet 95 km (LRP137),link,N2,Sylhet 95 km,27398,27398
1734,Box culvert (LRP137A),bridge,N2,Box culvert,27398,27398
1744,Sylhet 91 km (LRP141),link,N2,Sylhet 91 km,27398,27398
1743,Box culvert (LRP140B),bridge,N2,Box culvert,27397,27397
1745,Box culvert (LRP141A),bridge,N2,Box culvert,27397,27397
1746,Sylhet 90 km (LRP142),link,N2,Sylhet 90 km,27397,27397
1747,Box culvert (LRP142A),bridge,N2,Box culvert,27397,27397
1748,R240 to Habiganj / N204 to Chunarughat (LRP142B),link,N2,R240 to Habiganj / N204 to Chunarughat,27397,27397
1691,Box culvert (LRP125D),bridge,N2,Box culvert,27395,27395
1692,Sylhet 106 km (LRP126),link,N2,Sylhet 106 km,27395,27395
1702,Box culvert (LRP128A),bridge,N2,Box culvert,27395,27395
1703,Box culvert (LRP128B),bridge,N2,Box culvert,27395,27395
1724,Bridge end (LRP134B),bridge,N2,Bridge end,27395,27395
1725,Box culvert (LRP134C),bridge,N2,Box culvert,27395,27395
1726,Box culvert (LRP134D),bridge,N2,Box culvert,27395,27395
1727,Box culvert (LRP134E),bridge,N2,Box culvert,27395,27395
1689,Box culvert (LRP125B),bridge,N2,Box culvert,27394,27394
1690,Box culvert (LRP125C),bridge,N2,Box culvert,27394,27394
1693,Box culvert (LRP126A),bridge,N2,Box culvert,27394,27394
1701,Sylhet 104 km (LRP128),link,N2,Sylhet 104 km,27394,27394
1710,Box culvert (LRP130B),bridge,N2,Box culvert,27394,27394
1713,Sylhet 101 km (LRP131),link,N2,Sylhet 101 km,27394,27394
1714,Box culvert (LRP131A),bridge,N2,Box culvert,27394,27394
1715,Box culvert (LRP131B),bridge,N2,Box culvert,27394,27394
1717,Rail Road Crossing (LRP132A),link,N2,Rail Road Crossing,27394,27394
1718,Box culvert (LRP132B),bridge,N2,Box culvert,27394,27394
1721,Box culvert (LRP133A),bridge,N2,Box culvert,27394,27394
1694,Box culvert (LRP126B),bridge,N2,Box culvert,27393,27393
1699,Box culvert (LRP127B),bridge,N2,Box culvert,27393,27393
1700,Box culvert (LRP127C),bridge,N2,Box culvert,27393,27393
1704,Sylhet 103 km (LRP129),link,N2,Sylhet 103 km,27393,27393
1705,Box culvert (LRP129A),bridge,N2,Box culvert,27393,27393
1707,Box culvert (LRP129C),bridge,N2,Box culvert,27393,27393
1711,Box culvert (LRP130C),bridge,N2,Box culvert,27393,27393
1712,Box culvert (LRP130D),bridge,N2,Box culvert,27393,27393
1716,Sylhet 100 km (LRP132),link,N2,Sylhet 100 km,27393,27393
1719,Box culvert (LRP132C),bridge,N2,Box culvert,27393,27393
1720,Sylhet 99 km (LRP133),link,N2,Sylhet 99 km,27393,27393
1722,Sylhet 98 km (LRP134),link,N2,Sylhet 98 km,27393,27393
1723,Bridge start (LRP134A),bridge,N2,Bridge start,27393,27393
1682,Sylhet 108 km (LRP124),link,N2,Sylhet 108 km,27392,27392
1684,Box culvert (LRP124B),bridge,N2,Box culvert,27392,27392
1686,Bridge end (LRP124D),bridge,N2,Bridge end,27392,27392
1687,Sylhet 107 km (LRP125),link,N2,Sylhet 107 km,27392,27392
1698,Box culvert (LRP127A),bridge,N2,Box culvert,27392,27392
1708,Sylhet 102 km (LRP130),link,N2,Sylhet 102 km,27392,27392
1709,Box culvert (LRP130A),bridge,N2,Box culvert,27392,27392
1680,Box culvert (LRP123B),bridge,N2,Box culvert,27391,27391
1681,Box culvert (LRP123C),bridge,N2,Box culvert,27391,27391
1683,Box culvert (LRP124A),bridge,N2,Box culvert,27391,27391
1685,Bridge start (LRP124C),bridge,N2,Bridge start,27391,27391
1695,Box culvert (LRP126C),bridge,N2,Box culvert,27391,27391
1696,Box culvert (LRP126D),bridge,N2,Box culvert,27391,27391
1697,Sylhet 105 km (LRP127),link,N2,Sylhet 105 km,27391,27391
1706,Box culvert (LRP129B),bridge,N2,Box culvert,27391,27391
1660,Box culvert (LRP118A),bridge,N2,Box culvert,27390,27390
1662,Box culvert (LRP118C),bridge,N2,Box culvert,27390,27390
1666,Box culvert (LRP119B),bridge,N2,Box culvert,27390,27390
1667,Box culvert (LRP119C),bridge,N2,Box culvert,27390,27390
1668,Box culvert (LRP119D),bridge,N2,Box culvert,27390,27390
1679,Box culvert (LRP123A),bridge,N2,Box culvert,27390,27390
1656,Box culvert (LRP117C),bridge,N2,Box culvert,27389,27389
1657,Box culvert (LRP117D),bridge,N2,Box culvert,27389,27389
1658,Box culvert (LRP117E),bridge,N2,Box culvert,27389,27389
1659,Sylhet 114 km (LRP118),link,N2,Sylhet 114 km,27389,27389
1661,Box culvert (LRP118B),bridge,N2,Box culvert,27389,27389
1663,Box culvert (LRP118D),bridge,N2,Box culvert,27389,27389
1664,Km post missing (LRP119),link,N2,Km post missing,27389,27389
1665,Box culvert (LRP119A),bridge,N2,Box culvert,27389,27389
1674,Box culvert (LRP121A),bridge,N2,Box culvert,27389,27389
1675,Sylhet 110 km (LRP122),link,N2,Sylhet 110 km,27389,27389
1676,Box culvert (LRP122A),bridge,N2,Box culvert,27389,27389
1677,Box culvert (LRP122B),bridge,N2,Box culvert,27389,27389
1678,Sylhet 109 km (LRP123),link,N2,Sylhet 109 km,27389,27389
1669,Sylhet 112 km (LRP120),link,N2,Sylhet 112 km,27388,27388
1670,Box culvert (LRP120A),bridge,N2,Box culvert,27388,27388
1671,Box culvert (LRP120B),bridge,N2,Box culvert,27388,27388
1673,Sylhet 111 km (LRP121),link,N2,Sylhet 111 km,27388,27388
1672,Box culvert (LRP120C),bridge,N2,Box culvert,27387,27387
335,Intersection with N104 / Km post missing (LRP148A),link,N1,Intersection with N104 / Km post missing,27336,27336
334,Km post missing (LRP148),link,N1,Km post missing,27334,27334
321,Road to Karerhat (Z1031) (LRP142A),link,N1,Road to Karerhat (Z1031),27333,27333
244,Km post missing (LRP112),link,N1,Km post missing,27332,27332
322,Ctg 102 km (LRP143),link,N1,Ctg 102 km,27332,27332
332,Box culvert (LRP147A),bridge,N1,Box culvert,27332,27332
245,Box culvert (LRP112A),bridge,N1,Box culvert,27331,27331
309,Km post missing (LRP138),link,N1,Km post missing,27331,27331
312,Box culvertt (LRP139A),bridge,N1,Box culvertt,27331,27331
313,Bridge start (LRP139B),bridge,N1,Bridge start,27331,27331
314,Bridge end (LRP139C),bridge,N1,Bridge end,27331,27331
316,Box culvert (LRP140A),bridge,N1,Box culvert,27331,27331
318,Start of Feni road Division / Start of Feni road Division (LRP141A),link,N1,Start of Feni road Division / Start of Feni road Division,27331,27331
319,Box Culvert (LRP141B),bridge,N1,Box Culvert,27331,27331
320,Ctg 103 km (LRP142),link,N1,Ctg 103 km,27331,27331
330,Road to Biroli (Z1030) (LRP146A),link,N1,Road to Biroli (Z1030),27331,27331
331,"Ctg 98 km,Feni 2 km (LRP147)",link,N1,"Ctg 98 km,Feni 2 km",27331,27331
333,Box culvert (LRP147B),bridge,N1,Box culvert,27331,27331
251,Km post missing (LRP115),link,N1,Km post missing,27330,27330
253,Km post missing (LRP116),link,N1,Km post missing,27330,27330
259,Box culvert (LRP118A),bridge,N1,Box culvert,27330,27330
284,Box culvert (LRP127A),bridge,N1,Box culvert,27330,27330
285,Ctg 133 km (LRP128),link,N1,Ctg 133 km,27330,27330
315,Ctg 122 km (LRP140),link,N1,Ctg 122 km,27330,27330
240,Km post missing (LRP111),link,N1,Km post missing,27329,27329
241,Bridge start (LRP111A),bridge,N1,Bridge start,27329,27329
242,Bridge end (LRP111B),bridge,N1,Bridge end,27329,27329
243,Box culvert (LRP111C),bridge,N1,Box culvert,27329,27329
246,Km post missing (LRP113),link,N1,Km post missing,27329,27329
248,Bridge end (LRP113B),bridge,N1,Bridge end,27329,27329
250,Box culvert (LRP114A),bridge,N1,Box culvert,27329,27329
252,Box culvert (LRP115A),bridge,N1,Box culvert,27329,27329
270,Box culvert (LRP121B),bridge,N1,Box culvert,27329,27329
272,Road to Bangadda (Z1045) (LRP122A),link,N1,Road to Bangadda (Z1045),27329,27329
310,Box culvert (LRP138A),bridge,N1,Box culvert,27329,27329
311,Km post missing (LRP139),link,N1,Km post missing,27329,27329
323,Z1031 (LRP143A),link,N1,Z1031,27329,27329
327,Km post missing (LRP145),link,N1,Km post missing,27329,27329
236,Km post missing (LRP109),link,N1,Km post missing,27328,27328
239,Bridge end (LRP110B),bridge,N1,Bridge end,27328,27328
247,Bridge start (LRP113A),bridge,N1,Bridge start,27328,27328
249,Km post missing (LRP114),link,N1,Km post missing,27328,27328
257,Box culvert (LRP117C),bridge,N1,Box culvert,27328,27328
258,Km post missing (LRP118),link,N1,Km post missing,27328,27328
266,Box culvert (LRP120A),bridge,N1,Box culvert,27328,27328
268,Km post missing (LRP121),link,N1,Km post missing,27328,27328
271,Km post missing (LRP122),link,N1,Km post missing,27328,27328
274,Km post missing (LRP123),link,N1,Km post missing,27328,27328
288,Km post missing (LRP129),link,N1,Km post missing,27328,27328
307,Box culvert (LRP137A),bridge,N1,Box culvert,27328,27328
308,Box culvert (LRP137B),bridge,N1,Box culvert,27328,27328
317,Km post missing (LRP141),link,N1,Km post missing,27328,27328
328,Box culvert (LRP145A),bridge,N1,Box culvert,27328,27328
329,"Ctg 99 km,Feni 3 km (LRP146)",link,N1,"Ctg 99 km,Feni 3 km",27328,27328
211,Box culvert (LRP098A),bridge,N1,Box culvert,27327,27327
215,Km post missing (LRP100),link,N1,Km post missing,27327,27327
223,Km post missing (LRP103),link,N1,Km post missing,27327,27327
231,Km post missing (LRP107),link,N1,Km post missing,27327,27327
263,Bridge end (LRP119C),bridge,N1,Bridge end,27327,27327
265,Km post missing (LRP120),link,N1,Km post missing,27327,27327
267,Box culvert (LRP120B),bridge,N1,Box culvert,27327,27327
283,Km post missing (LRP127),link,N1,Km post missing,27327,27327
286,Bridge start (LRP128A),bridge,N1,Bridge start,27327,27327
287,Bridge end (LRP128B),bridge,N1,Bridge end,27327,27327
302,"Ctg 127 km,Feni 16 km (LRP135)",link,N1,"Ctg 127 km,Feni 16 km",27327,27327
214,Bridge end (LRP099B),bridge,N1,Bridge end,27326,27326
254,Km post missing (LRP117),link,N1,Km post missing,27326,27326
255,Box culvert (LRP117A),bridge,N1,Box culvert,27326,27326
256,Box culvert (LRP117B),bridge,N1,Box culvert,27326,27326
260,Km post missing (LRP119),link,N1,Km post missing,27326,27326
261,Box culvert (LRP119A),bridge,N1,Box culvert,27326,27326
264,Box culvert (LRP119D),bridge,N1,Box culvert,27326,27326
269,Box culvert (LRP121A),bridge,N1,Box culvert,27326,27326
273,Box culvert (LRP122B),bridge,N1,Box culvert,27326,27326
278,Km post missing (LRP125),link,N1,Km post missing,27326,27326
280,Km post missing (LRP126),link,N1,Km post missing,27326,27326
281,Bridge start (LRP126A),bridge,N1,Bridge start,27326,27326
282,Bridge end (LRP126B),bridge,N1,Bridge end,27326,27326
289,Box culvert (LRP129A),bridge,N1,Box culvert,27326,27326
326,Rail Road Crossing (LRP144B),link,N1,Rail Road Crossing,27326,27326
217,Box culvert (LRP101A),bridge,N1,Box culvert,27325,27325
220,Km post missing (LRP102),link,N1,Km post missing,27325,27325
225,Box culvert (LRP104A),bridge,N1,Box culvert,27325,27325
229,Km post missing (LRP106),link,N1,Km post missing,27325,27325
232,Km post missing (LRP108),link,N1,Km post missing,27325,27325
237,Km post missing (LRP110),link,N1,Km post missing,27325,27325
238,Bridge start (LRP110A),bridge,N1,Bridge start,27325,27325
262,Bridge start (LRP119B),bridge,N1,Bridge start,27325,27325
290,Km post missing (LRP130),link,N1,Km post missing,27325,27325
324,Ctg 101 km (LRP144),link,N1,Ctg 101 km,27325,27325
197,Ctg 170 km (LRP091),link,N1,Ctg 170 km,27324,27324
208,Km post missing (LRP096),link,N1,Km post missing,27324,27324
209,Ctg 164 km (LRP097),link,N1,Ctg 164 km,27324,27324
216,Km post missing (LRP101),link,N1,Km post missing,27324,27324
221,Bridge start (LRP102A),bridge,N1,Bridge start,27324,27324
222,Bridge end (LRP102B),bridge,N1,Bridge end,27324,27324
224,Km post missing (LRP104),link,N1,Km post missing,27324,27324
228,Bridge end (LRP105B),bridge,N1,Bridge end,27324,27324
230,Box culvert (LRP106A),bridge,N1,Box culvert,27324,27324
235,Road to Harishchar (Z1046) (LRP108C),link,N1,Road to Harishchar (Z1046),27324,27324
275,Box culvert (LRP123A),bridge,N1,Box culvert,27324,27324
276,Km post missing (LRP124),link,N1,Km post missing,27324,27324
277,Box culvert (LRP124A),bridge,N1,Box culvert,27324,27324
279,Box culvert (LRP125A),bridge,N1,Box culvert,27324,27324
296,Box culvert (LRP132A),bridge,N1,Box culvert,27324,27324
299,Box culvert (LRP133B),bridge,N1,Box culvert,27324,27324
300,Km post missing (LRP134),link,N1,Km post missing,27324,27324
301,Box culvert (LRP134A),bridge,N1,Box culvert,27324,27324
325,Box culvert (LRP144A),bridge,N1,Box culvert,27324,27324
196,Km post missing (LRP090),link,N1,Km post missing,27323,27323
210,Ctg 163 km (LRP098),link,N1,Ctg 163 km,27323,27323
212,Ctg 162 km (LRP099),link,N1,Ctg 162 km,27323,27323
213,Bridge start (LRP099A),bridge,N1,Bridge start,27323,27323
226,"Ctg 156 km,Feni 43 km (LRP105)",link,N1,"Ctg 156 km,Feni 43 km",27323,27323
233,Bridge start (LRP108A),bridge,N1,Bridge start,27323,27323
234,Bridge end (LRP108B),bridge,N1,Bridge end,27323,27323
291,Road to Nangolhat (Z1048) (LRP130A),link,N1,Road to Nangolhat (Z1048),27323,27323
292,Box culvert (LRP130B),bridge,N1,Box culvert,27323,27323
294,Box culvert (LRP131A),bridge,N1,Box culvert,27323,27323
295,Km post missing (LRP132),link,N1,Km post missing,27323,27323
297,Km post missing (LRP133),link,N1,Km post missing,27323,27323
298,Box culvert (LRP133A),bridge,N1,Box culvert,27323,27323
305,Box culvert (LRP136B),bridge,N1,Box culvert,27323,27323
198,Km post missing (LRP092),link,N1,Km post missing,27322,27322
227,Bridge start (LRP105A),bridge,N1,Bridge start,27322,27322
293,Km post missing (LRP131),link,N1,Km post missing,27322,27322
304,Box culvert (LRP136A),bridge,N1,Box culvert,27322,27322
306,Km post missing (LRP137),link,N1,Km post missing,27322,27322
202,Rail Road Crossing (LRP093C),link,N1,Rail Road Crossing,27321,27321
218,Box culvert (LRP101B),bridge,N1,Box culvert,27321,27321
219,Box culvert (LRP101C),bridge,N1,Box culvert,27321,27321
199,Ctg 168 km (LRP093),link,N1,Ctg 168 km,27320,27320
200,Bridge start (LRP093A),bridge,N1,Bridge start,27320,27320
201,Bridge end (LRP093B),bridge,N1,Bridge end,27320,27320
207,Bridge end (LRP095B),bridge,N1,Bridge end,27320,27320
303,Km post missing (LRP136),link,N1,Km post missing,27320,27320
186,Box culvert (LRP084B),bridge,N1,Box culvert,27319,27319
187,Km post missing (LRP085),link,N1,Km post missing,27319,27319
188,Km post missing (LRP086),link,N1,Km post missing,27319,27319
195,Cross Road with Z1052 (LRP089C),link,N1,Cross Road with Z1052,27319,27319
205,"Ctg 66 km,Feni 52 km (LRP095)",link,N1,"Ctg 66 km,Feni 52 km",27319,27319
31,Km post missing (LRP014),link,N1,Km post missing,27318,27318
189,Km post missing (LRP087),link,N1,Km post missing,27318,27318
192,Km post missing (LRP089),link,N1,Km post missing,27318,27318
204,Left to Comilla Right to Noakhali (LRP094A),link,N1,Left to Comilla Right to Noakhali,27318,27318
206,Bridge start (LRP095A),bridge,N1,Bridge start,27318,27318
30,Box culvert (LRP013A),bridge,N1,Box culvert,27317,27317
193,Bridge start (LRP089A),bridge,N1,Bridge start,27317,27317
194,Bridge end (LRP089B),bridge,N1,Bridge end,27317,27317
203,Km post missing (LRP094),link,N1,Km post missing,27317,27317
29,"Ctg 247 km,Comilla 80 km (LRP013)",link,N1,"Ctg 247 km,Comilla 80 km",27316,27316
191,Cross road Z1029 (LRP088A),link,N1,Cross road Z1029,27316,27316
33,Box culvert (LRP015A),bridge,N1,Box culvert,27315,27315
190,Km post missing (LRP088),link,N1,Km post missing,27315,27315
32,Km post missing (LRP015),link,N1,Km post missing,27314,27314
34,Km post missing (LRP016),link,N1,Km post missing,27313,27313
35,Road to MinanbariZ1061) (LRP016A),link,N1,Road to MinanbariZ1061),27313,27313
53,Km post missing (LRP021),link,N1,Km post missing,27312,27312
50,Left to Sonargaon (Z1089) Right to Morgrapara ( Z1066) (LRP020A),link,N1,Left to Sonargaon (Z1089) Right to Morgrapara ( Z1066),27311,27311
36,Langalbandhu bridge (LRP016B),bridge,N1,Langalbandhu bridge,27310,27310
37,Bridge end (LRP016C),bridge,N1,Bridge end,27310,27310
38,Km post missing (LRP017),link,N1,Km post missing,27310,27310
45,Bridge end (LRP018B),bridge,N1,Bridge end,27310,27310
46,Km post missing (LRP019),link,N1,Km post missing,27310,27310
47,Box culvert (LRP019A),bridge,N1,Box culvert,27310,27310
49,Km post missing (LRP020),link,N1,Km post missing,27310,27310
51,Bridge start (LRP020B),bridge,N1,Bridge start,27310,27310
52,Bridge end (LRP020C),bridge,N1,Bridge end,27310,27310
48,Box culvert (LRP019B),bridge,N1,Box culvert,27309,27309
39,Bridge start (LRP017A),bridge,N1,Bridge start,27308,27308
40,Bridge end (LRP017B),bridge,N1,Bridge end,27308,27308
42,Bridge end (LRP017D),bridge,N1,Bridge end,27308,27308
43,Km post missing (LRP018),link,N1,Km post missing,27308,27308
44,Bridge start (LRP018A),bridge,N1,Bridge start,27308,27308
54,Box culvert (LRP021A),bridge,N1,Box culvert,27308,27308
41,Bridge start (LRP017C),bridge,N1,Bridge start,27307,27307
64,Km post missing (LRP025),link,N1,Km post missing,27306,27306
55,"Ctg 238 km,Comilla 71 km (LRP022)",link,N1,"Ctg 238 km,Comilla 71 km",27305,27305
56,Bridge start (LRP022A),bridge,N1,Bridge start,27305,27305
57,Bridge end (LRP022B),bridge,N1,Bridge end,27305,27305
58,Bridge start (LRP022C),bridge,N1,Bridge start,27305,27305
59,Bridge end (LRP022D),bridge,N1,Bridge end,27305,27305
60,Km post missing (LRP023),link,N1,Km post missing,27305,27305
65,Km post missing (LRP026),link,N1,Km post missing,27305,27305
66,Box culvert (LRP026A),bridge,N1,Box culvert,27305,27305
67,Box culvert (LRP026B),bridge,N1,Box culvert,27305,27305
74,Information missing (LRP029),link,N1,Information missing,27305,27305
76,Bridge end (LRP029B),bridge,N1,Bridge end,27305,27305
77,Km post missing (LRP030),link,N1,Km post missing,27305,27305
62,Km post missing (LRP024),link,N1,Km post missing,27304,27304
63,Bridge end (LRP024A),bridge,N1,Bridge end,27304,27304
68,Km post missing (LRP027),link,N1,Km post missing,27304,27304
73,Bridge end (LRP028C),bridge,N1,Bridge end,27304,27304
75,Bridge start (LRP029A),bridge,N1,Bridge start,27304,27304
78,Bridge start (LRP030A),bridge,N1,Bridge start,27304,27304
79,Bridge end (LRP030B),bridge,N1,Bridge end,27304,27304
83,Road to Gazara (Z1063) (LRP031A),link,N1,Road to Gazara (Z1063),27304,27304
61,Meghna  bridge (LRP023A),bridge,N1,Meghna  bridge,27303,27303
71,Bridge end (LRP028A),bridge,N1,Bridge end,27303,27303
72,Bridge start (LRP028B),bridge,N1,Bridge start,27303,27303
80,Bridge start (LRP030C),bridge,N1,Bridge start,27303,27303
81,Bridge end (LRP030D),bridge,N1,Bridge end,27303,27303
82,"Ctg 229 km,Comilla 62 km (LRP031)",link,N1,"Ctg 229 km,Comilla 62 km",27303,27303
85,Bridge end (LRP031C),bridge,N1,Bridge end,27303,27303
86,"Ctg 228 km,Comilla 61 km (LRP032)",link,N1,"Ctg 228 km,Comilla 61 km",27303,27303
87,Box culvert (LRP032A),bridge,N1,Box culvert,27303,27303
113,Km post broken (LRP043),link,N1,Km post broken,27303,27303
69,Bridge start (LRP027A),bridge,N1,Bridge start,27302,27302
70,Km post missing (LRP028),link,N1,Km post missing,27302,27302
88,"Ctg 227 km,Comilla 60 km (LRP033)",link,N1,"Ctg 227 km,Comilla 60 km",27302,27302
84,Bridge start (LRP031B),bridge,N1,Bridge start,27301,27301
99,Km post missing (LRP037),link,N1,Km post missing,27301,27301
102,Start of Comilla road Division / Start of Comilla road Division (LRP038B),link,N1,Start of Comilla road Division / Start of Comilla road Division,27301,27301
89,Bridge start (LRP033A),bridge,N1,Bridge start,27300,27300
90,Bridge end (LRP033B),bridge,N1,Bridge end,27300,27300
110,Ctg 214 km (LRP042),link,N1,Ctg 214 km,27300,27300
114,Km post Missing (LRP044),link,N1,Km post Missing,27300,27300
91,Box culvert (LRP033C),bridge,N1,Box culvert,27299,27299
103,Road to Matlab (Z1062) (LRP038C),link,N1,Road to Matlab (Z1062),27299,27299
104,Bridge start (LRP038D),bridge,N1,Bridge start,27299,27299
105,Bridge end (LRP038E),bridge,N1,Bridge end,27299,27299
106,Km post missing (LRP039),link,N1,Km post missing,27299,27299
108,Km post missing (LRP040),link,N1,Km post missing,27299,27299
92,Km post missing (LRP034),link,N1,Km post missing,27298,27298
100,Km post missing (LRP038),link,N1,Km post missing,27298,27298
101,Daudkandi bridge (LRP038A),bridge,N1,Daudkandi bridge,27298,27298
107,Box culvert (LRP039A),bridge,N1,Box culvert,27298,27298
109,Km post missing (LRP041),link,N1,Km post missing,27298,27298
112,Bridge end (LRP042B),bridge,N1,Bridge end,27298,27298
111,Bridge start (LRP042A),bridge,N1,Bridge start,27297,27297
119,"Z1053, Road to Homna (LRP046B)",link,N1,"Z1053, Road to Homna",27297,27297
97,Km post missing (LRP036),link,N1,Km post missing,27296,27296
98,Daudkandi bridge (LRP036A),bridge,N1,Daudkandi bridge,27296,27296
116,Box culvert (LRP045A),bridge,N1,Box culvert,27296,27296
117,Km post Missing (LRP046),link,N1,Km post Missing,27296,27296
118,"Z1402, road to Pennai (LRP046A)",link,N1,"Z1402, road to Pennai",27296,27296
120,Box culvert (LRP046C),bridge,N1,Box culvert,27296,27296
121,Km post Missing (LRP047),link,N1,Km post Missing,27296,27296
163,Ctg 188 km (LRP071),link,N1,Ctg 188 km,27296,27296
95,Bridge end (LRP035B),bridge,N1,Bridge end,27295,27295
96,Box culvert (LRP035C),bridge,N1,Box culvert,27295,27295
115,Km post Missing (LRP045),link,N1,Km post Missing,27295,27295
127,Km post Missing (LRP050),link,N1,Km post Missing,27295,27295
162,Road to Jhalam (Z1022) (LRP070B),link,N1,Road to Jhalam (Z1022),27295,27295
164,"Ctg 188 km,Comilla 20 km (LRP072)",link,N1,"Ctg 188 km,Comilla 20 km",27295,27295
165,Bridge start (LRP072A),bridge,N1,Bridge start,27295,27295
166,Bridge end (LRP072B),bridge,N1,Bridge end,27295,27295
167,Ctg 187 km (LRP073),link,N1,Ctg 187 km,27295,27295
93,Km post missing (LRP035),link,N1,Km post missing,27294,27294
94,Bridge start (LRP035A),bridge,N1,Bridge start,27294,27294
125,Bridge end (LRP048B),bridge,N1,Bridge end,27294,27294
129,Bridge end (LRP050B),bridge,N1,Bridge end,27294,27294
130,Km post Missing (LRP051),link,N1,Km post Missing,27294,27294
168,Km post missing (LRP074),link,N1,Km post missing,27294,27294
126,Km post Missing (LRP049),link,N1,Km post Missing,27293,27293
128,Bridge start (LRP050A),bridge,N1,Bridge start,27293,27293
157,Km post Missing (LRP068),link,N1,Km post Missing,27293,27293
160,Km post Missing (LRP070),link,N1,Km post Missing,27293,27293
122,Z1044 (LRP047A),link,N1,Z1044,27292,27292
123,Km post Missing (LRP048),link,N1,Km post Missing,27292,27292
124,Bridge start (LRP048A),bridge,N1,Bridge start,27292,27292
141,Km post Missing (LRP058),link,N1,Km post Missing,27292,27292
147,Km post Missing (LRP062),link,N1,Km post Missing,27292,27292
159,Km post Missing (LRP069),link,N1,Km post Missing,27292,27292
169,Km post missing (LRP075),link,N1,Km post missing,27292,27292
161,Road to Debiduar (Z1008) (LRP070A),link,N1,Road to Debiduar (Z1008),27291,27291
143,Km post Missing (LRP059),link,N1,Km post Missing,27290,27290
148,Km post Missing (LRP063),link,N1,Km post Missing,27290,27290
149,"Z1017, Road to Companiganj (LRP063A)",link,N1,"Z1017, Road to Companiganj",27290,27290
132,Box culvert (LRP052A),bridge,N1,Box culvert,27289,27289
133,Km post Missing (LRP053),link,N1,Km post Missing,27289,27289
134,Km post Missing (LRP054),link,N1,Km post Missing,27289,27289
135,Km post Missing (LRP055),link,N1,Km post Missing,27289,27289
142,Box culvert (LRP058A),bridge,N1,Box culvert,27289,27289
151,Box culvert (LRP063C),bridge,N1,Box culvert,27289,27289
153,Km post Missing (LRP065),link,N1,Km post Missing,27289,27289
156,Ctg 191 km (LRP067),link,N1,Ctg 191 km,27289,27289
158,Box culvert (LRP068A),bridge,N1,Box culvert,27289,27289
171,Ctg 184 km (LRP076),link,N1,Ctg 184 km,27289,27289
131,Km post Missing (LRP052),link,N1,Km post Missing,27288,27288
140,Km post Missing (LRP057),link,N1,Km post Missing,27288,27288
144,Km post Missing (LRP060),link,N1,Km post Missing,27288,27288
150,Box culvert (LRP063B),bridge,N1,Box culvert,27288,27288
152,Km post Missing (LRP064),link,N1,Km post Missing,27288,27288
170,Box culvert (LRP075A),bridge,N1,Box culvert,27288,27288
145,Box culvert (LRP060A),bridge,N1,Box culvert,27287,27287
146,Km post Missing (LRP061),link,N1,Km post Missing,27287,27287
154,Km post Missing (LRP066),link,N1,Km post Missing,27286,27286
155,Box culvert (LRP066A),bridge,N1,Box culvert,27286,27286
172,Box culvert (LRP076A),bridge,N1,Box culvert,27286,27286
139,"Z1042, road to Bancharampur (LRP056C)",link,N1,"Z1042, road to Bancharampur",27285,27285
173,Km post missing (LRP077),link,N1,Km post missing,27284,27284
180,Km post missing (LRP082),link,N1,Km post missing,27284,27284
136,Km post Missing (LRP056),link,N1,Km post Missing,27283,27283
137,Bridge start (LRP056A),bridge,N1,Bridge start,27283,27283
138,Bridge end (LRP056B),bridge,N1,Bridge end,27283,27283
174,Road to Khangsanagar (Z1219) left road to Barua Z1028 right (LRP077A),link,N1,Road to Khangsanagar (Z1219) left road to Barua Z1028 right,27283,27283
175,Km post missing (LRP078),link,N1,Km post missing,27283,27283
182,Km post missing (LRP083),link,N1,Km post missing,27283,27283
176,Km post missing (LRP079),link,N1,Km post missing,27282,27282
181,Box culvert (LRP082A),bridge,N1,Box culvert,27282,27282
179,Km post missing (LRP081),link,N1,Km post missing,27281,27281
177,Box culvert (LRP079A),bridge,N1,Box culvert,27280,27280
178,Km post missing (LRP080),link,N1,Km post missing,27280,27280
183,Box culvert (LRP083A),bridge,N1,Box culvert,27280,27280
184,Km post missing (LRP084),link,N1,Km post missing,27280,27280
185,Road to Brahmanbaria(N102) (LRP084A),link,N1,Road to Brahmanbaria(N102),27280,27280
1749,Bridge start (LRP142D),bridge,N2,Bridge start,26381,26381
1750,Bridge end (LRP142E),bridge,N2,Bridge end,26381,26381
1751,Sylhet 89 km (LRP143),link,N2,Sylhet 89 km,26380,26380
1755,Bridge end (LRP144B),bridge,N2,Bridge end,26380,26380
1756,Sylhet 87 km (LRP145),link,N2,Sylhet 87 km,26380,26380
1752,Rail Road Crossing (LRP143A),link,N2,Rail Road Crossing,26379,26379
1757,Box culvert (LRP145A),bridge,N2,Box culvert,26378,26378
1758,Box culvert (LRP145B),bridge,N2,Box culvert,26378,26378
1759,Sylhet 86 km (LRP146),link,N2,Sylhet 86 km,26378,26378
1753,Sylhet 88 km (LRP144),link,N2,Sylhet 88 km,26377,26377
1754,Bridge start (LRP144A),bridge,N2,Bridge start,26377,26377
1760,Box culvert (LRP146A),bridge,N2,Box culvert,26376,26376
1761,Road to Srimongal(N207) (LRP146B),link,N2,Road to Srimongal(N207),26376,26376
3232,Box Culvert (LRP046B),bridge,N105,Box Culvert,25955,25955
3233,Box Culvert (LRP046C),bridge,N105,Box Culvert,25955,25955
3229,Box Culvert (LRP045C),bridge,N105,Box Culvert,25954,25954
3234,Box Culvert (LRP046D),bridge,N105,Box Culvert,25954,25954
3235,"B.Bridge 85 km,Tangail 162 km (LRP047)",bridge,N105,"B.Bridge 85 km,Tangail 162 km",25954,25954
3230,Km post missing (LRP046),link,N105,Km post missing,25953,25953
3231,Dhaka -Mymensingh N3 Road (LRP046A),link,N105,Dhaka -Mymensingh N3 Road,25953,25953
3236,Box culvert (LRP047A),bridge,N105,Box culvert,25953,25953
3237,Box Culvert (LRP047B),bridge,N105,Box Culvert,25953,25953
3225,Box Culvert (LRP044C),bridge,N105,Box Culvert,25951,25951
3226,"B.Bridge 87 km,Tangail 64 km (LRP045)",bridge,N105,"B.Bridge 87 km,Tangail 64 km",25951,25951
3227,Box Culvert (LRP045A),bridge,N105,Box Culvert,25951,25951
3228,Box Culvert (LRP045B),bridge,N105,Box Culvert,25950,25950
3205,"R301, Tongi- Panchhona road (LRP036B)",link,N105,"R301, Tongi- Panchhona road",25948,25948
3222,B.Bridge 88 km (LRP044),bridge,N105,B.Bridge 88 km,25947,25947
3223,Box culvert (LRP044A),bridge,N105,Box culvert,25947,25947
3224,Cros Road Z3008 (LRP044B),link,N105,Cros Road Z3008,25947,25947
3187,Information  missing (LRP030),link,N105,Information  missing,25946,25946
3204,Rail Road Crossing (LRP036A),link,N105,Rail Road Crossing,25946,25946
3186,Box Culvert (LRP029A),bridge,N105,Box Culvert,25945,25945
3188,Km post missing (LRP031),link,N105,Km post missing,25945,25945
3206,Km post missing (LRP037),link,N105,Km post missing,25945,25945
3207,Box culvert (LRP037A),bridge,N105,Box culvert,25945,25945
3209,Box Culvert (LRP037C),bridge,N105,Box Culvert,25945,25945
3210,"Gazipur 13 km,Mymensingh 98 km,Bangabandhu Bridge 94 km (LRP038)",bridge,N105,"Gazipur 13 km,Mymensingh 98 km,Bangabandhu Bridge 94 km",25945,25945
3211,Pipe Culvert (LRP038A),bridge,N105,Pipe Culvert,25945,25945
3220,Box culvert (LRP042B),bridge,N105,Box culvert,25945,25945
3221,Km post missing (LRP043),link,N105,Km post missing,25945,25945
3189,Side Road Left Z3003 (LRP031A),link,N105,Side Road Left Z3003,25944,25944
3208,Box culvert (LRP037B),bridge,N105,Box culvert,25944,25944
3190,Bridge Start (LRP031C),bridge,N105,Bridge Start,25943,25943
3212,"Gazipur 12 km,Tangail 70 km,Bangabandhu bridge 93 km (LRP039)",bridge,N105,"Gazipur 12 km,Tangail 70 km,Bangabandhu bridge 93 km",25943,25943
3213,Box Culvert (LRP039A),bridge,N105,Box Culvert,25943,25943
3191,Bridge end (LRP031D),bridge,N105,Bridge end,25942,25942
3193,Box culvert (LRP032A),bridge,N105,Box culvert,25942,25942
3194,Box culvert (LRP032B),bridge,N105,Box culvert,25942,25942
3215,Rail Road Crossing (LRP040A),link,N105,Rail Road Crossing,25942,25942
3216,Km post missing (LRP041),link,N105,Km post missing,25942,25942
3217,Box culvert (LRP041A),bridge,N105,Box culvert,25942,25942
3218,"Gazipur 9 km, Tangail 67 km, Bangabandhu Bridge 90 km (LRP042)",bridge,N105,"Gazipur 9 km, Tangail 67 km, Bangabandhu Bridge 90 km",25942,25942
3219,Box culvert (LRP042A),bridge,N105,Box culvert,25942,25942
3165,"km Post missing / Bridge Start, Kanchon Bridge (LRP020)",bridge,N105,"km Post missing / Bridge Start, Kanchon Bridge",25941,25941
3185,"Bangabandhu Bridge- 103 km, Tangail-80 km, Gazipur- 22 km (LRP029)",bridge,N105,"Bangabandhu Bridge- 103 km, Tangail-80 km, Gazipur- 22 km",25941,25941
3192,Km post missing (LRP032),link,N105,Km post missing,25941,25941
3197,Box Culvert (LRP033B),bridge,N105,Box Culvert,25941,25941
3199,Bridge end (LRP034B),bridge,N105,Bridge end,25941,25941
3214,Km post missing (LRP040),link,N105,Km post missing,25941,25941
3154,Km Post missing (LRP014),link,N105,Km Post missing,25940,25940
3169,Box Culvert (LRP021B),bridge,N105,Box Culvert,25940,25940
3195,"Gazipur 18 km,Tangail 76 km,Bangabandhu 99 km (LRP033)",link,N105,"Gazipur 18 km,Tangail 76 km,Bangabandhu 99 km",25940,25940
3198,"Gazipur 17 km, Tangail 75 km, Bangabandhu 98 km, / Bridge start (LRP034)",bridge,N105,"Gazipur 17 km, Tangail 75 km, Bangabandhu 98 km, / Bridge start",25940,25940
3202,Box culvert (LRP035A),bridge,N105,Box culvert,25940,25940
3203,Km post missing (LRP036),link,N105,Km post missing,25940,25940
3168,km Post missing / Box Culvert (LRP021),bridge,N105,km Post missing / Box Culvert,25939,25939
3175,Box Culvert (LRP025B),bridge,N105,Box Culvert,25939,25939
3182,Box Culvert (LRP028A),bridge,N105,Box Culvert,25939,25939
3183,Box Culvert (LRP028B),bridge,N105,Box Culvert,25939,25939
3184,"Z3010, Kaliganj- Ulukhola road (LRP028C)",link,N105,"Z3010, Kaliganj- Ulukhola road",25939,25939
3196,Box culvert (LRP033A),bridge,N105,Box culvert,25939,25939
3166,Bridge end (LRP020B),bridge,N105,Bridge end,25938,25938
3167,Purbachal Road (LRP020D),link,N105,Purbachal Road,25938,25938
3170,"Bangabandhu Bridge- 109 km, Tangail-86 km, Gazipur- 28 km (LRP023)",bridge,N105,"Bangabandhu Bridge- 109 km, Tangail-86 km, Gazipur- 28 km",25938,25938
3173,"Bangabandhu Bridge- 107 km, Tangail-84 km, Gazipur- 26 km (LRP025)",bridge,N105,"Bangabandhu Bridge- 107 km, Tangail-84 km, Gazipur- 26 km",25938,25938
3174,Box Culvert (LRP025A),bridge,N105,Box Culvert,25938,25938
3200,Box culvert (LRP034C),bridge,N105,Box culvert,25938,25938
3201,"Gazipur 16 km,Tangail 74 km,Bangabandhu Bridge 97 km (LRP035)",bridge,N105,"Gazipur 16 km,Tangail 74 km,Bangabandhu Bridge 97 km",25938,25938
3155,Km post missing (LRP015),link,N105,Km post missing,25937,25937
3176,Km Post missing (LRP026),link,N105,Km Post missing,25937,25937
3153,Information  missing (LRP013),link,N105,Information  missing,25936,25936
3164,Box Culvert (LRP019B),bridge,N105,Box Culvert,25936,25936
3171,Box Culvert (LRP023A),bridge,N105,Box Culvert,25936,25936
3172,Info missing (LRP024),link,N105,Info missing,25936,25936
3177,Box Culvert (LRP026A),bridge,N105,Box Culvert,25936,25936
3179,Culvert (LRP026C),bridge,N105,Culvert,25936,25936
3180,Km Post missing (LRP027),link,N105,Km Post missing,25936,25936
3181,"Bangabandhu bridge 104 km, Mymenshingh-108 km, Gazipur- 23 km (LRP028)",bridge,N105,"Bangabandhu bridge 104 km, Mymenshingh-108 km, Gazipur- 23 km",25936,25936
3178,Box Culvert (LRP026B),bridge,N105,Box Culvert,25935,25935
3156,km Post missing (LRP016),link,N105,km Post missing,25934,25934
3157,Km Post Missing (LRP017),link,N105,Km Post Missing,25934,25934
3158,Box Culvert (LRP017A),bridge,N105,Box Culvert,25934,25934
3160,km Post missing (LRP018),link,N105,km Post missing,25934,25934
3161,Box Culvert (LRP018A),bridge,N105,Box Culvert,25934,25934
3162,km Post missing (LRP019),link,N105,km Post missing,25934,25934
3163,Box Culvert (LRP019A),bridge,N105,Box Culvert,25934,25934
3159,Box Culvert (LRP017B),bridge,N105,Box Culvert,25933,25933
1763,Box culvert (LRP147A),bridge,N2,Box culvert,20010,20010
1764,Box culvert (LRP147B),bridge,N2,Box culvert,20010,20010
1766,Sylhet 84 km (LRP148),link,N2,Sylhet 84 km,20010,20010
1767,Box culvert (LRP148A),bridge,N2,Box culvert,20009,20009
1762,Information missing (LRP147),link,N2,Information missing,20008,20008
1765,Box culvert (LRP147C),bridge,N2,Box culvert,20008,20008
1768,Box Culvert / Box culvert (LRP148B),bridge,N2,Box Culvert / Box culvert,20008,20008
1769,Sylhet 83 km (LRP149),link,N2,Sylhet 83 km,20008,20008
1770,Box culvert (LRP149A),bridge,N2,Box culvert,20008,20008
1771,Sylhet 82 km (LRP150),link,N2,Sylhet 82 km,20008,20008
1772,Box culvert (LRP150A),bridge,N2,Box culvert,20006,20006
1797,Box culvert (LRP157A),bridge,N2,Box culvert,20006,20006
1798,Bridge start (LRP157B),bridge,N2,Bridge start,20006,20006
1799,Bridge end (LRP157C),bridge,N2,Bridge end,20006,20006
1800,Sylhet 74 km (LRP158),link,N2,Sylhet 74 km,20006,20006
1776,Box culvert (LRP151A),bridge,N2,Box culvert,20005,20005
1794,Bridge end (LRP156B),bridge,N2,Bridge end,20005,20005
1795,Box culvert (LRP156C),bridge,N2,Box culvert,20005,20005
1796,Sylhet 75 km (LRP157),link,N2,Sylhet 75 km,20005,20005
1775,Sylhet 81 km (LRP151),link,N2,Sylhet 81 km,20004,20004
1785,Box culvert (LRP153C),bridge,N2,Box culvert,20004,20004
1773,Bridge start (LRP150B),bridge,N2,Bridge start,20003,20003
1774,Bridge end (LRP150C),bridge,N2,Bridge end,20003,20003
1777,Km post missing (LRP152),link,N2,Km post missing,20003,20003
1778,Box culvert (LRP152A),bridge,N2,Box culvert,20003,20003
1779,Box culvert (LRP152B),bridge,N2,Box culvert,20003,20003
1780,Box culvert (LRP152C),bridge,N2,Box culvert,20003,20003
1786,Sylhet 78 km (LRP154),link,N2,Sylhet 78 km,20003,20003
1791,Box culvert (LRP155A),bridge,N2,Box culvert,20003,20003
1792,Sylhet 76 km (LRP156),link,N2,Sylhet 76 km,20003,20003
1793,Bridge start (LRP156A),bridge,N2,Bridge start,20003,20003
1801,Box culvert (LRP158A),bridge,N2,Box culvert,20003,20003
1802,Sylhet 73 km (LRP159),link,N2,Sylhet 73 km,20003,20003
1803,Box culvert (LRP159A),bridge,N2,Box culvert,20003,20003
1781,Box culvert (LRP152D),bridge,N2,Box culvert,20002,20002
1782,Sylhet 79 km (LRP153),link,N2,Sylhet 79 km,20002,20002
1783,Box culvert (LRP153A),bridge,N2,Box culvert,20002,20002
1784,Box culvert (LRP153B),bridge,N2,Box culvert,20002,20002
1790,Km post broken (LRP155),link,N2,Km post broken,20002,20002
1787,Bridge start (LRP154A),bridge,N2,Bridge start,20001,20001
1788,Bridge end (LRP154B),bridge,N2,Bridge end,20001,20001
1789,Box culvert (LRP154C),bridge,N2,Box culvert,20001,20001
1804,Box culvert (LRP159B),bridge,N2,Box culvert,20000,20000
1805,Box culvert (LRP159C),bridge,N2,Box culvert,20000,20000
1806,Sylhet 72 km (LRP160),link,N2,Sylhet 72 km,20000,20000
1807,Box culvert (LRP160A),bridge,N2,Box culvert,19999,19999
1811,Sylhet 71 km (LRP161),link,N2,Sylhet 71 km,19997,19997
1812,Box culvert (LRP161A),bridge,N2,Box culvert,19997,19997
1808,Box culvert (LRP160B),bridge,N2,Box culvert,19996,19996
1809,Bridge start (LRP160C),bridge,N2,Bridge start,19996,19996
1810,Bridge end (LRP160D),bridge,N2,Bridge end,19996,19996
1813,Box culvert (LRP161B),bridge,N2,Box culvert,19995,19995
1882,Box culvert (LRP172E),bridge,N2,Box culvert,19994,19994
1883,Sylhet 59 km (LRP173),link,N2,Sylhet 59 km,19994,19994
1820,Sylhet 69 km (LRP163),link,N2,Sylhet 69 km,19993,19993
1821,Bridge start (LRP163A),bridge,N2,Bridge start,19993,19993
1822,Bridge end (LRP163B),bridge,N2,Bridge end,19993,19993
1823,Box culvert (LRP163C),bridge,N2,Box culvert,19993,19993
1824,Box culvert (LRP163D),bridge,N2,Box culvert,19993,19993
1836,Box culvert (LRP165D),bridge,N2,Box culvert,19993,19993
1837,Sylhet 66 km (LRP166),link,N2,Sylhet 66 km,19993,19993
1838,Box culvert (LRP166A),bridge,N2,Box culvert,19993,19993
1839,Box culvert (LRP166B),bridge,N2,Box culvert,19993,19993
1840,Box culvert (LRP166C),bridge,N2,Box culvert,19993,19993
1841,Box culvert (LRP166D),bridge,N2,Box culvert,19993,19993
1842,Box culvert (LRP166E),bridge,N2,Box culvert,19993,19993
1875,Box culvert (LRP171F),bridge,N2,Box culvert,19993,19993
1876,Box culvert (LRP171G),bridge,N2,Box culvert,19993,19993
1877,Sylhet 60 km (LRP172),link,N2,Sylhet 60 km,19993,19993
1878,Box culvert (LRP172A),bridge,N2,Box culvert,19993,19993
1881,Box culvert (LRP172D),bridge,N2,Box culvert,19993,19993
1964,Box culvert (LRP191A),bridge,N2,Box culvert,19993,19993
1965,Road to Moulavo Bazar(N207) (LRP191B),link,N2,Road to Moulavo Bazar(N207),19993,19993
1814,Sylhet 70 km (LRP162),link,N2,Sylhet 70 km,19992,19992
1815,Box culvert (LRP162A),bridge,N2,Box culvert,19992,19992
1816,Box culvert (LRP162B),bridge,N2,Box culvert,19992,19992
1817,Box culvert (LRP162C),bridge,N2,Box culvert,19992,19992
1818,Box culvert (LRP162D),bridge,N2,Box culvert,19992,19992
1819,Box culvert (LRP162E),bridge,N2,Box culvert,19992,19992
1825,Box culvert (LRP163E),bridge,N2,Box culvert,19992,19992
1835,Box culvert (LRP165C),bridge,N2,Box culvert,19992,19992
1844,Box culvert (LRP167A),bridge,N2,Box culvert,19992,19992
1845,Box culvert (LRP167B),bridge,N2,Box culvert,19992,19992
1846,Box culvert (LRP167C),bridge,N2,Box culvert,19992,19992
1847,Bridge start (LRP167D),bridge,N2,Bridge start,19992,19992
1849,Sylhet 64 km (LRP168),link,N2,Sylhet 64 km,19992,19992
1851,Bridge end (LRP168B),bridge,N2,Bridge end,19992,19992
1884,Box culvert (LRP173A),bridge,N2,Box culvert,19992,19992
1963,Sylhet 41 km (LRP191),link,N2,Sylhet 41 km,19992,19992
1832,Sylhet 67 km (LRP165),link,N2,Sylhet 67 km,19991,19991
1833,Bridge start (LRP165A),bridge,N2,Bridge start,19991,19991
1834,Bridge end (LRP165B),bridge,N2,Bridge end,19991,19991
1843,Sylhet 65 km (LRP167),link,N2,Sylhet 65 km,19991,19991
1848,Bridge end (LRP167E),bridge,N2,Bridge end,19991,19991
1850,Bridge start (LRP168A),bridge,N2,Bridge start,19991,19991
1852,Box culvert (LRP168C),bridge,N2,Box culvert,19991,19991
1854,Box culvert (LRP169A),bridge,N2,Box culvert,19991,19991
1861,Box culvert (LRP170B),bridge,N2,Box culvert,19991,19991
1872,Box culvert (LRP171C),bridge,N2,Box culvert,19991,19991
1873,Box culvert (LRP171D),bridge,N2,Box culvert,19991,19991
1874,Box culvert (LRP171E),bridge,N2,Box culvert,19991,19991
1879,Box culvert (LRP172B),bridge,N2,Box culvert,19991,19991
1880,Box culvert (LRP172C),bridge,N2,Box culvert,19991,19991
1893,Box culvert (LRP175A),bridge,N2,Box culvert,19991,19991
1957,Sylhet 43 km (LRP189),link,N2,Sylhet 43 km,19991,19991
1959,Bridge end (LRP189B),bridge,N2,Bridge end,19991,19991
1960,Sylhet 42 km/ Start of Moulavibazar road Division / Sylhet 42 km/ Start of Moulavibazar road Division (LRP190),link,N2,Sylhet 42 km/ Start of Moulavibazar road Division / Sylhet 42 km/ Start of Moulavibazar road Division,19991,19991
1962,Bridge end (LRP190B),bridge,N2,Bridge end,19991,19991
1826,Sylhet 68 km (LRP164),link,N2,Sylhet 68 km,19990,19990
1827,Box culvert (LRP164A),bridge,N2,Box culvert,19990,19990
1828,Box culvert (LRP164B),bridge,N2,Box culvert,19990,19990
1829,Bridge start (LRP164C),bridge,N2,Bridge start,19990,19990
1830,Bridge end (LRP164D),bridge,N2,Bridge end,19990,19990
1831,Box culvert (LRP164E),bridge,N2,Box culvert,19990,19990
1853,Sylhet 63 km (LRP169),link,N2,Sylhet 63 km,19990,19990
1855,Box culvert (LRP169B),bridge,N2,Box culvert,19990,19990
1856,Box culvert (LRP169C),bridge,N2,Box culvert,19990,19990
1857,Box culvert (LRP169D),bridge,N2,Box culvert,19990,19990
1858,Box culvert (LRP169E),bridge,N2,Box culvert,19990,19990
1859,Sylhet 62 km (LRP170),link,N2,Sylhet 62 km,19990,19990
1860,Box culvert (LRP170A),bridge,N2,Box culvert,19990,19990
1862,Bridge start (LRP170C),bridge,N2,Bridge start,19990,19990
1863,Bridge end (LRP170D),bridge,N2,Bridge end,19990,19990
1864,Box culvert (LRP170E),bridge,N2,Box culvert,19990,19990
1865,Box culvert (LRP170F),bridge,N2,Box culvert,19990,19990
1866,Box culvert (LRP170G),bridge,N2,Box culvert,19990,19990
1867,Box culvert (LRP170H),bridge,N2,Box culvert,19990,19990
1885,Box culvert (LRP173B),bridge,N2,Box culvert,19990,19990
1886,Km post missing (LRP174),link,N2,Km post missing,19990,19990
1887,Bridge start (LRP174A),bridge,N2,Bridge start,19990,19990
1888,Bridge end (LRP174B),bridge,N2,Bridge end,19990,19990
1948,Box culvert (LRP186C),bridge,N2,Box culvert,19990,19990
1949,Road to Raniganj (R241) (LRP186D),link,N2,Road to Raniganj (R241),19990,19990
1956,Box culvert (LRP188A),bridge,N2,Box culvert,19990,19990
1961,Bridge start (LRP190A),bridge,N2,Bridge start,19990,19990
1868,Box culvert (LRP170I),bridge,N2,Box culvert,19989,19989
1869,Sylhet 61 km (LRP171),link,N2,Sylhet 61 km,19989,19989
1870,Box culvert (LRP171A),bridge,N2,Box culvert,19989,19989
1871,Box culvert (LRP171B),bridge,N2,Box culvert,19989,19989
1889,Box culvert (LRP174C),bridge,N2,Box culvert,19989,19989
1890,Box culvert (LRP174D),bridge,N2,Box culvert,19989,19989
1891,Box culvert (LRP174E),bridge,N2,Box culvert,19989,19989
1892,Km post missing (LRP175),link,N2,Km post missing,19989,19989
1894,Box culvert (LRP175B),bridge,N2,Box culvert,19989,19989
1938,Sylhet 48 km (LRP184),link,N2,Sylhet 48 km,19989,19989
1944,Box culvert (LRP185A),bridge,N2,Box culvert,19989,19989
1947,Box culvert (LRP186B),bridge,N2,Box culvert,19989,19989
1952,Sylhet 45 km (LRP187),link,N2,Sylhet 45 km,19989,19989
1955,Sylhet 44 km (LRP188),link,N2,Sylhet 44 km,19989,19989
1958,Bridge start (LRP189A),bridge,N2,Bridge start,19989,19989
1915,Km post missing (LRP179),link,N2,Km post missing,19988,19988
1939,Bridge start (LRP184A),bridge,N2,Bridge start,19988,19988
1940,Bridge end (LRP184B),bridge,N2,Bridge end,19988,19988
1941,Box culvert (LRP184C),bridge,N2,Box culvert,19988,19988
1942,Box culvert (LRP184D),bridge,N2,Box culvert,19988,19988
1943,Sylhet 47 km (LRP185),link,N2,Sylhet 47 km,19988,19988
1945,Sylhet 46 km (LRP186),link,N2,Sylhet 46 km,19988,19988
1946,Box culvert (LRP186A),bridge,N2,Box culvert,19988,19988
1950,Bridge start (LRP186E),bridge,N2,Bridge start,19988,19988
1951,Bridge end (LRP186F),bridge,N2,Bridge end,19988,19988
1895,Box culvert (LRP175C),bridge,N2,Box culvert,19987,19987
1896,Box culvert (LRP175D),bridge,N2,Box culvert,19987,19987
1897,Sylhet 56 km (LRP176),link,N2,Sylhet 56 km,19987,19987
1898,Box culvert (LRP176A),bridge,N2,Box culvert,19987,19987
1910,Bridge end (LRP178B),bridge,N2,Bridge end,19987,19987
1911,Bridge start (LRP178C),bridge,N2,Bridge start,19987,19987
1912,Bridge end (LRP178D),bridge,N2,Bridge end,19987,19987
1913,Box culvert (LRP178E),bridge,N2,Box culvert,19987,19987
1914,Box culvert (LRP178F),bridge,N2,Box culvert,19987,19987
1916,Box culvert (LRP179A),bridge,N2,Box culvert,19987,19987
1922,Box culvert (LRP180C),bridge,N2,Box culvert,19987,19987
1923,Sylhet 51 km (LRP181),link,N2,Sylhet 51 km,19987,19987
1925,Bridge end (LRP181B),bridge,N2,Bridge end,19987,19987
1930,Box culvert (LRP182A),bridge,N2,Box culvert,19987,19987
1932,Road to Nabiganj (R240) (LRP182C),link,N2,Road to Nabiganj (R240),19987,19987
1953,Bridge start (LRP187A),bridge,N2,Bridge start,19987,19987
1954,Bridge end (LRP187B),bridge,N2,Bridge end,19987,19987
1917,Bridge start (LRP179B),bridge,N2,Bridge start,19986,19986
1918,Bridge end (LRP179C),bridge,N2,Bridge end,19986,19986
1919,Sylhet 52 km (LRP180),link,N2,Sylhet 52 km,19986,19986
1920,Bridge start (LRP180A),bridge,N2,Bridge start,19986,19986
1921,Bridge end (LRP180B),bridge,N2,Bridge end,19986,19986
1926,Box culvert (LRP181C),bridge,N2,Box culvert,19986,19986
1927,Bridge start (LRP181D),bridge,N2,Bridge start,19986,19986
1928,Bridge end (LRP181E),bridge,N2,Bridge end,19986,19986
1929,Sylhet 50 km (LRP182),link,N2,Sylhet 50 km,19986,19986
1931,Box culvert (LRP182B),bridge,N2,Box culvert,19986,19986
1900,Box culvert (LRP176C),bridge,N2,Box culvert,19985,19985
1901,Box culvert (LRP176D),bridge,N2,Box culvert,19985,19985
1902,Box culvert (LRP176E),bridge,N2,Box culvert,19985,19985
1903,Box culvert (LRP176F),bridge,N2,Box culvert,19985,19985
1924,Bridge start (LRP181A),bridge,N2,Bridge start,19985,19985
1933,Box culvert (LRP182D),bridge,N2,Box culvert,19985,19985
1935,Box culvert (LRP183A),bridge,N2,Box culvert,19985,19985
1936,Box culvert (LRP183B),bridge,N2,Box culvert,19985,19985
1937,Box culvert (LRP183C),bridge,N2,Box culvert,19985,19985
1899,Box culvert (LRP176B),bridge,N2,Box culvert,19984,19984
1904,Km post missing (LRP177),link,N2,Km post missing,19984,19984
1905,Box culvert (LRP177A),bridge,N2,Box culvert,19984,19984
1907,Bridge end (LRP177C),bridge,N2,Bridge end,19984,19984
1908,Sylhet 54 km (LRP178),link,N2,Sylhet 54 km,19984,19984
1909,Bridge start (LRP178A),bridge,N2,Bridge start,19984,19984
1934,Sylhet 49 km (LRP183),link,N2,Sylhet 49 km,19984,19984
1906,Bridge start (LRP177B),bridge,N2,Bridge start,19983,19983
564,The chittagong city area starts from Alongka cinema Hall (LRP235B),link,N1,The chittagong city area starts from Alongka cinema Hall,19229,19229
354,Km post missing (LRP161),link,N1,Km post missing,19225,19225
351,Km post missing (LRP159),link,N1,Km post missing,19224,19224
352,"Ctg 85 km,Bairyahat 10 km (LRP160)",link,N1,"Ctg 85 km,Bairyahat 10 km",19224,19224
353,Road to Mounshirhat (Z1081) (LRP160A),link,N1,Road to Mounshirhat (Z1081),19224,19224
350,Ctg 87 km (LRP158),link,N1,Ctg 87 km,19223,19223
355,Ctg 83 km (LRP162),link,N1,Ctg 83 km,19223,19223
345,Km post missing (LRP155),link,N1,Km post missing,19222,19222
349,Km post missing (LRP157),link,N1,Km post missing,19222,19222
356,Km post missing (LRP163),link,N1,Km post missing,19222,19222
358,Bridge end (LRP163B),bridge,N1,Bridge end,19222,19222
359,Ctg 81 kkm (LRP164),link,N1,Ctg 81 kkm,19222,19222
339,Bridge end (LRP151B),bridge,N1,Bridge end,19221,19221
344,Ctg 91 km (LRP154),link,N1,Ctg 91 km,19221,19221
357,Bridge start (LRP163A),bridge,N1,Bridge start,19221,19221
360,Road to Chhagalnaiya (Z1032) (LRP164A),link,N1,Road to Chhagalnaiya (Z1032),19221,19221
361,Km post missing (LRP165),link,N1,Km post missing,19221,19221
343,Ctg 91 km (LRP153),link,N1,Ctg 91 km,19220,19220
362,Km post missing (LRP166),link,N1,Km post missing,19220,19220
336,Ctg 95 km (LRP150),link,N1,Ctg 95 km,19219,19219
337,Km post missing (LRP151),link,N1,Km post missing,19219,19219
338,Bridge start (LRP151A),bridge,N1,Bridge start,19219,19219
363,Km post missing (LRP167),link,N1,Km post missing,19219,19219
367,Km post missing (LRP169),link,N1,Km post missing,19218,19218
374,Km post missing (LRP171),link,N1,Km post missing,19218,19218
375,Km post missing / Box culvert (LRP172),bridge,N1,Km post missing / Box culvert,19218,19218
368,Box culvert (LRP169A),bridge,N1,Box culvert,19217,19217
376,Box culvert (LRP172B),bridge,N1,Box culvert,19217,19217
377,Km post missing (LRP173),link,N1,Km post missing,19217,19217
378,Box culvert (LRP173A),bridge,N1,Box culvert,19217,19217
379,Box culvert (LRP173B),bridge,N1,Box culvert,19217,19217
340,"Ctg 93 km,Lalpole 1 km (LRP152)",link,N1,"Ctg 93 km,Lalpole 1 km",19216,19216
341,Road to Feni Town (Z1034) (LRP152A),link,N1,Road to Feni Town (Z1034),19216,19216
342,Road to Sonagazi (Z1034) (LRP152B),link,N1,Road to Sonagazi (Z1034),19216,19216
346,Km post missing (LRP156),link,N1,Km post missing,19216,19216
365,Bridge start (LRP168A),bridge,N1,Bridge start,19216,19216
366,Bridge end/Start of Chittagong Road Division / Bridge end/Start of Chittagong Road Division (LRP168B),bridge,N1,Bridge end/Start of Chittagong Road Division / Bridge end/Start of Chittagong Road Division,19216,19216
369,Km post missing (LRP170),link,N1,Km post missing,19216,19216
370,End of Bituminous Pavment (LRP170A),link,N1,End of Bituminous Pavment,19216,19216
371,Road to Karerhat (R151) (LRP170B),link,N1,Road to Karerhat (R151),19216,19216
372,Start of Bituminious Pavement (LRP170C),link,N1,Start of Bituminious Pavement,19216,19216
373,Box culvert (LRP170D),bridge,N1,Box culvert,19216,19216
393,Km post missing (LRP178),link,N1,Km post missing,19216,19216
473,Box culvert (LRP206A),bridge,N1,Box culvert,19216,19216
497,Bridge end (LRP213B),bridge,N1,Bridge end,19216,19216
498,Km post missing (LRP214),link,N1,Km post missing,19216,19216
499,Box culvert (LRP214A),bridge,N1,Box culvert,19216,19216
517,Km post missing (LRP219),link,N1,Km post missing,19216,19216
561,Bridge end (LRP234B),bridge,N1,Bridge end,19216,19216
364,Km post missing (LRP168),link,N1,Km post missing,19215,19215
381,Box culvert (LRP174A),bridge,N1,Box culvert,19215,19215
382,Box culvert (LRP174B),bridge,N1,Box culvert,19215,19215
401,Box culvert (LRP181A),bridge,N1,Box culvert,19215,19215
405,Km post missing (LRP183),link,N1,Km post missing,19215,19215
501,Box culvert (LRP215A),bridge,N1,Box culvert,19215,19215
518,Bridge start (LRP219A),bridge,N1,Bridge start,19215,19215
519,Bridge end (LRP219B),bridge,N1,Bridge end,19215,19215
537,Box culvert (LRP227A),bridge,N1,Box culvert,19215,19215
554,Box culvert (LRP232B),bridge,N1,Box culvert,19215,19215
558,Box culvert (LRP233A),bridge,N1,Box culvert,19215,19215
559,Km post missing (LRP234),link,N1,Km post missing,19215,19215
562,Km post missing (LRP235),link,N1,Km post missing,19215,19215
563,End of Bituminous Road (LRP235A),link,N1,End of Bituminous Road,19215,19215
347,Bridge start (LRP156A),bridge,N1,Bridge start,19214,19214
348,Bridge end (LRP156B),bridge,N1,Bridge end,19214,19214
380,Km post missing (LRP174),link,N1,Km post missing,19214,19214
383,Km post missing (LRP175),link,N1,Km post missing,19214,19214
385,Box culvert (LRP175B),bridge,N1,Box culvert,19214,19214
406,Bridge start (LRP183A),bridge,N1,Bridge start,19214,19214
407,Km post missing (LRP184),link,N1,Km post missing,19214,19214
408,Bridge end (LRP184A),bridge,N1,Bridge end,19214,19214
409,Road to Narayanhat (Z1021) (LRP184B),link,N1,Road to Narayanhat (Z1021),19214,19214
488,Bridge end (LRP210B),bridge,N1,Bridge end,19214,19214
492,Bridge end (LRP211C),bridge,N1,Bridge end,19214,19214
493,Box culvert (LRP211D),bridge,N1,Box culvert,19214,19214
494,Km post missing (LRP212),link,N1,Km post missing,19214,19214
500,Ctg 30 km (LRP215),link,N1,Ctg 30 km,19214,19214
520,Km post missing (LRP220),link,N1,Km post missing,19214,19214
522,Ctg 24 km (LRP221),link,N1,Ctg 24 km,19214,19214
523,Box culvert (LRP221A),bridge,N1,Box culvert,19214,19214
525,Bridge end (LRP221C),bridge,N1,Bridge end,19214,19214
526,Info.Missing (LRP222),link,N1,Info.Missing,19214,19214
535,Bridge end (LRP226B),bridge,N1,Bridge end,19214,19214
538,Bridge start (LRP227B),bridge,N1,Bridge start,19214,19214
539,Bridge end (LRP227C),bridge,N1,Bridge end,19214,19214
555,Bridge start (LRP232C),bridge,N1,Bridge start,19214,19214
556,Bridge end (LRP232D),bridge,N1,Bridge end,19214,19214
557,Km post missing (LRP233),link,N1,Km post missing,19214,19214
560,Bridge start (LRP234A),bridge,N1,Bridge start,19214,19214
384,Box culvert (LRP175A),bridge,N1,Box culvert,19213,19213
395,Km post missing (LRP179),link,N1,Km post missing,19213,19213
397,Box culvert (LRP180A),bridge,N1,Box culvert,19213,19213
403,Box Culvert (LRP182A),bridge,N1,Box Culvert,19213,19213
474,Ctg 38 km (LRP207),link,N1,Ctg 38 km,19213,19213
485,Box culvert (LRP209D),bridge,N1,Box culvert,19213,19213
486,Km post missing (LRP210),link,N1,Km post missing,19213,19213
489,Km post missing (LRP211),link,N1,Km post missing,19213,19213
495,Ctg 32 km (LRP213),link,N1,Ctg 32 km,19213,19213
496,Bridge start (LRP213A),bridge,N1,Bridge start,19213,19213
502,Km post missing (LRP216),link,N1,Km post missing,19213,19213
515,Bridge end (LRP218D),bridge,N1,Bridge end,19213,19213
516,Box culvert (LRP218E),bridge,N1,Box culvert,19213,19213
532,Info.Missing (LRP225),link,N1,Info.Missing,19213,19213
536,Km post missing (LRP227),link,N1,Km post missing,19213,19213
540,Km post missing (LRP228),link,N1,Km post missing,19213,19213
551,Bridge end (LRP231C),bridge,N1,Bridge end,19213,19213
386,Km post missing (LRP176),link,N1,Km post missing,19212,19212
387,Bridge start (LRP176A),bridge,N1,Bridge start,19212,19212
388,Bridge end (LRP176B),bridge,N1,Bridge end,19212,19212
389,Box culvert (LRP176C),bridge,N1,Box culvert,19212,19212
390,Box culvert (LRP176D),bridge,N1,Box culvert,19212,19212
391,Km post missing (LRP177),link,N1,Km post missing,19212,19212
392,Pipe culvert (LRP177A),bridge,N1,Pipe culvert,19212,19212
394,Box culvert (LRP178A),bridge,N1,Box culvert,19212,19212
398,Box culvert (LRP180B),bridge,N1,Box culvert,19212,19212
400,Km post missing (LRP181),link,N1,Km post missing,19212,19212
402,Km post missing (LRP182),link,N1,Km post missing,19212,19212
404,Box culvert (LRP182B),bridge,N1,Box culvert,19212,19212
410,Box culvert (LRP184C),bridge,N1,Box culvert,19212,19212
411,Km post missing (LRP185),link,N1,Km post missing,19212,19212
461,Box culvert (LRP203A),bridge,N1,Box culvert,19212,19212
462,Box culvert (LRP203B),bridge,N1,Box culvert,19212,19212
475,Box culvert (LRP207A),bridge,N1,Box culvert,19212,19212
476,Box culvert (LRP207B),bridge,N1,Box culvert,19212,19212
477,Box culvert (LRP207C),bridge,N1,Box culvert,19212,19212
478,Box culvert (LRP207D),bridge,N1,Box culvert,19212,19212
479,Km post missing (LRP208),link,N1,Km post missing,19212,19212
480,Box culvert (LRP208A),bridge,N1,Box culvert,19212,19212
483,Bridge end (LRP209B),bridge,N1,Bridge end,19212,19212
487,Bridge start (LRP210A),bridge,N1,Bridge start,19212,19212
490,Box culvert (LRP211A),bridge,N1,Box culvert,19212,19212
491,Bridge start (LRP211B),bridge,N1,Bridge start,19212,19212
503,Bridge start (LRP216A),bridge,N1,Bridge start,19212,19212
504,Bridge end (LRP216B),bridge,N1,Bridge end,19212,19212
505,Ctg 28 km (LRP217),link,N1,Ctg 28 km,19212,19212
506,Bridge start (LRP217A),bridge,N1,Bridge start,19212,19212
507,Bridge end (LRP217B),bridge,N1,Bridge end,19212,19212
508,Box culvert (LRP217C),bridge,N1,Box culvert,19212,19212
509,Bridge start (LRP217D),bridge,N1,Bridge start,19212,19212
510,Bridge end (LRP217E),bridge,N1,Bridge end,19212,19212
511,Km post missing (LRP218),link,N1,Km post missing,19212,19212
512,Bridge start (LRP218A),bridge,N1,Bridge start,19212,19212
513,Bridge end (LRP218B),bridge,N1,Bridge end,19212,19212
521,Box culvert (LRP220A),bridge,N1,Box culvert,19212,19212
524,Bridge start (LRP221B),bridge,N1,Bridge start,19212,19212
528,Ctg 22 km (LRP223),link,N1,Ctg 22 km,19212,19212
529,Km post missing (LRP224),link,N1,Km post missing,19212,19212
530,Bridge start (LRP224A),bridge,N1,Bridge start,19212,19212
531,Bridge end (LRP224B),bridge,N1,Bridge end,19212,19212
533,Km post missing (LRP226),link,N1,Km post missing,19212,19212
534,Bridge start (LRP226A),bridge,N1,Bridge start,19212,19212
541,Km post missing (LRP229),link,N1,Km post missing,19212,19212
543,Bridge end (LRP229B),bridge,N1,Bridge end,19212,19212
549,Road to Biman Bandar (Z1016) (LRP231A),link,N1,Road to Biman Bandar (Z1016),19212,19212
550,Bridge start (LRP231B),bridge,N1,Bridge start,19212,19212
552,Km post missing (LRP232),link,N1,Km post missing,19212,19212
553,"N111, Port Connecting Road (LRP232A)",link,N1,"N111, Port Connecting Road",19212,19212
396,Km post missing (LRP180),link,N1,Km post missing,19211,19211
399,Box culvert (LRP180C),bridge,N1,Box culvert,19211,19211
413,Box culvert (LRP185B),bridge,N1,Box culvert,19211,19211
414,Km post missing (LRP186),link,N1,Km post missing,19211,19211
458,Km post missing (LRP202),link,N1,Km post missing,19211,19211
463,Km post missing (LRP204),link,N1,Km post missing,19211,19211
470,Box culvert (LRP205A),bridge,N1,Box culvert,19211,19211
471,Box culvert (LRP205B),bridge,N1,Box culvert,19211,19211
481,Info.Missing (LRP209),link,N1,Info.Missing,19211,19211
482,Bridge start (LRP209A),bridge,N1,Bridge start,19211,19211
484,Road to Katirhat (Z1087) (LRP209C),link,N1,Road to Katirhat (Z1087),19211,19211
514,Bridge start (LRP218C),bridge,N1,Bridge start,19211,19211
527,Box culvert (LRP222A),bridge,N1,Box culvert,19211,19211
542,Bridge start (LRP229A),bridge,N1,Bridge start,19211,19211
565,Chittagong city area ends and the survey of N1 starts again (LRP244B),link,N1,Chittagong city area ends and the survey of N1 starts again,19211,19211
412,Box culvert (LRP185A),bridge,N1,Box culvert,19210,19210
460,"Ctg 42 km,Sitakanda 2 km (LRP203)",link,N1,"Ctg 42 km,Sitakanda 2 km",19210,19210
465,Box culvert (LRP204B),bridge,N1,Box culvert,19210,19210
472,Km post missing (LRP206),link,N1,Km post missing,19210,19210
544,Km post missing (LRP230),link,N1,Km post missing,19210,19210
547,Start of Bituminous Pavement (LRP230C),link,N1,Start of Bituminous Pavement,19210,19210
548,Km post missing (LRP231),link,N1,Km post missing,19210,19210
566,Km post missing (LRP245),link,N1,Km post missing,19210,19210
416,Km post missing (LRP187),link,N1,Km post missing,19209,19209
442,"Ctg 48 km,Sitakanda 8 km (LRP197)",link,N1,"Ctg 48 km,Sitakanda 8 km",19209,19209
451,Box culvert (LRP199B),bridge,N1,Box culvert,19209,19209
456,Box culvert (LRP201A),bridge,N1,Box culvert,19209,19209
457,Box culvert (LRP201B),bridge,N1,Box culvert,19209,19209
459,Box culvert (LRP202A),bridge,N1,Box culvert,19209,19209
464,Box culvert (LRP204A),bridge,N1,Box culvert,19209,19209
466,Bridge start (LRP204C),bridge,N1,Bridge start,19209,19209
467,Bridge end / Box culvert (LRP204D),bridge,N1,Bridge end / Box culvert,19209,19209
545,End of Bituminous Pavement (LRP230A),link,N1,End of Bituminous Pavement,19209,19209
546,Box culvert (LRP230B),bridge,N1,Box culvert,19209,19209
415,Box culvert (LRP186A),bridge,N1,Box culvert,19208,19208
422,Box culvert (LRP189A),bridge,N1,Box culvert,19208,19208
429,Box culvert (LRP192B),bridge,N1,Box culvert,19208,19208
430,"Ctg 52 km,Sitakhada 12 km (LRP193)",link,N1,"Ctg 52 km,Sitakhada 12 km",19208,19208
437,"Ctg 50 km,Sitakanda 10 km (LRP195)",link,N1,"Ctg 50 km,Sitakanda 10 km",19208,19208
438,Box culvert (LRP195A),bridge,N1,Box culvert,19208,19208
439,Km post missing (LRP196),link,N1,Km post missing,19208,19208
441,Box culvert (LRP196B),bridge,N1,Box culvert,19208,19208
449,"Ctg 46 km,Sitakanda 6 km (LRP199)",link,N1,"Ctg 46 km,Sitakanda 6 km",19208,19208
450,Box culvert (LRP199A),bridge,N1,Box culvert,19208,19208
452,Km post missing (LRP200),link,N1,Km post missing,19208,19208
454,Box culvert (LRP200B),bridge,N1,Box culvert,19208,19208
455,"Ctg 44 km,Sitakanda 4 km (LRP201)",link,N1,"Ctg 44 km,Sitakanda 4 km",19208,19208
468,Box culvert (LRP204F),bridge,N1,Box culvert,19208,19208
469,"Ctg 40 km,Sitakanda 0 km (LRP205)",link,N1,"Ctg 40 km,Sitakanda 0 km",19208,19208
417,Bridge start (LRP187A),bridge,N1,Bridge start,19207,19207
424,Box culvert (LRP190A),bridge,N1,Box culvert,19207,19207
431,Box culvert (LRP193A),bridge,N1,Box culvert,19207,19207
432,Box Culvert (LRP193B),bridge,N1,Box Culvert,19207,19207
434,Box culvert (LRP194A),bridge,N1,Box culvert,19207,19207
435,Box culvert (LRP194B),bridge,N1,Box culvert,19207,19207
436,Box culvert (LRP194C),bridge,N1,Box culvert,19207,19207
440,Box culvert (LRP196A),bridge,N1,Box culvert,19207,19207
443,Box culvert (LRP197A),bridge,N1,Box culvert,19207,19207
444,Box culvert (LRP197B),bridge,N1,Box culvert,19207,19207
453,Box culvert (LRP200A),bridge,N1,Box culvert,19207,19207
420,Box culvert (LRP188A),bridge,N1,Box culvert,19206,19206
421,Km post missing (LRP189),link,N1,Km post missing,19206,19206
425,Km post missing (LRP191),link,N1,Km post missing,19206,19206
445,Km post missing (LRP198),link,N1,Km post missing,19206,19206
446,Road to Haidchokia (Z1086) (LRP198A),link,N1,Road to Haidchokia (Z1086),19206,19206
447,Box culvert (LRP198B),bridge,N1,Box culvert,19206,19206
448,Box culvert (LRP198C),bridge,N1,Box culvert,19206,19206
418,Bridge end (LRP187B),bridge,N1,Bridge end,19205,19205
419,Km post missing (LRP188),link,N1,Km post missing,19205,19205
426,Box culvert (LRP191A),bridge,N1,Box culvert,19205,19205
433,Km post missing (LRP194),link,N1,Km post missing,19205,19205
427,Km post missing (LRP192),link,N1,Km post missing,19204,19204
428,Box culvert (LRP192A),bridge,N1,Box culvert,19204,19204
423,Km post missing (LRP190),link,N1,Km post missing,19203,19203
2041,Box culvert (LRP221A),bridge,N2,Box culvert,17650,17650
2036,Box culvert (LRP219A),bridge,N2,Box culvert,17648,17648
2037,Sylhet 12 km (LRP220),link,N2,Sylhet 12 km,17648,17648
2038,Bridge start (LRP220A),bridge,N2,Bridge start,17648,17648
2035,Sylhet 13 km (LRP219),link,N2,Sylhet 13 km,17647,17647
2039,Bridge end (LRP220B),bridge,N2,Bridge end,17647,17647
2040,Sylhet 11 km (LRP221),link,N2,Sylhet 11 km,17647,17647
2034,Sylhet 14 km (LRP218),link,N2,Sylhet 14 km,17646,17646
2044,Box culvert (LRP222B),bridge,N2,Box culvert,17645,17645
2042,Sylhet 10 km (LRP222),link,N2,Sylhet 10 km,17644,17644
2043,Box culvert (LRP222A),bridge,N2,Box culvert,17644,17644
2045,Sylhet 9 km (LRP223),link,N2,Sylhet 9 km,17644,17644
2014,Sylhet 22 km (LRP210),link,N2,Sylhet 22 km,17643,17643
2015,Box culvert (LRP210A),bridge,N2,Box culvert,17643,17643
2016,Sylhet 21 km (LRP211),link,N2,Sylhet 21 km,17643,17643
2017,Box culvert (LRP211A),bridge,N2,Box culvert,17643,17643
2033,Sylhet 15 km (LRP217),link,N2,Sylhet 15 km,17642,17642
2012,Box culvert (LRP209A),bridge,N2,Box culvert,17641,17641
2013,Box culvert (LRP209B),bridge,N2,Box culvert,17641,17641
2018,Box culvert (LRP211B),bridge,N2,Box culvert,17641,17641
2046,Box culvert (LRP223A),bridge,N2,Box culvert,17641,17641
2019,Sylhet 20 km (LRP212),link,N2,Sylhet 20 km,17640,17640
2020,Box culvert (LRP212A),bridge,N2,Box culvert,17640,17640
2027,Sylhet 17 km (LRP215),link,N2,Sylhet 17 km,17640,17640
2048,Box culvert (LRP224A),bridge,N2,Box culvert,17640,17640
2055,Sylhet 6 km (LRP226),link,N2,Sylhet 6 km,17640,17640
2011,Sylhet 23 km (LRP209),link,N2,Sylhet 23 km,17639,17639
2021,Sylhet 19 km (LRP213),link,N2,Sylhet 19 km,17639,17639
2022,Box culvert (LRP213A),bridge,N2,Box culvert,17639,17639
2023,Box culvert (LRP213B),bridge,N2,Box culvert,17639,17639
2024,Sylhet 18 km (LRP214),link,N2,Sylhet 18 km,17639,17639
2028,Box culvert (LRP215A),bridge,N2,Box culvert,17639,17639
2029,Sylhet 16 km (LRP216),link,N2,Sylhet 16 km,17639,17639
2030,Box culvert (LRP216A),bridge,N2,Box culvert,17639,17639
2032,Box culvert (LRP216C),bridge,N2,Box culvert,17639,17639
2047,Sylhet 8 km (LRP224),link,N2,Sylhet 8 km,17639,17639
2049,R283 (LRP224B),link,N2,R283,17639,17639
2050,Bridge start (LRP224C),bridge,N2,Bridge start,17639,17639
2051,Bridge end (LRP224D),bridge,N2,Bridge end,17639,17639
2052,Sylhet 7 km (LRP225),link,N2,Sylhet 7 km,17639,17639
2053,Box culvert (LRP225A),bridge,N2,Box culvert,17639,17639
2054,Road to Balaganj (Z2013) (LRP225B),link,N2,Road to Balaganj (Z2013),17639,17639
2056,Box culvert (LRP226A),bridge,N2,Box culvert,17639,17639
2025,Box culvert (LRP214A),bridge,N2,Box culvert,17638,17638
2026,Box culvert (LRP214B),bridge,N2,Box culvert,17638,17638
2031,Road to Lamakazi (Z2016) (LRP216B),link,N2,Road to Lamakazi (Z2016),17638,17638
2057,Box culvert (LRP226B),bridge,N2,Box culvert,17638,17638
1975,Sylhet 37 km (LRP195),link,N2,Sylhet 37 km,17637,17637
2000,Sylhet 28 km (LRP204),link,N2,Sylhet 28 km,17637,17637
2002,Box Culvert (LRP205A),bridge,N2,Box Culvert,17637,17637
2005,Box culvert (LRP206A),bridge,N2,Box culvert,17637,17637
2009,Sylhet 24 km (LRP208),link,N2,Sylhet 24 km,17637,17637
2010,Box culvert (LRP208A),bridge,N2,Box culvert,17637,17637
2058,Box culvert (LRP226C),bridge,N2,Box culvert,17637,17637
2059,Km post missing (LRP227),link,N2,Km post missing,17637,17637
2060,Box culvert (LRP227A),bridge,N2,Box culvert,17637,17637
1972,Bridge end (LRP194B),bridge,N2,Bridge end,17636,17636
1973,Bridge start (LRP194C),bridge,N2,Bridge start,17636,17636
1974,Bridge end (LRP194D),bridge,N2,Bridge end,17636,17636
1976,Sylhet 36 km (LRP196),link,N2,Sylhet 36 km,17636,17636
1977,Box culvert (LRP196A),bridge,N2,Box culvert,17636,17636
1978,Sylhet 35 km (LRP197),link,N2,Sylhet 35 km,17636,17636
1979,Bridge start (LRP197A),bridge,N2,Bridge start,17636,17636
1980,Bridge end (LRP197B),bridge,N2,Bridge end,17636,17636
1981,Sylhet 34 km (LRP198),link,N2,Sylhet 34 km,17636,17636
2001,Sylhet 27 km (LRP205),link,N2,Sylhet 27 km,17636,17636
2006,Box culvert (LRP206B),bridge,N2,Box culvert,17636,17636
2007,Km post broken (LRP207),link,N2,Km post broken,17636,17636
2061,Km post missing (LRP228),link,N2,Km post missing,17636,17636
2062,Bridge start (LRP228A),bridge,N2,Bridge start,17636,17636
2063,Bridge end (LRP228B),bridge,N2,Bridge end,17636,17636
2064,N209 / N208 to Moulovibazar (LRP228C),link,N2,N209 / N208 to Moulovibazar,17636,17636
1968,Bridge end (LRP192B),bridge,N2,Bridge end,17635,17635
1969,Sylhet 39 km (LRP193),link,N2,Sylhet 39 km,17635,17635
1970,Sylhet 38 km (LRP194),link,N2,Sylhet 38 km,17635,17635
1971,Bridge start (LRP194A),bridge,N2,Bridge start,17635,17635
1982,Bridge start (LRP198A),bridge,N2,Bridge start,17635,17635
1983,Bridge end (LRP198B),bridge,N2,Bridge end,17635,17635
1984,Box culvert (LRP198C),bridge,N2,Box culvert,17635,17635
1985,Sylhet 33 km (LRP199),link,N2,Sylhet 33 km,17635,17635
1986,Bridge start (LRP199A),bridge,N2,Bridge start,17635,17635
1987,Bridge end (LRP199B),bridge,N2,Bridge end,17635,17635
1988,Box culvert (LRP199C),bridge,N2,Box culvert,17635,17635
1999,Box culvert (LRP203A),bridge,N2,Box culvert,17635,17635
2003,Road to Balaganj (Z2022) (LRP205B),link,N2,Road to Balaganj (Z2022),17635,17635
2004,Sylhet 26 km (LRP206),link,N2,Sylhet 26 km,17635,17635
2008,Box culvert (LRP207A),bridge,N2,Box culvert,17635,17635
1966,Sylhet 40 km/ Start of Sylhet road Division / Sylhet 40 km/ Start of Sylhet road Division (LRP192),link,N2,Sylhet 40 km/ Start of Sylhet road Division / Sylhet 40 km/ Start of Sylhet road Division,17634,17634
1967,Bridge start (LRP192A),bridge,N2,Bridge start,17634,17634
1997,Sylhet 30 km (LRP202),link,N2,Sylhet 30 km,17634,17634
1998,Km post missing (LRP203),link,N2,Km post missing,17634,17634
1989,Sylhet 32 km (LRP200),link,N2,Sylhet 32 km,17633,17633
1990,Bridge start (LRP200A),bridge,N2,Bridge start,17633,17633
1991,Bridge end (LRP200B),bridge,N2,Bridge end,17633,17633
1992,Box culvert (LRP200C),bridge,N2,Box culvert,17633,17633
1993,Box culvert (LRP200D),bridge,N2,Box culvert,17632,17632
1995,Box culvert (LRP201A),bridge,N2,Box culvert,17632,17632
1996,Box culvert (LRP201B),bridge,N2,Box culvert,17632,17632
1994,Km post missing (LRP201),link,N2,Km post missing,17631,17631
2200,Tamabil 7 km (LRP277),link,N2,Tamabil 7 km,9903,9903
2203,Jaflong 8 km (LRP280),link,N2,Jaflong 8 km,9903,9903
2147,Jaflong 28 km (LRP260),link,N2,Jaflong 28 km,9902,9902
2151,Box culvert (LRP261B),bridge,N2,Box culvert,9902,9902
2152,Km post missing (LRP262),link,N2,Km post missing,9902,9902
2153,Box culvert (LRP262A),bridge,N2,Box culvert,9902,9902
2159,Km post broken (LRP265),link,N2,Km post broken,9902,9902
2160,Bridge start (LRP265A),bridge,N2,Bridge start,9902,9902
2161,Bridge end (LRP265B),bridge,N2,Bridge end,9902,9902
2162,Road to Gowainghat (Z2012) (LRP265C),link,N2,Road to Gowainghat (Z2012),9902,9902
2163,Jaflong 22 km (LRP266),link,N2,Jaflong 22 km,9902,9902
2165,Bridge end (LRP266B),bridge,N2,Bridge end,9902,9902
2168,Bridge end (LRP267B),bridge,N2,Bridge end,9902,9902
2169,Jaintapur 3 km (LRP268),link,N2,Jaintapur 3 km,9902,9902
2170,Jaflong 19 km (LRP269),link,N2,Jaflong 19 km,9902,9902
2193,Bridge end (LRP274F),bridge,N2,Bridge end,9902,9902
2194,Tamabil 9 km (LRP275),link,N2,Tamabil 9 km,9902,9902
2195,Bridge start (LRP275A),bridge,N2,Bridge start,9902,9902
2196,Bridge end (LRP275B),bridge,N2,Bridge end,9902,9902
2197,Jaflong 12 km (LRP276),link,N2,Jaflong 12 km,9902,9902
2198,Bridge start (LRP276A),bridge,N2,Bridge start,9902,9902
2199,Bridge end (LRP276B),bridge,N2,Bridge end,9902,9902
2201,Jaflong 10 km (LRP278),link,N2,Jaflong 10 km,9902,9902
2202,Km post broken (LRP279),link,N2,Km post broken,9902,9902
2204,Bridge start (LRP280A),bridge,N2,Bridge start,9902,9902
2205,Bridge end (LRP280B),bridge,N2,Bridge end,9902,9902
2206,Tamabil 3 km (LRP281),link,N2,Tamabil 3 km,9902,9902
2207,Bridge start (LRP281A),bridge,N2,Bridge start,9902,9902
2208,Bridge end (LRP281B),bridge,N2,Bridge end,9902,9902
2209,Jaflong 6 km (LRP282),link,N2,Jaflong 6 km,9902,9902
2149,Jaintapur 10 km (LRP261),link,N2,Jaintapur 10 km,9901,9901
2150,Box culvert (LRP261A),bridge,N2,Box culvert,9901,9901
2154,Jaflong 25 km (LRP263),link,N2,Jaflong 25 km,9901,9901
2155,Road to Kanaighat (Z2011) (LRP263A),link,N2,Road to Kanaighat (Z2011),9901,9901
2156,Bridge start (LRP263B),bridge,N2,Bridge start,9901,9901
2157,Bridge end (LRP263C),bridge,N2,Bridge end,9901,9901
2164,Bridge start (LRP266A),bridge,N2,Bridge start,9901,9901
2166,Jaintapur 4 km (LRP267),link,N2,Jaintapur 4 km,9901,9901
2167,Bridge start (LRP267A),bridge,N2,Bridge start,9901,9901
2142,Bridge end (LRP257B),bridge,N2,Bridge end,9900,9900
2143,Jaintapur 13 km (LRP258),link,N2,Jaintapur 13 km,9900,9900
2146,Tamabil 25 km (LRP259),link,N2,Tamabil 25 km,9900,9900
2148,Box culvert (LRP260A),bridge,N2,Box culvert,9900,9900
2158,Jaintapur 7 km (LRP264),link,N2,Jaintapur 7 km,9900,9900
2171,Bridge start (LRP269A),bridge,N2,Bridge start,9900,9900
2172,Bridge end (LRP269B),bridge,N2,Bridge end,9900,9900
2173,Jaintapur 1 km (LRP270),link,N2,Jaintapur 1 km,9900,9900
2175,Bridge end (LRP270B),bridge,N2,Bridge end,9900,9900
2176,Bridge start (LRP270C),bridge,N2,Bridge start,9900,9900
2177,Bridge end (LRP270D),bridge,N2,Bridge end,9900,9900
2178,Tamabil 13 km (LRP271),link,N2,Tamabil 13 km,9900,9900
2144,Bridge start (LRP258A),bridge,N2,Bridge start,9899,9899
2145,Bridge end (LRP258B),bridge,N2,Bridge end,9899,9899
2174,Bridge start (LRP270A),bridge,N2,Bridge start,9899,9899
2179,Bridge start (LRP271A),bridge,N2,Bridge start,9899,9899
2180,Bridge end (LRP271B),bridge,N2,Bridge end,9899,9899
2181,Jaflong 16 km (LRP272),link,N2,Jaflong 16 km,9899,9899
2182,Bridge start (LRP272A),bridge,N2,Bridge start,9899,9899
2183,Bridge end (LRP272B),bridge,N2,Bridge end,9899,9899
2184,Tamabil 11 km (LRP273),link,N2,Tamabil 11 km,9899,9899
2186,Bridge end (LRP273B),bridge,N2,Bridge end,9899,9899
2210,Km post missing (LRP283),link,N2,Km post missing,9899,9899
2140,Jaflong 31 km (LRP257),link,N2,Jaflong 31 km,9898,9898
2141,Bridge start (LRP257A),bridge,N2,Bridge start,9898,9898
2185,Bridge start (LRP273A),bridge,N2,Bridge start,9898,9898
2187,Jaflong 14 km (LRP274),link,N2,Jaflong 14 km,9898,9898
2188,Bridge start (LRP274A),bridge,N2,Bridge start,9898,9898
2189,Bridge end (LRP274B),bridge,N2,Bridge end,9898,9898
2190,Bridge start (LRP274C),bridge,N2,Bridge start,9898,9898
2191,Bridge end (LRP274D),bridge,N2,Bridge end,9898,9898
2192,Bridge start (LRP274E),bridge,N2,Bridge start,9898,9898
2211,Jaflong 4 km (LRP284),link,N2,Jaflong 4 km,9898,9898
2212,Box culvert (LRP284A),bridge,N2,Box culvert,9898,9898
2213,Box culvert (LRP284B),bridge,N2,Box culvert,9897,9897
2139,Tamabil 28 km (LRP256),link,N2,Tamabil 28 km,9896,9896
2214,Jaflong 3 km (LRP285),link,N2,Jaflong 3 km,9896,9896
2215,Box culvert (LRP285A),bridge,N2,Box culvert,9896,9896
2216,Box culvert (LRP285B),bridge,N2,Box culvert,9896,9896
2217,Km post broken (LRP286),link,N2,Km post broken,9896,9896
2219,Box culvert (LRP286B),bridge,N2,Box culvert,9896,9896
2220,Jaflong 1  km (LRP287),link,N2,Jaflong 1  km,9896,9896
2221,Bridge start (LRP287A),bridge,N2,Bridge start,9896,9896
2222,Bridge end (LRP287B),bridge,N2,Bridge end,9896,9896
2223,Box culvert (LRP287C),bridge,N2,Box culvert,9896,9896
2071,Box culvert (LRP230B),bridge,N2,Box culvert,9895,9895
2218,Box culvert (LRP286A),bridge,N2,Box culvert,9895,9895
2065,Km post broken (LRP229),link,N2,Km post broken,9894,9894
2066,Under Pass R250 (LRP229A),bridge,N2,Under Pass R250,9894,9894
2067,Bridge start (LRP229B),bridge,N2,Bridge start,9894,9894
2068,Bridge end (LRP229C),bridge,N2,Bridge end,9894,9894
2072,Km post missing (LRP231),link,N2,Km post missing,9894,9894
2073,Box culvert (LRP231A),bridge,N2,Box culvert,9894,9894
2079,Box culvert (LRP232A),bridge,N2,Box culvert,9894,9894
2081,Box culvert (LRP233A),bridge,N2,Box culvert,9894,9894
2111,Jainyapur 27 km (LRP244),link,N2,Jainyapur 27 km,9894,9894
2119,Box culvert (LRP247A),bridge,N2,Box culvert,9894,9894
2124,Box culvert (LRP249A),bridge,N2,Box culvert,9894,9894
2125,Jaflong 38 km (LRP250),link,N2,Jaflong 38 km,9894,9894
2126,Box culvert (LRP250A),bridge,N2,Box culvert,9894,9894
2127,Horipur 1 km (LRP251),link,N2,Horipur 1 km,9894,9894
2128,Box culvert (LRP251A),bridge,N2,Box culvert,9894,9894
2138,Bridge end (LRP255B),bridge,N2,Bridge end,9894,9894
2069,Km post missing (LRP230),link,N2,Km post missing,9893,9893
2070,Box culvert (LRP230A),bridge,N2,Box culvert,9893,9893
2074,Road to Keen Bridge(N206) (LRP231B),bridge,N2,Road to Keen Bridge(N206),9893,9893
2075,Box culvert (LRP231C),bridge,N2,Box culvert,9893,9893
2076,Box culvert (LRP231D),bridge,N2,Box culvert,9893,9893
2077,Box culvert (LRP231E),bridge,N2,Box culvert,9893,9893
2078,Km post missing (LRP232),link,N2,Km post missing,9893,9893
2080,Km post missing (LRP233),link,N2,Km post missing,9893,9893
2083,Tamabil 50 km (LRP234),link,N2,Tamabil 50 km,9893,9893
2087,Box culvert (LRP236A),bridge,N2,Box culvert,9893,9893
2088,Box culvert (LRP236B),bridge,N2,Box culvert,9893,9893
2092,Jaflong 50 km (LRP238),link,N2,Jaflong 50 km,9893,9893
2095,Box culvert (LRP238C),bridge,N2,Box culvert,9893,9893
2096,Km post missing (LRP239),link,N2,Km post missing,9893,9893
2097,N210 (LRP239A),link,N2,N210,9893,9893
2101,Tamabil 43 km (LRP241),link,N2,Tamabil 43 km,9893,9893
2109,Bridge end (LRP243B),bridge,N2,Bridge end,9893,9893
2110,Box culvert (LRP243C),bridge,N2,Box culvert,9893,9893
2112,Tamabil 39 km (LRP245),link,N2,Tamabil 39 km,9893,9893
2113,Box culvert (LRP245A),bridge,N2,Box culvert,9893,9893
2114,Jaflong 42 km (LRP246),link,N2,Jaflong 42 km,9893,9893
2115,Bridge start (LRP246A),bridge,N2,Bridge start,9893,9893
2116,Bridge end (LRP246B),bridge,N2,Bridge end,9893,9893
2117,Box culvert (LRP246C),bridge,N2,Box culvert,9893,9893
2118,Horipur 5 km (LRP247),link,N2,Horipur 5 km,9893,9893
2134,Bridge end (LRP253B),bridge,N2,Bridge end,9893,9893
2135,Jaflong 34 km (LRP254),link,N2,Jaflong 34 km,9893,9893
2136,Jaintapur 16 km (LRP255),link,N2,Jaintapur 16 km,9893,9893
2137,Bridge start (LRP255A),bridge,N2,Bridge start,9893,9893
2082,Box culvert (LRP233B),bridge,N2,Box culvert,9892,9892
2084,Box culvert (LRP234A),bridge,N2,Box culvert,9892,9892
2085,Horipur 17 km (LRP235),link,N2,Horipur 17 km,9892,9892
2086,Horipur 16 km (LRP236),link,N2,Horipur 16 km,9892,9892
2089,Tamabil 47 km (LRP237),link,N2,Tamabil 47 km,9892,9892
2090,Bridge start (LRP237A),bridge,N2,Bridge start,9892,9892
2091,Bridge end (LRP237B),bridge,N2,Bridge end,9892,9892
2093,Bridge start (LRP238A),bridge,N2,Bridge start,9892,9892
2094,Bridge end (LRP238B),bridge,N2,Bridge end,9892,9892
2098,Jaintapur 31 km (LRP240),link,N2,Jaintapur 31 km,9892,9892
2099,Box culvert (LRP240A),bridge,N2,Box culvert,9892,9892
2100,Box culvert (LRP240B),bridge,N2,Box culvert,9892,9892
2102,Bridge start (LRP241A),bridge,N2,Bridge start,9892,9892
2103,Bridge end (LRP241B),bridge,N2,Bridge end,9892,9892
2105,Jaflong 46 km (LRP242),link,N2,Jaflong 46 km,9892,9892
2131,Bridge end (LRP252B),bridge,N2,Bridge end,9892,9892
2132,Tamabil 31 km (LRP253),link,N2,Tamabil 31 km,9892,9892
2133,Bridge start (LRP253A),bridge,N2,Bridge start,9892,9892
2104,Box culvert (LRP241C),bridge,N2,Box culvert,9891,9891
2106,Box culvert (LRP242A),bridge,N2,Box culvert,9891,9891
2107,Horipur 9 km (LRP243),link,N2,Horipur 9 km,9891,9891
2108,Bridge start (LRP243A),bridge,N2,Bridge start,9891,9891
2120,Box culvert (LRP247B),bridge,N2,Box culvert,9891,9891
2121,Jaintapur 23  km (LRP248),link,N2,Jaintapur 23  km,9891,9891
2123,Tamabil 35 km (LRP249),link,N2,Tamabil 35 km,9891,9891
2129,Km post missing (LRP252),link,N2,Km post missing,9891,9891
2130,Bridge start (LRP252A),bridge,N2,Bridge start,9891,9891
2122,Box Culvert (LRP248A),bridge,N2,Box Culvert,9890,9890
3124,Box culvert (LRP001A),bridge,N105,Box culvert,9262,9262
3125,"Bangabandhu Bridge 128 km,Mymensingh 132 km (LRP002)",bridge,N105,"Bangabandhu Bridge 128 km,Mymensingh 132 km",9262,9262
3126,Box culvert (LRP002A),bridge,N105,Box culvert,9262,9262
3123,Km post missing (LRP001),link,N105,Km post missing,9261,9261
3127,"Bangabandhu bridge 127 km,Mymensingh 130 km (LRP003)",bridge,N105,"Bangabandhu bridge 127 km,Mymensingh 130 km",9260,9260
3146,"Bangabondhu Bridge- 120 km, Mymensingh- 123 km, Gazipur 39 km (LRP010)",bridge,N105,"Bangabondhu Bridge- 120 km, Mymensingh- 123 km, Gazipur 39 km",9260,9260
3128,Box culvert (LRP003A),bridge,N105,Box culvert,9259,9259
3131,"Bangabandhu bridge 125 km,Mymensingh 128 km,Gazipur 44 km (LRP005)",bridge,N105,"Bangabandhu bridge 125 km,Mymensingh 128 km,Gazipur 44 km",9259,9259
3145,Bridge end (LRP009C),bridge,N105,Bridge end,9259,9259
3147,Box Culvert (LRP010A),bridge,N105,Box Culvert,9259,9259
3148,Bridge Start (LRP010B),bridge,N105,Bridge Start,9259,9259
3149,Bridge end (LRP010C),bridge,N105,Bridge end,9259,9259
3150,Information  missing (LRP011),link,N105,Information  missing,9259,9259
3152,N2 Dhaka-Sylhet -Jaflong Road (LRP012A),link,N105,N2 Dhaka-Sylhet -Jaflong Road,9259,9259
3129,"Bangabandhu bridge 126 km,Mymensingh 129 km,Gazipur 45 km (LRP004)",bridge,N105,"Bangabandhu bridge 126 km,Mymensingh 129 km,Gazipur 45 km",9258,9258
3130,Tanaki Road (LRP004A),link,N105,Tanaki Road,9258,9258
3140,Bridge end (LRP007C),bridge,N105,Bridge end,9258,9258
3141,"Bangabondhu Bridge- 122 km, Mymensingh- 125 km, Gazipur 41km (LRP008)",bridge,N105,"Bangabondhu Bridge- 122 km, Mymensingh- 125 km, Gazipur 41km",9258,9258
3142,"Bangabondhu Bridge 121km, Mymensingh- 124 km, Gazipur 40 km (LRP009)",bridge,N105,"Bangabondhu Bridge 121km, Mymensingh- 124 km, Gazipur 40 km",9258,9258
3143,Box Culvert (LRP009A),bridge,N105,Box Culvert,9258,9258
3144,Bridge Start (LRP009B),bridge,N105,Bridge Start,9258,9258
3151,"Bangabondhu Bridge 118 km, Mymenshingh 151 km, Gazipur 37 km (LRP012)",bridge,N105,"Bangabondhu Bridge 118 km, Mymenshingh 151 km, Gazipur 37 km",9258,9258
3132,Box culvert (LRP005A),bridge,N105,Box culvert,9257,9257
3133,"Bangabandhu bridge 124 km,Gazipur 43 km,Mymensingh 127 km (LRP006)",bridge,N105,"Bangabandhu bridge 124 km,Gazipur 43 km,Mymensingh 127 km",9257,9257
3134,Box culvert (LRP006A),bridge,N105,Box culvert,9257,9257
3135,"R114, Nayapur- Raipura Road (LRP006B)",link,N105,"R114, Nayapur- Raipura Road",9257,9257
3138,"Z1090, Majerchar -Kayetpara Road (LRP007A)",link,N105,"Z1090, Majerchar -Kayetpara Road",9257,9257
3139,Bridge Start (LRP007B),bridge,N105,Bridge Start,9257,9257
3136,Box Culvert (LRP006C),bridge,N105,Box Culvert,9256,9256
3137,"Bangabondhu Bridge-123 km,Mymanshingh -126 km, Gazipur 42 km (LRP007)",bridge,N105,"Bangabondhu Bridge-123 km,Mymanshingh -126 km, Gazipur 42 km",9256,9256
2467,B Baria56 km Sylhet234 km (LRP016),link,N102,B Baria56 km Sylhet234 km,6207,6207
2468,"B Baria 55 km, Sylhet 233 km (LRP017)",link,N102,"B Baria 55 km, Sylhet 233 km",6207,6207
2469,Box Culvert (LRP017A),bridge,N102,Box Culvert,6207,6207
2464,BBaria 58 km Sylhet 236 km (LRP014),link,N102,BBaria 58 km Sylhet 236 km,6206,6206
2465,B Baria 57 km Sylhet235 km (LRP015),link,N102,B Baria 57 km Sylhet235 km,6206,6206
2466,Box Culvert (LRP015A),bridge,N102,Box Culvert,6206,6206
2470,B Baria 54 km Sylhet 232 km (LRP018),link,N102,B Baria 54 km Sylhet 232 km,6206,6206
2471,Box Culvert (LRP018A),bridge,N102,Box Culvert,6206,6206
2472,Km post missing (LRP019),link,N102,Km post missing,6206,6206
2473,Box Culvert (LRP019A),bridge,N102,Box Culvert,6206,6206
2474,Box Culvert (LRP019B),bridge,N102,Box Culvert,6206,6206
2451,Box Culvert (LRP007A),bridge,N102,Box Culvert,6205,6205
2455,B Baria 63 km Sylhet 241 km (LRP009),link,N102,B Baria 63 km Sylhet 241 km,6205,6205
2462,B Baria 60 km Sylhet 238 km (LRP012),link,N102,B Baria 60 km Sylhet 238 km,6205,6205
2463,B Baria 59 km Sylhet 237 km (LRP013),link,N102,B Baria 59 km Sylhet 237 km,6205,6205
2475,Infor.missing (LRP020),link,N102,Infor.missing,6205,6205
2476,"Side Road, Left to Chandina Z 1008 (LRP020A)",link,N102,"Side Road, Left to Chandina Z 1008",6205,6205
2477,B Baria 51 km Sylhet229 km (LRP021),link,N102,B Baria 51 km Sylhet229 km,6205,6205
2478,Box Culvert (LRP021A),bridge,N102,Box Culvert,6205,6205
2479,Box Culvert (LRP021B),bridge,N102,Box Culvert,6205,6205
2480,B Baria 50 km (LRP022),link,N102,B Baria 50 km,6205,6205
2500,BBaria 43 km Sylhet 221 km (LRP029),link,N102,BBaria 43 km Sylhet 221 km,6205,6205
2505,BBaria 42 Sylhet 220 km (LRP030),link,N102,BBaria 42 Sylhet 220 km,6205,6205
2567,Box Culvert (LRP047A),bridge,N102,Box Culvert,6205,6205
2572,Bridge End (LRP049B),bridge,N102,Bridge End,6205,6205
2438,Box Culvert (LRPSA),bridge,N102,Box Culvert,6204,6204
2439,Box Culvert (LRPSB),bridge,N102,Box Culvert,6204,6204
2440,Km post missing (LRP001),link,N102,Km post missing,6204,6204
2441,B Baria 68 km Sylhet 248 km (LRP002),link,N102,B Baria 68 km Sylhet 248 km,6204,6204
2442,Box Culvert (LRP002A),bridge,N102,Box Culvert,6204,6204
2452,B Baria 64 km Sylhet 242 km (LRP008),link,N102,B Baria 64 km Sylhet 242 km,6204,6204
2453,Bridge start (LRP008A),bridge,N102,Bridge start,6204,6204
2454,Bridge End (LRP008B),bridge,N102,Bridge End,6204,6204
2456,Box Culvert (LRP009A),bridge,N102,Box Culvert,6204,6204
2457,Km post missing (LRP010),link,N102,Km post missing,6204,6204
2458,Z 1219 Left Nimsar Right    Burichang (LRP010A),link,N102,Z 1219 Left Nimsar Right    Burichang,6204,6204
2459,"B Baria 61 km, Sylhet 239 km (LRP011)",link,N102,"B Baria 61 km, Sylhet 239 km",6204,6204
2460,Box Culvert (LRP011A),bridge,N102,Box Culvert,6204,6204
2481,Box Culvert (LRP022A),bridge,N102,Box Culvert,6204,6204
2482,B Baria 49 km Sylhet 227 km (LRP023),link,N102,B Baria 49 km Sylhet 227 km,6204,6204
2483,Bridge start (LRP023A),bridge,N102,Bridge start,6204,6204
2484,Bridge End (LRP023B),bridge,N102,Bridge End,6204,6204
2486,"Side Road, Left Z1017 to Madhaya (LRP024A)",link,N102,"Side Road, Left Z1017 to Madhaya",6204,6204
2487,Bridge start (LRP024B),bridge,N102,Bridge start,6204,6204
2488,Bridge End (LRP024C),bridge,N102,Bridge End,6204,6204
2489,Infor.missing (LRP025),link,N102,Infor.missing,6204,6204
2490,Road to Madhaya (LRP025A),link,N102,Road to Madhaya,6204,6204
2498,Bridge End (LRP028B),bridge,N102,Bridge End,6204,6204
2499,Box Culvert (LRP028C),bridge,N102,Box Culvert,6204,6204
2501,Box Culvert (LRP029A),bridge,N102,Box Culvert,6204,6204
2502,Bridge start (LRP029B),bridge,N102,Bridge start,6204,6204
2503,Bridge End (LRP029C),bridge,N102,Bridge End,6204,6204
2504,Box Culvert (LRP029D),bridge,N102,Box Culvert,6204,6204
2506,Bridge start (LRP030A),bridge,N102,Bridge start,6204,6204
2507,Bridge End (LRP030B),bridge,N102,Bridge End,6204,6204
2508,BBaria 41 Sylhet 219 km (LRP031),link,N102,BBaria 41 Sylhet 219 km,6204,6204
2509,Box Culvert (LRP031A),bridge,N102,Box Culvert,6204,6204
2551,BBaria 30 km Sylhet208 km (LRP042),link,N102,BBaria 30 km Sylhet208 km,6204,6204
2552,Km post missing (LRP043),link,N102,Km post missing,6204,6204
2553,Culvert under Constriction (LRP043A),bridge,N102,Culvert under Constriction,6204,6204
2554,Divission Road (LRP043B),bridge,N102,Divission Road,6204,6204
2555,Z1201 (LRP043C),link,N102,Z1201,6204,6204
2556,Km post missing (LRP044),link,N102,Km post missing,6204,6204
2557,Bridge start (LRP044A),bridge,N102,Bridge start,6204,6204
2558,Bridge End (LRP044B),bridge,N102,Bridge End,6204,6204
2559,Bridge start (LRP044C),bridge,N102,Bridge start,6204,6204
2560,Bridge End (LRP044D),bridge,N102,Bridge End,6204,6204
2561,Km post missing (LRP045),link,N102,Km post missing,6204,6204
2563,BBaria 26 km Sylhet 204 (LRP046),link,N102,BBaria 26 km Sylhet 204,6204,6204
2565,Bridge End (LRP046B),bridge,N102,Bridge End,6204,6204
2566,BBaria 25 Sylhet 203 km (LRP047),link,N102,BBaria 25 Sylhet 203 km,6204,6204
2568,Bbaria 24 Sylhet 202 km (LRP048),link,N102,Bbaria 24 Sylhet 202 km,6204,6204
2569,Box Culvert (LRP048A),bridge,N102,Box Culvert,6204,6204
2570,Km post missing (LRP049),link,N102,Km post missing,6204,6204
2571,Bridge start (LRP049A),bridge,N102,Bridge start,6204,6204
2443,Box Culvert (LRP002B),bridge,N102,Box Culvert,6203,6203
2444,Box Culvert (LRP002C),bridge,N102,Box Culvert,6203,6203
2445,Km post missing (LRP003),link,N102,Km post missing,6203,6203
2446,Km post missing (LRP004),link,N102,Km post missing,6203,6203
2447,Box Culvert (LRP004A),bridge,N102,Box Culvert,6203,6203
2448,Km post missing (LRP005),link,N102,Km post missing,6203,6203
2449,B Baria 66 km Sylhet 244 km (LRP006),link,N102,B Baria 66 km Sylhet 244 km,6203,6203
2461,Box Culvert (LRP011B),bridge,N102,Box Culvert,6203,6203
2485,B Baria 48 km Sylhet 226 km (LRP024),link,N102,B Baria 48 km Sylhet 226 km,6203,6203
2491,Box Culvert (LRP025B),bridge,N102,Box Culvert,6203,6203
2492,B Baria 46 km Sylhet 224 km (LRP026),link,N102,B Baria 46 km Sylhet 224 km,6203,6203
2494,BBaria 45 km Sylhet 223 km (LRP027),link,N102,BBaria 45 km Sylhet 223 km,6203,6203
2495,Box Culvert (LRP027A),bridge,N102,Box Culvert,6203,6203
2496,BBaria 44 km Sylhet 223 km (LRP028),link,N102,BBaria 44 km Sylhet 223 km,6203,6203
2497,Bridge start (LRP028A),bridge,N102,Bridge start,6203,6203
2521,Box Culvert (LRP034A),bridge,N102,Box Culvert,6203,6203
2522,Box Culvert (LRP034B),bridge,N102,Box Culvert,6203,6203
2523,BBaria 37 km Sylhet 215 km (LRP035),link,N102,BBaria 37 km Sylhet 215 km,6203,6203
2524,Bridge start (LRP035A),bridge,N102,Bridge start,6203,6203
2525,Bridge end (LRP035B),bridge,N102,Bridge end,6203,6203
2526,Bridge start (LRP035C),bridge,N102,Bridge start,6203,6203
2527,Bridge end (LRP035D),bridge,N102,Bridge end,6203,6203
2528,BBara 36 Sylhet 214 km (LRP036),link,N102,BBara 36 Sylhet 214 km,6203,6203
2529,Box Culvert (LRP036A),bridge,N102,Box Culvert,6203,6203
2530,Bridge start (LRP036B),bridge,N102,Bridge start,6203,6203
2531,Bridge End (LRP036C),bridge,N102,Bridge End,6203,6203
2532,Bridge start (LRP036D),bridge,N102,Bridge start,6203,6203
2533,Bridge End (LRP036E),bridge,N102,Bridge End,6203,6203
2534,"B.Bara 35 km, Sylhet 213 km (LRP037)",link,N102,"B.Bara 35 km, Sylhet 213 km",6203,6203
2535,Bridge start (LRP037A),bridge,N102,Bridge start,6203,6203
2536,Bridge End (LRP037B),bridge,N102,Bridge End,6203,6203
2537,Box Culvert (LRP037C),bridge,N102,Box Culvert,6203,6203
2538,BBaria34 km Sylhet212 km (LRP038),link,N102,BBaria34 km Sylhet212 km,6203,6203
2539,Road to Bancharampura(Z1041) (LRP038A),link,N102,Road to Bancharampura(Z1041),6203,6203
2540,Bridge start (LRP038B),bridge,N102,Bridge start,6203,6203
2541,Bridge End (LRP038C),bridge,N102,Bridge End,6203,6203
2542,Box Culvert (LRP038D),bridge,N102,Box Culvert,6203,6203
2543,BBaria 33 km Sylhet 211 km (LRP039),link,N102,BBaria 33 km Sylhet 211 km,6203,6203
2562,Box Culvert (LRP045A),bridge,N102,Box Culvert,6203,6203
2564,Bridge start (LRP046A),bridge,N102,Bridge start,6203,6203
2573,Km post missing (LRP050),link,N102,Km post missing,6203,6203
2574,Box Culvert (LRP050A),bridge,N102,Box Culvert,6203,6203
2450,"B. Bari 65 km, Sylhet 243 km (LRP007)",link,N102,"B. Bari 65 km, Sylhet 243 km",6202,6202
2510,Box Culvert (LRP031B),bridge,N102,Box Culvert,6202,6202
2511,Bridge start (LRP031C),bridge,N102,Bridge start,6202,6202
2512,Bridge End (LRP031D),bridge,N102,Bridge End,6202,6202
2513,BBaria 40 km Sylhet 218 km (LRP032),link,N102,BBaria 40 km Sylhet 218 km,6202,6202
2514,Box Culvert (LRP032A),bridge,N102,Box Culvert,6202,6202
2515,BBaria 39 km Sylhet 217 km (LRP033),link,N102,BBaria 39 km Sylhet 217 km,6202,6202
2516,Bridge start (LRP033A),bridge,N102,Bridge start,6202,6202
2517,Bridge End (LRP033B),bridge,N102,Bridge End,6202,6202
2518,Bridge start (LRP033C),bridge,N102,Bridge start,6202,6202
2519,Bridge End (LRP033D),bridge,N102,Bridge End,6202,6202
2520,BBaria 38 km (LRP034),link,N102,BBaria 38 km,6202,6202
2544,Bridge start (LRP039A),bridge,N102,Bridge start,6202,6202
2545,Bridge End (LRP039B),bridge,N102,Bridge End,6202,6202
2575,Bridge start (LRP050B),bridge,N102,Bridge start,6202,6202
2576,Bridge End (LRP050C),bridge,N102,Bridge End,6202,6202
2577,Km post missing (LRP051),link,N102,Km post missing,6202,6202
2645,Madhebpur 27 km sylhet 174 (LRP078),link,N102,Madhebpur 27 km sylhet 174,6202,6202
2652,Km post missing (LRP081),link,N102,Km post missing,6202,6202
2653,Madhebpur 23 km Sylhet170 km (LRP082),link,N102,Madhebpur 23 km Sylhet170 km,6202,6202
2493,Box Culvert (LRP026A),bridge,N102,Box Culvert,6201,6201
2548,Bridge start / Bridge End (LRP040B),bridge,N102,Bridge start / Bridge End,6201,6201
2549,Km post missing (LRP041),link,N102,Km post missing,6201,6201
2550,Box Culvert (LRP041A),bridge,N102,Box Culvert,6201,6201
2578,Box Culvert (LRP051A),bridge,N102,Box Culvert,6201,6201
2579,Km post missing (LRP052),link,N102,Km post missing,6201,6201
2639,Km post missing (LRP075),link,N102,Km post missing,6201,6201
2640,Km post missing (LRP076),link,N102,Km post missing,6201,6201
2641,N 103 on Right (LRP076A),link,N102,N 103 on Right,6201,6201
2642,Madheppur 28 km Sylhet 175 km (LRP077),link,N102,Madheppur 28 km Sylhet 175 km,6201,6201
2643,Bridge Start (LRP077A),bridge,N102,Bridge Start,6201,6201
2644,Bridge End (LRP077B),bridge,N102,Bridge End,6201,6201
2646,Box Culvert (LRP078A),bridge,N102,Box Culvert,6201,6201
2647,Box Culvert (LRP078B),bridge,N102,Box Culvert,6201,6201
2648,Km post missing (LRP079),link,N102,Km post missing,6201,6201
2650,Post Convened with Send (LRP080),link,N102,Post Convened with Send,6201,6201
2651,Box Culvert (LRP080A),bridge,N102,Box Culvert,6201,6201
2654,Box Culvert (LRP082A),bridge,N102,Box Culvert,6201,6201
2546,BBaria 32 km Sylhet 210 km (LRP040),link,N102,BBaria 32 km Sylhet 210 km,6200,6200
2547,Start road Division B. Baria / Start road Division B. Baria (LRP040A),link,N102,Start road Division B. Baria / Start road Division B. Baria,6200,6200
2636,Bridge End (LRP073B),bridge,N102,Bridge End,6200,6200
2638,Z1210 to Lalpur (LRP074A),link,N102,Z1210 to Lalpur,6200,6200
2649,Box Culvert (LRP079A),bridge,N102,Box Culvert,6200,6200
2625,Bbaria 3 Sylhet 181 km (LRP069),link,N102,Bbaria 3 Sylhet 181 km,6199,6199
2626,Box Culvert (LRP069A),bridge,N102,Box Culvert,6199,6199
2627,BBaria 2 Sylhet180 km (LRP070),link,N102,BBaria 2 Sylhet180 km,6199,6199
2628,Bridge start (LRP070A),bridge,N102,Bridge start,6199,6199
2629,Bridge End (LRP070B),bridge,N102,Bridge End,6199,6199
2633,Rail Road Crossing (LRP072A),link,N102,Rail Road Crossing,6199,6199
2634,Km post missing (LRP073),link,N102,Km post missing,6199,6199
2635,Bridge Start (LRP073A),bridge,N102,Bridge Start,6199,6199
2637,Km post missing (LRP074),link,N102,Km post missing,6199,6199
2580,Bridge start (LRP052A),bridge,N102,Bridge start,6198,6198
2581,Bridge End (LRP052B),bridge,N102,Bridge End,6198,6198
2624,End of Bridge (LRP068A),bridge,N102,End of Bridge,6198,6198
2630,N103 on Right (LRP070C),link,N102,N103 on Right,6198,6198
2631,Km post missing (LRP071),link,N102,Km post missing,6198,6198
2632,Km post missing (LRP072),link,N102,Km post missing,6198,6198
2582,Km post missing (LRP053),link,N102,Km post missing,6197,6197
2584,Bridge end (LRP053B),bridge,N102,Bridge end,6197,6197
2585,Bbaria 18 km Sylhet 196 km (LRP054),link,N102,Bbaria 18 km Sylhet 196 km,6197,6197
2618,BBaria 6 km (LRP066),link,N102,BBaria 6 km,6197,6197
2619,Box Culvert (LRP066A),bridge,N102,Box Culvert,6197,6197
2583,Bridge start (LRP053A),bridge,N102,Bridge start,6196,6196
2586,Bbaria 17 km Sylhet 195 km (LRP055),link,N102,Bbaria 17 km Sylhet 195 km,6196,6196
2602,Km post missing / Bridge start (LRP060),bridge,N102,Km post missing / Bridge start,6196,6196
2604,Km post missing (LRP061),link,N102,Km post missing,6196,6196
2605,BBaria 10 km Sylhet 188 km (LRP062),link,N102,BBaria 10 km Sylhet 188 km,6196,6196
2606,Z1216 to Akhaowera (LRP062A),link,N102,Z1216 to Akhaowera,6196,6196
2607,Box Culvert (LRP062B),bridge,N102,Box Culvert,6196,6196
2608,Box Culvert (LRP062C),bridge,N102,Box Culvert,6196,6196
2609,BBaria 9 Sylhet 187 km (LRP063),link,N102,BBaria 9 Sylhet 187 km,6196,6196
2610,Bridge start (LRP063A),bridge,N102,Bridge start,6196,6196
2611,Bridge End (LRP063B),bridge,N102,Bridge End,6196,6196
2616,Km post missing (LRP065),link,N102,Km post missing,6196,6196
2617,Box Culvert (LRP065A),bridge,N102,Box Culvert,6196,6196
2620,BBaria5 Sylhet 183 km (LRP067),link,N102,BBaria5 Sylhet 183 km,6196,6196
2621,Box Culvert (LRP067A),bridge,N102,Box Culvert,6196,6196
2622,Start of Bridge (LRP067B),bridge,N102,Start of Bridge,6196,6196
2623,Km post missing (LRP068),link,N102,Km post missing,6196,6196
2587,Bridge start (LRP055A),bridge,N102,Bridge start,6195,6195
2588,Bridge End (LRP055B),bridge,N102,Bridge End,6195,6195
2603,Bridge End (LRP060B),bridge,N102,Bridge End,6195,6195
2612,B Baria 8 km Sylhet 186 km (LRP064),link,N102,B Baria 8 km Sylhet 186 km,6195,6195
2613,R203 on left to Nabinagar (LRP064A),link,N102,R203 on left to Nabinagar,6195,6195
2614,Bridge start (LRP064B),bridge,N102,Bridge start,6195,6195
2615,Bridge End (LRP064C),bridge,N102,Bridge End,6195,6195
2589,Box Culvert (LRP055C),bridge,N102,Box Culvert,6194,6194
2590,Km post missing (LRP056),link,N102,Km post missing,6194,6194
2591,Z1202 Road to Akhoura (LRP056A),link,N102,Z1202 Road to Akhoura,6194,6194
2592,Bridge start (LRP056B),bridge,N102,Bridge start,6194,6194
2593,Bridge End (LRP056C),bridge,N102,Bridge End,6194,6194
2594,Km post missing (LRP057),link,N102,Km post missing,6194,6194
2599,Box Culvert (LRP059A),bridge,N102,Box Culvert,6194,6194
2600,Bridge start (LRP059B),bridge,N102,Bridge start,6194,6194
2601,Bridge End (LRP059C),bridge,N102,Bridge End,6194,6194
2595,Km post missing (LRP058),link,N102,Km post missing,6193,6193
2596,Bridge start (LRP058A),bridge,N102,Bridge start,6193,6193
2597,Bridge End (LRP058B),bridge,N102,Bridge End,6193,6193
2598,Km post missing (LRP059),link,N102,Km post missing,6193,6193
3067,Km post missing (LRP034),link,N104,Km post missing,6001,6001
3073,Rail road crossing (LRP034F),link,N104,Rail road crossing,6001,6001
3081,Km post missing (LRP037),link,N104,Km post missing,6001,6001
3115,Bridge end (LRP048B),bridge,N104,Bridge end,6001,6001
3116,Box culvert (LRP048C),bridge,N104,Box culvert,6001,6001
3065,Box culvert (LRP032A),bridge,N104,Box culvert,6000,6000
3066,Km post missing (LRP033),link,N104,Km post missing,6000,6000
3068,Z-1450 road end (LRP034A),link,N104,Z-1450 road end,6000,6000
3069,Bridge start (LRP034B),bridge,N104,Bridge start,6000,6000
3070,Bridge end (LRP034C),bridge,N104,Bridge end,6000,6000
3071,Z-1420 (LRP034D),link,N104,Z-1420,6000,6000
3072,"Z-1450,Road Start (LRP034E)",link,N104,"Z-1450,Road Start",6000,6000
3074,Km post missing (LRP035),link,N104,Km post missing,6000,6000
3075,Bridge start (LRP035A),bridge,N104,Bridge start,6000,6000
3077,Km post missing (LRP036),link,N104,Km post missing,6000,6000
3078,"Road to Sonaimuri (R142),Begumganj More (LRP036A)",link,N104,"Road to Sonaimuri (R142),Begumganj More",6000,6000
3079,Road to Lakshmipur (R140) (LRP036B),link,N104,Road to Lakshmipur (R140),6000,6000
3080,Box culvert (LRP036C),bridge,N104,Box culvert,6000,6000
3084,Km post missing (LRP038),link,N104,Km post missing,6000,6000
3085,Bridge start (LRP038A),bridge,N104,Bridge start,6000,6000
3086,Bridge end (LRP038B),bridge,N104,Bridge end,6000,6000
3087,"Maijdee 6 km,Sonapur 11 km (LRP039)",link,N104,"Maijdee 6 km,Sonapur 11 km",6000,6000
3088,Box culvert (LRP039A),bridge,N104,Box culvert,6000,6000
3109,Box Culvert (LRP045D),bridge,N104,Box Culvert,6000,6000
3110,"Sonapur 4 km, Bagumganj 10 km, Maijdee 1 km (LRP046)",link,N104,"Sonapur 4 km, Bagumganj 10 km, Maijdee 1 km",6000,6000
3112,"Sonapur 3 km,Begumganj 11 km (LRP047)",link,N104,"Sonapur 3 km,Begumganj 11 km",6000,6000
3113,"Sonapur 2 km,Begumganj 12 km,Maijdee 3 km (LRP048)",link,N104,"Sonapur 2 km,Begumganj 12 km,Maijdee 3 km",6000,6000
3114,Bridge start (LRP048A),bridge,N104,Bridge start,6000,6000
3117,Sonapur 1 km (LRP049),link,N104,Sonapur 1 km,6000,6000
3118,Box culvert (LRP049A),bridge,N104,Box culvert,6000,6000
3119,Box culvert (LRP049B),bridge,N104,Box culvert,6000,6000
3120,Sonapur Link Road Z-1440 (LRP049C),link,N104,Sonapur Link Road Z-1440,6000,6000
3026,Box culvert (LRP013A),bridge,N104,Box culvert,5999,5999
3027,"Begumganj 22 km,Maijdee 32 km (LRP014)",link,N104,"Begumganj 22 km,Maijdee 32 km",5999,5999
3060,"Begumganj 6 km,Maijdee 16 km (LRP030)",link,N104,"Begumganj 6 km,Maijdee 16 km",5999,5999
3061,Box culvert (LRP030A),bridge,N104,Box culvert,5999,5999
3062,"Begumganj 5 km,Maijdee 13 km (LRP031)",link,N104,"Begumganj 5 km,Maijdee 13 km",5999,5999
3063,Slab culvert (LRP031A),bridge,N104,Slab culvert,5999,5999
3076,Bridge end (LRP035B),bridge,N104,Bridge end,5999,5999
3082,Box culvert (LRP037A),bridge,N104,Box culvert,5999,5999
3083,Box culvert (LRP037B),bridge,N104,Box culvert,5999,5999
3089,"Maijdee 5 km,Sonapur 10 km (LRP040)",link,N104,"Maijdee 5 km,Sonapur 10 km",5999,5999
3096,Road to Right R-143 (LRP043B),link,N104,Road to Right R-143,5999,5999
3097,Bridge start (LRP043C),bridge,N104,Bridge start,5999,5999
3098,Bridge end (LRP043D),bridge,N104,Bridge end,5999,5999
3099,"Maijdee 1 km,Sonapur 6 km (LRP044)",link,N104,"Maijdee 1 km,Sonapur 6 km",5999,5999
3100,Box Culvert (LRP044A),bridge,N104,Box Culvert,5999,5999
3101,Box Culvert (LRP044B),bridge,N104,Box Culvert,5999,5999
3102,Bridge start (LRP044C),bridge,N104,Bridge start,5999,5999
3103,Bridge end (LRP044D),bridge,N104,Bridge end,5999,5999
3104,Box Culvert (LRP044E),bridge,N104,Box Culvert,5999,5999
3105,"Z-1452,Link Section end (Maijdee Station road) (LRP044F)",link,N104,"Z-1452,Link Section end (Maijdee Station road)",5999,5999
3106,Km post missing (LRP045),link,N104,Km post missing,5999,5999
3107,"Z-1452,Maijdee Station road / Road to Dadpur,Z-1429 (LRP045A)",link,N104,"Z-1452,Maijdee Station road / Road to Dadpur,Z-1429",5999,5999
3108,Box culvert (LRP045C),bridge,N104,Box culvert,5999,5999
3111,Box culvert (LRP046A),bridge,N104,Box culvert,5999,5999
3024,"Begumganj 24 km,Maijdee 34 km (LRP012)",link,N104,"Begumganj 24 km,Maijdee 34 km",5998,5998
3025,"Begumganj 23 km,Maijdee 33 km (LRP013)",link,N104,"Begumganj 23 km,Maijdee 33 km",5998,5998
3028,Road to Baktermunshi (LRP014A),link,N104,Road to Baktermunshi,5998,5998
3029,Road to Companiganj Z1441 (LRP014B),link,N104,Road to Companiganj Z1441,5998,5998
3030,Km post missing (LRP015),link,N104,Km post missing,5998,5998
3031,Box culvert (LRP015A),bridge,N104,Box culvert,5998,5998
3043,Box culvert (LRP021A),bridge,N104,Box culvert,5998,5998
3044,"Begumganj 14 km,Maijdee 24 km (LRP022)",link,N104,"Begumganj 14 km,Maijdee 24 km",5998,5998
3045,Bridge start (LRP022A),bridge,N104,Bridge start,5998,5998
3046,Bridge end (LRP022B),bridge,N104,Bridge end,5998,5998
3047,"Begumganj 13 km,Maijdee 23 km (LRP023)",link,N104,"Begumganj 13 km,Maijdee 23 km",5998,5998
3048,Road to Chanderhat (Z1416) (LRP023A),link,N104,Road to Chanderhat (Z1416),5998,5998
3049,Box culvert (LRP023B),bridge,N104,Box culvert,5998,5998
3050,Road to Senbagh Z-1421 (LRP023C),link,N104,Road to Senbagh Z-1421,5998,5998
3051,"Begumganj 12 km,Maijdee 20 km (LRP024)",link,N104,"Begumganj 12 km,Maijdee 20 km",5998,5998
3052,"Begumganj 11 km,Maijdee 21 km (LRP025)",link,N104,"Begumganj 11 km,Maijdee 21 km",5998,5998
3053,Box culvert (LRP025A),bridge,N104,Box culvert,5998,5998
3054,"Begumganj 10 km,Maijdee 18 km(Wrong Writting) (LRP026)",link,N104,"Begumganj 10 km,Maijdee 18 km(Wrong Writting)",5998,5998
3055,"Begumganj 9 km,Maijdee 17 km(Wrong Writting) (LRP027)",link,N104,"Begumganj 9 km,Maijdee 17 km(Wrong Writting)",5998,5998
3056,Slab culvert (LRP027A),bridge,N104,Slab culvert,5998,5998
3057,"Begumganj 8 km,Maijdee 16 km(Wrong Writting) (LRP028)",link,N104,"Begumganj 8 km,Maijdee 16 km(Wrong Writting)",5998,5998
3058,2 V-Box culvert (LRP028A),bridge,N104,2 V-Box culvert,5998,5998
3059,"Begumganj 7 km,Maijdee 17 km (LRP029)",link,N104,"Begumganj 7 km,Maijdee 17 km",5998,5998
3064,"Begumganj 4 km,Maijdee 12 km (LRP032)",link,N104,"Begumganj 4 km,Maijdee 12 km",5998,5998
3090,Box culvert (LRP040A),bridge,N104,Box culvert,5998,5998
3091,"Maijdee 4 km,Sonapur 9 km (LRP041)",link,N104,"Maijdee 4 km,Sonapur 9 km",5998,5998
3092,Box culvert (LRP041A),bridge,N104,Box culvert,5998,5998
3093,"Maijdee 3 km,Sonapur 8 km (LRP042)",link,N104,"Maijdee 3 km,Sonapur 8 km",5998,5998
3094,Km post missing (LRP043),link,N104,Km post missing,5998,5998
3095,Box Culvert (LRP043A),bridge,N104,Box Culvert,5998,5998
3009,"Begumgonj 31 km,Maijdee 41 km (LRP005)",link,N104,"Begumgonj 31 km,Maijdee 41 km",5997,5997
3017,"Begumganj 27 km,Maijdee 37 km (LRP009)",link,N104,"Begumganj 27 km,Maijdee 37 km",5997,5997
3018,Box culvert (LRP009A),bridge,N104,Box culvert,5997,5997
3019,"Begumganj 26 km,Maijdee 36 km (LRP010)",link,N104,"Begumganj 26 km,Maijdee 36 km",5997,5997
3020,Box culvert (LRP010A),bridge,N104,Box culvert,5997,5997
3021,"Begumganj 25 km,Maijdee 35 km (LRP011)",link,N104,"Begumganj 25 km,Maijdee 35 km",5997,5997
3022,Bridge start (LRP011A),bridge,N104,Bridge start,5997,5997
3023,Bridge end (LRP011B),bridge,N104,Bridge end,5997,5997
3035,Box culvert (LRP017B),bridge,N104,Box culvert,5997,5997
3036,"Begumganj 18 km,Maijdee 28 km (LRP018)",link,N104,"Begumganj 18 km,Maijdee 28 km",5997,5997
3040,Km post missing (LRP019),link,N104,Km post missing,5997,5997
3041,Infor.missing (LRP020),link,N104,Infor.missing,5997,5997
3042,"Begumganj 15 km,Maijdee 25 km (LRP021)",link,N104,"Begumganj 15 km,Maijdee 25 km",5997,5997
3005,"Begumgonj 33 km,Maijdee 43 km (LRP003)",link,N104,"Begumgonj 33 km,Maijdee 43 km",5996,5996
3006,"Begumgonj 32 km,Maijdee 42 km (LRP004)",link,N104,"Begumgonj 32 km,Maijdee 42 km",5996,5996
3010,"Begumgonj 30 km,Maijdee 40 km (LRP006)",link,N104,"Begumgonj 30 km,Maijdee 40 km",5996,5996
3011,"Begumgonj 29 km,Maijdee 39 km (LRP007)",link,N104,"Begumgonj 29 km,Maijdee 39 km",5996,5996
3037,Box Culvert (LRP018A),bridge,N104,Box Culvert,5996,5996
3038,Box Culvert (LRP018B),bridge,N104,Box Culvert,5996,5996
3039,Noakhali RHD start / Noakhali RHD start (LRP018C),link,N104,Noakhali RHD start / Noakhali RHD start,5996,5996
3007,Road to Gazirhat (Z1444) (LRP004A),link,N104,Road to Gazirhat (Z1444),5995,5995
3012,"Begumgonj 28 km,Maijdee 38 km (LRP008)",link,N104,"Begumgonj 28 km,Maijdee 38 km",5995,5995
3013,Box culvert (LRP008A),bridge,N104,Box culvert,5995,5995
3014,Bridge start (LRP008B),bridge,N104,Bridge start,5995,5995
3015,Bridge end (LRP008C),bridge,N104,Bridge end,5995,5995
3032,"Begumganj 20 km,Maijdee 30 km (LRP016)",link,N104,"Begumganj 20 km,Maijdee 30 km",5995,5995
3033,"Begumganj 19 km,Maijdee 29 km (LRP017)",link,N104,"Begumganj 19 km,Maijdee 29 km",5995,5995
3034,Road to Biroli Z -1030 (LRP017A),link,N104,Road to Biroli Z -1030,5995,5995
3003,Km post missing (LRP002),link,N104,Km post missing,5994,5994
3004,Box culvert (LRP002A),bridge,N104,Box culvert,5994,5994
3008,Box culvert (LRP004B),bridge,N104,Box culvert,5994,5994
3016,Road to Senbagh (Z1443) (LRP008D),link,N104,Road to Senbagh (Z1443),5994,5994
3001,Km post missing (LRP001),link,N104,Km post missing,5852,5852
3002,Right to Comilla Left to Chittagong (LRP001A),link,N104,Right to Comilla Left to Chittagong,5852,5852
3000,Box culvert (LRPSA),bridge,N104,Box culvert,5851,5851
2754,Box Culvert (LRP037B),bridge,N207,Box Culvert,3921,3921
2755,Box Culvert (LRP037C),bridge,N207,Box Culvert,3921,3921
2756,Sylhet 68 km (LRP038),link,N207,Sylhet 68 km,3921,3921
2757,Box Culvert (LRP038A),bridge,N207,Box Culvert,3921,3921
2758,Box Culvert (LRP038B),bridge,N207,Box Culvert,3921,3921
2759,Sylhet 67 km (LRP039),link,N207,Sylhet 67 km,3921,3921
2760,Box Culvert (LRP039A),bridge,N207,Box Culvert,3921,3921
2761,Box Culvert (LRP039B),bridge,N207,Box Culvert,3921,3921
2762,Sylhet 66 km (LRP040),link,N207,Sylhet 66 km,3921,3921
2763,Box Culvert (LRP040A),bridge,N207,Box Culvert,3921,3921
2764,Box Culvert (LRP040B),bridge,N207,Box Culvert,3921,3921
2765,Sylhet 65 km (LRP041),link,N207,Sylhet 65 km,3921,3921
2766,Box Culvert (LRP041A),bridge,N207,Box Culvert,3921,3921
2767,Box Culvert (LRP041B),bridge,N207,Box Culvert,3921,3921
2768,Sylhet 64 km (LRP042),link,N207,Sylhet 64 km,3921,3921
2769,Box Culvert (LRP042A),bridge,N207,Box Culvert,3921,3921
2770,Sylhet 63 km (LRP043),link,N207,Sylhet 63 km,3921,3921
2693,Box Culvert (LRP017A),bridge,N207,Box Culvert,3920,3920
2738,Sylhet 75 km (LRP031),link,N207,Sylhet 75 km,3920,3920
2739,Box Culvert (LRP031A),bridge,N207,Box Culvert,3920,3920
2740,Sylhet 74 km (LRP032),link,N207,Sylhet 74 km,3920,3920
2741,Box Culvert (LRP032A),bridge,N207,Box Culvert,3920,3920
2742,Box Culvert (LRP032B),bridge,N207,Box Culvert,3920,3920
2743,Sylhet 73 km (LRP033),link,N207,Sylhet 73 km,3920,3920
2744,Box Culvert (LRP033A),bridge,N207,Box Culvert,3920,3920
2745,Box Culvert (LRP033B),bridge,N207,Box Culvert,3920,3920
2751,Box Culvert (LRP036A),bridge,N207,Box Culvert,3920,3920
2752,Sylhet 69 km (LRP037),link,N207,Sylhet 69 km,3920,3920
2753,Box Culvert (LRP037A),bridge,N207,Box Culvert,3920,3920
2692,Srimongal 8km (LRP017),link,N207,Srimongal 8km,3919,3919
2694,Box Culvert (LRP017B),bridge,N207,Box Culvert,3919,3919
2695,Srimongal 7 km (LRP018),link,N207,Srimongal 7 km,3919,3919
2696,Bridge start (LRP018A),bridge,N207,Bridge start,3919,3919
2697,Bridge end (LRP018B),bridge,N207,Bridge end,3919,3919
2698,Box Culvert (LRP018C),bridge,N207,Box Culvert,3919,3919
2699,Srimongal 6 km (LRP019),link,N207,Srimongal 6 km,3919,3919
2700,Bridge start (LRP019A),bridge,N207,Bridge start,3919,3919
2701,Bridge end (LRP019B),bridge,N207,Bridge end,3919,3919
2702,Srimongal 5 km (LRP020),link,N207,Srimongal 5 km,3919,3919
2703,Box Culvert (LRP020A),bridge,N207,Box Culvert,3919,3919
2704,Box Culvert (LRP020B),bridge,N207,Box Culvert,3919,3919
2705,Srimongal 4 km (LRP021),link,N207,Srimongal 4 km,3919,3919
2706,Box Culvert (LRP021A),bridge,N207,Box Culvert,3919,3919
2707,Srimongal 3 km (LRP022),link,N207,Srimongal 3 km,3919,3919
2708,Bridge start (LRP022A),bridge,N207,Bridge start,3919,3919
2709,Bridge end (LRP022B),bridge,N207,Bridge end,3919,3919
2710,Srimongal 2 km (LRP023),link,N207,Srimongal 2 km,3919,3919
2711,Box Culvert (LRP023A),bridge,N207,Box Culvert,3919,3919
2712,Srimongal 1 km (LRP024),link,N207,Srimongal 1 km,3919,3919
2713,"Z2003 ,Khulna -Srimongal road (LRP024A)",link,N207,"Z2003 ,Khulna -Srimongal road",3919,3919
2714,Sylhet 81 km (LRP025),link,N207,Sylhet 81 km,3919,3919
2715,Box culvert (LRP025A),bridge,N207,Box culvert,3919,3919
2716,Box Culvert (LRP025B),bridge,N207,Box Culvert,3919,3919
2717,Box Culvert (LRP025C),bridge,N207,Box Culvert,3919,3919
2718,Box Culvert (LRP025D),bridge,N207,Box Culvert,3919,3919
2719,Sylhet 80 km (LRP026),link,N207,Sylhet 80 km,3919,3919
2720,Box Culvert (LRP026A),bridge,N207,Box Culvert,3919,3919
2721,Box Culvert (LRP026B),bridge,N207,Box Culvert,3919,3919
2722,Sylhet 79 km (LRP027),link,N207,Sylhet 79 km,3919,3919
2723,Box Culvert (LRP027A),bridge,N207,Box Culvert,3919,3919
2724,Box Culvert (LRP027B),bridge,N207,Box Culvert,3919,3919
2725,Bridge start (LRP027C),bridge,N207,Bridge start,3919,3919
2726,Bridge end (LRP027D),bridge,N207,Bridge end,3919,3919
2727,Sylhet 78 km (LRP028),link,N207,Sylhet 78 km,3919,3919
2728,Box Culvert (LRP028A),bridge,N207,Box Culvert,3919,3919
2729,Box Culvert (LRP028B),bridge,N207,Box Culvert,3919,3919
2730,Sylhet 77 km (LRP029),link,N207,Sylhet 77 km,3919,3919
2731,Box Culvert (LRP029A),bridge,N207,Box Culvert,3919,3919
2732,Box Culvert (LRP029B),bridge,N207,Box Culvert,3919,3919
2733,Box Culvert (LRP029C),bridge,N207,Box Culvert,3919,3919
2734,Sylhet 76 km (LRP030),link,N207,Sylhet 76 km,3919,3919
2735,Box Culvert (LRP030A),bridge,N207,Box Culvert,3919,3919
2736,Box Culvert (LRP030B),bridge,N207,Box Culvert,3919,3919
2737,Box Culvert (LRP030C),bridge,N207,Box Culvert,3919,3919
2746,Sylhet 72 km (LRP034),link,N207,Sylhet 72 km,3919,3919
2747,Box Culvert (LRP034A),bridge,N207,Box Culvert,3919,3919
2748,Sylhet 71 km (LRP035),link,N207,Sylhet 71 km,3919,3919
2749,Box Culvert (LRP035A),bridge,N207,Box Culvert,3919,3919
2750,Sylhet 70 km (LRP036),link,N207,Sylhet 70 km,3919,3919
2659,Bridge end (LRPSC),bridge,N207,Bridge end,3918,3918
2691,Srimongal 9 km (LRP016),link,N207,Srimongal 9 km,3918,3918
2657,Pipe culvert (LRPSA),bridge,N207,Pipe culvert,3917,3917
2658,Bridge Start (LRPSB),bridge,N207,Bridge Start,3917,3917
2660,Km post missing (LRP001),link,N207,Km post missing,3917,3917
2661,Bridge start (LRP001A),bridge,N207,Bridge start,3917,3917
2662,Bridge end (LRP001B),bridge,N207,Bridge end,3917,3917
2663,Km post missing (LRP002),link,N207,Km post missing,3917,3917
2664,Bridge start (LRP002A),bridge,N207,Bridge start,3917,3917
2665,Bridge end (LRP002B),bridge,N207,Bridge end,3917,3917
2666,"Z2008 ,Nutan Bazar-Chunarughar road (LRP002C)",link,N207,"Z2008 ,Nutan Bazar-Chunarughar road",3917,3917
2667,Km post missing (LRP003),link,N207,Km post missing,3917,3917
2688,Srimongal 11 km (LRP014),link,N207,Srimongal 11 km,3917,3917
2689,Box Culvert (LRP014A),bridge,N207,Box Culvert,3917,3917
2690,Srimongal  10 km (LRP015),link,N207,Srimongal  10 km,3917,3917
2668,Bridge start (LRP003A),bridge,N207,Bridge start,3916,3916
2669,Bridge end (LRP003B),bridge,N207,Bridge end,3916,3916
2670,Km post missing (LRP004),link,N207,Km post missing,3916,3916
2684,Km post missing (LRP011),link,N207,Km post missing,3916,3916
2671,Km post missing (LRP005),link,N207,Km post missing,3915,3915
2672,Km post missing (LRP006),link,N207,Km post missing,3915,3915
2673,Pipe culvert (LRP006A),bridge,N207,Pipe culvert,3915,3915
2674,Km post missing (LRP007),link,N207,Km post missing,3915,3915
2675,Km post missing (LRP008),link,N207,Km post missing,3915,3915
2676,Box Culvert (LRP008A),bridge,N207,Box Culvert,3915,3915
2677,Box Culvert (LRP008B),bridge,N207,Box Culvert,3915,3915
2678,Km post missing (LRP009),link,N207,Km post missing,3915,3915
2679,Box Culvert (LRP009A),bridge,N207,Box Culvert,3915,3915
2680,Box Culvert (LRP009B),bridge,N207,Box Culvert,3915,3915
2681,Box Culvert (LRP009C),bridge,N207,Box Culvert,3915,3915
2682,Km post missing (LRP010),link,N207,Km post missing,3915,3915
2683,Box Culvert (LRP010A),bridge,N207,Box Culvert,3915,3915
2685,Km post missing/ Start of Moulavibazar road Division / Km post missing/ Start of Moulavibazar road Division (LRP012),link,N207,Km post missing/ Start of Moulavibazar road Division / Km post missing/ Start of Moulavibazar road Division,3915,3915
2686,Box Culvert (LRP012A),bridge,N207,Box Culvert,3915,3915
2687,Srimongal 12 km (LRP013),link,N207,Srimongal 12 km,3915,3915
567,Box culvert (LRP245A),bridge,N1,Box culvert,2957,2957
568,Km post missing (LRP246),link,N1,Km post missing,2957,2957
569,Bridge start (LRP246A),bridge,N1,Bridge start,2957,2957
570,Bridge end (LRP246B),bridge,N1,Bridge end,2957,2957
571,Km post missing (LRP247),link,N1,Km post missing,2957,2957
572,Bridge start (LRP247A),bridge,N1,Bridge start,2956,2956
573,Bridge end (LRP247B),bridge,N1,Bridge end,2956,2956
574,Km post missing (LRP248),link,N1,Km post missing,2955,2955
575,Bridge start (LRP248A),bridge,N1,Bridge start,2955,2955
576,Bridge end (LRP248B),bridge,N1,Bridge end,2955,2955
577,Bridge start (LRP248C),bridge,N1,Bridge start,2955,2955
578,Bridge end (LRP248D),bridge,N1,Bridge end,2955,2955
579,Km post missing (LRP249),link,N1,Km post missing,2954,2954
580,Shah Amanath (Karnaphuli) Bridge (LRP249A),bridge,N1,Shah Amanath (Karnaphuli) Bridge,2954,2954
581,Km post missing (LRP250),link,N1,Km post missing,2954,2954
582,Bridge end (LRP250A),bridge,N1,Bridge end,2954,2954
583,Bridge start (LRP250B),bridge,N1,Bridge start,2954,2954
584,Bridge end (LRP250C),bridge,N1,Bridge end,2954,2954
585,"Cox,s Bazar 143 km,Patiya 16 km (LRP251)",link,N1,"Cox,s Bazar 143 km,Patiya 16 km",2954,2954
586,Road to BFDC Fisharies (Z1804) /Start of Dohazari Road Division. / Road to BFDC Fisharies (Z1804) /Start of Dohazari Road Division. (LRP251A),link,N1,Road to BFDC Fisharies (Z1804) /Start of Dohazari Road Division. / Road to BFDC Fisharies (Z1804) /Start of Dohazari Road Division.,2954,2954
587,Road to Balakkhati (Z1065) (LRP251B),link,N1,Road to Balakkhati (Z1065),2954,2954
588,Box culvert (LRP251C),bridge,N1,Box culvert,2954,2954
589,Cox's Bazar 142 km (LRP252),link,N1,Cox's Bazar 142 km,2954,2954
590,Box culvert (LRP252A),bridge,N1,Box culvert,2954,2954
591,Box culvert (LRP252B),bridge,N1,Box culvert,2954,2954
592,Cox's Bazar 141km (LRP253),link,N1,Cox's Bazar 141km,2954,2954
593,Box culvert (LRP253A),bridge,N1,Box culvert,2954,2954
594,Cox's Bazar 140km (LRP254),link,N1,Cox's Bazar 140km,2954,2954
595,Road to Arowana (Z1018) (LRP254A),link,N1,Road to Arowana (Z1018),2954,2954
596,Box culvert (LRP254B),bridge,N1,Box culvert,2954,2954
597,Box culvert (LRP254C),bridge,N1,Box culvert,2954,2954
598,Bridge start (LRP254D),bridge,N1,Bridge start,2954,2954
599,Cox's Bazar 139 km (LRP255),link,N1,Cox's Bazar 139 km,2954,2954
600,Bridge end (LRP255A),bridge,N1,Bridge end,2954,2954
610,Road to Kaliganj (Z1070) (LRP259B),link,N1,Road to Kaliganj (Z1070),2954,2954
620,Info.Missing (LRP264),link,N1,Info.Missing,2954,2954
621,Km post missing (LRP265),link,N1,Km post missing,2954,2954
622,Bridge start (LRP265A),bridge,N1,Bridge start,2954,2954
623,Bridge end (LRP265B),bridge,N1,Bridge end,2954,2954
624,Km post missing (LRP266),link,N1,Km post missing,2954,2954
625,Km post missing (LRP267),link,N1,Km post missing,2954,2954
601,Box Culvert (LRP255B),bridge,N1,Box Culvert,2953,2953
602,Cox's Bazar 138 km (LRP256),link,N1,Cox's Bazar 138 km,2953,2953
603,Road to Kaliganj (Z1071) (LRP256A),link,N1,Road to Kaliganj (Z1071),2953,2953
604,Cox's Bazar 137 km (LRP257),link,N1,Cox's Bazar 137 km,2953,2953
605,Box culvert (LRP257A),bridge,N1,Box culvert,2953,2953
606,"Cox,s Bazar 136 km,Patiya 11 km (LRP258)",link,N1,"Cox,s Bazar 136 km,Patiya 11 km",2953,2953
607,Box culvert (LRP258A),bridge,N1,Box culvert,2953,2953
608,"Cox,s Bazar 135 km,Patiya 10 km (LRP259)",link,N1,"Cox,s Bazar 135 km,Patiya 10 km",2953,2953
609,Box culvert (LRP259A),bridge,N1,Box culvert,2953,2953
611,Box culvert (LRP260),bridge,N1,Box culvert,2953,2953
612,Box culvert (LRP260A),bridge,N1,Box culvert,2953,2953
613,Box culvert (LRP260B),bridge,N1,Box culvert,2953,2953
614,Road to Kalurghat (N107) (LRP260C),link,N1,Road to Kalurghat (N107),2953,2953
615,Km post missing (LRP261),link,N1,Km post missing,2953,2953
616,Box culvert (LRP261A),bridge,N1,Box culvert,2953,2953
617,Km post missing (LRP262),link,N1,Km post missing,2953,2953
618,Km post missing (LRP263),link,N1,Km post missing,2953,2953
619,Box culvert (LRP263A),bridge,N1,Box culvert,2953,2953
626,Slab Culvert (LRP267A),bridge,N1,Slab Culvert,2953,2953
627,Road to Boalkhali (Z1059) (LRP267B),link,N1,Road to Boalkhali (Z1059),2953,2953
628,Km post missing (LRP268),link,N1,Km post missing,2953,2953
629,Road to Haidgaon (Z1057) (LRP268A),link,N1,Road to Haidgaon (Z1057),2953,2953
630,Box culvert (LRP268B),bridge,N1,Box culvert,2953,2953
631,Road to Anowara (R170) (LRP268C),link,N1,Road to Anowara (R170),2953,2953
632,Km post missing (LRP269),link,N1,Km post missing,2953,2953
633,Bridge start (LRP269A),bridge,N1,Bridge start,2953,2953
634,Bridge end (LRP269B),bridge,N1,Bridge end,2953,2953
635,Road to Chandnaisa(Z1039) (LRP269C),link,N1,Road to Chandnaisa(Z1039),2953,2953
636,Km post missing (LRP270),link,N1,Km post missing,2953,2953
637,Box Culvert (LRP270A),bridge,N1,Box Culvert,2953,2953
638,Info.Missing (LRP271),link,N1,Info.Missing,2952,2952
639,Box culvert (LRP271A),bridge,N1,Box culvert,2952,2952
640,Box culvert (LRP271B),bridge,N1,Box culvert,2952,2952
641,Km post missing (LRP272),link,N1,Km post missing,2952,2952
907,Box culvert (LRP368A),bridge,N1,Box culvert,2952,2952
908,Cox's Bazar 26km (LRP369),link,N1,Cox's Bazar 26km,2952,2952
909,Box culvert (LRP369A),bridge,N1,Box culvert,2952,2952
642,Bridge start (LRP272A),bridge,N1,Bridge start,2951,2951
643,Bridge end (LRP272B),bridge,N1,Bridge end,2951,2951
644,Box Culvert (LRP272C),bridge,N1,Box Culvert,2951,2951
659,Bridge end (LRP277B),bridge,N1,Bridge end,2951,2951
660,Box culvert (LRP277C),bridge,N1,Box culvert,2951,2951
661,Km post missing (LRP278),link,N1,Km post missing,2951,2951
662,Box culvert (LRP278A),bridge,N1,Box culvert,2951,2951
663,Road To Dhupchheri (Z1026) (LRP278B),link,N1,Road To Dhupchheri (Z1026),2951,2951
664,Km post missing (LRP279),link,N1,Km post missing,2951,2951
881,Box culvert (LRP359A),bridge,N1,Box culvert,2951,2951
882,"Cox,s Bazar 35 km (LRP360)",link,N1,"Cox,s Bazar 35 km",2951,2951
883,Box Culvert (LRP360A),bridge,N1,Box Culvert,2951,2951
884,"Cox,s Bazar 34 km (LRP361)",link,N1,"Cox,s Bazar 34 km",2951,2951
885,Box Culvert (LRP361A),bridge,N1,Box Culvert,2951,2951
886,Box Culvert (LRP361B),bridge,N1,Box Culvert,2951,2951
887,"Cos,x Bazar 33 km (LRP362)",link,N1,"Cos,x Bazar 33 km",2951,2951
888,Bridge start (LRP362A),bridge,N1,Bridge start,2951,2951
889,Bridge end (LRP362B),bridge,N1,Bridge end,2951,2951
890,Bridge start (LRP362C),bridge,N1,Bridge start,2951,2951
891,Bridge end (LRP362D),bridge,N1,Bridge end,2951,2951
892,"Cox,s Bazar 32 km (LRP363)",link,N1,"Cox,s Bazar 32 km",2951,2951
903,Cox.s Bazar 28 km (LRP367),link,N1,Cox.s Bazar 28 km,2951,2951
906,Cox's Bazar 27km (LRP368),link,N1,Cox's Bazar 27km,2951,2951
912,Box culvert (LRP371A),bridge,N1,Box culvert,2951,2951
645,Km post missing (LRP273),link,N1,Km post missing,2950,2950
646,Box culvert (LRP273A),bridge,N1,Box culvert,2950,2950
647,Box culvert (LRP273B),bridge,N1,Box culvert,2950,2950
648,Km post missing (LRP274),link,N1,Km post missing,2950,2950
649,Box culvert (LRP274A),bridge,N1,Box culvert,2950,2950
650,Km post missing (LRP275),link,N1,Km post missing,2950,2950
651,Box culvert (LRP275A),bridge,N1,Box culvert,2950,2950
652,Box culvert (LRP275B),bridge,N1,Box culvert,2950,2950
653,Info.Missing (LRP276),link,N1,Info.Missing,2950,2950
654,Box culvert (LRP276A),bridge,N1,Box culvert,2950,2950
655,Bridge start (LRP276B),bridge,N1,Bridge start,2950,2950
656,Bridge end (LRP276C),bridge,N1,Bridge end,2950,2950
657,Info.Missing (LRP277),link,N1,Info.Missing,2950,2950
658,Bridge start (LRP277A),bridge,N1,Bridge start,2950,2950
665,Bridge start (LRP279A),bridge,N1,Bridge start,2950,2950
666,Bridge end (LRP279B),bridge,N1,Bridge end,2950,2950
667,Bridge start (LRP279C),bridge,N1,Bridge start,2950,2950
668,Bridge end (LRP279D),bridge,N1,Bridge end,2950,2950
669,Km post missing (LRP280),link,N1,Km post missing,2950,2950
840,Box culvert (LRP343A),bridge,N1,Box culvert,2950,2950
841,"Cox,s Bazar 51 km (LRP344)",link,N1,"Cox,s Bazar 51 km",2950,2950
893,Cox's Bazar 31km (LRP364),link,N1,Cox's Bazar 31km,2950,2950
894,Cox.s Bazar 30 km (LRP365),link,N1,Cox.s Bazar 30 km,2950,2950
895,Box culvert (LRP365A),bridge,N1,Box culvert,2950,2950
896,Box culvert (LRP365B),bridge,N1,Box culvert,2950,2950
897,Bridge start (LRP365C),bridge,N1,Bridge start,2950,2950
898,Bridge end (LRP365D),bridge,N1,Bridge end,2950,2950
899,Box culvert (LRP365E),bridge,N1,Box culvert,2950,2950
900,"Cox,s Bazar 29 km (LRP366)",link,N1,"Cox,s Bazar 29 km",2950,2950
901,Box culvert (LRP366A),bridge,N1,Box culvert,2950,2950
902,Box culvert (LRP366B),bridge,N1,Box culvert,2950,2950
904,Box culvert (LRP367A),bridge,N1,Box culvert,2950,2950
905,Box culvert (LRP367B),bridge,N1,Box culvert,2950,2950
910,"Cox,s Bazar 25 km (LRP370)",link,N1,"Cox,s Bazar 25 km",2950,2950
911,"Cox,s Bazar 24 km (LRP371)",link,N1,"Cox,s Bazar 24 km",2950,2950
913,Cox.s Bazar 23 km (LRP372),link,N1,Cox.s Bazar 23 km,2950,2950
914,Box culvert (LRP372A),bridge,N1,Box culvert,2950,2950
915,Box culvert (LRP372B),bridge,N1,Box culvert,2950,2950
916,"Cox,s Bazar 22 km (LRP373)",link,N1,"Cox,s Bazar 22 km",2950,2950
917,Bridge start (LRP373A),bridge,N1,Bridge start,2950,2950
918,Bridge end (LRP373B),bridge,N1,Bridge end,2950,2950
919,Box culvert (LRP373C),bridge,N1,Box culvert,2950,2950
920,"Cox,s Bazar 21 km (LRP374)",link,N1,"Cox,s Bazar 21 km",2950,2950
1097,Info.Missing (LRP418),link,N1,Info.Missing,2950,2950
711,"Cox,s Bazar 100 km,Pasra 2 km (LRP299)",link,N1,"Cox,s Bazar 100 km,Pasra 2 km",2949,2949
842,Box culvert (LRP344A),bridge,N1,Box culvert,2949,2949
843,Cox's Bazar 50km (LRP345),link,N1,Cox's Bazar 50km,2949,2949
847,Bridge end (LRP347B),bridge,N1,Bridge end,2949,2949
848,Box culvert (LRP347C),bridge,N1,Box culvert,2949,2949
849,"Cox,s Bazar 47 km (LRP348)",link,N1,"Cox,s Bazar 47 km",2949,2949
850,Road to Garzania (Z1130) (LRP348A),link,N1,Road to Garzania (Z1130),2949,2949
851,Box culvert (LRP348B),bridge,N1,Box culvert,2949,2949
852,"Cox,s Bazar 46 km (LRP349)",link,N1,"Cox,s Bazar 46 km",2949,2949
853,Bridge start (LRP349A),bridge,N1,Bridge start,2949,2949
854,Bridge end (LRP349B),bridge,N1,Bridge end,2949,2949
855,"Cox,s Bazar 45 km (LRP350)",link,N1,"Cox,s Bazar 45 km",2949,2949
856,Bridge start (LRP350A),bridge,N1,Bridge start,2949,2949
857,Bridge end (LRP350B),bridge,N1,Bridge end,2949,2949
858,Box culvert (LRP350C),bridge,N1,Box culvert,2949,2949
859,Box culvert (LRP350D),bridge,N1,Box culvert,2949,2949
880,Cox's Bazar 36 km (LRP359),link,N1,Cox's Bazar 36 km,2949,2949
952,Box culvert (LRP383A),bridge,N1,Box culvert,2949,2949
953,Bridge start (LRP383B),bridge,N1,Bridge start,2949,2949
954,Bridge end (LRP383C),bridge,N1,Bridge end,2949,2949
955,"Cox,s Bazar 11 km (LRP384)",link,N1,"Cox,s Bazar 11 km",2949,2949
956,Box culvert (LRP384A),bridge,N1,Box culvert,2949,2949
957,Box culvert (LRP384B),bridge,N1,Box culvert,2949,2949
958,"Cox,s Bazar 10 km (LRP385)",link,N1,"Cox,s Bazar 10 km",2949,2949
959,Box culvert (LRP385A),bridge,N1,Box culvert,2949,2949
1010,Box culvert (LRP395D),bridge,N1,Box culvert,2949,2949
1011,Box culvert (LRP395E),bridge,N1,Box culvert,2949,2949
1012,Box culvert (LRP395F),bridge,N1,Box culvert,2949,2949
1013,Box culvert (LRP395G),bridge,N1,Box culvert,2949,2949
1014,Box culvert (LRP395H),bridge,N1,Box culvert,2949,2949
1015,"Teknaf 71km, Ukhia 17km (LRP396)",link,N1,"Teknaf 71km, Ukhia 17km",2949,2949
1016,Box culvert (LRP396A),bridge,N1,Box culvert,2949,2949
1017,Box culvert (LRP396B),bridge,N1,Box culvert,2949,2949
1018,Box culvert (LRP396C),bridge,N1,Box culvert,2949,2949
1019,Box culvert (LRP396D),bridge,N1,Box culvert,2949,2949
1020,Box culvert (LRP396E),bridge,N1,Box culvert,2949,2949
1021,Box culvert (LRP396F),bridge,N1,Box culvert,2949,2949
1022,"Teknaf 70 km,Uthia 16 km (LRP397)",link,N1,"Teknaf 70 km,Uthia 16 km",2949,2949
1023,Box culvert (LRP397A),bridge,N1,Box culvert,2949,2949
1024,Box culvert (LRP397B),bridge,N1,Box culvert,2949,2949
1025,Box culvert (LRP397C),bridge,N1,Box culvert,2949,2949
1026,Box culvert (LRP397D),bridge,N1,Box culvert,2949,2949
1027,"Teknaf 69 km,Uthia 15 km (LRP398)",link,N1,"Teknaf 69 km,Uthia 15 km",2949,2949
1028,Box culvert (LRP398A),bridge,N1,Box culvert,2949,2949
1029,Box culvert (LRP398B),bridge,N1,Box culvert,2949,2949
1030,Box culvert (LRP398C),bridge,N1,Box culvert,2949,2949
1031,Box culvert (LRP398D),bridge,N1,Box culvert,2949,2949
1032,"Teknaf 68 km,Uthia 14 km (LRP399)",link,N1,"Teknaf 68 km,Uthia 14 km",2949,2949
1069,Bridge end (LRP409C),bridge,N1,Bridge end,2949,2949
1070,Box Culvert (LRP409D),bridge,N1,Box Culvert,2949,2949
1071,"Teknaf 57 km,Uthia 3 km (LRP410)",link,N1,"Teknaf 57 km,Uthia 3 km",2949,2949
1072,Bridge start (LRP410A),bridge,N1,Bridge start,2949,2949
1073,Bridge end (LRP410B),bridge,N1,Bridge end,2949,2949
1074,Bridge start (LRP410C),bridge,N1,Bridge start,2949,2949
1075,Bridge end (LRP410D),bridge,N1,Bridge end,2949,2949
1080,Box culvert (LRP411D),bridge,N1,Box culvert,2949,2949
1081,"Teknaf 55 km,Uthia 1 km (LRP412)",link,N1,"Teknaf 55 km,Uthia 1 km",2949,2949
1082,Box culvert (LRP412A),bridge,N1,Box culvert,2949,2949
1083,Bridge start (LRP412B),bridge,N1,Bridge start,2949,2949
1084,Bridge end (LRP412C),bridge,N1,Bridge end,2949,2949
1085,Bridge start (LRP412D),bridge,N1,Bridge start,2949,2949
1086,Bridge end (LRP412E),bridge,N1,Bridge end,2949,2949
1087,Teknaf 54 km (LRP413),link,N1,Teknaf 54 km,2949,2949
1088,"Z1503, Maricha Dukbanglow road (LRP413A)",link,N1,"Z1503, Maricha Dukbanglow road",2949,2949
1089,Bridge start (LRP413B),bridge,N1,Bridge start,2949,2949
1090,Bridge end (LRP413C),bridge,N1,Bridge end,2949,2949
1091,Teknaf 53 km (LRP414),link,N1,Teknaf 53 km,2949,2949
1092,Teknaf 52 km (LRP415),link,N1,Teknaf 52 km,2949,2949
1093,Teknaf 51km (LRP416),link,N1,Teknaf 51km,2949,2949
1094,Teknaf 50 km (LRP417),link,N1,Teknaf 50 km,2949,2949
1095,Box culvert (LRP417A),bridge,N1,Box culvert,2949,2949
1096,Box culvert (LRP417B),bridge,N1,Box culvert,2949,2949
1098,Box culvert (LRP418A),bridge,N1,Box culvert,2949,2949
1099,Box culvert (LRP418B),bridge,N1,Box culvert,2949,2949
1100,Box culvert (LRP418C),bridge,N1,Box culvert,2949,2949
1101,Teknaf 47km (LRP419),link,N1,Teknaf 47km,2949,2949
1102,Box culvert (LRP419A),bridge,N1,Box culvert,2949,2949
1103,Box culvert (LRP419B),bridge,N1,Box culvert,2949,2949
1104,Box culvert (LRP419C),bridge,N1,Box culvert,2949,2949
1105,Teknaf 46 km (LRP420),link,N1,Teknaf 46 km,2949,2949
1106,Box culvert (LRP420A),bridge,N1,Box culvert,2949,2949
1107,Box culvert (LRP420B),bridge,N1,Box culvert,2949,2949
1108,"Z1504, Ukhia Gundum Road (LRP420C)",link,N1,"Z1504, Ukhia Gundum Road",2949,2949
1109,Info.Missing (LRP421),link,N1,Info.Missing,2949,2949
1110,Box culvert (LRP421A),bridge,N1,Box culvert,2949,2949
670,Info.Missing (LRP281),link,N1,Info.Missing,2948,2948
671,Road to Barma (Z1036) (LRP281A),link,N1,Road to Barma (Z1036),2948,2948
672,Info.Missing (LRP282),link,N1,Info.Missing,2948,2948
673,Info.Missing (LRP283),link,N1,Info.Missing,2948,2948
674,Box culvert (LRP283A),bridge,N1,Box culvert,2948,2948
675,Km post missing (LRP284),link,N1,Km post missing,2948,2948
676,Km post missing (LRP285),link,N1,Km post missing,2948,2948
677,Km post missing (LRP286),link,N1,Km post missing,2948,2948
678,Bridge start (LRP286A),bridge,N1,Bridge start,2948,2948
679,Bridge end (LRP286B),bridge,N1,Bridge end,2948,2948
680,Km post missing (LRP287),link,N1,Km post missing,2948,2948
708,Km post missing (LRP298),link,N1,Km post missing,2948,2948
709,Bridge start (LRP298A),bridge,N1,Bridge start,2948,2948
710,Bridge end (LRP298B),bridge,N1,Bridge end,2948,2948
712,Bridge start (LRP299A),bridge,N1,Bridge start,2948,2948
713,Bridge end (LRP299B),bridge,N1,Bridge end,2948,2948
714,Box culvert (LRP299C),bridge,N1,Box culvert,2948,2948
715,Km post missing (LRP300),link,N1,Km post missing,2948,2948
716,Box culvert (LRP300A),bridge,N1,Box culvert,2948,2948
717,Box culvert (LRP300B),bridge,N1,Box culvert,2948,2948
720,Road to Tonkabati (Z1013) (LRP301B),link,N1,Road to Tonkabati (Z1013),2948,2948
721,Box culvert (LRP301C),bridge,N1,Box culvert,2948,2948
722,Km post missing (LRP302),link,N1,Km post missing,2948,2948
723,Box culvert (LRP302A),bridge,N1,Box culvert,2948,2948
730,Box culvert (LRP305A),bridge,N1,Box culvert,2948,2948
822,Bridge end (LRP336B),bridge,N1,Bridge end,2948,2948
823,Road to Tuabazar (Z1127) (LRP336C),link,N1,Road to Tuabazar (Z1127),2948,2948
824,Km post missing (LRP337),link,N1,Km post missing,2948,2948
844,Cox's Bazar 49km (LRP346),link,N1,Cox's Bazar 49km,2948,2948
860,"Cox,s Bazar 44 km (LRP351)",link,N1,"Cox,s Bazar 44 km",2948,2948
861,"Cox,s Bazar 43 km (LRP352)",link,N1,"Cox,s Bazar 43 km",2948,2948
868,"Cox,s Bazar 40 km (LRP355)",link,N1,"Cox,s Bazar 40 km",2948,2948
869,Box culvert (LRP355A),bridge,N1,Box culvert,2948,2948
870,Box culvert (LRP355B),bridge,N1,Box culvert,2948,2948
871,"Cox,s Bazar 39 km (LRP356)",link,N1,"Cox,s Bazar 39 km",2948,2948
872,Box culvert (LRP356A),bridge,N1,Box culvert,2948,2948
873,Box culvert (LRP356B),bridge,N1,Box culvert,2948,2948
878,Box culvert (LRP358A),bridge,N1,Box culvert,2948,2948
879,Box culvert (LRP358B),bridge,N1,Box culvert,2948,2948
921,"Cox,s Bazar 20 km (LRP375)",link,N1,"Cox,s Bazar 20 km",2948,2948
922,Box culvert (LRP375A),bridge,N1,Box culvert,2948,2948
923,Box culvert (LRP375B),bridge,N1,Box culvert,2948,2948
924,"Cox,s Bazar 19 km (LRP376)",link,N1,"Cox,s Bazar 19 km",2948,2948
925,"Z1001, Road to Naikkongchhari (LRP376A)",link,N1,"Z1001, Road to Naikkongchhari",2948,2948
942,Box culvert (LRP380A),bridge,N1,Box culvert,2948,2948
943,Box culvert (LRP380B),bridge,N1,Box culvert,2948,2948
944,"Cox,s Bazar 14 km (LRP381)",link,N1,"Cox,s Bazar 14 km",2948,2948
945,Box culvert (LRP381A),bridge,N1,Box culvert,2948,2948
946,Cox's Bazar 13km (LRP382),link,N1,Cox's Bazar 13km,2948,2948
947,Box culvert (LRP382A),bridge,N1,Box culvert,2948,2948
948,Box culvert (LRP382B),bridge,N1,Box culvert,2948,2948
949,Box culvert (LRP382C),bridge,N1,Box culvert,2948,2948
950,Box culvert (LRP382D),bridge,N1,Box culvert,2948,2948
951,"Cox,s Bazar 12 km (LRP383)",link,N1,"Cox,s Bazar 12 km",2948,2948
960,Bridge start (LRP385B),bridge,N1,Bridge start,2948,2948
961,Bridge end (LRP385C),bridge,N1,Bridge end,2948,2948
962,Box culvert (LRP385D),bridge,N1,Box culvert,2948,2948
963,"Cox,s Bazar 9 km (LRP386)",link,N1,"Cox,s Bazar 9 km",2948,2948
964,Box culvert (LRP386A),bridge,N1,Box culvert,2948,2948
965,Box culvert (LRP386B),bridge,N1,Box culvert,2948,2948
966,"N110,Link road-Cox' Bazar, (Labonir more) (LRP386C)",link,N1,"N110,Link road-Cox' Bazar, (Labonir more)",2948,2948
967,Teknaf 79 km (LRP387),link,N1,Teknaf 79 km,2948,2948
998,"Teknaf 73 km, Ukhia 19km (LRP394)",link,N1,"Teknaf 73 km, Ukhia 19km",2948,2948
999,Box culvert (LRP394A),bridge,N1,Box culvert,2948,2948
1000,Box culvert (LRP394B),bridge,N1,Box culvert,2948,2948
1001,Box culvert (LRP394C),bridge,N1,Box culvert,2948,2948
1002,Box culvert (LRP394D),bridge,N1,Box culvert,2948,2948
1003,Box culvert (LRP394E),bridge,N1,Box culvert,2948,2948
1004,Box culvert (LRP394F),bridge,N1,Box culvert,2948,2948
1005,Box culvert (LRP394G),bridge,N1,Box culvert,2948,2948
1006,"Teknaf 72 km,Uthia 18 km (LRP395)",link,N1,"Teknaf 72 km,Uthia 18 km",2948,2948
1007,Box culvert (LRP395A),bridge,N1,Box culvert,2948,2948
1008,Box culvert (LRP395B),bridge,N1,Box culvert,2948,2948
1009,Box culvert (LRP395C),bridge,N1,Box culvert,2948,2948
1033,Bridge start (LRP399A),bridge,N1,Bridge start,2948,2948
1034,Bridge end (LRP399B),bridge,N1,Bridge end,2948,2948
1035,Box culvert (LRP399C),bridge,N1,Box culvert,2948,2948
1036,"Teknaf 67 km,Uthia 13 km (LRP400)",link,N1,"Teknaf 67 km,Uthia 13 km",2948,2948
1037,Box culvert (LRP400A),bridge,N1,Box culvert,2948,2948
1038,Box culvert (LRP400B),bridge,N1,Box culvert,2948,2948
1039,"Teknaf 66 km,Uthia 12 km (LRP401)",link,N1,"Teknaf 66 km,Uthia 12 km",2948,2948
1040,Khulna Plong Bridge (LRP401A),bridge,N1,Khulna Plong Bridge,2948,2948
1041,Bridge end (LRP401B),bridge,N1,Bridge end,2948,2948
1042,"Teknaf 65 km,Uthia 11 km (LRP402)",link,N1,"Teknaf 65 km,Uthia 11 km",2948,2948
1043,Bridge start (LRP402A),bridge,N1,Bridge start,2948,2948
1044,Bridge end (LRP402B),bridge,N1,Bridge end,2948,2948
1053,"Z1503, Maricha Dakbunglow Road (LRP404A)",link,N1,"Z1503, Maricha Dakbunglow Road",2948,2948
1054,Box culvert (LRP404B),bridge,N1,Box culvert,2948,2948
1055,"Teknaf 62 km,Uthia 8 km (LRP405)",link,N1,"Teknaf 62 km,Uthia 8 km",2948,2948
1056,Box culvert (LRP405A),bridge,N1,Box culvert,2948,2948
1057,Bridge start (LRP405B),bridge,N1,Bridge start,2948,2948
1058,Bridge end (LRP405C),bridge,N1,Bridge end,2948,2948
1059,"Teknaf 61 km,Uthia 7 km (LRP406)",link,N1,"Teknaf 61 km,Uthia 7 km",2948,2948
1060,"Teknaf 60 km,Uthia 6 km (LRP407)",link,N1,"Teknaf 60 km,Uthia 6 km",2948,2948
1061,Box culvert (LRP407A),bridge,N1,Box culvert,2948,2948
1062,Bridge start (LRP407B),bridge,N1,Bridge start,2948,2948
1063,Bridge end (LRP407C),bridge,N1,Bridge end,2948,2948
1064,Box culvert (LRP407D),bridge,N1,Box culvert,2948,2948
1065,"Teknaf 59 km,Uthia 5 km (LRP408)",link,N1,"Teknaf 59 km,Uthia 5 km",2948,2948
1066,"Teknaf 58 km,Uthia 4 km (LRP409)",link,N1,"Teknaf 58 km,Uthia 4 km",2948,2948
1067,Box culvert (LRP409A),bridge,N1,Box culvert,2948,2948
1068,Bridge start (LRP409B),bridge,N1,Bridge start,2948,2948
1076,"Teknaf 56 km,Uthia 2 km (LRP411)",link,N1,"Teknaf 56 km,Uthia 2 km",2948,2948
1077,Bridge start (LRP411A),bridge,N1,Bridge start,2948,2948
1078,Bridge end (LRP411B),bridge,N1,Bridge end,2948,2948
1079,Box culvert (LRP411C),bridge,N1,Box culvert,2948,2948
1111,Bridge start (LRP421B),bridge,N1,Bridge start,2948,2948
1112,Bridge end (LRP421C),bridge,N1,Bridge end,2948,2948
1113,Box culvert (LRP421D),bridge,N1,Box culvert,2948,2948
1114,Info.Missing (LRP422),link,N1,Info.Missing,2948,2948
1115,Box culvert (LRP422A),bridge,N1,Box culvert,2948,2948
1116,Bridge start (LRP422B),bridge,N1,Bridge start,2948,2948
1117,Bridge end (LRP422C),bridge,N1,Bridge end,2948,2948
1118,Info.Missing (LRP423),link,N1,Info.Missing,2948,2948
1119,Box culvert (LRP423A),bridge,N1,Box culvert,2948,2948
1120,Info.Missing (LRP424),link,N1,Info.Missing,2948,2948
1121,Box culvert (LRP424A),bridge,N1,Box culvert,2948,2948
1122,Box culvert (LRP424B),bridge,N1,Box culvert,2948,2948
1123,Bridge start (LRP424C),bridge,N1,Bridge start,2948,2948
1124,Bridge end (LRP424D),bridge,N1,Bridge end,2948,2948
1125,Box culvert (LRP424E),bridge,N1,Box culvert,2948,2948
1126,Info.Missing (LRP425),link,N1,Info.Missing,2948,2948
1127,Box culvert (LRP425A),bridge,N1,Box culvert,2948,2948
1128,Bridge start (LRP425B),bridge,N1,Bridge start,2948,2948
1129,Bridge end (LRP425C),bridge,N1,Bridge end,2948,2948
1130,Box culvert (LRP425D),bridge,N1,Box culvert,2948,2948
1131,Box Culvert (LRP425E),bridge,N1,Box Culvert,2948,2948
1132,Box culvert (LRP425F),bridge,N1,Box culvert,2948,2948
1133,Info.Missing (LRP426),link,N1,Info.Missing,2948,2948
1134,Box culvert (LRP426A),bridge,N1,Box culvert,2948,2948
1135,Box culvert (LRP426B),bridge,N1,Box culvert,2948,2948
1136,Box culvert (LRP426C),bridge,N1,Box culvert,2948,2948
1137,Box culvert (LRP426D),bridge,N1,Box culvert,2948,2948
1138,Box culvert (LRP426E),bridge,N1,Box culvert,2948,2948
1139,Info.Missing (LRP427),link,N1,Info.Missing,2948,2948
1140,Box culvert (LRP427A),bridge,N1,Box culvert,2948,2948
1141,Bridge start (LRP427B),bridge,N1,Bridge start,2948,2948
1142,Bridge end (LRP427C),bridge,N1,Bridge end,2948,2948
1143,Teknaf 38 km (LRP428),link,N1,Teknaf 38 km,2948,2948
1144,Bridge start (LRP428A),bridge,N1,Bridge start,2948,2948
1145,Bridge end (LRP428B),bridge,N1,Bridge end,2948,2948
681,Bridge start (LRP287A),bridge,N1,Bridge start,2947,2947
682,Bridge end (LRP287B),bridge,N1,Bridge end,2947,2947
683,"Cox,s Bazar 111 km,Kasherhat 5 km (LRP288)",link,N1,"Cox,s Bazar 111 km,Kasherhat 5 km",2947,2947
684,Keranirhat 4 km (LRP289),link,N1,Keranirhat 4 km,2947,2947
701,Km post missing (LRP294),link,N1,Km post missing,2947,2947
702,Box culvert (LRP294A),bridge,N1,Box culvert,2947,2947
703,"Cox,s Bazar 104 km (LRP295)",link,N1,"Cox,s Bazar 104 km",2947,2947
704,"Cox,s Bazar 103 km,Pasea 5 km (LRP296)",link,N1,"Cox,s Bazar 103 km,Pasea 5 km",2947,2947
705,Box culvert (LRP296A),bridge,N1,Box culvert,2947,2947
707,Box culvert (LRP297A),bridge,N1,Box culvert,2947,2947
718,Km post missing (LRP301),link,N1,Km post missing,2947,2947
719,Box culvert (LRP301A),bridge,N1,Box culvert,2947,2947
724,"Cox.s Bazar 96 km,Lohaona 3 km (LRP303)",link,N1,"Cox.s Bazar 96 km,Lohaona 3 km",2947,2947
725,Box culvert (LRP303A),bridge,N1,Box culvert,2947,2947
726,Bridge start (LRP303B),bridge,N1,Bridge start,2947,2947
727,Km post missing (LRP304),link,N1,Km post missing,2947,2947
728,Bridge end (LRP304A),bridge,N1,Bridge end,2947,2947
729,"Cox,s Bazar 94 km,Lohaona 1 km (LRP305)",link,N1,"Cox,s Bazar 94 km,Lohaona 1 km",2947,2947
731,"Cox,s Bazar 93 km,Lohagora 6 km (LRP306)",link,N1,"Cox,s Bazar 93 km,Lohagora 6 km",2947,2947
732,Box culvert (LRP306A),bridge,N1,Box culvert,2947,2947
733,"Cox,s Bazar 92 km,Lohagra 0 km (LRP307)",link,N1,"Cox,s Bazar 92 km,Lohagra 0 km",2947,2947
734,Box culvert (LRP307A),bridge,N1,Box culvert,2947,2947
735,Box culvert (LRP307B),bridge,N1,Box culvert,2947,2947
736,"Cox,s Bazar 87 km (LRP308)",link,N1,"Cox,s Bazar 87 km",2947,2947
798,Road to Paharchaanda(Z1125) (LRP328B),link,N1,Road to Paharchaanda(Z1125),2947,2947
799,Cox's Bazar 66 km (LRP329),link,N1,Cox's Bazar 66 km,2947,2947
800,Bridge start (LRP329A),bridge,N1,Bridge start,2947,2947
801,Bridge end (LRP329B),bridge,N1,Bridge end,2947,2947
814,Box culvert (LRP334A),bridge,N1,Box culvert,2947,2947
815,"Cox,s Bazar 60 km (LRP335)",link,N1,"Cox,s Bazar 60 km",2947,2947
816,Box culvert (LRP335A),bridge,N1,Box culvert,2947,2947
817,Box culvert (LRP335B),bridge,N1,Box culvert,2947,2947
818,Intersection with Z1126 (LRP335C),link,N1,Intersection with Z1126,2947,2947
819,Box culvert (LRP335D),bridge,N1,Box culvert,2947,2947
820,"Cox,s Bazar 59 km (LRP336)",link,N1,"Cox,s Bazar 59 km",2947,2947
821,Bridge start (LRP336A),bridge,N1,Bridge start,2947,2947
825,Road to Badarkhali (R172) (LRP337A),link,N1,Road to Badarkhali (R172),2947,2947
826,"Cox,s Bazar 57 km (LRP338)",link,N1,"Cox,s Bazar 57 km",2947,2947
827,"Cox,s Bazar 56 km (LRP339)",link,N1,"Cox,s Bazar 56 km",2947,2947
828,Box culvert (LRP339A),bridge,N1,Box culvert,2947,2947
829,Cox's Bazar 55 km (LRP340),link,N1,Cox's Bazar 55 km,2947,2947
830,Box culvert (LRP340A),bridge,N1,Box culvert,2947,2947
834,"Cox,s Bazar 54 km (LRP341)",link,N1,"Cox,s Bazar 54 km",2947,2947
835,Box culvert (LRP341A),bridge,N1,Box culvert,2947,2947
836,Road to Alikadam(Z1005) (LRP341B),link,N1,Road to Alikadam(Z1005),2947,2947
837,Cox's Bazar 53km (LRP342),link,N1,Cox's Bazar 53km,2947,2947
838,Pipe Culvert (LRP342A),bridge,N1,Pipe Culvert,2947,2947
839,"Cox,s Bazar 52 km (LRP343)",link,N1,"Cox,s Bazar 52 km",2947,2947
845,Cox's Bazar 48 km (LRP347),link,N1,Cox's Bazar 48 km,2947,2947
846,Bridge start (LRP347A),bridge,N1,Bridge start,2947,2947
862,"Cox,s Bazar 42 km (LRP353)",link,N1,"Cox,s Bazar 42 km",2947,2947
863,Box culvert (LRP353A),bridge,N1,Box culvert,2947,2947
864,Cox's Bazar 41km (LRP354),link,N1,Cox's Bazar 41km,2947,2947
865,Bridge start (LRP354A),bridge,N1,Bridge start,2947,2947
866,Bridge end (LRP354B),bridge,N1,Bridge end,2947,2947
867,"Z1131, Kutakhali-Maheshkhali (LRP354C)",link,N1,"Z1131, Kutakhali-Maheshkhali",2947,2947
874,Cox's Bazar 38km (LRP357),link,N1,Cox's Bazar 38km,2947,2947
875,Box culvert (LRP357A),bridge,N1,Box culvert,2947,2947
876,Box culvert (LRP357B),bridge,N1,Box culvert,2947,2947
877,"Cox,s Bazar 37 km (LRP358)",link,N1,"Cox,s Bazar 37 km",2947,2947
926,Box culvert (LRP376B),bridge,N1,Box culvert,2947,2947
927,Bridge start (LRP376C),bridge,N1,Bridge start,2947,2947
928,Bridge end (LRP376D),bridge,N1,Bridge end,2947,2947
929,"Cox,s Bazar 18 km (LRP377)",link,N1,"Cox,s Bazar 18 km",2947,2947
930,Box culvert (LRP377A),bridge,N1,Box culvert,2947,2947
931,Box culvert (LRP377B),bridge,N1,Box culvert,2947,2947
932,"Cox,s Bazar 17 km (LRP378)",link,N1,"Cox,s Bazar 17 km",2947,2947
933,Box culvert (LRP378A),bridge,N1,Box culvert,2947,2947
934,Box culvert (LRP378B),bridge,N1,Box culvert,2947,2947
935,Ramu old Section (N109) (LRP378C),link,N1,Ramu old Section (N109),2947,2947
936,Box culvert (LRP378D),bridge,N1,Box culvert,2947,2947
937,"Cox,s Bazar 16 km (LRP379)",link,N1,"Cox,s Bazar 16 km",2947,2947
938,Bridge start (LRP379A),bridge,N1,Bridge start,2947,2947
939,Bridge end (LRP379B),bridge,N1,Bridge end,2947,2947
940,Box culvert (LRP379C),bridge,N1,Box culvert,2947,2947
941,"Cox,s Bazar 15 km (LRP380)",link,N1,"Cox,s Bazar 15 km",2947,2947
968,Box culvert (LRP387A),bridge,N1,Box culvert,2947,2947
969,Box culvert (LRP387B),bridge,N1,Box culvert,2947,2947
970,"Teknaf 78 km,Uttia 24 km (LRP388)",link,N1,"Teknaf 78 km,Uttia 24 km",2947,2947
971,Box culvert (LRP388A),bridge,N1,Box culvert,2947,2947
972,Box culvert (LRP388B),bridge,N1,Box culvert,2947,2947
973,Box culvert (LRP388C),bridge,N1,Box culvert,2947,2947
974,"Teknaf 77 km,Uthia 23 km (LRP389)",link,N1,"Teknaf 77 km,Uthia 23 km",2947,2947
975,Box culvert (LRP389A),bridge,N1,Box culvert,2947,2947
976,Box culvert (LRP389B),bridge,N1,Box culvert,2947,2947
977,Bridge start (LRP389C),bridge,N1,Bridge start,2947,2947
978,Bridge end (LRP389D),bridge,N1,Bridge end,2947,2947
979,Box culvert (LRP389E),bridge,N1,Box culvert,2947,2947
980,"Teknaf 76 km,Uthia 22 km (LRP390)",link,N1,"Teknaf 76 km,Uthia 22 km",2947,2947
981,Box culvert (LRP390A),bridge,N1,Box culvert,2947,2947
982,Box culvert (LRP390B),bridge,N1,Box culvert,2947,2947
983,Box culvert (LRP390C),bridge,N1,Box culvert,2947,2947
984,"Teknaf 75 km,Uthia 21 km (LRP391)",link,N1,"Teknaf 75 km,Uthia 21 km",2947,2947
985,Box culvert (LRP391A),bridge,N1,Box culvert,2947,2947
986,Box culvert (LRP391B),bridge,N1,Box culvert,2947,2947
987,Box culvert (LRP391C),bridge,N1,Box culvert,2947,2947
988,Km post missing (LRP392),link,N1,Km post missing,2947,2947
989,Box culvert (LRP392A),bridge,N1,Box culvert,2947,2947
990,Box culvert (LRP392B),bridge,N1,Box culvert,2947,2947
991,Bridge start (LRP392C),bridge,N1,Bridge start,2947,2947
992,Bridge end (LRP392D),bridge,N1,Bridge end,2947,2947
993,Box culvert (LRP392E),bridge,N1,Box culvert,2947,2947
994,"Teknaf 74 km,Uthia 20 km (LRP393)",link,N1,"Teknaf 74 km,Uthia 20 km",2947,2947
995,Box culvert (LRP393A),bridge,N1,Box culvert,2947,2947
996,Bridge start (LRP393B),bridge,N1,Bridge start,2947,2947
997,Bridge end (LRP393C),bridge,N1,Bridge end,2947,2947
1045,Box culvert (LRP402C),bridge,N1,Box culvert,2947,2947
1046,Km post broken (LRP403),link,N1,Km post broken,2947,2947
1047,Bridge start (LRP403A),bridge,N1,Bridge start,2947,2947
1048,Bridge end (LRP403B),bridge,N1,Bridge end,2947,2947
1049,Road to Ramu(Z1009) (LRP403C),link,N1,Road to Ramu(Z1009),2947,2947
1050,Bridge start (LRP403D),bridge,N1,Bridge start,2947,2947
1051,Bridge end (LRP403E),bridge,N1,Bridge end,2947,2947
1052,"Teknaf 63 km,Uthia 9 km (LRP404)",link,N1,"Teknaf 63 km,Uthia 9 km",2947,2947
1146,Box culvert (LRP428C),bridge,N1,Box culvert,2947,2947
1147,Info.Missing (LRP429),link,N1,Info.Missing,2947,2947
1148,Box culvert (LRP429A),bridge,N1,Box culvert,2947,2947
1149,Box culvert (LRP429B),bridge,N1,Box culvert,2947,2947
1150,Box culvert (LRP429C),bridge,N1,Box culvert,2947,2947
1151,Box culvert (LRP429D),bridge,N1,Box culvert,2947,2947
1152,Bridge start (LRP429E),bridge,N1,Bridge start,2947,2947
1153,Bridge end (LRP429F),bridge,N1,Bridge end,2947,2947
1154,Info.Missing (LRP430),link,N1,Info.Missing,2947,2947
1155,Box culvert (LRP430A),bridge,N1,Box culvert,2947,2947
1156,Box culvert (LRP430B),bridge,N1,Box culvert,2947,2947
1166,Box culvert (LRP432C),bridge,N1,Box culvert,2947,2947
1167,Box culvert (LRP432D),bridge,N1,Box culvert,2947,2947
1168,Box culvert (LRP432E),bridge,N1,Box culvert,2947,2947
1169,Box culvert (LRP432F),bridge,N1,Box culvert,2947,2947
1170,Info.Missing (LRP433),link,N1,Info.Missing,2947,2947
1171,Box culvert (LRP433A),bridge,N1,Box culvert,2947,2947
1172,Box culvert (LRP433B),bridge,N1,Box culvert,2947,2947
1173,Box culvert (LRP433C),bridge,N1,Box culvert,2947,2947
1174,Box culvert (LRP433D),bridge,N1,Box culvert,2947,2947
1175,Z1133 Road to Shaplapur (LRP433E),link,N1,Z1133 Road to Shaplapur,2947,2947
1176,Bridge start (LRP433F),bridge,N1,Bridge start,2947,2947
1177,Bridge end (LRP433G),bridge,N1,Bridge end,2947,2947
1178,Info.Missing (LRP434),link,N1,Info.Missing,2947,2947
1179,Box culvert (LRP434A),bridge,N1,Box culvert,2947,2947
1180,Box culvert (LRP434B),bridge,N1,Box culvert,2947,2947
1198,Box culvert / Box culvert (LRP437C),bridge,N1,Box culvert / Box culvert,2947,2947
1199,Km post missing (LRP438),link,N1,Km post missing,2947,2947
1200,Box culvert (LRP438A),bridge,N1,Box culvert,2947,2947
1201,Box culvert (LRP438B),bridge,N1,Box culvert,2947,2947
1202,Box culvert (LRP438C),bridge,N1,Box culvert,2947,2947
1203,Box culvert (LRP438D),bridge,N1,Box culvert,2947,2947
1204,Box culvert (LRP438E),bridge,N1,Box culvert,2947,2947
1205,Info.Missing (LRP439),link,N1,Info.Missing,2947,2947
1206,Box culvert (LRP439A),bridge,N1,Box culvert,2947,2947
1207,Box culvert (LRP439B),bridge,N1,Box culvert,2947,2947
1208,Box culvert (LRP439C),bridge,N1,Box culvert,2947,2947
1209,Box culvert (LRP439D),bridge,N1,Box culvert,2947,2947
1210,Km post missing (LRP440),link,N1,Km post missing,2947,2947
1211,Box culvert (LRP440A),bridge,N1,Box culvert,2947,2947
1212,Box culvert (LRP440B),bridge,N1,Box culvert,2947,2947
1213,Box culvert (LRP440C),bridge,N1,Box culvert,2947,2947
1214,Bridge start (LRP440D),bridge,N1,Bridge start,2947,2947
1215,Bridge end (LRP440E),bridge,N1,Bridge end,2947,2947
685,Box Culvert (LRP289A),bridge,N1,Box Culvert,2946,2946
697,Km post missing (LRP293),link,N1,Km post missing,2946,2946
698,Road to Bandarban(N108) (LRP293A),link,N1,Road to Bandarban(N108),2946,2946
699,Box culvert (LRP293B),bridge,N1,Box culvert,2946,2946
700,Road to Satkaria (Z1019) (LRP293C),link,N1,Road to Satkaria (Z1019),2946,2946
706,"Cox,s Bazar 102 km,Pasha 3 km (LRP297)",link,N1,"Cox,s Bazar 102 km,Pasha 3 km",2946,2946
737,Box culvert (LRP308A),bridge,N1,Box culvert,2946,2946
738,Box culvert (LRP308B),bridge,N1,Box culvert,2946,2946
739,Bridge start (LRP308C),bridge,N1,Bridge start,2946,2946
740,Bridge end (LRP308D),bridge,N1,Bridge end,2946,2946
741,"Cox,s Bazar 86 km,Chokaria 28 km (LRP309)",link,N1,"Cox,s Bazar 86 km,Chokaria 28 km",2946,2946
742,Box culvert (LRP309A),bridge,N1,Box culvert,2946,2946
743,Bridge start (LRP309B),bridge,N1,Bridge start,2946,2946
744,Bridge end (LRP309C),bridge,N1,Bridge end,2946,2946
745,"Cox,s Bazar 87 km,Chokaria 27 km (LRP310)",link,N1,"Cox,s Bazar 87 km,Chokaria 27 km",2946,2946
746,Bridge start (LRP310A),bridge,N1,Bridge start,2946,2946
747,Bridge end (LRP310B),bridge,N1,Bridge end,2946,2946
748,Box culvert (LRP310C),bridge,N1,Box culvert,2946,2946
749,Box culvert (LRP310D),bridge,N1,Box culvert,2946,2946
750,"Cox,s Bazar 88 km,Chowria 27 km (LRP311)",link,N1,"Cox,s Bazar 88 km,Chowria 27 km",2946,2946
752,Road to Banskhali (R171) (LRP312A),link,N1,Road to Banskhali (R171),2946,2946
777,Road to Lama(Z1007) (LRP320A),link,N1,Road to Lama(Z1007),2946,2946
778,"Cox,s Bazar 74 km (LRP321)",link,N1,"Cox,s Bazar 74 km",2946,2946
779,Road to Toitong (Z1124) (LRP321A),link,N1,Road to Toitong (Z1124),2946,2946
780,Box culvert (LRP321B),bridge,N1,Box culvert,2946,2946
781,"Cox,s Bazar 73 km (LRP322)",link,N1,"Cox,s Bazar 73 km",2946,2946
782,Box culvert (LRP322A),bridge,N1,Box culvert,2946,2946
783,Cox's Bazar 72 km (LRP323),link,N1,Cox's Bazar 72 km,2946,2946
784,Box culvert (LRP323A),bridge,N1,Box culvert,2946,2946
785,Info.Missing (LRP324),link,N1,Info.Missing,2946,2946
786,Box culvert (LRP324A),bridge,N1,Box culvert,2946,2946
787,Km post missing (LRP325),link,N1,Km post missing,2946,2946
788,Bridge start (LRP325A),bridge,N1,Bridge start,2946,2946
789,Bridge end (LRP325B),bridge,N1,Bridge end,2946,2946
790,"Cox,s Bazar 69 km (LRP326)",link,N1,"Cox,s Bazar 69 km",2946,2946
791,Box culvert (LRP326A),bridge,N1,Box culvert,2946,2946
792,Box culvert (LRP326B),bridge,N1,Box culvert,2946,2946
793,"Cox,s Bazar 68 km (LRP327)",link,N1,"Cox,s Bazar 68 km",2946,2946
794,Box culvert (LRP327A),bridge,N1,Box culvert,2946,2946
795,Box culvert (LRP327B),bridge,N1,Box culvert,2946,2946
796,"Cox,s Bazar 67 km (LRP328)",link,N1,"Cox,s Bazar 67 km",2946,2946
797,Box culvert (LRP328A),bridge,N1,Box culvert,2946,2946
802,Box culvert (LRP329C),bridge,N1,Box culvert,2946,2946
803,Cox's Bazar 65km (LRP330),link,N1,Cox's Bazar 65km,2946,2946
804,Box culvert (LRP330A),bridge,N1,Box culvert,2946,2946
810,"Cox,s Bazar 62 km (LRP333)",link,N1,"Cox,s Bazar 62 km",2946,2946
811,Box culvert (LRP333A),bridge,N1,Box culvert,2946,2946
812,Box culvert (LRP333B),bridge,N1,Box culvert,2946,2946
813,"Cox,s Bazar 61 km (LRP334)",link,N1,"Cox,s Bazar 61 km",2946,2946
831,Box culvert (LRP340B),bridge,N1,Box culvert,2946,2946
832,Bridge start (LRP340C),bridge,N1,Bridge start,2946,2946
833,Bridge end (LRP340D),bridge,N1,Bridge end,2946,2946
1157,Bridge start (LRP430C),bridge,N1,Bridge start,2946,2946
1158,Bridge end (LRP430D),bridge,N1,Bridge end,2946,2946
1159,Box culvert (LRP430E),bridge,N1,Box culvert,2946,2946
1160,Info.Missing (LRP431),link,N1,Info.Missing,2946,2946
1161,Box culvert (LRP431A),bridge,N1,Box culvert,2946,2946
1162,Box culvert (LRP431B),bridge,N1,Box culvert,2946,2946
1163,Km post missing (LRP432),link,N1,Km post missing,2946,2946
1164,Box culvert (LRP432A),bridge,N1,Box culvert,2946,2946
1165,Box culvert (LRP432B),bridge,N1,Box culvert,2946,2946
1181,Box culvert (LRP434C),bridge,N1,Box culvert,2946,2946
1182,Box culvert (LRP434D),bridge,N1,Box culvert,2946,2946
1183,Km post broken (LRP435),link,N1,Km post broken,2946,2946
1184,Box culvert (LRP435A),bridge,N1,Box culvert,2946,2946
1185,Box culvert (LRP435B),bridge,N1,Box culvert,2946,2946
1186,Box culvert (LRP435C),bridge,N1,Box culvert,2946,2946
1187,Box culvert (LRP435D),bridge,N1,Box culvert,2946,2946
1188,Box culvert (LRP435E),bridge,N1,Box culvert,2946,2946
1189,Info.Missing (LRP436),link,N1,Info.Missing,2946,2946
1190,Box culvert (LRP436A),bridge,N1,Box culvert,2946,2946
1191,Bridge start (LRP436B),bridge,N1,Bridge start,2946,2946
1192,Bridge end (LRP436C),bridge,N1,Bridge end,2946,2946
1193,Box culvert (LRP436D),bridge,N1,Box culvert,2946,2946
1194,Box culvert (LRP436E),bridge,N1,Box culvert,2946,2946
1195,Km post missing (LRP437),link,N1,Km post missing,2946,2946
1196,Box culvert (LRP437A),bridge,N1,Box culvert,2946,2946
1197,Box culvert (LRP437B),bridge,N1,Box culvert,2946,2946
1216,Info.Missing (LRP441),link,N1,Info.Missing,2946,2946
1217,Box culvert (LRP441A),bridge,N1,Box culvert,2946,2946
686,Box Culvert (LRP289B),bridge,N1,Box Culvert,2945,2945
687,"Cox,s Bazar 109 km (LRP290)",link,N1,"Cox,s Bazar 109 km",2945,2945
688,Bridge start (LRP290A),bridge,N1,Bridge start,2945,2945
689,Bridge end (LRP290B),bridge,N1,Bridge end,2945,2945
690,Bridge start (LRP290C),bridge,N1,Bridge start,2945,2945
691,Bridge end (LRP290D),bridge,N1,Bridge end,2945,2945
692,Info.Missing (LRP291),link,N1,Info.Missing,2945,2945
693,Box culvert (LRP291A),bridge,N1,Box culvert,2945,2945
694,Box culvert (LRP291B),bridge,N1,Box culvert,2945,2945
695,Km post missing (LRP292),link,N1,Km post missing,2945,2945
696,Box culvert (LRP292A),bridge,N1,Box culvert,2945,2945
751,"Cox,s Bazar 83 km,Chokaria 25 km (LRP312)",link,N1,"Cox,s Bazar 83 km,Chokaria 25 km",2945,2945
753,Box culvert (LRP312B),bridge,N1,Box culvert,2945,2945
754,Km post missing (LRP313),link,N1,Km post missing,2945,2945
755,Bridge start (LRP313A),bridge,N1,Bridge start,2945,2945
756,Bridge end (LRP313B),bridge,N1,Bridge end,2945,2945
768,Box culvert (LRP317A),bridge,N1,Box culvert,2945,2945
769,Box culvert (LRP317B),bridge,N1,Box culvert,2945,2945
770,"Cox,s Bazar 77 km/Start of Cox's Bazar Road Division. / Cox,s Bazar 77 km/Start of Cox's Bazar Road Division. (LRP318)",link,N1,"Cox,s Bazar 77 km/Start of Cox's Bazar Road Division. / Cox,s Bazar 77 km/Start of Cox's Bazar Road Division.",2945,2945
771,Box culvert (LRP318A),bridge,N1,Box culvert,2945,2945
772,Box culvert (LRP318B),bridge,N1,Box culvert,2945,2945
773,"Cox,s Bazar 76 km (LRP319)",link,N1,"Cox,s Bazar 76 km",2945,2945
774,Box culvert (LRP319A),bridge,N1,Box culvert,2945,2945
775,Box culvert (LRP319B),bridge,N1,Box culvert,2945,2945
776,"Cox,s Bazar 75 km (LRP320)",link,N1,"Cox,s Bazar 75 km",2945,2945
805,Cox.s Bazar 64 km (LRP331),link,N1,Cox.s Bazar 64 km,2945,2945
806,Road to Paharchanda(Z1002) (LRP331A),link,N1,Road to Paharchanda(Z1002),2945,2945
807,Bridge start (LRP331B),bridge,N1,Bridge start,2945,2945
808,Bridge end (LRP331C),bridge,N1,Bridge end,2945,2945
809,"Cox,s Bazar 63 km (LRP332)",link,N1,"Cox,s Bazar 63 km",2945,2945
1253,Box culvert (LRP451A),bridge,N1,Box culvert,2945,2945
1254,Infor.missing (LRP452),link,N1,Infor.missing,2945,2945
1255,Bridge start (LRP452A),bridge,N1,Bridge start,2945,2945
1256,Bridge end (LRP452B),bridge,N1,Bridge end,2945,2945
1321,Km post missing (LRP462),link,N1,Km post missing,2945,2945
1322,Bridge start (LRP462A),bridge,N1,Bridge start,2945,2945
1323,Bridge end (LRP462B),bridge,N1,Bridge end,2945,2945
1324,Teknaf 4 km (LRP463),link,N1,Teknaf 4 km,2945,2945
1325,Bridge start (LRP463A),bridge,N1,Bridge start,2945,2945
1326,Bridge end (LRP463B),bridge,N1,Bridge end,2945,2945
1327,Info.Missing (LRP464),link,N1,Info.Missing,2945,2945
1328,Box culvert (LRP464A),bridge,N1,Box culvert,2945,2945
1332,Bridge end (LRP465B),bridge,N1,Bridge end,2945,2945
1333,Km post missing (LRP466),link,N1,Km post missing,2945,2945
1334,Box culvert (LRP466A),bridge,N1,Box culvert,2945,2945
1335,Bridge start (LRP466B),bridge,N1,Bridge start,2945,2945
1336,Bridge end (LRP466C),bridge,N1,Bridge end,2945,2945
1337,Infor.missing (LRP467),link,N1,Infor.missing,2945,2945
757,Box culvert (LRP313C),bridge,N1,Box culvert,2944,2944
758,Km post missing (LRP314),link,N1,Km post missing,2944,2944
759,Box culvert (LRP314A),bridge,N1,Box culvert,2944,2944
760,Bridge start (LRP314B),bridge,N1,Bridge start,2944,2944
761,Bridge end (LRP314C),bridge,N1,Bridge end,2944,2944
762,Info.Missing (LRP315),link,N1,Info.Missing,2944,2944
763,Box culvert (LRP315A),bridge,N1,Box culvert,2944,2944
764,Km post missing (LRP316),link,N1,Km post missing,2944,2944
765,Box culvert (LRP316A),bridge,N1,Box culvert,2944,2944
766,Box culvert (LRP316B),bridge,N1,Box culvert,2944,2944
767,"Cox,s Bazar 78 km (LRP317)",link,N1,"Cox,s Bazar 78 km",2944,2944
1218,Bridge start (LRP441B),bridge,N1,Bridge start,2944,2944
1219,Bridge end (LRP441C),bridge,N1,Bridge end,2944,2944
1220,Teknaf 24 km (LRP442),link,N1,Teknaf 24 km,2944,2944
1221,Box culvert (LRP442A),bridge,N1,Box culvert,2944,2944
1222,Box culvert (LRP442B),bridge,N1,Box culvert,2944,2944
1223,Box culvert (LRP442C),bridge,N1,Box culvert,2944,2944
1224,Box culvert (LRP442D),bridge,N1,Box culvert,2944,2944
1225,Teknaf 23 km (LRP443),link,N1,Teknaf 23 km,2944,2944
1242,Box culvert (LRP447C),bridge,N1,Box culvert,2944,2944
1243,Teknaf 29 km (LRP448),link,N1,Teknaf 29 km,2944,2944
1244,Bridge start (LRP448A),bridge,N1,Bridge start,2944,2944
1245,Bridge end (LRP448B),bridge,N1,Bridge end,2944,2944
1246,Box culvert (LRP448C),bridge,N1,Box culvert,2944,2944
1247,Teknaf 18 km (LRP449),link,N1,Teknaf 18 km,2944,2944
1248,Box culvert (LRP449A),bridge,N1,Box culvert,2944,2944
1249,Infor.missing (LRP450),link,N1,Infor.missing,2944,2944
1250,Bridge start (LRP450A),bridge,N1,Bridge start,2944,2944
1251,Bridge end (LRP450B),bridge,N1,Bridge end,2944,2944
1252,Km post missing (LRP451),link,N1,Km post missing,2944,2944
1261,Box culvert (LRP453A),bridge,N1,Box culvert,2944,2944
1262,Box culvert (LRP453B),bridge,N1,Box culvert,2944,2944
1272,Box culvert (LRP455A),bridge,N1,Box culvert,2944,2944
1273,Bridge start (LRP455B),bridge,N1,Bridge start,2944,2944
1274,Bridge end (LRP455C),bridge,N1,Bridge end,2944,2944
1275,Km post missing (LRP456),link,N1,Km post missing,2944,2944
1276,Box culvert (LRP456A),bridge,N1,Box culvert,2944,2944
1277,Box culvert (LRP456B),bridge,N1,Box culvert,2944,2944
1278,Box culvert (LRP456C),bridge,N1,Box culvert,2944,2944
1279,Box culvert (LRP456D),bridge,N1,Box culvert,2944,2944
1280,Bridge start (LRP456E),bridge,N1,Bridge start,2944,2944
1281,Bridge end (LRP456F),bridge,N1,Bridge end,2944,2944
1282,Infor.missing (LRP457),link,N1,Infor.missing,2944,2944
1283,Bridge start (LRP457A),bridge,N1,Bridge start,2944,2944
1284,Bridge end (LRP457B),bridge,N1,Bridge end,2944,2944
1285,Bridge start (LRP457C),bridge,N1,Bridge start,2944,2944
1286,Bridge end (LRP457D),bridge,N1,Bridge end,2944,2944
1287,Box Culvert (LRP457E),bridge,N1,Box Culvert,2944,2944
1288,Teknaf 8 km (LRP458),link,N1,Teknaf 8 km,2944,2944
1289,Box Culvert (LRP458A),bridge,N1,Box Culvert,2944,2944
1290,Bridge start (LRP458B),bridge,N1,Bridge start,2944,2944
1291,Bridge end (LRP458C),bridge,N1,Bridge end,2944,2944
1292,Box Culvert (LRP458D),bridge,N1,Box Culvert,2944,2944
1293,Box culvert (LRP458E),bridge,N1,Box culvert,2944,2944
1294,Box Culvert (LRP458F),bridge,N1,Box Culvert,2944,2944
1295,Teknaf 7 km (LRP459),link,N1,Teknaf 7 km,2944,2944
1296,Bridge start (LRP459A),bridge,N1,Bridge start,2944,2944
1297,Bridge end (LRP459B),bridge,N1,Bridge end,2944,2944
1298,Box Culvert (LRP459C),bridge,N1,Box Culvert,2944,2944
1299,Box culvert (LRP459D),bridge,N1,Box culvert,2944,2944
1300,Km post missing (LRP460),link,N1,Km post missing,2944,2944
1301,Box Culvert (LRP460A),bridge,N1,Box Culvert,2944,2944
1302,Box Culvert (LRP460B),bridge,N1,Box Culvert,2944,2944
1303,Box culvert (LRP460C),bridge,N1,Box culvert,2944,2944
1304,Bridge start (LRP460D),bridge,N1,Bridge start,2944,2944
1305,Bridge end (LRP460E),bridge,N1,Bridge end,2944,2944
1306,Box culvert (LRP460F),bridge,N1,Box culvert,2944,2944
1307,Bridge start (LRP460G),bridge,N1,Bridge start,2944,2944
1308,Bridge end (LRP460H),bridge,N1,Bridge end,2944,2944
1309,Km post missing (LRP461),link,N1,Km post missing,2944,2944
1310,Box culvert (LRP461A),bridge,N1,Box culvert,2944,2944
1311,Box culvert (LRP461B),bridge,N1,Box culvert,2944,2944
1312,Bridge start (LRP461C),bridge,N1,Bridge start,2944,2944
1313,Bridge end (LRP461D),bridge,N1,Bridge end,2944,2944
1314,Box culvert (LRP461E),bridge,N1,Box culvert,2944,2944
1315,Box culvert (LRP461F),bridge,N1,Box culvert,2944,2944
1316,Box culvert (LRP461G),bridge,N1,Box culvert,2944,2944
1317,Bridge start (LRP461H),bridge,N1,Bridge start,2944,2944
1318,Bridge end (LRP461I),bridge,N1,Bridge end,2944,2944
1319,Box culvert (LRP461J),bridge,N1,Box culvert,2944,2944
1320,Box culvert (LRP461K),bridge,N1,Box culvert,2944,2944
1329,Box culvert (LRP464B),bridge,N1,Box culvert,2944,2944
1330,Teknaf 2 km (LRP465),link,N1,Teknaf 2 km,2944,2944
1331,Bridge start (LRP465A),bridge,N1,Bridge start,2944,2944
1226,Box culvert (LRP443A),bridge,N1,Box culvert,2943,2943
1227,Bridge start (LRP443B),bridge,N1,Bridge start,2943,2943
1228,Bridge end (LRP443C),bridge,N1,Bridge end,2943,2943
1229,Teknaf 21 km (LRP444),link,N1,Teknaf 21 km,2943,2943
1230,Box culvert (LRP444A),bridge,N1,Box culvert,2943,2943
1231,Box culvert (LRP444B),bridge,N1,Box culvert,2943,2943
1232,Box culvert (LRP444C),bridge,N1,Box culvert,2943,2943
1233,Km post missing (LRP445),link,N1,Km post missing,2943,2943
1234,Bridge start (LRP445A),bridge,N1,Bridge start,2943,2943
1235,Bridge end (LRP445B),bridge,N1,Bridge end,2943,2943
1236,Infor.missing (LRP446),link,N1,Infor.missing,2943,2943
1237,Box culvert (LRP446A),bridge,N1,Box culvert,2943,2943
1238,Box culvert (LRP446B),bridge,N1,Box culvert,2943,2943
1239,Teknaf 20 km (LRP447),link,N1,Teknaf 20 km,2943,2943
1240,Box culvert (LRP447A),bridge,N1,Box culvert,2943,2943
1241,Box culvert (LRP447B),bridge,N1,Box culvert,2943,2943
1257,Box culvert (LRP452C),bridge,N1,Box culvert,2943,2943
1258,Bridge start (LRP452D),bridge,N1,Bridge start,2943,2943
1259,Bridge end (LRP452E),bridge,N1,Bridge end,2943,2943
1260,Info.Missing (LRP453),link,N1,Info.Missing,2943,2943
1263,Box culvert (LRP453C),bridge,N1,Box culvert,2943,2943
1264,Box culvert (LRP453D),bridge,N1,Box culvert,2943,2943
1265,Box culvert (LRP453E),bridge,N1,Box culvert,2943,2943
1266,Info.Missing (LRP454),link,N1,Info.Missing,2943,2943
1267,Box culvert (LRP454A),bridge,N1,Box culvert,2943,2943
1268,Bridge start (LRP454B),bridge,N1,Bridge start,2943,2943
1269,Bridge end (LRP454C),bridge,N1,Bridge end,2943,2943
1270,Box culvert (LRP454D),bridge,N1,Box culvert,2943,2943
1271,Info.Missing (LRP455),link,N1,Info.Missing,2943,2943
2368,Bridge end (LRP039E),bridge,N106,Bridge end,1086,1086
2226,Box culvert (LRPSA),bridge,N106,Box culvert,1084,1084
2227,Box culvert (LRPSB),bridge,N106,Box culvert,1084,1084
2228,Box culvert (LRPSC),bridge,N106,Box culvert,1084,1084
2229,Km post missing (LRP001),link,N106,Km post missing,1084,1084
2230,Slab culvert (LRP001A),bridge,N106,Slab culvert,1084,1084
2231,Box culvert (LRP001B),bridge,N106,Box culvert,1084,1084
2232,Km post missing (LRP002),link,N106,Km post missing,1084,1084
2233,Box culvert (LRP002A),bridge,N106,Box culvert,1084,1084
2234,Bridge start (LRP002B),bridge,N106,Bridge start,1084,1084
2235,Bridge end (LRP002C),bridge,N106,Bridge end,1084,1084
2236,Km post missing (LRP003),link,N106,Km post missing,1084,1084
2237,Box culvert (LRP003A),bridge,N106,Box culvert,1084,1084
2238,Box culvert (LRP003B),bridge,N106,Box culvert,1084,1084
2239,"Rangamati 64 km,Hathazari 8 km (LRP004)",link,N106,"Rangamati 64 km,Hathazari 8 km",1084,1084
2240,Box culvert (LRP004A),bridge,N106,Box culvert,1084,1084
2241,Box Culvert (LRP004C),bridge,N106,Box Culvert,1084,1084
2242,Km post missing (LRP005),link,N106,Km post missing,1084,1084
2243,Box culvert (LRP005A),bridge,N106,Box culvert,1084,1084
2244,Box culvert (LRP005B),bridge,N106,Box culvert,1083,1083
2245,Information missing (LRP006),link,N106,Information missing,1083,1083
2246,Box culvert (LRP006A),bridge,N106,Box culvert,1083,1083
2247,Box culvert (LRP006B),bridge,N106,Box culvert,1083,1083
2248,Km post missing (LRP007),link,N106,Km post missing,1083,1083
2249,Box culvert (LRP007A),bridge,N106,Box culvert,1083,1083
2275,Box Culvert (LRP016A),bridge,N106,Box Culvert,1083,1083
2276,Bridge start (LRP016B),bridge,N106,Bridge start,1083,1083
2277,Bridge end (LRP016C),bridge,N106,Bridge end,1083,1083
2278,"Rangamati 51 km,Raozan9 km (LRP017)",link,N106,"Rangamati 51 km,Raozan9 km",1083,1083
2279,Box culvert (LRP017A),bridge,N106,Box culvert,1083,1083
2280,Rangamati 50 km (LRP018),link,N106,Rangamati 50 km,1083,1083
2281,Bridge start (LRP018A),bridge,N106,Bridge start,1083,1083
2282,Bridge end (LRP018B),bridge,N106,Bridge end,1083,1083
2283,Box culvert (LRP018C),bridge,N106,Box culvert,1083,1083
2284,Km post missing (LRP019),link,N106,Km post missing,1083,1083
2285,Box culvert (LRP019A),bridge,N106,Box culvert,1083,1083
2286,Box Culvert (LRP019B),bridge,N106,Box Culvert,1083,1083
2287,Road to Fatikchari (LRP019C),link,N106,Road to Fatikchari,1083,1083
2288,"Rangamati 48 km,Raozan 6 km (LRP020)",link,N106,"Rangamati 48 km,Raozan 6 km",1083,1083
2289,Box culvert (LRP020A),bridge,N106,Box culvert,1083,1083
2290,Bridge start (LRP020B),bridge,N106,Bridge start,1083,1083
2291,Bridge end (LRP020C),bridge,N106,Bridge end,1083,1083
2292,"Rangamati 47 km,Raozan 5 km (LRP021)",link,N106,"Rangamati 47 km,Raozan 5 km",1083,1083
2293,Bridge start (LRP021A),bridge,N106,Bridge start,1083,1083
2294,Bridge end (LRP021B),bridge,N106,Bridge end,1083,1083
2295,"Rangamati 46 km,Raozan 4 km (LRP022)",link,N106,"Rangamati 46 km,Raozan 4 km",1083,1083
2296,Bridge start (LRP022A),bridge,N106,Bridge start,1083,1083
2297,Bridge end (LRP022B),bridge,N106,Bridge end,1083,1083
2298,Box culvert (LRP022C),bridge,N106,Box culvert,1083,1083
2299,Km post missing (LRP023),link,N106,Km post missing,1083,1083
2300,Box culvert (LRP023A),bridge,N106,Box culvert,1083,1083
2301,Box culvert (LRP023B),bridge,N106,Box culvert,1083,1083
2302,Bridge start (LRP023C),bridge,N106,Bridge start,1083,1083
2303,Bridge end (LRP023D),bridge,N106,Bridge end,1083,1083
2304,Bridge start (LRP023E),bridge,N106,Bridge start,1083,1083
2305,Bridge end (LRP023F),bridge,N106,Bridge end,1083,1083
2306,Rangamati 44 km (LRP024),link,N106,Rangamati 44 km,1083,1083
2307,Box culvert (LRP024A),bridge,N106,Box culvert,1083,1083
2308,Road to Jalepara (LRP024B),link,N106,Road to Jalepara,1083,1083
2309,"Rangamati 43 km,Raozan 0 km (LRP025)",link,N106,"Rangamati 43 km,Raozan 0 km",1083,1083
2310,Road to Brahmanchari (LRP025A),link,N106,Road to Brahmanchari,1083,1083
2311,Box culvert (LRP025B),bridge,N106,Box culvert,1083,1083
2312,Box Culvert (LRP025C),bridge,N106,Box Culvert,1083,1083
2313,Road to Katakhali (LRP025D),link,N106,Road to Katakhali,1083,1083
2314,Rangamati 42 km (LRP026),link,N106,Rangamati 42 km,1083,1083
2315,Box culvert (LRP026A),bridge,N106,Box culvert,1083,1083
2316,Box culvert (LRP026B),bridge,N106,Box culvert,1083,1083
2317,Box culvert (LRP026C),bridge,N106,Box culvert,1083,1083
2318,"Rangamati 42 km,Betbunia10 km (LRP027)",link,N106,"Rangamati 42 km,Betbunia10 km",1083,1083
2250,Box culvert (LRP007B),bridge,N106,Box culvert,1082,1082
2251,Box culvert (LRP007C),bridge,N106,Box culvert,1082,1082
2252,Km post missing (LRP008),link,N106,Km post missing,1082,1082
2253,Box culvert (LRP008A),bridge,N106,Box culvert,1082,1082
2254,Bridge start (LRP008B),bridge,N106,Bridge start,1082,1082
2255,Bridge end (LRP008C),bridge,N106,Bridge end,1082,1082
2256,Km post missing (LRP009),link,N106,Km post missing,1082,1082
2257,Box culvert (LRP009A),bridge,N106,Box culvert,1082,1082
2258,Information missing (LRP010),link,N106,Information missing,1082,1082
2259,Km post missing (LRP011),link,N106,Km post missing,1082,1082
2260,Box culvert (LRP011A),bridge,N106,Box culvert,1082,1082
2261,Bridge start (LRP011B),bridge,N106,Bridge start,1082,1082
2262,Km post missing (LRP012),link,N106,Km post missing,1082,1082
2263,"R160, Khagrachari Road (LRP012A)",link,N106,"R160, Khagrachari Road",1082,1082
2264,"Rangamati 55 km,Raozan 13 km (LRP013)",link,N106,"Rangamati 55 km,Raozan 13 km",1082,1082
2265,Box culvert (LRP013A),bridge,N106,Box culvert,1082,1082
2266,Box culvert (LRP013B),bridge,N106,Box culvert,1082,1082
2267,"Rangamati 54 km, Raozan 12 km (LRP014)",link,N106,"Rangamati 54 km, Raozan 12 km",1082,1082
2268,Bridge start (LRP014A),bridge,N106,Bridge start,1082,1082
2269,Bridge end (LRP014B),bridge,N106,Bridge end,1082,1082
2270,"Rangamati 53 km,Raozan 11 km (LRP015)",link,N106,"Rangamati 53 km,Raozan 11 km",1082,1082
2271,Bridge start (LRP015A),bridge,N106,Bridge start,1082,1082
2272,Bridge end (LRP015B),bridge,N106,Bridge end,1082,1082
2273,Box culvert (LRP015C),bridge,N106,Box culvert,1082,1082
2274,Km post missing (LRP016),link,N106,Km post missing,1082,1082
2319,Box culvert (LRP027A),bridge,N106,Box culvert,1082,1082
2320,"Rangamati 41 km,Betbunia 9 km (LRP028)",link,N106,"Rangamati 41 km,Betbunia 9 km",1082,1082
2321,"Rangamati 40 km,Betbunia 8 km (LRP029)",link,N106,"Rangamati 40 km,Betbunia 8 km",1082,1082
2322,"Rangamati 39 km,Betbunia 7 km (LRP030)",link,N106,"Rangamati 39 km,Betbunia 7 km",1082,1082
2323,Bridge start (LRP030A),bridge,N106,Bridge start,1082,1082
2324,Bridge end (LRP030B),bridge,N106,Bridge end,1082,1082
2325,"Rangamati 38 km,Betbunia 6 km (LRP031)",link,N106,"Rangamati 38 km,Betbunia 6 km",1082,1082
2326,Box Culvert (LRP031A),bridge,N106,Box Culvert,1082,1082
2327,"Rangamati 37 km,Betbunia 5 km (LRP032)",link,N106,"Rangamati 37 km,Betbunia 5 km",1082,1082
2328,Box culvert (LRP032A),bridge,N106,Box culvert,1082,1082
2329,Start of Rangamati road Division / Start of Rangamati road Division (LRP032B),link,N106,Start of Rangamati road Division / Start of Rangamati road Division,1082,1082
2330,Bridge start (LRP032C),bridge,N106,Bridge start,1082,1082
2331,Bridge end (LRP032D),bridge,N106,Bridge end,1082,1082
2332,Km post missing (LRP033),link,N106,Km post missing,1082,1082
2333,Box Culvert (LRP033A),bridge,N106,Box Culvert,1082,1082
2334,Box Culvert (LRP033B),bridge,N106,Box Culvert,1082,1082
2335,"Rangamati 36 km,Betbunia 4 km (LRP034)",link,N106,"Rangamati 36 km,Betbunia 4 km",1082,1082
2336,Box Culvert (LRP034A),bridge,N106,Box Culvert,1082,1082
2337,Box Culvert (LRP034B),bridge,N106,Box Culvert,1082,1082
2338,Box Culvert (LRP034C),bridge,N106,Box Culvert,1081,1081
2339,Box Culvert (LRP034D),bridge,N106,Box Culvert,1081,1081
2340,Box Culvert (LRP034E),bridge,N106,Box Culvert,1081,1081
2341,Box Culvert (LRP034F),bridge,N106,Box Culvert,1081,1081
2342,"Rangamati 35 km, Betbunia 3 km (LRP035)",link,N106,"Rangamati 35 km, Betbunia 3 km",1081,1081
2343,Box Culvert (LRP035A),bridge,N106,Box Culvert,1081,1081
2344,Box Culvert (LRP035B),bridge,N106,Box Culvert,1081,1081
2345,Box Culvert (LRP035C),bridge,N106,Box Culvert,1081,1081
2346,Box Culvert (LRP035D),bridge,N106,Box Culvert,1081,1081
2347,Box Culvert (LRP035E),bridge,N106,Box Culvert,1081,1081
2348,"Rangamati 34 km, Betbunia 2 km (LRP036)",link,N106,"Rangamati 34 km, Betbunia 2 km",1081,1081
2349,Box Culvert (LRP036A),bridge,N106,Box Culvert,1081,1081
2350,Box Culvert (LRP036B),bridge,N106,Box Culvert,1081,1081
2351,Box Culvert (LRP036C),bridge,N106,Box Culvert,1081,1081
2352,Box Culvert (LRP036D),bridge,N106,Box Culvert,1081,1081
2353,Box Culvert (LRP036E),bridge,N106,Box Culvert,1081,1081
2354,Box Culvert (LRP036F),bridge,N106,Box Culvert,1081,1081
2355,Box Culvert (LRP036G),bridge,N106,Box Culvert,1081,1081
2356,"Rangamati 34 km, Betbunia 1 km (LRP037)",link,N106,"Rangamati 34 km, Betbunia 1 km",1081,1081
2357,Box Culvert (LRP037A),bridge,N106,Box Culvert,1081,1081
2358,Box Culvert (LRP037B),bridge,N106,Box Culvert,1081,1081
2359,Box Culvert (LRP037C),bridge,N106,Box Culvert,1081,1081
2360,Km post missing (LRP038),link,N106,Km post missing,1081,1081
2361,Box Culvert (LRP038A),bridge,N106,Box Culvert,1081,1081
2362,Box Culvert (LRP038B),bridge,N106,Box Culvert,1081,1081
2363,Rangamati 31 km (LRP039),link,N106,Rangamati 31 km,1081,1081
2364,Box Culvert (LRP039A),bridge,N106,Box Culvert,1081,1081
2365,Box Culvert (LRP039B),bridge,N106,Box Culvert,1081,1081
2366,Road from Kawakhali (LRP039C),link,N106,Road from Kawakhali,1081,1081
2367,Bridge start (LRP039D),bridge,N106,Bridge start,1081,1081
2369,Ranga mati 30 km (LRP040),link,N106,Ranga mati 30 km,1078,1078
2370,Box culvert (LRP040A),bridge,N106,Box culvert,1078,1078
2371,Box culvert (LRP040B),bridge,N106,Box culvert,1078,1078
2372,Box culvert (LRP040C),bridge,N106,Box culvert,1078,1078
2373,Rangamati 29 km (LRP041),link,N106,Rangamati 29 km,1078,1078
2431,Km post missing (LRP065),link,N106,Km post missing,1078,1078
2432,Rangamati 4 km (LRP066),link,N106,Rangamati 4 km,1078,1078
2433,Km post missing (LRP067),link,N106,Km post missing,1078,1078
2434,Rangamati 2 km (LRP068),link,N106,Rangamati 2 km,1078,1078
2435,Police Comissionar Bunglow 1 km (LRP069),link,N106,Police Comissionar Bunglow 1 km,1078,1078
2374,Box culvert (LRP041A),bridge,N106,Box culvert,1077,1077
2375,Rangamati 28 km (LRP042),link,N106,Rangamati 28 km,1077,1077
2376,Box culvert (LRP042A),bridge,N106,Box culvert,1077,1077
2377,Box culvert (LRP042B),bridge,N106,Box culvert,1077,1077
2378,Rangamati 27 km (LRP043),link,N106,Rangamati 27 km,1077,1077
2379,Ranirhat bridge (LRP043A),bridge,N106,Ranirhat bridge,1077,1077
2380,Ranirhat bridge (LRP043B),bridge,N106,Ranirhat bridge,1077,1077
2381,Box culvert (LRP043C),bridge,N106,Box culvert,1077,1077
2382,Rangamati 26 km (LRP044),link,N106,Rangamati 26 km,1077,1077
2383,Box culvert (LRP044A),bridge,N106,Box culvert,1077,1077
2384,Z1617 (LRP044B),link,N106,Z1617,1077,1077
2385,Box culvert (LRP044C),bridge,N106,Box culvert,1077,1077
2386,Box culvert (LRP044D),bridge,N106,Box culvert,1077,1077
2387,"Rangamati 25 km,Ghagra 6 km (LRP045)",link,N106,"Rangamati 25 km,Ghagra 6 km",1077,1077
2388,Box culvert (LRP045A),bridge,N106,Box culvert,1077,1077
2389,"Rangamati 24 km,Ghagra 6 km (LRP046)",link,N106,"Rangamati 24 km,Ghagra 6 km",1077,1077
2390,Box culvert (LRP046A),bridge,N106,Box culvert,1077,1077
2391,"Rangamati 23 km,Ghagra 5 km (LRP047)",link,N106,"Rangamati 23 km,Ghagra 5 km",1077,1077
2392,Bridge start (LRP047A),bridge,N106,Bridge start,1077,1077
2393,Bridge end (LRP047B),bridge,N106,Bridge end,1077,1077
2394,Km post missing (LRP048),link,N106,Km post missing,1077,1077
2395,Box culvert (LRP048A),bridge,N106,Box culvert,1077,1077
2396,Box culvert (LRP048B),bridge,N106,Box culvert,1077,1077
2397,Box culvert (LRP048C),bridge,N106,Box culvert,1077,1077
2398,Km post missing (LRP049),link,N106,Km post missing,1077,1077
2399,"Rangamati 20 km,Ghagra 2 km (LRP050)",link,N106,"Rangamati 20 km,Ghagra 2 km",1077,1077
2400,Information missing (LRP051),link,N106,Information missing,1077,1077
2401,"R161, Road to Bandarban (LRP051A)",link,N106,"R161, Road to Bandarban",1077,1077
2402,Box culvert (LRP051B),bridge,N106,Box culvert,1077,1077
2403,"Rangamati 18 km,Ghagra 0 km (LRP052)",link,N106,"Rangamati 18 km,Ghagra 0 km",1077,1077
2404,Box culvert (LRP052A),bridge,N106,Box culvert,1077,1077
2405,Box culvert (LRP052B),bridge,N106,Box culvert,1077,1077
2406,Rangamati 17 km (LRP053),link,N106,Rangamati 17 km,1077,1077
2407,Box culvert (LRP053A),bridge,N106,Box culvert,1077,1077
2408,Box culvert (LRP053B),bridge,N106,Box culvert,1077,1077
2409,Rangamati 16 km (LRP054),link,N106,Rangamati 16 km,1077,1077
2410,Box culvert (LRP054A),bridge,N106,Box culvert,1077,1077
2411,Box culvert (LRP054B),bridge,N106,Box culvert,1077,1077
2412,Box culvert (LRP054C),bridge,N106,Box culvert,1077,1077
2413,Box culvert (LRP054D),bridge,N106,Box culvert,1077,1077
2414,Box Culvert` (LRP054E),bridge,N106,Box Culvert`,1077,1077
2415,Information missing (LRP055),link,N106,Information missing,1077,1077
2416,Box culvert / Pipe Culvert (LRP055A),bridge,N106,Box culvert / Pipe Culvert,1077,1077
2417,Rangamati 14 km (LRP056),link,N106,Rangamati 14 km,1077,1077
2418,Box culvert (LRP056A),bridge,N106,Box culvert,1077,1077
2419,Rangamati 13 km (LRP057),link,N106,Rangamati 13 km,1077,1077
2420,Box culvert (LRP057A),bridge,N106,Box culvert,1077,1077
2421,Rangamati 12 km (LRP058),link,N106,Rangamati 12 km,1077,1077
2422,"Rangamati 11 km, Manikchan 1 km (LRP059)",link,N106,"Rangamati 11 km, Manikchan 1 km",1077,1077
2423,Bridge start (LRP059A),bridge,N106,Bridge start,1077,1077
2424,Bridge end (LRP059B),bridge,N106,Bridge end,1077,1077
2425,"R162, Road to Khagrachari (LRP059C)",link,N106,"R162, Road to Khagrachari",1077,1077
2426,"Rangamati 10 km,Manikchhari  0 km (LRP060)",link,N106,"Rangamati 10 km,Manikchhari  0 km",1077,1077
2427,Km post missing (LRP061),link,N106,Km post missing,1077,1077
2428,Rangamati 8 km (LRP062),link,N106,Rangamati 8 km,1077,1077
2430,Km post missing (LRP064),link,N106,Km post missing,1077,1077
2429,Rangamati 7 km (LRP063),link,N106,Rangamati 7 km,1076,1076
2877,Bridge END (LRP020B),bridge,N208,Bridge END,736,736
2878,Box culvert (LRP020C),bridge,N208,Box culvert,736,736
2879,Box culvert (LRP020D),bridge,N208,Box culvert,736,736
2880,Sylhet 42 km (LRP021),link,N208,Sylhet 42 km,736,736
2881,Box culvert (LRP021A),bridge,N208,Box culvert,736,736
2882,Box Culvert (LRP021B),bridge,N208,Box Culvert,736,736
2883,Sylhet 41 km (LRP022),link,N208,Sylhet 41 km,736,736
2884,Box culvert (LRP022A),bridge,N208,Box culvert,736,736
2847,Bridge end (LRP009B),bridge,N208,Bridge end,735,735
2848,Information missing (LRP010),link,N208,Information missing,735,735
2849,Box culvert (LRP010A),bridge,N208,Box culvert,735,735
2850,Box culvert (LRP010B),bridge,N208,Box culvert,735,735
2851,Km post missing (LRP011),link,N208,Km post missing,735,735
2852,Box culvert (LRP011A),bridge,N208,Box culvert,735,735
2853,Box culvert (LRP011B),bridge,N208,Box culvert,735,735
2854,Information missing (LRP012),link,N208,Information missing,735,735
2855,Box culvert (LRP012A),bridge,N208,Box culvert,735,735
2856,Km post missing (LRP013),link,N208,Km post missing,735,735
2857,Box culvert (LRP013A),bridge,N208,Box culvert,735,735
2858,"R281,Rajnagar-Charkhai road (LRP013B)",link,N208,"R281,Rajnagar-Charkhai road",735,735
2859,Box Culvert (LRP013C),bridge,N208,Box Culvert,735,735
2860,Km post missing (LRP014),link,N208,Km post missing,735,735
2861,Box culvert (LRP014A),bridge,N208,Box culvert,735,735
2862,Sylhet 48 km (LRP015),link,N208,Sylhet 48 km,735,735
2863,Box culvert (LRP015A),bridge,N208,Box culvert,735,735
2864,Sylhet 47 km (LRP016),link,N208,Sylhet 47 km,735,735
2865,Box culvert (LRP016A),bridge,N208,Box culvert,735,735
2866,Box culvert (LRP016B),bridge,N208,Box culvert,735,735
2867,Sylhet 46 km (LRP017),link,N208,Sylhet 46 km,735,735
2868,Box culvert (LRP017A),bridge,N208,Box culvert,735,735
2874,Bridge end (LRP019B),bridge,N208,Bridge end,735,735
2875,Sylhet 43 km (LRP020),link,N208,Sylhet 43 km,735,735
2876,Bridge start (LRP020A),bridge,N208,Bridge start,735,735
2885,Box culvert (LRP022B),bridge,N208,Box culvert,735,735
2886,Box Culvert (LRP022C),bridge,N208,Box Culvert,735,735
2887,Sylhet 40 km (LRP023),link,N208,Sylhet 40 km,735,735
2888,Box culvert (LRP023A),bridge,N208,Box culvert,735,735
2889,Box culvert (LRP023B),bridge,N208,Box culvert,735,735
2890,Box culvert (LRP023C),bridge,N208,Box culvert,735,735
2891,Box Culvert (LRP023D),bridge,N208,Box Culvert,735,735
2892,Sylhet 39 km (LRP024),link,N208,Sylhet 39 km,735,735
2893,Box culvert (LRP024A),bridge,N208,Box culvert,735,735
2894,Box culvert (LRP024B),bridge,N208,Box culvert,735,735
2895,Sylhet 38 km (LRP025),link,N208,Sylhet 38 km,735,735
2896,Box culvert (LRP025A),bridge,N208,Box culvert,735,735
2897,Bridge start (LRP025B),bridge,N208,Bridge start,735,735
2898,Bridge end (LRP025C),bridge,N208,Bridge end,735,735
2899,Box culvert (LRP025D),bridge,N208,Box culvert,735,735
2900,Sylhet 37 km (LRP026),link,N208,Sylhet 37 km,735,735
2901,Box culvert (LRP026A),bridge,N208,Box culvert,735,735
2902,Box culvert (LRP026B),bridge,N208,Box culvert,735,735
2903,Sylhet 36 km (LRP027),link,N208,Sylhet 36 km,735,735
2904,Bridge start (LRP027A),bridge,N208,Bridge start,735,735
2905,Bridge end (LRP027B),bridge,N208,Bridge end,735,735
2906,Box culvert (LRP027C),bridge,N208,Box culvert,735,735
2907,Box culvert (LRP027D),bridge,N208,Box culvert,735,735
2908,Box culvert (LRP027E),bridge,N208,Box culvert,735,735
2909,Box culvert (LRP027F),bridge,N208,Box culvert,735,735
2910,Sylhet 35 km (LRP028),link,N208,Sylhet 35 km,735,735
2911,Box culvert (LRP028A),bridge,N208,Box culvert,735,735
2912,Box culvert (LRP028B),bridge,N208,Box culvert,735,735
2913,Box culvert (LRP028C),bridge,N208,Box culvert,735,735
2914,Sylhet 34 km (LRP029),link,N208,Sylhet 34 km,735,735
2915,Box culvert (LRP029A),bridge,N208,Box culvert,735,735
2916,Box culvert (LRP029B),bridge,N208,Box culvert,735,735
2917,Bridge start (LRP029C),bridge,N208,Bridge start,735,735
2918,Bridge end (LRP029D),bridge,N208,Bridge end,735,735
2919,Sylhet 33 km (LRP030),link,N208,Sylhet 33 km,735,735
2920,Box culvert (LRP030A),bridge,N208,Box culvert,735,735
2823,Km post missing (LRP001),link,N208,Km post missing,734,734
2824,Box culvert (LRP001A),bridge,N208,Box culvert,734,734
2825,Box Culvert (LRP001B),bridge,N208,Box Culvert,734,734
2826,Km post missing (LRP002),link,N208,Km post missing,734,734
2827,Bridge start (LRP002A),bridge,N208,Bridge start,734,734
2828,Bridge end (LRP002B),bridge,N208,Bridge end,734,734
2829,Km post missing (LRP003),link,N208,Km post missing,734,734
2830,"Z2002,Moulavibazar-Chatla Cheek post road (LRP003A)",link,N208,"Z2002,Moulavibazar-Chatla Cheek post road",734,734
2831,Bridge start (LRP003B),bridge,N208,Bridge start,734,734
2832,Bridge end (LRP003C),bridge,N208,Bridge end,734,734
2833,Km post missing (LRP004),link,N208,Km post missing,734,734
2834,Box culvert (LRP004A),bridge,N208,Box culvert,734,734
2835,Km post missing (LRP005),link,N208,Km post missing,734,734
2836,Box culvert (LRP005A),bridge,N208,Box culvert,734,734
2837,Box culvert (LRP005B),bridge,N208,Box culvert,734,734
2838,Information missing (LRP006),link,N208,Information missing,734,734
2839,Box culvert (LRP006A),bridge,N208,Box culvert,734,734
2840,Km post missing (LRP007),link,N208,Km post missing,734,734
2841,Box culvert (LRP007A),bridge,N208,Box culvert,734,734
2842,Box culvert (LRP007B),bridge,N208,Box culvert,734,734
2843,Km post missing (LRP008),link,N208,Km post missing,734,734
2844,Box culvert (LRP008A),bridge,N208,Box culvert,734,734
2845,Km post missing (LRP009),link,N208,Km post missing,734,734
2846,Bridge start (LRP009A),bridge,N208,Bridge start,734,734
2869,Box culvert (LRP017B),bridge,N208,Box culvert,734,734
2870,Sylhet 45 km (LRP018),link,N208,Sylhet 45 km,734,734
2871,Box culvert (LRP018A),bridge,N208,Box culvert,734,734
2872,Sylhet 44 km (LRP019),link,N208,Sylhet 44 km,734,734
2873,Bridge start (LRP019A),bridge,N208,Bridge start,734,734
2921,Box culvert (LRP030B),bridge,N208,Box culvert,734,734
2922,Box culvert (LRP030C),bridge,N208,Box culvert,734,734
2923,Km post missing (LRP031),link,N208,Km post missing,734,734
2924,Box culvert (LRP031A),bridge,N208,Box culvert,734,734
2925,Box culvert (LRP031B),bridge,N208,Box culvert,734,734
2926,Box culvert (LRP031C),bridge,N208,Box culvert,734,734
2927,Info.Missing (LRP032),link,N208,Info.Missing,734,734
2928,Box culvert (LRP032A),bridge,N208,Box culvert,734,734
2929,Box Culvert (LRP032B),bridge,N208,Box Culvert,734,734
2930,Z2020 to Palbari (LRP032C),link,N208,Z2020 to Palbari,734,734
2931,Bridge start (LRP032D),bridge,N208,Bridge start,734,734
2932,Bridge end (LRP032E),bridge,N208,Bridge end,734,734
2933,Sylhet 30 km (LRP033),link,N208,Sylhet 30 km,734,734
2934,Box culvert (LRP033A),bridge,N208,Box culvert,734,734
2935,Box culvert (LRP033B),bridge,N208,Box culvert,734,734
2936,Sylhet 29 km (LRP034),link,N208,Sylhet 29 km,734,734
2937,Box culvert (LRP034A),bridge,N208,Box culvert,734,734
2938,Box culvert (LRP034B),bridge,N208,Box culvert,734,734
2939,Box culvert (LRP034C),bridge,N208,Box culvert,734,734
2940,Box culvert (LRP034D),bridge,N208,Box culvert,734,734
2941,Sylhet 28 km (LRP035),link,N208,Sylhet 28 km,734,734
2942,Box culvert (LRP035A),bridge,N208,Box culvert,734,734
2943,Box culvert (LRP035B),bridge,N208,Box culvert,734,734
2944,Box culvert (LRP035C),bridge,N208,Box culvert,734,734
2945,Box culvert (LRP035D),bridge,N208,Box culvert,734,734
2946,Box Culvert (LRP035E),bridge,N208,Box Culvert,734,734
2947,Z2020 to Palbari (LRP035F),link,N208,Z2020 to Palbari,734,734
2948,Km post missing (LRP036),link,N208,Km post missing,734,734
2949,Bridge start (LRP036A),bridge,N208,Bridge start,734,734
2950,Bridge end (LRP036B),bridge,N208,Bridge end,734,734
2951,Km post missing (LRP037),link,N208,Km post missing,734,734
2952,Box culvert (LRP037A),bridge,N208,Box culvert,734,734
2953,Km post missing (LRP038),link,N208,Km post missing,733,733
2954,Bridge start (LRP038A),bridge,N208,Bridge start,733,733
2955,Bridge end (LRP038B),bridge,N208,Bridge end,733,733
2956,Km post missing (LRP039),link,N208,Km post missing,733,733
2957,Rail Road Crossing (LRP039A),link,N208,Rail Road Crossing,733,733
2958,Sylhet 21 km (LRP040),link,N208,Sylhet 21 km,733,733
2959,Box culvert (LRP040A),bridge,N208,Box culvert,733,733
2960,Sylhet 20 km (LRP041),link,N208,Sylhet 20 km,733,733
2961,Bridge start (LRP041A),bridge,N208,Bridge start,733,733
2962,Km post missing / Bridge end (LRP042),bridge,N208,Km post missing / Bridge end,733,733
2963,Box culvert (LRP042B),bridge,N208,Box culvert,733,733
2964,Km post missing (LRP043),link,N208,Km post missing,733,733
2965,Box culvert (LRP043A),bridge,N208,Box culvert,733,733
2966,Bridge start (LRP043B),bridge,N208,Bridge start,733,733
2967,Bridge end (LRP043C),bridge,N208,Bridge end,733,733
2968,Sylhet 17 km (LRP044),link,N208,Sylhet 17 km,733,733
2969,Km post broken (LRP045),link,N208,Km post broken,733,733
2970,Bridge start (LRP045A),bridge,N208,Bridge start,733,733
2971,Bridge end (LRP045B),bridge,N208,Bridge end,733,733
2972,Km post missing (LRP046),link,N208,Km post missing,733,733
2973,Bridge start (LRP046A),bridge,N208,Bridge start,733,733
2974,Bridge end (LRP046B),bridge,N208,Bridge end,733,733
2975,Km post missing (LRP047),link,N208,Km post missing,733,733
2976,Box culvert (LRP047A),bridge,N208,Box culvert,733,733
2977,Bridge start (LRP047B),bridge,N208,Bridge start,733,733
2978,Bridge end (LRP047C),bridge,N208,Bridge end,733,733
2979,Sylhet 13 km (LRP048),link,N208,Sylhet 13 km,733,733
2980,Km post missing (LRP049),link,N208,Km post missing,733,733
2981,Bridge start (LRP049A),bridge,N208,Bridge start,733,733
2982,Bridge end (LRP049B),bridge,N208,Bridge end,733,733
2983,Km post missing (LRP050),link,N208,Km post missing,733,733
2984,Km post missing (LRP051),link,N208,Km post missing,733,733
2985,Sylhet 9 km (LRP052),link,N208,Sylhet 9 km,733,733
2986,Box culvert (LRP052A),bridge,N208,Box culvert,733,733
2987,"Z2832,Daudabad-Vdeshwar road (LRP052B)",link,N208,"Z2832,Daudabad-Vdeshwar road",733,733
2988,Sylhet 8 km (LRP053),link,N208,Sylhet 8 km,732,732
2989,Bridge start (LRP053A),bridge,N208,Bridge start,732,732
2990,Bridge end (LRP053B),bridge,N208,Bridge end,732,732
2991,Sylhet 7 km (LRP054),link,N208,Sylhet 7 km,732,732
2992,"N210, Sylhet Bypass road (LRP054A)",link,N208,"N210, Sylhet Bypass road",731,731
2993,Sylhet 8 km (LRP055),link,N208,Sylhet 8 km,731,731
2994,Sylhet 7 km (LRP056),link,N208,Sylhet 7 km,731,731
2995,Box culvert (LRP056A),bridge,N208,Box culvert,731,731
2996,Sylhet 6 km (LRP057),link,N208,Sylhet 6 km,731,731
2997,Sylhet 5 km (LRP058),link,N208,Sylhet 5 km,731,731
2771,"N 208 ,Moulavibazar-Sylet road (LRP043A)",link,N207,"N 208 ,Moulavibazar-Sylet road",118,118
2772,Bridge start (LRP043B),bridge,N207,Bridge start,118,118
2773,Bridge end (LRP043C),bridge,N207,Bridge end,118,118
2774,Km  post missing (LRP044),link,N207,Km  post missing,118,118
2775,Sylhet 61 km (LRP045),link,N207,Sylhet 61 km,118,118
2776,Sylhet 60 km (LRP046),link,N207,Sylhet 60 km,118,118
2777,Sylhet 59 km (LRP047),link,N207,Sylhet 59 km,118,118
2778,Box Culvert (LRP047A),bridge,N207,Box Culvert,118,118
2779,Sylhet 58 km (LRP048),link,N207,Sylhet 58 km,118,118
2780,Box Culvert (LRP048A),bridge,N207,Box Culvert,118,118
2781,Box Culvert (LRP048B),bridge,N207,Box Culvert,118,118
2782,Sylhet 57 km (LRP049),link,N207,Sylhet 57 km,118,118
2783,Sylhet 56 km (LRP050),link,N207,Sylhet 56 km,118,118
2784,Sylhet 55 km (LRP051),link,N207,Sylhet 55 km,118,118
2785,Box Culvert (LRP051A),bridge,N207,Box Culvert,118,118
2786,Box Culvert (LRP051B),bridge,N207,Box Culvert,118,118
2787,Km post broken (LRP052),link,N207,Km post broken,118,118
2788,Box Culvert (LRP052A),bridge,N207,Box Culvert,118,118
2789,Sylhet 53 km (LRP053),link,N207,Sylhet 53 km,118,118
2790,Box Culvert (LRP053A),bridge,N207,Box Culvert,118,118
2791,Sylhet 52 km (LRP054),link,N207,Sylhet 52 km,118,118
2792,Sylhet 51 km (LRP055),link,N207,Sylhet 51 km,118,118
2793,Box Culvert (LRP055A),bridge,N207,Box Culvert,118,118
2794,Sylhet 50 km (LRP056),link,N207,Sylhet 50 km,118,118
2795,Bridge start (LRP056A),bridge,N207,Bridge start,118,118
2796,Bridge end (LRP056B),bridge,N207,Bridge end,118,118
2797,Sylhet 49 km (LRP057),link,N207,Sylhet 49 km,118,118
2798,Box Culvert (LRP057A),bridge,N207,Box Culvert,118,118
2799,Sylhet 48 km (LRP058),link,N207,Sylhet 48 km,118,118
2800,Sylhet 47 km (LRP059),link,N207,Sylhet 47 km,118,118
2801,Sylhet 46 km (LRP060),link,N207,Sylhet 46 km,118,118
2802,Box Culvert (LRP060A),bridge,N207,Box Culvert,118,118
2803,Sylhet 45 km (LRP061),link,N207,Sylhet 45 km,118,118
2804,Box Culvert (LRP061A),bridge,N207,Box Culvert,118,118
2805,Bridge start (LRP061B),bridge,N207,Bridge start,118,118
2806,Bridge end (LRP061C),bridge,N207,Bridge end,118,118
2807,Sylhet 44 km (LRP062),link,N207,Sylhet 44 km,118,118
2808,Box Culvert (LRP062A),bridge,N207,Box Culvert,118,118
2809,Sylhet 43 km (LRP063),link,N207,Sylhet 43 km,118,118
2810,Bridge start (LRP063A),bridge,N207,Bridge start,118,118
2811,Bridge end (LRP063B),bridge,N207,Bridge end,118,118
2812,Sylhet 42 km (LRP064),link,N207,Sylhet 42 km,118,118
2813,Bridge start (LRP064A),bridge,N207,Bridge start,118,118
2814,Bridge end (LRP064B),bridge,N207,Bridge end,118,118
2815,Box Culvert (LRP064C),bridge,N207,Box Culvert,118,118
2816,Sylhet 41 km (LRP065),link,N207,Sylhet 41 km,118,118
2817,Sylhet 40 km (LRP066),link,N207,Sylhet 40 km,118,118
2818,Box Culvert (LRP066A),bridge,N207,Box Culvert,118,118
2819,Sylhet 39 km (LRP067),link,N207,Sylhet 39 km,118,118
2820,Sylhet 38 km (LRP068),link,N207,Sylhet 38 km,118,118
