infra_id,infra_label,infra_type,road_name,infra_name,crossing_count,unique_truck_count
17,Road to Sylhet (N2) (LRP009A),link,N1,Road to Sylhet (N2),77713,77713
9,Km post missing (LRP005),link,N1,Km post missing,77711,77711
12,"R110,Left to Demra, Right to Narayanganj (LRP007A)",link,N1,"R110,Left to Demra, Right to Narayanganj",77711,77711
10,Km post missing (LRP006),link,N1,Km post missing,77709,77709
8,Road to Narayanganj(R111) (LRP004A),link,N1,Road to Narayanganj(R111),77708,77708
11,Km post missing (LRP007),link,N1,Km post missing,77707,77707
14,Kachpur bridge (LRP008A),bridge,N1,Kachpur bridge,77706,77706
15,Bridge end (LRP008B),bridge,N1,Bridge end,77706,77706
16,"Chittagong 251 km,Comilla 84 km (LRP009)",link,N1,"Chittagong 251 km,Comilla 84 km",77706,77706
6,Km post missing (LRP003),link,N1,Km post missing,77705,77705
5,Box culvert (LRP002A),bridge,N1,Box culvert,77703,77703
13,Km post missing (LRP008),link,N1,Km post missing,77702,77702
2,Intersection with Z1101 (LRPSB),link,N1,Intersection with Z1101,77700,77700
3,Km post missing (LRP001),link,N1,Km post missing,77700,77700
7,Km post missing (LRP004),link,N1,Km post missing,77699,77699
1,Box Culvert (LRPSA),bridge,N1,Box Culvert,77698,77698
4,Km post missing (LRP002),link,N1,Km post missing,77695,77695
1353,Km post broken (LRP010),link,N2,Km post broken,39931,39931
1351,Sylhet 223 km (LRP008),link,N2,Sylhet 223 km,39930,39930
1352,Km post missing (LRP009),link,N2,Km post missing,39930,39930
1350,Km post broken (LRP007),link,N2,Km post broken,39929,39929
1354,Km post broken (LRP011),link,N2,Km post broken,39929,39929
1355,R202 to Rupganj (LRP011A),link,N2,R202 to Rupganj,39928,39928
1356,Km post missing (LRP012),link,N2,Km post missing,39928,39928
1347,Sylhet 226 km (LRP005),link,N2,Sylhet 226 km,39926,39926
1357,Intersection with N105 (LRP012A),link,N2,Intersection with N105,39926,39926
1358,Bridge start (LRP012B),bridge,N2,Bridge start,39926,39926
1345,Road to Demra (R201) (LRP003A),link,N2,Road to Demra (R201),39925,39925
1346,Information missing (LRP004),link,N2,Information missing,39925,39925
1348,Km post broken (LRP006),link,N2,Km post broken,39925,39925
1344,Km post missing (LRP003),link,N2,Km post missing,39924,39924
1349,"Z1090 Left to Keyatpara,Right to Mahajanpur. (LRP006A)",link,N2,"Z1090 Left to Keyatpara,Right to Mahajanpur.",39924,39924
1340,Sylhet 230 km (LRP001),link,N2,Sylhet 230 km,39923,39923
1343,Bridge end (LRP002B),bridge,N2,Bridge end,39923,39923
1341,Sylhet 229 km (LRP002),link,N2,Sylhet 229 km,39922,39922
1342,Bridge start (LRP002A),bridge,N2,Bridge start,39922,39922
20,Box culvert (LRP010B),bridge,N1,Box culvert,36152,36152
21,Box culvert (LRP010C),bridge,N1,Box culvert,36152,36152
23,Box culvert (LRP011A),bridge,N1,Box culvert,36151,36151
25,"Chittagong 248 km,Comilla 81 km (LRP012)",link,N1,"Chittagong 248 km,Comilla 81 km",36151,36151
22,Km post missing (LRP011),link,N1,Km post missing,36150,36150
26,Bridge start (LRP012A),bridge,N1,Bridge start,36150,36150
27,Bridge end (LRP012B),bridge,N1,Bridge end,36150,36150
28,Right to Syedpur (R113) left to Joydebpur N105) (LRP012C),link,N1,Right to Syedpur (R113) left to Joydebpur N105),36150,36150
18,Km post missing (LRP010),link,N1,Km post missing,36149,36149
19,Box culvert (LRP010A),bridge,N1,Box culvert,36149,36149
24,Box culvert (LRP011B),bridge,N1,Box culvert,36149,36149
1364,Box culvert (LRP014A),bridge,N2,Box culvert,30992,30992
1376,Start of Narsingdi road Division / Start of Narsingdi road Division (LRP019A),link,N2,Start of Narsingdi road Division / Start of Narsingdi road Division,30992,30992
1378,Sylhet 211 km (LRP020),link,N2,Sylhet 211 km,30992,30992
1379,Box culvert (LRP020A),bridge,N2,Box culvert,30992,30992
1368,Box culvert (LRP016A),bridge,N2,Box culvert,30991,30991
1373,Sylhet 213 km (LRP018),link,N2,Sylhet 213 km,30991,30991
1375,Km post missing (LRP019),link,N2,Km post missing,30991,30991
1377,Box Culvert (LRP019B),bridge,N2,Box Culvert,30991,30991
1371,Km post missing (LRP017),link,N2,Km post missing,30990,30990
1506,Sylhet 166 km (LRP065),link,N2,Sylhet 166 km,30990,30990
1362,Km post broken (LRP013),link,N2,Km post broken,30989,30989
1363,Km post missing (LRP014),link,N2,Km post missing,30989,30989
1365,Km post missing (LRP015),link,N2,Km post missing,30989,30989
1367,Sylhet 215 km (LRP016),link,N2,Sylhet 215 km,30989,30989
1380,Sylhet 210 km (LRP021),link,N2,Sylhet 210 km,30989,30989
1385,Sylhet 208 km (LRP023),link,N2,Sylhet 208 km,30989,30989
1447,Sylhet 185 km (LRP046),link,N2,Sylhet 185 km,30989,30989
1500,Bridge end (LRP063B),bridge,N2,Bridge end,30989,30989
1359,Bridge end (LRP012C),bridge,N2,Bridge end,30988,30988
1360,R203 to Ramchandri (LRP012D),link,N2,R203 to Ramchandri,30988,30988
1361,Box culvert (LRP012E),bridge,N2,Box culvert,30988,30988
1366,Box culvert (LRP015A),bridge,N2,Box culvert,30988,30988
1369,Bridge start (LRP016B),bridge,N2,Bridge start,30988,30988
1370,Bridge end (LRP016C),bridge,N2,Bridge end,30988,30988
1374,Box culvert (LRP018A),bridge,N2,Box culvert,30988,30988
1387,Box culvert (LRP024A),bridge,N2,Box culvert,30988,30988
1393,Km post broken (LRP027),link,N2,Km post broken,30988,30988
1455,Box culvert (LRP048A),bridge,N2,Box culvert,30988,30988
1497,Bridge end (LRP062B),bridge,N2,Bridge end,30988,30988
1498,Sylhet 168 km (LRP063),link,N2,Sylhet 168 km,30988,30988
1499,Bridge start (LRP063A),bridge,N2,Bridge start,30988,30988
1384,Box culvert (LRP022A),bridge,N2,Box culvert,30987,30987
1388,Box culvert (LRP024B),bridge,N2,Box culvert,30987,30987
1389,Sylhet 206 km (LRP025),link,N2,Sylhet 206 km,30987,30987
1395,Road to Shakerchar (Z2038) (LRP028A),link,N2,Road to Shakerchar (Z2038),30987,30987
1440,Box culvert (LRP043C),bridge,N2,Box culvert,30987,30987
1441,Sylhet 187 km (LRP044),link,N2,Sylhet 187 km,30987,30987
1442,Box culvert (LRP044A),bridge,N2,Box culvert,30987,30987
1443,Z2033 (LRP044B),link,N2,Z2033,30987,30987
1457,Sylhet 182 km (LRP049),link,N2,Sylhet 182 km,30987,30987
1502,Box culvert (LRP064A),bridge,N2,Box culvert,30987,30987
1503,Z2032 to Belabo (LRP064B),link,N2,Z2032 to Belabo,30987,30987
1507,Km post broken (LRP066),link,N2,Km post broken,30987,30987
1512,Box culvert (LRP067C),bridge,N2,Box culvert,30987,30987
1513,Sylhet 163 km (LRP068),link,N2,Sylhet 163 km,30987,30987
1514,Box culvert (LRP068A),bridge,N2,Box culvert,30987,30987
1515,Box culvert (LRP068B),bridge,N2,Box culvert,30987,30987
1530,Km post missing (LRP073),link,N2,Km post missing,30987,30987
1372,Box culvert (LRP017A),bridge,N2,Box culvert,30986,30986
1383,Sylhet 209 km (LRP022),link,N2,Sylhet 209 km,30986,30986
1394,Km post missing (LRP028),link,N2,Km post missing,30986,30986
1438,Box culvert (LRP043A),bridge,N2,Box culvert,30986,30986
1439,"R310 to Gazipur ,R211 to Shibpur (LRP043B)",link,N2,"R310 to Gazipur ,R211 to Shibpur",30986,30986
1444,Box culvert (LRP044C),bridge,N2,Box culvert,30986,30986
1446,Box culvert (LRP045A),bridge,N2,Box culvert,30986,30986
1448,Bridge start (LRP046A),bridge,N2,Bridge start,30986,30986
1449,Bridge end (LRP046B),bridge,N2,Bridge end,30986,30986
1450,Box culvert (LRP046C),bridge,N2,Box culvert,30986,30986
1451,Sylhet 184 km (LRP047),link,N2,Sylhet 184 km,30986,30986
1452,Box culvert (LRP047A),bridge,N2,Box culvert,30986,30986
1460,Box culvert (LRP050A),bridge,N2,Box culvert,30986,30986
1495,Sylhet 169 km (LRP062),link,N2,Sylhet 169 km,30986,30986
1501,Sylhet 167 km (LRP064),link,N2,Sylhet 167 km,30986,30986
1516,Sylhet 162 km (LRP069),link,N2,Sylhet 162 km,30986,30986
1381,Box culvert (LRP021A),bridge,N2,Box culvert,30985,30985
1386,Sylhet 207 km (LRP024),link,N2,Sylhet 207 km,30985,30985
1400,Box culvert (LRP030A),bridge,N2,Box culvert,30985,30985
1445,Sylhet 186 km (LRP045),link,N2,Sylhet 186 km,30985,30985
1453,Box culvert (LRP047B),bridge,N2,Box culvert,30985,30985
1454,Sylhet 183 km (LRP048),link,N2,Sylhet 183 km,30985,30985
1456,Box culvert (LRP048B),bridge,N2,Box culvert,30985,30985
1458,Box culvert (LRP049A),bridge,N2,Box culvert,30985,30985
1459,Information missing (LRP050),link,N2,Information missing,30985,30985
1479,Box culvert (LRP057B),bridge,N2,Box culvert,30985,30985
1480,Box culvert (LRP057C),bridge,N2,Box culvert,30985,30985
1492,Box culvert (LRP060C),bridge,N2,Box culvert,30985,30985
1494,Box culvert (LRP061A),bridge,N2,Box culvert,30985,30985
1496,Bridge start (LRP062A),bridge,N2,Bridge start,30985,30985
1504,Bridge start (LRP064C),bridge,N2,Bridge start,30985,30985
1505,Bridge end (LRP064D),bridge,N2,Bridge end,30985,30985
1508,Box culvert (LRP066A),bridge,N2,Box culvert,30985,30985
1509,Sylhet 164 km (LRP067),link,N2,Sylhet 164 km,30985,30985
1511,Bridge end (LRP067B),bridge,N2,Bridge end,30985,30985
1524,Km post missing (LRP071),link,N2,Km post missing,30985,30985
1525,Road to Kishoreganj(R360) (LRP071A),link,N2,Road to Kishoreganj(R360),30985,30985
1392,Sylhet 205 km (LRP026),link,N2,Sylhet 205 km,30984,30984
1399,Sylhet 201 km (LRP030),link,N2,Sylhet 201 km,30984,30984
1482,Bridge start (LRP058A),bridge,N2,Bridge start,30984,30984
1483,Bridge end (LRP058B),bridge,N2,Bridge end,30984,30984
1484,Bridge start (LRP058C),bridge,N2,Bridge start,30984,30984
1485,Bridge end (LRP058D),bridge,N2,Bridge end,30984,30984
1486,Sylhet 172 km (LRP059),link,N2,Sylhet 172 km,30984,30984
1487,Box culvert (LRP059A),bridge,N2,Box culvert,30984,30984
1491,Bridge end (LRP060B),bridge,N2,Bridge end,30984,30984
1510,Bridge start (LRP067A),bridge,N2,Bridge start,30984,30984
1517,Bridge start (LRP069A),bridge,N2,Bridge start,30984,30984
1518,Bridge end/ Start of Kishoreganj road Division / Bridge end/ Start of Kishoreganj road Division (LRP069B),bridge,N2,Bridge end/ Start of Kishoreganj road Division / Bridge end/ Start of Kishoreganj road Division,30984,30984
1522,Box culvert (LRP070C),bridge,N2,Box culvert,30984,30984
1523,Box culvert (LRP070D),bridge,N2,Box culvert,30984,30984
1526,Start of Narsingdi road Division / Start of Narsingdi road Division (LRP071B),link,N2,Start of Narsingdi road Division / Start of Narsingdi road Division,30984,30984
1527,Km post missing (LRP072),link,N2,Km post missing,30984,30984
1531,Bridge end (LRP073A),bridge,N2,Bridge end,30984,30984
1382,Box culvert (LRP021B),bridge,N2,Box culvert,30983,30983
1390,Box culvert (LRP025A),bridge,N2,Box culvert,30983,30983
1437,Km post missing (LRP043),link,N2,Km post missing,30983,30983
1461,Sylhet 180 km (LRP051),link,N2,Sylhet 180 km,30983,30983
1463,Sylhet 179 km (LRP052),link,N2,Sylhet 179 km,30983,30983
1464,Box culvert (LRP052A),bridge,N2,Box culvert,30983,30983
1481,Sylhet 173 km (LRP058),link,N2,Sylhet 173 km,30983,30983
1488,Road to Rajpur (Z2041) (LRP059B),link,N2,Road to Rajpur (Z2041),30983,30983
1493,Sylhet 170 km (LRP061),link,N2,Sylhet 170 km,30983,30983
1521,Bridge end (LRP070B),bridge,N2,Bridge end,30983,30983
1532,Km post missing (LRP074),link,N2,Km post missing,30983,30983
1533,Over pass (LRP074A),bridge,N2,Over pass,30983,30983
1534,Road to Nabinagar (Z2031) (LRP074B),link,N2,Road to Nabinagar (Z2031),30983,30983
1535,Start of Brahamanbaria road Division / Start of Brahamanbaria road Division (LRP074C),link,N2,Start of Brahamanbaria road Division / Start of Brahamanbaria road Division,30983,30983
1557,Sylhet 150 km (LRP082),link,N2,Sylhet 150 km,30983,30983
1558,Box culvert (LRP082A),bridge,N2,Box culvert,30983,30983
1396,Sylhet 202 km (LRP029),link,N2,Sylhet 202 km,30982,30982
1397,Box culvert (LRP029A),bridge,N2,Box culvert,30982,30982
1398,Box culvert (LRP029B),bridge,N2,Box culvert,30982,30982
1462,Box culvert (LRP051A),bridge,N2,Box culvert,30982,30982
1468,Box culvert (LRP054A),bridge,N2,Box culvert,30982,30982
1476,Bridge end (LRP056C),bridge,N2,Bridge end,30982,30982
1478,Box culvert (LRP057A),bridge,N2,Box culvert,30982,30982
1489,Sylhet 171 km (LRP060),link,N2,Sylhet 171 km,30982,30982
1490,Bridge start (LRP060A),bridge,N2,Bridge start,30982,30982
1519,Km post missing (LRP070),link,N2,Km post missing,30982,30982
1520,Bridge start (LRP070A),bridge,N2,Bridge start,30982,30982
1528,Box Culvert (LRP072A),bridge,N2,Box Culvert,30982,30982
1529,Bhairab Bridge (LRP072B),bridge,N2,Bhairab Bridge,30982,30982
1542,Km post missing (LRP076),link,N2,Km post missing,30982,30982
1559,Box culvert (LRP082B),bridge,N2,Box culvert,30982,30982
1560,Sylhet 149 km (LRP083),link,N2,Sylhet 149 km,30982,30982
1391,Box culvert (LRP025B),bridge,N2,Box culvert,30981,30981
1436,Box culvert (LRP042C),bridge,N2,Box culvert,30981,30981
1472,Box culvert (LRP055B),bridge,N2,Box culvert,30981,30981
1473,Sylhet 175 km (LRP056),link,N2,Sylhet 175 km,30981,30981
1536,Box Culvert (LRP074D),bridge,N2,Box Culvert,30981,30981
1537,Box Culvert (LRP074E),bridge,N2,Box Culvert,30981,30981
1538,Km post missing (LRP075),link,N2,Km post missing,30981,30981
1539,Box culvert (LRP075A),bridge,N2,Box culvert,30981,30981
1543,Bridge start (LRP076A),bridge,N2,Bridge start,30981,30981
1544,Bridge end (LRP076B),bridge,N2,Bridge end,30981,30981
1545,Km post missing (LRP077),link,N2,Km post missing,30981,30981
1546,Box culvert (LRP077A),bridge,N2,Box culvert,30981,30981
1555,Box culvert (LRP081A),bridge,N2,Box culvert,30981,30981
1401,"R301 to Ghorashal, Z2047 to Ghorashal / Sylhet 200 km (LRP030B)",link,N2,"R301 to Ghorashal, Z2047 to Ghorashal / Sylhet 200 km",30980,30980
1406,Box culvert (LRP032A),bridge,N2,Box culvert,30980,30980
1428,Box culvert (LRP040A),bridge,N2,Box culvert,30980,30980
1466,Box culvert (LRP053A),bridge,N2,Box culvert,30980,30980
1467,Sylhet 177 km (LRP054),link,N2,Sylhet 177 km,30980,30980
1471,Road to Belobo(Z2042) (LRP055A),link,N2,Road to Belobo(Z2042),30980,30980
1474,Box cuylvert (LRP056A),bridge,N2,Box cuylvert,30980,30980
1475,Bridge start (LRP056B),bridge,N2,Bridge start,30980,30980
1477,Km post missing (LRP057),link,N2,Km post missing,30980,30980
1554,Km post missing (LRP081),link,N2,Km post missing,30980,30980
1556,Box culvert (LRP081B),bridge,N2,Box culvert,30980,30980
1561,Sylhet 178 km (LRP084),link,N2,Sylhet 178 km,30980,30980
1403,Bridge end (LRP031B),bridge,N2,Bridge end,30979,30979
1425,Box culvert (LRP039A),bridge,N2,Box culvert,30979,30979
1427,Sylhet 191 km (LRP040),link,N2,Sylhet 191 km,30979,30979
1429,Box culvert (LRP040B),bridge,N2,Box culvert,30979,30979
1432,Box culvert (LRP041B),bridge,N2,Box culvert,30979,30979
1434,Box culvert (LRP042A),bridge,N2,Box culvert,30979,30979
1435,Box culvert (LRP042B),bridge,N2,Box culvert,30979,30979
1465,Sylhet 178 km (LRP053),link,N2,Sylhet 178 km,30979,30979
1469,Box culvert (LRP054B),bridge,N2,Box culvert,30979,30979
1470,Sylhet 176 km (LRP055),link,N2,Sylhet 176 km,30979,30979
1540,Box culvert (LRP075B),bridge,N2,Box culvert,30979,30979
1541,Box culvert (LRP075C),bridge,N2,Box culvert,30979,30979
1402,Bridge start (LRP031A),bridge,N2,Bridge start,30978,30978
1404,Box culvert (LRP031C),bridge,N2,Box culvert,30978,30978
1405,Km post missing (LRP032),link,N2,Km post missing,30978,30978
1407,Sylhet 198 km (LRP033),link,N2,Sylhet 198 km,30978,30978
1423,Box culvert (LRP038C),bridge,N2,Box culvert,30978,30978
1424,Sylhet 192 km (LRP039),link,N2,Sylhet 192 km,30978,30978
1426,Box culvert (LRP039B),bridge,N2,Box culvert,30978,30978
1431,Box culvert (LRP041A),bridge,N2,Box culvert,30978,30978
1433,Sylhet 189 km (LRP042),link,N2,Sylhet 189 km,30978,30978
1550,Sylhet 153 km (LRP079),link,N2,Sylhet 153 km,30978,30978
1562,Box culvert (LRP084A),bridge,N2,Box culvert,30978,30978
1563,Sylhet 147 km (LRP085),link,N2,Sylhet 147 km,30978,30978
1564,Box culvert (LRP085A),bridge,N2,Box culvert,30978,30978
1410,R210 to Narsingdi (LRP034A),link,N2,R210 to Narsingdi,30977,30977
1412,Sylhet 196 km (LRP035),link,N2,Sylhet 196 km,30977,30977
1413,Box culvert (LRP035A),bridge,N2,Box culvert,30977,30977
1422,Bridge end (LRP038B),bridge,N2,Bridge end,30977,30977
1430,Km post missing (LRP041),link,N2,Km post missing,30977,30977
1547,Sylhet 154 km (LRP078),link,N2,Sylhet 154 km,30977,30977
1548,Box culvert (LRP078A),bridge,N2,Box culvert,30977,30977
1552,Sylhet 152 km (LRP080),link,N2,Sylhet 152 km,30977,30977
1553,Box culvert (LRP080A),bridge,N2,Box culvert,30977,30977
1409,Km post missing (LRP034),link,N2,Km post missing,30976,30976
1414,Box culvert (LRP035B),bridge,N2,Box culvert,30976,30976
1416,Box culvert (LRP036A),bridge,N2,Box culvert,30976,30976
1420,Km post missing (LRP038),link,N2,Km post missing,30976,30976
1421,Bridge start (LRP038A),bridge,N2,Bridge start,30976,30976
1549,Box culvert (LRP078B),bridge,N2,Box culvert,30976,30976
1408,Box culvert (LRP033A),bridge,N2,Box culvert,30975,30975
1411,Box culvert (LRP034B),bridge,N2,Box culvert,30975,30975
1415,Km post broken (LRP036),link,N2,Km post broken,30975,30975
1419,Bridge end (LRP037B),bridge,N2,Bridge end,30975,30975
1551,Box culvert (LRP079A),bridge,N2,Box culvert,30975,30975
1566,Sylhet 146 km (LRP086),link,N2,Sylhet 146 km,30974,30974
1567,Road to Mainamoti(N102) (LRP086A),link,N2,Road to Mainamoti(N102),30974,30974
1417,Km post missing (LRP037),link,N2,Km post missing,30973,30973
1418,Bridge start (LRP037A),bridge,N2,Bridge start,30973,30973
1565,Box culvert (LRP085B),bridge,N2,Box culvert,30973,30973
1649,Bridge end (LRP115B),bridge,N2,Bridge end,28564,28564
1652,Bridge end (LRP116B),bridge,N2,Bridge end,28564,28564
1646,Bridge end (LRP114B),bridge,N2,Bridge end,28563,28563
1648,Bridge start (LRP115A),bridge,N2,Bridge start,28563,28563
1650,Sylhet 116 km (LRP116),link,N2,Sylhet 116 km,28563,28563
1651,Bridge start (LRP116A),bridge,N2,Bridge start,28563,28563
1643,Bridge end (LRP113B),bridge,N2,Bridge end,28562,28562
1644,Sylhet 118 km (LRP114),link,N2,Sylhet 118 km,28562,28562
1647,Sylhet 117 km (LRP115),link,N2,Sylhet 117 km,28562,28562
1653,Sylhet 115 km (LRP117),link,N2,Sylhet 115 km,28562,28562
1654,Box culvert (LRP117A),bridge,N2,Box culvert,28562,28562
1655,Road to Chunarughat(N204) (LRP117B),link,N2,Road to Chunarughat(N204),28562,28562
1641,Sylhet 119 km (LRP113),link,N2,Sylhet 119 km,28560,28560
1642,Bridge start (LRP113A),bridge,N2,Bridge start,28560,28560
1645,Bridge start (LRP114A),bridge,N2,Bridge start,28560,28560
1639,Sylhet 120 km (LRP112),link,N2,Sylhet 120 km,28558,28558
1640,Box culvert (LRP112A),bridge,N2,Box culvert,28558,28558
1623,Km post missing (LRP106),link,N2,Km post missing,28557,28557
1638,Bridge end (LRP111B),bridge,N2,Bridge end,28557,28557
1632,Box culvert (LRP109A),bridge,N2,Box culvert,28556,28556
1637,Bridge start (LRP111A),bridge,N2,Bridge start,28556,28556
1624,Box culvert (LRP106A),bridge,N2,Box culvert,28555,28555
1625,Sylhet 125 km (LRP107),link,N2,Sylhet 125 km,28555,28555
1631,Km post missing (LRP109),link,N2,Km post missing,28555,28555
1635,Bridge end (LRP110B),bridge,N2,Bridge end,28555,28555
1636,Sylhet 121 km (LRP111),link,N2,Sylhet 121 km,28555,28555
1626,Box culvert (LRP107A),bridge,N2,Box culvert,28554,28554
1628,Information missing (LRP108),link,N2,Information missing,28554,28554
1633,Sylhet 122 km (LRP110),link,N2,Sylhet 122 km,28554,28554
1634,Bridge start (LRP110A),bridge,N2,Bridge start,28554,28554
1627,Box culvert (LRP107B),bridge,N2,Box culvert,28553,28553
1629,Bridge start/ Start of Habiganj road Division / Bridge start/ Start of Habiganj road Division (LRP108A),bridge,N2,Bridge start/ Start of Habiganj road Division / Bridge start/ Start of Habiganj road Division,28553,28553
1630,Bridge end (LRP108B),bridge,N2,Bridge end,28553,28553
1586,Bridge end (LRP092C),bridge,N2,Bridge end,28552,28552
1587,Sylhet 139 km (LRP093),link,N2,Sylhet 139 km,28552,28552
1589,Sylhet 138 km (LRP094),link,N2,Sylhet 138 km,28552,28552
1621,Sylhet 127 km (LRP105),link,N2,Sylhet 127 km,28552,28552
1622,Box culvert (LRP105A),bridge,N2,Box culvert,28552,28552
1568,Km post missing (LRP087),link,N2,Km post missing,28551,28551
1569,Road to Nasimagar(R220) (LRP087A),link,N2,Road to Nasimagar(R220),28551,28551
1584,Box culvert (LRP092A),bridge,N2,Box culvert,28551,28551
1585,Bridge start (LRP092B),bridge,N2,Bridge start,28551,28551
1588,Box culvert (LRP093A),bridge,N2,Box culvert,28551,28551
1582,Bridge end (LRP091B),bridge,N2,Bridge end,28550,28550
1572,Sylhet 144 km (LRP088),link,N2,Sylhet 144 km,28549,28549
1583,Sylhet 140 km (LRP092),link,N2,Sylhet 140 km,28549,28549
1570,Bridge start (LRP087B),bridge,N2,Bridge start,28548,28548
1571,Bridge end (LRP087C),bridge,N2,Bridge end,28548,28548
1574,Sylhet 143 km (LRP089),link,N2,Sylhet 143 km,28548,28548
1577,Sylhet 142 km (LRP090),link,N2,Sylhet 142 km,28548,28548
1590,Bridge start (LRP094A),bridge,N2,Bridge start,28548,28548
1591,Bridge end (LRP094B),bridge,N2,Bridge end,28548,28548
1592,Bridge start (LRP094C),bridge,N2,Bridge start,28548,28548
1593,Bridge end (LRP094D),bridge,N2,Bridge end,28548,28548
1575,Bridge start (LRP089A),bridge,N2,Bridge start,28547,28547
1576,Bridge end (LRP089B),bridge,N2,Bridge end,28547,28547
1579,Bridge end (LRP090B),bridge,N2,Bridge end,28547,28547
1580,Sylhet 141 km (LRP091),link,N2,Sylhet 141 km,28547,28547
1581,Bridge start (LRP091A),bridge,N2,Bridge start,28547,28547
1614,Box culvert (LRP102A),bridge,N2,Box culvert,28547,28547
1616,Sylhet 129 km (LRP103),link,N2,Sylhet 129 km,28547,28547
1619,Box culvert (LRP104A),bridge,N2,Box culvert,28547,28547
1620,Box culvert (LRP104B),bridge,N2,Box culvert,28547,28547
1573,Box culvert (LRP088A),bridge,N2,Box culvert,28546,28546
1594,Km post missing (LRP095),link,N2,Km post missing,28546,28546
1615,Box culvert (LRP102B),bridge,N2,Box culvert,28546,28546
1618,Sylhet 128 km (LRP104),link,N2,Sylhet 128 km,28546,28546
1578,Bridge start (LRP090A),bridge,N2,Bridge start,28545,28545
1613,Sylhet 130 km (LRP102),link,N2,Sylhet 130 km,28545,28545
1617,Box culvert (LRP103A),bridge,N2,Box culvert,28545,28545
1596,Sylhet 136 km (LRP096),link,N2,Sylhet 136 km,28544,28544
1595,Box culvert (LRP095A),bridge,N2,Box culvert,28543,28543
1599,Box culvert (LRP097A),bridge,N2,Box culvert,28543,28543
1600,Bridge start (LRP097B),bridge,N2,Bridge start,28543,28543
1608,Sylhet 132 km (LRP100),link,N2,Sylhet 132 km,28543,28543
1612,Bridge end (LRP101B),bridge,N2,Bridge end,28543,28543
1601,Bridge end (LRP097C),bridge,N2,Bridge end,28542,28542
1604,Bridge end (LRP098B),bridge,N2,Bridge end,28542,28542
1609,Box culvert (LRP100A),bridge,N2,Box culvert,28542,28542
1610,Sylhet 131 km (LRP101),link,N2,Sylhet 131 km,28542,28542
1597,Box culvert (LRP096A),bridge,N2,Box culvert,28541,28541
1598,Sylhet 135 km (LRP097),link,N2,Sylhet 135 km,28541,28541
1602,Km post missing (LRP098),link,N2,Km post missing,28541,28541
1611,Bridge start (LRP101A),bridge,N2,Bridge start,28541,28541
1605,Km post missing (LRP099),link,N2,Km post missing,28540,28540
1606,Bridge start (LRP099A),bridge,N2,Bridge start,28540,28540
1607,Bridge end (LRP099B),bridge,N2,Bridge end,28540,28540
1603,Bridge start (LRP098A),bridge,N2,Bridge start,28539,28539
1744,Sylhet 91 km (LRP141),link,N2,Sylhet 91 km,27432,27432
1745,Box culvert (LRP141A),bridge,N2,Box culvert,27432,27432
1746,Sylhet 90 km (LRP142),link,N2,Sylhet 90 km,27432,27432
1747,Box culvert (LRP142A),bridge,N2,Box culvert,27432,27432
1748,R240 to Habiganj / N204 to Chunarughat (LRP142B),link,N2,R240 to Habiganj / N204 to Chunarughat,27432,27432
1741,Sylhet 92 km (LRP140),link,N2,Sylhet 92 km,27430,27430
1742,Box culvert (LRP140A),bridge,N2,Box culvert,27430,27430
1739,Box culvert (LRP139B),bridge,N2,Box culvert,27429,27429
1743,Box culvert (LRP140B),bridge,N2,Box culvert,27429,27429
1740,Box culvert (LRP139C),bridge,N2,Box culvert,27428,27428
1734,Box culvert (LRP137A),bridge,N2,Box culvert,27427,27427
1735,Sylhet 94 km (LRP138),link,N2,Sylhet 94 km,27427,27427
1738,Box culvert (LRP139A),bridge,N2,Box culvert,27427,27427
1732,Box culvert (LRP136B),bridge,N2,Box culvert,27426,27426
1674,Box culvert (LRP121A),bridge,N2,Box culvert,27425,27425
1729,Box culvert (LRP135A),bridge,N2,Box culvert,27425,27425
1733,Sylhet 95 km (LRP137),link,N2,Sylhet 95 km,27425,27425
1736,Box culvert (LRP138A),bridge,N2,Box culvert,27425,27425
1737,Sylhet 93 km (LRP139),link,N2,Sylhet 93 km,27425,27425
1671,Box culvert (LRP120B),bridge,N2,Box culvert,27424,27424
1672,Box culvert (LRP120C),bridge,N2,Box culvert,27424,27424
1673,Sylhet 111 km (LRP121),link,N2,Sylhet 111 km,27424,27424
1675,Sylhet 110 km (LRP122),link,N2,Sylhet 110 km,27424,27424
1676,Box culvert (LRP122A),bridge,N2,Box culvert,27424,27424
1730,Sylhet 96 km (LRP136),link,N2,Sylhet 96 km,27424,27424
1731,R221 (LRP136A),link,N2,R221,27424,27424
1662,Box culvert (LRP118C),bridge,N2,Box culvert,27423,27423
1719,Box culvert (LRP132C),bridge,N2,Box culvert,27423,27423
1720,Sylhet 99 km (LRP133),link,N2,Sylhet 99 km,27423,27423
1721,Box culvert (LRP133A),bridge,N2,Box culvert,27423,27423
1728,Sylhet 97 km (LRP135),link,N2,Sylhet 97 km,27423,27423
1665,Box culvert (LRP119A),bridge,N2,Box culvert,27422,27422
1666,Box culvert (LRP119B),bridge,N2,Box culvert,27422,27422
1669,Sylhet 112 km (LRP120),link,N2,Sylhet 112 km,27422,27422
1670,Box culvert (LRP120A),bridge,N2,Box culvert,27422,27422
1677,Box culvert (LRP122B),bridge,N2,Box culvert,27422,27422
1679,Box culvert (LRP123A),bridge,N2,Box culvert,27422,27422
1718,Box culvert (LRP132B),bridge,N2,Box culvert,27422,27422
1726,Box culvert (LRP134D),bridge,N2,Box culvert,27422,27422
1727,Box culvert (LRP134E),bridge,N2,Box culvert,27422,27422
1660,Box culvert (LRP118A),bridge,N2,Box culvert,27421,27421
1661,Box culvert (LRP118B),bridge,N2,Box culvert,27421,27421
1663,Box culvert (LRP118D),bridge,N2,Box culvert,27421,27421
1664,Km post missing (LRP119),link,N2,Km post missing,27421,27421
1667,Box culvert (LRP119C),bridge,N2,Box culvert,27421,27421
1668,Box culvert (LRP119D),bridge,N2,Box culvert,27421,27421
1678,Sylhet 109 km (LRP123),link,N2,Sylhet 109 km,27421,27421
1680,Box culvert (LRP123B),bridge,N2,Box culvert,27421,27421
1681,Box culvert (LRP123C),bridge,N2,Box culvert,27421,27421
1717,Rail Road Crossing (LRP132A),link,N2,Rail Road Crossing,27421,27421
1724,Bridge end (LRP134B),bridge,N2,Bridge end,27421,27421
1725,Box culvert (LRP134C),bridge,N2,Box culvert,27421,27421
1659,Sylhet 114 km (LRP118),link,N2,Sylhet 114 km,27420,27420
1682,Sylhet 108 km (LRP124),link,N2,Sylhet 108 km,27420,27420
1683,Box culvert (LRP124A),bridge,N2,Box culvert,27420,27420
1690,Box culvert (LRP125C),bridge,N2,Box culvert,27420,27420
1698,Box culvert (LRP127A),bridge,N2,Box culvert,27420,27420
1699,Box culvert (LRP127B),bridge,N2,Box culvert,27420,27420
1700,Box culvert (LRP127C),bridge,N2,Box culvert,27420,27420
1716,Sylhet 100 km (LRP132),link,N2,Sylhet 100 km,27420,27420
1684,Box culvert (LRP124B),bridge,N2,Box culvert,27419,27419
1688,Box culvert (LRP125A),bridge,N2,Box culvert,27419,27419
1691,Box culvert (LRP125D),bridge,N2,Box culvert,27419,27419
1692,Sylhet 106 km (LRP126),link,N2,Sylhet 106 km,27419,27419
1693,Box culvert (LRP126A),bridge,N2,Box culvert,27419,27419
1694,Box culvert (LRP126B),bridge,N2,Box culvert,27419,27419
1695,Box culvert (LRP126C),bridge,N2,Box culvert,27419,27419
1696,Box culvert (LRP126D),bridge,N2,Box culvert,27419,27419
1697,Sylhet 105 km (LRP127),link,N2,Sylhet 105 km,27419,27419
1702,Box culvert (LRP128A),bridge,N2,Box culvert,27419,27419
1703,Box culvert (LRP128B),bridge,N2,Box culvert,27419,27419
1715,Box culvert (LRP131B),bridge,N2,Box culvert,27419,27419
1722,Sylhet 98 km (LRP134),link,N2,Sylhet 98 km,27419,27419
1723,Bridge start (LRP134A),bridge,N2,Bridge start,27419,27419
1657,Box culvert (LRP117D),bridge,N2,Box culvert,27418,27418
1658,Box culvert (LRP117E),bridge,N2,Box culvert,27418,27418
1685,Bridge start (LRP124C),bridge,N2,Bridge start,27418,27418
1686,Bridge end (LRP124D),bridge,N2,Bridge end,27418,27418
1687,Sylhet 107 km (LRP125),link,N2,Sylhet 107 km,27418,27418
1689,Box culvert (LRP125B),bridge,N2,Box culvert,27418,27418
1704,Sylhet 103 km (LRP129),link,N2,Sylhet 103 km,27418,27418
1705,Box culvert (LRP129A),bridge,N2,Box culvert,27418,27418
1711,Box culvert (LRP130C),bridge,N2,Box culvert,27418,27418
1712,Box culvert (LRP130D),bridge,N2,Box culvert,27418,27418
1713,Sylhet 101 km (LRP131),link,N2,Sylhet 101 km,27418,27418
1714,Box culvert (LRP131A),bridge,N2,Box culvert,27418,27418
1701,Sylhet 104 km (LRP128),link,N2,Sylhet 104 km,27417,27417
1706,Box culvert (LRP129B),bridge,N2,Box culvert,27417,27417
1707,Box culvert (LRP129C),bridge,N2,Box culvert,27417,27417
1710,Box culvert (LRP130B),bridge,N2,Box culvert,27417,27417
1656,Box culvert (LRP117C),bridge,N2,Box culvert,27416,27416
1708,Sylhet 102 km (LRP130),link,N2,Sylhet 102 km,27416,27416
1709,Box culvert (LRP130A),bridge,N2,Box culvert,27416,27416
71,Bridge end (LRP028A),bridge,N1,Bridge end,26816,26816
73,Bridge end (LRP028C),bridge,N1,Bridge end,26816,26816
74,Information missing (LRP029),link,N1,Information missing,26816,26816
68,Km post missing (LRP027),link,N1,Km post missing,26815,26815
49,Km post missing (LRP020),link,N1,Km post missing,26814,26814
64,Km post missing (LRP025),link,N1,Km post missing,26814,26814
69,Bridge start (LRP027A),bridge,N1,Bridge start,26814,26814
72,Bridge start (LRP028B),bridge,N1,Bridge start,26814,26814
47,Box culvert (LRP019A),bridge,N1,Box culvert,26813,26813
48,Box culvert (LRP019B),bridge,N1,Box culvert,26813,26813
50,Left to Sonargaon (Z1089) Right to Morgrapara ( Z1066) (LRP020A),link,N1,Left to Sonargaon (Z1089) Right to Morgrapara ( Z1066),26813,26813
51,Bridge start (LRP020B),bridge,N1,Bridge start,26813,26813
52,Bridge end (LRP020C),bridge,N1,Bridge end,26813,26813
53,Km post missing (LRP021),link,N1,Km post missing,26813,26813
66,Box culvert (LRP026A),bridge,N1,Box culvert,26813,26813
67,Box culvert (LRP026B),bridge,N1,Box culvert,26813,26813
70,Km post missing (LRP028),link,N1,Km post missing,26813,26813
75,Bridge start (LRP029A),bridge,N1,Bridge start,26813,26813
76,Bridge end (LRP029B),bridge,N1,Bridge end,26813,26813
60,Km post missing (LRP023),link,N1,Km post missing,26812,26812
65,Km post missing (LRP026),link,N1,Km post missing,26812,26812
59,Bridge end (LRP022D),bridge,N1,Bridge end,26811,26811
63,Bridge end (LRP024A),bridge,N1,Bridge end,26811,26811
46,Km post missing (LRP019),link,N1,Km post missing,26810,26810
54,Box culvert (LRP021A),bridge,N1,Box culvert,26810,26810
56,Bridge start (LRP022A),bridge,N1,Bridge start,26810,26810
57,Bridge end (LRP022B),bridge,N1,Bridge end,26810,26810
58,Bridge start (LRP022C),bridge,N1,Bridge start,26810,26810
62,Km post missing (LRP024),link,N1,Km post missing,26810,26810
83,Road to Gazara (Z1063) (LRP031A),link,N1,Road to Gazara (Z1063),26810,26810
40,Bridge end (LRP017B),bridge,N1,Bridge end,26809,26809
41,Bridge start (LRP017C),bridge,N1,Bridge start,26809,26809
42,Bridge end (LRP017D),bridge,N1,Bridge end,26809,26809
45,Bridge end (LRP018B),bridge,N1,Bridge end,26809,26809
55,"Ctg 238 km,Comilla 71 km (LRP022)",link,N1,"Ctg 238 km,Comilla 71 km",26809,26809
77,Km post missing (LRP030),link,N1,Km post missing,26809,26809
78,Bridge start (LRP030A),bridge,N1,Bridge start,26809,26809
82,"Ctg 229 km,Comilla 62 km (LRP031)",link,N1,"Ctg 229 km,Comilla 62 km",26809,26809
135,Km post Missing (LRP055),link,N1,Km post Missing,26809,26809
33,Box culvert (LRP015A),bridge,N1,Box culvert,26808,26808
37,Bridge end (LRP016C),bridge,N1,Bridge end,26808,26808
38,Km post missing (LRP017),link,N1,Km post missing,26808,26808
61,Meghna  bridge (LRP023A),bridge,N1,Meghna  bridge,26808,26808
79,Bridge end (LRP030B),bridge,N1,Bridge end,26808,26808
80,Bridge start (LRP030C),bridge,N1,Bridge start,26808,26808
81,Bridge end (LRP030D),bridge,N1,Bridge end,26808,26808
84,Bridge start (LRP031B),bridge,N1,Bridge start,26808,26808
85,Bridge end (LRP031C),bridge,N1,Bridge end,26808,26808
31,Km post missing (LRP014),link,N1,Km post missing,26807,26807
34,Km post missing (LRP016),link,N1,Km post missing,26807,26807
35,Road to MinanbariZ1061) (LRP016A),link,N1,Road to MinanbariZ1061),26807,26807
36,Langalbandhu bridge (LRP016B),bridge,N1,Langalbandhu bridge,26807,26807
39,Bridge start (LRP017A),bridge,N1,Bridge start,26807,26807
43,Km post missing (LRP018),link,N1,Km post missing,26807,26807
44,Bridge start (LRP018A),bridge,N1,Bridge start,26807,26807
86,"Ctg 228 km,Comilla 61 km (LRP032)",link,N1,"Ctg 228 km,Comilla 61 km",26807,26807
87,Box culvert (LRP032A),bridge,N1,Box culvert,26807,26807
139,"Z1042, road to Bancharampur (LRP056C)",link,N1,"Z1042, road to Bancharampur",26807,26807
88,"Ctg 227 km,Comilla 60 km (LRP033)",link,N1,"Ctg 227 km,Comilla 60 km",26806,26806
92,Km post missing (LRP034),link,N1,Km post missing,26806,26806
95,Bridge end (LRP035B),bridge,N1,Bridge end,26806,26806
130,Km post Missing (LRP051),link,N1,Km post Missing,26806,26806
134,Km post Missing (LRP054),link,N1,Km post Missing,26806,26806
136,Km post Missing (LRP056),link,N1,Km post Missing,26806,26806
137,Bridge start (LRP056A),bridge,N1,Bridge start,26806,26806
138,Bridge end (LRP056B),bridge,N1,Bridge end,26806,26806
30,Box culvert (LRP013A),bridge,N1,Box culvert,26805,26805
32,Km post missing (LRP015),link,N1,Km post missing,26805,26805
89,Bridge start (LRP033A),bridge,N1,Bridge start,26805,26805
90,Bridge end (LRP033B),bridge,N1,Bridge end,26805,26805
91,Box culvert (LRP033C),bridge,N1,Box culvert,26805,26805
93,Km post missing (LRP035),link,N1,Km post missing,26805,26805
94,Bridge start (LRP035A),bridge,N1,Bridge start,26805,26805
96,Box culvert (LRP035C),bridge,N1,Box culvert,26805,26805
132,Box culvert (LRP052A),bridge,N1,Box culvert,26805,26805
133,Km post Missing (LRP053),link,N1,Km post Missing,26805,26805
141,Km post Missing (LRP058),link,N1,Km post Missing,26805,26805
97,Km post missing (LRP036),link,N1,Km post missing,26804,26804
127,Km post Missing (LRP050),link,N1,Km post Missing,26804,26804
131,Km post Missing (LRP052),link,N1,Km post Missing,26804,26804
29,"Ctg 247 km,Comilla 80 km (LRP013)",link,N1,"Ctg 247 km,Comilla 80 km",26803,26803
98,Daudkandi bridge (LRP036A),bridge,N1,Daudkandi bridge,26803,26803
126,Km post Missing (LRP049),link,N1,Km post Missing,26803,26803
129,Bridge end (LRP050B),bridge,N1,Bridge end,26803,26803
140,Km post Missing (LRP057),link,N1,Km post Missing,26803,26803
116,Box culvert (LRP045A),bridge,N1,Box culvert,26802,26802
119,"Z1053, Road to Homna (LRP046B)",link,N1,"Z1053, Road to Homna",26802,26802
142,Box culvert (LRP058A),bridge,N1,Box culvert,26802,26802
143,Km post Missing (LRP059),link,N1,Km post Missing,26802,26802
173,Km post missing (LRP077),link,N1,Km post missing,26802,26802
174,Road to Khangsanagar (Z1219) left road to Barua Z1028 right (LRP077A),link,N1,Road to Khangsanagar (Z1219) left road to Barua Z1028 right,26802,26802
175,Km post missing (LRP078),link,N1,Km post missing,26802,26802
99,Km post missing (LRP037),link,N1,Km post missing,26801,26801
117,Km post Missing (LRP046),link,N1,Km post Missing,26801,26801
118,"Z1402, road to Pennai (LRP046A)",link,N1,"Z1402, road to Pennai",26801,26801
120,Box culvert (LRP046C),bridge,N1,Box culvert,26801,26801
121,Km post Missing (LRP047),link,N1,Km post Missing,26801,26801
128,Bridge start (LRP050A),bridge,N1,Bridge start,26801,26801
172,Box culvert (LRP076A),bridge,N1,Box culvert,26801,26801
102,Start of Comilla road Division / Start of Comilla road Division (LRP038B),link,N1,Start of Comilla road Division / Start of Comilla road Division,26800,26800
113,Km post broken (LRP043),link,N1,Km post broken,26800,26800
114,Km post Missing (LRP044),link,N1,Km post Missing,26800,26800
115,Km post Missing (LRP045),link,N1,Km post Missing,26800,26800
125,Bridge end (LRP048B),bridge,N1,Bridge end,26800,26800
185,Road to Brahmanbaria(N102) (LRP084A),link,N1,Road to Brahmanbaria(N102),26800,26800
100,Km post missing (LRP038),link,N1,Km post missing,26799,26799
101,Daudkandi bridge (LRP038A),bridge,N1,Daudkandi bridge,26799,26799
106,Km post missing (LRP039),link,N1,Km post missing,26799,26799
110,Ctg 214 km (LRP042),link,N1,Ctg 214 km,26799,26799
122,Z1044 (LRP047A),link,N1,Z1044,26799,26799
123,Km post Missing (LRP048),link,N1,Km post Missing,26799,26799
124,Bridge start (LRP048A),bridge,N1,Bridge start,26799,26799
159,Km post Missing (LRP069),link,N1,Km post Missing,26799,26799
171,Ctg 184 km (LRP076),link,N1,Ctg 184 km,26799,26799
107,Box culvert (LRP039A),bridge,N1,Box culvert,26798,26798
108,Km post missing (LRP040),link,N1,Km post missing,26798,26798
157,Km post Missing (LRP068),link,N1,Km post Missing,26798,26798
158,Box culvert (LRP068A),bridge,N1,Box culvert,26798,26798
160,Km post Missing (LRP070),link,N1,Km post Missing,26798,26798
167,Ctg 187 km (LRP073),link,N1,Ctg 187 km,26798,26798
168,Km post missing (LRP074),link,N1,Km post missing,26798,26798
169,Km post missing (LRP075),link,N1,Km post missing,26798,26798
170,Box culvert (LRP075A),bridge,N1,Box culvert,26798,26798
178,Km post missing (LRP080),link,N1,Km post missing,26798,26798
181,Box culvert (LRP082A),bridge,N1,Box culvert,26798,26798
182,Km post missing (LRP083),link,N1,Km post missing,26798,26798
183,Box culvert (LRP083A),bridge,N1,Box culvert,26798,26798
184,Km post missing (LRP084),link,N1,Km post missing,26798,26798
103,Road to Matlab (Z1062) (LRP038C),link,N1,Road to Matlab (Z1062),26797,26797
104,Bridge start (LRP038D),bridge,N1,Bridge start,26797,26797
105,Bridge end (LRP038E),bridge,N1,Bridge end,26797,26797
109,Km post missing (LRP041),link,N1,Km post missing,26797,26797
144,Km post Missing (LRP060),link,N1,Km post Missing,26797,26797
156,Ctg 191 km (LRP067),link,N1,Ctg 191 km,26797,26797
161,Road to Debiduar (Z1008) (LRP070A),link,N1,Road to Debiduar (Z1008),26797,26797
162,Road to Jhalam (Z1022) (LRP070B),link,N1,Road to Jhalam (Z1022),26797,26797
163,Ctg 188 km (LRP071),link,N1,Ctg 188 km,26797,26797
176,Km post missing (LRP079),link,N1,Km post missing,26797,26797
179,Km post missing (LRP081),link,N1,Km post missing,26797,26797
146,Km post Missing (LRP061),link,N1,Km post Missing,26796,26796
166,Bridge end (LRP072B),bridge,N1,Bridge end,26796,26796
180,Km post missing (LRP082),link,N1,Km post missing,26796,26796
111,Bridge start (LRP042A),bridge,N1,Bridge start,26795,26795
112,Bridge end (LRP042B),bridge,N1,Bridge end,26795,26795
152,Km post Missing (LRP064),link,N1,Km post Missing,26795,26795
153,Km post Missing (LRP065),link,N1,Km post Missing,26795,26795
164,"Ctg 188 km,Comilla 20 km (LRP072)",link,N1,"Ctg 188 km,Comilla 20 km",26795,26795
165,Bridge start (LRP072A),bridge,N1,Bridge start,26795,26795
177,Box culvert (LRP079A),bridge,N1,Box culvert,26795,26795
145,Box culvert (LRP060A),bridge,N1,Box culvert,26794,26794
155,Box culvert (LRP066A),bridge,N1,Box culvert,26794,26794
147,Km post Missing (LRP062),link,N1,Km post Missing,26793,26793
151,Box culvert (LRP063C),bridge,N1,Box culvert,26793,26793
149,"Z1017, Road to Companiganj (LRP063A)",link,N1,"Z1017, Road to Companiganj",26792,26792
148,Km post Missing (LRP063),link,N1,Km post Missing,26791,26791
150,Box culvert (LRP063B),bridge,N1,Box culvert,26791,26791
154,Km post Missing (LRP066),link,N1,Km post Missing,26791,26791
198,Km post missing (LRP092),link,N1,Km post missing,26725,26725
197,Ctg 170 km (LRP091),link,N1,Ctg 170 km,26724,26724
187,Km post missing (LRP085),link,N1,Km post missing,26723,26723
201,Bridge end (LRP093B),bridge,N1,Bridge end,26723,26723
215,Km post missing (LRP100),link,N1,Km post missing,26723,26723
186,Box culvert (LRP084B),bridge,N1,Box culvert,26722,26722
199,Ctg 168 km (LRP093),link,N1,Ctg 168 km,26722,26722
200,Bridge start (LRP093A),bridge,N1,Bridge start,26722,26722
202,Rail Road Crossing (LRP093C),link,N1,Rail Road Crossing,26722,26722
211,Box culvert (LRP098A),bridge,N1,Box culvert,26722,26722
196,Km post missing (LRP090),link,N1,Km post missing,26721,26721
204,Left to Comilla Right to Noakhali (LRP094A),link,N1,Left to Comilla Right to Noakhali,26721,26721
217,Box culvert (LRP101A),bridge,N1,Box culvert,26721,26721
220,Km post missing (LRP102),link,N1,Km post missing,26721,26721
188,Km post missing (LRP086),link,N1,Km post missing,26720,26720
191,Cross road Z1029 (LRP088A),link,N1,Cross road Z1029,26720,26720
203,Km post missing (LRP094),link,N1,Km post missing,26720,26720
205,"Ctg 66 km,Feni 52 km (LRP095)",link,N1,"Ctg 66 km,Feni 52 km",26720,26720
206,Bridge start (LRP095A),bridge,N1,Bridge start,26720,26720
208,Km post missing (LRP096),link,N1,Km post missing,26720,26720
216,Km post missing (LRP101),link,N1,Km post missing,26720,26720
223,Km post missing (LRP103),link,N1,Km post missing,26720,26720
189,Km post missing (LRP087),link,N1,Km post missing,26719,26719
192,Km post missing (LRP089),link,N1,Km post missing,26719,26719
207,Bridge end (LRP095B),bridge,N1,Bridge end,26719,26719
214,Bridge end (LRP099B),bridge,N1,Bridge end,26719,26719
278,Km post missing (LRP125),link,N1,Km post missing,26719,26719
311,Km post missing (LRP139),link,N1,Km post missing,26719,26719
318,Start of Feni road Division / Start of Feni road Division (LRP141A),link,N1,Start of Feni road Division / Start of Feni road Division,26719,26719
321,Road to Karerhat (Z1031) (LRP142A),link,N1,Road to Karerhat (Z1031),26719,26719
193,Bridge start (LRP089A),bridge,N1,Bridge start,26718,26718
194,Bridge end (LRP089B),bridge,N1,Bridge end,26718,26718
195,Cross Road with Z1052 (LRP089C),link,N1,Cross Road with Z1052,26718,26718
209,Ctg 164 km (LRP097),link,N1,Ctg 164 km,26718,26718
218,Box culvert (LRP101B),bridge,N1,Box culvert,26718,26718
219,Box culvert (LRP101C),bridge,N1,Box culvert,26718,26718
221,Bridge start (LRP102A),bridge,N1,Bridge start,26718,26718
222,Bridge end (LRP102B),bridge,N1,Bridge end,26718,26718
229,Km post missing (LRP106),link,N1,Km post missing,26718,26718
231,Km post missing (LRP107),link,N1,Km post missing,26718,26718
312,Box culvertt (LRP139A),bridge,N1,Box culvertt,26718,26718
315,Ctg 122 km (LRP140),link,N1,Ctg 122 km,26718,26718
190,Km post missing (LRP088),link,N1,Km post missing,26717,26717
210,Ctg 163 km (LRP098),link,N1,Ctg 163 km,26717,26717
212,Ctg 162 km (LRP099),link,N1,Ctg 162 km,26717,26717
213,Bridge start (LRP099A),bridge,N1,Bridge start,26717,26717
225,Box culvert (LRP104A),bridge,N1,Box culvert,26717,26717
228,Bridge end (LRP105B),bridge,N1,Bridge end,26717,26717
230,Box culvert (LRP106A),bridge,N1,Box culvert,26717,26717
276,Km post missing (LRP124),link,N1,Km post missing,26717,26717
280,Km post missing (LRP126),link,N1,Km post missing,26717,26717
282,Bridge end (LRP126B),bridge,N1,Bridge end,26717,26717
309,Km post missing (LRP138),link,N1,Km post missing,26717,26717
310,Box culvert (LRP138A),bridge,N1,Box culvert,26717,26717
313,Bridge start (LRP139B),bridge,N1,Bridge start,26717,26717
314,Bridge end (LRP139C),bridge,N1,Bridge end,26717,26717
316,Box culvert (LRP140A),bridge,N1,Box culvert,26717,26717
319,Box Culvert (LRP141B),bridge,N1,Box Culvert,26717,26717
320,Ctg 103 km (LRP142),link,N1,Ctg 103 km,26717,26717
322,Ctg 102 km (LRP143),link,N1,Ctg 102 km,26717,26717
334,Km post missing (LRP148),link,N1,Km post missing,26717,26717
224,Km post missing (LRP104),link,N1,Km post missing,26716,26716
279,Box culvert (LRP125A),bridge,N1,Box culvert,26716,26716
281,Bridge start (LRP126A),bridge,N1,Bridge start,26716,26716
294,Box culvert (LRP131A),bridge,N1,Box culvert,26716,26716
296,Box culvert (LRP132A),bridge,N1,Box culvert,26716,26716
302,"Ctg 127 km,Feni 16 km (LRP135)",link,N1,"Ctg 127 km,Feni 16 km",26716,26716
304,Box culvert (LRP136A),bridge,N1,Box culvert,26716,26716
307,Box culvert (LRP137A),bridge,N1,Box culvert,26716,26716
317,Km post missing (LRP141),link,N1,Km post missing,26716,26716
323,Z1031 (LRP143A),link,N1,Z1031,26716,26716
324,Ctg 101 km (LRP144),link,N1,Ctg 101 km,26716,26716
325,Box culvert (LRP144A),bridge,N1,Box culvert,26716,26716
232,Km post missing (LRP108),link,N1,Km post missing,26715,26715
270,Box culvert (LRP121B),bridge,N1,Box culvert,26715,26715
274,Km post missing (LRP123),link,N1,Km post missing,26715,26715
275,Box culvert (LRP123A),bridge,N1,Box culvert,26715,26715
277,Box culvert (LRP124A),bridge,N1,Box culvert,26715,26715
283,Km post missing (LRP127),link,N1,Km post missing,26715,26715
288,Km post missing (LRP129),link,N1,Km post missing,26715,26715
289,Box culvert (LRP129A),bridge,N1,Box culvert,26715,26715
295,Km post missing (LRP132),link,N1,Km post missing,26715,26715
298,Box culvert (LRP133A),bridge,N1,Box culvert,26715,26715
299,Box culvert (LRP133B),bridge,N1,Box culvert,26715,26715
308,Box culvert (LRP137B),bridge,N1,Box culvert,26715,26715
326,Rail Road Crossing (LRP144B),link,N1,Rail Road Crossing,26715,26715
335,Intersection with N104 / Km post missing (LRP148A),link,N1,Intersection with N104 / Km post missing,26715,26715
226,"Ctg 156 km,Feni 43 km (LRP105)",link,N1,"Ctg 156 km,Feni 43 km",26714,26714
227,Bridge start (LRP105A),bridge,N1,Bridge start,26714,26714
236,Km post missing (LRP109),link,N1,Km post missing,26714,26714
259,Box culvert (LRP118A),bridge,N1,Box culvert,26714,26714
268,Km post missing (LRP121),link,N1,Km post missing,26714,26714
272,Road to Bangadda (Z1045) (LRP122A),link,N1,Road to Bangadda (Z1045),26714,26714
273,Box culvert (LRP122B),bridge,N1,Box culvert,26714,26714
284,Box culvert (LRP127A),bridge,N1,Box culvert,26714,26714
285,Ctg 133 km (LRP128),link,N1,Ctg 133 km,26714,26714
287,Bridge end (LRP128B),bridge,N1,Bridge end,26714,26714
290,Km post missing (LRP130),link,N1,Km post missing,26714,26714
293,Km post missing (LRP131),link,N1,Km post missing,26714,26714
297,Km post missing (LRP133),link,N1,Km post missing,26714,26714
303,Km post missing (LRP136),link,N1,Km post missing,26714,26714
327,Km post missing (LRP145),link,N1,Km post missing,26714,26714
332,Box culvert (LRP147A),bridge,N1,Box culvert,26714,26714
240,Km post missing (LRP111),link,N1,Km post missing,26713,26713
257,Box culvert (LRP117C),bridge,N1,Box culvert,26713,26713
266,Box culvert (LRP120A),bridge,N1,Box culvert,26713,26713
267,Box culvert (LRP120B),bridge,N1,Box culvert,26713,26713
269,Box culvert (LRP121A),bridge,N1,Box culvert,26713,26713
271,Km post missing (LRP122),link,N1,Km post missing,26713,26713
300,Km post missing (LRP134),link,N1,Km post missing,26713,26713
306,Km post missing (LRP137),link,N1,Km post missing,26713,26713
333,Box culvert (LRP147B),bridge,N1,Box culvert,26713,26713
239,Bridge end (LRP110B),bridge,N1,Bridge end,26712,26712
241,Bridge start (LRP111A),bridge,N1,Bridge start,26712,26712
246,Km post missing (LRP113),link,N1,Km post missing,26712,26712
253,Km post missing (LRP116),link,N1,Km post missing,26712,26712
255,Box culvert (LRP117A),bridge,N1,Box culvert,26712,26712
256,Box culvert (LRP117B),bridge,N1,Box culvert,26712,26712
258,Km post missing (LRP118),link,N1,Km post missing,26712,26712
286,Bridge start (LRP128A),bridge,N1,Bridge start,26712,26712
291,Road to Nangolhat (Z1048) (LRP130A),link,N1,Road to Nangolhat (Z1048),26712,26712
292,Box culvert (LRP130B),bridge,N1,Box culvert,26712,26712
301,Box culvert (LRP134A),bridge,N1,Box culvert,26712,26712
305,Box culvert (LRP136B),bridge,N1,Box culvert,26712,26712
330,Road to Biroli (Z1030) (LRP146A),link,N1,Road to Biroli (Z1030),26712,26712
242,Bridge end (LRP111B),bridge,N1,Bridge end,26711,26711
244,Km post missing (LRP112),link,N1,Km post missing,26711,26711
254,Km post missing (LRP117),link,N1,Km post missing,26711,26711
263,Bridge end (LRP119C),bridge,N1,Bridge end,26711,26711
328,Box culvert (LRP145A),bridge,N1,Box culvert,26711,26711
329,"Ctg 99 km,Feni 3 km (LRP146)",link,N1,"Ctg 99 km,Feni 3 km",26711,26711
331,"Ctg 98 km,Feni 2 km (LRP147)",link,N1,"Ctg 98 km,Feni 2 km",26711,26711
233,Bridge start (LRP108A),bridge,N1,Bridge start,26710,26710
234,Bridge end (LRP108B),bridge,N1,Bridge end,26710,26710
235,Road to Harishchar (Z1046) (LRP108C),link,N1,Road to Harishchar (Z1046),26710,26710
243,Box culvert (LRP111C),bridge,N1,Box culvert,26710,26710
245,Box culvert (LRP112A),bridge,N1,Box culvert,26710,26710
247,Bridge start (LRP113A),bridge,N1,Bridge start,26710,26710
248,Bridge end (LRP113B),bridge,N1,Bridge end,26710,26710
260,Km post missing (LRP119),link,N1,Km post missing,26710,26710
261,Box culvert (LRP119A),bridge,N1,Box culvert,26710,26710
262,Bridge start (LRP119B),bridge,N1,Bridge start,26710,26710
264,Box culvert (LRP119D),bridge,N1,Box culvert,26710,26710
265,Km post missing (LRP120),link,N1,Km post missing,26710,26710
237,Km post missing (LRP110),link,N1,Km post missing,26709,26709
238,Bridge start (LRP110A),bridge,N1,Bridge start,26709,26709
249,Km post missing (LRP114),link,N1,Km post missing,26709,26709
250,Box culvert (LRP114A),bridge,N1,Box culvert,26709,26709
251,Km post missing (LRP115),link,N1,Km post missing,26707,26707
252,Box culvert (LRP115A),bridge,N1,Box culvert,26705,26705
3220,Box culvert (LRP042B),bridge,N105,Box culvert,26295,26295
3222,B.Bridge 88 km (LRP044),bridge,N105,B.Bridge 88 km,26295,26295
3223,Box culvert (LRP044A),bridge,N105,Box culvert,26295,26295
3224,Cros Road Z3008 (LRP044B),link,N105,Cros Road Z3008,26295,26295
3172,Info missing (LRP024),link,N105,Info missing,26294,26294
3221,Km post missing (LRP043),link,N105,Km post missing,26294,26294
3217,Box culvert (LRP041A),bridge,N105,Box culvert,26293,26293
3225,Box Culvert (LRP044C),bridge,N105,Box Culvert,26293,26293
3169,Box Culvert (LRP021B),bridge,N105,Box Culvert,26292,26292
3170,"Bangabandhu Bridge- 109 km, Tangail-86 km, Gazipur- 28 km (LRP023)",bridge,N105,"Bangabandhu Bridge- 109 km, Tangail-86 km, Gazipur- 28 km",26292,26292
3235,"B.Bridge 85 km,Tangail 162 km (LRP047)",bridge,N105,"B.Bridge 85 km,Tangail 162 km",26292,26292
3168,km Post missing / Box Culvert (LRP021),bridge,N105,km Post missing / Box Culvert,26291,26291
3171,Box Culvert (LRP023A),bridge,N105,Box Culvert,26291,26291
3179,Culvert (LRP026C),bridge,N105,Culvert,26291,26291
3180,Km Post missing (LRP027),link,N105,Km Post missing,26291,26291
3213,Box Culvert (LRP039A),bridge,N105,Box Culvert,26291,26291
3218,"Gazipur 9 km, Tangail 67 km, Bangabandhu Bridge 90 km (LRP042)",bridge,N105,"Gazipur 9 km, Tangail 67 km, Bangabandhu Bridge 90 km",26291,26291
3219,Box culvert (LRP042A),bridge,N105,Box culvert,26291,26291
3229,Box Culvert (LRP045C),bridge,N105,Box Culvert,26291,26291
3232,Box Culvert (LRP046B),bridge,N105,Box Culvert,26291,26291
3154,Km Post missing (LRP014),link,N105,Km Post missing,26290,26290
3165,"km Post missing / Bridge Start, Kanchon Bridge (LRP020)",bridge,N105,"km Post missing / Bridge Start, Kanchon Bridge",26290,26290
3166,Bridge end (LRP020B),bridge,N105,Bridge end,26290,26290
3167,Purbachal Road (LRP020D),link,N105,Purbachal Road,26290,26290
3173,"Bangabandhu Bridge- 107 km, Tangail-84 km, Gazipur- 26 km (LRP025)",bridge,N105,"Bangabandhu Bridge- 107 km, Tangail-84 km, Gazipur- 26 km",26290,26290
3175,Box Culvert (LRP025B),bridge,N105,Box Culvert,26290,26290
3182,Box Culvert (LRP028A),bridge,N105,Box Culvert,26290,26290
3215,Rail Road Crossing (LRP040A),link,N105,Rail Road Crossing,26290,26290
3216,Km post missing (LRP041),link,N105,Km post missing,26290,26290
3226,"B.Bridge 87 km,Tangail 64 km (LRP045)",bridge,N105,"B.Bridge 87 km,Tangail 64 km",26290,26290
3227,Box Culvert (LRP045A),bridge,N105,Box Culvert,26290,26290
3228,Box Culvert (LRP045B),bridge,N105,Box Culvert,26290,26290
3233,Box Culvert (LRP046C),bridge,N105,Box Culvert,26290,26290
3234,Box Culvert (LRP046D),bridge,N105,Box Culvert,26290,26290
3236,Box culvert (LRP047A),bridge,N105,Box culvert,26290,26290
3237,Box Culvert (LRP047B),bridge,N105,Box Culvert,26290,26290
3153,Information  missing (LRP013),link,N105,Information  missing,26289,26289
3155,Km post missing (LRP015),link,N105,Km post missing,26289,26289
3176,Km Post missing (LRP026),link,N105,Km Post missing,26289,26289
3177,Box Culvert (LRP026A),bridge,N105,Box Culvert,26289,26289
3178,Box Culvert (LRP026B),bridge,N105,Box Culvert,26289,26289
3183,Box Culvert (LRP028B),bridge,N105,Box Culvert,26289,26289
3184,"Z3010, Kaliganj- Ulukhola road (LRP028C)",link,N105,"Z3010, Kaliganj- Ulukhola road",26289,26289
3205,"R301, Tongi- Panchhona road (LRP036B)",link,N105,"R301, Tongi- Panchhona road",26289,26289
3209,Box Culvert (LRP037C),bridge,N105,Box Culvert,26289,26289
3210,"Gazipur 13 km,Mymensingh 98 km,Bangabandhu Bridge 94 km (LRP038)",bridge,N105,"Gazipur 13 km,Mymensingh 98 km,Bangabandhu Bridge 94 km",26289,26289
3211,Pipe Culvert (LRP038A),bridge,N105,Pipe Culvert,26289,26289
3212,"Gazipur 12 km,Tangail 70 km,Bangabandhu bridge 93 km (LRP039)",bridge,N105,"Gazipur 12 km,Tangail 70 km,Bangabandhu bridge 93 km",26289,26289
3214,Km post missing (LRP040),link,N105,Km post missing,26289,26289
3230,Km post missing (LRP046),link,N105,Km post missing,26289,26289
3231,Dhaka -Mymensingh N3 Road (LRP046A),link,N105,Dhaka -Mymensingh N3 Road,26289,26289
3156,km Post missing (LRP016),link,N105,km Post missing,26288,26288
3160,km Post missing (LRP018),link,N105,km Post missing,26288,26288
3161,Box Culvert (LRP018A),bridge,N105,Box Culvert,26288,26288
3162,km Post missing (LRP019),link,N105,km Post missing,26288,26288
3164,Box Culvert (LRP019B),bridge,N105,Box Culvert,26288,26288
3174,Box Culvert (LRP025A),bridge,N105,Box Culvert,26288,26288
3185,"Bangabandhu Bridge- 103 km, Tangail-80 km, Gazipur- 22 km (LRP029)",bridge,N105,"Bangabandhu Bridge- 103 km, Tangail-80 km, Gazipur- 22 km",26288,26288
3206,Km post missing (LRP037),link,N105,Km post missing,26288,26288
3207,Box culvert (LRP037A),bridge,N105,Box culvert,26288,26288
3208,Box culvert (LRP037B),bridge,N105,Box culvert,26288,26288
3157,Km Post Missing (LRP017),link,N105,Km Post Missing,26287,26287
3158,Box Culvert (LRP017A),bridge,N105,Box Culvert,26287,26287
3163,Box Culvert (LRP019A),bridge,N105,Box Culvert,26287,26287
3186,Box Culvert (LRP029A),bridge,N105,Box Culvert,26287,26287
3188,Km post missing (LRP031),link,N105,Km post missing,26287,26287
3159,Box Culvert (LRP017B),bridge,N105,Box Culvert,26286,26286
3187,Information  missing (LRP030),link,N105,Information  missing,26286,26286
3181,"Bangabandhu bridge 104 km, Mymenshingh-108 km, Gazipur- 23 km (LRP028)",bridge,N105,"Bangabandhu bridge 104 km, Mymenshingh-108 km, Gazipur- 23 km",26285,26285
3193,Box culvert (LRP032A),bridge,N105,Box culvert,26285,26285
3197,Box Culvert (LRP033B),bridge,N105,Box Culvert,26285,26285
3198,"Gazipur 17 km, Tangail 75 km, Bangabandhu 98 km, / Bridge start (LRP034)",bridge,N105,"Gazipur 17 km, Tangail 75 km, Bangabandhu 98 km, / Bridge start",26285,26285
3199,Bridge end (LRP034B),bridge,N105,Bridge end,26285,26285
3202,Box culvert (LRP035A),bridge,N105,Box culvert,26285,26285
3203,Km post missing (LRP036),link,N105,Km post missing,26285,26285
3204,Rail Road Crossing (LRP036A),link,N105,Rail Road Crossing,26285,26285
3189,Side Road Left Z3003 (LRP031A),link,N105,Side Road Left Z3003,26284,26284
3190,Bridge Start (LRP031C),bridge,N105,Bridge Start,26284,26284
3191,Bridge end (LRP031D),bridge,N105,Bridge end,26284,26284
3194,Box culvert (LRP032B),bridge,N105,Box culvert,26284,26284
3195,"Gazipur 18 km,Tangail 76 km,Bangabandhu 99 km (LRP033)",link,N105,"Gazipur 18 km,Tangail 76 km,Bangabandhu 99 km",26284,26284
3192,Km post missing (LRP032),link,N105,Km post missing,26283,26283
3196,Box culvert (LRP033A),bridge,N105,Box culvert,26283,26283
3200,Box culvert (LRP034C),bridge,N105,Box culvert,26283,26283
3201,"Gazipur 16 km,Tangail 74 km,Bangabandhu Bridge 97 km (LRP035)",bridge,N105,"Gazipur 16 km,Tangail 74 km,Bangabandhu Bridge 97 km",26283,26283
1751,Sylhet 89 km (LRP143),link,N2,Sylhet 89 km,26282,26282
1755,Bridge end (LRP144B),bridge,N2,Bridge end,26282,26282
1752,Rail Road Crossing (LRP143A),link,N2,Rail Road Crossing,26280,26280
1753,Sylhet 88 km (LRP144),link,N2,Sylhet 88 km,26280,26280
1754,Bridge start (LRP144A),bridge,N2,Bridge start,26280,26280
1757,Box culvert (LRP145A),bridge,N2,Box culvert,26280,26280
1760,Box culvert (LRP146A),bridge,N2,Box culvert,26280,26280
1749,Bridge start (LRP142D),bridge,N2,Bridge start,26279,26279
1750,Bridge end (LRP142E),bridge,N2,Bridge end,26279,26279
1756,Sylhet 87 km (LRP145),link,N2,Sylhet 87 km,26279,26279
1758,Box culvert (LRP145B),bridge,N2,Box culvert,26279,26279
1759,Sylhet 86 km (LRP146),link,N2,Sylhet 86 km,26278,26278
1761,Road to Srimongal(N207) (LRP146B),link,N2,Road to Srimongal(N207),26276,26276
1798,Bridge start (LRP157B),bridge,N2,Bridge start,19897,19897
1799,Bridge end (LRP157C),bridge,N2,Bridge end,19897,19897
1800,Sylhet 74 km (LRP158),link,N2,Sylhet 74 km,19897,19897
1802,Sylhet 73 km (LRP159),link,N2,Sylhet 73 km,19897,19897
1803,Box culvert (LRP159A),bridge,N2,Box culvert,19897,19897
1804,Box culvert (LRP159B),bridge,N2,Box culvert,19897,19897
1805,Box culvert (LRP159C),bridge,N2,Box culvert,19897,19897
1770,Box culvert (LRP149A),bridge,N2,Box culvert,19896,19896
1801,Box culvert (LRP158A),bridge,N2,Box culvert,19896,19896
1806,Sylhet 72 km (LRP160),link,N2,Sylhet 72 km,19896,19896
1807,Box culvert (LRP160A),bridge,N2,Box culvert,19896,19896
1771,Sylhet 82 km (LRP150),link,N2,Sylhet 82 km,19895,19895
1772,Box culvert (LRP150A),bridge,N2,Box culvert,19895,19895
1776,Box culvert (LRP151A),bridge,N2,Box culvert,19895,19895
1778,Box culvert (LRP152A),bridge,N2,Box culvert,19895,19895
1780,Box culvert (LRP152C),bridge,N2,Box culvert,19895,19895
1781,Box culvert (LRP152D),bridge,N2,Box culvert,19895,19895
1782,Sylhet 79 km (LRP153),link,N2,Sylhet 79 km,19895,19895
1783,Box culvert (LRP153A),bridge,N2,Box culvert,19895,19895
1784,Box culvert (LRP153B),bridge,N2,Box culvert,19895,19895
1785,Box culvert (LRP153C),bridge,N2,Box culvert,19895,19895
1797,Box culvert (LRP157A),bridge,N2,Box culvert,19895,19895
1808,Box culvert (LRP160B),bridge,N2,Box culvert,19895,19895
1777,Km post missing (LRP152),link,N2,Km post missing,19894,19894
1779,Box culvert (LRP152B),bridge,N2,Box culvert,19894,19894
1786,Sylhet 78 km (LRP154),link,N2,Sylhet 78 km,19894,19894
1809,Bridge start (LRP160C),bridge,N2,Bridge start,19894,19894
1810,Bridge end (LRP160D),bridge,N2,Bridge end,19894,19894
1811,Sylhet 71 km (LRP161),link,N2,Sylhet 71 km,19894,19894
1812,Box culvert (LRP161A),bridge,N2,Box culvert,19894,19894
1813,Box culvert (LRP161B),bridge,N2,Box culvert,19894,19894
1814,Sylhet 70 km (LRP162),link,N2,Sylhet 70 km,19894,19894
1815,Box culvert (LRP162A),bridge,N2,Box culvert,19894,19894
1816,Box culvert (LRP162B),bridge,N2,Box culvert,19894,19894
1817,Box culvert (LRP162C),bridge,N2,Box culvert,19894,19894
1818,Box culvert (LRP162D),bridge,N2,Box culvert,19894,19894
1836,Box culvert (LRP165D),bridge,N2,Box culvert,19894,19894
1846,Box culvert (LRP167C),bridge,N2,Box culvert,19894,19894
1872,Box culvert (LRP171C),bridge,N2,Box culvert,19894,19894
1873,Box culvert (LRP171D),bridge,N2,Box culvert,19894,19894
1874,Box culvert (LRP171E),bridge,N2,Box culvert,19894,19894
1875,Box culvert (LRP171F),bridge,N2,Box culvert,19894,19894
1876,Box culvert (LRP171G),bridge,N2,Box culvert,19894,19894
1955,Sylhet 44 km (LRP188),link,N2,Sylhet 44 km,19894,19894
1773,Bridge start (LRP150B),bridge,N2,Bridge start,19893,19893
1774,Bridge end (LRP150C),bridge,N2,Bridge end,19893,19893
1775,Sylhet 81 km (LRP151),link,N2,Sylhet 81 km,19893,19893
1794,Bridge end (LRP156B),bridge,N2,Bridge end,19893,19893
1832,Sylhet 67 km (LRP165),link,N2,Sylhet 67 km,19893,19893
1833,Bridge start (LRP165A),bridge,N2,Bridge start,19893,19893
1834,Bridge end (LRP165B),bridge,N2,Bridge end,19893,19893
1835,Box culvert (LRP165C),bridge,N2,Box culvert,19893,19893
1844,Box culvert (LRP167A),bridge,N2,Box culvert,19893,19893
1845,Box culvert (LRP167B),bridge,N2,Box culvert,19893,19893
1851,Bridge end (LRP168B),bridge,N2,Bridge end,19893,19893
1852,Box culvert (LRP168C),bridge,N2,Box culvert,19893,19893
1855,Box culvert (LRP169B),bridge,N2,Box culvert,19893,19893
1862,Bridge start (LRP170C),bridge,N2,Bridge start,19893,19893
1863,Bridge end (LRP170D),bridge,N2,Bridge end,19893,19893
1868,Box culvert (LRP170I),bridge,N2,Box culvert,19893,19893
1869,Sylhet 61 km (LRP171),link,N2,Sylhet 61 km,19893,19893
1870,Box culvert (LRP171A),bridge,N2,Box culvert,19893,19893
1871,Box culvert (LRP171B),bridge,N2,Box culvert,19893,19893
1877,Sylhet 60 km (LRP172),link,N2,Sylhet 60 km,19893,19893
1878,Box culvert (LRP172A),bridge,N2,Box culvert,19893,19893
1944,Box culvert (LRP185A),bridge,N2,Box culvert,19893,19893
1945,Sylhet 46 km (LRP186),link,N2,Sylhet 46 km,19893,19893
1946,Box culvert (LRP186A),bridge,N2,Box culvert,19893,19893
1947,Box culvert (LRP186B),bridge,N2,Box culvert,19893,19893
1951,Bridge end (LRP186F),bridge,N2,Bridge end,19893,19893
1952,Sylhet 45 km (LRP187),link,N2,Sylhet 45 km,19893,19893
1956,Box culvert (LRP188A),bridge,N2,Box culvert,19893,19893
1957,Sylhet 43 km (LRP189),link,N2,Sylhet 43 km,19893,19893
1959,Bridge end (LRP189B),bridge,N2,Bridge end,19893,19893
1762,Information missing (LRP147),link,N2,Information missing,19892,19892
1765,Box culvert (LRP147C),bridge,N2,Box culvert,19892,19892
1766,Sylhet 84 km (LRP148),link,N2,Sylhet 84 km,19892,19892
1769,Sylhet 83 km (LRP149),link,N2,Sylhet 83 km,19892,19892
1795,Box culvert (LRP156C),bridge,N2,Box culvert,19892,19892
1796,Sylhet 75 km (LRP157),link,N2,Sylhet 75 km,19892,19892
1819,Box culvert (LRP162E),bridge,N2,Box culvert,19892,19892
1820,Sylhet 69 km (LRP163),link,N2,Sylhet 69 km,19892,19892
1821,Bridge start (LRP163A),bridge,N2,Bridge start,19892,19892
1827,Box culvert (LRP164A),bridge,N2,Box culvert,19892,19892
1828,Box culvert (LRP164B),bridge,N2,Box culvert,19892,19892
1829,Bridge start (LRP164C),bridge,N2,Bridge start,19892,19892
1830,Bridge end (LRP164D),bridge,N2,Bridge end,19892,19892
1831,Box culvert (LRP164E),bridge,N2,Box culvert,19892,19892
1839,Box culvert (LRP166B),bridge,N2,Box culvert,19892,19892
1841,Box culvert (LRP166D),bridge,N2,Box culvert,19892,19892
1842,Box culvert (LRP166E),bridge,N2,Box culvert,19892,19892
1843,Sylhet 65 km (LRP167),link,N2,Sylhet 65 km,19892,19892
1847,Bridge start (LRP167D),bridge,N2,Bridge start,19892,19892
1848,Bridge end (LRP167E),bridge,N2,Bridge end,19892,19892
1849,Sylhet 64 km (LRP168),link,N2,Sylhet 64 km,19892,19892
1850,Bridge start (LRP168A),bridge,N2,Bridge start,19892,19892
1853,Sylhet 63 km (LRP169),link,N2,Sylhet 63 km,19892,19892
1854,Box culvert (LRP169A),bridge,N2,Box culvert,19892,19892
1856,Box culvert (LRP169C),bridge,N2,Box culvert,19892,19892
1857,Box culvert (LRP169D),bridge,N2,Box culvert,19892,19892
1858,Box culvert (LRP169E),bridge,N2,Box culvert,19892,19892
1859,Sylhet 62 km (LRP170),link,N2,Sylhet 62 km,19892,19892
1860,Box culvert (LRP170A),bridge,N2,Box culvert,19892,19892
1861,Box culvert (LRP170B),bridge,N2,Box culvert,19892,19892
1864,Box culvert (LRP170E),bridge,N2,Box culvert,19892,19892
1865,Box culvert (LRP170F),bridge,N2,Box culvert,19892,19892
1866,Box culvert (LRP170G),bridge,N2,Box culvert,19892,19892
1867,Box culvert (LRP170H),bridge,N2,Box culvert,19892,19892
1935,Box culvert (LRP183A),bridge,N2,Box culvert,19892,19892
1948,Box culvert (LRP186C),bridge,N2,Box culvert,19892,19892
1949,Road to Raniganj (R241) (LRP186D),link,N2,Road to Raniganj (R241),19892,19892
1950,Bridge start (LRP186E),bridge,N2,Bridge start,19892,19892
1960,Sylhet 42 km/ Start of Moulavibazar road Division / Sylhet 42 km/ Start of Moulavibazar road Division (LRP190),link,N2,Sylhet 42 km/ Start of Moulavibazar road Division / Sylhet 42 km/ Start of Moulavibazar road Division,19892,19892
1763,Box culvert (LRP147A),bridge,N2,Box culvert,19891,19891
1764,Box culvert (LRP147B),bridge,N2,Box culvert,19891,19891
1767,Box culvert (LRP148A),bridge,N2,Box culvert,19891,19891
1791,Box culvert (LRP155A),bridge,N2,Box culvert,19891,19891
1792,Sylhet 76 km (LRP156),link,N2,Sylhet 76 km,19891,19891
1793,Bridge start (LRP156A),bridge,N2,Bridge start,19891,19891
1822,Bridge end (LRP163B),bridge,N2,Bridge end,19891,19891
1823,Box culvert (LRP163C),bridge,N2,Box culvert,19891,19891
1824,Box culvert (LRP163D),bridge,N2,Box culvert,19891,19891
1825,Box culvert (LRP163E),bridge,N2,Box culvert,19891,19891
1826,Sylhet 68 km (LRP164),link,N2,Sylhet 68 km,19891,19891
1837,Sylhet 66 km (LRP166),link,N2,Sylhet 66 km,19891,19891
1838,Box culvert (LRP166A),bridge,N2,Box culvert,19891,19891
1840,Box culvert (LRP166C),bridge,N2,Box culvert,19891,19891
1925,Bridge end (LRP181B),bridge,N2,Bridge end,19891,19891
1932,Road to Nabiganj (R240) (LRP182C),link,N2,Road to Nabiganj (R240),19891,19891
1933,Box culvert (LRP182D),bridge,N2,Box culvert,19891,19891
1934,Sylhet 49 km (LRP183),link,N2,Sylhet 49 km,19891,19891
1938,Sylhet 48 km (LRP184),link,N2,Sylhet 48 km,19891,19891
1940,Bridge end (LRP184B),bridge,N2,Bridge end,19891,19891
1941,Box culvert (LRP184C),bridge,N2,Box culvert,19891,19891
1942,Box culvert (LRP184D),bridge,N2,Box culvert,19891,19891
1943,Sylhet 47 km (LRP185),link,N2,Sylhet 47 km,19891,19891
1953,Bridge start (LRP187A),bridge,N2,Bridge start,19891,19891
1954,Bridge end (LRP187B),bridge,N2,Bridge end,19891,19891
1958,Bridge start (LRP189A),bridge,N2,Bridge start,19891,19891
1963,Sylhet 41 km (LRP191),link,N2,Sylhet 41 km,19891,19891
1964,Box culvert (LRP191A),bridge,N2,Box culvert,19891,19891
1965,Road to Moulavo Bazar(N207) (LRP191B),link,N2,Road to Moulavo Bazar(N207),19891,19891
1768,Box Culvert / Box culvert (LRP148B),bridge,N2,Box Culvert / Box culvert,19890,19890
1787,Bridge start (LRP154A),bridge,N2,Bridge start,19890,19890
1788,Bridge end (LRP154B),bridge,N2,Bridge end,19890,19890
1789,Box culvert (LRP154C),bridge,N2,Box culvert,19890,19890
1790,Km post broken (LRP155),link,N2,Km post broken,19890,19890
1879,Box culvert (LRP172B),bridge,N2,Box culvert,19890,19890
1880,Box culvert (LRP172C),bridge,N2,Box culvert,19890,19890
1881,Box culvert (LRP172D),bridge,N2,Box culvert,19890,19890
1922,Box culvert (LRP180C),bridge,N2,Box culvert,19890,19890
1926,Box culvert (LRP181C),bridge,N2,Box culvert,19890,19890
1927,Bridge start (LRP181D),bridge,N2,Bridge start,19890,19890
1928,Bridge end (LRP181E),bridge,N2,Bridge end,19890,19890
1929,Sylhet 50 km (LRP182),link,N2,Sylhet 50 km,19890,19890
1930,Box culvert (LRP182A),bridge,N2,Box culvert,19890,19890
1931,Box culvert (LRP182B),bridge,N2,Box culvert,19890,19890
1939,Bridge start (LRP184A),bridge,N2,Bridge start,19890,19890
1961,Bridge start (LRP190A),bridge,N2,Bridge start,19890,19890
1962,Bridge end (LRP190B),bridge,N2,Bridge end,19890,19890
1882,Box culvert (LRP172E),bridge,N2,Box culvert,19889,19889
1883,Sylhet 59 km (LRP173),link,N2,Sylhet 59 km,19889,19889
1921,Bridge end (LRP180B),bridge,N2,Bridge end,19889,19889
1923,Sylhet 51 km (LRP181),link,N2,Sylhet 51 km,19889,19889
1924,Bridge start (LRP181A),bridge,N2,Bridge start,19889,19889
1936,Box culvert (LRP183B),bridge,N2,Box culvert,19889,19889
1937,Box culvert (LRP183C),bridge,N2,Box culvert,19889,19889
1888,Bridge end (LRP174B),bridge,N2,Bridge end,19888,19888
1889,Box culvert (LRP174C),bridge,N2,Box culvert,19888,19888
1884,Box culvert (LRP173A),bridge,N2,Box culvert,19887,19887
1885,Box culvert (LRP173B),bridge,N2,Box culvert,19887,19887
1886,Km post missing (LRP174),link,N2,Km post missing,19887,19887
1887,Bridge start (LRP174A),bridge,N2,Bridge start,19887,19887
1890,Box culvert (LRP174D),bridge,N2,Box culvert,19887,19887
1891,Box culvert (LRP174E),bridge,N2,Box culvert,19887,19887
1893,Box culvert (LRP175A),bridge,N2,Box culvert,19887,19887
1894,Box culvert (LRP175B),bridge,N2,Box culvert,19887,19887
1895,Box culvert (LRP175C),bridge,N2,Box culvert,19887,19887
1902,Box culvert (LRP176E),bridge,N2,Box culvert,19887,19887
1903,Box culvert (LRP176F),bridge,N2,Box culvert,19887,19887
1904,Km post missing (LRP177),link,N2,Km post missing,19887,19887
1905,Box culvert (LRP177A),bridge,N2,Box culvert,19887,19887
1910,Bridge end (LRP178B),bridge,N2,Bridge end,19887,19887
1911,Bridge start (LRP178C),bridge,N2,Bridge start,19887,19887
1912,Bridge end (LRP178D),bridge,N2,Bridge end,19887,19887
1915,Km post missing (LRP179),link,N2,Km post missing,19887,19887
1916,Box culvert (LRP179A),bridge,N2,Box culvert,19887,19887
1917,Bridge start (LRP179B),bridge,N2,Bridge start,19887,19887
1918,Bridge end (LRP179C),bridge,N2,Bridge end,19887,19887
1919,Sylhet 52 km (LRP180),link,N2,Sylhet 52 km,19887,19887
1920,Bridge start (LRP180A),bridge,N2,Bridge start,19887,19887
1892,Km post missing (LRP175),link,N2,Km post missing,19886,19886
1896,Box culvert (LRP175D),bridge,N2,Box culvert,19886,19886
1897,Sylhet 56 km (LRP176),link,N2,Sylhet 56 km,19886,19886
1898,Box culvert (LRP176A),bridge,N2,Box culvert,19886,19886
1899,Box culvert (LRP176B),bridge,N2,Box culvert,19886,19886
1900,Box culvert (LRP176C),bridge,N2,Box culvert,19886,19886
1901,Box culvert (LRP176D),bridge,N2,Box culvert,19886,19886
1906,Bridge start (LRP177B),bridge,N2,Bridge start,19886,19886
1907,Bridge end (LRP177C),bridge,N2,Bridge end,19886,19886
1908,Sylhet 54 km (LRP178),link,N2,Sylhet 54 km,19886,19886
1909,Bridge start (LRP178A),bridge,N2,Bridge start,19886,19886
1913,Box culvert (LRP178E),bridge,N2,Box culvert,19886,19886
1914,Box culvert (LRP178F),bridge,N2,Box culvert,19886,19886
336,Ctg 95 km (LRP150),link,N1,Ctg 95 km,18689,18689
337,Km post missing (LRP151),link,N1,Km post missing,18687,18687
339,Bridge end (LRP151B),bridge,N1,Bridge end,18687,18687
338,Bridge start (LRP151A),bridge,N1,Bridge start,18685,18685
340,"Ctg 93 km,Lalpole 1 km (LRP152)",link,N1,"Ctg 93 km,Lalpole 1 km",18685,18685
341,Road to Feni Town (Z1034) (LRP152A),link,N1,Road to Feni Town (Z1034),18685,18685
342,Road to Sonagazi (Z1034) (LRP152B),link,N1,Road to Sonagazi (Z1034),18685,18685
343,Ctg 91 km (LRP153),link,N1,Ctg 91 km,18683,18683
344,Ctg 91 km (LRP154),link,N1,Ctg 91 km,18682,18682
345,Km post missing (LRP155),link,N1,Km post missing,18682,18682
349,Km post missing (LRP157),link,N1,Km post missing,18682,18682
351,Km post missing (LRP159),link,N1,Km post missing,18682,18682
352,"Ctg 85 km,Bairyahat 10 km (LRP160)",link,N1,"Ctg 85 km,Bairyahat 10 km",18681,18681
355,Ctg 83 km (LRP162),link,N1,Ctg 83 km,18681,18681
346,Km post missing (LRP156),link,N1,Km post missing,18680,18680
350,Ctg 87 km (LRP158),link,N1,Ctg 87 km,18680,18680
356,Km post missing (LRP163),link,N1,Km post missing,18680,18680
358,Bridge end (LRP163B),bridge,N1,Bridge end,18680,18680
347,Bridge start (LRP156A),bridge,N1,Bridge start,18679,18679
348,Bridge end (LRP156B),bridge,N1,Bridge end,18679,18679
353,Road to Mounshirhat (Z1081) (LRP160A),link,N1,Road to Mounshirhat (Z1081),18679,18679
354,Km post missing (LRP161),link,N1,Km post missing,18679,18679
357,Bridge start (LRP163A),bridge,N1,Bridge start,18679,18679
359,Ctg 81 kkm (LRP164),link,N1,Ctg 81 kkm,18679,18679
360,Road to Chhagalnaiya (Z1032) (LRP164A),link,N1,Road to Chhagalnaiya (Z1032),18679,18679
361,Km post missing (LRP165),link,N1,Km post missing,18678,18678
362,Km post missing (LRP166),link,N1,Km post missing,18678,18678
363,Km post missing (LRP167),link,N1,Km post missing,18675,18675
371,Road to Karerhat (R151) (LRP170B),link,N1,Road to Karerhat (R151),18672,18672
372,Start of Bituminious Pavement (LRP170C),link,N1,Start of Bituminious Pavement,18672,18672
373,Box culvert (LRP170D),bridge,N1,Box culvert,18672,18672
374,Km post missing (LRP171),link,N1,Km post missing,18672,18672
364,Km post missing (LRP168),link,N1,Km post missing,18671,18671
365,Bridge start (LRP168A),bridge,N1,Bridge start,18671,18671
366,Bridge end/Start of Chittagong Road Division / Bridge end/Start of Chittagong Road Division (LRP168B),bridge,N1,Bridge end/Start of Chittagong Road Division / Bridge end/Start of Chittagong Road Division,18671,18671
367,Km post missing (LRP169),link,N1,Km post missing,18670,18670
368,Box culvert (LRP169A),bridge,N1,Box culvert,18670,18670
369,Km post missing (LRP170),link,N1,Km post missing,18670,18670
370,End of Bituminous Pavment (LRP170A),link,N1,End of Bituminous Pavment,18670,18670
375,Km post missing / Box culvert (LRP172),bridge,N1,Km post missing / Box culvert,18670,18670
395,Km post missing (LRP179),link,N1,Km post missing,18670,18670
376,Box culvert (LRP172B),bridge,N1,Box culvert,18669,18669
377,Km post missing (LRP173),link,N1,Km post missing,18669,18669
378,Box culvert (LRP173A),bridge,N1,Box culvert,18669,18669
379,Box culvert (LRP173B),bridge,N1,Box culvert,18669,18669
380,Km post missing (LRP174),link,N1,Km post missing,18669,18669
381,Box culvert (LRP174A),bridge,N1,Box culvert,18668,18668
382,Box culvert (LRP174B),bridge,N1,Box culvert,18668,18668
383,Km post missing (LRP175),link,N1,Km post missing,18668,18668
391,Km post missing (LRP177),link,N1,Km post missing,18668,18668
392,Pipe culvert (LRP177A),bridge,N1,Pipe culvert,18668,18668
384,Box culvert (LRP175A),bridge,N1,Box culvert,18667,18667
385,Box culvert (LRP175B),bridge,N1,Box culvert,18667,18667
386,Km post missing (LRP176),link,N1,Km post missing,18667,18667
387,Bridge start (LRP176A),bridge,N1,Bridge start,18667,18667
388,Bridge end (LRP176B),bridge,N1,Bridge end,18667,18667
389,Box culvert (LRP176C),bridge,N1,Box culvert,18667,18667
390,Box culvert (LRP176D),bridge,N1,Box culvert,18667,18667
393,Km post missing (LRP178),link,N1,Km post missing,18666,18666
394,Box culvert (LRP178A),bridge,N1,Box culvert,18666,18666
396,Km post missing (LRP180),link,N1,Km post missing,18666,18666
397,Box culvert (LRP180A),bridge,N1,Box culvert,18666,18666
398,Box culvert (LRP180B),bridge,N1,Box culvert,18664,18664
401,Box culvert (LRP181A),bridge,N1,Box culvert,18664,18664
399,Box culvert (LRP180C),bridge,N1,Box culvert,18663,18663
400,Km post missing (LRP181),link,N1,Km post missing,18663,18663
402,Km post missing (LRP182),link,N1,Km post missing,18662,18662
403,Box Culvert (LRP182A),bridge,N1,Box Culvert,18662,18662
404,Box culvert (LRP182B),bridge,N1,Box culvert,18661,18661
405,Km post missing (LRP183),link,N1,Km post missing,18661,18661
406,Bridge start (LRP183A),bridge,N1,Bridge start,18660,18660
407,Km post missing (LRP184),link,N1,Km post missing,18660,18660
408,Bridge end (LRP184A),bridge,N1,Bridge end,18660,18660
409,Road to Narayanhat (Z1021) (LRP184B),link,N1,Road to Narayanhat (Z1021),18660,18660
429,Box culvert (LRP192B),bridge,N1,Box culvert,18660,18660
430,"Ctg 52 km,Sitakhada 12 km (LRP193)",link,N1,"Ctg 52 km,Sitakhada 12 km",18660,18660
410,Box culvert (LRP184C),bridge,N1,Box culvert,18659,18659
411,Km post missing (LRP185),link,N1,Km post missing,18659,18659
422,Box culvert (LRP189A),bridge,N1,Box culvert,18659,18659
424,Box culvert (LRP190A),bridge,N1,Box culvert,18659,18659
425,Km post missing (LRP191),link,N1,Km post missing,18659,18659
426,Box culvert (LRP191A),bridge,N1,Box culvert,18659,18659
427,Km post missing (LRP192),link,N1,Km post missing,18659,18659
428,Box culvert (LRP192A),bridge,N1,Box culvert,18659,18659
483,Bridge end (LRP209B),bridge,N1,Bridge end,18659,18659
431,Box culvert (LRP193A),bridge,N1,Box culvert,18658,18658
432,Box Culvert (LRP193B),bridge,N1,Box Culvert,18658,18658
412,Box culvert (LRP185A),bridge,N1,Box culvert,18657,18657
413,Box culvert (LRP185B),bridge,N1,Box culvert,18657,18657
416,Km post missing (LRP187),link,N1,Km post missing,18657,18657
423,Km post missing (LRP190),link,N1,Km post missing,18657,18657
484,Road to Katirhat (Z1087) (LRP209C),link,N1,Road to Katirhat (Z1087),18657,18657
415,Box culvert (LRP186A),bridge,N1,Box culvert,18656,18656
420,Box culvert (LRP188A),bridge,N1,Box culvert,18656,18656
421,Km post missing (LRP189),link,N1,Km post missing,18656,18656
480,Box culvert (LRP208A),bridge,N1,Box culvert,18656,18656
481,Info.Missing (LRP209),link,N1,Info.Missing,18656,18656
482,Bridge start (LRP209A),bridge,N1,Bridge start,18656,18656
485,Box culvert (LRP209D),bridge,N1,Box culvert,18656,18656
486,Km post missing (LRP210),link,N1,Km post missing,18656,18656
520,Km post missing (LRP220),link,N1,Km post missing,18656,18656
564,The chittagong city area starts from Alongka cinema Hall (LRP235B),link,N1,The chittagong city area starts from Alongka cinema Hall,18656,18656
414,Km post missing (LRP186),link,N1,Km post missing,18655,18655
417,Bridge start (LRP187A),bridge,N1,Bridge start,18655,18655
433,Km post missing (LRP194),link,N1,Km post missing,18655,18655
434,Box culvert (LRP194A),bridge,N1,Box culvert,18655,18655
435,Box culvert (LRP194B),bridge,N1,Box culvert,18655,18655
488,Bridge end (LRP210B),bridge,N1,Bridge end,18655,18655
490,Box culvert (LRP211A),bridge,N1,Box culvert,18655,18655
491,Bridge start (LRP211B),bridge,N1,Bridge start,18655,18655
492,Bridge end (LRP211C),bridge,N1,Bridge end,18655,18655
494,Km post missing (LRP212),link,N1,Km post missing,18655,18655
515,Bridge end (LRP218D),bridge,N1,Bridge end,18655,18655
516,Box culvert (LRP218E),bridge,N1,Box culvert,18655,18655
517,Km post missing (LRP219),link,N1,Km post missing,18655,18655
518,Bridge start (LRP219A),bridge,N1,Bridge start,18655,18655
519,Bridge end (LRP219B),bridge,N1,Bridge end,18655,18655
528,Ctg 22 km (LRP223),link,N1,Ctg 22 km,18655,18655
418,Bridge end (LRP187B),bridge,N1,Bridge end,18654,18654
419,Km post missing (LRP188),link,N1,Km post missing,18654,18654
437,"Ctg 50 km,Sitakanda 10 km (LRP195)",link,N1,"Ctg 50 km,Sitakanda 10 km",18654,18654
438,Box culvert (LRP195A),bridge,N1,Box culvert,18654,18654
453,Box culvert (LRP200A),bridge,N1,Box culvert,18654,18654
454,Box culvert (LRP200B),bridge,N1,Box culvert,18654,18654
477,Box culvert (LRP207C),bridge,N1,Box culvert,18654,18654
478,Box culvert (LRP207D),bridge,N1,Box culvert,18654,18654
479,Km post missing (LRP208),link,N1,Km post missing,18654,18654
489,Km post missing (LRP211),link,N1,Km post missing,18654,18654
493,Box culvert (LRP211D),bridge,N1,Box culvert,18654,18654
499,Box culvert (LRP214A),bridge,N1,Box culvert,18654,18654
502,Km post missing (LRP216),link,N1,Km post missing,18654,18654
511,Km post missing (LRP218),link,N1,Km post missing,18654,18654
512,Bridge start (LRP218A),bridge,N1,Bridge start,18654,18654
513,Bridge end (LRP218B),bridge,N1,Bridge end,18654,18654
526,Info.Missing (LRP222),link,N1,Info.Missing,18654,18654
527,Box culvert (LRP222A),bridge,N1,Box culvert,18654,18654
531,Bridge end (LRP224B),bridge,N1,Bridge end,18654,18654
532,Info.Missing (LRP225),link,N1,Info.Missing,18654,18654
535,Bridge end (LRP226B),bridge,N1,Bridge end,18654,18654
436,Box culvert (LRP194C),bridge,N1,Box culvert,18653,18653
439,Km post missing (LRP196),link,N1,Km post missing,18653,18653
440,Box culvert (LRP196A),bridge,N1,Box culvert,18653,18653
442,"Ctg 48 km,Sitakanda 8 km (LRP197)",link,N1,"Ctg 48 km,Sitakanda 8 km",18653,18653
449,"Ctg 46 km,Sitakanda 6 km (LRP199)",link,N1,"Ctg 46 km,Sitakanda 6 km",18653,18653
450,Box culvert (LRP199A),bridge,N1,Box culvert,18653,18653
451,Box culvert (LRP199B),bridge,N1,Box culvert,18653,18653
452,Km post missing (LRP200),link,N1,Km post missing,18653,18653
455,"Ctg 44 km,Sitakanda 4 km (LRP201)",link,N1,"Ctg 44 km,Sitakanda 4 km",18653,18653
473,Box culvert (LRP206A),bridge,N1,Box culvert,18653,18653
487,Bridge start (LRP210A),bridge,N1,Bridge start,18653,18653
501,Box culvert (LRP215A),bridge,N1,Box culvert,18653,18653
505,Ctg 28 km (LRP217),link,N1,Ctg 28 km,18653,18653
506,Bridge start (LRP217A),bridge,N1,Bridge start,18653,18653
507,Bridge end (LRP217B),bridge,N1,Bridge end,18653,18653
508,Box culvert (LRP217C),bridge,N1,Box culvert,18653,18653
514,Bridge start (LRP218C),bridge,N1,Bridge start,18653,18653
525,Bridge end (LRP221C),bridge,N1,Bridge end,18653,18653
529,Km post missing (LRP224),link,N1,Km post missing,18653,18653
530,Bridge start (LRP224A),bridge,N1,Bridge start,18653,18653
533,Km post missing (LRP226),link,N1,Km post missing,18653,18653
534,Bridge start (LRP226A),bridge,N1,Bridge start,18653,18653
441,Box culvert (LRP196B),bridge,N1,Box culvert,18652,18652
456,Box culvert (LRP201A),bridge,N1,Box culvert,18652,18652
457,Box culvert (LRP201B),bridge,N1,Box culvert,18652,18652
471,Box culvert (LRP205B),bridge,N1,Box culvert,18652,18652
474,Ctg 38 km (LRP207),link,N1,Ctg 38 km,18652,18652
475,Box culvert (LRP207A),bridge,N1,Box culvert,18652,18652
476,Box culvert (LRP207B),bridge,N1,Box culvert,18652,18652
498,Km post missing (LRP214),link,N1,Km post missing,18652,18652
503,Bridge start (LRP216A),bridge,N1,Bridge start,18652,18652
504,Bridge end (LRP216B),bridge,N1,Bridge end,18652,18652
509,Bridge start (LRP217D),bridge,N1,Bridge start,18652,18652
510,Bridge end (LRP217E),bridge,N1,Bridge end,18652,18652
521,Box culvert (LRP220A),bridge,N1,Box culvert,18652,18652
522,Ctg 24 km (LRP221),link,N1,Ctg 24 km,18652,18652
523,Box culvert (LRP221A),bridge,N1,Box culvert,18652,18652
537,Box culvert (LRP227A),bridge,N1,Box culvert,18652,18652
538,Bridge start (LRP227B),bridge,N1,Bridge start,18652,18652
448,Box culvert (LRP198C),bridge,N1,Box culvert,18651,18651
458,Km post missing (LRP202),link,N1,Km post missing,18651,18651
461,Box culvert (LRP203A),bridge,N1,Box culvert,18651,18651
470,Box culvert (LRP205A),bridge,N1,Box culvert,18651,18651
472,Km post missing (LRP206),link,N1,Km post missing,18651,18651
495,Ctg 32 km (LRP213),link,N1,Ctg 32 km,18651,18651
496,Bridge start (LRP213A),bridge,N1,Bridge start,18651,18651
497,Bridge end (LRP213B),bridge,N1,Bridge end,18651,18651
500,Ctg 30 km (LRP215),link,N1,Ctg 30 km,18651,18651
524,Bridge start (LRP221B),bridge,N1,Bridge start,18651,18651
536,Km post missing (LRP227),link,N1,Km post missing,18651,18651
539,Bridge end (LRP227C),bridge,N1,Bridge end,18651,18651
559,Km post missing (LRP234),link,N1,Km post missing,18651,18651
443,Box culvert (LRP197A),bridge,N1,Box culvert,18650,18650
444,Box culvert (LRP197B),bridge,N1,Box culvert,18650,18650
447,Box culvert (LRP198B),bridge,N1,Box culvert,18650,18650
460,"Ctg 42 km,Sitakanda 2 km (LRP203)",link,N1,"Ctg 42 km,Sitakanda 2 km",18650,18650
467,Bridge end / Box culvert (LRP204D),bridge,N1,Bridge end / Box culvert,18650,18650
543,Bridge end (LRP229B),bridge,N1,Bridge end,18650,18650
558,Box culvert (LRP233A),bridge,N1,Box culvert,18650,18650
445,Km post missing (LRP198),link,N1,Km post missing,18649,18649
446,Road to Haidchokia (Z1086) (LRP198A),link,N1,Road to Haidchokia (Z1086),18649,18649
459,Box culvert (LRP202A),bridge,N1,Box culvert,18649,18649
462,Box culvert (LRP203B),bridge,N1,Box culvert,18649,18649
463,Km post missing (LRP204),link,N1,Km post missing,18649,18649
464,Box culvert (LRP204A),bridge,N1,Box culvert,18649,18649
465,Box culvert (LRP204B),bridge,N1,Box culvert,18649,18649
466,Bridge start (LRP204C),bridge,N1,Bridge start,18649,18649
540,Km post missing (LRP228),link,N1,Km post missing,18649,18649
541,Km post missing (LRP229),link,N1,Km post missing,18649,18649
542,Bridge start (LRP229A),bridge,N1,Bridge start,18649,18649
557,Km post missing (LRP233),link,N1,Km post missing,18649,18649
560,Bridge start (LRP234A),bridge,N1,Bridge start,18649,18649
561,Bridge end (LRP234B),bridge,N1,Bridge end,18649,18649
562,Km post missing (LRP235),link,N1,Km post missing,18649,18649
563,End of Bituminous Road (LRP235A),link,N1,End of Bituminous Road,18649,18649
468,Box culvert (LRP204F),bridge,N1,Box culvert,18648,18648
469,"Ctg 40 km,Sitakanda 0 km (LRP205)",link,N1,"Ctg 40 km,Sitakanda 0 km",18648,18648
549,Road to Biman Bandar (Z1016) (LRP231A),link,N1,Road to Biman Bandar (Z1016),18648,18648
550,Bridge start (LRP231B),bridge,N1,Bridge start,18648,18648
551,Bridge end (LRP231C),bridge,N1,Bridge end,18648,18648
552,Km post missing (LRP232),link,N1,Km post missing,18648,18648
553,"N111, Port Connecting Road (LRP232A)",link,N1,"N111, Port Connecting Road",18648,18648
554,Box culvert (LRP232B),bridge,N1,Box culvert,18648,18648
547,Start of Bituminous Pavement (LRP230C),link,N1,Start of Bituminous Pavement,18647,18647
555,Bridge start (LRP232C),bridge,N1,Bridge start,18647,18647
556,Bridge end (LRP232D),bridge,N1,Bridge end,18647,18647
544,Km post missing (LRP230),link,N1,Km post missing,18646,18646
545,End of Bituminous Pavement (LRP230A),link,N1,End of Bituminous Pavement,18646,18646
546,Box culvert (LRP230B),bridge,N1,Box culvert,18646,18646
548,Km post missing (LRP231),link,N1,Km post missing,18646,18646
565,Chittagong city area ends and the survey of N1 starts again (LRP244B),link,N1,Chittagong city area ends and the survey of N1 starts again,18645,18645
566,Km post missing (LRP245),link,N1,Km post missing,18645,18645
2027,Sylhet 17 km (LRP215),link,N2,Sylhet 17 km,17506,17506
2041,Box culvert (LRP221A),bridge,N2,Box culvert,17506,17506
2045,Sylhet 9 km (LRP223),link,N2,Sylhet 9 km,17506,17506
2046,Box culvert (LRP223A),bridge,N2,Box culvert,17506,17506
2025,Box culvert (LRP214A),bridge,N2,Box culvert,17505,17505
2026,Box culvert (LRP214B),bridge,N2,Box culvert,17505,17505
2042,Sylhet 10 km (LRP222),link,N2,Sylhet 10 km,17505,17505
2043,Box culvert (LRP222A),bridge,N2,Box culvert,17505,17505
2044,Box culvert (LRP222B),bridge,N2,Box culvert,17505,17505
2047,Sylhet 8 km (LRP224),link,N2,Sylhet 8 km,17505,17505
2048,Box culvert (LRP224A),bridge,N2,Box culvert,17505,17505
2049,R283 (LRP224B),link,N2,R283,17505,17505
2050,Bridge start (LRP224C),bridge,N2,Bridge start,17505,17505
2051,Bridge end (LRP224D),bridge,N2,Bridge end,17505,17505
2052,Sylhet 7 km (LRP225),link,N2,Sylhet 7 km,17505,17505
2053,Box culvert (LRP225A),bridge,N2,Box culvert,17505,17505
2054,Road to Balaganj (Z2013) (LRP225B),link,N2,Road to Balaganj (Z2013),17505,17505
2055,Sylhet 6 km (LRP226),link,N2,Sylhet 6 km,17505,17505
2024,Sylhet 18 km (LRP214),link,N2,Sylhet 18 km,17504,17504
2033,Sylhet 15 km (LRP217),link,N2,Sylhet 15 km,17504,17504
2034,Sylhet 14 km (LRP218),link,N2,Sylhet 14 km,17504,17504
2060,Box culvert (LRP227A),bridge,N2,Box culvert,17504,17504
2014,Sylhet 22 km (LRP210),link,N2,Sylhet 22 km,17503,17503
2028,Box culvert (LRP215A),bridge,N2,Box culvert,17503,17503
2029,Sylhet 16 km (LRP216),link,N2,Sylhet 16 km,17503,17503
2030,Box culvert (LRP216A),bridge,N2,Box culvert,17503,17503
2031,Road to Lamakazi (Z2016) (LRP216B),link,N2,Road to Lamakazi (Z2016),17503,17503
2036,Box culvert (LRP219A),bridge,N2,Box culvert,17503,17503
2037,Sylhet 12 km (LRP220),link,N2,Sylhet 12 km,17503,17503
2039,Bridge end (LRP220B),bridge,N2,Bridge end,17503,17503
2056,Box culvert (LRP226A),bridge,N2,Box culvert,17503,17503
2057,Box culvert (LRP226B),bridge,N2,Box culvert,17503,17503
2058,Box culvert (LRP226C),bridge,N2,Box culvert,17503,17503
2059,Km post missing (LRP227),link,N2,Km post missing,17503,17503
2061,Km post missing (LRP228),link,N2,Km post missing,17503,17503
2062,Bridge start (LRP228A),bridge,N2,Bridge start,17503,17503
2063,Bridge end (LRP228B),bridge,N2,Bridge end,17503,17503
2032,Box culvert (LRP216C),bridge,N2,Box culvert,17502,17502
2035,Sylhet 13 km (LRP219),link,N2,Sylhet 13 km,17502,17502
2038,Bridge start (LRP220A),bridge,N2,Bridge start,17502,17502
2040,Sylhet 11 km (LRP221),link,N2,Sylhet 11 km,17502,17502
2064,N209 / N208 to Moulovibazar (LRP228C),link,N2,N209 / N208 to Moulovibazar,17502,17502
2005,Box culvert (LRP206A),bridge,N2,Box culvert,17501,17501
2006,Box culvert (LRP206B),bridge,N2,Box culvert,17501,17501
2007,Km post broken (LRP207),link,N2,Km post broken,17501,17501
2008,Box culvert (LRP207A),bridge,N2,Box culvert,17501,17501
2009,Sylhet 24 km (LRP208),link,N2,Sylhet 24 km,17501,17501
2010,Box culvert (LRP208A),bridge,N2,Box culvert,17501,17501
2015,Box culvert (LRP210A),bridge,N2,Box culvert,17501,17501
2016,Sylhet 21 km (LRP211),link,N2,Sylhet 21 km,17501,17501
2018,Box culvert (LRP211B),bridge,N2,Box culvert,17501,17501
2019,Sylhet 20 km (LRP212),link,N2,Sylhet 20 km,17501,17501
2011,Sylhet 23 km (LRP209),link,N2,Sylhet 23 km,17500,17500
2012,Box culvert (LRP209A),bridge,N2,Box culvert,17500,17500
2013,Box culvert (LRP209B),bridge,N2,Box culvert,17500,17500
2017,Box culvert (LRP211A),bridge,N2,Box culvert,17500,17500
2020,Box culvert (LRP212A),bridge,N2,Box culvert,17500,17500
2022,Box culvert (LRP213A),bridge,N2,Box culvert,17500,17500
2023,Box culvert (LRP213B),bridge,N2,Box culvert,17500,17500
2021,Sylhet 19 km (LRP213),link,N2,Sylhet 19 km,17498,17498
1977,Box culvert (LRP196A),bridge,N2,Box culvert,17496,17496
1983,Bridge end (LRP198B),bridge,N2,Bridge end,17496,17496
2004,Sylhet 26 km (LRP206),link,N2,Sylhet 26 km,17496,17496
1978,Sylhet 35 km (LRP197),link,N2,Sylhet 35 km,17495,17495
1979,Bridge start (LRP197A),bridge,N2,Bridge start,17495,17495
1980,Bridge end (LRP197B),bridge,N2,Bridge end,17495,17495
1981,Sylhet 34 km (LRP198),link,N2,Sylhet 34 km,17495,17495
1982,Bridge start (LRP198A),bridge,N2,Bridge start,17495,17495
1984,Box culvert (LRP198C),bridge,N2,Box culvert,17495,17495
1985,Sylhet 33 km (LRP199),link,N2,Sylhet 33 km,17495,17495
1972,Bridge end (LRP194B),bridge,N2,Bridge end,17494,17494
1976,Sylhet 36 km (LRP196),link,N2,Sylhet 36 km,17494,17494
1986,Bridge start (LRP199A),bridge,N2,Bridge start,17494,17494
1987,Bridge end (LRP199B),bridge,N2,Bridge end,17494,17494
2002,Box Culvert (LRP205A),bridge,N2,Box Culvert,17494,17494
2003,Road to Balaganj (Z2022) (LRP205B),link,N2,Road to Balaganj (Z2022),17494,17494
1973,Bridge start (LRP194C),bridge,N2,Bridge start,17493,17493
1974,Bridge end (LRP194D),bridge,N2,Bridge end,17493,17493
1975,Sylhet 37 km (LRP195),link,N2,Sylhet 37 km,17493,17493
1988,Box culvert (LRP199C),bridge,N2,Box culvert,17493,17493
1992,Box culvert (LRP200C),bridge,N2,Box culvert,17493,17493
1993,Box culvert (LRP200D),bridge,N2,Box culvert,17493,17493
1995,Box culvert (LRP201A),bridge,N2,Box culvert,17493,17493
1999,Box culvert (LRP203A),bridge,N2,Box culvert,17493,17493
1966,Sylhet 40 km/ Start of Sylhet road Division / Sylhet 40 km/ Start of Sylhet road Division (LRP192),link,N2,Sylhet 40 km/ Start of Sylhet road Division / Sylhet 40 km/ Start of Sylhet road Division,17492,17492
1967,Bridge start (LRP192A),bridge,N2,Bridge start,17492,17492
1968,Bridge end (LRP192B),bridge,N2,Bridge end,17492,17492
1969,Sylhet 39 km (LRP193),link,N2,Sylhet 39 km,17492,17492
1989,Sylhet 32 km (LRP200),link,N2,Sylhet 32 km,17492,17492
1990,Bridge start (LRP200A),bridge,N2,Bridge start,17492,17492
1991,Bridge end (LRP200B),bridge,N2,Bridge end,17492,17492
1994,Km post missing (LRP201),link,N2,Km post missing,17492,17492
1997,Sylhet 30 km (LRP202),link,N2,Sylhet 30 km,17492,17492
2000,Sylhet 28 km (LRP204),link,N2,Sylhet 28 km,17492,17492
1996,Box culvert (LRP201B),bridge,N2,Box culvert,17491,17491
1998,Km post missing (LRP203),link,N2,Km post missing,17491,17491
2001,Sylhet 27 km (LRP205),link,N2,Sylhet 27 km,17491,17491
1970,Sylhet 38 km (LRP194),link,N2,Sylhet 38 km,17489,17489
1971,Bridge start (LRP194A),bridge,N2,Bridge start,17489,17489
2079,Box culvert (LRP232A),bridge,N2,Box culvert,9950,9950
2080,Km post missing (LRP233),link,N2,Km post missing,9950,9950
2081,Box culvert (LRP233A),bridge,N2,Box culvert,9950,9950
2082,Box culvert (LRP233B),bridge,N2,Box culvert,9950,9950
2083,Tamabil 50 km (LRP234),link,N2,Tamabil 50 km,9950,9950
2084,Box culvert (LRP234A),bridge,N2,Box culvert,9950,9950
2085,Horipur 17 km (LRP235),link,N2,Horipur 17 km,9950,9950
2086,Horipur 16 km (LRP236),link,N2,Horipur 16 km,9950,9950
2076,Box culvert (LRP231D),bridge,N2,Box culvert,9949,9949
2077,Box culvert (LRP231E),bridge,N2,Box culvert,9949,9949
2078,Km post missing (LRP232),link,N2,Km post missing,9949,9949
2087,Box culvert (LRP236A),bridge,N2,Box culvert,9949,9949
2101,Tamabil 43 km (LRP241),link,N2,Tamabil 43 km,9949,9949
2065,Km post broken (LRP229),link,N2,Km post broken,9948,9948
2066,Under Pass R250 (LRP229A),bridge,N2,Under Pass R250,9948,9948
2067,Bridge start (LRP229B),bridge,N2,Bridge start,9948,9948
2069,Km post missing (LRP230),link,N2,Km post missing,9948,9948
2070,Box culvert (LRP230A),bridge,N2,Box culvert,9948,9948
2071,Box culvert (LRP230B),bridge,N2,Box culvert,9948,9948
2072,Km post missing (LRP231),link,N2,Km post missing,9948,9948
2073,Box culvert (LRP231A),bridge,N2,Box culvert,9948,9948
2074,Road to Keen Bridge(N206) (LRP231B),bridge,N2,Road to Keen Bridge(N206),9948,9948
2075,Box culvert (LRP231C),bridge,N2,Box culvert,9948,9948
2088,Box culvert (LRP236B),bridge,N2,Box culvert,9948,9948
2089,Tamabil 47 km (LRP237),link,N2,Tamabil 47 km,9948,9948
2100,Box culvert (LRP240B),bridge,N2,Box culvert,9948,9948
2105,Jaflong 46 km (LRP242),link,N2,Jaflong 46 km,9948,9948
2111,Jainyapur 27 km (LRP244),link,N2,Jainyapur 27 km,9948,9948
2112,Tamabil 39 km (LRP245),link,N2,Tamabil 39 km,9948,9948
2113,Box culvert (LRP245A),bridge,N2,Box culvert,9948,9948
2114,Jaflong 42 km (LRP246),link,N2,Jaflong 42 km,9948,9948
2115,Bridge start (LRP246A),bridge,N2,Bridge start,9948,9948
2116,Bridge end (LRP246B),bridge,N2,Bridge end,9948,9948
2117,Box culvert (LRP246C),bridge,N2,Box culvert,9948,9948
2119,Box culvert (LRP247A),bridge,N2,Box culvert,9948,9948
2120,Box culvert (LRP247B),bridge,N2,Box culvert,9948,9948
2121,Jaintapur 23  km (LRP248),link,N2,Jaintapur 23  km,9948,9948
2090,Bridge start (LRP237A),bridge,N2,Bridge start,9947,9947
2091,Bridge end (LRP237B),bridge,N2,Bridge end,9947,9947
2092,Jaflong 50 km (LRP238),link,N2,Jaflong 50 km,9947,9947
2093,Bridge start (LRP238A),bridge,N2,Bridge start,9947,9947
2094,Bridge end (LRP238B),bridge,N2,Bridge end,9947,9947
2095,Box culvert (LRP238C),bridge,N2,Box culvert,9947,9947
2096,Km post missing (LRP239),link,N2,Km post missing,9947,9947
2097,N210 (LRP239A),link,N2,N210,9947,9947
2102,Bridge start (LRP241A),bridge,N2,Bridge start,9947,9947
2103,Bridge end (LRP241B),bridge,N2,Bridge end,9947,9947
2104,Box culvert (LRP241C),bridge,N2,Box culvert,9947,9947
2106,Box culvert (LRP242A),bridge,N2,Box culvert,9947,9947
2107,Horipur 9 km (LRP243),link,N2,Horipur 9 km,9947,9947
2108,Bridge start (LRP243A),bridge,N2,Bridge start,9947,9947
2109,Bridge end (LRP243B),bridge,N2,Bridge end,9947,9947
2110,Box culvert (LRP243C),bridge,N2,Box culvert,9947,9947
2118,Horipur 5 km (LRP247),link,N2,Horipur 5 km,9947,9947
2098,Jaintapur 31 km (LRP240),link,N2,Jaintapur 31 km,9946,9946
2099,Box culvert (LRP240A),bridge,N2,Box culvert,9946,9946
2122,Box Culvert (LRP248A),bridge,N2,Box Culvert,9946,9946
2123,Tamabil 35 km (LRP249),link,N2,Tamabil 35 km,9946,9946
2158,Jaintapur 7 km (LRP264),link,N2,Jaintapur 7 km,9946,9946
2178,Tamabil 13 km (LRP271),link,N2,Tamabil 13 km,9946,9946
2068,Bridge end (LRP229C),bridge,N2,Bridge end,9945,9945
2159,Km post broken (LRP265),link,N2,Km post broken,9945,9945
2160,Bridge start (LRP265A),bridge,N2,Bridge start,9945,9945
2161,Bridge end (LRP265B),bridge,N2,Bridge end,9945,9945
2162,Road to Gowainghat (Z2012) (LRP265C),link,N2,Road to Gowainghat (Z2012),9945,9945
2163,Jaflong 22 km (LRP266),link,N2,Jaflong 22 km,9945,9945
2164,Bridge start (LRP266A),bridge,N2,Bridge start,9945,9945
2165,Bridge end (LRP266B),bridge,N2,Bridge end,9945,9945
2166,Jaintapur 4 km (LRP267),link,N2,Jaintapur 4 km,9945,9945
2167,Bridge start (LRP267A),bridge,N2,Bridge start,9945,9945
2168,Bridge end (LRP267B),bridge,N2,Bridge end,9945,9945
2175,Bridge end (LRP270B),bridge,N2,Bridge end,9945,9945
2176,Bridge start (LRP270C),bridge,N2,Bridge start,9945,9945
2177,Bridge end (LRP270D),bridge,N2,Bridge end,9945,9945
2179,Bridge start (LRP271A),bridge,N2,Bridge start,9945,9945
2180,Bridge end (LRP271B),bridge,N2,Bridge end,9945,9945
2181,Jaflong 16 km (LRP272),link,N2,Jaflong 16 km,9945,9945
2182,Bridge start (LRP272A),bridge,N2,Bridge start,9945,9945
2183,Bridge end (LRP272B),bridge,N2,Bridge end,9945,9945
2184,Tamabil 11 km (LRP273),link,N2,Tamabil 11 km,9945,9945
2169,Jaintapur 3 km (LRP268),link,N2,Jaintapur 3 km,9944,9944
2185,Bridge start (LRP273A),bridge,N2,Bridge start,9944,9944
2186,Bridge end (LRP273B),bridge,N2,Bridge end,9944,9944
2135,Jaflong 34 km (LRP254),link,N2,Jaflong 34 km,9943,9943
2157,Bridge end (LRP263C),bridge,N2,Bridge end,9943,9943
2170,Jaflong 19 km (LRP269),link,N2,Jaflong 19 km,9943,9943
2187,Jaflong 14 km (LRP274),link,N2,Jaflong 14 km,9943,9943
2188,Bridge start (LRP274A),bridge,N2,Bridge start,9943,9943
2202,Km post broken (LRP279),link,N2,Km post broken,9943,9943
2208,Bridge end (LRP281B),bridge,N2,Bridge end,9943,9943
2126,Box culvert (LRP250A),bridge,N2,Box culvert,9942,9942
2127,Horipur 1 km (LRP251),link,N2,Horipur 1 km,9942,9942
2128,Box culvert (LRP251A),bridge,N2,Box culvert,9942,9942
2132,Tamabil 31 km (LRP253),link,N2,Tamabil 31 km,9942,9942
2133,Bridge start (LRP253A),bridge,N2,Bridge start,9942,9942
2134,Bridge end (LRP253B),bridge,N2,Bridge end,9942,9942
2136,Jaintapur 16 km (LRP255),link,N2,Jaintapur 16 km,9942,9942
2143,Jaintapur 13 km (LRP258),link,N2,Jaintapur 13 km,9942,9942
2149,Jaintapur 10 km (LRP261),link,N2,Jaintapur 10 km,9942,9942
2171,Bridge start (LRP269A),bridge,N2,Bridge start,9942,9942
2172,Bridge end (LRP269B),bridge,N2,Bridge end,9942,9942
2173,Jaintapur 1 km (LRP270),link,N2,Jaintapur 1 km,9942,9942
2174,Bridge start (LRP270A),bridge,N2,Bridge start,9942,9942
2189,Bridge end (LRP274B),bridge,N2,Bridge end,9942,9942
2190,Bridge start (LRP274C),bridge,N2,Bridge start,9942,9942
2191,Bridge end (LRP274D),bridge,N2,Bridge end,9942,9942
2201,Jaflong 10 km (LRP278),link,N2,Jaflong 10 km,9942,9942
2203,Jaflong 8 km (LRP280),link,N2,Jaflong 8 km,9942,9942
2204,Bridge start (LRP280A),bridge,N2,Bridge start,9942,9942
2205,Bridge end (LRP280B),bridge,N2,Bridge end,9942,9942
2206,Tamabil 3 km (LRP281),link,N2,Tamabil 3 km,9942,9942
2207,Bridge start (LRP281A),bridge,N2,Bridge start,9942,9942
2209,Jaflong 6 km (LRP282),link,N2,Jaflong 6 km,9942,9942
2210,Km post missing (LRP283),link,N2,Km post missing,9942,9942
2214,Jaflong 3 km (LRP285),link,N2,Jaflong 3 km,9942,9942
2215,Box culvert (LRP285A),bridge,N2,Box culvert,9942,9942
2124,Box culvert (LRP249A),bridge,N2,Box culvert,9941,9941
2125,Jaflong 38 km (LRP250),link,N2,Jaflong 38 km,9941,9941
2129,Km post missing (LRP252),link,N2,Km post missing,9941,9941
2130,Bridge start (LRP252A),bridge,N2,Bridge start,9941,9941
2131,Bridge end (LRP252B),bridge,N2,Bridge end,9941,9941
2146,Tamabil 25 km (LRP259),link,N2,Tamabil 25 km,9941,9941
2153,Box culvert (LRP262A),bridge,N2,Box culvert,9941,9941
2192,Bridge start (LRP274E),bridge,N2,Bridge start,9941,9941
2193,Bridge end (LRP274F),bridge,N2,Bridge end,9941,9941
2194,Tamabil 9 km (LRP275),link,N2,Tamabil 9 km,9941,9941
2196,Bridge end (LRP275B),bridge,N2,Bridge end,9941,9941
2200,Tamabil 7 km (LRP277),link,N2,Tamabil 7 km,9941,9941
2211,Jaflong 4 km (LRP284),link,N2,Jaflong 4 km,9941,9941
2212,Box culvert (LRP284A),bridge,N2,Box culvert,9941,9941
2216,Box culvert (LRP285B),bridge,N2,Box culvert,9941,9941
2217,Km post broken (LRP286),link,N2,Km post broken,9941,9941
2218,Box culvert (LRP286A),bridge,N2,Box culvert,9941,9941
2137,Bridge start (LRP255A),bridge,N2,Bridge start,9940,9940
2138,Bridge end (LRP255B),bridge,N2,Bridge end,9940,9940
2139,Tamabil 28 km (LRP256),link,N2,Tamabil 28 km,9940,9940
2140,Jaflong 31 km (LRP257),link,N2,Jaflong 31 km,9940,9940
2142,Bridge end (LRP257B),bridge,N2,Bridge end,9940,9940
2144,Bridge start (LRP258A),bridge,N2,Bridge start,9940,9940
2145,Bridge end (LRP258B),bridge,N2,Bridge end,9940,9940
2147,Jaflong 28 km (LRP260),link,N2,Jaflong 28 km,9940,9940
2150,Box culvert (LRP261A),bridge,N2,Box culvert,9940,9940
2151,Box culvert (LRP261B),bridge,N2,Box culvert,9940,9940
2152,Km post missing (LRP262),link,N2,Km post missing,9940,9940
2154,Jaflong 25 km (LRP263),link,N2,Jaflong 25 km,9940,9940
2155,Road to Kanaighat (Z2011) (LRP263A),link,N2,Road to Kanaighat (Z2011),9940,9940
2156,Bridge start (LRP263B),bridge,N2,Bridge start,9940,9940
2195,Bridge start (LRP275A),bridge,N2,Bridge start,9940,9940
2197,Jaflong 12 km (LRP276),link,N2,Jaflong 12 km,9940,9940
2198,Bridge start (LRP276A),bridge,N2,Bridge start,9940,9940
2199,Bridge end (LRP276B),bridge,N2,Bridge end,9940,9940
2213,Box culvert (LRP284B),bridge,N2,Box culvert,9940,9940
2219,Box culvert (LRP286B),bridge,N2,Box culvert,9940,9940
2220,Jaflong 1  km (LRP287),link,N2,Jaflong 1  km,9940,9940
2221,Bridge start (LRP287A),bridge,N2,Bridge start,9940,9940
2222,Bridge end (LRP287B),bridge,N2,Bridge end,9940,9940
2223,Box culvert (LRP287C),bridge,N2,Box culvert,9940,9940
2141,Bridge start (LRP257A),bridge,N2,Bridge start,9939,9939
2148,Box culvert (LRP260A),bridge,N2,Box culvert,9939,9939
3124,Box culvert (LRP001A),bridge,N105,Box culvert,9360,9360
3126,Box culvert (LRP002A),bridge,N105,Box culvert,9360,9360
3127,"Bangabandhu bridge 127 km,Mymensingh 130 km (LRP003)",bridge,N105,"Bangabandhu bridge 127 km,Mymensingh 130 km",9360,9360
3123,Km post missing (LRP001),link,N105,Km post missing,9359,9359
3125,"Bangabandhu Bridge 128 km,Mymensingh 132 km (LRP002)",bridge,N105,"Bangabandhu Bridge 128 km,Mymensingh 132 km",9359,9359
3128,Box culvert (LRP003A),bridge,N105,Box culvert,9359,9359
3129,"Bangabandhu bridge 126 km,Mymensingh 129 km,Gazipur 45 km (LRP004)",bridge,N105,"Bangabandhu bridge 126 km,Mymensingh 129 km,Gazipur 45 km",9359,9359
3130,Tanaki Road (LRP004A),link,N105,Tanaki Road,9359,9359
3131,"Bangabandhu bridge 125 km,Mymensingh 128 km,Gazipur 44 km (LRP005)",bridge,N105,"Bangabandhu bridge 125 km,Mymensingh 128 km,Gazipur 44 km",9357,9357
3137,"Bangabondhu Bridge-123 km,Mymanshingh -126 km, Gazipur 42 km (LRP007)",bridge,N105,"Bangabondhu Bridge-123 km,Mymanshingh -126 km, Gazipur 42 km",9357,9357
3141,"Bangabondhu Bridge- 122 km, Mymensingh- 125 km, Gazipur 41km (LRP008)",bridge,N105,"Bangabondhu Bridge- 122 km, Mymensingh- 125 km, Gazipur 41km",9357,9357
3132,Box culvert (LRP005A),bridge,N105,Box culvert,9356,9356
3133,"Bangabandhu bridge 124 km,Gazipur 43 km,Mymensingh 127 km (LRP006)",bridge,N105,"Bangabandhu bridge 124 km,Gazipur 43 km,Mymensingh 127 km",9356,9356
3134,Box culvert (LRP006A),bridge,N105,Box culvert,9356,9356
3135,"R114, Nayapur- Raipura Road (LRP006B)",link,N105,"R114, Nayapur- Raipura Road",9356,9356
3136,Box Culvert (LRP006C),bridge,N105,Box Culvert,9356,9356
3138,"Z1090, Majerchar -Kayetpara Road (LRP007A)",link,N105,"Z1090, Majerchar -Kayetpara Road",9356,9356
3139,Bridge Start (LRP007B),bridge,N105,Bridge Start,9356,9356
3140,Bridge end (LRP007C),bridge,N105,Bridge end,9356,9356
3142,"Bangabondhu Bridge 121km, Mymensingh- 124 km, Gazipur 40 km (LRP009)",bridge,N105,"Bangabondhu Bridge 121km, Mymensingh- 124 km, Gazipur 40 km",9355,9355
3143,Box Culvert (LRP009A),bridge,N105,Box Culvert,9355,9355
3144,Bridge Start (LRP009B),bridge,N105,Bridge Start,9355,9355
3145,Bridge end (LRP009C),bridge,N105,Bridge end,9355,9355
3146,"Bangabondhu Bridge- 120 km, Mymensingh- 123 km, Gazipur 39 km (LRP010)",bridge,N105,"Bangabondhu Bridge- 120 km, Mymensingh- 123 km, Gazipur 39 km",9355,9355
3147,Box Culvert (LRP010A),bridge,N105,Box Culvert,9355,9355
3148,Bridge Start (LRP010B),bridge,N105,Bridge Start,9355,9355
3149,Bridge end (LRP010C),bridge,N105,Bridge end,9355,9355
3150,Information  missing (LRP011),link,N105,Information  missing,9355,9355
3151,"Bangabondhu Bridge 118 km, Mymenshingh 151 km, Gazipur 37 km (LRP012)",bridge,N105,"Bangabondhu Bridge 118 km, Mymenshingh 151 km, Gazipur 37 km",9354,9354
3152,N2 Dhaka-Sylhet -Jaflong Road (LRP012A),link,N105,N2 Dhaka-Sylhet -Jaflong Road,9354,9354
2622,Start of Bridge (LRP067B),bridge,N102,Start of Bridge,6081,6081
2479,Box Culvert (LRP021B),bridge,N102,Box Culvert,6060,6060
2489,Infor.missing (LRP025),link,N102,Infor.missing,6060,6060
2490,Road to Madhaya (LRP025A),link,N102,Road to Madhaya,6060,6060
2477,B Baria 51 km Sylhet229 km (LRP021),link,N102,B Baria 51 km Sylhet229 km,6059,6059
2478,Box Culvert (LRP021A),bridge,N102,Box Culvert,6059,6059
2480,B Baria 50 km (LRP022),link,N102,B Baria 50 km,6059,6059
2481,Box Culvert (LRP022A),bridge,N102,Box Culvert,6059,6059
2482,B Baria 49 km Sylhet 227 km (LRP023),link,N102,B Baria 49 km Sylhet 227 km,6059,6059
2483,Bridge start (LRP023A),bridge,N102,Bridge start,6059,6059
2484,Bridge End (LRP023B),bridge,N102,Bridge End,6059,6059
2486,"Side Road, Left Z1017 to Madhaya (LRP024A)",link,N102,"Side Road, Left Z1017 to Madhaya",6059,6059
2487,Bridge start (LRP024B),bridge,N102,Bridge start,6059,6059
2488,Bridge End (LRP024C),bridge,N102,Bridge End,6059,6059
2491,Box Culvert (LRP025B),bridge,N102,Box Culvert,6059,6059
2492,B Baria 46 km Sylhet 224 km (LRP026),link,N102,B Baria 46 km Sylhet 224 km,6059,6059
2485,B Baria 48 km Sylhet 226 km (LRP024),link,N102,B Baria 48 km Sylhet 226 km,6058,6058
2493,Box Culvert (LRP026A),bridge,N102,Box Culvert,6058,6058
2503,Bridge End (LRP029C),bridge,N102,Bridge End,6058,6058
2504,Box Culvert (LRP029D),bridge,N102,Box Culvert,6058,6058
2505,BBaria 42 Sylhet 220 km (LRP030),link,N102,BBaria 42 Sylhet 220 km,6058,6058
2510,Box Culvert (LRP031B),bridge,N102,Box Culvert,6058,6058
2473,Box Culvert (LRP019A),bridge,N102,Box Culvert,6057,6057
2474,Box Culvert (LRP019B),bridge,N102,Box Culvert,6057,6057
2475,Infor.missing (LRP020),link,N102,Infor.missing,6057,6057
2476,"Side Road, Left to Chandina Z 1008 (LRP020A)",link,N102,"Side Road, Left to Chandina Z 1008",6057,6057
2494,BBaria 45 km Sylhet 223 km (LRP027),link,N102,BBaria 45 km Sylhet 223 km,6057,6057
2500,BBaria 43 km Sylhet 221 km (LRP029),link,N102,BBaria 43 km Sylhet 221 km,6057,6057
2501,Box Culvert (LRP029A),bridge,N102,Box Culvert,6057,6057
2502,Bridge start (LRP029B),bridge,N102,Bridge start,6057,6057
2506,Bridge start (LRP030A),bridge,N102,Bridge start,6057,6057
2507,Bridge End (LRP030B),bridge,N102,Bridge End,6057,6057
2508,BBaria 41 Sylhet 219 km (LRP031),link,N102,BBaria 41 Sylhet 219 km,6057,6057
2509,Box Culvert (LRP031A),bridge,N102,Box Culvert,6057,6057
2511,Bridge start (LRP031C),bridge,N102,Bridge start,6057,6057
2512,Bridge End (LRP031D),bridge,N102,Bridge End,6057,6057
2513,BBaria 40 km Sylhet 218 km (LRP032),link,N102,BBaria 40 km Sylhet 218 km,6057,6057
2462,B Baria 60 km Sylhet 238 km (LRP012),link,N102,B Baria 60 km Sylhet 238 km,6056,6056
2467,B Baria56 km Sylhet234 km (LRP016),link,N102,B Baria56 km Sylhet234 km,6056,6056
2468,"B Baria 55 km, Sylhet 233 km (LRP017)",link,N102,"B Baria 55 km, Sylhet 233 km",6056,6056
2469,Box Culvert (LRP017A),bridge,N102,Box Culvert,6056,6056
2470,B Baria 54 km Sylhet 232 km (LRP018),link,N102,B Baria 54 km Sylhet 232 km,6056,6056
2471,Box Culvert (LRP018A),bridge,N102,Box Culvert,6056,6056
2472,Km post missing (LRP019),link,N102,Km post missing,6056,6056
2495,Box Culvert (LRP027A),bridge,N102,Box Culvert,6056,6056
2496,BBaria 44 km Sylhet 223 km (LRP028),link,N102,BBaria 44 km Sylhet 223 km,6056,6056
2497,Bridge start (LRP028A),bridge,N102,Bridge start,6056,6056
2498,Bridge End (LRP028B),bridge,N102,Bridge End,6056,6056
2499,Box Culvert (LRP028C),bridge,N102,Box Culvert,6056,6056
2514,Box Culvert (LRP032A),bridge,N102,Box Culvert,6056,6056
2515,BBaria 39 km Sylhet 217 km (LRP033),link,N102,BBaria 39 km Sylhet 217 km,6056,6056
2519,Bridge End (LRP033D),bridge,N102,Bridge End,6056,6056
2520,BBaria 38 km (LRP034),link,N102,BBaria 38 km,6056,6056
2521,Box Culvert (LRP034A),bridge,N102,Box Culvert,6056,6056
2590,Km post missing (LRP056),link,N102,Km post missing,6056,6056
2591,Z1202 Road to Akhoura (LRP056A),link,N102,Z1202 Road to Akhoura,6056,6056
2592,Bridge start (LRP056B),bridge,N102,Bridge start,6056,6056
2593,Bridge End (LRP056C),bridge,N102,Bridge End,6056,6056
2594,Km post missing (LRP057),link,N102,Km post missing,6056,6056
2595,Km post missing (LRP058),link,N102,Km post missing,6056,6056
2596,Bridge start (LRP058A),bridge,N102,Bridge start,6056,6056
2597,Bridge End (LRP058B),bridge,N102,Bridge End,6056,6056
2463,B Baria 59 km Sylhet 237 km (LRP013),link,N102,B Baria 59 km Sylhet 237 km,6055,6055
2464,BBaria 58 km Sylhet 236 km (LRP014),link,N102,BBaria 58 km Sylhet 236 km,6055,6055
2465,B Baria 57 km Sylhet235 km (LRP015),link,N102,B Baria 57 km Sylhet235 km,6055,6055
2466,Box Culvert (LRP015A),bridge,N102,Box Culvert,6055,6055
2516,Bridge start (LRP033A),bridge,N102,Bridge start,6055,6055
2517,Bridge End (LRP033B),bridge,N102,Bridge End,6055,6055
2518,Bridge start (LRP033C),bridge,N102,Bridge start,6055,6055
2524,Bridge start (LRP035A),bridge,N102,Bridge start,6055,6055
2525,Bridge end (LRP035B),bridge,N102,Bridge end,6055,6055
2526,Bridge start (LRP035C),bridge,N102,Bridge start,6055,6055
2527,Bridge end (LRP035D),bridge,N102,Bridge end,6055,6055
2528,BBara 36 Sylhet 214 km (LRP036),link,N102,BBara 36 Sylhet 214 km,6055,6055
2568,Bbaria 24 Sylhet 202 km (LRP048),link,N102,Bbaria 24 Sylhet 202 km,6055,6055
2569,Box Culvert (LRP048A),bridge,N102,Box Culvert,6055,6055
2570,Km post missing (LRP049),link,N102,Km post missing,6055,6055
2571,Bridge start (LRP049A),bridge,N102,Bridge start,6055,6055
2572,Bridge End (LRP049B),bridge,N102,Bridge End,6055,6055
2577,Km post missing (LRP051),link,N102,Km post missing,6055,6055
2581,Bridge End (LRP052B),bridge,N102,Bridge End,6055,6055
2582,Km post missing (LRP053),link,N102,Km post missing,6055,6055
2583,Bridge start (LRP053A),bridge,N102,Bridge start,6055,6055
2584,Bridge end (LRP053B),bridge,N102,Bridge end,6055,6055
2588,Bridge End (LRP055B),bridge,N102,Bridge End,6055,6055
2589,Box Culvert (LRP055C),bridge,N102,Box Culvert,6055,6055
2598,Km post missing (LRP059),link,N102,Km post missing,6055,6055
2599,Box Culvert (LRP059A),bridge,N102,Box Culvert,6055,6055
2602,Km post missing / Bridge start (LRP060),bridge,N102,Km post missing / Bridge start,6055,6055
2448,Km post missing (LRP005),link,N102,Km post missing,6054,6054
2449,B Baria 66 km Sylhet 244 km (LRP006),link,N102,B Baria 66 km Sylhet 244 km,6054,6054
2459,"B Baria 61 km, Sylhet 239 km (LRP011)",link,N102,"B Baria 61 km, Sylhet 239 km",6054,6054
2460,Box Culvert (LRP011A),bridge,N102,Box Culvert,6054,6054
2461,Box Culvert (LRP011B),bridge,N102,Box Culvert,6054,6054
2522,Box Culvert (LRP034B),bridge,N102,Box Culvert,6054,6054
2523,BBaria 37 km Sylhet 215 km (LRP035),link,N102,BBaria 37 km Sylhet 215 km,6054,6054
2552,Km post missing (LRP043),link,N102,Km post missing,6054,6054
2563,BBaria 26 km Sylhet 204 (LRP046),link,N102,BBaria 26 km Sylhet 204,6054,6054
2564,Bridge start (LRP046A),bridge,N102,Bridge start,6054,6054
2565,Bridge End (LRP046B),bridge,N102,Bridge End,6054,6054
2566,BBaria 25 Sylhet 203 km (LRP047),link,N102,BBaria 25 Sylhet 203 km,6054,6054
2567,Box Culvert (LRP047A),bridge,N102,Box Culvert,6054,6054
2573,Km post missing (LRP050),link,N102,Km post missing,6054,6054
2574,Box Culvert (LRP050A),bridge,N102,Box Culvert,6054,6054
2575,Bridge start (LRP050B),bridge,N102,Bridge start,6054,6054
2576,Bridge End (LRP050C),bridge,N102,Bridge End,6054,6054
2578,Box Culvert (LRP051A),bridge,N102,Box Culvert,6054,6054
2579,Km post missing (LRP052),link,N102,Km post missing,6054,6054
2580,Bridge start (LRP052A),bridge,N102,Bridge start,6054,6054
2585,Bbaria 18 km Sylhet 196 km (LRP054),link,N102,Bbaria 18 km Sylhet 196 km,6054,6054
2586,Bbaria 17 km Sylhet 195 km (LRP055),link,N102,Bbaria 17 km Sylhet 195 km,6054,6054
2587,Bridge start (LRP055A),bridge,N102,Bridge start,6054,6054
2600,Bridge start (LRP059B),bridge,N102,Bridge start,6054,6054
2601,Bridge End (LRP059C),bridge,N102,Bridge End,6054,6054
2603,Bridge End (LRP060B),bridge,N102,Bridge End,6054,6054
2604,Km post missing (LRP061),link,N102,Km post missing,6054,6054
2605,BBaria 10 km Sylhet 188 km (LRP062),link,N102,BBaria 10 km Sylhet 188 km,6054,6054
2606,Z1216 to Akhaowera (LRP062A),link,N102,Z1216 to Akhaowera,6054,6054
2607,Box Culvert (LRP062B),bridge,N102,Box Culvert,6054,6054
2438,Box Culvert (LRPSA),bridge,N102,Box Culvert,6053,6053
2440,Km post missing (LRP001),link,N102,Km post missing,6053,6053
2444,Box Culvert (LRP002C),bridge,N102,Box Culvert,6053,6053
2455,B Baria 63 km Sylhet 241 km (LRP009),link,N102,B Baria 63 km Sylhet 241 km,6053,6053
2456,Box Culvert (LRP009A),bridge,N102,Box Culvert,6053,6053
2457,Km post missing (LRP010),link,N102,Km post missing,6053,6053
2458,Z 1219 Left Nimsar Right    Burichang (LRP010A),link,N102,Z 1219 Left Nimsar Right    Burichang,6053,6053
2529,Box Culvert (LRP036A),bridge,N102,Box Culvert,6053,6053
2530,Bridge start (LRP036B),bridge,N102,Bridge start,6053,6053
2531,Bridge End (LRP036C),bridge,N102,Bridge End,6053,6053
2532,Bridge start (LRP036D),bridge,N102,Bridge start,6053,6053
2533,Bridge End (LRP036E),bridge,N102,Bridge End,6053,6053
2534,"B.Bara 35 km, Sylhet 213 km (LRP037)",link,N102,"B.Bara 35 km, Sylhet 213 km",6053,6053
2535,Bridge start (LRP037A),bridge,N102,Bridge start,6053,6053
2536,Bridge End (LRP037B),bridge,N102,Bridge End,6053,6053
2553,Culvert under Constriction (LRP043A),bridge,N102,Culvert under Constriction,6053,6053
2554,Divission Road (LRP043B),bridge,N102,Divission Road,6053,6053
2555,Z1201 (LRP043C),link,N102,Z1201,6053,6053
2556,Km post missing (LRP044),link,N102,Km post missing,6053,6053
2557,Bridge start (LRP044A),bridge,N102,Bridge start,6053,6053
2558,Bridge End (LRP044B),bridge,N102,Bridge End,6053,6053
2559,Bridge start (LRP044C),bridge,N102,Bridge start,6053,6053
2560,Bridge End (LRP044D),bridge,N102,Bridge End,6053,6053
2561,Km post missing (LRP045),link,N102,Km post missing,6053,6053
2562,Box Culvert (LRP045A),bridge,N102,Box Culvert,6053,6053
2645,Madhebpur 27 km sylhet 174 (LRP078),link,N102,Madhebpur 27 km sylhet 174,6053,6053
2439,Box Culvert (LRPSB),bridge,N102,Box Culvert,6052,6052
2441,B Baria 68 km Sylhet 248 km (LRP002),link,N102,B Baria 68 km Sylhet 248 km,6052,6052
2442,Box Culvert (LRP002A),bridge,N102,Box Culvert,6052,6052
2443,Box Culvert (LRP002B),bridge,N102,Box Culvert,6052,6052
2445,Km post missing (LRP003),link,N102,Km post missing,6052,6052
2446,Km post missing (LRP004),link,N102,Km post missing,6052,6052
2447,Box Culvert (LRP004A),bridge,N102,Box Culvert,6052,6052
2537,Box Culvert (LRP037C),bridge,N102,Box Culvert,6052,6052
2538,BBaria34 km Sylhet212 km (LRP038),link,N102,BBaria34 km Sylhet212 km,6052,6052
2539,Road to Bancharampura(Z1041) (LRP038A),link,N102,Road to Bancharampura(Z1041),6052,6052
2540,Bridge start (LRP038B),bridge,N102,Bridge start,6052,6052
2541,Bridge End (LRP038C),bridge,N102,Bridge End,6052,6052
2542,Box Culvert (LRP038D),bridge,N102,Box Culvert,6052,6052
2543,BBaria 33 km Sylhet 211 km (LRP039),link,N102,BBaria 33 km Sylhet 211 km,6052,6052
2544,Bridge start (LRP039A),bridge,N102,Bridge start,6052,6052
2545,Bridge End (LRP039B),bridge,N102,Bridge End,6052,6052
2546,BBaria 32 km Sylhet 210 km (LRP040),link,N102,BBaria 32 km Sylhet 210 km,6052,6052
2551,BBaria 30 km Sylhet208 km (LRP042),link,N102,BBaria 30 km Sylhet208 km,6052,6052
2608,Box Culvert (LRP062C),bridge,N102,Box Culvert,6052,6052
2609,BBaria 9 Sylhet 187 km (LRP063),link,N102,BBaria 9 Sylhet 187 km,6052,6052
2610,Bridge start (LRP063A),bridge,N102,Bridge start,6052,6052
2611,Bridge End (LRP063B),bridge,N102,Bridge End,6052,6052
2612,B Baria 8 km Sylhet 186 km (LRP064),link,N102,B Baria 8 km Sylhet 186 km,6052,6052
2613,R203 on left to Nabinagar (LRP064A),link,N102,R203 on left to Nabinagar,6052,6052
2614,Bridge start (LRP064B),bridge,N102,Bridge start,6052,6052
2615,Bridge End (LRP064C),bridge,N102,Bridge End,6052,6052
2616,Km post missing (LRP065),link,N102,Km post missing,6052,6052
2642,Madheppur 28 km Sylhet 175 km (LRP077),link,N102,Madheppur 28 km Sylhet 175 km,6052,6052
2644,Bridge End (LRP077B),bridge,N102,Bridge End,6052,6052
2450,"B. Bari 65 km, Sylhet 243 km (LRP007)",link,N102,"B. Bari 65 km, Sylhet 243 km",6051,6051
2451,Box Culvert (LRP007A),bridge,N102,Box Culvert,6051,6051
2452,B Baria 64 km Sylhet 242 km (LRP008),link,N102,B Baria 64 km Sylhet 242 km,6051,6051
2453,Bridge start (LRP008A),bridge,N102,Bridge start,6051,6051
2454,Bridge End (LRP008B),bridge,N102,Bridge End,6051,6051
2547,Start road Division B. Baria / Start road Division B. Baria (LRP040A),link,N102,Start road Division B. Baria / Start road Division B. Baria,6051,6051
2548,Bridge start / Bridge End (LRP040B),bridge,N102,Bridge start / Bridge End,6051,6051
2549,Km post missing (LRP041),link,N102,Km post missing,6051,6051
2550,Box Culvert (LRP041A),bridge,N102,Box Culvert,6051,6051
2617,Box Culvert (LRP065A),bridge,N102,Box Culvert,6051,6051
2639,Km post missing (LRP075),link,N102,Km post missing,6051,6051
2643,Bridge Start (LRP077A),bridge,N102,Bridge Start,6051,6051
2646,Box Culvert (LRP078A),bridge,N102,Box Culvert,6051,6051
2647,Box Culvert (LRP078B),bridge,N102,Box Culvert,6051,6051
2618,BBaria 6 km (LRP066),link,N102,BBaria 6 km,6050,6050
2619,Box Culvert (LRP066A),bridge,N102,Box Culvert,6050,6050
2620,BBaria5 Sylhet 183 km (LRP067),link,N102,BBaria5 Sylhet 183 km,6050,6050
2621,Box Culvert (LRP067A),bridge,N102,Box Culvert,6050,6050
2631,Km post missing (LRP071),link,N102,Km post missing,6050,6050
2636,Bridge End (LRP073B),bridge,N102,Bridge End,6050,6050
2637,Km post missing (LRP074),link,N102,Km post missing,6050,6050
2638,Z1210 to Lalpur (LRP074A),link,N102,Z1210 to Lalpur,6050,6050
2640,Km post missing (LRP076),link,N102,Km post missing,6050,6050
2641,N 103 on Right (LRP076A),link,N102,N 103 on Right,6050,6050
2632,Km post missing (LRP072),link,N102,Km post missing,6049,6049
2633,Rail Road Crossing (LRP072A),link,N102,Rail Road Crossing,6049,6049
2634,Km post missing (LRP073),link,N102,Km post missing,6049,6049
2635,Bridge Start (LRP073A),bridge,N102,Bridge Start,6049,6049
2648,Km post missing (LRP079),link,N102,Km post missing,6049,6049
2649,Box Culvert (LRP079A),bridge,N102,Box Culvert,6049,6049
2650,Post Convened with Send (LRP080),link,N102,Post Convened with Send,6049,6049
2651,Box Culvert (LRP080A),bridge,N102,Box Culvert,6049,6049
2653,Madhebpur 23 km Sylhet170 km (LRP082),link,N102,Madhebpur 23 km Sylhet170 km,6049,6049
2623,Km post missing (LRP068),link,N102,Km post missing,6048,6048
2624,End of Bridge (LRP068A),bridge,N102,End of Bridge,6048,6048
2625,Bbaria 3 Sylhet 181 km (LRP069),link,N102,Bbaria 3 Sylhet 181 km,6048,6048
2626,Box Culvert (LRP069A),bridge,N102,Box Culvert,6048,6048
2627,BBaria 2 Sylhet180 km (LRP070),link,N102,BBaria 2 Sylhet180 km,6048,6048
2628,Bridge start (LRP070A),bridge,N102,Bridge start,6048,6048
2629,Bridge End (LRP070B),bridge,N102,Bridge End,6048,6048
2630,N103 on Right (LRP070C),link,N102,N103 on Right,6048,6048
2652,Km post missing (LRP081),link,N102,Km post missing,6048,6048
2654,Box Culvert (LRP082A),bridge,N102,Box Culvert,6048,6048
3104,Box Culvert (LRP044E),bridge,N104,Box Culvert,5861,5861
3105,"Z-1452,Link Section end (Maijdee Station road) (LRP044F)",link,N104,"Z-1452,Link Section end (Maijdee Station road)",5861,5861
3106,Km post missing (LRP045),link,N104,Km post missing,5861,5861
3107,"Z-1452,Maijdee Station road / Road to Dadpur,Z-1429 (LRP045A)",link,N104,"Z-1452,Maijdee Station road / Road to Dadpur,Z-1429",5861,5861
3108,Box culvert (LRP045C),bridge,N104,Box culvert,5861,5861
3109,Box Culvert (LRP045D),bridge,N104,Box Culvert,5861,5861
3110,"Sonapur 4 km, Bagumganj 10 km, Maijdee 1 km (LRP046)",link,N104,"Sonapur 4 km, Bagumganj 10 km, Maijdee 1 km",5861,5861
3089,"Maijdee 5 km,Sonapur 10 km (LRP040)",link,N104,"Maijdee 5 km,Sonapur 10 km",5860,5860
3090,Box culvert (LRP040A),bridge,N104,Box culvert,5860,5860
3091,"Maijdee 4 km,Sonapur 9 km (LRP041)",link,N104,"Maijdee 4 km,Sonapur 9 km",5860,5860
3096,Road to Right R-143 (LRP043B),link,N104,Road to Right R-143,5860,5860
3097,Bridge start (LRP043C),bridge,N104,Bridge start,5860,5860
3098,Bridge end (LRP043D),bridge,N104,Bridge end,5860,5860
3099,"Maijdee 1 km,Sonapur 6 km (LRP044)",link,N104,"Maijdee 1 km,Sonapur 6 km",5860,5860
3100,Box Culvert (LRP044A),bridge,N104,Box Culvert,5860,5860
3101,Box Culvert (LRP044B),bridge,N104,Box Culvert,5860,5860
3102,Bridge start (LRP044C),bridge,N104,Bridge start,5860,5860
3103,Bridge end (LRP044D),bridge,N104,Bridge end,5860,5860
3112,"Sonapur 3 km,Begumganj 11 km (LRP047)",link,N104,"Sonapur 3 km,Begumganj 11 km",5860,5860
3083,Box culvert (LRP037B),bridge,N104,Box culvert,5859,5859
3084,Km post missing (LRP038),link,N104,Km post missing,5859,5859
3085,Bridge start (LRP038A),bridge,N104,Bridge start,5859,5859
3086,Bridge end (LRP038B),bridge,N104,Bridge end,5859,5859
3087,"Maijdee 6 km,Sonapur 11 km (LRP039)",link,N104,"Maijdee 6 km,Sonapur 11 km",5859,5859
3088,Box culvert (LRP039A),bridge,N104,Box culvert,5859,5859
3092,Box culvert (LRP041A),bridge,N104,Box culvert,5859,5859
3093,"Maijdee 3 km,Sonapur 8 km (LRP042)",link,N104,"Maijdee 3 km,Sonapur 8 km",5859,5859
3111,Box culvert (LRP046A),bridge,N104,Box culvert,5859,5859
3113,"Sonapur 2 km,Begumganj 12 km,Maijdee 3 km (LRP048)",link,N104,"Sonapur 2 km,Begumganj 12 km,Maijdee 3 km",5859,5859
3114,Bridge start (LRP048A),bridge,N104,Bridge start,5859,5859
3115,Bridge end (LRP048B),bridge,N104,Bridge end,5859,5859
3116,Box culvert (LRP048C),bridge,N104,Box culvert,5859,5859
3057,"Begumganj 8 km,Maijdee 16 km(Wrong Writting) (LRP028)",link,N104,"Begumganj 8 km,Maijdee 16 km(Wrong Writting)",5858,5858
3081,Km post missing (LRP037),link,N104,Km post missing,5858,5858
3082,Box culvert (LRP037A),bridge,N104,Box culvert,5858,5858
3094,Km post missing (LRP043),link,N104,Km post missing,5858,5858
3095,Box Culvert (LRP043A),bridge,N104,Box Culvert,5858,5858
3044,"Begumganj 14 km,Maijdee 24 km (LRP022)",link,N104,"Begumganj 14 km,Maijdee 24 km",5857,5857
3045,Bridge start (LRP022A),bridge,N104,Bridge start,5857,5857
3046,Bridge end (LRP022B),bridge,N104,Bridge end,5857,5857
3047,"Begumganj 13 km,Maijdee 23 km (LRP023)",link,N104,"Begumganj 13 km,Maijdee 23 km",5857,5857
3053,Box culvert (LRP025A),bridge,N104,Box culvert,5857,5857
3054,"Begumganj 10 km,Maijdee 18 km(Wrong Writting) (LRP026)",link,N104,"Begumganj 10 km,Maijdee 18 km(Wrong Writting)",5857,5857
3055,"Begumganj 9 km,Maijdee 17 km(Wrong Writting) (LRP027)",link,N104,"Begumganj 9 km,Maijdee 17 km(Wrong Writting)",5857,5857
3056,Slab culvert (LRP027A),bridge,N104,Slab culvert,5857,5857
3058,2 V-Box culvert (LRP028A),bridge,N104,2 V-Box culvert,5857,5857
3059,"Begumganj 7 km,Maijdee 17 km (LRP029)",link,N104,"Begumganj 7 km,Maijdee 17 km",5857,5857
3060,"Begumganj 6 km,Maijdee 16 km (LRP030)",link,N104,"Begumganj 6 km,Maijdee 16 km",5857,5857
3061,Box culvert (LRP030A),bridge,N104,Box culvert,5857,5857
3062,"Begumganj 5 km,Maijdee 13 km (LRP031)",link,N104,"Begumganj 5 km,Maijdee 13 km",5857,5857
3117,Sonapur 1 km (LRP049),link,N104,Sonapur 1 km,5857,5857
3118,Box culvert (LRP049A),bridge,N104,Box culvert,5857,5857
3003,Km post missing (LRP002),link,N104,Km post missing,5856,5856
3005,"Begumgonj 33 km,Maijdee 43 km (LRP003)",link,N104,"Begumgonj 33 km,Maijdee 43 km",5856,5856
3041,Infor.missing (LRP020),link,N104,Infor.missing,5856,5856
3043,Box culvert (LRP021A),bridge,N104,Box culvert,5856,5856
3048,Road to Chanderhat (Z1416) (LRP023A),link,N104,Road to Chanderhat (Z1416),5856,5856
3049,Box culvert (LRP023B),bridge,N104,Box culvert,5856,5856
3050,Road to Senbagh Z-1421 (LRP023C),link,N104,Road to Senbagh Z-1421,5856,5856
3051,"Begumganj 12 km,Maijdee 20 km (LRP024)",link,N104,"Begumganj 12 km,Maijdee 20 km",5856,5856
3052,"Begumganj 11 km,Maijdee 21 km (LRP025)",link,N104,"Begumganj 11 km,Maijdee 21 km",5856,5856
3063,Slab culvert (LRP031A),bridge,N104,Slab culvert,5856,5856
3064,"Begumganj 4 km,Maijdee 12 km (LRP032)",link,N104,"Begumganj 4 km,Maijdee 12 km",5856,5856
3065,Box culvert (LRP032A),bridge,N104,Box culvert,5856,5856
3066,Km post missing (LRP033),link,N104,Km post missing,5856,5856
3067,Km post missing (LRP034),link,N104,Km post missing,5856,5856
3073,Rail road crossing (LRP034F),link,N104,Rail road crossing,5856,5856
3074,Km post missing (LRP035),link,N104,Km post missing,5856,5856
3075,Bridge start (LRP035A),bridge,N104,Bridge start,5856,5856
3076,Bridge end (LRP035B),bridge,N104,Bridge end,5856,5856
3077,Km post missing (LRP036),link,N104,Km post missing,5856,5856
3078,"Road to Sonaimuri (R142),Begumganj More (LRP036A)",link,N104,"Road to Sonaimuri (R142),Begumganj More",5856,5856
3079,Road to Lakshmipur (R140) (LRP036B),link,N104,Road to Lakshmipur (R140),5856,5856
3080,Box culvert (LRP036C),bridge,N104,Box culvert,5856,5856
3119,Box culvert (LRP049B),bridge,N104,Box culvert,5856,5856
3120,Sonapur Link Road Z-1440 (LRP049C),link,N104,Sonapur Link Road Z-1440,5856,5856
3006,"Begumgonj 32 km,Maijdee 42 km (LRP004)",link,N104,"Begumgonj 32 km,Maijdee 42 km",5855,5855
3007,Road to Gazirhat (Z1444) (LRP004A),link,N104,Road to Gazirhat (Z1444),5855,5855
3008,Box culvert (LRP004B),bridge,N104,Box culvert,5855,5855
3009,"Begumgonj 31 km,Maijdee 41 km (LRP005)",link,N104,"Begumgonj 31 km,Maijdee 41 km",5855,5855
3040,Km post missing (LRP019),link,N104,Km post missing,5855,5855
3068,Z-1450 road end (LRP034A),link,N104,Z-1450 road end,5855,5855
3069,Bridge start (LRP034B),bridge,N104,Bridge start,5855,5855
3070,Bridge end (LRP034C),bridge,N104,Bridge end,5855,5855
3071,Z-1420 (LRP034D),link,N104,Z-1420,5855,5855
3072,"Z-1450,Road Start (LRP034E)",link,N104,"Z-1450,Road Start",5855,5855
3004,Box culvert (LRP002A),bridge,N104,Box culvert,5854,5854
3010,"Begumgonj 30 km,Maijdee 40 km (LRP006)",link,N104,"Begumgonj 30 km,Maijdee 40 km",5854,5854
3031,Box culvert (LRP015A),bridge,N104,Box culvert,5854,5854
3032,"Begumganj 20 km,Maijdee 30 km (LRP016)",link,N104,"Begumganj 20 km,Maijdee 30 km",5854,5854
3035,Box culvert (LRP017B),bridge,N104,Box culvert,5854,5854
3036,"Begumganj 18 km,Maijdee 28 km (LRP018)",link,N104,"Begumganj 18 km,Maijdee 28 km",5854,5854
3037,Box Culvert (LRP018A),bridge,N104,Box Culvert,5854,5854
3042,"Begumganj 15 km,Maijdee 25 km (LRP021)",link,N104,"Begumganj 15 km,Maijdee 25 km",5854,5854
3011,"Begumgonj 29 km,Maijdee 39 km (LRP007)",link,N104,"Begumgonj 29 km,Maijdee 39 km",5853,5853
3012,"Begumgonj 28 km,Maijdee 38 km (LRP008)",link,N104,"Begumgonj 28 km,Maijdee 38 km",5853,5853
3013,Box culvert (LRP008A),bridge,N104,Box culvert,5853,5853
3021,"Begumganj 25 km,Maijdee 35 km (LRP011)",link,N104,"Begumganj 25 km,Maijdee 35 km",5853,5853
3030,Km post missing (LRP015),link,N104,Km post missing,5853,5853
3033,"Begumganj 19 km,Maijdee 29 km (LRP017)",link,N104,"Begumganj 19 km,Maijdee 29 km",5853,5853
3034,Road to Biroli Z -1030 (LRP017A),link,N104,Road to Biroli Z -1030,5853,5853
3038,Box Culvert (LRP018B),bridge,N104,Box Culvert,5853,5853
3039,Noakhali RHD start / Noakhali RHD start (LRP018C),link,N104,Noakhali RHD start / Noakhali RHD start,5853,5853
3014,Bridge start (LRP008B),bridge,N104,Bridge start,5852,5852
3015,Bridge end (LRP008C),bridge,N104,Bridge end,5852,5852
3016,Road to Senbagh (Z1443) (LRP008D),link,N104,Road to Senbagh (Z1443),5852,5852
3022,Bridge start (LRP011A),bridge,N104,Bridge start,5852,5852
3023,Bridge end (LRP011B),bridge,N104,Bridge end,5852,5852
3024,"Begumganj 24 km,Maijdee 34 km (LRP012)",link,N104,"Begumganj 24 km,Maijdee 34 km",5852,5852
3025,"Begumganj 23 km,Maijdee 33 km (LRP013)",link,N104,"Begumganj 23 km,Maijdee 33 km",5852,5852
3026,Box culvert (LRP013A),bridge,N104,Box culvert,5852,5852
3027,"Begumganj 22 km,Maijdee 32 km (LRP014)",link,N104,"Begumganj 22 km,Maijdee 32 km",5852,5852
3028,Road to Baktermunshi (LRP014A),link,N104,Road to Baktermunshi,5852,5852
3029,Road to Companiganj Z1441 (LRP014B),link,N104,Road to Companiganj Z1441,5852,5852
3017,"Begumganj 27 km,Maijdee 37 km (LRP009)",link,N104,"Begumganj 27 km,Maijdee 37 km",5851,5851
3018,Box culvert (LRP009A),bridge,N104,Box culvert,5851,5851
3019,"Begumganj 26 km,Maijdee 36 km (LRP010)",link,N104,"Begumganj 26 km,Maijdee 36 km",5851,5851
3020,Box culvert (LRP010A),bridge,N104,Box culvert,5851,5851
3000,Box culvert (LRPSA),bridge,N104,Box culvert,5725,5725
3001,Km post missing (LRP001),link,N104,Km post missing,5724,5724
3002,Right to Comilla Left to Chittagong (LRP001A),link,N104,Right to Comilla Left to Chittagong,5724,5724
2657,Pipe culvert (LRPSA),bridge,N207,Pipe culvert,3885,3885
2658,Bridge Start (LRPSB),bridge,N207,Bridge Start,3885,3885
2659,Bridge end (LRPSC),bridge,N207,Bridge end,3885,3885
2742,Box Culvert (LRP032B),bridge,N207,Box Culvert,3885,3885
2743,Sylhet 73 km (LRP033),link,N207,Sylhet 73 km,3885,3885
2744,Box Culvert (LRP033A),bridge,N207,Box Culvert,3885,3885
2754,Box Culvert (LRP037B),bridge,N207,Box Culvert,3885,3885
2755,Box Culvert (LRP037C),bridge,N207,Box Culvert,3885,3885
2756,Sylhet 68 km (LRP038),link,N207,Sylhet 68 km,3885,3885
2761,Box Culvert (LRP039B),bridge,N207,Box Culvert,3885,3885
2762,Sylhet 66 km (LRP040),link,N207,Sylhet 66 km,3885,3885
2763,Box Culvert (LRP040A),bridge,N207,Box Culvert,3885,3885
2764,Box Culvert (LRP040B),bridge,N207,Box Culvert,3885,3885
2765,Sylhet 65 km (LRP041),link,N207,Sylhet 65 km,3885,3885
2766,Box Culvert (LRP041A),bridge,N207,Box Culvert,3885,3885
2767,Box Culvert (LRP041B),bridge,N207,Box Culvert,3885,3885
2768,Sylhet 64 km (LRP042),link,N207,Sylhet 64 km,3885,3885
2769,Box Culvert (LRP042A),bridge,N207,Box Culvert,3885,3885
2770,Sylhet 63 km (LRP043),link,N207,Sylhet 63 km,3885,3885
2660,Km post missing (LRP001),link,N207,Km post missing,3884,3884
2661,Bridge start (LRP001A),bridge,N207,Bridge start,3884,3884
2662,Bridge end (LRP001B),bridge,N207,Bridge end,3884,3884
2667,Km post missing (LRP003),link,N207,Km post missing,3884,3884
2738,Sylhet 75 km (LRP031),link,N207,Sylhet 75 km,3884,3884
2741,Box Culvert (LRP032A),bridge,N207,Box Culvert,3884,3884
2745,Box Culvert (LRP033B),bridge,N207,Box Culvert,3884,3884
2746,Sylhet 72 km (LRP034),link,N207,Sylhet 72 km,3884,3884
2747,Box Culvert (LRP034A),bridge,N207,Box Culvert,3884,3884
2750,Sylhet 70 km (LRP036),link,N207,Sylhet 70 km,3884,3884
2751,Box Culvert (LRP036A),bridge,N207,Box Culvert,3884,3884
2752,Sylhet 69 km (LRP037),link,N207,Sylhet 69 km,3884,3884
2753,Box Culvert (LRP037A),bridge,N207,Box Culvert,3884,3884
2757,Box Culvert (LRP038A),bridge,N207,Box Culvert,3884,3884
2758,Box Culvert (LRP038B),bridge,N207,Box Culvert,3884,3884
2759,Sylhet 67 km (LRP039),link,N207,Sylhet 67 km,3884,3884
2760,Box Culvert (LRP039A),bridge,N207,Box Culvert,3884,3884
2663,Km post missing (LRP002),link,N207,Km post missing,3883,3883
2664,Bridge start (LRP002A),bridge,N207,Bridge start,3883,3883
2665,Bridge end (LRP002B),bridge,N207,Bridge end,3883,3883
2666,"Z2008 ,Nutan Bazar-Chunarughar road (LRP002C)",link,N207,"Z2008 ,Nutan Bazar-Chunarughar road",3883,3883
2729,Box Culvert (LRP028B),bridge,N207,Box Culvert,3883,3883
2730,Sylhet 77 km (LRP029),link,N207,Sylhet 77 km,3883,3883
2731,Box Culvert (LRP029A),bridge,N207,Box Culvert,3883,3883
2732,Box Culvert (LRP029B),bridge,N207,Box Culvert,3883,3883
2733,Box Culvert (LRP029C),bridge,N207,Box Culvert,3883,3883
2734,Sylhet 76 km (LRP030),link,N207,Sylhet 76 km,3883,3883
2735,Box Culvert (LRP030A),bridge,N207,Box Culvert,3883,3883
2736,Box Culvert (LRP030B),bridge,N207,Box Culvert,3883,3883
2737,Box Culvert (LRP030C),bridge,N207,Box Culvert,3883,3883
2739,Box Culvert (LRP031A),bridge,N207,Box Culvert,3883,3883
2740,Sylhet 74 km (LRP032),link,N207,Sylhet 74 km,3883,3883
2748,Sylhet 71 km (LRP035),link,N207,Sylhet 71 km,3883,3883
2749,Box Culvert (LRP035A),bridge,N207,Box Culvert,3883,3883
2668,Bridge start (LRP003A),bridge,N207,Bridge start,3882,3882
2669,Bridge end (LRP003B),bridge,N207,Bridge end,3882,3882
2670,Km post missing (LRP004),link,N207,Km post missing,3882,3882
2671,Km post missing (LRP005),link,N207,Km post missing,3882,3882
2672,Km post missing (LRP006),link,N207,Km post missing,3882,3882
2673,Pipe culvert (LRP006A),bridge,N207,Pipe culvert,3882,3882
2723,Box Culvert (LRP027A),bridge,N207,Box Culvert,3882,3882
2724,Box Culvert (LRP027B),bridge,N207,Box Culvert,3882,3882
2725,Bridge start (LRP027C),bridge,N207,Bridge start,3882,3882
2726,Bridge end (LRP027D),bridge,N207,Bridge end,3882,3882
2727,Sylhet 78 km (LRP028),link,N207,Sylhet 78 km,3882,3882
2728,Box Culvert (LRP028A),bridge,N207,Box Culvert,3882,3882
2681,Box Culvert (LRP009C),bridge,N207,Box Culvert,3881,3881
2674,Km post missing (LRP007),link,N207,Km post missing,3880,3880
2675,Km post missing (LRP008),link,N207,Km post missing,3880,3880
2676,Box Culvert (LRP008A),bridge,N207,Box Culvert,3880,3880
2677,Box Culvert (LRP008B),bridge,N207,Box Culvert,3880,3880
2678,Km post missing (LRP009),link,N207,Km post missing,3880,3880
2679,Box Culvert (LRP009A),bridge,N207,Box Culvert,3880,3880
2680,Box Culvert (LRP009B),bridge,N207,Box Culvert,3880,3880
2682,Km post missing (LRP010),link,N207,Km post missing,3880,3880
2683,Box Culvert (LRP010A),bridge,N207,Box Culvert,3880,3880
2684,Km post missing (LRP011),link,N207,Km post missing,3880,3880
2685,Km post missing/ Start of Moulavibazar road Division / Km post missing/ Start of Moulavibazar road Division (LRP012),link,N207,Km post missing/ Start of Moulavibazar road Division / Km post missing/ Start of Moulavibazar road Division,3880,3880
2686,Box Culvert (LRP012A),bridge,N207,Box Culvert,3880,3880
2691,Srimongal 9 km (LRP016),link,N207,Srimongal 9 km,3880,3880
2692,Srimongal 8km (LRP017),link,N207,Srimongal 8km,3880,3880
2693,Box Culvert (LRP017A),bridge,N207,Box Culvert,3880,3880
2713,"Z2003 ,Khulna -Srimongal road (LRP024A)",link,N207,"Z2003 ,Khulna -Srimongal road",3880,3880
2714,Sylhet 81 km (LRP025),link,N207,Sylhet 81 km,3880,3880
2715,Box culvert (LRP025A),bridge,N207,Box culvert,3880,3880
2716,Box Culvert (LRP025B),bridge,N207,Box Culvert,3880,3880
2717,Box Culvert (LRP025C),bridge,N207,Box Culvert,3880,3880
2720,Box Culvert (LRP026A),bridge,N207,Box Culvert,3880,3880
2721,Box Culvert (LRP026B),bridge,N207,Box Culvert,3880,3880
2722,Sylhet 79 km (LRP027),link,N207,Sylhet 79 km,3880,3880
2687,Srimongal 12 km (LRP013),link,N207,Srimongal 12 km,3879,3879
2688,Srimongal 11 km (LRP014),link,N207,Srimongal 11 km,3879,3879
2689,Box Culvert (LRP014A),bridge,N207,Box Culvert,3879,3879
2690,Srimongal  10 km (LRP015),link,N207,Srimongal  10 km,3879,3879
2694,Box Culvert (LRP017B),bridge,N207,Box Culvert,3879,3879
2695,Srimongal 7 km (LRP018),link,N207,Srimongal 7 km,3879,3879
2696,Bridge start (LRP018A),bridge,N207,Bridge start,3879,3879
2697,Bridge end (LRP018B),bridge,N207,Bridge end,3879,3879
2698,Box Culvert (LRP018C),bridge,N207,Box Culvert,3879,3879
2699,Srimongal 6 km (LRP019),link,N207,Srimongal 6 km,3879,3879
2700,Bridge start (LRP019A),bridge,N207,Bridge start,3879,3879
2701,Bridge end (LRP019B),bridge,N207,Bridge end,3879,3879
2702,Srimongal 5 km (LRP020),link,N207,Srimongal 5 km,3879,3879
2703,Box Culvert (LRP020A),bridge,N207,Box Culvert,3879,3879
2704,Box Culvert (LRP020B),bridge,N207,Box Culvert,3879,3879
2705,Srimongal 4 km (LRP021),link,N207,Srimongal 4 km,3879,3879
2706,Box Culvert (LRP021A),bridge,N207,Box Culvert,3879,3879
2707,Srimongal 3 km (LRP022),link,N207,Srimongal 3 km,3879,3879
2708,Bridge start (LRP022A),bridge,N207,Bridge start,3879,3879
2709,Bridge end (LRP022B),bridge,N207,Bridge end,3879,3879
2710,Srimongal 2 km (LRP023),link,N207,Srimongal 2 km,3879,3879
2711,Box Culvert (LRP023A),bridge,N207,Box Culvert,3879,3879
2712,Srimongal 1 km (LRP024),link,N207,Srimongal 1 km,3879,3879
2718,Box Culvert (LRP025D),bridge,N207,Box Culvert,3879,3879
2719,Sylhet 80 km (LRP026),link,N207,Sylhet 80 km,3879,3879
567,Box culvert (LRP245A),bridge,N1,Box culvert,2919,2919
568,Km post missing (LRP246),link,N1,Km post missing,2919,2919
569,Bridge start (LRP246A),bridge,N1,Bridge start,2919,2919
570,Bridge end (LRP246B),bridge,N1,Bridge end,2919,2919
571,Km post missing (LRP247),link,N1,Km post missing,2919,2919
572,Bridge start (LRP247A),bridge,N1,Bridge start,2919,2919
573,Bridge end (LRP247B),bridge,N1,Bridge end,2919,2919
574,Km post missing (LRP248),link,N1,Km post missing,2918,2918
575,Bridge start (LRP248A),bridge,N1,Bridge start,2918,2918
576,Bridge end (LRP248B),bridge,N1,Bridge end,2918,2918
577,Bridge start (LRP248C),bridge,N1,Bridge start,2918,2918
578,Bridge end (LRP248D),bridge,N1,Bridge end,2918,2918
579,Km post missing (LRP249),link,N1,Km post missing,2918,2918
581,Km post missing (LRP250),link,N1,Km post missing,2916,2916
582,Bridge end (LRP250A),bridge,N1,Bridge end,2916,2916
583,Bridge start (LRP250B),bridge,N1,Bridge start,2916,2916
584,Bridge end (LRP250C),bridge,N1,Bridge end,2916,2916
585,"Cox,s Bazar 143 km,Patiya 16 km (LRP251)",link,N1,"Cox,s Bazar 143 km,Patiya 16 km",2916,2916
586,Road to BFDC Fisharies (Z1804) /Start of Dohazari Road Division. / Road to BFDC Fisharies (Z1804) /Start of Dohazari Road Division. (LRP251A),link,N1,Road to BFDC Fisharies (Z1804) /Start of Dohazari Road Division. / Road to BFDC Fisharies (Z1804) /Start of Dohazari Road Division.,2916,2916
587,Road to Balakkhati (Z1065) (LRP251B),link,N1,Road to Balakkhati (Z1065),2916,2916
588,Box culvert (LRP251C),bridge,N1,Box culvert,2916,2916
580,Shah Amanath (Karnaphuli) Bridge (LRP249A),bridge,N1,Shah Amanath (Karnaphuli) Bridge,2915,2915
589,Cox's Bazar 142 km (LRP252),link,N1,Cox's Bazar 142 km,2914,2914
590,Box culvert (LRP252A),bridge,N1,Box culvert,2914,2914
591,Box culvert (LRP252B),bridge,N1,Box culvert,2914,2914
592,Cox's Bazar 141km (LRP253),link,N1,Cox's Bazar 141km,2914,2914
593,Box culvert (LRP253A),bridge,N1,Box culvert,2914,2914
594,Cox's Bazar 140km (LRP254),link,N1,Cox's Bazar 140km,2914,2914
637,Box Culvert (LRP270A),bridge,N1,Box Culvert,2914,2914
643,Bridge end (LRP272B),bridge,N1,Bridge end,2914,2914
644,Box Culvert (LRP272C),bridge,N1,Box Culvert,2914,2914
595,Road to Arowana (Z1018) (LRP254A),link,N1,Road to Arowana (Z1018),2913,2913
596,Box culvert (LRP254B),bridge,N1,Box culvert,2913,2913
598,Bridge start (LRP254D),bridge,N1,Bridge start,2913,2913
599,Cox's Bazar 139 km (LRP255),link,N1,Cox's Bazar 139 km,2913,2913
600,Bridge end (LRP255A),bridge,N1,Bridge end,2913,2913
601,Box Culvert (LRP255B),bridge,N1,Box Culvert,2913,2913
631,Road to Anowara (R170) (LRP268C),link,N1,Road to Anowara (R170),2913,2913
632,Km post missing (LRP269),link,N1,Km post missing,2913,2913
633,Bridge start (LRP269A),bridge,N1,Bridge start,2913,2913
634,Bridge end (LRP269B),bridge,N1,Bridge end,2913,2913
635,Road to Chandnaisa(Z1039) (LRP269C),link,N1,Road to Chandnaisa(Z1039),2913,2913
636,Km post missing (LRP270),link,N1,Km post missing,2913,2913
638,Info.Missing (LRP271),link,N1,Info.Missing,2913,2913
639,Box culvert (LRP271A),bridge,N1,Box culvert,2913,2913
640,Box culvert (LRP271B),bridge,N1,Box culvert,2913,2913
641,Km post missing (LRP272),link,N1,Km post missing,2913,2913
642,Bridge start (LRP272A),bridge,N1,Bridge start,2913,2913
645,Km post missing (LRP273),link,N1,Km post missing,2913,2913
597,Box culvert (LRP254C),bridge,N1,Box culvert,2912,2912
602,Cox's Bazar 138 km (LRP256),link,N1,Cox's Bazar 138 km,2912,2912
603,Road to Kaliganj (Z1071) (LRP256A),link,N1,Road to Kaliganj (Z1071),2912,2912
604,Cox's Bazar 137 km (LRP257),link,N1,Cox's Bazar 137 km,2912,2912
605,Box culvert (LRP257A),bridge,N1,Box culvert,2912,2912
606,"Cox,s Bazar 136 km,Patiya 11 km (LRP258)",link,N1,"Cox,s Bazar 136 km,Patiya 11 km",2912,2912
607,Box culvert (LRP258A),bridge,N1,Box culvert,2912,2912
624,Km post missing (LRP266),link,N1,Km post missing,2912,2912
625,Km post missing (LRP267),link,N1,Km post missing,2912,2912
626,Slab Culvert (LRP267A),bridge,N1,Slab Culvert,2912,2912
627,Road to Boalkhali (Z1059) (LRP267B),link,N1,Road to Boalkhali (Z1059),2912,2912
628,Km post missing (LRP268),link,N1,Km post missing,2912,2912
629,Road to Haidgaon (Z1057) (LRP268A),link,N1,Road to Haidgaon (Z1057),2912,2912
630,Box culvert (LRP268B),bridge,N1,Box culvert,2912,2912
646,Box culvert (LRP273A),bridge,N1,Box culvert,2912,2912
647,Box culvert (LRP273B),bridge,N1,Box culvert,2912,2912
648,Km post missing (LRP274),link,N1,Km post missing,2912,2912
618,Km post missing (LRP263),link,N1,Km post missing,2911,2911
619,Box culvert (LRP263A),bridge,N1,Box culvert,2911,2911
620,Info.Missing (LRP264),link,N1,Info.Missing,2911,2911
621,Km post missing (LRP265),link,N1,Km post missing,2911,2911
622,Bridge start (LRP265A),bridge,N1,Bridge start,2911,2911
623,Bridge end (LRP265B),bridge,N1,Bridge end,2911,2911
670,Info.Missing (LRP281),link,N1,Info.Missing,2911,2911
671,Road to Barma (Z1036) (LRP281A),link,N1,Road to Barma (Z1036),2911,2911
672,Info.Missing (LRP282),link,N1,Info.Missing,2911,2911
673,Info.Missing (LRP283),link,N1,Info.Missing,2911,2911
608,"Cox,s Bazar 135 km,Patiya 10 km (LRP259)",link,N1,"Cox,s Bazar 135 km,Patiya 10 km",2910,2910
609,Box culvert (LRP259A),bridge,N1,Box culvert,2910,2910
610,Road to Kaliganj (Z1070) (LRP259B),link,N1,Road to Kaliganj (Z1070),2910,2910
611,Box culvert (LRP260),bridge,N1,Box culvert,2910,2910
612,Box culvert (LRP260A),bridge,N1,Box culvert,2910,2910
613,Box culvert (LRP260B),bridge,N1,Box culvert,2910,2910
614,Road to Kalurghat (N107) (LRP260C),link,N1,Road to Kalurghat (N107),2910,2910
615,Km post missing (LRP261),link,N1,Km post missing,2910,2910
616,Box culvert (LRP261A),bridge,N1,Box culvert,2910,2910
617,Km post missing (LRP262),link,N1,Km post missing,2910,2910
650,Km post missing (LRP275),link,N1,Km post missing,2910,2910
651,Box culvert (LRP275A),bridge,N1,Box culvert,2910,2910
652,Box culvert (LRP275B),bridge,N1,Box culvert,2910,2910
653,Info.Missing (LRP276),link,N1,Info.Missing,2910,2910
654,Box culvert (LRP276A),bridge,N1,Box culvert,2910,2910
655,Bridge start (LRP276B),bridge,N1,Bridge start,2910,2910
656,Bridge end (LRP276C),bridge,N1,Bridge end,2910,2910
657,Info.Missing (LRP277),link,N1,Info.Missing,2910,2910
658,Bridge start (LRP277A),bridge,N1,Bridge start,2910,2910
659,Bridge end (LRP277B),bridge,N1,Bridge end,2910,2910
660,Box culvert (LRP277C),bridge,N1,Box culvert,2910,2910
661,Km post missing (LRP278),link,N1,Km post missing,2910,2910
662,Box culvert (LRP278A),bridge,N1,Box culvert,2910,2910
663,Road To Dhupchheri (Z1026) (LRP278B),link,N1,Road To Dhupchheri (Z1026),2910,2910
664,Km post missing (LRP279),link,N1,Km post missing,2910,2910
665,Bridge start (LRP279A),bridge,N1,Bridge start,2910,2910
666,Bridge end (LRP279B),bridge,N1,Bridge end,2910,2910
667,Bridge start (LRP279C),bridge,N1,Bridge start,2910,2910
668,Bridge end (LRP279D),bridge,N1,Bridge end,2910,2910
669,Km post missing (LRP280),link,N1,Km post missing,2910,2910
674,Box culvert (LRP283A),bridge,N1,Box culvert,2910,2910
675,Km post missing (LRP284),link,N1,Km post missing,2910,2910
676,Km post missing (LRP285),link,N1,Km post missing,2910,2910
677,Km post missing (LRP286),link,N1,Km post missing,2910,2910
678,Bridge start (LRP286A),bridge,N1,Bridge start,2910,2910
679,Bridge end (LRP286B),bridge,N1,Bridge end,2910,2910
680,Km post missing (LRP287),link,N1,Km post missing,2910,2910
681,Bridge start (LRP287A),bridge,N1,Bridge start,2910,2910
682,Bridge end (LRP287B),bridge,N1,Bridge end,2910,2910
775,Box culvert (LRP319B),bridge,N1,Box culvert,2910,2910
777,Road to Lama(Z1007) (LRP320A),link,N1,Road to Lama(Z1007),2910,2910
778,"Cox,s Bazar 74 km (LRP321)",link,N1,"Cox,s Bazar 74 km",2910,2910
779,Road to Toitong (Z1124) (LRP321A),link,N1,Road to Toitong (Z1124),2910,2910
780,Box culvert (LRP321B),bridge,N1,Box culvert,2910,2910
1037,Box culvert (LRP400A),bridge,N1,Box culvert,2910,2910
649,Box culvert (LRP274A),bridge,N1,Box culvert,2909,2909
683,"Cox,s Bazar 111 km,Kasherhat 5 km (LRP288)",link,N1,"Cox,s Bazar 111 km,Kasherhat 5 km",2909,2909
691,Bridge end (LRP290D),bridge,N1,Bridge end,2909,2909
692,Info.Missing (LRP291),link,N1,Info.Missing,2909,2909
743,Bridge start (LRP309B),bridge,N1,Bridge start,2909,2909
744,Bridge end (LRP309C),bridge,N1,Bridge end,2909,2909
745,"Cox,s Bazar 87 km,Chokaria 27 km (LRP310)",link,N1,"Cox,s Bazar 87 km,Chokaria 27 km",2909,2909
746,Bridge start (LRP310A),bridge,N1,Bridge start,2909,2909
747,Bridge end (LRP310B),bridge,N1,Bridge end,2909,2909
748,Box culvert (LRP310C),bridge,N1,Box culvert,2909,2909
749,Box culvert (LRP310D),bridge,N1,Box culvert,2909,2909
750,"Cox,s Bazar 88 km,Chowria 27 km (LRP311)",link,N1,"Cox,s Bazar 88 km,Chowria 27 km",2909,2909
751,"Cox,s Bazar 83 km,Chokaria 25 km (LRP312)",link,N1,"Cox,s Bazar 83 km,Chokaria 25 km",2909,2909
752,Road to Banskhali (R171) (LRP312A),link,N1,Road to Banskhali (R171),2909,2909
753,Box culvert (LRP312B),bridge,N1,Box culvert,2909,2909
754,Km post missing (LRP313),link,N1,Km post missing,2909,2909
755,Bridge start (LRP313A),bridge,N1,Bridge start,2909,2909
756,Bridge end (LRP313B),bridge,N1,Bridge end,2909,2909
757,Box culvert (LRP313C),bridge,N1,Box culvert,2909,2909
758,Km post missing (LRP314),link,N1,Km post missing,2909,2909
759,Box culvert (LRP314A),bridge,N1,Box culvert,2909,2909
760,Bridge start (LRP314B),bridge,N1,Bridge start,2909,2909
761,Bridge end (LRP314C),bridge,N1,Bridge end,2909,2909
762,Info.Missing (LRP315),link,N1,Info.Missing,2909,2909
763,Box culvert (LRP315A),bridge,N1,Box culvert,2909,2909
764,Km post missing (LRP316),link,N1,Km post missing,2909,2909
765,Box culvert (LRP316A),bridge,N1,Box culvert,2909,2909
773,"Cox,s Bazar 76 km (LRP319)",link,N1,"Cox,s Bazar 76 km",2909,2909
774,Box culvert (LRP319A),bridge,N1,Box culvert,2909,2909
776,"Cox,s Bazar 75 km (LRP320)",link,N1,"Cox,s Bazar 75 km",2909,2909
781,"Cox,s Bazar 73 km (LRP322)",link,N1,"Cox,s Bazar 73 km",2909,2909
782,Box culvert (LRP322A),bridge,N1,Box culvert,2909,2909
783,Cox's Bazar 72 km (LRP323),link,N1,Cox's Bazar 72 km,2909,2909
784,Box culvert (LRP323A),bridge,N1,Box culvert,2909,2909
785,Info.Missing (LRP324),link,N1,Info.Missing,2909,2909
786,Box culvert (LRP324A),bridge,N1,Box culvert,2909,2909
787,Km post missing (LRP325),link,N1,Km post missing,2909,2909
788,Bridge start (LRP325A),bridge,N1,Bridge start,2909,2909
789,Bridge end (LRP325B),bridge,N1,Bridge end,2909,2909
981,Box culvert (LRP390A),bridge,N1,Box culvert,2909,2909
982,Box culvert (LRP390B),bridge,N1,Box culvert,2909,2909
983,Box culvert (LRP390C),bridge,N1,Box culvert,2909,2909
984,"Teknaf 75 km,Uthia 21 km (LRP391)",link,N1,"Teknaf 75 km,Uthia 21 km",2909,2909
985,Box culvert (LRP391A),bridge,N1,Box culvert,2909,2909
986,Box culvert (LRP391B),bridge,N1,Box culvert,2909,2909
987,Box culvert (LRP391C),bridge,N1,Box culvert,2909,2909
988,Km post missing (LRP392),link,N1,Km post missing,2909,2909
989,Box culvert (LRP392A),bridge,N1,Box culvert,2909,2909
990,Box culvert (LRP392B),bridge,N1,Box culvert,2909,2909
991,Bridge start (LRP392C),bridge,N1,Bridge start,2909,2909
992,Bridge end (LRP392D),bridge,N1,Bridge end,2909,2909
993,Box culvert (LRP392E),bridge,N1,Box culvert,2909,2909
994,"Teknaf 74 km,Uthia 20 km (LRP393)",link,N1,"Teknaf 74 km,Uthia 20 km",2909,2909
1000,Box culvert (LRP394B),bridge,N1,Box culvert,2909,2909
1001,Box culvert (LRP394C),bridge,N1,Box culvert,2909,2909
1002,Box culvert (LRP394D),bridge,N1,Box culvert,2909,2909
1003,Box culvert (LRP394E),bridge,N1,Box culvert,2909,2909
1024,Box culvert (LRP397B),bridge,N1,Box culvert,2909,2909
1025,Box culvert (LRP397C),bridge,N1,Box culvert,2909,2909
1026,Box culvert (LRP397D),bridge,N1,Box culvert,2909,2909
1027,"Teknaf 69 km,Uthia 15 km (LRP398)",link,N1,"Teknaf 69 km,Uthia 15 km",2909,2909
1028,Box culvert (LRP398A),bridge,N1,Box culvert,2909,2909
1029,Box culvert (LRP398B),bridge,N1,Box culvert,2909,2909
1030,Box culvert (LRP398C),bridge,N1,Box culvert,2909,2909
1031,Box culvert (LRP398D),bridge,N1,Box culvert,2909,2909
1032,"Teknaf 68 km,Uthia 14 km (LRP399)",link,N1,"Teknaf 68 km,Uthia 14 km",2909,2909
1033,Bridge start (LRP399A),bridge,N1,Bridge start,2909,2909
1034,Bridge end (LRP399B),bridge,N1,Bridge end,2909,2909
1035,Box culvert (LRP399C),bridge,N1,Box culvert,2909,2909
1036,"Teknaf 67 km,Uthia 13 km (LRP400)",link,N1,"Teknaf 67 km,Uthia 13 km",2909,2909
1038,Box culvert (LRP400B),bridge,N1,Box culvert,2909,2909
1039,"Teknaf 66 km,Uthia 12 km (LRP401)",link,N1,"Teknaf 66 km,Uthia 12 km",2909,2909
1040,Khulna Plong Bridge (LRP401A),bridge,N1,Khulna Plong Bridge,2909,2909
1041,Bridge end (LRP401B),bridge,N1,Bridge end,2909,2909
1042,"Teknaf 65 km,Uthia 11 km (LRP402)",link,N1,"Teknaf 65 km,Uthia 11 km",2909,2909
1043,Bridge start (LRP402A),bridge,N1,Bridge start,2909,2909
1044,Bridge end (LRP402B),bridge,N1,Bridge end,2909,2909
684,Keranirhat 4 km (LRP289),link,N1,Keranirhat 4 km,2908,2908
685,Box Culvert (LRP289A),bridge,N1,Box Culvert,2908,2908
686,Box Culvert (LRP289B),bridge,N1,Box Culvert,2908,2908
687,"Cox,s Bazar 109 km (LRP290)",link,N1,"Cox,s Bazar 109 km",2908,2908
688,Bridge start (LRP290A),bridge,N1,Bridge start,2908,2908
689,Bridge end (LRP290B),bridge,N1,Bridge end,2908,2908
690,Bridge start (LRP290C),bridge,N1,Bridge start,2908,2908
693,Box culvert (LRP291A),bridge,N1,Box culvert,2908,2908
694,Box culvert (LRP291B),bridge,N1,Box culvert,2908,2908
695,Km post missing (LRP292),link,N1,Km post missing,2908,2908
696,Box culvert (LRP292A),bridge,N1,Box culvert,2908,2908
697,Km post missing (LRP293),link,N1,Km post missing,2908,2908
698,Road to Bandarban(N108) (LRP293A),link,N1,Road to Bandarban(N108),2908,2908
699,Box culvert (LRP293B),bridge,N1,Box culvert,2908,2908
700,Road to Satkaria (Z1019) (LRP293C),link,N1,Road to Satkaria (Z1019),2908,2908
701,Km post missing (LRP294),link,N1,Km post missing,2908,2908
702,Box culvert (LRP294A),bridge,N1,Box culvert,2908,2908
728,Bridge end (LRP304A),bridge,N1,Bridge end,2908,2908
729,"Cox,s Bazar 94 km,Lohaona 1 km (LRP305)",link,N1,"Cox,s Bazar 94 km,Lohaona 1 km",2908,2908
730,Box culvert (LRP305A),bridge,N1,Box culvert,2908,2908
731,"Cox,s Bazar 93 km,Lohagora 6 km (LRP306)",link,N1,"Cox,s Bazar 93 km,Lohagora 6 km",2908,2908
732,Box culvert (LRP306A),bridge,N1,Box culvert,2908,2908
733,"Cox,s Bazar 92 km,Lohagra 0 km (LRP307)",link,N1,"Cox,s Bazar 92 km,Lohagra 0 km",2908,2908
734,Box culvert (LRP307A),bridge,N1,Box culvert,2908,2908
735,Box culvert (LRP307B),bridge,N1,Box culvert,2908,2908
736,"Cox,s Bazar 87 km (LRP308)",link,N1,"Cox,s Bazar 87 km",2908,2908
737,Box culvert (LRP308A),bridge,N1,Box culvert,2908,2908
738,Box culvert (LRP308B),bridge,N1,Box culvert,2908,2908
739,Bridge start (LRP308C),bridge,N1,Bridge start,2908,2908
740,Bridge end (LRP308D),bridge,N1,Bridge end,2908,2908
741,"Cox,s Bazar 86 km,Chokaria 28 km (LRP309)",link,N1,"Cox,s Bazar 86 km,Chokaria 28 km",2908,2908
742,Box culvert (LRP309A),bridge,N1,Box culvert,2908,2908
766,Box culvert (LRP316B),bridge,N1,Box culvert,2908,2908
767,"Cox,s Bazar 78 km (LRP317)",link,N1,"Cox,s Bazar 78 km",2908,2908
768,Box culvert (LRP317A),bridge,N1,Box culvert,2908,2908
769,Box culvert (LRP317B),bridge,N1,Box culvert,2908,2908
770,"Cox,s Bazar 77 km/Start of Cox's Bazar Road Division. / Cox,s Bazar 77 km/Start of Cox's Bazar Road Division. (LRP318)",link,N1,"Cox,s Bazar 77 km/Start of Cox's Bazar Road Division. / Cox,s Bazar 77 km/Start of Cox's Bazar Road Division.",2908,2908
771,Box culvert (LRP318A),bridge,N1,Box culvert,2908,2908
772,Box culvert (LRP318B),bridge,N1,Box culvert,2908,2908
790,"Cox,s Bazar 69 km (LRP326)",link,N1,"Cox,s Bazar 69 km",2908,2908
791,Box culvert (LRP326A),bridge,N1,Box culvert,2908,2908
792,Box culvert (LRP326B),bridge,N1,Box culvert,2908,2908
793,"Cox,s Bazar 68 km (LRP327)",link,N1,"Cox,s Bazar 68 km",2908,2908
794,Box culvert (LRP327A),bridge,N1,Box culvert,2908,2908
795,Box culvert (LRP327B),bridge,N1,Box culvert,2908,2908
796,"Cox,s Bazar 67 km (LRP328)",link,N1,"Cox,s Bazar 67 km",2908,2908
797,Box culvert (LRP328A),bridge,N1,Box culvert,2908,2908
798,Road to Paharchaanda(Z1125) (LRP328B),link,N1,Road to Paharchaanda(Z1125),2908,2908
842,Box culvert (LRP344A),bridge,N1,Box culvert,2908,2908
843,Cox's Bazar 50km (LRP345),link,N1,Cox's Bazar 50km,2908,2908
844,Cox's Bazar 49km (LRP346),link,N1,Cox's Bazar 49km,2908,2908
964,Box culvert (LRP386A),bridge,N1,Box culvert,2908,2908
965,Box culvert (LRP386B),bridge,N1,Box culvert,2908,2908
966,"N110,Link road-Cox' Bazar, (Labonir more) (LRP386C)",link,N1,"N110,Link road-Cox' Bazar, (Labonir more)",2908,2908
967,Teknaf 79 km (LRP387),link,N1,Teknaf 79 km,2908,2908
968,Box culvert (LRP387A),bridge,N1,Box culvert,2908,2908
969,Box culvert (LRP387B),bridge,N1,Box culvert,2908,2908
970,"Teknaf 78 km,Uttia 24 km (LRP388)",link,N1,"Teknaf 78 km,Uttia 24 km",2908,2908
971,Box culvert (LRP388A),bridge,N1,Box culvert,2908,2908
972,Box culvert (LRP388B),bridge,N1,Box culvert,2908,2908
973,Box culvert (LRP388C),bridge,N1,Box culvert,2908,2908
974,"Teknaf 77 km,Uthia 23 km (LRP389)",link,N1,"Teknaf 77 km,Uthia 23 km",2908,2908
975,Box culvert (LRP389A),bridge,N1,Box culvert,2908,2908
976,Box culvert (LRP389B),bridge,N1,Box culvert,2908,2908
977,Bridge start (LRP389C),bridge,N1,Bridge start,2908,2908
978,Bridge end (LRP389D),bridge,N1,Bridge end,2908,2908
979,Box culvert (LRP389E),bridge,N1,Box culvert,2908,2908
980,"Teknaf 76 km,Uthia 22 km (LRP390)",link,N1,"Teknaf 76 km,Uthia 22 km",2908,2908
995,Box culvert (LRP393A),bridge,N1,Box culvert,2908,2908
996,Bridge start (LRP393B),bridge,N1,Bridge start,2908,2908
997,Bridge end (LRP393C),bridge,N1,Bridge end,2908,2908
998,"Teknaf 73 km, Ukhia 19km (LRP394)",link,N1,"Teknaf 73 km, Ukhia 19km",2908,2908
999,Box culvert (LRP394A),bridge,N1,Box culvert,2908,2908
1004,Box culvert (LRP394F),bridge,N1,Box culvert,2908,2908
1005,Box culvert (LRP394G),bridge,N1,Box culvert,2908,2908
1006,"Teknaf 72 km,Uthia 18 km (LRP395)",link,N1,"Teknaf 72 km,Uthia 18 km",2908,2908
1007,Box culvert (LRP395A),bridge,N1,Box culvert,2908,2908
1008,Box culvert (LRP395B),bridge,N1,Box culvert,2908,2908
1009,Box culvert (LRP395C),bridge,N1,Box culvert,2908,2908
1010,Box culvert (LRP395D),bridge,N1,Box culvert,2908,2908
1011,Box culvert (LRP395E),bridge,N1,Box culvert,2908,2908
1012,Box culvert (LRP395F),bridge,N1,Box culvert,2908,2908
1013,Box culvert (LRP395G),bridge,N1,Box culvert,2908,2908
1014,Box culvert (LRP395H),bridge,N1,Box culvert,2908,2908
1015,"Teknaf 71km, Ukhia 17km (LRP396)",link,N1,"Teknaf 71km, Ukhia 17km",2908,2908
1016,Box culvert (LRP396A),bridge,N1,Box culvert,2908,2908
1017,Box culvert (LRP396B),bridge,N1,Box culvert,2908,2908
1018,Box culvert (LRP396C),bridge,N1,Box culvert,2908,2908
1019,Box culvert (LRP396D),bridge,N1,Box culvert,2908,2908
1020,Box culvert (LRP396E),bridge,N1,Box culvert,2908,2908
1021,Box culvert (LRP396F),bridge,N1,Box culvert,2908,2908
1022,"Teknaf 70 km,Uthia 16 km (LRP397)",link,N1,"Teknaf 70 km,Uthia 16 km",2908,2908
1023,Box culvert (LRP397A),bridge,N1,Box culvert,2908,2908
703,"Cox,s Bazar 104 km (LRP295)",link,N1,"Cox,s Bazar 104 km",2907,2907
704,"Cox,s Bazar 103 km,Pasea 5 km (LRP296)",link,N1,"Cox,s Bazar 103 km,Pasea 5 km",2907,2907
718,Km post missing (LRP301),link,N1,Km post missing,2907,2907
719,Box culvert (LRP301A),bridge,N1,Box culvert,2907,2907
720,Road to Tonkabati (Z1013) (LRP301B),link,N1,Road to Tonkabati (Z1013),2907,2907
721,Box culvert (LRP301C),bridge,N1,Box culvert,2907,2907
722,Km post missing (LRP302),link,N1,Km post missing,2907,2907
723,Box culvert (LRP302A),bridge,N1,Box culvert,2907,2907
724,"Cox.s Bazar 96 km,Lohaona 3 km (LRP303)",link,N1,"Cox.s Bazar 96 km,Lohaona 3 km",2907,2907
725,Box culvert (LRP303A),bridge,N1,Box culvert,2907,2907
726,Bridge start (LRP303B),bridge,N1,Bridge start,2907,2907
727,Km post missing (LRP304),link,N1,Km post missing,2907,2907
805,Cox.s Bazar 64 km (LRP331),link,N1,Cox.s Bazar 64 km,2907,2907
806,Road to Paharchanda(Z1002) (LRP331A),link,N1,Road to Paharchanda(Z1002),2907,2907
807,Bridge start (LRP331B),bridge,N1,Bridge start,2907,2907
808,Bridge end (LRP331C),bridge,N1,Bridge end,2907,2907
809,"Cox,s Bazar 63 km (LRP332)",link,N1,"Cox,s Bazar 63 km",2907,2907
810,"Cox,s Bazar 62 km (LRP333)",link,N1,"Cox,s Bazar 62 km",2907,2907
811,Box culvert (LRP333A),bridge,N1,Box culvert,2907,2907
812,Box culvert (LRP333B),bridge,N1,Box culvert,2907,2907
813,"Cox,s Bazar 61 km (LRP334)",link,N1,"Cox,s Bazar 61 km",2907,2907
814,Box culvert (LRP334A),bridge,N1,Box culvert,2907,2907
815,"Cox,s Bazar 60 km (LRP335)",link,N1,"Cox,s Bazar 60 km",2907,2907
816,Box culvert (LRP335A),bridge,N1,Box culvert,2907,2907
817,Box culvert (LRP335B),bridge,N1,Box culvert,2907,2907
837,Cox's Bazar 53km (LRP342),link,N1,Cox's Bazar 53km,2907,2907
838,Pipe Culvert (LRP342A),bridge,N1,Pipe Culvert,2907,2907
840,Box culvert (LRP343A),bridge,N1,Box culvert,2907,2907
845,Cox's Bazar 48 km (LRP347),link,N1,Cox's Bazar 48 km,2907,2907
846,Bridge start (LRP347A),bridge,N1,Bridge start,2907,2907
847,Bridge end (LRP347B),bridge,N1,Bridge end,2907,2907
848,Box culvert (LRP347C),bridge,N1,Box culvert,2907,2907
849,"Cox,s Bazar 47 km (LRP348)",link,N1,"Cox,s Bazar 47 km",2907,2907
850,Road to Garzania (Z1130) (LRP348A),link,N1,Road to Garzania (Z1130),2907,2907
851,Box culvert (LRP348B),bridge,N1,Box culvert,2907,2907
852,"Cox,s Bazar 46 km (LRP349)",link,N1,"Cox,s Bazar 46 km",2907,2907
853,Bridge start (LRP349A),bridge,N1,Bridge start,2907,2907
854,Bridge end (LRP349B),bridge,N1,Bridge end,2907,2907
855,"Cox,s Bazar 45 km (LRP350)",link,N1,"Cox,s Bazar 45 km",2907,2907
856,Bridge start (LRP350A),bridge,N1,Bridge start,2907,2907
857,Bridge end (LRP350B),bridge,N1,Bridge end,2907,2907
858,Box culvert (LRP350C),bridge,N1,Box culvert,2907,2907
859,Box culvert (LRP350D),bridge,N1,Box culvert,2907,2907
860,"Cox,s Bazar 44 km (LRP351)",link,N1,"Cox,s Bazar 44 km",2907,2907
862,"Cox,s Bazar 42 km (LRP353)",link,N1,"Cox,s Bazar 42 km",2907,2907
863,Box culvert (LRP353A),bridge,N1,Box culvert,2907,2907
864,Cox's Bazar 41km (LRP354),link,N1,Cox's Bazar 41km,2907,2907
936,Box culvert (LRP378D),bridge,N1,Box culvert,2907,2907
937,"Cox,s Bazar 16 km (LRP379)",link,N1,"Cox,s Bazar 16 km",2907,2907
938,Bridge start (LRP379A),bridge,N1,Bridge start,2907,2907
939,Bridge end (LRP379B),bridge,N1,Bridge end,2907,2907
956,Box culvert (LRP384A),bridge,N1,Box culvert,2907,2907
957,Box culvert (LRP384B),bridge,N1,Box culvert,2907,2907
958,"Cox,s Bazar 10 km (LRP385)",link,N1,"Cox,s Bazar 10 km",2907,2907
959,Box culvert (LRP385A),bridge,N1,Box culvert,2907,2907
960,Bridge start (LRP385B),bridge,N1,Bridge start,2907,2907
961,Bridge end (LRP385C),bridge,N1,Bridge end,2907,2907
962,Box culvert (LRP385D),bridge,N1,Box culvert,2907,2907
963,"Cox,s Bazar 9 km (LRP386)",link,N1,"Cox,s Bazar 9 km",2907,2907
1056,Box culvert (LRP405A),bridge,N1,Box culvert,2907,2907
1083,Bridge start (LRP412B),bridge,N1,Bridge start,2907,2907
1084,Bridge end (LRP412C),bridge,N1,Bridge end,2907,2907
1105,Teknaf 46 km (LRP420),link,N1,Teknaf 46 km,2907,2907
1106,Box culvert (LRP420A),bridge,N1,Box culvert,2907,2907
705,Box culvert (LRP296A),bridge,N1,Box culvert,2906,2906
706,"Cox,s Bazar 102 km,Pasha 3 km (LRP297)",link,N1,"Cox,s Bazar 102 km,Pasha 3 km",2906,2906
707,Box culvert (LRP297A),bridge,N1,Box culvert,2906,2906
716,Box culvert (LRP300A),bridge,N1,Box culvert,2906,2906
717,Box culvert (LRP300B),bridge,N1,Box culvert,2906,2906
799,Cox's Bazar 66 km (LRP329),link,N1,Cox's Bazar 66 km,2906,2906
800,Bridge start (LRP329A),bridge,N1,Bridge start,2906,2906
801,Bridge end (LRP329B),bridge,N1,Bridge end,2906,2906
802,Box culvert (LRP329C),bridge,N1,Box culvert,2906,2906
803,Cox's Bazar 65km (LRP330),link,N1,Cox's Bazar 65km,2906,2906
804,Box culvert (LRP330A),bridge,N1,Box culvert,2906,2906
818,Intersection with Z1126 (LRP335C),link,N1,Intersection with Z1126,2906,2906
819,Box culvert (LRP335D),bridge,N1,Box culvert,2906,2906
820,"Cox,s Bazar 59 km (LRP336)",link,N1,"Cox,s Bazar 59 km",2906,2906
821,Bridge start (LRP336A),bridge,N1,Bridge start,2906,2906
822,Bridge end (LRP336B),bridge,N1,Bridge end,2906,2906
823,Road to Tuabazar (Z1127) (LRP336C),link,N1,Road to Tuabazar (Z1127),2906,2906
824,Km post missing (LRP337),link,N1,Km post missing,2906,2906
825,Road to Badarkhali (R172) (LRP337A),link,N1,Road to Badarkhali (R172),2906,2906
826,"Cox,s Bazar 57 km (LRP338)",link,N1,"Cox,s Bazar 57 km",2906,2906
827,"Cox,s Bazar 56 km (LRP339)",link,N1,"Cox,s Bazar 56 km",2906,2906
828,Box culvert (LRP339A),bridge,N1,Box culvert,2906,2906
829,Cox's Bazar 55 km (LRP340),link,N1,Cox's Bazar 55 km,2906,2906
830,Box culvert (LRP340A),bridge,N1,Box culvert,2906,2906
831,Box culvert (LRP340B),bridge,N1,Box culvert,2906,2906
832,Bridge start (LRP340C),bridge,N1,Bridge start,2906,2906
833,Bridge end (LRP340D),bridge,N1,Bridge end,2906,2906
834,"Cox,s Bazar 54 km (LRP341)",link,N1,"Cox,s Bazar 54 km",2906,2906
835,Box culvert (LRP341A),bridge,N1,Box culvert,2906,2906
836,Road to Alikadam(Z1005) (LRP341B),link,N1,Road to Alikadam(Z1005),2906,2906
839,"Cox,s Bazar 52 km (LRP343)",link,N1,"Cox,s Bazar 52 km",2906,2906
841,"Cox,s Bazar 51 km (LRP344)",link,N1,"Cox,s Bazar 51 km",2906,2906
861,"Cox,s Bazar 43 km (LRP352)",link,N1,"Cox,s Bazar 43 km",2906,2906
865,Bridge start (LRP354A),bridge,N1,Bridge start,2906,2906
866,Bridge end (LRP354B),bridge,N1,Bridge end,2906,2906
867,"Z1131, Kutakhali-Maheshkhali (LRP354C)",link,N1,"Z1131, Kutakhali-Maheshkhali",2906,2906
868,"Cox,s Bazar 40 km (LRP355)",link,N1,"Cox,s Bazar 40 km",2906,2906
869,Box culvert (LRP355A),bridge,N1,Box culvert,2906,2906
870,Box culvert (LRP355B),bridge,N1,Box culvert,2906,2906
871,"Cox,s Bazar 39 km (LRP356)",link,N1,"Cox,s Bazar 39 km",2906,2906
872,Box culvert (LRP356A),bridge,N1,Box culvert,2906,2906
873,Box culvert (LRP356B),bridge,N1,Box culvert,2906,2906
874,Cox's Bazar 38km (LRP357),link,N1,Cox's Bazar 38km,2906,2906
875,Box culvert (LRP357A),bridge,N1,Box culvert,2906,2906
876,Box culvert (LRP357B),bridge,N1,Box culvert,2906,2906
920,"Cox,s Bazar 21 km (LRP374)",link,N1,"Cox,s Bazar 21 km",2906,2906
921,"Cox,s Bazar 20 km (LRP375)",link,N1,"Cox,s Bazar 20 km",2906,2906
922,Box culvert (LRP375A),bridge,N1,Box culvert,2906,2906
923,Box culvert (LRP375B),bridge,N1,Box culvert,2906,2906
924,"Cox,s Bazar 19 km (LRP376)",link,N1,"Cox,s Bazar 19 km",2906,2906
925,"Z1001, Road to Naikkongchhari (LRP376A)",link,N1,"Z1001, Road to Naikkongchhari",2906,2906
926,Box culvert (LRP376B),bridge,N1,Box culvert,2906,2906
927,Bridge start (LRP376C),bridge,N1,Bridge start,2906,2906
928,Bridge end (LRP376D),bridge,N1,Bridge end,2906,2906
929,"Cox,s Bazar 18 km (LRP377)",link,N1,"Cox,s Bazar 18 km",2906,2906
930,Box culvert (LRP377A),bridge,N1,Box culvert,2906,2906
931,Box culvert (LRP377B),bridge,N1,Box culvert,2906,2906
932,"Cox,s Bazar 17 km (LRP378)",link,N1,"Cox,s Bazar 17 km",2906,2906
933,Box culvert (LRP378A),bridge,N1,Box culvert,2906,2906
934,Box culvert (LRP378B),bridge,N1,Box culvert,2906,2906
935,Ramu old Section (N109) (LRP378C),link,N1,Ramu old Section (N109),2906,2906
940,Box culvert (LRP379C),bridge,N1,Box culvert,2906,2906
941,"Cox,s Bazar 15 km (LRP380)",link,N1,"Cox,s Bazar 15 km",2906,2906
942,Box culvert (LRP380A),bridge,N1,Box culvert,2906,2906
943,Box culvert (LRP380B),bridge,N1,Box culvert,2906,2906
944,"Cox,s Bazar 14 km (LRP381)",link,N1,"Cox,s Bazar 14 km",2906,2906
945,Box culvert (LRP381A),bridge,N1,Box culvert,2906,2906
946,Cox's Bazar 13km (LRP382),link,N1,Cox's Bazar 13km,2906,2906
947,Box culvert (LRP382A),bridge,N1,Box culvert,2906,2906
948,Box culvert (LRP382B),bridge,N1,Box culvert,2906,2906
949,Box culvert (LRP382C),bridge,N1,Box culvert,2906,2906
950,Box culvert (LRP382D),bridge,N1,Box culvert,2906,2906
951,"Cox,s Bazar 12 km (LRP383)",link,N1,"Cox,s Bazar 12 km",2906,2906
952,Box culvert (LRP383A),bridge,N1,Box culvert,2906,2906
953,Bridge start (LRP383B),bridge,N1,Bridge start,2906,2906
954,Bridge end (LRP383C),bridge,N1,Bridge end,2906,2906
955,"Cox,s Bazar 11 km (LRP384)",link,N1,"Cox,s Bazar 11 km",2906,2906
1045,Box culvert (LRP402C),bridge,N1,Box culvert,2906,2906
1046,Km post broken (LRP403),link,N1,Km post broken,2906,2906
1047,Bridge start (LRP403A),bridge,N1,Bridge start,2906,2906
1048,Bridge end (LRP403B),bridge,N1,Bridge end,2906,2906
1049,Road to Ramu(Z1009) (LRP403C),link,N1,Road to Ramu(Z1009),2906,2906
1050,Bridge start (LRP403D),bridge,N1,Bridge start,2906,2906
1051,Bridge end (LRP403E),bridge,N1,Bridge end,2906,2906
1052,"Teknaf 63 km,Uthia 9 km (LRP404)",link,N1,"Teknaf 63 km,Uthia 9 km",2906,2906
1053,"Z1503, Maricha Dakbunglow Road (LRP404A)",link,N1,"Z1503, Maricha Dakbunglow Road",2906,2906
1054,Box culvert (LRP404B),bridge,N1,Box culvert,2906,2906
1055,"Teknaf 62 km,Uthia 8 km (LRP405)",link,N1,"Teknaf 62 km,Uthia 8 km",2906,2906
1075,Bridge end (LRP410D),bridge,N1,Bridge end,2906,2906
1076,"Teknaf 56 km,Uthia 2 km (LRP411)",link,N1,"Teknaf 56 km,Uthia 2 km",2906,2906
1077,Bridge start (LRP411A),bridge,N1,Bridge start,2906,2906
1078,Bridge end (LRP411B),bridge,N1,Bridge end,2906,2906
1079,Box culvert (LRP411C),bridge,N1,Box culvert,2906,2906
1080,Box culvert (LRP411D),bridge,N1,Box culvert,2906,2906
1081,"Teknaf 55 km,Uthia 1 km (LRP412)",link,N1,"Teknaf 55 km,Uthia 1 km",2906,2906
1082,Box culvert (LRP412A),bridge,N1,Box culvert,2906,2906
1085,Bridge start (LRP412D),bridge,N1,Bridge start,2906,2906
1086,Bridge end (LRP412E),bridge,N1,Bridge end,2906,2906
1087,Teknaf 54 km (LRP413),link,N1,Teknaf 54 km,2906,2906
1088,"Z1503, Maricha Dukbanglow road (LRP413A)",link,N1,"Z1503, Maricha Dukbanglow road",2906,2906
1089,Bridge start (LRP413B),bridge,N1,Bridge start,2906,2906
1090,Bridge end (LRP413C),bridge,N1,Bridge end,2906,2906
1091,Teknaf 53 km (LRP414),link,N1,Teknaf 53 km,2906,2906
1102,Box culvert (LRP419A),bridge,N1,Box culvert,2906,2906
1103,Box culvert (LRP419B),bridge,N1,Box culvert,2906,2906
1104,Box culvert (LRP419C),bridge,N1,Box culvert,2906,2906
1107,Box culvert (LRP420B),bridge,N1,Box culvert,2906,2906
1108,"Z1504, Ukhia Gundum Road (LRP420C)",link,N1,"Z1504, Ukhia Gundum Road",2906,2906
1109,Info.Missing (LRP421),link,N1,Info.Missing,2906,2906
1110,Box culvert (LRP421A),bridge,N1,Box culvert,2906,2906
1111,Bridge start (LRP421B),bridge,N1,Bridge start,2906,2906
1112,Bridge end (LRP421C),bridge,N1,Bridge end,2906,2906
1113,Box culvert (LRP421D),bridge,N1,Box culvert,2906,2906
1114,Info.Missing (LRP422),link,N1,Info.Missing,2906,2906
1115,Box culvert (LRP422A),bridge,N1,Box culvert,2906,2906
1116,Bridge start (LRP422B),bridge,N1,Bridge start,2906,2906
1117,Bridge end (LRP422C),bridge,N1,Bridge end,2906,2906
1118,Info.Missing (LRP423),link,N1,Info.Missing,2906,2906
1119,Box culvert (LRP423A),bridge,N1,Box culvert,2906,2906
708,Km post missing (LRP298),link,N1,Km post missing,2905,2905
709,Bridge start (LRP298A),bridge,N1,Bridge start,2905,2905
710,Bridge end (LRP298B),bridge,N1,Bridge end,2905,2905
711,"Cox,s Bazar 100 km,Pasra 2 km (LRP299)",link,N1,"Cox,s Bazar 100 km,Pasra 2 km",2905,2905
712,Bridge start (LRP299A),bridge,N1,Bridge start,2905,2905
713,Bridge end (LRP299B),bridge,N1,Bridge end,2905,2905
714,Box culvert (LRP299C),bridge,N1,Box culvert,2905,2905
715,Km post missing (LRP300),link,N1,Km post missing,2905,2905
877,"Cox,s Bazar 37 km (LRP358)",link,N1,"Cox,s Bazar 37 km",2905,2905
878,Box culvert (LRP358A),bridge,N1,Box culvert,2905,2905
879,Box culvert (LRP358B),bridge,N1,Box culvert,2905,2905
880,Cox's Bazar 36 km (LRP359),link,N1,Cox's Bazar 36 km,2905,2905
881,Box culvert (LRP359A),bridge,N1,Box culvert,2905,2905
883,Box Culvert (LRP360A),bridge,N1,Box Culvert,2905,2905
884,"Cox,s Bazar 34 km (LRP361)",link,N1,"Cox,s Bazar 34 km",2905,2905
885,Box Culvert (LRP361A),bridge,N1,Box Culvert,2905,2905
886,Box Culvert (LRP361B),bridge,N1,Box Culvert,2905,2905
892,"Cox,s Bazar 32 km (LRP363)",link,N1,"Cox,s Bazar 32 km",2905,2905
901,Box culvert (LRP366A),bridge,N1,Box culvert,2905,2905
902,Box culvert (LRP366B),bridge,N1,Box culvert,2905,2905
903,Cox.s Bazar 28 km (LRP367),link,N1,Cox.s Bazar 28 km,2905,2905
904,Box culvert (LRP367A),bridge,N1,Box culvert,2905,2905
905,Box culvert (LRP367B),bridge,N1,Box culvert,2905,2905
906,Cox's Bazar 27km (LRP368),link,N1,Cox's Bazar 27km,2905,2905
907,Box culvert (LRP368A),bridge,N1,Box culvert,2905,2905
908,Cox's Bazar 26km (LRP369),link,N1,Cox's Bazar 26km,2905,2905
909,Box culvert (LRP369A),bridge,N1,Box culvert,2905,2905
910,"Cox,s Bazar 25 km (LRP370)",link,N1,"Cox,s Bazar 25 km",2905,2905
911,"Cox,s Bazar 24 km (LRP371)",link,N1,"Cox,s Bazar 24 km",2905,2905
912,Box culvert (LRP371A),bridge,N1,Box culvert,2905,2905
913,Cox.s Bazar 23 km (LRP372),link,N1,Cox.s Bazar 23 km,2905,2905
914,Box culvert (LRP372A),bridge,N1,Box culvert,2905,2905
915,Box culvert (LRP372B),bridge,N1,Box culvert,2905,2905
916,"Cox,s Bazar 22 km (LRP373)",link,N1,"Cox,s Bazar 22 km",2905,2905
917,Bridge start (LRP373A),bridge,N1,Bridge start,2905,2905
918,Bridge end (LRP373B),bridge,N1,Bridge end,2905,2905
919,Box culvert (LRP373C),bridge,N1,Box culvert,2905,2905
1057,Bridge start (LRP405B),bridge,N1,Bridge start,2905,2905
1058,Bridge end (LRP405C),bridge,N1,Bridge end,2905,2905
1059,"Teknaf 61 km,Uthia 7 km (LRP406)",link,N1,"Teknaf 61 km,Uthia 7 km",2905,2905
1065,"Teknaf 59 km,Uthia 5 km (LRP408)",link,N1,"Teknaf 59 km,Uthia 5 km",2905,2905
1066,"Teknaf 58 km,Uthia 4 km (LRP409)",link,N1,"Teknaf 58 km,Uthia 4 km",2905,2905
1067,Box culvert (LRP409A),bridge,N1,Box culvert,2905,2905
1068,Bridge start (LRP409B),bridge,N1,Bridge start,2905,2905
1069,Bridge end (LRP409C),bridge,N1,Bridge end,2905,2905
1070,Box Culvert (LRP409D),bridge,N1,Box Culvert,2905,2905
1071,"Teknaf 57 km,Uthia 3 km (LRP410)",link,N1,"Teknaf 57 km,Uthia 3 km",2905,2905
1072,Bridge start (LRP410A),bridge,N1,Bridge start,2905,2905
1073,Bridge end (LRP410B),bridge,N1,Bridge end,2905,2905
1074,Bridge start (LRP410C),bridge,N1,Bridge start,2905,2905
1092,Teknaf 52 km (LRP415),link,N1,Teknaf 52 km,2905,2905
1096,Box culvert (LRP417B),bridge,N1,Box culvert,2905,2905
1097,Info.Missing (LRP418),link,N1,Info.Missing,2905,2905
1098,Box culvert (LRP418A),bridge,N1,Box culvert,2905,2905
1099,Box culvert (LRP418B),bridge,N1,Box culvert,2905,2905
1100,Box culvert (LRP418C),bridge,N1,Box culvert,2905,2905
1101,Teknaf 47km (LRP419),link,N1,Teknaf 47km,2905,2905
1120,Info.Missing (LRP424),link,N1,Info.Missing,2905,2905
1121,Box culvert (LRP424A),bridge,N1,Box culvert,2905,2905
1122,Box culvert (LRP424B),bridge,N1,Box culvert,2905,2905
1130,Box culvert (LRP425D),bridge,N1,Box culvert,2905,2905
1131,Box Culvert (LRP425E),bridge,N1,Box Culvert,2905,2905
1132,Box culvert (LRP425F),bridge,N1,Box culvert,2905,2905
1133,Info.Missing (LRP426),link,N1,Info.Missing,2905,2905
1134,Box culvert (LRP426A),bridge,N1,Box culvert,2905,2905
1135,Box culvert (LRP426B),bridge,N1,Box culvert,2905,2905
1136,Box culvert (LRP426C),bridge,N1,Box culvert,2905,2905
1137,Box culvert (LRP426D),bridge,N1,Box culvert,2905,2905
1138,Box culvert (LRP426E),bridge,N1,Box culvert,2905,2905
1139,Info.Missing (LRP427),link,N1,Info.Missing,2905,2905
1140,Box culvert (LRP427A),bridge,N1,Box culvert,2905,2905
1141,Bridge start (LRP427B),bridge,N1,Bridge start,2905,2905
1142,Bridge end (LRP427C),bridge,N1,Bridge end,2905,2905
1143,Teknaf 38 km (LRP428),link,N1,Teknaf 38 km,2905,2905
1144,Bridge start (LRP428A),bridge,N1,Bridge start,2905,2905
1145,Bridge end (LRP428B),bridge,N1,Bridge end,2905,2905
1146,Box culvert (LRP428C),bridge,N1,Box culvert,2905,2905
1147,Info.Missing (LRP429),link,N1,Info.Missing,2905,2905
1148,Box culvert (LRP429A),bridge,N1,Box culvert,2905,2905
882,"Cox,s Bazar 35 km (LRP360)",link,N1,"Cox,s Bazar 35 km",2904,2904
887,"Cos,x Bazar 33 km (LRP362)",link,N1,"Cos,x Bazar 33 km",2904,2904
888,Bridge start (LRP362A),bridge,N1,Bridge start,2904,2904
889,Bridge end (LRP362B),bridge,N1,Bridge end,2904,2904
890,Bridge start (LRP362C),bridge,N1,Bridge start,2904,2904
891,Bridge end (LRP362D),bridge,N1,Bridge end,2904,2904
893,Cox's Bazar 31km (LRP364),link,N1,Cox's Bazar 31km,2904,2904
894,Cox.s Bazar 30 km (LRP365),link,N1,Cox.s Bazar 30 km,2904,2904
895,Box culvert (LRP365A),bridge,N1,Box culvert,2904,2904
896,Box culvert (LRP365B),bridge,N1,Box culvert,2904,2904
897,Bridge start (LRP365C),bridge,N1,Bridge start,2904,2904
898,Bridge end (LRP365D),bridge,N1,Bridge end,2904,2904
899,Box culvert (LRP365E),bridge,N1,Box culvert,2904,2904
900,"Cox,s Bazar 29 km (LRP366)",link,N1,"Cox,s Bazar 29 km",2904,2904
1060,"Teknaf 60 km,Uthia 6 km (LRP407)",link,N1,"Teknaf 60 km,Uthia 6 km",2904,2904
1061,Box culvert (LRP407A),bridge,N1,Box culvert,2904,2904
1062,Bridge start (LRP407B),bridge,N1,Bridge start,2904,2904
1063,Bridge end (LRP407C),bridge,N1,Bridge end,2904,2904
1064,Box culvert (LRP407D),bridge,N1,Box culvert,2904,2904
1093,Teknaf 51km (LRP416),link,N1,Teknaf 51km,2904,2904
1094,Teknaf 50 km (LRP417),link,N1,Teknaf 50 km,2904,2904
1095,Box culvert (LRP417A),bridge,N1,Box culvert,2904,2904
1123,Bridge start (LRP424C),bridge,N1,Bridge start,2904,2904
1124,Bridge end (LRP424D),bridge,N1,Bridge end,2904,2904
1125,Box culvert (LRP424E),bridge,N1,Box culvert,2904,2904
1126,Info.Missing (LRP425),link,N1,Info.Missing,2904,2904
1127,Box culvert (LRP425A),bridge,N1,Box culvert,2904,2904
1128,Bridge start (LRP425B),bridge,N1,Bridge start,2904,2904
1129,Bridge end (LRP425C),bridge,N1,Bridge end,2904,2904
1149,Box culvert (LRP429B),bridge,N1,Box culvert,2904,2904
1150,Box culvert (LRP429C),bridge,N1,Box culvert,2903,2903
1151,Box culvert (LRP429D),bridge,N1,Box culvert,2903,2903
1152,Bridge start (LRP429E),bridge,N1,Bridge start,2903,2903
1153,Bridge end (LRP429F),bridge,N1,Bridge end,2903,2903
1154,Info.Missing (LRP430),link,N1,Info.Missing,2903,2903
1155,Box culvert (LRP430A),bridge,N1,Box culvert,2903,2903
1156,Box culvert (LRP430B),bridge,N1,Box culvert,2903,2903
1157,Bridge start (LRP430C),bridge,N1,Bridge start,2903,2903
1158,Bridge end (LRP430D),bridge,N1,Bridge end,2903,2903
1159,Box culvert (LRP430E),bridge,N1,Box culvert,2903,2903
1160,Info.Missing (LRP431),link,N1,Info.Missing,2903,2903
1161,Box culvert (LRP431A),bridge,N1,Box culvert,2903,2903
1162,Box culvert (LRP431B),bridge,N1,Box culvert,2903,2903
1163,Km post missing (LRP432),link,N1,Km post missing,2903,2903
1164,Box culvert (LRP432A),bridge,N1,Box culvert,2903,2903
1165,Box culvert (LRP432B),bridge,N1,Box culvert,2903,2903
1166,Box culvert (LRP432C),bridge,N1,Box culvert,2903,2903
1167,Box culvert (LRP432D),bridge,N1,Box culvert,2903,2903
1168,Box culvert (LRP432E),bridge,N1,Box culvert,2903,2903
1169,Box culvert (LRP432F),bridge,N1,Box culvert,2903,2903
1170,Info.Missing (LRP433),link,N1,Info.Missing,2903,2903
1171,Box culvert (LRP433A),bridge,N1,Box culvert,2903,2903
1172,Box culvert (LRP433B),bridge,N1,Box culvert,2903,2903
1173,Box culvert (LRP433C),bridge,N1,Box culvert,2903,2903
1174,Box culvert (LRP433D),bridge,N1,Box culvert,2903,2903
1175,Z1133 Road to Shaplapur (LRP433E),link,N1,Z1133 Road to Shaplapur,2903,2903
1176,Bridge start (LRP433F),bridge,N1,Bridge start,2903,2903
1177,Bridge end (LRP433G),bridge,N1,Bridge end,2903,2903
1178,Info.Missing (LRP434),link,N1,Info.Missing,2903,2903
1179,Box culvert (LRP434A),bridge,N1,Box culvert,2903,2903
1180,Box culvert (LRP434B),bridge,N1,Box culvert,2903,2903
1181,Box culvert (LRP434C),bridge,N1,Box culvert,2903,2903
1182,Box culvert (LRP434D),bridge,N1,Box culvert,2903,2903
1183,Km post broken (LRP435),link,N1,Km post broken,2903,2903
1184,Box culvert (LRP435A),bridge,N1,Box culvert,2903,2903
1185,Box culvert (LRP435B),bridge,N1,Box culvert,2903,2903
1186,Box culvert (LRP435C),bridge,N1,Box culvert,2903,2903
1187,Box culvert (LRP435D),bridge,N1,Box culvert,2903,2903
1188,Box culvert (LRP435E),bridge,N1,Box culvert,2903,2903
1189,Info.Missing (LRP436),link,N1,Info.Missing,2903,2903
1190,Box culvert (LRP436A),bridge,N1,Box culvert,2903,2903
1191,Bridge start (LRP436B),bridge,N1,Bridge start,2903,2903
1192,Bridge end (LRP436C),bridge,N1,Bridge end,2903,2903
1193,Box culvert (LRP436D),bridge,N1,Box culvert,2903,2903
1194,Box culvert (LRP436E),bridge,N1,Box culvert,2903,2903
1195,Km post missing (LRP437),link,N1,Km post missing,2903,2903
1202,Box culvert (LRP438C),bridge,N1,Box culvert,2903,2903
1333,Km post missing (LRP466),link,N1,Km post missing,2903,2903
1334,Box culvert (LRP466A),bridge,N1,Box culvert,2903,2903
1335,Bridge start (LRP466B),bridge,N1,Bridge start,2903,2903
1336,Bridge end (LRP466C),bridge,N1,Bridge end,2903,2903
1337,Infor.missing (LRP467),link,N1,Infor.missing,2903,2903
1196,Box culvert (LRP437A),bridge,N1,Box culvert,2902,2902
1197,Box culvert (LRP437B),bridge,N1,Box culvert,2902,2902
1198,Box culvert / Box culvert (LRP437C),bridge,N1,Box culvert / Box culvert,2902,2902
1199,Km post missing (LRP438),link,N1,Km post missing,2902,2902
1200,Box culvert (LRP438A),bridge,N1,Box culvert,2902,2902
1201,Box culvert (LRP438B),bridge,N1,Box culvert,2902,2902
1203,Box culvert (LRP438D),bridge,N1,Box culvert,2902,2902
1204,Box culvert (LRP438E),bridge,N1,Box culvert,2902,2902
1205,Info.Missing (LRP439),link,N1,Info.Missing,2902,2902
1206,Box culvert (LRP439A),bridge,N1,Box culvert,2902,2902
1207,Box culvert (LRP439B),bridge,N1,Box culvert,2902,2902
1208,Box culvert (LRP439C),bridge,N1,Box culvert,2902,2902
1209,Box culvert (LRP439D),bridge,N1,Box culvert,2902,2902
1210,Km post missing (LRP440),link,N1,Km post missing,2902,2902
1211,Box culvert (LRP440A),bridge,N1,Box culvert,2902,2902
1212,Box culvert (LRP440B),bridge,N1,Box culvert,2902,2902
1213,Box culvert (LRP440C),bridge,N1,Box culvert,2902,2902
1214,Bridge start (LRP440D),bridge,N1,Bridge start,2902,2902
1215,Bridge end (LRP440E),bridge,N1,Bridge end,2902,2902
1328,Box culvert (LRP464A),bridge,N1,Box culvert,2902,2902
1329,Box culvert (LRP464B),bridge,N1,Box culvert,2902,2902
1330,Teknaf 2 km (LRP465),link,N1,Teknaf 2 km,2902,2902
1331,Bridge start (LRP465A),bridge,N1,Bridge start,2902,2902
1332,Bridge end (LRP465B),bridge,N1,Bridge end,2902,2902
1216,Info.Missing (LRP441),link,N1,Info.Missing,2901,2901
1217,Box culvert (LRP441A),bridge,N1,Box culvert,2901,2901
1218,Bridge start (LRP441B),bridge,N1,Bridge start,2901,2901
1219,Bridge end (LRP441C),bridge,N1,Bridge end,2901,2901
1220,Teknaf 24 km (LRP442),link,N1,Teknaf 24 km,2901,2901
1221,Box culvert (LRP442A),bridge,N1,Box culvert,2901,2901
1222,Box culvert (LRP442B),bridge,N1,Box culvert,2901,2901
1223,Box culvert (LRP442C),bridge,N1,Box culvert,2901,2901
1224,Box culvert (LRP442D),bridge,N1,Box culvert,2901,2901
1225,Teknaf 23 km (LRP443),link,N1,Teknaf 23 km,2901,2901
1226,Box culvert (LRP443A),bridge,N1,Box culvert,2901,2901
1227,Bridge start (LRP443B),bridge,N1,Bridge start,2901,2901
1228,Bridge end (LRP443C),bridge,N1,Bridge end,2901,2901
1229,Teknaf 21 km (LRP444),link,N1,Teknaf 21 km,2901,2901
1230,Box culvert (LRP444A),bridge,N1,Box culvert,2901,2901
1231,Box culvert (LRP444B),bridge,N1,Box culvert,2901,2901
1232,Box culvert (LRP444C),bridge,N1,Box culvert,2901,2901
1233,Km post missing (LRP445),link,N1,Km post missing,2901,2901
1234,Bridge start (LRP445A),bridge,N1,Bridge start,2901,2901
1235,Bridge end (LRP445B),bridge,N1,Bridge end,2901,2901
1236,Infor.missing (LRP446),link,N1,Infor.missing,2901,2901
1237,Box culvert (LRP446A),bridge,N1,Box culvert,2901,2901
1238,Box culvert (LRP446B),bridge,N1,Box culvert,2901,2901
1239,Teknaf 20 km (LRP447),link,N1,Teknaf 20 km,2901,2901
1240,Box culvert (LRP447A),bridge,N1,Box culvert,2901,2901
1257,Box culvert (LRP452C),bridge,N1,Box culvert,2901,2901
1258,Bridge start (LRP452D),bridge,N1,Bridge start,2901,2901
1259,Bridge end (LRP452E),bridge,N1,Bridge end,2901,2901
1260,Info.Missing (LRP453),link,N1,Info.Missing,2901,2901
1261,Box culvert (LRP453A),bridge,N1,Box culvert,2901,2901
1262,Box culvert (LRP453B),bridge,N1,Box culvert,2901,2901
1263,Box culvert (LRP453C),bridge,N1,Box culvert,2901,2901
1264,Box culvert (LRP453D),bridge,N1,Box culvert,2901,2901
1265,Box culvert (LRP453E),bridge,N1,Box culvert,2901,2901
1266,Info.Missing (LRP454),link,N1,Info.Missing,2901,2901
1313,Bridge end (LRP461D),bridge,N1,Bridge end,2901,2901
1314,Box culvert (LRP461E),bridge,N1,Box culvert,2901,2901
1315,Box culvert (LRP461F),bridge,N1,Box culvert,2901,2901
1316,Box culvert (LRP461G),bridge,N1,Box culvert,2901,2901
1317,Bridge start (LRP461H),bridge,N1,Bridge start,2901,2901
1318,Bridge end (LRP461I),bridge,N1,Bridge end,2901,2901
1319,Box culvert (LRP461J),bridge,N1,Box culvert,2901,2901
1320,Box culvert (LRP461K),bridge,N1,Box culvert,2901,2901
1321,Km post missing (LRP462),link,N1,Km post missing,2901,2901
1322,Bridge start (LRP462A),bridge,N1,Bridge start,2901,2901
1323,Bridge end (LRP462B),bridge,N1,Bridge end,2901,2901
1324,Teknaf 4 km (LRP463),link,N1,Teknaf 4 km,2901,2901
1325,Bridge start (LRP463A),bridge,N1,Bridge start,2901,2901
1326,Bridge end (LRP463B),bridge,N1,Bridge end,2901,2901
1327,Info.Missing (LRP464),link,N1,Info.Missing,2901,2901
1241,Box culvert (LRP447B),bridge,N1,Box culvert,2900,2900
1242,Box culvert (LRP447C),bridge,N1,Box culvert,2900,2900
1243,Teknaf 29 km (LRP448),link,N1,Teknaf 29 km,2900,2900
1244,Bridge start (LRP448A),bridge,N1,Bridge start,2900,2900
1245,Bridge end (LRP448B),bridge,N1,Bridge end,2900,2900
1246,Box culvert (LRP448C),bridge,N1,Box culvert,2900,2900
1247,Teknaf 18 km (LRP449),link,N1,Teknaf 18 km,2900,2900
1248,Box culvert (LRP449A),bridge,N1,Box culvert,2900,2900
1249,Infor.missing (LRP450),link,N1,Infor.missing,2900,2900
1250,Bridge start (LRP450A),bridge,N1,Bridge start,2900,2900
1251,Bridge end (LRP450B),bridge,N1,Bridge end,2900,2900
1252,Km post missing (LRP451),link,N1,Km post missing,2900,2900
1253,Box culvert (LRP451A),bridge,N1,Box culvert,2900,2900
1254,Infor.missing (LRP452),link,N1,Infor.missing,2900,2900
1255,Bridge start (LRP452A),bridge,N1,Bridge start,2900,2900
1256,Bridge end (LRP452B),bridge,N1,Bridge end,2900,2900
1267,Box culvert (LRP454A),bridge,N1,Box culvert,2900,2900
1268,Bridge start (LRP454B),bridge,N1,Bridge start,2900,2900
1269,Bridge end (LRP454C),bridge,N1,Bridge end,2900,2900
1270,Box culvert (LRP454D),bridge,N1,Box culvert,2900,2900
1271,Info.Missing (LRP455),link,N1,Info.Missing,2900,2900
1272,Box culvert (LRP455A),bridge,N1,Box culvert,2900,2900
1273,Bridge start (LRP455B),bridge,N1,Bridge start,2900,2900
1274,Bridge end (LRP455C),bridge,N1,Bridge end,2900,2900
1275,Km post missing (LRP456),link,N1,Km post missing,2900,2900
1276,Box culvert (LRP456A),bridge,N1,Box culvert,2900,2900
1277,Box culvert (LRP456B),bridge,N1,Box culvert,2900,2900
1278,Box culvert (LRP456C),bridge,N1,Box culvert,2900,2900
1279,Box culvert (LRP456D),bridge,N1,Box culvert,2900,2900
1288,Teknaf 8 km (LRP458),link,N1,Teknaf 8 km,2900,2900
1289,Box Culvert (LRP458A),bridge,N1,Box Culvert,2900,2900
1290,Bridge start (LRP458B),bridge,N1,Bridge start,2900,2900
1291,Bridge end (LRP458C),bridge,N1,Bridge end,2900,2900
1292,Box Culvert (LRP458D),bridge,N1,Box Culvert,2900,2900
1293,Box culvert (LRP458E),bridge,N1,Box culvert,2900,2900
1294,Box Culvert (LRP458F),bridge,N1,Box Culvert,2900,2900
1295,Teknaf 7 km (LRP459),link,N1,Teknaf 7 km,2900,2900
1296,Bridge start (LRP459A),bridge,N1,Bridge start,2900,2900
1297,Bridge end (LRP459B),bridge,N1,Bridge end,2900,2900
1298,Box Culvert (LRP459C),bridge,N1,Box Culvert,2900,2900
1299,Box culvert (LRP459D),bridge,N1,Box culvert,2900,2900
1300,Km post missing (LRP460),link,N1,Km post missing,2900,2900
1301,Box Culvert (LRP460A),bridge,N1,Box Culvert,2900,2900
1302,Box Culvert (LRP460B),bridge,N1,Box Culvert,2900,2900
1303,Box culvert (LRP460C),bridge,N1,Box culvert,2900,2900
1304,Bridge start (LRP460D),bridge,N1,Bridge start,2900,2900
1305,Bridge end (LRP460E),bridge,N1,Bridge end,2900,2900
1306,Box culvert (LRP460F),bridge,N1,Box culvert,2900,2900
1307,Bridge start (LRP460G),bridge,N1,Bridge start,2900,2900
1308,Bridge end (LRP460H),bridge,N1,Bridge end,2900,2900
1309,Km post missing (LRP461),link,N1,Km post missing,2900,2900
1310,Box culvert (LRP461A),bridge,N1,Box culvert,2900,2900
1311,Box culvert (LRP461B),bridge,N1,Box culvert,2900,2900
1312,Bridge start (LRP461C),bridge,N1,Bridge start,2900,2900
1280,Bridge start (LRP456E),bridge,N1,Bridge start,2899,2899
1281,Bridge end (LRP456F),bridge,N1,Bridge end,2899,2899
1282,Infor.missing (LRP457),link,N1,Infor.missing,2899,2899
1283,Bridge start (LRP457A),bridge,N1,Bridge start,2899,2899
1284,Bridge end (LRP457B),bridge,N1,Bridge end,2899,2899
1285,Bridge start (LRP457C),bridge,N1,Bridge start,2899,2899
1286,Bridge end (LRP457D),bridge,N1,Bridge end,2899,2899
1287,Box Culvert (LRP457E),bridge,N1,Box Culvert,2899,2899
2434,Rangamati 2 km (LRP068),link,N106,Rangamati 2 km,1044,1044
2435,Police Comissionar Bunglow 1 km (LRP069),link,N106,Police Comissionar Bunglow 1 km,1044,1044
2402,Box culvert (LRP051B),bridge,N106,Box culvert,1043,1043
2403,"Rangamati 18 km,Ghagra 0 km (LRP052)",link,N106,"Rangamati 18 km,Ghagra 0 km",1043,1043
2404,Box culvert (LRP052A),bridge,N106,Box culvert,1043,1043
2405,Box culvert (LRP052B),bridge,N106,Box culvert,1043,1043
2406,Rangamati 17 km (LRP053),link,N106,Rangamati 17 km,1043,1043
2407,Box culvert (LRP053A),bridge,N106,Box culvert,1043,1043
2408,Box culvert (LRP053B),bridge,N106,Box culvert,1043,1043
2409,Rangamati 16 km (LRP054),link,N106,Rangamati 16 km,1043,1043
2410,Box culvert (LRP054A),bridge,N106,Box culvert,1043,1043
2411,Box culvert (LRP054B),bridge,N106,Box culvert,1043,1043
2412,Box culvert (LRP054C),bridge,N106,Box culvert,1043,1043
2413,Box culvert (LRP054D),bridge,N106,Box culvert,1043,1043
2414,Box Culvert` (LRP054E),bridge,N106,Box Culvert`,1043,1043
2415,Information missing (LRP055),link,N106,Information missing,1043,1043
2416,Box culvert / Pipe Culvert (LRP055A),bridge,N106,Box culvert / Pipe Culvert,1043,1043
2417,Rangamati 14 km (LRP056),link,N106,Rangamati 14 km,1043,1043
2418,Box culvert (LRP056A),bridge,N106,Box culvert,1043,1043
2419,Rangamati 13 km (LRP057),link,N106,Rangamati 13 km,1043,1043
2420,Box culvert (LRP057A),bridge,N106,Box culvert,1043,1043
2421,Rangamati 12 km (LRP058),link,N106,Rangamati 12 km,1043,1043
2422,"Rangamati 11 km, Manikchan 1 km (LRP059)",link,N106,"Rangamati 11 km, Manikchan 1 km",1043,1043
2423,Bridge start (LRP059A),bridge,N106,Bridge start,1043,1043
2424,Bridge end (LRP059B),bridge,N106,Bridge end,1043,1043
2425,"R162, Road to Khagrachari (LRP059C)",link,N106,"R162, Road to Khagrachari",1043,1043
2426,"Rangamati 10 km,Manikchhari  0 km (LRP060)",link,N106,"Rangamati 10 km,Manikchhari  0 km",1043,1043
2427,Km post missing (LRP061),link,N106,Km post missing,1043,1043
2428,Rangamati 8 km (LRP062),link,N106,Rangamati 8 km,1043,1043
2429,Rangamati 7 km (LRP063),link,N106,Rangamati 7 km,1043,1043
2430,Km post missing (LRP064),link,N106,Km post missing,1043,1043
2431,Km post missing (LRP065),link,N106,Km post missing,1043,1043
2432,Rangamati 4 km (LRP066),link,N106,Rangamati 4 km,1043,1043
2433,Km post missing (LRP067),link,N106,Km post missing,1043,1043
2308,Road to Jalepara (LRP024B),link,N106,Road to Jalepara,1042,1042
2309,"Rangamati 43 km,Raozan 0 km (LRP025)",link,N106,"Rangamati 43 km,Raozan 0 km",1042,1042
2310,Road to Brahmanchari (LRP025A),link,N106,Road to Brahmanchari,1042,1042
2311,Box culvert (LRP025B),bridge,N106,Box culvert,1042,1042
2312,Box Culvert (LRP025C),bridge,N106,Box Culvert,1042,1042
2313,Road to Katakhali (LRP025D),link,N106,Road to Katakhali,1042,1042
2314,Rangamati 42 km (LRP026),link,N106,Rangamati 42 km,1042,1042
2315,Box culvert (LRP026A),bridge,N106,Box culvert,1042,1042
2316,Box culvert (LRP026B),bridge,N106,Box culvert,1042,1042
2317,Box culvert (LRP026C),bridge,N106,Box culvert,1042,1042
2318,"Rangamati 42 km,Betbunia10 km (LRP027)",link,N106,"Rangamati 42 km,Betbunia10 km",1042,1042
2319,Box culvert (LRP027A),bridge,N106,Box culvert,1042,1042
2320,"Rangamati 41 km,Betbunia 9 km (LRP028)",link,N106,"Rangamati 41 km,Betbunia 9 km",1042,1042
2321,"Rangamati 40 km,Betbunia 8 km (LRP029)",link,N106,"Rangamati 40 km,Betbunia 8 km",1042,1042
2322,"Rangamati 39 km,Betbunia 7 km (LRP030)",link,N106,"Rangamati 39 km,Betbunia 7 km",1042,1042
2323,Bridge start (LRP030A),bridge,N106,Bridge start,1042,1042
2324,Bridge end (LRP030B),bridge,N106,Bridge end,1042,1042
2325,"Rangamati 38 km,Betbunia 6 km (LRP031)",link,N106,"Rangamati 38 km,Betbunia 6 km",1042,1042
2326,Box Culvert (LRP031A),bridge,N106,Box Culvert,1042,1042
2327,"Rangamati 37 km,Betbunia 5 km (LRP032)",link,N106,"Rangamati 37 km,Betbunia 5 km",1042,1042
2328,Box culvert (LRP032A),bridge,N106,Box culvert,1042,1042
2329,Start of Rangamati road Division / Start of Rangamati road Division (LRP032B),link,N106,Start of Rangamati road Division / Start of Rangamati road Division,1042,1042
2330,Bridge start (LRP032C),bridge,N106,Bridge start,1042,1042
2331,Bridge end (LRP032D),bridge,N106,Bridge end,1042,1042
2332,Km post missing (LRP033),link,N106,Km post missing,1042,1042
2333,Box Culvert (LRP033A),bridge,N106,Box Culvert,1042,1042
2334,Box Culvert (LRP033B),bridge,N106,Box Culvert,1042,1042
2335,"Rangamati 36 km,Betbunia 4 km (LRP034)",link,N106,"Rangamati 36 km,Betbunia 4 km",1042,1042
2336,Box Culvert (LRP034A),bridge,N106,Box Culvert,1042,1042
2337,Box Culvert (LRP034B),bridge,N106,Box Culvert,1042,1042
2338,Box Culvert (LRP034C),bridge,N106,Box Culvert,1042,1042
2339,Box Culvert (LRP034D),bridge,N106,Box Culvert,1042,1042
2340,Box Culvert (LRP034E),bridge,N106,Box Culvert,1042,1042
2341,Box Culvert (LRP034F),bridge,N106,Box Culvert,1042,1042
2342,"Rangamati 35 km, Betbunia 3 km (LRP035)",link,N106,"Rangamati 35 km, Betbunia 3 km",1042,1042
2343,Box Culvert (LRP035A),bridge,N106,Box Culvert,1042,1042
2344,Box Culvert (LRP035B),bridge,N106,Box Culvert,1042,1042
2345,Box Culvert (LRP035C),bridge,N106,Box Culvert,1042,1042
2346,Box Culvert (LRP035D),bridge,N106,Box Culvert,1042,1042
2347,Box Culvert (LRP035E),bridge,N106,Box Culvert,1042,1042
2348,"Rangamati 34 km, Betbunia 2 km (LRP036)",link,N106,"Rangamati 34 km, Betbunia 2 km",1042,1042
2349,Box Culvert (LRP036A),bridge,N106,Box Culvert,1042,1042
2350,Box Culvert (LRP036B),bridge,N106,Box Culvert,1042,1042
2351,Box Culvert (LRP036C),bridge,N106,Box Culvert,1042,1042
2352,Box Culvert (LRP036D),bridge,N106,Box Culvert,1042,1042
2353,Box Culvert (LRP036E),bridge,N106,Box Culvert,1042,1042
2354,Box Culvert (LRP036F),bridge,N106,Box Culvert,1042,1042
2355,Box Culvert (LRP036G),bridge,N106,Box Culvert,1042,1042
2356,"Rangamati 34 km, Betbunia 1 km (LRP037)",link,N106,"Rangamati 34 km, Betbunia 1 km",1042,1042
2357,Box Culvert (LRP037A),bridge,N106,Box Culvert,1042,1042
2358,Box Culvert (LRP037B),bridge,N106,Box Culvert,1042,1042
2359,Box Culvert (LRP037C),bridge,N106,Box Culvert,1042,1042
2360,Km post missing (LRP038),link,N106,Km post missing,1042,1042
2361,Box Culvert (LRP038A),bridge,N106,Box Culvert,1042,1042
2362,Box Culvert (LRP038B),bridge,N106,Box Culvert,1042,1042
2363,Rangamati 31 km (LRP039),link,N106,Rangamati 31 km,1042,1042
2364,Box Culvert (LRP039A),bridge,N106,Box Culvert,1042,1042
2365,Box Culvert (LRP039B),bridge,N106,Box Culvert,1042,1042
2366,Road from Kawakhali (LRP039C),link,N106,Road from Kawakhali,1042,1042
2367,Bridge start (LRP039D),bridge,N106,Bridge start,1042,1042
2368,Bridge end (LRP039E),bridge,N106,Bridge end,1042,1042
2369,Ranga mati 30 km (LRP040),link,N106,Ranga mati 30 km,1042,1042
2370,Box culvert (LRP040A),bridge,N106,Box culvert,1042,1042
2371,Box culvert (LRP040B),bridge,N106,Box culvert,1042,1042
2372,Box culvert (LRP040C),bridge,N106,Box culvert,1042,1042
2373,Rangamati 29 km (LRP041),link,N106,Rangamati 29 km,1042,1042
2374,Box culvert (LRP041A),bridge,N106,Box culvert,1042,1042
2375,Rangamati 28 km (LRP042),link,N106,Rangamati 28 km,1042,1042
2376,Box culvert (LRP042A),bridge,N106,Box culvert,1042,1042
2377,Box culvert (LRP042B),bridge,N106,Box culvert,1042,1042
2378,Rangamati 27 km (LRP043),link,N106,Rangamati 27 km,1042,1042
2379,Ranirhat bridge (LRP043A),bridge,N106,Ranirhat bridge,1042,1042
2380,Ranirhat bridge (LRP043B),bridge,N106,Ranirhat bridge,1042,1042
2381,Box culvert (LRP043C),bridge,N106,Box culvert,1042,1042
2382,Rangamati 26 km (LRP044),link,N106,Rangamati 26 km,1042,1042
2383,Box culvert (LRP044A),bridge,N106,Box culvert,1042,1042
2384,Z1617 (LRP044B),link,N106,Z1617,1042,1042
2385,Box culvert (LRP044C),bridge,N106,Box culvert,1042,1042
2386,Box culvert (LRP044D),bridge,N106,Box culvert,1042,1042
2387,"Rangamati 25 km,Ghagra 6 km (LRP045)",link,N106,"Rangamati 25 km,Ghagra 6 km",1042,1042
2388,Box culvert (LRP045A),bridge,N106,Box culvert,1042,1042
2389,"Rangamati 24 km,Ghagra 6 km (LRP046)",link,N106,"Rangamati 24 km,Ghagra 6 km",1042,1042
2390,Box culvert (LRP046A),bridge,N106,Box culvert,1042,1042
2391,"Rangamati 23 km,Ghagra 5 km (LRP047)",link,N106,"Rangamati 23 km,Ghagra 5 km",1042,1042
2392,Bridge start (LRP047A),bridge,N106,Bridge start,1042,1042
2393,Bridge end (LRP047B),bridge,N106,Bridge end,1042,1042
2394,Km post missing (LRP048),link,N106,Km post missing,1042,1042
2395,Box culvert (LRP048A),bridge,N106,Box culvert,1042,1042
2396,Box culvert (LRP048B),bridge,N106,Box culvert,1042,1042
2397,Box culvert (LRP048C),bridge,N106,Box culvert,1042,1042
2398,Km post missing (LRP049),link,N106,Km post missing,1042,1042
2399,"Rangamati 20 km,Ghagra 2 km (LRP050)",link,N106,"Rangamati 20 km,Ghagra 2 km",1042,1042
2400,Information missing (LRP051),link,N106,Information missing,1042,1042
2401,"R161, Road to Bandarban (LRP051A)",link,N106,"R161, Road to Bandarban",1042,1042
2291,Bridge end (LRP020C),bridge,N106,Bridge end,1041,1041
2292,"Rangamati 47 km,Raozan 5 km (LRP021)",link,N106,"Rangamati 47 km,Raozan 5 km",1041,1041
2293,Bridge start (LRP021A),bridge,N106,Bridge start,1041,1041
2294,Bridge end (LRP021B),bridge,N106,Bridge end,1041,1041
2295,"Rangamati 46 km,Raozan 4 km (LRP022)",link,N106,"Rangamati 46 km,Raozan 4 km",1041,1041
2296,Bridge start (LRP022A),bridge,N106,Bridge start,1041,1041
2297,Bridge end (LRP022B),bridge,N106,Bridge end,1041,1041
2298,Box culvert (LRP022C),bridge,N106,Box culvert,1041,1041
2299,Km post missing (LRP023),link,N106,Km post missing,1041,1041
2300,Box culvert (LRP023A),bridge,N106,Box culvert,1041,1041
2301,Box culvert (LRP023B),bridge,N106,Box culvert,1041,1041
2302,Bridge start (LRP023C),bridge,N106,Bridge start,1041,1041
2303,Bridge end (LRP023D),bridge,N106,Bridge end,1041,1041
2304,Bridge start (LRP023E),bridge,N106,Bridge start,1041,1041
2305,Bridge end (LRP023F),bridge,N106,Bridge end,1041,1041
2306,Rangamati 44 km (LRP024),link,N106,Rangamati 44 km,1041,1041
2307,Box culvert (LRP024A),bridge,N106,Box culvert,1041,1041
2273,Box culvert (LRP015C),bridge,N106,Box culvert,1040,1040
2274,Km post missing (LRP016),link,N106,Km post missing,1040,1040
2275,Box Culvert (LRP016A),bridge,N106,Box Culvert,1040,1040
2276,Bridge start (LRP016B),bridge,N106,Bridge start,1040,1040
2277,Bridge end (LRP016C),bridge,N106,Bridge end,1040,1040
2278,"Rangamati 51 km,Raozan9 km (LRP017)",link,N106,"Rangamati 51 km,Raozan9 km",1040,1040
2279,Box culvert (LRP017A),bridge,N106,Box culvert,1040,1040
2280,Rangamati 50 km (LRP018),link,N106,Rangamati 50 km,1040,1040
2281,Bridge start (LRP018A),bridge,N106,Bridge start,1040,1040
2282,Bridge end (LRP018B),bridge,N106,Bridge end,1040,1040
2283,Box culvert (LRP018C),bridge,N106,Box culvert,1040,1040
2284,Km post missing (LRP019),link,N106,Km post missing,1040,1040
2285,Box culvert (LRP019A),bridge,N106,Box culvert,1040,1040
2286,Box Culvert (LRP019B),bridge,N106,Box Culvert,1040,1040
2287,Road to Fatikchari (LRP019C),link,N106,Road to Fatikchari,1040,1040
2288,"Rangamati 48 km,Raozan 6 km (LRP020)",link,N106,"Rangamati 48 km,Raozan 6 km",1040,1040
2289,Box culvert (LRP020A),bridge,N106,Box culvert,1040,1040
2290,Bridge start (LRP020B),bridge,N106,Bridge start,1040,1040
2226,Box culvert (LRPSA),bridge,N106,Box culvert,1039,1039
2227,Box culvert (LRPSB),bridge,N106,Box culvert,1039,1039
2228,Box culvert (LRPSC),bridge,N106,Box culvert,1039,1039
2229,Km post missing (LRP001),link,N106,Km post missing,1039,1039
2230,Slab culvert (LRP001A),bridge,N106,Slab culvert,1039,1039
2231,Box culvert (LRP001B),bridge,N106,Box culvert,1039,1039
2232,Km post missing (LRP002),link,N106,Km post missing,1039,1039
2233,Box culvert (LRP002A),bridge,N106,Box culvert,1039,1039
2234,Bridge start (LRP002B),bridge,N106,Bridge start,1039,1039
2235,Bridge end (LRP002C),bridge,N106,Bridge end,1039,1039
2236,Km post missing (LRP003),link,N106,Km post missing,1039,1039
2237,Box culvert (LRP003A),bridge,N106,Box culvert,1039,1039
2238,Box culvert (LRP003B),bridge,N106,Box culvert,1039,1039
2239,"Rangamati 64 km,Hathazari 8 km (LRP004)",link,N106,"Rangamati 64 km,Hathazari 8 km",1039,1039
2240,Box culvert (LRP004A),bridge,N106,Box culvert,1039,1039
2241,Box Culvert (LRP004C),bridge,N106,Box Culvert,1039,1039
2242,Km post missing (LRP005),link,N106,Km post missing,1039,1039
2243,Box culvert (LRP005A),bridge,N106,Box culvert,1039,1039
2244,Box culvert (LRP005B),bridge,N106,Box culvert,1039,1039
2245,Information missing (LRP006),link,N106,Information missing,1039,1039
2246,Box culvert (LRP006A),bridge,N106,Box culvert,1039,1039
2247,Box culvert (LRP006B),bridge,N106,Box culvert,1039,1039
2248,Km post missing (LRP007),link,N106,Km post missing,1039,1039
2249,Box culvert (LRP007A),bridge,N106,Box culvert,1039,1039
2250,Box culvert (LRP007B),bridge,N106,Box culvert,1039,1039
2251,Box culvert (LRP007C),bridge,N106,Box culvert,1039,1039
2252,Km post missing (LRP008),link,N106,Km post missing,1039,1039
2253,Box culvert (LRP008A),bridge,N106,Box culvert,1039,1039
2254,Bridge start (LRP008B),bridge,N106,Bridge start,1039,1039
2255,Bridge end (LRP008C),bridge,N106,Bridge end,1039,1039
2256,Km post missing (LRP009),link,N106,Km post missing,1039,1039
2257,Box culvert (LRP009A),bridge,N106,Box culvert,1039,1039
2258,Information missing (LRP010),link,N106,Information missing,1039,1039
2259,Km post missing (LRP011),link,N106,Km post missing,1039,1039
2260,Box culvert (LRP011A),bridge,N106,Box culvert,1039,1039
2261,Bridge start (LRP011B),bridge,N106,Bridge start,1039,1039
2262,Km post missing (LRP012),link,N106,Km post missing,1039,1039
2263,"R160, Khagrachari Road (LRP012A)",link,N106,"R160, Khagrachari Road",1039,1039
2264,"Rangamati 55 km,Raozan 13 km (LRP013)",link,N106,"Rangamati 55 km,Raozan 13 km",1039,1039
2265,Box culvert (LRP013A),bridge,N106,Box culvert,1039,1039
2266,Box culvert (LRP013B),bridge,N106,Box culvert,1039,1039
2267,"Rangamati 54 km, Raozan 12 km (LRP014)",link,N106,"Rangamati 54 km, Raozan 12 km",1039,1039
2268,Bridge start (LRP014A),bridge,N106,Bridge start,1039,1039
2269,Bridge end (LRP014B),bridge,N106,Bridge end,1039,1039
2270,"Rangamati 53 km,Raozan 11 km (LRP015)",link,N106,"Rangamati 53 km,Raozan 11 km",1039,1039
2271,Bridge start (LRP015A),bridge,N106,Bridge start,1039,1039
2272,Bridge end (LRP015B),bridge,N106,Bridge end,1039,1039
2984,Km post missing (LRP051),link,N208,Km post missing,737,737
2985,Sylhet 9 km (LRP052),link,N208,Sylhet 9 km,737,737
2986,Box culvert (LRP052A),bridge,N208,Box culvert,737,737
2987,"Z2832,Daudabad-Vdeshwar road (LRP052B)",link,N208,"Z2832,Daudabad-Vdeshwar road",737,737
2988,Sylhet 8 km (LRP053),link,N208,Sylhet 8 km,737,737
2989,Bridge start (LRP053A),bridge,N208,Bridge start,737,737
2990,Bridge end (LRP053B),bridge,N208,Bridge end,737,737
2991,Sylhet 7 km (LRP054),link,N208,Sylhet 7 km,737,737
2992,"N210, Sylhet Bypass road (LRP054A)",link,N208,"N210, Sylhet Bypass road",737,737
2993,Sylhet 8 km (LRP055),link,N208,Sylhet 8 km,737,737
2994,Sylhet 7 km (LRP056),link,N208,Sylhet 7 km,737,737
2962,Km post missing / Bridge end (LRP042),bridge,N208,Km post missing / Bridge end,736,736
2963,Box culvert (LRP042B),bridge,N208,Box culvert,736,736
2964,Km post missing (LRP043),link,N208,Km post missing,736,736
2965,Box culvert (LRP043A),bridge,N208,Box culvert,736,736
2966,Bridge start (LRP043B),bridge,N208,Bridge start,736,736
2967,Bridge end (LRP043C),bridge,N208,Bridge end,736,736
2968,Sylhet 17 km (LRP044),link,N208,Sylhet 17 km,736,736
2969,Km post broken (LRP045),link,N208,Km post broken,736,736
2970,Bridge start (LRP045A),bridge,N208,Bridge start,736,736
2971,Bridge end (LRP045B),bridge,N208,Bridge end,736,736
2972,Km post missing (LRP046),link,N208,Km post missing,736,736
2973,Bridge start (LRP046A),bridge,N208,Bridge start,736,736
2974,Bridge end (LRP046B),bridge,N208,Bridge end,736,736
2975,Km post missing (LRP047),link,N208,Km post missing,736,736
2976,Box culvert (LRP047A),bridge,N208,Box culvert,736,736
2977,Bridge start (LRP047B),bridge,N208,Bridge start,736,736
2978,Bridge end (LRP047C),bridge,N208,Bridge end,736,736
2979,Sylhet 13 km (LRP048),link,N208,Sylhet 13 km,736,736
2980,Km post missing (LRP049),link,N208,Km post missing,736,736
2981,Bridge start (LRP049A),bridge,N208,Bridge start,736,736
2982,Bridge end (LRP049B),bridge,N208,Bridge end,736,736
2983,Km post missing (LRP050),link,N208,Km post missing,736,736
2995,Box culvert (LRP056A),bridge,N208,Box culvert,736,736
2996,Sylhet 6 km (LRP057),link,N208,Sylhet 6 km,736,736
2997,Sylhet 5 km (LRP058),link,N208,Sylhet 5 km,736,736
2847,Bridge end (LRP009B),bridge,N208,Bridge end,735,735
2848,Information missing (LRP010),link,N208,Information missing,735,735
2849,Box culvert (LRP010A),bridge,N208,Box culvert,735,735
2850,Box culvert (LRP010B),bridge,N208,Box culvert,735,735
2851,Km post missing (LRP011),link,N208,Km post missing,735,735
2852,Box culvert (LRP011A),bridge,N208,Box culvert,735,735
2853,Box culvert (LRP011B),bridge,N208,Box culvert,735,735
2854,Information missing (LRP012),link,N208,Information missing,735,735
2855,Box culvert (LRP012A),bridge,N208,Box culvert,735,735
2856,Km post missing (LRP013),link,N208,Km post missing,735,735
2857,Box culvert (LRP013A),bridge,N208,Box culvert,735,735
2858,"R281,Rajnagar-Charkhai road (LRP013B)",link,N208,"R281,Rajnagar-Charkhai road",735,735
2859,Box Culvert (LRP013C),bridge,N208,Box Culvert,735,735
2860,Km post missing (LRP014),link,N208,Km post missing,735,735
2861,Box culvert (LRP014A),bridge,N208,Box culvert,735,735
2862,Sylhet 48 km (LRP015),link,N208,Sylhet 48 km,735,735
2863,Box culvert (LRP015A),bridge,N208,Box culvert,735,735
2864,Sylhet 47 km (LRP016),link,N208,Sylhet 47 km,735,735
2865,Box culvert (LRP016A),bridge,N208,Box culvert,735,735
2866,Box culvert (LRP016B),bridge,N208,Box culvert,735,735
2867,Sylhet 46 km (LRP017),link,N208,Sylhet 46 km,735,735
2868,Box culvert (LRP017A),bridge,N208,Box culvert,735,735
2869,Box culvert (LRP017B),bridge,N208,Box culvert,735,735
2870,Sylhet 45 km (LRP018),link,N208,Sylhet 45 km,735,735
2871,Box culvert (LRP018A),bridge,N208,Box culvert,735,735
2872,Sylhet 44 km (LRP019),link,N208,Sylhet 44 km,735,735
2873,Bridge start (LRP019A),bridge,N208,Bridge start,735,735
2874,Bridge end (LRP019B),bridge,N208,Bridge end,735,735
2875,Sylhet 43 km (LRP020),link,N208,Sylhet 43 km,735,735
2876,Bridge start (LRP020A),bridge,N208,Bridge start,735,735
2877,Bridge END (LRP020B),bridge,N208,Bridge END,735,735
2878,Box culvert (LRP020C),bridge,N208,Box culvert,735,735
2879,Box culvert (LRP020D),bridge,N208,Box culvert,735,735
2880,Sylhet 42 km (LRP021),link,N208,Sylhet 42 km,735,735
2881,Box culvert (LRP021A),bridge,N208,Box culvert,735,735
2882,Box Culvert (LRP021B),bridge,N208,Box Culvert,735,735
2883,Sylhet 41 km (LRP022),link,N208,Sylhet 41 km,735,735
2884,Box culvert (LRP022A),bridge,N208,Box culvert,735,735
2885,Box culvert (LRP022B),bridge,N208,Box culvert,735,735
2886,Box Culvert (LRP022C),bridge,N208,Box Culvert,735,735
2887,Sylhet 40 km (LRP023),link,N208,Sylhet 40 km,735,735
2888,Box culvert (LRP023A),bridge,N208,Box culvert,735,735
2889,Box culvert (LRP023B),bridge,N208,Box culvert,735,735
2890,Box culvert (LRP023C),bridge,N208,Box culvert,735,735
2891,Box Culvert (LRP023D),bridge,N208,Box Culvert,735,735
2892,Sylhet 39 km (LRP024),link,N208,Sylhet 39 km,735,735
2893,Box culvert (LRP024A),bridge,N208,Box culvert,735,735
2894,Box culvert (LRP024B),bridge,N208,Box culvert,735,735
2895,Sylhet 38 km (LRP025),link,N208,Sylhet 38 km,735,735
2896,Box culvert (LRP025A),bridge,N208,Box culvert,735,735
2897,Bridge start (LRP025B),bridge,N208,Bridge start,735,735
2898,Bridge end (LRP025C),bridge,N208,Bridge end,735,735
2899,Box culvert (LRP025D),bridge,N208,Box culvert,735,735
2900,Sylhet 37 km (LRP026),link,N208,Sylhet 37 km,735,735
2901,Box culvert (LRP026A),bridge,N208,Box culvert,735,735
2902,Box culvert (LRP026B),bridge,N208,Box culvert,735,735
2903,Sylhet 36 km (LRP027),link,N208,Sylhet 36 km,735,735
2904,Bridge start (LRP027A),bridge,N208,Bridge start,735,735
2905,Bridge end (LRP027B),bridge,N208,Bridge end,735,735
2906,Box culvert (LRP027C),bridge,N208,Box culvert,735,735
2907,Box culvert (LRP027D),bridge,N208,Box culvert,735,735
2908,Box culvert (LRP027E),bridge,N208,Box culvert,735,735
2909,Box culvert (LRP027F),bridge,N208,Box culvert,735,735
2910,Sylhet 35 km (LRP028),link,N208,Sylhet 35 km,735,735
2911,Box culvert (LRP028A),bridge,N208,Box culvert,735,735
2912,Box culvert (LRP028B),bridge,N208,Box culvert,735,735
2913,Box culvert (LRP028C),bridge,N208,Box culvert,735,735
2914,Sylhet 34 km (LRP029),link,N208,Sylhet 34 km,735,735
2915,Box culvert (LRP029A),bridge,N208,Box culvert,735,735
2916,Box culvert (LRP029B),bridge,N208,Box culvert,735,735
2917,Bridge start (LRP029C),bridge,N208,Bridge start,735,735
2918,Bridge end (LRP029D),bridge,N208,Bridge end,735,735
2919,Sylhet 33 km (LRP030),link,N208,Sylhet 33 km,735,735
2920,Box culvert (LRP030A),bridge,N208,Box culvert,735,735
2921,Box culvert (LRP030B),bridge,N208,Box culvert,735,735
2922,Box culvert (LRP030C),bridge,N208,Box culvert,735,735
2923,Km post missing (LRP031),link,N208,Km post missing,735,735
2924,Box culvert (LRP031A),bridge,N208,Box culvert,735,735
2925,Box culvert (LRP031B),bridge,N208,Box culvert,735,735
2926,Box culvert (LRP031C),bridge,N208,Box culvert,735,735
2927,Info.Missing (LRP032),link,N208,Info.Missing,735,735
2928,Box culvert (LRP032A),bridge,N208,Box culvert,735,735
2929,Box Culvert (LRP032B),bridge,N208,Box Culvert,735,735
2930,Z2020 to Palbari (LRP032C),link,N208,Z2020 to Palbari,735,735
2931,Bridge start (LRP032D),bridge,N208,Bridge start,735,735
2932,Bridge end (LRP032E),bridge,N208,Bridge end,735,735
2933,Sylhet 30 km (LRP033),link,N208,Sylhet 30 km,735,735
2934,Box culvert (LRP033A),bridge,N208,Box culvert,735,735
2935,Box culvert (LRP033B),bridge,N208,Box culvert,735,735
2936,Sylhet 29 km (LRP034),link,N208,Sylhet 29 km,735,735
2937,Box culvert (LRP034A),bridge,N208,Box culvert,735,735
2938,Box culvert (LRP034B),bridge,N208,Box culvert,735,735
2939,Box culvert (LRP034C),bridge,N208,Box culvert,735,735
2940,Box culvert (LRP034D),bridge,N208,Box culvert,735,735
2941,Sylhet 28 km (LRP035),link,N208,Sylhet 28 km,735,735
2942,Box culvert (LRP035A),bridge,N208,Box culvert,735,735
2943,Box culvert (LRP035B),bridge,N208,Box culvert,735,735
2944,Box culvert (LRP035C),bridge,N208,Box culvert,735,735
2945,Box culvert (LRP035D),bridge,N208,Box culvert,735,735
2946,Box Culvert (LRP035E),bridge,N208,Box Culvert,735,735
2947,Z2020 to Palbari (LRP035F),link,N208,Z2020 to Palbari,735,735
2948,Km post missing (LRP036),link,N208,Km post missing,735,735
2949,Bridge start (LRP036A),bridge,N208,Bridge start,735,735
2950,Bridge end (LRP036B),bridge,N208,Bridge end,735,735
2951,Km post missing (LRP037),link,N208,Km post missing,735,735
2952,Box culvert (LRP037A),bridge,N208,Box culvert,735,735
2953,Km post missing (LRP038),link,N208,Km post missing,735,735
2954,Bridge start (LRP038A),bridge,N208,Bridge start,735,735
2955,Bridge end (LRP038B),bridge,N208,Bridge end,735,735
2956,Km post missing (LRP039),link,N208,Km post missing,735,735
2957,Rail Road Crossing (LRP039A),link,N208,Rail Road Crossing,735,735
2958,Sylhet 21 km (LRP040),link,N208,Sylhet 21 km,735,735
2959,Box culvert (LRP040A),bridge,N208,Box culvert,735,735
2960,Sylhet 20 km (LRP041),link,N208,Sylhet 20 km,735,735
2961,Bridge start (LRP041A),bridge,N208,Bridge start,735,735
2823,Km post missing (LRP001),link,N208,Km post missing,734,734
2824,Box culvert (LRP001A),bridge,N208,Box culvert,734,734
2825,Box Culvert (LRP001B),bridge,N208,Box Culvert,734,734
2826,Km post missing (LRP002),link,N208,Km post missing,734,734
2827,Bridge start (LRP002A),bridge,N208,Bridge start,734,734
2828,Bridge end (LRP002B),bridge,N208,Bridge end,734,734
2829,Km post missing (LRP003),link,N208,Km post missing,734,734
2830,"Z2002,Moulavibazar-Chatla Cheek post road (LRP003A)",link,N208,"Z2002,Moulavibazar-Chatla Cheek post road",734,734
2831,Bridge start (LRP003B),bridge,N208,Bridge start,734,734
2832,Bridge end (LRP003C),bridge,N208,Bridge end,734,734
2833,Km post missing (LRP004),link,N208,Km post missing,734,734
2834,Box culvert (LRP004A),bridge,N208,Box culvert,734,734
2835,Km post missing (LRP005),link,N208,Km post missing,734,734
2836,Box culvert (LRP005A),bridge,N208,Box culvert,734,734
2837,Box culvert (LRP005B),bridge,N208,Box culvert,734,734
2838,Information missing (LRP006),link,N208,Information missing,734,734
2839,Box culvert (LRP006A),bridge,N208,Box culvert,734,734
2840,Km post missing (LRP007),link,N208,Km post missing,734,734
2841,Box culvert (LRP007A),bridge,N208,Box culvert,734,734
2842,Box culvert (LRP007B),bridge,N208,Box culvert,734,734
2843,Km post missing (LRP008),link,N208,Km post missing,734,734
2844,Box culvert (LRP008A),bridge,N208,Box culvert,734,734
2845,Km post missing (LRP009),link,N208,Km post missing,734,734
2846,Bridge start (LRP009A),bridge,N208,Bridge start,734,734
2771,"N 208 ,Moulavibazar-Sylet road (LRP043A)",link,N207,"N 208 ,Moulavibazar-Sylet road",111,111
2772,Bridge start (LRP043B),bridge,N207,Bridge start,111,111
2773,Bridge end (LRP043C),bridge,N207,Bridge end,111,111
2774,Km  post missing (LRP044),link,N207,Km  post missing,111,111
2775,Sylhet 61 km (LRP045),link,N207,Sylhet 61 km,111,111
2776,Sylhet 60 km (LRP046),link,N207,Sylhet 60 km,111,111
2777,Sylhet 59 km (LRP047),link,N207,Sylhet 59 km,111,111
2778,Box Culvert (LRP047A),bridge,N207,Box Culvert,111,111
2779,Sylhet 58 km (LRP048),link,N207,Sylhet 58 km,111,111
2780,Box Culvert (LRP048A),bridge,N207,Box Culvert,111,111
2781,Box Culvert (LRP048B),bridge,N207,Box Culvert,111,111
2782,Sylhet 57 km (LRP049),link,N207,Sylhet 57 km,111,111
2783,Sylhet 56 km (LRP050),link,N207,Sylhet 56 km,111,111
2784,Sylhet 55 km (LRP051),link,N207,Sylhet 55 km,111,111
2785,Box Culvert (LRP051A),bridge,N207,Box Culvert,111,111
2786,Box Culvert (LRP051B),bridge,N207,Box Culvert,111,111
2787,Km post broken (LRP052),link,N207,Km post broken,111,111
2788,Box Culvert (LRP052A),bridge,N207,Box Culvert,111,111
2789,Sylhet 53 km (LRP053),link,N207,Sylhet 53 km,111,111
2790,Box Culvert (LRP053A),bridge,N207,Box Culvert,111,111
2791,Sylhet 52 km (LRP054),link,N207,Sylhet 52 km,111,111
2792,Sylhet 51 km (LRP055),link,N207,Sylhet 51 km,111,111
2793,Box Culvert (LRP055A),bridge,N207,Box Culvert,111,111
2794,Sylhet 50 km (LRP056),link,N207,Sylhet 50 km,111,111
2795,Bridge start (LRP056A),bridge,N207,Bridge start,111,111
2796,Bridge end (LRP056B),bridge,N207,Bridge end,111,111
2797,Sylhet 49 km (LRP057),link,N207,Sylhet 49 km,111,111
2798,Box Culvert (LRP057A),bridge,N207,Box Culvert,111,111
2799,Sylhet 48 km (LRP058),link,N207,Sylhet 48 km,111,111
2800,Sylhet 47 km (LRP059),link,N207,Sylhet 47 km,111,111
2801,Sylhet 46 km (LRP060),link,N207,Sylhet 46 km,111,111
2802,Box Culvert (LRP060A),bridge,N207,Box Culvert,111,111
2803,Sylhet 45 km (LRP061),link,N207,Sylhet 45 km,111,111
2804,Box Culvert (LRP061A),bridge,N207,Box Culvert,111,111
2805,Bridge start (LRP061B),bridge,N207,Bridge start,111,111
2806,Bridge end (LRP061C),bridge,N207,Bridge end,111,111
2807,Sylhet 44 km (LRP062),link,N207,Sylhet 44 km,111,111
2808,Box Culvert (LRP062A),bridge,N207,Box Culvert,111,111
2809,Sylhet 43 km (LRP063),link,N207,Sylhet 43 km,111,111
2810,Bridge start (LRP063A),bridge,N207,Bridge start,111,111
2811,Bridge end (LRP063B),bridge,N207,Bridge end,111,111
2812,Sylhet 42 km (LRP064),link,N207,Sylhet 42 km,111,111
2813,Bridge start (LRP064A),bridge,N207,Bridge start,111,111
2814,Bridge end (LRP064B),bridge,N207,Bridge end,111,111
2815,Box Culvert (LRP064C),bridge,N207,Box Culvert,110,110
2816,Sylhet 41 km (LRP065),link,N207,Sylhet 41 km,110,110
2817,Sylhet 40 km (LRP066),link,N207,Sylhet 40 km,110,110
2818,Box Culvert (LRP066A),bridge,N207,Box Culvert,110,110
2819,Sylhet 39 km (LRP067),link,N207,Sylhet 39 km,110,110
2820,Sylhet 38 km (LRP068),link,N207,Sylhet 38 km,110,110
