infra_id,infra_label,infra_type,road_name,infra_name,crossing_count,unique_truck_count
5,Box culvert (LRP002A),bridge,N1,Box culvert,77400,77400
3,Km post missing (LRP001),link,N1,Km post missing,77399,77399
6,Km post missing (LRP003),link,N1,Km post missing,77399,77399
4,Km post missing (LRP002),link,N1,Km post missing,77395,77395
8,Road to Narayanganj(R111) (LRP004A),link,N1,Road to Narayanganj(R111),77394,77394
2,Intersection with Z1101 (LRPSB),link,N1,Intersection with Z1101,77391,77391
12,"R110,Left to Demra, Right to Narayanganj (LRP007A)",link,N1,"R110,Left to Demra, Right to Narayanganj",77391,77391
7,Km post missing (LRP004),link,N1,Km post missing,77390,77390
1,Box Culvert (LRPSA),bridge,N1,Box Culvert,77389,77389
17,Road to Sylhet (N2) (LRP009A),link,N1,Road to Sylhet (N2),77388,77388
9,Km post missing (LRP005),link,N1,Km post missing,77387,77387
10,Km post missing (LRP006),link,N1,Km post missing,77387,77387
11,Km post missing (LRP007),link,N1,Km post missing,77387,77387
16,"Chittagong 251 km,Comilla 84 km (LRP009)",link,N1,"Chittagong 251 km,Comilla 84 km",77385,77385
15,Bridge end (LRP008B),bridge,N1,Bridge end,77382,77382
14,Kachpur bridge (LRP008A),bridge,N1,Kachpur bridge,77380,77380
13,Km post missing (LRP008),link,N1,Km post missing,77379,77379
1343,Bridge end (LRP002B),bridge,N2,Bridge end,39645,39645
1345,Road to Demra (R201) (LRP003A),link,N2,Road to Demra (R201),39645,39645
1354,Km post broken (LRP011),link,N2,Km post broken,39645,39645
1356,Km post missing (LRP012),link,N2,Km post missing,39645,39645
1357,Intersection with N105 (LRP012A),link,N2,Intersection with N105,39645,39645
1358,Bridge start (LRP012B),bridge,N2,Bridge start,39645,39645
1346,Information missing (LRP004),link,N2,Information missing,39644,39644
1355,R202 to Rupganj (LRP011A),link,N2,R202 to Rupganj,39644,39644
1351,Sylhet 223 km (LRP008),link,N2,Sylhet 223 km,39643,39643
1352,Km post missing (LRP009),link,N2,Km post missing,39643,39643
1344,Km post missing (LRP003),link,N2,Km post missing,39642,39642
1347,Sylhet 226 km (LRP005),link,N2,Sylhet 226 km,39642,39642
1350,Km post broken (LRP007),link,N2,Km post broken,39642,39642
1353,Km post broken (LRP010),link,N2,Km post broken,39642,39642
1340,Sylhet 230 km (LRP001),link,N2,Sylhet 230 km,39641,39641
1348,Km post broken (LRP006),link,N2,Km post broken,39638,39638
1341,Sylhet 229 km (LRP002),link,N2,Sylhet 229 km,39637,39637
1342,Bridge start (LRP002A),bridge,N2,Bridge start,39637,39637
1349,"Z1090 Left to Keyatpara,Right to Mahajanpur. (LRP006A)",link,N2,"Z1090 Left to Keyatpara,Right to Mahajanpur.",39636,39636
18,Km post missing (LRP010),link,N1,Km post missing,36541,36541
20,Box culvert (LRP010B),bridge,N1,Box culvert,36541,36541
21,Box culvert (LRP010C),bridge,N1,Box culvert,36540,36540
19,Box culvert (LRP010A),bridge,N1,Box culvert,36538,36538
23,Box culvert (LRP011A),bridge,N1,Box culvert,36535,36535
28,Right to Syedpur (R113) left to Joydebpur N105) (LRP012C),link,N1,Right to Syedpur (R113) left to Joydebpur N105),36534,36534
22,Km post missing (LRP011),link,N1,Km post missing,36533,36533
24,Box culvert (LRP011B),bridge,N1,Box culvert,36533,36533
25,"Chittagong 248 km,Comilla 81 km (LRP012)",link,N1,"Chittagong 248 km,Comilla 81 km",36533,36533
26,Bridge start (LRP012A),bridge,N1,Bridge start,36533,36533
27,Bridge end (LRP012B),bridge,N1,Bridge end,36533,36533
1369,Bridge start (LRP016B),bridge,N2,Bridge start,31139,31139
1554,Km post missing (LRP081),link,N2,Km post missing,31076,31076
1555,Box culvert (LRP081A),bridge,N2,Box culvert,31076,31076
1560,Sylhet 149 km (LRP083),link,N2,Sylhet 149 km,31076,31076
1558,Box culvert (LRP082A),bridge,N2,Box culvert,31075,31075
1559,Box culvert (LRP082B),bridge,N2,Box culvert,31075,31075
1552,Sylhet 152 km (LRP080),link,N2,Sylhet 152 km,31074,31074
1557,Sylhet 150 km (LRP082),link,N2,Sylhet 150 km,31074,31074
1481,Sylhet 173 km (LRP058),link,N2,Sylhet 173 km,31073,31073
1486,Sylhet 172 km (LRP059),link,N2,Sylhet 172 km,31073,31073
1487,Box culvert (LRP059A),bridge,N2,Box culvert,31073,31073
1494,Box culvert (LRP061A),bridge,N2,Box culvert,31073,31073
1480,Box culvert (LRP057C),bridge,N2,Box culvert,31072,31072
1482,Bridge start (LRP058A),bridge,N2,Bridge start,31072,31072
1483,Bridge end (LRP058B),bridge,N2,Bridge end,31072,31072
1484,Bridge start (LRP058C),bridge,N2,Bridge start,31072,31072
1485,Bridge end (LRP058D),bridge,N2,Bridge end,31072,31072
1553,Box culvert (LRP080A),bridge,N2,Box culvert,31072,31072
1556,Box culvert (LRP081B),bridge,N2,Box culvert,31072,31072
1385,Sylhet 208 km (LRP023),link,N2,Sylhet 208 km,31071,31071
1392,Sylhet 205 km (LRP026),link,N2,Sylhet 205 km,31071,31071
1472,Box culvert (LRP055B),bridge,N2,Box culvert,31071,31071
1473,Sylhet 175 km (LRP056),link,N2,Sylhet 175 km,31071,31071
1474,Box cuylvert (LRP056A),bridge,N2,Box cuylvert,31071,31071
1475,Bridge start (LRP056B),bridge,N2,Bridge start,31071,31071
1476,Bridge end (LRP056C),bridge,N2,Bridge end,31071,31071
1478,Box culvert (LRP057A),bridge,N2,Box culvert,31071,31071
1479,Box culvert (LRP057B),bridge,N2,Box culvert,31071,31071
1491,Bridge end (LRP060B),bridge,N2,Bridge end,31071,31071
1492,Box culvert (LRP060C),bridge,N2,Box culvert,31071,31071
1390,Box culvert (LRP025A),bridge,N2,Box culvert,31070,31070
1465,Sylhet 178 km (LRP053),link,N2,Sylhet 178 km,31070,31070
1470,Sylhet 176 km (LRP055),link,N2,Sylhet 176 km,31070,31070
1477,Km post missing (LRP057),link,N2,Km post missing,31070,31070
1488,Road to Rajpur (Z2041) (LRP059B),link,N2,Road to Rajpur (Z2041),31070,31070
1489,Sylhet 171 km (LRP060),link,N2,Sylhet 171 km,31070,31070
1561,Sylhet 178 km (LRP084),link,N2,Sylhet 178 km,31070,31070
1564,Box culvert (LRP085A),bridge,N2,Box culvert,31070,31070
1386,Sylhet 207 km (LRP024),link,N2,Sylhet 207 km,31069,31069
1415,Km post broken (LRP036),link,N2,Km post broken,31069,31069
1416,Box culvert (LRP036A),bridge,N2,Box culvert,31069,31069
1438,Box culvert (LRP043A),bridge,N2,Box culvert,31069,31069
1468,Box culvert (LRP054A),bridge,N2,Box culvert,31069,31069
1469,Box culvert (LRP054B),bridge,N2,Box culvert,31069,31069
1471,Road to Belobo(Z2042) (LRP055A),link,N2,Road to Belobo(Z2042),31069,31069
1490,Bridge start (LRP060A),bridge,N2,Bridge start,31069,31069
1493,Sylhet 170 km (LRP061),link,N2,Sylhet 170 km,31069,31069
1495,Sylhet 169 km (LRP062),link,N2,Sylhet 169 km,31069,31069
1500,Bridge end (LRP063B),bridge,N2,Bridge end,31069,31069
1550,Sylhet 153 km (LRP079),link,N2,Sylhet 153 km,31069,31069
1551,Box culvert (LRP079A),bridge,N2,Box culvert,31069,31069
1391,Box culvert (LRP025B),bridge,N2,Box culvert,31068,31068
1393,Km post broken (LRP027),link,N2,Km post broken,31068,31068
1412,Sylhet 196 km (LRP035),link,N2,Sylhet 196 km,31068,31068
1413,Box culvert (LRP035A),bridge,N2,Box culvert,31068,31068
1414,Box culvert (LRP035B),bridge,N2,Box culvert,31068,31068
1439,"R310 to Gazipur ,R211 to Shibpur (LRP043B)",link,N2,"R310 to Gazipur ,R211 to Shibpur",31068,31068
1440,Box culvert (LRP043C),bridge,N2,Box culvert,31068,31068
1441,Sylhet 187 km (LRP044),link,N2,Sylhet 187 km,31068,31068
1443,Z2033 (LRP044B),link,N2,Z2033,31068,31068
1461,Sylhet 180 km (LRP051),link,N2,Sylhet 180 km,31068,31068
1463,Sylhet 179 km (LRP052),link,N2,Sylhet 179 km,31068,31068
1464,Box culvert (LRP052A),bridge,N2,Box culvert,31068,31068
1466,Box culvert (LRP053A),bridge,N2,Box culvert,31068,31068
1467,Sylhet 177 km (LRP054),link,N2,Sylhet 177 km,31068,31068
1497,Bridge end (LRP062B),bridge,N2,Bridge end,31068,31068
1498,Sylhet 168 km (LRP063),link,N2,Sylhet 168 km,31068,31068
1499,Bridge start (LRP063A),bridge,N2,Bridge start,31068,31068
1546,Box culvert (LRP077A),bridge,N2,Box culvert,31068,31068
1562,Box culvert (LRP084A),bridge,N2,Box culvert,31068,31068
1563,Sylhet 147 km (LRP085),link,N2,Sylhet 147 km,31068,31068
1387,Box culvert (LRP024A),bridge,N2,Box culvert,31067,31067
1395,Road to Shakerchar (Z2038) (LRP028A),link,N2,Road to Shakerchar (Z2038),31067,31067
1445,Sylhet 186 km (LRP045),link,N2,Sylhet 186 km,31067,31067
1446,Box culvert (LRP045A),bridge,N2,Box culvert,31067,31067
1455,Box culvert (LRP048A),bridge,N2,Box culvert,31067,31067
1384,Box culvert (LRP022A),bridge,N2,Box culvert,31066,31066
1389,Sylhet 206 km (LRP025),link,N2,Sylhet 206 km,31066,31066
1394,Km post missing (LRP028),link,N2,Km post missing,31066,31066
1407,Sylhet 198 km (LRP033),link,N2,Sylhet 198 km,31066,31066
1408,Box culvert (LRP033A),bridge,N2,Box culvert,31066,31066
1410,R210 to Narsingdi (LRP034A),link,N2,R210 to Narsingdi,31066,31066
1411,Box culvert (LRP034B),bridge,N2,Box culvert,31066,31066
1417,Km post missing (LRP037),link,N2,Km post missing,31066,31066
1418,Bridge start (LRP037A),bridge,N2,Bridge start,31066,31066
1419,Bridge end (LRP037B),bridge,N2,Bridge end,31066,31066
1425,Box culvert (LRP039A),bridge,N2,Box culvert,31066,31066
1442,Box culvert (LRP044A),bridge,N2,Box culvert,31066,31066
1460,Box culvert (LRP050A),bridge,N2,Box culvert,31066,31066
1462,Box culvert (LRP051A),bridge,N2,Box culvert,31066,31066
1544,Bridge end (LRP076B),bridge,N2,Bridge end,31066,31066
1545,Km post missing (LRP077),link,N2,Km post missing,31066,31066
1547,Sylhet 154 km (LRP078),link,N2,Sylhet 154 km,31066,31066
1548,Box culvert (LRP078A),bridge,N2,Box culvert,31066,31066
1388,Box culvert (LRP024B),bridge,N2,Box culvert,31065,31065
1406,Box culvert (LRP032A),bridge,N2,Box culvert,31065,31065
1409,Km post missing (LRP034),link,N2,Km post missing,31065,31065
1424,Sylhet 192 km (LRP039),link,N2,Sylhet 192 km,31065,31065
1451,Sylhet 184 km (LRP047),link,N2,Sylhet 184 km,31065,31065
1452,Box culvert (LRP047A),bridge,N2,Box culvert,31065,31065
1457,Sylhet 182 km (LRP049),link,N2,Sylhet 182 km,31065,31065
1496,Bridge start (LRP062A),bridge,N2,Bridge start,31065,31065
1501,Sylhet 167 km (LRP064),link,N2,Sylhet 167 km,31065,31065
1506,Sylhet 166 km (LRP065),link,N2,Sylhet 166 km,31065,31065
1540,Box culvert (LRP075B),bridge,N2,Box culvert,31065,31065
1541,Box culvert (LRP075C),bridge,N2,Box culvert,31065,31065
1542,Km post missing (LRP076),link,N2,Km post missing,31065,31065
1566,Sylhet 146 km (LRP086),link,N2,Sylhet 146 km,31065,31065
1383,Sylhet 209 km (LRP022),link,N2,Sylhet 209 km,31064,31064
1397,Box culvert (LRP029A),bridge,N2,Box culvert,31064,31064
1398,Box culvert (LRP029B),bridge,N2,Box culvert,31064,31064
1400,Box culvert (LRP030A),bridge,N2,Box culvert,31064,31064
1422,Bridge end (LRP038B),bridge,N2,Bridge end,31064,31064
1423,Box culvert (LRP038C),bridge,N2,Box culvert,31064,31064
1434,Box culvert (LRP042A),bridge,N2,Box culvert,31064,31064
1435,Box culvert (LRP042B),bridge,N2,Box culvert,31064,31064
1436,Box culvert (LRP042C),bridge,N2,Box culvert,31064,31064
1437,Km post missing (LRP043),link,N2,Km post missing,31064,31064
1444,Box culvert (LRP044C),bridge,N2,Box culvert,31064,31064
1458,Box culvert (LRP049A),bridge,N2,Box culvert,31064,31064
1459,Information missing (LRP050),link,N2,Information missing,31064,31064
1502,Box culvert (LRP064A),bridge,N2,Box culvert,31064,31064
1503,Z2032 to Belabo (LRP064B),link,N2,Z2032 to Belabo,31064,31064
1507,Km post broken (LRP066),link,N2,Km post broken,31064,31064
1549,Box culvert (LRP078B),bridge,N2,Box culvert,31064,31064
1565,Box culvert (LRP085B),bridge,N2,Box culvert,31064,31064
1396,Sylhet 202 km (LRP029),link,N2,Sylhet 202 km,31063,31063
1401,"R301 to Ghorashal, Z2047 to Ghorashal / Sylhet 200 km (LRP030B)",link,N2,"R301 to Ghorashal, Z2047 to Ghorashal / Sylhet 200 km",31063,31063
1402,Bridge start (LRP031A),bridge,N2,Bridge start,31063,31063
1403,Bridge end (LRP031B),bridge,N2,Bridge end,31063,31063
1420,Km post missing (LRP038),link,N2,Km post missing,31063,31063
1421,Bridge start (LRP038A),bridge,N2,Bridge start,31063,31063
1431,Box culvert (LRP041A),bridge,N2,Box culvert,31063,31063
1432,Box culvert (LRP041B),bridge,N2,Box culvert,31063,31063
1447,Sylhet 185 km (LRP046),link,N2,Sylhet 185 km,31063,31063
1450,Box culvert (LRP046C),bridge,N2,Box culvert,31063,31063
1453,Box culvert (LRP047B),bridge,N2,Box culvert,31063,31063
1454,Sylhet 183 km (LRP048),link,N2,Sylhet 183 km,31063,31063
1543,Bridge start (LRP076A),bridge,N2,Bridge start,31063,31063
1399,Sylhet 201 km (LRP030),link,N2,Sylhet 201 km,31062,31062
1428,Box culvert (LRP040A),bridge,N2,Box culvert,31062,31062
1429,Box culvert (LRP040B),bridge,N2,Box culvert,31062,31062
1433,Sylhet 189 km (LRP042),link,N2,Sylhet 189 km,31062,31062
1448,Bridge start (LRP046A),bridge,N2,Bridge start,31062,31062
1449,Bridge end (LRP046B),bridge,N2,Bridge end,31062,31062
1456,Box culvert (LRP048B),bridge,N2,Box culvert,31062,31062
1504,Bridge start (LRP064C),bridge,N2,Bridge start,31062,31062
1505,Bridge end (LRP064D),bridge,N2,Bridge end,31062,31062
1508,Box culvert (LRP066A),bridge,N2,Box culvert,31062,31062
1509,Sylhet 164 km (LRP067),link,N2,Sylhet 164 km,31062,31062
1530,Km post missing (LRP073),link,N2,Km post missing,31062,31062
1567,Road to Mainamoti(N102) (LRP086A),link,N2,Road to Mainamoti(N102),31062,31062
1404,Box culvert (LRP031C),bridge,N2,Box culvert,31061,31061
1405,Km post missing (LRP032),link,N2,Km post missing,31061,31061
1426,Box culvert (LRP039B),bridge,N2,Box culvert,31061,31061
1427,Sylhet 191 km (LRP040),link,N2,Sylhet 191 km,31061,31061
1535,Start of Brahamanbaria road Division / Start of Brahamanbaria road Division (LRP074C),link,N2,Start of Brahamanbaria road Division / Start of Brahamanbaria road Division,31061,31061
1538,Km post missing (LRP075),link,N2,Km post missing,31061,31061
1539,Box culvert (LRP075A),bridge,N2,Box culvert,31061,31061
1370,Bridge end (LRP016C),bridge,N2,Bridge end,31060,31060
1371,Km post missing (LRP017),link,N2,Km post missing,31060,31060
1378,Sylhet 211 km (LRP020),link,N2,Sylhet 211 km,31060,31060
1381,Box culvert (LRP021A),bridge,N2,Box culvert,31060,31060
1430,Km post missing (LRP041),link,N2,Km post missing,31060,31060
1516,Sylhet 162 km (LRP069),link,N2,Sylhet 162 km,31060,31060
1379,Box culvert (LRP020A),bridge,N2,Box culvert,31059,31059
1380,Sylhet 210 km (LRP021),link,N2,Sylhet 210 km,31059,31059
1511,Bridge end (LRP067B),bridge,N2,Bridge end,31059,31059
1512,Box culvert (LRP067C),bridge,N2,Box culvert,31059,31059
1513,Sylhet 163 km (LRP068),link,N2,Sylhet 163 km,31059,31059
1514,Box culvert (LRP068A),bridge,N2,Box culvert,31059,31059
1515,Box culvert (LRP068B),bridge,N2,Box culvert,31059,31059
1517,Bridge start (LRP069A),bridge,N2,Bridge start,31059,31059
1518,Bridge end/ Start of Kishoreganj road Division / Bridge end/ Start of Kishoreganj road Division (LRP069B),bridge,N2,Bridge end/ Start of Kishoreganj road Division / Bridge end/ Start of Kishoreganj road Division,31059,31059
1525,Road to Kishoreganj(R360) (LRP071A),link,N2,Road to Kishoreganj(R360),31059,31059
1531,Bridge end (LRP073A),bridge,N2,Bridge end,31059,31059
1532,Km post missing (LRP074),link,N2,Km post missing,31059,31059
1533,Over pass (LRP074A),bridge,N2,Over pass,31059,31059
1534,Road to Nabinagar (Z2031) (LRP074B),link,N2,Road to Nabinagar (Z2031),31059,31059
1536,Box Culvert (LRP074D),bridge,N2,Box Culvert,31059,31059
1537,Box Culvert (LRP074E),bridge,N2,Box Culvert,31059,31059
1364,Box culvert (LRP014A),bridge,N2,Box culvert,31058,31058
1373,Sylhet 213 km (LRP018),link,N2,Sylhet 213 km,31058,31058
1376,Start of Narsingdi road Division / Start of Narsingdi road Division (LRP019A),link,N2,Start of Narsingdi road Division / Start of Narsingdi road Division,31058,31058
1377,Box Culvert (LRP019B),bridge,N2,Box Culvert,31058,31058
1382,Box culvert (LRP021B),bridge,N2,Box culvert,31058,31058
1510,Bridge start (LRP067A),bridge,N2,Bridge start,31058,31058
1362,Km post broken (LRP013),link,N2,Km post broken,31057,31057
1363,Km post missing (LRP014),link,N2,Km post missing,31057,31057
1366,Box culvert (LRP015A),bridge,N2,Box culvert,31057,31057
1375,Km post missing (LRP019),link,N2,Km post missing,31057,31057
1521,Bridge end (LRP070B),bridge,N2,Bridge end,31057,31057
1522,Box culvert (LRP070C),bridge,N2,Box culvert,31057,31057
1524,Km post missing (LRP071),link,N2,Km post missing,31057,31057
1372,Box culvert (LRP017A),bridge,N2,Box culvert,31056,31056
1374,Box culvert (LRP018A),bridge,N2,Box culvert,31056,31056
1519,Km post missing (LRP070),link,N2,Km post missing,31056,31056
1520,Bridge start (LRP070A),bridge,N2,Bridge start,31056,31056
1523,Box culvert (LRP070D),bridge,N2,Box culvert,31056,31056
1527,Km post missing (LRP072),link,N2,Km post missing,31056,31056
1361,Box culvert (LRP012E),bridge,N2,Box culvert,31055,31055
1365,Km post missing (LRP015),link,N2,Km post missing,31055,31055
1526,Start of Narsingdi road Division / Start of Narsingdi road Division (LRP071B),link,N2,Start of Narsingdi road Division / Start of Narsingdi road Division,31055,31055
1529,Bhairab Bridge (LRP072B),bridge,N2,Bhairab Bridge,31055,31055
1359,Bridge end (LRP012C),bridge,N2,Bridge end,31054,31054
1360,R203 to Ramchandri (LRP012D),link,N2,R203 to Ramchandri,31054,31054
1528,Box Culvert (LRP072A),bridge,N2,Box Culvert,31054,31054
1367,Sylhet 215 km (LRP016),link,N2,Sylhet 215 km,31053,31053
1368,Box culvert (LRP016A),bridge,N2,Box culvert,31053,31053
1650,Sylhet 116 km (LRP116),link,N2,Sylhet 116 km,28597,28597
1651,Bridge start (LRP116A),bridge,N2,Bridge start,28597,28597
1652,Bridge end (LRP116B),bridge,N2,Bridge end,28597,28597
1646,Bridge end (LRP114B),bridge,N2,Bridge end,28596,28596
1608,Sylhet 132 km (LRP100),link,N2,Sylhet 132 km,28595,28595
1643,Bridge end (LRP113B),bridge,N2,Bridge end,28595,28595
1644,Sylhet 118 km (LRP114),link,N2,Sylhet 118 km,28595,28595
1653,Sylhet 115 km (LRP117),link,N2,Sylhet 115 km,28595,28595
1654,Box culvert (LRP117A),bridge,N2,Box culvert,28595,28595
1610,Sylhet 131 km (LRP101),link,N2,Sylhet 131 km,28594,28594
1645,Bridge start (LRP114A),bridge,N2,Bridge start,28594,28594
1649,Bridge end (LRP115B),bridge,N2,Bridge end,28594,28594
1655,Road to Chunarughat(N204) (LRP117B),link,N2,Road to Chunarughat(N204),28594,28594
1604,Bridge end (LRP098B),bridge,N2,Bridge end,28593,28593
1609,Box culvert (LRP100A),bridge,N2,Box culvert,28593,28593
1647,Sylhet 117 km (LRP115),link,N2,Sylhet 117 km,28593,28593
1648,Bridge start (LRP115A),bridge,N2,Bridge start,28593,28593
1598,Sylhet 135 km (LRP097),link,N2,Sylhet 135 km,28592,28592
1599,Box culvert (LRP097A),bridge,N2,Box culvert,28592,28592
1607,Bridge end (LRP099B),bridge,N2,Bridge end,28592,28592
1596,Sylhet 136 km (LRP096),link,N2,Sylhet 136 km,28591,28591
1597,Box culvert (LRP096A),bridge,N2,Box culvert,28591,28591
1600,Bridge start (LRP097B),bridge,N2,Bridge start,28591,28591
1601,Bridge end (LRP097C),bridge,N2,Bridge end,28591,28591
1602,Km post missing (LRP098),link,N2,Km post missing,28591,28591
1603,Bridge start (LRP098A),bridge,N2,Bridge start,28591,28591
1612,Bridge end (LRP101B),bridge,N2,Bridge end,28591,28591
1613,Sylhet 130 km (LRP102),link,N2,Sylhet 130 km,28591,28591
1628,Information missing (LRP108),link,N2,Information missing,28591,28591
1633,Sylhet 122 km (LRP110),link,N2,Sylhet 122 km,28591,28591
1594,Km post missing (LRP095),link,N2,Km post missing,28590,28590
1595,Box culvert (LRP095A),bridge,N2,Box culvert,28590,28590
1605,Km post missing (LRP099),link,N2,Km post missing,28590,28590
1606,Bridge start (LRP099A),bridge,N2,Bridge start,28590,28590
1611,Bridge start (LRP101A),bridge,N2,Bridge start,28590,28590
1614,Box culvert (LRP102A),bridge,N2,Box culvert,28590,28590
1635,Bridge end (LRP110B),bridge,N2,Bridge end,28590,28590
1639,Sylhet 120 km (LRP112),link,N2,Sylhet 120 km,28590,28590
1640,Box culvert (LRP112A),bridge,N2,Box culvert,28590,28590
1641,Sylhet 119 km (LRP113),link,N2,Sylhet 119 km,28590,28590
1642,Bridge start (LRP113A),bridge,N2,Bridge start,28590,28590
1591,Bridge end (LRP094B),bridge,N2,Bridge end,28589,28589
1592,Bridge start (LRP094C),bridge,N2,Bridge start,28589,28589
1593,Bridge end (LRP094D),bridge,N2,Bridge end,28589,28589
1632,Box culvert (LRP109A),bridge,N2,Box culvert,28589,28589
1634,Bridge start (LRP110A),bridge,N2,Bridge start,28589,28589
1638,Bridge end (LRP111B),bridge,N2,Bridge end,28589,28589
1589,Sylhet 138 km (LRP094),link,N2,Sylhet 138 km,28588,28588
1590,Bridge start (LRP094A),bridge,N2,Bridge start,28588,28588
1616,Sylhet 129 km (LRP103),link,N2,Sylhet 129 km,28588,28588
1619,Box culvert (LRP104A),bridge,N2,Box culvert,28588,28588
1623,Km post missing (LRP106),link,N2,Km post missing,28588,28588
1626,Box culvert (LRP107A),bridge,N2,Box culvert,28588,28588
1636,Sylhet 121 km (LRP111),link,N2,Sylhet 121 km,28588,28588
1637,Bridge start (LRP111A),bridge,N2,Bridge start,28588,28588
1588,Box culvert (LRP093A),bridge,N2,Box culvert,28587,28587
1615,Box culvert (LRP102B),bridge,N2,Box culvert,28587,28587
1625,Sylhet 125 km (LRP107),link,N2,Sylhet 125 km,28587,28587
1627,Box culvert (LRP107B),bridge,N2,Box culvert,28587,28587
1586,Bridge end (LRP092C),bridge,N2,Bridge end,28586,28586
1587,Sylhet 139 km (LRP093),link,N2,Sylhet 139 km,28586,28586
1617,Box culvert (LRP103A),bridge,N2,Box culvert,28586,28586
1618,Sylhet 128 km (LRP104),link,N2,Sylhet 128 km,28586,28586
1630,Bridge end (LRP108B),bridge,N2,Bridge end,28586,28586
1631,Km post missing (LRP109),link,N2,Km post missing,28586,28586
1629,Bridge start/ Start of Habiganj road Division / Bridge start/ Start of Habiganj road Division (LRP108A),bridge,N2,Bridge start/ Start of Habiganj road Division / Bridge start/ Start of Habiganj road Division,28585,28585
1620,Box culvert (LRP104B),bridge,N2,Box culvert,28584,28584
1621,Sylhet 127 km (LRP105),link,N2,Sylhet 127 km,28584,28584
1622,Box culvert (LRP105A),bridge,N2,Box culvert,28584,28584
1584,Box culvert (LRP092A),bridge,N2,Box culvert,28583,28583
1585,Bridge start (LRP092B),bridge,N2,Bridge start,28583,28583
1624,Box culvert (LRP106A),bridge,N2,Box culvert,28583,28583
1577,Sylhet 142 km (LRP090),link,N2,Sylhet 142 km,28582,28582
1579,Bridge end (LRP090B),bridge,N2,Bridge end,28582,28582
1582,Bridge end (LRP091B),bridge,N2,Bridge end,28582,28582
1578,Bridge start (LRP090A),bridge,N2,Bridge start,28581,28581
1580,Sylhet 141 km (LRP091),link,N2,Sylhet 141 km,28580,28580
1581,Bridge start (LRP091A),bridge,N2,Bridge start,28580,28580
1583,Sylhet 140 km (LRP092),link,N2,Sylhet 140 km,28580,28580
1568,Km post missing (LRP087),link,N2,Km post missing,28579,28579
1569,Road to Nasimagar(R220) (LRP087A),link,N2,Road to Nasimagar(R220),28579,28579
1572,Sylhet 144 km (LRP088),link,N2,Sylhet 144 km,28579,28579
1574,Sylhet 143 km (LRP089),link,N2,Sylhet 143 km,28579,28579
1575,Bridge start (LRP089A),bridge,N2,Bridge start,28578,28578
1576,Bridge end (LRP089B),bridge,N2,Bridge end,28578,28578
1570,Bridge start (LRP087B),bridge,N2,Bridge start,28576,28576
1571,Bridge end (LRP087C),bridge,N2,Bridge end,28576,28576
1573,Box culvert (LRP088A),bridge,N2,Box culvert,28576,28576
1688,Box culvert (LRP125A),bridge,N2,Box culvert,27390,27390
1744,Sylhet 91 km (LRP141),link,N2,Sylhet 91 km,27389,27389
1742,Box culvert (LRP140A),bridge,N2,Box culvert,27388,27388
1743,Box culvert (LRP140B),bridge,N2,Box culvert,27388,27388
1660,Box culvert (LRP118A),bridge,N2,Box culvert,27387,27387
1666,Box culvert (LRP119B),bridge,N2,Box culvert,27387,27387
1739,Box culvert (LRP139B),bridge,N2,Box culvert,27387,27387
1741,Sylhet 92 km (LRP140),link,N2,Sylhet 92 km,27387,27387
1661,Box culvert (LRP118B),bridge,N2,Box culvert,27386,27386
1662,Box culvert (LRP118C),bridge,N2,Box culvert,27386,27386
1663,Box culvert (LRP118D),bridge,N2,Box culvert,27386,27386
1664,Km post missing (LRP119),link,N2,Km post missing,27386,27386
1665,Box culvert (LRP119A),bridge,N2,Box culvert,27386,27386
1738,Box culvert (LRP139A),bridge,N2,Box culvert,27386,27386
1745,Box culvert (LRP141A),bridge,N2,Box culvert,27386,27386
1746,Sylhet 90 km (LRP142),link,N2,Sylhet 90 km,27386,27386
1747,Box culvert (LRP142A),bridge,N2,Box culvert,27386,27386
1748,R240 to Habiganj / N204 to Chunarughat (LRP142B),link,N2,R240 to Habiganj / N204 to Chunarughat,27386,27386
1674,Box culvert (LRP121A),bridge,N2,Box culvert,27385,27385
1675,Sylhet 110 km (LRP122),link,N2,Sylhet 110 km,27385,27385
1689,Box culvert (LRP125B),bridge,N2,Box culvert,27385,27385
1690,Box culvert (LRP125C),bridge,N2,Box culvert,27385,27385
1691,Box culvert (LRP125D),bridge,N2,Box culvert,27385,27385
1692,Sylhet 106 km (LRP126),link,N2,Sylhet 106 km,27385,27385
1740,Box culvert (LRP139C),bridge,N2,Box culvert,27385,27385
1657,Box culvert (LRP117D),bridge,N2,Box culvert,27384,27384
1658,Box culvert (LRP117E),bridge,N2,Box culvert,27384,27384
1659,Sylhet 114 km (LRP118),link,N2,Sylhet 114 km,27384,27384
1667,Box culvert (LRP119C),bridge,N2,Box culvert,27384,27384
1668,Box culvert (LRP119D),bridge,N2,Box culvert,27384,27384
1671,Box culvert (LRP120B),bridge,N2,Box culvert,27384,27384
1673,Sylhet 111 km (LRP121),link,N2,Sylhet 111 km,27384,27384
1684,Box culvert (LRP124B),bridge,N2,Box culvert,27384,27384
1685,Bridge start (LRP124C),bridge,N2,Bridge start,27384,27384
1686,Bridge end (LRP124D),bridge,N2,Bridge end,27384,27384
1687,Sylhet 107 km (LRP125),link,N2,Sylhet 107 km,27384,27384
1702,Box culvert (LRP128A),bridge,N2,Box culvert,27384,27384
1703,Box culvert (LRP128B),bridge,N2,Box culvert,27384,27384
1711,Box culvert (LRP130C),bridge,N2,Box culvert,27384,27384
1656,Box culvert (LRP117C),bridge,N2,Box culvert,27383,27383
1669,Sylhet 112 km (LRP120),link,N2,Sylhet 112 km,27383,27383
1670,Box culvert (LRP120A),bridge,N2,Box culvert,27383,27383
1672,Box culvert (LRP120C),bridge,N2,Box culvert,27383,27383
1682,Sylhet 108 km (LRP124),link,N2,Sylhet 108 km,27383,27383
1683,Box culvert (LRP124A),bridge,N2,Box culvert,27383,27383
1694,Box culvert (LRP126B),bridge,N2,Box culvert,27383,27383
1704,Sylhet 103 km (LRP129),link,N2,Sylhet 103 km,27383,27383
1705,Box culvert (LRP129A),bridge,N2,Box culvert,27383,27383
1707,Box culvert (LRP129C),bridge,N2,Box culvert,27383,27383
1708,Sylhet 102 km (LRP130),link,N2,Sylhet 102 km,27383,27383
1710,Box culvert (LRP130B),bridge,N2,Box culvert,27383,27383
1713,Sylhet 101 km (LRP131),link,N2,Sylhet 101 km,27383,27383
1714,Box culvert (LRP131A),bridge,N2,Box culvert,27383,27383
1715,Box culvert (LRP131B),bridge,N2,Box culvert,27383,27383
1732,Box culvert (LRP136B),bridge,N2,Box culvert,27383,27383
1736,Box culvert (LRP138A),bridge,N2,Box culvert,27383,27383
1737,Sylhet 93 km (LRP139),link,N2,Sylhet 93 km,27383,27383
1677,Box culvert (LRP122B),bridge,N2,Box culvert,27382,27382
1679,Box culvert (LRP123A),bridge,N2,Box culvert,27382,27382
1680,Box culvert (LRP123B),bridge,N2,Box culvert,27382,27382
1681,Box culvert (LRP123C),bridge,N2,Box culvert,27382,27382
1693,Box culvert (LRP126A),bridge,N2,Box culvert,27382,27382
1699,Box culvert (LRP127B),bridge,N2,Box culvert,27382,27382
1701,Sylhet 104 km (LRP128),link,N2,Sylhet 104 km,27382,27382
1717,Rail Road Crossing (LRP132A),link,N2,Rail Road Crossing,27382,27382
1728,Sylhet 97 km (LRP135),link,N2,Sylhet 97 km,27382,27382
1729,Box culvert (LRP135A),bridge,N2,Box culvert,27382,27382
1730,Sylhet 96 km (LRP136),link,N2,Sylhet 96 km,27382,27382
1731,R221 (LRP136A),link,N2,R221,27382,27382
1733,Sylhet 95 km (LRP137),link,N2,Sylhet 95 km,27382,27382
1734,Box culvert (LRP137A),bridge,N2,Box culvert,27382,27382
1676,Box culvert (LRP122A),bridge,N2,Box culvert,27381,27381
1678,Sylhet 109 km (LRP123),link,N2,Sylhet 109 km,27381,27381
1695,Box culvert (LRP126C),bridge,N2,Box culvert,27381,27381
1696,Box culvert (LRP126D),bridge,N2,Box culvert,27381,27381
1697,Sylhet 105 km (LRP127),link,N2,Sylhet 105 km,27381,27381
1698,Box culvert (LRP127A),bridge,N2,Box culvert,27381,27381
1700,Box culvert (LRP127C),bridge,N2,Box culvert,27381,27381
1706,Box culvert (LRP129B),bridge,N2,Box culvert,27381,27381
1709,Box culvert (LRP130A),bridge,N2,Box culvert,27381,27381
1712,Box culvert (LRP130D),bridge,N2,Box culvert,27381,27381
1716,Sylhet 100 km (LRP132),link,N2,Sylhet 100 km,27381,27381
1721,Box culvert (LRP133A),bridge,N2,Box culvert,27381,27381
1735,Sylhet 94 km (LRP138),link,N2,Sylhet 94 km,27381,27381
1718,Box culvert (LRP132B),bridge,N2,Box culvert,27380,27380
1720,Sylhet 99 km (LRP133),link,N2,Sylhet 99 km,27380,27380
1719,Box culvert (LRP132C),bridge,N2,Box culvert,27379,27379
1725,Box culvert (LRP134C),bridge,N2,Box culvert,27379,27379
1726,Box culvert (LRP134D),bridge,N2,Box culvert,27379,27379
1724,Bridge end (LRP134B),bridge,N2,Bridge end,27378,27378
1727,Box culvert (LRP134E),bridge,N2,Box culvert,27378,27378
1722,Sylhet 98 km (LRP134),link,N2,Sylhet 98 km,27375,27375
1723,Bridge start (LRP134A),bridge,N2,Bridge start,27375,27375
239,Bridge end (LRP110B),bridge,N1,Bridge end,27287,27287
236,Km post missing (LRP109),link,N1,Km post missing,27286,27286
240,Km post missing (LRP111),link,N1,Km post missing,27285,27285
237,Km post missing (LRP110),link,N1,Km post missing,27284,27284
238,Bridge start (LRP110A),bridge,N1,Bridge start,27284,27284
231,Km post missing (LRP107),link,N1,Km post missing,27283,27283
232,Km post missing (LRP108),link,N1,Km post missing,27283,27283
235,Road to Harishchar (Z1046) (LRP108C),link,N1,Road to Harishchar (Z1046),27283,27283
241,Bridge start (LRP111A),bridge,N1,Bridge start,27283,27283
242,Bridge end (LRP111B),bridge,N1,Bridge end,27283,27283
225,Box culvert (LRP104A),bridge,N1,Box culvert,27282,27282
226,"Ctg 156 km,Feni 43 km (LRP105)",link,N1,"Ctg 156 km,Feni 43 km",27282,27282
228,Bridge end (LRP105B),bridge,N1,Bridge end,27282,27282
233,Bridge start (LRP108A),bridge,N1,Bridge start,27282,27282
234,Bridge end (LRP108B),bridge,N1,Bridge end,27282,27282
229,Km post missing (LRP106),link,N1,Km post missing,27281,27281
244,Km post missing (LRP112),link,N1,Km post missing,27281,27281
246,Km post missing (LRP113),link,N1,Km post missing,27281,27281
249,Km post missing (LRP114),link,N1,Km post missing,27281,27281
223,Km post missing (LRP103),link,N1,Km post missing,27280,27280
227,Bridge start (LRP105A),bridge,N1,Bridge start,27280,27280
230,Box culvert (LRP106A),bridge,N1,Box culvert,27280,27280
243,Box culvert (LRP111C),bridge,N1,Box culvert,27280,27280
245,Box culvert (LRP112A),bridge,N1,Box culvert,27280,27280
248,Bridge end (LRP113B),bridge,N1,Bridge end,27280,27280
250,Box culvert (LRP114A),bridge,N1,Box culvert,27280,27280
335,Intersection with N104 / Km post missing (LRP148A),link,N1,Intersection with N104 / Km post missing,27280,27280
217,Box culvert (LRP101A),bridge,N1,Box culvert,27279,27279
220,Km post missing (LRP102),link,N1,Km post missing,27279,27279
224,Km post missing (LRP104),link,N1,Km post missing,27279,27279
247,Bridge start (LRP113A),bridge,N1,Bridge start,27279,27279
251,Km post missing (LRP115),link,N1,Km post missing,27279,27279
188,Km post missing (LRP086),link,N1,Km post missing,27278,27278
215,Km post missing (LRP100),link,N1,Km post missing,27278,27278
216,Km post missing (LRP101),link,N1,Km post missing,27278,27278
218,Box culvert (LRP101B),bridge,N1,Box culvert,27278,27278
219,Box culvert (LRP101C),bridge,N1,Box culvert,27278,27278
330,Road to Biroli (Z1030) (LRP146A),link,N1,Road to Biroli (Z1030),27278,27278
334,Km post missing (LRP148),link,N1,Km post missing,27278,27278
221,Bridge start (LRP102A),bridge,N1,Bridge start,27277,27277
222,Bridge end (LRP102B),bridge,N1,Bridge end,27277,27277
253,Km post missing (LRP116),link,N1,Km post missing,27277,27277
331,"Ctg 98 km,Feni 2 km (LRP147)",link,N1,"Ctg 98 km,Feni 2 km",27277,27277
332,Box culvert (LRP147A),bridge,N1,Box culvert,27277,27277
333,Box culvert (LRP147B),bridge,N1,Box culvert,27277,27277
187,Km post missing (LRP085),link,N1,Km post missing,27276,27276
214,Bridge end (LRP099B),bridge,N1,Bridge end,27276,27276
186,Box culvert (LRP084B),bridge,N1,Box culvert,27275,27275
252,Box culvert (LRP115A),bridge,N1,Box culvert,27275,27275
321,Road to Karerhat (Z1031) (LRP142A),link,N1,Road to Karerhat (Z1031),27275,27275
322,Ctg 102 km (LRP143),link,N1,Ctg 102 km,27275,27275
323,Z1031 (LRP143A),link,N1,Z1031,27275,27275
326,Rail Road Crossing (LRP144B),link,N1,Rail Road Crossing,27275,27275
327,Km post missing (LRP145),link,N1,Km post missing,27275,27275
328,Box culvert (LRP145A),bridge,N1,Box culvert,27275,27275
196,Km post missing (LRP090),link,N1,Km post missing,27274,27274
209,Ctg 164 km (LRP097),link,N1,Ctg 164 km,27274,27274
254,Km post missing (LRP117),link,N1,Km post missing,27274,27274
324,Ctg 101 km (LRP144),link,N1,Ctg 101 km,27274,27274
325,Box culvert (LRP144A),bridge,N1,Box culvert,27274,27274
329,"Ctg 99 km,Feni 3 km (LRP146)",link,N1,"Ctg 99 km,Feni 3 km",27274,27274
198,Km post missing (LRP092),link,N1,Km post missing,27273,27273
257,Box culvert (LRP117C),bridge,N1,Box culvert,27273,27273
318,Start of Feni road Division / Start of Feni road Division (LRP141A),link,N1,Start of Feni road Division / Start of Feni road Division,27273,27273
189,Km post missing (LRP087),link,N1,Km post missing,27272,27272
191,Cross road Z1029 (LRP088A),link,N1,Cross road Z1029,27272,27272
197,Ctg 170 km (LRP091),link,N1,Ctg 170 km,27272,27272
211,Box culvert (LRP098A),bridge,N1,Box culvert,27272,27272
212,Ctg 162 km (LRP099),link,N1,Ctg 162 km,27272,27272
213,Bridge start (LRP099A),bridge,N1,Bridge start,27272,27272
319,Box Culvert (LRP141B),bridge,N1,Box Culvert,27272,27272
320,Ctg 103 km (LRP142),link,N1,Ctg 103 km,27272,27272
192,Km post missing (LRP089),link,N1,Km post missing,27271,27271
208,Km post missing (LRP096),link,N1,Km post missing,27271,27271
255,Box culvert (LRP117A),bridge,N1,Box culvert,27271,27271
256,Box culvert (LRP117B),bridge,N1,Box culvert,27271,27271
259,Box culvert (LRP118A),bridge,N1,Box culvert,27271,27271
274,Km post missing (LRP123),link,N1,Km post missing,27271,27271
278,Km post missing (LRP125),link,N1,Km post missing,27271,27271
284,Box culvert (LRP127A),bridge,N1,Box culvert,27271,27271
285,Ctg 133 km (LRP128),link,N1,Ctg 133 km,27271,27271
190,Km post missing (LRP088),link,N1,Km post missing,27270,27270
202,Rail Road Crossing (LRP093C),link,N1,Rail Road Crossing,27270,27270
258,Km post missing (LRP118),link,N1,Km post missing,27270,27270
263,Bridge end (LRP119C),bridge,N1,Bridge end,27270,27270
266,Box culvert (LRP120A),bridge,N1,Box culvert,27270,27270
270,Box culvert (LRP121B),bridge,N1,Box culvert,27270,27270
283,Km post missing (LRP127),link,N1,Km post missing,27270,27270
288,Km post missing (LRP129),link,N1,Km post missing,27270,27270
316,Box culvert (LRP140A),bridge,N1,Box culvert,27270,27270
317,Km post missing (LRP141),link,N1,Km post missing,27270,27270
193,Bridge start (LRP089A),bridge,N1,Bridge start,27269,27269
194,Bridge end (LRP089B),bridge,N1,Bridge end,27269,27269
195,Cross Road with Z1052 (LRP089C),link,N1,Cross Road with Z1052,27269,27269
261,Box culvert (LRP119A),bridge,N1,Box culvert,27269,27269
262,Bridge start (LRP119B),bridge,N1,Bridge start,27269,27269
268,Km post missing (LRP121),link,N1,Km post missing,27269,27269
269,Box culvert (LRP121A),bridge,N1,Box culvert,27269,27269
271,Km post missing (LRP122),link,N1,Km post missing,27269,27269
272,Road to Bangadda (Z1045) (LRP122A),link,N1,Road to Bangadda (Z1045),27269,27269
279,Box culvert (LRP125A),bridge,N1,Box culvert,27269,27269
282,Bridge end (LRP126B),bridge,N1,Bridge end,27269,27269
199,Ctg 168 km (LRP093),link,N1,Ctg 168 km,27268,27268
200,Bridge start (LRP093A),bridge,N1,Bridge start,27268,27268
201,Bridge end (LRP093B),bridge,N1,Bridge end,27268,27268
207,Bridge end (LRP095B),bridge,N1,Bridge end,27268,27268
210,Ctg 163 km (LRP098),link,N1,Ctg 163 km,27268,27268
260,Km post missing (LRP119),link,N1,Km post missing,27268,27268
264,Box culvert (LRP119D),bridge,N1,Box culvert,27268,27268
265,Km post missing (LRP120),link,N1,Km post missing,27268,27268
267,Box culvert (LRP120B),bridge,N1,Box culvert,27268,27268
273,Box culvert (LRP122B),bridge,N1,Box culvert,27268,27268
275,Box culvert (LRP123A),bridge,N1,Box culvert,27268,27268
276,Km post missing (LRP124),link,N1,Km post missing,27268,27268
280,Km post missing (LRP126),link,N1,Km post missing,27268,27268
281,Bridge start (LRP126A),bridge,N1,Bridge start,27268,27268
287,Bridge end (LRP128B),bridge,N1,Bridge end,27268,27268
309,Km post missing (LRP138),link,N1,Km post missing,27268,27268
310,Box culvert (LRP138A),bridge,N1,Box culvert,27268,27268
311,Km post missing (LRP139),link,N1,Km post missing,27268,27268
312,Box culvertt (LRP139A),bridge,N1,Box culvertt,27268,27268
313,Bridge start (LRP139B),bridge,N1,Bridge start,27268,27268
314,Bridge end (LRP139C),bridge,N1,Bridge end,27268,27268
315,Ctg 122 km (LRP140),link,N1,Ctg 122 km,27268,27268
203,Km post missing (LRP094),link,N1,Km post missing,27267,27267
204,Left to Comilla Right to Noakhali (LRP094A),link,N1,Left to Comilla Right to Noakhali,27267,27267
205,"Ctg 66 km,Feni 52 km (LRP095)",link,N1,"Ctg 66 km,Feni 52 km",27267,27267
277,Box culvert (LRP124A),bridge,N1,Box culvert,27267,27267
286,Bridge start (LRP128A),bridge,N1,Bridge start,27267,27267
307,Box culvert (LRP137A),bridge,N1,Box culvert,27267,27267
206,Bridge start (LRP095A),bridge,N1,Bridge start,27266,27266
289,Box culvert (LRP129A),bridge,N1,Box culvert,27266,27266
290,Km post missing (LRP130),link,N1,Km post missing,27266,27266
296,Box culvert (LRP132A),bridge,N1,Box culvert,27266,27266
302,"Ctg 127 km,Feni 16 km (LRP135)",link,N1,"Ctg 127 km,Feni 16 km",27266,27266
308,Box culvert (LRP137B),bridge,N1,Box culvert,27266,27266
294,Box culvert (LRP131A),bridge,N1,Box culvert,27264,27264
295,Km post missing (LRP132),link,N1,Km post missing,27264,27264
305,Box culvert (LRP136B),bridge,N1,Box culvert,27264,27264
291,Road to Nangolhat (Z1048) (LRP130A),link,N1,Road to Nangolhat (Z1048),27263,27263
292,Box culvert (LRP130B),bridge,N1,Box culvert,27263,27263
293,Km post missing (LRP131),link,N1,Km post missing,27263,27263
298,Box culvert (LRP133A),bridge,N1,Box culvert,27263,27263
304,Box culvert (LRP136A),bridge,N1,Box culvert,27263,27263
306,Km post missing (LRP137),link,N1,Km post missing,27263,27263
297,Km post missing (LRP133),link,N1,Km post missing,27262,27262
299,Box culvert (LRP133B),bridge,N1,Box culvert,27262,27262
300,Km post missing (LRP134),link,N1,Km post missing,27262,27262
301,Box culvert (LRP134A),bridge,N1,Box culvert,27262,27262
303,Km post missing (LRP136),link,N1,Km post missing,27262,27262
147,Km post Missing (LRP062),link,N1,Km post Missing,27163,27163
159,Km post Missing (LRP069),link,N1,Km post Missing,27163,27163
157,Km post Missing (LRP068),link,N1,Km post Missing,27162,27162
148,Km post Missing (LRP063),link,N1,Km post Missing,27161,27161
149,"Z1017, Road to Companiganj (LRP063A)",link,N1,"Z1017, Road to Companiganj",27161,27161
156,Ctg 191 km (LRP067),link,N1,Ctg 191 km,27161,27161
113,Km post broken (LRP043),link,N1,Km post broken,27160,27160
151,Box culvert (LRP063C),bridge,N1,Box culvert,27160,27160
152,Km post Missing (LRP064),link,N1,Km post Missing,27160,27160
153,Km post Missing (LRP065),link,N1,Km post Missing,27160,27160
158,Box culvert (LRP068A),bridge,N1,Box culvert,27160,27160
160,Km post Missing (LRP070),link,N1,Km post Missing,27160,27160
163,Ctg 188 km (LRP071),link,N1,Ctg 188 km,27160,27160
29,"Ctg 247 km,Comilla 80 km (LRP013)",link,N1,"Ctg 247 km,Comilla 80 km",27159,27159
30,Box culvert (LRP013A),bridge,N1,Box culvert,27159,27159
150,Box culvert (LRP063B),bridge,N1,Box culvert,27159,27159
154,Km post Missing (LRP066),link,N1,Km post Missing,27159,27159
162,Road to Jhalam (Z1022) (LRP070B),link,N1,Road to Jhalam (Z1022),27159,27159
146,Km post Missing (LRP061),link,N1,Km post Missing,27158,27158
155,Box culvert (LRP066A),bridge,N1,Box culvert,27158,27158
166,Bridge end (LRP072B),bridge,N1,Bridge end,27157,27157
167,Ctg 187 km (LRP073),link,N1,Ctg 187 km,27157,27157
168,Km post missing (LRP074),link,N1,Km post missing,27157,27157
31,Km post missing (LRP014),link,N1,Km post missing,27156,27156
33,Box culvert (LRP015A),bridge,N1,Box culvert,27156,27156
34,Km post missing (LRP016),link,N1,Km post missing,27156,27156
107,Box culvert (LRP039A),bridge,N1,Box culvert,27156,27156
141,Km post Missing (LRP058),link,N1,Km post Missing,27156,27156
143,Km post Missing (LRP059),link,N1,Km post Missing,27156,27156
161,Road to Debiduar (Z1008) (LRP070A),link,N1,Road to Debiduar (Z1008),27156,27156
164,"Ctg 188 km,Comilla 20 km (LRP072)",link,N1,"Ctg 188 km,Comilla 20 km",27156,27156
165,Bridge start (LRP072A),bridge,N1,Bridge start,27156,27156
35,Road to MinanbariZ1061) (LRP016A),link,N1,Road to MinanbariZ1061),27155,27155
108,Km post missing (LRP040),link,N1,Km post missing,27155,27155
109,Km post missing (LRP041),link,N1,Km post missing,27155,27155
110,Ctg 214 km (LRP042),link,N1,Ctg 214 km,27155,27155
114,Km post Missing (LRP044),link,N1,Km post Missing,27155,27155
116,Box culvert (LRP045A),bridge,N1,Box culvert,27155,27155
118,"Z1402, road to Pennai (LRP046A)",link,N1,"Z1402, road to Pennai",27155,27155
119,"Z1053, Road to Homna (LRP046B)",link,N1,"Z1053, Road to Homna",27155,27155
139,"Z1042, road to Bancharampur (LRP056C)",link,N1,"Z1042, road to Bancharampur",27155,27155
140,Km post Missing (LRP057),link,N1,Km post Missing,27155,27155
142,Box culvert (LRP058A),bridge,N1,Box culvert,27155,27155
144,Km post Missing (LRP060),link,N1,Km post Missing,27155,27155
145,Box culvert (LRP060A),bridge,N1,Box culvert,27155,27155
32,Km post missing (LRP015),link,N1,Km post missing,27154,27154
115,Km post Missing (LRP045),link,N1,Km post Missing,27154,27154
117,Km post Missing (LRP046),link,N1,Km post Missing,27154,27154
135,Km post Missing (LRP055),link,N1,Km post Missing,27154,27154
171,Ctg 184 km (LRP076),link,N1,Ctg 184 km,27154,27154
37,Bridge end (LRP016C),bridge,N1,Bridge end,27153,27153
38,Km post missing (LRP017),link,N1,Km post missing,27153,27153
136,Km post Missing (LRP056),link,N1,Km post Missing,27153,27153
137,Bridge start (LRP056A),bridge,N1,Bridge start,27153,27153
138,Bridge end (LRP056B),bridge,N1,Bridge end,27153,27153
36,Langalbandhu bridge (LRP016B),bridge,N1,Langalbandhu bridge,27152,27152
39,Bridge start (LRP017A),bridge,N1,Bridge start,27152,27152
40,Bridge end (LRP017B),bridge,N1,Bridge end,27152,27152
92,Km post missing (LRP034),link,N1,Km post missing,27152,27152
111,Bridge start (LRP042A),bridge,N1,Bridge start,27152,27152
112,Bridge end (LRP042B),bridge,N1,Bridge end,27152,27152
120,Box culvert (LRP046C),bridge,N1,Box culvert,27152,27152
121,Km post Missing (LRP047),link,N1,Km post Missing,27152,27152
134,Km post Missing (LRP054),link,N1,Km post Missing,27152,27152
169,Km post missing (LRP075),link,N1,Km post missing,27152,27152
170,Box culvert (LRP075A),bridge,N1,Box culvert,27152,27152
41,Bridge start (LRP017C),bridge,N1,Bridge start,27151,27151
42,Bridge end (LRP017D),bridge,N1,Bridge end,27151,27151
90,Bridge end (LRP033B),bridge,N1,Bridge end,27151,27151
125,Bridge end (LRP048B),bridge,N1,Bridge end,27151,27151
126,Km post Missing (LRP049),link,N1,Km post Missing,27151,27151
130,Km post Missing (LRP051),link,N1,Km post Missing,27151,27151
131,Km post Missing (LRP052),link,N1,Km post Missing,27151,27151
132,Box culvert (LRP052A),bridge,N1,Box culvert,27151,27151
173,Km post missing (LRP077),link,N1,Km post missing,27151,27151
46,Km post missing (LRP019),link,N1,Km post missing,27150,27150
53,Km post missing (LRP021),link,N1,Km post missing,27150,27150
62,Km post missing (LRP024),link,N1,Km post missing,27150,27150
91,Box culvert (LRP033C),bridge,N1,Box culvert,27150,27150
106,Km post missing (LRP039),link,N1,Km post missing,27150,27150
122,Z1044 (LRP047A),link,N1,Z1044,27150,27150
123,Km post Missing (LRP048),link,N1,Km post Missing,27150,27150
124,Bridge start (LRP048A),bridge,N1,Bridge start,27150,27150
127,Km post Missing (LRP050),link,N1,Km post Missing,27150,27150
175,Km post missing (LRP078),link,N1,Km post missing,27150,27150
182,Km post missing (LRP083),link,N1,Km post missing,27150,27150
43,Km post missing (LRP018),link,N1,Km post missing,27149,27149
45,Bridge end (LRP018B),bridge,N1,Bridge end,27149,27149
47,Box culvert (LRP019A),bridge,N1,Box culvert,27149,27149
51,Bridge start (LRP020B),bridge,N1,Bridge start,27149,27149
52,Bridge end (LRP020C),bridge,N1,Bridge end,27149,27149
54,Box culvert (LRP021A),bridge,N1,Box culvert,27149,27149
57,Bridge end (LRP022B),bridge,N1,Bridge end,27149,27149
60,Km post missing (LRP023),link,N1,Km post missing,27149,27149
87,Box culvert (LRP032A),bridge,N1,Box culvert,27149,27149
88,"Ctg 227 km,Comilla 60 km (LRP033)",link,N1,"Ctg 227 km,Comilla 60 km",27149,27149
101,Daudkandi bridge (LRP038A),bridge,N1,Daudkandi bridge,27149,27149
102,Start of Comilla road Division / Start of Comilla road Division (LRP038B),link,N1,Start of Comilla road Division / Start of Comilla road Division,27149,27149
128,Bridge start (LRP050A),bridge,N1,Bridge start,27149,27149
129,Bridge end (LRP050B),bridge,N1,Bridge end,27149,27149
133,Km post Missing (LRP053),link,N1,Km post Missing,27149,27149
172,Box culvert (LRP076A),bridge,N1,Box culvert,27149,27149
174,Road to Khangsanagar (Z1219) left road to Barua Z1028 right (LRP077A),link,N1,Road to Khangsanagar (Z1219) left road to Barua Z1028 right,27149,27149
176,Km post missing (LRP079),link,N1,Km post missing,27149,27149
177,Box culvert (LRP079A),bridge,N1,Box culvert,27149,27149
178,Km post missing (LRP080),link,N1,Km post missing,27149,27149
181,Box culvert (LRP082A),bridge,N1,Box culvert,27149,27149
183,Box culvert (LRP083A),bridge,N1,Box culvert,27149,27149
184,Km post missing (LRP084),link,N1,Km post missing,27149,27149
185,Road to Brahmanbaria(N102) (LRP084A),link,N1,Road to Brahmanbaria(N102),27149,27149
49,Km post missing (LRP020),link,N1,Km post missing,27148,27148
50,Left to Sonargaon (Z1089) Right to Morgrapara ( Z1066) (LRP020A),link,N1,Left to Sonargaon (Z1089) Right to Morgrapara ( Z1066),27148,27148
58,Bridge start (LRP022C),bridge,N1,Bridge start,27148,27148
59,Bridge end (LRP022D),bridge,N1,Bridge end,27148,27148
61,Meghna  bridge (LRP023A),bridge,N1,Meghna  bridge,27148,27148
89,Bridge start (LRP033A),bridge,N1,Bridge start,27148,27148
93,Km post missing (LRP035),link,N1,Km post missing,27148,27148
94,Bridge start (LRP035A),bridge,N1,Bridge start,27148,27148
95,Bridge end (LRP035B),bridge,N1,Bridge end,27148,27148
179,Km post missing (LRP081),link,N1,Km post missing,27148,27148
180,Km post missing (LRP082),link,N1,Km post missing,27148,27148
44,Bridge start (LRP018A),bridge,N1,Bridge start,27147,27147
48,Box culvert (LRP019B),bridge,N1,Box culvert,27147,27147
55,"Ctg 238 km,Comilla 71 km (LRP022)",link,N1,"Ctg 238 km,Comilla 71 km",27147,27147
56,Bridge start (LRP022A),bridge,N1,Bridge start,27147,27147
63,Bridge end (LRP024A),bridge,N1,Bridge end,27147,27147
64,Km post missing (LRP025),link,N1,Km post missing,27147,27147
96,Box culvert (LRP035C),bridge,N1,Box culvert,27147,27147
98,Daudkandi bridge (LRP036A),bridge,N1,Daudkandi bridge,27147,27147
103,Road to Matlab (Z1062) (LRP038C),link,N1,Road to Matlab (Z1062),27147,27147
104,Bridge start (LRP038D),bridge,N1,Bridge start,27147,27147
105,Bridge end (LRP038E),bridge,N1,Bridge end,27147,27147
85,Bridge end (LRP031C),bridge,N1,Bridge end,27146,27146
97,Km post missing (LRP036),link,N1,Km post missing,27146,27146
99,Km post missing (LRP037),link,N1,Km post missing,27146,27146
66,Box culvert (LRP026A),bridge,N1,Box culvert,27145,27145
86,"Ctg 228 km,Comilla 61 km (LRP032)",link,N1,"Ctg 228 km,Comilla 61 km",27145,27145
65,Km post missing (LRP026),link,N1,Km post missing,27144,27144
68,Km post missing (LRP027),link,N1,Km post missing,27144,27144
73,Bridge end (LRP028C),bridge,N1,Bridge end,27144,27144
74,Information missing (LRP029),link,N1,Information missing,27144,27144
67,Box culvert (LRP026B),bridge,N1,Box culvert,27143,27143
69,Bridge start (LRP027A),bridge,N1,Bridge start,27143,27143
70,Km post missing (LRP028),link,N1,Km post missing,27143,27143
71,Bridge end (LRP028A),bridge,N1,Bridge end,27143,27143
75,Bridge start (LRP029A),bridge,N1,Bridge start,27143,27143
76,Bridge end (LRP029B),bridge,N1,Bridge end,27143,27143
77,Km post missing (LRP030),link,N1,Km post missing,27143,27143
78,Bridge start (LRP030A),bridge,N1,Bridge start,27143,27143
79,Bridge end (LRP030B),bridge,N1,Bridge end,27143,27143
82,"Ctg 229 km,Comilla 62 km (LRP031)",link,N1,"Ctg 229 km,Comilla 62 km",27143,27143
83,Road to Gazara (Z1063) (LRP031A),link,N1,Road to Gazara (Z1063),27143,27143
84,Bridge start (LRP031B),bridge,N1,Bridge start,27143,27143
100,Km post missing (LRP038),link,N1,Km post missing,27143,27143
72,Bridge start (LRP028B),bridge,N1,Bridge start,27142,27142
80,Bridge start (LRP030C),bridge,N1,Bridge start,27142,27142
81,Bridge end (LRP030D),bridge,N1,Bridge end,27141,27141
1752,Rail Road Crossing (LRP143A),link,N2,Rail Road Crossing,26355,26355
1751,Sylhet 89 km (LRP143),link,N2,Sylhet 89 km,26354,26354
1749,Bridge start (LRP142D),bridge,N2,Bridge start,26353,26353
1750,Bridge end (LRP142E),bridge,N2,Bridge end,26353,26353
1755,Bridge end (LRP144B),bridge,N2,Bridge end,26351,26351
1753,Sylhet 88 km (LRP144),link,N2,Sylhet 88 km,26349,26349
1754,Bridge start (LRP144A),bridge,N2,Bridge start,26349,26349
1756,Sylhet 87 km (LRP145),link,N2,Sylhet 87 km,26348,26348
1757,Box culvert (LRP145A),bridge,N2,Box culvert,26345,26345
1758,Box culvert (LRP145B),bridge,N2,Box culvert,26345,26345
1759,Sylhet 86 km (LRP146),link,N2,Sylhet 86 km,26343,26343
1760,Box culvert (LRP146A),bridge,N2,Box culvert,26343,26343
1761,Road to Srimongal(N207) (LRP146B),link,N2,Road to Srimongal(N207),26343,26343
3232,Box Culvert (LRP046B),bridge,N105,Box Culvert,25814,25814
3233,Box Culvert (LRP046C),bridge,N105,Box Culvert,25813,25813
3234,Box Culvert (LRP046D),bridge,N105,Box Culvert,25813,25813
3211,Pipe Culvert (LRP038A),bridge,N105,Pipe Culvert,25812,25812
3212,"Gazipur 12 km,Tangail 70 km,Bangabandhu bridge 93 km (LRP039)",bridge,N105,"Gazipur 12 km,Tangail 70 km,Bangabandhu bridge 93 km",25811,25811
3213,Box Culvert (LRP039A),bridge,N105,Box Culvert,25811,25811
3229,Box Culvert (LRP045C),bridge,N105,Box Culvert,25811,25811
3230,Km post missing (LRP046),link,N105,Km post missing,25811,25811
3231,Dhaka -Mymensingh N3 Road (LRP046A),link,N105,Dhaka -Mymensingh N3 Road,25811,25811
3235,"B.Bridge 85 km,Tangail 162 km (LRP047)",bridge,N105,"B.Bridge 85 km,Tangail 162 km",25811,25811
3186,Box Culvert (LRP029A),bridge,N105,Box Culvert,25810,25810
3205,"R301, Tongi- Panchhona road (LRP036B)",link,N105,"R301, Tongi- Panchhona road",25810,25810
3236,Box culvert (LRP047A),bridge,N105,Box culvert,25810,25810
3187,Information  missing (LRP030),link,N105,Information  missing,25809,25809
3188,Km post missing (LRP031),link,N105,Km post missing,25809,25809
3193,Box culvert (LRP032A),bridge,N105,Box culvert,25809,25809
3194,Box culvert (LRP032B),bridge,N105,Box culvert,25809,25809
3206,Km post missing (LRP037),link,N105,Km post missing,25809,25809
3207,Box culvert (LRP037A),bridge,N105,Box culvert,25809,25809
3209,Box Culvert (LRP037C),bridge,N105,Box Culvert,25809,25809
3210,"Gazipur 13 km,Mymensingh 98 km,Bangabandhu Bridge 94 km (LRP038)",bridge,N105,"Gazipur 13 km,Mymensingh 98 km,Bangabandhu Bridge 94 km",25809,25809
3189,Side Road Left Z3003 (LRP031A),link,N105,Side Road Left Z3003,25808,25808
3190,Bridge Start (LRP031C),bridge,N105,Bridge Start,25808,25808
3191,Bridge end (LRP031D),bridge,N105,Bridge end,25808,25808
3192,Km post missing (LRP032),link,N105,Km post missing,25808,25808
3204,Rail Road Crossing (LRP036A),link,N105,Rail Road Crossing,25808,25808
3208,Box culvert (LRP037B),bridge,N105,Box culvert,25808,25808
3214,Km post missing (LRP040),link,N105,Km post missing,25808,25808
3222,B.Bridge 88 km (LRP044),bridge,N105,B.Bridge 88 km,25808,25808
3223,Box culvert (LRP044A),bridge,N105,Box culvert,25808,25808
3225,Box Culvert (LRP044C),bridge,N105,Box Culvert,25808,25808
3226,"B.Bridge 87 km,Tangail 64 km (LRP045)",bridge,N105,"B.Bridge 87 km,Tangail 64 km",25808,25808
3227,Box Culvert (LRP045A),bridge,N105,Box Culvert,25808,25808
3237,Box Culvert (LRP047B),bridge,N105,Box Culvert,25808,25808
3224,Cros Road Z3008 (LRP044B),link,N105,Cros Road Z3008,25807,25807
3215,Rail Road Crossing (LRP040A),link,N105,Rail Road Crossing,25806,25806
3216,Km post missing (LRP041),link,N105,Km post missing,25806,25806
3217,Box culvert (LRP041A),bridge,N105,Box culvert,25806,25806
3218,"Gazipur 9 km, Tangail 67 km, Bangabandhu Bridge 90 km (LRP042)",bridge,N105,"Gazipur 9 km, Tangail 67 km, Bangabandhu Bridge 90 km",25806,25806
3219,Box culvert (LRP042A),bridge,N105,Box culvert,25806,25806
3165,"km Post missing / Bridge Start, Kanchon Bridge (LRP020)",bridge,N105,"km Post missing / Bridge Start, Kanchon Bridge",25805,25805
3166,Bridge end (LRP020B),bridge,N105,Bridge end,25805,25805
3168,km Post missing / Box Culvert (LRP021),bridge,N105,km Post missing / Box Culvert,25805,25805
3169,Box Culvert (LRP021B),bridge,N105,Box Culvert,25805,25805
3170,"Bangabandhu Bridge- 109 km, Tangail-86 km, Gazipur- 28 km (LRP023)",bridge,N105,"Bangabandhu Bridge- 109 km, Tangail-86 km, Gazipur- 28 km",25805,25805
3185,"Bangabandhu Bridge- 103 km, Tangail-80 km, Gazipur- 22 km (LRP029)",bridge,N105,"Bangabandhu Bridge- 103 km, Tangail-80 km, Gazipur- 22 km",25805,25805
3220,Box culvert (LRP042B),bridge,N105,Box culvert,25805,25805
3228,Box Culvert (LRP045B),bridge,N105,Box Culvert,25805,25805
3167,Purbachal Road (LRP020D),link,N105,Purbachal Road,25804,25804
3175,Box Culvert (LRP025B),bridge,N105,Box Culvert,25804,25804
3182,Box Culvert (LRP028A),bridge,N105,Box Culvert,25804,25804
3195,"Gazipur 18 km,Tangail 76 km,Bangabandhu 99 km (LRP033)",link,N105,"Gazipur 18 km,Tangail 76 km,Bangabandhu 99 km",25804,25804
3197,Box Culvert (LRP033B),bridge,N105,Box Culvert,25804,25804
3199,Bridge end (LRP034B),bridge,N105,Bridge end,25804,25804
3202,Box culvert (LRP035A),bridge,N105,Box culvert,25804,25804
3221,Km post missing (LRP043),link,N105,Km post missing,25804,25804
3171,Box Culvert (LRP023A),bridge,N105,Box Culvert,25803,25803
3172,Info missing (LRP024),link,N105,Info missing,25803,25803
3180,Km Post missing (LRP027),link,N105,Km Post missing,25803,25803
3183,Box Culvert (LRP028B),bridge,N105,Box Culvert,25803,25803
3184,"Z3010, Kaliganj- Ulukhola road (LRP028C)",link,N105,"Z3010, Kaliganj- Ulukhola road",25803,25803
3196,Box culvert (LRP033A),bridge,N105,Box culvert,25803,25803
3198,"Gazipur 17 km, Tangail 75 km, Bangabandhu 98 km, / Bridge start (LRP034)",bridge,N105,"Gazipur 17 km, Tangail 75 km, Bangabandhu 98 km, / Bridge start",25803,25803
3173,"Bangabandhu Bridge- 107 km, Tangail-84 km, Gazipur- 26 km (LRP025)",bridge,N105,"Bangabandhu Bridge- 107 km, Tangail-84 km, Gazipur- 26 km",25802,25802
3174,Box Culvert (LRP025A),bridge,N105,Box Culvert,25802,25802
3176,Km Post missing (LRP026),link,N105,Km Post missing,25802,25802
3177,Box Culvert (LRP026A),bridge,N105,Box Culvert,25802,25802
3179,Culvert (LRP026C),bridge,N105,Culvert,25802,25802
3200,Box culvert (LRP034C),bridge,N105,Box culvert,25802,25802
3201,"Gazipur 16 km,Tangail 74 km,Bangabandhu Bridge 97 km (LRP035)",bridge,N105,"Gazipur 16 km,Tangail 74 km,Bangabandhu Bridge 97 km",25802,25802
3203,Km post missing (LRP036),link,N105,Km post missing,25802,25802
3178,Box Culvert (LRP026B),bridge,N105,Box Culvert,25801,25801
3181,"Bangabandhu bridge 104 km, Mymenshingh-108 km, Gazipur- 23 km (LRP028)",bridge,N105,"Bangabandhu bridge 104 km, Mymenshingh-108 km, Gazipur- 23 km",25801,25801
3164,Box Culvert (LRP019B),bridge,N105,Box Culvert,25800,25800
3160,km Post missing (LRP018),link,N105,km Post missing,25799,25799
3154,Km Post missing (LRP014),link,N105,Km Post missing,25798,25798
3155,Km post missing (LRP015),link,N105,Km post missing,25798,25798
3156,km Post missing (LRP016),link,N105,km Post missing,25798,25798
3157,Km Post Missing (LRP017),link,N105,Km Post Missing,25798,25798
3158,Box Culvert (LRP017A),bridge,N105,Box Culvert,25798,25798
3161,Box Culvert (LRP018A),bridge,N105,Box Culvert,25798,25798
3162,km Post missing (LRP019),link,N105,km Post missing,25798,25798
3163,Box Culvert (LRP019A),bridge,N105,Box Culvert,25798,25798
3159,Box Culvert (LRP017B),bridge,N105,Box Culvert,25797,25797
3153,Information  missing (LRP013),link,N105,Information  missing,25796,25796
1763,Box culvert (LRP147A),bridge,N2,Box culvert,23995,23995
1766,Sylhet 84 km (LRP148),link,N2,Sylhet 84 km,23995,23995
1767,Box culvert (LRP148A),bridge,N2,Box culvert,23995,23995
1762,Information missing (LRP147),link,N2,Information missing,23994,23994
1965,Road to Moulavo Bazar(N207) (LRP191B),link,N2,Road to Moulavo Bazar(N207),23994,23994
1765,Box culvert (LRP147C),bridge,N2,Box culvert,23993,23993
1768,Box Culvert / Box culvert (LRP148B),bridge,N2,Box Culvert / Box culvert,23993,23993
1769,Sylhet 83 km (LRP149),link,N2,Sylhet 83 km,23993,23993
1764,Box culvert (LRP147B),bridge,N2,Box culvert,23992,23992
1964,Box culvert (LRP191A),bridge,N2,Box culvert,23992,23992
1963,Sylhet 41 km (LRP191),link,N2,Sylhet 41 km,23991,23991
1962,Bridge end (LRP190B),bridge,N2,Bridge end,23990,23990
1770,Box culvert (LRP149A),bridge,N2,Box culvert,23988,23988
1959,Bridge end (LRP189B),bridge,N2,Bridge end,23988,23988
1960,Sylhet 42 km/ Start of Moulavibazar road Division / Sylhet 42 km/ Start of Moulavibazar road Division (LRP190),link,N2,Sylhet 42 km/ Start of Moulavibazar road Division / Sylhet 42 km/ Start of Moulavibazar road Division,23988,23988
1961,Bridge start (LRP190A),bridge,N2,Bridge start,23988,23988
1955,Sylhet 44 km (LRP188),link,N2,Sylhet 44 km,23987,23987
1771,Sylhet 82 km (LRP150),link,N2,Sylhet 82 km,23986,23986
1772,Box culvert (LRP150A),bridge,N2,Box culvert,23986,23986
1956,Box culvert (LRP188A),bridge,N2,Box culvert,23986,23986
1957,Sylhet 43 km (LRP189),link,N2,Sylhet 43 km,23986,23986
1958,Bridge start (LRP189A),bridge,N2,Bridge start,23986,23986
1773,Bridge start (LRP150B),bridge,N2,Bridge start,23985,23985
1776,Box culvert (LRP151A),bridge,N2,Box culvert,23984,23984
1777,Km post missing (LRP152),link,N2,Km post missing,23984,23984
1778,Box culvert (LRP152A),bridge,N2,Box culvert,23984,23984
1948,Box culvert (LRP186C),bridge,N2,Box culvert,23984,23984
1949,Road to Raniganj (R241) (LRP186D),link,N2,Road to Raniganj (R241),23984,23984
1952,Sylhet 45 km (LRP187),link,N2,Sylhet 45 km,23984,23984
1775,Sylhet 81 km (LRP151),link,N2,Sylhet 81 km,23983,23983
1783,Box culvert (LRP153A),bridge,N2,Box culvert,23983,23983
1893,Box culvert (LRP175A),bridge,N2,Box culvert,23983,23983
1915,Km post missing (LRP179),link,N2,Km post missing,23983,23983
1916,Box culvert (LRP179A),bridge,N2,Box culvert,23983,23983
1950,Bridge start (LRP186E),bridge,N2,Bridge start,23983,23983
1951,Bridge end (LRP186F),bridge,N2,Bridge end,23983,23983
1774,Bridge end (LRP150C),bridge,N2,Bridge end,23982,23982
1779,Box culvert (LRP152B),bridge,N2,Box culvert,23982,23982
1780,Box culvert (LRP152C),bridge,N2,Box culvert,23982,23982
1782,Sylhet 79 km (LRP153),link,N2,Sylhet 79 km,23982,23982
1785,Box culvert (LRP153C),bridge,N2,Box culvert,23982,23982
1790,Km post broken (LRP155),link,N2,Km post broken,23982,23982
1794,Bridge end (LRP156B),bridge,N2,Bridge end,23982,23982
1796,Sylhet 75 km (LRP157),link,N2,Sylhet 75 km,23982,23982
1845,Box culvert (LRP167B),bridge,N2,Box culvert,23982,23982
1894,Box culvert (LRP175B),bridge,N2,Box culvert,23982,23982
1895,Box culvert (LRP175C),bridge,N2,Box culvert,23982,23982
1896,Box culvert (LRP175D),bridge,N2,Box culvert,23982,23982
1897,Sylhet 56 km (LRP176),link,N2,Sylhet 56 km,23982,23982
1898,Box culvert (LRP176A),bridge,N2,Box culvert,23982,23982
1900,Box culvert (LRP176C),bridge,N2,Box culvert,23982,23982
1910,Bridge end (LRP178B),bridge,N2,Bridge end,23982,23982
1911,Bridge start (LRP178C),bridge,N2,Bridge start,23982,23982
1912,Bridge end (LRP178D),bridge,N2,Bridge end,23982,23982
1913,Box culvert (LRP178E),bridge,N2,Box culvert,23982,23982
1914,Box culvert (LRP178F),bridge,N2,Box culvert,23982,23982
1944,Box culvert (LRP185A),bridge,N2,Box culvert,23982,23982
1947,Box culvert (LRP186B),bridge,N2,Box culvert,23982,23982
1781,Box culvert (LRP152D),bridge,N2,Box culvert,23981,23981
1791,Box culvert (LRP155A),bridge,N2,Box culvert,23981,23981
1795,Box culvert (LRP156C),bridge,N2,Box culvert,23981,23981
1797,Box culvert (LRP157A),bridge,N2,Box culvert,23981,23981
1798,Bridge start (LRP157B),bridge,N2,Bridge start,23981,23981
1799,Bridge end (LRP157C),bridge,N2,Bridge end,23981,23981
1839,Box culvert (LRP166B),bridge,N2,Box culvert,23981,23981
1844,Box culvert (LRP167A),bridge,N2,Box culvert,23981,23981
1846,Box culvert (LRP167C),bridge,N2,Box culvert,23981,23981
1891,Box culvert (LRP174E),bridge,N2,Box culvert,23981,23981
1892,Km post missing (LRP175),link,N2,Km post missing,23981,23981
1901,Box culvert (LRP176D),bridge,N2,Box culvert,23981,23981
1902,Box culvert (LRP176E),bridge,N2,Box culvert,23981,23981
1943,Sylhet 47 km (LRP185),link,N2,Sylhet 47 km,23981,23981
1945,Sylhet 46 km (LRP186),link,N2,Sylhet 46 km,23981,23981
1946,Box culvert (LRP186A),bridge,N2,Box culvert,23981,23981
1953,Bridge start (LRP187A),bridge,N2,Bridge start,23981,23981
1954,Bridge end (LRP187B),bridge,N2,Bridge end,23981,23981
1784,Box culvert (LRP153B),bridge,N2,Box culvert,23980,23980
1786,Sylhet 78 km (LRP154),link,N2,Sylhet 78 km,23980,23980
1787,Bridge start (LRP154A),bridge,N2,Bridge start,23980,23980
1788,Bridge end (LRP154B),bridge,N2,Bridge end,23980,23980
1789,Box culvert (LRP154C),bridge,N2,Box culvert,23980,23980
1792,Sylhet 76 km (LRP156),link,N2,Sylhet 76 km,23980,23980
1793,Bridge start (LRP156A),bridge,N2,Bridge start,23980,23980
1800,Sylhet 74 km (LRP158),link,N2,Sylhet 74 km,23980,23980
1811,Sylhet 71 km (LRP161),link,N2,Sylhet 71 km,23980,23980
1812,Box culvert (LRP161A),bridge,N2,Box culvert,23980,23980
1836,Box culvert (LRP165D),bridge,N2,Box culvert,23980,23980
1837,Sylhet 66 km (LRP166),link,N2,Sylhet 66 km,23980,23980
1838,Box culvert (LRP166A),bridge,N2,Box culvert,23980,23980
1840,Box culvert (LRP166C),bridge,N2,Box culvert,23980,23980
1841,Box culvert (LRP166D),bridge,N2,Box culvert,23980,23980
1842,Box culvert (LRP166E),bridge,N2,Box culvert,23980,23980
1843,Sylhet 65 km (LRP167),link,N2,Sylhet 65 km,23980,23980
1849,Sylhet 64 km (LRP168),link,N2,Sylhet 64 km,23980,23980
1850,Bridge start (LRP168A),bridge,N2,Bridge start,23980,23980
1851,Bridge end (LRP168B),bridge,N2,Bridge end,23980,23980
1882,Box culvert (LRP172E),bridge,N2,Box culvert,23980,23980
1899,Box culvert (LRP176B),bridge,N2,Box culvert,23980,23980
1903,Box culvert (LRP176F),bridge,N2,Box culvert,23980,23980
1904,Km post missing (LRP177),link,N2,Km post missing,23980,23980
1905,Box culvert (LRP177A),bridge,N2,Box culvert,23980,23980
1906,Bridge start (LRP177B),bridge,N2,Bridge start,23980,23980
1907,Bridge end (LRP177C),bridge,N2,Bridge end,23980,23980
1917,Bridge start (LRP179B),bridge,N2,Bridge start,23980,23980
1918,Bridge end (LRP179C),bridge,N2,Bridge end,23980,23980
1938,Sylhet 48 km (LRP184),link,N2,Sylhet 48 km,23980,23980
1941,Box culvert (LRP184C),bridge,N2,Box culvert,23980,23980
1942,Box culvert (LRP184D),bridge,N2,Box culvert,23980,23980
1807,Box culvert (LRP160A),bridge,N2,Box culvert,23979,23979
1808,Box culvert (LRP160B),bridge,N2,Box culvert,23979,23979
1809,Bridge start (LRP160C),bridge,N2,Bridge start,23979,23979
1810,Bridge end (LRP160D),bridge,N2,Bridge end,23979,23979
1813,Box culvert (LRP161B),bridge,N2,Box culvert,23979,23979
1823,Box culvert (LRP163C),bridge,N2,Box culvert,23979,23979
1824,Box culvert (LRP163D),bridge,N2,Box culvert,23979,23979
1847,Bridge start (LRP167D),bridge,N2,Bridge start,23979,23979
1848,Bridge end (LRP167E),bridge,N2,Bridge end,23979,23979
1852,Box culvert (LRP168C),bridge,N2,Box culvert,23979,23979
1853,Sylhet 63 km (LRP169),link,N2,Sylhet 63 km,23979,23979
1877,Sylhet 60 km (LRP172),link,N2,Sylhet 60 km,23979,23979
1881,Box culvert (LRP172D),bridge,N2,Box culvert,23979,23979
1908,Sylhet 54 km (LRP178),link,N2,Sylhet 54 km,23979,23979
1909,Bridge start (LRP178A),bridge,N2,Bridge start,23979,23979
1939,Bridge start (LRP184A),bridge,N2,Bridge start,23979,23979
1940,Bridge end (LRP184B),bridge,N2,Bridge end,23979,23979
1801,Box culvert (LRP158A),bridge,N2,Box culvert,23978,23978
1802,Sylhet 73 km (LRP159),link,N2,Sylhet 73 km,23978,23978
1803,Box culvert (LRP159A),bridge,N2,Box culvert,23978,23978
1805,Box culvert (LRP159C),bridge,N2,Box culvert,23978,23978
1806,Sylhet 72 km (LRP160),link,N2,Sylhet 72 km,23978,23978
1820,Sylhet 69 km (LRP163),link,N2,Sylhet 69 km,23978,23978
1821,Bridge start (LRP163A),bridge,N2,Bridge start,23978,23978
1822,Bridge end (LRP163B),bridge,N2,Bridge end,23978,23978
1825,Box culvert (LRP163E),bridge,N2,Box culvert,23978,23978
1826,Sylhet 68 km (LRP164),link,N2,Sylhet 68 km,23978,23978
1827,Box culvert (LRP164A),bridge,N2,Box culvert,23978,23978
1835,Box culvert (LRP165C),bridge,N2,Box culvert,23978,23978
1854,Box culvert (LRP169A),bridge,N2,Box culvert,23978,23978
1855,Box culvert (LRP169B),bridge,N2,Box culvert,23978,23978
1856,Box culvert (LRP169C),bridge,N2,Box culvert,23978,23978
1875,Box culvert (LRP171F),bridge,N2,Box culvert,23978,23978
1876,Box culvert (LRP171G),bridge,N2,Box culvert,23978,23978
1878,Box culvert (LRP172A),bridge,N2,Box culvert,23978,23978
1879,Box culvert (LRP172B),bridge,N2,Box culvert,23978,23978
1880,Box culvert (LRP172C),bridge,N2,Box culvert,23978,23978
1883,Sylhet 59 km (LRP173),link,N2,Sylhet 59 km,23978,23978
1925,Bridge end (LRP181B),bridge,N2,Bridge end,23978,23978
1927,Bridge start (LRP181D),bridge,N2,Bridge start,23978,23978
1928,Bridge end (LRP181E),bridge,N2,Bridge end,23978,23978
1935,Box culvert (LRP183A),bridge,N2,Box culvert,23978,23978
1814,Sylhet 70 km (LRP162),link,N2,Sylhet 70 km,23977,23977
1815,Box culvert (LRP162A),bridge,N2,Box culvert,23977,23977
1816,Box culvert (LRP162B),bridge,N2,Box culvert,23977,23977
1817,Box culvert (LRP162C),bridge,N2,Box culvert,23977,23977
1818,Box culvert (LRP162D),bridge,N2,Box culvert,23977,23977
1819,Box culvert (LRP162E),bridge,N2,Box culvert,23977,23977
1834,Bridge end (LRP165B),bridge,N2,Bridge end,23977,23977
1884,Box culvert (LRP173A),bridge,N2,Box culvert,23977,23977
1919,Sylhet 52 km (LRP180),link,N2,Sylhet 52 km,23977,23977
1920,Bridge start (LRP180A),bridge,N2,Bridge start,23977,23977
1921,Bridge end (LRP180B),bridge,N2,Bridge end,23977,23977
1922,Box culvert (LRP180C),bridge,N2,Box culvert,23977,23977
1923,Sylhet 51 km (LRP181),link,N2,Sylhet 51 km,23977,23977
1926,Box culvert (LRP181C),bridge,N2,Box culvert,23977,23977
1932,Road to Nabiganj (R240) (LRP182C),link,N2,Road to Nabiganj (R240),23977,23977
1933,Box culvert (LRP182D),bridge,N2,Box culvert,23977,23977
1934,Sylhet 49 km (LRP183),link,N2,Sylhet 49 km,23977,23977
1804,Box culvert (LRP159B),bridge,N2,Box culvert,23976,23976
1832,Sylhet 67 km (LRP165),link,N2,Sylhet 67 km,23976,23976
1833,Bridge start (LRP165A),bridge,N2,Bridge start,23976,23976
1861,Box culvert (LRP170B),bridge,N2,Box culvert,23976,23976
1862,Bridge start (LRP170C),bridge,N2,Bridge start,23976,23976
1863,Bridge end (LRP170D),bridge,N2,Bridge end,23976,23976
1872,Box culvert (LRP171C),bridge,N2,Box culvert,23976,23976
1873,Box culvert (LRP171D),bridge,N2,Box culvert,23976,23976
1874,Box culvert (LRP171E),bridge,N2,Box culvert,23976,23976
1885,Box culvert (LRP173B),bridge,N2,Box culvert,23976,23976
1886,Km post missing (LRP174),link,N2,Km post missing,23976,23976
1887,Bridge start (LRP174A),bridge,N2,Bridge start,23976,23976
1888,Bridge end (LRP174B),bridge,N2,Bridge end,23976,23976
1889,Box culvert (LRP174C),bridge,N2,Box culvert,23976,23976
1890,Box culvert (LRP174D),bridge,N2,Box culvert,23976,23976
1924,Bridge start (LRP181A),bridge,N2,Bridge start,23976,23976
1930,Box culvert (LRP182A),bridge,N2,Box culvert,23976,23976
1931,Box culvert (LRP182B),bridge,N2,Box culvert,23976,23976
1936,Box culvert (LRP183B),bridge,N2,Box culvert,23976,23976
1937,Box culvert (LRP183C),bridge,N2,Box culvert,23976,23976
1828,Box culvert (LRP164B),bridge,N2,Box culvert,23975,23975
1829,Bridge start (LRP164C),bridge,N2,Bridge start,23975,23975
1830,Bridge end (LRP164D),bridge,N2,Bridge end,23975,23975
1831,Box culvert (LRP164E),bridge,N2,Box culvert,23975,23975
1857,Box culvert (LRP169D),bridge,N2,Box culvert,23975,23975
1858,Box culvert (LRP169E),bridge,N2,Box culvert,23975,23975
1859,Sylhet 62 km (LRP170),link,N2,Sylhet 62 km,23975,23975
1860,Box culvert (LRP170A),bridge,N2,Box culvert,23975,23975
1929,Sylhet 50 km (LRP182),link,N2,Sylhet 50 km,23975,23975
1871,Box culvert (LRP171B),bridge,N2,Box culvert,23974,23974
1864,Box culvert (LRP170E),bridge,N2,Box culvert,23973,23973
1865,Box culvert (LRP170F),bridge,N2,Box culvert,23973,23973
1866,Box culvert (LRP170G),bridge,N2,Box culvert,23973,23973
1867,Box culvert (LRP170H),bridge,N2,Box culvert,23973,23973
1868,Box culvert (LRP170I),bridge,N2,Box culvert,23973,23973
1869,Sylhet 61 km (LRP171),link,N2,Sylhet 61 km,23973,23973
1870,Box culvert (LRP171A),bridge,N2,Box culvert,23973,23973
498,Km post missing (LRP214),link,N1,Km post missing,19133,19133
499,Box culvert (LRP214A),bridge,N1,Box culvert,19133,19133
497,Bridge end (LRP213B),bridge,N1,Bridge end,19132,19132
500,Ctg 30 km (LRP215),link,N1,Ctg 30 km,19132,19132
501,Box culvert (LRP215A),bridge,N1,Box culvert,19132,19132
502,Km post missing (LRP216),link,N1,Km post missing,19131,19131
505,Ctg 28 km (LRP217),link,N1,Ctg 28 km,19130,19130
506,Bridge start (LRP217A),bridge,N1,Bridge start,19130,19130
507,Bridge end (LRP217B),bridge,N1,Bridge end,19130,19130
517,Km post missing (LRP219),link,N1,Km post missing,19130,19130
518,Bridge start (LRP219A),bridge,N1,Bridge start,19130,19130
519,Bridge end (LRP219B),bridge,N1,Bridge end,19130,19130
520,Km post missing (LRP220),link,N1,Km post missing,19130,19130
492,Bridge end (LRP211C),bridge,N1,Bridge end,19129,19129
493,Box culvert (LRP211D),bridge,N1,Box culvert,19129,19129
494,Km post missing (LRP212),link,N1,Km post missing,19129,19129
495,Ctg 32 km (LRP213),link,N1,Ctg 32 km,19129,19129
496,Bridge start (LRP213A),bridge,N1,Bridge start,19129,19129
503,Bridge start (LRP216A),bridge,N1,Bridge start,19129,19129
504,Bridge end (LRP216B),bridge,N1,Bridge end,19129,19129
521,Box culvert (LRP220A),bridge,N1,Box culvert,19129,19129
522,Ctg 24 km (LRP221),link,N1,Ctg 24 km,19129,19129
532,Info.Missing (LRP225),link,N1,Info.Missing,19129,19129
535,Bridge end (LRP226B),bridge,N1,Bridge end,19129,19129
537,Box culvert (LRP227A),bridge,N1,Box culvert,19129,19129
538,Bridge start (LRP227B),bridge,N1,Bridge start,19129,19129
539,Bridge end (LRP227C),bridge,N1,Bridge end,19129,19129
488,Bridge end (LRP210B),bridge,N1,Bridge end,19128,19128
489,Km post missing (LRP211),link,N1,Km post missing,19128,19128
508,Box culvert (LRP217C),bridge,N1,Box culvert,19128,19128
509,Bridge start (LRP217D),bridge,N1,Bridge start,19128,19128
510,Bridge end (LRP217E),bridge,N1,Bridge end,19128,19128
515,Bridge end (LRP218D),bridge,N1,Bridge end,19128,19128
516,Box culvert (LRP218E),bridge,N1,Box culvert,19128,19128
523,Box culvert (LRP221A),bridge,N1,Box culvert,19128,19128
533,Km post missing (LRP226),link,N1,Km post missing,19128,19128
534,Bridge start (LRP226A),bridge,N1,Bridge start,19128,19128
490,Box culvert (LRP211A),bridge,N1,Box culvert,19127,19127
491,Bridge start (LRP211B),bridge,N1,Bridge start,19127,19127
525,Bridge end (LRP221C),bridge,N1,Bridge end,19127,19127
526,Info.Missing (LRP222),link,N1,Info.Missing,19127,19127
528,Ctg 22 km (LRP223),link,N1,Ctg 22 km,19127,19127
529,Km post missing (LRP224),link,N1,Km post missing,19127,19127
530,Bridge start (LRP224A),bridge,N1,Bridge start,19127,19127
531,Bridge end (LRP224B),bridge,N1,Bridge end,19127,19127
536,Km post missing (LRP227),link,N1,Km post missing,19127,19127
564,The chittagong city area starts from Alongka cinema Hall (LRP235B),link,N1,The chittagong city area starts from Alongka cinema Hall,19127,19127
473,Box culvert (LRP206A),bridge,N1,Box culvert,19126,19126
511,Km post missing (LRP218),link,N1,Km post missing,19126,19126
512,Bridge start (LRP218A),bridge,N1,Bridge start,19126,19126
513,Bridge end (LRP218B),bridge,N1,Bridge end,19126,19126
527,Box culvert (LRP222A),bridge,N1,Box culvert,19126,19126
514,Bridge start (LRP218C),bridge,N1,Bridge start,19125,19125
524,Bridge start (LRP221B),bridge,N1,Bridge start,19125,19125
474,Ctg 38 km (LRP207),link,N1,Ctg 38 km,19124,19124
475,Box culvert (LRP207A),bridge,N1,Box culvert,19124,19124
477,Box culvert (LRP207C),bridge,N1,Box culvert,19124,19124
478,Box culvert (LRP207D),bridge,N1,Box culvert,19124,19124
479,Km post missing (LRP208),link,N1,Km post missing,19124,19124
480,Box culvert (LRP208A),bridge,N1,Box culvert,19124,19124
485,Box culvert (LRP209D),bridge,N1,Box culvert,19124,19124
486,Km post missing (LRP210),link,N1,Km post missing,19124,19124
487,Bridge start (LRP210A),bridge,N1,Bridge start,19124,19124
413,Box culvert (LRP185B),bridge,N1,Box culvert,19123,19123
414,Km post missing (LRP186),link,N1,Km post missing,19123,19123
415,Box culvert (LRP186A),bridge,N1,Box culvert,19123,19123
416,Km post missing (LRP187),link,N1,Km post missing,19123,19123
476,Box culvert (LRP207B),bridge,N1,Box culvert,19123,19123
483,Bridge end (LRP209B),bridge,N1,Bridge end,19123,19123
540,Km post missing (LRP228),link,N1,Km post missing,19123,19123
405,Km post missing (LRP183),link,N1,Km post missing,19122,19122
406,Bridge start (LRP183A),bridge,N1,Bridge start,19122,19122
407,Km post missing (LRP184),link,N1,Km post missing,19122,19122
408,Bridge end (LRP184A),bridge,N1,Bridge end,19122,19122
409,Road to Narayanhat (Z1021) (LRP184B),link,N1,Road to Narayanhat (Z1021),19122,19122
411,Km post missing (LRP185),link,N1,Km post missing,19122,19122
412,Box culvert (LRP185A),bridge,N1,Box culvert,19122,19122
420,Box culvert (LRP188A),bridge,N1,Box culvert,19122,19122
461,Box culvert (LRP203A),bridge,N1,Box culvert,19122,19122
481,Info.Missing (LRP209),link,N1,Info.Missing,19122,19122
482,Bridge start (LRP209A),bridge,N1,Bridge start,19122,19122
484,Road to Katirhat (Z1087) (LRP209C),link,N1,Road to Katirhat (Z1087),19122,19122
543,Bridge end (LRP229B),bridge,N1,Bridge end,19122,19122
410,Box culvert (LRP184C),bridge,N1,Box culvert,19121,19121
417,Bridge start (LRP187A),bridge,N1,Bridge start,19121,19121
418,Bridge end (LRP187B),bridge,N1,Bridge end,19121,19121
419,Km post missing (LRP188),link,N1,Km post missing,19121,19121
422,Box culvert (LRP189A),bridge,N1,Box culvert,19121,19121
424,Box culvert (LRP190A),bridge,N1,Box culvert,19121,19121
437,"Ctg 50 km,Sitakanda 10 km (LRP195)",link,N1,"Ctg 50 km,Sitakanda 10 km",19121,19121
442,"Ctg 48 km,Sitakanda 8 km (LRP197)",link,N1,"Ctg 48 km,Sitakanda 8 km",19121,19121
443,Box culvert (LRP197A),bridge,N1,Box culvert,19121,19121
460,"Ctg 42 km,Sitakanda 2 km (LRP203)",link,N1,"Ctg 42 km,Sitakanda 2 km",19121,19121
465,Box culvert (LRP204B),bridge,N1,Box culvert,19121,19121
466,Bridge start (LRP204C),bridge,N1,Bridge start,19121,19121
467,Bridge end / Box culvert (LRP204D),bridge,N1,Bridge end / Box culvert,19121,19121
470,Box culvert (LRP205A),bridge,N1,Box culvert,19121,19121
541,Km post missing (LRP229),link,N1,Km post missing,19121,19121
542,Bridge start (LRP229A),bridge,N1,Bridge start,19121,19121
554,Box culvert (LRP232B),bridge,N1,Box culvert,19121,19121
351,Km post missing (LRP159),link,N1,Km post missing,19120,19120
352,"Ctg 85 km,Bairyahat 10 km (LRP160)",link,N1,"Ctg 85 km,Bairyahat 10 km",19120,19120
421,Km post missing (LRP189),link,N1,Km post missing,19120,19120
434,Box culvert (LRP194A),bridge,N1,Box culvert,19120,19120
435,Box culvert (LRP194B),bridge,N1,Box culvert,19120,19120
436,Box culvert (LRP194C),bridge,N1,Box culvert,19120,19120
441,Box culvert (LRP196B),bridge,N1,Box culvert,19120,19120
444,Box culvert (LRP197B),bridge,N1,Box culvert,19120,19120
458,Km post missing (LRP202),link,N1,Km post missing,19120,19120
462,Box culvert (LRP203B),bridge,N1,Box culvert,19120,19120
463,Km post missing (LRP204),link,N1,Km post missing,19120,19120
549,Road to Biman Bandar (Z1016) (LRP231A),link,N1,Road to Biman Bandar (Z1016),19120,19120
550,Bridge start (LRP231B),bridge,N1,Bridge start,19120,19120
551,Bridge end (LRP231C),bridge,N1,Bridge end,19120,19120
557,Km post missing (LRP233),link,N1,Km post missing,19120,19120
349,Km post missing (LRP157),link,N1,Km post missing,19119,19119
350,Ctg 87 km (LRP158),link,N1,Ctg 87 km,19119,19119
403,Box Culvert (LRP182A),bridge,N1,Box Culvert,19119,19119
404,Box culvert (LRP182B),bridge,N1,Box culvert,19119,19119
438,Box culvert (LRP195A),bridge,N1,Box culvert,19119,19119
439,Km post missing (LRP196),link,N1,Km post missing,19119,19119
440,Box culvert (LRP196A),bridge,N1,Box culvert,19119,19119
449,"Ctg 46 km,Sitakanda 6 km (LRP199)",link,N1,"Ctg 46 km,Sitakanda 6 km",19119,19119
450,Box culvert (LRP199A),bridge,N1,Box culvert,19119,19119
459,Box culvert (LRP202A),bridge,N1,Box culvert,19119,19119
464,Box culvert (LRP204A),bridge,N1,Box culvert,19119,19119
471,Box culvert (LRP205B),bridge,N1,Box culvert,19119,19119
472,Km post missing (LRP206),link,N1,Km post missing,19119,19119
544,Km post missing (LRP230),link,N1,Km post missing,19119,19119
545,End of Bituminous Pavement (LRP230A),link,N1,End of Bituminous Pavement,19119,19119
547,Start of Bituminous Pavement (LRP230C),link,N1,Start of Bituminous Pavement,19119,19119
555,Bridge start (LRP232C),bridge,N1,Bridge start,19119,19119
556,Bridge end (LRP232D),bridge,N1,Bridge end,19119,19119
558,Box culvert (LRP233A),bridge,N1,Box culvert,19119,19119
561,Bridge end (LRP234B),bridge,N1,Bridge end,19119,19119
431,Box culvert (LRP193A),bridge,N1,Box culvert,19118,19118
432,Box Culvert (LRP193B),bridge,N1,Box Culvert,19118,19118
433,Km post missing (LRP194),link,N1,Km post missing,19118,19118
445,Km post missing (LRP198),link,N1,Km post missing,19118,19118
446,Road to Haidchokia (Z1086) (LRP198A),link,N1,Road to Haidchokia (Z1086),19118,19118
447,Box culvert (LRP198B),bridge,N1,Box culvert,19118,19118
468,Box culvert (LRP204F),bridge,N1,Box culvert,19118,19118
469,"Ctg 40 km,Sitakanda 0 km (LRP205)",link,N1,"Ctg 40 km,Sitakanda 0 km",19118,19118
546,Box culvert (LRP230B),bridge,N1,Box culvert,19118,19118
548,Km post missing (LRP231),link,N1,Km post missing,19118,19118
552,Km post missing (LRP232),link,N1,Km post missing,19118,19118
553,"N111, Port Connecting Road (LRP232A)",link,N1,"N111, Port Connecting Road",19118,19118
559,Km post missing (LRP234),link,N1,Km post missing,19118,19118
336,Ctg 95 km (LRP150),link,N1,Ctg 95 km,19117,19117
339,Bridge end (LRP151B),bridge,N1,Bridge end,19117,19117
343,Ctg 91 km (LRP153),link,N1,Ctg 91 km,19117,19117
354,Km post missing (LRP161),link,N1,Km post missing,19117,19117
355,Ctg 83 km (LRP162),link,N1,Ctg 83 km,19117,19117
402,Km post missing (LRP182),link,N1,Km post missing,19117,19117
423,Km post missing (LRP190),link,N1,Km post missing,19117,19117
448,Box culvert (LRP198C),bridge,N1,Box culvert,19117,19117
451,Box culvert (LRP199B),bridge,N1,Box culvert,19117,19117
452,Km post missing (LRP200),link,N1,Km post missing,19117,19117
456,Box culvert (LRP201A),bridge,N1,Box culvert,19117,19117
457,Box culvert (LRP201B),bridge,N1,Box culvert,19117,19117
562,Km post missing (LRP235),link,N1,Km post missing,19117,19117
563,End of Bituminous Road (LRP235A),link,N1,End of Bituminous Road,19117,19117
337,Km post missing (LRP151),link,N1,Km post missing,19116,19116
338,Bridge start (LRP151A),bridge,N1,Bridge start,19116,19116
344,Ctg 91 km (LRP154),link,N1,Ctg 91 km,19116,19116
345,Km post missing (LRP155),link,N1,Km post missing,19116,19116
353,Road to Mounshirhat (Z1081) (LRP160A),link,N1,Road to Mounshirhat (Z1081),19116,19116
401,Box culvert (LRP181A),bridge,N1,Box culvert,19116,19116
429,Box culvert (LRP192B),bridge,N1,Box culvert,19116,19116
430,"Ctg 52 km,Sitakhada 12 km (LRP193)",link,N1,"Ctg 52 km,Sitakhada 12 km",19116,19116
454,Box culvert (LRP200B),bridge,N1,Box culvert,19116,19116
455,"Ctg 44 km,Sitakanda 4 km (LRP201)",link,N1,"Ctg 44 km,Sitakanda 4 km",19116,19116
560,Bridge start (LRP234A),bridge,N1,Bridge start,19116,19116
340,"Ctg 93 km,Lalpole 1 km (LRP152)",link,N1,"Ctg 93 km,Lalpole 1 km",19115,19115
341,Road to Feni Town (Z1034) (LRP152A),link,N1,Road to Feni Town (Z1034),19115,19115
361,Km post missing (LRP165),link,N1,Km post missing,19115,19115
425,Km post missing (LRP191),link,N1,Km post missing,19115,19115
426,Box culvert (LRP191A),bridge,N1,Box culvert,19115,19115
453,Box culvert (LRP200A),bridge,N1,Box culvert,19115,19115
342,Road to Sonagazi (Z1034) (LRP152B),link,N1,Road to Sonagazi (Z1034),19114,19114
346,Km post missing (LRP156),link,N1,Km post missing,19114,19114
359,Ctg 81 kkm (LRP164),link,N1,Ctg 81 kkm,19114,19114
347,Bridge start (LRP156A),bridge,N1,Bridge start,19113,19113
348,Bridge end (LRP156B),bridge,N1,Bridge end,19113,19113
356,Km post missing (LRP163),link,N1,Km post missing,19113,19113
357,Bridge start (LRP163A),bridge,N1,Bridge start,19113,19113
358,Bridge end (LRP163B),bridge,N1,Bridge end,19113,19113
360,Road to Chhagalnaiya (Z1032) (LRP164A),link,N1,Road to Chhagalnaiya (Z1032),19113,19113
362,Km post missing (LRP166),link,N1,Km post missing,19113,19113
363,Km post missing (LRP167),link,N1,Km post missing,19113,19113
393,Km post missing (LRP178),link,N1,Km post missing,19113,19113
427,Km post missing (LRP192),link,N1,Km post missing,19113,19113
428,Box culvert (LRP192A),bridge,N1,Box culvert,19113,19113
565,Chittagong city area ends and the survey of N1 starts again (LRP244B),link,N1,Chittagong city area ends and the survey of N1 starts again,19113,19113
365,Bridge start (LRP168A),bridge,N1,Bridge start,19112,19112
366,Bridge end/Start of Chittagong Road Division / Bridge end/Start of Chittagong Road Division (LRP168B),bridge,N1,Bridge end/Start of Chittagong Road Division / Bridge end/Start of Chittagong Road Division,19112,19112
400,Km post missing (LRP181),link,N1,Km post missing,19112,19112
566,Km post missing (LRP245),link,N1,Km post missing,19112,19112
364,Km post missing (LRP168),link,N1,Km post missing,19111,19111
394,Box culvert (LRP178A),bridge,N1,Box culvert,19111,19111
397,Box culvert (LRP180A),bridge,N1,Box culvert,19111,19111
398,Box culvert (LRP180B),bridge,N1,Box culvert,19111,19111
399,Box culvert (LRP180C),bridge,N1,Box culvert,19111,19111
367,Km post missing (LRP169),link,N1,Km post missing,19110,19110
395,Km post missing (LRP179),link,N1,Km post missing,19110,19110
368,Box culvert (LRP169A),bridge,N1,Box culvert,19109,19109
369,Km post missing (LRP170),link,N1,Km post missing,19109,19109
370,End of Bituminous Pavment (LRP170A),link,N1,End of Bituminous Pavment,19109,19109
396,Km post missing (LRP180),link,N1,Km post missing,19109,19109
374,Km post missing (LRP171),link,N1,Km post missing,19108,19108
389,Box culvert (LRP176C),bridge,N1,Box culvert,19108,19108
371,Road to Karerhat (R151) (LRP170B),link,N1,Road to Karerhat (R151),19107,19107
372,Start of Bituminious Pavement (LRP170C),link,N1,Start of Bituminious Pavement,19107,19107
373,Box culvert (LRP170D),bridge,N1,Box culvert,19107,19107
375,Km post missing / Box culvert (LRP172),bridge,N1,Km post missing / Box culvert,19107,19107
376,Box culvert (LRP172B),bridge,N1,Box culvert,19107,19107
377,Km post missing (LRP173),link,N1,Km post missing,19107,19107
378,Box culvert (LRP173A),bridge,N1,Box culvert,19107,19107
385,Box culvert (LRP175B),bridge,N1,Box culvert,19107,19107
386,Km post missing (LRP176),link,N1,Km post missing,19107,19107
387,Bridge start (LRP176A),bridge,N1,Bridge start,19107,19107
388,Bridge end (LRP176B),bridge,N1,Bridge end,19107,19107
390,Box culvert (LRP176D),bridge,N1,Box culvert,19107,19107
391,Km post missing (LRP177),link,N1,Km post missing,19107,19107
392,Pipe culvert (LRP177A),bridge,N1,Pipe culvert,19107,19107
379,Box culvert (LRP173B),bridge,N1,Box culvert,19106,19106
380,Km post missing (LRP174),link,N1,Km post missing,19106,19106
381,Box culvert (LRP174A),bridge,N1,Box culvert,19106,19106
382,Box culvert (LRP174B),bridge,N1,Box culvert,19106,19106
383,Km post missing (LRP175),link,N1,Km post missing,19106,19106
384,Box culvert (LRP175A),bridge,N1,Box culvert,19106,19106
2034,Sylhet 14 km (LRP218),link,N2,Sylhet 14 km,17620,17620
2035,Sylhet 13 km (LRP219),link,N2,Sylhet 13 km,17620,17620
2041,Box culvert (LRP221A),bridge,N2,Box culvert,17620,17620
2036,Box culvert (LRP219A),bridge,N2,Box culvert,17619,17619
2042,Sylhet 10 km (LRP222),link,N2,Sylhet 10 km,17619,17619
2043,Box culvert (LRP222A),bridge,N2,Box culvert,17619,17619
2044,Box culvert (LRP222B),bridge,N2,Box culvert,17619,17619
2045,Sylhet 9 km (LRP223),link,N2,Sylhet 9 km,17619,17619
2049,R283 (LRP224B),link,N2,R283,17619,17619
2050,Bridge start (LRP224C),bridge,N2,Bridge start,17619,17619
2051,Bridge end (LRP224D),bridge,N2,Bridge end,17619,17619
2037,Sylhet 12 km (LRP220),link,N2,Sylhet 12 km,17618,17618
2053,Box culvert (LRP225A),bridge,N2,Box culvert,17618,17618
2060,Box culvert (LRP227A),bridge,N2,Box culvert,17618,17618
2038,Bridge start (LRP220A),bridge,N2,Bridge start,17617,17617
2039,Bridge end (LRP220B),bridge,N2,Bridge end,17617,17617
2040,Sylhet 11 km (LRP221),link,N2,Sylhet 11 km,17617,17617
2048,Box culvert (LRP224A),bridge,N2,Box culvert,17617,17617
2052,Sylhet 7 km (LRP225),link,N2,Sylhet 7 km,17617,17617
2055,Sylhet 6 km (LRP226),link,N2,Sylhet 6 km,17617,17617
1969,Sylhet 39 km (LRP193),link,N2,Sylhet 39 km,17616,17616
1972,Bridge end (LRP194B),bridge,N2,Bridge end,17616,17616
1976,Sylhet 36 km (LRP196),link,N2,Sylhet 36 km,17616,17616
2000,Sylhet 28 km (LRP204),link,N2,Sylhet 28 km,17616,17616
2002,Box Culvert (LRP205A),bridge,N2,Box Culvert,17616,17616
2003,Road to Balaganj (Z2022) (LRP205B),link,N2,Road to Balaganj (Z2022),17616,17616
2004,Sylhet 26 km (LRP206),link,N2,Sylhet 26 km,17616,17616
2005,Box culvert (LRP206A),bridge,N2,Box culvert,17616,17616
2012,Box culvert (LRP209A),bridge,N2,Box culvert,17616,17616
2014,Sylhet 22 km (LRP210),link,N2,Sylhet 22 km,17616,17616
2016,Sylhet 21 km (LRP211),link,N2,Sylhet 21 km,17616,17616
2046,Box culvert (LRP223A),bridge,N2,Box culvert,17616,17616
2047,Sylhet 8 km (LRP224),link,N2,Sylhet 8 km,17616,17616
2054,Road to Balaganj (Z2013) (LRP225B),link,N2,Road to Balaganj (Z2013),17616,17616
2056,Box culvert (LRP226A),bridge,N2,Box culvert,17616,17616
2059,Km post missing (LRP227),link,N2,Km post missing,17616,17616
2061,Km post missing (LRP228),link,N2,Km post missing,17616,17616
2062,Bridge start (LRP228A),bridge,N2,Bridge start,17616,17616
2063,Bridge end (LRP228B),bridge,N2,Bridge end,17616,17616
2064,N209 / N208 to Moulovibazar (LRP228C),link,N2,N209 / N208 to Moulovibazar,17616,17616
1967,Bridge start (LRP192A),bridge,N2,Bridge start,17615,17615
1968,Bridge end (LRP192B),bridge,N2,Bridge end,17615,17615
1970,Sylhet 38 km (LRP194),link,N2,Sylhet 38 km,17615,17615
1971,Bridge start (LRP194A),bridge,N2,Bridge start,17615,17615
1973,Bridge start (LRP194C),bridge,N2,Bridge start,17615,17615
1974,Bridge end (LRP194D),bridge,N2,Bridge end,17615,17615
1975,Sylhet 37 km (LRP195),link,N2,Sylhet 37 km,17615,17615
1977,Box culvert (LRP196A),bridge,N2,Box culvert,17615,17615
1980,Bridge end (LRP197B),bridge,N2,Bridge end,17615,17615
1981,Sylhet 34 km (LRP198),link,N2,Sylhet 34 km,17615,17615
1982,Bridge start (LRP198A),bridge,N2,Bridge start,17615,17615
1983,Bridge end (LRP198B),bridge,N2,Bridge end,17615,17615
1984,Box culvert (LRP198C),bridge,N2,Box culvert,17615,17615
1985,Sylhet 33 km (LRP199),link,N2,Sylhet 33 km,17615,17615
2001,Sylhet 27 km (LRP205),link,N2,Sylhet 27 km,17615,17615
2009,Sylhet 24 km (LRP208),link,N2,Sylhet 24 km,17615,17615
2010,Box culvert (LRP208A),bridge,N2,Box culvert,17615,17615
2011,Sylhet 23 km (LRP209),link,N2,Sylhet 23 km,17615,17615
2015,Box culvert (LRP210A),bridge,N2,Box culvert,17615,17615
2018,Box culvert (LRP211B),bridge,N2,Box culvert,17615,17615
2019,Sylhet 20 km (LRP212),link,N2,Sylhet 20 km,17615,17615
2021,Sylhet 19 km (LRP213),link,N2,Sylhet 19 km,17615,17615
2022,Box culvert (LRP213A),bridge,N2,Box culvert,17615,17615
2057,Box culvert (LRP226B),bridge,N2,Box culvert,17615,17615
2058,Box culvert (LRP226C),bridge,N2,Box culvert,17615,17615
1966,Sylhet 40 km/ Start of Sylhet road Division / Sylhet 40 km/ Start of Sylhet road Division (LRP192),link,N2,Sylhet 40 km/ Start of Sylhet road Division / Sylhet 40 km/ Start of Sylhet road Division,17614,17614
1978,Sylhet 35 km (LRP197),link,N2,Sylhet 35 km,17614,17614
1979,Bridge start (LRP197A),bridge,N2,Bridge start,17614,17614
1986,Bridge start (LRP199A),bridge,N2,Bridge start,17614,17614
1987,Bridge end (LRP199B),bridge,N2,Bridge end,17614,17614
1988,Box culvert (LRP199C),bridge,N2,Box culvert,17614,17614
1989,Sylhet 32 km (LRP200),link,N2,Sylhet 32 km,17614,17614
1990,Bridge start (LRP200A),bridge,N2,Bridge start,17614,17614
1991,Bridge end (LRP200B),bridge,N2,Bridge end,17614,17614
1992,Box culvert (LRP200C),bridge,N2,Box culvert,17614,17614
1997,Sylhet 30 km (LRP202),link,N2,Sylhet 30 km,17614,17614
1999,Box culvert (LRP203A),bridge,N2,Box culvert,17614,17614
2006,Box culvert (LRP206B),bridge,N2,Box culvert,17614,17614
2007,Km post broken (LRP207),link,N2,Km post broken,17614,17614
2013,Box culvert (LRP209B),bridge,N2,Box culvert,17614,17614
2017,Box culvert (LRP211A),bridge,N2,Box culvert,17614,17614
2020,Box culvert (LRP212A),bridge,N2,Box culvert,17614,17614
1995,Box culvert (LRP201A),bridge,N2,Box culvert,17613,17613
1998,Km post missing (LRP203),link,N2,Km post missing,17613,17613
2008,Box culvert (LRP207A),bridge,N2,Box culvert,17613,17613
2023,Box culvert (LRP213B),bridge,N2,Box culvert,17613,17613
2025,Box culvert (LRP214A),bridge,N2,Box culvert,17613,17613
2027,Sylhet 17 km (LRP215),link,N2,Sylhet 17 km,17613,17613
2033,Sylhet 15 km (LRP217),link,N2,Sylhet 15 km,17613,17613
1993,Box culvert (LRP200D),bridge,N2,Box culvert,17612,17612
1994,Km post missing (LRP201),link,N2,Km post missing,17612,17612
1996,Box culvert (LRP201B),bridge,N2,Box culvert,17612,17612
2024,Sylhet 18 km (LRP214),link,N2,Sylhet 18 km,17612,17612
2026,Box culvert (LRP214B),bridge,N2,Box culvert,17612,17612
2028,Box culvert (LRP215A),bridge,N2,Box culvert,17612,17612
2032,Box culvert (LRP216C),bridge,N2,Box culvert,17612,17612
2029,Sylhet 16 km (LRP216),link,N2,Sylhet 16 km,17611,17611
2030,Box culvert (LRP216A),bridge,N2,Box culvert,17611,17611
2031,Road to Lamakazi (Z2016) (LRP216B),link,N2,Road to Lamakazi (Z2016),17611,17611
2142,Bridge end (LRP257B),bridge,N2,Bridge end,9992,9992
2146,Tamabil 25 km (LRP259),link,N2,Tamabil 25 km,9992,9992
2147,Jaflong 28 km (LRP260),link,N2,Jaflong 28 km,9992,9992
2148,Box culvert (LRP260A),bridge,N2,Box culvert,9992,9992
2149,Jaintapur 10 km (LRP261),link,N2,Jaintapur 10 km,9992,9992
2153,Box culvert (LRP262A),bridge,N2,Box culvert,9992,9992
2083,Tamabil 50 km (LRP234),link,N2,Tamabil 50 km,9991,9991
2143,Jaintapur 13 km (LRP258),link,N2,Jaintapur 13 km,9991,9991
2144,Bridge start (LRP258A),bridge,N2,Bridge start,9991,9991
2145,Bridge end (LRP258B),bridge,N2,Bridge end,9991,9991
2151,Box culvert (LRP261B),bridge,N2,Box culvert,9991,9991
2152,Km post missing (LRP262),link,N2,Km post missing,9991,9991
2154,Jaflong 25 km (LRP263),link,N2,Jaflong 25 km,9991,9991
2155,Road to Kanaighat (Z2011) (LRP263A),link,N2,Road to Kanaighat (Z2011),9991,9991
2156,Bridge start (LRP263B),bridge,N2,Bridge start,9991,9991
2157,Bridge end (LRP263C),bridge,N2,Bridge end,9991,9991
2196,Bridge end (LRP275B),bridge,N2,Bridge end,9991,9991
2197,Jaflong 12 km (LRP276),link,N2,Jaflong 12 km,9991,9991
2198,Bridge start (LRP276A),bridge,N2,Bridge start,9991,9991
2199,Bridge end (LRP276B),bridge,N2,Bridge end,9991,9991
2201,Jaflong 10 km (LRP278),link,N2,Jaflong 10 km,9991,9991
2071,Box culvert (LRP230B),bridge,N2,Box culvert,9990,9990
2079,Box culvert (LRP232A),bridge,N2,Box culvert,9990,9990
2081,Box culvert (LRP233A),bridge,N2,Box culvert,9990,9990
2082,Box culvert (LRP233B),bridge,N2,Box culvert,9990,9990
2087,Box culvert (LRP236A),bridge,N2,Box culvert,9990,9990
2088,Box culvert (LRP236B),bridge,N2,Box culvert,9990,9990
2089,Tamabil 47 km (LRP237),link,N2,Tamabil 47 km,9990,9990
2140,Jaflong 31 km (LRP257),link,N2,Jaflong 31 km,9990,9990
2141,Bridge start (LRP257A),bridge,N2,Bridge start,9990,9990
2150,Box culvert (LRP261A),bridge,N2,Box culvert,9990,9990
2158,Jaintapur 7 km (LRP264),link,N2,Jaintapur 7 km,9990,9990
2193,Bridge end (LRP274F),bridge,N2,Bridge end,9990,9990
2194,Tamabil 9 km (LRP275),link,N2,Tamabil 9 km,9990,9990
2195,Bridge start (LRP275A),bridge,N2,Bridge start,9990,9990
2200,Tamabil 7 km (LRP277),link,N2,Tamabil 7 km,9990,9990
2209,Jaflong 6 km (LRP282),link,N2,Jaflong 6 km,9990,9990
2072,Km post missing (LRP231),link,N2,Km post missing,9989,9989
2073,Box culvert (LRP231A),bridge,N2,Box culvert,9989,9989
2074,Road to Keen Bridge(N206) (LRP231B),bridge,N2,Road to Keen Bridge(N206),9989,9989
2075,Box culvert (LRP231C),bridge,N2,Box culvert,9989,9989
2076,Box culvert (LRP231D),bridge,N2,Box culvert,9989,9989
2077,Box culvert (LRP231E),bridge,N2,Box culvert,9989,9989
2078,Km post missing (LRP232),link,N2,Km post missing,9989,9989
2080,Km post missing (LRP233),link,N2,Km post missing,9989,9989
2084,Box culvert (LRP234A),bridge,N2,Box culvert,9989,9989
2085,Horipur 17 km (LRP235),link,N2,Horipur 17 km,9989,9989
2086,Horipur 16 km (LRP236),link,N2,Horipur 16 km,9989,9989
2092,Jaflong 50 km (LRP238),link,N2,Jaflong 50 km,9989,9989
2159,Km post broken (LRP265),link,N2,Km post broken,9989,9989
2160,Bridge start (LRP265A),bridge,N2,Bridge start,9989,9989
2161,Bridge end (LRP265B),bridge,N2,Bridge end,9989,9989
2203,Jaflong 8 km (LRP280),link,N2,Jaflong 8 km,9989,9989
2204,Bridge start (LRP280A),bridge,N2,Bridge start,9989,9989
2205,Bridge end (LRP280B),bridge,N2,Bridge end,9989,9989
2206,Tamabil 3 km (LRP281),link,N2,Tamabil 3 km,9989,9989
2207,Bridge start (LRP281A),bridge,N2,Bridge start,9989,9989
2208,Bridge end (LRP281B),bridge,N2,Bridge end,9989,9989
2065,Km post broken (LRP229),link,N2,Km post broken,9988,9988
2066,Under Pass R250 (LRP229A),bridge,N2,Under Pass R250,9988,9988
2067,Bridge start (LRP229B),bridge,N2,Bridge start,9988,9988
2068,Bridge end (LRP229C),bridge,N2,Bridge end,9988,9988
2069,Km post missing (LRP230),link,N2,Km post missing,9988,9988
2070,Box culvert (LRP230A),bridge,N2,Box culvert,9988,9988
2090,Bridge start (LRP237A),bridge,N2,Bridge start,9988,9988
2091,Bridge end (LRP237B),bridge,N2,Bridge end,9988,9988
2139,Tamabil 28 km (LRP256),link,N2,Tamabil 28 km,9988,9988
2162,Road to Gowainghat (Z2012) (LRP265C),link,N2,Road to Gowainghat (Z2012),9988,9988
2202,Km post broken (LRP279),link,N2,Km post broken,9988,9988
2210,Km post missing (LRP283),link,N2,Km post missing,9988,9988
2211,Jaflong 4 km (LRP284),link,N2,Jaflong 4 km,9988,9988
2212,Box culvert (LRP284A),bridge,N2,Box culvert,9988,9988
2213,Box culvert (LRP284B),bridge,N2,Box culvert,9988,9988
2214,Jaflong 3 km (LRP285),link,N2,Jaflong 3 km,9988,9988
2095,Box culvert (LRP238C),bridge,N2,Box culvert,9987,9987
2096,Km post missing (LRP239),link,N2,Km post missing,9987,9987
2097,N210 (LRP239A),link,N2,N210,9987,9987
2106,Box culvert (LRP242A),bridge,N2,Box culvert,9987,9987
2111,Jainyapur 27 km (LRP244),link,N2,Jainyapur 27 km,9987,9987
2215,Box culvert (LRP285A),bridge,N2,Box culvert,9987,9987
2216,Box culvert (LRP285B),bridge,N2,Box culvert,9987,9987
2217,Km post broken (LRP286),link,N2,Km post broken,9987,9987
2218,Box culvert (LRP286A),bridge,N2,Box culvert,9987,9987
2219,Box culvert (LRP286B),bridge,N2,Box culvert,9987,9987
2220,Jaflong 1  km (LRP287),link,N2,Jaflong 1  km,9987,9987
2221,Bridge start (LRP287A),bridge,N2,Bridge start,9987,9987
2222,Bridge end (LRP287B),bridge,N2,Bridge end,9987,9987
2223,Box culvert (LRP287C),bridge,N2,Box culvert,9987,9987
2093,Bridge start (LRP238A),bridge,N2,Bridge start,9986,9986
2094,Bridge end (LRP238B),bridge,N2,Bridge end,9986,9986
2098,Jaintapur 31 km (LRP240),link,N2,Jaintapur 31 km,9986,9986
2099,Box culvert (LRP240A),bridge,N2,Box culvert,9986,9986
2100,Box culvert (LRP240B),bridge,N2,Box culvert,9986,9986
2105,Jaflong 46 km (LRP242),link,N2,Jaflong 46 km,9986,9986
2109,Bridge end (LRP243B),bridge,N2,Bridge end,9986,9986
2110,Box culvert (LRP243C),bridge,N2,Box culvert,9986,9986
2124,Box culvert (LRP249A),bridge,N2,Box culvert,9986,9986
2125,Jaflong 38 km (LRP250),link,N2,Jaflong 38 km,9986,9986
2131,Bridge end (LRP252B),bridge,N2,Bridge end,9986,9986
2132,Tamabil 31 km (LRP253),link,N2,Tamabil 31 km,9986,9986
2134,Bridge end (LRP253B),bridge,N2,Bridge end,9986,9986
2135,Jaflong 34 km (LRP254),link,N2,Jaflong 34 km,9986,9986
2138,Bridge end (LRP255B),bridge,N2,Bridge end,9986,9986
2163,Jaflong 22 km (LRP266),link,N2,Jaflong 22 km,9986,9986
2164,Bridge start (LRP266A),bridge,N2,Bridge start,9986,9986
2165,Bridge end (LRP266B),bridge,N2,Bridge end,9986,9986
2168,Bridge end (LRP267B),bridge,N2,Bridge end,9986,9986
2169,Jaintapur 3 km (LRP268),link,N2,Jaintapur 3 km,9986,9986
2186,Bridge end (LRP273B),bridge,N2,Bridge end,9986,9986
2187,Jaflong 14 km (LRP274),link,N2,Jaflong 14 km,9986,9986
2188,Bridge start (LRP274A),bridge,N2,Bridge start,9986,9986
2189,Bridge end (LRP274B),bridge,N2,Bridge end,9986,9986
2190,Bridge start (LRP274C),bridge,N2,Bridge start,9986,9986
2191,Bridge end (LRP274D),bridge,N2,Bridge end,9986,9986
2192,Bridge start (LRP274E),bridge,N2,Bridge start,9986,9986
2101,Tamabil 43 km (LRP241),link,N2,Tamabil 43 km,9985,9985
2102,Bridge start (LRP241A),bridge,N2,Bridge start,9985,9985
2103,Bridge end (LRP241B),bridge,N2,Bridge end,9985,9985
2104,Box culvert (LRP241C),bridge,N2,Box culvert,9985,9985
2112,Tamabil 39 km (LRP245),link,N2,Tamabil 39 km,9985,9985
2113,Box culvert (LRP245A),bridge,N2,Box culvert,9985,9985
2119,Box culvert (LRP247A),bridge,N2,Box culvert,9985,9985
2120,Box culvert (LRP247B),bridge,N2,Box culvert,9985,9985
2126,Box culvert (LRP250A),bridge,N2,Box culvert,9985,9985
2127,Horipur 1 km (LRP251),link,N2,Horipur 1 km,9985,9985
2128,Box culvert (LRP251A),bridge,N2,Box culvert,9985,9985
2129,Km post missing (LRP252),link,N2,Km post missing,9985,9985
2130,Bridge start (LRP252A),bridge,N2,Bridge start,9985,9985
2133,Bridge start (LRP253A),bridge,N2,Bridge start,9985,9985
2136,Jaintapur 16 km (LRP255),link,N2,Jaintapur 16 km,9985,9985
2137,Bridge start (LRP255A),bridge,N2,Bridge start,9985,9985
2166,Jaintapur 4 km (LRP267),link,N2,Jaintapur 4 km,9985,9985
2167,Bridge start (LRP267A),bridge,N2,Bridge start,9985,9985
2170,Jaflong 19 km (LRP269),link,N2,Jaflong 19 km,9985,9985
2171,Bridge start (LRP269A),bridge,N2,Bridge start,9985,9985
2175,Bridge end (LRP270B),bridge,N2,Bridge end,9985,9985
2184,Tamabil 11 km (LRP273),link,N2,Tamabil 11 km,9985,9985
2185,Bridge start (LRP273A),bridge,N2,Bridge start,9985,9985
2107,Horipur 9 km (LRP243),link,N2,Horipur 9 km,9984,9984
2108,Bridge start (LRP243A),bridge,N2,Bridge start,9984,9984
2114,Jaflong 42 km (LRP246),link,N2,Jaflong 42 km,9984,9984
2115,Bridge start (LRP246A),bridge,N2,Bridge start,9984,9984
2116,Bridge end (LRP246B),bridge,N2,Bridge end,9984,9984
2117,Box culvert (LRP246C),bridge,N2,Box culvert,9984,9984
2118,Horipur 5 km (LRP247),link,N2,Horipur 5 km,9984,9984
2121,Jaintapur 23  km (LRP248),link,N2,Jaintapur 23  km,9984,9984
2172,Bridge end (LRP269B),bridge,N2,Bridge end,9984,9984
2173,Jaintapur 1 km (LRP270),link,N2,Jaintapur 1 km,9984,9984
2174,Bridge start (LRP270A),bridge,N2,Bridge start,9984,9984
2176,Bridge start (LRP270C),bridge,N2,Bridge start,9984,9984
2177,Bridge end (LRP270D),bridge,N2,Bridge end,9984,9984
2178,Tamabil 13 km (LRP271),link,N2,Tamabil 13 km,9984,9984
2179,Bridge start (LRP271A),bridge,N2,Bridge start,9984,9984
2180,Bridge end (LRP271B),bridge,N2,Bridge end,9984,9984
2181,Jaflong 16 km (LRP272),link,N2,Jaflong 16 km,9984,9984
2182,Bridge start (LRP272A),bridge,N2,Bridge start,9984,9984
2183,Bridge end (LRP272B),bridge,N2,Bridge end,9984,9984
2123,Tamabil 35 km (LRP249),link,N2,Tamabil 35 km,9983,9983
2122,Box Culvert (LRP248A),bridge,N2,Box Culvert,9982,9982
3124,Box culvert (LRP001A),bridge,N105,Box culvert,9150,9150
3125,"Bangabandhu Bridge 128 km,Mymensingh 132 km (LRP002)",bridge,N105,"Bangabandhu Bridge 128 km,Mymensingh 132 km",9150,9150
3126,Box culvert (LRP002A),bridge,N105,Box culvert,9150,9150
3127,"Bangabandhu bridge 127 km,Mymensingh 130 km (LRP003)",bridge,N105,"Bangabandhu bridge 127 km,Mymensingh 130 km",9150,9150
3128,Box culvert (LRP003A),bridge,N105,Box culvert,9150,9150
3131,"Bangabandhu bridge 125 km,Mymensingh 128 km,Gazipur 44 km (LRP005)",bridge,N105,"Bangabandhu bridge 125 km,Mymensingh 128 km,Gazipur 44 km",9150,9150
3135,"R114, Nayapur- Raipura Road (LRP006B)",link,N105,"R114, Nayapur- Raipura Road",9150,9150
3136,Box Culvert (LRP006C),bridge,N105,Box Culvert,9150,9150
3137,"Bangabondhu Bridge-123 km,Mymanshingh -126 km, Gazipur 42 km (LRP007)",bridge,N105,"Bangabondhu Bridge-123 km,Mymanshingh -126 km, Gazipur 42 km",9150,9150
3138,"Z1090, Majerchar -Kayetpara Road (LRP007A)",link,N105,"Z1090, Majerchar -Kayetpara Road",9150,9150
3123,Km post missing (LRP001),link,N105,Km post missing,9149,9149
3129,"Bangabandhu bridge 126 km,Mymensingh 129 km,Gazipur 45 km (LRP004)",bridge,N105,"Bangabandhu bridge 126 km,Mymensingh 129 km,Gazipur 45 km",9149,9149
3130,Tanaki Road (LRP004A),link,N105,Tanaki Road,9149,9149
3132,Box culvert (LRP005A),bridge,N105,Box culvert,9149,9149
3133,"Bangabandhu bridge 124 km,Gazipur 43 km,Mymensingh 127 km (LRP006)",bridge,N105,"Bangabandhu bridge 124 km,Gazipur 43 km,Mymensingh 127 km",9149,9149
3134,Box culvert (LRP006A),bridge,N105,Box culvert,9149,9149
3139,Bridge Start (LRP007B),bridge,N105,Bridge Start,9149,9149
3140,Bridge end (LRP007C),bridge,N105,Bridge end,9149,9149
3141,"Bangabondhu Bridge- 122 km, Mymensingh- 125 km, Gazipur 41km (LRP008)",bridge,N105,"Bangabondhu Bridge- 122 km, Mymensingh- 125 km, Gazipur 41km",9149,9149
3142,"Bangabondhu Bridge 121km, Mymensingh- 124 km, Gazipur 40 km (LRP009)",bridge,N105,"Bangabondhu Bridge 121km, Mymensingh- 124 km, Gazipur 40 km",9148,9148
3143,Box Culvert (LRP009A),bridge,N105,Box Culvert,9148,9148
3145,Bridge end (LRP009C),bridge,N105,Bridge end,9148,9148
3146,"Bangabondhu Bridge- 120 km, Mymensingh- 123 km, Gazipur 39 km (LRP010)",bridge,N105,"Bangabondhu Bridge- 120 km, Mymensingh- 123 km, Gazipur 39 km",9148,9148
3147,Box Culvert (LRP010A),bridge,N105,Box Culvert,9148,9148
3148,Bridge Start (LRP010B),bridge,N105,Bridge Start,9148,9148
3149,Bridge end (LRP010C),bridge,N105,Bridge end,9148,9148
3150,Information  missing (LRP011),link,N105,Information  missing,9148,9148
3144,Bridge Start (LRP009B),bridge,N105,Bridge Start,9147,9147
3151,"Bangabondhu Bridge 118 km, Mymenshingh 151 km, Gazipur 37 km (LRP012)",bridge,N105,"Bangabondhu Bridge 118 km, Mymenshingh 151 km, Gazipur 37 km",9147,9147
3152,N2 Dhaka-Sylhet -Jaflong Road (LRP012A),link,N105,N2 Dhaka-Sylhet -Jaflong Road,9147,9147
2622,Start of Bridge (LRP067B),bridge,N102,Start of Bridge,6202,6202
2512,Bridge End (LRP031D),bridge,N102,Bridge End,6199,6199
2447,Box Culvert (LRP004A),bridge,N102,Box Culvert,6186,6186
2448,Km post missing (LRP005),link,N102,Km post missing,6186,6186
2463,B Baria 59 km Sylhet 237 km (LRP013),link,N102,B Baria 59 km Sylhet 237 km,6186,6186
2464,BBaria 58 km Sylhet 236 km (LRP014),link,N102,BBaria 58 km Sylhet 236 km,6186,6186
2466,Box Culvert (LRP015A),bridge,N102,Box Culvert,6186,6186
2467,B Baria56 km Sylhet234 km (LRP016),link,N102,B Baria56 km Sylhet234 km,6186,6186
2468,"B Baria 55 km, Sylhet 233 km (LRP017)",link,N102,"B Baria 55 km, Sylhet 233 km",6186,6186
2469,Box Culvert (LRP017A),bridge,N102,Box Culvert,6186,6186
2445,Km post missing (LRP003),link,N102,Km post missing,6185,6185
2446,Km post missing (LRP004),link,N102,Km post missing,6185,6185
2451,Box Culvert (LRP007A),bridge,N102,Box Culvert,6185,6185
2454,Bridge End (LRP008B),bridge,N102,Bridge End,6185,6185
2455,B Baria 63 km Sylhet 241 km (LRP009),link,N102,B Baria 63 km Sylhet 241 km,6185,6185
2456,Box Culvert (LRP009A),bridge,N102,Box Culvert,6185,6185
2465,B Baria 57 km Sylhet235 km (LRP015),link,N102,B Baria 57 km Sylhet235 km,6185,6185
2470,B Baria 54 km Sylhet 232 km (LRP018),link,N102,B Baria 54 km Sylhet 232 km,6185,6185
2471,Box Culvert (LRP018A),bridge,N102,Box Culvert,6185,6185
2473,Box Culvert (LRP019A),bridge,N102,Box Culvert,6185,6185
2479,Box Culvert (LRP021B),bridge,N102,Box Culvert,6185,6185
2480,B Baria 50 km (LRP022),link,N102,B Baria 50 km,6185,6185
2481,Box Culvert (LRP022A),bridge,N102,Box Culvert,6185,6185
2482,B Baria 49 km Sylhet 227 km (LRP023),link,N102,B Baria 49 km Sylhet 227 km,6185,6185
2585,Bbaria 18 km Sylhet 196 km (LRP054),link,N102,Bbaria 18 km Sylhet 196 km,6185,6185
2449,B Baria 66 km Sylhet 244 km (LRP006),link,N102,B Baria 66 km Sylhet 244 km,6184,6184
2450,"B. Bari 65 km, Sylhet 243 km (LRP007)",link,N102,"B. Bari 65 km, Sylhet 243 km",6184,6184
2452,B Baria 64 km Sylhet 242 km (LRP008),link,N102,B Baria 64 km Sylhet 242 km,6184,6184
2453,Bridge start (LRP008A),bridge,N102,Bridge start,6184,6184
2457,Km post missing (LRP010),link,N102,Km post missing,6184,6184
2458,Z 1219 Left Nimsar Right    Burichang (LRP010A),link,N102,Z 1219 Left Nimsar Right    Burichang,6184,6184
2459,"B Baria 61 km, Sylhet 239 km (LRP011)",link,N102,"B Baria 61 km, Sylhet 239 km",6184,6184
2460,Box Culvert (LRP011A),bridge,N102,Box Culvert,6184,6184
2461,Box Culvert (LRP011B),bridge,N102,Box Culvert,6184,6184
2462,B Baria 60 km Sylhet 238 km (LRP012),link,N102,B Baria 60 km Sylhet 238 km,6184,6184
2472,Km post missing (LRP019),link,N102,Km post missing,6184,6184
2474,Box Culvert (LRP019B),bridge,N102,Box Culvert,6184,6184
2475,Infor.missing (LRP020),link,N102,Infor.missing,6184,6184
2476,"Side Road, Left to Chandina Z 1008 (LRP020A)",link,N102,"Side Road, Left to Chandina Z 1008",6184,6184
2477,B Baria 51 km Sylhet229 km (LRP021),link,N102,B Baria 51 km Sylhet229 km,6184,6184
2478,Box Culvert (LRP021A),bridge,N102,Box Culvert,6184,6184
2483,Bridge start (LRP023A),bridge,N102,Bridge start,6184,6184
2484,Bridge End (LRP023B),bridge,N102,Bridge End,6184,6184
2561,Km post missing (LRP045),link,N102,Km post missing,6184,6184
2562,Box Culvert (LRP045A),bridge,N102,Box Culvert,6184,6184
2563,BBaria 26 km Sylhet 204 (LRP046),link,N102,BBaria 26 km Sylhet 204,6184,6184
2564,Bridge start (LRP046A),bridge,N102,Bridge start,6184,6184
2565,Bridge End (LRP046B),bridge,N102,Bridge End,6184,6184
2566,BBaria 25 Sylhet 203 km (LRP047),link,N102,BBaria 25 Sylhet 203 km,6184,6184
2567,Box Culvert (LRP047A),bridge,N102,Box Culvert,6184,6184
2577,Km post missing (LRP051),link,N102,Km post missing,6184,6184
2579,Km post missing (LRP052),link,N102,Km post missing,6184,6184
2580,Bridge start (LRP052A),bridge,N102,Bridge start,6184,6184
2581,Bridge End (LRP052B),bridge,N102,Bridge End,6184,6184
2582,Km post missing (LRP053),link,N102,Km post missing,6184,6184
2583,Bridge start (LRP053A),bridge,N102,Bridge start,6184,6184
2584,Bridge end (LRP053B),bridge,N102,Bridge end,6184,6184
2586,Bbaria 17 km Sylhet 195 km (LRP055),link,N102,Bbaria 17 km Sylhet 195 km,6184,6184
2587,Bridge start (LRP055A),bridge,N102,Bridge start,6184,6184
2588,Bridge End (LRP055B),bridge,N102,Bridge End,6184,6184
2589,Box Culvert (LRP055C),bridge,N102,Box Culvert,6184,6184
2602,Km post missing / Bridge start (LRP060),bridge,N102,Km post missing / Bridge start,6184,6184
2603,Bridge End (LRP060B),bridge,N102,Bridge End,6184,6184
2604,Km post missing (LRP061),link,N102,Km post missing,6184,6184
2605,BBaria 10 km Sylhet 188 km (LRP062),link,N102,BBaria 10 km Sylhet 188 km,6184,6184
2606,Z1216 to Akhaowera (LRP062A),link,N102,Z1216 to Akhaowera,6184,6184
2607,Box Culvert (LRP062B),bridge,N102,Box Culvert,6184,6184
2608,Box Culvert (LRP062C),bridge,N102,Box Culvert,6184,6184
2609,BBaria 9 Sylhet 187 km (LRP063),link,N102,BBaria 9 Sylhet 187 km,6184,6184
2610,Bridge start (LRP063A),bridge,N102,Bridge start,6184,6184
2611,Bridge End (LRP063B),bridge,N102,Bridge End,6184,6184
2612,B Baria 8 km Sylhet 186 km (LRP064),link,N102,B Baria 8 km Sylhet 186 km,6184,6184
2613,R203 on left to Nabinagar (LRP064A),link,N102,R203 on left to Nabinagar,6184,6184
2618,BBaria 6 km (LRP066),link,N102,BBaria 6 km,6184,6184
2443,Box Culvert (LRP002B),bridge,N102,Box Culvert,6183,6183
2444,Box Culvert (LRP002C),bridge,N102,Box Culvert,6183,6183
2485,B Baria 48 km Sylhet 226 km (LRP024),link,N102,B Baria 48 km Sylhet 226 km,6183,6183
2486,"Side Road, Left Z1017 to Madhaya (LRP024A)",link,N102,"Side Road, Left Z1017 to Madhaya",6183,6183
2552,Km post missing (LRP043),link,N102,Km post missing,6183,6183
2568,Bbaria 24 Sylhet 202 km (LRP048),link,N102,Bbaria 24 Sylhet 202 km,6183,6183
2569,Box Culvert (LRP048A),bridge,N102,Box Culvert,6183,6183
2574,Box Culvert (LRP050A),bridge,N102,Box Culvert,6183,6183
2575,Bridge start (LRP050B),bridge,N102,Bridge start,6183,6183
2576,Bridge End (LRP050C),bridge,N102,Bridge End,6183,6183
2578,Box Culvert (LRP051A),bridge,N102,Box Culvert,6183,6183
2595,Km post missing (LRP058),link,N102,Km post missing,6183,6183
2596,Bridge start (LRP058A),bridge,N102,Bridge start,6183,6183
2597,Bridge End (LRP058B),bridge,N102,Bridge End,6183,6183
2598,Km post missing (LRP059),link,N102,Km post missing,6183,6183
2599,Box Culvert (LRP059A),bridge,N102,Box Culvert,6183,6183
2600,Bridge start (LRP059B),bridge,N102,Bridge start,6183,6183
2601,Bridge End (LRP059C),bridge,N102,Bridge End,6183,6183
2615,Bridge End (LRP064C),bridge,N102,Bridge End,6183,6183
2616,Km post missing (LRP065),link,N102,Km post missing,6183,6183
2617,Box Culvert (LRP065A),bridge,N102,Box Culvert,6183,6183
2619,Box Culvert (LRP066A),bridge,N102,Box Culvert,6183,6183
2620,BBaria5 Sylhet 183 km (LRP067),link,N102,BBaria5 Sylhet 183 km,6183,6183
2621,Box Culvert (LRP067A),bridge,N102,Box Culvert,6183,6183
2438,Box Culvert (LRPSA),bridge,N102,Box Culvert,6182,6182
2439,Box Culvert (LRPSB),bridge,N102,Box Culvert,6182,6182
2440,Km post missing (LRP001),link,N102,Km post missing,6182,6182
2441,B Baria 68 km Sylhet 248 km (LRP002),link,N102,B Baria 68 km Sylhet 248 km,6182,6182
2442,Box Culvert (LRP002A),bridge,N102,Box Culvert,6182,6182
2487,Bridge start (LRP024B),bridge,N102,Bridge start,6182,6182
2488,Bridge End (LRP024C),bridge,N102,Bridge End,6182,6182
2489,Infor.missing (LRP025),link,N102,Infor.missing,6182,6182
2490,Road to Madhaya (LRP025A),link,N102,Road to Madhaya,6182,6182
2491,Box Culvert (LRP025B),bridge,N102,Box Culvert,6182,6182
2492,B Baria 46 km Sylhet 224 km (LRP026),link,N102,B Baria 46 km Sylhet 224 km,6182,6182
2551,BBaria 30 km Sylhet208 km (LRP042),link,N102,BBaria 30 km Sylhet208 km,6182,6182
2553,Culvert under Constriction (LRP043A),bridge,N102,Culvert under Constriction,6182,6182
2554,Divission Road (LRP043B),bridge,N102,Divission Road,6182,6182
2555,Z1201 (LRP043C),link,N102,Z1201,6182,6182
2556,Km post missing (LRP044),link,N102,Km post missing,6182,6182
2557,Bridge start (LRP044A),bridge,N102,Bridge start,6182,6182
2558,Bridge End (LRP044B),bridge,N102,Bridge End,6182,6182
2559,Bridge start (LRP044C),bridge,N102,Bridge start,6182,6182
2560,Bridge End (LRP044D),bridge,N102,Bridge End,6182,6182
2570,Km post missing (LRP049),link,N102,Km post missing,6182,6182
2571,Bridge start (LRP049A),bridge,N102,Bridge start,6182,6182
2572,Bridge End (LRP049B),bridge,N102,Bridge End,6182,6182
2573,Km post missing (LRP050),link,N102,Km post missing,6182,6182
2590,Km post missing (LRP056),link,N102,Km post missing,6182,6182
2591,Z1202 Road to Akhoura (LRP056A),link,N102,Z1202 Road to Akhoura,6182,6182
2592,Bridge start (LRP056B),bridge,N102,Bridge start,6182,6182
2593,Bridge End (LRP056C),bridge,N102,Bridge End,6182,6182
2594,Km post missing (LRP057),link,N102,Km post missing,6182,6182
2614,Bridge start (LRP064B),bridge,N102,Bridge start,6182,6182
2499,Box Culvert (LRP028C),bridge,N102,Box Culvert,6181,6181
2500,BBaria 43 km Sylhet 221 km (LRP029),link,N102,BBaria 43 km Sylhet 221 km,6181,6181
2528,BBara 36 Sylhet 214 km (LRP036),link,N102,BBara 36 Sylhet 214 km,6181,6181
2529,Box Culvert (LRP036A),bridge,N102,Box Culvert,6181,6181
2530,Bridge start (LRP036B),bridge,N102,Bridge start,6181,6181
2549,Km post missing (LRP041),link,N102,Km post missing,6181,6181
2550,Box Culvert (LRP041A),bridge,N102,Box Culvert,6181,6181
2493,Box Culvert (LRP026A),bridge,N102,Box Culvert,6180,6180
2494,BBaria 45 km Sylhet 223 km (LRP027),link,N102,BBaria 45 km Sylhet 223 km,6180,6180
2496,BBaria 44 km Sylhet 223 km (LRP028),link,N102,BBaria 44 km Sylhet 223 km,6180,6180
2497,Bridge start (LRP028A),bridge,N102,Bridge start,6180,6180
2498,Bridge End (LRP028B),bridge,N102,Bridge End,6180,6180
2501,Box Culvert (LRP029A),bridge,N102,Box Culvert,6180,6180
2502,Bridge start (LRP029B),bridge,N102,Bridge start,6180,6180
2503,Bridge End (LRP029C),bridge,N102,Bridge End,6180,6180
2504,Box Culvert (LRP029D),bridge,N102,Box Culvert,6180,6180
2505,BBaria 42 Sylhet 220 km (LRP030),link,N102,BBaria 42 Sylhet 220 km,6180,6180
2506,Bridge start (LRP030A),bridge,N102,Bridge start,6180,6180
2507,Bridge End (LRP030B),bridge,N102,Bridge End,6180,6180
2531,Bridge End (LRP036C),bridge,N102,Bridge End,6180,6180
2532,Bridge start (LRP036D),bridge,N102,Bridge start,6180,6180
2533,Bridge End (LRP036E),bridge,N102,Bridge End,6180,6180
2534,"B.Bara 35 km, Sylhet 213 km (LRP037)",link,N102,"B.Bara 35 km, Sylhet 213 km",6180,6180
2535,Bridge start (LRP037A),bridge,N102,Bridge start,6180,6180
2536,Bridge End (LRP037B),bridge,N102,Bridge End,6180,6180
2537,Box Culvert (LRP037C),bridge,N102,Box Culvert,6180,6180
2538,BBaria34 km Sylhet212 km (LRP038),link,N102,BBaria34 km Sylhet212 km,6180,6180
2539,Road to Bancharampura(Z1041) (LRP038A),link,N102,Road to Bancharampura(Z1041),6180,6180
2540,Bridge start (LRP038B),bridge,N102,Bridge start,6180,6180
2541,Bridge End (LRP038C),bridge,N102,Bridge End,6180,6180
2542,Box Culvert (LRP038D),bridge,N102,Box Culvert,6180,6180
2543,BBaria 33 km Sylhet 211 km (LRP039),link,N102,BBaria 33 km Sylhet 211 km,6180,6180
2546,BBaria 32 km Sylhet 210 km (LRP040),link,N102,BBaria 32 km Sylhet 210 km,6180,6180
2547,Start road Division B. Baria / Start road Division B. Baria (LRP040A),link,N102,Start road Division B. Baria / Start road Division B. Baria,6180,6180
2548,Bridge start / Bridge End (LRP040B),bridge,N102,Bridge start / Bridge End,6180,6180
2495,Box Culvert (LRP027A),bridge,N102,Box Culvert,6179,6179
2508,BBaria 41 Sylhet 219 km (LRP031),link,N102,BBaria 41 Sylhet 219 km,6179,6179
2509,Box Culvert (LRP031A),bridge,N102,Box Culvert,6179,6179
2510,Box Culvert (LRP031B),bridge,N102,Box Culvert,6179,6179
2511,Bridge start (LRP031C),bridge,N102,Bridge start,6179,6179
2524,Bridge start (LRP035A),bridge,N102,Bridge start,6179,6179
2525,Bridge end (LRP035B),bridge,N102,Bridge end,6179,6179
2526,Bridge start (LRP035C),bridge,N102,Bridge start,6179,6179
2527,Bridge end (LRP035D),bridge,N102,Bridge end,6179,6179
2544,Bridge start (LRP039A),bridge,N102,Bridge start,6179,6179
2545,Bridge End (LRP039B),bridge,N102,Bridge End,6179,6179
2519,Bridge End (LRP033D),bridge,N102,Bridge End,6177,6177
2520,BBaria 38 km (LRP034),link,N102,BBaria 38 km,6177,6177
2521,Box Culvert (LRP034A),bridge,N102,Box Culvert,6177,6177
2522,Box Culvert (LRP034B),bridge,N102,Box Culvert,6177,6177
2523,BBaria 37 km Sylhet 215 km (LRP035),link,N102,BBaria 37 km Sylhet 215 km,6177,6177
2513,BBaria 40 km Sylhet 218 km (LRP032),link,N102,BBaria 40 km Sylhet 218 km,6176,6176
2514,Box Culvert (LRP032A),bridge,N102,Box Culvert,6176,6176
2515,BBaria 39 km Sylhet 217 km (LRP033),link,N102,BBaria 39 km Sylhet 217 km,6176,6176
2516,Bridge start (LRP033A),bridge,N102,Bridge start,6176,6176
2517,Bridge End (LRP033B),bridge,N102,Bridge End,6176,6176
2518,Bridge start (LRP033C),bridge,N102,Bridge start,6176,6176
2624,End of Bridge (LRP068A),bridge,N102,End of Bridge,6176,6176
2623,Km post missing (LRP068),link,N102,Km post missing,6175,6175
2643,Bridge Start (LRP077A),bridge,N102,Bridge Start,6174,6174
2644,Bridge End (LRP077B),bridge,N102,Bridge End,6174,6174
2645,Madhebpur 27 km sylhet 174 (LRP078),link,N102,Madhebpur 27 km sylhet 174,6174,6174
2625,Bbaria 3 Sylhet 181 km (LRP069),link,N102,Bbaria 3 Sylhet 181 km,6173,6173
2626,Box Culvert (LRP069A),bridge,N102,Box Culvert,6173,6173
2627,BBaria 2 Sylhet180 km (LRP070),link,N102,BBaria 2 Sylhet180 km,6173,6173
2628,Bridge start (LRP070A),bridge,N102,Bridge start,6173,6173
2629,Bridge End (LRP070B),bridge,N102,Bridge End,6173,6173
2636,Bridge End (LRP073B),bridge,N102,Bridge End,6173,6173
2637,Km post missing (LRP074),link,N102,Km post missing,6173,6173
2638,Z1210 to Lalpur (LRP074A),link,N102,Z1210 to Lalpur,6173,6173
2639,Km post missing (LRP075),link,N102,Km post missing,6173,6173
2642,Madheppur 28 km Sylhet 175 km (LRP077),link,N102,Madheppur 28 km Sylhet 175 km,6173,6173
2646,Box Culvert (LRP078A),bridge,N102,Box Culvert,6173,6173
2647,Box Culvert (LRP078B),bridge,N102,Box Culvert,6173,6173
2648,Km post missing (LRP079),link,N102,Km post missing,6173,6173
2649,Box Culvert (LRP079A),bridge,N102,Box Culvert,6173,6173
2652,Km post missing (LRP081),link,N102,Km post missing,6173,6173
2653,Madhebpur 23 km Sylhet170 km (LRP082),link,N102,Madhebpur 23 km Sylhet170 km,6173,6173
2654,Box Culvert (LRP082A),bridge,N102,Box Culvert,6173,6173
2633,Rail Road Crossing (LRP072A),link,N102,Rail Road Crossing,6172,6172
2634,Km post missing (LRP073),link,N102,Km post missing,6172,6172
2635,Bridge Start (LRP073A),bridge,N102,Bridge Start,6172,6172
2640,Km post missing (LRP076),link,N102,Km post missing,6172,6172
2641,N 103 on Right (LRP076A),link,N102,N 103 on Right,6172,6172
2650,Post Convened with Send (LRP080),link,N102,Post Convened with Send,6172,6172
2651,Box Culvert (LRP080A),bridge,N102,Box Culvert,6172,6172
2630,N103 on Right (LRP070C),link,N102,N103 on Right,6171,6171
2631,Km post missing (LRP071),link,N102,Km post missing,6171,6171
2632,Km post missing (LRP072),link,N102,Km post missing,6171,6171
3115,Bridge end (LRP048B),bridge,N104,Bridge end,5987,5987
3109,Box Culvert (LRP045D),bridge,N104,Box Culvert,5986,5986
3110,"Sonapur 4 km, Bagumganj 10 km, Maijdee 1 km (LRP046)",link,N104,"Sonapur 4 km, Bagumganj 10 km, Maijdee 1 km",5986,5986
3112,"Sonapur 3 km,Begumganj 11 km (LRP047)",link,N104,"Sonapur 3 km,Begumganj 11 km",5986,5986
3113,"Sonapur 2 km,Begumganj 12 km,Maijdee 3 km (LRP048)",link,N104,"Sonapur 2 km,Begumganj 12 km,Maijdee 3 km",5986,5986
3114,Bridge start (LRP048A),bridge,N104,Bridge start,5986,5986
3116,Box culvert (LRP048C),bridge,N104,Box culvert,5986,5986
3117,Sonapur 1 km (LRP049),link,N104,Sonapur 1 km,5986,5986
3118,Box culvert (LRP049A),bridge,N104,Box culvert,5986,5986
3119,Box culvert (LRP049B),bridge,N104,Box culvert,5986,5986
3120,Sonapur Link Road Z-1440 (LRP049C),link,N104,Sonapur Link Road Z-1440,5986,5986
3100,Box Culvert (LRP044A),bridge,N104,Box Culvert,5985,5985
3104,Box Culvert (LRP044E),bridge,N104,Box Culvert,5985,5985
3105,"Z-1452,Link Section end (Maijdee Station road) (LRP044F)",link,N104,"Z-1452,Link Section end (Maijdee Station road)",5985,5985
3106,Km post missing (LRP045),link,N104,Km post missing,5985,5985
3107,"Z-1452,Maijdee Station road / Road to Dadpur,Z-1429 (LRP045A)",link,N104,"Z-1452,Maijdee Station road / Road to Dadpur,Z-1429",5985,5985
3108,Box culvert (LRP045C),bridge,N104,Box culvert,5985,5985
3111,Box culvert (LRP046A),bridge,N104,Box culvert,5985,5985
3084,Km post missing (LRP038),link,N104,Km post missing,5984,5984
3085,Bridge start (LRP038A),bridge,N104,Bridge start,5984,5984
3086,Bridge end (LRP038B),bridge,N104,Bridge end,5984,5984
3096,Road to Right R-143 (LRP043B),link,N104,Road to Right R-143,5984,5984
3097,Bridge start (LRP043C),bridge,N104,Bridge start,5984,5984
3098,Bridge end (LRP043D),bridge,N104,Bridge end,5984,5984
3099,"Maijdee 1 km,Sonapur 6 km (LRP044)",link,N104,"Maijdee 1 km,Sonapur 6 km",5984,5984
3101,Box Culvert (LRP044B),bridge,N104,Box Culvert,5984,5984
3102,Bridge start (LRP044C),bridge,N104,Bridge start,5984,5984
3103,Bridge end (LRP044D),bridge,N104,Bridge end,5984,5984
3067,Km post missing (LRP034),link,N104,Km post missing,5983,5983
3068,Z-1450 road end (LRP034A),link,N104,Z-1450 road end,5983,5983
3069,Bridge start (LRP034B),bridge,N104,Bridge start,5983,5983
3070,Bridge end (LRP034C),bridge,N104,Bridge end,5983,5983
3071,Z-1420 (LRP034D),link,N104,Z-1420,5983,5983
3072,"Z-1450,Road Start (LRP034E)",link,N104,"Z-1450,Road Start",5983,5983
3073,Rail road crossing (LRP034F),link,N104,Rail road crossing,5983,5983
3074,Km post missing (LRP035),link,N104,Km post missing,5983,5983
3081,Km post missing (LRP037),link,N104,Km post missing,5983,5983
3082,Box culvert (LRP037A),bridge,N104,Box culvert,5983,5983
3083,Box culvert (LRP037B),bridge,N104,Box culvert,5983,5983
3087,"Maijdee 6 km,Sonapur 11 km (LRP039)",link,N104,"Maijdee 6 km,Sonapur 11 km",5983,5983
3088,Box culvert (LRP039A),bridge,N104,Box culvert,5983,5983
3089,"Maijdee 5 km,Sonapur 10 km (LRP040)",link,N104,"Maijdee 5 km,Sonapur 10 km",5983,5983
3090,Box culvert (LRP040A),bridge,N104,Box culvert,5983,5983
3091,"Maijdee 4 km,Sonapur 9 km (LRP041)",link,N104,"Maijdee 4 km,Sonapur 9 km",5983,5983
3092,Box culvert (LRP041A),bridge,N104,Box culvert,5983,5983
3093,"Maijdee 3 km,Sonapur 8 km (LRP042)",link,N104,"Maijdee 3 km,Sonapur 8 km",5983,5983
3094,Km post missing (LRP043),link,N104,Km post missing,5983,5983
3095,Box Culvert (LRP043A),bridge,N104,Box Culvert,5983,5983
3065,Box culvert (LRP032A),bridge,N104,Box culvert,5982,5982
3066,Km post missing (LRP033),link,N104,Km post missing,5982,5982
3075,Bridge start (LRP035A),bridge,N104,Bridge start,5982,5982
3076,Bridge end (LRP035B),bridge,N104,Bridge end,5982,5982
3077,Km post missing (LRP036),link,N104,Km post missing,5982,5982
3078,"Road to Sonaimuri (R142),Begumganj More (LRP036A)",link,N104,"Road to Sonaimuri (R142),Begumganj More",5982,5982
3079,Road to Lakshmipur (R140) (LRP036B),link,N104,Road to Lakshmipur (R140),5982,5982
3080,Box culvert (LRP036C),bridge,N104,Box culvert,5982,5982
3024,"Begumganj 24 km,Maijdee 34 km (LRP012)",link,N104,"Begumganj 24 km,Maijdee 34 km",5980,5980
3043,Box culvert (LRP021A),bridge,N104,Box culvert,5980,5980
3044,"Begumganj 14 km,Maijdee 24 km (LRP022)",link,N104,"Begumganj 14 km,Maijdee 24 km",5980,5980
3045,Bridge start (LRP022A),bridge,N104,Bridge start,5980,5980
3046,Bridge end (LRP022B),bridge,N104,Bridge end,5980,5980
3047,"Begumganj 13 km,Maijdee 23 km (LRP023)",link,N104,"Begumganj 13 km,Maijdee 23 km",5980,5980
3048,Road to Chanderhat (Z1416) (LRP023A),link,N104,Road to Chanderhat (Z1416),5980,5980
3049,Box culvert (LRP023B),bridge,N104,Box culvert,5980,5980
3050,Road to Senbagh Z-1421 (LRP023C),link,N104,Road to Senbagh Z-1421,5980,5980
3055,"Begumganj 9 km,Maijdee 17 km(Wrong Writting) (LRP027)",link,N104,"Begumganj 9 km,Maijdee 17 km(Wrong Writting)",5980,5980
3060,"Begumganj 6 km,Maijdee 16 km (LRP030)",link,N104,"Begumganj 6 km,Maijdee 16 km",5980,5980
3061,Box culvert (LRP030A),bridge,N104,Box culvert,5980,5980
3062,"Begumganj 5 km,Maijdee 13 km (LRP031)",link,N104,"Begumganj 5 km,Maijdee 13 km",5980,5980
3063,Slab culvert (LRP031A),bridge,N104,Slab culvert,5980,5980
3064,"Begumganj 4 km,Maijdee 12 km (LRP032)",link,N104,"Begumganj 4 km,Maijdee 12 km",5980,5980
3017,"Begumganj 27 km,Maijdee 37 km (LRP009)",link,N104,"Begumganj 27 km,Maijdee 37 km",5979,5979
3018,Box culvert (LRP009A),bridge,N104,Box culvert,5979,5979
3019,"Begumganj 26 km,Maijdee 36 km (LRP010)",link,N104,"Begumganj 26 km,Maijdee 36 km",5979,5979
3020,Box culvert (LRP010A),bridge,N104,Box culvert,5979,5979
3021,"Begumganj 25 km,Maijdee 35 km (LRP011)",link,N104,"Begumganj 25 km,Maijdee 35 km",5979,5979
3022,Bridge start (LRP011A),bridge,N104,Bridge start,5979,5979
3023,Bridge end (LRP011B),bridge,N104,Bridge end,5979,5979
3031,Box culvert (LRP015A),bridge,N104,Box culvert,5979,5979
3035,Box culvert (LRP017B),bridge,N104,Box culvert,5979,5979
3036,"Begumganj 18 km,Maijdee 28 km (LRP018)",link,N104,"Begumganj 18 km,Maijdee 28 km",5979,5979
3040,Km post missing (LRP019),link,N104,Km post missing,5979,5979
3041,Infor.missing (LRP020),link,N104,Infor.missing,5979,5979
3042,"Begumganj 15 km,Maijdee 25 km (LRP021)",link,N104,"Begumganj 15 km,Maijdee 25 km",5979,5979
3051,"Begumganj 12 km,Maijdee 20 km (LRP024)",link,N104,"Begumganj 12 km,Maijdee 20 km",5979,5979
3052,"Begumganj 11 km,Maijdee 21 km (LRP025)",link,N104,"Begumganj 11 km,Maijdee 21 km",5979,5979
3053,Box culvert (LRP025A),bridge,N104,Box culvert,5979,5979
3054,"Begumganj 10 km,Maijdee 18 km(Wrong Writting) (LRP026)",link,N104,"Begumganj 10 km,Maijdee 18 km(Wrong Writting)",5979,5979
3056,Slab culvert (LRP027A),bridge,N104,Slab culvert,5979,5979
3057,"Begumganj 8 km,Maijdee 16 km(Wrong Writting) (LRP028)",link,N104,"Begumganj 8 km,Maijdee 16 km(Wrong Writting)",5979,5979
3058,2 V-Box culvert (LRP028A),bridge,N104,2 V-Box culvert,5979,5979
3059,"Begumganj 7 km,Maijdee 17 km (LRP029)",link,N104,"Begumganj 7 km,Maijdee 17 km",5979,5979
3009,"Begumgonj 31 km,Maijdee 41 km (LRP005)",link,N104,"Begumgonj 31 km,Maijdee 41 km",5978,5978
3010,"Begumgonj 30 km,Maijdee 40 km (LRP006)",link,N104,"Begumgonj 30 km,Maijdee 40 km",5978,5978
3011,"Begumgonj 29 km,Maijdee 39 km (LRP007)",link,N104,"Begumgonj 29 km,Maijdee 39 km",5978,5978
3026,Box culvert (LRP013A),bridge,N104,Box culvert,5978,5978
3027,"Begumganj 22 km,Maijdee 32 km (LRP014)",link,N104,"Begumganj 22 km,Maijdee 32 km",5978,5978
3028,Road to Baktermunshi (LRP014A),link,N104,Road to Baktermunshi,5978,5978
3029,Road to Companiganj Z1441 (LRP014B),link,N104,Road to Companiganj Z1441,5978,5978
3030,Km post missing (LRP015),link,N104,Km post missing,5978,5978
3032,"Begumganj 20 km,Maijdee 30 km (LRP016)",link,N104,"Begumganj 20 km,Maijdee 30 km",5978,5978
3037,Box Culvert (LRP018A),bridge,N104,Box Culvert,5978,5978
3038,Box Culvert (LRP018B),bridge,N104,Box Culvert,5978,5978
3039,Noakhali RHD start / Noakhali RHD start (LRP018C),link,N104,Noakhali RHD start / Noakhali RHD start,5978,5978
3005,"Begumgonj 33 km,Maijdee 43 km (LRP003)",link,N104,"Begumgonj 33 km,Maijdee 43 km",5977,5977
3012,"Begumgonj 28 km,Maijdee 38 km (LRP008)",link,N104,"Begumgonj 28 km,Maijdee 38 km",5977,5977
3025,"Begumganj 23 km,Maijdee 33 km (LRP013)",link,N104,"Begumganj 23 km,Maijdee 33 km",5977,5977
3033,"Begumganj 19 km,Maijdee 29 km (LRP017)",link,N104,"Begumganj 19 km,Maijdee 29 km",5977,5977
3034,Road to Biroli Z -1030 (LRP017A),link,N104,Road to Biroli Z -1030,5977,5977
3006,"Begumgonj 32 km,Maijdee 42 km (LRP004)",link,N104,"Begumgonj 32 km,Maijdee 42 km",5976,5976
3007,Road to Gazirhat (Z1444) (LRP004A),link,N104,Road to Gazirhat (Z1444),5976,5976
3013,Box culvert (LRP008A),bridge,N104,Box culvert,5976,5976
3014,Bridge start (LRP008B),bridge,N104,Bridge start,5976,5976
3015,Bridge end (LRP008C),bridge,N104,Bridge end,5976,5976
3016,Road to Senbagh (Z1443) (LRP008D),link,N104,Road to Senbagh (Z1443),5976,5976
3003,Km post missing (LRP002),link,N104,Km post missing,5975,5975
3004,Box culvert (LRP002A),bridge,N104,Box culvert,5975,5975
3008,Box culvert (LRP004B),bridge,N104,Box culvert,5975,5975
3001,Km post missing (LRP001),link,N104,Km post missing,5782,5782
3002,Right to Comilla Left to Chittagong (LRP001A),link,N104,Right to Comilla Left to Chittagong,5782,5782
3000,Box culvert (LRPSA),bridge,N104,Box culvert,5777,5777
2799,Sylhet 48 km (LRP058),link,N207,Sylhet 48 km,4047,4047
2800,Sylhet 47 km (LRP059),link,N207,Sylhet 47 km,4047,4047
2801,Sylhet 46 km (LRP060),link,N207,Sylhet 46 km,4047,4047
2820,Sylhet 38 km (LRP068),link,N207,Sylhet 38 km,4047,4047
2792,Sylhet 51 km (LRP055),link,N207,Sylhet 51 km,4046,4046
2793,Box Culvert (LRP055A),bridge,N207,Box Culvert,4046,4046
2794,Sylhet 50 km (LRP056),link,N207,Sylhet 50 km,4046,4046
2795,Bridge start (LRP056A),bridge,N207,Bridge start,4046,4046
2796,Bridge end (LRP056B),bridge,N207,Bridge end,4046,4046
2797,Sylhet 49 km (LRP057),link,N207,Sylhet 49 km,4046,4046
2798,Box Culvert (LRP057A),bridge,N207,Box Culvert,4046,4046
2802,Box Culvert (LRP060A),bridge,N207,Box Culvert,4046,4046
2803,Sylhet 45 km (LRP061),link,N207,Sylhet 45 km,4046,4046
2804,Box Culvert (LRP061A),bridge,N207,Box Culvert,4046,4046
2805,Bridge start (LRP061B),bridge,N207,Bridge start,4046,4046
2806,Bridge end (LRP061C),bridge,N207,Bridge end,4046,4046
2807,Sylhet 44 km (LRP062),link,N207,Sylhet 44 km,4046,4046
2808,Box Culvert (LRP062A),bridge,N207,Box Culvert,4046,4046
2809,Sylhet 43 km (LRP063),link,N207,Sylhet 43 km,4046,4046
2810,Bridge start (LRP063A),bridge,N207,Bridge start,4046,4046
2811,Bridge end (LRP063B),bridge,N207,Bridge end,4046,4046
2814,Bridge end (LRP064B),bridge,N207,Bridge end,4046,4046
2815,Box Culvert (LRP064C),bridge,N207,Box Culvert,4046,4046
2816,Sylhet 41 km (LRP065),link,N207,Sylhet 41 km,4046,4046
2817,Sylhet 40 km (LRP066),link,N207,Sylhet 40 km,4046,4046
2818,Box Culvert (LRP066A),bridge,N207,Box Culvert,4046,4046
2819,Sylhet 39 km (LRP067),link,N207,Sylhet 39 km,4046,4046
2775,Sylhet 61 km (LRP045),link,N207,Sylhet 61 km,4045,4045
2776,Sylhet 60 km (LRP046),link,N207,Sylhet 60 km,4045,4045
2777,Sylhet 59 km (LRP047),link,N207,Sylhet 59 km,4045,4045
2778,Box Culvert (LRP047A),bridge,N207,Box Culvert,4045,4045
2779,Sylhet 58 km (LRP048),link,N207,Sylhet 58 km,4045,4045
2780,Box Culvert (LRP048A),bridge,N207,Box Culvert,4045,4045
2782,Sylhet 57 km (LRP049),link,N207,Sylhet 57 km,4045,4045
2789,Sylhet 53 km (LRP053),link,N207,Sylhet 53 km,4045,4045
2790,Box Culvert (LRP053A),bridge,N207,Box Culvert,4045,4045
2791,Sylhet 52 km (LRP054),link,N207,Sylhet 52 km,4045,4045
2812,Sylhet 42 km (LRP064),link,N207,Sylhet 42 km,4045,4045
2813,Bridge start (LRP064A),bridge,N207,Bridge start,4045,4045
2781,Box Culvert (LRP048B),bridge,N207,Box Culvert,4044,4044
2783,Sylhet 56 km (LRP050),link,N207,Sylhet 56 km,4044,4044
2785,Box Culvert (LRP051A),bridge,N207,Box Culvert,4044,4044
2786,Box Culvert (LRP051B),bridge,N207,Box Culvert,4044,4044
2787,Km post broken (LRP052),link,N207,Km post broken,4044,4044
2788,Box Culvert (LRP052A),bridge,N207,Box Culvert,4044,4044
2771,"N 208 ,Moulavibazar-Sylet road (LRP043A)",link,N207,"N 208 ,Moulavibazar-Sylet road",4043,4043
2772,Bridge start (LRP043B),bridge,N207,Bridge start,4043,4043
2773,Bridge end (LRP043C),bridge,N207,Bridge end,4043,4043
2774,Km  post missing (LRP044),link,N207,Km  post missing,4043,4043
2784,Sylhet 55 km (LRP051),link,N207,Sylhet 55 km,4043,4043
567,Box culvert (LRP245A),bridge,N1,Box culvert,2952,2952
568,Km post missing (LRP246),link,N1,Km post missing,2952,2952
569,Bridge start (LRP246A),bridge,N1,Bridge start,2952,2952
570,Bridge end (LRP246B),bridge,N1,Bridge end,2952,2952
571,Km post missing (LRP247),link,N1,Km post missing,2952,2952
572,Bridge start (LRP247A),bridge,N1,Bridge start,2952,2952
573,Bridge end (LRP247B),bridge,N1,Bridge end,2952,2952
593,Box culvert (LRP253A),bridge,N1,Box culvert,2951,2951
574,Km post missing (LRP248),link,N1,Km post missing,2950,2950
575,Bridge start (LRP248A),bridge,N1,Bridge start,2950,2950
576,Bridge end (LRP248B),bridge,N1,Bridge end,2950,2950
577,Bridge start (LRP248C),bridge,N1,Bridge start,2950,2950
578,Bridge end (LRP248D),bridge,N1,Bridge end,2950,2950
580,Shah Amanath (Karnaphuli) Bridge (LRP249A),bridge,N1,Shah Amanath (Karnaphuli) Bridge,2950,2950
581,Km post missing (LRP250),link,N1,Km post missing,2950,2950
582,Bridge end (LRP250A),bridge,N1,Bridge end,2950,2950
583,Bridge start (LRP250B),bridge,N1,Bridge start,2950,2950
584,Bridge end (LRP250C),bridge,N1,Bridge end,2950,2950
585,"Cox,s Bazar 143 km,Patiya 16 km (LRP251)",link,N1,"Cox,s Bazar 143 km,Patiya 16 km",2950,2950
586,Road to BFDC Fisharies (Z1804) /Start of Dohazari Road Division. / Road to BFDC Fisharies (Z1804) /Start of Dohazari Road Division. (LRP251A),link,N1,Road to BFDC Fisharies (Z1804) /Start of Dohazari Road Division. / Road to BFDC Fisharies (Z1804) /Start of Dohazari Road Division.,2950,2950
587,Road to Balakkhati (Z1065) (LRP251B),link,N1,Road to Balakkhati (Z1065),2950,2950
588,Box culvert (LRP251C),bridge,N1,Box culvert,2950,2950
589,Cox's Bazar 142 km (LRP252),link,N1,Cox's Bazar 142 km,2950,2950
590,Box culvert (LRP252A),bridge,N1,Box culvert,2950,2950
591,Box culvert (LRP252B),bridge,N1,Box culvert,2950,2950
592,Cox's Bazar 141km (LRP253),link,N1,Cox's Bazar 141km,2950,2950
594,Cox's Bazar 140km (LRP254),link,N1,Cox's Bazar 140km,2950,2950
595,Road to Arowana (Z1018) (LRP254A),link,N1,Road to Arowana (Z1018),2950,2950
596,Box culvert (LRP254B),bridge,N1,Box culvert,2950,2950
597,Box culvert (LRP254C),bridge,N1,Box culvert,2950,2950
579,Km post missing (LRP249),link,N1,Km post missing,2949,2949
598,Bridge start (LRP254D),bridge,N1,Bridge start,2949,2949
599,Cox's Bazar 139 km (LRP255),link,N1,Cox's Bazar 139 km,2949,2949
600,Bridge end (LRP255A),bridge,N1,Bridge end,2949,2949
601,Box Culvert (LRP255B),bridge,N1,Box Culvert,2949,2949
602,Cox's Bazar 138 km (LRP256),link,N1,Cox's Bazar 138 km,2949,2949
603,Road to Kaliganj (Z1071) (LRP256A),link,N1,Road to Kaliganj (Z1071),2949,2949
604,Cox's Bazar 137 km (LRP257),link,N1,Cox's Bazar 137 km,2949,2949
605,Box culvert (LRP257A),bridge,N1,Box culvert,2949,2949
606,"Cox,s Bazar 136 km,Patiya 11 km (LRP258)",link,N1,"Cox,s Bazar 136 km,Patiya 11 km",2949,2949
607,Box culvert (LRP258A),bridge,N1,Box culvert,2949,2949
608,"Cox,s Bazar 135 km,Patiya 10 km (LRP259)",link,N1,"Cox,s Bazar 135 km,Patiya 10 km",2949,2949
609,Box culvert (LRP259A),bridge,N1,Box culvert,2949,2949
610,Road to Kaliganj (Z1070) (LRP259B),link,N1,Road to Kaliganj (Z1070),2949,2949
611,Box culvert (LRP260),bridge,N1,Box culvert,2949,2949
612,Box culvert (LRP260A),bridge,N1,Box culvert,2949,2949
613,Box culvert (LRP260B),bridge,N1,Box culvert,2949,2949
615,Km post missing (LRP261),link,N1,Km post missing,2949,2949
617,Km post missing (LRP262),link,N1,Km post missing,2949,2949
618,Km post missing (LRP263),link,N1,Km post missing,2949,2949
619,Box culvert (LRP263A),bridge,N1,Box culvert,2949,2949
620,Info.Missing (LRP264),link,N1,Info.Missing,2949,2949
621,Km post missing (LRP265),link,N1,Km post missing,2949,2949
622,Bridge start (LRP265A),bridge,N1,Bridge start,2949,2949
623,Bridge end (LRP265B),bridge,N1,Bridge end,2949,2949
624,Km post missing (LRP266),link,N1,Km post missing,2949,2949
625,Km post missing (LRP267),link,N1,Km post missing,2949,2949
653,Info.Missing (LRP276),link,N1,Info.Missing,2949,2949
654,Box culvert (LRP276A),bridge,N1,Box culvert,2949,2949
655,Bridge start (LRP276B),bridge,N1,Bridge start,2949,2949
656,Bridge end (LRP276C),bridge,N1,Bridge end,2949,2949
657,Info.Missing (LRP277),link,N1,Info.Missing,2949,2949
658,Bridge start (LRP277A),bridge,N1,Bridge start,2949,2949
659,Bridge end (LRP277B),bridge,N1,Bridge end,2949,2949
660,Box culvert (LRP277C),bridge,N1,Box culvert,2949,2949
661,Km post missing (LRP278),link,N1,Km post missing,2949,2949
662,Box culvert (LRP278A),bridge,N1,Box culvert,2949,2949
663,Road To Dhupchheri (Z1026) (LRP278B),link,N1,Road To Dhupchheri (Z1026),2949,2949
664,Km post missing (LRP279),link,N1,Km post missing,2949,2949
665,Bridge start (LRP279A),bridge,N1,Bridge start,2949,2949
666,Bridge end (LRP279B),bridge,N1,Bridge end,2949,2949
667,Bridge start (LRP279C),bridge,N1,Bridge start,2949,2949
668,Bridge end (LRP279D),bridge,N1,Bridge end,2949,2949
669,Km post missing (LRP280),link,N1,Km post missing,2949,2949
670,Info.Missing (LRP281),link,N1,Info.Missing,2949,2949
676,Km post missing (LRP285),link,N1,Km post missing,2949,2949
768,Box culvert (LRP317A),bridge,N1,Box culvert,2949,2949
769,Box culvert (LRP317B),bridge,N1,Box culvert,2949,2949
774,Box culvert (LRP319A),bridge,N1,Box culvert,2949,2949
614,Road to Kalurghat (N107) (LRP260C),link,N1,Road to Kalurghat (N107),2948,2948
616,Box culvert (LRP261A),bridge,N1,Box culvert,2948,2948
626,Slab Culvert (LRP267A),bridge,N1,Slab Culvert,2948,2948
627,Road to Boalkhali (Z1059) (LRP267B),link,N1,Road to Boalkhali (Z1059),2948,2948
628,Km post missing (LRP268),link,N1,Km post missing,2948,2948
629,Road to Haidgaon (Z1057) (LRP268A),link,N1,Road to Haidgaon (Z1057),2948,2948
630,Box culvert (LRP268B),bridge,N1,Box culvert,2948,2948
631,Road to Anowara (R170) (LRP268C),link,N1,Road to Anowara (R170),2948,2948
671,Road to Barma (Z1036) (LRP281A),link,N1,Road to Barma (Z1036),2948,2948
672,Info.Missing (LRP282),link,N1,Info.Missing,2948,2948
673,Info.Missing (LRP283),link,N1,Info.Missing,2948,2948
674,Box culvert (LRP283A),bridge,N1,Box culvert,2948,2948
675,Km post missing (LRP284),link,N1,Km post missing,2948,2948
677,Km post missing (LRP286),link,N1,Km post missing,2948,2948
761,Bridge end (LRP314C),bridge,N1,Bridge end,2948,2948
762,Info.Missing (LRP315),link,N1,Info.Missing,2948,2948
763,Box culvert (LRP315A),bridge,N1,Box culvert,2948,2948
764,Km post missing (LRP316),link,N1,Km post missing,2948,2948
765,Box culvert (LRP316A),bridge,N1,Box culvert,2948,2948
766,Box culvert (LRP316B),bridge,N1,Box culvert,2948,2948
767,"Cox,s Bazar 78 km (LRP317)",link,N1,"Cox,s Bazar 78 km",2948,2948
770,"Cox,s Bazar 77 km/Start of Cox's Bazar Road Division. / Cox,s Bazar 77 km/Start of Cox's Bazar Road Division. (LRP318)",link,N1,"Cox,s Bazar 77 km/Start of Cox's Bazar Road Division. / Cox,s Bazar 77 km/Start of Cox's Bazar Road Division.",2948,2948
771,Box culvert (LRP318A),bridge,N1,Box culvert,2948,2948
772,Box culvert (LRP318B),bridge,N1,Box culvert,2948,2948
773,"Cox,s Bazar 76 km (LRP319)",link,N1,"Cox,s Bazar 76 km",2948,2948
775,Box culvert (LRP319B),bridge,N1,Box culvert,2948,2948
776,"Cox,s Bazar 75 km (LRP320)",link,N1,"Cox,s Bazar 75 km",2948,2948
777,Road to Lama(Z1007) (LRP320A),link,N1,Road to Lama(Z1007),2948,2948
788,Bridge start (LRP325A),bridge,N1,Bridge start,2948,2948
789,Bridge end (LRP325B),bridge,N1,Bridge end,2948,2948
790,"Cox,s Bazar 69 km (LRP326)",link,N1,"Cox,s Bazar 69 km",2948,2948
791,Box culvert (LRP326A),bridge,N1,Box culvert,2948,2948
792,Box culvert (LRP326B),bridge,N1,Box culvert,2948,2948
793,"Cox,s Bazar 68 km (LRP327)",link,N1,"Cox,s Bazar 68 km",2948,2948
794,Box culvert (LRP327A),bridge,N1,Box culvert,2948,2948
632,Km post missing (LRP269),link,N1,Km post missing,2947,2947
633,Bridge start (LRP269A),bridge,N1,Bridge start,2947,2947
634,Bridge end (LRP269B),bridge,N1,Bridge end,2947,2947
635,Road to Chandnaisa(Z1039) (LRP269C),link,N1,Road to Chandnaisa(Z1039),2947,2947
636,Km post missing (LRP270),link,N1,Km post missing,2947,2947
637,Box Culvert (LRP270A),bridge,N1,Box Culvert,2947,2947
638,Info.Missing (LRP271),link,N1,Info.Missing,2947,2947
639,Box culvert (LRP271A),bridge,N1,Box culvert,2947,2947
640,Box culvert (LRP271B),bridge,N1,Box culvert,2947,2947
641,Km post missing (LRP272),link,N1,Km post missing,2947,2947
650,Km post missing (LRP275),link,N1,Km post missing,2947,2947
651,Box culvert (LRP275A),bridge,N1,Box culvert,2947,2947
652,Box culvert (LRP275B),bridge,N1,Box culvert,2947,2947
678,Bridge start (LRP286A),bridge,N1,Bridge start,2947,2947
679,Bridge end (LRP286B),bridge,N1,Bridge end,2947,2947
680,Km post missing (LRP287),link,N1,Km post missing,2947,2947
697,Km post missing (LRP293),link,N1,Km post missing,2947,2947
698,Road to Bandarban(N108) (LRP293A),link,N1,Road to Bandarban(N108),2947,2947
699,Box culvert (LRP293B),bridge,N1,Box culvert,2947,2947
700,Road to Satkaria (Z1019) (LRP293C),link,N1,Road to Satkaria (Z1019),2947,2947
701,Km post missing (LRP294),link,N1,Km post missing,2947,2947
702,Box culvert (LRP294A),bridge,N1,Box culvert,2947,2947
703,"Cox,s Bazar 104 km (LRP295)",link,N1,"Cox,s Bazar 104 km",2947,2947
728,Bridge end (LRP304A),bridge,N1,Bridge end,2947,2947
729,"Cox,s Bazar 94 km,Lohaona 1 km (LRP305)",link,N1,"Cox,s Bazar 94 km,Lohaona 1 km",2947,2947
730,Box culvert (LRP305A),bridge,N1,Box culvert,2947,2947
742,Box culvert (LRP309A),bridge,N1,Box culvert,2947,2947
743,Bridge start (LRP309B),bridge,N1,Bridge start,2947,2947
744,Bridge end (LRP309C),bridge,N1,Bridge end,2947,2947
745,"Cox,s Bazar 87 km,Chokaria 27 km (LRP310)",link,N1,"Cox,s Bazar 87 km,Chokaria 27 km",2947,2947
746,Bridge start (LRP310A),bridge,N1,Bridge start,2947,2947
747,Bridge end (LRP310B),bridge,N1,Bridge end,2947,2947
748,Box culvert (LRP310C),bridge,N1,Box culvert,2947,2947
749,Box culvert (LRP310D),bridge,N1,Box culvert,2947,2947
750,"Cox,s Bazar 88 km,Chowria 27 km (LRP311)",link,N1,"Cox,s Bazar 88 km,Chowria 27 km",2947,2947
751,"Cox,s Bazar 83 km,Chokaria 25 km (LRP312)",link,N1,"Cox,s Bazar 83 km,Chokaria 25 km",2947,2947
752,Road to Banskhali (R171) (LRP312A),link,N1,Road to Banskhali (R171),2947,2947
753,Box culvert (LRP312B),bridge,N1,Box culvert,2947,2947
754,Km post missing (LRP313),link,N1,Km post missing,2947,2947
755,Bridge start (LRP313A),bridge,N1,Bridge start,2947,2947
756,Bridge end (LRP313B),bridge,N1,Bridge end,2947,2947
757,Box culvert (LRP313C),bridge,N1,Box culvert,2947,2947
758,Km post missing (LRP314),link,N1,Km post missing,2947,2947
759,Box culvert (LRP314A),bridge,N1,Box culvert,2947,2947
760,Bridge start (LRP314B),bridge,N1,Bridge start,2947,2947
778,"Cox,s Bazar 74 km (LRP321)",link,N1,"Cox,s Bazar 74 km",2947,2947
779,Road to Toitong (Z1124) (LRP321A),link,N1,Road to Toitong (Z1124),2947,2947
780,Box culvert (LRP321B),bridge,N1,Box culvert,2947,2947
781,"Cox,s Bazar 73 km (LRP322)",link,N1,"Cox,s Bazar 73 km",2947,2947
782,Box culvert (LRP322A),bridge,N1,Box culvert,2947,2947
783,Cox's Bazar 72 km (LRP323),link,N1,Cox's Bazar 72 km,2947,2947
784,Box culvert (LRP323A),bridge,N1,Box culvert,2947,2947
785,Info.Missing (LRP324),link,N1,Info.Missing,2947,2947
786,Box culvert (LRP324A),bridge,N1,Box culvert,2947,2947
787,Km post missing (LRP325),link,N1,Km post missing,2947,2947
795,Box culvert (LRP327B),bridge,N1,Box culvert,2947,2947
825,Road to Badarkhali (R172) (LRP337A),link,N1,Road to Badarkhali (R172),2947,2947
826,"Cox,s Bazar 57 km (LRP338)",link,N1,"Cox,s Bazar 57 km",2947,2947
827,"Cox,s Bazar 56 km (LRP339)",link,N1,"Cox,s Bazar 56 km",2947,2947
830,Box culvert (LRP340A),bridge,N1,Box culvert,2947,2947
831,Box culvert (LRP340B),bridge,N1,Box culvert,2947,2947
832,Bridge start (LRP340C),bridge,N1,Bridge start,2947,2947
833,Bridge end (LRP340D),bridge,N1,Bridge end,2947,2947
834,"Cox,s Bazar 54 km (LRP341)",link,N1,"Cox,s Bazar 54 km",2947,2947
835,Box culvert (LRP341A),bridge,N1,Box culvert,2947,2947
836,Road to Alikadam(Z1005) (LRP341B),link,N1,Road to Alikadam(Z1005),2947,2947
837,Cox's Bazar 53km (LRP342),link,N1,Cox's Bazar 53km,2947,2947
893,Cox's Bazar 31km (LRP364),link,N1,Cox's Bazar 31km,2947,2947
903,Cox.s Bazar 28 km (LRP367),link,N1,Cox.s Bazar 28 km,2947,2947
904,Box culvert (LRP367A),bridge,N1,Box culvert,2947,2947
905,Box culvert (LRP367B),bridge,N1,Box culvert,2947,2947
1050,Bridge start (LRP403D),bridge,N1,Bridge start,2947,2947
642,Bridge start (LRP272A),bridge,N1,Bridge start,2946,2946
643,Bridge end (LRP272B),bridge,N1,Bridge end,2946,2946
644,Box Culvert (LRP272C),bridge,N1,Box Culvert,2946,2946
645,Km post missing (LRP273),link,N1,Km post missing,2946,2946
646,Box culvert (LRP273A),bridge,N1,Box culvert,2946,2946
647,Box culvert (LRP273B),bridge,N1,Box culvert,2946,2946
648,Km post missing (LRP274),link,N1,Km post missing,2946,2946
649,Box culvert (LRP274A),bridge,N1,Box culvert,2946,2946
681,Bridge start (LRP287A),bridge,N1,Bridge start,2946,2946
682,Bridge end (LRP287B),bridge,N1,Bridge end,2946,2946
683,"Cox,s Bazar 111 km,Kasherhat 5 km (LRP288)",link,N1,"Cox,s Bazar 111 km,Kasherhat 5 km",2946,2946
691,Bridge end (LRP290D),bridge,N1,Bridge end,2946,2946
696,Box culvert (LRP292A),bridge,N1,Box culvert,2946,2946
704,"Cox,s Bazar 103 km,Pasea 5 km (LRP296)",link,N1,"Cox,s Bazar 103 km,Pasea 5 km",2946,2946
705,Box culvert (LRP296A),bridge,N1,Box culvert,2946,2946
706,"Cox,s Bazar 102 km,Pasha 3 km (LRP297)",link,N1,"Cox,s Bazar 102 km,Pasha 3 km",2946,2946
707,Box culvert (LRP297A),bridge,N1,Box culvert,2946,2946
708,Km post missing (LRP298),link,N1,Km post missing,2946,2946
709,Bridge start (LRP298A),bridge,N1,Bridge start,2946,2946
710,Bridge end (LRP298B),bridge,N1,Bridge end,2946,2946
711,"Cox,s Bazar 100 km,Pasra 2 km (LRP299)",link,N1,"Cox,s Bazar 100 km,Pasra 2 km",2946,2946
712,Bridge start (LRP299A),bridge,N1,Bridge start,2946,2946
713,Bridge end (LRP299B),bridge,N1,Bridge end,2946,2946
714,Box culvert (LRP299C),bridge,N1,Box culvert,2946,2946
715,Km post missing (LRP300),link,N1,Km post missing,2946,2946
716,Box culvert (LRP300A),bridge,N1,Box culvert,2946,2946
717,Box culvert (LRP300B),bridge,N1,Box culvert,2946,2946
718,Km post missing (LRP301),link,N1,Km post missing,2946,2946
719,Box culvert (LRP301A),bridge,N1,Box culvert,2946,2946
720,Road to Tonkabati (Z1013) (LRP301B),link,N1,Road to Tonkabati (Z1013),2946,2946
721,Box culvert (LRP301C),bridge,N1,Box culvert,2946,2946
722,Km post missing (LRP302),link,N1,Km post missing,2946,2946
724,"Cox.s Bazar 96 km,Lohaona 3 km (LRP303)",link,N1,"Cox.s Bazar 96 km,Lohaona 3 km",2946,2946
725,Box culvert (LRP303A),bridge,N1,Box culvert,2946,2946
726,Bridge start (LRP303B),bridge,N1,Bridge start,2946,2946
727,Km post missing (LRP304),link,N1,Km post missing,2946,2946
731,"Cox,s Bazar 93 km,Lohagora 6 km (LRP306)",link,N1,"Cox,s Bazar 93 km,Lohagora 6 km",2946,2946
732,Box culvert (LRP306A),bridge,N1,Box culvert,2946,2946
733,"Cox,s Bazar 92 km,Lohagra 0 km (LRP307)",link,N1,"Cox,s Bazar 92 km,Lohagra 0 km",2946,2946
734,Box culvert (LRP307A),bridge,N1,Box culvert,2946,2946
735,Box culvert (LRP307B),bridge,N1,Box culvert,2946,2946
736,"Cox,s Bazar 87 km (LRP308)",link,N1,"Cox,s Bazar 87 km",2946,2946
737,Box culvert (LRP308A),bridge,N1,Box culvert,2946,2946
738,Box culvert (LRP308B),bridge,N1,Box culvert,2946,2946
739,Bridge start (LRP308C),bridge,N1,Bridge start,2946,2946
740,Bridge end (LRP308D),bridge,N1,Bridge end,2946,2946
741,"Cox,s Bazar 86 km,Chokaria 28 km (LRP309)",link,N1,"Cox,s Bazar 86 km,Chokaria 28 km",2946,2946
799,Cox's Bazar 66 km (LRP329),link,N1,Cox's Bazar 66 km,2946,2946
800,Bridge start (LRP329A),bridge,N1,Bridge start,2946,2946
801,Bridge end (LRP329B),bridge,N1,Bridge end,2946,2946
809,"Cox,s Bazar 63 km (LRP332)",link,N1,"Cox,s Bazar 63 km",2946,2946
810,"Cox,s Bazar 62 km (LRP333)",link,N1,"Cox,s Bazar 62 km",2946,2946
811,Box culvert (LRP333A),bridge,N1,Box culvert,2946,2946
822,Bridge end (LRP336B),bridge,N1,Bridge end,2946,2946
823,Road to Tuabazar (Z1127) (LRP336C),link,N1,Road to Tuabazar (Z1127),2946,2946
824,Km post missing (LRP337),link,N1,Km post missing,2946,2946
828,Box culvert (LRP339A),bridge,N1,Box culvert,2946,2946
829,Cox's Bazar 55 km (LRP340),link,N1,Cox's Bazar 55 km,2946,2946
838,Pipe Culvert (LRP342A),bridge,N1,Pipe Culvert,2946,2946
839,"Cox,s Bazar 52 km (LRP343)",link,N1,"Cox,s Bazar 52 km",2946,2946
840,Box culvert (LRP343A),bridge,N1,Box culvert,2946,2946
852,"Cox,s Bazar 46 km (LRP349)",link,N1,"Cox,s Bazar 46 km",2946,2946
853,Bridge start (LRP349A),bridge,N1,Bridge start,2946,2946
854,Bridge end (LRP349B),bridge,N1,Bridge end,2946,2946
855,"Cox,s Bazar 45 km (LRP350)",link,N1,"Cox,s Bazar 45 km",2946,2946
856,Bridge start (LRP350A),bridge,N1,Bridge start,2946,2946
857,Bridge end (LRP350B),bridge,N1,Bridge end,2946,2946
858,Box culvert (LRP350C),bridge,N1,Box culvert,2946,2946
859,Box culvert (LRP350D),bridge,N1,Box culvert,2946,2946
860,"Cox,s Bazar 44 km (LRP351)",link,N1,"Cox,s Bazar 44 km",2946,2946
861,"Cox,s Bazar 43 km (LRP352)",link,N1,"Cox,s Bazar 43 km",2946,2946
894,Cox.s Bazar 30 km (LRP365),link,N1,Cox.s Bazar 30 km,2946,2946
895,Box culvert (LRP365A),bridge,N1,Box culvert,2946,2946
896,Box culvert (LRP365B),bridge,N1,Box culvert,2946,2946
897,Bridge start (LRP365C),bridge,N1,Bridge start,2946,2946
898,Bridge end (LRP365D),bridge,N1,Bridge end,2946,2946
899,Box culvert (LRP365E),bridge,N1,Box culvert,2946,2946
900,"Cox,s Bazar 29 km (LRP366)",link,N1,"Cox,s Bazar 29 km",2946,2946
901,Box culvert (LRP366A),bridge,N1,Box culvert,2946,2946
902,Box culvert (LRP366B),bridge,N1,Box culvert,2946,2946
906,Cox's Bazar 27km (LRP368),link,N1,Cox's Bazar 27km,2946,2946
907,Box culvert (LRP368A),bridge,N1,Box culvert,2946,2946
908,Cox's Bazar 26km (LRP369),link,N1,Cox's Bazar 26km,2946,2946
909,Box culvert (LRP369A),bridge,N1,Box culvert,2946,2946
910,"Cox,s Bazar 25 km (LRP370)",link,N1,"Cox,s Bazar 25 km",2946,2946
1144,Bridge start (LRP428A),bridge,N1,Bridge start,2946,2946
1184,Box culvert (LRP435A),bridge,N1,Box culvert,2946,2946
684,Keranirhat 4 km (LRP289),link,N1,Keranirhat 4 km,2945,2945
685,Box Culvert (LRP289A),bridge,N1,Box Culvert,2945,2945
686,Box Culvert (LRP289B),bridge,N1,Box Culvert,2945,2945
687,"Cox,s Bazar 109 km (LRP290)",link,N1,"Cox,s Bazar 109 km",2945,2945
688,Bridge start (LRP290A),bridge,N1,Bridge start,2945,2945
689,Bridge end (LRP290B),bridge,N1,Bridge end,2945,2945
690,Bridge start (LRP290C),bridge,N1,Bridge start,2945,2945
692,Info.Missing (LRP291),link,N1,Info.Missing,2945,2945
693,Box culvert (LRP291A),bridge,N1,Box culvert,2945,2945
694,Box culvert (LRP291B),bridge,N1,Box culvert,2945,2945
695,Km post missing (LRP292),link,N1,Km post missing,2945,2945
723,Box culvert (LRP302A),bridge,N1,Box culvert,2945,2945
796,"Cox,s Bazar 67 km (LRP328)",link,N1,"Cox,s Bazar 67 km",2945,2945
797,Box culvert (LRP328A),bridge,N1,Box culvert,2945,2945
798,Road to Paharchaanda(Z1125) (LRP328B),link,N1,Road to Paharchaanda(Z1125),2945,2945
802,Box culvert (LRP329C),bridge,N1,Box culvert,2945,2945
803,Cox's Bazar 65km (LRP330),link,N1,Cox's Bazar 65km,2945,2945
804,Box culvert (LRP330A),bridge,N1,Box culvert,2945,2945
805,Cox.s Bazar 64 km (LRP331),link,N1,Cox.s Bazar 64 km,2945,2945
806,Road to Paharchanda(Z1002) (LRP331A),link,N1,Road to Paharchanda(Z1002),2945,2945
807,Bridge start (LRP331B),bridge,N1,Bridge start,2945,2945
808,Bridge end (LRP331C),bridge,N1,Bridge end,2945,2945
812,Box culvert (LRP333B),bridge,N1,Box culvert,2945,2945
813,"Cox,s Bazar 61 km (LRP334)",link,N1,"Cox,s Bazar 61 km",2945,2945
814,Box culvert (LRP334A),bridge,N1,Box culvert,2945,2945
815,"Cox,s Bazar 60 km (LRP335)",link,N1,"Cox,s Bazar 60 km",2945,2945
816,Box culvert (LRP335A),bridge,N1,Box culvert,2945,2945
817,Box culvert (LRP335B),bridge,N1,Box culvert,2945,2945
818,Intersection with Z1126 (LRP335C),link,N1,Intersection with Z1126,2945,2945
819,Box culvert (LRP335D),bridge,N1,Box culvert,2945,2945
820,"Cox,s Bazar 59 km (LRP336)",link,N1,"Cox,s Bazar 59 km",2945,2945
821,Bridge start (LRP336A),bridge,N1,Bridge start,2945,2945
841,"Cox,s Bazar 51 km (LRP344)",link,N1,"Cox,s Bazar 51 km",2945,2945
844,Cox's Bazar 49km (LRP346),link,N1,Cox's Bazar 49km,2945,2945
845,Cox's Bazar 48 km (LRP347),link,N1,Cox's Bazar 48 km,2945,2945
846,Bridge start (LRP347A),bridge,N1,Bridge start,2945,2945
847,Bridge end (LRP347B),bridge,N1,Bridge end,2945,2945
848,Box culvert (LRP347C),bridge,N1,Box culvert,2945,2945
849,"Cox,s Bazar 47 km (LRP348)",link,N1,"Cox,s Bazar 47 km",2945,2945
850,Road to Garzania (Z1130) (LRP348A),link,N1,Road to Garzania (Z1130),2945,2945
851,Box culvert (LRP348B),bridge,N1,Box culvert,2945,2945
862,"Cox,s Bazar 42 km (LRP353)",link,N1,"Cox,s Bazar 42 km",2945,2945
892,"Cox,s Bazar 32 km (LRP363)",link,N1,"Cox,s Bazar 32 km",2945,2945
911,"Cox,s Bazar 24 km (LRP371)",link,N1,"Cox,s Bazar 24 km",2945,2945
994,"Teknaf 74 km,Uthia 20 km (LRP393)",link,N1,"Teknaf 74 km,Uthia 20 km",2945,2945
995,Box culvert (LRP393A),bridge,N1,Box culvert,2945,2945
996,Bridge start (LRP393B),bridge,N1,Bridge start,2945,2945
997,Bridge end (LRP393C),bridge,N1,Bridge end,2945,2945
998,"Teknaf 73 km, Ukhia 19km (LRP394)",link,N1,"Teknaf 73 km, Ukhia 19km",2945,2945
999,Box culvert (LRP394A),bridge,N1,Box culvert,2945,2945
1000,Box culvert (LRP394B),bridge,N1,Box culvert,2945,2945
1001,Box culvert (LRP394C),bridge,N1,Box culvert,2945,2945
1002,Box culvert (LRP394D),bridge,N1,Box culvert,2945,2945
1003,Box culvert (LRP394E),bridge,N1,Box culvert,2945,2945
1004,Box culvert (LRP394F),bridge,N1,Box culvert,2945,2945
1005,Box culvert (LRP394G),bridge,N1,Box culvert,2945,2945
1006,"Teknaf 72 km,Uthia 18 km (LRP395)",link,N1,"Teknaf 72 km,Uthia 18 km",2945,2945
1007,Box culvert (LRP395A),bridge,N1,Box culvert,2945,2945
1008,Box culvert (LRP395B),bridge,N1,Box culvert,2945,2945
1009,Box culvert (LRP395C),bridge,N1,Box culvert,2945,2945
1010,Box culvert (LRP395D),bridge,N1,Box culvert,2945,2945
1011,Box culvert (LRP395E),bridge,N1,Box culvert,2945,2945
1012,Box culvert (LRP395F),bridge,N1,Box culvert,2945,2945
1013,Box culvert (LRP395G),bridge,N1,Box culvert,2945,2945
1014,Box culvert (LRP395H),bridge,N1,Box culvert,2945,2945
1015,"Teknaf 71km, Ukhia 17km (LRP396)",link,N1,"Teknaf 71km, Ukhia 17km",2945,2945
1016,Box culvert (LRP396A),bridge,N1,Box culvert,2945,2945
1017,Box culvert (LRP396B),bridge,N1,Box culvert,2945,2945
1018,Box culvert (LRP396C),bridge,N1,Box culvert,2945,2945
1019,Box culvert (LRP396D),bridge,N1,Box culvert,2945,2945
1020,Box culvert (LRP396E),bridge,N1,Box culvert,2945,2945
1021,Box culvert (LRP396F),bridge,N1,Box culvert,2945,2945
1022,"Teknaf 70 km,Uthia 16 km (LRP397)",link,N1,"Teknaf 70 km,Uthia 16 km",2945,2945
1023,Box culvert (LRP397A),bridge,N1,Box culvert,2945,2945
842,Box culvert (LRP344A),bridge,N1,Box culvert,2944,2944
843,Cox's Bazar 50km (LRP345),link,N1,Cox's Bazar 50km,2944,2944
912,Box culvert (LRP371A),bridge,N1,Box culvert,2944,2944
915,Box culvert (LRP372B),bridge,N1,Box culvert,2944,2944
916,"Cox,s Bazar 22 km (LRP373)",link,N1,"Cox,s Bazar 22 km",2944,2944
917,Bridge start (LRP373A),bridge,N1,Bridge start,2944,2944
918,Bridge end (LRP373B),bridge,N1,Bridge end,2944,2944
919,Box culvert (LRP373C),bridge,N1,Box culvert,2944,2944
920,"Cox,s Bazar 21 km (LRP374)",link,N1,"Cox,s Bazar 21 km",2944,2944
955,"Cox,s Bazar 11 km (LRP384)",link,N1,"Cox,s Bazar 11 km",2944,2944
956,Box culvert (LRP384A),bridge,N1,Box culvert,2944,2944
964,Box culvert (LRP386A),bridge,N1,Box culvert,2944,2944
965,Box culvert (LRP386B),bridge,N1,Box culvert,2944,2944
966,"N110,Link road-Cox' Bazar, (Labonir more) (LRP386C)",link,N1,"N110,Link road-Cox' Bazar, (Labonir more)",2944,2944
967,Teknaf 79 km (LRP387),link,N1,Teknaf 79 km,2944,2944
975,Box culvert (LRP389A),bridge,N1,Box culvert,2944,2944
976,Box culvert (LRP389B),bridge,N1,Box culvert,2944,2944
977,Bridge start (LRP389C),bridge,N1,Bridge start,2944,2944
978,Bridge end (LRP389D),bridge,N1,Bridge end,2944,2944
1024,Box culvert (LRP397B),bridge,N1,Box culvert,2944,2944
1025,Box culvert (LRP397C),bridge,N1,Box culvert,2944,2944
1026,Box culvert (LRP397D),bridge,N1,Box culvert,2944,2944
1027,"Teknaf 69 km,Uthia 15 km (LRP398)",link,N1,"Teknaf 69 km,Uthia 15 km",2944,2944
1028,Box culvert (LRP398A),bridge,N1,Box culvert,2944,2944
1029,Box culvert (LRP398B),bridge,N1,Box culvert,2944,2944
1030,Box culvert (LRP398C),bridge,N1,Box culvert,2944,2944
1031,Box culvert (LRP398D),bridge,N1,Box culvert,2944,2944
1032,"Teknaf 68 km,Uthia 14 km (LRP399)",link,N1,"Teknaf 68 km,Uthia 14 km",2944,2944
863,Box culvert (LRP353A),bridge,N1,Box culvert,2943,2943
864,Cox's Bazar 41km (LRP354),link,N1,Cox's Bazar 41km,2943,2943
865,Bridge start (LRP354A),bridge,N1,Bridge start,2943,2943
866,Bridge end (LRP354B),bridge,N1,Bridge end,2943,2943
867,"Z1131, Kutakhali-Maheshkhali (LRP354C)",link,N1,"Z1131, Kutakhali-Maheshkhali",2943,2943
868,"Cox,s Bazar 40 km (LRP355)",link,N1,"Cox,s Bazar 40 km",2943,2943
869,Box culvert (LRP355A),bridge,N1,Box culvert,2943,2943
870,Box culvert (LRP355B),bridge,N1,Box culvert,2943,2943
871,"Cox,s Bazar 39 km (LRP356)",link,N1,"Cox,s Bazar 39 km",2943,2943
872,Box culvert (LRP356A),bridge,N1,Box culvert,2943,2943
873,Box culvert (LRP356B),bridge,N1,Box culvert,2943,2943
878,Box culvert (LRP358A),bridge,N1,Box culvert,2943,2943
879,Box culvert (LRP358B),bridge,N1,Box culvert,2943,2943
880,Cox's Bazar 36 km (LRP359),link,N1,Cox's Bazar 36 km,2943,2943
881,Box culvert (LRP359A),bridge,N1,Box culvert,2943,2943
882,"Cox,s Bazar 35 km (LRP360)",link,N1,"Cox,s Bazar 35 km",2943,2943
883,Box Culvert (LRP360A),bridge,N1,Box Culvert,2943,2943
884,"Cox,s Bazar 34 km (LRP361)",link,N1,"Cox,s Bazar 34 km",2943,2943
885,Box Culvert (LRP361A),bridge,N1,Box Culvert,2943,2943
886,Box Culvert (LRP361B),bridge,N1,Box Culvert,2943,2943
887,"Cos,x Bazar 33 km (LRP362)",link,N1,"Cos,x Bazar 33 km",2943,2943
888,Bridge start (LRP362A),bridge,N1,Bridge start,2943,2943
889,Bridge end (LRP362B),bridge,N1,Bridge end,2943,2943
890,Bridge start (LRP362C),bridge,N1,Bridge start,2943,2943
891,Bridge end (LRP362D),bridge,N1,Bridge end,2943,2943
913,Cox.s Bazar 23 km (LRP372),link,N1,Cox.s Bazar 23 km,2943,2943
914,Box culvert (LRP372A),bridge,N1,Box culvert,2943,2943
921,"Cox,s Bazar 20 km (LRP375)",link,N1,"Cox,s Bazar 20 km",2943,2943
922,Box culvert (LRP375A),bridge,N1,Box culvert,2943,2943
957,Box culvert (LRP384B),bridge,N1,Box culvert,2943,2943
958,"Cox,s Bazar 10 km (LRP385)",link,N1,"Cox,s Bazar 10 km",2943,2943
959,Box culvert (LRP385A),bridge,N1,Box culvert,2943,2943
960,Bridge start (LRP385B),bridge,N1,Bridge start,2943,2943
961,Bridge end (LRP385C),bridge,N1,Bridge end,2943,2943
962,Box culvert (LRP385D),bridge,N1,Box culvert,2943,2943
963,"Cox,s Bazar 9 km (LRP386)",link,N1,"Cox,s Bazar 9 km",2943,2943
968,Box culvert (LRP387A),bridge,N1,Box culvert,2943,2943
969,Box culvert (LRP387B),bridge,N1,Box culvert,2943,2943
970,"Teknaf 78 km,Uttia 24 km (LRP388)",link,N1,"Teknaf 78 km,Uttia 24 km",2943,2943
971,Box culvert (LRP388A),bridge,N1,Box culvert,2943,2943
972,Box culvert (LRP388B),bridge,N1,Box culvert,2943,2943
973,Box culvert (LRP388C),bridge,N1,Box culvert,2943,2943
974,"Teknaf 77 km,Uthia 23 km (LRP389)",link,N1,"Teknaf 77 km,Uthia 23 km",2943,2943
979,Box culvert (LRP389E),bridge,N1,Box culvert,2943,2943
980,"Teknaf 76 km,Uthia 22 km (LRP390)",link,N1,"Teknaf 76 km,Uthia 22 km",2943,2943
989,Box culvert (LRP392A),bridge,N1,Box culvert,2943,2943
990,Box culvert (LRP392B),bridge,N1,Box culvert,2943,2943
991,Bridge start (LRP392C),bridge,N1,Bridge start,2943,2943
992,Bridge end (LRP392D),bridge,N1,Bridge end,2943,2943
993,Box culvert (LRP392E),bridge,N1,Box culvert,2943,2943
1033,Bridge start (LRP399A),bridge,N1,Bridge start,2943,2943
1034,Bridge end (LRP399B),bridge,N1,Bridge end,2943,2943
1035,Box culvert (LRP399C),bridge,N1,Box culvert,2943,2943
1036,"Teknaf 67 km,Uthia 13 km (LRP400)",link,N1,"Teknaf 67 km,Uthia 13 km",2943,2943
1037,Box culvert (LRP400A),bridge,N1,Box culvert,2943,2943
874,Cox's Bazar 38km (LRP357),link,N1,Cox's Bazar 38km,2942,2942
875,Box culvert (LRP357A),bridge,N1,Box culvert,2942,2942
876,Box culvert (LRP357B),bridge,N1,Box culvert,2942,2942
877,"Cox,s Bazar 37 km (LRP358)",link,N1,"Cox,s Bazar 37 km",2942,2942
923,Box culvert (LRP375B),bridge,N1,Box culvert,2942,2942
924,"Cox,s Bazar 19 km (LRP376)",link,N1,"Cox,s Bazar 19 km",2942,2942
925,"Z1001, Road to Naikkongchhari (LRP376A)",link,N1,"Z1001, Road to Naikkongchhari",2942,2942
926,Box culvert (LRP376B),bridge,N1,Box culvert,2942,2942
927,Bridge start (LRP376C),bridge,N1,Bridge start,2942,2942
928,Bridge end (LRP376D),bridge,N1,Bridge end,2942,2942
929,"Cox,s Bazar 18 km (LRP377)",link,N1,"Cox,s Bazar 18 km",2942,2942
930,Box culvert (LRP377A),bridge,N1,Box culvert,2942,2942
931,Box culvert (LRP377B),bridge,N1,Box culvert,2942,2942
932,"Cox,s Bazar 17 km (LRP378)",link,N1,"Cox,s Bazar 17 km",2942,2942
933,Box culvert (LRP378A),bridge,N1,Box culvert,2942,2942
934,Box culvert (LRP378B),bridge,N1,Box culvert,2942,2942
935,Ramu old Section (N109) (LRP378C),link,N1,Ramu old Section (N109),2942,2942
936,Box culvert (LRP378D),bridge,N1,Box culvert,2942,2942
937,"Cox,s Bazar 16 km (LRP379)",link,N1,"Cox,s Bazar 16 km",2942,2942
939,Bridge end (LRP379B),bridge,N1,Bridge end,2942,2942
940,Box culvert (LRP379C),bridge,N1,Box culvert,2942,2942
941,"Cox,s Bazar 15 km (LRP380)",link,N1,"Cox,s Bazar 15 km",2942,2942
942,Box culvert (LRP380A),bridge,N1,Box culvert,2942,2942
952,Box culvert (LRP383A),bridge,N1,Box culvert,2942,2942
953,Bridge start (LRP383B),bridge,N1,Bridge start,2942,2942
954,Bridge end (LRP383C),bridge,N1,Bridge end,2942,2942
981,Box culvert (LRP390A),bridge,N1,Box culvert,2942,2942
982,Box culvert (LRP390B),bridge,N1,Box culvert,2942,2942
983,Box culvert (LRP390C),bridge,N1,Box culvert,2942,2942
984,"Teknaf 75 km,Uthia 21 km (LRP391)",link,N1,"Teknaf 75 km,Uthia 21 km",2942,2942
985,Box culvert (LRP391A),bridge,N1,Box culvert,2942,2942
986,Box culvert (LRP391B),bridge,N1,Box culvert,2942,2942
987,Box culvert (LRP391C),bridge,N1,Box culvert,2942,2942
988,Km post missing (LRP392),link,N1,Km post missing,2942,2942
1221,Box culvert (LRP442A),bridge,N1,Box culvert,2942,2942
938,Bridge start (LRP379A),bridge,N1,Bridge start,2941,2941
943,Box culvert (LRP380B),bridge,N1,Box culvert,2941,2941
944,"Cox,s Bazar 14 km (LRP381)",link,N1,"Cox,s Bazar 14 km",2941,2941
945,Box culvert (LRP381A),bridge,N1,Box culvert,2941,2941
946,Cox's Bazar 13km (LRP382),link,N1,Cox's Bazar 13km,2941,2941
947,Box culvert (LRP382A),bridge,N1,Box culvert,2941,2941
948,Box culvert (LRP382B),bridge,N1,Box culvert,2941,2941
949,Box culvert (LRP382C),bridge,N1,Box culvert,2941,2941
950,Box culvert (LRP382D),bridge,N1,Box culvert,2941,2941
951,"Cox,s Bazar 12 km (LRP383)",link,N1,"Cox,s Bazar 12 km",2941,2941
1038,Box culvert (LRP400B),bridge,N1,Box culvert,2941,2941
1039,"Teknaf 66 km,Uthia 12 km (LRP401)",link,N1,"Teknaf 66 km,Uthia 12 km",2941,2941
1040,Khulna Plong Bridge (LRP401A),bridge,N1,Khulna Plong Bridge,2941,2941
1041,Bridge end (LRP401B),bridge,N1,Bridge end,2941,2941
1042,"Teknaf 65 km,Uthia 11 km (LRP402)",link,N1,"Teknaf 65 km,Uthia 11 km",2940,2940
1043,Bridge start (LRP402A),bridge,N1,Bridge start,2939,2939
1044,Bridge end (LRP402B),bridge,N1,Bridge end,2939,2939
1045,Box culvert (LRP402C),bridge,N1,Box culvert,2939,2939
1046,Km post broken (LRP403),link,N1,Km post broken,2939,2939
1047,Bridge start (LRP403A),bridge,N1,Bridge start,2939,2939
1048,Bridge end (LRP403B),bridge,N1,Bridge end,2939,2939
1049,Road to Ramu(Z1009) (LRP403C),link,N1,Road to Ramu(Z1009),2939,2939
1121,Box culvert (LRP424A),bridge,N1,Box culvert,2938,2938
1122,Box culvert (LRP424B),bridge,N1,Box culvert,2938,2938
1123,Bridge start (LRP424C),bridge,N1,Bridge start,2938,2938
1124,Bridge end (LRP424D),bridge,N1,Bridge end,2938,2938
1125,Box culvert (LRP424E),bridge,N1,Box culvert,2938,2938
1126,Info.Missing (LRP425),link,N1,Info.Missing,2938,2938
1127,Box culvert (LRP425A),bridge,N1,Box culvert,2938,2938
1059,"Teknaf 61 km,Uthia 7 km (LRP406)",link,N1,"Teknaf 61 km,Uthia 7 km",2937,2937
1060,"Teknaf 60 km,Uthia 6 km (LRP407)",link,N1,"Teknaf 60 km,Uthia 6 km",2937,2937
1105,Teknaf 46 km (LRP420),link,N1,Teknaf 46 km,2937,2937
1106,Box culvert (LRP420A),bridge,N1,Box culvert,2937,2937
1110,Box culvert (LRP421A),bridge,N1,Box culvert,2937,2937
1111,Bridge start (LRP421B),bridge,N1,Bridge start,2937,2937
1112,Bridge end (LRP421C),bridge,N1,Bridge end,2937,2937
1113,Box culvert (LRP421D),bridge,N1,Box culvert,2937,2937
1114,Info.Missing (LRP422),link,N1,Info.Missing,2937,2937
1115,Box culvert (LRP422A),bridge,N1,Box culvert,2937,2937
1116,Bridge start (LRP422B),bridge,N1,Bridge start,2937,2937
1117,Bridge end (LRP422C),bridge,N1,Bridge end,2937,2937
1118,Info.Missing (LRP423),link,N1,Info.Missing,2937,2937
1119,Box culvert (LRP423A),bridge,N1,Box culvert,2937,2937
1120,Info.Missing (LRP424),link,N1,Info.Missing,2937,2937
1053,"Z1503, Maricha Dakbunglow Road (LRP404A)",link,N1,"Z1503, Maricha Dakbunglow Road",2936,2936
1054,Box culvert (LRP404B),bridge,N1,Box culvert,2936,2936
1055,"Teknaf 62 km,Uthia 8 km (LRP405)",link,N1,"Teknaf 62 km,Uthia 8 km",2936,2936
1056,Box culvert (LRP405A),bridge,N1,Box culvert,2936,2936
1057,Bridge start (LRP405B),bridge,N1,Bridge start,2936,2936
1058,Bridge end (LRP405C),bridge,N1,Bridge end,2936,2936
1073,Bridge end (LRP410B),bridge,N1,Bridge end,2936,2936
1074,Bridge start (LRP410C),bridge,N1,Bridge start,2936,2936
1075,Bridge end (LRP410D),bridge,N1,Bridge end,2936,2936
1076,"Teknaf 56 km,Uthia 2 km (LRP411)",link,N1,"Teknaf 56 km,Uthia 2 km",2936,2936
1077,Bridge start (LRP411A),bridge,N1,Bridge start,2936,2936
1078,Bridge end (LRP411B),bridge,N1,Bridge end,2936,2936
1079,Box culvert (LRP411C),bridge,N1,Box culvert,2936,2936
1080,Box culvert (LRP411D),bridge,N1,Box culvert,2936,2936
1081,"Teknaf 55 km,Uthia 1 km (LRP412)",link,N1,"Teknaf 55 km,Uthia 1 km",2936,2936
1082,Box culvert (LRP412A),bridge,N1,Box culvert,2936,2936
1083,Bridge start (LRP412B),bridge,N1,Bridge start,2936,2936
1084,Bridge end (LRP412C),bridge,N1,Bridge end,2936,2936
1085,Bridge start (LRP412D),bridge,N1,Bridge start,2936,2936
1086,Bridge end (LRP412E),bridge,N1,Bridge end,2936,2936
1087,Teknaf 54 km (LRP413),link,N1,Teknaf 54 km,2936,2936
1088,"Z1503, Maricha Dukbanglow road (LRP413A)",link,N1,"Z1503, Maricha Dukbanglow road",2936,2936
1089,Bridge start (LRP413B),bridge,N1,Bridge start,2936,2936
1090,Bridge end (LRP413C),bridge,N1,Bridge end,2936,2936
1091,Teknaf 53 km (LRP414),link,N1,Teknaf 53 km,2936,2936
1092,Teknaf 52 km (LRP415),link,N1,Teknaf 52 km,2936,2936
1093,Teknaf 51km (LRP416),link,N1,Teknaf 51km,2936,2936
1094,Teknaf 50 km (LRP417),link,N1,Teknaf 50 km,2936,2936
1095,Box culvert (LRP417A),bridge,N1,Box culvert,2936,2936
1104,Box culvert (LRP419C),bridge,N1,Box culvert,2936,2936
1107,Box culvert (LRP420B),bridge,N1,Box culvert,2936,2936
1108,"Z1504, Ukhia Gundum Road (LRP420C)",link,N1,"Z1504, Ukhia Gundum Road",2936,2936
1109,Info.Missing (LRP421),link,N1,Info.Missing,2936,2936
1128,Bridge start (LRP425B),bridge,N1,Bridge start,2936,2936
1129,Bridge end (LRP425C),bridge,N1,Bridge end,2936,2936
1130,Box culvert (LRP425D),bridge,N1,Box culvert,2936,2936
1131,Box Culvert (LRP425E),bridge,N1,Box Culvert,2936,2936
1132,Box culvert (LRP425F),bridge,N1,Box culvert,2936,2936
1133,Info.Missing (LRP426),link,N1,Info.Missing,2936,2936
1134,Box culvert (LRP426A),bridge,N1,Box culvert,2936,2936
1135,Box culvert (LRP426B),bridge,N1,Box culvert,2936,2936
1136,Box culvert (LRP426C),bridge,N1,Box culvert,2936,2936
1137,Box culvert (LRP426D),bridge,N1,Box culvert,2936,2936
1138,Box culvert (LRP426E),bridge,N1,Box culvert,2936,2936
1139,Info.Missing (LRP427),link,N1,Info.Missing,2936,2936
1051,Bridge end (LRP403E),bridge,N1,Bridge end,2935,2935
1052,"Teknaf 63 km,Uthia 9 km (LRP404)",link,N1,"Teknaf 63 km,Uthia 9 km",2935,2935
1061,Box culvert (LRP407A),bridge,N1,Box culvert,2935,2935
1062,Bridge start (LRP407B),bridge,N1,Bridge start,2935,2935
1063,Bridge end (LRP407C),bridge,N1,Bridge end,2935,2935
1064,Box culvert (LRP407D),bridge,N1,Box culvert,2935,2935
1065,"Teknaf 59 km,Uthia 5 km (LRP408)",link,N1,"Teknaf 59 km,Uthia 5 km",2935,2935
1066,"Teknaf 58 km,Uthia 4 km (LRP409)",link,N1,"Teknaf 58 km,Uthia 4 km",2935,2935
1067,Box culvert (LRP409A),bridge,N1,Box culvert,2935,2935
1068,Bridge start (LRP409B),bridge,N1,Bridge start,2935,2935
1069,Bridge end (LRP409C),bridge,N1,Bridge end,2935,2935
1070,Box Culvert (LRP409D),bridge,N1,Box Culvert,2935,2935
1071,"Teknaf 57 km,Uthia 3 km (LRP410)",link,N1,"Teknaf 57 km,Uthia 3 km",2935,2935
1072,Bridge start (LRP410A),bridge,N1,Bridge start,2935,2935
1096,Box culvert (LRP417B),bridge,N1,Box culvert,2935,2935
1097,Info.Missing (LRP418),link,N1,Info.Missing,2935,2935
1098,Box culvert (LRP418A),bridge,N1,Box culvert,2935,2935
1099,Box culvert (LRP418B),bridge,N1,Box culvert,2935,2935
1100,Box culvert (LRP418C),bridge,N1,Box culvert,2935,2935
1101,Teknaf 47km (LRP419),link,N1,Teknaf 47km,2935,2935
1102,Box culvert (LRP419A),bridge,N1,Box culvert,2935,2935
1103,Box culvert (LRP419B),bridge,N1,Box culvert,2935,2935
1140,Box culvert (LRP427A),bridge,N1,Box culvert,2935,2935
1141,Bridge start (LRP427B),bridge,N1,Bridge start,2935,2935
1142,Bridge end (LRP427C),bridge,N1,Bridge end,2935,2935
1143,Teknaf 38 km (LRP428),link,N1,Teknaf 38 km,2934,2934
1185,Box culvert (LRP435B),bridge,N1,Box culvert,2933,2933
1186,Box culvert (LRP435C),bridge,N1,Box culvert,2933,2933
1187,Box culvert (LRP435D),bridge,N1,Box culvert,2933,2933
1188,Box culvert (LRP435E),bridge,N1,Box culvert,2933,2933
1189,Info.Missing (LRP436),link,N1,Info.Missing,2933,2933
1190,Box culvert (LRP436A),bridge,N1,Box culvert,2933,2933
1191,Bridge start (LRP436B),bridge,N1,Bridge start,2933,2933
1192,Bridge end (LRP436C),bridge,N1,Bridge end,2933,2933
1193,Box culvert (LRP436D),bridge,N1,Box culvert,2932,2932
1194,Box culvert (LRP436E),bridge,N1,Box culvert,2932,2932
1195,Km post missing (LRP437),link,N1,Km post missing,2932,2932
1196,Box culvert (LRP437A),bridge,N1,Box culvert,2932,2932
1197,Box culvert (LRP437B),bridge,N1,Box culvert,2932,2932
1198,Box culvert / Box culvert (LRP437C),bridge,N1,Box culvert / Box culvert,2932,2932
1199,Km post missing (LRP438),link,N1,Km post missing,2932,2932
1200,Box culvert (LRP438A),bridge,N1,Box culvert,2932,2932
1201,Box culvert (LRP438B),bridge,N1,Box culvert,2932,2932
1202,Box culvert (LRP438C),bridge,N1,Box culvert,2932,2932
1203,Box culvert (LRP438D),bridge,N1,Box culvert,2932,2932
1204,Box culvert (LRP438E),bridge,N1,Box culvert,2932,2932
1205,Info.Missing (LRP439),link,N1,Info.Missing,2931,2931
1206,Box culvert (LRP439A),bridge,N1,Box culvert,2931,2931
1207,Box culvert (LRP439B),bridge,N1,Box culvert,2931,2931
1208,Box culvert (LRP439C),bridge,N1,Box culvert,2931,2931
1209,Box culvert (LRP439D),bridge,N1,Box culvert,2931,2931
1210,Km post missing (LRP440),link,N1,Km post missing,2931,2931
1211,Box culvert (LRP440A),bridge,N1,Box culvert,2931,2931
1212,Box culvert (LRP440B),bridge,N1,Box culvert,2931,2931
1213,Box culvert (LRP440C),bridge,N1,Box culvert,2931,2931
1214,Bridge start (LRP440D),bridge,N1,Bridge start,2931,2931
1215,Bridge end (LRP440E),bridge,N1,Bridge end,2931,2931
1216,Info.Missing (LRP441),link,N1,Info.Missing,2931,2931
1217,Box culvert (LRP441A),bridge,N1,Box culvert,2931,2931
1218,Bridge start (LRP441B),bridge,N1,Bridge start,2931,2931
1219,Bridge end (LRP441C),bridge,N1,Bridge end,2931,2931
1220,Teknaf 24 km (LRP442),link,N1,Teknaf 24 km,2931,2931
1272,Box culvert (LRP455A),bridge,N1,Box culvert,2931,2931
1273,Bridge start (LRP455B),bridge,N1,Bridge start,2931,2931
1274,Bridge end (LRP455C),bridge,N1,Bridge end,2931,2931
1275,Km post missing (LRP456),link,N1,Km post missing,2931,2931
1276,Box culvert (LRP456A),bridge,N1,Box culvert,2931,2931
1242,Box culvert (LRP447C),bridge,N1,Box culvert,2930,2930
1243,Teknaf 29 km (LRP448),link,N1,Teknaf 29 km,2930,2930
1244,Bridge start (LRP448A),bridge,N1,Bridge start,2930,2930
1245,Bridge end (LRP448B),bridge,N1,Bridge end,2930,2930
1246,Box culvert (LRP448C),bridge,N1,Box culvert,2930,2930
1247,Teknaf 18 km (LRP449),link,N1,Teknaf 18 km,2930,2930
1248,Box culvert (LRP449A),bridge,N1,Box culvert,2930,2930
1249,Infor.missing (LRP450),link,N1,Infor.missing,2930,2930
1261,Box culvert (LRP453A),bridge,N1,Box culvert,2930,2930
1262,Box culvert (LRP453B),bridge,N1,Box culvert,2930,2930
1263,Box culvert (LRP453C),bridge,N1,Box culvert,2930,2930
1264,Box culvert (LRP453D),bridge,N1,Box culvert,2930,2930
1265,Box culvert (LRP453E),bridge,N1,Box culvert,2930,2930
1266,Info.Missing (LRP454),link,N1,Info.Missing,2930,2930
1267,Box culvert (LRP454A),bridge,N1,Box culvert,2930,2930
1268,Bridge start (LRP454B),bridge,N1,Bridge start,2930,2930
1269,Bridge end (LRP454C),bridge,N1,Bridge end,2930,2930
1270,Box culvert (LRP454D),bridge,N1,Box culvert,2930,2930
1271,Info.Missing (LRP455),link,N1,Info.Missing,2930,2930
1277,Box culvert (LRP456B),bridge,N1,Box culvert,2930,2930
1278,Box culvert (LRP456C),bridge,N1,Box culvert,2930,2930
1279,Box culvert (LRP456D),bridge,N1,Box culvert,2930,2930
1280,Bridge start (LRP456E),bridge,N1,Bridge start,2930,2930
1281,Bridge end (LRP456F),bridge,N1,Bridge end,2930,2930
1282,Infor.missing (LRP457),link,N1,Infor.missing,2930,2930
1283,Bridge start (LRP457A),bridge,N1,Bridge start,2930,2930
1284,Bridge end (LRP457B),bridge,N1,Bridge end,2930,2930
1146,Box culvert (LRP428C),bridge,N1,Box culvert,2929,2929
1147,Info.Missing (LRP429),link,N1,Info.Missing,2929,2929
1222,Box culvert (LRP442B),bridge,N1,Box culvert,2929,2929
1223,Box culvert (LRP442C),bridge,N1,Box culvert,2929,2929
1224,Box culvert (LRP442D),bridge,N1,Box culvert,2929,2929
1225,Teknaf 23 km (LRP443),link,N1,Teknaf 23 km,2929,2929
1226,Box culvert (LRP443A),bridge,N1,Box culvert,2929,2929
1227,Bridge start (LRP443B),bridge,N1,Bridge start,2929,2929
1228,Bridge end (LRP443C),bridge,N1,Bridge end,2929,2929
1229,Teknaf 21 km (LRP444),link,N1,Teknaf 21 km,2929,2929
1230,Box culvert (LRP444A),bridge,N1,Box culvert,2929,2929
1231,Box culvert (LRP444B),bridge,N1,Box culvert,2929,2929
1232,Box culvert (LRP444C),bridge,N1,Box culvert,2929,2929
1233,Km post missing (LRP445),link,N1,Km post missing,2929,2929
1234,Bridge start (LRP445A),bridge,N1,Bridge start,2929,2929
1235,Bridge end (LRP445B),bridge,N1,Bridge end,2929,2929
1236,Infor.missing (LRP446),link,N1,Infor.missing,2929,2929
1237,Box culvert (LRP446A),bridge,N1,Box culvert,2929,2929
1238,Box culvert (LRP446B),bridge,N1,Box culvert,2929,2929
1239,Teknaf 20 km (LRP447),link,N1,Teknaf 20 km,2929,2929
1240,Box culvert (LRP447A),bridge,N1,Box culvert,2929,2929
1241,Box culvert (LRP447B),bridge,N1,Box culvert,2929,2929
1250,Bridge start (LRP450A),bridge,N1,Bridge start,2929,2929
1251,Bridge end (LRP450B),bridge,N1,Bridge end,2929,2929
1252,Km post missing (LRP451),link,N1,Km post missing,2929,2929
1253,Box culvert (LRP451A),bridge,N1,Box culvert,2929,2929
1254,Infor.missing (LRP452),link,N1,Infor.missing,2929,2929
1255,Bridge start (LRP452A),bridge,N1,Bridge start,2929,2929
1256,Bridge end (LRP452B),bridge,N1,Bridge end,2929,2929
1257,Box culvert (LRP452C),bridge,N1,Box culvert,2929,2929
1258,Bridge start (LRP452D),bridge,N1,Bridge start,2929,2929
1259,Bridge end (LRP452E),bridge,N1,Bridge end,2929,2929
1260,Info.Missing (LRP453),link,N1,Info.Missing,2929,2929
1285,Bridge start (LRP457C),bridge,N1,Bridge start,2929,2929
1286,Bridge end (LRP457D),bridge,N1,Bridge end,2929,2929
1287,Box Culvert (LRP457E),bridge,N1,Box Culvert,2929,2929
1288,Teknaf 8 km (LRP458),link,N1,Teknaf 8 km,2929,2929
1289,Box Culvert (LRP458A),bridge,N1,Box Culvert,2929,2929
1290,Bridge start (LRP458B),bridge,N1,Bridge start,2929,2929
1291,Bridge end (LRP458C),bridge,N1,Bridge end,2929,2929
1292,Box Culvert (LRP458D),bridge,N1,Box Culvert,2929,2929
1293,Box culvert (LRP458E),bridge,N1,Box culvert,2929,2929
1294,Box Culvert (LRP458F),bridge,N1,Box Culvert,2929,2929
1295,Teknaf 7 km (LRP459),link,N1,Teknaf 7 km,2929,2929
1296,Bridge start (LRP459A),bridge,N1,Bridge start,2929,2929
1297,Bridge end (LRP459B),bridge,N1,Bridge end,2929,2929
1298,Box Culvert (LRP459C),bridge,N1,Box Culvert,2929,2929
1299,Box culvert (LRP459D),bridge,N1,Box culvert,2929,2929
1300,Km post missing (LRP460),link,N1,Km post missing,2929,2929
1301,Box Culvert (LRP460A),bridge,N1,Box Culvert,2929,2929
1321,Km post missing (LRP462),link,N1,Km post missing,2929,2929
1322,Bridge start (LRP462A),bridge,N1,Bridge start,2929,2929
1323,Bridge end (LRP462B),bridge,N1,Bridge end,2929,2929
1324,Teknaf 4 km (LRP463),link,N1,Teknaf 4 km,2929,2929
1332,Bridge end (LRP465B),bridge,N1,Bridge end,2929,2929
1333,Km post missing (LRP466),link,N1,Km post missing,2929,2929
1334,Box culvert (LRP466A),bridge,N1,Box culvert,2929,2929
1335,Bridge start (LRP466B),bridge,N1,Bridge start,2929,2929
1336,Bridge end (LRP466C),bridge,N1,Bridge end,2929,2929
1337,Infor.missing (LRP467),link,N1,Infor.missing,2929,2929
1145,Bridge end (LRP428B),bridge,N1,Bridge end,2928,2928
1148,Box culvert (LRP429A),bridge,N1,Box culvert,2928,2928
1149,Box culvert (LRP429B),bridge,N1,Box culvert,2928,2928
1150,Box culvert (LRP429C),bridge,N1,Box culvert,2928,2928
1151,Box culvert (LRP429D),bridge,N1,Box culvert,2928,2928
1152,Bridge start (LRP429E),bridge,N1,Bridge start,2928,2928
1153,Bridge end (LRP429F),bridge,N1,Bridge end,2928,2928
1154,Info.Missing (LRP430),link,N1,Info.Missing,2928,2928
1155,Box culvert (LRP430A),bridge,N1,Box culvert,2928,2928
1156,Box culvert (LRP430B),bridge,N1,Box culvert,2928,2928
1157,Bridge start (LRP430C),bridge,N1,Bridge start,2928,2928
1158,Bridge end (LRP430D),bridge,N1,Bridge end,2928,2928
1159,Box culvert (LRP430E),bridge,N1,Box culvert,2928,2928
1160,Info.Missing (LRP431),link,N1,Info.Missing,2928,2928
1161,Box culvert (LRP431A),bridge,N1,Box culvert,2928,2928
1162,Box culvert (LRP431B),bridge,N1,Box culvert,2928,2928
1169,Box culvert (LRP432F),bridge,N1,Box culvert,2928,2928
1170,Info.Missing (LRP433),link,N1,Info.Missing,2928,2928
1171,Box culvert (LRP433A),bridge,N1,Box culvert,2928,2928
1172,Box culvert (LRP433B),bridge,N1,Box culvert,2928,2928
1173,Box culvert (LRP433C),bridge,N1,Box culvert,2928,2928
1174,Box culvert (LRP433D),bridge,N1,Box culvert,2928,2928
1175,Z1133 Road to Shaplapur (LRP433E),link,N1,Z1133 Road to Shaplapur,2928,2928
1176,Bridge start (LRP433F),bridge,N1,Bridge start,2928,2928
1177,Bridge end (LRP433G),bridge,N1,Bridge end,2928,2928
1302,Box Culvert (LRP460B),bridge,N1,Box Culvert,2928,2928
1303,Box culvert (LRP460C),bridge,N1,Box culvert,2928,2928
1304,Bridge start (LRP460D),bridge,N1,Bridge start,2928,2928
1305,Bridge end (LRP460E),bridge,N1,Bridge end,2928,2928
1306,Box culvert (LRP460F),bridge,N1,Box culvert,2928,2928
1307,Bridge start (LRP460G),bridge,N1,Bridge start,2928,2928
1308,Bridge end (LRP460H),bridge,N1,Bridge end,2928,2928
1309,Km post missing (LRP461),link,N1,Km post missing,2928,2928
1310,Box culvert (LRP461A),bridge,N1,Box culvert,2928,2928
1311,Box culvert (LRP461B),bridge,N1,Box culvert,2928,2928
1312,Bridge start (LRP461C),bridge,N1,Bridge start,2928,2928
1313,Bridge end (LRP461D),bridge,N1,Bridge end,2928,2928
1314,Box culvert (LRP461E),bridge,N1,Box culvert,2928,2928
1315,Box culvert (LRP461F),bridge,N1,Box culvert,2928,2928
1316,Box culvert (LRP461G),bridge,N1,Box culvert,2928,2928
1317,Bridge start (LRP461H),bridge,N1,Bridge start,2928,2928
1318,Bridge end (LRP461I),bridge,N1,Bridge end,2928,2928
1319,Box culvert (LRP461J),bridge,N1,Box culvert,2928,2928
1320,Box culvert (LRP461K),bridge,N1,Box culvert,2928,2928
1325,Bridge start (LRP463A),bridge,N1,Bridge start,2928,2928
1326,Bridge end (LRP463B),bridge,N1,Bridge end,2928,2928
1327,Info.Missing (LRP464),link,N1,Info.Missing,2928,2928
1328,Box culvert (LRP464A),bridge,N1,Box culvert,2928,2928
1329,Box culvert (LRP464B),bridge,N1,Box culvert,2928,2928
1330,Teknaf 2 km (LRP465),link,N1,Teknaf 2 km,2928,2928
1331,Bridge start (LRP465A),bridge,N1,Bridge start,2928,2928
1163,Km post missing (LRP432),link,N1,Km post missing,2927,2927
1164,Box culvert (LRP432A),bridge,N1,Box culvert,2927,2927
1165,Box culvert (LRP432B),bridge,N1,Box culvert,2927,2927
1166,Box culvert (LRP432C),bridge,N1,Box culvert,2927,2927
1167,Box culvert (LRP432D),bridge,N1,Box culvert,2927,2927
1168,Box culvert (LRP432E),bridge,N1,Box culvert,2927,2927
1178,Info.Missing (LRP434),link,N1,Info.Missing,2927,2927
1179,Box culvert (LRP434A),bridge,N1,Box culvert,2927,2927
1180,Box culvert (LRP434B),bridge,N1,Box culvert,2927,2927
1181,Box culvert (LRP434C),bridge,N1,Box culvert,2927,2927
1182,Box culvert (LRP434D),bridge,N1,Box culvert,2927,2927
1183,Km post broken (LRP435),link,N1,Km post broken,2927,2927
2368,Bridge end (LRP039E),bridge,N106,Bridge end,1061,1061
2431,Km post missing (LRP065),link,N106,Km post missing,1061,1061
2432,Rangamati 4 km (LRP066),link,N106,Rangamati 4 km,1061,1061
2433,Km post missing (LRP067),link,N106,Km post missing,1061,1061
2434,Rangamati 2 km (LRP068),link,N106,Rangamati 2 km,1061,1061
2435,Police Comissionar Bunglow 1 km (LRP069),link,N106,Police Comissionar Bunglow 1 km,1061,1061
2374,Box culvert (LRP041A),bridge,N106,Box culvert,1060,1060
2375,Rangamati 28 km (LRP042),link,N106,Rangamati 28 km,1060,1060
2376,Box culvert (LRP042A),bridge,N106,Box culvert,1060,1060
2377,Box culvert (LRP042B),bridge,N106,Box culvert,1060,1060
2378,Rangamati 27 km (LRP043),link,N106,Rangamati 27 km,1060,1060
2379,Ranirhat bridge (LRP043A),bridge,N106,Ranirhat bridge,1060,1060
2380,Ranirhat bridge (LRP043B),bridge,N106,Ranirhat bridge,1060,1060
2381,Box culvert (LRP043C),bridge,N106,Box culvert,1060,1060
2382,Rangamati 26 km (LRP044),link,N106,Rangamati 26 km,1060,1060
2383,Box culvert (LRP044A),bridge,N106,Box culvert,1060,1060
2384,Z1617 (LRP044B),link,N106,Z1617,1060,1060
2385,Box culvert (LRP044C),bridge,N106,Box culvert,1060,1060
2386,Box culvert (LRP044D),bridge,N106,Box culvert,1060,1060
2387,"Rangamati 25 km,Ghagra 6 km (LRP045)",link,N106,"Rangamati 25 km,Ghagra 6 km",1060,1060
2388,Box culvert (LRP045A),bridge,N106,Box culvert,1060,1060
2389,"Rangamati 24 km,Ghagra 6 km (LRP046)",link,N106,"Rangamati 24 km,Ghagra 6 km",1060,1060
2390,Box culvert (LRP046A),bridge,N106,Box culvert,1060,1060
2391,"Rangamati 23 km,Ghagra 5 km (LRP047)",link,N106,"Rangamati 23 km,Ghagra 5 km",1060,1060
2392,Bridge start (LRP047A),bridge,N106,Bridge start,1060,1060
2393,Bridge end (LRP047B),bridge,N106,Bridge end,1060,1060
2394,Km post missing (LRP048),link,N106,Km post missing,1060,1060
2395,Box culvert (LRP048A),bridge,N106,Box culvert,1060,1060
2396,Box culvert (LRP048B),bridge,N106,Box culvert,1060,1060
2397,Box culvert (LRP048C),bridge,N106,Box culvert,1060,1060
2398,Km post missing (LRP049),link,N106,Km post missing,1060,1060
2399,"Rangamati 20 km,Ghagra 2 km (LRP050)",link,N106,"Rangamati 20 km,Ghagra 2 km",1060,1060
2400,Information missing (LRP051),link,N106,Information missing,1060,1060
2401,"R161, Road to Bandarban (LRP051A)",link,N106,"R161, Road to Bandarban",1060,1060
2402,Box culvert (LRP051B),bridge,N106,Box culvert,1060,1060
2403,"Rangamati 18 km,Ghagra 0 km (LRP052)",link,N106,"Rangamati 18 km,Ghagra 0 km",1060,1060
2404,Box culvert (LRP052A),bridge,N106,Box culvert,1060,1060
2405,Box culvert (LRP052B),bridge,N106,Box culvert,1060,1060
2406,Rangamati 17 km (LRP053),link,N106,Rangamati 17 km,1060,1060
2407,Box culvert (LRP053A),bridge,N106,Box culvert,1060,1060
2408,Box culvert (LRP053B),bridge,N106,Box culvert,1060,1060
2409,Rangamati 16 km (LRP054),link,N106,Rangamati 16 km,1060,1060
2410,Box culvert (LRP054A),bridge,N106,Box culvert,1060,1060
2411,Box culvert (LRP054B),bridge,N106,Box culvert,1060,1060
2412,Box culvert (LRP054C),bridge,N106,Box culvert,1060,1060
2413,Box culvert (LRP054D),bridge,N106,Box culvert,1060,1060
2414,Box Culvert` (LRP054E),bridge,N106,Box Culvert`,1060,1060
2415,Information missing (LRP055),link,N106,Information missing,1060,1060
2416,Box culvert / Pipe Culvert (LRP055A),bridge,N106,Box culvert / Pipe Culvert,1060,1060
2417,Rangamati 14 km (LRP056),link,N106,Rangamati 14 km,1060,1060
2418,Box culvert (LRP056A),bridge,N106,Box culvert,1060,1060
2419,Rangamati 13 km (LRP057),link,N106,Rangamati 13 km,1060,1060
2420,Box culvert (LRP057A),bridge,N106,Box culvert,1060,1060
2421,Rangamati 12 km (LRP058),link,N106,Rangamati 12 km,1060,1060
2422,"Rangamati 11 km, Manikchan 1 km (LRP059)",link,N106,"Rangamati 11 km, Manikchan 1 km",1060,1060
2423,Bridge start (LRP059A),bridge,N106,Bridge start,1060,1060
2424,Bridge end (LRP059B),bridge,N106,Bridge end,1060,1060
2425,"R162, Road to Khagrachari (LRP059C)",link,N106,"R162, Road to Khagrachari",1060,1060
2430,Km post missing (LRP064),link,N106,Km post missing,1060,1060
2273,Box culvert (LRP015C),bridge,N106,Box culvert,1059,1059
2274,Km post missing (LRP016),link,N106,Km post missing,1059,1059
2275,Box Culvert (LRP016A),bridge,N106,Box Culvert,1059,1059
2276,Bridge start (LRP016B),bridge,N106,Bridge start,1059,1059
2277,Bridge end (LRP016C),bridge,N106,Bridge end,1059,1059
2278,"Rangamati 51 km,Raozan9 km (LRP017)",link,N106,"Rangamati 51 km,Raozan9 km",1059,1059
2279,Box culvert (LRP017A),bridge,N106,Box culvert,1059,1059
2280,Rangamati 50 km (LRP018),link,N106,Rangamati 50 km,1059,1059
2281,Bridge start (LRP018A),bridge,N106,Bridge start,1059,1059
2282,Bridge end (LRP018B),bridge,N106,Bridge end,1059,1059
2283,Box culvert (LRP018C),bridge,N106,Box culvert,1059,1059
2369,Ranga mati 30 km (LRP040),link,N106,Ranga mati 30 km,1059,1059
2370,Box culvert (LRP040A),bridge,N106,Box culvert,1059,1059
2371,Box culvert (LRP040B),bridge,N106,Box culvert,1059,1059
2372,Box culvert (LRP040C),bridge,N106,Box culvert,1059,1059
2373,Rangamati 29 km (LRP041),link,N106,Rangamati 29 km,1059,1059
2426,"Rangamati 10 km,Manikchhari  0 km (LRP060)",link,N106,"Rangamati 10 km,Manikchhari  0 km",1059,1059
2427,Km post missing (LRP061),link,N106,Km post missing,1059,1059
2428,Rangamati 8 km (LRP062),link,N106,Rangamati 8 km,1059,1059
2429,Rangamati 7 km (LRP063),link,N106,Rangamati 7 km,1059,1059
2234,Bridge start (LRP002B),bridge,N106,Bridge start,1058,1058
2235,Bridge end (LRP002C),bridge,N106,Bridge end,1058,1058
2236,Km post missing (LRP003),link,N106,Km post missing,1058,1058
2237,Box culvert (LRP003A),bridge,N106,Box culvert,1058,1058
2238,Box culvert (LRP003B),bridge,N106,Box culvert,1058,1058
2239,"Rangamati 64 km,Hathazari 8 km (LRP004)",link,N106,"Rangamati 64 km,Hathazari 8 km",1058,1058
2240,Box culvert (LRP004A),bridge,N106,Box culvert,1058,1058
2269,Bridge end (LRP014B),bridge,N106,Bridge end,1058,1058
2270,"Rangamati 53 km,Raozan 11 km (LRP015)",link,N106,"Rangamati 53 km,Raozan 11 km",1058,1058
2271,Bridge start (LRP015A),bridge,N106,Bridge start,1058,1058
2272,Bridge end (LRP015B),bridge,N106,Bridge end,1058,1058
2284,Km post missing (LRP019),link,N106,Km post missing,1058,1058
2285,Box culvert (LRP019A),bridge,N106,Box culvert,1058,1058
2286,Box Culvert (LRP019B),bridge,N106,Box Culvert,1058,1058
2287,Road to Fatikchari (LRP019C),link,N106,Road to Fatikchari,1058,1058
2288,"Rangamati 48 km,Raozan 6 km (LRP020)",link,N106,"Rangamati 48 km,Raozan 6 km",1058,1058
2289,Box culvert (LRP020A),bridge,N106,Box culvert,1058,1058
2290,Bridge start (LRP020B),bridge,N106,Bridge start,1058,1058
2291,Bridge end (LRP020C),bridge,N106,Bridge end,1058,1058
2292,"Rangamati 47 km,Raozan 5 km (LRP021)",link,N106,"Rangamati 47 km,Raozan 5 km",1058,1058
2293,Bridge start (LRP021A),bridge,N106,Bridge start,1058,1058
2294,Bridge end (LRP021B),bridge,N106,Bridge end,1058,1058
2295,"Rangamati 46 km,Raozan 4 km (LRP022)",link,N106,"Rangamati 46 km,Raozan 4 km",1058,1058
2296,Bridge start (LRP022A),bridge,N106,Bridge start,1058,1058
2297,Bridge end (LRP022B),bridge,N106,Bridge end,1058,1058
2298,Box culvert (LRP022C),bridge,N106,Box culvert,1058,1058
2299,Km post missing (LRP023),link,N106,Km post missing,1058,1058
2300,Box culvert (LRP023A),bridge,N106,Box culvert,1058,1058
2226,Box culvert (LRPSA),bridge,N106,Box culvert,1057,1057
2227,Box culvert (LRPSB),bridge,N106,Box culvert,1057,1057
2228,Box culvert (LRPSC),bridge,N106,Box culvert,1057,1057
2229,Km post missing (LRP001),link,N106,Km post missing,1057,1057
2230,Slab culvert (LRP001A),bridge,N106,Slab culvert,1057,1057
2231,Box culvert (LRP001B),bridge,N106,Box culvert,1057,1057
2232,Km post missing (LRP002),link,N106,Km post missing,1057,1057
2233,Box culvert (LRP002A),bridge,N106,Box culvert,1057,1057
2241,Box Culvert (LRP004C),bridge,N106,Box Culvert,1057,1057
2242,Km post missing (LRP005),link,N106,Km post missing,1057,1057
2243,Box culvert (LRP005A),bridge,N106,Box culvert,1057,1057
2244,Box culvert (LRP005B),bridge,N106,Box culvert,1057,1057
2245,Information missing (LRP006),link,N106,Information missing,1057,1057
2246,Box culvert (LRP006A),bridge,N106,Box culvert,1057,1057
2247,Box culvert (LRP006B),bridge,N106,Box culvert,1057,1057
2248,Km post missing (LRP007),link,N106,Km post missing,1057,1057
2249,Box culvert (LRP007A),bridge,N106,Box culvert,1057,1057
2250,Box culvert (LRP007B),bridge,N106,Box culvert,1057,1057
2251,Box culvert (LRP007C),bridge,N106,Box culvert,1057,1057
2252,Km post missing (LRP008),link,N106,Km post missing,1057,1057
2253,Box culvert (LRP008A),bridge,N106,Box culvert,1057,1057
2254,Bridge start (LRP008B),bridge,N106,Bridge start,1057,1057
2255,Bridge end (LRP008C),bridge,N106,Bridge end,1057,1057
2256,Km post missing (LRP009),link,N106,Km post missing,1057,1057
2257,Box culvert (LRP009A),bridge,N106,Box culvert,1057,1057
2258,Information missing (LRP010),link,N106,Information missing,1057,1057
2259,Km post missing (LRP011),link,N106,Km post missing,1057,1057
2260,Box culvert (LRP011A),bridge,N106,Box culvert,1057,1057
2261,Bridge start (LRP011B),bridge,N106,Bridge start,1057,1057
2262,Km post missing (LRP012),link,N106,Km post missing,1057,1057
2263,"R160, Khagrachari Road (LRP012A)",link,N106,"R160, Khagrachari Road",1057,1057
2264,"Rangamati 55 km,Raozan 13 km (LRP013)",link,N106,"Rangamati 55 km,Raozan 13 km",1057,1057
2265,Box culvert (LRP013A),bridge,N106,Box culvert,1057,1057
2266,Box culvert (LRP013B),bridge,N106,Box culvert,1057,1057
2267,"Rangamati 54 km, Raozan 12 km (LRP014)",link,N106,"Rangamati 54 km, Raozan 12 km",1057,1057
2268,Bridge start (LRP014A),bridge,N106,Bridge start,1057,1057
2301,Box culvert (LRP023B),bridge,N106,Box culvert,1057,1057
2302,Bridge start (LRP023C),bridge,N106,Bridge start,1057,1057
2303,Bridge end (LRP023D),bridge,N106,Bridge end,1057,1057
2304,Bridge start (LRP023E),bridge,N106,Bridge start,1057,1057
2305,Bridge end (LRP023F),bridge,N106,Bridge end,1057,1057
2306,Rangamati 44 km (LRP024),link,N106,Rangamati 44 km,1057,1057
2307,Box culvert (LRP024A),bridge,N106,Box culvert,1057,1057
2308,Road to Jalepara (LRP024B),link,N106,Road to Jalepara,1057,1057
2309,"Rangamati 43 km,Raozan 0 km (LRP025)",link,N106,"Rangamati 43 km,Raozan 0 km",1057,1057
2310,Road to Brahmanchari (LRP025A),link,N106,Road to Brahmanchari,1057,1057
2311,Box culvert (LRP025B),bridge,N106,Box culvert,1057,1057
2313,Road to Katakhali (LRP025D),link,N106,Road to Katakhali,1057,1057
2314,Rangamati 42 km (LRP026),link,N106,Rangamati 42 km,1057,1057
2315,Box culvert (LRP026A),bridge,N106,Box culvert,1057,1057
2316,Box culvert (LRP026B),bridge,N106,Box culvert,1057,1057
2317,Box culvert (LRP026C),bridge,N106,Box culvert,1057,1057
2318,"Rangamati 42 km,Betbunia10 km (LRP027)",link,N106,"Rangamati 42 km,Betbunia10 km",1057,1057
2319,Box culvert (LRP027A),bridge,N106,Box culvert,1057,1057
2320,"Rangamati 41 km,Betbunia 9 km (LRP028)",link,N106,"Rangamati 41 km,Betbunia 9 km",1057,1057
2321,"Rangamati 40 km,Betbunia 8 km (LRP029)",link,N106,"Rangamati 40 km,Betbunia 8 km",1057,1057
2322,"Rangamati 39 km,Betbunia 7 km (LRP030)",link,N106,"Rangamati 39 km,Betbunia 7 km",1057,1057
2323,Bridge start (LRP030A),bridge,N106,Bridge start,1057,1057
2324,Bridge end (LRP030B),bridge,N106,Bridge end,1057,1057
2325,"Rangamati 38 km,Betbunia 6 km (LRP031)",link,N106,"Rangamati 38 km,Betbunia 6 km",1057,1057
2326,Box Culvert (LRP031A),bridge,N106,Box Culvert,1057,1057
2327,"Rangamati 37 km,Betbunia 5 km (LRP032)",link,N106,"Rangamati 37 km,Betbunia 5 km",1057,1057
2328,Box culvert (LRP032A),bridge,N106,Box culvert,1057,1057
2329,Start of Rangamati road Division / Start of Rangamati road Division (LRP032B),link,N106,Start of Rangamati road Division / Start of Rangamati road Division,1057,1057
2330,Bridge start (LRP032C),bridge,N106,Bridge start,1057,1057
2331,Bridge end (LRP032D),bridge,N106,Bridge end,1057,1057
2332,Km post missing (LRP033),link,N106,Km post missing,1057,1057
2333,Box Culvert (LRP033A),bridge,N106,Box Culvert,1057,1057
2334,Box Culvert (LRP033B),bridge,N106,Box Culvert,1057,1057
2335,"Rangamati 36 km,Betbunia 4 km (LRP034)",link,N106,"Rangamati 36 km,Betbunia 4 km",1057,1057
2336,Box Culvert (LRP034A),bridge,N106,Box Culvert,1057,1057
2337,Box Culvert (LRP034B),bridge,N106,Box Culvert,1057,1057
2338,Box Culvert (LRP034C),bridge,N106,Box Culvert,1057,1057
2339,Box Culvert (LRP034D),bridge,N106,Box Culvert,1057,1057
2340,Box Culvert (LRP034E),bridge,N106,Box Culvert,1057,1057
2341,Box Culvert (LRP034F),bridge,N106,Box Culvert,1057,1057
2342,"Rangamati 35 km, Betbunia 3 km (LRP035)",link,N106,"Rangamati 35 km, Betbunia 3 km",1057,1057
2343,Box Culvert (LRP035A),bridge,N106,Box Culvert,1057,1057
2344,Box Culvert (LRP035B),bridge,N106,Box Culvert,1057,1057
2345,Box Culvert (LRP035C),bridge,N106,Box Culvert,1057,1057
2346,Box Culvert (LRP035D),bridge,N106,Box Culvert,1057,1057
2347,Box Culvert (LRP035E),bridge,N106,Box Culvert,1057,1057
2348,"Rangamati 34 km, Betbunia 2 km (LRP036)",link,N106,"Rangamati 34 km, Betbunia 2 km",1057,1057
2349,Box Culvert (LRP036A),bridge,N106,Box Culvert,1057,1057
2350,Box Culvert (LRP036B),bridge,N106,Box Culvert,1057,1057
2351,Box Culvert (LRP036C),bridge,N106,Box Culvert,1057,1057
2352,Box Culvert (LRP036D),bridge,N106,Box Culvert,1057,1057
2353,Box Culvert (LRP036E),bridge,N106,Box Culvert,1057,1057
2354,Box Culvert (LRP036F),bridge,N106,Box Culvert,1057,1057
2355,Box Culvert (LRP036G),bridge,N106,Box Culvert,1057,1057
2356,"Rangamati 34 km, Betbunia 1 km (LRP037)",link,N106,"Rangamati 34 km, Betbunia 1 km",1057,1057
2357,Box Culvert (LRP037A),bridge,N106,Box Culvert,1057,1057
2358,Box Culvert (LRP037B),bridge,N106,Box Culvert,1057,1057
2359,Box Culvert (LRP037C),bridge,N106,Box Culvert,1057,1057
2360,Km post missing (LRP038),link,N106,Km post missing,1057,1057
2361,Box Culvert (LRP038A),bridge,N106,Box Culvert,1057,1057
2362,Box Culvert (LRP038B),bridge,N106,Box Culvert,1057,1057
2363,Rangamati 31 km (LRP039),link,N106,Rangamati 31 km,1057,1057
2364,Box Culvert (LRP039A),bridge,N106,Box Culvert,1057,1057
2365,Box Culvert (LRP039B),bridge,N106,Box Culvert,1057,1057
2366,Road from Kawakhali (LRP039C),link,N106,Road from Kawakhali,1057,1057
2367,Bridge start (LRP039D),bridge,N106,Bridge start,1057,1057
2312,Box Culvert (LRP025C),bridge,N106,Box Culvert,1056,1056
2979,Sylhet 13 km (LRP048),link,N208,Sylhet 13 km,734,734
2980,Km post missing (LRP049),link,N208,Km post missing,734,734
2981,Bridge start (LRP049A),bridge,N208,Bridge start,734,734
2982,Bridge end (LRP049B),bridge,N208,Bridge end,734,734
2983,Km post missing (LRP050),link,N208,Km post missing,734,734
2984,Km post missing (LRP051),link,N208,Km post missing,734,734
2985,Sylhet 9 km (LRP052),link,N208,Sylhet 9 km,734,734
2986,Box culvert (LRP052A),bridge,N208,Box culvert,734,734
2987,"Z2832,Daudabad-Vdeshwar road (LRP052B)",link,N208,"Z2832,Daudabad-Vdeshwar road",734,734
2950,Bridge end (LRP036B),bridge,N208,Bridge end,733,733
2951,Km post missing (LRP037),link,N208,Km post missing,733,733
2952,Box culvert (LRP037A),bridge,N208,Box culvert,733,733
2953,Km post missing (LRP038),link,N208,Km post missing,733,733
2954,Bridge start (LRP038A),bridge,N208,Bridge start,733,733
2955,Bridge end (LRP038B),bridge,N208,Bridge end,733,733
2956,Km post missing (LRP039),link,N208,Km post missing,733,733
2957,Rail Road Crossing (LRP039A),link,N208,Rail Road Crossing,733,733
2958,Sylhet 21 km (LRP040),link,N208,Sylhet 21 km,733,733
2959,Box culvert (LRP040A),bridge,N208,Box culvert,733,733
2960,Sylhet 20 km (LRP041),link,N208,Sylhet 20 km,733,733
2961,Bridge start (LRP041A),bridge,N208,Bridge start,733,733
2962,Km post missing / Bridge end (LRP042),bridge,N208,Km post missing / Bridge end,733,733
2963,Box culvert (LRP042B),bridge,N208,Box culvert,733,733
2964,Km post missing (LRP043),link,N208,Km post missing,733,733
2965,Box culvert (LRP043A),bridge,N208,Box culvert,733,733
2966,Bridge start (LRP043B),bridge,N208,Bridge start,733,733
2967,Bridge end (LRP043C),bridge,N208,Bridge end,733,733
2968,Sylhet 17 km (LRP044),link,N208,Sylhet 17 km,733,733
2969,Km post broken (LRP045),link,N208,Km post broken,733,733
2970,Bridge start (LRP045A),bridge,N208,Bridge start,733,733
2971,Bridge end (LRP045B),bridge,N208,Bridge end,733,733
2972,Km post missing (LRP046),link,N208,Km post missing,733,733
2973,Bridge start (LRP046A),bridge,N208,Bridge start,733,733
2974,Bridge end (LRP046B),bridge,N208,Bridge end,733,733
2975,Km post missing (LRP047),link,N208,Km post missing,733,733
2976,Box culvert (LRP047A),bridge,N208,Box culvert,733,733
2977,Bridge start (LRP047B),bridge,N208,Bridge start,733,733
2978,Bridge end (LRP047C),bridge,N208,Bridge end,733,733
2988,Sylhet 8 km (LRP053),link,N208,Sylhet 8 km,733,733
2989,Bridge start (LRP053A),bridge,N208,Bridge start,733,733
2990,Bridge end (LRP053B),bridge,N208,Bridge end,733,733
2991,Sylhet 7 km (LRP054),link,N208,Sylhet 7 km,733,733
2992,"N210, Sylhet Bypass road (LRP054A)",link,N208,"N210, Sylhet Bypass road",733,733
2993,Sylhet 8 km (LRP055),link,N208,Sylhet 8 km,733,733
2994,Sylhet 7 km (LRP056),link,N208,Sylhet 7 km,733,733
2995,Box culvert (LRP056A),bridge,N208,Box culvert,733,733
2996,Sylhet 6 km (LRP057),link,N208,Sylhet 6 km,733,733
2997,Sylhet 5 km (LRP058),link,N208,Sylhet 5 km,733,733
2894,Box culvert (LRP024B),bridge,N208,Box culvert,731,731
2895,Sylhet 38 km (LRP025),link,N208,Sylhet 38 km,731,731
2896,Box culvert (LRP025A),bridge,N208,Box culvert,731,731
2897,Bridge start (LRP025B),bridge,N208,Bridge start,731,731
2898,Bridge end (LRP025C),bridge,N208,Bridge end,731,731
2899,Box culvert (LRP025D),bridge,N208,Box culvert,731,731
2900,Sylhet 37 km (LRP026),link,N208,Sylhet 37 km,731,731
2901,Box culvert (LRP026A),bridge,N208,Box culvert,731,731
2902,Box culvert (LRP026B),bridge,N208,Box culvert,731,731
2903,Sylhet 36 km (LRP027),link,N208,Sylhet 36 km,731,731
2904,Bridge start (LRP027A),bridge,N208,Bridge start,731,731
2905,Bridge end (LRP027B),bridge,N208,Bridge end,731,731
2906,Box culvert (LRP027C),bridge,N208,Box culvert,731,731
2907,Box culvert (LRP027D),bridge,N208,Box culvert,731,731
2908,Box culvert (LRP027E),bridge,N208,Box culvert,731,731
2909,Box culvert (LRP027F),bridge,N208,Box culvert,731,731
2910,Sylhet 35 km (LRP028),link,N208,Sylhet 35 km,731,731
2911,Box culvert (LRP028A),bridge,N208,Box culvert,731,731
2912,Box culvert (LRP028B),bridge,N208,Box culvert,731,731
2913,Box culvert (LRP028C),bridge,N208,Box culvert,731,731
2914,Sylhet 34 km (LRP029),link,N208,Sylhet 34 km,731,731
2915,Box culvert (LRP029A),bridge,N208,Box culvert,731,731
2916,Box culvert (LRP029B),bridge,N208,Box culvert,731,731
2917,Bridge start (LRP029C),bridge,N208,Bridge start,731,731
2918,Bridge end (LRP029D),bridge,N208,Bridge end,731,731
2919,Sylhet 33 km (LRP030),link,N208,Sylhet 33 km,731,731
2920,Box culvert (LRP030A),bridge,N208,Box culvert,731,731
2921,Box culvert (LRP030B),bridge,N208,Box culvert,731,731
2922,Box culvert (LRP030C),bridge,N208,Box culvert,731,731
2923,Km post missing (LRP031),link,N208,Km post missing,731,731
2924,Box culvert (LRP031A),bridge,N208,Box culvert,731,731
2925,Box culvert (LRP031B),bridge,N208,Box culvert,731,731
2926,Box culvert (LRP031C),bridge,N208,Box culvert,731,731
2927,Info.Missing (LRP032),link,N208,Info.Missing,731,731
2928,Box culvert (LRP032A),bridge,N208,Box culvert,731,731
2929,Box Culvert (LRP032B),bridge,N208,Box Culvert,731,731
2930,Z2020 to Palbari (LRP032C),link,N208,Z2020 to Palbari,731,731
2931,Bridge start (LRP032D),bridge,N208,Bridge start,731,731
2932,Bridge end (LRP032E),bridge,N208,Bridge end,731,731
2933,Sylhet 30 km (LRP033),link,N208,Sylhet 30 km,731,731
2934,Box culvert (LRP033A),bridge,N208,Box culvert,731,731
2935,Box culvert (LRP033B),bridge,N208,Box culvert,731,731
2936,Sylhet 29 km (LRP034),link,N208,Sylhet 29 km,731,731
2937,Box culvert (LRP034A),bridge,N208,Box culvert,731,731
2938,Box culvert (LRP034B),bridge,N208,Box culvert,731,731
2939,Box culvert (LRP034C),bridge,N208,Box culvert,731,731
2940,Box culvert (LRP034D),bridge,N208,Box culvert,731,731
2941,Sylhet 28 km (LRP035),link,N208,Sylhet 28 km,731,731
2942,Box culvert (LRP035A),bridge,N208,Box culvert,731,731
2943,Box culvert (LRP035B),bridge,N208,Box culvert,731,731
2944,Box culvert (LRP035C),bridge,N208,Box culvert,731,731
2945,Box culvert (LRP035D),bridge,N208,Box culvert,731,731
2946,Box Culvert (LRP035E),bridge,N208,Box Culvert,731,731
2947,Z2020 to Palbari (LRP035F),link,N208,Z2020 to Palbari,731,731
2948,Km post missing (LRP036),link,N208,Km post missing,731,731
2949,Bridge start (LRP036A),bridge,N208,Bridge start,731,731
2874,Bridge end (LRP019B),bridge,N208,Bridge end,730,730
2875,Sylhet 43 km (LRP020),link,N208,Sylhet 43 km,730,730
2876,Bridge start (LRP020A),bridge,N208,Bridge start,730,730
2877,Bridge END (LRP020B),bridge,N208,Bridge END,730,730
2878,Box culvert (LRP020C),bridge,N208,Box culvert,730,730
2879,Box culvert (LRP020D),bridge,N208,Box culvert,730,730
2880,Sylhet 42 km (LRP021),link,N208,Sylhet 42 km,730,730
2881,Box culvert (LRP021A),bridge,N208,Box culvert,730,730
2882,Box Culvert (LRP021B),bridge,N208,Box Culvert,730,730
2883,Sylhet 41 km (LRP022),link,N208,Sylhet 41 km,730,730
2884,Box culvert (LRP022A),bridge,N208,Box culvert,730,730
2885,Box culvert (LRP022B),bridge,N208,Box culvert,730,730
2886,Box Culvert (LRP022C),bridge,N208,Box Culvert,730,730
2887,Sylhet 40 km (LRP023),link,N208,Sylhet 40 km,730,730
2888,Box culvert (LRP023A),bridge,N208,Box culvert,730,730
2889,Box culvert (LRP023B),bridge,N208,Box culvert,730,730
2890,Box culvert (LRP023C),bridge,N208,Box culvert,730,730
2891,Box Culvert (LRP023D),bridge,N208,Box Culvert,730,730
2892,Sylhet 39 km (LRP024),link,N208,Sylhet 39 km,730,730
2893,Box culvert (LRP024A),bridge,N208,Box culvert,730,730
2851,Km post missing (LRP011),link,N208,Km post missing,729,729
2852,Box culvert (LRP011A),bridge,N208,Box culvert,729,729
2853,Box culvert (LRP011B),bridge,N208,Box culvert,729,729
2854,Information missing (LRP012),link,N208,Information missing,729,729
2855,Box culvert (LRP012A),bridge,N208,Box culvert,729,729
2856,Km post missing (LRP013),link,N208,Km post missing,729,729
2857,Box culvert (LRP013A),bridge,N208,Box culvert,729,729
2858,"R281,Rajnagar-Charkhai road (LRP013B)",link,N208,"R281,Rajnagar-Charkhai road",729,729
2859,Box Culvert (LRP013C),bridge,N208,Box Culvert,729,729
2860,Km post missing (LRP014),link,N208,Km post missing,729,729
2861,Box culvert (LRP014A),bridge,N208,Box culvert,729,729
2862,Sylhet 48 km (LRP015),link,N208,Sylhet 48 km,729,729
2863,Box culvert (LRP015A),bridge,N208,Box culvert,729,729
2864,Sylhet 47 km (LRP016),link,N208,Sylhet 47 km,729,729
2865,Box culvert (LRP016A),bridge,N208,Box culvert,729,729
2866,Box culvert (LRP016B),bridge,N208,Box culvert,729,729
2867,Sylhet 46 km (LRP017),link,N208,Sylhet 46 km,729,729
2868,Box culvert (LRP017A),bridge,N208,Box culvert,729,729
2869,Box culvert (LRP017B),bridge,N208,Box culvert,729,729
2870,Sylhet 45 km (LRP018),link,N208,Sylhet 45 km,729,729
2871,Box culvert (LRP018A),bridge,N208,Box culvert,729,729
2872,Sylhet 44 km (LRP019),link,N208,Sylhet 44 km,729,729
2873,Bridge start (LRP019A),bridge,N208,Bridge start,729,729
2823,Km post missing (LRP001),link,N208,Km post missing,728,728
2824,Box culvert (LRP001A),bridge,N208,Box culvert,728,728
2825,Box Culvert (LRP001B),bridge,N208,Box Culvert,728,728
2826,Km post missing (LRP002),link,N208,Km post missing,728,728
2827,Bridge start (LRP002A),bridge,N208,Bridge start,728,728
2828,Bridge end (LRP002B),bridge,N208,Bridge end,728,728
2829,Km post missing (LRP003),link,N208,Km post missing,728,728
2830,"Z2002,Moulavibazar-Chatla Cheek post road (LRP003A)",link,N208,"Z2002,Moulavibazar-Chatla Cheek post road",728,728
2831,Bridge start (LRP003B),bridge,N208,Bridge start,728,728
2832,Bridge end (LRP003C),bridge,N208,Bridge end,728,728
2833,Km post missing (LRP004),link,N208,Km post missing,728,728
2834,Box culvert (LRP004A),bridge,N208,Box culvert,728,728
2835,Km post missing (LRP005),link,N208,Km post missing,728,728
2836,Box culvert (LRP005A),bridge,N208,Box culvert,728,728
2837,Box culvert (LRP005B),bridge,N208,Box culvert,728,728
2838,Information missing (LRP006),link,N208,Information missing,728,728
2839,Box culvert (LRP006A),bridge,N208,Box culvert,728,728
2840,Km post missing (LRP007),link,N208,Km post missing,728,728
2841,Box culvert (LRP007A),bridge,N208,Box culvert,728,728
2842,Box culvert (LRP007B),bridge,N208,Box culvert,728,728
2843,Km post missing (LRP008),link,N208,Km post missing,728,728
2844,Box culvert (LRP008A),bridge,N208,Box culvert,728,728
2845,Km post missing (LRP009),link,N208,Km post missing,728,728
2846,Bridge start (LRP009A),bridge,N208,Bridge start,728,728
2847,Bridge end (LRP009B),bridge,N208,Bridge end,728,728
2848,Information missing (LRP010),link,N208,Information missing,728,728
2849,Box culvert (LRP010A),bridge,N208,Box culvert,728,728
2850,Box culvert (LRP010B),bridge,N208,Box culvert,728,728
