truck_id,source_id,sink_id,generated_at_step,removed_at_step,total_driving_time
Truck466628,2656,3331,15,21,6
Truck466638,3122,1339,20,26,6
Truck466614,0,3122,15,31,16
Truck466572,3239,2655,0,39,39
Truck466575,2821,2998,0,46,46
Truck466608,3239,2436,10,49,39
Truck466704,0,1339,40,52,12
Truck466626,3239,2225,15,54,39
Truck466644,3239,3121,20,59,39
Truck466565,3121,2999,0,62,62
Truck466740,0,1339,50,62,12
Truck466564,2999,3121,0,63,63
Truck466768,1339,0,55,67,12
Truck466680,3239,2225,30,69,39
Truck466573,3331,2655,0,70,70
Truck466764,3122,0,55,71,16
Truck466629,2821,2656,15,72,57
Truck466591,3331,2436,5,75,70
Truck466621,3238,3122,15,75,60
Truck466574,2656,1338,0,76,76
Truck466627,3331,2822,15,76,61
Truck466737,2821,2822,45,77,32
Truck466707,2655,3239,40,78,38
Truck466648,2822,2656,20,79,59
Truck466716,3239,3121,40,79,39
Truck466822,1339,0,70,82,12
Truck466734,3239,1338,45,84,39
Truck466610,2656,2436,10,86,76
Truck466683,2821,2656,30,87,57
Truck466666,2822,3331,25,89,64
Truck466645,3331,2999,20,90,70
Truck466681,3331,2821,30,92,62
Truck466693,3238,1339,35,94,59
Truck466770,3239,2225,55,94,39
Truck466653,2655,3331,25,95,70
Truck466657,3238,0,25,95,70
Truck466663,3331,1338,25,95,70
Truck466650,0,3238,25,96,71
Truck466890,3122,1339,90,96,6
Truck466692,3122,3238,35,97,62
Truck466598,2437,3122,10,98,88
Truck466810,2822,2821,65,98,33
Truck466668,0,3238,30,101,71
Truck466719,2821,3331,40,102,62
Truck466825,3331,3239,70,102,32
Truck466616,2437,3122,15,103,88
Truck466806,3239,2656,65,103,38
Truck466562,2437,2656,0,104,104
Truck466611,2821,3239,10,104,94
Truck466699,3331,3121,35,105,70
Truck466682,2656,2999,30,106,76
Truck466577,2998,3331,0,108,108
Truck466652,2437,2999,25,108,83
Truck466566,3122,2655,0,110,110
Truck466717,3331,3121,40,110,70
Truck466700,2656,2436,35,111,76
Truck466642,1339,2437,20,112,92
Truck466658,2225,2436,25,112,87
Truck466588,1339,2655,5,113,108
Truck466595,2998,3331,5,113,108
Truck466833,2655,3239,75,113,38
Truck466860,3239,3331,80,113,33
Truck466842,3239,2999,75,114,39
Truck466729,3238,0,45,115,70
Truck466735,3331,2436,45,115,70
Truck466756,2822,3331,50,115,65
Truck466718,2656,2225,40,116,76
Truck466926,3122,0,100,116,16
Truck466773,2821,3331,55,117,62
Truck466791,2821,2656,60,117,57
Truck466662,3239,2822,25,121,96
Truck466736,2656,2655,45,121,76
Truck466757,2998,2822,50,121,71
Truck466956,0,1339,110,122,12
Truck466634,2437,0,20,123,103
Truck466774,2822,2224,55,127,72
Truck466915,3331,3239,95,127,32
Truck466819,3238,1339,70,129,59
Truck466576,2822,2999,0,132,132
Truck466714,1339,2437,40,132,92
Truck466827,2821,3331,70,132,62
Truck466933,3331,3239,100,132,32
Truck466671,2655,2437,30,133,103
Truck466828,2822,3331,70,134,64
Truck467038,1339,3122,130,134,4
Truck466807,3331,2999,65,135,70
Truck466581,2655,2821,5,137,132
Truck466593,2821,2436,5,137,132
Truck466594,2822,3121,5,138,133
Truck466688,2437,2822,35,139,104
Truck466932,3239,2225,100,139,39
Truck467056,1339,3122,135,139,4
Truck466612,2822,2655,10,142,132
Truck466854,3122,3238,80,142,62
Truck466881,2821,2656,85,142,57
Truck466721,2998,2656,40,143,103
Truck466778,2437,2999,60,143,83
Truck466706,2437,3331,40,144,104
Truck466755,2821,3239,50,144,94
Truck466950,3239,2225,105,144,39
Truck466580,2437,3121,5,146,141
Truck466826,2656,2437,70,146,76
Truck466871,3121,2999,85,147,62
Truck466630,2822,2225,15,149,134
Truck466724,2437,2998,45,149,104
Truck466841,2224,2822,75,149,74
Truck466968,3239,2999,110,149,39
Truck466710,3122,2655,40,150,110
Truck466861,3331,2999,80,150,70
Truck466844,2656,2655,75,151,76
Truck466848,0,3238,80,151,71
Truck467046,0,3122,135,151,16
Truck467095,3331,2656,145,151,6
Truck466635,2655,2822,20,152,132
Truck466647,2821,2225,20,152,132
Truck466590,3239,3122,5,153,148
Truck466742,2437,2821,50,154,104
Truck466986,3239,2225,115,154,39
Truck466879,3331,2225,85,155,70
Truck466973,2998,2821,110,156,46
Truck466665,2821,2436,25,157,132
Truck466934,2656,2822,100,157,57
Truck466603,3238,2437,10,158,148
Truck466761,2655,2437,55,158,103
Truck466760,2437,2224,55,159,104
Truck466624,1339,3239,15,161,146
Truck466637,3121,2437,20,161,141
Truck466880,2656,2225,85,161,76
Truck466900,2822,2224,90,162,72
Truck466776,0,2437,60,163,103
Truck467044,2822,2821,130,163,33
Truck466898,2656,2655,90,166,76
Truck467009,2998,2821,120,166,46
Truck466730,2225,2999,45,167,122
Truck466796,2437,3331,65,169,104
Truck467040,3239,2225,130,169,39
Truck466916,2656,2436,95,171,76
Truck466814,2437,0,70,173,103
Truck466829,2998,2656,70,173,103
Truck467060,2656,3239,135,173,38
Truck467080,2822,2821,140,173,33
Truck467058,3239,2437,135,174,39
Truck466703,2998,3239,35,175,140
Truck466951,3331,2999,105,175,70
Truck467006,2656,2821,120,177,57
Truck466570,1339,3331,0,178,178
Truck466738,2822,2999,45,178,133
Truck467098,2822,2821,145,178,33
Truck466999,3238,1339,120,179,59
Truck466969,3331,2437,110,180,70
Truck466725,2655,3238,45,183,138
Truck466739,2998,3239,45,185,140
Truck466981,3238,0,115,185,70
Truck466727,3121,2437,45,186,141
Truck466970,2656,3121,110,186,76
Truck467178,3122,0,170,186,16
Truck467221,3331,2656,180,186,6
Truck466589,2224,3331,5,187,182
Truck467131,3331,3239,155,187,32
Truck466592,2656,1339,5,188,183
Truck466613,2998,2999,10,188,178
Truck466858,1339,2655,80,188,108
Truck467103,2655,3239,150,188,38
Truck467114,2656,3239,150,188,38
Truck467130,3239,3331,155,188,33
Truck466732,1339,3239,45,191,146
Truck466946,2225,2436,105,191,86
Truck466947,2436,2225,105,191,86
Truck466792,2822,2655,60,192,132
Truck467043,2821,3331,130,192,62
Truck467151,2821,2822,160,192,32
Truck466765,3238,2655,55,193,138
Truck466883,2998,3331,85,193,108
Truck466622,2225,3121,15,194,179
Truck466775,2998,3239,55,195,140
Truck466995,2655,2656,120,195,75
Truck466600,2999,2998,10,196,186
Truck466646,2656,2224,20,196,176
Truck466752,3239,1339,50,196,146
Truck467027,2998,2822,125,196,71
Truck467214,3122,0,180,196,16
Truck466809,2821,2225,65,197,132
Truck467078,2656,2821,140,197,57
Truck466609,3331,0,10,198,188
Truck467139,2655,3239,160,198,38
Truck467013,2655,2656,125,200,75
Truck466672,2999,3122,30,201,171
Truck467024,2656,2999,125,201,76
Truck467268,3122,1339,195,201,6
Truck466852,2999,2225,80,202,122
Truck466958,2437,1339,110,202,92
Truck467077,3331,2821,140,202,62
Truck466797,2655,3238,65,203,138
Truck466912,1339,2655,95,203,108
Truck466922,2437,3331,100,204,104
Truck466980,3122,2437,115,204,89
Truck467089,3238,1339,145,204,59
Truck467290,1339,3122,200,204,4
Truck466908,3122,2655,95,205,110
Truck467053,3238,0,135,205,70
Truck466636,2999,3331,20,206,186
Truck466786,1339,3239,60,206,146
Truck467286,3122,1339,200,206,6
Truck466846,2822,2436,75,207,132
Truck466685,2998,1338,30,208,178
Truck466955,2998,2656,105,208,103
Truck466998,3122,2437,120,209,89
Truck467019,2436,2225,125,210,85
Truck466582,2999,2436,5,211,206
Truck466654,2999,3239,25,211,186
Truck466863,2821,2655,80,212,132
Truck466585,3238,3331,5,213,208
Truck467030,2437,2999,130,213,83
Truck467202,3239,2656,175,213,38
Truck466847,2998,3239,75,215,140
Truck466913,2224,2821,95,215,120
Truck466788,3239,0,60,217,157
Truck467239,3331,3239,185,217,32
Truck466851,2655,3238,80,218,138
Truck466959,2655,3122,110,219,109
Truck467220,3239,2999,180,219,39
Truck466689,2655,2999,35,221,186
Truck467054,2225,2436,135,221,86
Truck467096,2656,1338,145,221,76
Truck466899,2821,2225,90,222,132
Truck466750,1339,2999,50,224,174
Truck466941,2655,0,105,224,119
Truck467111,2224,2822,150,224,74
Truck467238,3239,2436,185,224,39
Truck467125,3238,0,155,225,70
Truck467152,2822,3331,160,225,65
Truck466708,2999,2224,40,226,186
Truck466868,2437,3121,85,226,141
Truck467223,2821,2998,180,226,46
Truck467316,0,3122,210,226,16
Truck467366,2656,3331,220,226,6
Truck466824,3239,0,70,227,157
Truck466917,2821,2655,95,227,132
Truck467275,3331,3239,195,227,32
Truck466743,2655,2998,50,228,178
Truck466812,0,3239,70,228,158
Truck466850,2437,3238,80,228,148
Truck466918,2822,2436,95,228,133
Truck467002,1339,2655,120,228,108
Truck467005,3331,2998,120,228,108
Truck467012,2437,0,125,228,103
Truck467256,3239,2225,190,229,39
Truck467149,3331,2437,160,230,70
Truck466769,2224,2656,55,231,176
Truck466780,2999,3122,60,231,171
Truck466935,2821,2225,100,232,132
Truck466936,2822,2999,100,232,132
Truck466873,3238,2437,85,233,148
Truck467028,0,2437,130,233,103
Truck467042,2656,2998,130,233,103
Truck467188,2822,3331,170,233,63
Truck466722,0,3331,45,234,189
Truck467147,2224,2822,160,234,74
Truck466790,2656,2224,60,236,176
Truck467150,2656,1338,160,236,76
Truck466789,3331,1339,60,237,177
Truck466953,2821,2225,105,237,132
Truck466664,2656,3238,25,238,213
Truck466954,2822,3121,105,238,133
Truck467120,2437,2999,155,238,83
Truck467194,2999,3121,175,238,63
Truck467203,3331,2822,175,238,63
Truck467106,3122,2437,150,239,89
Truck467292,3239,2436,200,239,39
Truck467094,3239,2822,145,240,95
Truck467185,3331,2655,170,240,70
Truck466762,2999,3239,55,241,186
Truck467412,3122,1339,235,241,6
Truck467420,2656,3331,235,241,6
Truck466690,2999,2436,35,242,207
Truck466878,3239,0,85,242,157
Truck466972,2822,3121,110,242,132
Truck466619,3121,3122,15,243,228
Truck466811,2998,1338,65,243,178
Truck466909,3238,2437,95,243,148
Truck466914,3239,3122,95,243,148
Truck467059,3331,2998,135,243,108
Truck467066,2437,3239,140,244,104
Truck467124,3122,2437,155,244,89
Truck466782,3122,2656,60,245,185
Truck467112,3239,2822,150,245,95
Truck467116,2822,3239,150,245,95
Truck466618,2999,3238,15,246,231
Truck466940,2437,3121,105,246,141
Truck467186,2656,3121,170,246,76
Truck467388,0,3122,230,246,16
Truck467437,3331,2656,240,246,6
Truck466584,3122,2821,5,247,242
Truck467206,2822,2998,175,247,72
Truck467416,1339,0,235,247,12
Truck466815,2655,2998,70,248,178
Truck467156,2437,2999,165,248,83
Truck467350,2822,2821,215,248,33
Truck466583,3121,2998,5,249,244
Truck466698,3239,2224,35,249,214
Truck466772,2656,0,55,249,194
Truck466808,2656,3122,65,249,184
Truck467328,3239,2999,210,249,39
Truck466748,2225,2437,50,250,200
Truck467134,2822,3239,155,250,95
Truck466563,2655,2224,0,251,251
Truck466726,2999,2436,45,251,206
Truck466731,2436,2999,45,251,206
Truck466961,3121,2437,110,251,141
Truck466602,3122,2821,10,252,242
Truck467007,2821,1338,120,252,132
Truck467250,3122,3238,190,252,62
Truck467257,3331,2822,190,252,62
Truck466843,3331,3122,75,253,178
Truck467008,2822,2999,120,253,133
Truck467102,2437,2655,150,254,104
Truck467219,2224,2998,180,254,74
Truck467470,1339,3122,250,254,4
Truck466578,0,2821,5,256,251
Truck466620,3122,2822,15,256,241
Truck466816,2999,2998,70,256,186
Truck467222,2656,2655,180,256,76
Truck467294,2656,2822,200,256,56
Truck466655,3121,1339,25,257,232
Truck467025,2821,1338,125,257,132
Truck467050,2999,2225,135,257,122
Truck466753,3331,3238,50,258,208
Truck466596,0,2822,10,260,250
Truck466794,0,2656,65,260,195
Truck467166,3239,2821,165,260,95
Truck466599,2655,2224,10,261,251
Truck466607,2224,2999,10,261,251
Truck466834,2999,0,75,261,186
Truck467312,2656,2821,205,262,57
Truck466754,2656,3238,50,263,213
Truck466771,3331,3238,55,263,208
Truck466862,2656,1339,80,263,183
Truck467210,2437,2999,180,263,83
Truck467085,2655,0,145,264,119
Truck467138,2437,2656,160,264,104
Truck467382,3239,2225,225,264,39
Truck466660,1339,2821,25,265,240
Truck466872,3122,3331,85,265,180
Truck466625,2224,3121,15,266,251
Truck467022,3239,2998,125,266,141
Truck467466,3122,0,250,266,16
Truck467061,2821,2655,135,267,132
Truck467216,2225,2436,180,267,87
Truck467311,3331,2822,205,267,62
Truck466894,1339,3331,90,268,178
Truck466901,2998,2655,90,268,178
Truck467031,2655,3238,130,268,138
Truck467062,2822,1338,135,268,133
Truck467157,2655,2437,165,268,103
Truck467400,3239,2436,230,269,39
Truck466678,1339,2821,30,270,240
Truck467293,3331,2655,200,270,70
Truck466643,2224,2437,20,271,251
Truck467478,0,3122,255,271,16
Truck467527,3331,2656,265,271,6
Truck467079,2821,2225,140,272,132
Truck466905,2655,2998,95,273,178
Truck467164,1339,2655,165,273,108
Truck467246,2437,2999,190,273,83
Truck466673,3121,3331,30,274,244
Truck467174,2437,2656,170,274,104
Truck466696,1339,2821,35,275,240
Truck467129,2224,2821,155,275,120
Truck466661,2224,2436,25,276,251
Truck466888,2999,2822,90,276,186
Truck467347,3331,2822,215,276,61
Truck466568,2225,1338,0,277,277
Truck467004,3239,0,120,277,157
Truck467097,2821,2999,145,277,132
Truck467122,2999,2225,155,277,122
Truck466897,3331,0,90,278,188
Truck466937,2998,2225,100,278,178
Truck467071,3238,2655,140,278,138
Truck467175,2655,1339,170,278,108
Truck467192,2437,0,175,278,103
Truck467309,2224,2998,205,279,74
Truck466720,2822,1339,40,280,240
Truck466679,2224,2225,30,281,251
Truck467332,2822,2224,210,282,72
Truck467200,1339,2655,175,283,108
Truck466709,3121,2224,40,284,244
Truck466944,3122,3331,105,285,180
Truck466697,2224,2225,35,286,251
Truck466924,2999,3331,100,286,186
Truck467289,2436,2225,200,286,86
Truck467330,2656,1338,210,286,76
Truck466604,2225,1338,10,287,277
Truck466702,2822,0,35,287,252
Truck466952,2656,1339,105,288,183
Truck467218,1339,2655,180,288,108
Truck467228,2437,2224,185,289,104
Truck466639,3238,2821,20,290,270
Truck466902,0,2656,95,290,195
Truck467274,3239,2821,195,290,95
Truck466715,2224,2437,40,291,251
Truck466942,2999,0,105,291,186
Truck466988,2656,2224,115,291,176
Truck466996,2999,3122,120,291,171
Truck467348,2656,2999,215,291,76
Truck467600,2656,3331,285,291,6
Truck466746,3122,2821,50,292,242
Truck467176,2999,2225,170,292,122
Truck467084,2437,3238,145,293,148
Truck467088,3122,3239,145,293,148
Truck466745,3121,2224,50,294,244
Truck466938,0,3331,105,294,189
Truck467229,2655,3122,185,294,109
Truck466910,2225,2437,95,295,200
Truck466586,2225,1339,5,296,291
Truck466798,2999,3238,65,296,231
Truck466960,2999,2998,110,296,186
Truck467617,3331,2656,290,296,6
Truck466560,0,2998,0,297,297
Truck467169,2821,2436,165,297,132
Truck466601,3121,3238,10,298,288
Truck467254,1339,2655,190,298,108
Truck467261,2998,3331,190,298,108
Truck467508,3239,2656,260,298,38
Truck466763,3121,2821,55,299,244
Truck467170,2822,2999,165,299,134
Truck467264,2437,2656,195,299,104
Truck466684,2822,3238,30,300,270
Truck466751,2224,2225,50,301,251
Truck466978,2999,2655,115,301,186
Truck467384,2656,2655,225,301,76
Truck466906,2999,2436,95,302,207
Truck467034,3122,2999,130,302,172
Truck467404,2822,2224,230,302,72
Truck467429,3121,2999,240,302,62
Truck467020,1339,3331,125,303,178
Truck467023,3331,3122,125,303,178
Truck466781,3121,2998,60,304,244
Truck466896,3239,2224,90,304,214
Truck467282,2437,2655,200,304,104
Truck467356,2999,2437,220,304,84
Truck467452,1339,3238,245,304,59
Truck467526,3239,1338,265,304,39
Truck466701,2821,3238,35,305,270
Truck467171,2998,3239,165,305,140
Truck467419,3331,2225,235,305,70
Truck466800,3122,2821,65,307,242
Truck467205,2821,2437,175,307,132
Truck467565,2821,2822,275,307,32
Truck467045,2998,2436,130,308,178
Truck467476,2822,2656,250,308,58
Truck467544,3239,2656,270,308,38
Truck466799,3121,2822,65,309,244
Truck467036,2225,3121,130,309,179
Truck467300,2437,2655,205,309,104
Truck466787,2224,2655,60,311,251
Truck467014,2999,3331,125,311,186
Truck467177,3121,2437,170,311,141
Truck467622,0,3122,295,311,16
Truck466656,3122,2998,25,312,287
Truck467041,3331,2224,130,312,182
Truck467252,2225,2999,190,312,122
Truck467354,2437,1339,220,312,92
Truck467362,1339,2437,220,312,92
Truck467492,2656,2822,255,312,57
Truck466817,3121,0,70,313,243
Truck466931,2224,3239,100,313,213
Truck467193,2655,3238,175,313,138
Truck467224,2822,2655,180,313,133
Truck467564,2656,3239,275,313,38
Truck466840,1339,2822,75,314,239
Truck467318,2437,3239,210,314,104
Truck467485,3238,1339,255,314,59
Truck466992,0,2656,120,315,195
Truck467455,3331,2437,245,315,70
Truck466805,2224,2436,65,316,251
Truck466870,2999,3238,85,316,231
Truck467032,2999,2224,130,316,186
Truck467438,2656,2436,240,316,76
Truck467547,2821,2998,270,316,46
Truck467076,3239,3238,140,317,177
Truck466675,3238,3121,30,318,288
Truck467067,2655,2998,140,318,178
Truck467242,2822,2436,185,318,133
Truck466835,3121,2821,75,319,244
Truck466864,2822,1339,80,319,239
Truck467336,2437,2655,215,319,104
Truck467453,2224,2998,245,319,74
Truck467580,3239,1338,280,319,39
Truck467086,2999,1339,145,320,175
Truck466823,2224,1338,70,321,251
Truck467247,2655,2822,190,321,131
Truck467477,2998,2822,250,321,71
Truck467259,2821,3121,190,322,132
Truck466640,2225,3331,20,323,303
Truck466853,3121,0,80,323,243
Truck466987,3331,3238,115,323,208
Truck467233,3238,2655,185,323,138
Truck467351,2998,3331,215,323,108
Truck466845,2821,0,75,325,250
Truck467481,2655,3331,255,325,70
Truck467491,3331,1338,255,325,70
Truck467064,0,2999,140,326,186
Truck467068,2999,3331,140,326,186
Truck467277,2821,2436,195,327,132
Truck467520,3122,3238,265,327,62
Truck467529,2821,3331,265,327,62
Truck467370,0,2437,225,328,103
Truck467128,1339,2999,155,329,174
Truck467372,2437,2998,225,329,104
Truck467430,3122,2437,240,329,89
Truck466631,2998,3238,15,330,315
Truck467539,3238,3122,270,330,60
Truck467743,3331,2656,325,331,6
Truck466766,2225,1338,55,332,277
Truck467142,3122,2999,160,332,172
Truck467512,2822,2224,260,332,72
Truck467566,2822,2656,275,332,57
Truck466676,2225,2224,30,333,303
Truck466887,2655,3121,90,334,244
Truck466889,3121,2656,90,334,244
Truck467337,2655,0,215,334,119
Truck467390,2437,2998,230,334,104
Truck467557,3238,1339,275,334,59
Truck466649,2998,3238,20,335,315
Truck466801,3238,2821,65,335,270
Truck466882,2822,0,85,335,250
Truck467104,2999,3239,150,336,186
Truck467510,2656,2436,260,336,76
Truck467712,0,3122,320,336,16
Truck467160,3122,2999,165,337,172
Truck466694,2225,2998,35,338,303
Truck467132,2656,1339,155,338,183
Truck467153,2998,2436,160,338,178
Truck467208,0,3239,180,338,158
Truck467314,2822,1338,205,338,133
Truck467391,2655,1339,230,338,108
Truck467408,2437,0,235,338,103
Truck467409,2655,2437,235,338,103
Truck466907,3121,2224,95,339,244
Truck467355,2655,0,220,339,119
Truck467584,2822,2656,280,339,59
Truck467652,3239,2437,300,339,39
Truck466667,2998,3238,25,340,315
Truck467363,2224,2821,220,340,120
Truck467517,2655,2656,265,340,75
Truck467545,3331,2437,270,340,70
Truck467161,3238,3239,165,341,176
Truck467528,2656,2999,265,341,76
Truck466712,2225,2224,40,343,303
Truck466837,3238,2822,75,344,269
Truck466925,3121,2822,100,344,244
Truck467182,1339,2999,170,344,174
Truck467426,2437,2821,240,344,104
Truck466948,1339,2821,105,345,240
Truck467090,2225,2437,145,345,200
Truck467535,2655,2656,270,345,75
Truck467140,2999,2822,160,346,186
Truck467546,2656,2999,270,346,76
Truck467655,2821,2998,300,346,46
Truck466820,2225,1338,70,347,277
Truck466979,3121,1339,115,347,232
Truck467165,2224,3331,165,347,182
Truck467349,2821,2436,215,347,132
Truck467488,1339,2437,255,347,92
Truck467592,3122,3238,285,347,62
Truck466783,3238,3121,60,348,288
Truck467189,2998,2436,170,348,178
Truck467445,2655,2437,245,348,103
Truck467456,2656,2998,245,348,103
Truck466943,3121,2224,105,349,244
Truck467444,2437,2656,245,349,104
Truck467502,3122,2437,260,349,89
Truck467688,3239,3121,310,349,39
Truck467812,1339,3122,345,349,4
Truck466971,2821,3122,110,350,240
Truck467581,3331,1338,280,350,70
Truck466784,2225,1339,60,351,291
Truck467201,2224,2656,175,351,176
Truck466962,3122,2821,110,352,242
Truck466997,3121,1339,120,352,232
Truck467183,2224,3331,170,352,182
Truck467367,2821,1338,220,352,132
Truck467207,2998,2437,175,353,178
Truck467262,0,3239,195,353,158
Truck467368,2822,2999,220,353,133
Truck467460,0,2437,250,353,103
Truck467534,2437,2999,270,353,83
Truck467697,2655,3239,315,353,38
Truck467708,2656,3239,315,353,38
Truck466984,1339,2822,115,354,239
Truck467016,3122,3121,125,354,229
Truck467462,2437,2655,250,354,104
Truck467706,3239,2436,315,354,39
Truck466989,2821,3122,115,355,240
Truck467109,2436,2999,150,355,205
Truck467126,2225,2437,155,355,200
Truck467421,2821,2224,235,355,120
Truck467593,3238,0,285,355,70
Truck467599,3331,2437,285,355,70
Truck466793,2998,0,60,356,296
Truck467339,3121,2437,215,356,141
Truck467346,3239,2998,215,356,141
Truck467582,2656,2436,280,356,76
Truck466571,2224,1339,0,358,358
Truck467113,3331,3238,150,358,208
Truck467386,2822,2225,225,358,133
Truck466832,2437,2436,75,359,284
Truck466911,2436,3121,95,359,264
Truck466977,2655,3121,115,359,244
Truck467168,2656,0,165,359,194
Truck467530,2822,3239,265,359,94
Truck467656,2822,2656,300,359,59
Truck467589,2655,2656,285,360,75
Truck466967,2224,2999,110,361,251
Truck467240,2656,2224,185,361,176
Truck467248,2999,3122,190,361,171
Truck467711,2998,2821,315,361,46
Truck467844,3122,1339,355,361,6
Truck467051,3121,3122,135,363,228
Truck467243,2998,2225,185,363,178
Truck467373,2655,3238,225,363,138
Truck467644,2999,3121,300,363,63
Truck467052,3122,3121,135,364,229
Truck467498,2437,2224,260,364,104
Truck467742,3239,2437,325,364,39
Truck466865,2998,1339,80,365,285
Truck467635,3331,2436,295,365,70
Truck467145,2436,2999,160,366,206
Truck467212,2999,2998,180,366,186
Truck467618,2656,3121,290,366,76
Truck467422,2822,2225,235,367,132
Truck466802,2225,2998,65,368,303
Truck467236,1339,2656,185,368,183
Truck467364,3239,3122,220,368,148
Truck467516,2437,0,265,368,103
Truck467204,2656,0,175,369,194
Truck467232,3122,2656,185,370,185
Truck467653,3331,2437,300,370,70
Truck466605,2436,1338,10,371,361
Truck467003,2224,2655,120,371,251
Truck467230,2999,2998,185,371,186
Truck467636,2656,2225,295,371,76
Truck467747,2998,2821,325,371,46
Truck466830,0,2998,75,372,297
Truck467439,2821,2655,240,372,132
Truck467143,3238,2656,160,373,213
Truck467167,3331,3238,165,373,208
Truck467258,2656,1339,190,373,183
Truck467413,3238,2655,235,373,138
Truck467440,2822,2655,240,373,133
Truck467549,2998,2656,270,373,103
Truck467033,3121,2656,130,374,244
Truck467148,3239,2224,160,374,214
Truck467226,0,3331,185,374,189
Truck466945,3238,2821,105,375,270
Truck467181,2436,2999,170,375,205
Truck466838,2225,0,75,377,302
Truck467457,2821,2437,245,377,132
Truck467105,3121,3122,150,378,228
Truck467458,2822,2655,245,378,133
Truck467244,0,3331,190,379,189
Truck467308,1339,2999,205,379,174
Truck467796,3239,2437,340,379,39
Truck466963,3238,2821,110,380,270
Truck467689,3331,2655,310,380,70
Truck466892,2225,1339,90,381,291
Truck466919,2998,3122,95,381,286
Truck467265,2655,2999,195,381,186
Truck467418,3239,1339,235,381,146
Truck467436,3239,2998,240,381,141
Truck467672,2656,2225,305,381,76
Truck467110,1339,3121,150,382,232
Truck467606,2437,1339,290,382,92
Truck466856,2225,2822,80,383,303
Truck467315,2998,2225,205,383,178
Truck467449,3238,2655,245,383,138
Truck467568,0,2437,280,383,103
Truck467184,3239,2224,170,384,214
Truck467553,2655,3122,275,384,109
Truck466606,1339,2436,10,385,375
Truck467525,2224,2821,265,385,120
Truck467616,3239,2821,290,385,95
Truck467679,2655,2656,310,385,75
Truck467707,3331,2437,315,385,70
Truck466569,2436,2656,0,386,386
Truck466990,2822,3238,115,386,271
Truck467057,2224,2225,135,386,251
Truck467284,2999,3239,200,386,186
Truck467649,2436,2225,300,386,86
Truck467694,0,3238,315,386,71
Truck467942,2656,3331,380,386,6
Truck467493,2821,2437,255,387,132
Truck467494,2822,2436,255,387,132
Truck467518,2999,2225,265,387,122
Truck467710,2822,2224,315,387,72
Truck467851,3331,3239,355,387,32
Truck467920,1339,0,375,387,12
Truck467141,3121,3122,160,388,228
Truck467333,2998,2225,210,388,178
Truck467015,3121,2436,125,389,264
Truck467087,3121,2655,145,389,244
Truck467662,2999,2437,305,389,84
Truck467115,2821,3122,150,390,240
Truck467725,3331,2437,320,390,70
Truck467075,2224,2655,140,391,251
Truck467235,2436,2999,185,391,206
Truck467302,2999,2655,205,391,186
Truck467454,3239,1339,245,391,146
Truck467329,3331,2224,210,392,182
Truck467511,2821,1338,260,392,132
Truck467781,2821,2656,335,392,57
Truck466587,2436,3331,5,393,388
Truck466884,0,2225,90,393,303
Truck467733,2655,3331,325,395,70
Truck467737,3238,0,325,395,70
Truck467026,2822,3238,125,396,271
Truck467082,0,2821,145,396,251
Truck467093,2224,2655,145,396,251
Truck467320,2999,2656,210,396,186
Truck467483,3121,2437,255,396,141
Truck467490,3239,2998,255,396,141
Truck467837,2998,2821,350,396,46
Truck466747,3238,2225,50,397,347
Truck467376,3122,2999,225,397,172
Truck467800,2822,2656,340,397,57
Truck467956,1339,0,385,397,12
Truck467123,3121,0,155,398,243
Truck467369,2998,2655,220,398,178
Truck467467,3238,2437,250,398,148
Truck467614,1339,2655,290,398,108
Truck467121,2655,3121,155,399,244
Truck467607,2655,3122,290,399,109
Truck466976,2437,2436,115,400,285
Truck466991,2998,1339,115,400,285
Truck467288,2225,2437,200,400,200
Truck467340,3122,2656,215,400,185
Truck467374,2999,1339,225,400,175
Truck467674,2822,3239,305,400,95
Truck466623,2436,0,15,401,386
Truck467266,2999,2436,195,401,206
Truck467765,2998,2822,330,401,71
Truck467853,2821,2998,355,401,46
Truck467988,3122,1339,395,401,6
Truck466923,2655,2225,100,402,302
Truck467686,1339,2437,310,402,92
Truck467907,2821,2822,370,402,32
Truck466920,0,2225,100,403,303
Truck466928,2225,3331,100,403,303
Truck467195,3121,3122,175,403,228
Truck467387,2998,2655,225,403,178
Truck467442,0,3239,245,403,158
Truck467654,2656,2998,300,403,103
Truck467001,2436,2437,120,404,284
Truck467196,3122,3121,175,404,229
Truck467642,2437,2821,300,404,104
Truck467886,3239,1338,365,404,39
Truck467069,3121,2436,140,405,265
Truck467531,2998,3239,265,405,140
Truck467773,3238,0,335,405,70
Truck467118,0,2821,155,406,251
Truck467399,2224,2656,230,406,176
Truck467402,2656,2224,230,406,176
Truck467970,3122,0,390,406,16
Truck468014,2656,3331,400,406,6
Truck466641,2436,2821,20,407,387
Truck467383,3331,2224,225,407,182
Truck467276,2656,3238,195,408,213
Truck467365,3331,0,220,408,188
Truck467401,3331,3122,230,408,178
Truck467405,2998,2437,230,408,178
Truck467895,2655,3239,370,408,38
Truck467660,2437,2224,305,409,104
Truck467215,3238,2999,180,410,230
Truck467571,2655,2821,280,412,132
Truck467583,2821,2225,280,412,132
Truck467825,3121,2999,350,412,62
Truck466964,2225,2822,110,413,303
Truck467231,3121,3122,185,413,228
Truck467398,1339,2656,230,413,183
Truck466733,2224,0,45,414,369
Truck467434,1339,2999,240,414,174
Truck467678,2437,2656,310,414,104
Truck466927,3238,2998,100,415,315
Truck467392,2999,3239,230,416,186
Truck467435,2224,2656,240,416,176
Truck467552,2437,3121,275,416,141
Truck466677,2436,2655,30,417,387
Truck467818,2822,2224,345,417,72
Truck467870,2656,2821,360,417,57
Truck466982,2225,3331,115,418,303
Truck467427,2655,2998,240,418,178
Truck467441,2998,1338,240,418,178
Truck467602,2822,2225,285,418,133
Truck466728,3122,2436,45,419,374
Truck467055,2436,2437,135,419,284
Truck467190,0,3121,175,419,244
Truck467310,3239,2224,205,419,214
Truck467643,2655,0,300,419,119
Truck467696,2437,2822,315,419,104
Truck467048,2437,2436,135,420,285
Truck467187,2821,0,170,420,250
Truck467063,2998,3122,135,421,286
Truck467172,0,2822,170,421,251
Truck467406,0,2999,235,421,186
Truck467410,2999,2655,235,421,186
Truck467570,2437,3121,280,421,141
Truck467816,2656,1338,345,421,76
Truck467619,2821,2437,290,422,132
Truck467620,2822,2436,290,422,132
Truck467869,3331,2821,360,422,62
Truck467977,3331,3239,390,422,32
Truck466695,2436,2821,35,423,388
Truck467000,2225,2656,120,423,303
Truck467327,2224,3239,210,423,213
Truck467459,2998,2999,245,423,178
Truck466804,1339,2224,65,424,359
Truck467213,3121,3239,180,424,244
Truck467958,3239,1338,385,424,39
Truck466758,0,2224,55,425,370
Truck467133,2821,3238,155,425,270
Truck467448,3122,3331,245,425,180
Truck467760,3239,2821,330,425,95
Truck467081,2998,3122,140,426,286
Truck467424,0,2999,240,426,186
Truck467428,2999,2822,240,426,186
Truck467474,2656,2224,250,426,176
Truck467267,3121,1339,195,427,232
Truck467625,2655,2821,295,427,132
Truck467637,2821,2999,295,427,132
Truck466713,2436,2655,40,428,388
Truck467018,2225,2656,125,428,303
Truck467463,2655,2998,250,428,178
Truck467575,3238,2437,280,428,148
Truck467638,2822,2999,295,428,133
Truck467715,2655,1339,320,428,108
Truck467744,2656,2998,325,428,103
Truck467786,2437,3122,340,428,88
Truck467732,2437,2998,325,429,104
Truck467806,2999,2437,345,429,84
Truck467091,2436,2437,145,430,285
Truck467718,3122,2655,320,430,110
Truck466767,2436,1339,55,431,376
Truck466818,3122,2224,70,431,361
Truck467074,1339,2225,140,431,291
Truck467119,1338,2225,155,431,276
Truck467211,2655,2224,180,431,251
Truck467446,2999,2821,245,431,186
Truck467596,1339,3239,285,431,146
Truck466687,1338,2999,35,432,397
Truck466874,2225,3238,85,432,347
Truck467471,2224,3331,250,432,182
Truck467905,3331,2822,370,432,62
Truck467495,2998,2225,255,433,178
Truck468016,2822,2821,400,433,33
Truck467249,3121,2655,190,434,244
Truck467750,2437,3331,330,434,104
Truck466836,3122,2224,75,436,361
Truck467092,1339,2225,145,436,291
Truck467464,2999,2998,250,436,186
Truck467634,3239,2998,295,436,141
Truck466891,3238,2225,90,437,347
Truck467049,2655,2225,135,437,302
Truck467278,2822,3122,195,437,242
Truck467890,2822,2224,365,437,72
Truck466859,2224,1339,80,438,358
Truck467395,3238,3331,230,438,208
Truck467513,2998,1338,260,438,178
Truck467761,3331,2998,330,438,108
Truck468003,2655,3239,400,438,38
Truck467768,2437,2998,335,439,104
Truck466803,2436,1339,65,440,375
Truck467814,3239,2821,345,440,95
Truck467877,2655,2656,365,440,75
Truck467482,2999,2224,255,441,186
Truck467521,3238,3239,265,441,176
Truck467536,2999,3122,270,441,171
Truck467888,2656,2655,365,441,76
Truck467260,2822,0,190,442,252
Truck467507,2224,3331,260,442,182
Truck467509,3331,2224,260,442,182
Truck467598,3239,0,285,442,157
Truck467691,2821,2655,310,442,132
Truck467692,2822,2225,310,442,132
Truck466821,2436,3122,70,443,373
Truck466877,2224,1339,85,443,358
Truck467072,2225,3331,140,443,303
Truck467840,2437,3122,355,443,88
Truck468021,2655,3239,405,443,38
Truck466876,1339,2224,85,444,359
Truck467953,3238,1339,385,444,59
Truck467146,1339,2998,160,445,285
Truck467341,3238,2999,215,445,230
Truck467832,3239,2822,350,445,95
Truck466785,2436,2656,60,446,386
Truck467273,2224,2655,195,446,251
Truck467338,2999,3238,215,446,231
Truck467500,2999,2656,260,446,186
Truck466744,2999,1338,50,447,397
Truck466779,2655,2436,60,447,387
Truck467709,2821,2437,315,447,132
Truck467926,2822,2224,375,447,72
Truck467537,3121,2225,270,449,179
Truck467804,2437,2655,345,449,104
Truck467295,2821,0,200,450,250
Truck467326,1339,2821,210,450,240
Truck467331,2821,3122,210,450,240
Truck467941,3331,2999,380,450,70
Truck467135,2998,0,155,451,296
Truck467322,3122,2822,210,451,241
Truck467563,3331,1339,275,452,177
Truck467727,2821,2436,320,452,132
Truck467866,1339,2437,360,452,92
Truck467567,2998,2436,275,453,178
Truck467815,3331,2998,345,453,108
Truck467834,2656,2998,350,453,103
Truck467558,2225,3121,275,454,179
Truck467241,2821,3238,185,455,270
Truck467480,2437,2225,255,455,200
Truck467766,0,2655,335,455,120
Truck467931,2655,2656,380,455,75
Truck467959,3331,2436,385,455,70
Truck467699,3121,2437,315,456,141
Truck466659,2436,3238,25,457,432
Truck466777,1338,2999,60,457,397
Truck467136,0,2998,160,457,297
Truck467473,3331,3238,250,458,208
Truck467585,2998,1338,280,458,178
Truck467746,2822,2225,325,458,133
Truck466929,2436,1338,100,460,360
Truck467099,2998,3238,145,460,315
Truck466839,2436,3331,75,461,386
Truck467554,2999,3331,275,461,186
Truck467724,3239,2998,320,461,141
Truck467670,3239,0,305,462,157
Truck467763,2821,2436,330,462,132
Truck467764,2822,3121,330,462,132
Truck468006,3122,3238,400,462,62
Truck468180,0,1339,450,462,12
Truck467144,2225,3239,160,463,303
Truck467411,3121,3122,235,463,228
Truck467603,2998,2436,285,463,178
Truck468004,2999,3121,400,463,63
Truck467285,3121,2436,200,464,264
Truck467357,3121,2998,220,464,244
Truck467472,3239,2224,250,464,214
Truck468102,3239,2225,425,464,39
Truck467117,2998,3238,150,465,315
Truck467217,2436,2437,180,465,285
Truck467817,2821,2224,345,465,120
Truck466857,2436,2821,80,466,386
Truck467334,0,2822,215,466,251
Truck467345,2224,1338,215,466,251
Truck467572,2999,2998,280,466,186
Truck467978,2656,2436,390,466,76
Truck468186,3122,0,450,466,16
Truck467162,2225,2655,165,468,303
Truck467375,3121,0,225,468,243
Truck467676,0,3239,310,468,158
Truck467782,2822,2999,335,468,133
Truck467859,2655,1339,360,468,108
Truck467823,2655,0,350,469,119
Truck467876,2437,2821,365,469,104
Truck467950,2999,2437,385,469,84
Truck468120,3239,2225,430,469,39
Truck467403,2821,3122,230,470,240
Truck467862,3122,2655,360,470,110
Truck468013,3331,2436,400,470,70
Truck467296,2822,3238,200,471,271
Truck467352,0,2822,220,471,251
Truck467590,2999,2821,285,471,186
Truck468240,3122,1339,465,471,6
Truck466869,2655,2436,85,472,387
Truck467394,3122,2821,230,472,242
Truck467799,2821,1338,340,472,132
Truck468051,2821,3331,410,472,62
Truck468069,2821,2656,415,472,57
Truck466875,2436,0,85,473,388
Truck467180,2225,2998,170,473,303
Truck467639,2998,2437,295,473,178
Truck467894,2437,2656,370,474,104
Truck467313,2821,3238,205,475,270
Truck467610,3122,2656,290,475,185
Truck467381,2224,2437,225,476,251
Truck468067,3331,2822,415,476,61
Truck468125,2998,2821,430,476,46
Truck468265,3331,2656,470,476,6
Truck467842,2999,2225,355,477,122
Truck467948,2437,1339,385,477,92
Truck466893,2436,2821,90,478,388
Truck467198,2225,2821,175,478,303
Truck467343,2436,3121,215,478,263
Truck467657,2998,1338,300,478,178
Truck467909,2998,3331,370,478,108
Truck467913,2655,2437,375,478,103
Truck468070,2822,3331,415,478,63
Truck466895,2224,3238,90,479,389
Truck467323,3238,2822,210,479,269
Truck467912,2437,2998,375,479,104
Truck468156,3239,2436,440,479,39
Truck468049,3331,2436,410,480,70
Truck466749,2436,3238,50,481,431
Truck467778,3239,1339,335,481,146
Truck468032,2656,2436,405,481,76
Truck467835,2821,2225,350,482,132
Truck467990,2225,2436,395,482,87
Truck467661,2655,2998,305,483,178
Truck467675,2998,2655,305,483,178
Truck467836,2822,3121,350,483,133
Truck468174,3239,2999,445,484,39
Truck467021,2224,3122,125,485,360
Truck467604,0,2656,290,485,195
Truck467272,1339,2225,195,486,291
Truck467234,2225,0,185,487,302
Truck467854,2822,2655,355,487,132
Truck468211,3331,3239,455,487,32
Truck467790,3122,3239,340,488,148
Truck467938,1339,2655,380,488,108
Truck468194,2656,3239,450,488,38
Truck466691,3121,1338,35,489,454
Truck467447,3121,2656,245,489,244
Truck467562,3239,2224,275,489,214
Truck468022,2999,2437,405,489,84
Truck467197,3238,2998,175,490,315
Truck468085,3331,2437,420,490,70
Truck467822,2437,3121,350,491,141
Truck467871,2821,1338,360,492,132
Truck468088,2822,2998,420,492,72
Truck468142,2822,2656,435,493,58
Truck466949,2224,3238,105,494,389
Truck467393,3121,2436,230,494,264
Truck467872,2822,2655,360,494,134
Truck467966,2437,2224,390,494,104
Truck467010,0,2224,125,495,370
Truck467225,2998,3238,180,495,315
Truck467385,2821,3238,225,495,270
Truck467624,2437,2225,295,495,200
Truck467682,3122,2656,310,495,185
Truck468103,3331,2436,425,495,70
Truck466965,2436,3239,110,496,386
Truck467297,2998,0,200,496,296
Truck467108,2225,3238,150,497,347
Truck467484,3122,2822,255,497,242
Truck467524,1339,3121,265,497,232
Truck467705,2224,3331,315,497,182
Truck467918,2225,2999,375,497,122
Truck468160,2822,2656,440,497,57
Truck468316,1339,0,485,497,12
Truck467270,2225,2998,195,498,303
Truck467729,2998,3121,320,498,178
Truck467039,2224,0,130,499,369
Truck467967,2655,3122,390,499,109
Truck467984,2437,2224,395,499,104
Truck468058,2999,2437,415,499,84
Truck468228,3239,2655,460,499,39
Truck468121,3331,2999,430,500,70
Truck467848,1339,3239,355,501,146
Truck467283,2655,2225,200,502,302
Truck467754,3122,2999,330,502,172
Truck468176,2656,2822,445,502,57
Truck468177,2821,2656,445,502,57
Truck468267,2821,2822,470,502,32
Truck467501,3121,0,260,503,243
Truck467740,1339,3331,325,503,178
Truck466985,2224,3238,115,504,389
Truck467556,3122,3121,275,504,229
Truck467726,2656,3122,320,504,184
Truck468048,3239,2822,410,504,94
Truck468246,3239,2999,465,504,39
Truck468133,3238,0,435,505,70
Truck468139,3331,2225,435,505,70
Truck466670,2437,1338,30,506,476
Truck467716,2999,2998,320,506,186
Truck467755,3238,3239,330,506,176
Truck467770,2999,3122,335,506,171
Truck468080,2225,2436,420,506,86
Truck468122,2656,3121,430,506,76
Truck468324,0,3122,490,506,16
Truck468330,3122,0,490,506,16
Truck467301,2655,2225,205,507,302
Truck467925,2821,3121,375,507,132
Truck468342,0,1339,495,507,12
Truck467298,0,2225,205,508,303
Truck467306,2225,2655,205,508,303
Truck467633,2224,3239,295,508,213
Truck467758,1339,3331,330,508,178
Truck467431,3238,2822,240,509,269
Truck467451,2436,3121,245,509,264
Truck467519,3121,3239,265,509,244
Truck467574,3122,3121,280,509,229
Truck467756,2225,3121,330,509,179
Truck468020,2437,2998,405,509,104
Truck468264,3239,2225,470,509,39
Truck468388,1339,3122,505,509,4
Truck467279,2998,3238,195,510,315
Truck467542,1339,2821,270,510,240
Truck467548,2822,1339,270,510,240
Truck467360,2225,1339,220,511,291
Truck468193,3331,2822,450,511,61
Truck467319,2655,2225,210,512,302
Truck467759,2224,3331,330,512,182
Truck467943,2821,2437,380,512,132
Truck468360,0,1339,500,512,12
Truck467070,3122,2436,140,513,373
Truck467324,2225,2998,210,513,303
Truck467671,3331,3238,305,513,208
Truck467776,1339,3331,335,513,178
Truck467779,3331,3122,335,513,178
Truck467783,2998,2436,335,513,178
Truck468053,2998,2656,410,513,103
Truck468184,2999,3121,450,513,63
Truck468304,2822,2821,480,513,33
Truck467017,3238,2224,125,514,389
Truck467762,2656,3122,330,514,184
Truck467944,2822,2999,380,514,134
Truck468038,2437,2822,410,514,104
Truck468112,2999,2437,430,514,84
Truck468161,2998,2224,440,514,74
Truck468208,1339,3238,455,514,59
Truck468282,3239,2437,475,514,39
Truck467287,3238,2998,200,515,315
Truck467465,3121,2436,250,515,265
Truck467702,2225,2437,315,515,200
Truck467073,2436,1339,140,516,376
Truck467514,0,2821,265,516,251
Truck467748,0,2999,330,516,186
Truck467752,2999,2821,330,516,186
Truck468084,3239,2822,420,516,96
Truck468366,3122,0,500,516,16
Truck467037,2436,2655,130,517,387
Truck467179,3238,2225,170,517,347
Truck467949,2655,2821,385,517,132
Truck467342,2225,2821,215,518,303
Truck467794,1339,3331,340,518,178
Truck467797,3331,3122,340,518,178
Truck467801,2998,2999,340,518,178
Truck467898,3122,3239,370,518,148
Truck467962,2822,2225,385,518,133
Truck468068,2656,2998,415,518,103
Truck468202,2999,3121,455,518,63
Truck468291,2655,3239,480,518,38
Truck468318,3239,3331,485,518,33
Truck467555,3121,2224,275,519,244
Truck467578,1339,2822,280,519,239
Truck467780,2656,3122,335,519,184
Truck468056,2437,3331,415,519,104
Truck468226,1339,3238,460,519,59
Truck467305,3238,2998,205,520,315
Truck467475,2821,3238,250,520,270
Truck467772,3122,2656,335,520,185
Truck468223,3238,3122,460,520,60
Truck467423,2998,3122,235,521,286
Truck467608,2999,3238,290,521,231
Truck467922,3239,1339,375,521,146
Truck467698,2999,2436,315,522,207
Truck468396,0,1339,510,522,12
Truck467690,2656,3238,310,523,213
Truck467701,3238,3331,315,523,208
Truck467805,2655,2998,345,523,178
Truck467819,2998,2436,345,523,178
Truck468086,2656,2998,420,523,103
Truck467573,3121,2224,280,524,244
Truck467601,2821,1339,285,524,239
Truck467628,3122,3121,295,524,229
Truck468074,2437,2998,420,524,104
Truck468232,2822,3331,460,524,64
Truck467561,2224,1338,275,526,251
Truck467626,2999,3238,295,526,231
Truck467788,2999,3239,340,526,186
Truck468247,3331,2822,465,526,61
Truck468402,3122,0,510,526,16
Truck467997,2821,2437,395,527,132
Truck468128,2437,1339,435,527,92
Truck468249,2821,3331,465,527,62
Truck467378,2225,2224,225,528,303
Truck467591,3121,2656,285,529,244
Truck468209,2224,2998,455,529,74
Truck468201,2655,2656,455,530,75
Truck467579,2224,1338,280,531,251
Truck468212,2656,2436,455,531,76
Truck467833,3331,2224,350,532,182
Truck467850,3239,3238,355,532,177
Truck467396,2225,2822,230,533,303
Truck467609,3121,0,290,533,243
Truck467855,2998,3121,355,533,178
Truck468233,2998,2224,460,534,74
Truck468354,3239,2999,495,534,39
Truck468054,0,2655,415,535,120
Truck467597,2224,2999,285,536,251
Truck467824,2999,2655,350,536,186
Truck467878,2999,3122,365,536,171
Truck468230,2656,2225,460,536,76
Truck467191,1338,2436,175,537,362
Truck467586,0,2822,285,537,252
Truck467668,1339,3121,305,537,232
Truck467868,3239,3238,360,537,177
Truck467880,3122,2999,365,537,172
Truck468062,2225,2999,415,537,122
Truck468250,2822,2224,465,537,72
Truck468393,2821,2822,505,537,32
Truck467100,0,2436,150,538,388
Truck467414,2225,2656,235,538,303
Truck467873,2998,2437,360,538,178
Truck468182,2437,3122,450,538,88
Truck468390,3239,3331,505,538,33
Truck467107,3238,2224,150,539,389
Truck467650,1339,2822,300,539,239
Truck468178,2822,3239,445,539,94
Truck468372,3239,2436,500,539,39
Truck468087,2821,2224,420,540,120
Truck468255,2655,3331,470,540,70
Truck467841,2655,2999,355,541,186
Truck468248,2656,2225,465,541,76
Truck468456,3122,0,525,541,16
Truck468499,3331,2656,535,541,6
Truck467127,2436,2821,155,542,387
Truck467486,2225,3122,255,542,287
Truck467646,3122,2821,300,542,242
Truck467887,3331,1339,365,542,177
Truck468052,2822,1338,410,542,132
Truck468303,2821,3331,480,542,62
Truck467432,2225,2822,240,543,303
Truck467891,2998,2999,365,543,178
Truck468200,2437,3122,455,543,88
Truck467505,2436,2437,260,544,284
Truck467577,2436,3121,280,544,264
Truck467645,3121,2821,300,544,244
Truck467673,2821,1339,305,544,239
Truck467882,2225,3121,365,544,179
Truck468146,2437,3239,440,544,104
Truck467237,2224,3122,185,545,360
Truck468283,3331,3121,475,545,70
Truck466983,2436,3238,115,546,431
Truck467906,2656,2224,370,546,176
Truck468023,3121,2437,405,546,141
Truck468196,2822,3239,450,546,96
Truck468266,2656,2655,470,546,76
Truck468270,0,3238,475,546,71
Truck467904,3239,3238,370,547,177
Truck467916,3122,2999,375,547,172
Truck468339,2821,2656,490,547,57
Truck467450,2225,2655,245,548,303
Truck467663,3121,0,305,548,243
Truck468012,3239,3122,400,548,148
Truck468157,3331,2998,440,548,108
Truck468162,0,2437,445,548,103
Truck468111,2655,0,430,549,119
Truck468164,2437,3239,445,549,104
Truck468408,3239,2225,510,549,39
Truck468210,3239,2821,455,550,95
Truck467163,2436,2224,165,551,386
Truck467504,2225,1339,260,551,291
Truck467874,0,2999,365,551,186
Truck468284,2656,1338,475,551,76
Truck468486,0,3122,535,551,16
Truck467154,0,2436,165,552,387
Truck467903,2224,3331,370,552,182
Truck467468,2225,2224,250,553,303
Truck467681,3121,0,310,553,243
Truck467798,2656,3238,340,553,213
Truck467927,2998,2999,375,553,178
Truck468030,3239,3122,405,553,148
Truck468057,2655,3238,415,553,138
Truck468175,3331,2998,445,553,108
Truck468428,2656,3239,515,553,38
Truck467736,3122,3121,325,554,229
Truck468426,3239,3121,515,554,39
Truck468168,3122,2655,445,555,110
Truck468319,3331,2436,485,555,70
Truck467669,2224,2437,305,556,251
Truck467896,2999,2821,370,556,186
Truck467935,3238,3239,380,556,176
Truck467496,0,2998,260,557,297
Truck467735,3121,1339,325,557,232
Truck468105,2821,2999,425,557,132
Truck468106,2822,2437,425,557,132
Truck468522,0,1339,545,557,12
Truck467538,3122,2225,270,558,288
Truck467813,2224,3239,345,558,213
Truck467924,2656,1339,375,558,183
Truck467945,2998,2999,380,558,178
Truck467255,2224,0,190,559,369
Truck468370,1339,3238,500,559,59
Truck468444,3239,2436,520,559,39
Truck467291,2224,3122,200,560,360
Truck467687,2224,2655,310,561,251
Truck467728,2822,3122,320,561,241
Truck467914,2999,2821,375,561,186
Truck468320,2656,2436,485,561,76
Truck467158,2999,1338,165,562,397
Truck468340,2822,2998,490,562,72
Truck467199,2436,2822,175,563,388
Truck467923,3331,0,375,563,188
Truck468066,3239,3122,415,563,148
Truck468216,0,2437,460,563,103
Truck467717,3121,2822,320,564,244
Truck468124,2822,2436,430,564,134
Truck468335,2224,2822,490,564,74
Truck467745,2821,3122,325,565,240
Truck467934,3122,2656,380,565,185
Truck468349,3238,0,495,565,70
Truck468355,3331,2436,495,565,70
Truck466886,2437,1338,90,566,476
Truck467253,2436,1339,190,567,377
Truck467860,2999,2436,360,567,207
Truck467976,3239,3238,390,567,177
Truck468141,2821,3121,435,567,132
Truck468384,3122,3238,505,567,62
Truck467522,2225,3239,265,568,303
Truck467852,2656,3238,355,568,213
Truck467981,2998,2436,390,568,178
Truck468229,3331,2998,460,568,108
Truck467588,2437,2436,285,569,284
Truck467730,0,3121,325,569,244
Truck467969,3121,2225,390,569,179
Truck468236,2437,2822,465,569,104
Truck468480,3239,2225,530,569,39
Truck467952,3122,2656,385,570,185
Truck466904,2437,1338,95,571,476
Truck467723,2224,3121,320,571,251
Truck467946,0,2999,385,571,186
Truck467996,2656,2224,395,571,176
Truck468110,2437,3121,430,571,141
Truck468315,2436,2225,485,571,86
Truck468356,2656,3121,495,571,76
Truck467377,3238,2225,225,572,347
Truck467550,0,2998,275,572,297
Truck468159,2821,2999,440,572,132
Truck468519,2821,2822,540,572,32
Truck467540,2225,2656,270,573,303
Truck468489,2655,3239,535,573,38
Truck468500,2656,3239,535,573,38
Truck467344,1339,2224,215,574,359
Truck467685,2436,3121,310,574,264
Truck467753,3121,3239,330,574,244
Truck468237,2655,3122,465,574,109
Truck468254,2437,2821,470,574,104
Truck468498,3239,2225,535,574,39
Truck467503,3238,2998,260,575,315
Truck467665,3238,2821,305,575,270
Truck467809,3238,2999,345,575,230
Truck467928,0,2656,380,575,195
Truck468391,3331,2225,505,575,70
Truck467741,2224,2655,325,576,251
Truck467901,2436,2999,370,576,206
Truck467968,2999,2821,390,576,186
Truck468138,3239,2998,435,576,141
Truck468374,2656,2436,500,576,76
Truck468483,2821,2998,530,576,46
Truck468576,0,3122,560,576,16
Truck467648,2225,1338,300,577,277
Truck468394,2822,2224,505,577,72
Truck466561,1338,3331,0,578,578
Truck467703,2436,3121,315,578,263
Truck468538,2822,2821,545,578,33
Truck467960,2656,0,385,579,194
Truck468028,1339,2999,405,579,174
Truck468272,2437,2656,475,579,104
Truck468346,2999,2437,495,579,84
Truck467632,1339,2998,295,580,285
Truck468403,3238,0,510,580,70
Truck466615,1338,1339,15,581,566
Truck467986,2999,2998,395,581,186
Truck468392,2656,2225,505,581,76
Truck468643,3331,2656,575,581,6
Truck467271,2436,3239,195,582,387
Truck468195,2821,2437,450,582,132
Truck468445,3331,2822,520,582,62
Truck468555,2821,2822,550,582,32
Truck468622,1339,0,570,582,12
Truck466579,1338,2224,5,583,578
Truck467576,2225,2224,280,583,303
Truck467627,3121,3238,295,583,288
Truck467789,3121,0,340,583,243
Truck467995,3331,0,395,583,188
Truck468031,3331,3122,405,583,178
Truck468035,2998,2437,405,583,178
Truck468046,1339,2999,410,584,174
Truck468290,2437,2224,480,584,104
Truck468336,3239,2822,490,584,94
Truck468407,2224,2998,510,584,74
Truck468534,3239,2655,545,584,39
Truck467845,3238,2999,355,585,230
Truck467964,0,2656,390,585,195
Truck467621,2998,0,290,586,296
Truck467777,2224,1338,335,586,251
Truck468410,2656,1338,510,586,76
Truck468344,2437,1339,495,587,92
Truck468368,2225,2436,500,587,87
Truck466597,1338,3331,10,588,578
Truck467594,2225,2821,285,588,303
Truck468214,2822,2225,455,588,133
Truck468305,2998,3331,480,588,108
Truck468552,3239,2656,550,588,38
Truck467807,3121,2655,345,589,244
Truck467664,3122,2998,305,592,287
Truck468219,2655,2821,460,592,132
Truck468231,2821,2225,460,592,132
Truck468474,3122,3238,530,592,62
Truck466617,2655,1338,15,593,578
Truck467417,2224,1339,235,593,358
Truck467612,2225,3331,290,593,303
Truck467826,3122,2822,350,593,243
Truck468071,2998,3121,415,593,178
Truck468398,2437,2999,510,593,83
Truck466674,3122,1338,30,594,564
Truck467940,3239,2224,380,594,214
Truck468050,2656,3122,410,594,184
Truck468326,2437,3239,490,594,104
Truck468570,3239,3121,555,594,39
Truck467881,3238,2999,365,595,230
Truck466994,2437,1338,120,596,476
Truck467325,2436,2998,210,596,386
Truck468040,2999,3239,410,596,186
Truck468190,1339,3239,450,596,146
Truck468446,2656,2225,520,596,76
Truck467802,0,2822,345,597,252
Truck467884,1339,3121,365,597,232
Truck468666,0,1339,585,597,12
Truck466632,0,1338,20,598,578
Truck467630,2225,2998,295,598,303
Truck468089,2998,2437,420,598,178
Truck468490,2999,3121,535,598,63
Truck468606,3239,3331,565,598,33
Truck468610,2822,2821,565,598,33
Truck468327,2655,3122,490,599,109
Truck468461,2224,2822,525,599,74
Truck468511,3238,1339,540,599,59
Truck468712,1339,3122,595,599,4
Truck468471,2655,3331,530,600,70
Truck467379,2436,1339,225,601,376
Truck467831,2224,2655,350,601,251
Truck468218,2437,3121,460,601,141
Truck468464,2656,2999,525,601,76
Truck467738,2225,1338,325,602,277
Truck467902,1339,3121,370,602,232
Truck468114,3122,2999,430,602,172
Truck466651,1338,2655,25,603,578
Truck468434,2437,2999,520,603,83
Truck468508,2999,3121,540,603,63
Truck468517,3331,2822,540,603,63
Truck467861,3121,3331,360,604,244
Truck468485,2998,2224,530,604,74
Truck467714,2437,2436,320,605,285
Truck468317,2224,2821,485,605,120
Truck467693,2998,0,310,606,296
Truck467704,1339,2225,315,606,291
Truck467838,0,2821,355,606,251
Truck468076,2999,2655,420,606,186
Truck467361,2436,2224,220,607,387
Truck468101,2224,3331,425,607,182
Truck468285,2821,3121,475,607,132
Truck468286,2822,2655,475,607,132
Truck468554,2656,2822,550,607,57
Truck466669,1338,2998,30,608,578
Truck467666,2225,2998,305,608,303
Truck468373,3331,2998,500,608,108
Truck467359,3238,2224,220,609,389
Truck467879,3121,3239,365,609,244
Truck467994,3239,2224,395,609,214
Truck468104,2656,3122,425,609,184
Truck468380,2437,2224,505,609,104
Truck468624,3239,3121,570,609,39
Truck467739,2436,2437,325,610,285
Truck467791,3238,2821,340,610,270
Truck467908,2822,1339,370,610,240
Truck468547,3238,3122,550,610,60
Truck466723,1338,1339,45,611,566
Truck467856,0,2821,360,611,251
Truck467867,2224,1338,360,611,251
Truck468094,2999,2656,425,611,186
Truck468521,2998,2822,540,611,71
Truck467433,2436,3122,240,612,372
Truck467684,2225,0,310,612,302
Truck468150,3122,2999,440,612,172
Truck468520,2822,2224,540,612,72
Truck466686,0,1338,35,613,578
Truck467897,3121,0,370,613,243
Truck468025,3238,3331,405,613,208
Truck468553,3331,2822,550,613,63
Truck468642,3239,2656,575,613,38
Truck468472,2999,2437,530,614,84
Truck467889,2821,0,365,615,250
Truck468507,2655,2656,540,615,75
Truck467397,2436,2655,230,616,386
Truck467885,2224,2225,365,616,251
Truck468151,3238,3239,440,616,176
Truck468158,2656,2224,440,616,176
Truck466705,1338,0,40,617,577
Truck468321,2821,2437,485,617,132
Truck466759,1338,3122,55,618,563
Truck467915,3121,0,375,618,243
Truck468406,1339,2655,510,618,108
Truck468417,2655,2437,515,618,103
Truck467159,3121,1338,165,619,454
Truck467506,1339,2224,260,619,359
Truck468108,0,3331,430,619,189
Truck468660,3239,2437,580,619,39
Truck467775,2436,2437,335,620,285
Truck468462,3239,2821,525,620,95
Truck468130,2999,2224,435,621,186
Truck468536,2656,2437,545,621,76
Truck467251,3238,2436,190,622,432
Truck467415,2436,2656,235,622,387
Truck468766,1339,0,610,622,12
Truck466567,3238,1338,0,623,623
Truck467720,2225,2224,320,623,303
Truck468043,3238,2656,410,623,213
Truck468047,2224,3239,410,623,213
Truck468678,3239,2656,585,623,38
Truck467489,2224,0,255,624,369
Truck467933,3121,2656,380,624,244
Truck467101,1338,2437,150,625,475
Truck467961,2821,3122,385,625,240
Truck468092,2437,2225,425,625,200
Truck467921,2224,3121,375,626,251
Truck468148,2999,3239,440,626,186
Truck468756,0,3122,610,626,16
Truck467792,2225,3122,340,627,287
Truck468192,3239,3238,450,627,177
Truck468357,2821,2655,495,627,132
Truck466741,1338,2998,50,628,578
Truck467269,3238,2436,195,628,433
Truck467543,2224,1339,270,628,358
Truck468183,2655,2998,450,628,178
Truck468358,2822,2436,495,628,133
Truck468140,2656,0,435,629,194
Truck468452,2437,3331,525,629,104
Truck467863,3238,2821,360,630,270
Truck468099,2436,2999,425,630,205
Truck468589,3331,2225,560,630,70
Truck468165,2655,2999,445,631,186
Truck468166,2999,2656,445,631,186
Truck468572,2656,2225,555,631,76
Truck467487,2436,1339,255,632,377
Truck468375,2821,1338,500,632,132
Truck468627,2821,3331,570,632,62
Truck468376,2822,2437,500,633,133
Truck468463,3331,2998,525,633,108
Truck467992,1339,2822,395,634,239
Truck468024,3122,3121,405,634,229
Truck468453,2655,3122,525,634,109
Truck468470,2437,3239,530,634,104
Truck468528,3122,2437,545,634,89
Truck468714,3239,2436,595,634,39
Truck467998,2822,1339,395,635,240
Truck468359,2998,3239,495,635,140
Truck468597,2655,3331,565,635,70
Truck468607,3331,3121,565,635,70
Truck467307,2436,3238,205,636,431
Truck467957,2224,3121,385,636,251
Truck467469,2436,2656,250,637,387
Truck468300,3239,0,480,637,157
Truck468751,3331,3239,605,637,32
Truck467774,2225,3331,335,638,303
Truck467827,3238,3121,350,638,288
Truck468754,2822,2821,605,638,33
Truck467985,2655,3121,395,639,244
Truck468611,2998,2224,565,639,74
Truck468732,3239,1338,600,639,39
Truck467979,2821,0,390,640,250
Truck468204,3122,2656,455,640,185
Truck468222,3122,3331,460,640,180
Truck468447,2821,2224,520,640,120
Truck468625,3331,3121,570,640,70
Truck467830,1339,2225,350,641,291
Truck468608,2656,2437,565,641,76
Truck467787,2655,2225,340,642,302
Truck468628,2822,2998,570,642,72
Truck468663,2821,3331,580,642,62
Truck466633,1338,3238,20,643,623
Truck466795,1338,2821,65,643,578
Truck467843,3121,3238,355,643,288
Truck468251,2998,2437,465,643,178
Truck467937,2436,3121,380,645,265
Truck468556,2822,3239,550,645,95
Truck467982,0,2821,395,646,251
Truck467993,2224,2999,395,646,251
Truck468220,2999,3239,460,646,186
Truck467647,3238,2225,300,647,347
Truck468064,1339,3121,415,647,232
Truck468429,2821,2436,515,647,132
Truck468430,2822,2225,515,647,132
Truck468856,1339,0,635,647,12
Truck466813,1338,2656,70,648,578
Truck467810,2225,2655,345,648,303
Truck468137,2224,3239,435,648,213
Truck468262,1339,3331,470,648,178
Truck468362,2437,3238,500,648,148
Truck468790,2822,2821,615,648,33
Truck468524,2437,2822,545,649,104
Truck467613,2436,1338,290,650,360
Truck467951,3121,2436,385,650,265
Truck468015,2821,0,400,650,250
Truck468661,3331,3121,580,650,70
Truck467523,2436,2822,265,651,386
Truck468644,2656,2225,575,651,76
Truck468648,0,3238,580,651,71
Truck468888,3122,1339,645,651,6
Truck467479,1338,2999,255,652,397
Truck467560,1339,2436,275,652,377
Truck468448,2822,1338,520,652,132
Truck468476,2225,2999,530,652,122
Truck468578,2437,1339,560,652,92
Truck468689,3121,2999,590,652,62
Truck468690,3122,3238,590,652,62
Truck467828,2225,2224,350,653,303
Truck468777,2655,3239,615,653,38
Truck468041,3121,2656,410,654,244
Truck468033,2821,0,405,655,250
Truck468588,3239,2821,560,655,95
Truck467631,2436,1338,295,656,361
Truck468018,0,2821,405,656,251
Truck468029,2224,2436,405,656,251
Truck468662,2656,3121,580,656,76
Truck467541,2436,2822,270,657,387
Truck467683,3238,2225,310,657,347
Truck467936,2225,1338,380,657,277
Truck468465,2821,2225,525,657,132
Truck468466,2822,1338,525,657,132
Truck466849,1338,2822,80,658,578
Truck467651,2224,1339,300,658,358
Truck467846,2225,2655,355,658,303
Truck467987,3121,2436,395,658,263
Truck468059,3121,0,415,658,243
Truck468173,2224,3239,445,658,213
Truck468187,3238,3331,450,658,208
Truck468298,1339,3331,480,658,178
Truck468734,2656,2822,600,658,58
Truck467303,3121,1338,205,659,454
Truck468082,1339,2822,420,659,239
Truck468543,2655,3122,550,659,109
Truck468560,2437,3239,555,659,104
Truck467980,2822,3238,390,660,270
Truck468036,0,2822,410,660,250
Truck468310,2999,1339,485,660,175
Truck468274,2999,2224,475,661,186
Truck468424,1339,3239,515,661,146
Truck468680,2656,3121,585,661,76
Truck467559,2436,2656,275,662,387
Truck468484,2822,2225,530,662,132
Truck468614,2437,1339,570,662,92
Truck468638,2225,2436,575,662,87
Truck468843,2821,2822,630,662,32
Truck466711,3238,1338,40,663,623
Truck466866,0,1338,85,663,578
Truck466867,1338,2821,85,663,578
Truck467864,2225,2656,360,663,303
Truck468323,2998,3121,485,663,178
Truck468457,3238,2655,525,663,138
Truck468590,2656,2998,560,663,103
Truck467321,3121,1338,210,664,454
Truck468077,3121,3331,420,664,244
Truck468334,1339,2999,490,664,174
Truck468636,3122,2437,575,664,89
Truck468748,1339,3238,605,664,59
Truck468822,3239,2437,625,664,39
Truck467930,2437,2436,380,665,285
Truck468100,1339,2821,425,665,240
Truck468292,2999,2998,480,666,186
Truck468698,2656,3121,590,666,76
Truck468719,2998,2822,595,666,71
Truck468807,2821,2998,620,666,46
Truck466930,1339,1338,100,667,567
Truck467533,1338,2999,270,667,397
Truck468501,2821,2436,535,667,132
Truck468502,2822,2655,535,667,132
Truck468632,2437,1339,575,667,92
Truck466885,1338,2821,90,668,578
Truck468301,3331,0,480,668,188
Truck468341,2998,2655,490,668,178
Truck468095,3121,2656,425,669,244
Truck468288,0,3331,480,669,189
Truck468352,1339,2999,495,669,174
Truck468596,2437,2224,565,669,104
Truck467640,0,2224,300,670,370
Truck467955,2436,2437,385,670,285
Truck468007,3238,2821,400,670,270
Truck468727,3238,0,600,670,70
Truck468072,0,2822,420,671,251
Truck468716,2656,2436,595,671,76
Truck468544,2999,2225,550,672,122
Truck468769,3331,2821,610,672,62
Truck466903,1338,2655,95,673,578
Truck467595,2436,2821,285,673,388
Truck467900,2225,2821,370,673,303
Truck468241,3238,3331,465,673,208
Truck468672,3122,2437,585,674,89
Truck468737,2998,2224,600,674,74
Truck468858,3239,1338,635,674,39
Truck467658,0,2224,305,675,370
Truck467974,1339,2998,390,675,285
Truck468034,2822,3238,405,675,270
Truck468090,0,2822,425,675,250
Truck468328,2999,2821,490,676,186
Truck468491,3121,2437,535,676,141
Truck466966,1339,1338,110,677,567
Truck468008,2225,1338,400,677,277
Truck468256,2999,2436,470,677,207
Truck468808,2822,2656,620,677,57
Truck466921,1338,2998,100,678,578
Truck468363,2655,2998,500,678,178
Truck468377,2998,2436,500,678,178
Truck468615,2655,1339,570,678,108
Truck467611,3238,2224,290,679,389
Truck467615,2224,3238,290,679,389
Truck467722,1339,2224,320,679,359
Truck468876,3239,2225,640,679,39
Truck467963,2998,0,385,681,296
Truck468119,2224,2437,430,681,251
Truck468345,2655,2999,495,681,186
Truck468509,3121,2437,540,681,141
Truck468371,2224,3331,500,682,182
Truck468824,2656,2821,625,682,57
Truck468915,2821,2822,650,682,32
Truck468381,2655,2998,505,683,178
Truck468650,2437,0,580,683,103
Truck467629,3238,2224,295,684,389
Truck468338,2656,0,490,684,194
Truck468817,3238,1339,625,684,59
Truck468894,3239,2225,645,684,39
Truck468002,2437,2436,400,685,285
Truck468017,2998,1339,400,685,285
Truck468729,2436,2225,600,685,85
Truck468781,3238,0,615,685,70
Truck468364,2999,2821,500,686,186
Truck468770,2656,2655,610,686,76
Truck467954,2225,0,385,687,302
Truck468409,3331,1339,510,687,177
Truck467700,3122,2436,315,688,373
Truck468005,3121,3238,400,688,288
Truck468399,2655,2998,510,688,178
Truck468413,2998,3121,510,688,178
Truck468516,3239,3122,540,688,148
Truck468658,1339,2655,580,688,108
Truck467407,1338,3121,235,689,454
Truck468167,3121,3239,445,689,244
Truck468912,3239,2655,650,689,39
Truck467335,1338,2437,215,690,475
Truck467917,3238,2998,375,690,315
Truck468805,3331,2225,620,690,70
Truck467999,2998,0,395,691,296
Truck468147,2655,2224,440,691,251
Truck468382,2999,2224,505,691,186
Truck468788,2656,1338,615,691,76
Truck469039,3331,2656,685,691,6
Truck466975,1338,0,115,692,577
Truck467667,2436,2822,305,692,387
Truck468427,3331,1339,515,692,177
Truck468592,2822,3121,560,692,132
Truck468834,3122,3238,630,692,62
Truck466974,0,1338,115,693,578
Truck468295,3238,2656,480,693,213
Truck468299,2224,3239,480,693,213
Truck468302,2656,3238,480,693,213
Truck468676,1339,2655,585,693,108
Truck468185,3121,2822,450,694,244
Truck468844,2822,3331,630,694,64
Truck468930,3239,2437,655,694,39
Truck467353,1338,2437,220,695,475
Truck468575,2998,3239,555,695,140
Truck468823,3331,2225,625,695,70
Truck467029,1338,1339,130,696,566
Truck468238,2999,3238,465,696,231
Truck468400,2999,3239,510,696,186
Truck468454,2999,3122,525,696,171
Truck468806,2656,2999,620,696,76
Truck469057,3331,2656,690,696,6
Truck468609,2821,2437,565,697,132
Truck469026,0,1339,685,697,12
Truck466831,1338,3238,75,698,623
Truck466993,1338,2656,120,698,578
Truck468313,3238,2656,485,698,213
Truck468337,3331,3238,490,698,208
Truck468442,1339,3331,520,698,178
Truck468504,0,3239,540,698,158
Truck468203,3121,3239,455,699,244
Truck468651,2655,0,580,699,119
Truck468704,2437,2998,595,699,104
Truck468753,2821,3239,605,699,94
Truck468821,2224,2822,625,699,74
Truck468948,3239,2437,660,699,39
Truck468115,3238,2821,430,700,270
Truck468123,2821,3238,430,700,270
Truck468835,3238,0,630,700,70
Truck468841,3331,2225,630,700,70
Truck467047,1338,1339,135,701,566
Truck468418,2999,2821,515,701,186
Truck468935,2998,2821,655,701,46
Truck466855,3238,1338,80,703,623
Truck467011,1338,2822,125,703,578
Truck468000,0,2225,400,703,303
Truck468060,3122,2225,415,703,288
Truck468061,3238,3121,415,703,288
Truck468149,3121,2436,440,703,263
Truck468331,3238,2656,490,703,213
Truck468467,2998,2436,525,703,178
Truck468705,2655,1339,595,703,108
Truck468221,3121,2821,460,704,244
Truck468722,2437,2656,600,704,104
Truck468966,3239,2999,665,704,39
Truck467389,1338,2437,230,705,475
Truck468842,2656,2999,630,706,76
Truck467680,2999,1338,310,707,397
Truck467721,2436,2224,320,707,387
Truck468275,3121,1339,475,707,232
Truck468633,2655,2822,575,707,132
Truck468645,2821,1338,575,707,132
Truck468862,2822,2224,635,707,72
Truck468026,2225,3331,405,708,303
Truck468733,3331,2998,600,708,108
Truck467719,3238,2224,320,709,389
Truck467795,2224,0,340,709,369
Truck468239,3121,2656,465,709,244
Truck468740,2437,2224,605,709,104
Truck468877,3331,2999,640,710,70
Truck468907,3238,3122,650,710,60
Truck468107,2998,3122,425,711,286
Truck468617,3121,2437,570,711,141
Truck468818,2225,2436,625,711,86
Truck468971,2998,2821,665,711,46
Truck468481,3331,2224,530,712,182
Truck468664,2822,2225,580,712,132
Truck468802,1339,2437,620,712,92
Truck468913,3331,2821,650,712,62
Truck469080,0,1339,700,712,12
Truck468044,2225,2655,410,713,303
Truck468097,3238,3121,425,713,288
Truck468257,3121,2655,470,714,244
Truck468280,1339,2822,475,714,239
Truck468758,2437,3239,610,714,104
Truck468925,3238,3122,655,715,60
Truck468234,0,2822,465,716,251
Truck468515,2224,2656,540,716,176
Truck468518,2656,2224,540,716,176
Truck467757,2436,2821,330,717,387
Truck467899,3238,2225,370,717,347
Truck468681,2821,3121,585,717,132
Truck467065,1338,2656,140,718,578
Truck467751,2655,2436,330,718,388
Truck467808,3122,2436,345,718,373
Truck467811,2436,3122,345,718,373
Truck468113,3121,3238,430,718,288
Truck468618,3122,3239,570,718,148
Truck468655,3238,2655,580,718,138
Truck468682,2822,3121,585,718,133
Truck468922,2999,3121,655,718,63
Truck468512,2225,3121,540,719,179
Truck468943,3238,1339,660,719,59
Truck468136,1339,2998,435,720,285
Truck468268,2822,0,470,720,250
Truck468510,3122,3331,540,720,180
Truck468885,2655,2656,645,720,75
Truck468263,2224,2437,470,721,251
Truck468896,2656,2437,645,721,76
Truck469104,3122,0,705,721,16
Truck467734,2999,1338,325,722,397
Truck468294,3122,2822,480,722,242
Truck468699,2821,2437,590,722,132
Truck468131,3121,3238,435,723,288
Truck468132,3122,2225,435,723,288
Truck468539,2998,2655,545,723,178
Truck468700,2822,1338,590,723,133
Truck468787,3331,2998,615,723,108
Truck468792,0,2437,620,723,103
Truck468809,2998,2656,620,723,103
Truck467769,2655,2436,335,724,389
Truck467849,2224,0,355,724,369
Truck468482,2656,0,530,724,194
Truck468794,2437,2998,620,724,104
Truck468961,3238,1339,665,724,59
Truck469038,3239,2437,685,724,39
Truck468213,2821,3238,455,725,270
Truck468840,3239,2822,630,725,95
Truck468931,3331,2655,655,725,70
Truck468281,2224,3121,475,726,251
Truck469122,3122,0,710,726,16
Truck467793,2436,3239,340,727,387
Truck468535,3331,2224,545,727,182
Truck466939,1338,3238,105,728,623
Truck468098,2225,2655,425,728,303
Truck468243,2436,3121,465,728,263
Truck468421,3238,2656,515,728,213
Truck468550,1339,3331,550,728,178
Truck468687,2655,3238,590,728,138
Truck467784,0,2436,340,729,389
Truck468311,3121,2998,485,729,244
Truck468718,2822,2225,595,729,134
Truck468812,2437,2656,625,729,104
Truck468891,2436,2225,645,730,85
Truck468949,3331,2436,660,730,70
Truck467847,2436,1339,355,731,376
Truck468143,2998,0,435,731,296
Truck468179,2998,3122,445,731,286
Truck468526,2999,0,545,731,186
Truck468696,3239,2998,590,731,141
Truck468936,0,3238,660,731,71
Truck469043,2998,2821,685,731,46
Truck468206,2225,1338,455,732,277
Truck468735,2821,2225,600,732,132
Truck466957,1338,3238,110,733,623
Truck468116,2225,2224,430,733,303
Truck469065,2655,3239,695,733,38
Truck468830,2437,3331,630,734,104
Truck468997,3238,1339,675,734,59
Truck469074,3239,2999,695,734,39
Truck468967,3331,2225,665,735,70
Truck467883,2436,3122,365,736,371
Truck468322,2822,0,485,736,251
Truck468950,2656,2225,660,736,76
Truck469061,2998,2821,690,736,46
Truck467829,2436,2821,350,737,387
Truck467972,2225,3238,390,737,347
Truck468348,3122,2821,495,737,242
Truck468571,3331,2224,555,737,182
Truck468741,2655,2821,605,737,132
Truck468892,1339,2437,645,737,92
Truck467137,1338,3239,160,738,578
Truck468134,2225,2656,435,738,303
Truck468686,2437,3238,590,738,148
Truck468347,3121,2656,495,739,244
Truck468581,3121,2225,560,739,179
Truck469092,3239,2436,700,739,39
Truck467892,0,2224,370,740,370
Truck467939,2224,3122,380,740,360
Truck468506,2437,2225,540,740,200
Truck468803,2224,2821,620,740,120
Truck468985,3331,2225,670,740,70
Truck468561,2655,2999,555,741,186
Truck468562,2999,3331,555,741,186
Truck468605,2224,2656,565,741,176
Truck468968,2656,1338,665,741,76
Truck468972,0,3238,670,741,71
Truck468587,2224,3331,560,742,182
Truck468771,2821,2999,610,742,132
Truck468988,2822,2998,670,742,72
Truck467155,1338,2821,165,743,578
Truck468152,2225,2224,440,743,303
Truck468604,1339,3331,565,743,178
Truck468709,3238,2437,595,743,148
Truck468859,3331,2998,635,743,108
Truck468866,2437,0,640,743,103
Truck468878,2656,2998,640,743,103
Truck468365,3121,2656,500,744,244
Truck468989,2998,2224,670,744,74
Truck467910,0,2224,375,745,370
Truck468582,3122,2656,560,745,185
Truck468253,1338,2225,470,746,276
Truck468353,2224,2437,495,746,251
Truck468580,2999,3239,560,746,186
Truck468623,2224,2656,570,746,176
Truck467865,2436,0,360,747,387
Truck468789,2821,2999,615,747,132
Truck468920,2437,1339,655,747,92
Truck467173,1338,3331,170,748,578
Truck468170,2225,2822,445,748,303
Truck468629,2998,2436,570,748,178
Truck469128,3239,2656,710,748,38
Truck468383,3121,3239,505,749,244
Truck468831,2655,0,630,749,119
Truck468411,2821,3122,510,750,240
Truck468558,0,2656,555,750,195
Truck468634,2999,1339,575,750,175
Truck469021,3331,3121,680,750,70
Truck468598,2999,2998,565,751,186
Truck468795,2655,2822,620,751,131
Truck469004,2656,2436,675,751,76
Truck469115,2998,2821,705,751,46
Truck468946,1339,2437,660,752,92
Truck469049,3121,2999,690,752,62
Truck467035,3238,1338,130,753,623
Truck468188,2225,3239,450,753,303
Truck468329,3121,2436,490,753,263
Truck468401,3121,0,510,753,243
Truck468529,3238,3331,545,753,208
Truck468626,2656,1339,570,753,183
Truck468647,2998,3121,575,753,178
Truck468744,3122,3239,605,753,148
Truck468750,3239,3122,605,753,148
Truck467641,1338,3121,300,754,454
Truck468269,2998,1339,470,755,285
Truck468244,1339,2225,465,756,291
Truck468389,2224,1338,505,756,251
Truck468616,2999,3331,570,756,186
Truck468296,2225,1338,480,757,277
Truck468813,2655,2821,625,757,132
Truck467209,1338,3331,180,758,578
Truck468665,2998,2999,580,758,178
Truck468932,2656,2998,655,758,103
Truck468010,1339,2224,400,759,359
Truck468419,3121,3331,515,759,244
Truck468867,2655,0,640,759,119
Truck469087,3238,1339,700,759,59
Truck468475,3238,2999,530,760,230
Truck468009,2436,1338,400,761,361
Truck468260,2225,1339,470,761,291
Truck467919,2436,2998,375,762,387
Truck468438,3122,2821,520,762,242
Truck468679,3331,1339,585,762,177
Truck469112,2656,2822,705,762,57
Truck467227,1338,2656,185,763,578
Truck468224,2225,2998,460,763,303
Truck468277,3238,3121,475,763,288
Truck468669,2655,2998,585,763,178
Truck468683,2998,2999,585,763,178
Truck468437,3121,2998,520,764,244
Truck468938,2437,2822,660,764,104
Truck469182,3239,2999,725,764,39
Truck468197,2998,3238,450,765,315
Truck468893,2224,2821,645,765,120
Truck468897,2821,2224,645,765,120
Truck469075,3331,2436,695,765,70
Truck468425,2224,2437,515,766,251
Truck468652,2999,2821,580,766,186
Truck468691,3238,3239,590,766,176
Truck468706,2999,3122,595,766,171
Truck469266,3122,0,750,766,16
Truck467893,1338,2999,370,767,397
Truck467973,2436,1339,390,767,377
Truck468496,1339,3121,535,767,232
Truck469000,1339,2437,675,767,92
Truck467083,1338,3238,145,768,623
Truck467245,1338,3331,190,768,578
Truck468242,2225,2998,465,768,303
Truck468701,2998,2436,590,768,178
Truck468804,3239,3122,620,768,148
Truck467304,3122,1338,205,769,564
Truck468455,3121,2998,525,769,244
Truck469005,2821,3239,675,769,94
Truck469200,3239,1338,730,769,39
Truck468215,2998,3238,455,770,315
Truck468308,2437,2436,485,770,285
Truck468478,1339,2821,530,770,240
Truck469093,3331,2436,700,770,70
Truck468435,2655,2224,520,771,251
Truck468670,2999,0,585,771,186
Truck469076,2656,2436,695,771,76
Truck468312,3122,2998,485,772,287
Truck468514,1339,3121,540,772,232
Truck468715,3331,1339,595,772,177
Truck468786,3239,0,615,772,157
Truck468879,2821,2436,640,772,132
Truck467263,1338,2822,195,773,578
Truck468252,0,2225,470,773,303
Truck468385,3238,2822,505,773,268
Truck469218,3239,2656,735,773,38
Truck468473,3121,2655,530,774,244
Truck468974,2437,3331,670,774,104
Truck469097,2998,2224,700,774,74
Truck468918,0,2655,655,775,120
Truck469020,3239,2822,680,775,95
Truck469111,3331,2655,705,775,70
Truck468450,0,2821,525,776,251
Truck468688,2999,0,590,776,186
Truck469094,2656,2225,700,776,76
Truck467932,2999,1338,380,777,397
Truck468898,2822,2655,645,777,132
Truck469052,2225,2436,690,777,87
Truck469147,3331,2821,715,777,62
Truck467280,0,1338,200,778,578
Truck468278,2225,2656,475,778,303
Truck468975,2655,1339,670,778,108
Truck468990,0,2437,675,778,103
Truck469254,3239,3331,745,778,33
Truck467971,3238,2224,390,779,389
Truck467975,2224,3238,390,779,389
Truck468992,2437,2655,675,779,104
Truck469236,3239,2436,740,779,39
Truck468708,3122,2656,595,780,185
Truck469129,3331,3121,710,780,70
Truck468078,3122,2224,420,781,361
Truck468468,0,2821,530,781,251
Truck468479,2224,3121,530,781,251
Truck468752,2656,2224,605,781,176
Truck467947,1338,2999,385,782,397
Truck467991,2436,2224,395,782,387
Truck468412,2822,3238,510,782,272
Truck467299,1338,2821,205,783,578
Truck468755,2998,1338,605,783,178
Truck468848,2437,3238,635,783,148
Truck469064,2437,3122,695,783,88
Truck469256,2656,3239,745,783,38
Truck467358,3122,1338,220,784,564
Truck467989,3238,2224,395,784,389
Truck468042,3122,2436,410,784,374
Truck468065,2224,0,415,784,369
Truck468259,3238,2998,470,785,315
Truck468684,0,2656,590,785,195
Truck469060,2822,3239,690,785,95
Truck468497,2224,2437,535,786,251
Truck468720,0,2999,600,786,186
Truck468724,2999,2822,600,786,186
Truck469130,2656,2437,710,786,76
Truck468563,3121,1339,555,787,232
Truck468768,3239,3238,610,787,177
Truck468933,2821,2436,655,787,132
Truck469175,3121,2999,725,787,62
Truck467317,1338,3239,210,788,578
Truck468306,0,2225,485,788,303
Truck468314,2225,2655,485,788,303
Truck468367,3238,3121,500,788,288
Truck468773,2998,2999,610,788,178
Truck468903,2655,3238,650,788,138
Truck469018,1339,2655,680,788,108
Truck469100,2437,2999,705,788,83
Truck467771,3121,1338,335,789,454
Truck468011,2224,3238,400,789,389
Truck468118,1339,2224,430,789,359
Truck468527,3121,3239,545,789,244
Truck469028,2437,2655,685,789,104
Truck469272,3239,2225,750,789,39
Truck468287,2998,3238,475,790,315
Truck468762,3122,3331,610,790,180
Truck469165,3331,2436,720,790,70
Truck468395,2998,3122,505,791,286
Truck468742,2999,2998,605,791,186
Truck468796,2999,3122,620,791,171
Truck469148,2656,3121,715,791,76
Truck467380,1339,1338,225,792,567
Truck467983,1338,2999,395,792,397
Truck468027,2436,2998,405,792,387
Truck468546,3122,2821,550,792,242
Truck468939,2655,2822,660,792,132
Truck468951,2821,2225,660,792,132
Truck469221,2821,2656,735,792,57
Truck468332,2225,2822,490,793,303
Truck468477,2436,3121,530,793,263
Truck468545,3121,0,550,793,243
Truck468791,2998,2437,615,793,178
Truck468846,0,3239,635,793,158
Truck469044,0,2437,690,793,103
Truck467785,1338,3121,340,794,454
Truck468540,0,3121,550,794,244
Truck468782,2225,3121,615,794,179
Truck469029,2655,3122,685,794,109
Truck468537,2821,0,545,795,250
Truck469183,3331,2225,725,795,70
Truck468045,2436,2822,410,796,386
Truck468081,2436,1339,420,796,376
Truck468525,2655,2224,545,796,251
Truck468760,2999,0,610,796,186
Truck468001,1338,2999,400,797,397
Truck468039,2655,2436,410,797,387
Truck468969,2821,2655,665,797,132
Truck468970,2822,2999,665,797,132
Truck468994,2999,2225,675,797,122
Truck469396,1339,0,785,797,12
Truck468350,2225,3331,495,798,303
Truck468697,3331,3238,590,798,208
Truck468902,2437,3238,650,798,148
Truck468906,3122,3239,650,798,148
Truck468096,3122,2436,425,799,374
Truck469187,2998,2224,725,799,74
Truck468431,2998,1339,515,800,285
Truck469191,2655,3331,730,800,70
Truck469201,3331,2436,730,800,70
Truck468145,1338,2436,440,801,361
Truck468778,2999,2821,615,801,186
Truck468928,1339,3239,655,801,146
Truck467371,1338,0,225,802,577
Truck469204,2822,2998,730,802,72
Truck468063,2436,2822,415,803,388
Truck468172,1339,2224,445,804,359
Truck469082,2437,2998,700,804,104
Truck468573,2821,0,555,805,250
Truck468569,2224,2437,555,806,251
Truck469202,2656,2999,730,806,76
Truck468163,1338,2436,445,807,362
Truck468600,3122,2822,565,807,242
Truck469006,2822,1338,675,807,132
Truck469274,2656,2822,750,807,57
Truck468075,2655,2436,420,808,388
Truck468386,2225,2656,505,808,303
Truck468439,3238,3121,520,808,288
Truck468845,2998,3121,630,808,178
Truck468900,0,3239,650,808,158
Truck468979,3238,2655,670,808,138
Truck469172,2437,2999,725,808,83
Truck469335,2655,3239,770,808,38
Truck468083,2224,3238,420,809,389
Truck468599,3121,3239,565,809,244
Truck468833,3121,2225,630,809,179
Truck469146,3239,2822,715,809,94
Truck468850,2999,1339,635,810,175
Truck469209,2655,2656,735,810,75
Truck469237,3331,2225,740,810,70
Truck468440,2225,1339,520,811,291
Truck468814,2999,3239,625,811,186
Truck469224,0,3238,740,811,71
Truck469464,3122,1339,805,811,6
Truck468135,2436,1339,435,812,377
Truck468181,1338,2436,450,812,362
Truck468494,2225,1338,535,812,277
Truck469023,2821,2437,680,812,132
Truck469292,2656,2821,755,812,57
Truck469381,3331,3239,780,812,32
Truck467461,1338,3122,250,813,563
Truck468093,2655,2436,425,813,388
Truck468404,2225,2655,510,813,303
Truck468671,3121,3122,585,813,228
Truck468863,2998,1338,635,813,178
Truck468956,2437,3238,665,813,148
Truck469119,2655,2437,710,813,103
Truck469118,2437,3331,710,814,104
Truck469164,3239,2821,720,815,95
Truck468117,2436,0,430,816,386
Truck468154,1339,2436,440,816,376
Truck468646,2822,1339,575,816,241
Truck468832,2999,2656,630,816,186
Truck469238,2656,3121,740,816,76
Truck467425,1338,0,240,817,577
Truck469041,2821,1338,685,817,132
Truck469291,3331,2821,755,817,62
Truck468422,2225,3331,515,818,303
Truck468881,2998,2225,640,818,178
Truck469011,2655,3238,680,818,138
Truck469042,2822,3121,685,818,133
Truck468635,3121,2656,575,819,244
Truck469136,2437,2655,715,819,104
Truck469185,2821,3239,725,819,94
Truck469025,2998,3239,680,820,140
Truck469245,2655,2656,745,820,75
Truck469303,3238,3122,760,820,60
Truck468171,2436,1339,445,821,376
Truck468503,2998,3122,535,821,286
Truck469365,2821,2998,775,821,46
Truck468875,2224,3331,640,822,182
Truck469302,3122,3238,760,822,62
Truck469328,2656,2822,765,822,57
Truck467281,1338,3238,200,823,623
Truck467443,1338,2822,245,823,578
Truck468245,2224,1339,465,823,358
Truck468653,3121,2656,580,824,244
Truck469324,1339,3238,765,824,59
Truck468198,0,2224,455,825,370
Truck469263,2655,2656,750,825,75
Truck468574,2822,3238,555,826,271
Truck468630,0,2821,575,826,251
Truck468641,2224,1338,575,826,251
Truck468868,2999,3239,640,826,186
Truck468153,2436,2224,440,827,387
Truck468984,3239,0,670,827,157
Truck469077,2821,2436,695,827,132
Truck469329,2821,3331,765,827,62
Truck468458,2225,2656,525,828,303
Truck469010,2437,3238,680,828,148
Truck469155,2655,1339,720,828,108
Truck469226,2437,3122,740,828,88
Truck469407,2655,3239,790,828,38
Truck468155,2224,3238,440,829,389
Truck468864,0,3331,640,829,189
Truck468583,3238,2821,560,830,270
Truck468591,2821,3238,560,830,270
Truck468694,1339,2821,590,830,240
Truck469309,3331,2436,760,830,70
Truck468886,2999,0,645,831,186
Truck469401,2821,2998,785,831,46
Truck469002,3239,0,675,832,157
Truck469095,2821,1338,700,832,132
Truck469453,3331,3239,800,832,32
Truck468895,3331,0,645,833,188
Truck469180,1339,2655,725,833,108
Truck468169,3238,2224,445,834,389
Truck468717,2821,1339,595,834,239
Truck468914,2656,3122,650,834,184
Truck469096,2822,2655,700,834,134
Truck469190,2437,3331,730,834,104
Truck469558,1339,3122,830,834,4
Truck468449,2998,3238,520,835,315
Truck469327,3331,2655,765,835,70
Truck467858,2437,1338,360,836,476
Truck468677,2224,2999,585,836,251
Truck468904,2999,3331,650,836,186
Truck468958,2999,3122,665,836,171
Truck469054,1339,3239,690,836,146
Truck469554,3122,1339,830,836,6
Truck468189,2436,3331,450,837,387
Truck469113,2821,2999,705,837,132
Truck469330,2822,2224,765,837,72
Truck467497,1338,2821,260,838,578
Truck467499,2655,1338,260,838,578
Truck468953,2998,3121,660,838,178
Truck468191,2224,3238,450,839,389
Truck468639,2436,3121,575,839,264
Truck468702,0,3121,595,839,244
Truck469114,2822,1338,705,839,134
Truck469208,2437,3239,735,839,104
Truck469452,3239,2436,800,839,39
Truck469167,2821,2224,720,840,120
Truck468207,2436,3239,455,841,386
Truck468695,2224,2225,590,841,251
Truck469287,2436,2225,755,841,86
Truck469131,2821,3121,710,842,132
Truck469270,1339,2437,750,842,92
Truck467515,1338,2655,265,843,578
Truck468258,3122,2436,470,843,373
Truck468261,2436,3122,470,843,373
Truck468564,3122,2225,555,843,288
Truck469241,2998,2656,740,843,103
Truck468725,3121,3331,600,844,244
Truck468959,3121,2225,665,844,179
Truck469132,2822,2999,710,844,134
Truck469470,3239,2999,805,844,39
Truck468593,2998,1339,560,845,285
Truck469353,2655,3331,775,845,70
Truck469363,3331,2225,775,845,70
Truck467569,1338,1339,280,846,566
Truck469455,2821,2998,800,846,46
Truck468225,2436,2822,460,847,387
Truck469509,2821,2822,815,847,32
Truck467532,0,1338,270,848,578
Truck468530,2225,2655,545,848,303
Truck468853,3238,2656,635,848,213
Truck468860,2656,3238,635,848,213
Truck469150,2822,2436,715,848,133
Truck469244,2437,0,745,848,103
Truck468227,2224,3238,460,849,389
Truck468738,0,3121,605,849,244
Truck468743,3121,3239,605,849,244
Truck469361,2224,2998,775,849,74
Truck469488,3239,2999,810,849,39
Truck468978,3122,3331,670,850,180
Truck469323,2436,2225,765,850,85
Truck468731,2224,2655,600,851,251
Truck468736,2822,0,600,851,251
Truck469475,2998,2821,805,851,46
Truck468797,3121,1339,620,852,232
Truck469168,2822,3121,720,852,132
Truck467551,1338,2821,275,853,578
Truck468548,2225,2656,550,853,303
Truck468982,1339,2656,670,853,183
Truck468993,2655,2998,675,853,178
Truck469007,2998,2437,675,853,178
Truck469524,3239,3331,820,853,33
Truck468759,2655,3121,610,854,244
Truck468986,2656,3122,670,854,184
Truck469262,2437,2998,750,854,104
Truck469312,2822,3239,760,854,94
Truck467929,1338,2437,380,855,475
Truck468784,1339,2821,615,855,240
Truck469308,3239,2821,760,855,95
Truck469399,3331,1338,785,855,70
Truck469382,2656,1338,780,856,76
Truck468566,2225,0,555,857,302
Truck468656,2225,1338,580,857,277
Truck468815,3121,1339,625,857,232
Truck468820,1339,3121,625,857,232
Truck469003,3331,2224,675,857,182
Truck469173,2655,2822,725,858,133
Truck468779,3121,2821,615,859,244
Truck469036,1339,2999,685,859,174
Truck469186,2822,2436,725,859,134
Truck469280,2437,2656,755,859,104
Truck469648,1339,3122,855,859,4
Truck469417,3331,2655,790,860,70
Truck468772,2822,0,610,861,251
Truck469326,3239,2822,765,861,96
Truck468279,2436,3331,475,862,387
Truck469110,3239,0,705,862,157
Truck469203,2821,2225,730,862,132
Truck469342,1339,2437,770,862,92
Truck469472,2656,2822,805,862,57
Truck467587,1338,3331,285,863,578
Truck468273,2655,2436,475,863,388
Truck468584,2225,2656,560,863,303
Truck469022,2656,1339,680,863,183
Truck469177,3238,2655,725,863,138
Truck469298,2437,0,760,863,103
Truck469544,2656,3239,825,863,38
Truck469564,2822,2821,830,863,33
Truck469281,2655,3122,755,864,109
Truck469415,2224,2822,790,864,74
Truck468557,2998,3238,550,865,315
Truck468825,2821,3122,625,865,240
Truck468826,2822,1339,625,865,240
Truck469048,2999,1339,690,865,175
Truck469253,2224,2821,745,865,120
Truck469435,3331,2999,795,865,70
Truck468774,0,2821,615,866,251
Truck469012,2999,2224,680,866,186
Truck469418,2656,2436,790,866,76
Truck468654,3122,2998,580,867,287
Truck469056,3239,3238,690,867,177
Truck469068,3122,2999,695,867,172
Truck469376,2225,2436,780,867,87
Truck469491,2821,2656,810,867,57
Truck469638,0,1339,855,867,12
Truck467605,1338,3239,290,868,578
Truck468297,2436,3331,480,868,388
Truck468602,2225,2998,565,868,303
Truck469316,2437,0,765,868,103
Truck468838,1339,2822,630,869,239
Truck469560,3239,1338,830,869,39
Truck469050,3122,3331,690,870,180
Truck469066,2999,1339,695,870,175
Truck469362,3239,2822,775,870,95
Truck469030,2999,0,685,871,186
Truck469069,3238,3239,695,871,176
Truck468309,2655,2436,485,872,387
Truck468369,2436,3122,500,872,372
Truck468869,3121,1339,640,872,232
Truck469086,3122,2999,700,872,172
Truck469239,2821,2437,740,872,132
Truck469240,2822,2999,740,872,132
Truck469508,2656,2821,815,872,57
Truck469666,1339,0,860,872,12
Truck467623,1338,2656,295,873,578
Truck468612,0,2225,570,873,303
Truck468765,2436,3121,610,873,263
Truck469058,2656,1339,690,873,183
Truck469072,1339,3331,695,873,178
Truck469332,0,2437,770,873,103
Truck469346,2656,2998,770,873,103
Truck468761,3121,2436,610,874,264
Truck469090,1339,2999,700,874,174
Truck469578,3239,1338,835,874,39
Truck468378,0,2224,505,875,370
Truck469293,2821,2224,755,875,120
Truck469461,2655,3331,805,875,70
Truck469471,3331,1338,805,875,70
Truck468674,2225,1339,585,876,291
Truck468810,0,2821,625,876,251
Truck468981,2436,2999,670,876,206
Truck469412,2225,2436,790,876,86
Truck469454,2656,2655,800,876,76
Truck468728,2225,1338,600,877,277
Truck469257,2821,2999,745,877,132
Truck468333,2436,2998,490,878,388
Truck468874,1339,2822,640,878,238
Truck468976,2999,2436,670,878,208
Truck469231,3238,2655,740,878,138
Truck469258,2822,2225,745,878,133
Truck469406,2437,3122,790,878,88
Truck469596,3239,2656,840,878,38
Truck468851,3121,2224,635,879,244
Truck469352,2437,2224,775,879,104
Truck469426,2999,2437,795,879,84
Truck468443,2224,3122,520,880,360
Truck468763,3238,2821,610,880,270
Truck468692,2225,1339,590,881,291
Truck468351,2436,3331,495,882,387
Truck468746,2225,1338,605,882,277
Truck468880,2822,3122,640,882,242
Truck469276,2822,3121,750,882,132
Truck469525,3331,2822,820,882,62
Truck469635,2821,2822,850,882,32
Truck467659,1338,2655,305,883,578
Truck467713,1338,3122,320,883,563
Truck468414,0,2224,515,885,370
Truck468861,2821,0,635,885,250
Truck469507,3331,2999,815,885,70
Truck469084,2999,2656,700,886,186
Truck469127,2224,2656,710,886,176
Truck469234,1339,3239,740,886,146
Truck469543,3331,2822,825,886,61
Truck469742,2656,3331,880,886,6
Truck468205,3238,2436,455,887,432
Truck469294,2822,2436,755,887,132
Truck467677,1338,3239,310,888,578
Truck468420,3122,2436,515,888,373
Truck469133,2998,2437,710,888,178
Truck469267,3238,2655,750,888,138
Truck468887,3121,2822,645,889,244
Truck469121,3121,2225,710,889,179
Truck469388,2437,2655,785,889,104
Truck469632,3239,3121,850,889,39
Truck468637,3238,2998,575,890,315
Truck469434,3239,2822,795,890,95
Truck468916,2822,3122,650,891,241
Truck468940,2999,3238,660,891,231
Truck469035,2436,2999,685,891,206
Truck469102,2999,3239,705,891,186
Truck467695,1338,0,315,892,577
Truck468387,2436,2655,505,892,387
Truck469311,2821,2999,760,892,132
Truck469340,2225,2999,770,892,122
Truck469442,2437,1339,800,892,92
Truck469137,2655,2998,715,893,178
Truck468837,2436,3121,630,894,264
Truck468934,2822,1339,655,895,240
Truck469156,2999,1339,720,895,175
Truck469392,3122,2655,785,895,110
Truck468492,3122,2224,535,896,361
Truck469770,3122,1339,890,896,6
Truck468405,2436,3239,510,897,387
Truck468710,2225,0,595,897,302
Truck468882,0,2822,645,897,252
Truck469317,2655,2821,765,897,132
Truck469037,2224,3239,685,898,213
Truck469040,2656,3238,685,898,213
Truck469169,2998,2225,720,898,178
Truck469422,0,2437,795,898,103
Truck468923,3121,2821,655,899,244
Truck469424,2437,3331,795,899,104
Truck468460,1339,2436,525,900,375
Truck468673,3238,2998,585,900,315
Truck469533,2655,2656,825,900,75
Truck469555,3238,0,830,900,70
Truck469561,3331,2436,830,900,70
Truck468764,2225,1339,610,901,291
Truck468776,2437,2436,615,901,286
Truck469290,3239,1339,755,901,146
Truck469796,2656,3331,895,901,6
Truck468423,2436,2822,515,902,387
Truck468723,2655,2225,600,902,302
Truck469347,2821,3121,770,902,132
Truck467731,1338,2822,325,903,578
Truck468533,2224,1339,545,903,358
Truck469166,2656,3122,720,904,184
Truck469198,1339,2999,730,904,174
Truck469565,2998,2224,830,904,74
Truck469686,3239,2225,865,904,39
Truck469573,3238,0,835,905,70
Truck468929,2224,3121,655,906,251
Truck469319,3121,2437,765,906,141
Truck469562,2656,2437,830,906,76
Truck467749,1338,0,330,907,577
Truck468995,3121,1339,675,907,232
Truck469615,3331,2822,845,907,62
Truck469617,2821,3331,845,907,62
Truck468798,3122,2225,620,908,288
Truck468799,3238,3121,620,908,288
Truck469205,2998,2225,730,908,178
Truck469443,2655,1339,800,908,108
Truck469450,1339,2655,800,908,108
Truck469704,3239,2656,870,908,38
Truck469706,2656,3239,870,908,38
Truck469460,2437,3331,805,909,104
Truck469534,2999,2437,825,909,84
Truck468127,1338,2437,435,910,475
Truck469124,2225,2437,710,910,200
Truck468827,2998,3122,625,911,286
Truck468947,2224,2437,660,911,251
Truck469174,2999,2656,725,911,186
Truck469220,2656,2224,735,911,176
Truck468459,2436,2656,525,912,387
Truck468601,3238,2225,565,912,347
Truck469199,2224,3331,730,912,182
Truck469600,2822,2998,840,912,72
Truck467767,1338,3239,335,913,578
Truck468816,3122,2225,625,913,288
Truck469219,3331,3122,735,913,178
Truck469223,2998,2655,735,913,178
Truck469278,0,3239,755,913,158
Truck469384,2822,2436,780,913,133
Truck468977,3121,3331,670,914,244
Truck469032,3122,3121,685,914,229
Truck469478,2437,3331,810,914,104
Truck469527,2821,3239,820,914,94
Truck469536,3122,2437,825,914,89
Truck469595,2224,2822,840,914,74
Truck469212,3122,3331,735,915,180
Truck468957,2655,2224,665,916,251
Truck469192,2999,2655,730,916,186
Truck469344,3239,1339,770,916,146
Truck468436,2999,1338,520,917,397
Truck468620,2225,3238,570,917,347
Truck469120,2999,2436,710,917,207
Truck469402,2822,2437,785,917,132
Truck469556,2225,2436,830,917,87
Truck469216,1339,2656,735,918,183
Truck469339,3238,2437,770,918,148
Truck468551,2224,0,550,919,369
Truck468586,1339,2224,560,919,359
Truck469024,2822,1339,680,919,239
Truck469188,0,3331,730,919,189
Truck469496,2437,2224,815,919,104
Truck469545,2821,3239,825,919,94
Truck469633,3331,2436,850,920,70
Truck469210,2999,2656,735,921,186
Truck469370,2437,3121,780,921,141
Truck469637,2998,2822,850,921,71
Truck469727,2998,2821,875,921,46
Truck468495,2436,2656,535,922,387
Truck469419,2821,1338,790,922,132
Truck469662,3122,3238,860,922,62
Truck467803,1338,3239,345,923,578
Truck468800,2225,2998,620,923,303
Truck469314,0,3239,765,923,158
Truck469749,2655,3239,885,923,38
Truck468941,3121,2436,660,924,264
Truck469013,3121,2656,680,924,244
Truck469514,2437,2655,820,924,104
Truck469641,2655,3331,855,925,70
Truck469651,3331,2225,855,925,70
Truck468513,2436,2656,540,926,386
Truck468549,2436,1339,550,926,376
Truck469001,2224,3121,675,926,251
Truck469228,2999,2656,740,926,186
Truck469391,3121,2437,785,926,141
Truck469425,2655,2822,795,926,131
Truck468872,2225,3122,640,927,287
Truck469284,3122,2999,755,927,172
Truck469437,2821,2437,795,927,132
Truck469687,3331,2822,865,927,62
Truck467820,0,1338,350,928,578
Truck469159,3238,3331,720,928,208
Truck469273,3331,3122,750,928,178
Truck469277,2998,2437,750,928,178
Truck469522,1339,2655,820,928,108
Truck468963,2436,3121,665,929,264
Truck469031,3121,3331,685,929,244
Truck469059,2821,1339,690,929,239
Truck469532,2437,2998,825,929,104
Truck469649,2224,2822,855,929,74
Truck469421,2998,3239,790,930,140
Truck469669,3331,2225,860,930,70
Truck468952,2822,3238,660,931,271
Truck469019,2224,2655,680,931,251
Truck469246,2999,2656,745,931,186
Truck469652,2656,1338,855,931,76
Truck468531,2436,2224,545,932,387
Truck469271,2224,3331,750,932,182
Truck469480,2999,2225,810,932,122
Truck469672,2822,2998,860,932,72
Truck469724,2656,2821,875,932,57
Truck467839,1338,2224,355,933,578
Truck468836,2225,2822,630,933,303
Truck469255,3331,0,745,933,188
Truck469295,2998,2225,755,933,178
Truck469456,2822,2437,800,933,133
Truck468293,3121,1338,480,934,454
Truck468640,1339,2224,575,934,359
Truck469550,2437,2655,830,934,104
Truck468594,0,2224,565,935,370
Truck469105,3238,2999,705,935,230
Truck469078,2822,1339,695,936,241
Truck469260,0,2999,750,936,186
Truck469264,2999,2656,750,936,186
Truck469691,2998,2822,865,936,71
Truck469922,2656,3331,930,936,6
Truck468908,2225,3122,650,937,287
Truck469473,2821,2437,805,937,132
Truck469690,2822,2224,865,937,72
Truck467857,1338,2821,360,938,578
Truck467911,1338,3122,375,938,563
Truck468854,2225,2822,635,938,303
Truck468905,3121,3238,650,938,288
Truck469181,2224,3239,725,938,213
Truck469184,2656,3238,725,938,213
Truck469410,3122,3239,790,938,148
Truck469474,2822,2436,805,938,133
Truck469726,2822,3331,875,938,63
Truck469814,2656,3239,900,938,38
Truck469568,2437,2655,835,939,104
Truck468659,2224,3122,580,940,360
Truck468987,2821,3238,670,940,270
Truck469123,3238,2999,710,940,230
Truck469705,3331,2655,870,940,70
Truck468621,2436,3122,570,941,371
Truck469047,2655,2224,690,941,251
Truck469282,2999,2224,755,941,186
Truck468567,2436,3331,555,942,387
Truck468924,3122,2998,655,942,287
Truck469307,2224,3331,760,942,182
Truck469479,2655,2821,810,942,132
Truck469331,2998,2437,765,943,178
Truck469429,3238,2437,795,943,148
Truck469492,2822,1338,810,943,133
Truck469601,2998,2656,840,943,103
Truck469762,2822,2656,885,943,58
Truck469083,2655,3121,700,944,244
Truck469085,3121,3239,700,944,244
Truck469310,2656,3122,760,944,184
Truck469830,3239,2225,905,944,39
Truck469723,3331,2225,875,945,70
Truck468585,2436,2821,560,946,386
Truck469062,0,2822,695,946,251
Truck469073,2224,3121,695,946,251
Truck469138,2999,3238,715,946,231
Truck469296,0,2999,760,946,186
Truck469300,2999,2655,760,946,186
Truck468942,3122,2998,660,947,287
Truck469345,3331,1339,770,947,177
Truck469510,2822,1338,815,947,132
Truck468579,2655,2436,560,948,388
Truck468890,2225,2998,645,948,303
Truck469213,3238,2656,735,948,213
Truck469217,2224,3239,735,948,213
Truck469404,0,3239,790,948,158
Truck469587,2655,1339,840,948,108
Truck469850,2656,3239,910,948,38
Truck469360,1339,2999,775,949,174
Truck469551,2655,0,830,949,119
Truck469268,2225,2437,750,950,200
Truck469559,2224,2821,830,950,120
Truck468603,2436,2822,565,951,386
Truck469091,2224,1338,700,951,251
Truck469318,2999,2821,765,951,186
Truck469654,2822,3239,855,951,96
Truck468998,2225,1338,675,952,277
Truck469343,2224,3331,770,952,182
Truck469779,2821,3331,890,952,62
Truck468441,2436,3238,520,953,433
Truck469528,2822,3121,820,953,133
Truck469619,2998,3331,845,953,108
Truck469694,2437,2999,870,953,83
Truck469622,2437,2998,850,954,104
Truck469866,3239,2225,915,954,39
Truck469144,1339,2821,715,955,240
Truck469101,2655,2224,705,956,251
Truck469109,2224,2436,705,956,251
Truck469390,2999,3122,785,956,171
Truck468657,2436,1339,580,957,377
Truck469380,3239,3238,780,957,177
Truck469574,2225,2999,835,957,122
Truck469676,2437,1339,865,957,92
Truck469787,3121,2999,895,957,62
Truck469795,3331,2822,895,957,62
Truck469815,2821,2656,900,957,57
Truck469972,1339,0,945,957,12
Truck468926,2225,3331,655,958,303
Truck469051,3238,2822,690,958,268
Truck469378,1339,3331,780,958,178
Truck469385,2998,2655,780,958,178
Truck469482,3122,3239,810,958,148
Truck469519,3238,2655,820,958,138
Truck469546,2822,1338,825,958,133
Truck469902,3239,3331,925,958,33
Truck468619,3238,2224,570,959,389
Truck469640,2437,2822,855,959,104
Truck469884,3239,2999,920,959,39
Truck468899,2998,3238,645,960,315
Truck469584,0,2655,840,960,120
Truck469354,2999,2998,775,961,186
Truck469408,2999,3122,790,961,171
Truck469760,2656,2999,885,961,76
Truck469781,2998,2822,890,961,71
Truck470012,2656,3331,955,961,6
Truck468944,2225,0,660,962,302
Truck469398,3239,3238,785,962,177
Truck469563,2821,1338,830,962,132
Truck469813,3331,2822,900,962,62
Truck469389,2655,2998,785,963,178
Truck469506,3239,3122,815,963,148
Truck469816,2822,3331,900,963,63
Truck469157,3121,2998,720,964,244
Truck469716,3122,2437,875,964,89
Truck468917,2998,3238,650,965,315
Truck469017,2436,2437,680,965,285
Truck468693,2436,1339,590,966,376
Truck469045,1338,2225,690,966,276
Truck469371,2655,2999,780,966,186
Truck470030,2656,3331,960,966,6
Truck468493,3238,2436,535,967,432
Truck468739,1338,2436,605,967,362
Truck468962,2225,0,665,967,302
Truck469014,3122,2998,680,967,287
Truck469581,2821,3121,835,967,132
Truck467965,1338,2821,390,968,578
Truck469015,3238,3121,680,968,288
Truck469582,2822,2436,835,968,133
Truck469659,2655,1339,860,968,108
Truck469103,3121,2436,705,969,264
Truck469432,1339,2999,795,969,174
Truck469834,2822,3331,905,969,64
Truck469920,3239,2655,930,969,39
Truck469722,3239,2821,875,970,95
Truck469163,2224,2999,720,971,251
Truck469436,2656,2224,795,971,176
Truck470040,3122,1339,965,971,6
Truck469070,2225,1338,695,972,277
Truck469599,2821,2436,840,972,132
Truck469849,3331,2821,910,972,62
Truck467821,1338,3238,350,973,623
Truck468980,2225,2224,670,973,303
Truck469033,3238,3121,685,973,288
Truck469439,2998,1338,795,973,178
Truck469569,2655,3238,835,973,138
Truck468749,2224,0,605,974,369
Truck469193,3121,2822,730,974,244
Truck469743,2821,3239,880,974,94
Truck469811,2224,2998,900,974,74
Truck468361,1338,2437,500,975,475
Truck468785,2224,3122,615,975,360
Truck469831,3331,2437,905,975,70
Truck468037,1338,1339,410,976,566
Truck469046,2437,2436,690,976,286
Truck468730,1339,2436,600,977,377
Truck469336,2999,2436,770,977,207
Truck469618,2822,3121,845,977,132
Truck469773,2436,2225,890,977,87
Truck469886,2656,2821,920,977,57
Truck469457,2998,2436,800,978,178
Truck469605,2655,2822,845,978,133
Truck469956,3239,2656,940,978,38
Truck468767,2224,0,610,979,369
Truck469211,3121,2821,735,979,244
Truck469712,2437,3239,875,979,104
Truck469829,2224,2998,905,979,74
Truck469428,3122,2656,795,980,185
Truck468055,1338,1339,415,981,566
Truck468793,1338,2436,620,981,361
Truck469079,2998,3122,695,981,286
Truck469465,3238,3239,805,981,176
Truck469586,2437,3121,840,981,141
Truck469589,3121,2437,840,981,141
Truck469832,2656,2437,905,981,76
Truck470083,3331,2656,975,981,6
Truck468747,2436,1339,605,982,377
Truck469265,3121,1339,750,982,232
Truck469623,2655,2821,850,982,132
Truck469852,2822,2224,910,982,72
Truck468019,1338,2224,405,983,578
Truck468711,2436,2655,595,983,388
Truck469016,2225,2998,680,983,303
Truck469636,2822,2655,850,983,133
Truck468469,1338,3121,530,984,454
Truck468713,2224,3238,595,984,389
Truck469141,3238,2822,715,984,269
Truck469229,3121,2998,740,984,244
Truck469730,2437,3331,880,984,104
Truck469847,2224,2998,910,984,74
Truck469974,3239,3121,945,984,39
Truck469149,2821,3238,715,985,270
Truck469780,2822,3239,890,985,95
Truck469444,2999,2998,800,986,186
Truck468685,1338,2999,590,987,397
Truck468871,3238,2225,640,987,347
Truck469288,1339,3121,755,987,232
Truck469489,3331,1339,810,987,177
Truck469903,3331,2821,925,987,62
Truck467875,1338,3238,365,988,623
Truck468839,2224,1339,630,988,358
Truck469034,2225,2998,685,988,303
Truck469364,2656,3238,775,988,213
Truck469493,2998,3121,810,988,178
Truck469741,3331,2998,880,988,108
Truck469983,2655,3239,950,988,38
Truck469247,3121,3331,745,989,244
Truck469748,2437,2821,885,989,104
Truck469865,2224,2822,915,989,74
Truck469915,3238,1339,930,989,59
Truck469885,3331,2437,920,990,70
Truck468416,2437,1338,515,991,476
Truck469868,2656,2437,915,991,76
Truck469940,2656,2822,935,991,56
Truck469700,2225,2999,870,992,122
Truck469810,1339,2437,900,992,92
Truck469888,2822,2224,920,992,72
Truck468857,2224,1339,635,993,358
Truck469486,1339,2656,810,993,183
Truck469490,2656,1339,810,993,183
Truck469511,2998,2436,815,993,178
Truck469604,2437,3238,845,993,148
Truck469756,1339,2655,885,993,108
Truck469764,0,2437,890,993,103
Truck469942,2822,2656,935,993,58
Truck469766,2437,2224,890,994,104
Truck470010,3239,2655,955,994,39
Truck469242,0,2822,745,995,250
Truck469725,2821,2224,875,995,120
Truck469875,2655,2656,920,995,75
Truck469933,3238,3122,935,995,60
Truck468801,2436,1339,620,997,377
Truck469689,2821,2999,865,997,132
Truck469828,1339,2437,905,997,92
Truck468073,1338,2998,420,998,578
Truck469393,3238,2656,785,998,213
Truck469400,2656,3238,785,998,213
Truck469529,2998,3121,820,998,178
Truck469677,2655,2822,865,998,133
Truck469283,3121,2656,755,999,244
Truck470028,3239,2999,960,999,39
Truck469275,2821,0,750,1000,250
Truck469921,3331,3121,930,1000,70
Truck468783,2436,3239,615,1001,386
Truck469498,2999,2656,815,1001,186
Truck469904,2656,2437,925,1001,76
Truck470106,0,3122,985,1001,16
Truck470112,3122,0,985,1001,16
Truck469542,3239,3238,825,1002,177
Truck469708,2822,2225,870,1002,132
Truck469957,3331,2821,940,1002,62
Truck468091,1338,3331,425,1003,578
Truck469088,2225,2822,700,1003,303
Truck469139,3121,3238,715,1003,288
Truck469140,3122,2225,715,1003,288
Truck469526,2656,1339,820,1003,183
Truck469547,2998,3121,825,1003,178
Truck469416,3239,2224,790,1004,214
Truck469535,3121,2225,825,1004,179
Truck469802,2437,2998,900,1004,104
Truck469154,2437,2436,720,1005,285
Truck469222,2822,3238,735,1005,270
Truck469788,3122,2655,895,1005,110
Truck469939,3331,2437,935,1005,70
Truck469289,2224,3121,755,1006,251
Truck469515,2655,2999,820,1006,186
Truck470166,3122,1339,1000,1006,6
Truck469106,2225,0,705,1007,302
Truck469620,0,3239,850,1008,158
Truck469658,2437,3238,860,1008,148
Truck469821,2655,2437,905,1008,103
Truck469820,2437,2998,905,1009,104
Truck468911,2224,3122,650,1010,360
Truck469570,2999,1339,835,1010,175
Truck468488,2437,1338,535,1011,476
Truck469151,2998,0,715,1011,296
Truck469162,1339,2225,720,1011,291
Truck469372,2999,3238,780,1011,231
Truck469530,0,2999,825,1011,186
Truck469944,0,3238,940,1011,71
Truck470148,3122,0,995,1011,16
Truck468775,1338,2999,615,1012,397
Truck468819,2436,0,625,1012,387
Truck469373,3121,1339,780,1012,232
Truck469579,3331,1339,835,1012,177
Truck469744,2822,2437,880,1012,132
Truck468126,0,1338,435,1013,578
Truck468129,2655,1338,435,1013,578
Truck469116,0,2225,710,1013,303
Truck469176,3122,2225,725,1013,288
Truck469853,2998,2656,910,1013,103
Truck468870,3122,2436,640,1014,374
Truck469337,3121,2822,770,1014,244
Truck469594,1339,2999,840,1014,174
Truck469785,2655,0,895,1014,119
Truck469887,2821,3239,920,1014,94
Truck470082,3239,1338,975,1014,39
Truck469249,3238,2821,745,1015,270
Truck468675,2436,3238,585,1016,431
Truck469552,2999,3239,830,1016,186
Truck469598,2656,2224,840,1016,176
Truck470069,2998,2821,970,1016,46
Truck469366,2822,3122,775,1017,242
Truck469608,3122,2999,845,1017,172
Truck469761,2821,2437,885,1017,132
Truck468144,0,1338,440,1018,578
Truck468199,1338,3122,455,1018,563
Truck469142,2225,2822,715,1018,303
Truck469195,3238,3121,730,1018,288
Truck469215,2436,2437,735,1019,284
Truck469355,3121,3239,775,1019,244
Truck469612,1339,2999,845,1019,174
Truck469839,2655,3122,910,1019,109
Truck469856,2437,2821,915,1019,104
Truck469572,3122,2656,835,1020,185
Truck468855,2436,2821,635,1021,386
Truck469740,3239,2998,880,1021,141
Truck468849,2655,2436,635,1022,387
Truck469160,2225,0,720,1022,302
Truck469152,0,2225,720,1023,303
Truck469874,2437,0,920,1023,103
Truck469946,2437,2999,940,1023,83
Truck470118,3239,2999,985,1024,39
Truck468965,2224,3122,665,1025,360
Truck469301,3121,2436,760,1025,265
Truck469350,0,2822,775,1025,250
Truck468542,2437,1338,550,1026,476
Truck469588,2999,3239,840,1026,186
Truck469751,3121,2437,885,1026,141
Truck468873,2436,2224,640,1027,387
Truck469797,2821,2436,895,1027,132
Truck470224,1339,0,1015,1027,12
Truck469170,0,2225,725,1028,303
Truck469178,2225,2655,725,1028,303
Truck469597,3331,0,840,1028,188
Truck469580,2656,0,835,1029,194
Truck469798,2822,2225,895,1029,134
Truck470136,3239,3121,990,1029,39
Truck469252,1339,2998,745,1030,285
Truck469368,0,2822,780,1030,250
Truck469626,3122,3331,850,1030,180
Truck470029,3331,3121,960,1030,70
Truck469379,2224,2436,780,1031,251
Truck469602,0,2999,845,1031,186
Truck469606,2999,2655,845,1031,186
Truck470084,2656,2822,975,1031,56
Truck470256,3122,1339,1025,1031,6
Truck469907,2998,3331,925,1033,108
Truck469409,3121,2998,790,1034,244
Truck469910,2437,2998,930,1034,104
Truck470154,3239,1338,995,1034,39
Truck468954,0,2224,665,1035,370
Truck468909,2436,3239,650,1036,386
Truck468996,3122,2224,675,1036,361
Truck469397,2224,2225,785,1036,251
Truck469438,2822,3122,795,1036,241
Truck469624,2999,0,850,1036,186
Truck469670,2656,2224,860,1036,176
Truck469776,3239,1339,890,1036,146
Truck469794,3239,2998,895,1036,141
Truck469989,2436,2225,950,1036,86
Truck468745,3238,2436,605,1037,432
Truck469214,2225,0,735,1037,302
Truck470193,2821,2822,1005,1037,32
Truck470250,0,1339,1025,1037,12
Truck468217,1338,2822,460,1038,578
Truck468960,3122,2436,665,1038,373
Truck469673,2998,2436,860,1038,178
Truck469728,0,3239,880,1038,158
Truck469943,2998,2656,935,1038,103
Truck468276,3122,1338,475,1039,564
Truck468983,2224,0,670,1039,369
Truck469427,3121,2998,795,1039,244
Truck469616,2656,0,845,1039,194
Truck469661,3121,2225,860,1039,179
Truck469978,2822,3239,945,1039,94
Truck470095,3238,1339,980,1039,59
Truck470172,3239,2655,1000,1039,39
Truck468595,1338,2437,565,1040,475
Truck469348,2822,3238,770,1040,270
Truck470065,3331,2437,970,1040,70
Truck469259,2998,0,745,1041,296
Truck469642,2999,3239,855,1041,186
Truck468964,1339,2436,665,1042,377
Truck469420,2822,0,790,1042,252
Truck470068,2822,2224,970,1042,72
Truck468079,3238,1338,420,1043,623
Truck468235,1338,2656,465,1043,578
Truck468927,2436,2821,655,1043,388
Truck469232,2225,2822,740,1043,303
Truck469445,3121,0,800,1043,243
Truck469784,2437,3238,895,1043,148
Truck470190,3239,2656,1005,1043,38
Truck470208,3239,3331,1010,1043,33
Truck469500,3122,3121,815,1044,229
Truck470063,2224,2998,970,1044,74
Truck469313,2998,1339,760,1045,285
Truck469357,3238,2821,775,1045,270
Truck469468,1339,2821,805,1045,240
Truck469696,2999,1339,870,1045,175
Truck469901,2224,2821,925,1045,120
Truck469905,2821,2224,925,1045,120
Truck469992,3239,2822,950,1045,95
Truck469660,2999,2822,860,1046,186
Truck469714,2999,3122,875,1046,171
Truck469812,3239,1339,900,1046,146
Truck470066,2656,2437,970,1046,76
Truck470177,2998,2821,1000,1046,46
Truck470318,2656,3331,1040,1046,6
Truck468945,2436,2656,660,1047,387
Truck470119,3331,2821,985,1047,62
Truck470229,2821,2822,1015,1047,32
Truck469250,2225,3239,745,1048,303
Truck469688,2656,1339,865,1048,183
Truck470122,2822,3331,985,1048,63
Truck468707,3121,1338,595,1049,454
Truck469870,2822,2999,915,1049,134
Truck469964,2437,2656,945,1049,104
Truck470038,2999,2437,965,1049,84
Truck470087,2998,2224,975,1049,74
Truck469383,2821,3238,780,1050,270
Truck469440,0,2822,800,1050,250
Truck469680,3122,2656,865,1050,185
Truck470101,3331,2999,980,1050,70
Truck469451,2224,2437,800,1051,251
Truck469516,2999,3238,820,1051,231
Truck470336,2656,3331,1045,1051,6
Truck470304,0,1339,1040,1052,12
Truck468109,1338,3238,430,1053,623
Truck468271,1338,3331,475,1053,578
Truck469824,3122,3239,905,1053,148
Truck469965,2655,1339,945,1053,108
Truck469481,3121,2822,810,1054,244
Truck470226,3239,2225,1015,1054,39
Truck469349,2998,1339,770,1055,285
Truck469469,2224,1338,805,1056,251
Truck469739,2224,2656,880,1056,176
Truck470102,2656,2655,980,1056,76
Truck468289,1338,0,480,1057,577
Truck470044,1339,2437,965,1057,92
Truck470263,3331,3239,1025,1057,32
Truck469286,2225,2998,755,1058,303
Truck469627,3238,3331,850,1058,208
Truck469738,1339,3331,880,1058,178
Truck469745,2998,3121,880,1058,178
Truck469906,2822,2999,925,1058,133
Truck469998,0,2437,955,1058,103
Truck469359,2436,2437,775,1059,284
Truck469499,3121,3331,815,1059,244
Truck469614,3239,2224,845,1059,214
Truck470000,2437,2998,955,1059,104
Truck470244,3239,2437,1020,1059,39
Truck469734,3122,3331,880,1060,180
Truck469750,2999,1339,885,1060,175
Truck469955,2224,2821,940,1060,120
Truck470137,3331,2437,990,1060,70
Truck468668,2437,1338,585,1061,476
Truck469487,2224,2437,810,1061,251
Truck469713,2655,2999,875,1061,186
Truck470120,2656,2999,985,1061,76
Truck468999,2436,3331,675,1062,387
Truck469518,3122,2822,820,1062,242
Truck469758,3239,3238,885,1062,177
Truck470175,2821,3331,1000,1062,62
Truck468307,1338,3239,485,1063,578
Truck469356,3122,2225,775,1063,288
Truck469634,2656,3238,850,1063,213
Truck469759,3331,3122,885,1063,178
Truck469818,0,3239,905,1063,158
Truck470008,1339,2655,955,1063,108
Truck469517,3121,2224,820,1064,244
Truck469710,0,3331,875,1064,189
Truck469924,2822,2436,930,1064,134
Truck470018,2437,2655,960,1064,104
Truck469752,3122,3331,885,1065,180
Truck469497,2655,2224,815,1066,251
Truck469732,2999,2655,880,1066,186
Truck470138,2656,1338,990,1066,76
Truck469848,3239,0,910,1067,157
Truck469941,2821,2225,935,1067,132
Truck468325,1338,3331,490,1068,578
Truck469322,2225,2655,765,1068,303
Truck469375,3238,3121,780,1068,288
Truck469911,2655,3238,930,1068,138
Truck470194,2822,3331,1005,1068,63
Truck469650,3239,2224,855,1069,214
Truck470036,2437,3239,965,1069,104
Truck470159,2998,2224,995,1069,74
Truck470280,3239,2225,1030,1069,39
Truck468703,1338,2437,595,1070,475
Truck469447,3238,2821,800,1070,270
Truck469512,0,2822,820,1070,250
Truck469367,2998,0,775,1071,296
Truck469395,2436,2437,785,1071,286
Truck470156,2656,2225,995,1071,76
Truck468991,1338,2999,675,1072,397
Truck469959,2821,2999,940,1072,132
Truck470376,0,1339,1060,1072,12
Truck470386,1339,0,1060,1072,12
Truck469799,2998,2655,895,1073,178
Truck469854,0,3239,915,1073,158
Truck470320,2822,2821,1040,1073,33
Truck469553,3121,2224,830,1074,244
Truck469668,3239,2224,860,1074,214
Truck470054,2437,2656,970,1074,104
Truck470298,3239,2655,1035,1074,39
Truck469089,2436,1339,700,1075,375
Truck469098,0,2224,705,1075,370
Truck469804,2999,1339,900,1075,175
Truck470009,2224,2821,955,1075,120
Truck470191,3331,2225,1005,1075,70
Truck469053,2436,2656,690,1076,386
Truck469541,2224,2225,825,1076,251
Truck469938,3239,2998,935,1076,141
Truck470133,2436,2225,990,1076,86
Truck469196,2225,3238,730,1077,347
Truck469977,2821,2999,945,1077,132
Truck470337,2821,2822,1045,1077,32
Truck469358,2225,3331,775,1078,303
Truck469777,3331,0,890,1078,188
Truck469792,1339,2656,895,1078,183
Truck469817,2998,2437,900,1078,178
Truck470070,0,2437,975,1078,103
Truck470144,2437,2999,995,1078,83
Truck469055,2224,3238,690,1079,389
Truck469571,3121,3331,835,1079,244
Truck470072,2437,2822,975,1079,104
Truck470195,2998,2224,1005,1079,74
Truck468415,1338,1339,515,1081,566
Truck469403,2998,0,785,1081,296
Truck469786,2999,3331,895,1081,186
Truck470301,2821,2998,1035,1081,46
Truck469071,2436,2656,695,1082,387
Truck469995,2821,3121,950,1082,132
Truck470212,2822,2224,1010,1082,72
Truck468379,1338,2998,505,1083,578
Truck469835,2998,2225,905,1083,178
Truck469890,0,3239,925,1083,158
Truck470090,2437,0,980,1083,103
Truck469145,2224,0,715,1084,369
Truck469778,2656,0,890,1084,194
Truck469782,0,3331,895,1084,189
Truck469996,2822,3121,950,1084,134
Truck470207,2224,2822,1010,1084,74
Truck469501,3238,2821,815,1085,270
Truck469840,2999,1339,910,1085,175
Truck470076,3122,2655,975,1085,110
Truck470227,3331,2437,1015,1085,70
Truck469126,1339,2436,710,1086,376
Truck469566,0,2822,835,1086,251
Truck469803,2655,2999,900,1086,186
Truck469394,2225,0,785,1087,302
Truck469860,3122,2999,915,1087,172
Truck470013,2821,2225,955,1087,132
Truck468397,1338,3239,510,1088,578
Truck469386,0,2225,785,1088,303
Truck468847,1338,3121,635,1089,454
Truck469607,3121,3331,845,1089,244
Truck469630,1339,2822,850,1089,239
Truck469864,1339,2999,915,1089,174
Truck470108,2437,2998,985,1089,104
Truck470352,3239,2999,1050,1089,39
Truck470239,3238,0,1020,1090,70
Truck470245,3331,2225,1020,1090,70
Truck469194,3122,2224,730,1091,361
Truck469822,2999,3239,905,1091,186
Truck469861,3238,3239,915,1091,176
Truck469982,2437,3121,950,1091,141
Truck470228,2656,2437,1015,1091,76
Truck470031,2821,2655,960,1092,132
Truck470032,2822,2437,960,1092,132
Truck469107,2436,2821,705,1093,388
Truck469463,3121,3238,805,1093,288
Truck470019,2655,2822,960,1093,133
Truck470141,2998,2656,990,1093,103
Truck470198,2437,2999,1010,1093,83
Truck468865,1338,3121,640,1094,454
Truck469158,3122,2436,720,1094,374
Truck469625,3121,2656,850,1094,244
Truck470073,2655,0,975,1094,119
Truck470126,2437,3331,990,1094,104
Truck470243,2224,2822,1020,1094,74
Truck469681,3238,2999,865,1095,230
Truck469179,2436,3122,725,1096,371
Truck469613,2224,2436,845,1096,251
Truck469678,2999,3238,865,1096,231
Truck470246,2656,3121,1020,1096,76
Truck468433,1338,0,520,1097,577
Truck469125,2436,2224,710,1097,387
Truck469768,2999,2436,890,1097,207
Truck470291,3121,2999,1035,1097,62
Truck470292,3122,3238,1035,1097,62
Truck468432,0,1338,520,1098,578
Truck469430,2225,3331,795,1098,303
Truck469483,3238,3121,810,1098,288
Truck469889,2998,2999,920,1098,178
Truck470050,2822,1338,965,1098,133
Truck469671,2821,1339,860,1099,239
Truck470202,3122,2437,1010,1099,89
Truck470388,3239,2436,1060,1099,39
Truck468811,1338,2437,625,1100,475
Truck470033,2998,3239,960,1100,140
Truck469857,2655,2999,915,1101,186
Truck469858,2999,2655,915,1101,186
Truck470264,2656,3121,1025,1101,76
Truck470055,2655,2821,970,1102,132
Truck470284,2822,2224,1030,1102,72
Truck470317,3331,2821,1040,1102,62
Truck470484,0,1339,1090,1102,12
Truck468451,1338,2821,525,1103,578
Truck469143,2436,2655,715,1103,388
Truck469448,2225,2224,800,1103,303
Truck470160,0,2437,1000,1103,103
Truck469134,0,2436,715,1104,389
Truck470162,2437,2655,1000,1104,104
Truck470332,1339,3238,1045,1104,59
Truck470406,3239,2655,1065,1104,39
Truck470530,1339,3122,1100,1104,4
Truck469197,2436,1339,730,1105,375
Truck469653,2821,0,855,1105,250
Truck469836,0,2656,910,1105,195
Truck469876,2999,2224,920,1106,186
Truck470026,1339,3239,960,1106,146
Truck469161,2436,2821,720,1107,387
Truck469304,2225,3238,760,1107,347
Truck469932,3122,2999,935,1107,172
Truck470085,2821,2436,975,1107,132
Truck469466,2225,2656,805,1108,303
Truck470023,3238,2437,960,1108,148
Truck470086,2822,2225,975,1108,133
Truck469235,2224,0,740,1109,369
Truck469591,3238,2822,840,1109,269
Truck469679,3121,3331,865,1109,244
Truck469707,2821,1339,870,1109,239
Truck470180,2437,2998,1005,1109,104
Truck470238,3122,2437,1020,1109,89
Truck470254,2999,2437,1025,1109,84
Truck470424,3239,2655,1070,1109,39
Truck469838,2437,2225,910,1110,200
Truck470139,2821,2224,990,1110,120
Truck469667,2224,2655,860,1111,251
Truck469893,2655,2999,925,1111,186
Truck470064,3239,2998,970,1111,141
Truck470230,2822,3239,1015,1111,96
Truck470300,2656,3121,1035,1111,76
Truck468532,1339,1338,545,1112,567
Truck469321,3238,2225,765,1112,347
Truck469494,0,2998,815,1112,297
Truck470103,2821,2999,980,1112,132
Truck470234,2437,1339,1020,1112,92
Truck468487,1338,2822,535,1113,578
Truck469233,2436,3122,740,1113,373
Truck469484,2225,3331,810,1113,303
Truck469918,1339,2656,930,1113,183
Truck470104,2822,3121,980,1113,133
Truck469697,3121,2655,870,1114,244
Truck469912,2999,0,930,1116,186
Truck470338,2822,2998,1045,1117,72
Truck470363,3121,2999,1055,1117,62
Truck470548,1339,0,1105,1117,12
Truck468343,1338,3238,495,1118,623
Truck468505,1338,3239,540,1118,578
Truck469502,2225,2998,815,1118,303
Truck469961,2998,2436,940,1118,178
Truck470091,2655,3238,980,1118,138
Truck470209,3331,2998,1010,1118,108
Truck470451,2655,3239,1080,1118,38
Truck469306,1339,2224,760,1119,359
Truck469715,3121,3239,875,1119,244
Truck470216,2437,2655,1015,1119,104
Truck470460,3239,2999,1080,1119,39
Truck468883,1338,2437,645,1120,475
Truck469576,1339,2998,835,1120,285
Truck470353,3331,2999,1050,1120,70
Truck468884,2437,1338,645,1121,476
Truck469583,2998,3122,835,1121,286
Truck469695,2655,2224,870,1121,251
Truck469703,2224,2437,870,1121,251
Truck469930,2999,2998,935,1121,186
Truck468568,1339,1338,555,1122,567
Truck469305,2436,1338,760,1122,362
Truck469520,2225,0,820,1122,302
Truck469986,3122,2999,950,1122,172
Truck470046,3239,0,965,1122,157
Truck470499,2821,2822,1090,1122,32
Truck468523,1338,2224,545,1123,578
Truck469867,3331,3238,915,1123,208
Truck469954,1339,2656,940,1123,183
Truck469979,2998,2225,945,1123,178
Truck469645,3238,2822,855,1124,269
Truck469733,3121,3331,880,1124,244
Truck469958,2656,3122,940,1124,184
Truck470404,1339,3238,1065,1124,59
Truck469892,2437,2225,925,1125,200
Truck469908,0,2656,930,1125,195
Truck469950,3122,2656,940,1125,185
Truck470371,3331,2437,1055,1125,70
Truck469320,3122,2224,765,1126,361
Truck469721,2224,2436,875,1126,251
Truck469948,2999,2821,940,1126,186
Truck469628,2225,1338,850,1127,277
Truck470004,3122,2999,955,1127,172
Truck470145,2655,2821,995,1127,132
Truck470157,2821,2999,995,1127,132
Truck470374,2822,2998,1055,1127,72
Truck468541,1338,2224,550,1128,578
Truck469227,2655,2436,740,1128,388
Truck469538,2225,3331,825,1128,303
Truck469976,2656,1339,945,1128,183
Truck469997,2998,2436,950,1128,178
Truck470100,3239,3122,980,1128,148
Truck470158,2822,2225,995,1128,133
Truck470498,2656,3239,1090,1128,38
Truck470514,3239,3331,1095,1128,33
Truck470252,2437,2656,1025,1129,104
Truck470496,3239,2436,1090,1129,39
Truck469968,3122,2656,945,1130,185
Truck470211,2821,2224,1010,1130,120
Truck470389,3331,2437,1060,1130,70
Truck469251,2436,2821,745,1131,386
Truck469894,2999,2436,925,1131,206
Truck470129,3121,2437,990,1131,141
Truck470444,2656,2822,1075,1131,56
Truck470011,3331,1339,955,1132,177
Truck470204,2225,2999,1010,1132,122
Truck470535,2821,2822,1100,1132,32
Truck468559,1338,2822,555,1133,578
Truck469897,3238,3331,925,1133,208
Truck470015,2998,1338,955,1133,178
Truck470163,2655,2822,1000,1133,133
Truck470176,2822,2437,1000,1133,133
Truck470268,0,2437,1030,1133,103
Truck470271,2655,2437,1030,1133,103
Truck470425,3331,2822,1070,1133,63
Truck469325,2224,0,765,1134,369
Truck469767,2655,3121,890,1134,244
Truck469769,3121,2224,890,1134,244
Truck470270,2437,2655,1030,1134,104
Truck470344,2999,2437,1050,1134,84
Truck469825,3238,2999,905,1135,230
Truck470407,3331,1338,1065,1135,70
Truck469984,2999,2656,950,1136,186
Truck470394,0,3238,1065,1136,71
Truck469746,0,2822,885,1137,252
Truck468577,1338,2656,560,1138,578
Truck469269,2436,2822,750,1138,388
Truck469993,3331,0,950,1138,188
Truck470288,2437,0,1035,1138,103
Truck470458,1339,3238,1080,1139,59
Truck470532,3239,2655,1100,1139,39
Truck469699,3238,2821,870,1140,270
Truck470274,3122,2655,1030,1140,110
Truck469655,2998,3122,855,1141,286
Truck469775,2224,2655,890,1141,251
Truck470002,2999,2224,955,1141,186
Truck470408,2656,2999,1065,1141,76
Truck470610,0,3122,1125,1141,16
Truck469243,1338,2999,745,1142,397
Truck469592,2225,0,840,1142,302
Truck469644,3122,2998,855,1142,287
Truck469643,3121,3238,855,1143,288
Truck469806,3122,2822,900,1143,243
Truck469994,2656,0,950,1144,194
Truck470306,2437,3239,1040,1144,104
Truck470550,3239,2999,1105,1144,39
Truck468973,1338,2437,670,1145,475
Truck469665,2436,2437,860,1145,285
Truck469833,2821,3122,905,1145,240
Truck470265,2821,2224,1025,1145,120
Truck469793,2224,2655,895,1146,251
Truck470020,2999,2822,960,1146,186
Truck470170,1339,3239,1000,1146,146
Truck470217,2655,2822,1015,1146,131
Truck470047,3331,2224,965,1147,182
Truck468613,1338,2822,570,1148,578
Truck469610,2225,3239,845,1148,303
Truck470048,2656,1339,965,1148,183
Truck470482,2822,3331,1085,1148,63
Truck469067,3121,1338,695,1149,454
Truck470324,2437,2224,1045,1149,104
Truck469800,0,2822,900,1150,250
Truck469988,2225,2437,950,1150,200
Truck470213,2998,3239,1010,1150,140
Truck470279,2224,2821,1030,1150,120
Truck470081,2224,2656,975,1151,176
Truck470652,3122,0,1135,1151,16
Truck470235,2655,2821,1020,1152,132
Truck470247,2821,2436,1020,1152,132
Truck470272,2999,2225,1030,1152,122
Truck468631,1338,2821,575,1153,578
Truck469975,3331,3238,945,1153,208
Truck470221,3238,2655,1015,1153,138
Truck470248,2822,2655,1020,1153,133
Truck469841,3121,2821,910,1154,244
Truck470289,2655,0,1035,1154,119
Truck470342,2437,2998,1050,1154,104
Truck470500,2822,3331,1090,1154,64
Truck469009,1338,2437,680,1155,475
Truck469869,2821,3122,915,1155,240
Truck470286,0,2655,1035,1155,120
Truck470469,2655,3331,1085,1155,70
Truck470473,3238,0,1085,1155,70
Truck470052,0,2999,970,1156,186
Truck470056,2999,3239,970,1156,186
Truck470462,2656,3121,1080,1156,76
Truck470573,2998,2821,1110,1156,46
Truck468649,1338,0,580,1157,577
Truck469341,2436,2822,770,1157,387
Truck470266,2822,2655,1025,1157,132
Truck470517,2821,3331,1095,1157,62
Truck469646,2225,2224,855,1158,303
Truck469973,2224,3239,945,1158,213
Truck470105,2998,2225,980,1158,178
Truck470203,3238,2437,1010,1158,148
Truck470606,2656,3239,1120,1158,38
Truck469859,3121,2822,915,1159,244
Truck469914,3122,3121,930,1159,229
Truck470604,3239,2999,1120,1159,39
Truck470007,2436,2999,955,1160,205
Truck470497,3331,2436,1090,1160,70
Truck470074,2999,2656,975,1161,186
Truck470480,2656,2225,1085,1161,76
Truck468667,1338,0,585,1162,577
Truck469315,1338,2999,765,1162,397
Truck469718,2225,3122,875,1162,287
Truck469878,3122,2822,920,1162,242
Truck470283,2821,3121,1030,1162,132
Truck469664,2225,3331,860,1163,303
Truck470253,2655,3238,1025,1163,138
Truck470379,2655,2437,1060,1163,103
Truck470644,2822,2821,1130,1163,33
Truck468726,3122,1338,600,1164,564
Truck470378,2437,3331,1060,1164,104
Truck469900,1339,2821,925,1165,240
Truck469720,1339,2225,875,1166,291
Truck470025,2436,2999,960,1166,206
Truck469931,3121,1339,935,1167,232
Truck470326,2999,2225,1045,1167,122
Truck469682,2225,2822,865,1168,303
Truck469827,2436,3121,905,1168,263
Truck470393,2998,3331,1060,1168,108
Truck470658,3239,3331,1135,1168,33
Truck469895,3121,2821,925,1169,244
Truck470302,2822,2999,1035,1169,134
Truck470396,2437,3239,1065,1169,104
Truck470454,3122,2437,1080,1169,89
Truck470519,2998,2224,1095,1169,74
Truck469485,2436,1338,810,1170,360
Truck470060,2225,2437,970,1170,200
Truck470533,3331,2225,1100,1170,70
Truck469755,2436,2437,885,1171,286
Truck469763,2998,3122,885,1171,286
Truck470110,2999,2224,985,1171,186
Truck470724,3122,0,1155,1171,16
Truck470319,2821,2999,1040,1172,132
Truck470536,2822,2998,1100,1172,72
Truck470571,2821,3331,1110,1172,62
Truck469446,3122,2436,800,1173,373
Truck469505,2224,1339,815,1173,358
Truck470155,3331,3122,995,1173,178
Truck470262,3239,3122,1025,1173,148
Truck470414,2437,0,1070,1173,103
Truck470426,2656,2998,1070,1173,103
Truck470486,2437,2999,1090,1173,83
Truck469913,3121,2656,930,1174,244
Truck470782,1339,3122,1170,1174,4
Truck469458,0,2224,805,1175,370
Truck469663,3238,2998,860,1175,315
Truck470088,0,2656,980,1175,195
Truck470551,3331,2225,1105,1175,70
Truck469966,2999,3238,945,1176,231
Truck470128,2999,2656,990,1176,186
Truck470534,2656,2999,1100,1176,76
Truck469413,2436,2655,790,1177,387
Truck468565,3238,1338,555,1178,623
Truck468721,1338,2656,600,1178,578
Truck469495,1338,2436,815,1178,363
Truck470173,3331,3122,1000,1178,178
Truck470232,0,3239,1020,1178,158
Truck470325,2655,2822,1045,1178,133
Truck470504,2437,2999,1095,1178,83
Truck468780,3122,1338,615,1179,564
Truck469843,3238,2822,910,1179,269
Truck470188,1339,2999,1005,1179,174
Truck470432,2437,3331,1075,1179,104
Truck470676,3239,2436,1140,1179,39
Truck469521,2436,1338,820,1180,360
Truck469851,2821,3238,910,1180,270
Truck469919,2224,2225,930,1181,251
Truck470146,2999,2656,995,1181,186
Truck470189,2224,2656,1005,1181,176
Truck470192,2656,2224,1005,1181,176
Truck470296,1339,3239,1035,1181,146
Truck470343,2655,2822,1050,1181,131
Truck470552,2656,3121,1105,1181,76
Truck469387,1338,2999,785,1182,397
Truck469513,1338,2436,820,1182,362
Truck470713,3331,3239,1150,1182,32
Truck469431,2436,2822,795,1183,388
Truck469736,2225,3331,880,1183,303
Truck469789,3238,3121,895,1183,288
Truck470181,2655,2998,1005,1183,178
Truck470356,2822,2436,1050,1183,133
Truck470440,1339,2655,1075,1183,108
Truck469433,2224,3238,795,1184,389
Truck470142,0,3331,995,1184,189
Truck470450,2437,2821,1080,1184,104
Truck470694,3239,2436,1145,1184,39
Truck469709,2998,3238,870,1185,315
Truck469877,3121,2436,920,1185,265
Truck469285,3238,2436,755,1186,431
Truck469926,0,2822,935,1186,251
Truck469929,2655,2224,935,1186,251
Truck469937,2224,2999,935,1186,251
Truck470164,2999,3239,1000,1186,186
Truck470679,2821,2998,1140,1186,46
Truck470681,2998,2821,1140,1186,46
Truck470821,3331,2656,1180,1186,6
Truck468757,1338,0,610,1187,577
Truck469449,2436,3331,800,1187,387
Truck469754,2225,2655,885,1188,303
Truck469805,3121,3238,900,1188,288
Truck469967,3121,3239,945,1189,244
Truck470468,2437,2655,1085,1189,104
Truck470626,2822,3331,1125,1189,64
Truck470712,3239,2225,1150,1189,39
Truck470836,1339,3122,1185,1189,4
Truck469557,2436,1338,830,1191,361
Truck469960,2822,0,940,1191,251
Truck470182,2999,2656,1005,1191,186
Truck470840,2656,3331,1185,1191,6
Truck469467,2436,2655,805,1192,387
Truck469609,3238,2225,845,1192,347
Truck470660,2656,2822,1135,1192,57
Truck469577,2224,1339,835,1193,358
Truck469772,2225,2224,890,1193,303
Truck469823,3121,3238,905,1193,288
Truck470210,2656,1339,1010,1193,183
Truck470231,2998,2999,1015,1193,178
Truck470334,3239,3122,1045,1193,148
Truck470730,3239,2437,1155,1194,39
Truck469735,3238,2998,880,1195,315
Truck470375,2998,3239,1055,1195,140
Truck470472,3122,2655,1085,1195,110
Truck468829,1338,1339,630,1196,566
Truck469567,1338,2436,835,1196,361
Truck470200,2999,2821,1010,1196,186
Truck470360,2437,3121,1055,1196,141
Truck469476,0,2436,810,1197,387
Truck469842,3122,2998,910,1197,287
Truck469844,2225,3122,910,1197,287
Truck470316,3239,0,1040,1197,157
Truck470409,2821,2436,1065,1197,132
Truck470410,2822,3121,1065,1197,132
Truck470540,2437,1339,1105,1197,92
Truck469790,2225,3331,895,1198,303
Truck470249,2998,2999,1020,1198,178
Truck470505,2655,2437,1095,1198,103
Truck468852,3122,1338,635,1199,564
Truck470003,3121,2224,955,1199,244
Truck469548,0,2224,830,1200,370
Truck469923,2821,3238,930,1200,270
Truck469590,3122,2224,840,1201,361
Truck469871,2998,3122,915,1201,286
Truck470214,0,2999,1015,1201,186
Truck470832,3122,0,1185,1201,16
Truck469462,2999,1338,805,1202,397
Truck470415,2655,2821,1070,1202,132
Truck470427,2821,2655,1070,1202,132
Truck470428,2822,3121,1070,1202,132
Truck469503,2436,2998,815,1203,388
Truck469808,2225,2656,900,1203,303
Truck470260,1339,3331,1025,1203,178
Truck470267,2998,2437,1025,1203,178
Truck469261,1338,3121,750,1204,454
Truck470016,0,3121,960,1204,244
Truck470049,2821,1339,965,1204,239
Truck470766,3239,2437,1165,1204,39
Truck469882,1339,2998,920,1205,285
Truck470411,2998,3239,1065,1205,140
Truck470689,3238,3122,1145,1205,60
Truck469862,2225,1339,915,1206,291
Truck470001,2655,2224,955,1206,251
Truck470014,2822,0,955,1206,251
Truck470236,2999,2821,1020,1206,186
Truck469603,1338,2436,845,1207,362
Truck470445,2821,2225,1075,1207,132
Truck470714,2656,2821,1150,1207,57
Truck468828,0,1338,630,1208,578
Truck469826,2225,3239,905,1208,303
Truck470149,3238,2656,995,1208,213
Truck470446,2822,2436,1075,1208,133
Truck470612,2437,2999,1125,1208,83
Truck469523,2224,3238,820,1209,389
Truck470039,3121,3331,965,1209,244
Truck470487,2655,0,1090,1209,119
Truck470523,2655,3122,1100,1209,109
Truck470062,1339,2821,970,1210,240
Truck470027,2224,2655,960,1211,251
Truck470092,2999,3238,980,1211,231
Truck469377,2436,3238,780,1212,432
Truck469539,2436,3239,825,1212,387
Truck470098,1339,3121,980,1212,232
Truck470463,2821,2436,1080,1212,132
Truck470680,2822,2224,1140,1212,72
Truck470880,0,1339,1200,1212,12
Truck469593,2436,3122,840,1213,373
Truck470174,2656,3238,1000,1213,213
Truck470303,2998,2437,1035,1213,178
Truck470464,2822,2655,1080,1213,133
Truck470570,2656,2998,1110,1213,103
Truck470630,2437,2999,1130,1213,83
Truck470607,2821,3239,1120,1214,94
Truck469807,3238,2998,900,1215,315
Truck469925,2998,1339,930,1215,285
Truck470080,1339,2821,975,1215,240
Truck470544,3122,2655,1105,1215,110
Truck470045,2224,2999,965,1216,251
Truck470678,2656,2999,1140,1216,76
Truck468910,1339,1338,650,1217,567
Truck469611,2436,3122,845,1217,372
Truck470299,3331,2224,1035,1217,182
Truck470750,2656,2821,1160,1217,57
Truck470751,2821,2656,1160,1217,57
Truck470185,3238,2656,1005,1218,213
Truck470281,3331,0,1030,1218,188
Truck470321,2998,1338,1040,1218,178
Truck470418,3122,3239,1070,1218,148
Truck470569,3331,2998,1110,1218,108
Truck470075,3121,2655,975,1219,244
Truck470576,2437,3239,1115,1219,104
Truck470820,3239,2225,1180,1219,39
Truck470067,2821,0,970,1220,250
Truck470223,2436,2999,1015,1220,205
Truck469411,3238,2436,790,1221,431
Truck469916,2225,1339,930,1221,291
Truck470805,2821,2998,1175,1221,46
Truck470898,0,3122,1205,1221,16
Truck469575,2436,3331,835,1222,387
Truck469717,3238,2225,875,1222,347
Truck470769,2821,2656,1165,1222,57
Truck470857,3331,3239,1190,1222,32
Truck469880,2225,3331,920,1223,303
Truck470339,2998,2999,1045,1223,178
Truck470584,1339,2655,1115,1223,108
Truck470591,2998,3331,1115,1223,108
Truck469684,1339,2224,865,1224,359
Truck470093,3121,3331,980,1224,244
Truck470282,2656,0,1030,1224,194
Truck470594,2437,2655,1120,1224,104
Truck469685,2224,3122,865,1225,360
Truck470483,2998,3239,1085,1225,140
Truck469936,1339,2225,935,1226,291
Truck470241,2436,2999,1020,1226,206
Truck470308,2999,2998,1040,1226,186
Truck470354,2656,2224,1050,1226,176
Truck470734,2822,2998,1155,1227,72
Truck470760,3122,3238,1165,1227,62
Truck470934,0,1339,1215,1227,12
Truck468901,1338,2821,650,1228,578
Truck469898,2225,2655,925,1228,303
Truck469949,3121,3238,940,1228,288
Truck470165,3121,3122,1000,1228,228
Truck470357,2998,2655,1050,1228,178
Truck470111,3121,2224,985,1229,244
Truck469656,0,2224,860,1230,370
Truck470501,2998,3239,1090,1230,140
Truck470749,3331,2436,1160,1230,70
Truck468955,1338,1339,665,1231,566
Truck469698,3122,2224,870,1231,361
Truck470099,2224,2655,980,1231,251
Truck470476,1339,3239,1085,1231,146
Truck470489,3121,2437,1090,1231,141
Truck470140,2822,3122,990,1232,242
Truck470370,3239,3238,1055,1232,177
Truck470442,3239,0,1075,1232,157
Truck470752,2822,2998,1160,1232,72
Truck468919,1338,2655,655,1233,578
Truck468921,2655,1338,655,1233,578
Truck470152,1339,2822,995,1233,238
Truck470430,0,3239,1075,1233,158
Truck470623,3331,2998,1125,1233,108
Truck470776,2999,3121,1170,1233,63
Truck470806,2822,2656,1175,1233,58
Truck470896,2822,2821,1200,1233,33
Truck470688,3122,2437,1145,1234,89
Truck470874,3239,2436,1195,1234,39
Truck469674,0,2224,865,1235,370
Truck470041,3238,2821,965,1235,270
Truck470364,3122,3331,1055,1235,180
Truck470380,2999,1339,1060,1235,175
Truck470767,3331,2225,1165,1235,70
Truck470383,3238,3239,1060,1236,176
Truck470771,2998,2822,1165,1236,71
Truck469629,2436,3331,850,1237,387
Truck470553,2821,2999,1105,1237,132
Truck470582,2225,2999,1115,1237,122
Truck470692,1339,2437,1145,1237,92
Truck468937,1338,2998,660,1238,578
Truck469934,2225,2224,935,1238,303
Truck469985,3121,3238,950,1238,288
Truck470638,1339,2655,1130,1238,108
Truck470649,2655,2437,1135,1238,103
Truck469631,2224,3238,850,1239,389
Truck470147,3121,2656,995,1239,244
Truck470372,2656,3122,1055,1239,184
Truck470765,2224,2998,1165,1239,74
Truck470892,3239,2437,1200,1239,39
Truck469692,0,2224,870,1240,370
Truck470135,2224,3121,990,1241,251
Truck470362,2999,0,1055,1241,186
Truck470522,2437,3121,1100,1241,141
Truck470726,2225,2436,1155,1241,86
Truck470768,2656,2655,1165,1241,76
Truck469647,2436,0,855,1242,387
Truck469952,2225,0,940,1242,302
Truck470124,0,2822,990,1242,252
Truck470201,3121,1339,1010,1242,232
Truck470478,3239,0,1085,1242,157
Truck470788,2822,2224,1170,1242,72
Truck470541,2655,3238,1105,1243,138
Truck470572,2822,3121,1110,1243,133
Truck470663,2998,3331,1135,1243,108
Truck469757,2224,3122,885,1245,360
Truck470803,3331,2655,1175,1245,70
Truck469334,2437,1338,770,1246,476
Truck470053,1338,2225,970,1246,276
Truck470153,2224,2436,995,1246,251
Truck470786,2656,2436,1170,1246,76
Truck470589,2821,2436,1115,1247,132
Truck470590,2822,2655,1115,1247,132
Truck469970,2225,3331,945,1248,303
Truck470184,3122,2822,1005,1248,243
Truck470429,2998,2999,1070,1248,178
Truck470559,2655,3238,1110,1248,138
Truck470183,3121,2822,1005,1249,244
Truck470758,2999,2437,1165,1249,84
Truck470206,1339,2821,1010,1250,240
Truck469683,2436,0,865,1251,386
Truck470171,2224,2655,1000,1251,251
Truck470397,2655,2999,1065,1251,186
Truck470398,2999,3239,1065,1251,186
Truck470568,3239,2998,1110,1251,141
Truck470804,2656,2655,1175,1251,76
Truck470849,3121,2999,1190,1252,62
Truck470850,3122,3238,1190,1252,62
Truck470335,3331,3238,1045,1253,208
Truck470447,2998,2437,1075,1253,178
Truck470577,2655,3238,1115,1253,138
Truck470700,0,2437,1150,1253,103
Truck470946,3239,2656,1215,1253,38
Truck470608,2822,2999,1120,1254,134
Truck470702,2437,2822,1150,1254,104
Truck469951,3238,2998,940,1255,315
Truck470113,3238,2821,985,1255,270
Truck470121,2821,3238,985,1255,270
Truck470412,0,2999,1070,1256,186
Truck470416,2999,2821,1070,1256,186
Truck470822,2656,2437,1180,1256,76
Truck471074,2656,3331,1250,1256,6
Truck469701,2436,0,870,1257,387
Truck469783,1338,2436,895,1257,362
Truck470006,2225,0,955,1257,302
Truck470443,3331,2224,1075,1257,182
Truck470461,3331,1339,1080,1257,177
Truck470625,2821,2999,1125,1257,132
Truck470894,2656,2821,1200,1257,57
Truck469008,0,1338,680,1258,578
Truck469063,1338,3122,695,1258,563
Truck470059,3238,3121,970,1258,288
Truck470595,2655,3238,1120,1258,138
Truck470866,2999,3121,1195,1258,63
Truck470703,2655,3122,1150,1259,109
Truck470720,2437,2821,1155,1259,104
Truck470964,3239,2655,1220,1259,39
Truck469969,3238,2998,945,1260,315
Truck470131,3238,2821,990,1260,270
Truck470436,3122,2656,1075,1260,185
Truck470829,2655,2656,1185,1260,75
Truck470051,2998,0,965,1261,296
Truck470199,2655,2224,1010,1261,251
Truck470434,2999,3331,1075,1261,186
Truck469027,1338,0,685,1262,577
Truck469719,2436,2656,875,1262,387
Truck470024,2225,0,960,1262,302
Truck470034,0,2998,965,1262,297
Truck470643,2821,2436,1130,1262,132
Truck470077,3238,3121,975,1263,288
Truck471004,2822,2821,1230,1263,33
Truck470237,3121,3239,1020,1264,244
Truck470982,3239,2655,1225,1264,39
Truck471106,1339,3122,1260,1264,4
Truck470875,3331,2655,1195,1265,70
Truck469737,2436,2998,880,1266,386
Truck469774,1339,2436,890,1266,376
Truck470225,2224,2999,1015,1266,251
Truck470452,2999,3239,1080,1266,186
Truck470622,3239,2998,1125,1266,141
Truck470967,2821,2998,1220,1266,46
Truck471110,2656,3331,1260,1266,6
Truck470042,2225,0,965,1267,302
Truck470096,2225,3122,980,1267,287
Truck470479,3331,2224,1085,1267,182
Truck471078,0,1339,1255,1267,12
Truck468889,3238,1338,645,1268,623
Truck470662,2822,2999,1135,1268,133
Truck470810,2437,3122,1180,1268,88
Truck470756,2437,2998,1165,1269,104
Truck471000,3239,2999,1230,1269,39
Truck470116,1339,2998,985,1270,285
Truck470893,3331,3121,1200,1270,70
Truck470470,2999,2656,1085,1271,186
Truck470516,2656,2224,1095,1271,176
Truck470640,3239,2998,1130,1271,141
Truck469108,1339,1338,705,1272,567
Truck470931,2821,3331,1210,1272,62
Truck470390,2656,3238,1060,1273,213
Truck471020,2656,3239,1235,1273,38
Truck470328,3122,3121,1045,1274,229
Truck470774,2437,2821,1170,1274,104
Truck470438,2225,2437,1075,1275,200
Truck470488,2999,2821,1090,1276,186
Truck470915,2998,2822,1205,1276,71
Truck471003,2821,2998,1230,1276,46
Truck471138,3122,1339,1270,1276,6
Truck470949,2821,3331,1215,1277,62
Truck469081,1338,3331,700,1278,578
Truck470671,3238,2655,1140,1278,138
Truck470793,2655,2437,1175,1278,103
Truck470346,3122,3121,1050,1279,229
Truck470792,2437,3331,1175,1279,104
Truck469883,2224,3122,920,1280,360
Truck470526,3122,3331,1100,1280,180
Truck470870,2225,2436,1195,1281,86
Truck470912,2656,2437,1205,1281,76
Truck470716,2822,2436,1150,1282,132
Truck470965,3331,2821,1220,1282,62
Truck469099,1338,2655,705,1283,578
Truck469791,2436,2656,895,1283,388
Truck470555,2998,2225,1105,1283,178
Truck470648,2437,3238,1135,1283,148
Truck470811,2655,2437,1180,1283,103
Truck470307,2655,3121,1040,1284,244
Truck470309,3121,2998,1040,1284,244
Truck471054,3239,2999,1245,1284,39
Truck470856,3239,2822,1190,1285,95
Truck469846,1339,2436,910,1286,376
Truck469896,3122,2224,925,1286,361
Truck470150,2225,1339,995,1286,291
Truck470297,2224,2225,1035,1286,251
Truck470930,2656,2437,1210,1286,76
Truck471132,0,3122,1270,1286,16
Truck470168,2225,3122,1000,1287,287
Truck470733,2821,1338,1155,1287,132
Truck470976,3122,3238,1225,1287,62
Truck471002,2656,2822,1230,1287,57
Truck471091,3331,3239,1255,1287,32
Truck471150,0,1339,1275,1287,12
Truck469117,1338,2224,710,1288,578
Truck469809,2436,2224,900,1288,388
Truck470114,2225,3239,985,1288,303
Truck470974,2999,3121,1225,1288,63
Truck470355,2821,1339,1050,1289,239
Truck470828,2437,2822,1185,1289,104
Truck470772,0,2655,1170,1290,120
Truck470315,2224,3121,1040,1291,251
Truck470588,2656,2224,1115,1291,176
Truck471199,3331,2656,1285,1291,6
Truck470968,2822,2998,1220,1292,72
Truck471111,2821,2822,1260,1292,32
Truck469135,1338,2821,715,1293,578
Truck470132,2225,2998,990,1293,303
Truck470587,3331,3122,1115,1293,178
Truck470844,0,2437,1190,1293,103
Truck470858,2656,2998,1190,1293,103
Truck470345,3121,2998,1050,1294,244
Truck470373,2821,1339,1055,1294,239
Truck470846,2437,3239,1190,1294,104
Truck471090,3239,2225,1255,1294,39
Truck470983,3331,2999,1225,1295,70
Truck470322,0,2822,1045,1296,251
Truck470560,2999,0,1110,1296,186
Truck470599,3238,3239,1120,1296,176
Truck470966,2656,2999,1220,1296,76
Truck469153,1338,0,720,1297,577
Truck470616,3122,2999,1125,1297,172
Truck471011,3121,2999,1235,1297,62
Truck471012,3122,3238,1235,1297,62
Truck469845,2436,2998,910,1298,388
Truck470605,3331,3122,1120,1298,178
Truck470770,2822,2436,1165,1298,133
Truck471010,2999,3121,1235,1298,63
Truck470556,0,3331,1110,1299,189
Truck470864,2437,3239,1195,1299,104
Truck470913,2821,3239,1205,1299,94
Truck470123,2998,3238,985,1300,315
Truck470391,2821,3122,1060,1300,240
Truck470910,3239,2821,1205,1300,95
Truck470991,2655,3331,1230,1300,70
Truck470578,2999,3239,1115,1301,186
Truck470748,3239,2998,1160,1301,141
Truck471093,2821,2998,1255,1301,46
Truck470506,2999,2436,1095,1302,207
Truck470812,2999,2225,1180,1302,122
Truck471147,2821,2822,1270,1302,32
Truck469171,1338,2656,725,1303,578
Truck469863,2436,2655,915,1303,388
Truck470220,3122,2225,1015,1303,288
Truck470515,3331,3238,1095,1303,208
Truck470761,3238,2655,1165,1303,138
Truck469230,3122,1338,740,1304,564
Truck470381,3121,2998,1060,1304,244
Truck470865,2655,3122,1195,1304,109
Truck470940,3122,2437,1215,1304,89
Truck471126,3239,2437,1265,1304,39
Truck470928,3239,2821,1210,1305,95
Truck471019,3331,1338,1235,1305,70
Truck471049,3238,3122,1245,1305,60
Truck469225,1338,1339,740,1306,566
Truck469881,2436,0,920,1306,386
Truck470361,2655,2224,1055,1306,251
Truck470369,2224,2225,1055,1306,251
Truck470592,0,2999,1120,1306,186
Truck470596,2999,3239,1120,1306,186
Truck470642,2656,2224,1130,1306,176
Truck470276,2225,1338,1030,1307,277
Truck471057,2821,3331,1245,1307,62
Truck469189,1338,2655,730,1308,578
Truck470186,2225,2821,1005,1308,303
Truck470453,3121,3122,1080,1308,228
Truck470527,3238,3331,1100,1308,208
Truck470624,2656,1339,1125,1308,183
Truck470631,2655,2998,1130,1308,178
Truck469248,3122,1338,745,1309,564
Truck470311,3238,2822,1040,1309,269
Truck470399,3121,2821,1065,1309,244
Truck470422,1339,2822,1070,1309,239
Truck471144,3239,2437,1270,1309,39
Truck470564,2225,2437,1110,1310,200
Truck470886,3122,2655,1200,1310,110
Truck471037,3331,2436,1240,1310,70
Truck471067,3238,3122,1250,1310,60
Truck470240,2225,1339,1020,1311,291
Truck470242,1339,2225,1020,1311,291
Truck470387,2224,3121,1060,1311,251
Truck470542,2999,2436,1105,1311,206
Truck470614,2999,2656,1125,1311,186
Truck470657,2224,2656,1135,1311,176
Truck469855,1338,2999,915,1312,397
Truck469899,2436,2655,925,1312,387
Truck470659,3331,1339,1135,1312,177
Truck469206,0,1338,735,1313,578
Truck469207,1338,3239,735,1313,578
Truck470417,3121,0,1070,1313,243
Truck470911,3331,2998,1205,1313,108
Truck471184,2822,2821,1280,1313,33
Truck470918,2437,2224,1210,1314,104
Truck471162,3239,2655,1275,1314,39
Truck470278,1339,2998,1030,1315,285
Truck470862,0,2655,1195,1315,120
Truck470877,2821,2224,1195,1315,120
Truck470258,2225,1339,1025,1316,291
Truck470285,2998,3122,1030,1316,286
Truck470632,2999,3239,1130,1316,186
Truck470686,2999,3122,1145,1316,171
Truck470802,3239,2998,1175,1316,141
Truck471038,2656,2437,1240,1316,76
Truck471042,0,3238,1245,1316,71
Truck469999,1338,2436,955,1317,362
Truck470677,3331,1339,1140,1317,177
Truck470841,2821,1338,1185,1317,132
Truck469917,2436,2821,930,1318,388
Truck470222,2225,3239,1015,1318,303
Truck470273,3121,3238,1030,1318,288
Truck470563,3238,3331,1110,1318,208
Truck470641,3331,0,1130,1318,188
Truck469991,2224,0,950,1319,369
Truck470435,3121,3331,1075,1319,244
Truck470936,2437,2656,1215,1319,104
Truck471112,2822,2656,1260,1319,59
Truck471304,1339,3122,1315,1319,4
Truck469935,2436,2998,935,1321,386
Truck470022,3122,2224,960,1321,361
Truck470423,2224,2437,1070,1321,251
Truck470650,2999,3331,1135,1321,186
Truck471056,2656,2655,1245,1321,76
Truck470078,2225,3238,975,1322,347
Truck470695,3331,1339,1145,1322,177
Truck471076,2822,2998,1250,1322,72
Truck470674,1339,2656,1140,1323,183
Truck470699,2998,3121,1145,1323,178
Truck470481,2821,1339,1085,1324,239
Truck470860,2822,2225,1190,1324,134
Truck470954,2437,2821,1220,1324,104
Truck471198,3239,2436,1285,1324,39
Truck470314,1339,2998,1040,1325,285
Truck469953,2436,2224,940,1326,386
Truck470433,2655,2224,1075,1326,251
Truck470668,2999,2822,1140,1326,186
Truck471326,2656,3331,1320,1326,6
Truck470507,3121,1339,1095,1327,232
Truck470693,2224,3331,1145,1327,182
Truck470784,3239,0,1170,1327,157
Truck470310,3122,2225,1040,1328,288
Truck470717,2998,2225,1150,1328,178
Truck470878,2822,2999,1195,1328,133
Truck470984,2656,2998,1225,1328,103
Truck471130,2822,3331,1265,1328,63
Truck469711,1338,3121,875,1329,454
Truck470586,3239,2224,1115,1329,214
Truck470972,2437,3331,1225,1329,104
Truck470392,2822,3238,1060,1330,270
Truck470494,1339,2821,1090,1330,240
Truck470927,2224,2821,1210,1330,120
Truck471109,3331,3121,1260,1330,70
Truck470459,2224,2655,1080,1331,251
Truck470725,3238,3239,1155,1331,176
Truck470732,2656,2224,1155,1331,176
Truck471092,2656,2655,1255,1331,76
Truck469962,0,2436,945,1332,387
Truck469971,2436,2655,945,1332,387
Truck470883,2655,2822,1200,1332,132
Truck471137,3121,2999,1270,1332,62
Truck469279,1338,2998,755,1333,578
Truck470327,3121,3238,1045,1333,288
Truck470710,1339,2656,1150,1333,183
Truck470735,2998,2655,1155,1333,178
Truck470987,2998,3331,1225,1333,108
Truck469338,3122,1338,770,1334,564
Truck471234,3239,2655,1295,1334,39
Truck470350,1339,2998,1050,1335,285
Truck470518,2822,1339,1095,1335,240
Truck470477,2224,2655,1085,1336,251
Truck470704,2999,2821,1150,1336,186
Truck471131,2998,2822,1265,1336,71
Truck469945,1338,2999,940,1337,397
Truck469980,0,2436,950,1337,387
Truck470294,2225,0,1035,1337,302
Truck470731,3331,2224,1155,1337,182
Truck470914,2822,2436,1205,1337,132
Truck470938,2999,2225,1215,1337,122
Truck469297,1338,2821,760,1338,578
Truck469299,2655,1338,760,1338,578
Truck470071,1338,2436,975,1338,363
Truck470617,3238,2656,1125,1338,213
Truck470753,2998,1338,1160,1338,178
Truck470851,3238,2437,1190,1338,148
Truck470998,1339,2655,1230,1338,108
Truck471005,2998,3331,1230,1338,108
Truck471008,2437,2822,1235,1339,104
Truck471252,3239,2999,1300,1339,39
Truck470666,2437,2225,1140,1340,200
Truck471145,3331,2999,1270,1340,70
Truck470722,2999,2224,1155,1341,186
Truck470882,2437,3121,1200,1341,141
Truck471128,2656,2437,1265,1341,76
Truck470312,2225,0,1040,1342,302
Truck471181,3331,2822,1280,1342,62
Truck470089,1338,2436,980,1343,363
Truck470437,3238,2822,1075,1343,268
Truck471172,2999,3121,1280,1343,63
Truck469374,3122,1338,780,1344,564
Truck470525,3121,3331,1100,1344,244
Truck471026,2437,3331,1240,1344,104
Truck470117,2224,3122,985,1345,360
Truck470742,3122,2656,1160,1345,185
Truck471157,3238,0,1275,1345,70
Truck470513,2224,2436,1095,1346,251
Truck470739,2655,2999,1160,1346,186
Truck470740,2999,0,1160,1346,186
Truck471146,2656,2655,1270,1346,76
Truck471397,3331,2656,1340,1346,6
Truck470079,2436,3122,975,1347,372
Truck471104,2225,2436,1260,1347,87
Truck469333,1338,2656,770,1348,578
Truck470330,2225,2655,1045,1348,303
Truck470382,3122,2225,1060,1348,288
Truck470455,3238,2822,1080,1348,268
Truck470785,3331,3122,1170,1348,178
Truck470789,2998,2437,1170,1348,178
Truck471306,3239,3331,1315,1348,33
Truck470538,0,3121,1105,1349,244
Truck470543,3121,2998,1105,1349,244
Truck470800,1339,2999,1175,1349,174
Truck471044,2437,2656,1245,1349,104
Truck471288,3239,2225,1310,1349,39
Truck471123,2436,2225,1265,1350,85
Truck470130,3122,2224,990,1351,361
Truck471168,0,3238,1280,1351,71
Truck471273,2821,2998,1305,1351,46
Truck470562,3122,2822,1110,1352,242
Truck470783,2224,3331,1170,1352,182
Truck471210,3122,3238,1290,1352,62
Truck469351,1338,2224,775,1353,578
Truck469879,3238,2436,920,1353,433
Truck470340,0,2225,1050,1353,303
Truck470348,2225,3239,1050,1353,303
Truck470615,3121,3122,1125,1353,228
Truck470807,2998,3121,1175,1353,178
Truck470900,2437,3238,1205,1353,148
Truck470904,3122,3239,1205,1353,148
Truck470561,3121,2224,1110,1354,244
Truck471062,2437,3239,1250,1354,104
Truck471179,2224,2822,1280,1354,74
Truck471232,1339,3238,1295,1354,59
Truck470061,2436,2224,970,1356,386
Truck470549,2224,1338,1105,1356,251
Truck469414,1339,1338,790,1357,567
Truck470366,2225,0,1055,1357,302
Truck470973,2655,2821,1225,1357,132
Truck470985,2821,2225,1225,1357,132
Truck471228,3122,3238,1295,1357,62
Truck471254,2656,2821,1300,1357,57
Truck469369,1338,3331,780,1358,578
Truck470633,3121,3122,1130,1358,228
Truck470696,2656,3238,1145,1358,213
Truck470922,3122,3239,1210,1358,148
Truck470986,2822,1338,1225,1358,133
Truck471346,2822,2821,1325,1358,33
Truck471027,2655,0,1240,1359,119
Truck471324,3239,3121,1320,1359,39
Truck470830,2999,1339,1185,1360,175
Truck471217,3331,2655,1290,1360,70
Truck470567,2224,2655,1110,1361,251
Truck470794,2999,2224,1175,1361,186
Truck470035,1338,2999,965,1362,397
Truck470598,3122,2821,1120,1362,242
Truck470838,3239,3238,1185,1362,177
Truck471253,3331,2822,1300,1362,62
Truck471255,2821,3331,1300,1362,62
Truck471420,0,1339,1350,1362,12
Truck470384,2225,2821,1060,1363,303
Truck470843,2998,1338,1185,1363,178
Truck471113,2998,2656,1260,1363,103
Truck471170,2437,2999,1280,1363,83
Truck470597,3121,3331,1120,1364,244
Truck470854,1339,2999,1190,1364,174
Truck471098,2437,2998,1260,1364,104
Truck471156,3122,2437,1275,1364,89
Truck471215,2224,2998,1290,1364,74
Truck471342,3239,2437,1325,1364,39
Truck470187,2436,1338,1005,1365,360
Truck470653,3238,2999,1135,1365,230
Truck470814,3122,2656,1180,1365,185
Truck471084,3122,2655,1255,1365,110
Truck471235,3331,2655,1295,1365,70
Truck470097,2436,2656,980,1366,386
Truck470465,2998,3122,1080,1366,286
Truck471218,2656,1338,1290,1366,76
Truck469405,1338,0,790,1367,577
Truck470151,2436,3122,995,1367,372
Truck470839,3331,2224,1185,1367,182
Truck471021,2821,1338,1235,1367,132
Truck470402,2225,2224,1065,1368,303
Truck470847,2655,2998,1190,1368,178
Truck470861,2998,2999,1190,1368,178
Truck471262,2999,3121,1305,1368,63
Truck470808,0,3331,1180,1369,189
Truck471360,3239,3121,1330,1369,39
Truck470365,3238,2998,1055,1370,315
Truck470603,2224,2436,1120,1371,251
Truck470634,3122,2822,1130,1371,241
Truck470980,1339,3239,1225,1371,146
Truck470990,2437,3121,1230,1371,141
Truck471240,0,3238,1300,1371,71
Truck469423,1338,0,795,1372,577
Truck470115,2436,2655,985,1372,387
Truck470420,2225,0,1070,1372,302
Truck471466,1339,0,1360,1372,12
Truck470471,3121,3238,1085,1373,288
Truck470872,1339,3331,1195,1373,178
Truck471369,2655,3239,1335,1373,38
Truck470109,2655,2436,985,1374,389
Truck470661,2821,1339,1135,1374,239
Truck471378,3239,2225,1335,1374,39
Truck471180,3239,2821,1280,1375,95
Truck470554,2822,3238,1105,1376,271
Truck470887,3238,3239,1200,1376,176
Truck471018,3239,2998,1235,1376,141
Truck471275,2998,2822,1305,1376,71
Truck469441,1338,0,800,1377,577
Truck471082,2999,2225,1255,1377,122
Truck470127,2655,2436,990,1378,388
Truck470897,2998,1338,1200,1378,178
Truck471135,2655,1339,1270,1378,108
Truck471142,1339,2655,1270,1378,108
Truck470651,3121,2655,1135,1379,244
Truck470876,2656,3122,1195,1379,184
Truck471152,2437,2655,1275,1379,104
Truck470512,1339,2998,1095,1380,285
Truck470826,0,2656,1185,1380,195
Truck470868,3122,2656,1195,1380,185
Truck471289,3331,2655,1310,1380,70
Truck471319,3238,3122,1320,1380,60
Truck470539,1338,2225,1105,1381,276
Truck470909,2224,2656,1205,1381,176
Truck469504,1339,1338,815,1382,567
Truck469987,3238,2436,950,1382,432
Truck470456,2225,0,1080,1382,302
Truck470670,3122,2821,1140,1382,242
Truck471075,2821,2437,1250,1382,132
Truck471214,1339,2437,1290,1382,92
Truck471327,2821,3331,1320,1382,62
Truck471433,3331,3239,1350,1382,32
Truck469459,1338,2998,805,1383,578
Truck470448,0,2225,1080,1383,303
Truck471013,3238,2437,1235,1383,148
Truck471182,2656,2998,1280,1383,103
Truck471432,3239,3331,1350,1383,33
Truck470667,2655,3121,1140,1384,244
Truck470669,3121,2822,1140,1384,244
Truck470261,2224,3122,1025,1385,360
Truck470581,3238,2821,1115,1385,270
Truck470697,2821,3122,1145,1385,240
Truck471216,3239,2821,1290,1385,95
Truck471279,2655,2656,1310,1385,75
Truck470884,2999,2998,1200,1386,186
Truck471294,0,3238,1315,1386,71
Truck471094,2822,2655,1255,1387,132
Truck469477,1338,2656,810,1388,578
Truck470169,2436,2656,1000,1388,388
Truck470466,0,2225,1085,1388,303
Truck470797,3238,2656,1175,1388,213
Truck470801,2224,3239,1175,1388,213
Truck470933,2998,1338,1210,1388,178
Truck471334,2999,3121,1325,1388,63
Truck471188,2437,2656,1285,1389,104
Truck471305,2224,2998,1315,1389,74
Truck470277,2436,1338,1030,1390,360
Truck470675,2224,1338,1140,1391,251
Truck469540,1339,1338,825,1392,567
Truck470329,3238,2225,1045,1392,347
Truck470706,3122,2821,1150,1392,242
Truck471140,2225,2999,1270,1392,122
Truck471266,2225,2436,1305,1392,87
Truck471363,2821,3331,1330,1392,62
Truck469549,1338,3122,830,1393,563
Truck470492,2225,3239,1090,1393,303
Truck470815,3238,2656,1180,1393,213
Truck470947,3331,3122,1215,1393,178
Truck471441,2655,3239,1355,1393,38
Truck471468,3239,3331,1360,1393,33
Truck470637,2436,3121,1130,1394,264
Truck470705,3121,2998,1150,1394,244
Truck471280,2999,2437,1310,1394,84
Truck471450,3239,3121,1355,1394,39
Truck471192,3122,2655,1285,1395,110
Truck470043,2436,3238,965,1396,431
Truck470685,2655,2224,1145,1396,251
Truck470698,2822,0,1145,1396,251
Truck470919,2655,2999,1210,1396,186
Truck470920,2999,0,1210,1396,186
Truck471570,3122,1339,1390,1396,6
Truck471036,3239,0,1240,1397,157
Truck471129,2821,2655,1265,1397,132
Truck470205,2436,3239,1010,1398,388
Truck470510,2225,3331,1095,1398,303
Truck470944,1339,2656,1215,1398,183
Truck470948,2656,1339,1215,1398,183
Truck470962,1339,3331,1220,1398,178
Truck471398,2656,2822,1340,1398,58
Truck470723,3121,2822,1155,1399,244
Truck470778,3122,3121,1170,1399,229
Truck471224,2437,3331,1295,1399,104
Truck471347,2998,2224,1325,1399,74
Truck471400,2822,2656,1340,1399,59
Truck470715,2821,0,1150,1400,250
Truck471351,2655,3331,1330,1400,70
Truck471344,2656,3121,1325,1401,76
Truck471552,3122,0,1385,1401,16
Truck471364,2822,2224,1330,1402,72
Truck469531,1338,2998,825,1403,578
Truck470528,2225,2655,1100,1403,303
Truck470579,3121,3238,1115,1403,288
Truck470741,3121,2224,1160,1404,244
Truck471148,2822,2436,1270,1404,134
Truck471242,2437,3239,1300,1404,104
Truck471486,3239,1338,1365,1404,39
Truck470609,2998,1339,1120,1405,285
Truck470764,1339,2821,1165,1405,240
Truck471186,0,2655,1285,1405,120
Truck471201,2821,2224,1285,1405,120
Truck471379,3331,2655,1335,1405,70
Truck470729,2224,3121,1155,1406,251
Truck471606,3122,1339,1400,1406,6
Truck470546,2225,0,1105,1407,302
Truck471001,3331,1339,1230,1407,177
Truck471072,3239,0,1250,1407,157
Truck471165,2821,2436,1275,1407,132
Truck471320,2225,2436,1320,1407,87
Truck471415,3331,2821,1345,1407,62
Truck470351,2224,1339,1050,1408,358
Truck470687,3121,2436,1145,1408,263
Truck471102,3122,3239,1260,1408,148
Truck470757,2655,3121,1165,1409,244
Truck471309,2821,3239,1315,1409,94
Truck471427,3238,1339,1350,1409,59
Truck471430,1339,3238,1350,1409,59
Truck471504,3239,3121,1370,1409,39
Truck470924,2225,2437,1210,1410,200
Truck470994,3122,3331,1230,1410,180
Truck469928,2437,1338,935,1411,476
Truck470602,1339,2225,1120,1411,291
Truck471632,2656,3331,1405,1411,6
Truck470218,2999,1338,1015,1412,397
Truck470259,2436,2224,1025,1412,387
Truck471183,2821,2999,1280,1412,132
Truck471314,2437,1339,1320,1412,92
Truck471425,3121,2999,1350,1412,62
Truck471435,2821,3331,1350,1412,62
Truck470831,3121,3122,1185,1413,228
Truck471271,3331,2998,1305,1413,108
Truck470021,3121,1338,960,1414,454
Truck470333,2224,0,1045,1414,369
Truck471401,2998,2224,1340,1414,74
Truck470537,2998,3238,1100,1415,315
Truck470620,1339,2225,1125,1416,291
Truck470645,2998,3122,1130,1416,286
Truck470992,2999,0,1230,1416,186
Truck470636,2225,3122,1130,1417,287
Truck470672,2225,1338,1140,1417,277
Truck471451,3331,2821,1355,1417,62
Truck471471,2821,2656,1360,1417,57
Truck471559,3331,3239,1385,1417,32
Truck469585,1338,3331,840,1418,578
Truck470574,0,2225,1115,1418,303
Truck470929,3331,3238,1210,1418,208
Truck471034,1339,3331,1240,1418,178
Truck471540,3239,2656,1380,1418,38
Truck470795,3121,3331,1175,1419,244
Truck470823,2821,1339,1180,1419,239
Truck471032,2225,3121,1240,1419,179
Truck471419,2998,2224,1345,1419,74
Truck471664,1339,3122,1415,1419,4
Truck470707,3238,2821,1150,1420,270
Truck470787,2821,0,1170,1420,250
Truck470960,2225,2437,1220,1420,200
Truck470349,2436,3122,1050,1421,371
Truck470627,2998,0,1125,1421,296
Truck470683,1338,2225,1145,1421,276
Truck470775,2655,2224,1170,1421,251
Truck470848,2999,3238,1190,1421,231
Truck471009,2655,2999,1235,1421,186
Truck471053,2224,2656,1245,1421,176
Truck471207,2655,2822,1290,1421,131
Truck471416,2656,2225,1345,1421,76
Truck471579,2821,2822,1390,1422,32
Truck469657,1338,3122,860,1423,563
Truck470295,2436,2224,1035,1423,388
Truck470405,2224,1339,1065,1423,358
Truck470600,2225,2655,1120,1423,303
Truck470824,2822,3122,1180,1423,243
Truck470923,3238,2656,1210,1423,213
Truck471059,2998,3121,1245,1423,178
Truck471220,2822,1338,1290,1423,133
Truck471549,2655,3239,1385,1423,38
Truck470057,3121,1338,970,1424,454
Truck471006,0,3331,1235,1424,189
Truck471297,2655,3122,1315,1424,109
Truck471484,1339,3238,1365,1424,59
Truck470358,0,2224,1055,1425,370
Truck470988,0,2656,1230,1425,195
Truck471258,0,2655,1305,1425,120
Truck470313,2436,2821,1040,1426,386
Truck471028,2999,3239,1240,1426,186
Truck471191,3121,2437,1285,1426,141
Truck471642,3122,0,1410,1426,16
Truck470628,0,2998,1130,1427,297
Truck471073,3331,1339,1250,1427,177
Truck471368,2437,1339,1335,1427,92
Truck469621,1338,3239,850,1428,578
Truck470618,2225,2656,1125,1428,303
Truck471077,2998,1338,1250,1428,178
Truck471175,3238,2437,1280,1428,148
Truck471567,2655,3239,1390,1428,38
Truck471576,3239,2656,1390,1428,38
Truck470684,2437,2436,1145,1429,284
Truck471332,2437,2998,1325,1429,104
Truck470367,2436,1339,1055,1431,376
Truck470368,1339,2436,1055,1431,376
Truck470819,2224,2225,1180,1431,251
Truck471045,2655,2999,1245,1431,186
Truck471046,2999,2821,1245,1431,186
Truck470290,2999,1338,1035,1432,397
Truck470421,2436,1338,1070,1432,362
Truck470474,2225,3238,1085,1432,347
Truck469639,1338,2656,855,1433,578
Truck470331,2436,2821,1045,1433,388
Truck471055,3331,0,1245,1433,188
Truck471070,1339,2656,1250,1433,183
Truck471596,2656,3239,1395,1433,38
Truck471350,2437,2224,1330,1434,104
Truck471520,1339,3238,1375,1434,59
Truck471594,3239,2437,1395,1434,39
Truck471718,1339,3122,1430,1434,4
Truck471239,2998,3239,1295,1435,140
Truck471481,3238,0,1365,1435,70
Truck471487,3331,2436,1365,1435,70
Truck470837,2224,2225,1185,1436,251
Truck470842,2822,0,1185,1436,251
Truck470902,2999,3238,1205,1436,231
Truck471064,2999,2655,1250,1436,186
Truck471470,2656,2655,1360,1436,76
Truck469702,1339,1338,870,1437,567
Truck470491,3238,2225,1090,1437,347
Truck471274,2822,2999,1305,1437,132
Truck471523,3331,2821,1375,1437,62
Truck471542,2656,2821,1380,1437,57
Truck470654,2225,3239,1135,1438,303
Truck470921,3121,3122,1210,1438,228
Truck470347,3238,2224,1050,1439,389
Truck470867,3121,2822,1195,1439,244
Truck470890,1339,2822,1200,1439,239
Truck471315,2655,0,1320,1439,119
Truck471414,3239,2822,1345,1439,94
Truck471417,2821,3239,1345,1439,94
Truck471426,3122,2437,1350,1439,89
Truck471485,2224,2822,1365,1439,74
Truck471491,2998,2224,1365,1439,74
Truck470728,1339,2998,1155,1440,285
Truck470779,3238,2821,1170,1440,270
Truck471505,3331,2436,1370,1440,70
Truck471690,0,3122,1425,1441,16
Truck469675,1338,0,865,1442,577
Truck470509,3238,2225,1095,1442,347
Truck471291,2821,2437,1310,1442,132
Truck471292,2822,2437,1310,1442,132
Truck471117,2655,2998,1265,1443,178
Truck471386,2437,0,1340,1443,103
Truck471387,2655,2437,1340,1443,103
Truck471621,2655,3239,1405,1443,38
Truck470125,1338,3121,990,1444,454
Truck470885,3121,2821,1200,1444,244
Truck470908,1339,2822,1205,1444,239
Truck471444,3122,2437,1355,1444,89
Truck471503,2224,2822,1370,1444,74
Truck471556,1339,3238,1385,1444,59
Truck471060,0,2656,1250,1445,195
Truck470738,2437,2436,1160,1446,286
Truck471100,2999,2655,1260,1446,186
Truck471506,2656,2437,1370,1446,76
Truck471527,2998,2822,1375,1446,71
Truck470780,2225,1338,1170,1447,277
Truck471125,2224,3331,1265,1447,182
Truck469537,3238,1338,825,1448,623
Truck469693,1338,2821,870,1448,578
Truck470385,2436,3331,1060,1448,388
Truck470495,2224,1339,1090,1448,358
Truck470690,2225,3239,1145,1448,303
Truck471246,3122,3239,1300,1448,148
Truck471310,2822,1338,1315,1448,133
Truck471650,2656,3239,1410,1448,38
Truck470901,2655,3121,1205,1449,244
Truck470903,3121,2656,1205,1449,244
Truck471404,2437,3331,1345,1449,104
Truck471462,3122,2437,1360,1449,89
Truck470926,1339,2821,1210,1450,240
Truck471541,3331,2999,1380,1450,70
Truck470490,3122,2224,1090,1451,361
Truck470744,2225,1339,1160,1451,291
Truck470891,2224,2437,1200,1451,251
Truck470956,2999,3238,1220,1451,231
Truck470545,3238,2225,1105,1452,347
Truck471163,3331,1339,1275,1452,177
Truck471352,2999,2225,1330,1452,122
Truck470403,2436,2656,1065,1453,388
Truck470708,2225,2998,1150,1453,303
Truck471127,3331,0,1265,1453,188
Truck471167,2998,2225,1275,1453,178
Truck471260,2437,3238,1305,1453,148
Truck471264,3122,3239,1305,1453,148
Truck471328,2822,2225,1320,1453,133
Truck471405,2655,1339,1345,1453,108
Truck470401,3238,2224,1065,1454,389
Truck471155,3121,2225,1275,1454,179
Truck471158,2225,3121,1275,1454,179
Truck471422,2437,2821,1350,1454,104
Truck471790,1339,3122,1450,1454,4
Truck471096,0,2656,1260,1455,195
Truck470508,3122,2224,1095,1456,361
Truck471136,2999,0,1270,1456,186
Truck471190,2999,3122,1285,1456,171
Truck471563,2998,2822,1385,1456,71
Truck471744,0,3122,1440,1456,16
Truck471786,3122,1339,1450,1456,6
Truck470950,2822,3122,1215,1457,242
Truck471345,2821,2225,1325,1457,132
Truck471772,1339,0,1445,1457,12
Truck469729,1338,2224,880,1458,578
Truck469731,2655,1338,880,1458,578
Truck471160,1339,2656,1275,1458,183
Truck471164,2656,1339,1275,1458,183
Truck471494,2437,3122,1370,1458,88
Truck470939,3121,2998,1215,1459,244
Truck471173,3121,2225,1280,1459,179
Truck471196,1339,2999,1285,1459,174
Truck471440,2437,2224,1355,1459,104
Truck471684,3239,2655,1420,1459,39
Truck470859,2821,3238,1190,1460,270
Truck470932,2822,0,1210,1460,250
Truck470995,3238,2999,1230,1460,230
Truck471154,2999,2224,1275,1461,186
Truck471768,3122,0,1445,1461,16
Truck470275,3238,2436,1030,1462,432
Truck470798,2225,3122,1175,1462,287
Truck470958,3122,2821,1220,1462,242
Truck471613,3331,2822,1400,1462,62
Truck469747,1338,2998,885,1463,578
Truck471189,2655,2998,1285,1463,178
Truck471203,2998,2437,1285,1463,178
Truck471604,2999,3121,1400,1463,63
Truck470197,1338,3121,1010,1464,454
Truck470441,2224,3238,1075,1464,389
Truck470869,3238,2822,1195,1464,269
Truck470957,3121,2998,1220,1464,244
Truck471458,2437,2224,1360,1464,104
Truck471532,2999,2437,1380,1464,84
Truck471616,2822,3331,1400,1464,64
Truck471628,1339,3238,1405,1464,59
Truck471702,3239,1338,1425,1464,39
Truck470818,1339,2998,1180,1465,285
Truck471116,2437,2225,1265,1465,200
Truck471208,2999,1339,1290,1465,175
Truck471413,2224,2821,1345,1465,120
Truck470293,3238,2436,1035,1466,431
Truck470493,2436,1339,1090,1466,376
Truck470825,2998,3122,1180,1466,286
Truck471335,3121,2437,1325,1466,141
Truck471578,2656,2225,1390,1466,76
Truck471381,2821,2436,1335,1467,132
Truck471598,2822,2224,1395,1467,72
Truck471651,2821,2656,1410,1467,57
Truck469765,1338,2998,890,1468,578
Truck470762,2225,2656,1165,1468,303
Truck470813,3121,3238,1180,1468,288
Truck471382,2822,2655,1335,1468,133
Truck470219,3121,1338,1015,1469,454
Truck470975,3121,2822,1225,1469,244
Truck471200,2656,3122,1285,1469,184
Truck471720,3239,2999,1430,1469,39
Truck470895,2821,3238,1200,1470,270
Truck470963,2224,2225,1220,1471,251
Truck470475,2436,2224,1085,1472,387
Truck471399,2821,2436,1340,1472,132
Truck470557,1338,2436,1110,1473,363
Truck471729,2655,3239,1435,1473,38
Truck471740,2656,3239,1435,1473,38
Truck470993,3121,2655,1230,1474,244
Truck471108,3239,2224,1260,1474,214
Truck471477,2655,3122,1365,1474,109
Truck471611,2224,2822,1400,1474,74
Truck471617,2998,2224,1400,1474,74
Truck471661,3238,1339,1415,1474,59
Truck470905,3238,2821,1205,1475,270
Truck470970,0,2822,1225,1475,250
Truck471631,3331,2437,1405,1475,70
Truck470529,2436,1339,1100,1477,377
Truck470852,2225,3122,1190,1477,287
Truck471141,2436,2999,1270,1477,207
Truck471667,3331,2821,1415,1477,62
Truck469801,1338,2224,900,1478,578
Truck471065,3121,3122,1250,1478,228
Truck471250,1339,3331,1300,1478,178
Truck471257,2998,3121,1300,1478,178
Truck471418,2822,2999,1345,1478,133
Truck471502,1339,2655,1370,1478,108
Truck471509,2998,3331,1370,1478,108
Truck470255,3121,1338,1025,1479,454
Truck471039,2821,1339,1240,1479,239
Truck471512,2437,2822,1375,1479,104
Truck471629,2224,2998,1405,1479,74
Truck471679,3238,1339,1420,1479,59
Truck471756,3239,2655,1440,1479,39
Truck471040,2822,1339,1240,1480,240
Truck471649,3331,3121,1410,1480,70
Truck470511,2436,2821,1095,1481,386
Truck470879,2998,3122,1195,1481,286
Truck470999,2224,1338,1230,1481,251
Truck470502,0,2436,1095,1482,387
Truck471423,2655,2821,1350,1482,132
Truck471590,2225,2436,1395,1482,87
Truck469819,1338,3331,905,1483,578
Truck470816,2225,2821,1180,1483,303
Truck471584,2437,3122,1395,1483,88
Truck471602,2437,2999,1400,1483,83
Truck471653,2998,2224,1410,1484,74
Truck471774,3239,1338,1445,1484,39
Truck471022,2822,0,1235,1485,250
Truck471052,1339,2821,1245,1485,240
Truck470565,2436,1339,1110,1486,376
Truck471017,2224,1338,1235,1486,251
Truck471058,2822,3122,1245,1486,241
Truck470485,1338,2999,1090,1487,397
Truck471453,2821,1338,1355,1487,132
Truck471723,2821,2656,1430,1487,57
Truck469837,1338,2656,910,1488,578
Truck470834,2225,2822,1185,1488,303
Truck471293,2998,1338,1310,1488,178
Truck471348,0,3239,1330,1488,158
Truck471454,2822,1338,1355,1488,133
Truck471560,2656,2998,1385,1488,103
Truck471794,2656,3239,1450,1488,38
Truck470531,2224,3238,1100,1489,389
Truck471236,2656,0,1295,1489,194
Truck471272,2656,3122,1305,1489,184
Truck471548,2437,2656,1385,1489,104
Truck471627,2436,2225,1405,1490,85
Truck471685,3331,2655,1420,1490,70
Truck469891,1338,1339,925,1491,566
Truck470888,2225,1339,1200,1491,291
Truck471035,2224,2999,1240,1491,251
Truck471066,3122,2822,1250,1491,241
Truck470601,2436,3122,1120,1492,372
Truck471307,3331,1339,1315,1492,177
Truck471472,2822,1338,1360,1492,132
Truck471688,2822,2224,1420,1492,72
Truck470629,1338,2436,1130,1493,363
Truck471193,3238,3331,1285,1493,208
Truck471290,2656,1339,1310,1493,183
Truck471311,2998,2655,1315,1493,178
Truck470656,1339,2224,1135,1494,359
Truck471120,3122,3121,1265,1494,229
Truck471566,2437,2656,1390,1494,104
Truck471640,2999,2437,1410,1494,84
Truck471088,1339,2821,1255,1495,240
Truck471510,0,2655,1375,1495,120
Truck471118,2999,3238,1265,1496,231
Truck469873,1338,0,920,1497,577
Truck470524,2999,1338,1100,1497,397
Truck471706,2822,2998,1425,1497,72
Truck471760,2822,2656,1440,1497,57
Truck469872,0,1338,920,1498,578
Truck471308,2656,1339,1315,1498,183
Truck471329,2998,2436,1320,1498,178
Truck471582,0,2437,1395,1498,103
Truck471081,2655,3121,1255,1499,244
Truck471317,3121,2225,1320,1499,179
Truck470251,1338,2437,1025,1500,475
Truck470951,2998,1339,1215,1500,285
Truck471300,3122,2656,1315,1500,185
Truck471473,2998,3239,1360,1500,140
Truck471721,3331,2999,1430,1500,70
Truck471063,2655,2224,1250,1501,251
Truck471298,2999,2224,1315,1501,186
Truck471704,2656,2437,1425,1501,76
Truck470583,2436,3239,1115,1502,387
Truck471325,3331,2224,1320,1502,182
Truck471507,2821,2999,1370,1502,132
Truck471508,2822,2437,1370,1502,132
Truck471536,2225,2999,1380,1502,122
Truck471724,2822,2224,1430,1502,72
Truck470941,3238,3121,1215,1503,288
Truck471778,2822,2656,1445,1503,58
Truck470585,2224,3238,1115,1504,389
Truck470961,2436,2437,1220,1504,284
Truck471029,3121,2436,1240,1504,264
Truck471099,2655,3121,1260,1504,244
Truck471124,1339,2821,1265,1505,240
Truck471739,3331,3121,1435,1505,70
Truck470439,2436,3238,1075,1506,431
Truck471089,2224,2437,1255,1506,251
Truck471316,2999,2822,1320,1506,186
Truck471681,2436,2225,1420,1506,86
Truck471743,2998,2822,1435,1506,71
Truck471372,3122,2999,1335,1507,172
Truck471525,2821,2999,1375,1507,132
Truck471550,2999,2225,1385,1507,122
Truck469753,3238,1338,885,1508,623
Truck469909,1338,2655,930,1508,578
Truck470906,2225,3239,1205,1508,303
Truck471051,2436,3121,1245,1508,263
Truck471635,2998,2656,1405,1508,103
Truck471674,2437,3122,1420,1508,88
Truck471114,0,3121,1265,1509,244
Truck471119,3121,3331,1265,1509,244
Truck471526,2822,2436,1375,1509,134
Truck471603,2655,3122,1400,1509,109
Truck470711,2224,3122,1150,1510,360
Truck471278,2437,2225,1310,1510,200
Truck471336,3122,2656,1325,1510,185
Truck471757,3331,3121,1440,1510,70
Truck471107,2224,3121,1260,1511,251
Truck471330,0,2999,1325,1511,186
Truck470457,2436,3238,1080,1512,432
Truck470619,2436,2998,1125,1512,387
Truck471361,3331,2224,1330,1512,182
Truck471543,2821,2655,1380,1512,132
Truck469771,3238,1338,890,1513,623
Truck469927,1338,3331,935,1513,578
Truck470977,3238,3121,1225,1513,288
Truck471265,3238,3331,1305,1513,208
Truck471358,1339,2656,1330,1513,183
Truck471362,2656,1339,1330,1513,183
Truck471383,2998,1338,1335,1513,178
Truck471517,3238,2655,1375,1513,138
Truck471544,2822,2999,1380,1513,133
Truck471638,2437,0,1410,1513,103
Truck470621,2224,3238,1125,1514,389
Truck471687,2821,3239,1420,1514,94
Truck471593,2224,2821,1395,1515,120
Truck470969,2998,0,1220,1516,296
Truck471758,2656,2999,1440,1516,76
Truck471762,0,3238,1445,1516,71
Truck471779,2998,2822,1445,1516,71
Truck469990,1339,1338,950,1517,567
Truck470691,2436,3122,1145,1517,372
Truck470937,2655,2225,1215,1517,302
Truck471396,3239,3238,1340,1517,177
Truck471561,2821,3121,1385,1517,132
Truck471700,1339,2437,1425,1517,92
Truck471830,2656,2822,1460,1517,57
Truck469947,2655,1338,940,1518,578
Truck470747,2224,1339,1160,1518,358
Truck470942,2225,2655,1215,1518,303
Truck471498,3122,3239,1370,1518,148
Truck471531,2655,3238,1380,1518,138
Truck471562,2822,2655,1385,1518,133
Truck470635,3238,2224,1130,1519,389
Truck470639,2224,3238,1130,1519,389
Truck471153,2655,3121,1275,1519,244
Truck471270,3239,2224,1305,1519,214
Truck471392,2225,3121,1340,1519,179
Truck471656,2437,2224,1415,1519,104
Truck471765,2655,2656,1445,1520,75
Truck470655,2436,2821,1135,1521,386
Truck471143,2224,2655,1270,1521,251
Truck471370,2999,2821,1335,1521,186
Truck471424,2999,3122,1350,1521,171
Truck471522,3239,1339,1375,1521,146
Truck471776,2656,1338,1445,1521,76
Truck472028,2656,3331,1515,1521,6
Truck470611,1338,2999,1125,1522,397
Truck470737,1338,2436,1160,1522,362
Truck470955,2655,2225,1220,1522,302
Truck471937,3331,3239,1490,1522,32
Truck469963,1338,2822,945,1523,578
Truck470952,0,2225,1220,1523,303
Truck471474,0,3239,1365,1523,158
Truck470646,0,2436,1135,1524,389
Truck471657,2655,3122,1415,1524,109
Truck471732,3122,2437,1435,1524,89
Truck471783,2655,2656,1450,1525,75
Truck471811,3331,1338,1455,1525,70
Truck470673,2436,2224,1140,1526,386
Truck471041,2998,3122,1240,1526,286
Truck471226,2999,3238,1295,1526,231
Truck471388,2999,2998,1340,1526,186
Truck471558,3239,2998,1385,1526,141
Truck471202,2822,3122,1285,1527,242
Truck470978,2225,2998,1225,1528,303
Truck471437,2998,2436,1350,1528,178
Truck471958,2822,2821,1495,1528,33
Truck471692,2437,3239,1425,1529,104
Truck471809,2224,2998,1455,1529,74
Truck471936,3239,2999,1490,1529,39
Truck471103,3238,2822,1260,1530,270
Truck471219,2821,3122,1290,1530,240
Truck471742,2822,3239,1435,1530,95
Truck471829,3331,2437,1460,1530,70
Truck471023,2998,0,1235,1531,296
Truck471171,2655,2224,1280,1531,251
Truck471244,2999,3238,1300,1531,231
Truck471406,2999,3331,1345,1531,186
Truck471816,0,3238,1460,1531,71
Truck471615,2821,2225,1400,1532,132
Truck471865,3331,2821,1470,1532,62
Truck470996,2225,2821,1230,1533,303
Truck471343,3331,3238,1325,1533,208
Truck471708,0,2437,1430,1533,103
Truck470058,3122,1338,970,1534,564
Truck471204,0,3121,1290,1534,244
Truck471237,2821,1339,1295,1534,239
Truck471710,2437,2998,1430,1534,104
Truck471877,3238,1339,1475,1534,59
Truck471837,2655,3331,1465,1535,70
Truck471841,3238,0,1465,1535,70
Truck471847,3331,2999,1465,1535,70
Truck470547,2436,3238,1105,1536,431
Truck470796,3122,2224,1175,1536,361
Truck471197,2224,2655,1285,1536,251
Truck471238,2822,3122,1295,1536,241
Truck471789,2436,2225,1450,1536,86
Truck471834,0,3238,1465,1536,71
Truck472038,3122,0,1520,1536,16
Truck470665,1338,2999,1140,1537,397
Truck470709,2436,3239,1150,1537,387
Truck471764,2437,1339,1445,1537,92
Truck471876,3122,3238,1475,1537,62
Truck471883,3331,2821,1475,1537,62
Truck472060,1339,0,1525,1537,12
Truck470017,1338,2224,960,1538,578
Truck471014,2225,2998,1235,1538,303
Truck471452,2656,1339,1355,1538,183
Truck471459,2655,2998,1360,1538,178
Truck471782,2437,3122,1450,1538,88
Truck471974,2656,3239,1500,1538,38
Truck471990,3239,3331,1505,1538,33
Truck471080,2437,2436,1255,1539,284
Truck471227,3121,2998,1295,1539,244
Truck471728,2437,2998,1435,1539,104
Truck471802,2999,2437,1455,1539,84
Truck471845,2224,2998,1465,1539,74
Truck471851,2998,2224,1465,1539,74
Truck471972,3239,2655,1500,1539,39
Truck471855,2655,3331,1470,1540,70
Truck471256,2822,3122,1300,1541,241
Truck471442,2999,2822,1355,1541,186
Truck471848,2656,2225,1465,1541,76
Truck471852,0,3238,1470,1541,71
Truck470727,2436,2655,1155,1542,387
Truck472011,2821,2822,1510,1542,32
Truck470037,2655,1338,965,1543,578
Truck470718,0,2436,1155,1543,388
Truck470721,2655,2436,1155,1543,388
Truck471024,0,2225,1240,1543,303
Truck471083,3121,3238,1255,1543,288
Truck470094,3122,1338,980,1544,564
Truck471245,3121,3331,1300,1544,244
Truck471746,2437,2655,1440,1544,104
Truck471795,2821,3239,1450,1544,94
Truck470413,1338,2437,1070,1545,475
Truck471233,2224,3121,1295,1546,251
Truck471460,2999,2655,1360,1546,186
Truck472117,3331,2656,1540,1546,6
Truck470745,2436,3239,1160,1547,387
Truck471166,2822,3238,1275,1547,272
Truck471669,2821,2999,1415,1547,132
Truck470107,1338,3122,985,1548,563
Truck471377,2224,3239,1335,1548,213
Truck471380,2656,3238,1335,1548,213
Truck471469,3331,0,1360,1548,188
Truck471639,2655,3238,1410,1548,138
Truck470743,3238,2224,1160,1549,389
Truck471263,3121,2656,1305,1549,244
Truck471747,2655,3122,1440,1549,109
Truck471480,3122,2656,1365,1550,185
Truck471931,3238,3122,1490,1550,60
Truck470763,2436,2821,1165,1551,386
Truck471243,2655,2224,1300,1551,251
Truck471648,3239,2998,1410,1551,141
Truck470719,1338,2999,1155,1552,397
Truck471675,2655,2821,1420,1552,132
Truck471068,2225,2998,1250,1553,303
Truck471134,2437,2436,1270,1554,284
Truck471518,2225,3121,1375,1554,179
Truck471952,1339,3238,1495,1554,59
Truck471031,3238,2998,1240,1555,315
Truck471516,3122,3331,1375,1555,180
Truck471741,2821,2224,1435,1555,120
Truck471919,3331,2999,1485,1555,70
Truck471496,2999,3239,1370,1556,186
Truck471902,2656,2225,1480,1556,76
Truck470134,1339,1338,990,1557,567
Truck470781,2436,2998,1170,1557,387
Truck471612,3239,0,1400,1557,157
Truck471086,2225,2998,1255,1558,303
Truck471854,2437,3122,1470,1558,88
Truck471299,3121,2822,1315,1559,244
Truck471354,3122,3121,1330,1559,229
Truck471524,2656,3122,1375,1559,184
Truck471533,3121,2225,1380,1559,179
Truck471800,2437,2998,1455,1559,104
Truck470799,2436,2656,1175,1561,386
Truck471287,2224,3121,1310,1561,251
Truck471514,2999,2998,1375,1561,186
Truck471920,2656,3121,1485,1561,76
Truck472031,2998,2821,1515,1561,46
Truck472171,3331,2656,1555,1561,6
Truck472172,2656,3331,1555,1561,6
Truck471276,0,2822,1310,1562,252
Truck471879,2436,2225,1475,1562,87
Truck472150,1339,0,1550,1562,12
Truck471229,3238,2822,1295,1563,268
Truck471434,2656,3238,1350,1563,213
Truck471185,2998,1339,1280,1565,285
Truck471568,2999,1339,1390,1565,175
Truck470817,2436,2656,1180,1567,387
Truck471376,1339,3121,1335,1567,232
Truck471872,2437,1339,1475,1567,92
Truck472010,2656,2821,1510,1567,57
Truck471122,2225,2998,1265,1568,303
Truck471463,3238,3331,1360,1568,208
Truck471581,2998,1338,1390,1568,178
Truck471636,0,3239,1410,1568,158
Truck471836,2437,0,1465,1568,103
Truck471390,3122,3121,1340,1569,229
Truck471910,2999,2437,1485,1569,84
Truck470503,1338,2437,1095,1570,475
Truck471085,3238,2998,1255,1570,315
Truck471095,2998,3238,1255,1570,315
Truck471967,3238,0,1500,1570,70
Truck471973,3331,2225,1500,1570,70
Truck471323,2224,2225,1320,1571,251
Truck471956,2656,1338,1495,1571,76
Truck472158,0,3122,1555,1571,16
Truck471577,3331,2224,1390,1572,182
Truck471666,3239,0,1415,1572,157
Truck471788,2225,2999,1450,1572,122
Truck472002,3122,3238,1510,1572,62
Truck469981,1338,3238,950,1573,623
Truck470143,1338,2655,995,1573,578
Truck470835,2436,2656,1185,1573,388
Truck471599,2998,2436,1395,1573,178
Truck471733,3238,2655,1435,1573,138
Truck471353,3121,2656,1330,1574,244
Truck471587,3121,2225,1395,1574,179
Truck472098,3239,2225,1535,1574,39
Truck471409,3238,2999,1345,1575,230
Truck471528,0,2656,1380,1575,195
Truck471221,2998,3122,1290,1576,286
Truck471341,2224,3121,1325,1576,251
Truck471614,2656,2224,1400,1576,176
Truck471731,3121,2437,1435,1576,141
Truck472083,2821,2998,1530,1576,46
Truck470161,1338,0,1000,1577,577
Truck470935,1338,2436,1215,1577,362
Truck471407,3121,1339,1345,1577,232
Truck472046,2656,2821,1520,1577,57
Truck472048,2822,2656,1520,1577,57
Truck470005,3238,1338,955,1578,623
Truck470853,2436,2224,1190,1578,388
Truck471371,3121,0,1335,1578,243
Truck471488,2656,3238,1365,1578,213
Truck471869,2998,3331,1470,1578,108
Truck470855,2224,3238,1190,1579,389
Truck471366,0,3121,1335,1579,244
Truck471999,2655,3331,1510,1580,70
Truck471359,2224,2655,1330,1581,251
Truck471586,2999,2998,1395,1581,186
Truck471992,2656,2437,1505,1581,76
Truck472012,2822,2224,1510,1582,72
Truck472047,2821,3331,1520,1582,62
Truck470178,0,1338,1005,1583,578
Truck470179,1338,2998,1005,1583,578
Truck470871,2436,2224,1195,1583,388
Truck471176,2225,3239,1280,1583,303
Truck471796,2822,2437,1450,1583,133
Truck471891,2655,2437,1480,1583,103
Truck470873,2224,3238,1195,1584,389
Truck471301,3238,2822,1315,1584,269
Truck471389,3121,3239,1340,1584,244
Truck471890,2437,2224,1480,1584,104
Truck471139,3238,2998,1270,1585,315
Truck471149,2998,3238,1270,1585,315
Truck472021,3238,0,1515,1585,70
Truck470558,2437,1338,1110,1586,476
Truck470889,2436,2224,1200,1587,387
Truck471660,3122,2999,1415,1587,172
Truck471813,2821,2437,1455,1587,132
Truck471814,2822,2225,1455,1587,132
Truck470196,0,1338,1010,1588,578
Truck471194,2225,2822,1285,1588,303
Truck471408,3122,2822,1345,1588,243
Truck471908,2437,3331,1485,1589,104
Truck471982,2999,2437,1505,1589,84
Truck472025,2224,2998,1515,1589,74
Truck472152,3239,2655,1550,1589,39
Truck471436,2822,1339,1350,1590,240
Truck472017,2655,2656,1515,1590,75
Truck472045,3331,2655,1520,1590,70
Truck470907,2436,3239,1205,1591,386
Truck472032,0,3238,1520,1591,71
Truck470863,1338,2999,1195,1592,397
Truck471050,2225,3238,1245,1592,347
Truck471647,2224,3331,1410,1592,182
Truck471738,3239,0,1435,1592,157
Truck471831,2821,3121,1460,1592,132
Truck472074,3122,3238,1530,1592,62
Truck470215,1338,3331,1015,1593,578
Truck471212,2225,2821,1290,1593,303
Truck471819,2655,2822,1460,1593,133
Truck471832,2822,3121,1460,1593,133
Truck471941,2998,2656,1490,1593,103
Truck471682,1339,2999,1420,1594,174
Truck471926,2437,3239,1490,1594,104
Truck471885,2821,2224,1475,1595,120
Truck471976,2822,3239,1500,1595,95
Truck472063,3331,2225,1525,1595,70
Truck472093,3238,3122,1535,1595,60
Truck471268,1339,2225,1305,1596,291
Truck471402,0,2822,1345,1596,251
Truck470233,1338,0,1020,1597,577
Truck470881,1338,2999,1200,1597,397
Truck470916,0,2436,1210,1597,387
Truck470925,2436,3239,1210,1597,387
Truck471230,2225,0,1295,1597,302
Truck471282,3122,2998,1310,1597,287
Truck471849,2821,3121,1465,1597,132
Truck472118,2656,2821,1540,1597,57
Truck472119,2821,2656,1540,1597,57
Truck471222,0,2225,1295,1598,303
Truck471689,2998,2225,1420,1598,178
Truck471823,3238,2655,1460,1598,138
Truck471850,2822,2655,1465,1598,133
Truck471944,2437,0,1495,1598,103
Truck472016,2437,2999,1515,1598,83
Truck471375,2436,3121,1335,1599,264
Truck471443,3121,2821,1355,1599,244
Truck472018,2999,2437,1515,1599,84
Truck472061,2224,2822,1525,1599,74
Truck472114,1339,3238,1540,1599,59
Truck472312,1339,3122,1595,1599,4
Truck471903,2821,2224,1480,1600,120
Truck472111,3238,3122,1540,1600,60
Truck470997,2436,3122,1230,1601,371
Truck471658,2999,3239,1415,1601,186
Truck472064,2656,3121,1525,1601,76
Truck471025,1338,2436,1240,1602,362
Truck471867,2821,2436,1470,1602,132
Truck472110,3122,3238,1540,1602,62
Truck472138,2822,2656,1545,1602,57
Truck470943,2436,2822,1215,1603,388
Truck471248,2225,2656,1300,1603,303
Truck471595,3331,3238,1395,1603,208
Truck471686,2656,1339,1420,1603,183
Truck471707,2998,1338,1425,1603,178
Truck471810,3239,3122,1455,1603,148
Truck471868,2822,2999,1470,1603,133
Truck470945,2224,3238,1215,1604,389
Truck471373,3238,2822,1335,1604,269
Truck471461,3121,3239,1360,1604,244
Truck471909,2655,0,1485,1604,119
Truck472206,3239,3121,1565,1604,39
Truck471211,3238,2998,1290,1605,315
Truck471917,2224,2821,1485,1605,120
Truck472071,2655,2656,1530,1605,75
Truck471048,3122,2224,1245,1606,361
Truck471676,2999,2822,1420,1606,186
Truck471722,2656,2224,1430,1606,176
Truck472103,2998,2822,1535,1606,71
Truck471490,2822,3122,1365,1607,242
Truck472137,2821,3331,1545,1607,62
Truck470269,1338,2822,1030,1608,578
Truck471711,2655,2998,1430,1608,178
Truck471828,3239,3122,1460,1608,148
Truck472126,2999,3121,1545,1608,63
Truck471479,3121,3239,1365,1609,244
Truck471736,1339,2999,1435,1609,174
Truck471980,2437,3331,1505,1609,104
Truck472224,3239,2225,1570,1609,39
Truck472030,2822,3239,1515,1610,95
Truck470979,2436,2822,1225,1611,386
Truck471322,1339,2225,1320,1611,291
Truck471846,3239,1339,1465,1611,146
Truck471857,3121,2437,1470,1611,141
Truck472100,2656,1338,1535,1611,76
Truck470287,1338,2224,1035,1613,578
Truck471284,2225,2655,1310,1613,303
Truck471497,3121,0,1370,1613,243
Truck471551,3121,3122,1385,1613,228
Truck471703,3331,0,1425,1613,188
Truck471904,2822,2437,1480,1613,133
Truck472244,2656,3239,1575,1613,38
Truck470981,2224,3238,1225,1614,389
Truck471754,1339,2999,1440,1614,174
Truck471998,2437,2822,1510,1614,104
Truck472168,1339,3238,1555,1614,59
Truck472242,3239,1338,1575,1614,39
Truck471489,2821,0,1365,1615,250
Truck472044,3239,2821,1520,1615,95
Truck471340,1339,2225,1325,1616,291
Truck472362,3122,1339,1610,1616,6
Truck471921,2821,2437,1485,1617,132
Truck470305,1338,3239,1040,1618,578
Truck471302,2225,2821,1315,1618,303
Truck471761,2998,2999,1440,1618,178
Truck471859,3238,2437,1470,1618,148
Truck470759,3121,1338,1165,1619,454
Truck471515,3121,3239,1375,1619,244
Truck471630,3239,2224,1405,1619,214
Truck471749,3121,2225,1440,1619,179
Truck471922,2822,2436,1485,1619,134
Truck471963,2655,0,1500,1619,119
Truck472186,1339,3238,1560,1619,59
Truck471015,2436,2224,1235,1621,386
Truck471730,2999,2998,1435,1621,186
Truck471900,3239,2998,1480,1621,141
Truck471534,3122,2822,1380,1622,242
Truck471927,2655,2821,1490,1622,132
Truck471939,2821,2225,1490,1622,132
Truck472078,1339,2437,1530,1622,92
Truck472189,3331,2821,1560,1622,62
Truck470167,3238,1338,1000,1623,623
Truck471882,3239,3122,1475,1623,148
Truck471913,3238,2655,1485,1623,138
Truck471940,2822,2655,1490,1623,133
Truck470777,3121,1338,1170,1624,454
Truck472108,2999,2437,1540,1624,84
Truck471589,3238,2999,1395,1625,230
Truck471989,2224,2821,1505,1625,120
Truck471993,2821,2224,1505,1625,120
Truck471069,2436,1339,1250,1626,376
Truck471748,2999,2998,1440,1626,186
Truck472154,2656,2436,1550,1626,76
Truck470989,1338,2999,1230,1627,397
Truck471033,2436,2998,1240,1627,387
Truck471592,1339,3121,1395,1627,232
Truck471792,3239,3238,1450,1627,177
Truck471864,3239,0,1470,1627,157
Truck472088,2437,1339,1535,1627,92
Truck472374,0,1339,1615,1627,12
Truck470341,1338,2656,1050,1628,578
Truck470395,1338,3122,1065,1628,563
Truck471338,2225,2822,1325,1628,303
Truck471668,2656,3238,1415,1628,213
Truck472035,2655,1339,1520,1628,108
Truck472053,2655,2437,1525,1628,103
Truck472124,2437,2999,1545,1628,83
Truck470400,3122,1338,1065,1629,564
Truck472183,3238,0,1560,1630,70
Truck471105,2436,3122,1260,1631,371
Truck471580,2822,1339,1390,1631,241
Truck471766,2999,2656,1445,1631,186
Truck470359,1338,0,1055,1632,577
Truck471133,1338,2436,1270,1632,362
Truck471694,2999,2436,1425,1632,207
Truck471975,2821,2655,1500,1632,132
Truck472192,2822,2998,1560,1632,72
Truck472333,3331,3239,1600,1632,32
Truck471356,2225,2822,1330,1633,303
Truck471775,3331,0,1445,1633,188
Truck471808,1339,3331,1455,1633,178
Truck471815,2998,1338,1455,1633,178
Truck471870,0,3239,1475,1633,158
Truck471569,3121,3239,1390,1634,244
Truck471803,3121,2225,1455,1634,179
Truck472187,2224,2822,1560,1634,74
Truck472314,3239,2225,1595,1634,39
Truck471161,2224,3122,1275,1635,360
Truck472197,2655,3331,1565,1635,70
Truck471457,1338,2225,1360,1636,276
Truck471557,2224,3121,1385,1636,251
Truck471622,2999,3238,1405,1636,231
Truck471784,2999,3331,1450,1636,186
Truck471981,2655,2822,1505,1636,131
Truck472434,3122,1339,1630,1636,6
Truck471384,0,2998,1340,1637,297
Truck471712,2999,2436,1430,1637,207
Truck471994,2822,2225,1505,1637,132
Truck472235,3121,2999,1575,1637,62
Truck472351,3331,3239,1605,1637,32
Truck471374,2225,2998,1335,1638,303
Truck471701,2224,3239,1425,1638,213
Truck471793,3331,0,1450,1638,188
Truck471826,1339,3331,1460,1638,178
Truck471833,2998,2225,1460,1638,178
Truck472081,3331,2998,1530,1638,108
Truck472142,2437,3122,1550,1638,88
Truck471071,2224,3238,1250,1639,389
Truck471844,1339,2999,1465,1639,174
Truck472134,3239,2822,1545,1639,94
Truck472332,3239,2655,1600,1639,39
Truck471455,2998,1339,1355,1640,285
Truck470431,1338,1339,1075,1641,566
Truck471087,2436,3239,1255,1641,386
Truck471575,2224,2655,1390,1641,251
Truck472166,2225,2436,1555,1641,86
Truck472208,2656,2999,1565,1641,76
Truck472261,3331,2822,1580,1641,61
Truck471043,1338,2999,1245,1642,397
Truck471918,3239,0,1485,1642,157
Truck472350,3239,2225,1605,1644,39
Truck471365,2998,3238,1330,1645,315
Truck471770,2225,2437,1445,1645,200
Truck472273,3238,3122,1585,1645,60
Truck471448,1339,2225,1355,1646,291
Truck471866,2656,2224,1470,1646,176
Truck472226,2656,2436,1570,1646,76
Truck472029,2821,3121,1515,1647,132
Truck472160,2437,1339,1555,1647,92
Truck472299,2821,2656,1590,1647,57
Truck470257,3238,1338,1025,1648,623
Truck471410,2225,2224,1345,1648,303
Truck471634,2822,3122,1405,1648,243
Truck471862,1339,3331,1470,1648,178
Truck472003,3238,2655,1510,1648,138
Truck472136,2656,2998,1545,1648,103
Truck471623,3121,2822,1405,1649,244
Truck471535,3238,2821,1380,1650,270
Truck472170,3239,2822,1555,1650,95
Truck470959,3238,2436,1220,1651,431
Truck471476,2437,2436,1365,1651,286
Truck471600,0,2821,1400,1651,251
Truck471838,2999,3239,1465,1651,186
Truck471884,2656,2224,1475,1651,176
Truck471482,2225,3122,1365,1652,287
Truck472178,2437,1339,1560,1652,92
Truck471880,1339,3331,1475,1653,178
Truck471984,3122,3239,1505,1653,148
Truck471641,3121,2656,1410,1654,244
Truck472309,3238,1339,1595,1654,59
Truck472386,3239,2436,1615,1654,39
Truck471178,1339,2436,1280,1655,375
Truck472279,3331,3121,1585,1655,70
Truck471856,2999,2821,1470,1656,186
Truck471895,3238,3239,1480,1656,176
Truck472262,2656,2999,1580,1656,76
Truck472266,0,3238,1585,1656,71
Truck471223,1338,2436,1295,1657,362
Truck471456,0,2998,1360,1657,297
Truck471500,2225,3122,1370,1657,287
Truck472066,2822,1338,1525,1657,132
Truck472334,2656,2821,1600,1657,57
Truck471251,2224,1339,1300,1658,358
Truck471446,2225,2655,1355,1658,303
Truck471659,3121,0,1415,1658,243
Truck472157,2998,3331,1550,1658,108
Truck472422,3239,3331,1625,1658,33
Truck472327,3238,1339,1600,1659,59
Truck471818,2437,2225,1460,1660,200
Truck472239,2436,2225,1575,1661,86
Truck472389,2821,2998,1615,1661,46
Truck470467,1338,3239,1085,1663,578
Truck471269,2224,1339,1305,1663,358
Truck471464,2225,3331,1360,1663,303
Truck471923,2998,3121,1485,1663,178
Truck472084,2822,2225,1530,1663,133
Truck471677,3121,2998,1420,1664,244
Truck471530,2437,2436,1380,1665,285
Truck471597,2821,3238,1395,1665,270
Truck471705,2821,3122,1425,1665,240
Truck472164,3122,2655,1555,1665,110
Truck472287,2655,2656,1590,1665,75
Truck472315,3331,2655,1595,1665,70
Truck471665,2224,1338,1415,1666,251
Truck471892,2999,2224,1480,1666,186
Truck472062,3239,2998,1525,1666,141
Truck472008,3239,0,1510,1667,157
Truck472101,2821,2655,1535,1667,132
Truck472318,2822,2224,1595,1667,72
Truck470323,1338,3238,1045,1668,623
Truck471812,2656,3238,1455,1668,213
Truck471901,3331,0,1480,1668,188
Truck472034,2437,3238,1520,1668,148
Truck472211,2998,2656,1565,1668,103
Truck472440,3239,2656,1630,1668,38
Truck472458,3239,3331,1635,1668,33
Truck471750,3122,3121,1440,1669,229
Truck472254,3122,2437,1580,1669,89
Truck472085,2998,3239,1530,1670,140
Truck472140,0,2655,1550,1670,120
Truck471672,0,2822,1420,1671,251
Truck471683,2224,1338,1420,1671,251
Truck472316,2656,3121,1595,1671,76
Truck472568,2656,3331,1665,1671,6
Truck471714,3122,2821,1430,1672,242
Truck471954,3239,3238,1495,1672,177
Truck472336,2822,2224,1600,1672,72
Truck472369,3331,2821,1610,1672,62
Truck472388,2656,2821,1615,1672,57
Truck471492,0,2225,1370,1673,303
Truck471713,3121,0,1430,1673,243
Truck471938,2656,1339,1490,1673,183
Truck472057,3238,2437,1525,1673,148
Truck472089,2655,3238,1535,1673,138
Truck472120,2822,2437,1540,1673,133
Truck472449,2655,3239,1635,1673,38
Truck472480,2822,2821,1640,1673,33
Truck472214,2437,2656,1570,1674,104
Truck472264,2822,3239,1580,1674,94
Truck471249,2436,1339,1300,1675,375
Truck471633,2821,3238,1405,1675,270
Truck471948,3122,3331,1495,1675,180
Truck472381,3238,3122,1615,1675,60
Truck471693,2655,2224,1425,1676,251
Truck471928,2999,2822,1490,1676,186
Truck472080,3239,1339,1530,1676,146
Truck472443,2821,2998,1630,1676,46
Truck470566,1339,1338,1110,1677,567
Truck471213,2436,2822,1290,1677,387
Truck471572,2225,3122,1390,1677,287
Truck471767,3121,1339,1445,1677,232
Truck471955,3331,2224,1495,1677,182
Truck470520,0,1338,1100,1678,578
Truck470521,1338,3331,1100,1678,578
Truck471785,3121,3122,1450,1678,228
Truck471977,2998,1338,1500,1678,178
Truck470580,3122,1338,1115,1679,564
Truck471759,2821,1339,1440,1679,239
Truck472232,2437,2656,1575,1679,104
Truck472306,2999,2437,1595,1679,84
Truck471652,2822,3238,1410,1680,270
Truck470575,1338,1339,1115,1681,566
Truck471318,3122,2224,1320,1681,361
Truck471946,2999,3239,1495,1681,186
Truck472356,0,3238,1610,1681,71
Truck471187,1338,2999,1285,1682,397
Truck471231,2436,2998,1295,1682,387
Truck471321,2436,1338,1320,1682,362
Truck471546,0,2998,1385,1682,297
Truck472155,2821,1338,1550,1682,132
Truck472294,1339,2437,1590,1682,92
Truck472405,3331,2821,1620,1682,62
Truck472407,2821,3331,1620,1682,62
Truck472424,2656,2821,1625,1682,57
Truck472425,2821,2656,1625,1682,57
Truck470377,1338,3238,1060,1683,623
Truck471225,2655,2436,1295,1683,388
Truck471588,3122,2225,1395,1683,288
Truck471863,2224,3239,1470,1683,213
Truck471874,2999,2436,1475,1683,208
Truck471995,2998,3121,1505,1683,178
Truck472233,2655,1339,1575,1683,108
Truck471670,2822,3238,1415,1685,270
Truck471777,2821,3122,1445,1685,240
Truck471805,3238,2999,1455,1685,230
Truck472296,3239,2822,1590,1685,95
Truck471286,1339,2436,1310,1686,376
Truck471737,2224,2437,1435,1686,251
Truck471964,2999,2656,1500,1686,186
Truck472300,2822,3239,1590,1686,96
Truck472479,2821,2998,1640,1686,46
Truck472009,3331,1339,1510,1687,177
Truck472600,1339,0,1675,1687,12
Truck471554,2225,2656,1385,1688,303
Truck472143,2655,3238,1550,1688,138
Truck472174,2822,2437,1555,1688,133
Truck472268,2437,2224,1585,1689,104
Truck472512,3239,2999,1650,1689,39
Truck471312,0,2224,1320,1690,370
Truck471820,2999,3238,1460,1691,231
Truck471267,2436,3331,1305,1692,387
Truck471349,1338,2436,1330,1692,362
Truck471624,3122,2998,1405,1692,287
Truck472027,3331,1339,1515,1692,177
Truck472191,2821,3121,1560,1692,132
Truck470419,3238,1338,1070,1693,623
Truck471261,2655,2436,1305,1693,388
Truck471717,2436,3121,1430,1694,264
Truck471840,3122,3121,1465,1694,229
Truck472286,2437,3239,1590,1694,104
Truck472360,2999,2437,1610,1694,84
Truck471545,2998,3238,1380,1695,315
Truck471646,1339,2998,1410,1695,285
Truck471121,3238,2436,1265,1696,431
Truck472000,2999,2655,1510,1696,186
Truck472406,2656,2999,1620,1696,76
Truck472478,2656,2822,1640,1696,56
Truck471428,2225,3238,1350,1697,347
Truck471680,2225,1338,1420,1697,277
Truck472209,2821,1338,1565,1697,132
Truck470593,1338,2656,1120,1698,578
Truck471285,2436,3331,1310,1698,388
Truck471395,2224,1339,1340,1698,358
Truck471643,3238,3121,1410,1698,288
Truck472049,2998,2999,1520,1698,178
Truck472179,2655,3238,1560,1698,138
Truck471047,3121,1338,1245,1699,454
Truck471283,3238,2224,1310,1699,389
Truck472210,2822,2437,1565,1699,134
Truck472304,2437,2656,1595,1699,104
Truck471962,2437,2225,1500,1700,200
Truck472441,3331,2225,1630,1700,70
Truck471671,2998,3122,1415,1701,286
Truck472382,2225,2436,1615,1701,86
Truck472676,2656,3331,1695,1701,6
Truck471339,2436,1339,1325,1702,377
Truck471780,0,2822,1450,1702,252
Truck472227,2821,2999,1570,1702,132
Truck472228,2822,2437,1570,1702,132
Truck470449,1338,3238,1080,1703,623
Truck470613,2655,1338,1125,1703,578
Truck471303,2436,3239,1315,1703,388
Truck471608,2225,3239,1400,1703,303
Truck472566,3239,2656,1665,1703,38
Truck471412,1339,2224,1345,1704,359
Truck471821,3121,2224,1460,1704,244
Truck472439,2224,2822,1630,1704,74
Truck471969,2436,2999,1500,1705,205
Truck471986,2225,2437,1505,1705,200
Truck472368,3239,2821,1610,1705,95
Truck472459,3331,3121,1635,1705,70
Truck471357,2436,1339,1330,1706,376
Truck471801,2655,2224,1455,1706,251
Truck472442,2656,2225,1630,1706,76
Truck471159,2436,3238,1275,1707,432
Truck471678,3122,2998,1420,1707,287
Truck471716,2225,1338,1430,1707,277
Truck472246,2822,2436,1575,1707,132
Truck471618,0,2225,1405,1708,303
Truck472340,2437,0,1605,1708,103
Truck472352,2656,2998,1605,1708,103
Truck472355,2998,2656,1605,1708,103
Truck472606,2822,2821,1675,1708,33
Truck471894,3122,3121,1480,1709,229
Truck472457,2224,2822,1635,1709,74
Truck472471,3238,0,1640,1710,70
Truck472477,3331,3121,1640,1710,70
Truck472498,2822,3331,1645,1710,65
Truck471827,2224,2999,1460,1711,251
Truck472054,2999,2224,1525,1711,186
Truck472460,2656,2436,1635,1711,76
Truck472711,3331,2656,1705,1711,6
Truck471177,2436,3238,1280,1712,432
Truck471654,0,2998,1415,1712,297
Truck472263,2821,2999,1580,1712,132
Truck472515,2821,3331,1650,1712,62
Truck472532,2656,2822,1655,1712,57
Truck470647,1338,3331,1135,1713,578
Truck471449,2224,1339,1355,1713,358
Truck471644,2225,2224,1410,1713,303
Truck471985,3238,3331,1505,1713,208
Truck471991,3331,3238,1505,1713,208
Truck472200,3122,3239,1565,1713,148
Truck472373,2998,2656,1610,1713,103
Truck471101,3121,1338,1260,1714,454
Truck472094,2225,3121,1535,1714,179
Truck472602,3239,2437,1675,1714,39
Truck472489,3238,0,1645,1715,70
Truck472495,3331,3121,1645,1715,70
Truck471725,2998,3122,1430,1716,286
Truck472072,2999,2998,1530,1716,186
Truck471195,2436,3238,1285,1717,432
Truck471394,1339,2436,1340,1717,377
Truck471499,3238,2225,1370,1717,347
Truck471886,2822,3122,1475,1717,242
Truck472097,2224,3331,1535,1717,182
Truck472099,3331,2224,1535,1717,182
Truck472116,3239,3238,1540,1717,177
Truck472550,2656,2822,1660,1717,57
Truck470664,0,1338,1140,1718,578
Truck471662,2225,3331,1415,1718,303
Truck472107,2655,2998,1540,1718,178
Truck471431,2224,0,1350,1719,369
Truck471875,3121,2656,1475,1719,244
Truck472376,2437,3239,1615,1719,104
Truck472620,3239,2999,1680,1719,39
Truck471467,2224,3122,1360,1720,360
Truck471898,1339,2821,1480,1720,240
Truck472092,3122,2656,1535,1720,185
Truck472090,2999,2656,1535,1721,186
Truck472500,0,3238,1650,1721,71
Truck472438,1339,2437,1630,1722,92
Truck470682,0,1338,1145,1723,578
Truck471947,3121,3122,1495,1723,228
Truck472125,2655,2998,1545,1723,178
Truck472139,2998,2437,1545,1723,178
Truck472448,2437,3122,1635,1723,88
Truck471438,0,2224,1355,1725,370
Truck472283,2998,3239,1585,1725,140
Truck472531,3331,3121,1655,1725,70
Truck471429,2436,1339,1350,1726,376
Truck471881,2224,2655,1475,1726,251
Truck472514,2656,3121,1650,1726,76
Truck470746,1339,1338,1160,1727,567
Truck472305,2655,2821,1595,1727,132
Truck472317,2821,2437,1595,1727,132
Truck470701,1338,2656,1150,1728,578
Truck471393,2436,0,1340,1728,388
Truck471698,2225,2656,1425,1728,303
Truck472039,3238,3331,1520,1728,208
Truck472409,2998,3331,1620,1728,108
Truck472427,2998,2656,1625,1728,103
Truck472466,2437,3122,1640,1728,88
Truck471391,3238,2224,1340,1729,389
Truck471911,3121,2821,1485,1729,244
Truck472026,3239,2224,1515,1729,214
Truck472412,2437,2822,1625,1729,104
Truck472656,3239,2437,1690,1729,39
Truck472076,2225,2437,1530,1730,200
Truck472162,2999,1339,1555,1730,175
Truck472462,2822,3239,1635,1730,95
Truck471493,1338,2436,1370,1731,361
Truck472122,0,2999,1545,1731,186
Truck472553,2998,2822,1660,1731,71
Truck471411,2436,3331,1345,1732,387
Truck472153,3331,2224,1550,1732,182
Truck472335,2821,2655,1600,1732,132
Truck472364,2225,2999,1610,1732,122
Truck472552,2822,2998,1660,1732,72
Truck472135,3331,0,1545,1733,188
Truck472175,2998,2225,1555,1733,178
Truck472423,3331,2998,1625,1733,108
Truck471924,0,3121,1490,1734,244
Truck471929,3121,2224,1490,1734,244
Truck471957,2821,1339,1495,1734,239
Truck472430,2437,2822,1630,1734,104
Truck472674,3239,2655,1695,1734,39
Truck472180,2999,1339,1560,1735,175
Truck472567,3331,2437,1665,1735,70
Truck471797,2998,3122,1450,1736,286
Truck472144,2999,2821,1550,1736,186
Truck472307,3121,2437,1595,1736,141
Truck472554,0,3238,1665,1736,71
Truck472794,3122,1339,1730,1736,6
Truck471734,2225,0,1435,1737,302
Truck472188,3239,3238,1560,1737,177
Truck472260,3239,0,1580,1737,157
Truck472353,2821,2225,1605,1737,132
Truck472570,2822,2224,1665,1737,72
Truck472770,0,1339,1725,1737,12
Truck470736,0,1338,1160,1738,578
Truck471539,2224,1339,1380,1738,358
Truck471726,0,2225,1435,1738,303
Truck471787,3238,3121,1450,1738,288
Truck472354,2822,2655,1605,1738,133
Truck471538,1339,2224,1380,1739,359
Truck471942,0,3121,1495,1739,244
Truck472506,3122,2437,1650,1739,89
Truck472692,3239,1338,1700,1739,39
Truck471697,3238,2998,1425,1740,315
Truck471970,1339,2821,1500,1740,240
Truck472527,2436,2225,1655,1740,85
Truck472575,2655,3331,1670,1740,70
Truck472585,3331,2436,1670,1740,70
Truck471935,2224,2436,1490,1741,251
Truck470755,1338,0,1165,1742,577
Truck471447,2436,3331,1355,1742,387
Truck471806,2225,3122,1455,1742,287
Truck472400,2225,2999,1620,1742,122
Truck472502,2437,1339,1650,1742,92
Truck472729,3331,3239,1710,1742,32
Truck470754,0,1338,1165,1743,578
Truck471752,2225,3239,1440,1743,303
Truck472082,2656,3238,1530,1743,213
Truck472308,3122,3239,1595,1743,148
Truck472467,2655,2437,1640,1743,103
Truck471209,3121,1338,1290,1744,454
Truck471965,3121,3331,1500,1744,244
Truck472190,2656,3122,1560,1744,184
Truck472624,2822,3331,1680,1744,64
Truck471945,2655,2224,1495,1746,251
Truck472377,2655,2822,1615,1746,131
Truck471421,1338,2999,1350,1747,397
Truck472520,2437,1339,1655,1747,92
Truck470773,1338,3331,1170,1748,578
Truck471465,2436,2821,1360,1748,388
Truck472482,0,2437,1645,1748,103
Truck472538,2437,3122,1660,1748,88
Truck471983,3121,3239,1505,1749,244
Truck472006,1339,2822,1510,1749,239
Truck472533,2821,3239,1655,1749,94
Truck472728,3239,2655,1710,1749,39
Truck472621,3331,2436,1680,1750,70
Truck471519,2436,1339,1375,1751,376
Truck471971,2224,2655,1500,1751,251
Truck472198,2999,2655,1565,1751,186
Truck472358,2437,3121,1610,1751,141
Truck471483,2436,3331,1365,1752,387
Truck471626,2225,3238,1405,1752,347
Truck472395,2655,2822,1620,1752,132
Truck470790,0,1338,1175,1753,578
Truck470791,1338,3239,1175,1753,578
Truck471839,3121,3238,1465,1753,288
Truck472207,3331,0,1565,1753,188
Truck472247,2998,2655,1575,1753,178
Truck472485,2655,1339,1645,1753,108
Truck472001,3121,2224,1510,1754,244
Truck472746,3239,2655,1715,1754,39
Truck472629,2655,3331,1685,1755,70
Truck472215,2655,2999,1570,1756,186
Truck472216,2999,2656,1570,1756,186
Truck472622,2656,2655,1680,1756,76
Truck470809,1338,0,1180,1757,577
Truck471501,2436,2224,1370,1757,387
Truck472677,2821,3331,1695,1757,62
Truck471858,3122,2225,1470,1758,288
Truck472240,1339,2656,1575,1758,183
Truck472320,0,3239,1600,1758,158
Truck472363,3238,2437,1610,1758,148
Truck472426,2822,2436,1625,1758,133
Truck472786,2822,2821,1725,1758,33
Truck471769,3238,2998,1445,1760,315
Truck472236,3122,2656,1575,1760,185
Truck472647,2655,3331,1690,1760,70
Truck471355,3238,2436,1330,1761,431
Truck472007,2224,2999,1510,1761,251
Truck472230,0,2999,1575,1761,186
Truck472277,2224,2656,1585,1761,176
Truck472404,3239,2998,1620,1761,141
Truck472640,2656,2436,1685,1761,76
Truck471478,2999,1338,1365,1762,397
Truck471878,2225,3122,1475,1762,287
Truck472713,2821,2656,1705,1762,57
Truck472147,3238,2656,1550,1763,213
Truck472444,2822,2999,1630,1763,133
Truck471281,3121,1338,1310,1764,454
Truck471521,2224,3238,1375,1764,389
Truck472037,3121,2224,1520,1764,244
Truck471949,3238,2821,1495,1765,270
Truck472669,3238,0,1695,1765,70
Truck471206,2437,1338,1290,1766,476
Truck471573,2436,1339,1390,1766,376
Truck472252,2999,2998,1580,1766,186
Truck472616,2225,2436,1680,1766,86
Truck472658,2656,2225,1690,1766,76
Truck471537,2436,2224,1380,1767,387
Truck472461,2821,2999,1635,1767,132
Truck470845,1338,2998,1190,1768,578
Truck471893,3121,3238,1480,1768,288
Truck472301,2998,1338,1590,1768,178
Truck472571,2998,2656,1665,1768,103
Truck472280,2656,3122,1585,1769,184
Truck472673,2224,2822,1695,1769,74
Truck472679,2998,2224,1695,1769,74
Truck472800,3239,1338,1730,1769,39
Truck472272,3122,2656,1585,1770,185
Truck472693,3331,2999,1700,1770,70
Truck471943,1338,2225,1495,1771,276
Truck472270,2999,3331,1585,1771,186
Truck471555,2436,3331,1385,1772,387
Truck472696,2822,2998,1700,1772,72
Truck472748,2656,2822,1715,1772,57
Truck472073,3121,0,1530,1773,243
Truck472319,2998,2436,1595,1773,178
Truck471553,3238,2224,1385,1774,389
Truck472691,2224,2822,1700,1774,74
Truck472818,3239,2437,1735,1774,39
Truck471241,1338,2437,1300,1775,475
Truck471610,1339,2436,1400,1775,375
Truck471663,2436,1338,1415,1775,360
Truck472065,2821,0,1525,1775,250
Truck472248,0,2656,1580,1775,195
Truck472050,0,2821,1525,1776,251
Truck472694,2656,2436,1700,1776,76
Truck472945,3331,2656,1770,1776,6
Truck472102,2822,3122,1535,1777,242
Truck472132,1339,3121,1545,1777,232
Truck472313,2224,3331,1595,1777,182
Truck472636,1339,2437,1685,1777,92
Truck472714,2822,2998,1705,1777,72
Truck472924,1339,0,1765,1777,12
Truck472225,3331,3238,1570,1778,208
Truck472297,3331,0,1590,1778,188
Truck472325,3121,2225,1600,1779,179
Truck472592,2437,3239,1675,1779,104
Truck472836,3239,2655,1740,1779,39
Truck471959,2998,1339,1495,1780,285
Truck472019,3121,2436,1515,1780,265
Truck472638,3239,2821,1685,1780,95
Truck471951,2436,2437,1495,1781,286
Truck472079,2224,2999,1530,1781,251
Truck472956,3122,1339,1775,1781,6
Truck472964,2656,3331,1775,1781,6
Truck470899,1338,0,1205,1782,577
Truck471591,2436,2821,1395,1782,387
Truck470953,1338,3122,1220,1783,563
Truck471585,2655,2436,1395,1783,388
Truck471888,0,2225,1480,1783,303
Truck471896,2225,3239,1480,1783,303
Truck472243,3331,3238,1575,1783,208
Truck472410,0,3239,1625,1783,158
Truck472516,2822,1338,1650,1783,133
Truck472611,2655,2437,1680,1783,103
Truck472109,3121,3331,1540,1784,244
Truck472298,2656,0,1590,1784,194
Truck472610,2437,2998,1680,1784,104
Truck472326,3122,2656,1600,1785,185
Truck472596,3122,2655,1675,1785,110
Truck471609,2436,0,1400,1786,386
Truck471696,3122,2224,1425,1786,361
Truck472086,0,2821,1535,1786,251
Truck472324,2999,2224,1600,1786,186
Truck472484,2437,3121,1645,1786,141
Truck472730,2656,2225,1710,1786,76
Truck472981,3331,2656,1780,1786,6
Truck471445,3238,2436,1355,1787,432
Truck472128,3122,2822,1545,1787,242
Truck472558,2999,2225,1665,1787,122
Truck470917,1338,2224,1210,1788,578
Truck471914,2225,3239,1485,1788,303
Truck472237,3238,2656,1575,1788,213
Truck472534,2822,2999,1655,1788,133
Truck471607,3238,2224,1400,1789,389
Truck472127,3121,3239,1545,1789,244
Truck472686,3122,2437,1700,1789,89
Truck472795,3238,1339,1730,1789,59
Truck472872,3239,3121,1750,1789,39
Truck471719,2224,3122,1430,1790,360
Truck471887,2998,3238,1475,1790,315
Truck472378,2999,1339,1615,1790,175
Truck472765,3331,3121,1720,1790,70
Truck471296,2437,1338,1315,1791,476
Truck472115,2224,2999,1540,1791,251
Truck472342,2999,0,1605,1791,186
Truck472539,2655,2822,1660,1791,131
Truck472801,3331,2822,1730,1791,61
Truck473000,2656,3331,1785,1791,6
Truck472146,3122,2821,1550,1792,242
Truck471932,2225,3331,1490,1793,303
Truck472384,1339,3331,1615,1793,178
Truck472387,3331,3122,1615,1793,178
Truck472005,2436,2437,1510,1794,284
Truck472145,3121,2821,1550,1794,244
Truck472173,2821,1339,1555,1794,239
Truck472646,2437,2998,1690,1794,104
Truck472763,2224,2998,1720,1794,74
Truck471905,2998,3238,1480,1795,315
Truck472783,3331,2655,1725,1795,70
Truck471988,1339,2225,1505,1796,291
Truck472013,2998,3122,1510,1796,286
Truck472133,2224,3121,1545,1796,251
Truck472766,2656,1338,1720,1796,76
Truck472974,3122,0,1780,1796,16
Truck471645,2436,3331,1410,1797,387
Truck472708,1339,2437,1705,1797,92
Truck471950,2225,2998,1495,1798,303
Truck472665,2655,2437,1695,1798,103
Truck472822,2822,3331,1735,1798,63
Truck472910,2656,3239,1760,1798,38
Truck472163,3121,2822,1555,1799,244
Truck472278,3239,2224,1585,1799,214
Truck472664,2437,2822,1695,1799,104
Truck472908,3239,2225,1760,1799,39
Truck472075,3238,2821,1530,1800,270
Truck472051,1338,2225,1525,1801,276
Truck472151,2224,2436,1550,1801,251
Truck471016,1339,1338,1235,1802,567
Truck472058,2225,1338,1525,1802,277
Truck472222,1339,3121,1570,1802,232
Truck472587,2821,2437,1670,1802,132
Truck472588,2822,1338,1670,1802,132
Truck470971,1338,3239,1225,1803,578
Truck471773,2224,1339,1445,1803,358
Truck471968,2225,3331,1500,1803,303
Truck472530,3239,3122,1655,1803,148
Truck471030,3122,1338,1240,1804,564
Truck472181,3121,2224,1560,1804,244
Truck472370,2656,0,1610,1804,194
Truck472852,1339,3238,1745,1804,59
Truck472819,3331,3121,1735,1805,70
Truck472022,2225,1339,1515,1806,291
Truck472069,1338,2225,1530,1806,276
Truck472161,2655,2224,1555,1806,251
Truck472548,3239,1339,1660,1806,146
Truck472559,3121,2437,1665,1806,141
Truck472802,2656,2999,1730,1806,76
Truck471824,2225,3238,1460,1807,347
Truck472593,2655,2821,1675,1807,132
Truck472875,2821,2656,1750,1807,57
Truck470827,1338,3238,1185,1808,623
Truck470833,3238,1338,1185,1808,623
Truck472445,2998,2436,1630,1808,178
Truck472579,3238,2655,1670,1808,138
Truck472436,2225,3121,1630,1809,179
Truck472700,2437,3331,1705,1809,104
Truck472052,2437,2436,1525,1810,285
Truck472750,2822,3239,1715,1810,95
Truck471699,2436,2224,1425,1811,386
Truck473028,3122,0,1795,1811,16
Truck473072,2656,3331,1805,1811,6
Truck471842,2225,3238,1465,1812,347
Truck472014,0,2998,1515,1812,297
Truck472347,2436,2999,1605,1812,207
Truck472623,2821,3121,1680,1812,132
Truck471007,1338,2998,1235,1813,578
Truck472004,2225,2224,1510,1813,303
Truck472463,2998,2999,1635,1813,178
Truck472790,2437,2999,1730,1813,83
Truck472149,2436,3121,1550,1814,264
Truck472217,3121,2656,1570,1814,244
Truck472718,2437,3331,1710,1814,104
Truck472962,3239,2655,1775,1814,39
Truck472392,0,2656,1620,1815,195
Truck472452,3122,3331,1635,1815,180
Truck472070,2437,2436,1530,1816,286
Truck472432,2999,2822,1630,1816,186
Truck472838,2656,3121,1740,1816,76
Truck471860,2225,3238,1470,1817,347
Truck472641,2821,2437,1685,1817,132
Truck472642,2822,2999,1685,1817,132
Truck471079,1338,3122,1255,1818,563
Truck472481,2998,2437,1640,1818,178
Truck472615,3238,2655,1680,1818,138
Truck472810,2999,2437,1735,1819,84
Truck472980,3239,2225,1780,1819,39
Truck472394,2437,2225,1620,1820,200
Truck472873,3331,2437,1750,1820,70
Truck472067,2998,0,1525,1821,296
Truck472156,2822,3238,1550,1821,271
Truck472223,2224,2437,1570,1821,251
Truck472450,2999,2655,1635,1821,186
Truck472856,2656,2225,1745,1821,76
Truck471735,2436,2822,1435,1822,387
Truck472040,2225,0,1520,1822,302
Truck472659,2821,2655,1690,1822,132
Truck472876,2822,2224,1750,1822,72
Truck472091,3121,3238,1535,1823,288
Truck472367,2224,3239,1610,1823,213
Truck472499,2998,2225,1645,1823,178
Truck472744,1339,2655,1715,1823,108
Truck472253,3121,2821,1580,1824,244
Truck472276,1339,2822,1585,1824,239
Truck472446,0,3331,1635,1824,189
Truck472660,2822,2999,1690,1824,134
Truck472912,2822,3331,1760,1824,64
Truck472106,2437,2436,1540,1825,285
Truck472245,2821,0,1575,1825,250
Truck472891,3331,2999,1755,1825,70
Truck472096,1339,2225,1535,1826,291
Truck472468,2999,2224,1640,1826,186
Truck472618,1339,3239,1680,1826,146
Truck472874,2656,2437,1750,1826,76
Truck472396,2999,2436,1620,1827,207
Truck472894,2822,2998,1755,1827,72
Truck472946,2656,2822,1770,1827,57
Truck471061,1338,2821,1250,1828,578
Truck471753,2436,3239,1440,1828,388
Truck472503,2655,2998,1650,1828,178
Truck472517,2998,2436,1650,1828,178
Truck472572,0,3239,1670,1828,158
Truck472772,2437,0,1725,1828,103
Truck471755,2224,3238,1440,1829,389
Truck472269,2655,3121,1585,1829,244
Truck472271,3121,2656,1585,1829,244
Truck472496,2656,3122,1645,1829,184
Truck472889,2224,2998,1755,1829,74
Truck473016,3239,2437,1790,1829,39
Truck472909,3331,2999,1760,1830,70
Truck472939,3238,3122,1770,1830,60
Truck472251,2655,2224,1580,1831,251
Truck472259,2224,2436,1580,1831,251
Truck472486,2999,2822,1645,1831,186
Truck472892,2656,2225,1755,1831,76
Truck473003,2998,2821,1785,1831,46
Truck471771,2436,3239,1445,1832,387
Truck472290,3122,2821,1590,1832,242
Truck472695,2821,2225,1700,1832,132
Truck472068,0,2225,1530,1833,303
Truck472535,2998,2225,1655,1833,178
Truck472289,3121,2224,1590,1834,244
Truck472201,3238,2821,1565,1835,270
Truck472281,2821,0,1585,1835,250
Truck472504,2999,2224,1650,1836,186
Truck472844,2437,1339,1745,1837,92
Truck471097,1338,2655,1260,1838,578
Truck472683,2655,3238,1700,1838,138
Truck471791,2224,3238,1450,1839,389
Truck472808,2437,3239,1735,1839,104
Truck473052,3239,2225,1800,1839,39
Truck472524,3122,2656,1655,1840,185
Truck472767,2821,2224,1720,1840,120
Truck472975,3238,3122,1780,1840,60
Truck472284,0,2821,1590,1841,251
Truck472521,2655,2999,1655,1841,186
Truck472522,2999,2998,1655,1841,186
Truck472928,2656,2999,1765,1841,76
Truck471807,2436,3239,1455,1842,387
Truck472202,2225,1338,1565,1842,277
Truck472731,2821,2436,1710,1842,132
Truck472886,2225,2436,1755,1842,87
Truck471115,1338,2821,1265,1843,578
Truck471169,1338,3122,1280,1843,563
Truck471798,0,2436,1455,1843,388
Truck472112,2225,2224,1540,1843,303
Truck472880,2437,3122,1755,1843,88
Truck471174,3122,1338,1280,1844,564
Truck471916,1339,2224,1485,1844,359
Truck472773,2655,0,1725,1844,119
Truck472826,2437,2224,1740,1844,104
Truck472900,2999,2437,1760,1844,84
Truck472993,3238,1339,1785,1844,59
Truck473070,3239,2225,1805,1844,39
Truck471825,2436,2224,1460,1846,386
Truck471912,3122,2224,1485,1846,361
Truck473148,0,3122,1830,1846,16
Truck472182,3122,2998,1560,1847,287
Truck472584,3239,3238,1670,1847,177
Truck472749,2821,2999,1715,1847,132
Truck472778,2225,2999,1725,1847,122
Truck472999,3331,2821,1785,1847,62
Truck472130,2225,2224,1545,1848,303
Truck472549,3331,0,1660,1848,188
Truck472682,2437,3238,1700,1848,148
Truck472687,3238,2437,1700,1848,148
Truck472841,2998,3331,1740,1848,108
Truck472343,3121,2821,1605,1849,244
Truck472398,3122,3121,1620,1849,229
Truck472918,2999,2437,1765,1849,84
Truck473212,1339,3122,1845,1849,4
Truck472830,3122,2655,1740,1850,110
Truck472710,3239,1339,1705,1851,146
Truck472968,0,3238,1780,1851,71
Truck471843,2436,2822,1465,1852,387
Truck471897,2436,3122,1480,1852,372
Truck472402,1339,3121,1620,1852,232
Truck473009,3121,2999,1790,1852,62
Truck471151,1338,2224,1275,1853,578
Truck472148,2225,2822,1550,1853,303
Truck472361,3121,0,1610,1853,243
Truck472603,3331,3122,1675,1853,178
Truck472705,3238,2437,1705,1853,148
Truck471605,3121,1338,1400,1854,454
Truck472476,3239,2224,1640,1854,214
Truck471953,2224,3122,1495,1855,360
Truck472121,2998,3238,1540,1855,315
Truck472578,3122,2656,1670,1855,185
Truck472193,2998,0,1560,1856,296
Truck472282,2822,3238,1585,1856,271
Truck472349,2224,1338,1605,1856,251
Truck472414,2999,3238,1625,1856,231
Truck472576,2999,2821,1670,1856,186
Truck472982,2656,2655,1780,1856,76
Truck473091,2821,2998,1810,1856,46
Truck473233,3331,2656,1850,1856,6
Truck471861,2436,2224,1470,1857,387
Truck472380,3122,2822,1615,1857,242
Truck472390,2822,3122,1615,1857,242
Truck472785,2821,2225,1725,1857,132
Truck472916,2437,1339,1765,1857,92
Truck473027,3121,2999,1795,1857,62
Truck473143,3331,3239,1825,1857,32
Truck472379,3121,0,1615,1858,243
Truck472513,3331,3238,1650,1858,208
Truck472863,2655,1339,1750,1858,108
Truck472895,2998,2656,1755,1858,103
Truck472311,2436,3121,1595,1859,264
Truck472494,3239,2224,1645,1859,214
Truck472604,2656,3122,1675,1859,184
Truck472371,2821,0,1610,1860,250
Truck472630,2999,1339,1685,1860,175
Truck472926,3239,2821,1765,1860,95
Truck473038,2822,3331,1795,1860,65
Truck471961,1338,2436,1500,1861,361
Truck472633,3238,3239,1685,1861,176
Truck472648,2999,3122,1690,1861,171
Truck472754,2437,3121,1720,1861,141
Truck472959,2436,2225,1775,1861,86
Truck472194,0,2998,1565,1862,297
Truck472804,2822,3121,1730,1862,132
Truck472184,2225,2821,1560,1863,303
Truck472511,2224,3239,1650,1863,213
Truck472643,2998,3121,1685,1863,178
Truck471873,2655,2436,1475,1864,389
Truck472631,3121,2225,1685,1864,179
Truck472898,2437,2821,1760,1864,104
Truck472947,2821,3239,1770,1864,94
Truck472265,2998,1339,1580,1865,285
Truck472556,2437,2225,1665,1865,200
Truck473035,3331,3121,1795,1865,70
Truck471987,2436,1338,1505,1866,361
Truck472385,2224,1338,1615,1866,251
Truck472540,2999,2436,1660,1866,206
Truck472612,2999,0,1680,1866,186
Truck472655,2224,2656,1690,1866,176
Truck473018,2656,2999,1790,1866,76
Truck472416,3122,2821,1625,1867,242
Truck472456,1339,3121,1635,1867,232
Truck472657,3331,1339,1690,1867,177
Truck472821,2821,1338,1735,1867,132
Truck471205,1338,2224,1290,1868,578
Truck472661,2998,1338,1690,1868,178
Truck472716,0,3239,1710,1868,158
Truck472764,3239,3122,1720,1868,148
Truck473151,2655,3239,1830,1868,38
Truck471899,2224,3238,1480,1869,389
Truck472990,2999,2437,1785,1869,84
Truck473160,3239,1338,1830,1869,39
Truck472408,2822,0,1620,1870,250
Truck472632,3122,2656,1685,1870,185
Truck472258,1339,2225,1580,1871,291
Truck472403,2224,2655,1620,1871,251
Truck473036,2656,3121,1795,1871,76
Truck473244,3122,0,1855,1871,16
Truck471915,2436,0,1485,1872,387
Truck472675,3331,1339,1695,1872,177
Truck473081,3121,2999,1810,1872,62
Truck473082,3122,3238,1810,1872,62
Truck471906,0,2436,1485,1873,388
Truck471966,3122,2436,1500,1873,373
Truck472220,2225,2822,1570,1873,303
Truck472672,1339,3331,1695,1873,178
Truck472809,2655,3238,1735,1873,138
Truck472813,3238,2655,1735,1873,138
Truck472988,2437,3122,1785,1873,88
Truck472024,1339,2224,1515,1874,359
Truck472934,2437,2656,1770,1874,104
Truck473008,2999,2437,1790,1874,84
Truck473092,2822,3331,1810,1874,64
Truck472668,3122,3331,1695,1875,180
Truck472684,2999,1339,1700,1875,175
Truck473101,3238,3122,1815,1875,60
Truck472644,0,2999,1690,1876,186
Truck473054,2656,2437,1800,1876,76
Truck473109,2821,3331,1815,1877,62
Truck473127,2821,2656,1820,1877,57
Truck471695,3121,1338,1425,1879,454
Truck472451,3121,2998,1635,1879,244
Truck472935,2655,3122,1770,1879,109
Truck472952,2437,2821,1775,1879,104
Truck473026,2999,2437,1795,1879,84
Truck472372,2822,3238,1610,1880,270
Truck472474,1339,2821,1640,1880,240
Truck472599,2436,2999,1675,1880,205
Truck471620,2437,1338,1405,1881,476
Truck472431,2655,2224,1630,1881,251
Truck472666,2999,0,1695,1881,186
Truck473324,2656,3331,1875,1881,6
Truck473125,3331,2821,1820,1882,62
Truck473235,2821,2822,1850,1882,32
Truck471259,1338,2224,1305,1883,578
Truck472256,2225,2655,1580,1883,303
Truck472586,2656,3238,1670,1883,213
Truck472690,1339,2656,1700,1883,183
Truck472701,2655,2998,1705,1883,178
Truck472715,2998,2225,1705,1883,178
Truck473216,2656,3239,1845,1883,38
Truck472464,0,3121,1640,1884,244
Truck472469,3121,3331,1640,1884,244
Truck472917,2655,0,1765,1884,119
Truck472970,2437,2821,1780,1884,104
Truck472229,2998,3238,1570,1885,315
Truck472330,1339,2998,1600,1885,285
Truck472337,2998,1339,1600,1885,285
Truck472497,2821,3122,1645,1885,240
Truck472628,2437,2225,1685,1885,200
Truck472634,2225,2437,1685,1885,200
Truck472925,2224,2821,1765,1885,120
Truck472929,2821,2224,1765,1885,120
Truck473107,3331,3121,1815,1885,70
Truck472488,3122,2822,1645,1886,241
Truck471960,0,2436,1500,1887,387
Truck472881,2655,2822,1755,1887,132
Truck472893,2821,3121,1755,1887,132
Truck473163,2821,2656,1830,1887,57
Truck471277,1338,2224,1310,1888,578
Truck472274,2225,2822,1585,1888,303
Truck472043,2224,0,1520,1889,369
Truck472415,3121,2436,1625,1889,264
Truck472487,3121,2224,1645,1889,244
Truck473037,2821,3239,1795,1889,94
Truck473232,3239,2655,1850,1889,39
Truck472704,3122,2656,1705,1890,185
Truck473034,3239,2821,1795,1890,95
Truck472023,2436,1339,1515,1891,376
Truck472475,2224,2436,1640,1891,251
Truck471978,0,2436,1505,1892,387
Truck472541,3121,1339,1660,1892,232
Truck472911,2821,2437,1760,1892,132
Truck471295,1338,3331,1315,1893,578
Truck472292,2225,3239,1590,1893,303
Truck472505,3121,0,1650,1893,243
Truck472639,3331,3238,1685,1893,208
Truck472747,3331,3122,1715,1893,178
Truck472899,2655,2822,1760,1893,133
Truck472996,1339,2655,1785,1893,108
Truck473021,2998,2656,1790,1893,103
Truck473006,2437,3331,1790,1894,104
Truck472366,1339,2998,1610,1895,285
Truck472950,0,2655,1775,1895,120
Truck472042,1339,2436,1520,1896,376
Truck472095,2436,1338,1535,1896,361
Truck472348,1339,2225,1605,1896,291
Truck472493,2224,3121,1645,1896,251
Truck472720,2999,0,1710,1896,186
Truck471313,1338,2822,1320,1898,578
Truck472310,2225,2998,1595,1898,303
Truck472637,2224,3239,1685,1898,213
Truck472769,2998,3121,1720,1898,178
Truck472824,0,3239,1740,1898,158
Truck472930,2822,2436,1765,1898,133
Truck473024,2437,0,1795,1898,103
Truck472056,3122,2436,1525,1899,374
Truck472523,3121,2656,1655,1899,244
Truck472712,2656,0,1705,1899,194
Truck473268,3239,2437,1860,1899,39
Truck471691,1338,2437,1425,1900,475
Truck472913,2998,3239,1760,1900,140
Truck472983,2821,2224,1780,1900,120
Truck473161,3331,1338,1830,1900,70
Truck471367,1338,1339,1335,1901,566
Truck472901,3121,2437,1760,1901,141
Truck471331,1338,0,1325,1902,577
Truck471979,1338,2999,1505,1902,397
Truck472165,3238,2225,1555,1902,347
Truck472582,1339,3121,1670,1902,232
Truck472854,3239,0,1745,1902,157
Truck473217,2821,2656,1845,1902,57
Truck471333,2655,1338,1325,1903,578
Truck472328,2225,2821,1600,1903,303
Truck472787,2998,3121,1725,1903,178
Truck472734,0,3331,1715,1904,189
Truck473042,2437,2224,1800,1904,104
Truck473286,3239,2437,1865,1904,39
Truck472776,3122,3331,1725,1905,180
Truck472997,2224,2821,1785,1905,120
Truck473088,3239,2821,1810,1905,95
Truck473179,3331,2437,1835,1905,70
Truck472529,2224,1338,1655,1906,251
Truck472594,2999,3238,1675,1906,231
Truck472755,2655,2999,1720,1906,186
Truck472756,2999,2656,1720,1906,186
Truck473162,2656,2225,1830,1906,76
Truck473215,3331,2822,1845,1906,61
Truck473273,2998,2821,1860,1906,46
Truck472041,2436,3239,1520,1907,387
Truck472965,2821,2437,1775,1907,132
Truck473234,2656,2821,1850,1907,57
Truck472346,2225,2656,1605,1908,303
Truck472784,2656,1339,1725,1908,183
Truck472966,2822,3121,1775,1908,133
Truck473053,3331,2998,1800,1908,108
Truck473060,2437,2822,1805,1909,104
Truck473134,2999,2437,1825,1909,84
Truck473177,2224,2822,1835,1909,74
Truck473304,3239,2225,1870,1909,39
Truck472551,2821,0,1660,1910,250
Truck473169,2655,2656,1835,1910,75
Truck473197,3331,1338,1840,1910,70
Truck472391,2998,0,1615,1911,296
Truck472547,2224,2999,1660,1911,251
Truck472702,2999,2436,1705,1911,206
Truck472774,2999,2656,1725,1911,186
Truck473252,2656,2821,1855,1912,57
Truck472169,2224,1339,1555,1913,358
Truck472920,3122,3239,1765,1913,148
Truck473090,2656,2998,1810,1913,103
Truck472577,3121,2821,1670,1914,244
Truck473061,2655,3122,1805,1914,109
Truck473201,2998,2224,1840,1914,74
Truck473322,3239,2999,1875,1914,39
Truck472569,2821,0,1665,1915,250
Truck472725,2436,2999,1710,1915,205
Truck472742,2225,2437,1715,1915,200
Truck472752,0,2656,1720,1915,195
Truck472077,2436,2656,1530,1916,386
Truck472565,2224,2437,1665,1916,251
Truck472788,0,2999,1730,1916,186
Truck472792,2999,2224,1730,1916,186
Truck472944,3239,1339,1770,1916,146
Truck473198,2656,2655,1840,1916,76
Truck472036,2999,1338,1520,1917,397
Truck472837,3331,1339,1740,1917,177
Truck473001,2821,1338,1785,1917,132
Truck472595,3121,0,1675,1918,243
Truck472896,0,3239,1760,1918,158
Truck473002,2822,2655,1785,1918,133
Truck473093,2998,3331,1810,1918,108
Truck473331,2655,3239,1880,1918,38
Truck473096,2437,2655,1815,1919,104
Truck473213,2224,2822,1845,1919,74
Truck473142,3239,2822,1825,1920,95
Truck471933,2436,3238,1490,1921,431
Truck472583,2224,1338,1670,1921,251
Truck472614,3122,2822,1680,1921,241
Truck472238,2225,3238,1575,1922,347
Truck472855,3331,1339,1745,1922,177
Truck473020,2822,3121,1790,1922,132
Truck473379,2821,2822,1890,1922,32
Truck471247,3238,1338,1300,1923,623
Truck471403,1338,2656,1345,1923,578
Truck472525,3238,2822,1655,1923,268
Truck472859,2998,3121,1745,1923,178
Truck473358,3239,2656,1885,1923,38
Truck472204,1339,2224,1565,1924,359
Truck472613,3121,3331,1680,1924,244
Truck472605,2821,0,1675,1925,250
Truck473245,3238,0,1855,1925,70
Truck472454,2225,1339,1635,1926,291
Truck472590,0,2821,1675,1926,251
Truck472601,2224,2436,1675,1926,251
Truck472761,2436,2999,1720,1926,206
Truck472828,2999,2656,1740,1926,186
Truck473436,0,3122,1910,1926,16
Truck472104,0,2436,1540,1927,387
Truck472113,2436,2998,1540,1927,387
Truck472167,2436,3122,1555,1927,372
Truck472472,2225,3122,1640,1927,287
Truck473062,2999,2225,1805,1927,122
Truck472418,2225,2656,1625,1928,303
Truck472654,1339,2822,1690,1928,238
Truck472685,3121,3122,1700,1928,228
Truck472877,2998,1338,1750,1928,178
Truck472543,3238,2822,1660,1929,269
Truck472820,2656,0,1735,1929,194
Truck473132,2437,2655,1825,1929,104
Truck473206,2999,2437,1845,1929,84
Truck473376,3239,2999,1890,1929,39
Truck472176,0,2224,1560,1930,370
Truck472131,2436,3239,1545,1931,386
Truck472619,2224,2225,1680,1931,251
Truck472846,2999,3331,1745,1931,186
Truck473460,3122,0,1915,1931,16
Truck473503,3331,2656,1925,1931,6
Truck472650,3122,2821,1690,1932,242
Truck473055,2821,1338,1800,1932,132
Truck473080,2999,2225,1810,1932,122
Truck471439,1338,2822,1355,1933,578
Truck472428,0,2225,1630,1933,303
Truck472777,3238,3331,1725,1933,208
Truck473222,2437,2999,1850,1933,83
Truck472129,3238,2224,1545,1934,389
Truck472205,2224,0,1565,1934,369
Truck472649,3121,3331,1690,1934,244
Truck473150,2437,2656,1830,1934,104
Truck472399,3238,2998,1620,1935,315
Truck472509,2436,2437,1650,1935,285
Truck472678,2822,1339,1695,1935,240
Truck473196,3239,2821,1840,1935,95
Truck473277,2655,3331,1865,1935,70
Truck473287,3331,1338,1865,1935,70
Truck472864,2999,2822,1750,1936,186
Truck472626,0,2822,1685,1937,252
Truck473074,2822,3121,1805,1937,132
Truck473323,3331,2822,1875,1937,62
Truck473047,3238,2655,1800,1938,138
Truck473166,0,2437,1835,1938,103
Truck473183,2998,2656,1835,1938,103
Truck472667,3121,3239,1695,1939,244
Truck472782,3239,2224,1725,1939,214
Truck473168,2437,2224,1835,1939,104
Truck472212,0,2224,1570,1940,370
Truck472723,3238,2999,1710,1940,230
Truck473305,3331,3121,1870,1940,70
Truck472815,2436,2999,1735,1941,206
Truck472878,0,2999,1755,1941,186
Truck472882,2999,2656,1755,1941,186
Truck473120,2225,2999,1820,1942,122
Truck473246,2225,2436,1855,1942,87
Truck473308,2822,2224,1870,1942,72
Truck473343,2821,3331,1880,1942,62
Truck471475,1338,2821,1365,1943,578
Truck472906,1339,2656,1760,1943,183
Truck472931,2998,2437,1765,1943,178
Truck472986,0,3239,1785,1943,158
Truck473176,1339,2655,1835,1943,108
Truck473362,2822,2656,1885,1943,58
Truck473303,2224,2998,1870,1944,74
Truck472662,0,2822,1695,1945,250
Truck473353,3238,3122,1885,1945,60
Truck473306,2656,3121,1870,1946,76
Truck472185,2436,2822,1560,1947,387
Truck472490,2225,0,1645,1947,302
Truck473326,2822,2224,1875,1947,72
Truck473380,2822,2656,1890,1947,57
Truck473469,2821,2822,1915,1947,32
Truck471337,3238,1338,1325,1948,623
Truck471495,2655,1338,1370,1948,578
Truck472949,2998,3121,1770,1948,178
Truck473350,2999,3121,1885,1948,63
Truck472703,3121,3239,1705,1949,244
Truck473110,2822,2999,1815,1949,134
Truck473204,2437,3239,1845,1949,104
Truck473448,3239,1338,1910,1949,39
Truck472680,0,2822,1700,1950,250
Truck472938,3122,3331,1770,1950,180
Truck473341,3331,2437,1880,1950,70
Truck472914,0,2999,1765,1951,186
Truck472961,2224,2656,1775,1951,176
Truck473078,2437,3121,1810,1951,141
Truck472345,3238,2225,1605,1952,347
Truck473115,2655,2822,1820,1952,132
Truck473128,2822,2999,1820,1952,132
Truck473152,2999,2225,1830,1952,122
Truck473258,2437,1339,1860,1952,92
Truck473487,2821,2822,1920,1952,32
Truck471511,1338,3239,1375,1953,578
Truck471513,2655,1338,1375,1953,578
Truck472508,2225,2998,1650,1953,303
Truck472560,3122,2225,1665,1953,288
Truck472927,3331,0,1765,1953,188
Truck472967,2998,2999,1775,1953,178
Truck473097,2655,3238,1815,1953,138
Truck472721,3121,2822,1710,1954,244
Truck473466,3239,3121,1915,1954,39
Truck472574,2437,2436,1670,1955,285
Truck472589,2998,1339,1670,1955,285
Truck472972,2999,1339,1780,1955,175
Truck473389,3238,3122,1895,1955,60
Truck472059,2436,3238,1525,1956,431
Truck472221,2436,2821,1570,1956,386
Truck472564,1339,2225,1665,1956,291
Truck472936,2999,2656,1770,1956,186
Truck473453,2998,2821,1910,1956,46
Truck471574,1339,1338,1390,1957,567
Truck472775,3121,1339,1725,1957,232
Truck472963,3331,2224,1775,1957,182
Truck472992,3122,2999,1785,1957,172
Truck473174,2225,2999,1835,1957,122
Truck473414,2656,2822,1900,1957,57
Truck471529,1338,2998,1380,1958,578
Truck472526,2225,3331,1655,1958,303
Truck472651,3238,2822,1690,1958,268
Truck472853,2224,3239,1745,1958,213
Truck472985,2998,2999,1780,1958,178
Truck473475,2655,3239,1920,1958,38
Truck473223,2655,3122,1850,1959,109
Truck473298,3122,2437,1870,1959,89
Truck473484,3239,3121,1920,1959,39
Truck472331,2224,3122,1600,1960,360
Truck472719,2655,2224,1710,1961,251
Truck472732,2822,0,1710,1961,251
Truck472953,2655,2999,1775,1961,186
Truck472954,2999,2655,1775,1961,186
Truck473364,0,3238,1890,1961,71
Truck472758,3122,2821,1720,1962,242
Truck472768,2822,3122,1720,1962,242
Truck472798,1339,3121,1730,1962,232
Truck473164,2822,3121,1830,1962,132
Truck473294,2437,1339,1870,1962,92
Truck471385,1338,3238,1340,1963,623
Truck471547,1338,2656,1385,1963,578
Truck472321,1338,2436,1600,1963,363
Truck472544,2225,2822,1660,1963,303
Truck473133,2655,3238,1825,1963,138
Truck473251,3331,2998,1855,1963,108
Truck473524,2822,2821,1930,1963,33
Truck472241,2224,3238,1575,1964,389
Truck473425,3238,1339,1905,1964,59
Truck473626,1339,3122,1960,1964,4
Truck472507,3238,2998,1650,1965,315
Truck472737,2655,2224,1715,1966,251
Truck472745,2224,2225,1715,1966,251
Truck473378,2656,1338,1890,1966,76
Truck473629,3331,2656,1960,1966,6
Truck472257,2436,3239,1580,1967,387
Truck472652,2225,1338,1690,1967,277
Truck473181,2821,2436,1835,1967,132
Truck471564,0,1338,1390,1968,578
Truck471565,1338,3331,1390,1968,578
Truck472562,2225,2998,1665,1968,303
Truck473076,0,3239,1810,1968,158
Truck473124,3239,3122,1820,1968,148
Truck473182,2822,2437,1835,1968,133
Truck473259,2655,1339,1860,1968,108
Truck472015,1338,3121,1515,1969,454
Truck472255,3238,2224,1580,1969,389
Truck472890,3239,2224,1755,1969,214
Truck473520,3239,2436,1930,1969,39
Truck473413,3331,2436,1900,1970,70
Truck473400,0,3238,1900,1971,71
Truck473604,3122,0,1955,1971,16
Truck472234,2999,1338,1575,1972,397
Truck473187,2655,2822,1840,1972,132
Truck473199,2821,3121,1840,1972,132
Truck473416,2822,2998,1900,1972,72
Truck473441,3121,2999,1910,1972,62
Truck471583,1338,2821,1395,1973,578
Truck471637,1338,3122,1410,1973,563
Truck472580,2225,2822,1670,1973,303
Truck473173,3238,2655,1835,1973,138
Truck473200,2822,2225,1840,1973,133
Truck473291,2998,3331,1865,1973,108
Truck473348,2437,3122,1885,1973,88
Truck472791,2655,3121,1730,1974,244
Truck472793,3121,2656,1730,1974,244
Truck472848,3122,3121,1745,1974,229
Truck473241,2655,0,1855,1974,119
Truck472958,2225,2437,1775,1975,200
Truck472293,2436,2821,1590,1976,386
Truck472329,2436,1339,1600,1976,376
Truck472625,2998,0,1680,1976,296
Truck473622,3122,0,1960,1976,16
Truck471601,1338,2822,1400,1978,578
Truck472344,3122,2436,1605,1978,373
Truck472812,3122,2822,1735,1978,243
Truck473017,3331,0,1790,1978,188
Truck473050,1339,3331,1800,1978,178
Truck473218,2822,3121,1845,1978,133
Truck473310,0,2437,1875,1978,103
Truck473558,2656,3239,1940,1978,38
Truck472055,3121,1338,1525,1979,454
Truck472291,3238,2224,1590,1979,389
Truck472295,2224,3238,1590,1979,389
Truck472811,3121,3239,1735,1979,244
Truck473045,3121,2225,1800,1979,179
Truck473048,2225,3121,1800,1979,179
Truck473068,1339,2999,1805,1979,174
Truck472671,2436,2437,1695,1980,285
Truck472839,2821,3122,1740,1980,240
Truck472867,3238,2999,1750,1980,230
Truck473256,0,2655,1860,1980,120
Truck473449,3331,1338,1910,1980,70
Truck472365,2436,3122,1610,1981,371
Truck472799,2224,2655,1730,1981,251
Truck473065,3238,3239,1805,1981,176
Truck473236,2822,2999,1850,1982,132
Truck473452,2822,2224,1910,1982,72
Truck471619,1338,2224,1405,1983,578
Truck472421,2224,1339,1625,1983,358
Truck472757,3121,2436,1720,1983,263
Truck473075,2998,2436,1805,1983,178
Truck472420,1339,2224,1625,1984,359
Truck472829,3121,2656,1740,1984,244
Truck473330,2437,2224,1880,1984,104
Truck472697,2998,1339,1700,1985,285
Truck472741,3238,2821,1715,1985,270
Truck472857,2821,3122,1745,1985,240
Truck473046,3122,2656,1800,1985,185
Truck473064,3122,3331,1805,1985,180
Truck473467,3331,2655,1915,1985,70
Truck472806,0,2821,1735,1986,251
Truck472858,2822,3122,1745,1986,241
Truck473044,2999,2656,1800,1986,186
Truck473087,2224,2656,1810,1986,176
Truck473701,3331,2656,1980,1986,6
Truck472288,2999,1338,1590,1987,397
Truck472888,1339,3121,1755,1987,232
Truck473069,2224,3331,1805,1987,182
Truck473071,3331,2224,1805,1987,182
Truck473089,3331,1339,1810,1987,177
Truck473253,2821,2437,1855,1987,132
Truck473254,2822,2436,1855,1987,132
Truck473611,3331,3239,1955,1987,32
Truck472323,2655,2436,1600,1988,388
Truck473186,2437,3238,1840,1988,148
Truck473190,3122,3239,1840,1988,148
Truck473360,2656,2998,1885,1988,103
Truck472607,2998,3238,1675,1990,315
Truck473012,2225,2437,1790,1990,200
Truck473485,3331,2655,1920,1990,70
Truck472827,2655,2224,1740,1991,251
Truck472835,2224,2225,1740,1991,251
Truck473468,2656,3121,1915,1991,76
Truck472840,2822,0,1740,1992,252
Truck473106,3239,3238,1815,1992,177
Truck473488,2822,2998,1920,1992,72
Truck473523,2821,3331,1930,1992,62
Truck473540,2656,2821,1935,1992,57
Truck473698,1339,0,1980,1992,12
Truck471655,1338,2822,1415,1993,578
Truck473111,2998,2655,1815,1993,178
Truck473209,3238,2437,1845,1993,148
Truck473420,2437,3122,1905,1993,88
Truck473632,2822,2821,1960,1993,33
Truck472865,3121,2822,1750,1994,244
Truck473610,3239,1338,1955,1994,39
Truck472733,2998,1339,1710,1995,285
Truck472842,0,2822,1745,1995,250
Truck473321,2224,2821,1875,1995,120
Truck473325,2821,2224,1875,1995,120
Truck472203,2436,3238,1565,1996,431
Truck473079,2655,2999,1810,1996,186
Truck473126,2656,2224,1820,1996,176
Truck472419,2436,3122,1625,1997,372
Truck471673,1338,2998,1420,1998,578
Truck472359,2655,2436,1610,1998,388
Truck472670,2225,2655,1695,1998,303
Truck473129,2998,2437,1820,1998,178
Truck473381,2998,3331,1890,1998,108
Truck472998,3239,2224,1785,1999,214
Truck473458,2999,2437,1915,1999,84
Truck472736,2437,2436,1715,2000,285
Truck472751,2998,1339,1715,2000,285
Truck472803,2821,3238,1730,2000,270
Truck473521,3331,2436,1930,2000,70
Truck472860,0,2821,1750,2001,251
Truck472871,2224,2225,1750,2001,251
Truck473098,2999,2821,1815,2001,186
Truck473504,2656,2225,1925,2001,76
Truck473508,0,3238,1930,2001,71
Truck472383,2436,0,1615,2002,387
Truck473154,3122,2999,1830,2002,172
Truck473307,2821,2999,1870,2002,132
Truck472688,2225,2656,1700,2003,303
Truck473029,3238,3331,1795,2003,208
Truck473147,2998,2437,1825,2003,178
Truck473403,2655,2437,1900,2003,103
Truck472492,1339,2224,1645,2004,359
Truck473158,1339,2999,1830,2004,174
Truck473539,3331,2999,1935,2005,70
Truck473116,2999,2656,1820,2006,186
Truck473279,3121,2437,1865,2006,141
Truck472401,2436,0,1620,2007,387
Truck473567,3121,2999,1945,2007,62
Truck471709,1338,3239,1430,2008,578
Truck472706,2225,2821,1705,2008,303
Truck472851,2436,3121,1745,2008,263
Truck473140,1339,2656,1825,2008,183
Truck473144,2656,1339,1825,2008,183
Truck473299,3238,2655,1870,2008,138
Truck473587,3238,1339,1950,2009,59
Truck473788,1339,3122,2005,2009,4
Truck472780,1339,2998,1725,2010,285
Truck473470,2822,3239,1915,2010,95
Truck473557,3331,2437,1940,2010,70
Truck472907,2224,1338,1760,2011,251
Truck472948,2822,3122,1770,2011,241
Truck473130,0,2999,1825,2011,186
Truck473593,3331,2822,1950,2011,61
Truck473791,3331,2656,2005,2011,6
Truck472561,3238,2225,1665,2012,347
Truck473178,3239,3238,1835,2012,177
Truck473250,3239,0,1855,2012,157
Truck473344,2822,2225,1880,2012,132
Truck471571,3238,1338,1390,2013,623
Truck471727,1338,2998,1435,2013,578
Truck471781,1338,3122,1450,2013,563
Truck472413,2655,2436,1625,2013,388
Truck472724,2225,3239,1710,2013,303
Truck473450,2656,2998,1910,2013,103
Truck472417,3238,2224,1625,2014,389
Truck472528,1339,2224,1655,2014,359
Truck472932,0,3121,1770,2014,244
Truck472937,3121,3239,1770,2014,244
Truck473438,2437,2656,1910,2014,104
Truck473682,3239,2655,1975,2014,39
Truck472275,2436,3238,1585,2016,431
Truck473766,3122,0,2000,2016,16
Truck473802,3122,1339,2010,2016,6
Truck471745,1338,0,1440,2017,577
Truck473361,2821,2225,1885,2017,132
Truck472437,2436,2224,1630,2018,388
Truck473602,2999,3121,1955,2018,63
Truck471804,3122,1338,1455,2019,564
Truck472199,3121,1338,1565,2019,454
Truck472435,3238,2224,1630,2019,389
Truck472955,3121,2656,1775,2019,244
Truck472984,2822,1339,1780,2019,239
Truck473456,2437,2822,1915,2019,104
Truck472545,2436,1338,1660,2020,360
Truck472823,2998,1339,1735,2020,285
Truck472883,3121,2436,1755,2020,265
Truck473415,2821,2224,1900,2020,120
Truck472455,2436,3331,1635,2021,386
Truck472843,1338,2225,1745,2021,276
Truck472943,2224,1338,1770,2021,251
Truck473170,2999,3331,1835,2021,186
Truck472597,3238,2225,1675,2022,347
Truck472598,2225,3238,1675,2022,347
Truck473214,3239,3238,1845,2022,177
Truck472760,2225,2224,1720,2023,303
Truck473205,2655,2998,1845,2023,178
Truck473316,3122,3239,1875,2023,148
Truck473736,3239,3331,1990,2023,33
Truck471822,3122,1338,1460,2024,564
Truck472905,2436,3121,1760,2024,264
Truck472971,2655,3121,1780,2024,244
Truck472973,3121,2224,1780,2024,244
Truck472833,2436,2437,1740,2025,285
Truck473605,3238,0,1955,2025,70
Truck473188,2999,3239,1840,2026,186
Truck473340,3239,1339,1880,2026,146
Truck473705,2998,2821,1980,2026,46
Truck472473,2436,0,1640,2027,387
Truck473397,2821,2655,1895,2027,132
Truck473398,2822,2225,1895,2027,132
Truck473536,1339,2437,1935,2027,92
Truck471625,3238,1338,1405,2028,623
Truck473108,2656,3238,1815,2028,213
Truck473230,1339,3331,1850,2028,178
Truck473666,2656,2822,1970,2028,58
Truck472991,3121,3331,1785,2029,244
Truck473492,2437,2655,1925,2029,104
Truck473538,3239,2822,1935,2029,94
Truck473550,3122,2437,1940,2029,89
Truck472536,0,2224,1660,2030,370
Truck473139,2436,2999,1825,2030,205
Truck473242,2999,1339,1855,2030,175
Truck472832,2225,1339,1740,2031,291
Truck472834,1339,2225,1740,2031,291
Truck472979,2224,2999,1780,2031,251
Truck473633,2998,2822,1960,2031,71
Truck473864,2656,3331,2025,2031,6
Truck472491,2436,2224,1645,2032,387
Truck473262,3122,2999,1860,2032,172
Truck473686,2822,2656,1975,2032,57
Truck472542,3122,2436,1660,2033,373
Truck472796,2225,2656,1730,2033,303
Truck472849,3238,3121,1745,2033,288
Truck473004,0,3121,1790,2034,244
Truck473754,3239,2436,1995,2034,39
Truck473556,3239,2822,1940,2035,95
Truck473619,2655,2656,1960,2035,75
Truck473647,3331,2437,1965,2035,70
Truck473630,2656,2225,1960,2036,76
Truck473832,0,3122,2020,2036,16
Truck473838,3122,0,2020,2036,16
Truck472904,2225,1338,1760,2037,277
Truck473650,2822,2998,1965,2037,72
Truck473683,3331,2821,1975,2037,62
Truck471817,1338,2998,1460,2038,578
Truck472814,2225,2224,1735,2038,303
Truck473370,3122,3239,1890,2038,148
Truck473434,2822,2999,1905,2038,133
Truck473528,2437,0,1935,2038,103
Truck473794,2822,2821,2005,2038,33
Truck472267,1338,3121,1585,2039,454
Truck473472,0,2655,1920,2040,120
Truck473665,3331,2999,1970,2040,70
Truck472196,2437,1338,1565,2041,476
Truck473015,2224,1338,1790,2041,251
Truck473175,2436,2999,1835,2041,206
Truck473451,2821,1338,1910,2042,132
Truck473694,3122,3238,1980,2042,62
Truck471835,1338,2821,1465,2043,578
Truck473099,3121,3122,1815,2043,228
Truck473270,2656,1339,1860,2043,183
Truck473394,3239,3122,1895,2043,148
Truck473529,2655,1339,1935,2043,108
Truck473302,1339,2999,1870,2044,174
Truck473546,2437,3239,1940,2044,104
Truck472805,2998,3238,1730,2045,315
Truck473592,3239,2821,1950,2045,95
Truck473033,2224,2999,1795,2046,251
Truck473314,2999,3122,1875,2046,171
Truck473687,2998,2822,1975,2046,71
Truck472845,2655,2225,1745,2047,302
Truck473498,2225,2999,1925,2047,122
Truck472850,2225,2656,1745,2048,303
Truck473180,2656,3238,1835,2048,213
Truck473191,3238,3331,1840,2048,208
Truck473288,2656,1339,1865,2048,183
Truck473309,2998,2655,1870,2048,178
Truck473063,3121,2224,1805,2049,244
Truck473511,2655,0,1930,2049,119
Truck473564,2437,3239,1945,2049,104
Truck473228,2225,2437,1850,2050,200
Truck473238,0,2656,1855,2050,195
Truck471907,1338,1339,1485,2051,566
Truck473051,2224,3121,1800,2051,251
Truck472563,2436,3239,1665,2052,387
Truck472922,2225,3122,1765,2052,287
Truck471715,3238,1338,1430,2053,623
Truck471871,1338,2998,1475,2053,578
Truck471925,1338,3122,1490,2053,563
Truck472868,2225,3331,1750,2053,303
Truck473327,2998,2437,1875,2053,178
Truck473828,2656,3239,2015,2053,38
Truck471930,3122,1338,1490,2054,564
Truck472942,1339,2998,1770,2055,285
Truck473073,2821,0,1805,2055,250
Truck472250,2437,1338,1580,2056,476
Truck472581,2436,0,1670,2056,386
Truck471934,1339,1338,1490,2057,567
Truck473505,2821,2655,1925,2057,132
Truck473506,2822,1338,1925,2057,132
Truck473774,2656,2822,2000,2057,57
Truck471889,1338,3239,1480,2058,578
Truck473345,2998,3121,1880,2058,178
Truck473600,2437,2998,1955,2059,104
Truck473019,2821,3238,1790,2060,270
Truck473155,3238,2999,1830,2060,230
Truck473274,0,2656,1865,2060,195
Truck472635,2436,1339,1685,2062,377
Truck473430,3239,0,1905,2062,157
Truck473775,2821,3331,2000,2062,62
Truck473793,2821,2656,2005,2062,57
Truck471751,3238,1338,1440,2063,623
Truck473363,2998,2999,1885,2063,178
Truck472357,1338,3121,1610,2064,454
Truck473117,3121,2655,1820,2064,244
Truck473354,2225,3121,1885,2064,179
Truck473618,2437,2822,1960,2064,104
Truck473862,3239,2437,2025,2064,39
Truck472285,1338,2437,1590,2065,475
Truck472709,2224,3122,1705,2065,360
Truck473145,2821,3122,1825,2065,240
Truck473276,2437,2225,1865,2065,200
Truck473352,3122,3331,1885,2065,180
Truck473755,3331,2225,1995,2065,70
Truck473785,3238,3122,2005,2065,60
Truck472653,2436,1339,1690,2066,376
Truck473105,2224,2655,1815,2066,251
Truck473146,2822,3122,1825,2066,241
Truck473260,2999,2436,1860,2066,206
Truck473332,2999,2822,1880,2066,186
Truck472573,1338,2999,1670,2067,397
Truck472617,2436,0,1680,2067,387
Truck472759,3238,2225,1720,2067,347
Truck473094,0,2822,1815,2067,252
Truck473359,3331,2224,1885,2067,182
Truck473377,3331,1339,1890,2067,177
Truck473541,2821,2655,1935,2067,132
Truck471763,1338,3238,1445,2068,623
Truck472727,2224,1339,1710,2068,358
Truck473269,3331,3238,1860,2068,208
Truck473374,1339,3331,1890,2068,178
Truck473474,2437,3238,1920,2068,148
Truck473542,2822,3121,1935,2068,133
Truck473636,2437,0,1965,2068,103
Truck473651,2998,2656,1965,2068,103
Truck473902,2822,2821,2035,2068,33
Truck472375,1338,3121,1615,2069,454
Truck472726,1339,2224,1710,2069,359
Truck473135,3121,2655,1825,2069,244
Truck473583,2655,0,1950,2069,119
Truck473880,3239,2437,2030,2069,39
Truck472303,1338,2437,1595,2070,475
Truck472885,3238,2998,1755,2070,315
Truck473773,3331,2655,2000,2070,70
Truck473803,3238,3122,2010,2070,60
Truck473056,2822,3238,1800,2071,271
Truck473502,3239,1339,1925,2071,146
Truck473513,3121,2437,1930,2071,141
Truck473777,2998,2822,2000,2071,71
Truck474000,3122,1339,2065,2071,6
Truck474008,2656,3331,2065,2071,6
Truck472591,1338,2999,1675,2072,397
Truck473030,2225,1338,1795,2072,277
Truck473406,3122,2999,1900,2072,172
Truck473547,2655,2822,1940,2072,132
Truck473714,2225,2436,1985,2072,87
Truck473829,2821,2656,2015,2072,57
Truck473917,3331,3239,2040,2072,32
Truck473986,1339,0,2060,2072,12
Truck472940,2225,3331,1770,2073,303
Truck473395,3331,3122,1895,2073,178
Truck473399,2998,2225,1895,2073,178
Truck473637,2655,1339,1965,2073,108
Truck473669,2998,2656,1970,2073,103
Truck472397,3121,1338,1620,2074,454
Truck473153,3121,3331,1830,2074,244
Truck473342,2656,0,1880,2074,194
Truck473771,2224,2998,2000,2074,74
Truck473898,3239,2999,2035,2074,39
Truck474022,1339,3122,2070,2074,4
Truck473328,0,2656,1880,2075,195
Truck473404,2999,1339,1900,2075,175
Truck471997,1338,1339,1510,2076,566
Truck472322,2437,1338,1600,2076,476
Truck473367,2655,2999,1890,2076,186
Truck473368,2999,2656,1890,2076,186
Truck473412,3239,3238,1900,2077,177
Truck473577,2821,2655,1945,2077,132
Truck473819,3121,2999,2015,2077,62
Truck471799,1338,3238,1455,2078,623
Truck473171,3121,0,1835,2078,243
Truck473194,1339,2822,1840,2078,238
Truck473225,3121,3122,1850,2078,228
Truck473417,2998,2436,1900,2078,178
Truck472020,3122,1338,1515,2079,564
Truck472762,1339,2224,1720,2079,359
Truck473428,1339,2999,1905,2079,174
Truck473789,2224,2998,2005,2079,74
Truck473227,3238,2999,1850,2080,230
Truck473809,3331,1338,2010,2080,70
Truck473839,3238,3122,2020,2080,60
Truck473386,2999,3331,1895,2081,186
Truck474043,3331,2656,2075,2081,6
Truck473620,2999,2225,1960,2082,122
Truck473624,2225,2999,1960,2082,122
Truck472722,3122,2436,1710,2083,373
Truck472781,2224,1339,1725,2083,358
Truck472976,2225,2655,1780,2083,303
Truck473410,1339,2656,1900,2083,183
Truck473431,3331,3122,1905,2083,178
Truck473533,3238,2437,1935,2083,148
Truck473690,2437,0,1980,2083,103
Truck472433,3121,1338,1630,2084,454
Truck473189,3121,3331,1840,2084,244
Truck473446,1339,2999,1910,2084,174
Truck473807,2224,2998,2010,2084,74
Truck473934,3239,1338,2045,2084,39
Truck473827,3331,2225,2015,2085,70
Truck473921,2998,2821,2040,2086,46
Truck473243,3121,1339,1855,2087,232
Truck473613,2821,2437,1955,2087,132
Truck473614,2822,2999,1955,2087,132
Truck471996,0,1338,1510,2088,578
Truck472994,2225,3331,1785,2088,303
Truck473207,3121,3239,1845,2089,244
Truck473708,2437,2655,1985,2089,104
Truck473757,2821,3239,1995,2089,94
Truck473263,3238,2999,1860,2090,230
Truck473845,3331,2437,2020,2090,70
Truck472707,2436,3331,1705,2091,386
Truck473039,2998,0,1795,2091,296
Truck473184,0,2821,1840,2091,251
Truck473422,2999,0,1905,2091,186
Truck472698,0,2436,1705,2092,387
Truck473102,2225,1338,1815,2092,277
Truck473226,3122,2821,1850,2092,242
Truck473631,2821,1338,1960,2092,132
Truck473881,3331,2821,2030,2092,62
Truck471853,1338,3238,1470,2093,623
Truck472789,1338,2436,1730,2093,363
Truck472817,2224,1339,1735,2093,358
Truck473471,2998,2437,1915,2093,178
Truck473526,0,3239,1935,2093,158
Truck473724,0,2437,1990,2093,103
Truck473738,2656,2998,1990,2093,103
Truck473726,2437,2224,1990,2094,104
Truck473970,3239,2436,2055,2094,39
Truck472393,1338,2437,1620,2095,475
Truck473086,1339,2998,1810,2095,285
Truck473248,1339,2822,1855,2095,240
Truck473281,3238,2999,1865,2095,230
Truck473384,2437,2225,1895,2095,200
Truck473772,3239,2821,2000,2095,95
Truck473439,2655,2999,1910,2096,186
Truck473025,2655,2225,1795,2097,302
Truck472033,1338,2821,1520,2098,578
Truck473022,0,2225,1795,2098,303
Truck473266,1339,2822,1860,2098,238
Truck473489,2998,1338,1920,2098,178
Truck474006,3239,3331,2065,2098,33
Truck472483,1338,3121,1645,2099,454
Truck473432,2656,0,1905,2099,194
Truck473478,3122,3331,1920,2100,180
Truck473494,2999,1339,1925,2100,175
Truck473703,2821,2224,1980,2100,120
Truck472087,1338,1339,1535,2101,566
Truck473231,2224,2999,1850,2101,251
Truck473296,2999,3238,1870,2101,231
Truck473497,3238,3239,1925,2101,176
Truck472743,2436,2656,1715,2102,387
Truck473667,2821,1338,1970,2102,132
Truck473668,2822,2225,1970,2102,132
Truck473936,2656,2822,2045,2102,57
Truck473486,2656,1339,1920,2103,183
Truck473493,2655,2998,1925,2103,178
Truck473562,0,3239,1945,2103,158
Truck473908,2999,3121,2040,2103,63
Truck473261,3121,2822,1860,2104,244
Truck473290,2822,1339,1865,2104,239
Truck473808,3239,2822,2010,2104,94
Truck473820,3122,2437,2015,2104,89
Truck473879,2224,2822,2030,2104,74
Truck473932,1339,3238,2045,2104,59
Truck473104,1339,2225,1815,2106,291
Truck473249,2224,1338,1855,2106,251
Truck473476,2999,2656,1920,2106,186
Truck473882,2656,3121,2030,2106,76
Truck472903,3238,2225,1760,2107,347
Truck473280,3122,2821,1865,2107,242
Truck473685,2821,2436,1975,2107,132
Truck473066,2225,2224,1805,2108,303
Truck473393,2224,3239,1895,2108,213
Truck473396,2656,3238,1895,2108,213
Truck472870,1339,2224,1750,2109,359
Truck473780,2437,3239,2005,2109,104
Truck474024,3239,2437,2070,2109,39
Truck473271,2821,0,1860,2110,250
Truck473335,3238,2999,1880,2110,230
Truck472866,3122,2224,1750,2111,361
Truck473537,2224,2656,1935,2111,176
Truck473654,2437,3121,1970,2111,141
Truck473858,2225,2436,2025,2111,86
Truck473900,2656,3121,2035,2111,76
Truck472738,2999,1338,1715,2112,397
Truck472779,2436,2655,1725,2112,387
Truck472921,3238,2225,1765,2112,347
Truck473338,1339,3121,1880,2112,232
Truck473084,2225,2998,1810,2113,303
Truck473297,3121,0,1870,2113,243
Truck473522,2656,1339,1930,2113,183
Truck473543,2998,2437,1935,2113,178
Truck473781,2655,1339,2005,2113,108
Truck473704,2822,3121,1980,2114,134
Truck473798,2437,2822,2010,2114,104
Truck474042,3239,1338,2075,2114,39
Truck473057,2998,3238,1800,2115,315
Truck473289,2821,0,1865,2115,250
Truck473935,3331,2436,2045,2115,70
Truck472884,3122,2224,1755,2116,361
Truck473918,2656,2436,2040,2116,76
Truck474170,2656,3331,2110,2116,6
Truck472797,2436,2656,1730,2117,387
Truck473628,3239,0,1960,2117,157
Truck473722,2822,1338,1985,2117,132
Truck473964,3122,3238,2055,2117,62
Truck473971,3331,2821,2055,2117,62
Truck473990,2656,2822,2060,2117,57
Truck472105,1338,2998,1540,2118,578
Truck473429,2224,3239,1905,2118,213
Truck473561,2998,3121,1940,2118,178
Truck473806,1339,2655,2010,2118,108
Truck473870,2437,3122,2030,2118,88
Truck473962,2999,3121,2055,2118,63
Truck474051,2655,3239,2080,2118,38
Truck474062,2656,3239,2080,2118,38
Truck473315,3121,3239,1875,2119,244
Truck473371,3238,2999,1890,2120,230
Truck473925,2655,2656,2045,2120,75
Truck473953,3331,3121,2050,2120,70
Truck472902,3122,2224,1760,2121,361
Truck473530,2999,2656,1935,2121,186
Truck473700,3239,2998,1980,2121,141
Truck474047,2998,2821,2075,2121,46
Truck473172,3122,2998,1835,2122,287
Truck473739,2821,2655,1990,2122,132
Truck472123,1338,2655,1545,2123,578
Truck473112,0,2225,1820,2123,303
Truck473831,2998,3331,2015,2123,108
Truck473846,2656,2998,2020,2123,103
Truck474096,3239,3331,2090,2123,33
Truck473333,3121,2655,1880,2124,244
Truck473570,2225,3121,1945,2124,179
Truck473834,2437,2656,2020,2124,104
Truck474078,3239,2437,2085,2124,39
Truck474202,1339,3122,2120,2124,4
Truck473083,3238,2998,1810,2125,315
Truck473965,3238,0,2055,2125,70
Truck473594,2656,2224,1950,2126,176
Truck473954,2656,2225,2050,2126,76
Truck472141,1338,0,1550,2127,577
Truck473387,3121,1339,1895,2127,232
Truck473664,3239,0,1970,2127,157
Truck473745,2655,2821,1995,2127,132
Truck473782,2999,2225,2005,2127,122
Truck473912,2225,2436,2040,2127,87
Truck474115,3331,3239,2095,2127,32
Truck474184,1339,0,2115,2127,12
Truck473138,2225,3331,1825,2128,303
Truck473731,3238,2655,1990,2128,138
Truck473852,2437,2656,2025,2129,104
Truck473926,2999,2437,2045,2129,84
Truck473586,3122,3331,1950,2130,180
Truck473983,3238,0,2060,2130,70
Truck473219,2998,3122,1845,2131,286
Truck473272,2822,3238,1860,2131,271
Truck473339,2224,1338,1880,2131,251
Truck473565,2655,2999,1945,2131,186
Truck473566,2999,3239,1945,2131,186
Truck473972,2656,2225,2055,2131,76
Truck474025,3331,2822,2070,2131,61
Truck472159,1338,0,1555,2132,577
Truck472689,2436,3238,1700,2133,433
Truck473156,2225,2656,1830,2133,303
Truck473615,2998,1338,1955,2133,178
Truck473776,2822,1338,2000,2133,133
Truck473868,0,2437,2030,2133,103
Truck472218,3122,1338,1570,2134,564
Truck472960,1339,2224,1775,2134,359
Truck474114,3239,3121,2095,2134,39
Truck473119,3238,2998,1820,2135,315
Truck473916,3239,2821,2040,2135,95
Truck473357,2224,1338,1885,2136,251
Truck473584,2999,2821,1950,2136,186
Truck472869,2436,0,1750,2137,387
Truck474210,0,1339,2125,2137,12
Truck472177,1338,2822,1560,2138,578
Truck473515,3238,3331,1930,2138,208
Truck473576,2656,0,1945,2139,194
Truck473888,2437,2224,2035,2139,104
Truck473937,2821,3239,2045,2139,94
Truck474256,1339,3122,2135,2139,4
Truck473240,2437,2436,1855,2140,285
Truck474055,3238,3122,2080,2140,60
Truck472977,2436,1338,1780,2141,361
Truck473375,2224,3121,1890,2141,251
Truck473601,2655,2999,1955,2141,186
Truck473656,2999,3122,1970,2141,171
Truck473762,2437,3121,2000,2141,141
Truck474216,3122,0,2125,2141,16
Truck472887,2436,3331,1755,2142,387
Truck473646,3239,3238,1965,2142,177
Truck473811,2821,2999,2010,2142,132
Truck473836,2999,2225,2020,2142,122
Truck473950,1339,2437,2050,2142,92
Truck473966,2225,2436,2055,2142,87
Truck472195,1338,2822,1565,2143,578
Truck473744,2437,3238,1995,2143,148
Truck474082,2822,2656,2085,2143,58
Truck473317,3238,2822,1875,2144,269
Truck473405,3121,2655,1900,2144,244
Truck473642,2225,3121,1965,2144,179
Truck473906,2437,2822,2040,2144,104
Truck474073,3238,1339,2085,2144,59
Truck474150,3239,2225,2105,2144,39
Truck473165,2998,3238,1830,2145,315
Truck473865,2821,2224,2025,2145,120
Truck473952,3239,2821,2050,2145,95
Truck473237,2998,0,1850,2146,296
Truck473548,2999,2436,1940,2146,206
Truck473674,2999,3122,1975,2146,171
Truck474026,2656,2655,2070,2146,76
Truck473264,2225,3122,1860,2147,287
Truck473424,3122,2821,1905,2147,242
Truck473960,2437,1339,2055,2147,92
Truck474099,2821,2656,2090,2147,57
Truck472213,1338,2655,1570,2148,578
Truck473210,2225,3331,1845,2148,303
Truck474186,3239,3331,2115,2148,33
Truck473830,2822,3121,2015,2149,134
Truck473924,2437,2998,2045,2149,104
Truck473982,3122,2437,2060,2149,89
Truck474041,2224,2822,2075,2149,74
Truck473013,2436,1338,1790,2150,360
Truck473283,2436,2437,1865,2150,285
Truck473479,3238,2999,1920,2150,230
Truck473582,2437,2225,1950,2150,200
Truck473010,3122,2224,1790,2151,361
Truck473255,2998,0,1855,2151,296
Truck473638,2999,2224,1965,2151,186
Truck473681,2224,2656,1975,2151,176
Truck473684,2656,2224,1975,2151,176
Truck473801,3121,2437,2010,2151,141
Truck474044,2656,3121,2075,2151,76
Truck473282,2225,3122,1865,2152,287
Truck473477,3121,1339,1920,2152,232
Truck473847,2821,1338,2020,2152,132
Truck472231,1338,3331,1575,2153,578
Truck472923,2436,2224,1765,2153,388
Truck473575,3331,3238,1945,2153,208
Truck473742,0,3239,1995,2153,158
Truck473032,1339,2224,1795,2154,359
Truck473942,2437,2655,2050,2154,104
Truck474310,1339,3122,2150,2154,4
Truck473369,3121,2436,1890,2155,265
Truck473418,0,2822,1905,2155,250
Truck473988,3239,2821,2060,2155,95
Truck472941,2436,0,1770,2156,386
Truck473284,1339,2225,1865,2156,291
Truck473421,2655,2224,1905,2156,251
Truck473816,2437,3121,2015,2156,141
Truck474313,3331,2656,2150,2156,6
Truck473300,2225,3122,1870,2157,287
Truck473500,1339,3121,1925,2157,232
Truck473866,2822,2655,2025,2158,133
Truck474222,3239,3331,2125,2158,33
Truck473312,2437,2436,1875,2159,284
Truck473457,2655,3121,1915,2159,244
Truck473459,3121,2822,1915,2159,244
Truck473574,3239,2224,1945,2159,214
Truck474204,3239,2225,2120,2159,39
Truck474087,2655,3331,2090,2160,70
Truck474097,3331,2225,2090,2160,70
Truck473447,2224,1338,1910,2161,251
Truck473512,2999,3238,1930,2161,231
Truck473720,2656,2224,1985,2161,176
Truck473826,3239,1339,2015,2161,146
Truck474080,2656,2437,2085,2161,76
Truck473883,2821,2437,2030,2162,132
Truck473723,2998,1338,1985,2163,178
Truck473884,2822,2655,2030,2163,133
Truck474032,2437,3122,2075,2163,88
Truck474050,2437,2999,2080,2163,83
Truck474213,2655,3239,2125,2163,38
Truck473702,2656,3122,1980,2164,184
Truck473978,2437,2822,2060,2164,104
Truck474101,2998,2224,2090,2164,74
Truck473712,3122,3331,1985,2165,180
Truck473867,2998,3239,2025,2165,140
Truck473933,2224,2821,2045,2165,120
Truck473014,1339,2436,1790,2166,376
Truck473318,2225,1339,1875,2166,291
Truck473365,1338,2225,1890,2166,276
Truck473692,2999,2821,1980,2166,186
Truck473842,1339,3239,2020,2166,146
Truck473844,3239,1339,2020,2166,146
Truck474098,2656,3121,2090,2166,76
Truck474306,3122,0,2150,2166,16
Truck473031,2436,3122,1795,2167,372
Truck473059,1338,2436,1805,2167,362
Truck473719,3331,2224,1985,2167,182
Truck473901,2821,2225,2035,2167,132
Truck474153,2821,3331,2105,2167,62
Truck473334,3122,2225,1880,2168,288
Truck473612,2656,3238,1955,2168,213
Truck473737,3331,3122,1990,2168,178
Truck473741,2998,2655,1990,2168,178
Truck472739,3121,1338,1715,2169,454
Truck473423,3121,2436,1905,2169,264
Truck473996,2437,2822,2065,2169,104
Truck473356,1339,2998,1885,2170,285
Truck473670,0,2656,1975,2170,195
Truck474133,3331,2436,2100,2170,70
Truck473483,2224,3121,1920,2171,251
Truck473709,2655,2999,1985,2171,186
Truck473710,2999,2656,1985,2171,186
Truck473756,2656,2224,1995,2171,176
Truck474075,2436,2225,2085,2171,86
Truck474116,2656,3121,2095,2171,76
Truck472831,3238,2436,1740,2172,432
Truck472995,2436,2998,1785,2172,387
Truck473514,3122,2822,1930,2172,242
Truck474279,2821,2822,2140,2172,32
Truck472302,0,1338,1595,2173,578
Truck473292,0,2225,1870,2173,303
Truck473759,2998,2437,1995,2173,178
Truck473920,2822,2436,2040,2173,133
Truck474004,1339,2655,2065,2173,108
Truck474012,0,2437,2070,2173,103
Truck474190,2822,2656,2115,2173,58
Truck474276,3239,3331,2140,2173,33
Truck473997,2655,3122,2065,2174,109
Truck474014,2437,2656,2070,2174,104
Truck474258,3239,1338,2135,2174,39
Truck473103,2436,1338,1815,2175,360
Truck473366,2437,2436,1890,2175,285
Truck473433,2821,3238,1905,2175,270
Truck474064,2822,3239,2080,2175,95
Truck474151,3331,2436,2105,2175,70
Truck474181,3238,3122,2115,2175,60
Truck473100,3122,2224,1815,2176,361
Truck473490,0,2821,1925,2176,251
Truck473727,2655,2999,1990,2176,186
Truck473728,2999,2998,1990,2176,186
Truck473408,2225,1338,1900,2177,277
Truck473007,2655,2436,1790,2178,388
Truck473123,2224,1339,1820,2178,358
Truck473554,1339,2822,1940,2178,238
Truck473648,2656,3238,1965,2178,213
Truck473763,2655,2998,2000,2178,178
Truck473874,3122,3239,2030,2178,148
Truck474187,3331,2822,2115,2178,63
Truck474267,2655,3239,2140,2178,38
Truck473122,1339,2224,1820,2179,359
Truck473531,3121,2656,1935,2179,244
Truck473392,1339,2998,1895,2180,285
Truck473976,0,2655,2060,2180,120
Truck474169,3331,2999,2110,2180,70
Truck473519,2224,3121,1930,2181,251
Truck473560,2822,3122,1940,2181,241
Truck473746,2999,3239,1995,2181,186
Truck472339,1338,0,1605,2182,577
Truck473346,0,2998,1885,2182,297
Truck473790,3239,3238,2005,2182,177
Truck473955,2821,3121,2050,2182,132
Truck473956,2822,2999,2050,2182,132
Truck472338,0,1338,1605,2183,578
Truck472341,2655,1338,1605,2183,578
Truck473141,2224,1339,1825,2183,358
Truck473336,2225,2998,1880,2183,303
Truck473795,2998,2437,2005,2183,178
Truck473549,3121,2821,1940,2184,244
Truck473402,2437,2436,1900,2185,285
Truck473572,1339,2821,1945,2185,240
Truck473578,2822,1339,1945,2185,240
Truck473800,2999,1339,2010,2185,175
Truck474036,3122,2655,2075,2185,110
Truck474159,2655,2656,2110,2185,75
Truck473760,0,2999,2000,2186,186
Truck473764,2999,2998,2000,2186,186
Truck473927,3121,2437,2045,2186,141
Truck473049,2436,2821,1800,2187,387
Truck473192,2225,3238,1840,2187,347
Truck473349,2655,2225,1885,2187,302
Truck473973,2821,3121,2055,2187,132
Truck473813,2998,3121,2010,2188,178
Truck473974,2822,3121,2055,2188,133
Truck473595,2821,1339,1950,2189,239
Truck474068,2437,2224,2085,2189,104
Truck474118,2822,3239,2095,2189,94
Truck473435,2998,1339,1905,2190,285
Truck474177,2655,2656,2115,2190,75
Truck474205,3331,2437,2120,2190,70
Truck473067,2436,2821,1805,2191,386
Truck474192,0,3238,2120,2191,71
Truck474299,2998,2821,2145,2191,46
Truck473023,1338,2999,1795,2192,397
Truck473058,0,2436,1805,2192,387
Truck473121,2436,3122,1820,2192,372
Truck473382,0,2998,1895,2192,297
Truck473991,2821,2225,2060,2192,132
Truck474243,2821,3331,2130,2192,62
Truck474349,3331,3239,2160,2192,32
Truck472219,3238,1338,1570,2193,623
Truck473372,2225,2224,1890,2193,303
Truck473585,3121,2998,1950,2194,244
Truck473517,2436,3121,1930,2195,265
Truck474030,0,2655,2075,2195,120
Truck474223,3331,2225,2125,2195,70
Truck473573,2224,3121,1945,2196,251
Truck473843,2224,2656,2020,2196,176
Truck474206,2656,2437,2120,2196,76
Truck474317,2998,2821,2150,2196,46
Truck473644,1339,3121,1965,2197,232
Truck474009,2821,2436,2065,2197,132
Truck473390,2225,2224,1895,2198,303
Truck473442,3122,2225,1910,2198,288
Truck474010,2822,2999,2065,2198,133
Truck474102,0,2437,2095,2198,103
Truck472847,3121,1338,1745,2199,454
Truck473718,3239,2224,1985,2199,214
Truck473792,2656,0,2005,2199,194
Truck474104,2437,3239,2095,2199,104
Truck474227,2998,2224,2125,2199,74
Truck473580,0,2822,1950,2200,250
Truck473778,0,2656,2005,2200,195
Truck473854,2999,1339,2025,2200,175
Truck473591,2224,2655,1950,2201,251
Truck473596,2822,0,1950,2201,251
Truck473818,2999,3331,2015,2201,186
Truck474027,2821,3121,2070,2202,132
Truck472249,1338,3238,1580,2203,623
Truck472411,1338,3331,1625,2203,578
Truck473461,3238,3121,1915,2203,288
Truck473621,3121,0,1960,2203,243
Truck473860,1339,3331,2025,2203,178
Truck474028,2822,2999,2070,2203,133
Truck472470,3122,1338,1640,2204,564
Truck473676,3122,3121,1975,2204,229
Truck473810,2656,0,2010,2204,194
Truck474245,2998,2224,2130,2204,74
Truck474289,3238,1339,2145,2204,59
Truck474366,3239,1338,2165,2204,39
Truck473157,2436,1339,1830,2205,375
Truck474259,3331,2655,2135,2205,70
Truck472429,1338,0,1630,2207,577
Truck472957,3238,2436,1775,2207,432
Truck473863,3331,2224,2025,2207,182
Truck474045,2821,2437,2075,2207,132
Truck473426,2225,2821,1905,2208,303
Truck474015,2655,3238,2070,2208,138
Truck474046,2822,2655,2075,2208,133
Truck473195,2224,0,1840,2209,369
Truck473639,3121,3331,1965,2209,244
Truck474140,2437,2655,2105,2209,104
Truck474384,3239,2436,2170,2209,39
Truck473551,3238,2821,1940,2210,270
Truck473559,2821,3238,1940,2210,270
Truck473627,2224,2999,1960,2211,251
Truck474369,2821,2998,2165,2211,46
Truck473658,3122,2822,1970,2212,242
Truck474063,2821,2436,2080,2212,132
Truck474333,2821,2656,2155,2212,57
Truck472447,1338,2656,1635,2213,578
Truck473444,2225,3331,1910,2213,303
Truck473495,3121,3238,1925,2213,288
Truck473496,3122,2225,1925,2213,288
Truck473711,3121,3122,1985,2213,228
Truck473899,3331,3122,2035,2213,178
Truck473903,2998,2225,2035,2213,178
Truck474033,2655,3238,2075,2213,138
Truck474148,1339,2655,2105,2213,108
Truck474158,2437,0,2110,2213,103
Truck474230,2437,2999,2130,2213,83
Truck474402,3239,2656,2175,2213,38
Truck473657,3121,2998,1970,2214,244
Truck473645,2224,3121,1965,2216,251
Truck473871,2655,2999,2030,2216,186
Truck473911,3238,3239,2040,2216,176
Truck472510,1339,1338,1650,2217,567
Truck473516,2225,3122,1930,2217,287
Truck474081,2821,2225,2085,2217,132
Truck474323,3121,2999,2155,2217,62
Truck474350,2656,2822,2160,2217,57
Truck472465,1338,2224,1640,2218,578
Truck473462,2225,3331,1915,2218,303
Truck473603,3121,2436,1955,2218,263
Truck473907,2655,2998,2040,2218,178
Truck474018,3122,3239,2070,2218,148
Truck472919,3121,1338,1765,2219,454
Truck473159,2224,3238,1830,2219,389
Truck473535,2436,2437,1935,2219,284
Truck473607,2436,3121,1955,2219,264
Truck473675,3121,2821,1975,2219,244
Truck473730,3122,3121,1990,2219,229
Truck473909,3121,2225,2040,2219,179
Truck474250,2999,2437,2135,2219,84
Truck474135,2821,2224,2100,2220,120
Truck474303,2655,3331,2150,2220,70
Truck473211,2436,1339,1845,2221,376
Truck473507,2998,0,1925,2221,296
Truck473890,2999,2655,2035,2221,186
Truck474296,2656,2436,2145,2221,76
Truck473011,3238,2436,1790,2222,432
Truck473946,3122,2999,2050,2222,172
Truck474526,1339,0,2210,2222,12
Truck473480,2225,2224,1920,2223,303
Truck473693,3121,3239,1980,2224,244
Truck473748,3122,3121,1995,2224,229
Truck474100,2822,2225,2090,2224,134
Truck474438,3239,2655,2185,2224,39
Truck473944,2999,1339,2050,2225,175
Truck474149,2224,2821,2105,2225,120
Truck474240,3239,2821,2130,2225,95
Truck472862,2437,1338,1750,2226,476
Truck473229,2436,1339,1850,2226,376
Truck473525,2998,0,1930,2226,296
Truck473534,2225,1339,1935,2226,291
Truck473947,3238,3239,2050,2226,176
Truck474558,3122,1339,2220,2226,6
Truck472501,1338,0,1650,2227,577
Truck472546,1339,1338,1660,2227,567
Truck473193,2436,3331,1840,2227,387
Truck474117,2821,2436,2095,2227,132
Truck474334,2822,2998,2155,2227,72
Truck474544,1339,0,2215,2227,12
Truck474456,3239,2656,2190,2228,38
Truck472951,1338,3121,1775,2229,454
Truck473734,1339,2822,1990,2229,239
Truck473948,2225,3121,2050,2229,179
Truck473579,2998,1339,1945,2230,285
Truck473688,0,2822,1980,2231,251
Truck473691,2655,2224,1980,2231,251
Truck473699,2224,2655,1980,2231,251
Truck473740,2822,3122,1990,2231,241
Truck473969,2224,2656,2055,2231,176
Truck474086,2437,3121,2090,2231,141
Truck474332,2656,1338,2155,2231,76
Truck474583,3331,2656,2225,2231,6
Truck472519,1338,0,1655,2232,577
Truck473202,0,2436,1845,2232,387
Truck473568,3122,2998,1945,2232,287
Truck474405,2821,2656,2175,2232,57
Truck472518,0,1338,1655,2233,578
Truck473975,2998,2225,2055,2233,178
Truck472969,1338,3121,1780,2234,454
Truck473729,3121,3239,1990,2234,244
Truck473784,3122,3121,2005,2234,229
Truck473649,2821,3238,1965,2235,270
Truck473721,2821,0,1985,2235,250
Truck473758,2822,1339,1995,2235,240
Truck474185,2224,2821,2115,2235,120
Truck474357,2655,3331,2165,2235,70
Truck473311,1338,2436,1875,2236,361
Truck473717,2224,1338,1985,2236,251
Truck473943,2655,2999,2050,2236,186
Truck474403,3331,2821,2175,2237,62
Truck472537,1338,2998,1660,2238,578
Truck473993,2998,2999,2060,2238,178
Truck474127,3238,2655,2100,2238,138
Truck474510,3239,3331,2205,2238,33
Truck473220,0,2436,1850,2239,389
Truck473747,3121,2821,1995,2239,244
Truck474248,2437,2224,2135,2239,104
Truck474492,3239,2436,2200,2239,39
Truck474385,3331,1338,2170,2240,70
Truck473590,1339,2225,1950,2241,291
Truck473635,1338,2225,1965,2241,276
Truck474005,2224,2656,2065,2241,176
Truck474570,0,3122,2225,2241,16
Truck473085,2436,3238,1810,2242,432
Truck473247,2436,0,1855,2242,387
Truck473552,2225,0,1940,2242,302
Truck472555,1338,2821,1665,2243,578
Truck472557,2655,1338,1665,2243,578
Truck473544,0,2225,1940,2243,303
Truck474011,2998,2999,2065,2243,178
Truck474172,2822,2655,2110,2243,133
Truck474278,2656,2998,2140,2243,103
Truck473765,3121,2224,2000,2244,244
Truck474266,2437,2656,2140,2244,104
Truck473265,2436,0,1860,2246,386
Truck473597,2998,0,1950,2246,296
Truck473753,2224,2999,1995,2246,251
Truck473980,2999,0,2060,2246,186
Truck474386,2656,2437,2170,2246,76
Truck474495,2821,2998,2200,2246,46
Truck474638,2656,3331,2240,2246,6
Truck473224,2999,1338,1850,2247,397
Truck473407,3238,2225,1900,2247,347
Truck473660,2225,1338,1970,2247,277
Truck474189,2821,1338,2115,2247,132
Truck474328,1339,2437,2155,2247,92
Truck474439,3331,2821,2185,2247,62
Truck473989,3331,0,2060,2248,188
Truck474029,2998,1338,2070,2248,178
Truck474163,3238,2655,2110,2248,138
Truck473267,2224,3238,1860,2249,389
Truck473783,3121,2655,2005,2249,244
Truck473812,2822,1339,2010,2249,239
Truck474020,2225,3121,2070,2249,179
Truck474284,2437,2655,2145,2249,104
Truck473695,3238,2821,1980,2250,270
Truck474034,2999,1339,2075,2250,175
Truck474330,3239,2821,2155,2250,95
Truck474421,3331,2999,2180,2250,70
Truck473998,2999,2998,2065,2251,186
Truck474404,2656,3121,2175,2251,76
Truck473640,3122,2998,1965,2252,287
Truck474459,2821,3331,2190,2252,62
Truck474208,2822,1338,2120,2253,133
Truck473285,2224,3238,1865,2254,389
Truck474302,2437,2656,2150,2254,104
Truck474546,3239,3121,2215,2254,39
Truck473662,1339,2998,1970,2255,285
Truck474261,2821,2224,2135,2255,120
Truck474348,3239,2821,2160,2255,95
Truck473137,3238,2436,1825,2256,431
Truck474016,2999,2655,2070,2256,186
Truck474168,3239,1339,2110,2256,146
Truck474380,2225,2436,2170,2256,86
Truck474422,2656,2655,2180,2256,76
Truck473301,2436,2998,1870,2257,387
Truck474226,2822,2225,2125,2257,132
Truck474442,2822,2998,2185,2257,72
Truck472453,3238,1338,1635,2258,623
Truck472608,0,1338,1680,2258,578
Truck472609,1338,2655,1680,2258,578
Truck472663,1338,3122,1695,2258,563
Truck473411,2224,1339,1900,2258,358
Truck473606,2225,2821,1955,2258,303
Truck474061,3331,3122,2080,2258,178
Truck474065,2998,1338,2080,2258,178
Truck474162,3122,3239,2110,2258,148
Truck474199,3238,2655,2120,2258,138
Truck473295,2655,2436,1870,2259,389
Truck473814,0,3121,2015,2259,244
Truck474053,3121,2225,2080,2259,179
Truck474320,2437,2821,2155,2259,104
Truck474487,3238,1339,2200,2259,59
Truck473672,2437,2436,1975,2260,285
Truck473875,3238,2999,2030,2260,230
Truck474457,3331,2437,2190,2260,70
Truck474077,2224,2656,2085,2261,176
Truck474088,2999,3122,2090,2261,171
Truck473278,2999,1338,1865,2262,397
Truck473848,2822,3122,2020,2262,242
Truck474670,1339,0,2250,2262,12
Truck472627,1338,2655,1685,2263,578
Truck473616,0,2225,1960,2263,303
Truck474176,2437,3238,2115,2263,148
Truck474244,2822,2436,2130,2263,133
Truck474339,2655,2437,2160,2263,103
Truck474584,2656,3239,2225,2263,38
Truck473835,2655,3121,2020,2264,244
Truck473837,3121,2822,2020,2264,244
Truck474455,2224,2822,2190,2264,74
Truck474582,3239,2999,2225,2264,39
Truck473893,3238,2999,2035,2265,230
Truck474282,0,2655,2145,2265,120
Truck474297,2821,2224,2145,2265,120
Truck474475,3331,2225,2195,2265,70
Truck473985,2436,2999,2060,2266,206
Truck474052,2999,2822,2080,2266,186
Truck474091,3238,3239,2090,2266,176
Truck474095,2224,2656,2090,2266,176
Truck474212,2437,3121,2125,2266,141
Truck474660,0,3122,2250,2266,16
Truck473337,2436,2656,1880,2267,387
Truck474108,3122,2999,2095,2267,172
Truck474249,2655,2822,2135,2267,132
Truck474290,2225,2999,2145,2267,122
Truck472645,1338,2655,1690,2268,578
Truck473634,0,2225,1965,2268,303
Truck474194,2437,3238,2120,2268,148
Truck474235,3238,2655,2130,2268,138
Truck473910,3122,3121,2040,2269,229
Truck474048,0,3331,2080,2269,189
Truck474356,2437,3331,2165,2269,104
Truck474430,2999,2437,2185,2269,84
Truck473445,2436,1338,1910,2270,360
Truck474315,2821,2224,2150,2270,120
Truck473696,2225,1339,1980,2271,291
Truck473391,2436,1339,1895,2272,377
Truck473655,2655,2225,1970,2272,302
Truck473914,1339,3121,2040,2272,232
Truck473355,2436,3331,1885,2273,388
Truck473873,3121,0,2030,2273,243
Truck474007,3331,3238,2065,2273,208
Truck474119,2998,3121,2095,2273,178
Truck474280,2822,3121,2140,2273,133
Truck474620,2656,3239,2235,2273,38
Truck474541,3238,1339,2215,2274,59
Truck474618,3239,1338,2235,2274,39
Truck473465,2224,3122,1915,2275,360
Truck473929,3238,2999,2045,2275,230
Truck473373,2436,0,1890,2276,386
Truck473861,2224,2225,2025,2276,251
Truck474702,3122,0,2260,2276,16
Truck474738,3122,1339,2270,2276,6
Truck474113,2224,3331,2095,2277,182
Truck474132,3239,3238,2100,2277,177
Truck474285,2655,2822,2145,2277,132
Truck474298,2822,2225,2145,2277,132
Truck474514,2822,2998,2205,2277,72
Truck474539,3121,2999,2215,2277,62
Truck474566,2656,2822,2220,2277,57
Truck473678,2225,3239,1975,2278,303
Truck472740,3122,1338,1715,2279,564
Truck473131,1338,3121,1825,2279,454
Truck473891,3121,2656,2035,2279,244
Truck473919,2821,1339,2040,2279,239
Truck474392,2437,2655,2175,2279,104
Truck474636,3239,2436,2240,2279,39
Truck474056,2225,2437,2080,2280,200
Truck474529,3331,2437,2210,2280,70
Truck474106,2999,2656,2095,2281,186
Truck474152,2656,2224,2105,2281,176
Truck474512,2656,3121,2205,2281,76
Truck474623,2998,2821,2235,2281,46
Truck474532,2822,2998,2210,2282,72
Truck474742,1339,0,2270,2282,12
Truck472699,1338,2998,1705,2283,578
Truck473501,2224,1339,1925,2283,358
Truck473749,3238,3121,1995,2283,288
Truck474134,2656,3122,2100,2284,184
Truck473659,3238,2998,1970,2285,315
Truck473770,1339,2998,2000,2285,285
Truck474547,3331,2225,2215,2285,70
Truck472753,1338,1339,1720,2286,566
Truck473897,2224,2225,2035,2286,251
Truck474124,2999,2224,2100,2286,186
Truck474774,3122,1339,2280,2286,6
Truck474782,2656,3331,2280,2286,6
Truck473409,2436,2821,1900,2287,387
Truck473938,2822,3122,2045,2287,242
Truck472717,1338,2656,1710,2288,578
Truck474166,1339,3331,2110,2288,178
Truck474440,2656,2998,2185,2288,103
Truck474690,3239,3331,2255,2288,33
Truck474428,2437,2656,2185,2289,104
Truck474796,1339,3122,2285,2289,4
Truck473464,1339,2436,1915,2290,375
Truck473677,3238,2998,1975,2290,315
Truck474565,3331,2655,2220,2290,70
Truck473427,2436,2224,1905,2291,386
Truck473915,2224,2225,2040,2291,251
Truck474070,2999,2436,2085,2291,206
Truck474142,2999,2655,2105,2291,186
Truck474548,2656,2437,2215,2291,76
Truck473786,2225,3122,2005,2292,287
Truck473981,3121,1339,2060,2292,232
Truck474351,2821,2655,2160,2292,132
Truck474594,3122,3238,2230,2292,62
Truck474603,2821,3331,2230,2292,62
Truck472735,1338,2656,1715,2293,578
Truck473732,2225,3239,1990,2293,303
Truck474079,3331,3238,2085,2293,208
Truck474191,2998,1338,2115,2293,178
Truck474294,3239,3122,2145,2293,148
Truck473940,0,3121,2050,2294,244
Truck473945,3121,2224,2050,2294,244
Truck474060,3239,2224,2080,2294,214
Truck474446,2437,3331,2190,2294,104
Truck474520,2999,2437,2210,2294,84
Truck474577,3238,0,2225,2295,70
Truck473114,2437,1338,1820,2296,476
Truck473482,1339,2436,1920,2296,376
Truck474160,2999,0,2110,2296,186
Truck474818,2656,3331,2290,2296,6
Truck473588,2225,3238,1950,2297,347
Truck473750,2225,0,1995,2297,302
Truck473840,2225,1338,2020,2297,277
Truck474017,3121,3122,2070,2298,228
Truck474209,2998,2655,2120,2298,178
Truck473963,3121,2224,2055,2299,244
Truck474188,2656,3122,2115,2299,184
Truck474220,1339,2999,2125,2299,174
Truck474464,2437,2224,2195,2299,104
Truck474708,3239,2436,2260,2299,39
Truck473499,2436,1339,1925,2300,375
Truck473824,1339,2998,2015,2300,285
Truck473992,2822,1339,2060,2300,240
Truck474122,2437,2225,2100,2300,200
Truck473463,2436,2822,1915,2301,386
Truck473951,2224,2436,2050,2301,251
Truck474178,2999,2822,2115,2301,186
Truck474224,2656,2224,2125,2301,176
Truck474338,2437,3121,2160,2301,141
Truck472816,1339,1338,1735,2302,567
Truck473454,0,2436,1915,2302,387
Truck474234,3122,2999,2130,2302,172
Truck474745,3331,3239,2270,2302,32
Truck474747,2821,2822,2270,2302,32
Truck472771,1338,2821,1725,2303,578
Truck473768,2225,2224,2000,2303,303
Truck473821,3238,3121,2015,2303,288
Truck474465,2655,1339,2195,2303,108
Truck474479,2998,3331,2195,2303,108
Truck474480,0,2437,2200,2303,103
Truck474494,2656,2998,2200,2303,103
Truck474218,2225,3121,2125,2304,179
Truck474599,2224,2998,2230,2304,74
Truck474726,3239,2655,2265,2304,39
Truck473849,2998,1339,2020,2305,285
Truck474146,2225,2437,2105,2305,200
Truck474198,3122,2656,2120,2305,185
Truck474426,0,2655,2185,2305,120
Truck474468,3122,2655,2195,2305,110
Truck474619,3331,1338,2235,2305,70
Truck473319,2436,3238,1875,2306,431
Truck473481,2436,2822,1920,2306,386
Truck474196,2999,2655,2120,2306,186
Truck474242,2656,2224,2130,2306,176
Truck474810,3122,0,2290,2306,16
Truck473440,2999,1338,1910,2307,397
Truck473518,1339,2436,1930,2307,377
Truck474241,3331,1339,2130,2307,177
Truck474536,2437,1339,2215,2307,92
Truck474622,2822,2224,2235,2307,72
Truck473999,3121,0,2065,2308,243
Truck474300,0,3239,2150,2308,158
Truck474406,2822,2655,2175,2308,133
Truck474744,3239,2656,2270,2308,38
Truck474766,2822,2821,2275,2308,33
Truck474236,2225,3121,2130,2309,179
Truck474500,2437,2655,2205,2309,104
Truck474868,1339,3122,2305,2309,4
Truck473532,3122,2436,1935,2310,375
Truck474631,3238,0,2240,2310,70
Truck474637,3331,2225,2240,2310,70
Truck474214,2999,2655,2125,2311,186
Truck474260,2656,2224,2135,2311,176
Truck474270,3122,2999,2140,2312,172
Truck474411,2655,2822,2180,2312,132
Truck474693,2821,2656,2255,2312,57
Truck472807,1338,3331,1735,2313,578
Truck473804,2225,2656,2010,2313,303
Truck473855,3121,3238,2025,2313,288
Truck474263,2998,2436,2135,2313,178
Truck474753,2655,3239,2275,2313,38
Truck473608,1339,2224,1955,2314,359
Truck474424,2822,3121,2180,2314,134
Truck474518,2437,2998,2210,2314,104
Truck473994,0,2822,2065,2315,250
Truck474268,2999,1339,2140,2315,175
Truck474462,0,2655,2195,2315,120
Truck474564,3239,2821,2220,2315,95
Truck474655,3331,2999,2245,2315,70
Truck473885,2998,3122,2030,2316,286
Truck474228,0,2999,2130,2316,186
Truck473822,2225,0,2015,2317,302
Truck474288,3122,2999,2145,2317,172
Truck474441,2821,1338,2185,2317,132
Truck474711,2821,2656,2260,2317,57
Truck474799,3331,3239,2285,2317,32
Truck472825,1338,2821,1740,2318,578
Truck472879,1338,3122,1755,2318,563
Truck474089,3121,3122,2090,2318,228
Truck474145,3238,2656,2105,2318,213
Truck474712,2822,2656,2260,2318,58
Truck474035,3121,2821,2075,2319,244
Truck474090,3122,3121,2090,2319,229
Truck474780,3239,2999,2280,2319,39
Truck473896,1339,2998,2035,2320,285
Truck474425,2998,3239,2180,2320,140
Truck474023,2224,3121,2070,2321,251
Truck473892,3122,2998,2035,2322,287
Truck473930,2225,1338,2045,2322,277
Truck472681,1338,3238,1700,2323,623
Truck474354,0,3239,2165,2323,158
Truck474626,2437,2999,2240,2323,83
Truck473609,2224,0,1955,2324,369
Truck474501,2655,0,2205,2324,119
Truck474537,2655,3122,2215,2324,109
Truck474554,2437,2224,2220,2324,104
Truck474798,3239,2225,2285,2324,39
Truck474304,2999,1339,2150,2325,175
Truck474600,3239,2821,2230,2325,95
Truck474633,2436,2225,2240,2325,85
Truck474681,2655,3331,2255,2325,70
Truck474691,3331,2999,2255,2325,70
Truck474674,2656,2436,2250,2326,76
Truck474695,2998,2822,2255,2326,71
Truck472861,1338,2655,1750,2328,578
Truck473663,2224,1339,1970,2328,358
Truck474410,2437,3238,2180,2328,148
Truck474420,3239,3122,2180,2328,148
Truck474562,1339,2655,2220,2328,108
Truck474746,2656,2822,2270,2328,58
Truck473555,2224,3238,1940,2329,389
Truck474066,0,3121,2085,2329,244
Truck474071,3121,2655,2085,2329,244
Truck474816,3239,2999,2290,2329,39
Truck474709,3331,2437,2260,2330,70
Truck474286,2999,2656,2145,2331,186
Truck474801,2821,2998,2285,2331,46
Truck473571,2436,0,1945,2333,388
Truck473876,2225,2224,2030,2333,303
Truck473928,3122,2225,2045,2333,288
Truck474295,3331,0,2145,2333,188
Truck474335,2998,1338,2155,2333,178
Truck474432,3122,3239,2185,2333,148
Truck473680,1339,2224,1975,2334,359
Truck474314,2656,3122,2150,2334,184
Truck474496,2822,2437,2200,2334,134
Truck474717,2655,3331,2265,2335,70
Truck474727,3331,2999,2265,2335,70
Truck474358,2999,3122,2165,2336,171
Truck474819,2821,2998,2290,2336,46
Truck473589,2436,2822,1950,2337,387
Truck474331,3331,2224,2155,2337,182
Truck474513,2821,3121,2205,2337,132
Truck472897,1338,3331,1760,2338,578
Truck473671,1338,2436,1975,2338,363
Truck473886,0,2225,2035,2338,303
Truck473894,2225,2821,2035,2338,303
Truck474346,1339,3331,2160,2338,178
Truck473351,3121,1338,1885,2339,454
Truck474105,2655,3121,2095,2339,244
Truck474364,1339,2999,2165,2339,174
Truck474608,2437,3239,2235,2339,104
Truck474666,3122,2437,2250,2339,89
Truck474852,3239,2655,2300,2339,39
Truck473275,1338,2437,1865,2340,475
Truck473643,2436,1339,1965,2340,375
Truck473857,3238,2998,2025,2340,315
Truck474324,3122,2656,2155,2340,185
Truck474136,2822,1339,2100,2341,241
Truck474728,2656,2655,2265,2341,76
Truck474367,3331,1339,2165,2342,177
Truck474531,2821,3121,2210,2342,132
Truck474686,2225,2436,2255,2342,87
Truck472915,1338,2998,1765,2343,578
Truck473904,0,2225,2040,2343,303
Truck474469,3238,2437,2195,2343,148
Truck474616,1339,2655,2235,2343,108
Truck474641,2998,2656,2240,2343,103
Truck473716,1339,2224,1985,2344,359
Truck474123,2655,3121,2100,2344,244
Truck474125,3121,2224,2100,2344,244
Truck474609,2655,3122,2235,2344,109
Truck474700,2999,2437,2260,2344,84
Truck474743,2224,2822,2270,2344,74
Truck474749,2998,2224,2270,2344,74
Truck474585,2821,2224,2225,2345,120
Truck474763,3331,2655,2275,2345,70
Truck474340,2999,3331,2160,2346,186
Truck474750,0,3238,2275,2346,71
Truck472978,1339,1338,1780,2347,567
Truck473625,2436,0,1960,2347,387
Truck474179,3121,1339,2115,2347,232
Truck474792,3122,3238,2285,2347,62
Truck472933,1338,2998,1770,2348,578
Truck474277,3331,3238,2140,2348,208
Truck474382,1339,3331,2170,2348,178
Truck474716,2437,2999,2265,2348,83
Truck473623,3238,2224,1960,2349,389
Truck474368,2656,3122,2165,2349,184
Truck474550,2822,2655,2215,2349,134
Truck474644,2437,2998,2245,2349,104
Truck473735,2224,3122,1990,2350,360
Truck474360,3122,2656,2165,2350,185
Truck474378,3122,3331,2170,2350,180
Truck474131,2224,3121,2100,2351,251
Truck474401,2224,2656,2175,2351,176
Truck474768,0,3238,2280,2351,71
Truck474972,3122,0,2335,2351,16
Truck474474,3239,0,2195,2352,157
Truck474555,2655,2821,2220,2352,132
Truck474568,2822,2225,2220,2353,133
Truck474734,2437,2999,2270,2353,83
Truck474161,3121,2822,2110,2354,244
Truck474906,3239,1338,2315,2354,39
Truck473706,0,2224,1985,2355,370
Truck473661,2436,2655,1970,2356,386
Truck474002,2225,1339,2065,2356,291
Truck474372,0,2999,2170,2356,186
Truck474376,2999,2224,2170,2356,186
Truck474990,3122,0,2340,2356,16
Truck475026,3122,1339,2350,2356,6
Truck474573,2655,2822,2225,2357,132
Truck474837,2821,3331,2295,2357,62
Truck475002,0,1339,2345,2357,12
Truck474400,1339,2656,2175,2358,183
Truck474586,2822,2225,2225,2358,133
Truck474692,2656,2998,2255,2358,103
Truck473652,0,2436,1970,2359,389
Truck474680,2437,2998,2255,2359,104
Truck474730,2822,3239,2265,2359,94
Truck474797,2224,2822,2285,2359,74
Truck474838,2822,3331,2295,2359,64
Truck474924,3239,2655,2320,2359,39
Truck473939,2998,3238,2045,2360,315
Truck474396,3122,2656,2175,2360,185
Truck474817,3331,3121,2290,2360,70
Truck474167,2224,2999,2110,2361,251
Truck474232,2999,3238,2130,2361,231
Truck474394,2999,2998,2175,2361,186
Truck474800,2656,2436,2285,2361,76
Truck474821,2998,2822,2290,2361,71
Truck474450,3122,2999,2190,2362,172
Truck474873,2821,2656,2305,2362,57
Truck472987,1338,2822,1785,2363,578
Truck472989,2655,1338,1785,2363,578
Truck473673,2655,2436,1975,2363,388
Truck473679,2436,0,1975,2363,388
Truck473984,2225,3331,2060,2363,303
Truck474037,3238,3121,2075,2363,288
Truck474322,2999,2436,2155,2363,208
Truck474436,1339,3331,2185,2363,178
Truck474443,2998,2225,2185,2363,178
Truck474604,2822,2225,2230,2363,133
Truck474688,1339,2655,2255,2363,108
Truck474696,0,2437,2260,2363,103
Truck474195,2655,3121,2120,2364,244
Truck474312,3239,2224,2150,2364,214
Truck474645,2655,0,2245,2364,119
Truck474815,2224,2998,2290,2364,74
Truck474942,3239,2436,2325,2364,39
Truck473957,2998,3238,2050,2365,315
Truck474225,2821,3122,2125,2365,240
Truck474835,3331,2437,2295,2365,70
Truck474865,3238,3122,2305,2365,60
Truck474458,2656,2224,2190,2366,176
Truck474839,2998,2822,2295,2366,71
Truck473005,1338,0,1790,2367,577
Truck473697,2436,3239,1980,2367,387
Truck474621,2821,2655,2235,2367,132
Truck474054,3122,2225,2080,2368,288
Truck474461,2998,2655,2190,2368,178
Truck474559,3238,2437,2220,2368,148
Truck474143,3121,2436,2105,2369,264
Truck474215,3121,3239,2125,2369,244
Truck474663,2655,0,2250,2369,119
Truck474833,2224,2998,2295,2369,74
Truck473383,1338,2437,1895,2370,475
Truck474207,2821,0,2120,2370,250
Truck474374,2437,2225,2170,2370,200
Truck474853,3331,1338,2300,2370,70
Truck473553,2436,3238,1940,2371,431
Truck473715,2436,3239,1985,2371,386
Truck473751,2436,1339,1995,2371,376
Truck473752,1339,2436,1995,2371,376
Truck474058,1339,2225,2080,2371,291
Truck474203,2224,2999,2120,2371,251
Truck474836,2656,2999,2295,2371,76
Truck474945,2821,2998,2325,2371,46
Truck474110,2225,1338,2095,2372,277
Truck474639,2821,2655,2240,2372,132
Truck474640,2822,2437,2240,2372,132
Truck473797,1338,2436,2010,2373,363
Truck474572,2437,3238,2225,2373,148
Truck474231,2655,3121,2130,2374,244
Truck474233,3121,3239,2130,2374,244
Truck474467,3121,2225,2195,2374,179
Truck474978,3239,1338,2335,2374,39
Truck475102,1339,3122,2370,2374,4
Truck474678,0,2655,2255,2375,120
Truck474221,2224,2999,2125,2376,251
Truck474448,2999,3331,2190,2376,186
Truck474502,2999,3122,2205,2376,171
Truck473733,2436,2224,1990,2377,387
Truck473823,2436,1338,2015,2377,362
Truck474154,2822,3238,2105,2377,272
Truck474287,3121,1339,2145,2377,232
Truck474657,2821,2437,2245,2377,132
Truck473040,0,1338,1800,2378,578
Truck473041,1338,2998,1800,2378,578
Truck473043,2655,1338,1800,2378,578
Truck474038,2225,2821,2075,2378,303
Truck474476,2656,1339,2195,2378,183
Truck474658,2822,1338,2245,2378,133
Truck474246,0,3121,2135,2379,244
Truck474508,1339,2999,2205,2379,174
Truck474699,2655,0,2260,2379,119
Truck474735,2655,3122,2270,2379,109
Truck474752,2437,2656,2275,2379,104
Truck474171,2821,3238,2110,2380,270
Truck474274,1339,2821,2140,2380,240
Truck474307,3238,2999,2150,2380,230
Truck474486,3122,3331,2200,2380,180
Truck474910,2822,3331,2315,2380,65
Truck474239,2224,2436,2130,2381,251
Truck474466,2999,2821,2195,2381,186
Truck474872,2656,3121,2305,2381,76
Truck474983,2998,2821,2335,2381,46
Truck475080,3122,0,2365,2381,16
Truck474493,3331,2224,2200,2382,182
Truck474675,2821,2437,2250,2382,132
Truck474892,2822,2998,2310,2382,72
Truck474107,3121,3238,2095,2383,288
Truck474515,2998,2437,2205,2383,178
Truck474785,2998,2656,2280,2383,103
Truck473118,3122,1338,1820,2384,564
Truck474264,0,3121,2140,2384,244
Truck474269,3121,2224,2140,2384,244
Truck474770,2437,2655,2280,2384,104
Truck474828,3122,2437,2295,2384,89
Truck474897,2655,3331,2315,2385,70
Truck474907,3331,2655,2315,2385,70
Truck473769,2436,2998,2000,2386,386
Truck473859,2436,1338,2025,2386,361
Truck474484,2999,2822,2200,2386,186
Truck474634,1339,3239,2240,2386,146
Truck474890,2656,2999,2310,2386,76
Truck474262,2822,0,2135,2387,252
Truck474528,3239,3238,2210,2387,177
Truck474943,3331,2821,2325,2387,62
Truck473077,1338,2224,1810,2388,578
Truck474074,2225,2655,2085,2388,303
Truck474533,2998,2655,2210,2388,178
Truck474588,0,3239,2230,2388,158
Truck474630,3122,3239,2240,2388,148
Truck474694,2822,2999,2255,2388,133
Truck474786,0,2437,2285,2388,103
Truck473136,3122,1338,1825,2389,564
Truck473527,1338,3121,1935,2389,454
Truck474788,2437,2224,2285,2389,104
Truck474316,2822,1339,2150,2390,240
Truck474504,3122,2656,2205,2390,185
Truck474915,2655,3331,2320,2390,70
Truck474275,2224,2437,2140,2391,251
Truck474654,3239,1339,2245,2391,146
Truck474867,2436,2225,2305,2391,86
Truck474908,2656,1338,2315,2391,76
Truck473787,2436,2822,2005,2392,387
Truck474842,2437,1339,2300,2392,92
Truck473095,1338,3331,1815,2393,578
Truck474084,0,2225,2090,2393,303
Truck474092,2225,2655,2090,2393,303
Truck474511,3331,0,2205,2393,188
Truck474551,2998,2225,2215,2393,178
Truck474305,3121,3331,2150,2394,244
Truck474855,2821,3239,2300,2394,94
Truck473641,3238,2436,1965,2396,431
Truck474193,1338,2225,2120,2396,276
Truck474293,2224,2437,2145,2396,251
Truck474672,3239,1339,2250,2396,146
Truck474926,2656,2655,2320,2396,76
Truck473805,2436,3331,2010,2397,387
Truck474120,0,2998,2100,2397,297
Truck474729,2821,2225,2265,2397,132
Truck474860,2437,1339,2305,2397,92
Truck473799,2655,2436,2010,2398,388
Truck474251,3121,2436,2135,2398,263
Truck474569,2998,2999,2220,2398,178
Truck474662,2437,3238,2250,2398,148
Truck474580,1339,2999,2225,2399,174
Truck474824,2437,2655,2295,2399,104
Truck473856,3122,2436,2025,2400,375
Truck474083,2998,3238,2085,2400,315
Truck474951,2655,3331,2330,2400,70
Truck474955,3238,0,2330,2400,70
Truck474155,2998,0,2105,2401,296
Truck474311,2224,2437,2150,2401,251
Truck474538,2999,0,2215,2401,186
Truck474944,2656,3121,2325,2401,76
Truck473817,2655,2436,2015,2402,387
Truck474342,3122,2821,2160,2402,242
Truck475017,2821,2656,2345,2402,57
Truck474128,2225,2821,2100,2403,303
Truck474684,3122,3239,2255,2403,148
Truck474748,2822,3121,2270,2403,133
Truck474840,0,2437,2300,2403,103
Truck474854,2656,2998,2300,2403,103
Truck473825,2224,3238,2015,2404,389
Truck474336,0,3121,2160,2404,244
Truck474341,3121,2822,2160,2404,244
Truck474965,2998,2224,2330,2404,74
Truck475000,2822,3331,2340,2404,64
Truck475086,3239,2655,2365,2404,39
Truck474506,2225,2437,2205,2405,200
Truck474888,3239,2821,2310,2405,95
Truck474979,3331,2225,2335,2405,70
Truck473510,2437,1338,1930,2406,476
Truck473878,1339,2436,2030,2406,376
Truck474173,2998,0,2110,2406,296
Truck474318,0,2822,2155,2406,251
Truck474321,2655,2224,2155,2406,251
Truck474329,2224,2999,2155,2406,251
Truck474595,3238,3239,2230,2406,176
Truck474719,3121,2437,2265,2406,141
Truck475034,2656,2822,2350,2406,56
Truck473841,2436,3239,2020,2407,387
Truck474141,2655,2225,2105,2407,302
Truck473149,1338,2224,1830,2408,578
Truck474197,3121,3238,2120,2408,288
Truck474601,3331,3122,2230,2408,178
Truck474739,3238,2655,2270,2408,138
Truck474861,2655,2437,2305,2408,103
Truck475036,2822,2656,2350,2408,58
Truck473208,3122,1338,1845,2409,564
Truck475104,3239,3121,2370,2409,39
Truck474109,3238,2998,2095,2410,315
Truck474247,1338,2225,2135,2411,276
Truck474347,2224,2999,2160,2411,251
Truck474412,2999,3238,2180,2411,231
Truck474574,2999,3331,2225,2411,186
Truck474613,3238,3239,2235,2411,176
Truck474980,2656,2655,2335,2411,76
Truck474254,2225,1338,2135,2412,277
Truck474418,1339,3121,2180,2412,232
Truck474783,2821,2999,2280,2412,132
Truck474812,2225,2999,2290,2412,122
Truck473167,1338,3331,1835,2413,578
Truck473221,1338,3122,1850,2413,563
Truck473850,0,2436,2025,2413,388
Truck474164,2225,2224,2110,2413,303
Truck474602,2656,1339,2230,2413,183
Truck474721,3238,2437,2265,2413,148
Truck473968,1339,2224,2055,2414,359
Truck474375,2655,3121,2170,2414,244
Truck474377,3121,2656,2170,2414,244
Truck474878,2437,2998,2310,2414,104
Truck474995,2224,2822,2340,2414,74
Truck473922,0,2224,2045,2415,370
Truck474137,2998,3238,2100,2415,315
Truck474370,2822,0,2165,2415,250
Truck475015,3331,2436,2345,2415,70
Truck473877,2436,2655,2030,2416,386
Truck474365,2224,1338,2165,2416,251
Truck474591,2655,2999,2230,2416,186
Truck474592,2999,2822,2230,2416,186
Truck475107,2821,2998,2370,2416,46
Truck473931,2436,3122,2045,2417,372
Truck474019,3238,2225,2070,2417,347
Truck474431,3121,1339,2185,2417,232
Truck473185,1338,3331,1840,2418,578
Truck474505,3238,2656,2205,2418,213
Truck474523,3238,3331,2210,2418,208
Truck474879,2655,1339,2310,2418,108
Truck474889,3331,2998,2310,2418,108
Truck474393,2655,3121,2175,2419,244
Truck474395,3121,2998,2175,2419,244
Truck474802,2822,2225,2285,2419,134
Truck475013,2224,2998,2345,2419,74
Truck473895,2436,2822,2035,2421,386
Truck474383,2224,2437,2170,2421,251
Truck474414,3122,2822,2180,2421,241
Truck474610,2999,2655,2235,2421,186
Truck475246,1339,0,2410,2422,12
Truck473203,1338,3331,1845,2423,578
Truck474200,2225,2822,2120,2423,303
Truck474530,2656,3238,2210,2423,213
Truck474659,2998,2999,2245,2423,178
Truck474413,3121,2655,2180,2424,244
Truck474914,2437,2656,2320,2424,104
Truck474628,2999,2822,2240,2426,186
Truck473872,2999,1338,2030,2427,397
Truck474673,3331,3122,2250,2428,178
Truck474930,0,2437,2325,2428,103
Truck473987,2224,0,2060,2429,369
Truck474624,0,3331,2240,2429,189
Truck474932,2437,3239,2325,2429,104
Truck475176,3239,2999,2390,2429,39
Truck474590,2437,2225,2230,2430,200
Truck474648,3122,2656,2245,2430,185
Truck475069,3331,2437,2360,2430,70
Truck473767,3238,2436,2000,2431,431
Truck474021,2436,1338,2070,2431,361
Truck474352,2822,3238,2160,2431,271
Truck475052,2656,3121,2355,2431,76
Truck475073,2998,2822,2360,2431,71
Truck475260,3122,0,2415,2431,16
Truck474762,3239,0,2275,2432,157
Truck474884,2225,2999,2310,2432,122
Truck473239,1338,2998,1855,2433,578
Truck475212,3239,3331,2400,2433,33
Truck474040,1339,2224,2075,2434,359
Truck474309,2436,2437,2150,2434,284
Truck474449,3121,2821,2190,2434,244
Truck474856,2822,2437,2300,2434,134
Truck474477,2821,3122,2195,2435,240
Truck474478,2822,1339,2195,2435,240
Truck474614,2225,2437,2235,2435,200
Truck474936,3122,2655,2325,2435,110
Truck475087,3331,3121,2365,2435,70
Truck474292,1339,2225,2145,2436,291
Truck474437,2224,2436,2185,2436,251
Truck475070,2656,3121,2360,2436,76
Truck475074,0,3238,2365,2436,71
Truck474874,2822,3121,2305,2437,132
Truck475090,2822,2224,2365,2437,72
Truck475116,3122,3238,2375,2437,62
Truck475142,2656,2821,2380,2437,57
Truck475300,1339,0,2425,2437,12
Truck473257,1338,2655,1860,2438,578
Truck474059,2224,1339,2080,2438,358
Truck474490,1339,2822,2200,2438,238
Truck474521,3121,3122,2210,2438,228
Truck474806,2437,3238,2290,2438,148
Truck474961,3331,2998,2330,2438,108
Truck475230,3239,3331,2405,2438,33
Truck474968,2437,2224,2335,2439,104
Truck474387,2821,3238,2170,2440,270
Truck474388,2822,3238,2170,2440,270
Truck475105,3331,1338,2370,2440,70
Truck474444,0,2822,2190,2441,251
Truck474460,2822,0,2190,2441,251
Truck474682,2999,3331,2255,2441,186
Truck475088,2656,2436,2365,2441,76
Truck475296,3122,0,2425,2441,16
Truck473320,1339,1338,1875,2442,567
Truck474272,2225,0,2140,2442,302
Truck474891,2821,2999,2310,2442,132
Truck475308,0,1339,2430,2442,12
Truck473113,1338,3238,1820,2443,623
Truck473958,0,2436,2055,2443,388
Truck473967,2436,2821,2055,2443,388
Truck474325,3238,3121,2155,2443,288
Truck474706,1339,2656,2260,2443,183
Truck474710,2656,1339,2260,2443,183
Truck474731,2998,2436,2265,2443,178
Truck474834,3239,3122,2295,2443,148
Truck475248,3239,3331,2410,2443,33
Truck475252,2822,2821,2410,2443,33
Truck474483,2655,3121,2200,2444,244
Truck474485,3121,3331,2200,2444,244
Truck473653,1338,2437,1970,2445,475
Truck474720,3122,3331,2265,2445,180
Truck475123,3331,1338,2375,2445,70
Truck474039,2436,3122,2075,2447,372
Truck475269,2821,2822,2415,2447,32
Truck473347,1338,3122,1885,2448,563
Truck474987,2655,1339,2340,2448,108
Truck475150,2999,3121,2385,2448,63
Truck475004,2437,2821,2345,2449,104
Truck475050,3239,2822,2355,2449,94
Truck474423,2821,3238,2180,2450,270
Truck474963,2821,2224,2330,2450,120
Truck475141,3331,3121,2380,2450,70
Truck474491,2224,2436,2200,2451,251
Truck474556,2999,3238,2220,2451,231
Truck474646,2999,2436,2245,2451,206
Truck474718,2999,3331,2265,2451,186
Truck475124,2656,2437,2375,2451,76
Truck474003,2436,2998,2065,2452,387
Truck474398,2225,1338,2175,2452,277
Truck474927,2821,2436,2320,2452,132
Truck474928,2822,2225,2320,2452,132
Truck475198,2822,2656,2395,2452,57
Truck473313,2655,1338,1875,2453,578
Truck474308,2225,3331,2150,2453,303
Truck474359,3121,3238,2165,2453,288
Truck474767,2998,3121,2275,2453,178
Truck475022,2437,0,2350,2453,103
Truck475168,2999,3121,2390,2453,63
Truck474001,3238,2224,2065,2454,389
Truck474112,1339,2224,2095,2454,359
Truck474433,3238,2822,2185,2454,269
Truck474576,3122,3121,2225,2454,229
Truck475072,2822,3239,2360,2454,94
Truck474281,2998,3238,2140,2455,315
Truck474772,2999,1339,2280,2455,175
Truck475068,3239,2821,2360,2455,95
Truck474509,2224,1338,2205,2456,251
Truck474736,2999,2224,2270,2456,186
Truck475100,2225,2436,2370,2456,86
Truck475195,3331,2821,2395,2457,62
Truck473329,1338,3239,1880,2458,578
Truck474326,2225,3331,2155,2458,303
Truck474379,3238,3121,2170,2458,288
Truck474656,2656,3238,2245,2458,213
Truck474946,2822,2437,2325,2458,133
Truck473388,3122,1338,1895,2459,564
Truck474072,3122,2436,2085,2459,374
Truck474534,0,3121,2215,2459,244
Truck474764,2656,3122,2275,2459,184
Truck474407,2998,1339,2175,2460,285
Truck474451,3238,2821,2190,2460,270
Truck474567,2821,3122,2220,2460,240
Truck475177,3331,2655,2390,2460,70
Truck474371,2998,0,2165,2461,296
Truck474519,2655,2224,2210,2461,251
Truck474527,2224,2225,2210,2461,251
Truck474754,2999,2998,2275,2461,186
Truck475160,2656,2436,2385,2461,76
Truck475404,3122,1339,2455,2461,6
Truck474182,2225,3238,2115,2462,347
Truck474781,3331,2224,2280,2462,182
Truck475215,2821,3331,2400,2462,62
Truck475232,2656,2821,2405,2462,57
Truck474344,2225,2821,2160,2463,303
Truck474397,3238,3121,2175,2463,288
Truck474778,1339,2656,2280,2463,183
Truck474803,2998,2999,2285,2463,178
Truck474964,2822,2999,2330,2463,133
Truck474557,3121,2656,2220,2464,244
Truck474612,3122,3121,2235,2464,229
Truck475058,2437,2224,2360,2464,104
Truck475302,3239,2225,2425,2464,39
Truck474094,1339,2436,2090,2465,375
Truck474549,2821,0,2215,2465,250
Truck474705,2436,2999,2260,2465,205
Truck474144,3122,2224,2105,2466,361
Truck474389,2998,0,2170,2466,296
Truck474545,2224,2225,2215,2466,251
Truck474057,2436,2998,2080,2467,387
Truck474416,2225,3122,2180,2467,287
Truck474981,2821,1338,2335,2467,132
Truck473419,1338,3122,1905,2468,563
Truck474362,2225,2224,2165,2468,303
Truck475311,2655,3239,2430,2468,38
Truck474575,3121,2822,2225,2469,244
Truck474832,1339,2999,2295,2469,174
Truck474982,2822,2999,2335,2469,134
Truck475125,2821,3239,2375,2469,94
Truck475320,3239,2999,2430,2469,39
Truck474826,2999,1339,2295,2470,175
Truck475035,2821,2224,2350,2470,120
Truck475122,3239,2822,2375,2470,95
Truck475213,3331,2655,2400,2470,70
Truck475243,3238,3122,2410,2470,60
Truck473913,2436,3238,2040,2471,431
Truck474563,2224,2655,2220,2471,251
Truck475196,2656,2225,2395,2471,76
Truck475447,3331,2656,2465,2471,6
Truck474217,3238,2225,2125,2472,347
Truck473385,2655,1338,1895,2473,578
Truck474593,3121,0,2230,2473,243
Truck474969,2655,3238,2335,2473,138
Truck474973,3238,2655,2335,2473,138
Truck475094,2437,2655,2370,2474,104
Truck474130,1339,2436,2100,2475,375
Truck474343,3238,2998,2160,2475,315
Truck474353,2998,3238,2160,2475,315
Truck475203,2655,2656,2400,2475,75
Truck475231,3331,2999,2405,2475,70
Truck474180,3122,2224,2115,2476,361
Truck474804,0,2999,2290,2476,186
Truck474808,2999,2822,2290,2476,186
Truck475214,2656,2225,2400,2476,76
Truck475458,3122,1339,2470,2476,6
Truck475005,2655,2822,2345,2477,132
Truck475018,2822,2437,2345,2477,132
Truck475267,3331,2821,2415,2477,62
Truck473401,1338,2998,1900,2478,578
Truck474093,2436,0,2090,2478,388
Truck474390,0,2225,2175,2478,303
Truck474611,3121,2998,2235,2479,244
Truck475112,2437,3331,2375,2479,104
Truck475356,3239,2436,2440,2479,39
Truck474862,2999,1339,2305,2480,175
Truck474111,2436,3331,2095,2481,386
Truck474452,2225,1339,2190,2481,291
Truck474664,2999,3238,2250,2481,231
Truck475434,0,3122,2465,2481,16
Truck473949,2436,3238,2050,2482,432
Truck474870,3239,3238,2305,2482,177
Truck474871,3331,1339,2305,2482,177
Truck475285,3331,2821,2420,2482,62
Truck474408,0,2225,2180,2483,303
Truck474850,1339,2656,2300,2483,183
Truck475131,2655,2437,2380,2483,103
Truck475184,2437,3122,2395,2483,88
Truck475276,2999,3121,2420,2483,63
Truck474627,2655,3121,2240,2484,244
Truck475253,2998,2224,2410,2484,74
Truck474482,2437,2436,2200,2485,285
Truck474497,2998,1339,2200,2485,285
Truck474880,2999,1339,2310,2485,175
Truck474472,1339,2225,2195,2486,291
Truck474844,2999,3331,2300,2486,186
Truck474887,2224,2656,2310,2486,176
Truck475250,2656,1338,2410,2486,76
Truck475303,3331,2822,2425,2486,61
Truck475322,2656,2822,2430,2486,56
Truck474900,3122,2999,2315,2487,172
Truck475041,2655,2821,2355,2487,132
Truck473437,1338,2655,1910,2488,578
Truck474434,2225,2822,2185,2488,303
Truck474761,2224,3239,2275,2488,213
Truck474996,3239,3122,2340,2488,148
Truck475027,3238,2655,2350,2488,138
Truck475054,2822,2437,2355,2488,133
Truck474238,1339,2224,2130,2489,359
Truck474647,3121,2224,2245,2489,244
Truck475197,2821,3239,2395,2489,94
Truck475392,3239,2655,2450,2489,39
Truck475194,3239,2822,2395,2490,95
Truck474147,2436,3331,2105,2492,387
Truck474542,2225,1338,2215,2492,277
Truck474676,2822,3122,2250,2492,242
Truck474918,3122,2999,2320,2492,172
Truck475341,2821,2656,2435,2492,57
Truck473293,1338,3238,1870,2493,623
Truck473455,1338,3331,1915,2493,578
Truck473509,1338,3122,1930,2493,563
Truck474911,2998,2999,2315,2493,178
Truck474966,0,3239,2335,2493,158
Truck475014,3239,3122,2345,2493,148
Truck475324,2822,3331,2430,2493,63
Truck474665,3121,2655,2250,2494,244
Truck475166,2437,2998,2390,2494,104
Truck475410,3239,2225,2455,2494,39
Truck475534,1339,3122,2490,2494,4
Truck474257,2224,3122,2135,2495,360
Truck474653,2224,3121,2245,2496,251
Truck475286,2656,1338,2420,2496,76
Truck474165,2436,2655,2110,2497,387
Truck475220,2437,1339,2405,2497,92
Truck475306,2822,2224,2425,2497,72
Truck473473,1338,3331,1920,2498,578
Truck474156,0,2436,2110,2498,388
Truck474470,2225,3331,2195,2498,303
Truck474522,3122,2225,2210,2498,288
Truck474811,3238,3331,2290,2498,208
Truck474922,1339,3331,2320,2498,178
Truck474925,3331,3122,2320,2498,178
Truck474929,2998,2225,2320,2498,178
Truck475032,3239,3122,2350,2498,148
Truck475256,2437,2999,2415,2498,83
Truck474683,3121,2224,2255,2499,244
Truck475307,2998,2224,2425,2499,74
Truck475428,3239,2437,2460,2499,39
Truck475552,1339,3122,2495,2499,4
Truck474671,2224,3121,2250,2501,251
Truck474898,2999,2998,2315,2501,186
Truck475376,2656,2822,2445,2501,56
Truck474183,2436,2821,2115,2502,387
Truck474578,2225,1338,2225,2502,277
Truck475524,0,1339,2490,2502,12
Truck473491,1338,3331,1925,2503,578
Truck474488,2225,2998,2200,2503,303
Truck474947,2998,2225,2325,2503,178
Truck474701,3121,2224,2260,2504,244
Truck475108,2822,2655,2370,2504,134
Truck475149,2655,0,2385,2504,119
Truck475319,2224,2998,2430,2504,74
Truck475446,3239,1338,2465,2504,39
Truck475281,2436,2225,2420,2505,85
Truck474916,2999,2224,2320,2506,186
Truck474201,2436,0,2120,2507,387
Truck475113,2655,2821,2375,2507,132
Truck475342,2822,2998,2435,2507,72
Truck473563,1338,3122,1945,2508,563
Truck474773,3121,3122,2280,2508,228
Truck475210,1339,2655,2400,2508,108
Truck475217,2998,3331,2400,2508,108
Truck475292,2437,2999,2425,2508,83
Truck474252,3122,2436,2135,2509,374
Truck473887,1338,2437,2035,2510,475
Truck475109,2998,3239,2370,2510,140
Truck475164,0,2655,2390,2510,120
Truck474219,2436,3239,2125,2511,386
Truck474707,2224,2999,2260,2511,251
Truck474933,2655,2999,2325,2511,186
Truck475097,3121,2437,2370,2511,141
Truck474361,3238,2225,2165,2512,347
Truck475143,2821,1338,2380,2512,132
Truck475393,3331,2822,2450,2512,62
Truck474516,0,2225,2210,2513,303
Truck474958,1339,2656,2330,2513,183
Truck475076,2437,3238,2365,2513,148
Truck475239,2655,2437,2410,2513,103
Truck474732,0,3121,2270,2514,244
Truck474737,3121,3239,2270,2514,244
Truck474765,2821,1339,2275,2514,239
Truck475238,2437,2821,2410,2514,104
Truck474649,3238,2821,2245,2515,270
Truck474896,2437,2225,2315,2515,200
Truck475288,2822,3239,2420,2515,95
Truck474952,2999,2655,2330,2516,186
Truck474991,3238,3239,2340,2516,176
Truck475358,2656,2999,2440,2516,76
Truck474237,2436,3239,2130,2517,387
Truck474997,3331,1339,2340,2517,177
Truck475413,2821,3331,2455,2517,62
Truck473545,1338,2655,1940,2518,578
Truck475001,2998,2999,2340,2518,178
Truck475162,2822,1338,2385,2518,133
Truck475271,2998,2656,2415,2518,103
Truck475328,2437,2999,2435,2518,83
Truck475423,3238,1339,2460,2519,59
Truck475500,3239,2437,2480,2519,39
Truck474667,3238,2821,2250,2520,270
Truck474920,2225,2437,2320,2520,200
Truck474255,2436,2822,2135,2521,386
Truck474598,1339,2225,2230,2521,291
Truck474784,2822,3122,2280,2521,241
Truck474970,2999,3239,2335,2521,186
Truck475179,2821,3121,2390,2522,132
Truck475180,2822,3121,2390,2522,132
Truck475318,1339,2437,2430,2522,92
Truck475596,0,1339,2510,2522,12
Truck474560,2225,3331,2220,2523,303
Truck474883,3238,2656,2310,2523,213
Truck475019,2998,1338,2345,2523,178
Truck475117,3238,2437,2375,2523,148
Truck475432,2822,3331,2460,2523,63
Truck474685,3238,2822,2255,2524,269
Truck474962,2656,0,2330,2524,194
Truck474998,2656,3122,2340,2524,184
Truck475221,2655,0,2405,2524,119
Truck475274,2437,2655,2420,2524,104
Truck475323,2821,3239,2430,2524,94
Truck475391,2224,2998,2450,2524,74
Truck475401,2655,3331,2455,2525,70
Truck473617,1338,1339,1960,2526,566
Truck474984,0,2999,2340,2526,186
Truck474988,2999,0,2340,2526,186
Truck475140,3239,1339,2380,2526,146
Truck475646,2656,3331,2520,2526,6
Truck474273,2436,2655,2140,2527,387
Truck474415,3238,2225,2180,2527,347
Truck474827,3121,1339,2295,2527,232
Truck475185,2655,2822,2395,2527,132
Truck475414,2822,2224,2455,2527,72
Truck475440,3122,3238,2465,2527,62
Truck473581,1338,3331,1950,2528,578
Truck474629,3121,3238,2240,2528,288
Truck474845,3121,3122,2300,2528,228
Truck475016,2656,1339,2345,2528,183
Truck475023,2655,2998,2350,2528,178
Truck475037,2998,2999,2350,2528,178
Truck475536,3239,2656,2490,2528,38
Truck474271,3238,2224,2140,2529,389
Truck474791,3121,2224,2285,2529,244
Truck475660,1339,3122,2525,2529,4
Truck475236,0,2655,2410,2530,120
Truck474291,2436,0,2145,2531,386
Truck474771,2655,2224,2280,2531,251
Truck475006,2999,2821,2345,2531,186
Truck475416,0,3238,2460,2531,71
Truck475656,3122,1339,2525,2531,6
Truck474129,2436,3238,2100,2532,432
Truck474820,2822,3122,2290,2532,242
Truck474934,2999,2436,2325,2532,207
Truck475033,3331,2224,2350,2532,182
Truck473443,3238,1338,1910,2533,623
Truck473598,0,1338,1955,2533,578
Truck473599,1338,2998,1955,2533,578
Truck474596,2225,2998,2230,2533,303
Truck475055,2998,1338,2355,2533,178
Truck475110,0,3239,2375,2533,158
Truck475158,3239,3122,2385,2533,148
Truck474809,3121,2822,2290,2534,244
Truck475044,3122,3331,2355,2535,180
Truck474652,1339,2225,2245,2536,291
Truck475020,0,2999,2350,2536,186
Truck474957,2436,2999,2330,2537,207
Truck474606,0,2225,2235,2538,303
Truck475048,1339,2656,2355,2538,183
Truck474067,1338,3121,2085,2539,454
Truck475064,2225,3121,2360,2539,179
Truck475486,2822,3331,2475,2539,64
Truck475572,3239,1338,2500,2539,39
Truck474419,2224,3122,2180,2540,360
Truck474587,2998,3238,2225,2540,315
Truck474986,2437,2225,2340,2540,200
Truck475374,3239,2822,2445,2540,95
Truck475042,2999,3239,2355,2541,186
Truck475192,1339,3239,2395,2541,146
Truck475202,2437,3121,2400,2541,141
Truck474642,0,2998,2245,2542,297
Truck475609,3331,3239,2510,2542,32
Truck474327,2436,0,2155,2543,388
Truck474632,2225,2655,2240,2543,303
Truck475051,3331,0,2355,2543,188
Truck475091,2998,2655,2365,2543,178
Truck474960,3239,2224,2330,2544,214
Truck474605,2998,3238,2230,2545,315
Truck474698,2437,2436,2260,2545,285
Truck475235,2998,3239,2405,2545,140
Truck475483,3331,1338,2475,2545,70
Truck475513,3238,3122,2485,2545,60
Truck475060,2999,2656,2360,2546,186
Truck474345,2436,2224,2160,2547,387
Truck474864,3122,2821,2305,2547,242
Truck475400,2437,1339,2455,2547,92
Truck474650,2225,2656,2245,2548,303
Truck474977,2224,3239,2335,2548,213
Truck474886,1339,2822,2310,2549,239
Truck475056,0,3331,2360,2549,189
Truck475364,2437,2998,2445,2549,104
Truck475608,3239,1338,2510,2549,39
Truck475098,3122,3331,2370,2550,180
Truck475350,3122,2655,2440,2550,110
Truck475491,2655,3331,2480,2550,70
Truck475501,3331,1338,2480,2550,70
Truck474363,2436,2822,2165,2551,386
Truck474851,2224,2437,2300,2551,251
Truck475078,2999,2656,2365,2551,186
Truck475287,2821,2655,2420,2552,132
Truck475312,2999,2225,2430,2552,122
Truck475556,2656,2821,2495,2552,57
Truck474473,2224,1339,2195,2553,358
Truck474668,2225,2224,2250,2553,303
Truck475379,2998,3331,2445,2553,108
Truck475436,2437,3122,2465,2553,88
Truck474881,3121,3239,2310,2554,244
Truck475106,2656,3122,2370,2554,184
Truck475382,2437,2655,2450,2554,104
Truck475326,0,2655,2435,2555,120
Truck475519,3331,2999,2485,2555,70
Truck474381,2436,2655,2170,2556,386
Truck474463,1338,2436,2195,2556,361
Truck474869,2224,3121,2305,2556,251
Truck475096,2999,2821,2370,2556,186
Truck475135,3238,3239,2380,2556,176
Truck475139,2224,2656,2380,2556,176
Truck475461,2436,2225,2470,2556,86
Truck474524,2225,3238,2210,2557,347
Truck475574,2656,2822,2500,2557,57
Truck473689,1338,2822,1980,2558,578
Truck475145,2998,1338,2380,2558,178
Truck475412,2656,2998,2455,2558,103
Truck475460,2225,2436,2470,2558,88
Truck475546,2999,3121,2495,2558,63
Truck475092,0,3331,2370,2559,189
Truck475644,3239,2436,2520,2559,39
Truck475134,3122,3331,2380,2560,180
Truck475359,2821,2224,2440,2560,120
Truck475537,3331,3121,2490,2560,70
Truck475114,2999,2822,2375,2561,186
Truck475520,2656,2655,2485,2561,76
Truck475631,2998,2821,2515,2561,46
Truck474355,1338,2999,2165,2562,397
Truck474481,1338,2436,2200,2562,362
Truck475573,3331,2821,2500,2562,62
Truck473707,1338,3331,1985,2563,578
Truck474704,2225,2822,2260,2563,303
Truck474755,3121,3238,2275,2563,288
Truck474756,3122,2225,2275,2563,288
Truck475138,1339,2656,2380,2563,183
Truck475163,2998,2999,2385,2563,178
Truck475430,2656,2998,2460,2563,103
Truck475576,2822,3331,2500,2563,63
Truck474917,3121,2822,2320,2564,244
Truck475418,2437,2655,2460,2564,104
Truck474454,1339,2436,2190,2565,375
Truck474677,2998,3238,2250,2565,315
Truck474253,3238,2436,2135,2566,431
Truck475132,2999,3331,2380,2566,186
Truck475649,2998,2821,2520,2566,46
Truck475329,2655,2821,2435,2567,132
Truck475584,3122,3238,2505,2567,62
Truck473569,3238,1338,1945,2568,623
Truck473725,1338,3239,1990,2568,578
Truck474417,2436,2998,2180,2568,388
Truck474722,2225,2224,2265,2568,303
Truck474935,3121,0,2325,2568,243
Truck475045,3238,2656,2355,2568,213
Truck475156,1339,2656,2385,2568,183
Truck475278,3122,3239,2420,2568,148
Truck475284,3239,3122,2420,2568,148
Truck475426,1339,2655,2460,2568,108
Truck475172,2225,3121,2390,2569,179
Truck475482,3239,2821,2475,2570,95
Truck474435,2436,0,2185,2571,386
Truck474489,2436,3122,2200,2571,371
Truck474776,2225,1339,2280,2571,291
Truck474989,3121,1339,2340,2572,232
Truck475360,2822,2655,2440,2572,132
Truck473743,1338,2821,1995,2573,578
Truck474740,2225,2998,2270,2573,303
Truck475159,3331,0,2385,2573,188
Truck475508,2437,3122,2485,2573,88
Truck474953,3121,2656,2330,2574,244
Truck475008,3122,3121,2345,2574,229
Truck475178,2656,3122,2390,2574,184
Truck475437,2655,3122,2465,2574,109
Truck475454,2437,2224,2470,2574,104
Truck475698,3239,2436,2535,2574,39
Truck475822,1339,3122,2570,2574,4
Truck474713,2998,3238,2260,2575,315
Truck475591,3331,2225,2505,2575,70
Truck475621,3238,3122,2515,2575,60
Truck474453,2436,2821,2190,2576,386
Truck474941,2224,2225,2325,2576,251
Truck475167,2655,2999,2390,2576,186
Truck475012,1339,3121,2345,2577,232
Truck475224,3122,2999,2405,2577,172
Truck473761,1338,3239,2000,2578,578
Truck474758,2225,2224,2275,2578,303
Truck474903,2436,3121,2315,2579,264
Truck475472,2437,2821,2475,2579,104
Truck475840,1339,3122,2575,2579,4
Truck474999,2821,3122,2340,2580,240
Truck475130,2437,2225,2380,2580,200
Truck475136,2225,2437,2380,2580,200
Truck475146,0,2656,2385,2580,195
Truck475518,3239,2822,2485,2580,95
Truck475186,2999,2224,2395,2581,186
Truck475240,2999,3122,2410,2581,171
Truck475338,3239,1339,2435,2581,146
Truck475346,2437,3121,2440,2581,141
Truck475592,2656,1338,2505,2581,76
Truck474866,2225,1338,2305,2582,277
Truck475396,2822,1338,2450,2582,132
Truck475612,2822,2998,2510,2582,72
Truck475665,2821,2656,2525,2582,57
Truck473779,1338,2822,2005,2583,578
Truck474471,2436,3239,2195,2583,388
Truck474581,2224,1339,2225,2583,358
Truck475099,3238,2656,2370,2583,213
Truck475490,2437,2656,2480,2584,104
Truck474909,2821,3238,2315,2585,270
Truck475148,2437,2225,2385,2585,200
Truck475154,2225,2437,2385,2585,200
Truck475627,3331,2655,2515,2585,70
Truck474543,2436,3122,2215,2586,371
Truck474857,2998,3122,2300,2586,286
Truck475204,2999,2655,2400,2586,186
Truck475610,2656,2225,2510,2586,76
Truck475719,2821,2998,2540,2586,46
Truck475721,2998,2821,2540,2586,46
Truck474846,3122,2998,2300,2587,287
Truck473796,0,1338,2010,2588,578
Truck474794,2225,2821,2285,2588,303
Truck475249,3331,3122,2410,2588,178
Truck475007,3121,2224,2345,2589,244
Truck475566,3122,2437,2500,2589,89
Truck475752,3239,3121,2550,2589,39
Truck475494,3122,2655,2480,2590,110
Truck475645,3331,2225,2520,2590,70
Truck475675,3238,3122,2530,2590,60
Truck475268,2656,2224,2415,2591,176
Truck475628,2656,1338,2515,2591,76
Truck474507,2436,2224,2205,2592,387
Truck475431,2821,2437,2460,2592,132
Truck475858,1339,0,2580,2592,12
Truck474498,0,2436,2205,2593,388
Truck475025,3121,2655,2350,2594,244
Truck475053,2821,1339,2355,2594,239
Truck475262,2225,3121,2415,2594,179
Truck475526,2437,3331,2490,2594,104
Truck475575,2821,3239,2500,2594,94
Truck475200,0,2656,2400,2595,195
Truck475663,3331,1338,2525,2595,70
Truck475390,1339,3239,2450,2596,146
Truck475403,3121,2437,2455,2596,141
Truck475755,2821,2998,2550,2596,46
Truck474525,2436,2656,2210,2597,387
Truck474830,2225,0,2295,2597,302
Truck474882,3122,2998,2310,2597,287
Truck475079,3121,1339,2365,2597,232
Truck475449,2821,2436,2465,2597,132
Truck475666,2822,2224,2525,2597,72
Truck473833,1338,2822,2020,2598,578
Truck475157,2224,3239,2385,2598,213
Truck475604,2225,2436,2510,2598,88
Truck475616,2437,2999,2515,2598,83
Truck475038,0,3121,2355,2599,244
Truck475071,2821,1339,2360,2599,239
Truck475544,2437,2998,2495,2599,104
Truck475788,3239,2225,2560,2599,39
Truck474904,1339,2998,2315,2600,285
Truck475488,0,2655,2480,2600,120
Truck475623,2436,2225,2515,2600,85
Truck475681,3331,2437,2530,2600,70
Truck474875,2998,0,2305,2601,296
Truck474931,1338,2225,2325,2601,276
Truck475258,2999,2821,2415,2601,186
Truck475297,3238,3239,2425,2601,176
Truck475304,2656,2224,2425,2601,176
Truck474848,2225,0,2300,2602,302
Truck475467,2821,2436,2470,2602,132
Truck475736,2656,2821,2545,2602,57
Truck473851,1338,2822,2025,2603,578
Truck473853,2655,1338,2025,2603,578
Truck474899,3121,3238,2315,2603,288
Truck475441,3238,2655,2465,2603,138
Truck475806,3239,2656,2565,2603,38
Truck475059,2655,3121,2360,2604,244
Truck475061,3121,2822,2360,2604,244
Truck475089,2821,1339,2365,2604,239
Truck475298,2225,3121,2425,2604,179
Truck475562,2437,2998,2500,2604,104
Truck475720,2822,3331,2540,2604,64
Truck475682,2656,2436,2530,2606,76
Truck474561,2436,2821,2220,2607,387
Truck475332,3122,2999,2435,2607,172
Truck473713,3238,1338,1985,2608,623
Truck473869,1338,2822,2030,2608,578
Truck474399,2436,3238,2175,2608,433
Truck474552,0,2436,2220,2608,388
Truck475207,3238,3331,2400,2608,208
Truck475422,3122,3239,2460,2608,148
Truck474635,2224,0,2240,2609,369
Truck474939,2436,2437,2325,2609,284
Truck475626,3239,2821,2515,2610,95
Truck474579,2436,2998,2225,2611,386
Truck475067,2224,2225,2360,2611,251
Truck475294,2999,0,2425,2611,186
Truck474661,1338,2436,2250,2612,362
Truck474669,2436,1338,2250,2612,362
Truck474894,0,2998,2315,2612,297
Truck475503,2821,3121,2480,2612,132
Truck475504,2822,2437,2480,2612,132
Truck473889,2655,1338,2035,2613,578
Truck475598,2437,3331,2510,2614,104
Truck475842,3239,2999,2575,2614,39
Truck474689,2224,3122,2255,2615,360
Truck475314,3122,2656,2430,2615,185
Truck473941,1338,1339,2050,2616,566
Truck474597,2436,2998,2230,2616,386
Truck475085,2224,2436,2365,2616,251
Truck475718,2656,2225,2540,2616,76
Truck475739,2998,2822,2545,2616,71
Truck475829,2998,2821,2570,2616,46
Truck475357,3331,1339,2440,2617,177
Truck475521,2821,2655,2485,2617,132
Truck475773,2821,3331,2555,2617,62
Truck475881,2821,2822,2585,2617,32
Truck475948,1339,0,2605,2617,12
Truck473905,1338,2224,2040,2618,578
Truck474902,2225,2224,2315,2618,303
Truck474954,3122,2225,2330,2618,288
Truck475225,3238,2656,2405,2618,213
Truck475321,3331,0,2430,2618,188
Truck475347,2655,2998,2440,2618,178
Truck475354,1339,3331,2440,2618,178
Truck475522,2822,2437,2485,2618,133
Truck475599,2655,1339,2510,2618,108
Truck475340,2656,3122,2435,2619,184
Truck475662,3239,2822,2525,2619,94
Truck475786,1339,3238,2560,2619,59
Truck475860,3239,2999,2580,2619,39
Truck474976,1339,2998,2335,2620,285
Truck475043,3121,2436,2355,2620,265
Truck475747,3238,0,2550,2620,70
Truck475783,3238,3122,2560,2620,60
Truck475095,2655,2224,2370,2621,251
Truck475103,2224,3121,2370,2621,251
Truck475330,2999,2656,2435,2621,186
Truck475369,3238,3239,2445,2621,176
Truck474615,2436,3239,2235,2622,387
Truck474757,3238,2225,2275,2622,347
Truck475375,3331,1339,2445,2622,177
Truck475527,2655,2821,2490,2622,132
Truck475539,2821,2655,2490,2622,132
Truck475564,2999,2225,2500,2622,122
Truck475897,3331,3239,2590,2622,32
Truck475956,0,1339,2610,2622,12
Truck473923,1338,2822,2045,2623,578
Truck473977,1338,3122,2060,2623,563
Truck474971,3121,3238,2335,2623,288
Truck475187,3121,3122,2395,2623,228
Truck475339,3331,0,2435,2623,188
Truck475780,2999,3121,2560,2623,63
Truck474617,2224,3238,2235,2624,389
Truck474724,1339,2224,2265,2624,359
Truck475128,0,3121,2380,2624,244
Truck475133,3121,2821,2380,2624,244
Truck475634,2437,2821,2520,2624,104
Truck475878,3239,2437,2585,2624,39
Truck474893,2998,3238,2310,2625,315
Truck475161,2821,3122,2385,2625,240
Truck475348,2999,3239,2440,2626,186
Truck475394,2656,2224,2450,2626,176
Truck475754,2656,2436,2550,2626,76
Truck475863,2821,2998,2580,2626,46
Truck475464,3239,0,2470,2627,157
Truck475557,2821,2655,2495,2627,132
Truck475558,2822,1338,2495,2627,132
Truck475582,2999,2225,2505,2627,122
Truck475774,2822,2224,2555,2627,72
Truck474938,2225,3239,2325,2628,303
Truck475261,3238,2656,2415,2628,213
Truck475397,2998,2436,2450,2628,178
Truck475531,3238,2655,2490,2628,138
Truck475635,2655,1339,2520,2628,108
Truck475887,2655,3239,2590,2628,38
Truck475898,2656,3239,2590,2628,38
Truck475151,3121,3239,2385,2629,244
Truck475266,3239,2224,2415,2629,214
Truck475388,2225,3121,2450,2629,179
Truck475652,2437,2821,2525,2629,104
Truck475896,3239,2999,2590,2629,39
Truck475144,2822,0,2380,2630,250
Truck475368,3122,2656,2445,2630,185
Truck475386,3122,3331,2450,2630,180
Truck475366,2999,2656,2445,2631,186
Truck475980,3122,0,2615,2631,16
Truck474651,2436,0,2245,2632,387
Truck474741,2436,1338,2270,2632,362
Truck475411,3331,1339,2455,2632,177
Truck475818,3122,3238,2570,2632,62
Truck473959,1338,2821,2055,2633,578
Truck473961,2655,1338,2055,2633,578
Truck474956,2225,3239,2330,2633,303
Truck475415,2998,2225,2455,2633,178
Truck474760,1339,2224,2275,2634,359
Truck475169,3121,2224,2390,2634,244
Truck475362,0,3331,2445,2634,189
Truck475617,2655,0,2515,2634,119
Truck475670,2437,3331,2530,2634,104
Truck475914,3239,2225,2595,2634,39
Truck474714,0,2224,2265,2635,370
Truck474919,3238,2998,2320,2635,315
Truck475081,3238,2821,2365,2635,270
Truck475559,2998,3239,2495,2635,140
Truck475384,2999,3239,2450,2636,186
Truck475790,2656,2437,2560,2636,76
Truck475992,0,3122,2620,2636,16
Truck474974,2225,0,2335,2637,302
Truck475593,2821,2436,2505,2637,132
Truck475594,2822,2655,2505,2637,132
Truck473815,1338,3238,2015,2638,623
Truck473979,2655,1338,2060,2638,578
Truck474779,2224,1339,2280,2638,358
Truck475115,3121,2436,2375,2638,263
Truck475429,3331,3122,2460,2638,178
Truck475433,2998,2437,2460,2638,178
Truck475686,0,2437,2535,2638,103
Truck475700,2656,2998,2535,2638,103
Truck475923,2655,3239,2600,2638,38
Truck475688,2437,3331,2535,2639,104
Truck475932,3239,2437,2600,2639,39
Truck475643,2224,2821,2520,2640,120
Truck475815,2655,3331,2570,2640,70
Truck475030,1339,2225,2350,2641,291
Truck475175,2224,2437,2390,2641,251
Truck475402,2999,2821,2455,2641,186
Truck475738,2822,3239,2545,2641,96
Truck475808,2656,2655,2565,2641,76
Truck475917,2821,2998,2595,2641,46
Truck476052,3122,1339,2635,2641,6
Truck474687,2436,3331,2255,2642,387
Truck474992,2225,0,2340,2642,302
Truck475611,2821,3121,2510,2642,132
Truck475766,2225,2436,2555,2642,87
Truck476028,0,1339,2630,2642,12
Truck473995,1338,2822,2065,2643,578
Truck475704,0,2437,2540,2643,103
Truck474445,1338,3121,2190,2644,454
Truck475228,1339,2822,2405,2644,239
Truck475439,3121,2225,2465,2644,179
Truck475706,2437,3239,2540,2644,104
Truck475066,1339,2998,2360,2645,285
Truck475843,3331,2437,2575,2645,70
Truck475182,0,2822,2395,2646,251
Truck475193,2224,2436,2395,2646,251
Truck476034,3122,0,2630,2646,16
Truck474787,1338,2436,2285,2647,362
Truck475062,3122,2998,2360,2647,287
Truck475126,2822,3238,2375,2647,272
Truck475629,2821,2437,2515,2647,132
Truck475630,2822,2999,2515,2647,132
Truck474013,1338,2822,2070,2648,578
Truck474759,2436,3122,2275,2648,373
Truck475010,2225,2224,2345,2648,303
Truck475277,3121,3122,2420,2648,228
Truck475444,1339,2656,2465,2648,183
Truck475455,2655,2998,2470,2648,178
Truck475469,2998,2225,2470,2648,178
Truck474703,3238,2224,2260,2649,389
Truck475155,2436,3121,2385,2649,264
Truck475448,2656,3122,2465,2649,184
Truck475216,2822,0,2400,2650,250
Truck475279,3238,2999,2420,2650,230
Truck475861,3331,2999,2580,2650,70
Truck475438,2999,3331,2465,2651,186
Truck475477,3238,3239,2475,2651,176
Truck475590,3239,1339,2505,2651,146
Truck474076,1339,1338,2085,2652,567
Truck474723,2436,0,2265,2652,387
Truck475465,3331,2224,2470,2652,182
Truck475647,2821,1338,2520,2652,132
Truck475672,2999,2225,2530,2652,122
Truck475028,2225,2821,2350,2653,303
Truck476008,2822,2821,2620,2653,33
Truck474725,2224,3238,2265,2654,389
Truck475241,3121,2224,2410,2654,244
Truck475859,2224,2822,2580,2654,74
Truck475900,2822,3331,2590,2654,64
Truck475697,2224,2821,2535,2655,120
Truck475728,3122,2655,2545,2655,110
Truck475879,3331,2655,2585,2655,70
Truck475101,2436,2437,2370,2656,286
Truck475218,0,2822,2405,2656,251
Truck475456,2999,2656,2470,2656,186
Truck475862,2656,2655,2580,2656,76
Truck475866,0,3238,2585,2656,71
Truck475690,2999,2225,2535,2657,122
Truck475694,2225,2999,2535,2657,122
Truck476023,3331,3239,2625,2657,32
Truck474049,1338,2822,2080,2658,578
Truck475046,2225,2822,2355,2658,303
Truck475505,2998,2437,2480,2658,178
Truck475757,2998,3331,2550,2658,108
Truck474503,3121,1338,2205,2659,454
Truck475191,2436,3121,2395,2659,264
Truck475259,3121,3239,2415,2659,244
Truck475760,2437,2655,2555,2659,104
Truck475918,2822,3331,2595,2659,64
Truck476004,3239,2999,2620,2659,39
Truck475315,3238,2999,2430,2660,230
Truck474849,2436,1338,2300,2661,361
Truck475247,2224,2655,2410,2661,251
Truck475474,2999,2224,2475,2661,186
Truck475528,2999,3122,2490,2661,171
Truck476131,3331,2656,2655,2661,6
Truck475683,2821,1338,2530,2662,132
Truck474069,2655,1338,2085,2663,578
Truck475387,3238,2656,2450,2663,213
Truck476022,3239,2656,2625,2663,38
Truck474126,3122,1338,2100,2664,564
Truck475275,2655,3121,2420,2664,244
Truck475470,0,3331,2475,2664,189
Truck475514,2225,3121,2485,2664,179
Truck475684,2822,3121,2530,2664,134
Truck475778,2437,2998,2560,2664,104
Truck475836,3122,2437,2575,2664,89
Truck475305,2821,3122,2425,2665,240
Truck475452,0,2656,2470,2665,195
Truck475265,2224,2225,2415,2666,251
Truck475270,2822,0,2415,2666,251
Truck475492,2999,2821,2480,2666,186
Truck475655,3121,2437,2525,2666,141
Truck474777,2436,2224,2280,2667,387
Truck475548,3122,2999,2495,2667,172
Truck475701,2821,2655,2535,2667,132
Truck475726,2999,2225,2545,2667,122
Truck476128,1339,0,2655,2667,12
Truck474085,1338,3331,2090,2668,578
Truck475082,2225,2998,2365,2668,303
Truck475516,1339,2656,2485,2668,183
Truck475541,2998,2225,2490,2668,178
Truck475671,2655,3238,2530,2668,138
Truck475702,2822,1338,2535,2668,133
Truck475850,2437,3122,2580,2668,88
Truck475293,2655,3121,2425,2669,244
Truck475295,3121,3239,2425,2669,244
Truck475484,2656,0,2475,2669,194
Truck475854,3122,2437,2580,2669,89
Truck475919,2998,2224,2595,2669,74
Truck475933,3331,2655,2600,2670,70
Truck475283,2224,1338,2420,2671,251
Truck475506,0,2999,2485,2671,186
Truck475510,2999,2822,2485,2671,186
Truck474795,2436,3331,2285,2672,387
Truck475152,3122,2998,2385,2672,287
Truck475554,3239,3238,2495,2672,177
Truck475962,3122,3238,2610,2672,62
Truck475969,3331,2821,2610,2672,62
Truck474103,1338,2656,2095,2673,578
Truck474789,2655,2436,2285,2673,388
Truck475153,3238,3121,2385,2673,288
Truck475555,3331,3122,2495,2673,178
Truck475313,3121,2655,2430,2674,244
Truck475538,2656,3122,2490,2674,184
Truck476058,3239,3121,2635,2674,39
Truck475181,2998,1339,2390,2675,285
Truck475233,2821,3238,2405,2675,270
Truck475951,3331,2437,2605,2675,70
Truck474813,2436,2822,2290,2676,386
Truck475290,0,2822,2425,2676,251
Truck475301,2224,2999,2425,2676,251
Truck475934,2656,2436,2600,2676,76
Truck476006,2656,2822,2620,2676,56
Truck476178,3122,1339,2670,2676,6
Truck475234,2822,3238,2405,2677,272
Truck474121,1338,2224,2100,2678,578
Truck475577,2998,2999,2500,2678,178
Truck475833,2655,2437,2575,2678,103
Truck475331,3121,3331,2435,2679,244
Truck474876,0,2224,2310,2680,370
Truck475199,2998,1339,2395,2680,285
Truck475251,2821,3238,2410,2680,270
Truck475787,2224,2821,2560,2680,120
Truck474831,2436,2655,2295,2681,386
Truck474921,2436,1338,2320,2681,361
Truck475585,3238,3239,2505,2681,176
Truck474790,2999,1338,2285,2682,397
Truck475385,3121,1339,2450,2682,232
Truck475756,2822,2999,2550,2682,132
Truck474138,0,1338,2105,2683,578
Truck474139,1338,2998,2105,2683,578
Truck475466,2656,3238,2470,2683,213
Truck475581,2655,2998,2505,2683,178
Truck475595,2998,2437,2505,2683,178
Truck475693,3238,2437,2535,2683,148
Truck474829,3238,2224,2295,2684,389
Truck474905,2224,0,2315,2684,369
Truck475349,3121,2998,2440,2684,244
Truck475377,2821,3122,2445,2685,240
Truck475987,3331,2437,2615,2685,70
Truck475337,2224,2655,2435,2686,251
Truck475970,2656,3121,2610,2686,76
Truck475974,0,3238,2615,2686,71
Truck475408,1339,3121,2455,2687,232
Truck476016,3122,3238,2625,2687,62
Truck474157,1338,2998,2110,2688,578
Truck474959,2224,1339,2330,2688,358
Truck475205,3121,3238,2400,2688,288
Truck475367,3121,0,2445,2688,243
Truck475421,3121,3122,2460,2688,228
Truck475606,1339,3331,2510,2688,178
Truck475668,0,3239,2530,2688,158
Truck475365,2655,3121,2445,2689,244
Truck475868,2437,3239,2585,2689,104
Truck475942,2999,2437,2605,2689,84
Truck476112,3239,1338,2650,2689,39
Truck474912,0,2224,2320,2690,370
Truck475127,2998,3238,2375,2690,315
Truck475299,2436,3121,2425,2690,265
Truck475532,2225,2437,2490,2690,200
Truck475602,3122,3331,2510,2690,180
Truck475812,0,2655,2570,2690,120
Truck476005,3331,2655,2620,2690,70
Truck475420,2999,3238,2460,2691,231
Truck476196,3122,0,2675,2691,16
Truck475009,3238,2225,2345,2692,347
Truck475607,2224,3331,2510,2692,182
Truck476041,3331,2821,2630,2692,62
Truck474174,0,1338,2115,2693,578
Truck474175,1338,2655,2115,2693,578
Truck474858,0,2436,2305,2693,388
Truck475223,3121,3238,2405,2693,288
Truck475502,2656,3238,2480,2693,213
Truck475883,2998,3331,2585,2693,108
Truck475940,2437,3122,2605,2693,88
Truck475958,2437,2999,2610,2693,83
Truck475622,2225,3121,2515,2694,179
Truck476053,3238,1339,2635,2694,59
Truck476130,3239,2437,2655,2694,39
Truck476254,1339,3122,2690,2694,4
Truck475533,2436,2999,2490,2696,206
Truck475378,2822,0,2445,2697,252
Truck475797,2655,2822,2565,2697,132
Truck474031,1338,3238,2075,2698,623
Truck474885,2436,2656,2310,2698,388
Truck475190,2225,2224,2395,2698,303
Truck475916,2656,2998,2595,2698,103
Truck474994,1339,2224,2340,2699,359
Truck475263,2436,2437,2415,2699,284
Truck475810,2822,2225,2565,2699,134
Truck474948,0,2224,2330,2700,370
Truck475264,1339,2998,2415,2700,285
Truck475578,0,2656,2505,2700,195
Truck475950,3239,2821,2605,2700,95
Truck474940,1339,2436,2325,2701,376
Truck475383,2655,2224,2450,2701,251
Truck475614,0,2999,2515,2701,186
Truck475618,2999,2656,2515,2701,186
Truck476024,2656,2655,2625,2701,76
Truck475827,2821,2436,2570,2702,132
Truck476096,2656,2822,2645,2702,57
Truck476187,2821,2822,2670,2702,32
Truck474211,1338,2822,2125,2703,578
Truck475208,2225,2822,2400,2703,303
Truck475642,1339,2656,2520,2703,183
Truck475653,2655,2998,2525,2703,178
Truck475770,3239,3122,2555,2703,148
Truck475976,2437,3122,2615,2703,88
Truck475476,3122,3121,2475,2704,229
Truck475922,2437,3331,2600,2704,104
Truck475996,2999,2437,2620,2704,84
Truck476166,3239,1338,2665,2704,39
Truck475877,2224,2821,2585,2705,120
Truck475972,2822,3239,2610,2705,95
Truck475409,2224,2437,2455,2706,251
Truck475636,2999,2224,2520,2706,186
Truck475796,2437,3121,2565,2706,141
Truck476000,2225,2436,2620,2706,86
Truck476244,0,3122,2690,2706,16
Truck475063,3238,2225,2360,2707,347
Truck475226,2225,0,2405,2707,302
Truck475480,1339,3121,2475,2707,232
Truck475845,2821,2999,2575,2707,132
Truck476205,2821,2822,2675,2707,32
Truck474229,1338,2822,2130,2708,578
Truck475678,1339,3331,2530,2708,178
Truck475685,2998,2436,2530,2708,178
Truck475846,2822,2437,2575,2708,133
Truck476186,2656,3239,2670,2708,38
Truck474923,2224,3238,2320,2709,389
Truck476184,3239,2225,2670,2709,39
Truck475351,3238,2821,2440,2710,270
Truck475468,2822,1339,2470,2710,240
Truck475884,0,2655,2590,2710,120
Truck474775,3238,2436,2280,2711,431
Truck476060,2656,3121,2635,2711,76
Truck474895,1338,2999,2315,2712,397
Truck475851,2655,2821,2580,2712,132
Truck475244,2225,2656,2410,2713,303
Truck475457,3121,0,2470,2713,243
Truck475567,3238,2656,2500,2713,213
Truck475864,2822,2655,2580,2713,133
Truck475973,2998,2656,2610,2713,103
Truck476224,2822,2821,2680,2713,33
Truck474937,3238,2224,2325,2714,389
Truck476202,3239,2999,2675,2714,39
Truck474993,2436,1339,2340,2715,375
Truck475049,2224,3122,2355,2715,360
Truck475310,2437,2436,2430,2715,285
Truck475485,2821,3122,2475,2715,240
Truck476125,3238,3122,2655,2715,60
Truck474301,1338,1339,2150,2716,566
Truck475289,2998,0,2420,2716,296
Truck475445,2224,2437,2465,2716,251
Truck475711,3238,3239,2540,2716,176
Truck475869,2655,2822,2585,2716,131
Truck476078,2656,2655,2640,2716,76
Truck476189,2998,2821,2670,2716,46
Truck475600,2999,2436,2510,2717,207
Truck475906,2999,2225,2595,2717,122
Truck476012,2437,1339,2625,2717,92
Truck475814,2437,3238,2570,2718,148
Truck476222,2656,3239,2680,2718,38
Truck475031,2224,0,2350,2719,369
Truck475475,3121,2822,2475,2719,244
Truck475712,2225,3121,2540,2719,179
Truck475882,2822,2437,2585,2719,134
Truck476220,3239,2999,2680,2719,39
Truck475336,1339,2998,2435,2720,285
Truck475395,2821,3238,2450,2720,270
Truck475498,1339,2821,2480,2720,240
Truck476113,3331,1338,2650,2720,70
Truck475343,2998,3122,2435,2721,286
Truck475463,2224,2655,2470,2721,251
Truck475118,2225,3238,2375,2722,347
Truck475899,2821,3121,2590,2722,132
Truck474975,2436,0,2335,2723,388
Truck475280,2225,2224,2420,2723,303
Truck475699,3331,0,2535,2723,188
Truck475832,2437,3238,2575,2723,148
Truck475493,3121,2655,2480,2724,244
Truck475994,2437,2821,2620,2724,104
Truck476117,2998,2224,2650,2724,74
Truck475949,2224,2821,2605,2725,120
Truck475473,2655,2224,2475,2726,251
Truck475871,3121,2437,2585,2726,141
Truck476114,2656,1338,2650,2726,76
Truck476225,2998,2821,2680,2726,46
Truck475735,3331,2224,2545,2727,182
Truck475824,3239,0,2570,2727,157
Truck475905,2655,2821,2595,2727,132
Truck475743,2655,2998,2550,2728,178
Truck476256,3239,1338,2690,2729,39
Truck475371,2436,2437,2445,2730,285
Truck475499,2224,2437,2480,2731,251
Truck476132,2656,2999,2655,2731,76
Truck476241,2821,2998,2685,2731,46
Truck475565,3121,1339,2500,2732,232
Truck475753,3331,2224,2550,2732,182
Truck475935,2821,2655,2600,2732,132
Truck475936,2822,2437,2600,2732,132
Truck475960,2999,2225,2610,2732,122
Truck476090,2225,2436,2645,2732,87
Truck476185,3331,2821,2670,2732,62
Truck474319,1338,3331,2155,2733,578
Truck475316,2225,2998,2430,2733,303
Truck475529,3121,0,2490,2733,243
Truck475654,2999,2436,2525,2733,208
Truck475771,3331,3122,2555,2733,178
Truck476013,2655,1339,2625,2733,108
Truck475120,1339,2224,2375,2734,359
Truck476030,2437,2656,2630,2734,104
Truck476274,3239,3121,2695,2734,39
Truck475450,2822,3238,2465,2735,270
Truck476076,3239,2822,2640,2735,95
Truck476157,2655,3331,2665,2735,70
Truck476167,3331,2436,2665,2735,70
Truck475904,2437,3121,2595,2736,141
Truck475907,3121,2437,2595,2736,141
Truck475029,2436,2224,2350,2737,387
Truck475953,2821,3121,2605,2737,132
Truck474337,1338,2822,2160,2738,578
Truck475334,2225,2822,2435,2738,303
Truck475570,1339,2822,2500,2738,238
Truck475664,2656,3238,2525,2738,213
Truck475772,2656,1339,2555,2738,183
Truck475789,3331,3122,2560,2738,178
Truck475954,2822,3121,2605,2738,133
Truck476063,2998,2656,2635,2738,103
Truck476292,3239,2656,2700,2738,38
Truck475995,2655,0,2620,2739,119
Truck476031,2655,3122,2630,2739,109
Truck475435,1338,2225,2465,2741,276
Truck475540,2822,0,2490,2741,251
Truck475762,2999,3331,2555,2741,186
Truck475801,3238,3239,2565,2741,176
Truck476168,2656,1338,2665,2741,76
Truck476419,3331,2656,2735,2741,6
Truck475084,1339,2436,2365,2742,377
Truck476221,3331,2821,2680,2742,62
Truck474409,1338,3122,2180,2743,563
Truck475047,2436,2822,2355,2743,388
Truck475352,2225,2656,2440,2743,303
Truck475811,2998,2999,2565,2743,178
Truck476310,3239,2656,2705,2743,38
Truck475121,2224,0,2375,2744,369
Truck475497,2436,3121,2480,2744,264
Truck475680,3239,2224,2530,2744,214
Truck476066,2437,2821,2640,2744,104
Truck476116,2822,3239,2650,2744,94
Truck475325,2998,3238,2430,2745,315
Truck476203,3331,2436,2675,2745,70
Truck475406,2225,1339,2455,2746,291
Truck475542,0,2821,2495,2746,251
Truck475553,2224,2225,2495,2746,251
Truck475708,2999,2436,2540,2746,206
Truck475713,2436,2999,2540,2746,206
Truck475823,2224,2656,2570,2746,176
Truck475826,2656,2224,2570,2746,176
Truck476190,0,3238,2675,2746,71
Truck475024,2999,1338,2350,2747,397
Truck475370,2225,0,2445,2747,302
Truck475380,0,2998,2450,2747,297
Truck475989,2821,2437,2615,2747,132
Truck475990,2822,2225,2615,2747,132
Truck476258,2656,2822,2690,2747,57
Truck474373,1338,2998,2170,2748,578
Truck474427,1338,3122,2185,2748,563
Truck475065,2436,2821,2360,2748,388
Truck475637,3121,3122,2520,2748,228
Truck475717,3331,3238,2540,2748,208
Truck476081,2998,3331,2640,2748,108
Truck475511,3121,2436,2485,2749,264
Truck475583,3121,3239,2505,2749,244
Truck476084,2437,3239,2645,2749,104
Truck475495,3238,2821,2480,2750,270
Truck475742,2437,2225,2550,2750,200
Truck476039,2224,2821,2630,2750,120
Truck475170,3122,2224,2390,2751,361
Truck475451,2998,3122,2465,2751,286
Truck475571,2224,1338,2500,2751,251
Truck475798,2999,2656,2565,2751,186
Truck476204,2656,2436,2675,2751,76
Truck475077,2655,2436,2365,2752,387
Truck475825,3331,2224,2570,2752,182
Truck476007,2821,2655,2620,2752,132
Truck474391,1338,2998,2175,2753,578
Truck475083,2436,3239,2365,2753,388
Truck476092,1339,2655,2645,2753,108
Truck476278,2822,2656,2695,2753,58
Truck475601,3121,2998,2510,2754,244
Truck475716,3239,2224,2540,2754,214
Truck476102,2437,2822,2650,2754,104
Truck476160,3122,2437,2665,2754,89
Truck476346,3239,3121,2715,2754,39
Truck475361,2998,3238,2440,2755,315
Truck476061,2821,2224,2635,2755,120
Truck476211,2655,2656,2680,2755,75
Truck476239,3331,2437,2685,2755,70
Truck475188,3122,2224,2395,2756,361
Truck475872,3122,2999,2585,2757,172
Truck476025,2821,3121,2625,2757,132
Truck476026,2822,1338,2625,2757,132
Truck476277,2821,3331,2695,2757,62
Truck475733,2224,3239,2545,2758,213
Truck475844,2656,1339,2575,2758,183
Truck476110,1339,2655,2650,2758,108
Truck476366,2656,3239,2720,2758,38
Truck474863,3121,1338,2305,2759,454
Truck475734,3239,2224,2545,2759,214
Truck476120,2437,3239,2655,2759,104
Truck476169,2821,3239,2665,2759,94
Truck475487,2998,1339,2475,2760,285
Truck476257,3331,2437,2690,2760,70
Truck475206,3122,2224,2400,2761,361
Truck475209,2436,1338,2400,2761,361
Truck475834,2999,2822,2575,2761,186
Truck475986,3239,1339,2615,2761,146
Truck476448,3122,0,2745,2761,16
Truck476491,3331,2656,2755,2761,6
Truck475419,2655,2225,2460,2762,302
Truck475638,3122,2821,2520,2762,242
Truck475767,2436,2999,2555,2762,207
Truck476043,2821,2225,2630,2762,132
Truck476260,2822,2998,2690,2762,72
Truck474265,1338,3238,2140,2763,623
Truck474429,2655,1338,2185,2763,578
Truck475424,2225,2822,2460,2763,303
Truck476293,3331,2822,2700,2763,63
Truck476138,2437,2998,2660,2764,104
Truck476308,1339,3238,2705,2764,59
Truck476275,3331,1338,2695,2765,70
Truck475174,1339,2436,2390,2766,376
Truck475852,2999,2655,2580,2766,186
Truck475137,2436,0,2380,2767,387
Truck475968,3239,0,2610,2767,157
Truck476331,2821,2656,2710,2767,57
Truck476478,0,1339,2755,2767,12
Truck474283,1338,3238,2145,2768,623
Truck474447,2655,1338,2190,2768,578
Truck475442,2225,3239,2465,2768,303
Truck475999,3238,2437,2620,2768,148
Truck476149,3331,2998,2660,2768,108
Truck475211,2224,0,2400,2769,369
Truck475880,2656,3122,2585,2769,184
Truck476156,2437,2224,2665,2769,104
Truck476400,3239,2436,2730,2769,39
Truck475405,3238,2998,2455,2770,315
Truck475523,2998,1339,2485,2770,285
Truck475242,3122,2224,2410,2771,361
Truck475632,0,2822,2520,2771,251
Truck476020,1339,3239,2625,2771,146
Truck476276,2656,3121,2695,2771,76
Truck475648,2822,0,2520,2772,252
Truck475709,3121,1339,2540,2772,232
Truck476079,2821,2225,2640,2772,132
Truck476080,2822,2436,2640,2772,132
Truck476104,2999,2225,2650,2772,122
Truck476218,1339,2437,2680,2772,92
Truck476437,3331,3239,2740,2772,32
Truck476506,1339,0,2760,2772,12
Truck474517,1338,3122,2210,2773,563
Truck475673,3121,0,2530,2773,243
Truck475727,3121,3122,2545,2773,228
Truck475807,3331,3238,2565,2773,208
Truck476436,3239,3331,2740,2773,33
Truck475229,2224,0,2405,2774,369
Truck476174,2437,2821,2670,2774,104
Truck476223,2821,3239,2680,2774,94
Truck476418,3239,2999,2735,2774,39
Truck474841,1338,2437,2300,2775,475
Truck475816,2999,2436,2570,2776,206
Truck475011,2436,3238,2345,2777,432
Truck475129,1338,2999,2380,2777,397
Truck475692,3122,2821,2535,2777,242
Truck476097,2821,3121,2645,2777,132
Truck475173,2436,3239,2390,2778,388
Truck475478,2225,2224,2475,2778,303
Truck475912,1339,2656,2595,2778,183
Truck476040,3239,3122,2630,2778,148
Truck476338,2999,3121,2715,2778,63
Truck476438,2656,3239,2740,2778,38
Truck476458,2822,2821,2745,2778,33
Truck474540,3122,1338,2215,2779,564
Truck475603,3238,2822,2510,2779,269
Truck475689,2655,3121,2535,2779,244
Truck475691,3121,2998,2535,2779,244
Truck475746,3122,3121,2550,2779,229
Truck476175,2655,3122,2670,2779,109
Truck475619,3121,2436,2515,2780,265
Truck475714,1339,2821,2540,2780,240
Truck476238,3239,2821,2685,2780,95
Truck476329,3331,1338,2710,2780,70
Truck474535,1338,1339,2215,2781,566
Truck475679,2224,2225,2530,2781,251
Truck475744,2999,3238,2550,2781,231
Truck476056,1339,3239,2635,2781,146
Truck476312,2656,2225,2705,2781,76
Truck475333,3238,2225,2435,2782,347
Truck475750,1339,3121,2550,2782,232
Truck476115,2821,2655,2650,2782,132
Truck476542,1339,0,2770,2782,12
Truck474499,1338,2998,2205,2783,578
Truck475496,2225,2656,2480,2783,303
Truck475547,3121,3238,2495,2783,288
Truck475549,3238,3121,2495,2783,288
Truck475930,1339,2656,2600,2783,183
Truck475955,2998,2655,2605,2783,178
Truck476010,0,3239,2625,2783,158
Truck476264,2437,3122,2695,2783,88
Truck476282,2437,2999,2700,2783,83
Truck476454,3239,2656,2745,2783,38
Truck475737,2821,1339,2545,2784,239
Truck476210,2437,2822,2680,2784,104
Truck475254,0,2224,2415,2785,370
Truck475459,3238,2998,2470,2785,315
Truck475926,3122,2656,2600,2785,185
Truck476347,3331,2655,2715,2785,70
Truck476094,3239,2998,2645,2786,141
Truck476330,2656,2999,2710,2786,76
Truck476581,3331,2656,2780,2786,6
Truck475509,2655,2225,2485,2787,302
Truck476121,2655,2821,2655,2787,132
Truck476133,2821,2436,2655,2787,132
Truck476560,1339,0,2775,2787,12
Truck476474,2656,3239,2750,2788,38
Truck475725,2655,3121,2545,2789,244
Truck475580,2437,2436,2505,2790,285
Truck476172,0,2655,2670,2790,120
Truck475715,2224,3121,2540,2791,251
Truck476348,2656,2225,2715,2791,76
Truck476151,2821,2437,2660,2792,132
Truck474589,1338,3122,2230,2793,563
Truck475966,1339,2656,2610,2793,183
Truck476152,2822,2437,2660,2793,133
Truck476236,1339,2655,2685,2793,108
Truck474985,1338,3121,2340,2794,454
Truck475605,2436,2437,2510,2794,284
Truck476246,2437,3331,2690,2794,104
Truck476490,3239,3121,2755,2794,39
Truck476383,3331,2436,2725,2795,70
Truck475888,2999,2436,2590,2796,206
Truck475245,2436,2655,2410,2797,387
Truck475282,1339,2436,2420,2797,377
Truck476194,2999,2225,2675,2797,122
Truck476596,1339,0,2785,2797,12
Truck474553,1338,3239,2220,2798,578
Truck475550,2225,2655,2495,2798,303
Truck475873,3238,2656,2585,2798,213
Truck476009,2998,1338,2620,2798,178
Truck476064,0,3239,2640,2798,158
Truck476139,2655,3238,2660,2798,138
Truck476170,2822,3121,2665,2798,133
Truck476247,2655,1339,2690,2798,108
Truck476510,2656,3239,2760,2798,38
Truck475763,3121,2822,2555,2799,244
Truck475952,2656,0,2605,2799,194
Truck475938,0,2656,2605,2800,195
Truck475998,3122,3331,2620,2800,180
Truck476391,2655,3331,2730,2800,70
Truck475740,0,2822,2550,2801,251
Truck475751,2224,1338,2550,2801,251
Truck476021,2224,2656,2625,2801,176
Truck476384,2656,2436,2725,2801,76
Truck476495,2998,2821,2755,2801,46
Truck475222,2999,1338,2405,2802,397
Truck476188,2822,2437,2670,2802,132
Truck474571,1338,3239,2225,2803,578
Truck475257,2655,2436,2415,2803,388
Truck475568,2225,2821,2500,2803,303
Truck475915,3331,3238,2595,2803,208
Truck476027,2998,2437,2625,2803,178
Truck475779,2655,3121,2560,2804,244
Truck476405,2998,2224,2730,2804,74
Truck476526,3239,2225,2765,2804,39
Truck474950,2437,1338,2330,2806,476
Truck475613,2998,0,2510,2806,296
Truck475758,0,2822,2555,2806,251
Truck475761,2655,2224,2555,2806,251
Truck476042,2656,2224,2630,2806,176
Truck476148,3239,1339,2660,2806,146
Truck476402,2656,2437,2730,2806,76
Truck476610,3122,0,2790,2806,16
Truck476654,2656,3331,2800,2806,6
Truck475800,3122,2821,2565,2807,242
Truck475119,2436,3238,2375,2808,433
Truck475586,2225,2224,2505,2808,303
Truck476142,3122,3239,2660,2808,148
Truck476372,2437,2999,2725,2808,83
Truck475355,2224,0,2440,2809,369
Truck475988,2656,0,2615,2809,194
Truck476417,2224,2998,2735,2809,74
Truck474967,1338,2437,2335,2810,475
Truck475791,2821,0,2560,2810,250
Truck475792,2822,0,2560,2810,250
Truck475855,3238,2999,2580,2810,230
Truck476259,2821,2224,2690,2810,120
Truck475667,2998,3122,2525,2811,286
Truck476068,2999,3122,2640,2811,171
Truck476420,2656,2999,2735,2811,76
Truck475828,2822,3122,2570,2812,242
Truck476640,0,1339,2800,2812,12
Truck474607,1338,3331,2235,2813,578
Truck475657,3238,3121,2525,2813,288
Truck476038,1339,2656,2630,2813,183
Truck475817,3121,2998,2570,2814,244
Truck476074,1339,2999,2640,2814,174
Truck476364,3239,2821,2720,2815,95
Truck476455,3331,2225,2745,2815,70
Truck476476,2822,3331,2750,2815,65
Truck475658,2225,1339,2525,2816,291
Truck475805,2224,1338,2565,2816,251
Truck476032,2999,2655,2630,2816,186
Truck476075,2224,2656,2640,2816,176
Truck476182,1339,3239,2670,2816,146
Truck475317,2436,2998,2430,2817,387
Truck476242,2822,2436,2685,2817,132
Truck474625,1338,2822,2240,2818,578
Truck475674,3122,2225,2530,2818,288
Truck476179,3238,2437,2670,2818,148
Truck476336,2437,0,2715,2818,103
Truck476580,3239,2656,2780,2818,38
Truck475830,0,3121,2575,2819,244
Truck475835,3121,2821,2575,2819,244
Truck475003,1338,2437,2345,2820,475
Truck475703,2998,1339,2535,2820,285
Truck476050,2999,3331,2635,2821,186
Truck476093,2224,2656,2645,2821,176
Truck476456,2656,3121,2745,2821,76
Truck476460,0,3238,2750,2821,71
Truck475335,2436,2655,2435,2822,387
Truck476077,3331,2224,2640,2822,182
Truck476676,0,1339,2810,2822,12
Truck474643,1338,2224,2245,2823,578
Truck475640,2225,3239,2520,2823,303
Truck476059,3331,0,2635,2823,188
Truck476192,2437,3238,2675,2823,148
Truck476528,2656,2822,2765,2823,58
Truck476620,2822,2821,2790,2823,33
Truck475781,3121,2436,2560,2824,264
Truck475848,0,3121,2580,2824,244
Truck475853,3121,2821,2580,2824,244
Truck476354,2437,2821,2720,2824,104
Truck476598,3239,3121,2785,2824,39
Truck476088,3122,3331,2645,2825,180
Truck475189,3238,2436,2395,2826,431
Truck476067,2655,2999,2640,2826,186
Truck476585,2998,2821,2780,2826,46
Truck475353,2436,2822,2440,2827,387
Truck475407,2436,3122,2455,2827,372
Truck476095,3331,2224,2645,2827,182
Truck476494,2822,2224,2755,2827,72
Truck476529,2821,3331,2765,2827,62
Truck475650,0,2225,2525,2828,303
Truck475111,1338,3121,2375,2829,454
Truck475427,2224,0,2460,2829,369
Truck475462,1339,2224,2470,2829,359
Truck476509,3331,2437,2760,2830,70
Truck475040,2437,1338,2355,2831,476
Truck476086,2999,2224,2645,2831,186
Truck476496,0,3238,2760,2831,71
Truck476744,2656,3331,2825,2831,6
Truck475890,3122,2822,2590,2832,242
Truck476295,2821,2436,2700,2832,132
Truck475676,2225,2821,2530,2833,303
Truck475889,3121,0,2590,2833,243
Truck476390,2437,0,2730,2833,103
Truck475373,2224,3238,2445,2834,389
Truck476296,2822,2999,2700,2834,134
Truck476634,3239,3121,2795,2834,39
Truck475481,2224,3122,2475,2835,360
Truck475809,2821,3238,2565,2835,270
Truck475821,2436,3121,2570,2835,265
Truck475945,3238,2999,2605,2835,230
Truck476440,2822,3239,2740,2835,95
Truck476527,3331,2655,2765,2835,70
Truck476150,2656,2224,2660,2836,176
Truck475227,2436,3238,2405,2837,432
Truck475389,2436,2656,2450,2837,387
Truck476301,2655,2821,2705,2837,132
Truck476313,2821,1338,2705,2837,132
Truck474697,1338,3239,2260,2838,578
Truck476035,3238,3331,2630,2838,208
Truck476208,0,3239,2680,2838,158
Truck476409,2655,2437,2735,2838,103
Truck476408,2437,2822,2735,2839,104
Truck476525,2224,2998,2765,2839,74
Truck476652,3239,1338,2800,2839,39
Truck475775,2998,1339,2555,2840,285
Truck475443,2436,1339,2465,2841,376
Truck475895,2224,3121,2590,2841,251
Truck476122,2999,2224,2655,2841,186
Truck476176,2999,3122,2670,2841,171
Truck475707,2655,2225,2540,2842,302
Truck475961,3121,1339,2610,2842,232
Truck476462,2437,1339,2750,2842,92
Truck474715,1338,2656,2265,2843,578
Truck476171,2998,3121,2665,2843,178
Truck475857,2436,3121,2580,2844,264
Truck475920,0,3121,2600,2844,244
Truck476373,2655,0,2725,2844,119
Truck476426,2437,3239,2740,2844,104
Truck476500,2999,2437,2760,2844,84
Truck475517,2224,3122,2485,2845,360
Truck475837,3238,2821,2575,2845,270
Truck476370,0,2655,2725,2845,120
Truck476472,3239,2822,2750,2845,95
Truck476535,2655,2656,2770,2845,75
Truck475512,3122,2224,2485,2846,361
Truck475793,2998,3122,2560,2846,286
Truck475913,2224,3121,2595,2846,251
Truck476140,2999,2655,2660,2846,186
Truck476504,2225,2436,2760,2846,86
Truck476349,2821,2999,2715,2847,132
Truck476488,1339,2437,2755,2847,92
Truck476566,2822,2998,2775,2847,72
Truck474733,1338,3239,2270,2848,578
Truck475425,2436,2655,2460,2848,388
Truck475730,2225,2224,2545,2848,303
Truck476690,2656,3239,2810,2848,38
Truck475943,3121,2224,2605,2849,244
Truck476444,2437,2822,2745,2849,104
Truck476493,2821,3239,2755,2849,94
Truck476602,2822,3331,2785,2849,64
Truck475535,2224,3122,2490,2850,360
Truck476388,0,2655,2730,2850,120
Truck476403,2821,2224,2730,2850,120
Truck476430,3122,2655,2740,2850,110
Truck475530,3122,2224,2490,2851,361
Truck476158,2999,2655,2665,2851,186
Truck476328,3239,2998,2710,2851,141
Truck476523,2436,2225,2765,2851,86
Truck476564,2656,2225,2775,2851,76
Truck475748,2225,0,2550,2852,302
Truck476183,2224,3331,2670,2852,182
Truck476367,2821,2225,2720,2852,132
Truck476584,2822,2224,2780,2852,72
Truck476794,1339,0,2840,2852,12
Truck474751,1338,2821,2275,2853,578
Truck475799,3121,3238,2565,2853,288
Truck476207,2998,1338,2675,2853,178
Truck476445,2655,1339,2745,2853,108
Truck475959,2655,3121,2610,2854,244
Truck476508,3239,2822,2760,2855,95
Truck475804,1339,2225,2565,2856,291
Truck475941,2655,2224,2605,2856,251
Truck476109,2436,2999,2650,2856,206
Truck476582,2656,2437,2780,2856,76
Truck474814,1339,1338,2290,2857,567
Truck476386,2822,3121,2725,2857,132
Truck476414,2225,2999,2735,2857,122
Truck474769,1338,2822,2280,2858,578
Truck476033,3121,3122,2630,2858,228
Truck476626,2999,3121,2795,2858,63
Truck475891,3238,2822,2590,2859,269
Truck475977,2655,3121,2615,2859,244
Truck476480,2437,2998,2755,2859,104
Truck475971,2821,0,2610,2860,250
Truck476439,2821,2224,2740,2860,120
Truck476607,2655,3331,2790,2860,70
Truck476617,3331,2437,2790,2860,70
Truck474823,1338,1339,2295,2861,566
Truck475479,2436,2998,2475,2861,386
Truck475847,2998,3122,2575,2861,286
Truck476193,2655,2999,2675,2861,186
Truck476600,2656,2436,2785,2861,76
Truck476709,2821,2998,2815,2861,46
Truck476404,2822,3121,2730,2862,132
Truck476428,2999,2225,2740,2862,122
Truck475784,2225,2821,2560,2863,303
Truck475925,3121,2436,2600,2863,263
Truck475997,3121,0,2620,2863,243
Truck476243,2998,2436,2685,2863,178
Truck476513,2998,2656,2760,2863,103
Truck476552,2437,3122,2775,2863,88
Truck475237,1338,3121,2410,2864,454
Truck476498,2437,2821,2760,2864,104
Truck476556,3122,2437,2775,2864,89
Truck475985,2224,2999,2615,2866,251
Truck476870,2656,3331,2860,2866,6
Truck475892,2225,1338,2590,2867,277
Truck476421,2821,3121,2735,2867,132
Truck474805,1338,2224,2290,2868,578
Truck474807,2655,1338,2290,2868,578
Truck475802,2225,3331,2565,2868,303
Truck476261,2998,2437,2690,2868,178
Truck476358,3122,3239,2720,2868,148
Truck476395,3238,2655,2730,2868,138
Truck476422,2822,1338,2735,2868,133
Truck476499,2655,1339,2760,2868,108
Truck476762,2656,3239,2830,2868,38
Truck476015,3121,2224,2625,2869,244
Truck476240,2656,3122,2685,2869,184
Truck476516,2437,3239,2765,2869,104
Truck476760,3239,2655,2830,2869,39
Truck475876,1339,2998,2585,2870,285
Truck476653,3331,2437,2800,2870,70
Truck476683,3238,3122,2810,2870,60
Truck475515,2436,0,2485,2871,386
Truck476003,2224,2225,2620,2871,251
Truck476230,2999,2224,2685,2871,186
Truck476044,2822,3122,2630,2872,242
Truck476799,2821,2822,2840,2872,32
Truck474822,0,1338,2295,2873,578
Truck474825,2655,1338,2295,2873,578
Truck474877,1338,3122,2310,2873,563
Truck475820,2225,2822,2570,2873,303
Truck476279,2998,2999,2695,2873,178
Truck476382,3239,3122,2725,2873,148
Truck476517,2655,1339,2765,2873,108
Truck476524,1339,2655,2765,2873,108
Truck476796,3239,3331,2840,2873,33
Truck476226,0,3331,2685,2874,189
Truck476778,3239,2655,2835,2874,39
Truck475886,2437,2436,2590,2875,285
Truck475901,2998,1339,2590,2875,285
Truck475865,2998,0,2580,2876,296
Truck476248,2999,2998,2690,2876,186
Truck476062,2822,3122,2635,2877,242
Truck476457,2821,1338,2745,2877,132
Truck476486,2225,2999,2755,2877,122
Truck476727,2821,2656,2820,2877,57
Truck474679,1338,3238,2255,2878,623
Truck474843,2655,1338,2300,2878,578
Truck475838,2225,3239,2575,2878,303
Truck476297,2998,2225,2700,2878,178
Truck476698,2999,3121,2815,2878,63
Truck476051,3121,3331,2635,2879,244
Truck476107,3238,2999,2650,2880,230
Truck476302,2999,1339,2705,2880,175
Truck476511,2821,2224,2760,2880,120
Truck476538,3122,2655,2770,2880,110
Truck476719,3238,3122,2820,2880,60
Truck475588,1339,2436,2505,2881,376
Truck476266,2999,2821,2695,2881,186
Truck476672,2656,1338,2805,2881,76
Truck475551,2436,2224,2495,2882,387
Truck476475,2821,2437,2750,2882,132
Truck476833,3331,3239,2850,2882,32
Truck474859,1338,2822,2305,2883,578
Truck475856,2225,2998,2580,2883,303
Truck476123,3121,3122,2655,2883,228
Truck476315,2998,3121,2705,2883,178
Truck476814,3239,2656,2845,2883,38
Truck475929,2436,2437,2600,2884,284
Truck476069,3121,2655,2640,2884,244
Truck476728,2822,3331,2820,2884,64
Truck476938,1339,3122,2880,2884,4
Truck476228,2437,2225,2685,2885,200
Truck476701,3238,0,2815,2885,70
Truck475910,2225,1339,2595,2886,291
Truck476057,2224,1338,2635,2886,251
Truck476280,0,2999,2700,2886,186
Truck476284,2999,2656,2700,2886,186
Truck475569,2436,2998,2500,2887,387
Truck476333,2998,2655,2710,2888,178
Truck476571,2655,1339,2780,2888,108
Truck476642,2437,3122,2800,2888,88
Truck475560,0,2436,2500,2889,389
Truck476082,0,3121,2645,2889,244
Truck476085,2655,3121,2645,2889,244
Truck476087,3121,3239,2645,2889,244
Truck476588,2437,2998,2785,2889,104
Truck475620,3122,2436,2515,2890,375
Truck475624,1339,2436,2515,2890,375
Truck476304,3122,2656,2705,2890,185
Truck475587,2436,2821,2505,2892,387
Truck476106,3122,2821,2650,2892,242
Truck476599,3331,2998,2785,2893,108
Truck475589,2224,3238,2505,2894,389
Truck475661,2224,0,2525,2894,369
Truck476105,3121,2821,2650,2894,244
Truck476606,2437,3331,2790,2894,104
Truck476773,3238,3122,2835,2895,60
Truck475937,2998,0,2600,2896,296
Truck476098,2822,0,2645,2896,251
Truck476320,2999,0,2710,2896,186
Truck476374,2999,3122,2725,2896,171
Truck474913,1338,0,2320,2897,577
Truck476124,3122,2822,2655,2897,242
Truck476376,3122,2999,2725,2897,172
Truck476530,2822,2225,2765,2897,132
Truck476779,3331,2822,2835,2897,62
Truck476134,2822,3122,2655,2898,243
Truck476369,2998,2225,2720,2898,178
Truck476639,2998,2656,2795,2898,103
Truck475363,1338,3121,2445,2899,454
Truck476568,0,2655,2780,2900,120
Truck476761,3331,2999,2830,2900,70
Truck476111,2224,2225,2650,2901,251
Truck476392,2999,3122,2730,2901,171
Truck476748,0,3238,2830,2901,71
Truck476952,3122,0,2885,2901,16
Truck476547,2821,2437,2770,2902,132
Truck476576,2225,2999,2780,2902,122
Truck475928,2225,2655,2600,2903,303
Truck475981,3238,3121,2615,2903,288
Truck476255,2224,3239,2690,2903,213
Truck476269,3238,3331,2695,2903,208
Truck476387,2998,2999,2725,2903,178
Truck475625,2224,3238,2515,2904,389
Truck476141,3121,2655,2660,2904,244
Truck476759,2224,2998,2830,2904,74
Truck476765,2998,2224,2830,2904,74
Truck476812,1339,3238,2845,2904,59
Truck476164,1339,2821,2665,2905,240
Truck476306,2225,2437,2705,2905,200
Truck476769,2655,3331,2835,2905,70
Truck476129,2224,2436,2655,2906,251
Truck476356,2999,2655,2720,2906,186
Truck476399,2224,2656,2730,2906,176
Truck475946,2225,0,2605,2907,302
Truck476401,3331,1339,2730,2907,177
Truck476565,2821,3121,2775,2907,132
Truck474793,3238,1338,2285,2908,623
Truck474949,1338,2822,2330,2908,578
Truck476643,2655,1339,2800,2908,108
Truck476159,3121,2656,2665,2909,244
Truck476214,3122,3121,2680,2909,229
Truck476660,2437,3331,2805,2909,104
Truck476827,3238,1339,2850,2909,59
Truck476136,0,2822,2660,2910,250
Truck476215,3238,2999,2680,2910,230
Truck476619,2821,2224,2790,2910,120
Truck476797,3331,2436,2840,2910,70
Truck475696,1339,2436,2535,2911,376
Truck475991,2998,0,2615,2911,296
Truck476147,2224,2437,2660,2911,251
Truck476212,2999,3238,2680,2911,231
Truck476544,3239,2998,2770,2911,141
Truck476583,2821,2437,2780,2912,132
Truck475659,2436,3331,2525,2913,388
Truck475964,2225,3239,2610,2913,303
Truck476017,3238,3121,2625,2913,288
Truck476294,2656,3238,2700,2913,213
Truck476311,3331,3238,2705,2913,208
Truck476675,2998,3331,2805,2913,108
Truck475710,3122,2436,2540,2914,374
Truck476177,3121,3331,2670,2914,244
Truck476434,1339,2999,2740,2914,174
Truck476678,2437,2998,2810,2914,104
Truck476922,3239,2436,2875,2914,39
Truck475722,0,2224,2545,2915,370
Truck475769,2224,3122,2555,2915,360
Truck476233,3238,2999,2685,2915,230
Truck476724,3239,2822,2820,2915,95
Truck476815,3331,2655,2845,2915,70
Truck475764,3122,2224,2555,2916,361
Truck476165,2224,2655,2665,2916,251
Truck475819,3238,2225,2570,2917,347
Truck476756,2225,2436,2830,2917,87
Truck476961,2821,2822,2885,2917,32
Truck475982,2225,3239,2615,2918,303
Truck476323,3238,3331,2710,2918,208
Truck476441,2998,2655,2740,2918,178
Truck476534,2437,3238,2770,2918,148
Truck476689,3331,2998,2810,2918,108
Truck476750,2437,3122,2830,2918,88
Truck476679,2655,3122,2810,2919,109
Truck475039,1338,1339,2355,2921,566
Truck475731,2436,1339,2545,2921,376
Truck475732,1339,2436,2545,2921,376
Truck475782,3122,2224,2560,2921,361
Truck476410,2999,3239,2735,2921,186
Truck476562,3239,1339,2775,2921,146
Truck476816,2656,2225,2845,2921,76
Truck475695,2436,0,2535,2922,387
Truck476836,2822,2224,2850,2922,72
Truck476888,2656,2821,2865,2922,57
Truck474847,3238,1338,2300,2923,623
Truck476459,2998,2655,2745,2923,178
Truck476557,3238,2437,2775,2923,148
Truck476707,3331,2998,2815,2923,108
Truck476712,0,2437,2820,2923,103
Truck476949,2655,3239,2885,2923,38
Truck475453,1338,3121,2470,2924,454
Truck476958,3239,2999,2885,2924,39
Truck475963,3238,2998,2610,2925,315
Truck476673,2821,2224,2805,2925,120
Truck476851,3331,2225,2855,2925,70
Truck476045,2998,0,2630,2926,296
Truck476201,2224,3121,2675,2926,251
Truck476834,2656,2436,2850,2926,76
Truck476906,2656,2822,2870,2926,56
Truck476072,2225,3122,2640,2927,287
Truck476637,2821,2999,2795,2927,132
Truck475021,1338,2822,2350,2928,578
Truck476018,2225,2656,2625,2928,303
Truck476365,3331,3238,2720,2928,208
Truck476463,2655,2998,2750,2928,178
Truck476477,2998,2225,2750,2928,178
Truck476570,2437,3238,2780,2928,148
Truck476231,3121,2821,2685,2929,244
Truck476286,3122,3121,2700,2929,229
Truck476638,2822,2436,2795,2929,134
Truck476715,2655,3122,2820,2929,109
Truck475776,0,2224,2560,2930,370
Truck476143,3238,2821,2660,2930,270
Truck475768,1339,2436,2555,2931,376
Truck476099,2998,3122,2645,2931,286
Truck476119,1338,2225,2655,2931,276
Truck476219,2224,2655,2680,2931,251
Truck476446,2999,3331,2745,2931,186
Truck476852,2656,1338,2855,2931,76
Truck477104,2656,3331,2925,2931,6
Truck475874,2225,3238,2585,2932,347
Truck476250,3122,2821,2690,2932,242
Truck476473,3331,2224,2750,2932,182
Truck476655,2821,1338,2800,2932,132
Truck476810,2225,2436,2845,2932,87
Truck476926,2822,2656,2875,2932,57
Truck477015,2821,2822,2900,2932,32
Truck475841,2224,1339,2575,2933,358
Truck476036,2225,2655,2630,2933,303
Truck475729,3238,2224,2545,2934,389
Truck476697,2655,0,2815,2934,119
Truck475803,2436,3122,2565,2936,371
Truck476237,2224,2999,2685,2936,251
Truck476464,2999,3331,2750,2936,186
Truck476800,2822,3239,2840,2936,96
Truck477072,0,3122,2920,2936,16
Truck475749,2436,2224,2550,2937,387
Truck476049,2655,2225,2635,2937,302
Truck476520,3122,2999,2765,2937,172
Truck476890,2822,2998,2865,2937,72
Truck476916,3122,3238,2875,2937,62
Truck476923,3331,2822,2875,2937,62
Truck476942,2656,2821,2880,2937,57
Truck474901,3238,1338,2315,2938,623
Truck475057,1338,2656,2360,2938,578
Truck476054,2225,2656,2635,2938,303
Truck476377,3238,2656,2725,2938,213
Truck476195,3121,2436,2675,2939,264
Truck476751,2655,3122,2830,2939,109
Truck476905,3331,2437,2870,2940,70
Truck476482,2999,3331,2755,2941,186
Truck475909,3238,2225,2595,2942,347
Truck476326,1339,3121,2710,2942,232
Truck476691,2821,2655,2810,2942,132
Truck477049,3331,3239,2910,2942,32
Truck475075,1338,2822,2365,2943,578
Truck476217,2436,3121,2680,2943,263
Truck476285,3121,0,2700,2943,243
Truck476941,3331,2822,2880,2943,63
Truck476692,2822,2225,2810,2944,134
Truck476146,1339,2998,2660,2945,285
Truck476536,2999,1339,2770,2945,175
Truck476745,2821,2224,2825,2945,120
Truck476832,3239,2821,2850,2945,95
Truck475785,2436,0,2560,2946,386
Truck476206,2822,3238,2675,2946,271
Truck476262,0,2822,2695,2946,251
Truck476273,2224,2436,2695,2946,251
Truck476650,1339,3239,2800,2946,146
Truck476545,3331,1339,2770,2947,177
Truck476710,2822,2225,2815,2947,132
Truck475093,1338,2822,2370,2948,578
Truck476314,2822,3122,2705,2948,243
Truck476549,2998,2436,2770,2948,178
Truck476492,2656,0,2755,2949,194
Truck476804,2437,2998,2845,2949,104
Truck476971,3238,3122,2890,2950,60
Truck476191,1338,2225,2675,2951,276
Truck476283,2655,2224,2700,2951,251
Truck476518,2999,2821,2765,2951,186
Truck475641,2436,3238,2520,2952,432
Truck476332,2822,3122,2710,2952,242
Truck476574,3122,2999,2780,2952,172
Truck476944,2822,2224,2880,2952,72
Truck475794,0,2436,2565,2953,388
Truck476108,2225,2655,2650,2953,303
Truck476563,3331,3122,2775,2953,178
Truck476567,2998,3121,2775,2953,178
Truck477068,2656,3239,2915,2953,38
Truck476868,3239,2822,2860,2954,94
Truck476896,2999,2437,2870,2954,84
Truck476071,3238,2998,2640,2955,315
Truck476469,2436,2999,2750,2955,205
Truck476711,2998,3239,2815,2955,140
Truck475908,3122,2224,2595,2956,361
Truck476298,0,2821,2705,2956,251
Truck476309,2224,1338,2705,2956,251
Truck476688,3239,1339,2810,2956,146
Truck476216,2225,1338,2680,2957,277
Truck476350,2822,3122,2715,2957,242
Truck476733,2655,2821,2825,2957,132
Truck477014,2656,2821,2900,2957,57
Truck475931,2224,1339,2600,2958,358
Truck476126,2225,2655,2655,2958,303
Truck476578,1339,3331,2780,2958,178
Truck476271,2436,3121,2695,2959,264
Truck476840,2437,3239,2855,2959,104
Truck477007,3238,1339,2900,2959,59
Truck477084,3239,2655,2920,2959,39
Truck476251,3238,2821,2690,2960,270
Truck476977,3331,3121,2890,2960,70
Truck475677,2436,3238,2530,2961,431
Truck476316,0,2821,2710,2961,251
Truck476554,2999,2998,2775,2961,186
Truck476960,2656,2437,2885,2961,76
Truck475839,2436,3331,2575,2962,387
Truck475893,2436,3122,2590,2962,372
Truck476368,2822,3122,2720,2962,242
Truck476670,3239,0,2805,2962,157
Truck476763,2821,2999,2830,2962,132
Truck477005,3121,2999,2900,2962,62
Truck477013,3331,2821,2900,2962,62
Truck475147,1338,2822,2385,2963,578
Truck475201,1338,3122,2400,2963,563
Truck476144,2225,3239,2660,2963,303
Truck476197,3238,3121,2675,2963,288
Truck476603,2998,2436,2785,2963,178
Truck476706,3239,3122,2815,2963,148
Truck476841,2655,1339,2855,2963,108
Truck476912,2437,3122,2875,2963,88
Truck476352,0,3121,2720,2964,244
Truck476355,2655,3121,2720,2964,244
Truck476357,3121,2224,2720,2964,244
Truck476546,2656,0,2770,2964,194
Truck476550,0,3331,2775,2964,189
Truck476858,2437,2998,2860,2964,104
Truck477102,3239,1338,2925,2964,39
Truck476385,2821,3122,2725,2965,240
Truck475911,2436,3122,2595,2966,371
Truck476334,0,2821,2715,2966,251
Truck476337,2655,2224,2715,2966,251
Truck476345,2224,2437,2715,2966,251
Truck476572,2999,2655,2780,2966,186
Truck476732,2437,3121,2825,2966,141
Truck476999,2998,2822,2895,2966,71
Truck477186,3122,0,2950,2966,16
Truck475894,1339,2436,2590,2967,377
Truck476781,2821,2655,2835,2967,132
Truck476782,2822,2655,2835,2967,132
Truck475165,1338,3239,2390,2968,578
Truck476154,0,2225,2665,2968,303
Truck476162,2225,2822,2665,2968,303
Truck476632,1339,2999,2795,2969,174
Truck475543,1338,2437,2495,2970,475
Truck475967,2224,3122,2610,2970,360
Truck476135,2998,3238,2655,2970,315
Truck476398,1339,2822,2730,2970,240
Truck476363,2224,1338,2720,2971,251
Truck476394,3122,2822,2730,2971,241
Truck476629,3238,3239,2795,2971,176
Truck475831,1338,2999,2575,2972,397
Truck476232,3122,2998,2685,2972,287
Truck476234,2225,3122,2685,2972,287
Truck477226,1339,0,2960,2972,12
Truck475183,1338,3331,2395,2973,578
Truck475875,2436,2998,2585,2973,388
Truck476180,2225,2998,2670,2973,303
Truck476393,3121,0,2730,2973,243
Truck476694,0,3239,2815,2973,158
Truck476887,3331,2998,2865,2973,108
Truck475984,1339,2224,2615,2974,359
Truck476321,3121,2436,2710,2974,264
Truck476894,2437,2655,2870,2974,104
Truck476968,2999,2437,2890,2974,84
Truck476153,2998,3238,2660,2975,315
Truck477031,3331,2436,2905,2975,70
Truck476381,2224,2999,2725,2976,251
Truck476608,2999,0,2790,2976,186
Truck477123,2821,2998,2930,2976,46
Truck475975,1338,2436,2615,2977,362
Truck476198,2225,0,2675,2977,302
Truck476447,3121,1339,2745,2977,232
Truck477067,3331,2821,2915,2977,62
Truck477086,2656,2821,2920,2977,57
Truck476249,3121,3238,2690,2978,288
Truck476636,2656,1339,2795,2978,183
Truck476902,1339,2655,2870,2978,108
Truck475944,3122,2436,2605,2979,374
Truck476002,1339,2224,2620,2979,359
Truck476411,3121,3331,2735,2979,244
Truck476859,2655,0,2860,2979,119
Truck477156,3239,2225,2940,2979,39
Truck476801,2998,3239,2840,2980,140
Truck476856,0,2655,2860,2980,120
Truck476665,3238,3239,2805,2981,176
Truck475870,2999,1338,2585,2982,397
Truck476835,2821,2436,2850,2982,132
Truck476990,2225,2436,2895,2982,87
Truck477052,2822,2224,2910,2982,72
Truck477105,2821,2656,2925,2982,57
Truck477106,2822,2656,2925,2982,57
Truck475219,1338,2224,2405,2983,578
Truck476267,3121,3238,2695,2983,288
Truck476268,3122,2225,2695,2983,288
Truck476427,2655,3121,2740,2984,244
Truck476429,3121,2656,2740,2984,244
Truck476930,2437,2821,2880,2984,104
Truck477047,2224,2998,2910,2984,74
Truck476485,3238,2999,2755,2985,230
Truck476406,0,2822,2735,2986,251
Truck476644,2999,2998,2800,2986,186
Truck477050,2656,2436,2910,2986,76
Truck475765,3238,2436,2555,2987,432
Truck476853,2821,2437,2855,2987,132
Truck476854,2822,2436,2855,2987,132
Truck476984,2437,1339,2895,2987,92
Truck476992,1339,2437,2895,2987,92
Truck476786,2437,3238,2840,2988,148
Truck476948,2437,2822,2885,2989,104
Truck477006,3122,2437,2900,2989,89
Truck476622,0,2656,2795,2990,195
Truck476590,2999,2436,2785,2991,206
Truck476662,2999,2821,2805,2991,186
Truck476501,3121,1339,2760,2992,232
Truck476871,2821,2225,2860,2992,132
Truck476872,2822,2999,2860,2992,132
Truck477010,1339,2437,2900,2992,92
Truck477121,3331,2821,2930,2992,62
Truck475255,1338,2822,2415,2993,578
Truck476252,2225,2656,2690,2993,303
Truck476671,3331,0,2805,2993,188
Truck476465,3121,2821,2750,2994,244
Truck477210,3239,2225,2955,2994,39
Truck476318,2437,2436,2710,2995,285
Truck475965,2436,3331,2610,2996,386
Truck476055,2436,1338,2635,2996,361
Truck476442,0,2822,2745,2996,251
Truck476453,2224,2655,2745,2996,251
Truck476830,1339,3239,2850,2996,146
Truck475924,2999,1338,2600,2997,397
Truck476725,3331,1339,2820,2997,177
Truck476736,3122,2999,2825,2997,172
Truck476889,2821,2436,2865,2997,132
Truck477158,2656,2821,2940,2997,57
Truck475272,0,1338,2420,2998,578
Truck475273,1338,2998,2420,2998,578
Truck476270,2225,2998,2695,2998,303
Truck476483,3121,0,2755,2998,243
Truck476729,2998,2999,2820,2998,178
Truck476974,1339,2655,2890,2998,108
Truck476708,2656,3122,2815,2999,184
Truck477107,2998,2224,2925,2999,74
Truck476073,2436,1338,2640,3000,360
Truck476718,3122,3331,2820,3000,180
Truck476351,2998,3122,2715,3001,286
Truck477176,2656,2822,2945,3001,56
Truck477215,2998,2821,2955,3001,46
Truck475983,2436,2656,2615,3002,387
Truck476340,3122,2998,2715,3002,287
Truck476502,3122,2822,2760,3002,242
Truck476512,2822,3122,2760,3002,242
Truck476742,3239,3238,2825,3002,177
Truck476907,2821,3121,2870,3002,132
Truck475291,1338,2998,2425,3003,578
Truck476288,2225,2224,2700,3003,303
Truck476339,3121,3238,2715,3003,288
Truck476618,2656,3238,2790,3003,213
Truck476635,3331,3238,2795,3003,208
Truck476726,2656,1339,2820,3003,183
Truck476747,2998,2225,2825,3003,178
Truck477017,2998,2656,2900,3003,103
Truck475745,3121,1338,2550,3004,454
Truck476616,3239,2224,2790,3004,214
Truck476758,1339,2999,2830,3004,174
Truck477246,3239,2436,2965,3004,39
Truck476946,0,2655,2885,3005,120
Truck476988,3122,2655,2895,3005,110
Truck477133,3238,0,2935,3005,70
Truck476001,2436,2655,2620,3006,386
Truck476344,1339,2225,2715,3006,291
Truck476489,2224,1338,2755,3006,251
Truck476716,2999,0,2820,3006,186
Truck476866,1339,3239,2860,3006,146
Truck477122,2656,2437,2930,3006,76
Truck476925,2821,3121,2875,3007,132
Truck477167,3121,2999,2945,3007,62
Truck477177,2821,3331,2945,3007,62
Truck476519,3121,3331,2765,3009,244
Truck477020,2437,2821,2905,3009,104
Truck477137,2224,2822,2935,3009,74
Truck477151,3238,0,2940,3010,70
Truck476734,2999,2998,2825,3011,186
Truck477161,2998,2822,2940,3011,71
Truck477193,3331,2822,2950,3011,61
Truck477342,0,3122,2995,3011,16
Truck475372,1339,1338,2445,3012,567
Truck475978,2999,1338,2615,3012,397
Truck476019,2436,3239,2625,3012,387
Truck476101,1338,2436,2650,3012,362
Truck476319,2655,2225,2710,3012,302
Truck476850,3239,0,2855,3012,157
Truck477160,2822,2998,2940,3012,72
Truck477195,2821,3331,2950,3012,62
Truck475171,3238,1338,2390,3013,623
Truck475327,1338,2998,2435,3013,578
Truck476324,2225,3331,2710,3013,303
Truck476375,3121,3238,2725,3013,288
Truck476783,2998,1338,2835,3013,178
Truck476070,3122,2436,2640,3014,374
Truck476537,3121,2224,2770,3014,244
Truck476592,3122,3121,2785,3014,229
Truck477406,1339,3122,3010,3014,4
Truck476514,0,2822,2765,3015,250
Truck476696,2437,2225,2815,3015,200
Truck476927,2998,3239,2875,3015,140
Truck477175,3331,1338,2945,3015,70
Truck476037,2436,2822,2630,3016,386
Truck476752,2999,2224,2830,3016,186
Truck477269,2998,2821,2970,3016,46
Truck477360,0,3122,3000,3016,16
Truck477402,3122,1339,3010,3016,6
Truck477409,3331,2656,3010,3016,6
Truck476986,2999,2225,2895,3017,122
Truck477116,2225,2436,2930,3017,87
Truck477211,3331,2821,2955,3017,62
Truck475344,0,1338,2440,3018,578
Truck475345,1338,3239,2440,3018,578
Truck476342,2225,2822,2715,3018,303
Truck476931,2655,3238,2880,3018,138
Truck476962,2822,2437,2885,3018,133
Truck477057,2655,2437,2915,3018,103
Truck477056,2437,2656,2915,3019,104
Truck477179,2998,2224,2945,3019,74
Truck476091,2436,1339,2645,3020,375
Truck476423,2998,1339,2735,3020,285
Truck476945,2998,3239,2880,3020,140
Truck477165,2655,2656,2945,3020,75
Truck475724,2437,1338,2545,3021,476
Truck476532,0,2821,2770,3021,251
Truck476770,2999,2821,2835,3021,186
Truck476014,2999,1338,2625,3022,397
Truck476450,2225,1338,2745,3022,277
Truck476548,2822,0,2770,3022,252
Truck476609,3121,1339,2790,3022,232
Truck476886,3239,0,2865,3022,157
Truck476979,2821,1338,2890,3022,132
Truck477196,2822,2224,2950,3022,72
Truck476360,2225,2656,2720,3023,303
Truck476627,3121,3122,2795,3023,228
Truck476819,2998,1338,2845,3023,178
Truck476980,2822,3121,2890,3023,133
Truck476573,3121,2224,2780,3024,244
Truck476766,0,3331,2835,3024,189
Truck476798,2656,3122,2840,3024,184
Truck477074,2437,2655,2920,3024,104
Truck477318,3239,2436,2985,3024,39
Truck476601,2821,3122,2785,3025,240
Truck476738,2225,2437,2825,3025,200
Truck476553,2655,2224,2775,3026,251
Truck476788,2999,0,2840,3026,186
Truck476985,2655,2822,2895,3026,131
Truck477194,2656,2655,2950,3026,76
Truck477305,2998,2821,2980,3026,46
Truck475381,1338,0,2450,3027,577
Truck476904,3239,0,2870,3027,157
Truck477247,3331,2822,2965,3027,62
Truck476378,2225,2821,2725,3028,303
Truck476823,2655,2998,2850,3028,178
Truck476837,2998,1338,2850,3028,178
Truck476892,0,3239,2870,3028,158
Truck476967,2655,3238,2890,3028,138
Truck476998,2822,2437,2895,3028,133
Truck477082,1339,2655,2920,3028,108
Truck477089,2998,3331,2920,3028,108
Truck477358,2822,2821,2995,3028,33
Truck476591,3121,3239,2785,3029,244
Truck476646,3122,3121,2800,3029,229
Truck477150,3122,2437,2940,3029,89
Truck476341,3238,2998,2715,3030,315
Truck476452,1339,2998,2745,3030,285
Truck476614,1339,2821,2790,3030,240
Truck476981,2998,3239,2890,3030,140
Truck477229,3331,2655,2960,3030,70
Truck476806,2999,2822,2845,3031,186
Truck476966,2437,3121,2890,3031,141
Truck477212,2656,2655,2955,3031,76
Truck477321,2821,2998,2985,3031,46
Truck475927,3238,2436,2600,3032,432
Truck475398,0,1338,2455,3033,578
Truck475399,1338,3331,2455,3033,578
Truck476396,2225,2998,2730,3033,303
Truck476743,3331,3238,2825,3033,208
Truck477108,0,2437,2930,3033,103
Truck475849,1338,3121,2580,3034,454
Truck476470,1339,2998,2750,3035,285
Truck476589,2655,2224,2785,3036,251
Truck476863,3238,3239,2860,3036,176
Truck476878,2999,3122,2865,3036,171
Truck476976,3239,1339,2890,3036,146
Truck477230,2656,2225,2960,3036,76
Truck477251,2998,2822,2965,3036,71
Truck477432,0,3122,3020,3036,16
Truck476424,0,2998,2740,3037,297
Truck475417,1338,2998,2460,3038,578
Truck475947,2436,3238,2605,3038,433
Truck476466,3122,2225,2750,3038,288
Truck476467,3238,3121,2750,3038,288
Truck476539,3238,2822,2770,3038,268
Truck476873,2998,2437,2860,3038,178
Truck477140,2656,2998,2935,3038,103
Truck477174,3239,2822,2945,3039,94
Truck477372,3239,1338,3000,3039,39
Truck476842,2999,0,2855,3041,186
Truck476994,3239,1339,2895,3041,146
Truck476432,2225,0,2740,3042,302
Truck476775,2436,2999,2835,3042,207
Truck476869,3331,2224,2860,3042,182
Truck477039,2655,2822,2910,3042,132
Truck477051,2821,2436,2910,3042,132
Truck477411,2821,2822,3010,3042,32
Truck476127,2436,3331,2655,3043,388
Truck476656,2822,3122,2800,3043,243
Truck476877,2655,2998,2865,3043,178
Truck476645,3121,2822,2800,3044,244
Truck477146,2437,2821,2940,3044,104
Truck477263,2224,2998,2970,3044,74
Truck477283,3331,2436,2975,3045,70
Truck476860,2999,2224,2860,3046,186
Truck477030,3239,2998,2905,3046,141
Truck477266,2656,2436,2970,3046,76
Truck477468,0,3122,3030,3046,16
Truck476540,2225,1338,2770,3047,277
Truck477070,2822,1338,2915,3047,132
Truck477224,2225,2436,2960,3047,87
Truck477312,3122,3238,2985,3047,62
Truck477486,0,1339,3035,3047,12
Truck475507,1338,3122,2485,3048,563
Truck476686,1339,2822,2810,3048,238
Truck476777,2224,3239,2835,3048,213
Truck476780,2656,3238,2835,3048,213
Truck477002,2437,3238,2900,3048,148
Truck477162,0,2437,2945,3048,103
Truck477164,2437,0,2945,3048,103
Truck477408,3239,2656,3010,3048,38
Truck476575,3238,2822,2780,3049,269
Truck476658,0,3121,2805,3049,244
Truck476663,3121,2821,2805,3049,244
Truck476897,3121,2225,2870,3049,179
Truck477287,2998,2224,2975,3049,74
Truck477340,2822,2656,2990,3049,59
Truck476822,2437,2225,2850,3050,200
Truck476838,0,2656,2855,3050,195
Truck476651,2224,1338,2800,3051,251
Truck477038,2437,3121,2910,3051,141
Truck476163,2436,2821,2665,3052,387
Truck476722,1339,3121,2820,3052,232
Truck476934,3122,2999,2880,3052,172
Truck477075,2655,2822,2920,3052,132
Truck477087,2821,1338,2920,3052,132
Truck475309,1338,3238,2430,3053,623
Truck475471,1338,2998,2475,3053,578
Truck476468,2225,2821,2750,3053,303
Truck477172,1339,2655,2945,3053,108
Truck477183,2655,2437,2950,3053,103
Truck477428,2656,3239,3015,3053,38
Truck476681,3121,2224,2810,3054,244
Truck477088,2822,1338,2920,3054,134
Truck477182,2437,2998,2950,3054,104
Truck477349,3238,1339,2995,3054,59
Truck476704,1339,2821,2815,3055,240
Truck477071,2998,3239,2915,3055,140
Truck477126,0,2655,2935,3055,120
Truck477168,3122,2655,2945,3055,110
Truck477228,3239,2821,2960,3055,95
Truck477319,3331,2655,2985,3055,70
Truck476181,2436,2998,2670,3056,386
Truck476669,2224,3121,2805,3056,251
Truck476824,2999,2436,2850,3056,206
Truck477066,3239,2998,2915,3056,141
Truck477302,2656,2999,2980,3056,76
Truck477510,3122,0,3040,3056,16
Truck476700,3122,2821,2815,3057,242
Truck477012,3239,0,2900,3057,157
Truck477236,2437,1339,2965,3057,92
Truck477347,3121,2999,2995,3057,62
Truck475489,1338,2655,2480,3058,578
Truck476699,3121,0,2815,3058,243
Truck477197,2998,3331,2950,3058,108
Truck476754,3122,3121,2830,3059,229
Truck476924,2656,3122,2875,3059,184
Truck476291,2224,3122,2700,3060,360
Truck477250,2822,3239,2965,3060,95
Truck477337,3331,3121,2990,3060,70
Truck476199,2436,2224,2675,3061,386
Truck476531,2998,0,2765,3061,296
Truck476914,2999,2821,2875,3061,186
Truck477572,2656,3331,3055,3061,6
Truck476155,1338,2999,2665,3062,397
Truck477550,1339,0,3050,3062,12
Truck476717,3121,0,2820,3063,243
Truck476740,1339,2822,2825,3063,238
Truck476845,3238,3331,2855,3063,208
Truck476959,3331,3122,2885,3063,178
Truck477219,2655,2437,2960,3063,103
Truck477394,2822,2656,3005,3063,58
Truck477218,2437,3331,2960,3064,104
Truck477462,3239,2225,3025,3064,39
Truck476705,2224,3121,2815,3066,251
Truck476932,2999,2656,2880,3066,186
Truck476978,2656,2224,2890,3066,176
Truck477264,3239,2822,2970,3066,96
Truck476612,2225,1338,2790,3067,277
Truck477048,3239,0,2910,3067,157
Truck477142,2822,2436,2935,3067,132
Truck475525,1338,2998,2490,3068,578
Truck476522,2225,2224,2765,3068,303
Truck477111,2655,3238,2930,3068,138
Truck475979,3121,1338,2615,3069,454
Truck477294,3122,2437,2980,3069,89
Truck477403,3238,1339,3010,3069,59
Truck477480,3239,2225,3030,3069,39
Truck475903,1338,2437,2595,3070,475
Truck476647,3238,2821,2800,3070,270
Truck476791,3238,2999,2840,3070,230
Truck477282,3239,2822,2975,3070,95
Truck477345,2655,2656,2995,3070,75
Truck477373,3331,2225,3000,3070,70
Truck476317,1338,2436,2710,3071,361
Truck476723,2224,2437,2820,3071,251
Truck476950,2999,2224,2885,3071,186
Truck477356,2656,2436,2995,3071,76
Truck476235,2436,0,2685,3072,387
Truck476995,3331,1339,2895,3072,177
Truck477376,2822,2998,3000,3072,72
Truck475545,2655,1338,2495,3073,578
Truck476593,3238,3121,2785,3073,288
Truck477092,2437,3238,2925,3073,148
Truck477430,2822,2656,3015,3073,58
Truck476753,3121,2224,2830,3074,244
Truck477254,2437,2224,2970,3074,104
Truck477498,3239,1338,3035,3074,39
Truck476776,1339,2821,2835,3075,240
Truck476918,2225,2437,2875,3075,200
Truck477300,3239,2821,2980,3075,95
Truck477381,2655,3331,3005,3075,70
Truck476674,2822,3238,2805,3076,271
Truck476746,2822,0,2825,3076,251
Truck476964,0,2999,2890,3076,186
Truck477128,2437,3121,2935,3076,141
Truck477138,3239,2998,2935,3076,141
Truck477625,3331,2656,3070,3076,6
Truck476253,2436,0,2690,3077,387
Truck476648,2225,1338,2800,3077,277
Truck477446,2656,2821,3020,3077,57
Truck475561,1338,3331,2500,3078,578
Truck475563,2655,1338,2500,3078,578
Truck475615,1338,3122,2515,3078,563
Truck476881,3238,2656,2865,3078,213
Truck476885,2224,3239,2865,3078,213
Truck477115,3238,2437,2930,3078,148
Truck477147,2655,3238,2940,3078,138
Truck477538,2822,2821,3045,3078,33
Truck476771,3121,2656,2835,3079,244
Truck477272,2437,2998,2975,3079,104
Truck477442,1339,3238,3020,3079,59
Truck476764,2822,0,2830,3080,250
Truck476982,0,2999,2895,3081,186
Truck477392,2656,2436,3005,3081,76
Truck476413,3238,2225,2735,3082,347
Truck476628,3122,2998,2795,3082,287
Truck476825,3121,1339,2850,3082,232
Truck475579,1338,2821,2505,3083,578
Truck476265,2655,2436,2695,3083,388
Truck477035,2998,3121,2905,3083,178
Truck477280,1339,2655,2975,3083,108
Truck476784,0,3121,2840,3084,244
Truck476789,3121,2998,2840,3084,244
Truck477237,2655,0,2965,3084,119
Truck477290,2437,2822,2980,3084,104
Truck477534,3239,2436,3045,3084,39
Truck476817,2821,3122,2845,3085,240
Truck477024,3122,3331,2905,3085,180
Truck477399,2655,2656,3010,3085,75
Truck476621,2998,0,2790,3086,296
Truck476808,3122,2822,2845,3086,241
Truck477004,2999,2224,2900,3086,186
Truck477519,2821,2998,3040,3086,46
Truck476289,2436,2656,2700,3087,387
Truck476431,3238,2225,2740,3087,347
Truck476594,2225,0,2785,3087,302
Truck476604,0,2998,2790,3087,297
Truck476818,2822,3122,2845,3087,242
Truck477029,2224,3331,2905,3087,182
Truck477120,3239,0,2930,3087,157
Truck477213,2821,2655,2955,3087,132
Truck477214,2822,2655,2955,3087,132
Truck475597,1338,3331,2510,3088,578
Truck477053,2998,1338,2910,3088,178
Truck476862,3122,3121,2860,3089,229
Truck477032,2656,3122,2905,3089,184
Truck477382,2999,2437,3005,3089,84
Truck477475,3238,3122,3030,3090,60
Truck476307,2436,2821,2705,3091,386
Truck476795,2224,2999,2840,3091,251
Truck477022,2999,0,2905,3091,186
Truck477630,0,3122,3075,3091,16
Truck477680,2656,3331,3085,3091,6
Truck476145,2436,3238,2660,3092,432
Truck477078,3122,2999,2920,3092,172
Truck477231,2821,2225,2960,3092,132
Truck477589,3331,3239,3060,3092,32
Truck476757,2436,3121,2830,3093,263
Truck476935,3238,2656,2880,3093,213
Truck477169,3238,2437,2945,3093,148
Truck477205,3238,2655,2955,3093,138
Truck477327,2655,2437,2990,3093,103
Truck476820,0,3121,2850,3094,244
Truck476940,3239,2224,2880,3094,214
Truck477570,3239,3121,3055,3094,39
Truck476693,2998,1339,2810,3095,285
Truck477000,0,2656,2900,3095,195
Truck477270,0,2655,2975,3095,120
Truck477435,2655,2656,3020,3095,75
Truck477463,3331,2437,3025,3095,70
Truck476325,2436,2655,2710,3096,386
Truck476362,1339,2436,2720,3096,376
Truck476412,3122,2224,2735,3096,361
Truck476973,2436,2999,2890,3096,206
Truck477040,2999,0,2910,3096,186
Truck477200,2437,3121,2955,3096,141
Truck476630,2225,0,2795,3097,302
Truck476884,1339,3121,2865,3097,232
Truck477249,2821,3121,2965,3097,132
Truck477491,3121,2999,3035,3097,62
Truck477609,2821,2822,3065,3097,32
Truck477666,0,1339,3085,3097,12
Truck475633,1338,2656,2520,3098,578
Truck475687,1338,3122,2535,3098,563
Truck476844,3122,2822,2855,3098,243
Truck476327,2224,3238,2710,3099,389
Truck476703,2436,2437,2815,3099,284
Truck476843,3121,2655,2855,3099,244
Truck477077,3121,2225,2920,3099,179
Truck477588,3239,2436,3060,3099,39
Truck476435,2224,3122,2740,3100,360
Truck476343,2436,2656,2715,3101,386
Truck476380,1339,2436,2725,3101,376
Truck476731,1338,2225,2825,3101,276
Truck477058,2999,3239,2915,3101,186
Truck477485,2998,2822,3030,3101,71
Truck477267,2821,2437,2970,3102,132
Truck477241,3238,2655,2965,3103,138
Truck477374,2656,2998,3000,3103,103
Truck476861,3121,2822,2860,3104,244
Truck477362,2437,2224,3000,3104,104
Truck477420,3122,2437,3015,3104,89
Truck476714,2437,2436,2820,3105,285
Truck477412,2822,3239,3010,3105,95
Truck477499,3331,1338,3035,3105,70
Truck476849,2224,1338,2855,3106,251
Truck477076,2999,2822,2920,3106,186
Truck477273,2655,2822,2975,3106,131
Truck477482,2656,2437,3030,3106,76
Truck476361,2436,3331,2720,3107,387
Truck476661,2655,2225,2805,3107,302
Truck476666,2225,0,2805,3107,302
Truck477285,2821,2436,2975,3107,132
Truck477554,2656,2822,3050,3107,57
Truck476996,2656,3238,2895,3108,213
Truck477085,3331,0,2920,3108,188
Truck477118,1339,3331,2930,3108,178
Truck477125,2998,2655,2930,3108,178
Truck477180,0,3239,2950,3108,158
Truck477255,2655,3238,2970,3108,138
Truck477395,2998,2656,3005,3108,103
Truck477626,2656,3239,3070,3108,38
Truck476811,2436,3121,2845,3109,264
Truck476879,3121,3239,2865,3109,244
Truck477497,2224,2822,3035,3109,74
Truck477130,2999,1339,2935,3110,175
Truck477366,3122,2655,3000,3110,110
Truck476048,2437,1338,2635,3111,476
Truck476379,2436,2822,2725,3111,386
Truck477148,2999,3122,2940,3111,171
Truck477500,2656,1338,3035,3111,76
Truck476416,1339,2436,2735,3112,377
Truck476521,3238,2225,2765,3112,347
Truck477730,1339,0,3100,3112,12
Truck476684,2225,2224,2810,3113,303
Truck476735,3121,3238,2825,3113,288
Truck476737,3238,3121,2825,3113,288
Truck477025,3238,3331,2905,3113,208
Truck477103,3331,0,2925,3113,188
Truck477129,2655,2998,2935,3113,178
Truck477240,3122,3239,2965,3113,148
Truck477304,2822,2436,2980,3113,133
Truck477660,3239,3331,3080,3113,33
Truck476895,2655,3121,2870,3114,244
Truck476657,2998,3238,2800,3115,315
Truck477132,3122,3331,2935,3115,180
Truck476397,2436,3239,2730,3116,386
Truck476484,3122,2224,2755,3116,361
Truck477112,2999,2656,2930,3116,186
Truck477518,2656,2225,3040,3116,76
Truck477452,2437,1339,3025,3117,92
Truck475705,1338,2655,2540,3118,578
Truck476702,2225,3331,2815,3118,303
Truck477157,3331,3122,2940,3118,178
Truck477322,2822,3121,2985,3118,133
Truck476471,2224,0,2750,3119,369
Truck476915,3121,2224,2875,3119,244
Truck476970,3122,3121,2890,3119,229
Truck477152,2225,3121,2940,3119,179
Truck477416,2437,2821,3015,3119,104
Truck477784,1339,3122,3115,3119,4
Truck476507,2224,3122,2760,3120,360
Truck477371,2224,2821,3000,3120,120
Truck476415,2436,2656,2735,3121,386
Truck476803,1338,2225,2845,3121,276
Truck476903,2224,1338,2870,3121,251
Truck476908,2822,0,2870,3121,251
Truck476558,2225,3238,2775,3122,347
Truck476772,3122,2998,2835,3122,287
Truck477339,2821,2436,2990,3122,132
Truck477699,2821,2822,3090,3122,32
Truck475723,1338,3331,2545,3123,578
Truck476720,2225,2656,2820,3123,303
Truck476987,3121,3122,2895,3123,228
Truck477427,3331,2998,3015,3123,108
Truck477431,2998,3331,3015,3123,108
Truck476173,1338,3121,2670,3124,454
Truck477434,2437,3239,3020,3124,104
Truck476910,0,2822,2875,3125,250
Truck476774,2225,1339,2835,3126,291
Truck476921,2224,2437,2875,3126,251
Truck477081,2436,2999,2920,3126,206
Truck477308,2437,3121,2985,3126,141
Truck477798,3122,1339,3120,3126,6
Truck476433,2436,2656,2740,3127,387
Truck476790,3122,2998,2840,3127,287
Truck477599,3121,2999,3065,3127,62
Truck475741,1338,2822,2550,3128,578
Truck476730,0,2225,2825,3128,303
Truck477190,1339,3331,2950,3128,178
Truck477331,3238,2655,2990,3128,138
Truck477450,0,2437,3025,3128,103
Truck477687,2655,3239,3090,3128,38
Truck476951,3121,2821,2885,3129,244
Truck477501,2821,3239,3035,3129,94
Truck477569,2224,2998,3055,3129,74
Truck477696,3239,2999,3090,3129,39
Truck476943,2821,0,2880,3130,250
Truck476839,1338,2225,2855,3131,276
Truck476928,0,2821,2880,3131,251
Truck477326,2437,3121,2990,3131,141
Truck477329,3121,2437,2990,3131,141
Truck477823,3331,2656,3125,3131,6
Truck476407,1338,2999,2735,3132,397
Truck477375,2821,2999,3000,3132,132
Truck477645,2821,2656,3075,3132,57
Truck475759,1338,2821,2555,3133,578
Truck476809,3238,3121,2845,3133,288
Truck477646,2822,2656,3075,3133,58
Truck476213,3121,1338,2680,3134,454
Truck476449,3238,2224,2745,3134,389
Truck476969,3121,3331,2890,3134,244
Truck477417,2655,0,3015,3134,119
Truck477528,3122,2437,3045,3134,89
Truck477714,3239,2225,3095,3134,39
Truck477220,2999,1339,2960,3135,175
Truck477414,0,2655,3015,3135,120
Truck476957,2224,2436,2885,3136,251
Truck477184,2999,2656,2950,3136,186
Truck477334,1339,3239,2990,3136,146
Truck477354,3239,2998,2995,3136,141
Truck477393,2821,3121,3005,3137,132
Truck477610,2822,2224,3065,3137,72
Truck475777,1338,2821,2560,3138,578
Truck476826,3122,2225,2850,3138,288
Truck477233,2998,2225,2960,3138,178
Truck476543,2224,0,2770,3139,369
Truck476487,2436,2822,2755,3141,386
Truck476828,2225,1339,2850,3141,291
Truck477202,2999,2655,2955,3141,186
Truck477860,2656,3331,3135,3141,6
Truck477041,3121,1339,2910,3142,232
Truck477046,1339,3121,2910,3142,232
Truck477258,3122,2999,2970,3142,172
Truck477654,3122,3238,3080,3142,62
Truck477828,0,1339,3130,3142,12
Truck475639,3238,1338,2520,3143,623
Truck475795,1338,2822,2565,3143,578
Truck476792,2225,3331,2840,3143,303
Truck477119,2224,3239,2930,3143,213
Truck477139,3331,3238,2935,3143,208
Truck477344,2437,3238,2995,3143,148
Truck477385,3238,2655,3005,3143,138
Truck477496,1339,2655,3035,3143,108
Truck477682,2822,2656,3085,3143,58
Truck476561,2224,0,2775,3144,369
Truck477003,2655,3121,2900,3144,244
Truck477033,2821,1339,2905,3144,239
Truck477198,0,3331,2955,3144,189
Truck477552,3239,2822,3050,3144,94
Truck476755,3238,2998,2830,3145,315
Truck476917,3238,2821,2875,3145,270
Truck476997,2821,0,2895,3145,250
Truck477222,3122,2656,2960,3145,185
Truck477637,3238,0,3075,3145,70
Truck477643,3331,2655,3075,3145,70
Truck476993,2224,2999,2895,3146,251
Truck477153,2436,2999,2940,3146,206
Truck476505,2436,2224,2760,3147,387
Truck476864,2225,3122,2860,3147,287
Truck477429,2821,3121,3015,3147,132
Truck475651,1338,3238,2525,3148,623
Truck475813,1338,3331,2570,3148,578
Truck477265,3331,3122,2970,3148,178
Truck477786,3239,3331,3115,3148,33
Truck476503,3238,2224,2760,3149,389
Truck477018,0,3121,2905,3149,244
Truck477023,3121,2656,2905,3149,244
Truck477216,0,3331,2960,3149,189
Truck477248,2656,3122,2965,3149,184
Truck477524,2437,2655,3045,3149,104
Truck477691,3238,1339,3090,3149,59
Truck477661,3331,2436,3080,3150,70
Truck476359,3238,2436,2720,3151,431
Truck476855,2998,0,2855,3151,296
Truck477011,2224,3121,2900,3151,251
Truck477238,2999,3331,2965,3151,186
Truck477277,3238,3239,2975,3151,176
Truck477284,2656,2224,2975,3151,176
Truck477644,2656,1338,3075,3151,76
Truck475669,1338,3238,2530,3153,623
Truck476633,2224,1339,2795,3153,358
Truck477380,2437,3238,3005,3153,148
Truck476597,2224,0,2785,3154,369
Truck477278,2225,3121,2975,3154,179
Truck477298,1339,2999,2980,3154,174
Truck477542,2437,3239,3050,3154,104
Truck476586,0,2224,2785,3155,370
Truck476901,2436,2437,2870,3155,285
Truck476909,2998,1339,2870,3155,285
Truck477097,3238,2999,2925,3155,230
Truck477256,2999,0,2970,3156,186
Truck477060,3122,2821,2915,3157,242
Truck477301,3331,1339,2980,3157,177
Truck477465,2821,2436,3025,3157,132
Truck477466,2822,2999,3025,3157,132
Truck477734,2656,2821,3100,3157,57
Truck476846,2225,2998,2855,3158,303
Truck477557,2998,3331,3050,3158,108
Truck477575,2998,2656,3055,3158,103
Truck476303,3121,1338,2705,3159,454
Truck476615,2224,0,2790,3159,369
Truck477054,0,3121,2915,3159,244
Truck477543,2655,3122,3050,3159,109
Truck477804,3239,2999,3120,3159,39
Truck477274,2999,2998,2975,3161,186
Truck477320,2656,2224,2985,3161,176
Truck477437,3121,2437,3020,3161,141
Truck477789,2821,2998,3115,3161,46
Truck476559,2436,3239,2775,3162,387
Truck476613,2436,3122,2790,3162,372
Truck476874,0,2998,2865,3162,297
Truck477330,3122,2999,2990,3162,172
Truck477390,3239,0,3005,3162,157
Truck477483,2821,2436,3030,3162,132
Truck477700,2822,2998,3090,3162,72
Truck477752,2656,2821,3105,3162,57
Truck475867,1338,2822,2585,3163,578
Truck475921,1338,3122,2600,3163,563
Truck476989,3238,2822,2895,3163,268
Truck477484,2822,2436,3030,3163,133
Truck477578,2437,0,3060,3163,103
Truck477192,3239,2224,2950,3164,214
Truck477311,3121,2225,2985,3164,179
Truck477822,3239,2225,3125,3164,39
Truck477564,3122,2655,3055,3165,110
Truck477698,2656,2225,3090,3166,76
Truck476972,2225,1338,2890,3167,277
Truck477096,3122,2822,2925,3167,242
Truck477336,3239,3238,2990,3167,177
Truck477743,3121,2999,3105,3167,62
Truck477771,2821,2656,3110,3167,57
Truck475885,1338,2655,2590,3168,578
Truck476577,2436,2655,2780,3168,388
Truck476882,2225,2822,2865,3168,303
Truck476933,3121,3238,2880,3168,288
Truck477316,1339,2656,2985,3168,183
Truck477341,2998,2655,2990,3168,178
Truck477396,0,3239,3010,3168,158
Truck477502,2822,2225,3035,3168,133
Truck477840,3239,2656,3130,3168,38
Truck476579,2224,3238,2780,3169,389
Truck477090,0,3121,2925,3169,244
Truck477095,3121,2822,2925,3169,244
Truck477352,1339,2999,2995,3169,174
Truck477016,2822,3238,2900,3170,270
Truck477346,2999,1339,2995,3170,175
Truck477733,3331,2436,3100,3170,70
Truck476595,2436,2998,2785,3171,386
Truck476963,2998,3122,2885,3171,286
Truck477124,2822,3122,2930,3171,241
Truck477310,2999,2655,2985,3171,186
Truck477544,2999,2225,3050,3172,122
Truck477769,3331,2822,3110,3172,62
Truck475902,0,1338,2595,3173,578
Truck476900,2225,2656,2870,3173,303
Truck477338,2656,1339,2990,3173,183
Truck477355,3331,3122,2995,3173,178
Truck477359,2998,3121,2995,3173,178
Truck477772,2822,3331,3110,3173,63
Truck477113,3121,2655,2930,3174,244
Truck477306,0,3331,2985,3174,189
Truck477614,2437,2224,3070,3174,104
Truck477348,3122,3331,2995,3175,180
Truck477034,2822,3238,2905,3176,271
Truck477101,2224,2999,2925,3176,251
Truck477328,2999,3239,2990,3176,186
Truck476451,2436,3238,2745,3177,432
Truck477537,2821,2999,3045,3177,132
Truck477562,2999,2225,3055,3177,122
Truck477245,2224,3239,2965,3178,213
Truck477377,2998,3121,3000,3178,178
Truck477511,3238,2655,3040,3178,138
Truck476611,3238,2224,2790,3179,389
Truck476687,2224,0,2810,3179,369
Truck477131,3121,3331,2935,3179,244
Truck477159,2821,1339,2940,3179,239
Truck477368,2225,3121,3000,3179,179
Truck477876,3239,2437,3140,3179,39
Truck476664,3122,2436,2805,3180,375
Truck476891,2998,3238,2865,3180,315
Truck477043,3238,2822,2910,3180,270
Truck477618,3122,2655,3070,3180,110
Truck477678,3239,2822,3085,3180,95
Truck476300,2437,1338,2705,3181,476
Truck477506,2437,3121,3040,3181,141
Truck477516,3239,2998,3040,3181,141
Truck476631,2436,2655,2795,3182,387
Truck476667,2436,1339,2805,3182,377
Truck477391,3331,1339,3005,3182,177
Truck477555,2821,2437,3050,3182,132
Truck477694,1339,2437,3090,3182,92
Truck475939,1338,2998,2605,3183,578
Truck476936,2225,2655,2880,3183,303
Truck477488,2437,3238,3035,3183,148
Truck477493,3238,2437,3035,3183,148
Truck477529,3238,2655,3045,3183,138
Truck477633,2655,1339,3075,3183,108
Truck477651,2655,2437,3080,3183,103
Truck477662,2656,2998,3080,3183,103
Truck477896,2656,3239,3145,3183,38
Truck477149,3121,2224,2940,3184,244
Truck477556,2822,2437,3050,3184,134
Truck477894,3239,2225,3145,3184,39
Truck476682,3122,2436,2810,3185,375
Truck477069,2821,3238,2915,3185,270
Truck477141,2821,0,2935,3185,250
Truck477314,2225,2437,2985,3185,200
Truck477781,3238,0,3115,3185,70
Truck477292,2999,2436,2980,3186,206
Truck477364,2999,2998,3000,3186,186
Truck477561,2655,2822,3055,3186,131
Truck477770,2656,1338,3110,3186,76
Truck477791,2998,2822,3115,3186,71
Truck477842,2656,2822,3130,3186,56
Truck477879,2821,2998,3140,3186,46
Truck477044,2225,1338,2910,3187,277
Truck477178,2822,3122,2945,3187,242
Truck477573,2821,1338,3055,3187,132
Truck475957,1338,2655,2610,3188,578
Truck476011,1338,3122,2625,3188,563
Truck476649,2436,2656,2800,3188,388
Truck477221,3121,3122,2960,3188,228
Truck477413,2998,2437,3010,3188,178
Truck477547,3238,2655,3050,3188,138
Truck477717,2821,3239,3095,3189,94
Truck477795,2655,3331,3120,3190,70
Truck477788,2656,3121,3115,3191,76
Truck477407,2224,3331,3010,3192,182
Truck477591,2821,2437,3060,3192,132
Truck477117,2436,3121,2930,3193,263
Truck477208,1339,2822,2955,3193,238
Truck477313,3238,3331,2985,3193,208
Truck477185,3121,2998,2950,3194,244
Truck477817,3238,0,3125,3195,70
Truck476721,2436,1339,2820,3196,376
Truck477026,2225,1339,2905,3196,291
Truck477173,2224,1338,2945,3196,251
Truck477563,3121,2437,3055,3196,141
Truck477204,3122,2822,2955,3197,242
Truck477445,3331,1339,3020,3197,177
Truck477597,2655,2821,3065,3197,132
Truck475993,1338,2821,2620,3198,578
Truck476047,1338,3122,2635,3198,563
Truck476685,2436,2998,2810,3198,388
Truck477449,2998,2225,3020,3198,178
Truck477948,3239,2656,3160,3198,38
Truck477203,3121,3331,2955,3199,244
Truck476953,3238,2998,2885,3200,315
Truck477232,2822,1339,2960,3200,240
Truck477663,2821,2224,3080,3200,120
Truck477841,3331,2225,3130,3200,70
Truck477871,3238,3122,3140,3200,60
Truck476541,2436,3238,2770,3201,431
Truck477191,2224,2225,2950,3201,251
Truck477351,2436,2999,2995,3201,206
Truck477418,2999,0,3015,3201,186
Truck477568,1339,3239,3055,3201,146
Truck477750,3239,2822,3105,3201,96
Truck477783,2436,2225,3115,3201,86
Truck477824,2656,1338,3125,3201,76
Truck478075,3331,2656,3195,3201,6
Truck477627,2821,2225,3070,3202,132
Truck477008,2225,2656,2900,3203,303
Truck477059,3121,3238,2915,3203,288
Truck477061,3238,3121,2915,3203,288
Truck477522,0,3239,3045,3203,158
Truck477565,3238,2437,3055,3203,148
Truck477410,2656,0,3010,3204,194
Truck477722,2437,3239,3100,3204,104
Truck477966,3239,2225,3165,3204,39
Truck478090,1339,3122,3200,3204,4
Truck477611,2998,3239,3065,3205,140
Truck477201,2655,2224,2955,3206,251
Truck477209,2224,3121,2955,3206,251
Truck477436,2999,0,3020,3206,186
Truck477863,2998,2822,3135,3206,71
Truck477953,2998,2821,3160,3206,46
Truck476029,1338,0,2630,3207,577
Truck476680,2999,1338,2810,3207,397
Truck477776,2437,1339,3115,3207,92
Truck477914,2656,2821,3150,3207,57
Truck476831,2224,1339,2850,3208,358
Truck477464,2656,1339,3025,3208,183
Truck477471,2655,2998,3030,3208,178
Truck477481,3331,3122,3030,3208,178
Truck477615,2655,3238,3070,3208,138
Truck477738,0,2437,3105,3208,103
Truck477975,2655,3239,3170,3208,38
Truck477239,3121,2656,2965,3209,244
Truck477814,2999,2437,3125,3209,84
Truck477984,3239,1338,3170,3209,39
Truck476739,2436,2224,2825,3211,386
Truck476829,2436,1338,2850,3211,361
Truck477387,2436,2999,3005,3211,206
Truck477454,2999,2821,3025,3211,186
Truck477268,2822,3122,2970,3212,242
Truck477915,2821,3331,3150,3212,62
Truck477932,2656,2821,3155,3212,57
Truck476046,0,1338,2635,3213,578
Truck477664,2822,2655,3080,3213,133
Truck477741,2655,1339,3105,3213,108
Truck477758,2437,0,3110,3213,103
Truck477830,2437,2999,3130,3213,83
Truck476741,2224,3238,2825,3214,389
Truck476813,2224,0,2845,3214,369
Truck477110,2437,2436,2930,3214,284
Truck477257,3121,2656,2970,3214,244
Truck477705,2655,0,3095,3214,119
Truck478002,3239,2999,3175,3214,39
Truck477474,3122,2656,3030,3215,185
Truck477647,2998,3239,3075,3215,140
Truck477885,2655,3331,3145,3215,70
Truck477472,2999,2224,3030,3216,186
Truck478080,0,3122,3200,3216,16
Truck478086,3122,0,3200,3216,16
Truck476847,2436,1338,2855,3217,362
Truck477681,2821,2225,3085,3217,132
Truck477706,2999,2225,3095,3217,122
Truck478098,0,1339,3205,3217,12
Truck476065,1338,2655,2640,3218,578
Truck477062,2225,2821,2915,3218,303
Truck477507,2655,2998,3040,3218,178
Truck477521,2998,2437,3040,3218,178
Truck477576,0,3239,3060,3218,158
Truck477187,3238,2822,2950,3219,269
Truck477275,3121,3239,2975,3219,244
Truck477303,2821,1339,2980,3219,239
Truck477834,3122,2437,3130,3219,89
Truck478020,3239,2436,3180,3219,39
Truck477252,0,2821,2970,3221,251
Truck477490,2999,3331,3035,3221,186
Truck477640,1339,3239,3075,3221,146
Truck477606,3239,0,3065,3222,157
Truck478059,2821,2822,3190,3222,32
Truck476083,1338,2998,2645,3223,578
Truck477080,2225,2821,2920,3223,303
Truck477539,2998,3121,3045,3223,178
Truck477632,2437,3238,3075,3223,148
Truck478056,3239,3331,3190,3223,33
Truck477293,3121,2821,2980,3224,244
Truck477794,2437,2656,3120,3224,104
Truck477286,2822,0,2975,3225,250
Truck477508,2999,3239,3040,3226,186
Truck477658,1339,3239,3080,3226,146
Truck478166,2656,3331,3220,3226,6
Truck476793,2436,2224,2840,3227,387
Truck477093,2655,2225,2925,3227,302
Truck477742,2999,2225,3105,3227,122
Truck477959,3121,2999,3165,3227,62
Truck477987,2821,2656,3170,3227,57
Truck476100,0,1338,2650,3228,578
Truck476103,2655,1338,2650,3228,578
Truck476787,2655,2436,2840,3228,388
Truck477098,2225,2656,2925,3228,303
Truck477365,3121,3122,3000,3228,228
Truck477517,3331,0,3040,3228,188
Truck477536,2656,1339,3045,3228,183
Truck476555,3121,1338,2775,3229,454
Truck476867,2224,0,2860,3229,369
Truck477426,3239,2224,3015,3229,214
Truck477812,2437,2655,3125,3229,104
Truck477367,3238,2999,3000,3230,230
Truck477546,3122,3331,3050,3230,180
Truck477858,3239,2822,3135,3230,95
Truck477949,3331,2436,3160,3230,70
Truck476898,3122,2224,2870,3231,361
Truck477143,2998,0,2935,3231,296
Truck477299,2224,2437,2980,3231,251
Truck476954,2225,3238,2885,3232,347
Truck477553,3331,2224,3050,3232,182
Truck477723,2655,2822,3100,3232,132
Truck477978,3122,3238,3170,3232,62
Truck478093,3331,3239,3200,3232,32
Truck476118,0,1338,2655,3233,578
Truck476802,0,2436,2845,3233,388
Truck476805,2655,2436,2845,3233,388
Truck477571,3331,3122,3055,3233,178
Truck477736,2822,3121,3100,3233,133
Truck478074,3239,2656,3195,3233,38
Truck476920,1339,2224,2875,3234,359
Truck477357,2821,1339,2995,3234,239
Truck477444,3239,2224,3020,3234,214
Truck477904,2999,2437,3150,3234,84
Truck477719,2998,3239,3095,3235,140
Truck476883,2436,3122,2865,3236,371
Truck477317,2224,3121,2985,3236,251
Truck477477,2436,2999,3030,3236,206
Truck477590,2656,2224,3060,3236,176
Truck478202,2656,3331,3230,3236,6
Truck476785,1338,2999,2840,3237,397
Truck477188,2225,3122,2950,3237,287
Truck477753,2821,2225,3105,3237,132
Truck477754,2822,2225,3105,3237,132
Truck476137,1338,2998,2660,3238,578
Truck477134,2225,2656,2935,3238,303
Truck477593,2998,2999,3060,3238,178
Truck477898,2822,3239,3145,3239,94
Truck477985,3331,1338,3170,3240,70
Truck477335,2224,2999,2990,3241,251
Truck477558,0,2999,3055,3241,186
Truck477968,2656,2655,3165,3241,76
Truck476200,1339,1338,2675,3242,567
Truck478188,0,1339,3230,3242,12
Truck477708,3122,3239,3095,3243,148
Truck477867,2655,2437,3140,3243,103
Truck477363,2655,3121,3000,3244,244
Truck477866,2437,2998,3140,3244,104
Truck477983,2224,2998,3170,3244,74
Truck477540,0,2656,3050,3245,195
Truck477993,2655,3331,3175,3245,70
Truck478003,3331,2436,3175,3245,70
Truck476865,2436,3239,2860,3246,386
Truck476947,1338,2436,2885,3246,361
Truck477353,2224,2436,2995,3246,251
Truck477945,2436,2225,3160,3246,86
Truck477986,2656,2225,3170,3246,76
Truck477170,2225,0,2945,3247,302
Truck477384,3122,2821,3005,3247,242
Truck477624,3239,3238,3070,3247,177
Truck478032,3122,3238,3185,3247,62
Truck477732,3239,3122,3100,3248,148
Truck477877,3331,2998,3140,3248,108
Truck478128,3239,2656,3210,3248,38
Truck478150,2822,2821,3215,3248,33
Truck477383,3121,2224,3005,3249,244
Truck477620,2225,3121,3070,3249,179
Truck477790,2822,1338,3115,3249,134
Truck477933,2821,3239,3155,3249,94
Truck478001,2224,2998,3175,3249,74
Truck476975,2224,3122,2890,3250,360
Truck477930,3239,2821,3155,3250,95
Truck478021,3331,2436,3180,3250,70
Truck477598,2999,3331,3065,3251,186
Truck477652,2999,3122,3080,3251,171
Truck477768,3239,2998,3110,3251,141
Truck478004,2656,2225,3175,3251,76
Truck478212,3122,0,3235,3251,16
Truck477642,3239,3238,3075,3252,177
Truck477836,2225,2999,3130,3252,122
Truck477333,2436,3121,2990,3253,263
Truck477401,3121,0,3010,3253,243
Truck477535,3331,3238,3045,3253,208
Truck477808,2822,2999,3120,3253,133
Truck478048,2999,3121,3190,3253,63
Truck478069,3238,1339,3195,3254,59
Truck477262,1339,2998,2970,3255,285
Truck477846,0,2655,3135,3255,120
Truck477857,2224,2821,3135,3255,120
Truck478029,2655,3331,3185,3255,70
Truck478039,3331,1338,3185,3255,70
Truck476991,2436,1338,2895,3256,361
Truck477389,2224,2655,3005,3256,251
Truck477616,2999,2655,3070,3256,186
Truck478022,2656,2655,3180,3256,76
Truck477826,2822,2999,3125,3257,132
Truck476209,1338,2822,2680,3258,578
Truck476955,2436,3122,2885,3258,373
Truck477206,2225,3331,2955,3258,303
Truck477665,2998,2437,3080,3258,178
Truck477720,0,3239,3100,3258,158
Truck477762,3122,3239,3110,3258,148
Truck477809,2998,3239,3120,3260,140
Truck477864,0,2655,3140,3260,120
Truck478057,3331,1338,3190,3260,70
Truck477448,2822,3122,3020,3261,241
Truck477634,2999,2822,3075,3261,186
Truck476272,1339,1338,2695,3262,567
Truck476913,2655,2436,2875,3262,387
Truck476919,2436,2224,2875,3262,387
Truck477679,3331,1339,3085,3262,177
Truck478113,2821,2656,3205,3262,57
Truck476227,1338,2822,2685,3263,578
Truck476229,2655,1338,2685,3263,578
Truck477669,2655,2998,3085,3263,178
Truck477683,2998,2225,3085,3263,178
Truck477931,3331,2998,3155,3263,108
Truck477950,2656,2998,3160,3263,103
Truck477938,2437,2655,3160,3264,104
Truck478182,3239,2999,3225,3264,39
Truck477897,2821,2224,3145,3265,120
Truck478047,2655,2656,3190,3265,75
Truck476281,1338,1339,2700,3266,566
Truck477425,2224,2225,3015,3266,251
Truck477802,1339,3239,3120,3266,146
Truck476290,1339,1338,2700,3267,567
Truck476937,2436,2224,2880,3267,387
Truck477580,2999,2436,3060,3267,207
Truck477861,2821,2999,3135,3267,132
Truck477862,2822,2999,3135,3267,132
Truck476089,3238,1338,2645,3268,623
Truck476245,1338,2998,2690,3268,578
Truck477234,0,2225,2965,3268,303
Truck477242,2225,2224,2965,3268,303
Truck477701,2998,3121,3090,3268,178
Truck477946,1339,2655,3160,3268,108
Truck476939,2224,3238,2880,3269,389
Truck477455,3121,2655,3025,3269,244
Truck478200,3239,2999,3230,3269,39
Truck477323,2998,1339,2985,3270,285
Truck477447,2821,0,3020,3270,250
Truck478087,3238,0,3200,3270,70
Truck476624,2437,1338,2795,3271,476
Truck477443,2224,2225,3020,3271,251
Truck477670,2999,2998,3085,3271,186
Truck478076,2656,2436,3195,3271,76
Truck477009,2436,3122,2900,3272,372
Truck477045,2436,1338,2910,3272,362
Truck477509,3121,1339,3040,3272,232
Truck477697,3331,2224,3090,3272,182
Truck477715,3331,1339,3095,3272,177
Truck478148,2656,2822,3215,3272,57
Truck476263,1338,2822,2695,3273,578
Truck477065,2224,1339,2915,3273,358
Truck477260,2225,2224,2970,3273,303
Truck477583,3238,2656,3060,3273,213
Truck477607,3331,3238,3065,3273,208
Truck477967,3331,2998,3165,3273,108
Truck477972,0,2437,3170,3273,103
Truck476322,3122,1338,2710,3274,564
Truck477473,3121,3331,3030,3274,244
Truck477710,2225,3121,3095,3274,179
Truck477880,2822,2436,3140,3274,134
Truck477921,2655,0,3155,3274,119
Truck477974,2437,2224,3170,3274,104
Truck478023,2821,3239,3180,3274,94
Truck478218,3239,2437,3235,3274,39
Truck477223,3238,2998,2960,3275,315
Truck478111,3331,1338,3205,3275,70
Truck477461,2224,2655,3025,3276,251
Truck477688,2999,2998,3090,3276,186
Truck478205,2998,2821,3230,3276,46
Truck478036,1339,2437,3185,3277,92
Truck478140,3122,3238,3215,3277,62
Truck478147,3331,2821,3215,3277,62
Truck478149,2821,3331,3215,3277,62
Truck477492,3122,2822,3035,3278,243
Truck477608,2656,3238,3065,3278,213
Truck477716,2656,1339,3095,3278,183
Truck477737,2998,3121,3100,3278,178
Truck477992,2437,2224,3175,3279,104
Truck478050,3122,2437,3190,3279,89
Truck478236,3239,2655,3240,3279,39
Truck477083,2224,3122,2920,3280,360
Truck478038,3239,2822,3185,3280,95
Truck477028,1339,2436,2905,3281,376
Truck477760,2999,3122,3110,3281,171
Truck477856,1339,3239,3135,3281,146
Truck478356,3122,1339,3275,3281,6
Truck477903,2655,2821,3150,3282,132
Truck478158,3122,3238,3220,3282,62
Truck477288,0,2225,2980,3283,303
Truck477296,2225,2822,2980,3283,303
Truck477751,3331,3122,3105,3283,178
Truck477755,2998,2999,3105,3283,178
Truck477848,2437,3238,3135,3283,148
Truck478007,2998,3331,3175,3283,108
Truck478010,2437,2224,3180,3284,104
Truck478084,2999,2437,3200,3284,84
Truck478168,2822,3331,3220,3284,64
Truck478254,3239,2225,3245,3284,39
Truck477259,3238,2998,2970,3285,315
Truck477532,1339,2822,3045,3285,240
Truck477668,2437,2225,3085,3285,200
Truck477724,2999,2655,3100,3286,186
Truck477778,2999,3122,3115,3286,171
Truck478130,2656,2999,3210,3286,76
Truck478381,3331,2656,3280,3286,6
Truck477324,0,2998,2990,3287,297
Truck478088,2225,2436,3200,3287,87
Truck478185,2821,3331,3225,3287,62
Truck476161,3238,1338,2665,3288,623
Truck477934,2822,1338,3155,3288,133
Truck477527,3121,3239,3045,3289,244
Truck478028,2437,2656,3185,3289,104
Truck478145,2224,2998,3215,3289,74
Truck476695,1338,2437,2815,3290,475
Truck477064,1339,2436,2915,3290,375
Truck477692,2225,2437,3090,3290,200
Truck478137,2655,2656,3215,3290,75
Truck476371,1338,1339,2725,3291,566
Truck477027,2436,2656,2905,3291,386
Truck477114,3122,2224,2930,3291,361
Truck477515,2224,1338,3040,3291,251
Truck477386,2225,3122,3005,3292,287
Truck477951,2821,1338,3160,3292,132
Truck477952,2822,2655,3160,3292,132
Truck477980,2225,2999,3170,3292,122
Truck478221,2821,2656,3235,3292,57
Truck476335,1338,2821,2715,3293,578
Truck477021,2655,2436,2905,3293,388
Truck477673,3238,3331,3085,3293,208
Truck477777,2655,2998,3115,3293,178
Truck477787,3331,3122,3115,3293,178
Truck478292,2656,3239,3255,3293,38
Truck477545,3121,3331,3050,3294,244
Truck478046,2437,3331,3190,3294,104
Truck476713,1338,2437,2820,3295,475
Truck477295,3238,2998,2980,3295,315
Truck477935,2998,3239,3155,3295,140
Truck478183,3331,1338,3225,3295,70
Truck478213,3238,3122,3235,3295,60
Truck477533,2224,2999,3045,3296,251
Truck477756,0,2999,3110,3296,186
Truck477759,2655,2999,3110,3296,186
Truck477912,3239,1339,3150,3296,146
Truck478170,0,3238,3225,3296,71
Truck478277,2998,2821,3250,3296,46
Truck477404,2225,3122,3010,3297,287
Truck477604,1339,3121,3065,3297,232
Truck477969,2821,2225,3165,3297,132
Truck478327,3331,3239,3265,3297,32
Truck476353,1338,2998,2720,3298,578
Truck477036,0,2436,2910,3298,388
Truck477350,2225,2224,2995,3298,303
Truck478065,2655,2437,3195,3298,103
Truck478326,3239,3331,3265,3298,33
Truck476807,3121,1338,2845,3299,454
Truck478064,2437,2821,3195,3299,104
Truck478114,2822,3239,3205,3299,94
Truck478138,2999,2437,3215,3299,84
Truck478231,3238,1339,3240,3299,59
Truck478308,3239,2999,3260,3299,39
Truck477424,1339,2998,3015,3300,285
Truck476899,3238,2436,2870,3301,431
Truck477451,1338,2225,3025,3301,276
Truck477063,2436,2822,2915,3302,387
Truck477378,0,2998,3005,3302,297
Truck477617,3121,1339,3070,3302,232
Truck478347,2821,2822,3270,3302,32
Truck478404,0,1339,3290,3302,12
Truck477827,2998,3121,3125,3303,178
Truck478094,2656,2998,3200,3303,103
Truck477636,3122,3121,3075,3304,229
Truck477815,3121,2225,3125,3304,179
Truck477740,2437,2225,3105,3305,200
Truck478219,3331,3121,3235,3305,70
Truck477574,2822,0,3055,3306,251
Truck477729,2436,2999,3100,3306,206
Truck477796,2999,0,3120,3306,186
Truck477440,2225,3122,3020,3307,287
Truck478005,2821,2655,3175,3307,132
Truck478136,2437,1339,3215,3307,92
Truck476389,1338,2822,2730,3308,578
Truck477438,3122,2225,3020,3308,288
Truck477439,3238,3121,3020,3308,288
Truck477531,2436,3121,3045,3308,263
Truck477805,3331,0,3120,3308,188
Truck477845,2998,2437,3130,3308,178
Truck478006,2822,2655,3175,3308,133
Truck477155,2224,0,2940,3309,369
Truck477628,2822,1339,3070,3309,239
Truck478083,2655,3122,3200,3309,109
Truck478100,2437,2821,3205,3309,104
Truck478468,1339,3122,3305,3309,4
Truck477144,0,2224,2940,3310,370
Truck477460,1339,2998,3025,3310,285
Truck477774,0,2656,3115,3310,195
Truck478146,3239,2821,3215,3310,95
Truck478237,3331,2225,3240,3310,70
Truck476768,2437,1338,2835,3311,476
Truck477099,2436,2998,2925,3311,386
Truck477467,2998,3122,3025,3311,286
Truck477587,2224,2436,3060,3311,251
Truck477136,1339,2436,2935,3312,377
Truck477458,2225,3122,3025,3312,287
Truck477520,2822,3238,3040,3312,272
Truck478240,2822,2224,3240,3312,72
Truck478384,2822,2821,3280,3313,33
Truck478024,2822,3121,3180,3314,134
Truck478062,0,2655,3195,3315,120
Truck478073,2224,2821,3195,3315,120
Truck478255,3331,2225,3245,3315,70
Truck477470,2437,2436,3030,3316,286
Truck477605,2224,3121,3065,3316,251
Truck478238,2656,2437,3240,3316,76
Truck477073,1338,2999,2920,3317,397
Truck477154,1339,2436,2940,3317,377
Truck477859,3331,2224,3135,3317,182
Truck478041,2821,2225,3185,3317,132
Truck478042,2822,2436,3185,3317,132
Truck478180,1339,2437,3225,3317,92
Truck478291,3331,2821,3255,3317,62
Truck476425,1338,2224,2740,3318,578
Truck477422,2225,2224,3015,3318,303
Truck477881,2998,2655,3140,3318,178
Truck477635,3121,3239,3075,3319,244
Truck478380,3239,2999,3280,3319,39
Truck477810,0,2656,3125,3320,195
Truck477870,3122,3331,3140,3320,180
Truck478025,2998,3239,3180,3320,140
Truck477135,2436,3239,2935,3321,386
Truck477623,2224,2437,3070,3321,251
Truck478507,3331,2656,3315,3321,6
Truck477094,2999,1338,2925,3322,397
Truck477689,3121,1339,3090,3322,232
Truck478417,3331,3239,3290,3322,32
Truck476287,3238,1338,2700,3323,623
Truck476443,1338,2998,2745,3323,578
Truck477581,3121,2436,3060,3323,263
Truck477707,3121,3122,3095,3323,228
Truck477895,3331,3122,3145,3323,178
Truck477899,2998,1338,3145,3323,178
Truck478060,2822,1338,3190,3323,133
Truck477244,1339,2224,2965,3324,359
Truck477653,3121,3239,3080,3324,244
Truck477887,3121,2225,3145,3324,179
Truck477514,1339,2998,3040,3325,285
Truck478043,2998,3239,3185,3325,140
Truck476497,1338,1339,2760,3326,566
Truck477189,2436,1339,2950,3326,376
Truck477541,1338,2225,3050,3326,276
Truck477641,2224,3121,3075,3326,251
Truck478274,2656,2436,3250,3326,76
Truck478525,3331,2656,3320,3326,6
Truck477712,1339,3121,3095,3327,232
Truck478294,2822,2224,3255,3327,72
Truck476299,1338,3238,2705,3328,623
Truck476305,3238,1338,2705,3328,623
Truck476461,1338,3239,2750,3328,578
Truck477917,2998,2437,3150,3328,178
Truck478078,2822,3121,3195,3328,133
Truck478434,3239,3331,3295,3328,33
Truck477227,2224,0,2960,3329,369
Truck477671,3121,3239,3085,3329,244
Truck477905,3121,2225,3150,3329,179
Truck478172,2437,2822,3225,3329,104
Truck478416,3239,1338,3290,3329,39
Truck477421,3238,2998,3015,3330,315
Truck477648,0,2822,3080,3330,250
Truck478309,3331,2999,3260,3330,70
Truck477261,2436,1338,2970,3331,361
Truck477503,2998,0,3035,3331,296
Truck477592,2822,3238,3060,3331,271
Truck477886,2999,3239,3145,3331,186
Truck477940,2999,3122,3160,3331,171
Truck476479,1338,0,2755,3332,577
Truck477690,3122,2821,3090,3332,242
Truck477913,3331,2224,3150,3332,182
Truck478120,2999,2225,3210,3332,122
Truck478312,2822,2998,3260,3332,72
Truck476481,2655,1338,2755,3333,578
Truck477171,2436,2821,2945,3333,388
Truck477476,2225,2822,3030,3333,303
Truck477799,3238,2656,3120,3333,213
Truck477806,2656,3238,3120,3333,213
Truck478033,3238,2437,3185,3333,148
Truck478096,2822,2436,3200,3333,133
Truck478173,2655,1339,3225,3333,108
Truck477718,2822,1339,3095,3334,239
Truck477878,2656,0,3140,3334,194
Truck477281,2224,3122,2975,3335,360
Truck477530,2225,1339,3045,3336,291
Truck477677,2224,2655,3085,3336,251
Truck477900,0,2999,3150,3336,186
Truck478054,1339,3239,3190,3336,146
Truck478310,2656,2437,3260,3336,76
Truck477332,2225,3238,2990,3337,347
Truck477548,2225,3122,3050,3337,287
Truck478330,2822,2998,3265,3337,72
Truck477271,1338,2436,2975,3338,363
Truck477835,3238,3331,3130,3338,208
Truck478051,3238,2437,3190,3338,148
Truck478208,2437,0,3235,3338,103
Truck478155,2655,0,3220,3339,119
Truck478452,3239,2436,3300,3339,39
Truck477560,2437,2436,3055,3340,285
Truck477619,3238,2821,3070,3340,270
Truck478152,0,2655,3220,3340,120
Truck478194,3122,2655,3230,3340,110
Truck478345,3331,2655,3270,3340,70
Truck476876,2437,1338,2865,3341,476
Truck477695,2224,2437,3090,3341,251
Truck477922,2999,2656,3155,3341,186
Truck477166,2999,1338,2945,3342,397
Truck477207,2436,2656,2955,3342,387
Truck477512,2225,0,3040,3342,302
Truck478119,2655,2821,3210,3342,132
Truck478131,2821,2655,3210,3342,132
Truck478156,2999,2225,3220,3342,122
Truck476515,1338,2822,2765,3343,578
Truck477726,3122,2822,3100,3343,243
Truck477971,2998,2225,3165,3343,178
Truck478101,2655,3238,3205,3343,138
Truck477725,3121,2656,3100,3344,244
Truck477780,3122,3121,3115,3344,229
Truck477884,2437,2225,3145,3345,200
Truck478181,2224,2821,3225,3345,120
Truck478272,3239,2821,3250,3345,95
Truck478363,3331,2436,3275,3345,70
Truck476569,1338,1339,2780,3346,566
Truck477994,2999,3122,3175,3346,171
Truck477868,2999,2436,3140,3347,207
Truck478174,2999,2225,3225,3347,122
Truck478576,1339,0,3335,3347,12
Truck476533,1338,2656,2770,3348,578
Truck477964,1339,2656,3165,3348,183
Truck477989,2998,3121,3170,3348,178
Truck478082,2437,3238,3200,3348,148
Truck478244,2437,2821,3245,3349,104
Truck478488,3239,3121,3310,3349,39
Truck477735,2821,0,3100,3350,250
Truck477960,3122,2656,3165,3350,185
Truck478371,2655,3331,3280,3350,70
Truck477325,1338,2436,2990,3351,361
Truck477596,2437,2436,3065,3351,286
Truck477731,2224,2655,3100,3351,251
Truck477958,2999,2998,3165,3351,186
Truck478364,2656,2436,3275,3351,76
Truck477079,3238,2436,2920,3352,432
Truck477199,1338,2999,2955,3352,397
Truck477243,2436,2656,2965,3352,387
Truck478306,1339,2437,3260,3352,92
Truck477982,1339,2656,3170,3353,183
Truck478000,1339,3331,3175,3353,178
Truck478110,3239,3122,3205,3353,148
Truck478506,3239,2656,3315,3353,38
Truck478262,2437,3239,3250,3354,104
Truck478320,3122,2437,3265,3354,89
Truck478399,3331,2436,3285,3355,70
Truck477343,1338,2436,2995,3356,361
Truck477749,2224,1338,3105,3356,251
Truck477976,2999,2224,3170,3356,186
Truck478382,2656,3121,3280,3356,76
Truck477566,2225,2224,3055,3358,303
Truck478018,1339,3331,3180,3358,178
Truck478118,2437,3238,3210,3358,148
Truck478186,2822,1338,3225,3358,133
Truck477370,1339,2224,3000,3359,359
Truck477779,3121,2998,3115,3359,244
Truck478524,3239,2436,3320,3359,39
Truck477279,2436,2655,2975,3361,386
Truck477767,2224,2225,3110,3361,251
Truck478191,2655,2822,3230,3361,131
Truck477594,0,2998,3065,3362,297
Truck478334,2437,1339,3270,3362,92
Truck478453,3331,2821,3300,3362,62
Truck478455,2821,3331,3300,3362,62
Truck478472,2656,2822,3305,3362,57
Truck476587,1338,3239,2785,3363,578
Truck477584,2225,2822,3060,3363,303
Truck477709,3238,2822,3095,3363,268
Truck477907,3238,2656,3150,3363,213
Truck478204,2822,3121,3230,3363,133
Truck478370,2437,2999,3280,3363,83
Truck477388,1339,2224,3005,3364,359
Truck477797,3121,2998,3120,3364,244
Truck477825,2821,1339,3125,3364,239
Truck478245,2655,0,3245,3364,119
Truck478372,2999,2437,3280,3364,84
Truck478542,3239,2436,3325,3364,39
Truck477956,2437,2225,3165,3365,200
Truck477962,2225,2437,3165,3365,200
Truck478014,3122,2656,3180,3365,185
Truck477297,2436,2656,2980,3366,386
Truck477650,2437,2436,3080,3366,286
Truck477785,2224,2436,3115,3366,251
Truck478012,2999,2655,3180,3366,186
Truck478058,2656,2224,3190,3366,176
Truck478164,3239,1339,3220,3366,146
Truck478418,2656,2655,3290,3366,76
Truck478527,2821,2998,3320,3366,46
Truck478662,3122,1339,3360,3366,6
Truck476605,1338,0,2790,3367,577
Truck477291,2655,2436,2980,3367,387
Truck477851,3121,1339,3135,3367,232
Truck477602,2225,2821,3065,3368,303
Truck477655,3238,3121,3080,3368,288
Truck478061,2998,2225,3190,3368,178
Truck478154,2437,3238,3220,3368,148
Truck478222,2822,3121,3235,3368,133
Truck478328,2656,2998,3265,3368,103
Truck477843,2821,1339,3130,3369,239
Truck478263,2655,0,3250,3369,119
Truck478316,2437,2655,3265,3369,104
Truck478390,2999,2437,3285,3369,84
Truck478433,2224,2822,3295,3369,74
Truck477727,3238,2821,3100,3370,270
Truck477807,2821,0,3120,3370,250
Truck477405,2436,1338,3010,3371,361
Truck477803,2224,2999,3120,3371,251
Truck478030,2999,2998,3185,3371,186
Truck478190,2437,3121,3230,3371,141
Truck478436,2656,2436,3295,3371,76
Truck476668,1339,1338,2805,3372,567
Truck477315,2436,2998,2985,3372,387
Truck477674,2225,3122,3085,3372,287
Truck478239,2821,3121,3240,3372,132
Truck476623,1338,2656,2795,3373,578
Truck476625,2655,1338,2795,3373,578
Truck477309,2655,2436,2985,3373,388
Truck477612,0,2225,3070,3373,303
Truck477761,3121,2436,3110,3373,263
Truck478079,2998,2655,3195,3373,178
Truck478177,3238,2437,3225,3373,148
Truck478317,2655,1339,3265,3373,108
Truck478408,2999,2437,3290,3374,84
Truck478451,2224,2998,3300,3374,74
Truck478008,0,2656,3180,3375,195
Truck478465,3238,0,3305,3375,70
Truck477676,1339,2225,3085,3376,291
Truck478454,2656,2437,3300,3376,76
Truck478257,2821,2437,3245,3377,132
Truck478684,1339,0,3365,3377,12
Truck476641,1338,3331,2800,3378,578
Truck477638,2225,2821,3075,3378,303
Truck477961,3238,2656,3165,3378,213
Truck478258,2822,3121,3245,3378,133
Truck478424,2437,2999,3295,3378,83
Truck478335,2655,3122,3270,3379,109
Truck478352,2437,3331,3275,3379,104
Truck478522,1339,3238,3320,3379,59
Truck478596,3239,2436,3340,3379,39
Truck477704,2437,2436,3095,3380,285
Truck477844,2822,0,3130,3380,250
Truck478026,0,2656,3185,3380,195
Truck478431,2436,2225,3295,3380,85
Truck478489,3331,1338,3310,3380,70
Truck478066,2999,3331,3195,3381,186
Truck477494,2225,3238,3035,3382,347
Truck476659,1338,3239,2805,3383,578
Truck477656,2225,2822,3080,3383,303
Truck478115,2998,2436,3205,3383,178
Truck478353,2655,1339,3275,3383,108
Truck478605,2655,3239,3345,3383,38
Truck477869,3121,3331,3140,3384,244
Truck478103,3121,2225,3205,3384,179
Truck478276,2822,2999,3250,3384,134
Truck478614,3239,2655,3345,3384,39
Truck477629,2998,3238,3070,3385,315
Truck478044,0,2656,3190,3385,195
Truck478479,2655,2656,3310,3385,75
Truck477369,2436,0,3000,3386,386
Truck477456,3122,2224,3025,3386,361
Truck478490,2656,2655,3310,3386,76
Truck478698,3122,0,3370,3386,16
Truck478293,2821,1338,3255,3387,132
Truck478710,0,1339,3375,3387,12
Truck476677,1338,2998,2810,3388,578
Truck478129,3331,3122,3210,3388,178
Truck478133,2998,2436,3210,3388,178
Truck478267,3238,2655,3250,3388,138
Truck478388,2437,3239,3285,3389,104
Truck477728,2225,1339,3100,3391,291
Truck477875,2224,2225,3140,3391,251
Truck477916,2822,1339,3150,3391,241
Truck478102,2999,0,3205,3391,186
Truck478752,3122,1339,3385,3391,6
Truck478759,3331,2656,3385,3391,6
Truck477225,2436,3238,2960,3392,432
Truck477702,0,2998,3095,3392,297
Truck477744,3122,2998,3105,3392,287
Truck477746,2225,3122,3105,3392,287
Truck478311,2821,2225,3260,3392,132
Truck478336,2999,2225,3270,3392,122
Truck478340,2225,2999,3270,3392,122
Truck478151,2998,2436,3215,3393,178
Truck478142,2225,3121,3215,3394,179
Truck477766,1339,2998,3110,3395,285
Truck477773,2998,1339,3110,3395,285
Truck478543,3331,2655,3325,3395,70
Truck477893,2224,2225,3145,3396,251
Truck478777,3331,2656,3390,3396,6
Truck478165,3331,1339,3220,3397,177
Truck478756,1339,0,3385,3397,12
Truck476551,1338,3238,2775,3398,623
Truck476767,1338,3122,2835,3398,563
Truck478040,2656,3238,3185,3398,213
Truck478169,2998,2225,3220,3398,178
Truck477923,3121,2821,3155,3399,244
Truck478498,2999,2437,3315,3399,84
Truck478544,2656,2225,3325,3401,76
Truck478653,2821,2998,3355,3401,46
Truck477423,2436,3239,3015,3402,387
Truck477942,3122,2821,3160,3402,242
Truck478290,3239,3122,3255,3403,148
Truck478677,2655,3239,3365,3403,38
Truck478425,2655,3122,3295,3404,109
Truck478559,2224,2998,3330,3404,74
Truck478579,3331,2437,3335,3405,70
Truck477441,2436,2998,3020,3406,386
Truck477478,1339,2436,3030,3406,376
Truck477782,2225,1339,3115,3406,291
Truck477918,0,2821,3155,3406,251
Truck477929,2224,2437,3155,3406,251
Truck477400,2999,1338,3010,3407,397
Truck478617,2821,3331,3345,3407,62
Truck476749,1338,2822,2830,3408,578
Truck478302,3122,3239,3260,3408,148
Truck478303,3238,2437,3260,3408,148
Truck478366,2822,1338,3275,3408,133
Truck478184,2656,3122,3225,3409,184
Truck478407,2655,0,3290,3409,119
Truck477127,1338,2437,2935,3410,475
Truck477495,2436,1339,3035,3410,375
Truck477988,2822,1339,3170,3410,240
Truck477800,2225,1339,3120,3411,291
Truck477939,2655,2224,3160,3411,251
Truck478580,2656,2436,3335,3411,76
Truck478832,2656,3331,3405,3411,6
Truck477459,2436,2655,3025,3412,387
Truck477601,3238,2225,3065,3412,347
Truck477818,2225,3122,3125,3412,287
Truck478199,2224,3331,3230,3412,182
Truck478383,2821,2436,3280,3412,132
Truck478412,2225,2999,3290,3412,122
Truck476821,1338,3122,2850,3413,563
Truck477453,2655,2436,3025,3413,388
Truck477764,2225,2656,3110,3413,303
Truck478105,3238,3331,3205,3413,208
Truck478471,3331,2998,3305,3413,108
Truck478478,2437,0,3310,3413,103
Truck477889,3238,2822,3145,3414,269
Truck477977,3121,2655,3170,3414,244
Truck478092,3239,2224,3200,3414,214
Truck478648,1339,3238,3355,3414,59
Truck478722,3239,2999,3375,3414,39
Truck477837,2436,2437,3130,3415,285
Truck477838,1339,2998,3130,3415,285
Truck478615,3331,2437,3345,3415,70
Truck477820,1339,2225,3125,3416,291
Truck477957,2655,2224,3165,3416,251
Truck477965,2224,2437,3165,3416,251
Truck478344,3239,1339,3270,3416,146
Truck477792,0,2998,3120,3417,297
Truck478401,2821,3121,3285,3417,132
Truck478671,2821,2656,3360,3417,57
Truck478112,2656,3238,3205,3418,213
Truck478234,1339,3331,3240,3418,178
Truck478241,2998,2436,3240,3418,178
Truck478402,2822,2436,3285,3418,133
Truck477479,2224,3238,3030,3419,389
Truck478496,2437,2224,3315,3419,104
Truck478740,3239,2655,3380,3419,39
Truck478230,3122,3331,3240,3420,180
Truck478633,3331,2436,3350,3420,70
Truck478210,2999,2224,3235,3421,186
Truck478256,2656,2224,3245,3421,176
Truck478616,2656,3121,3345,3421,76
Truck476848,1339,1338,2855,3422,567
Truck477489,2655,2436,3035,3422,387
Truck478419,2821,2999,3290,3422,132
Truck478688,2656,2822,3365,3422,57
Truck478836,0,1339,3410,3422,12
Truck477852,3122,2225,3135,3423,288
Truck477853,3238,3121,3135,3423,288
Truck478259,2998,2999,3245,3423,178
Truck478357,3238,2437,3275,3423,148
Truck478362,3239,3122,3275,3423,148
Truck478420,2822,1338,3290,3423,133
Truck478526,2656,2998,3320,3423,103
Truck478568,2437,3122,3335,3423,88
Truck478586,2437,2999,3340,3423,83
Truck478011,2655,3121,3180,3424,244
Truck478013,3121,3331,3180,3424,244
Truck478068,3122,3121,3195,3424,229
Truck478672,2822,3331,3360,3424,64
Truck477763,3238,2998,3110,3425,315
Truck478403,2998,3239,3285,3425,140
Truck478651,3331,2437,3355,3425,70
Truck477600,3122,2224,3065,3426,361
Truck478227,2655,2999,3240,3426,186
Truck478228,2999,2224,3240,3426,186
Truck478842,3122,0,3410,3426,16
Truck477908,2225,1338,3150,3427,277
Truck478072,1339,3121,3195,3427,232
Truck478253,2224,3331,3245,3427,182
Truck478437,2821,3121,3295,3427,132
Truck477504,0,2436,3040,3428,388
Truck478159,3238,3331,3220,3428,208
Truck478438,2822,2225,3295,3428,133
Truck478530,0,2437,3325,3428,103
Truck478794,3239,3331,3395,3428,33
Truck476880,3122,1338,2865,3429,564
Truck478031,3121,2821,3185,3429,244
Truck478224,0,3331,3240,3429,189
Truck478649,2224,2998,3355,3429,74
Truck478699,3238,1339,3370,3429,59
Truck478776,3239,2655,3390,3429,39
Truck478266,3122,3331,3250,3430,180
Truck476875,1338,1339,2865,3431,566
Truck478019,2224,2437,3180,3431,251
Truck478289,2224,2656,3255,3431,176
Truck478652,2656,2999,3355,3431,76
Truck477525,2655,2436,3045,3432,387
Truck478456,2822,2436,3300,3432,132
Truck478872,0,1339,3420,3432,12
Truck478049,3121,0,3190,3433,243
Truck478295,2998,2436,3255,3433,178
Truck478398,3239,3122,3285,3433,148
Truck478533,2655,1339,3325,3433,108
Truck478547,2998,3331,3325,3433,108
Truck478696,2999,3121,3370,3433,63
Truck478550,2437,3331,3330,3434,104
Truck478599,2821,3239,3340,3434,94
Truck477970,2822,3238,3165,3435,270
Truck478439,2998,3239,3295,3435,140
Truck478494,0,2655,3315,3435,120
Truck478037,2224,1338,3185,3436,251
Truck478260,0,2999,3250,3436,186
Truck478264,2999,2821,3250,3436,186
Truck477549,2436,2224,3050,3437,387
Truck477849,2655,2225,3135,3437,302
Truck478473,2821,2655,3305,3437,132
Truck478690,2822,2224,3365,3437,72
Truck476857,1338,2655,2860,3438,578
Truck477659,2224,1339,3080,3438,358
Truck477854,2225,3239,3135,3438,303
Truck478201,3331,3238,3230,3438,208
Truck478273,3331,0,3250,3438,188
Truck478313,2998,2655,3260,3438,178
Truck478474,2822,2436,3305,3438,133
Truck478551,2655,1339,3330,3438,108
Truck478566,0,2437,3335,3438,103
Truck477551,2224,3238,3050,3439,389
Truck478095,2821,1339,3200,3439,239
Truck478812,3239,2225,3400,3439,39
Truck478226,2437,2225,3240,3440,200
Truck478284,3122,2656,3255,3440,185
Truck478735,3238,3122,3380,3440,60
Truck477621,2436,3122,3070,3441,371
Truck478282,2999,2655,3255,3441,186
Truck478432,1339,3239,3295,3441,146
Truck477526,2999,1338,3045,3442,397
Truck477567,2436,3239,3055,3442,387
Truck477657,2436,1338,3080,3442,362
Truck477924,3122,2998,3155,3442,287
Truck478491,2821,2437,3310,3442,132
Truck477872,2225,2655,3140,3443,303
Truck477925,3238,3121,3155,3443,288
Truck478428,3122,3239,3295,3443,148
Truck478584,0,2437,3340,3443,103
Truck478085,3121,2656,3200,3444,244
Truck478108,1339,2822,3205,3444,239
Truck478492,2822,2225,3310,3444,134
Truck478017,2436,3121,3180,3445,265
Truck478077,2821,0,3195,3445,250
Truck478723,3331,2655,3375,3445,70
Truck478346,2656,2224,3270,3446,176
Truck478144,1339,3121,3215,3447,232
Truck478509,2821,2436,3315,3447,132
Truck478664,2225,2436,3360,3447,87
Truck478926,0,1339,3435,3447,12
Truck476893,1338,2656,2870,3448,578
Truck477585,2436,2224,3060,3448,388
Truck477882,0,2225,3145,3448,303
Truck477941,3121,3238,3160,3448,288
Truck478220,2656,3238,3235,3448,213
Truck478442,2437,3238,3300,3448,148
Truck478483,3238,2655,3310,3448,138
Truck478604,2437,3331,3345,3449,104
Truck478132,2822,1339,3210,3450,240
Truck477639,2436,1339,3075,3451,376
Truck478318,2999,2822,3265,3451,186
Truck478650,3239,2822,3355,3451,96
Truck476956,1339,1338,2885,3452,567
Truck477603,2436,2224,3065,3452,387
Truck477745,3238,2225,3105,3452,347
Truck476911,1338,2998,2875,3453,578
Truck478367,2998,2436,3275,3453,178
Truck478470,3239,3122,3305,3453,148
Truck478528,2822,2436,3320,3453,133
Truck478637,2998,2656,3350,3453,103
Truck478768,2999,3121,3390,3453,63
Truck478121,3121,3331,3210,3454,244
Truck478866,3239,2436,3415,3454,39
Truck477713,2224,3122,3095,3455,360
Truck478753,3238,0,3385,3455,70
Truck477457,3238,2436,3025,3456,431
Truck477981,2436,2437,3170,3456,286
Truck478742,2656,3121,3380,3456,76
Truck478392,3122,2999,3285,3457,172
Truck478545,2821,3121,3325,3457,132
Truck478570,2999,2225,3335,3457,122
Truck476929,1338,2998,2880,3458,578
Truck477926,2225,3239,3155,3458,303
Truck478385,2998,2437,3280,3458,178
Truck478694,2437,3122,3370,3458,88
Truck478067,3121,2436,3195,3459,264
Truck478139,3121,2822,3215,3459,244
Truck478689,2821,3239,3365,3459,94
Truck478807,3238,1339,3400,3459,59
Truck478884,3239,2655,3420,3459,39
Truck478116,0,2822,3210,3460,250
Truck478162,1339,2821,3220,3460,240
Truck478298,2437,2225,3260,3460,200
Truck478127,2224,2225,3210,3461,251
Truck478192,2999,3238,3230,3461,231
Truck478354,2999,2821,3275,3461,186
Truck478400,2656,2224,3285,3461,176
Truck479011,3331,2656,3455,3461,6
Truck478410,3122,2999,3290,3462,172
Truck478588,2999,2225,3340,3462,122
Truck478592,2225,2999,3340,3462,122
Truck478780,2822,2224,3390,3462,72
Truck477944,2225,2655,3160,3463,303
Truck477995,3121,3238,3175,3463,288
Truck477996,3122,2225,3175,3463,288
Truck477997,3238,3121,3175,3463,288
Truck478564,2822,2225,3330,3463,133
Truck478767,2655,2656,3390,3465,75
Truck478795,3331,3121,3395,3465,70
Truck478134,0,2821,3215,3466,251
Truck478778,2656,2999,3390,3466,76
Truck478782,0,3238,3395,3466,71
Truck478799,2998,2822,3395,3466,71
Truck478581,2821,2436,3335,3467,132
Truck478720,1339,2437,3375,3467,92
Truck478824,3122,3238,3405,3467,62
Truck476965,1338,2655,2890,3468,578
Truck478519,3238,2437,3320,3468,148
Truck478659,2655,1339,3360,3468,108
Truck477415,1338,3121,3015,3469,454
Truck477419,3121,1338,3015,3469,454
Truck478175,3121,2822,3225,3469,244
Truck478203,2821,1339,3230,3469,239
Truck478676,2437,2822,3365,3469,104
Truck478167,2821,0,3220,3470,250
Truck478426,2999,1339,3295,3470,175
Truck478813,3331,3121,3400,3470,70
Truck478163,2224,2437,3220,3471,251
Truck478560,3239,2998,3330,3471,141
Truck478755,2436,2225,3385,3471,86
Truck477513,2436,3238,3040,3472,432
Truck477675,2436,2224,3085,3472,387
Truck478229,3121,1339,3240,3472,232
Truck478841,3121,2999,3410,3472,62
Truck476983,1338,3239,2895,3473,578
Truck477042,3122,1338,2910,3474,564
Truck477433,1338,3121,3020,3474,454
Truck478193,3121,2224,3230,3474,244
Truck478938,3239,3121,3435,3474,39
Truck477361,1338,2437,3000,3475,475
Truck477943,3238,2998,3160,3475,315
Truck477693,2436,3239,3090,3476,386
Truck478447,3238,3239,3300,3476,176
Truck478578,3239,2998,3335,3476,141
Truck478814,2656,2225,3400,3476,76
Truck477747,2436,3122,3105,3477,372
Truck478886,2656,2822,3420,3477,57
Truck477001,1338,2822,2900,3478,578
Truck477684,0,2436,3090,3478,388
Truck477998,2225,3331,3175,3478,303
Truck478587,2655,3238,3340,3478,138
Truck478724,2656,2998,3375,3478,103
Truck478211,3121,3331,3235,3479,244
Truck478359,2436,2999,3275,3480,205
Truck477748,1339,2436,3105,3481,376
Truck477711,2436,2821,3095,3482,387
Truck478070,2225,3122,3195,3482,287
Truck478635,2821,2999,3350,3482,132
Truck478790,2225,2436,3395,3482,87
Truck478852,2822,2224,3410,3482,72
Truck478016,2225,3239,3180,3483,303
Truck478475,2998,2437,3305,3483,178
Truck478636,2822,2655,3350,3483,133
Truck478730,2437,0,3380,3483,103
Truck478745,2998,2656,3380,3483,103
Truck478974,3239,2656,3445,3483,38
Truck478157,3121,2436,3220,3484,264
Truck478097,2998,1339,3200,3485,285
Truck477398,2437,1338,3010,3486,476
Truck477816,3122,2224,3125,3486,361
Truck478206,0,2821,3235,3486,251
Truck478217,2224,2655,3235,3486,251
Truck478641,2655,2822,3355,3486,131
Truck479052,0,3122,3470,3486,16
Truck478124,2225,1338,3210,3487,277
Truck478283,3121,1339,3255,3487,232
Truck478469,2224,3331,3305,3487,182
Truck478870,2822,2998,3415,3487,72
Truck478896,3122,3238,3425,3487,62
Truck477839,2224,1339,3130,3488,358
Truck478034,2225,2998,3185,3488,303
Truck478247,3121,0,3245,3488,243
Truck478301,3121,3122,3260,3488,228
Truck478654,2822,2999,3355,3488,133
Truck478731,2655,1339,3380,3488,108
Truck478748,2437,0,3385,3488,103
Truck478275,2821,1339,3250,3489,239
Truck478915,3238,1339,3430,3489,59
Truck478879,3238,0,3420,3490,70
Truck478462,2999,2655,3305,3491,186
Truck478508,2656,2224,3315,3491,176
Truck478868,2656,2437,3415,3491,76
Truck477100,1339,1338,2925,3492,567
Truck477890,2225,3238,3145,3492,347
Truck478802,2437,1339,3400,3492,92
Truck477055,1338,2656,2915,3493,578
Truck478052,2225,2998,3190,3493,303
Truck478511,2998,2655,3315,3493,178
Truck478781,2998,2656,3390,3493,103
Truck478288,1339,2822,3255,3494,239
Truck478766,2437,2821,3390,3494,104
Truck478500,3122,3331,3315,3495,180
Truck478903,3331,2655,3425,3495,70
Truck477109,1338,1339,2930,3496,566
Truck478480,2999,2998,3310,3496,186
Truck477765,2436,2998,3110,3497,387
Truck478160,2225,1338,3220,3497,277
Truck478515,2655,2998,3320,3498,178
Truck478632,3239,3122,3350,3498,148
Truck478476,0,3331,3310,3499,189
Truck478784,2437,2998,3395,3499,104
Truck478942,2822,3331,3435,3499,64
Truck478770,3122,2655,3390,3500,110
Truck477873,2436,1338,3140,3501,361
Truck478126,1339,2225,3210,3501,291
Truck478658,2437,3121,3360,3501,141
Truck478668,3239,2998,3360,3501,141
Truck478904,2656,2655,3425,3501,76
Truck479106,0,3122,3485,3501,16
Truck479148,3122,1339,3495,3501,6
Truck477091,1338,0,2925,3502,577
Truck478695,2655,2822,3370,3502,132
Truck478707,2821,1338,3370,3502,132
Truck478411,3238,2656,3290,3503,213
Truck478435,3331,3238,3295,3503,208
Truck478540,1339,3331,3325,3503,178
Truck478708,2822,2437,3370,3503,133
Truck478299,2655,3121,3260,3504,244
Truck478329,2821,1339,3265,3504,239
Truck478876,2999,2437,3420,3504,84
Truck478939,3331,2655,3435,3505,70
Truck478969,3238,3122,3445,3505,60
Truck477145,1338,1339,2940,3506,566
Truck477801,2436,2822,3120,3506,386
Truck478562,2656,2224,3330,3506,176
Truck478922,2656,2655,3430,3506,76
Truck479031,2821,2998,3460,3506,46
Truck479166,3122,1339,3500,3506,6
Truck478106,2225,0,3205,3507,302
Truck478444,2999,2436,3300,3507,207
Truck478713,2655,2821,3375,3507,132
Truck478750,2999,2225,3385,3507,122
Truck478864,1339,2437,3415,3507,92
Truck478726,2822,2655,3375,3508,133
Truck478818,0,2437,3405,3508,103
Truck478874,2437,3122,3420,3508,88
Truck478314,0,3121,3265,3509,244
Truck478319,3121,2224,3265,3509,244
Truck478820,2437,2998,3405,3509,104
Truck477911,2224,3122,3150,3510,360
Truck478957,3331,2437,3440,3510,70
Truck478296,0,2821,3260,3511,251
Truck478534,2999,2998,3325,3511,186
Truck478577,2224,2656,3335,3511,176
Truck478940,2656,2225,3435,3511,76
Truck478743,2821,2225,3380,3512,132
Truck477819,2436,0,3125,3513,388
Truck478391,3121,3122,3285,3513,228
Truck478583,2998,2999,3335,3513,178
Truck477821,2224,3238,3125,3514,389
Truck477928,1339,2224,3155,3514,359
Truck478332,0,3121,3270,3514,244
Truck478337,3121,2224,3270,3514,244
Truck479082,3239,1338,3475,3514,39
Truck477927,2436,1338,3155,3515,360
Truck478365,2821,3122,3275,3515,240
Truck478393,3238,2999,3285,3515,230
Truck478727,2998,3239,3375,3515,140
Truck478947,2655,2656,3440,3515,75
Truck478975,3331,2225,3445,3515,70
Truck478325,2224,2436,3265,3516,251
Truck478552,2999,2821,3330,3516,186
Truck478598,2656,2224,3340,3516,176
Truck478958,2656,2999,3440,3516,76
Truck479160,0,3122,3500,3516,16
Truck479202,3122,1339,3510,3516,6
Truck478485,2436,2999,3310,3517,207
Truck478761,2821,2225,3385,3517,132
Truck479013,2821,3331,3455,3517,62
Truck478561,3331,0,3330,3518,188
Truck478601,2998,3121,3340,3518,178
Truck479100,3239,2656,3480,3518,38
Truck477888,3122,2436,3145,3519,374
Truck478215,2436,2437,3235,3519,284
Truck478762,2822,2437,3385,3519,134
Truck478902,3239,2822,3425,3519,94
Truck478905,2821,3239,3425,3519,94
Truck478973,2224,2998,3445,3519,74
Truck479026,1339,3238,3460,3519,59
Truck478216,1339,2998,3235,3520,285
Truck477892,1339,2436,3145,3521,376
Truck478187,2998,0,3225,3521,296
Truck478198,1339,2225,3230,3521,291
Truck478343,2224,2437,3270,3521,251
Truck478348,2822,0,3270,3521,251
Truck477163,1338,0,2945,3522,577
Truck477855,2436,2821,3135,3522,387
Truck478597,3331,2224,3340,3522,182
Truck478779,2821,2225,3390,3522,132
Truck479021,3121,2999,3460,3522,62
Truck478619,2998,3121,3345,3523,178
Truck478674,0,3239,3365,3523,158
Truck478717,3238,2437,3375,3523,148
Truck478867,3331,2998,3415,3523,108
Truck477906,3122,2436,3150,3524,374
Truck478373,3121,3331,3280,3524,244
Truck478920,3239,2822,3430,3524,94
Truck479118,3239,1338,3485,3524,39
Truck478285,3238,2821,3255,3525,270
Truck478532,2437,2225,3325,3525,200
Truck477963,2436,1338,3165,3526,361
Truck478361,2224,2437,3275,3526,251
Truck478634,2656,2224,3350,3526,176
Truck478785,2655,2822,3395,3526,131
Truck478994,2656,3121,3450,3526,76
Truck479103,2821,2998,3480,3526,46
Truck477832,2999,1338,3130,3527,397
Truck478015,3238,2225,3180,3527,347
Truck478232,2225,3122,3240,3527,287
Truck478797,2821,2655,3395,3527,132
Truck478826,2225,2999,3405,3527,122
Truck479014,2822,2224,3455,3527,72
Truck477019,1338,3238,2905,3528,623
Truck477181,1338,3239,2950,3528,578
Truck478516,2999,2436,3320,3528,208
Truck478623,2655,2998,3350,3528,178
Truck478889,2998,3331,3420,3528,108
Truck478798,2822,2436,3395,3529,134
Truck478892,2437,2822,3425,3529,104
Truck479009,2224,2998,3455,3529,74
Truck477936,0,2224,3160,3530,370
Truck478141,3238,2998,3215,3530,315
Truck477235,1338,1339,2965,3531,566
Truck478223,2998,0,3235,3531,296
Truck478379,2224,3121,3280,3531,251
Truck478539,2436,2999,3325,3531,206
Truck478645,3238,3239,3355,3531,176
Truck478660,2999,3122,3360,3531,171
Truck477850,2999,1338,3135,3532,397
Truck477891,2436,2998,3145,3532,387
Truck478286,2225,1338,3255,3532,277
Truck478815,2821,3121,3400,3532,132
Truck477037,1338,3238,2910,3533,623
Truck477253,1338,3122,2970,3533,563
Truck478196,2225,3331,3230,3533,303
Truck478463,3121,3122,3305,3533,228
Truck478816,2822,1338,3400,3533,133
Truck478646,2225,3121,3355,3534,179
Truck478910,2437,2224,3430,3534,104
Truck478984,2999,2437,3450,3534,84
Truck479154,3239,2436,3495,3534,39
Truck477954,0,2224,3165,3535,370
Truck478270,1339,2998,3250,3535,285
Truck479047,3331,2437,3465,3535,70
Truck478297,1338,2225,3260,3536,276
Truck478386,0,2821,3285,3536,251
Truck478389,2655,2224,3285,3536,251
Truck478397,2224,2437,3285,3536,251
Truck478624,2999,2822,3350,3536,186
Truck478821,2655,2822,3405,3536,131
Truck479274,3122,1339,3530,3536,6
Truck477865,1338,2999,3140,3537,397
Truck478268,2225,3122,3250,3537,287
Truck478304,2225,1338,3260,3537,277
Truck478834,2822,2225,3405,3537,132
Truck477217,1338,2655,2960,3538,578
Truck477909,2436,2822,3150,3538,388
Truck478214,2225,2822,3235,3538,303
Truck478673,2998,3121,3360,3538,178
Truck478728,0,3239,3380,3538,158
Truck478771,3238,2437,3390,3538,148
Truck478911,2655,1339,3430,3538,108
Truck477276,3122,1338,2975,3539,564
Truck478427,3121,2656,3295,3539,244
Truck478928,2437,2224,3435,3539,104
Truck479172,3239,2437,3500,3539,39
Truck478280,2437,2436,3255,3540,285
Truck479065,3331,3121,3470,3540,70
Truck478415,2224,2437,3290,3541,251
Truck478642,2999,3331,3355,3541,186
Truck478681,3238,3239,3365,3541,176
Truck478851,2821,2436,3410,3542,132
Truck478990,1339,2437,3450,3542,92
Truck479121,2821,2656,3485,3542,57
Truck478555,3238,2656,3330,3543,213
Truck478691,2998,2225,3365,3543,178
Truck478788,3122,3239,3395,3543,148
Truck479208,3239,3331,3510,3543,33
Truck478443,2655,3121,3300,3544,244
Truck478445,3121,3331,3300,3544,244
Truck478638,0,3331,3355,3544,189
Truck478670,2656,3122,3360,3544,184
Truck478946,2437,2656,3440,3544,104
Truck478996,2822,3239,3450,3545,95
Truck477999,2436,3122,3175,3546,371
Truck478704,3239,3238,3370,3547,177
Truck479086,2822,2224,3475,3547,72
Truck477307,1338,3122,2985,3548,563
Truck478242,0,2225,3245,3548,303
Truck478250,2225,2655,3245,3548,303
Truck478669,3331,0,3360,3548,188
Truck478709,2998,3121,3370,3548,178
Truck478843,3238,2655,3410,3548,138
Truck478965,2655,2437,3445,3548,103
Truck478976,2656,2998,3445,3548,103
Truck477947,2224,3238,3160,3549,389
Truck478486,1339,2822,3310,3549,239
Truck478656,0,3331,3360,3549,189
Truck478964,2437,3331,3445,3549,104
Truck479010,3239,2822,3455,3549,94
Truck477631,1338,2437,3075,3550,475
Truck478324,1339,2998,3265,3550,285
Truck478375,3238,2821,3280,3550,270
Truck479101,3331,2225,3480,3550,70
Truck478678,2999,2655,3365,3551,186
Truck478875,2655,2821,3420,3552,132
Truck478887,2821,3121,3420,3552,132
Truck479157,2821,2656,3495,3552,57
Truck478687,3331,0,3365,3553,188
Truck478706,2656,1339,3370,3553,183
Truck478888,2822,2655,3420,3553,133
Truck478982,2437,3331,3450,3554,104
Truck479226,3239,1338,3515,3554,39
Truck478629,2436,2999,3350,3555,205
Truck478941,2821,2224,3435,3555,120
Truck478322,2225,1339,3265,3556,291
Truck479102,2656,1338,3480,3556,76
Truck478281,2655,2225,3255,3557,302
Truck478741,3331,1339,3380,3557,177
Truck479265,2821,2822,3525,3557,32
Truck477289,1338,3331,2980,3558,578
Truck478705,3331,0,3370,3558,188
Truck478848,3239,3122,3410,3558,148
Truck478055,2224,0,3190,3559,369
Truck478497,2655,3121,3315,3559,244
Truck478499,3121,2822,3315,3559,244
Truck478906,2822,2436,3425,3559,134
Truck479167,3238,1339,3500,3559,59
Truck478091,2224,3122,3200,3560,360
Truck478360,1339,2998,3275,3560,285
Truck479046,3239,2822,3465,3560,95
Truck479137,3331,2999,3490,3560,70
Truck478331,2998,0,3265,3561,296
Truck478342,1339,2225,3270,3561,291
Truck478487,2224,2437,3310,3561,251
Truck478760,2656,2224,3385,3561,176
Truck477990,0,2436,3175,3562,387
Truck478758,3239,3238,3385,3562,177
Truck478923,2821,1338,3430,3562,132
Truck479350,1339,0,3550,3562,12
Truck478355,3121,3238,3275,3563,288
Truck478893,2655,3238,3425,3563,138
Truck478517,3121,2224,3320,3564,244
Truck479262,3239,2225,3525,3564,39
Truck478109,2224,3122,3205,3565,360
Truck477686,2437,1338,3090,3566,476
Truck478107,2436,1338,3205,3566,361
Truck478349,2998,0,3270,3566,296
Truck478732,2999,2224,3380,3566,186
Truck479159,2998,2822,3495,3566,71
Truck478510,2822,0,3315,3567,252
Truck478571,3121,1339,3335,3567,232
Truck478757,2224,3331,3385,3567,182
Truck478535,3121,0,3325,3568,243
Truck479048,2656,2998,3465,3568,103
Truck479298,3239,3331,3535,3568,33
Truck479036,2437,3239,3465,3569,104
Truck478591,3238,2999,3340,3570,230
Truck478980,0,2655,3450,3570,120
Truck479145,2655,2656,3495,3570,75
Truck479173,3331,2655,3500,3570,70
Truck478035,2436,3331,3185,3571,386
Truck478122,3122,2224,3210,3571,361
Truck478423,1338,2225,3295,3571,276
Truck478523,2224,2437,3320,3571,251
Truck479115,2436,2225,3485,3571,86
Truck478178,2225,3238,3225,3572,347
Truck478394,2225,3122,3285,3572,287
Truck478959,2821,2436,3440,3572,132
Truck479376,0,1339,3560,3572,12
Truck478607,3121,3122,3345,3573,228
Truck478933,3238,2655,3435,3573,138
Truck479069,2998,2656,3470,3573,103
Truck479316,3239,3331,3540,3573,33
Truck478481,3121,2436,3310,3574,264
Truck478553,3121,2821,3330,3574,244
Truck478582,2822,1339,3335,3574,239
Truck478143,2436,1338,3215,3575,360
Truck478712,2437,2225,3375,3575,200
Truck479185,3238,0,3505,3575,70
Truck479191,3331,2655,3505,3575,70
Truck478053,2436,2655,3190,3576,386
Truck478541,2224,1338,3325,3576,251
Truck478546,2822,0,3325,3576,251
Truck479132,2225,2436,3490,3576,86
Truck479174,2656,2437,3500,3576,76
Truck478978,2822,1338,3445,3577,132
Truck479194,2822,2224,3505,3577,72
Truck479219,3121,2999,3515,3577,62
Truck478104,3122,2436,3205,3578,373
Truck478358,2225,3331,3275,3578,303
Truck478409,3121,3238,3290,3578,288
Truck478810,1339,3331,3400,3578,178
Truck479307,2655,3239,3540,3578,38
Truck478569,2655,3121,3335,3579,244
Truck478594,1339,2822,3340,3579,239
Truck478686,3239,2224,3365,3579,214
Truck478796,2656,3122,3395,3579,184
Truck479072,2437,2224,3475,3579,104
Truck479189,2224,2822,3505,3579,74
Truck478600,2822,1339,3340,3580,240
Truck479209,3331,3121,3510,3580,70
Truck478829,2224,2656,3405,3581,176
Truck478071,2436,2821,3195,3582,387
Truck478430,2225,3122,3295,3582,287
Truck478548,0,2822,3330,3582,252
Truck478590,3122,2821,3340,3582,242
Truck478714,2999,2436,3375,3582,207
Truck478995,2821,2437,3450,3582,132
Truck477379,1338,2655,3005,3583,578
Truck478376,2225,3239,3280,3583,303
Truck478835,2998,2437,3405,3583,178
Truck477833,3121,1338,3130,3584,454
Truck478589,3121,2822,3340,3584,244
Truck478612,1339,2822,3345,3584,239
Truck479334,3239,2999,3545,3584,39
Truck478339,3238,2998,3270,3585,315
Truck478737,2436,2999,3380,3585,205
Truck478754,2225,2437,3385,3585,200
Truck478979,2998,3239,3445,3585,140
Truck479257,3238,3122,3525,3585,60
Truck478089,2436,2822,3200,3586,386
Truck478421,2998,0,3290,3586,296
Truck478804,2999,2656,3400,3586,186
Truck478847,2224,2656,3410,3586,176
Truck479210,2656,2436,3510,3586,76
Truck479282,2656,2822,3530,3586,56
Truck479321,2998,2821,3540,3586,46
Truck477397,1338,3239,3010,3588,578
Truck478446,3122,2225,3300,3588,288
Truck478839,2655,2998,3410,3588,178
Truck478853,2998,2999,3410,3588,178
Truck478956,3239,3122,3440,3588,148
Truck478460,2437,2436,3305,3589,284
Truck478602,0,3121,3345,3589,244
Truck479231,2998,2224,3515,3589,74
Truck478630,1339,2822,3350,3590,240
Truck479275,3238,3122,3530,3590,60
Truck478595,2224,1338,3340,3591,251
Truck478822,2999,2821,3405,3591,186
Truck479228,2656,2225,3515,3591,76
Truck479249,2998,2822,3520,3591,71
Truck479019,2655,2822,3460,3592,132
Truck479283,2821,3331,3530,3592,62
Truck479300,2656,2822,3535,3592,57
Truck479391,2821,2822,3560,3592,32
Truck478464,3122,2225,3305,3593,288
Truck478739,2224,3239,3380,3593,213
Truck478871,2998,3121,3415,3593,178
Truck479032,2822,2436,3460,3593,133
Truck478625,3121,2656,3350,3594,244
Truck479126,2437,2224,3490,3594,104
Truck479184,3122,2437,3505,3594,89
Truck479200,2999,2437,3510,3594,84
Truck478493,2998,1339,3310,3595,285
Truck478618,2822,0,3345,3595,250
Truck479263,3331,2225,3525,3595,70
Truck478125,2436,2224,3210,3596,386
Truck478840,2999,3331,3410,3596,186
Truck479246,2656,2225,3520,3596,76
Truck479267,2998,2822,3525,3596,71
Truck479490,3122,1339,3590,3596,6
Truck479498,2656,3331,3590,3596,6
Truck478081,1338,2999,3200,3597,397
Truck478179,2436,3122,3225,3597,372
Truck478885,3331,1339,3420,3597,177
Truck479291,3121,2999,3535,3597,62
Truck479299,3331,2822,3535,3597,62
Truck479301,2821,3331,3535,3597,62
Truck478482,3122,2225,3310,3598,288
Truck478849,3331,0,3410,3598,188
Truck479204,2225,2436,3510,3598,88
Truck477883,1338,3121,3145,3599,454
Truck478643,3121,2656,3355,3599,244
Truck479261,2224,2998,3525,3599,74
Truck479388,3239,2225,3560,3599,39
Truck477811,1338,2437,3125,3600,475
Truck478563,2821,3238,3330,3600,270
Truck479190,3239,2822,3505,3600,95
Truck479253,2655,2656,3525,3600,75
Truck479281,3331,1338,3530,3600,70
Truck478620,0,2821,3350,3601,251
Truck478631,2224,2437,3350,3601,251
Truck478786,2999,2436,3395,3601,206
Truck479264,2656,1338,3525,3601,76
Truck479268,0,3238,3530,3601,71
Truck477979,3238,2436,3170,3602,432
Truck478225,1338,2436,3240,3602,362
Truck479067,2821,2436,3470,3602,132
Truck479337,2821,2656,3545,3602,57
Truck478448,2225,3239,3300,3603,303
Truck478907,2998,2225,3425,3603,178
Truck479005,3238,2437,3455,3603,148
Truck479068,2822,2436,3470,3603,133
Truck479424,3239,3331,3570,3603,33
Truck478252,1339,2224,3245,3604,359
Truck478850,2656,0,3410,3604,194
Truck477505,1338,1339,3040,3606,566
Truck478161,2436,3331,3220,3606,386
Truck478251,2436,1338,3245,3606,361
Truck478504,1339,2225,3315,3606,291
Truck478529,2998,3122,3320,3606,286
Truck479526,3122,1339,3600,3606,6
Truck477469,1338,0,3030,3607,577
Truck478556,2225,1338,3330,3607,277
Truck478901,2224,3331,3425,3607,182
Truck479328,3122,3238,3545,3607,62
Truck479355,2821,2656,3550,3607,57
Truck478271,2224,1339,3250,3608,358
Truck478466,2225,2656,3305,3608,303
Truck478679,3121,0,3365,3608,243
Truck478900,1339,2656,3425,3608,183
Truck479055,2655,3238,3470,3608,138
Truck479252,2437,2999,3525,3608,83
Truck478734,3122,3121,3380,3609,229
Truck479180,2437,2656,3505,3609,104
Truck479230,2822,3239,3515,3609,94
Truck478914,3122,3331,3430,3610,180
Truck479317,3331,2437,3540,3610,70
Truck478894,2999,0,3425,3611,186
Truck479411,2998,2821,3565,3611,46
Truck478921,3331,2224,3430,3612,182
Truck478950,3122,2999,3440,3612,172
Truck479104,2822,2225,3480,3612,132
Truck477487,1338,2821,3035,3613,578
Truck478484,2225,2655,3310,3613,303
Truck478537,3238,3121,3325,3613,288
Truck478831,3331,3238,3405,3613,208
Truck478943,2998,3121,3435,3613,178
Truck479073,2655,3238,3475,3613,138
Truck479464,2822,2821,3580,3613,33
Truck477937,1338,3121,3160,3614,454
Truck478697,3121,3239,3370,3614,244
Truck478725,2821,1339,3375,3614,239
Truck479315,2224,2822,3540,3614,74
Truck478457,2998,3238,3300,3615,315
Truck478932,3122,3331,3435,3615,180
Truck478685,2224,2655,3365,3616,251
Truck478912,2999,3239,3430,3616,186
Truck478197,2436,3239,3230,3617,387
Truck478502,2225,0,3315,3617,302
Truck478937,2224,3331,3435,3617,182
Truck479109,2655,2822,3485,3617,132
Truck479481,2821,2822,3585,3617,32
Truck478627,3238,2822,3350,3618,268
Truck478961,2998,2999,3440,3618,178
Truck479122,2822,3121,3485,3618,133
Truck479482,2822,2821,3585,3618,33
Truck478715,3121,2656,3375,3619,244
Truck478744,2822,1339,3380,3619,239
Truck478830,3239,2224,3405,3619,214
Truck479216,2437,2224,3515,3619,104
Truck479386,1339,3238,3560,3619,59
Truck479460,3239,2436,3580,3619,39
Truck479584,1339,3122,3615,3619,4
Truck478880,2225,2437,3420,3620,200
Truck479353,3331,2655,3550,3620,70
Truck478305,2436,1338,3260,3621,361
Truck478558,1339,2225,3330,3621,291
Truck478703,2224,2437,3370,3621,251
Truck478930,2999,2822,3435,3621,186
Truck479336,2656,2437,3545,3621,76
Truck479294,2225,2436,3535,3622,87
Truck477523,1338,3239,3045,3623,578
Truck478512,0,2225,3320,3623,303
Truck478520,2225,3239,3320,3623,303
Truck478572,3122,2225,3335,3623,288
Truck478861,3238,3331,3415,3623,208
Truck479140,2822,2436,3490,3623,133
Truck479469,2655,3239,3585,3623,38
Truck479496,3239,3331,3590,3623,33
Truck477582,3122,1338,3060,3624,564
Truck478733,3121,2821,3380,3624,244
Truck479181,2655,0,3505,3624,119
Truck479478,3239,2436,3585,3624,39
Truck479284,2822,3239,3530,3625,95
Truck477902,2437,1338,3150,3626,476
Truck478233,2436,2224,3240,3626,386
Truck478565,2998,0,3330,3626,296
Truck478948,2999,3331,3440,3626,186
Truck479463,2821,2998,3580,3626,46
Truck477586,1339,1338,3060,3627,567
Truck478287,2436,3122,3255,3627,372
Truck478787,3121,1339,3395,3627,232
Truck478992,3239,3238,3450,3627,177
Truck479158,2822,1338,3495,3627,132
Truck479427,2821,2656,3570,3627,57
Truck478538,2225,2656,3325,3628,303
Truck478997,2998,2437,3450,3628,178
Truck479094,3122,3239,3480,3628,148
Truck479398,2999,3121,3565,3628,63
Truck478235,2224,3238,3240,3629,389
Truck478307,2224,0,3260,3629,369
Truck478749,2655,3121,3385,3629,244
Truck478751,3121,2998,3385,3629,244
Truck478806,3122,3121,3400,3629,229
Truck479419,3238,1339,3570,3629,59
Truck479002,2999,1339,3455,3630,175
Truck479383,3238,0,3560,3630,70
Truck477595,1338,1339,3065,3631,566
Truck477920,2437,1338,3155,3631,476
Truck478962,0,2999,3445,3631,186
Truck478966,2999,2998,3445,3631,186
Truck479012,2656,2224,3455,3631,176
Truck478991,2224,3331,3450,3632,182
Truck478993,3331,2224,3450,3632,182
Truck479445,2821,2656,3575,3632,57
Truck477559,1338,2822,3055,3633,578
Truck479008,1339,3331,3455,3633,178
Truck479113,3238,2437,3485,3633,148
Truck479176,2822,2655,3500,3633,133
Truck478769,3121,2821,3390,3634,244
Truck479217,2655,0,3515,3634,119
Truck479270,2437,2998,3530,3634,104
Truck478792,1339,2821,3395,3635,240
Truck478825,3238,2999,3405,3635,230
Truck479407,3331,2999,3565,3635,70
Truck478622,2437,2436,3350,3636,286
Truck478983,2655,2999,3450,3636,186
Truck479027,2224,2656,3460,3636,176
Truck477622,1339,1338,3070,3637,567
Truck478351,1338,2436,3275,3637,362
Truck479436,3122,3238,3575,3637,62
Truck477577,1338,2998,3060,3638,578
Truck477579,2655,1338,3060,3638,578
Truck478574,2225,2821,3335,3638,303
Truck479029,3331,3122,3460,3638,178
Truck479033,2998,2225,3460,3638,178
Truck479136,3239,3122,3490,3638,148
Truck479285,2998,3331,3530,3638,108
Truck479288,2437,0,3535,3638,103
Truck479532,3239,2225,3600,3639,39
Truck478323,2436,1339,3265,3641,376
Truck478374,3122,2224,3280,3641,361
Truck478775,2224,2655,3390,3641,251
Truck479162,2437,3121,3500,3641,141
Truck479429,2998,2822,3570,3641,71
Truck479517,2821,2998,3595,3641,46
Truck479616,3122,0,3625,3641,16
Truck478123,3238,2436,3210,3642,432
Truck478246,2999,1338,3245,3642,397
Truck478429,3238,2225,3295,3642,347
Truck479428,2822,2998,3570,3642,72
Truck478278,0,2436,3255,3643,388
Truck479030,2656,1339,3460,3643,183
Truck479044,1339,3331,3465,3643,178
Truck479051,2998,2655,3465,3643,178
Truck479212,2822,2655,3510,3643,133
Truck478803,2655,3121,3400,3644,244
Truck479550,3239,2999,3605,3644,39
Truck478833,2821,3122,3405,3645,240
Truck479415,2655,2656,3570,3645,75
Truck479437,3238,0,3575,3645,70
Truck479443,3331,2999,3575,3645,70
Truck478793,2224,2999,3395,3646,251
Truck478858,2999,3238,3415,3646,231
Truck478953,2436,2999,3440,3646,206
Truck479074,2999,3122,3475,3646,171
Truck478610,2225,0,3345,3647,302
Truck479064,3239,3238,3470,3647,177
Truck479471,3121,2999,3585,3647,62
Truck479499,2821,2656,3590,3647,57
Truck477613,1338,2822,3070,3648,578
Truck478661,3121,3238,3360,3648,288
Truck478663,3238,3121,3360,3648,288
Truck479199,2655,3238,3510,3648,138
Truck479314,1339,2655,3540,3648,108
Truck479324,2437,0,3545,3648,103
Truck477672,3122,1338,3085,3649,564
Truck478823,3121,2822,3405,3649,244
Truck478878,3122,3121,3420,3649,229
Truck479016,0,3331,3460,3649,189
Truck479271,2655,0,3530,3649,119
Truck479568,3239,2225,3610,3649,39
Truck478846,1339,2821,3410,3650,240
Truck479461,3331,2999,3580,3650,70
Truck479038,2999,3239,3465,3651,186
Truck479553,2821,2998,3605,3651,46
Truck479696,2656,3331,3645,3651,6
Truck479247,2821,2225,3520,3652,132
Truck477685,1338,3122,3090,3653,563
Truck478628,2225,2655,3350,3653,303
Truck479087,2998,2436,3475,3653,178
Truck479354,2656,2998,3550,3653,103
Truck479342,2437,2224,3550,3654,104
Truck479465,2998,2224,3580,3654,74
Truck478378,1339,2436,3280,3655,375
Truck478702,1339,2998,3370,3655,285
Truck479473,3238,0,3585,3655,70
Truck479479,3331,1338,3585,3655,70
Truck478729,1338,2225,3380,3656,276
Truck479462,2656,2655,3580,3656,76
Truck478300,2999,1338,3260,3657,397
Truck478341,2436,3331,3270,3657,387
Truck478736,2225,1338,3380,3657,277
Truck479081,2224,3331,3475,3657,182
Truck479682,0,1339,3645,3657,12
Truck477649,1338,2822,3080,3658,578
Truck479105,2998,2436,3480,3658,178
Truck479203,3238,2437,3510,3658,148
Truck479266,2822,2225,3525,3658,133
Truck479432,2437,2999,3575,3658,83
Truck479360,2437,2224,3555,3659,104
Truck479477,2224,2822,3585,3659,74
Truck479497,3331,1338,3590,3660,70
Truck479120,2656,2224,3485,3661,176
Truck479480,2656,1338,3585,3661,76
Truck479501,2998,2822,3590,3661,71
Truck478195,3238,2436,3230,3662,432
Truck479414,2437,1339,3570,3662,92
Truck477667,1338,2655,3085,3663,578
Truck479123,2998,2437,3485,3663,178
Truck479220,3122,3239,3515,3663,148
Truck478805,3121,2436,3400,3664,264
Truck478877,3121,2224,3420,3664,244
Truck479622,3239,3121,3625,3664,39
Truck478414,1339,2436,3290,3665,375
Truck478789,3238,2821,3395,3665,270
Truck479515,3331,2225,3595,3665,70
Truck478865,2224,2437,3415,3666,251
Truck479091,2655,2999,3480,3666,186
Truck479092,2999,3239,3480,3666,186
Truck479138,2656,2224,3490,3666,176
Truck479244,3239,1339,3520,3666,146
Truck479749,3331,2656,3660,3666,6
Truck479750,2656,3331,3660,3666,6
Truck478377,2436,2822,3280,3667,387
Truck479119,3331,2224,3485,3667,182
Truck479326,2999,2225,3545,3667,122
Truck479718,0,1339,3655,3667,12
Truck478368,0,2436,3280,3668,388
Truck478682,2225,3331,3365,3668,303
Truck479302,2822,2999,3535,3668,133
Truck479408,2656,2998,3565,3668,103
Truck479468,2437,2999,3585,3668,83
Truck479554,2822,3331,3605,3668,63
Truck478890,0,3121,3425,3669,244
Truck478895,3121,2656,3425,3669,244
Truck478924,2822,1339,3430,3669,239
Truck479084,2656,0,3475,3669,194
Truck479396,2437,3331,3565,3669,104
Truck478655,2998,3238,3355,3670,315
Truck479054,2437,2225,3470,3670,200
Truck479442,3239,2821,3575,3670,95
Truck479523,2655,3331,3600,3670,70
Truck478763,2998,3122,3385,3671,286
Truck478783,1338,2225,3395,3671,276
Truck478883,2224,2225,3420,3671,251
Truck479110,2999,2656,3485,3671,186
Truck479516,2656,2655,3595,3671,76
Truck478395,2436,2821,3285,3672,387
Truck478449,2436,3122,3300,3672,372
Truck479319,2821,1338,3540,3672,132
Truck479588,2656,2821,3615,3672,57
Truck477703,1338,2224,3095,3673,578
Truck477757,1338,3122,3110,3673,563
Truck478700,2225,2822,3370,3673,303
Truck479023,3238,2656,3460,3673,213
Truck479320,2822,2225,3540,3673,133
Truck478153,1338,3121,3220,3674,454
Truck479028,3239,2224,3460,3674,214
Truck479150,2225,3121,3495,3674,179
Truck479537,2998,2224,3600,3674,74
Truck479658,3239,2437,3635,3674,39
Truck478458,0,2224,3305,3675,370
Truck479078,2225,2437,3475,3675,200
Truck479373,2821,2224,3555,3675,120
Truck479551,3331,2999,3605,3675,70
Truck478450,1339,2436,3300,3676,376
Truck479127,2655,2999,3490,3676,186
Truck479128,2999,3239,3490,3676,186
Truck479280,3239,1339,3530,3676,146
Truck479534,2656,2437,3600,3676,76
Truck479555,2998,2822,3605,3676,71
Truck478972,1339,3121,3445,3677,232
Truck479056,2999,2436,3470,3677,207
Truck479338,2822,3121,3545,3677,132
Truck479580,3122,3238,3615,3677,62
Truck479606,2656,2821,3620,3677,57
Truck477721,1338,2224,3100,3678,578
Truck477775,1338,3122,3115,3678,563
Truck478413,2436,2224,3290,3678,388
Truck478718,2225,2822,3375,3678,303
Truck479045,2224,3239,3465,3678,213
Truck479177,2998,2999,3500,3678,178
Truck479425,3331,2998,3570,3678,108
Truck479667,2655,3239,3640,3678,38
Truck478859,3121,2436,3415,3679,264
Truck478931,3121,3239,3435,3679,244
Truck479156,2656,3122,3495,3679,184
Truck479676,3239,3121,3640,3679,39
Truck478987,3238,2999,3450,3680,230
Truck478269,2436,3238,3250,3681,431
Truck478518,3122,2224,3320,3681,361
Truck478772,2225,1339,3390,3681,291
Truck478774,1339,2225,3390,3681,291
Truck479146,2999,2822,3495,3681,186
Truck479309,3121,2437,3540,3681,141
Truck479803,3331,2656,3675,3681,6
Truck478422,0,2436,3295,3682,387
Truck479598,3122,3238,3620,3682,62
Truck479605,3331,2822,3620,3682,62
Truck477739,1338,2656,3105,3683,578
Truck479066,2656,3238,3470,3683,213
Truck479077,3238,3331,3475,3683,208
Truck479083,3331,3238,3475,3683,208
Truck479155,3331,0,3495,3683,188
Truck479250,0,3239,3525,3683,158
Truck479451,2655,2437,3580,3683,103
Truck479716,2822,2821,3650,3683,33
Truck478505,2224,0,3315,3684,369
Truck478949,3121,3331,3440,3684,244
Truck479694,3239,2225,3645,3684,39
Truck479818,1339,3122,3680,3684,4
Truck478869,2821,3238,3415,3685,270
Truck478977,2821,3122,3445,3685,240
Truck479405,2224,2821,3565,3685,120
Truck479587,3331,2225,3615,3685,70
Truck478531,1338,2436,3325,3686,361
Truck478536,3122,2224,3325,3686,361
Truck479163,2655,2999,3500,3686,186
Truck479218,2999,3122,3515,3686,171
Truck479188,1339,2656,3505,3688,183
Truck479213,2998,2437,3510,3688,178
Truck479374,2822,1338,3555,3688,133
Truck478967,3121,2655,3445,3689,244
Truck479020,2999,3238,3460,3691,231
Truck479182,2999,2656,3505,3691,186
Truck479345,3121,2437,3550,3691,141
Truck479379,2655,2822,3560,3691,131
Truck478521,2436,3122,3320,3692,372
Truck478557,2436,1338,3330,3692,362
Truck479227,3331,1339,3515,3692,177
Truck479641,3331,2822,3630,3692,62
Truck478461,2655,2436,3305,3693,388
Truck478467,2436,2656,3305,3693,388
Truck478985,3121,2224,3450,3694,244
Truck479392,2822,2999,3560,3694,134
Truck479041,3238,2999,3465,3695,230
Truck479623,3331,2999,3625,3695,70
Truck479004,3122,2822,3455,3696,241
Truck479610,0,3238,3625,3696,71
Truck478800,0,2998,3400,3697,297
Truck479245,3331,1339,3520,3697,177
Truck479409,2821,2436,3565,3697,132
Truck479434,2999,2225,3575,3697,122
Truck479346,3122,3239,3550,3698,148
Truck479410,2822,2436,3565,3698,133
Truck478856,2437,2436,3415,3699,284
Truck479192,2656,0,3505,3699,194
Truck479504,2437,3239,3595,3699,104
Truck479748,3239,2436,3660,3699,39
Truck478171,1338,2437,3225,3700,475
Truck479059,3238,2999,3470,3700,230
Truck479631,2655,3331,3630,3700,70
Truck478844,2225,1339,3410,3701,291
Truck479624,2656,3121,3625,3701,76
Truck478585,1338,2436,3340,3702,362
Truck479558,2437,1339,3610,3702,92
Truck477813,2655,1338,3125,3703,578
Truck478503,2436,2224,3315,3703,388
Truck478808,2225,2998,3400,3703,303
Truck479365,3238,2437,3555,3703,148
Truck479370,3239,3122,3555,3703,148
Truck478265,3121,1338,3250,3704,454
Truck478501,3238,2224,3315,3704,389
Truck479522,2437,3239,3600,3704,104
Truck479766,3239,1338,3665,3704,39
Truck478613,2224,3122,3345,3705,360
Truck479508,3122,2655,3595,3705,110
Truck479649,2655,3331,3635,3705,70
Truck479659,3331,2999,3635,3705,70
Truck479001,2655,2224,3455,3706,251
Truck479050,2822,3122,3465,3706,241
Truck479236,2999,2822,3520,3706,186
Truck479433,2655,2822,3575,3706,131
Truck479642,2656,2225,3630,3706,76
Truck477874,1339,1338,3140,3707,567
Truck479080,1339,3121,3475,3707,232
Truck479352,3239,0,3550,3707,157
Truck477829,1338,2224,3130,3708,578
Truck477831,2655,1338,3130,3708,578
Truck479149,3238,2656,3495,3708,213
Truck479533,3331,2998,3600,3708,108
Truck479806,2822,2821,3675,3708,33
Truck479446,2822,2999,3575,3709,134
Truck479487,2655,0,3590,3709,119
Truck479586,3239,2822,3615,3709,94
Truck479677,3331,2437,3640,3710,70
Truck479254,2999,2224,3525,3711,186
Truck479660,2656,2999,3635,3711,76
Truck478960,2822,3238,3440,3712,272
Truck479098,1339,3121,3480,3712,232
Truck479279,2224,3331,3530,3712,182
Truck479713,3331,2821,3650,3712,62
Truck477847,1338,3331,3135,3713,578
Truck479303,2998,2999,3535,3713,178
Truck479824,2822,2821,3680,3713,33
Truck479085,2821,1339,3475,3714,239
Truck479725,3238,1339,3655,3714,59
Truck479802,3239,1338,3675,3714,39
Truck478817,2998,3238,3400,3715,315
Truck479232,0,2656,3520,3715,195
Truck479308,2999,1339,3540,3715,175
Truck479695,3331,2436,3645,3715,70
Truck478925,2998,3122,3430,3716,286
Truck479731,3331,2822,3655,3716,61
Truck479789,2998,2821,3670,3716,46
Truck477910,1339,1338,3150,3717,567
Truck478513,1338,2999,3320,3717,397
Truck479076,3122,2821,3475,3717,242
Truck478862,2225,3331,3415,3718,303
Truck479003,3121,2436,3455,3718,263
Truck479576,2437,0,3615,3718,103
Truck479811,2655,3239,3680,3718,38
Truck478666,1339,2224,3360,3719,359
Truck479007,2436,3121,3455,3719,264
Truck479075,3121,2224,3475,3719,244
Truck479944,1339,3122,3715,3719,4
Truck479535,2821,2224,3600,3720,120
Truck479685,2655,2656,3645,3720,75
Truck479063,2224,1338,3470,3721,251
Truck479290,2999,3331,3535,3721,186
Truck479344,2999,3122,3550,3721,171
Truck479406,3239,0,3565,3722,157
Truck479500,2822,2655,3590,3722,132
Truck478575,2436,2655,3335,3723,388
Truck479339,2998,1338,3545,3723,178
Truck479592,0,2437,3620,3723,103
Truck479838,3239,2656,3685,3723,38
Truck478573,3238,2224,3335,3724,389
Truck479088,0,3121,3480,3724,244
Truck479093,3121,3239,3480,3724,244
Truck479594,2437,2656,3620,3724,104
Truck479644,2822,3239,3630,3724,94
Truck479652,3122,2437,3635,3724,89
Truck479258,2225,2437,3525,3725,200
Truck478593,2436,2821,3340,3727,387
Truck478898,2225,0,3425,3727,302
Truck478908,0,2998,3430,3727,297
Truck479112,3122,2822,3485,3727,242
Truck478644,3122,2436,3355,3729,374
Truck478667,2224,0,3360,3729,369
Truck479039,3121,2436,3465,3729,264
Truck479111,3121,2998,3485,3729,244
Truck479612,2437,3239,3625,3729,104
Truck478279,1338,2437,3255,3730,475
Truck479571,2821,2224,3610,3730,120
Truck479164,2999,3238,3500,3731,231
Truck479732,2656,2655,3655,3731,76
Truck479753,2998,2822,3660,3731,71
Truck479130,3122,2821,3490,3732,242
Truck479371,3331,1339,3555,3732,177
Truck479752,2822,2998,3660,3732,72
Truck479893,3331,3239,3700,3732,32
Truck477919,1338,2656,3155,3733,578
Truck478916,2225,2821,3430,3733,303
Truck478968,3122,2225,3445,3733,288
Truck479335,3331,0,3545,3733,188
Truck479684,2437,3122,3645,3733,88
Truck479776,2999,3121,3670,3733,63
Truck479874,3239,2656,3695,3733,38
Truck479896,2822,2821,3700,3733,33
Truck478609,3238,2224,3345,3734,389
Truck479129,3121,2822,3490,3734,244
Truck478721,2224,3122,3375,3735,360
Truck479049,2821,3238,3465,3735,270
Truck479152,1339,2822,3495,3735,240
Truck479757,2655,3331,3665,3735,70
Truck479767,3331,2225,3665,3735,70
Truck478716,3122,2224,3375,3736,361
Truck479117,2224,2655,3485,3736,251
Truck479277,2436,2999,3530,3736,206
Truck479708,2225,2436,3650,3736,86
Truck480002,2656,3331,3730,3736,6
Truck478986,3122,2998,3450,3737,287
Truck479393,2998,3121,3560,3738,178
Truck479645,2998,3331,3630,3738,108
Truck479147,3121,3239,3495,3739,244
Truck479648,2437,3331,3635,3739,104
Truck479000,2437,2436,3455,3740,285
Truck479139,2821,0,3490,3740,250
Truck479170,1339,2821,3500,3740,240
Truck479603,2224,2821,3620,3740,120
Truck479607,2821,2224,3620,3740,120
Truck479785,3331,2999,3670,3740,70
Truck479015,2998,3122,3455,3741,286
Truck479135,2224,2437,3490,3741,251
Truck479362,2999,2224,3555,3741,186
Truck479416,2999,3122,3570,3741,171
Truck479768,2656,2225,3665,3741,76
Truck480019,3331,2656,3735,3741,6
Truck480020,2656,3331,3735,3741,6
Truck478606,2999,1338,3345,3742,397
Truck479206,1339,3121,3510,3742,232
Truck479389,3331,2224,3560,3742,182
Truck479788,2822,2998,3670,3742,72
Truck479814,3122,3238,3680,3742,62
Truck477793,1338,3238,3120,3743,623
Truck478647,2436,0,3355,3743,388
Truck479390,2656,1339,3560,3743,183
Truck479165,3121,2822,3500,3744,244
Truck479193,2821,1339,3505,3744,239
Truck479422,1339,2999,3570,3744,174
Truck479666,2437,3239,3640,3744,104
Truck479018,2437,2436,3460,3745,285
Truck479313,2436,2999,3540,3745,205
Truck479153,2224,2655,3495,3746,251
Truck479380,2999,2998,3560,3746,186
Truck479423,2224,2656,3570,3746,176
Truck479540,2437,3121,3605,3746,141
Truck478665,2436,3239,3360,3747,387
Truck479224,1339,3121,3515,3747,232
Truck479589,2821,1338,3615,3747,132
Truck477973,1338,2224,3170,3748,578
Truck478970,2225,2224,3445,3748,303
Truck479237,3121,3122,3520,3748,228
Truck479590,2822,2225,3615,3748,133
Truck479183,3121,2655,3505,3749,244
Truck479801,2224,2998,3675,3749,74
Truck479928,3239,1338,3710,3749,39
Truck478683,2436,2224,3365,3751,386
Truck478765,1338,2436,3390,3751,361
Truck479171,2224,3121,3500,3751,251
Truck479444,2656,2224,3575,3751,176
Truck479804,2656,1338,3675,3751,76
Truck477991,1338,2656,3175,3753,578
Truck478045,1338,3122,3190,3753,563
Truck478988,2225,2224,3450,3753,303
Truck479318,2656,3238,3540,3753,213
Truck479426,2656,1339,3570,3753,183
Truck479577,2655,3238,3615,3753,138
Truck479608,2822,2437,3620,3753,133
Truck479702,2437,3239,3650,3754,104
Truck479946,3239,2436,3715,3754,39
Truck479062,1339,2998,3470,3755,285
Truck479839,3331,2437,3685,3755,70
Truck479869,3238,3122,3695,3755,60
Truck478701,2436,2822,3370,3756,386
Truck479566,1339,3239,3610,3756,146
Truck479822,2656,2225,3680,3756,76
Truck479933,2998,2821,3710,3756,46
Truck479613,2655,2821,3625,3757,132
Truck479625,2821,2225,3625,3757,132
Truck478009,1338,2821,3180,3758,578
Truck478811,2224,1339,3400,3758,358
Truck479006,2225,2998,3455,3758,303
Truck479329,3238,2656,3545,3758,213
Truck479721,2655,2437,3655,3758,103
Truck479875,3331,2822,3695,3758,63
Truck479964,3239,2655,3720,3759,39
Truck479211,2821,0,3510,3760,250
Truck479378,2437,2225,3560,3760,200
Truck479857,3331,2436,3690,3760,70
Truck479207,2224,2999,3510,3761,251
Truck479272,2999,3238,3530,3761,231
Truck479604,3239,2998,3620,3761,141
Truck479840,2656,2655,3685,3761,76
Truck479238,3122,2821,3520,3762,242
Truck479643,2821,2999,3630,3762,132
Truck479668,2999,2225,3640,3762,122
Truck479774,2437,1339,3670,3762,92
Truck479885,3121,2999,3700,3762,62
Truck478027,1338,2821,3185,3763,578
Truck478719,2436,2656,3375,3763,388
Truck479024,2225,3239,3460,3763,303
Truck479483,2998,2225,3585,3763,178
Truck480000,3239,3331,3730,3763,33
Truck479292,3122,3121,3535,3764,229
Truck479738,2437,2655,3660,3764,104
Truck479982,3239,2225,3725,3764,39
Truck478405,1338,2437,3290,3765,475
Truck479090,2437,2436,3480,3765,285
Truck479229,2821,0,3515,3765,250
Truck479724,3122,2655,3655,3765,110
Truck478406,2437,1338,3290,3766,476
Truck479862,0,3238,3695,3766,71
Truck480102,3122,1339,3760,3766,6
Truck479042,2225,0,3465,3767,302
Truck479214,0,2822,3515,3767,252
Truck479256,3122,2821,3525,3767,242
Truck479296,1339,3121,3535,3767,232
Truck479661,2821,2437,3635,3767,132
Truck479690,2225,2999,3645,3767,122
Truck479372,2656,3238,3555,3768,213
Truck479255,3121,2821,3525,3769,244
Truck479662,2822,2437,3635,3769,134
Truck479756,2437,3331,3665,3769,104
Truck479175,2821,3238,3500,3770,270
Truck479887,3238,0,3700,3770,70
Truck479243,2224,3121,3520,3771,251
Truck479466,0,2999,3585,3771,186
Truck479470,2999,2821,3585,3771,186
Truck479834,2225,2436,3685,3771,86
Truck479876,2656,3121,3695,3771,76
Truck479070,0,2998,3475,3772,297
Truck479495,2224,3331,3590,3772,182
Truck477901,1338,3238,3150,3773,623
Truck478063,1338,3331,3195,3773,578
Truck479060,2225,2998,3470,3773,303
Truck479519,2998,2999,3595,3773,178
Truck479574,0,3239,3615,3773,158
Truck479201,3121,2436,3510,3774,264
Truck479510,2225,3121,3595,3774,179
Truck479680,2822,3121,3640,3774,134
Truck480018,3239,2999,3735,3774,39
Truck479733,2821,2224,3655,3775,120
Truck479820,3239,2821,3680,3775,95
Truck479911,3331,2436,3705,3775,70
Truck478611,2436,3238,3345,3776,431
Truck479116,1339,2225,3485,3776,291
Truck479488,2999,2822,3590,3776,186
Truck479527,3238,3239,3600,3776,176
Truck479638,1339,3239,3630,3776,146
Truck479947,3331,2822,3715,3776,61
Truck480003,2821,2998,3730,3776,46
Truck478773,2436,2655,3390,3777,387
Truck479722,2999,2225,3655,3777,122
Truck478764,0,2436,3390,3778,388
Truck479698,2822,3121,3645,3778,133
Truck479793,2655,2437,3675,3778,103
Truck479792,2437,2655,3675,3779,104
Truck479959,3238,1339,3720,3779,59
Truck479456,2225,2437,3580,3780,200
Truck479751,2821,2224,3660,3780,120
Truck479778,3122,2655,3670,3780,110
Truck479929,3331,2437,3710,3780,70
Truck479506,2999,0,3595,3781,186
Truck479549,2224,2656,3605,3781,176
Truck479552,2656,2224,3605,3781,176
Truck478791,2436,3239,3395,3782,387
Truck478934,2225,3238,3435,3782,347
Truck479310,3122,2821,3540,3782,242
Truck478099,1338,3331,3205,3783,578
Truck479864,2437,3122,3695,3783,88
Truck479221,3238,2822,3515,3784,269
Truck479502,0,3331,3595,3784,189
Truck479856,3239,2822,3690,3785,95
Truck479197,1338,2225,3510,3786,276
Truck479452,2999,2436,3580,3786,206
Truck479567,2224,2656,3610,3786,176
Truck479930,2656,2999,3710,3786,76
Truck480041,2998,2821,3740,3786,46
Truck480132,0,3122,3770,3786,16
Truck480174,3122,1339,3780,3786,6
Truck478952,2225,3238,3440,3787,347
Truck479640,3239,0,3630,3787,157
Truck480091,3331,3239,3755,3787,32
Truck477955,1338,3238,3165,3788,623
Truck478117,1338,2821,3210,3788,578
Truck479114,2225,2998,3485,3788,303
Truck479559,2655,2998,3610,3788,178
Truck479573,2998,3121,3610,3788,178
Truck479734,2822,2436,3655,3788,133
Truck479983,3331,2822,3725,3788,63
Truck480090,3239,3331,3755,3788,33
Truck478176,3122,1338,3225,3789,564
Truck479239,3238,2822,3520,3789,269
Truck479325,2655,3121,3545,3789,244
Truck479327,3121,3331,3545,3789,244
Truck479382,3122,3121,3560,3789,229
Truck479828,2437,2998,3685,3789,104
Truck479995,3238,1339,3730,3789,59
Truck480072,3239,2655,3750,3789,39
Truck478860,3122,2436,3415,3790,375
Truck478863,2436,1339,3415,3790,375
Truck478919,2224,3122,3430,3790,360
Truck479195,2998,1339,3505,3790,285
Truck479937,2655,2656,3715,3790,75
Truck479248,2822,3238,3520,3791,271
Truck479538,0,2999,3605,3791,186
Truck479542,2999,2822,3605,3791,186
Truck479948,2656,1338,3715,3791,76
Truck479969,2998,2822,3720,3791,71
Truck478827,2436,3239,3405,3792,387
Truck479356,2822,3122,3550,3792,242
Truck479569,3331,2224,3610,3792,182
Truck480178,1339,0,3780,3792,12
Truck478135,1338,3331,3215,3793,578
Truck479829,2655,1339,3685,3793,108
Truck479861,2998,2656,3690,3793,103
Truck479900,2437,3122,3705,3793,88
Truck480112,2822,2821,3760,3793,33
Truck478936,1339,2224,3435,3794,359
Truck479570,2656,3122,3610,3794,184
Truck479846,2437,2224,3690,3794,104
Truck479095,3238,2998,3480,3795,315
Truck479273,3121,2436,3530,3795,265
Truck479925,2436,2225,3710,3795,85
Truck480013,3238,3122,3735,3795,60
Truck478514,2437,1338,3320,3796,476
Truck479333,2224,1338,3545,3796,251
Truck479560,2999,3331,3610,3796,186
Truck479712,3239,1339,3650,3796,146
Truck479966,2656,1338,3720,3796,76
Truck479987,2998,2822,3725,3796,71
Truck480077,2998,2821,3750,3796,46
Truck478845,2436,2998,3410,3797,387
Truck478955,2224,1339,3440,3798,358
Truck479602,1339,3331,3620,3798,178
Truck479609,2998,2999,3620,3798,178
Truck479743,3238,2655,3660,3798,138
Truck479770,2822,2999,3665,3798,133
Truck480126,3239,3331,3765,3798,33
Truck479358,0,3121,3555,3799,244
Truck479363,3121,2655,3555,3799,244
Truck480108,3239,3121,3760,3799,39
Truck479528,2225,2437,3600,3800,200
Truck479614,2999,1339,3625,3800,175
Truck480001,3331,2225,3730,3800,70
Truck479340,0,2821,3550,3801,251
Truck479351,2224,2999,3550,3801,251
Truck479578,2999,2822,3615,3801,186
Truck479984,2656,3121,3725,3801,76
Truck480095,2998,2821,3755,3801,46
Truck478857,2655,2436,3415,3802,387
Truck479775,2655,2821,3670,3802,132
Truck479787,2821,2436,3670,3802,132
Truck480030,3122,3238,3740,3802,62
Truck478945,1338,2436,3440,3803,363
Truck479168,2225,2822,3500,3803,303
Truck479293,3238,2822,3535,3803,268
Truck479627,2998,1338,3625,3803,178
Truck479897,2998,2656,3700,3803,103
Truck480128,2656,3239,3765,3803,38
Truck479381,3121,2998,3560,3804,244
Truck479618,2225,3121,3625,3804,179
Truck479999,2224,2822,3730,3804,74
Truck480250,1339,3122,3800,3804,4
Truck479141,2998,3238,3490,3805,315
Truck479242,1339,2998,3520,3805,285
Truck479991,2655,2656,3730,3805,75
Truck479234,2437,2436,3520,3806,286
Truck479361,2655,2224,3555,3806,251
Truck479400,3122,2822,3565,3806,241
Truck478963,1338,2436,3445,3807,362
Truck479196,0,2998,3510,3807,297
Truck479805,2821,1338,3675,3807,132
Truck480047,3121,2999,3745,3807,62
Truck480222,0,1339,3795,3807,12
Truck478189,1338,3331,3230,3808,578
Truck478881,2436,2224,3420,3808,388
Truck479186,2225,2656,3505,3808,303
Truck479912,2656,2998,3705,3808,103
Truck480144,3239,2656,3770,3808,38
Truck478248,3122,1338,3245,3809,564
Truck478639,1338,3121,3355,3809,454
Truck479259,2436,2437,3525,3809,284
Truck479514,3239,2224,3595,3809,214
Truck480037,3331,2436,3740,3810,70
Truck479387,2224,3121,3560,3811,251
Truck479784,3239,2998,3670,3811,141
Truck478855,1338,2999,3415,3812,397
Truck479418,3122,2821,3570,3812,242
Truck479670,3122,2999,3640,3812,172
Truck479954,2437,1339,3720,3812,92
Truck480181,3331,3239,3780,3812,32
Truck480183,2821,2822,3780,3812,32
Truck478207,1338,2821,3235,3813,578
Truck478209,2655,1338,3235,3813,578
Truck478899,2436,2656,3425,3813,388
Truck479760,3122,3239,3665,3813,148
Truck479797,3238,2655,3675,3813,138
Truck478897,3238,2224,3425,3814,389
Truck479417,3121,2998,3570,3814,244
Truck479260,1339,2225,3525,3816,291
Truck479397,2655,2224,3565,3816,251
Truck479632,2999,2656,3630,3816,186
Truck479782,1339,3239,3670,3816,146
Truck479795,3121,2437,3675,3816,141
Truck479841,2821,2225,3685,3817,132
Truck480083,3121,2999,3755,3817,62
Truck478999,1338,2436,3455,3818,363
Truck479222,2225,2821,3515,3818,303
Truck479681,2998,2999,3640,3818,178
Truck479926,1339,2655,3710,3818,108
Truck479295,2436,2437,3535,3819,284
Truck479435,3121,2822,3575,3819,244
Truck479936,2437,3239,3715,3819,104
Truck479650,2999,2656,3635,3821,186
Truck478891,1338,2999,3425,3822,397
Truck478935,2436,2821,3435,3822,387
Truck479859,2821,2436,3690,3822,132
Truck480276,0,1339,3810,3822,12
Truck478243,1338,2655,3245,3823,578
Truck479240,2225,3331,3520,3823,303
Truck479678,2656,1339,3640,3823,183
Truck479692,1339,3331,3645,3823,178
Truck479699,2998,3121,3645,3823,178
Truck479860,2822,2436,3690,3823,133
Truck479448,0,3121,3580,3824,244
Truck479476,1339,2822,3585,3824,239
Truck479509,3238,2999,3595,3825,230
Truck479913,2821,2224,3705,3825,120
Truck479441,2224,2655,3575,3826,251
Truck480074,2656,2655,3750,3826,76
Truck479096,2225,3238,3480,3827,347
Truck479472,3122,2822,3585,3827,242
Truck479877,2821,2225,3695,3827,132
Truck478261,1338,2822,3250,3828,578
Truck479717,2998,3121,3650,3828,178
Truck479878,2822,2225,3695,3828,133
Truck480207,2655,3239,3790,3828,38
Truck479972,2437,3331,3725,3829,104
Truck480089,2224,2998,3755,3829,74
Truck480216,3239,2999,3790,3829,39
Truck478640,2437,1338,3355,3831,476
Truck478809,2436,3238,3400,3831,431
Truck478971,2436,2224,3445,3831,386
Truck479459,2224,1338,3580,3831,251
Truck479524,2999,3238,3600,3831,231
Truck479686,2999,2655,3645,3831,186
Truck479729,2224,2656,3655,3831,176
Truck480092,2656,2437,3755,3831,76
Truck480300,3122,0,3815,3831,16
Truck480336,3122,1339,3825,3831,6
Truck479895,2821,2436,3700,3832,132
Truck480145,3331,2822,3770,3832,62
Truck480312,0,1339,3820,3832,12
Truck479276,2225,2655,3530,3833,303
Truck479735,2998,3121,3655,3833,178
Truck479980,1339,2655,3725,3833,108
Truck480225,2655,3239,3795,3833,38
Truck478338,3122,1338,3270,3834,564
Truck479022,3122,2436,3460,3834,374
Truck479489,3121,3331,3590,3834,244
Truck479990,2437,2656,3730,3834,104
Truck480157,3238,1339,3775,3834,59
Truck480234,3239,2655,3795,3834,39
Truck479512,1339,2822,3595,3835,240
Truck480036,3239,2821,3740,3835,95
Truck479330,2225,1339,3545,3836,291
Truck479357,2998,3122,3550,3836,286
Truck479377,1338,2225,3560,3836,276
Truck479518,2822,3122,3595,3836,241
Truck479703,2655,2999,3650,3836,186
Truck479704,2999,2822,3650,3836,186
Truck480110,2656,2999,3760,3836,76
Truck478989,2436,3239,3450,3837,387
Truck479131,3238,2225,3490,3837,347
Truck479289,2655,2225,3535,3837,302
Truck480155,3121,2999,3775,3837,62
Truck479099,2224,1339,3480,3838,358
Truck479739,2655,2998,3660,3838,178
Truck480006,0,2437,3735,3838,103
Truck478747,1338,3121,3385,3839,454
Truck479507,3121,3331,3595,3839,244
Truck479741,3121,2225,3660,3839,179
Truck479955,2655,0,3720,3839,119
Truck480008,2437,2822,3735,3839,104
Truck480252,3239,3121,3800,3839,39
Truck479040,3122,2436,3465,3840,375
Truck480054,3239,2822,3745,3840,95
Truck480135,2655,3331,3770,3840,70
Truck479375,2998,3122,3555,3841,286
Truck479536,2822,3122,3600,3841,241
Truck480087,2436,2225,3755,3841,86
Truck480148,2822,2998,3770,3842,72
Truck480200,2656,2821,3785,3842,57
Truck478315,1338,2821,3265,3843,578
Truck479312,2225,2998,3540,3843,303
Truck479364,3122,2225,3555,3843,288
Truck479901,2655,3238,3705,3843,138
Truck479714,2656,0,3650,3844,194
Truck479973,2655,0,3725,3844,119
Truck480270,3239,2655,3805,3844,39
Truck479985,2821,2224,3725,3845,120
Truck480163,3331,2225,3775,3845,70
Truck479025,2436,2821,3460,3846,386
Truck479740,2999,3239,3660,3846,186
Truck479910,3239,2998,3705,3846,141
Truck480146,2656,2225,3770,3846,76
Truck480307,3331,3239,3815,3847,32
Truck478333,1338,3331,3270,3848,578
Truck479844,0,3239,3690,3848,158
Truck479919,2655,3238,3710,3848,138
Truck480027,2655,1339,3740,3848,108
Truck480059,2998,2656,3745,3848,103
Truck480306,3239,3331,3815,3848,33
Truck479134,1339,2224,3490,3849,359
Truck479543,3121,2821,3605,3849,244
Truck479404,1339,2998,3565,3850,285
Truck479599,3238,2999,3620,3850,230
Truck480153,2655,2656,3775,3850,75
Truck479562,3122,2822,3610,3851,241
Truck479758,2999,3331,3665,3851,186
Truck480168,0,3238,3780,3851,71
Truck478396,1339,1338,3285,3852,567
Truck479037,2655,2436,3465,3852,387
Truck479967,2821,1338,3720,3852,132
Truck478350,0,1338,3275,3853,578
Truck479348,2225,2655,3550,3853,303
Truck479671,3238,2656,3640,3853,213
Truck479807,2998,2437,3675,3853,178
Truck479561,3121,2655,3610,3854,244
Truck479786,2656,3122,3670,3854,184
Truck480045,2655,3122,3745,3854,109
Truck479812,2999,1339,3680,3855,175
Truck479541,2655,2224,3605,3856,251
Truck479061,2436,2998,3470,3857,387
Truck479892,3239,0,3700,3857,157
Truck480235,3331,2821,3795,3857,62
Truck480254,2656,2821,3800,3857,57
Truck478369,1338,2656,3280,3858,578
Truck480073,3331,2998,3750,3858,108
Truck479579,3121,2656,3615,3859,244
Truck480324,3239,3121,3820,3859,39
Truck479124,0,2224,3490,3860,370
Truck479491,3238,2821,3590,3860,270
Truck480217,3331,1338,3790,3860,70
Truck478917,2436,3238,3430,3861,431
Truck479467,1338,2225,3585,3861,276
Truck479556,0,2822,3610,3861,251
Truck479794,2999,0,3675,3861,186
Truck479079,2436,2224,3475,3862,387
Truck479850,3122,2999,3690,3862,172
Truck480245,3121,2999,3800,3862,62
Truck480420,0,1339,3850,3862,12
Truck478387,1338,2655,3285,3863,578
Truck479384,2225,2821,3560,3863,303
Truck479711,2224,3239,3650,3863,213
Truck479843,2998,2225,3685,3863,178
Truck480004,2822,2999,3730,3863,133
Truck480096,0,2437,3760,3863,103
Truck479597,3121,2822,3620,3864,244
Truck480098,2437,3331,3760,3864,104
Truck480342,3239,2437,3825,3864,39
Truck480466,1339,3122,3860,3864,4
Truck479142,0,2224,3495,3865,370
Truck479347,3238,2998,3550,3865,315
Truck479585,2224,2225,3615,3866,251
Truck479053,1338,2999,3470,3867,397
Truck480046,2999,2225,3745,3867,122
Truck478249,3238,1338,3245,3868,623
Truck479097,2436,2822,3480,3868,388
Truck479402,2225,2822,3565,3868,303
Truck479453,3121,3238,3580,3868,288
Truck479615,3121,0,3625,3868,243
Truck479854,1339,3331,3690,3868,178
Truck480022,2822,2436,3735,3868,133
Truck479730,3239,2224,3655,3869,214
Truck480063,2655,0,3750,3869,119
Truck480099,2655,3122,3760,3869,109
Truck480060,0,2655,3750,3870,120
Truck479458,1339,2225,3580,3871,291
Truck479830,2999,2821,3685,3871,186
Truck480236,2656,2655,3795,3871,76
Truck480308,2656,2822,3815,3871,56
Truck479634,3122,2822,3630,3872,242
Truck479225,2224,1339,3515,3873,358
Truck479420,2225,2998,3570,3873,303
Truck479687,3121,3122,3645,3873,228
Truck479934,0,3239,3715,3873,158
Truck480040,2822,2999,3740,3873,133
Truck480149,2998,2656,3770,3873,103
Truck480188,2437,3122,3785,3873,88
Truck480400,2822,2821,3840,3873,33
Truck479633,3121,3331,3630,3874,244
Truck480134,2437,2656,3770,3874,104
Truck479178,0,2224,3505,3875,370
Truck479486,2437,2436,3590,3875,285
Truck479689,3238,2999,3645,3875,230
Truck479133,2436,2224,3490,3876,386
Truck479621,2224,1338,3625,3876,251
Truck479626,2822,0,3625,3876,251
Truck479848,2999,3239,3690,3876,186
Truck480057,2821,2437,3745,3877,132
Truck480326,2656,2821,3820,3877,57
Truck478440,0,1338,3300,3878,578
Truck478441,1338,3331,3300,3878,578
Truck479438,2225,2998,3575,3878,303
Truck479583,2436,3121,3615,3878,263
Truck480031,3238,2655,3740,3878,138
Truck479651,3121,2821,3635,3879,244
Truck479401,3238,2998,3565,3880,315
Truck479679,2821,3122,3640,3880,240
Truck479810,2437,2225,3680,3880,200
Truck480283,3238,0,3810,3880,70
Truck479572,2822,3238,3610,3881,271
Truck479628,0,2821,3630,3881,251
Truck479107,1338,2999,3485,3882,397
Truck479151,2436,2998,3495,3882,387
Truck479705,3121,1339,3650,3882,232
Truck479891,2224,3331,3700,3882,182
Truck478459,1338,2822,3305,3883,578
Truck479779,3238,2656,3670,3883,213
Truck479894,2656,1339,3700,3883,183
Truck480160,1339,2655,3775,3883,108
Truck480167,2998,3331,3775,3883,108
Truck480170,2437,0,3780,3883,103
Truck478909,1338,3121,3430,3884,454
Truck478913,3121,1338,3430,3884,454
Truck479669,3121,2821,3640,3884,244
Truck480414,3239,2437,3845,3884,39
Truck479697,2821,3122,3645,3885,240
Truck480129,2821,2224,3765,3885,120
Truck480279,2655,2656,3810,3885,75
Truck478838,2437,1338,3410,3886,476
Truck479880,0,2999,3700,3886,186
Truck479884,2999,2224,3700,3886,186
Truck479927,2224,2656,3710,3886,176
Truck479169,2436,2224,3500,3887,387
Truck479311,3238,2225,3540,3887,347
Truck480093,2821,1338,3755,3887,132
Truck480122,2225,2999,3765,3887,122
Truck480310,2822,2224,3815,3887,72
Truck478321,3238,1338,3265,3888,623
Truck478477,1338,2821,3310,3888,578
Truck479474,2225,2822,3585,3888,303
Truck479821,3331,3238,3680,3888,208
Truck479908,1339,2656,3705,3888,183
Truck480094,2822,3121,3755,3888,133
Truck480203,2998,2656,3785,3888,103
Truck479924,2225,3121,3710,3889,179
Truck480432,3239,2225,3850,3889,39
Truck479447,2998,3238,3575,3890,315
Truck480325,3331,1338,3820,3890,70
Truck479530,1339,2225,3600,3891,291
Truck479902,2999,2655,3705,3891,186
Truck480560,2656,3331,3885,3891,6
Truck479187,2436,3239,3505,3892,387
Truck479706,3122,2821,3650,3892,242
Truck480242,2437,1339,3800,3892,92
Truck478495,1338,2224,3315,3893,578
Truck479492,2225,2821,3590,3893,303
Truck479815,3238,2656,3680,3893,213
Truck479951,2998,2655,3715,3893,178
Truck480382,2822,2656,3835,3893,58
Truck478554,3122,1338,3330,3894,564
Truck480206,2437,2655,3790,3894,104
Truck479565,2436,2437,3610,3895,285
Truck479922,3122,2656,3710,3895,185
Truck479940,3122,3331,3715,3895,180
Truck480343,3331,2436,3825,3895,70
Truck479241,2436,1339,3520,3896,376
Truck479920,2999,2656,3710,3896,186
Truck479974,2999,3122,3725,3896,171
Truck480080,2437,3121,3755,3896,141
Truck480578,2656,3331,3890,3896,6
Truck479043,2436,3238,3465,3897,432
Truck479205,2436,0,3510,3897,387
Truck480130,2822,2437,3765,3897,132
Truck480284,2225,2436,3810,3897,87
Truck479563,3238,3121,3610,3898,288
Truck480062,2437,3238,3750,3898,148
Truck479723,3121,3331,3655,3899,244
Truck480468,3239,2225,3860,3899,39
Truck479715,2821,0,3650,3900,250
Truck479746,1339,2821,3660,3900,240
Truck479882,2437,2225,3700,3900,200
Truck479958,3122,3331,3720,3900,180
Truck480361,3331,2436,3830,3900,70
Truck480391,3238,3122,3840,3900,60
Truck479564,2225,1339,3610,3901,291
Truck479591,2998,3122,3615,3901,286
Truck479871,2436,2999,3695,3901,206
Truck479938,2999,2655,3715,3901,186
Truck480088,1339,3239,3755,3901,146
Truck479223,2436,3331,3515,3902,387
Truck479366,2225,3238,3555,3902,347
Truck479965,3331,2224,3720,3902,182
Truck480147,2821,2436,3770,3902,132
Truck480416,2656,2821,3845,3902,57
Truck480505,3331,3239,3870,3902,32
Truck479858,2656,3238,3690,3903,213
Truck479866,2999,2436,3695,3903,208
Truck480257,2998,2656,3800,3903,103
Truck479286,0,2224,3535,3905,370
Truck479653,3238,2821,3635,3905,270
Truck480288,3239,2821,3810,3905,95
Truck480010,2999,3122,3735,3906,171
Truck480106,1339,3239,3760,3906,146
Truck480165,2821,2999,3775,3907,132
Truck480304,1339,2437,3815,3907,92
Truck478549,1338,3331,3330,3908,578
Truck479546,2225,2655,3605,3908,303
Truck480005,2998,2436,3730,3908,178
Truck480139,3238,2655,3770,3908,138
Truck480261,2655,2437,3805,3908,103
Truck480436,2822,2656,3850,3908,58
Truck478608,3122,1338,3345,3909,564
Truck479754,0,3121,3665,3909,244
Truck479759,3121,2821,3665,3909,244
Truck480260,2437,2656,3805,3909,104
Truck480377,2224,2998,3835,3909,74
Truck479304,0,2224,3540,3910,370
Truck479918,2437,2225,3710,3910,200
Truck480397,3331,2999,3840,3910,70
Truck479647,1338,2225,3635,3911,276
Truck479736,0,2821,3660,3911,251
Truck479747,2224,2655,3660,3911,251
Truck480124,1339,3239,3765,3911,146
Truck480380,2656,2999,3835,3911,76
Truck480184,2822,1338,3780,3912,132
Truck478567,1338,2656,3335,3913,578
Truck478621,1338,3122,3350,3913,563
Truck479369,2224,1339,3555,3913,358
Truck479617,3238,3121,3625,3913,288
Truck479831,3121,3122,3685,3913,228
Truck480023,2998,2999,3735,3913,178
Truck480078,0,3239,3755,3913,158
Truck480121,3238,2437,3765,3913,148
Truck480271,3331,2998,3805,3913,108
Truck478626,3122,1338,3350,3914,564
Truck479777,3121,3331,3670,3914,244
Truck480278,2437,2655,3810,3914,104
Truck480448,1339,3238,3855,3914,59
Truck480522,3239,3121,3875,3914,39
Truck479952,0,2656,3720,3915,195
Truck479765,2224,2655,3665,3916,251
Truck479992,2999,2655,3730,3916,186
Truck480142,1339,3239,3770,3916,146
Truck480470,2656,2822,3860,3916,56
Truck480509,2998,2821,3870,3916,46
Truck480189,2655,2822,3785,3917,132
Truck480340,1339,2437,3825,3917,92
Truck480451,3331,2821,3855,3917,62
Truck479582,2225,3239,3615,3918,303
Truck480171,2655,3238,3780,3918,138
Truck480531,2655,3239,3880,3918,38
Truck480296,2437,2655,3815,3919,104
Truck480463,3238,1339,3860,3919,59
Truck479663,2998,1339,3635,3920,285
Truck479707,3238,2822,3650,3920,270
Truck480012,3122,2656,3735,3920,185
Truck480433,3331,2999,3850,3920,70
Truck479332,1339,2436,3545,3921,376
Truck480173,3121,2437,3780,3921,141
Truck479385,2436,1338,3560,3922,362
Truck479654,2225,3122,3635,3922,287
Truck480066,3122,2999,3750,3922,172
Truck480219,2821,2437,3790,3922,132
Truck480244,2999,2225,3800,3922,122
Truck478603,1338,2822,3345,3923,578
Truck479600,2225,2656,3620,3923,303
Truck480038,2656,1339,3740,3923,183
Truck480055,3331,3122,3745,3923,178
Truck480220,2822,2436,3790,3923,133
Truck480297,2655,1339,3815,3923,108
Truck480315,2655,2437,3820,3923,103
Truck479057,3121,1338,3470,3924,454
Truck479297,2224,3238,3535,3924,389
Truck479808,0,3121,3680,3924,244
Truck479813,3121,3331,3680,3924,244
Truck480472,2822,3331,3860,3924,64
Truck480558,3239,3121,3885,3924,39
Truck479701,1338,2225,3650,3926,276
Truck479790,0,2822,3675,3926,251
Truck480024,0,2999,3740,3926,186
Truck480028,2999,2821,3740,3926,186
Truck480082,2999,3122,3755,3926,171
Truck480198,3239,2998,3785,3926,141
Truck480434,2656,1338,3850,3926,76
Truck480636,0,3122,3910,3926,16
Truck480678,3122,1339,3920,3926,6
Truck480686,2656,3331,3920,3926,6
Truck479832,3122,2822,3685,3927,242
Truck479842,2822,3122,3685,3927,242
Truck480237,2821,3121,3795,3927,132
Truck480487,3331,2822,3865,3927,62
Truck480506,2656,2822,3870,3927,57
Truck480508,2822,2656,3870,3927,57
Truck480597,2821,2822,3895,3927,32
Truck480238,2822,2999,3795,3928,133
Truck478680,3122,1338,3365,3929,564
Truck480056,2656,3122,3745,3929,184
Truck480332,2437,3239,3825,3929,104
Truck480576,3239,2225,3890,3929,39
Truck479979,2436,2999,3725,3930,205
Truck480469,3331,2436,3860,3930,70
Truck478675,1338,1339,3365,3931,566
Truck479331,2436,3331,3545,3931,386
Truck480452,2656,2225,3855,3931,76
Truck480561,2821,2998,3885,3931,46
Truck479368,1339,2436,3555,3932,377
Truck479413,1338,2436,3570,3932,362
Truck480243,2655,2821,3800,3932,132
Truck480256,2822,1338,3800,3932,132
Truck480386,2437,1339,3840,3932,92
Truck480394,1339,2437,3840,3932,92
Truck478693,1338,3122,3370,3933,563
Truck479636,2225,3239,3630,3933,303
Truck480150,0,3239,3775,3933,158
Truck480362,2656,2998,3830,3933,103
Truck479849,3121,2656,3690,3934,244
Truck480086,2225,3121,3755,3934,179
Truck480396,3239,2822,3840,3934,94
Truck480399,2821,3239,3840,3934,94
Truck480594,3239,2436,3895,3934,39
Truck479710,1339,2998,3650,3935,285
Truck479769,2821,3238,3665,3935,270
Truck479349,2436,2224,3550,3936,386
Truck480064,2999,2655,3750,3936,186
Truck480109,3331,1339,3760,3937,177
Truck480274,2822,2437,3805,3937,132
Truck480298,2999,2225,3815,3937,122
Truck480516,3122,3238,3875,3937,62
Truck480523,3331,2822,3875,3937,62
Truck480633,2821,2822,3905,3937,32
Truck478657,1338,2822,3360,3938,578
Truck480113,2998,3121,3760,3938,178
Truck480210,3122,3239,3790,3938,148
Truck480365,2998,3331,3830,3938,108
Truck480440,2437,2999,3855,3938,83
Truck479867,3121,3239,3695,3939,244
Truck480351,2655,3122,3830,3939,109
Truck480368,2437,3331,3835,3939,104
Truck480612,3239,2436,3900,3939,39
Truck480026,2437,2225,3740,3940,200
Truck479720,2437,2436,3655,3941,286
Truck479855,2224,1338,3690,3941,251
Truck480488,2656,3121,3865,3941,76
Truck479886,3122,2822,3700,3942,242
Truck480107,2224,3331,3760,3942,182
Truck480291,2821,3121,3810,3942,132
Truck480718,1339,0,3930,3942,12
Truck479367,2436,2656,3555,3943,388
Truck479672,2225,3239,3640,3943,303
Truck480131,2998,2436,3765,3943,178
Truck480621,2655,3239,3905,3943,38
Truck480630,3239,3121,3905,3944,39
Truck479475,2436,1338,3585,3945,360
Truck480136,2999,1339,3770,3945,175
Truck480495,2655,2656,3870,3945,75
Truck480513,2655,3331,3875,3945,70
Truck479728,1339,2225,3655,3946,291
Truck480100,2999,2822,3760,3946,186
Truck480714,3122,0,3930,3946,16
Truck480758,2656,3331,3940,3946,6
Truck478738,1339,1338,3380,3947,567
Truck479700,0,2998,3650,3947,297
Truck480309,2821,2999,3815,3947,132
Truck480552,3122,3238,3885,3947,62
Truck478692,0,1338,3370,3948,578
Truck479957,3121,3122,3720,3948,228
Truck480458,2437,3122,3860,3948,88
Truck480404,2437,2656,3845,3949,104
Truck479771,2998,1339,3665,3950,285
Truck479823,2821,3238,3680,3950,270
Truck479931,2821,3122,3710,3950,240
Truck480293,2998,3239,3810,3950,140
Truck480571,3238,3122,3890,3950,60
Truck479403,2436,2821,3565,3951,386
Truck479440,1339,2436,3575,3951,376
Truck479956,2999,3238,3720,3951,231
Truck480775,3331,2656,3945,3951,6
Truck480162,3239,3238,3775,3952,177
Truck480544,2822,2224,3880,3952,72
Truck480687,2821,2822,3920,3952,32
Truck478711,1338,3331,3375,3953,578
Truck480328,2822,1338,3820,3953,133
Truck480684,3239,3331,3920,3953,33
Truck479833,3238,2822,3685,3954,269
Truck479921,3121,2224,3710,3954,244
Truck479949,2821,1339,3715,3954,239
Truck480422,2437,3239,3850,3954,104
Truck480666,3239,2436,3915,3954,39
Truck479513,2224,3122,3595,3955,360
Truck479421,2436,2224,3570,3956,386
Truck479909,2224,3121,3705,3956,251
Truck480299,3121,2437,3815,3956,141
Truck480542,2656,2436,3880,3956,76
Truck480180,3239,3238,3780,3957,177
Truck480333,2655,2821,3825,3957,132
Truck480616,2822,2656,3900,3957,57
Truck480705,2821,2822,3925,3957,32
Truck479412,0,2436,3570,3958,388
Truck479726,2225,2224,3655,3958,303
Truck480164,2656,1339,3775,3958,183
Truck480282,3122,3239,3810,3958,148
Truck479939,3121,2998,3715,3959,244
Truck479968,2822,1339,3720,3959,239
Truck480387,2655,0,3840,3959,119
Truck479484,0,2224,3590,3960,370
Truck479916,0,2822,3710,3960,250
Truck479932,2822,0,3710,3960,250
Truck479962,1339,2821,3720,3960,240
Truck480486,3239,2821,3865,3960,95
Truck479108,2437,1338,3485,3961,476
Truck480811,3331,2656,3955,3961,6
Truck479439,2436,2821,3575,3962,387
Truck480392,2225,2999,3840,3962,122
Truck480615,2821,3331,3900,3962,62
Truck478746,0,1338,3385,3963,578
Truck479744,2225,2656,3660,3963,303
Truck479430,0,2436,3575,3964,389
Truck479889,2436,3121,3700,3964,264
Truck480194,2225,3121,3785,3964,179
Truck480214,1339,2999,3790,3964,174
Truck480441,2655,3122,3855,3964,109
Truck480105,2436,2999,3760,3965,205
Truck480595,3331,2436,3895,3965,70
Truck479457,2436,2224,3580,3966,386
Truck479976,3122,2822,3725,3966,241
Truck480335,3121,2437,3825,3966,141
Truck480504,3239,2822,3870,3966,96
Truck479494,1339,2436,3590,3967,377
Truck479772,0,2998,3670,3967,297
Truck480381,2821,2225,3835,3967,132
Truck479762,2225,2224,3665,3968,303
Truck479903,3121,2436,3705,3968,263
Truck480085,3238,2656,3755,3968,213
Truck480196,1339,2656,3785,3968,183
Truck480221,2998,3121,3790,3968,178
Truck480474,0,2437,3865,3968,103
Truck480722,2656,3239,3930,3968,38
Truck479531,2224,0,3600,3969,369
Truck479835,2436,2437,3685,3969,284
Truck479970,0,3121,3725,3969,244
Truck479998,1339,2822,3730,3969,239
Truck480476,2437,2655,3865,3969,104
Truck479836,1339,2998,3685,3970,285
Truck480431,2224,2821,3850,3970,120
Truck480613,3331,2225,3900,3970,70
Truck479144,2437,1338,3495,3971,476
Truck480190,2999,0,3785,3971,186
Truck480804,3122,0,3955,3971,16
Truck478828,1339,1338,3405,3972,567
Truck480029,3121,1339,3740,3972,232
Truck479780,2225,2998,3670,3973,303
Truck480127,3331,3238,3765,3973,208
Truck480239,2998,2436,3795,3973,178
Truck480294,0,3239,3815,3973,158
Truck479993,3121,2224,3730,3974,244
Truck480021,2821,1339,3735,3974,239
Truck480182,2656,0,3780,3974,194
Truck480738,3239,3121,3935,3974,39
Truck479905,3238,2821,3705,3975,270
Truck480016,1339,2821,3735,3975,240
Truck480152,2437,2225,3775,3975,200
Truck480540,3239,2821,3880,3975,95
Truck480603,2655,2656,3900,3975,75
Truck479914,2822,3238,3705,3976,271
Truck480208,2999,2821,3790,3976,186
Truck480614,2656,1338,3900,3976,76
Truck479493,2436,2224,3590,3977,387
Truck479852,2225,3122,3690,3977,287
Truck480417,2821,2999,3845,3977,132
Truck480634,2822,2998,3905,3977,72
Truck479798,2225,2656,3675,3978,303
Truck480778,2822,2821,3945,3978,33
Truck479544,3122,2436,3605,3979,374
Truck480009,2655,3121,3735,3979,244
Truck480011,3121,2821,3735,3979,244
Truck480268,1339,2999,3805,3979,174
Truck480512,2437,2656,3875,3979,104
Truck480635,2998,2224,3905,3979,74
Truck479761,3238,2998,3665,3980,315
Truck480034,1339,2821,3740,3980,240
Truck480186,0,2656,3785,3980,195
Truck480649,3331,3121,3910,3980,70
Truck479511,2436,2656,3595,3981,386
Truck479988,0,2822,3730,3981,251
Truck480154,2999,2436,3775,3981,206
Truck480272,2656,2224,3805,3981,176
Truck480632,2656,2225,3905,3981,76
Truck480653,2998,2822,3910,3981,71
Truck480883,3331,2656,3975,3981,6
Truck480253,3331,2224,3800,3982,182
Truck478819,1338,2822,3405,3983,578
Truck478873,1338,3122,3420,3983,563
Truck479505,2655,2436,3595,3983,388
Truck479816,2225,2821,3680,3983,303
Truck480275,2998,2225,3805,3983,178
Truck480058,2822,1339,3745,3984,239
Truck480218,2656,0,3790,3984,194
Truck480477,2655,0,3865,3984,119
Truck480688,2822,3331,3920,3984,64
Truck480697,3238,1339,3925,3984,59
Truck480774,3239,3121,3945,3984,39
Truck480489,2821,2224,3865,3985,120
Truck480667,3331,3121,3915,3985,70
Truck479198,2437,1338,3510,3986,476
Truck479950,2822,3238,3715,3986,271
Truck480017,2224,2436,3735,3986,251
Truck480177,2436,2999,3780,3986,206
Truck480290,2656,2224,3810,3986,176
Truck480650,2656,1338,3910,3986,76
Truck478882,1339,1338,3420,3987,567
Truck479520,0,2436,3600,3987,387
Truck479529,2436,3239,3600,3987,387
Truck480048,3122,2822,3745,3987,242
Truck480360,3239,0,3830,3987,157
Truck480670,2822,2224,3915,3987,72
Truck480870,0,1339,3975,3987,12
Truck478837,1338,2998,3410,3988,578
Truck480390,3122,3239,3840,3988,148
Truck480454,2822,1338,3855,3988,133
Truck480538,1339,2655,3880,3988,108
Truck480810,3239,3331,3955,3988,33
Truck480075,2821,1339,3750,3989,239
Truck480792,3239,2999,3950,3989,39
Truck479639,2224,3122,3630,3990,360
Truck480212,2225,2437,3790,3990,200
Truck480437,2998,3239,3850,3990,140
Truck479915,2998,3122,3705,3991,286
Truck480262,2999,3239,3805,3991,186
Truck480412,1339,3239,3845,3991,146
Truck480668,2656,2655,3915,3991,76
Truck480076,2822,3122,3750,3992,242
Truck480378,3239,0,3835,3992,157
Truck480471,2821,2437,3860,3992,132
Truck480496,2999,2225,3870,3992,122
Truck480602,2437,1339,3900,3992,92
Truck480741,2821,2656,3935,3992,57
Truck478854,0,1338,3415,3993,578
Truck479547,2436,2998,3605,3993,388
Truck479977,3238,2822,3725,3993,268
Truck480199,3331,3238,3785,3993,208
Truck480366,0,3239,3835,3993,158
Truck480408,3122,3239,3845,3993,148
Truck480559,3331,2998,3885,3993,108
Truck480563,2998,3331,3885,3993,108
Truck480566,2437,0,3890,3993,103
Truck480567,2655,2437,3890,3993,103
Truck479545,3238,2224,3605,3994,389
Truck480065,3121,2224,3750,3994,244
Truck480736,1339,3238,3935,3994,59
Truck479601,2436,1339,3620,3995,375
Truck479825,2998,3238,3680,3995,315
Truck480703,3331,2437,3925,3995,70
Truck479986,2822,3238,3725,3996,271
Truck480042,0,2821,3745,3996,251
Truck480280,2999,2655,3810,3996,186
Truck478918,1339,1338,3430,3997,567
Truck480628,1339,2437,3905,3997,92
Truck480759,2821,2656,3940,3997,57
Truck480906,0,1339,3985,3997,12
Truck479870,2225,3239,3695,3998,303
Truck480197,2224,3239,3785,3998,213
Truck480081,2655,3121,3755,3999,244
Truck480490,2822,2999,3865,3999,134
Truck480707,2998,2224,3925,3999,74
Truck479619,2436,1339,3625,4000,375
Truck480543,2821,2224,3880,4000,120
Truck479620,1339,2436,3625,4001,376
Truck480071,2224,3121,3750,4001,251
Truck480352,2999,3122,3830,4001,171
Truck480955,3331,2656,3995,4001,6
Truck480638,2437,1339,3910,4002,92
Truck480724,2822,2998,3930,4002,72
Truck479941,3238,3121,3715,4003,288
Truck480322,1339,2656,3820,4003,183
Truck480347,2998,2437,3825,4003,178
Truck480445,3238,2437,3855,4003,148
Truck480450,3239,3122,3855,4003,148
Truck480846,3239,2656,3965,4003,38
Truck479581,3238,2224,3615,4004,389
Truck479646,0,2224,3635,4005,370
Truck480648,3239,2821,3910,4005,95
Truck480739,3331,2225,3935,4005,70
Truck480316,2999,2656,3820,4006,186
Truck480924,0,3122,3990,4006,16
Truck478954,1339,1338,3440,4007,567
Truck479557,1338,2999,3610,4007,397
Truck480526,2822,2436,3875,4007,132
Truck480664,1339,2437,3915,4007,92
Truck479595,2655,2436,3620,4008,388
Truck479898,0,2225,3705,4008,303
Truck479906,2225,2822,3705,4008,303
Truck480120,3122,2822,3765,4008,243
Truck480344,2656,1339,3825,4008,183
Truck480855,2655,3239,3970,4008,38
Truck480864,3239,3121,3970,4009,39
Truck479664,0,2224,3640,4010,370
Truck479879,2998,3238,3695,4010,315
Truck480039,2821,3238,3740,4010,270
Truck480579,2821,2224,3890,4010,120
Truck480757,3331,2655,3940,4010,70
Truck480172,2999,3238,3780,4011,231
Truck480330,0,2999,3825,4011,186
Truck480334,2999,2656,3825,4011,186
Truck478927,1338,0,3435,4012,577
Truck479455,3238,2436,3580,4012,432
Truck480138,3122,2822,3770,4012,242
Truck478929,2655,1338,3435,4013,578
Truck480379,3331,3122,3835,4013,178
Truck480137,3121,3239,3770,4014,244
Truck479306,2437,1338,3540,4016,476
Truck480117,2655,2224,3765,4016,251
Truck480125,2224,2225,3765,4016,251
Truck480166,2822,1339,3775,4016,241
Truck480398,2656,2224,3840,4016,176
Truck480762,0,3238,3945,4016,71
Truck481010,2656,3331,4010,4016,6
Truck479596,2999,1338,3620,4017,397
Truck479637,2436,2656,3630,4017,387
Truck480156,3122,2821,3775,4017,242
Truck480285,2436,2999,3810,4017,207
Truck480717,2436,2225,3930,4017,87
Truck478944,0,1338,3440,4018,578
Truck479942,2225,2656,3715,4018,303
Truck479994,3122,2225,3730,4018,288
Truck480067,3238,2822,3750,4018,268
Truck480289,3331,3238,3810,4018,208
Truck480401,2998,2225,3840,4018,178
Truck480494,2437,3238,3870,4018,148
Truck480656,2437,0,3915,4018,103
Truck479399,3121,1338,3565,4019,454
Truck480773,2224,2822,3945,4019,74
Truck480826,1339,3238,3960,4019,59
Truck481024,1339,3122,4015,4019,4
Truck480314,2437,2225,3820,4020,200
Truck480372,3122,2656,3835,4020,185
Truck480702,3239,2821,3925,4020,95
Truck480793,3331,2225,3950,4020,70
Truck480143,2224,2999,3770,4021,251
Truck480413,2224,2656,3845,4021,176
Truck480797,2998,2822,3950,4021,71
Truck481020,3122,1339,4015,4021,6
Truck480014,2225,3122,3735,4022,287
Truck480209,3121,1339,3790,4022,232
Truck480580,2822,2999,3890,4022,132
Truck478801,1338,3238,3400,4023,623
Truck479655,2436,3239,3635,4023,388
Truck479960,2225,3331,3720,4023,303
Truck480419,2998,2225,3845,4023,178
Truck480657,2655,1339,3915,4023,108
Truck479657,2224,3238,3635,4024,389
Truck480674,2437,2821,3920,4024,104
Truck480791,2224,2998,3950,4024,74
Truck479923,3238,2998,3710,4025,315
Truck480226,2999,3238,3795,4026,231
Truck480388,2999,3331,3840,4026,186
Truck480794,2656,2999,3950,4026,76
Truck478981,1338,0,3450,4027,577
Truck480232,1339,3121,3795,4027,232
Truck480415,3331,2224,3845,4027,182
Truck480849,2821,3331,3965,4027,62
Truck479978,2225,2224,3725,4028,303
Truck480938,2656,3239,3990,4028,38
Truck479675,2224,3238,3640,4029,389
Truck480044,2437,2436,3745,4029,284
Truck480111,2821,3238,3760,4030,270
Truck480247,3238,2999,3800,4030,230
Truck480350,2437,2225,3830,4030,200
Truck480829,3331,3121,3960,4030,70
Truck479691,2436,2822,3645,4031,386
Truck480079,1338,2225,3755,4031,276
Truck480406,2999,0,3845,4031,186
Truck480816,0,3238,3960,4031,71
Truck480833,2998,2822,3960,4031,71
Truck480884,2656,2822,3975,4031,56
Truck481014,0,3122,4015,4031,16
Truck480754,1339,2437,3940,4032,92
Truck480867,2821,3331,3970,4032,62
Truck478998,0,1338,3455,4033,578
Truck479996,2225,2821,3730,4033,303
Truck480430,1339,2656,3850,4033,183
Truck480700,1339,2655,3925,4033,108
Truck480764,2437,3122,3945,4033,88
Truck480782,2437,2999,3950,4033,83
Truck480956,2656,3239,3995,4033,38
Truck479058,3122,1338,3470,4034,564
Truck479693,2224,3238,3645,4034,389
Truck480204,0,3121,3790,4034,244
Truck480710,2437,2655,3930,4034,104
Truck480954,3239,2437,3995,4034,39
Truck480201,2821,0,3785,4035,250
Truck480444,3122,3331,3855,4035,180
Truck480669,2821,2224,3915,4035,120
Truck480847,3331,2655,3965,4035,70
Truck479709,2436,3239,3650,4036,386
Truck480423,2655,2999,3850,4036,186
Truck480424,2999,2655,3850,4036,186
Truck480587,3121,2437,3895,4036,141
Truck480851,2998,2822,3965,4036,71
Truck479791,1338,2436,3675,4037,362
Truck479851,3238,2225,3690,4037,347
Truck480068,2225,3122,3750,4037,287
Truck480903,2821,2656,3980,4037,57
Truck479017,1338,2224,3460,4038,578
Truck480227,3121,0,3795,4038,243
Truck480473,2998,2437,3860,4038,178
Truck480728,2437,0,3935,4038,103
Truck480743,2998,2656,3935,4038,103
Truck479783,2224,0,3670,4039,369
Truck480895,3238,1339,3980,4039,59
Truck480972,3239,2655,4000,4039,39
Truck479819,2224,3122,3680,4040,360
Truck480478,2999,1339,3865,4040,175
Truck480865,3331,2436,3970,4040,70
Truck479727,2436,2656,3655,4041,386
Truck480869,2998,2822,3970,4041,71
Truck479035,1338,0,3465,4042,577
Truck480651,2821,2225,3910,4042,132
Truck481011,2821,2822,4010,4042,32
Truck479034,0,1338,3465,4043,578
Truck480032,2225,2224,3740,4043,303
Truck480355,3238,2656,3830,4043,213
Truck480584,2437,3238,3895,4043,148
Truck480652,2822,2437,3910,4043,133
Truck481008,3239,3331,4010,4043,33
Truck480732,3122,2655,3935,4045,110
Truck480233,2224,2437,3795,4046,251
Truck480459,2655,2999,3860,4046,186
Truck480460,2999,2656,3860,4046,186
Truck479745,2436,2655,3660,4047,387
Truck479799,2436,3122,3675,4047,372
Truck479888,2225,3238,3700,4047,347
Truck480264,3122,2822,3805,4047,242
Truck480886,2822,2998,3975,4047,72
Truck480050,2225,2822,3745,4048,303
Truck480101,3121,3238,3760,4048,288
Truck480484,1339,2656,3865,4048,183
Truck481026,3239,3331,4015,4048,33
Truck480191,3121,2436,3785,4049,264
Truck480263,3121,2821,3805,4049,244
Truck480881,2224,2822,3975,4049,74
Truck480887,2998,2224,3975,4049,74
Truck480934,1339,3238,3990,4049,59
Truck479431,1338,2437,3575,4050,475
Truck479853,2436,1338,3690,4050,360
Truck480116,2437,2436,3765,4050,285
Truck480255,2821,0,3800,4050,250
Truck480901,3331,2655,3980,4050,70
Truck480240,0,2822,3800,4051,251
Truck480641,3121,2437,3910,4051,141
Truck479763,2436,2224,3665,4052,387
Truck480937,3331,2821,3990,4052,62
Truck481114,1339,0,4040,4052,12
Truck480292,2822,3122,3810,4053,243
Truck480527,2998,2436,3875,4053,178
Truck480854,2437,2999,3970,4053,83
Truck479525,3121,1338,3600,4054,454
Truck480281,3121,3239,3810,4054,244
Truck480949,3238,1339,3995,4054,59
Truck480202,2822,3238,3785,4055,270
Truck480768,3122,2655,3945,4055,110
Truck480919,3331,1338,3985,4055,70
Truck479450,2437,1338,3580,4056,476
Truck479781,2436,2655,3670,4056,386
Truck479863,1338,2436,3695,4057,362
Truck480541,3331,1339,3880,4057,177
Truck479089,1338,2998,3480,4058,578
Truck480427,3238,3331,3850,4058,208
Truck480545,2998,2225,3880,4058,178
Truck481046,2656,3239,4020,4058,38
Truck480354,3122,3121,3830,4059,229
Truck480800,2437,2822,3955,4059,104
Truck480917,2224,2822,3985,4059,74
Truck480049,3238,2998,3745,4060,315
Truck480287,2224,2655,3810,4061,251
Truck480514,2999,3331,3875,4061,186
Truck481128,3122,0,4045,4061,16
Truck481172,2656,3331,4055,4061,6
Truck479635,3238,2436,3630,4062,432
Truck480114,0,2998,3765,4062,297
Truck480158,2225,3122,3775,4062,287
Truck478951,3238,1338,3440,4063,623
Truck479161,1338,3122,3500,4063,563
Truck480104,2225,2656,3760,4063,303
Truck480556,1339,3331,3885,4063,178
Truck480878,2225,2436,3975,4063,88
Truck479873,2224,0,3695,4064,369
Truck480317,3121,3239,3820,4064,244
Truck480818,2437,3239,3960,4064,104
Truck481062,3239,2436,4025,4064,39
Truck479485,1338,2437,3590,4065,475
Truck480185,2998,3122,3780,4066,286
Truck480305,2224,2655,3815,4066,251
Truck480532,2999,3331,3880,4066,186
Truck480575,2224,2656,3890,4066,176
Truck480346,2822,3122,3825,4067,242
Truck480766,2999,2225,3945,4067,122
Truck481168,1339,0,4055,4067,12
Truck479125,1338,2821,3490,4068,578
Truck479817,2436,2998,3680,4068,388
Truck480581,2998,2999,3890,4068,178
Truck480711,2655,3238,3930,4068,138
Truck480715,3238,2655,3930,4068,138
Truck480837,2655,2437,3965,4068,103
Truck481080,3239,2656,4030,4068,38
Truck480358,1339,2822,3830,4069,239
Truck480363,2821,1339,3830,4069,239
Truck480572,2225,3121,3890,4069,179
Truck480327,2821,0,3820,4070,250
Truck480586,2999,1339,3895,4070,175
Truck480780,0,2655,3950,4070,120
Truck479673,2436,3238,3640,4071,431
Truck480176,2225,1339,3780,4071,291
Truck480323,2224,2436,3820,4071,251
Truck480550,2999,2655,3885,4071,186
Truck480596,2656,2224,3895,4071,176
Truck480720,3239,2998,3930,4071,141
Truck481065,2821,2998,4025,4071,46
Truck481067,2998,2821,4025,4071,46
Truck480760,2822,2655,3940,4072,132
Truck480976,2822,2224,4000,4072,72
Truck481009,3331,2821,4010,4072,62
Truck479143,1338,3331,3495,4073,578
Truck479945,2224,1339,3715,4073,358
Truck480140,2225,3239,3770,4073,303
Truck480192,3122,2225,3785,4073,288
Truck480599,2998,2436,3895,4073,178
Truck480733,3238,2655,3935,4073,138
Truck481100,2656,3239,4035,4073,38
Truck479837,2224,3238,3685,4074,389
Truck480801,2655,0,3955,4074,119
Truck481098,3239,2436,4035,4074,39
Truck479521,1338,2437,3600,4075,475
Truck480213,2436,2437,3790,4075,285
Truck480265,3238,2821,3805,4075,270
Truck480273,2821,3238,3805,4075,270
Truck480345,2821,0,3825,4075,250
Truck480528,0,2656,3880,4075,195
Truck480570,3122,2656,3890,4075,185
Truck479890,1339,2436,3700,4076,376
Truck480341,2224,2225,3825,4076,251
Truck479847,2655,2436,3690,4077,387
Truck480777,2821,2225,3945,4077,132
Truck481029,2821,3331,4015,4077,62
Truck480211,3238,3121,3790,4078,288
Truck480617,2998,2655,3900,4078,178
Truck480862,1339,2655,3970,4078,108
Truck480371,3121,2822,3835,4079,244
Truck480872,2437,2656,3975,4079,104
Truck481030,2822,3331,4015,4079,64
Truck481116,3239,3121,4040,4079,39
Truck480922,2822,3239,3985,4080,95
Truck480625,3238,3239,3905,4081,176
Truck480746,2437,3121,3940,4081,141
Truck480756,3239,2998,3940,4081,141
Truck480992,2656,2655,4005,4081,76
Truck479179,1338,0,3505,4082,577
Truck480611,2224,3331,3900,4082,182
Truck480783,2655,2821,3950,4082,132
Truck480795,2821,1338,3950,4082,132
Truck481155,2821,2822,4050,4082,32
Truck481222,1339,0,4070,4082,12
Truck479865,2655,2436,3695,4083,388
Truck480301,3238,2822,3815,4083,268
Truck480499,3238,2656,3870,4083,213
Truck480389,3121,2998,3840,4084,244
Truck480890,2437,3331,3980,4084,104
Truck479981,2224,3122,3725,4085,360
Truck480418,2822,1339,3845,4085,240
Truck480548,2437,2225,3885,4085,200
Truck480624,3122,3331,3905,4085,180
Truck481017,2655,3331,4015,4085,70
Truck481021,3238,0,4015,4085,70
Truck481027,3331,2999,4015,4085,70
Truck480369,2655,2224,3835,4086,251
Truck480604,2999,2656,3900,4086,186
Truck480443,3121,1339,3855,4087,232
Truck480631,3331,2224,3905,4087,182
Truck480813,2821,2437,3955,4087,132
Truck481063,3331,2822,4025,4087,62
Truck479251,1338,3122,3525,4088,563
Truck479883,2655,2436,3700,4088,388
Truck480524,2656,3238,3875,4088,213
Truck480814,2822,2655,3955,4088,133
Truck481084,2822,2656,4030,4088,58
Truck480407,3121,2822,3845,4089,244
Truck480891,2655,3122,3980,4089,109
Truck480908,2437,3331,3985,4089,104
Truck481031,2998,2224,4015,4089,74
Truck480248,2225,1339,3800,4091,291
Truck480395,2224,2655,3840,4091,251
Truck480622,2999,2998,3905,4091,186
Truck481028,2656,2436,4015,4091,76
Truck480831,2821,1338,3960,4092,132
Truck481048,2822,2998,4020,4092,72
Truck479215,1338,2822,3515,4093,578
Truck480353,3121,2436,3830,4093,263
Truck480671,2998,3121,3915,4093,178
Truck480832,2822,1338,3960,4093,133
Truck480923,2998,3331,3985,4093,108
Truck480926,2437,0,3990,4093,103
Truck480927,2655,2437,3990,4093,103
Truck480425,3121,2224,3850,4094,244
Truck480659,3121,2225,3915,4094,179
Truck480682,1339,2999,3920,4094,174
Truck480337,3238,2821,3825,4095,270
Truck480453,2821,3122,3855,4095,240
Truck480402,0,2821,3845,4096,251
Truck480790,1339,3239,3950,4096,146
Truck481050,0,3238,4025,4096,71
Truck479278,1339,1338,3530,4097,567
Truck480665,2224,3331,3915,4097,182
Truck481209,2821,2822,4065,4097,32
Truck479071,1338,3238,3475,4098,623
Truck479233,1338,3331,3520,4098,578
Truck479235,2655,1338,3520,4098,578
Truck480230,2225,2656,3795,4098,303
Truck480577,3331,3238,3890,4098,208
Truck480689,2998,3121,3920,4098,178
Truck480850,2822,2225,3965,4098,133
Truck480944,2437,2998,3995,4099,104
Truck480994,2822,3239,4005,4099,94
Truck480311,2998,1339,3815,4100,285
Truck480435,2821,0,3850,4100,250
Truck480990,3239,2821,4005,4100,95
Truck479943,2436,2998,3715,4101,386
Truck480286,1339,2225,3810,4101,291
Truck480364,2822,3238,3830,4101,271
Truck480658,2999,2656,3915,4101,186
Truck480828,3239,2998,3960,4101,141
Truck481064,2656,1338,4025,4101,76
Truck479899,1338,2999,3705,4102,397
Truck480258,0,2998,3805,4102,297
Truck481206,3239,2656,4065,4103,38
Truck480052,1339,2224,3745,4104,359
Truck480461,3121,3331,3860,4104,244
Truck481079,2224,2822,4030,4104,74
Truck481132,1339,3238,4045,4104,59
Truck479629,1338,2437,3630,4105,475
Truck481093,3238,0,4035,4105,70
Truck481099,3331,2999,4035,4105,70
Truck479305,1338,1339,3540,4106,566
Truck479630,2437,1338,3630,4106,476
Truck479961,2436,0,3720,4106,386
Truck480438,0,2822,3855,4106,251
Truck480449,2224,2436,3855,4106,251
Truck480676,2999,2822,3920,4106,186
Truck481082,2656,2225,4030,4106,76
Truck481290,3122,0,4090,4106,16
Truck479917,1338,2999,3710,4107,397
Truck480480,3122,2821,3865,4107,242
Truck480721,3331,1339,3930,4107,177
Truck480885,2821,2999,3975,4107,132
Truck480910,2999,2225,3985,4107,122
Truck479269,1338,3239,3530,4108,578
Truck480266,2225,2822,3805,4108,303
Truck480318,3122,2225,3820,4108,288
Truck480685,3331,0,3920,4108,188
Truck480704,2656,1339,3925,4108,183
Truck481246,2822,2821,4075,4108,33
Truck479963,2224,3238,3720,4109,389
Truck480035,2224,0,3740,4109,369
Truck480070,1339,2224,3750,4109,359
Truck480479,3121,2821,3865,4109,244
Truck480534,3122,3121,3880,4109,229
Truck480980,2437,3239,4005,4109,104
Truck481103,2998,2224,4035,4109,74
Truck481224,3239,2225,4070,4109,39
Truck479323,1338,1339,3545,4111,566
Truck480467,2224,1338,3860,4111,251
Truck480690,0,2999,3925,4111,186
Truck480694,2999,2821,3925,4111,186
Truck480932,2225,2999,3990,4112,122
Truck481034,2437,1339,4020,4112,92
Truck479287,1338,3239,3535,4113,578
Truck480873,2655,3238,3975,4113,138
Truck481070,2437,2999,4030,4113,83
Truck480053,2224,0,3745,4114,369
Truck480497,3121,2655,3870,4114,244
Truck481072,2999,2437,4030,4114,84
Truck481107,2655,2656,4040,4115,75
Truck479997,2436,2656,3730,4116,386
Truck480485,2224,3121,3865,4116,251
Truck480645,2436,2999,3910,4116,206
Truck481044,3239,2822,4020,4116,96
Truck480640,2999,2436,3910,4117,207
Truck480921,2821,2436,3985,4117,132
Truck481052,2437,1339,4025,4117,92
Truck481164,3122,3238,4055,4117,62
Truck481191,2821,2656,4060,4117,57
Truck480302,2225,3331,3815,4118,303
Truck480740,2656,1339,3935,4118,183
Truck480761,2998,2655,3940,4118,178
Truck481006,1339,2655,4010,4118,108
Truck479755,1338,3121,3665,4119,454
Truck480515,3121,2822,3875,4119,244
Truck481016,2437,2224,4015,4119,104
Truck481139,2998,2224,4045,4119,74
Truck480507,2821,0,3870,4120,250
Truck481066,2822,3239,4025,4120,95
Truck481174,2822,3331,4055,4120,65
Truck480356,2225,1339,3830,4121,291
Truck480383,2998,3122,3835,4121,286
Truck480503,2224,1338,3870,4121,251
Truck480730,2999,3331,3935,4121,186
Truck480015,2436,2655,3735,4122,387
Truck480939,2821,2225,3990,4122,132
Truck480964,2999,2225,4000,4122,122
Truck481189,3331,2821,4060,4122,62
Truck479322,0,1338,3545,4123,578
Truck480320,2225,3331,3820,4123,303
Truck480661,3238,3331,3915,4123,208
Truck480882,3239,3122,3975,4123,148
Truck480940,2822,2999,3990,4123,133
Truck481192,2822,3331,4060,4123,63
Truck479773,1338,3121,3670,4124,454
Truck480533,3121,2822,3880,4124,244
Truck481278,3239,2999,4085,4124,39
Truck481165,3238,0,4055,4125,70
Truck480521,2224,2999,3875,4126,251
Truck481362,3122,0,4110,4126,16
Truck480033,2436,2821,3740,4127,387
Truck480957,2821,2225,3995,4127,132
Truck480958,2822,3121,3995,4127,132
Truck481207,3331,2822,4065,4127,62
Truck481315,3331,3239,4095,4127,32
Truck481317,2821,2822,4095,4127,32
Truck481374,0,1339,4115,4127,12
Truck479341,1338,3239,3550,4128,578
Truck479343,2655,1338,3550,4128,578
Truck479395,1338,3122,3565,4128,563
Truck480338,2225,2656,3825,4128,303
Truck480776,2656,1339,3945,4128,183
Truck480900,3239,3122,3980,4128,148
Truck481287,2655,3239,4090,4128,38
Truck480084,3122,2436,3755,4129,374
Truck480744,0,3331,3940,4129,189
Truck480574,1339,2821,3890,4130,240
Truck480786,3122,3331,3950,4130,180
Truck480141,2436,1338,3770,4131,361
Truck480539,2224,2436,3880,4131,251
Truck481416,3122,1339,4125,4131,6
Truck480975,2821,1338,4000,4132,132
Truck479359,1338,2224,3555,4133,578
Truck480051,2436,2998,3745,4133,388
Truck480623,3121,3122,3905,4133,228
Truck480481,3238,2822,3865,4134,269
Truck479737,1338,2437,3660,4135,475
Truck480329,2998,3238,3820,4135,315
Truck480546,0,2822,3885,4135,250
Truck480549,2655,2224,3885,4136,251
Truck480557,2224,2436,3885,4136,251
Truck481190,2656,2999,4060,4136,76
Truck481392,0,3122,4120,4136,16
Truck479907,2436,3238,3705,4137,432
Truck480069,2436,2655,3750,4137,387
Truck480426,3122,2998,3850,4137,287
Truck480809,2224,3331,3955,4137,182
Truck480993,2821,2225,4005,4137,132
Truck481262,2656,2821,4080,4137,57
Truck481410,0,1339,4125,4137,12
Truck480123,2436,3122,3765,4138,373
Truck480179,2224,1339,3780,4138,358
Truck480374,2225,2822,3835,4138,303
Truck481354,2822,2821,4105,4138,33
Truck481088,2437,2655,4035,4139,104
Truck481205,2224,2822,4065,4139,74
Truck481332,3239,2655,4100,4139,39
Truck480822,3122,3331,3960,4140,180
Truck481134,3239,2821,4045,4140,95
Truck481197,2655,2656,4065,4140,75
Truck480564,0,2821,3890,4141,251
Truck480802,2999,0,3955,4141,186
Truck481012,2822,2437,4010,4142,132
Truck481261,3331,2822,4080,4142,62
Truck481438,1339,0,4130,4142,12
Truck479394,0,1338,3565,4143,578
Truck480830,2656,1339,3960,4143,183
Truck481089,2655,1339,4035,4143,108
Truck481341,2655,3239,4105,4143,38
Truck479454,3122,1338,3580,4144,564
Truck480605,3121,2224,3900,4144,244
Truck481106,2437,2656,4040,4144,104
Truck480525,2821,3238,3875,4145,270
Truck480995,2998,3239,4005,4145,140
Truck481092,3122,2655,4035,4145,110
Truck481243,3331,2655,4075,4145,70
Truck480582,0,2821,3895,4146,251
Truck480585,2655,2224,3895,4146,251
Truck480593,2224,1338,3895,4146,251
Truck480820,2999,0,3960,4146,186
Truck480874,2999,3122,3975,4146,171
Truck480936,3239,0,3990,4147,157
Truck481298,2656,2822,4090,4147,57
Truck480410,2225,2655,3845,4148,303
Truck480551,3121,2436,3885,4148,263
Truck480646,1339,2822,3910,4148,238
Truck480483,2436,2437,3865,4149,284
Truck480618,0,3121,3905,4149,244
Truck480857,3121,2225,3970,4149,179
Truck481294,1339,3238,4090,4149,59
Truck481368,3239,2999,4110,4149,39
Truck480373,3238,2998,3835,4150,315
Truck480455,2998,0,3855,4151,296
Truck480491,2998,3122,3865,4151,286
Truck480600,0,2821,3900,4151,251
Truck480838,2999,2224,3965,4151,186
Truck481047,2821,2225,4020,4152,132
Truck481299,2821,3331,4090,4152,62
Truck481474,1339,0,4140,4152,12
Truck480428,2225,2998,3850,4153,303
Truck480642,3122,2822,3910,4153,243
Truck481157,2998,2656,4050,4153,103
Truck481386,3239,2656,4115,4153,38
Truck479881,1338,3121,3700,4154,454
Truck481142,2437,3331,4050,4154,104
Truck481510,1339,3122,4150,4154,4
Truck480502,1339,2998,3870,4155,285
Truck480569,3121,2436,3890,4155,265
Truck480858,3122,2656,3970,4155,185
Truck481279,3331,3121,4085,4155,70
Truck481309,3238,3122,4095,4155,60
Truck480228,3122,2224,3795,4156,361
Truck480482,2225,1339,3865,4156,291
Truck480562,2822,3238,3885,4156,271
Truck480660,3122,2822,3915,4157,242
Truck480251,2224,1339,3800,4158,358
Truck480446,2225,2821,3855,4158,303
Truck480880,1339,2656,3975,4158,183
Truck480905,2998,2437,3980,4158,178
Truck481158,0,2437,4055,4158,103
Truck480215,2224,0,3790,4159,369
Truck480916,1339,2999,3985,4159,174
Truck481160,2437,3331,4055,4159,104
Truck481218,3122,2437,4070,4159,89
Truck481277,2224,2822,4085,4159,74
Truck481330,1339,3238,4100,4159,59
Truck481146,3122,2655,4050,4160,110
Truck480647,2224,1338,3910,4161,251
Truck481531,3331,2656,4155,4161,6
Truck480118,2999,1338,3765,4162,397
Truck480899,2224,3331,3980,4162,182
Truck480918,3239,3238,3985,4162,177
Truck481083,2821,2225,4030,4162,132
Truck481112,2225,2999,4040,4162,122
Truck480269,2224,1339,3805,4163,358
Truck480464,2225,2656,3860,4163,303
Truck480517,3238,3121,3875,4163,288
Truck481053,2655,3238,4025,4163,138
Truck481171,3331,2998,4055,4163,108
Truck481333,3331,2822,4100,4163,63
Truck480161,2224,3238,3775,4164,389
Truck480675,2655,3121,3920,4164,244
Truck480677,3121,2224,3920,4164,244
Truck481178,2437,2656,4060,4164,104
Truck481228,2822,3239,4070,4164,94
Truck481236,3122,2437,4075,4164,89
Truck480842,2225,2437,3965,4165,200
Truck480231,2436,3122,3795,4166,371
Truck480654,0,2821,3915,4166,251
Truck480892,2999,2998,3980,4166,186
Truck481055,3121,2437,4025,4166,141
Truck480598,2822,3238,3895,4167,272
Truck480948,3122,2999,3995,4167,172
Truck481101,2821,2436,4035,4167,132
Truck480259,1338,2436,3805,4168,363
Truck480812,2656,3238,3955,4168,213
Truck480941,2998,2436,3990,4168,178
Truck481039,3238,2437,4020,4168,148
Truck481102,2822,1338,4035,4168,133
Truck480607,3238,2822,3900,4169,269
Truck480695,3121,2822,3925,4169,244
Truck480723,2821,1339,3930,4169,239
Truck480920,2656,3122,3985,4169,184
Truck481196,2437,2224,4065,4169,104
Truck481313,2224,2998,4095,4169,74
Truck481564,1339,3122,4165,4169,4
Truck480930,3122,3331,3990,4170,180
Truck480195,2436,2821,3785,4171,386
Truck480843,2436,2999,3965,4171,206
Truck481316,2656,1338,4095,4171,76
Truck479548,1339,1338,3605,4172,567
Truck480935,2224,3331,3990,4172,182
Truck481119,2821,1338,4040,4172,132
Truck479503,1338,2655,3595,4173,578
Truck480500,2225,2998,3870,4173,303
Truck480713,3121,2822,3930,4174,244
Truck480902,2656,0,3980,4174,194
Truck480769,3238,2999,3945,4175,230
Truck480861,2436,2999,3970,4175,205
Truck481351,3331,2225,4105,4175,70
Truck481334,2656,2655,4100,4176,76
Truck481542,3122,0,4160,4176,16
Truck481276,1339,2437,4085,4177,92
Truck480518,2225,2822,3875,4178,303
Truck480785,3121,3122,3950,4178,228
Truck480848,2656,3238,3965,4178,213
Truck480977,2998,2437,4000,4178,178
Truck481229,2998,3331,4070,4178,108
Truck479975,3121,1338,3725,4179,454
Truck480731,3121,2224,3935,4179,244
Truck481476,3239,2225,4140,4179,39
Truck480591,2436,2437,3895,4180,285
Truck480946,2999,2822,3995,4181,186
Truck481463,2998,2821,4135,4181,46
Truck480536,2225,0,3880,4182,302
Truck480973,3331,2224,4000,4182,182
Truck480991,3331,1339,4005,4182,177
Truck481372,2822,2998,4110,4182,72
Truck479539,1338,2822,3605,4183,578
Truck480589,3238,3121,3895,4183,288
Truck480866,2656,3238,3970,4183,213
Truck480877,3238,3331,3975,4183,208
Truck480974,2656,1339,4000,4183,183
Truck481156,2822,2225,4050,4183,133
Truck481240,1339,2655,4075,4183,108
Truck481322,2437,2999,4100,4183,83
Truck480749,3121,2224,3940,4184,244
Truck480772,1339,2822,3945,4184,239
Truck481494,3239,3121,4145,4184,39
Truck481381,3238,0,4115,4185,70
Truck479593,1338,1339,3620,4186,566
Truck480249,2436,2998,3800,4186,386
Truck480592,1339,2225,3895,4186,291
Truck480726,0,2821,3935,4186,251
Truck480737,2224,2225,3935,4186,251
Truck480742,2822,0,3935,4186,251
Truck481370,2656,2436,4110,4186,76
Truck481578,3122,0,4170,4186,16
Truck480808,1339,3121,3955,4187,232
Truck480989,2224,3331,4005,4187,182
Truck481161,2655,2821,4055,4187,132
Truck481173,2821,2999,4055,4187,132
Truck481304,2437,1339,4095,4187,92
Truck480554,2225,2998,3885,4188,303
Truck480679,3238,2822,3920,4188,268
Truck481013,2998,3121,4010,4188,178
Truck480620,2437,2436,3905,4189,284
Truck481435,3238,1339,4130,4189,59
Truck480359,2224,3122,3830,4190,360
Truck480796,2822,1339,3950,4190,240
Truck481002,3122,3331,4010,4190,180
Truck481212,0,2655,4070,4190,120
Truck481314,3239,2821,4095,4190,95
Truck481399,3238,0,4120,4190,70
Truck481405,3331,1338,4120,4190,70
Truck480103,3238,2436,3760,4191,431
Truck480747,2655,2224,3940,4191,251
Truck480755,2224,2225,3940,4191,251
Truck480982,2999,3239,4005,4191,186
Truck481596,3122,0,4175,4191,16
Truck480409,3238,2225,3845,4192,347
Truck481179,2655,2821,4060,4192,132
Truck479575,1338,3331,3615,4193,578
Truck481233,2655,0,4075,4194,119
Truck481286,2437,3239,4090,4194,104
Truck481403,2224,2822,4120,4194,74
Truck480706,2822,3238,3925,4195,270
Truck481423,3331,2436,4125,4195,70
Truck480673,1338,2225,3920,4196,276
Truck481000,2999,2822,4010,4196,186
Truck481650,3122,1339,4190,4196,6
Truck481452,3122,3238,4135,4197,62
Truck480590,2225,2656,3895,4198,303
Truck481049,2998,1338,4020,4198,178
Truck481147,3238,2437,4050,4198,148
Truck481152,3239,3122,4050,4198,148
Truck481210,2822,2437,4065,4198,133
Truck480803,3121,2822,3955,4199,244
Truck481251,2655,0,4080,4199,119
Truck481548,3239,3121,4160,4199,39
Truck480859,3238,2999,3970,4200,230
Truck480962,2437,2225,4000,4200,200
Truck481038,3122,3331,4020,4200,180
Truck480303,2436,0,3815,4201,386
Truck480856,2999,3238,3970,4201,231
Truck481018,2999,0,4015,4201,186
Truck481061,2224,2656,4025,4201,176
Truck481445,2998,2822,4130,4201,71
Truck479656,1339,1338,3635,4202,567
Truck481045,3331,2224,4020,4202,182
Truck479449,1338,3238,3580,4203,623
Truck479611,1338,2822,3625,4203,578
Truck479665,1338,3122,3640,4203,563
Truck480608,2225,2655,3900,4203,303
Truck480931,3238,2656,3990,4203,213
Truck481122,0,3239,4045,4203,158
Truck480821,3121,2224,3960,4204,244
Truck480844,1339,2822,3965,4204,239
Truck481566,3239,2436,4165,4204,39
Truck480753,2436,3121,3940,4205,265
Truck481266,0,2655,4085,4205,120
Truck480798,0,2821,3955,4206,251
Truck481035,2655,2999,4020,4206,186
Truck481036,2999,2655,4020,4206,186
Truck481442,2656,2225,4130,4206,76
Truck481694,2656,3331,4200,4206,6
Truck479674,1339,1338,3640,4207,567
Truck480159,2436,3238,3775,4207,432
Truck481245,2821,2655,4075,4207,132
Truck481488,3122,3238,4145,4207,62
Truck480321,2436,2655,3820,4208,388
Truck480626,2225,3331,3905,4208,303
Truck480839,3121,0,3965,4208,243
Truck481085,2998,2437,4030,4208,178
Truck481140,0,3239,4050,4208,158
Truck481183,3238,2437,4060,4208,148
Truck481188,3239,3122,4060,4208,148
Truck481575,2655,3239,4170,4208,38
Truck479688,3122,1338,3645,4209,564
Truck481340,2437,2656,4105,4209,104
Truck481390,2822,3239,4115,4209,94
Truck481507,3238,1339,4150,4209,59
Truck481584,3239,2437,4170,4209,39
Truck480384,0,2224,3840,4210,370
Truck480699,2436,2437,3925,4210,285
Truck481477,3331,2999,4140,4210,70
Truck480819,2655,2224,3960,4211,251
Truck481054,2999,2655,4025,4211,186
Truck481170,3239,0,4055,4212,157
Truck481263,2821,1338,4080,4212,132
Truck480175,3238,2436,3780,4213,433
Truck480339,2436,0,3825,4213,388
Truck481237,3238,2655,4075,4213,138
Truck480025,1338,2437,3740,4215,475
Truck481108,2999,1339,4040,4215,175
Truck481495,3331,2437,4145,4215,70
Truck480357,2436,2821,3830,4216,386
Truck480845,2224,3121,3965,4216,251
Truck481232,2437,3121,4075,4216,141
Truck481242,3239,2998,4075,4216,141
Truck481436,2225,2436,4130,4216,86
Truck480876,3122,2822,3975,4217,242
Truck481498,2822,2998,4145,4217,72
Truck481081,3331,0,4030,4218,188
Truck481282,2822,2437,4085,4218,133
Truck481377,2655,2437,4115,4218,103
Truck481552,2822,2656,4160,4218,58
Truck480119,3121,1338,3765,4219,454
Truck480875,3121,2655,3975,4219,244
Truck481359,2655,3122,4110,4219,109
Truck481376,2437,3331,4115,4219,104
Truck481499,2998,2224,4145,4219,74
Truck481331,2224,2821,4100,4220,120
Truck480904,2822,3122,3980,4221,241
Truck480928,2999,3238,3990,4221,231
Truck481086,0,2999,4035,4221,186
Truck481090,2999,3239,4035,4221,186
Truck481250,2437,3121,4080,4221,141
Truck481605,2821,2998,4175,4221,46
Truck481698,0,3122,4205,4221,16
Truck480929,3121,1339,3990,4222,232
Truck479683,1338,3239,3645,4223,578
Truck480680,2225,2655,3920,4223,303
Truck481269,2655,3238,4085,4223,138
Truck479742,3122,1338,3660,4224,564
Truck480893,3121,2655,3980,4224,244
Truck481118,2656,3122,4040,4224,184
Truck481127,3121,2225,4045,4224,179
Truck481150,1339,2999,4050,4224,174
Truck481394,2437,2998,4120,4224,104
Truck481068,0,2656,4030,4225,195
Truck480725,2998,0,3930,4226,296
Truck481271,3121,2437,4085,4226,141
Truck480393,2436,0,3840,4227,387
Truck480698,2225,0,3925,4227,302
Truck480750,3122,2998,3940,4227,287
Truck481135,3331,2224,4045,4227,182
Truck480911,3121,0,3985,4228,243
Truck481117,3331,0,4040,4228,188
Truck481136,2656,1339,4045,4228,183
Truck481318,2822,3121,4095,4228,133
Truck481412,2437,3239,4125,4229,104
Truck481656,3239,2225,4190,4229,39
Truck481780,1339,3122,4225,4229,4
Truck480456,0,2224,3860,4230,370
Truck481549,3331,1338,4160,4230,70
Truck480779,2998,3122,3945,4231,286
Truck481125,2655,2999,4045,4231,186
Truck481126,2999,2998,4045,4231,186
Truck481532,2656,2999,4155,4231,76
Truck479764,1339,1338,3665,4232,567
Truck480370,2999,1338,3835,4232,397
Truck480411,2436,3331,3845,4232,387
Truck480716,2225,0,3930,4232,302
Truck481323,2655,2821,4100,4232,132
Truck481335,2821,2999,4100,4232,132
Truck481336,2822,2225,4100,4232,132
Truck481762,1339,0,4220,4232,12
Truck479719,1338,2224,3655,4233,578
Truck480767,3121,3238,3945,4233,288
Truck480983,3121,3122,4005,4233,228
Truck481154,2656,1339,4050,4233,183
Truck481175,2998,2436,4055,4233,178
Truck481606,2822,2656,4175,4233,58
Truck480405,2655,2436,3845,4234,389
Truck480462,3122,2436,3860,4234,374
Truck480952,1339,2822,3995,4234,239
Truck481430,2437,3239,4130,4234,104
Truck481077,2436,2999,4030,4236,206
Truck481144,2999,2656,4050,4236,186
Truck480267,2436,3238,3805,4237,432
Truck480429,2436,3331,3850,4237,387
Truck480988,1339,3121,4005,4237,232
Truck481353,2821,2437,4105,4237,132
Truck480734,2225,2822,3935,4238,303
Truck480787,3238,3121,3950,4238,288
Truck480947,3121,0,3995,4238,243
Truck481193,2998,2655,4060,4238,178
Truck481460,2656,2998,4135,4238,103
Truck481520,2437,2999,4155,4238,83
Truck479796,3122,1338,3675,4239,564
Truck480970,1339,2822,4000,4239,239
Truck480807,2436,2437,3955,4240,285
Truck481585,3331,2436,4170,4240,70
Truck480537,2436,1338,3880,4241,361
Truck480815,2998,3122,3955,4241,286
Truck480868,2822,3238,3970,4241,271
Truck481819,3331,2656,4235,4241,6
Truck479800,1339,1338,3675,4242,567
Truck480447,2436,2822,3855,4242,387
Truck480752,2225,0,3940,4242,302
Truck479809,1338,3122,3680,4243,563
Truck481211,2998,1338,4065,4243,178
Truck481467,2655,2437,4140,4243,103
Truck481478,2656,2998,4140,4243,103
Truck481538,2437,2999,4160,4243,83
Truck481728,3239,3331,4210,4243,33
Truck480965,3121,2655,4000,4244,244
Truck481515,2821,3239,4150,4244,94
Truck481834,1339,3122,4240,4244,4
Truck480510,0,2224,3875,4245,370
Truck481425,2821,2224,4125,4245,120
Truck481180,2999,2655,4060,4246,186
Truck481226,2656,2224,4070,4246,176
Truck481350,3239,2998,4105,4246,141
Truck480465,2436,2656,3860,4247,387
Truck481389,2821,2999,4115,4247,132
Truck481659,2821,2656,4190,4247,57
Truck481749,2821,2822,4215,4247,32
Truck481806,0,1339,4235,4247,12
Truck480770,2225,2224,3945,4248,303
Truck481204,1339,2656,4065,4248,183
Truck481481,2998,3331,4140,4248,108
Truck481485,2655,2437,4145,4248,103
Truck481750,2822,2821,4215,4248,33
Truck481208,2656,3122,4065,4249,184
Truck481484,2437,2656,4145,4249,104
Truck480151,1338,2437,3775,4250,475
Truck481615,3238,0,4180,4250,70
Truck481651,3238,3122,4190,4250,60
Truck480963,2655,2224,4000,4251,251
Truck480971,2224,2655,4000,4251,251
Truck481198,2999,2224,4065,4251,186
Truck481562,2225,2436,4165,4251,86
Truck481604,2656,3121,4175,4251,76
Truck480442,2999,1338,3855,4252,397
Truck480840,3122,2998,3965,4252,287
Truck481042,1339,3121,4020,4252,232
Truck481395,2655,2821,4120,4252,132
Truck481407,2821,2436,4120,4252,132
Truck481624,2822,2224,4180,4252,72
Truck480788,2225,2998,3950,4253,303
Truck481247,2998,2655,4075,4253,178
Truck481408,2822,3121,4120,4253,133
Truck481492,1339,2655,4145,4253,108
Truck480999,2655,3121,4010,4254,244
Truck481001,3121,2822,4010,4254,244
Truck481057,3238,2999,4025,4255,230
Truck481252,2999,1339,4080,4255,175
Truck481446,0,2655,4135,4255,120
Truck481639,3331,2225,4185,4255,70
Truck481660,2822,3331,4190,4255,65
Truck480978,0,2821,4005,4256,251
Truck480981,2655,2224,4005,4256,251
Truck481622,2656,2436,4180,4256,76
Truck480644,2225,3238,3910,4257,347
Truck481272,3122,2999,4085,4257,172
Truck481413,2655,2821,4125,4257,132
Truck481668,3122,3238,4195,4257,62
Truck481675,3331,2822,4195,4257,62
Truck480806,2225,2822,3955,4258,303
Truck481073,3121,3122,4030,4258,228
Truck481153,3331,3238,4050,4258,208
Truck481225,3331,0,4070,4258,188
Truck481244,2656,1339,4075,4258,183
Truck481265,2998,1338,4080,4258,178
Truck481426,2822,2655,4125,4258,133
Truck481513,3331,2998,4150,4258,108
Truck481755,2655,3239,4220,4258,38
Truck479868,3122,1338,3695,4259,564
Truck481764,3239,3121,4220,4259,39
Truck481464,0,2655,4140,4260,120
Truck481629,2655,2656,4185,4260,75
Truck481007,2224,2999,4010,4261,251
Truck481288,2999,3122,4090,4261,171
Truck481384,1339,3239,4115,4261,146
Truck481640,2656,1338,4185,4261,76
Truck481751,2998,2821,4215,4261,46
Truck479872,1339,1338,3695,4262,567
Truck480519,2436,2224,3875,4262,387
Truck480662,2225,3238,3915,4262,347
Truck480834,0,2998,3965,4262,297
Truck481259,2224,3331,4080,4262,182
Truck481443,2821,2437,4130,4262,132
Truck479826,0,1338,3685,4263,578
Truck479827,1338,2998,3685,4263,578
Truck480824,2225,2656,3960,4263,303
Truck481380,3122,3239,4115,4263,148
Truck481521,2655,1339,4155,4263,108
Truck481553,2998,2656,4160,4263,103
Truck481037,3121,2224,4020,4264,244
Truck480629,2224,3122,3905,4265,360
Truck481427,2998,3239,4125,4265,140
Truck481025,2224,2999,4015,4266,251
Truck481658,2656,2655,4190,4266,76
Truck481767,2821,2998,4220,4266,46
Truck480375,2436,3238,3835,4267,432
Truck481056,3122,2822,4025,4267,242
Truck479845,1338,2822,3690,4268,578
Truck481109,3121,3122,4040,4268,228
Truck481301,2998,2999,4090,4268,178
Truck481404,3239,3122,4120,4268,148
Truck481462,2822,2999,4135,4268,133
Truck481571,2998,2656,4165,4268,103
Truck479904,3122,1338,3705,4269,564
Truck481292,2225,3121,4090,4269,179
Truck481539,2655,3122,4160,4269,109
Truck481556,2437,2656,4165,4269,104
Truck481800,3239,2999,4230,4269,39
Truck481078,1339,2821,4030,4270,240
Truck481665,2655,2656,4195,4270,75
Truck481693,3331,2655,4200,4270,70
Truck480224,2437,1338,3795,4271,476
Truck481270,2999,3331,4085,4271,186
Truck481676,2656,2655,4195,4271,76
Truck481878,0,3122,4255,4271,16
Truck480914,2225,3122,3985,4272,287
Truck481074,3122,2821,4030,4272,242
Truck481479,2821,1338,4140,4272,132
Truck481504,2999,2225,4150,4272,122
Truck480860,2225,2224,3970,4273,303
Truck481096,1339,2822,4035,4273,238
Truck481319,2998,1338,4095,4273,178
Truck481480,2822,2225,4140,4273,133
Truck481732,2822,3331,4210,4273,63
Truck481574,2437,2822,4170,4274,104
Truck481691,2224,2998,4200,4274,74
Truck481818,3239,1338,4235,4274,39
Truck481942,1339,3122,4270,4274,4
Truck481705,3238,0,4205,4275,70
Truck481711,3331,2655,4205,4275,70
Truck481327,3238,3239,4100,4276,176
Truck481216,2999,2436,4070,4277,207
Truck481497,2821,2999,4145,4277,132
Truck481766,2656,2821,4220,4277,57
Truck481857,2821,2822,4245,4277,32
Truck479935,1338,3122,3715,4278,563
Truck480573,2436,2822,3890,4278,388
Truck481145,3121,3122,4050,4278,228
Truck481201,3238,2656,4065,4278,213
Truck481312,1339,2656,4095,4278,183
Truck481337,2998,2436,4100,4278,178
Truck481019,3121,2436,4015,4279,264
Truck481280,2656,0,4085,4279,194
Truck481836,3239,2655,4240,4279,39
Truck481960,1339,3122,4275,4279,4
Truck481326,3122,3331,4100,4280,180
Truck481638,3239,2822,4185,4280,95
Truck480959,2998,3122,3995,4281,286
Truck481302,0,2999,4095,4281,186
Truck481306,2999,2656,4095,4281,186
Truck481712,2656,2437,4205,4281,76
Truck481956,3122,1339,4275,4281,6
Truck481422,3239,0,4125,4282,157
Truck481654,1339,2437,4190,4282,92
Truck480888,0,2225,3980,4283,303
Truck480896,2225,2998,3980,4283,303
Truck481110,3122,2822,4040,4283,243
Truck481163,3121,3122,4055,4283,228
Truck481453,3238,2437,4135,4283,148
Truck481608,0,2437,4180,4283,103
Truck481682,2437,2999,4200,4283,83
Truck481876,2822,2821,4250,4283,33
Truck481041,2436,3121,4020,4284,264
Truck481346,2225,3121,4105,4284,179
Truck481557,2655,0,4165,4284,119
Truck481854,3239,3121,4245,4284,39
Truck481138,2822,1339,4045,4285,240
Truck481268,2437,2225,4085,4285,200
Truck481284,0,2656,4090,4285,195
Truck481747,3331,2225,4215,4285,70
Truck481324,2999,2821,4100,4286,186
Truck481783,3331,2822,4225,4286,61
Truck481974,3122,1339,4280,4286,6
Truck481982,2656,3331,4280,4286,6
Truck480568,2999,1338,3890,4287,397
Truck481440,3239,0,4130,4287,157
Truck481533,2821,1338,4155,4287,132
Truck481558,2999,2225,4165,4287,122
Truck480609,2436,2822,3900,4288,388
Truck480966,3122,2225,4000,4288,288
Truck481373,2998,2655,4110,4288,178
Truck481802,2656,2822,4230,4288,58
Truck481182,3122,3121,4060,4289,229
Truck481628,2437,2822,4185,4289,104
Truck481798,1339,3238,4230,4289,59
Truck481872,3239,2436,4250,4289,39
Truck481378,2999,1339,4115,4290,175
Truck481765,3331,2436,4220,4290,70
Truck481275,2436,2999,4085,4291,206
Truck481342,2999,2822,4105,4291,186
Truck481769,2998,2822,4220,4291,71
Truck480984,3122,2998,4005,4292,287
Truck481398,3122,2999,4120,4292,172
Truck481458,3239,0,4135,4292,157
Truck481391,2998,2436,4115,4293,178
Truck481260,3239,2224,4080,4294,214
Truck481646,2437,2224,4190,4294,104
Truck481816,1339,3238,4235,4294,59
Truck481890,3239,2436,4255,4294,39
Truck481005,2436,2437,4010,4295,285
Truck481777,3238,0,4225,4295,70
Truck481133,2224,2225,4045,4296,251
Truck481406,2656,2224,4120,4296,176
Truck481530,3239,2998,4155,4296,141
Truck480735,2436,1338,3935,4297,362
Truck480960,0,2998,4000,4297,297
Truck481594,2999,2225,4175,4297,122
Truck479953,1338,2822,3720,4298,578
Truck480696,3122,2436,3925,4298,373
Truck480950,2225,2822,3995,4298,303
Truck481091,3121,2436,4035,4298,263
Truck481217,3121,3122,4070,4298,228
Truck481291,3238,3331,4090,4298,208
Truck481297,3331,3238,4090,4298,208
Truck481502,2437,3238,4150,4298,148
Truck481570,2822,1338,4165,4298,133
Truck481647,2655,1339,4190,4298,108
Truck481718,2437,3122,4210,4298,88
Truck480643,3238,2224,3910,4299,389
Truck481611,2655,0,4180,4299,119
Truck481664,2437,2656,4195,4299,104
Truck481781,2224,2998,4225,4299,74
Truck481908,3239,2225,4260,4299,39
Truck481773,2655,2656,4225,4300,75
Truck481831,3238,3122,4240,4300,60
Truck481424,2656,2224,4125,4301,176
Truck481784,2656,2436,4225,4301,76
Truck480501,2436,3238,3870,4302,432
Truck481587,2821,2437,4170,4302,132
Truck481947,2821,2822,4270,4302,32
Truck479971,1338,2821,3725,4303,578
Truck480663,2436,2822,3915,4303,388
Truck480745,1338,2436,3940,4303,363
Truck480968,2225,2998,4000,4303,303
Truck481588,2822,1338,4170,4303,133
Truck481679,2998,3331,4195,4303,108
Truck481736,2437,3122,4215,4303,88
Truck481837,3331,2822,4240,4303,63
Truck481181,3121,2821,4060,4304,244
Truck481296,3239,2224,4090,4304,214
Truck481799,2224,2998,4230,4304,74
Truck481926,3239,2225,4265,4304,39
Truck481022,2225,1339,4015,4306,291
Truck481396,2999,2224,4120,4306,186
Truck480681,2436,2998,3920,4307,387
Truck480823,3238,2225,3960,4307,347
Truck481235,3121,1339,4075,4307,232
Truck481512,3239,0,4150,4307,157
Truck481593,2655,2821,4175,4307,132
Truck481855,3331,2822,4245,4307,62
Truck481963,3331,3239,4275,4307,32
Truck479989,1338,2224,3730,4308,578
Truck480986,2225,2998,4005,4308,303
Truck481690,1339,2655,4200,4308,108
Truck481846,2999,3121,4245,4308,63
Truck480683,2224,3238,3920,4309,389
Truck481388,2656,0,4115,4309,194
Truck481700,2437,3239,4205,4309,104
Truck481944,3239,2437,4270,4309,39
Truck480789,2436,1338,3950,4310,360
Truck481227,2821,3122,4070,4310,240
Truck481087,1338,2225,4035,4311,276
Truck481120,2822,3238,4040,4311,271
Truck481176,0,2822,4060,4311,251
Truck481414,2999,2821,4125,4311,186
Truck481820,2656,2999,4235,4311,76
Truck480841,3238,2225,3965,4312,347
Truck481258,1339,3121,4080,4312,232
Truck481459,3331,1339,4135,4312,177
Truck481623,2821,2999,4180,4312,132
Truck480007,1338,2656,3735,4313,578
Truck481004,2225,2822,4010,4313,303
Truck481733,2998,2656,4210,4313,103
Truck480701,2224,3238,3925,4314,389
Truck481776,3122,2437,4225,4314,89
Truck481835,2224,2998,4240,4314,74
Truck481962,3239,2436,4275,4314,39
Truck481137,2821,3238,4045,4315,270
Truck481885,3238,3122,4255,4315,60
Truck480553,3238,2436,3885,4316,431
Truck481194,0,2821,4065,4316,251
Truck481428,0,2999,4130,4316,186
Truck481475,2224,2656,4140,4316,176
Truck481592,2437,3121,4175,4316,141
Truck481859,2998,2822,4245,4316,71
Truck481858,2822,2998,4245,4317,72
Truck480555,2436,3238,3885,4318,433
Truck481352,2656,3238,4105,4318,213
Truck481369,3331,3238,4110,4318,208
Truck481642,2822,2436,4185,4318,133
Truck480708,0,2436,3930,4319,389
Truck480719,2224,3238,3930,4319,389
Truck481264,2822,1339,4080,4319,239
Truck481683,2655,0,4200,4319,119
Truck480985,3238,2998,4005,4320,315
Truck481223,2224,2655,4070,4321,251
Truck481450,2999,2998,4135,4321,186
Truck481489,3238,3239,4145,4321,176
Truck482058,0,3122,4305,4321,16
Truck482064,3122,0,4305,4321,16
Truck482100,3122,1339,4315,4321,6
Truck481040,2225,2821,4020,4323,303
Truck481387,3331,3238,4115,4323,208
Truck481826,2437,2999,4240,4323,83
Truck481891,3331,2436,4255,4325,70
Truck481912,2822,3331,4260,4325,65
Truck481230,0,2821,4075,4326,251
Truck481468,2999,3239,4140,4326,186
Truck482118,3122,1339,4320,4326,6
Truck482125,3331,2656,4320,4326,6
Truck480061,1338,0,3750,4327,577
Truck480712,2999,1338,3930,4327,397
Truck481677,2821,1338,4195,4327,132
Truck481058,2225,2821,4025,4328,303
Truck481517,2998,2655,4150,4328,178
Truck481614,3122,3239,4180,4328,148
Truck481620,3239,3122,4180,4328,148
Truck481496,2656,3122,4145,4329,184
Truck481772,2437,2998,4225,4329,104
Truck480439,1338,2437,3855,4330,475
Truck481124,2437,2436,4045,4330,285
Truck481881,2655,2656,4255,4330,75
Truck481909,3331,1338,4260,4330,70
Truck481892,2656,2436,4255,4331,76
Truck480771,2436,0,3945,4332,387
Truck480913,3238,2225,3985,4332,347
Truck480133,1338,3122,3770,4333,563
Truck480765,2655,2436,3945,4333,388
Truck480825,2436,3122,3960,4333,373
Truck481076,2225,2224,4030,4333,303
Truck481514,2656,1339,4150,4333,183
Truck481535,2998,2437,4155,4333,178
Truck481844,2437,3122,4245,4333,88
Truck481289,3121,2822,4090,4334,244
Truck481790,2437,2224,4230,4334,104
Truck481864,2999,2437,4250,4334,84
Truck481281,2821,0,4085,4335,250
Truck481524,3122,3331,4155,4335,180
Truck481121,2998,0,4040,4336,296
Truck481674,3239,2998,4195,4336,141
Truck481910,2656,2436,4260,4336,76
Truck480627,2436,3238,3905,4337,432
Truck480748,2999,1338,3940,4337,397
Truck481148,2225,3122,4050,4337,287
Truck481713,2821,2225,4205,4337,132
Truck481930,2822,2224,4265,4337,72
Truck482130,0,1339,4325,4337,12
Truck480097,1338,2224,3760,4338,578
Truck481361,3121,3122,4110,4338,228
Truck481441,3331,3238,4130,4338,208
Truck481546,1339,3331,4160,4338,178
Truck481862,2437,3122,4250,4338,88
Truck481880,2437,2999,4255,4338,83
Truck480863,2224,0,3970,4339,369
Truck481307,3121,2822,4095,4339,244
Truck481866,3122,2437,4250,4339,89
Truck480852,0,2224,3970,4340,370
Truck481295,2224,2999,4090,4341,251
Truck481360,2999,3238,4110,4341,231
Truck481522,2999,2655,4155,4341,186
Truck482179,3331,2656,4335,4341,6
Truck481202,2225,1338,4065,4342,277
Truck481366,1339,3121,4110,4342,232
Truck481756,2999,2225,4220,4342,122
Truck480115,1338,2821,3765,4343,578
Truck480169,1338,3122,3780,4343,563
Truck481104,0,2225,4040,4343,303
Truck481701,2655,3238,4205,4343,138
Truck482088,3239,3331,4310,4343,33
Truck481325,3121,3239,4100,4344,244
Truck481984,2822,3331,4280,4344,64
Truck480493,1338,2437,3870,4345,475
Truck481348,1339,2821,4105,4345,240
Truck481785,2821,2224,4225,4345,120
Truck480912,3122,2224,3985,4346,361
Truck481344,3122,2822,4105,4346,241
Truck481586,2656,2224,4170,4346,176
Truck480784,2999,1338,3950,4347,397
Truck481774,2999,2225,4225,4347,122
Truck481991,3121,2999,4285,4347,62
Truck481999,3331,2821,4285,4347,62
Truck482018,2656,2821,4290,4347,57
Truck481130,2225,2822,4045,4348,303
Truck481692,3239,3122,4200,4348,148
Truck481719,2655,3238,4210,4348,138
Truck481845,2655,2437,4245,4348,103
Truck480827,2224,3238,3960,4349,389
Truck481343,3121,2655,4105,4349,244
Truck481893,2821,3239,4255,4349,94
Truck481918,2999,2437,4265,4349,84
Truck480933,2436,1338,3990,4350,360
Truck481371,2821,3122,4110,4350,240
Truck481981,3331,2436,4280,4350,70
Truck481184,2225,1339,4060,4351,291
Truck481612,2999,3122,4180,4351,171
Truck481964,2656,2999,4275,4351,76
Truck482036,2656,2822,4295,4351,56
Truck481602,3239,3238,4175,4352,177
Truck482127,2821,2822,4320,4352,32
Truck480894,3122,2436,3980,4353,373
Truck480953,2224,1339,3995,4353,358
Truck481710,3239,3122,4205,4353,148
Truck481852,1339,2655,4245,4353,108
Truck481874,2656,2998,4250,4353,103
Truck481550,2656,0,4160,4354,194
Truck482106,3239,2225,4315,4354,39
Truck481526,2225,2437,4155,4355,200
Truck480530,2437,1338,3880,4356,476
Truck481249,1338,2225,4080,4356,276
Truck481349,2224,2437,4105,4356,251
Truck481576,2999,3239,4170,4356,186
Truck481726,1339,3239,4210,4356,146
Truck482233,3331,2656,4350,4356,6
Truck481420,1339,3121,4125,4357,232
Truck481621,3331,1339,4180,4357,177
Truck481166,2225,2224,4055,4358,303
Truck481625,2998,2999,4180,4358,178
Truck481786,2822,2437,4225,4358,133
Truck481379,3121,2656,4115,4359,244
Truck481568,2656,0,4165,4359,194
Truck482248,1339,3122,4355,4359,4
Truck482017,3331,2225,4290,4360,70
Truck480915,2436,1339,3985,4361,376
Truck480969,2436,1338,4000,4361,361
Truck481300,2822,3238,4090,4361,271
Truck481356,0,2821,4110,4361,251
Truck481367,2224,3121,4110,4361,251
Truck481432,2999,3238,4130,4361,231
Truck481959,2436,2225,4275,4361,86
Truck482251,3331,2656,4355,4361,6
Truck481803,2821,2437,4230,4362,132
Truck481804,2822,2437,4230,4362,132
Truck480187,1338,2224,3785,4363,578
Truck480879,2436,2998,3975,4363,388
Truck481329,2436,3121,4100,4363,263
Truck481511,2224,3239,4150,4363,213
Truck481618,1339,2656,4180,4363,183
Truck481643,2998,2437,4185,4363,178
Truck481895,2998,3331,4255,4363,108
Truck481970,2437,2999,4280,4363,83
Truck482072,2656,2822,4305,4363,58
Truck480246,3122,1338,3800,4364,564
Truck481397,3121,3239,4120,4364,244
Truck481631,3121,2225,4185,4364,179
Truck481898,2437,2655,4260,4364,104
Truck482015,2224,2998,4290,4364,74
Truck482142,3239,2225,4325,4364,39
Truck481238,2225,1339,4075,4366,291
Truck481385,2224,2437,4115,4366,251
Truck482022,0,3238,4295,4366,71
Truck480897,2436,3331,3980,4367,387
Truck481254,3122,2998,4080,4367,287
Truck481821,2821,2437,4235,4367,132
Truck481822,2822,2437,4235,4367,132
Truck480043,1338,3238,3745,4368,623
Truck480205,1338,3331,3790,4368,578
Truck481661,2998,2436,4190,4368,178
Truck481916,2437,0,4265,4368,103
Truck482160,3239,2656,4330,4368,38
Truck480655,1338,3121,3915,4369,454
Truck481415,3121,2655,4125,4369,244
Truck482083,3238,1339,4310,4369,59
Truck481283,2998,1339,4085,4370,285
Truck481666,2999,1339,4195,4370,175
Truck482053,3331,1338,4300,4370,70
Truck481630,2999,2822,4185,4371,186
Truck481673,2224,2656,4195,4371,176
Truck481684,2999,3122,4200,4371,171
Truck482280,3122,1339,4365,4371,6
Truck481220,2225,0,4070,4372,302
Truck482089,3331,2821,4310,4372,62
Truck482091,2821,3331,4310,4372,62
Truck481433,3121,0,4130,4373,243
Truck481567,3331,3238,4165,4373,208
Truck481672,1339,3331,4195,4373,178
Truck481782,3239,3122,4225,4373,148
Truck481934,2437,0,4270,4373,103
Truck481456,1339,2821,4135,4375,240
Truck481421,2224,2655,4125,4376,251
Truck481644,0,2999,4190,4376,186
Truck480889,1338,2999,3980,4377,397
Truck481075,3238,2225,4030,4377,347
Truck481487,3121,1339,4145,4377,232
Truck480241,1338,2224,3800,4378,578
Truck481043,2224,1339,4020,4378,358
Truck481561,3238,2656,4165,4378,213
Truck481697,2998,2437,4200,4378,178
Truck481451,3121,2224,4135,4379,244
Truck481899,2655,0,4260,4379,119
Truck481952,2437,3239,4275,4379,104
Truck482001,2821,3239,4285,4379,94
Truck482010,3122,2437,4290,4379,89
Truck480996,0,2224,4010,4380,370
Truck481311,2436,2437,4095,4380,285
Truck481610,2437,2225,4180,4380,200
Truck481626,0,2656,4185,4380,195
Truck481702,2999,1339,4205,4380,175
Truck481662,0,2999,4195,4381,186
Truck481709,2224,2656,4205,4381,176
Truck482274,0,3122,4365,4381,16
Truck480951,2436,2224,3995,4382,387
Truck481094,2225,3238,4035,4382,347
Truck481256,2225,2998,4080,4383,303
Truck481579,3238,2656,4170,4383,213
Truck481603,3331,3238,4175,4383,208
Truck481715,2998,2437,4205,4383,178
Truck481813,3238,2437,4235,4383,148
Truck482024,2437,3122,4295,4383,88
Truck482236,2822,2821,4350,4383,33
Truck481469,3121,2656,4140,4384,244
Truck482020,2822,3239,4290,4384,94
Truck482028,3122,2437,4295,4384,89
Truck482140,1339,3238,4325,4384,59
Truck482214,3239,3121,4345,4384,39
Truck481219,3238,2998,4070,4385,315
Truck481461,2821,0,4135,4385,250
Truck481914,0,2655,4265,4385,120
Truck482079,2655,2656,4310,4385,75
Truck482107,3331,2437,4315,4385,70
Truck480313,1338,1339,3820,4386,566
Truck481457,2224,2655,4135,4386,251
Truck482090,2656,2436,4310,4386,76
Truck481729,3331,1339,4210,4387,177
Truck482049,2436,2225,4300,4387,87
Truck482145,2821,3331,4325,4387,62
Truck480277,1338,2821,3810,4388,578
Truck481274,2225,2998,4085,4388,303
Truck482134,2999,3121,4325,4388,63
Truck481744,1339,2999,4215,4389,174
Truck481935,2655,0,4270,4389,119
Truck481988,2437,2822,4285,4389,104
Truck482034,3239,2821,4295,4390,95
Truck480987,2436,2224,4005,4391,386
Truck482108,2656,2437,4315,4391,76
Truck482128,2822,2998,4320,4392,72
Truck482328,0,1339,4380,4392,12
Truck480295,1338,2656,3815,4393,578
Truck481528,1339,2822,4155,4393,238
Truck481848,3122,3239,4245,4393,148
Truck481996,1339,2655,4285,4393,108
Truck481358,2437,2436,4110,4394,284
Truck481730,2656,3122,4210,4394,184
Truck481653,2436,2999,4190,4395,205
Truck481950,0,2655,4275,4395,120
Truck481482,0,2822,4145,4396,251
Truck481720,2999,3331,4210,4396,186
Truck482126,2656,2225,4320,4396,76
Truck481534,2822,3122,4155,4397,242
Truck481559,3121,1339,4165,4397,232
Truck481745,2224,3331,4215,4397,182
Truck481929,2821,1338,4265,4397,132
Truck482068,1339,2437,4305,4397,92
Truck481577,3121,3122,4170,4398,228
Truck481657,3331,3238,4190,4398,208
Truck482014,1339,2655,4290,4398,108
Truck482290,2822,2821,4365,4398,33
Truck481523,3121,2998,4155,4399,244
Truck481716,0,3331,4210,4399,189
Truck481971,2655,0,4280,4399,119
Truck482191,3238,1339,4340,4399,59
Truck482268,3239,2999,4360,4399,39
Truck481115,2224,3122,4040,4400,360
Truck481551,2821,3122,4160,4400,240
Truck480692,2437,1338,3925,4401,476
Truck481444,2822,3238,4130,4401,271
Truck481500,0,2822,4150,4401,251
Truck481737,2655,2999,4215,4401,186
Truck481738,2999,0,4215,4401,186
Truck480331,1338,0,3825,4402,577
Truck480376,1339,1338,3835,4402,567
Truck481763,2224,3331,4220,4402,182
Truck481948,2822,3121,4270,4402,132
Truck482197,3331,2822,4340,4402,62
Truck481023,2436,2655,4015,4403,388
Truck481595,3121,3122,4175,4403,228
Truck481787,2998,3121,4225,4403,178
Truck480781,1338,3121,3950,4404,454
Truck481097,2224,0,4035,4404,369
Truck481541,3121,3331,4160,4404,244
Truck482286,3239,2436,4365,4404,39
Truck481409,2998,1339,4120,4405,285
Truck482151,2655,2656,4330,4405,75
Truck481795,3238,3239,4230,4406,176
Truck482271,2821,2998,4360,4406,46
Truck481600,1339,3121,4175,4407,232
Truck481965,2821,3121,4275,4407,132
Truck480193,3238,1338,3785,4408,623
Truck480348,0,1338,3830,4408,578
Truck480349,1338,2821,3830,4408,578
Truck481151,2224,1339,4050,4408,358
Truck481338,0,2225,4105,4408,303
Truck481805,2998,2225,4230,4408,178
Truck481966,2822,2225,4275,4408,133
Truck481748,2656,0,4215,4409,194
Truck482177,2224,2998,4335,4409,74
Truck482304,3239,2436,4370,4409,39
Truck481547,2224,2437,4160,4411,251
Truck481817,2224,2656,4235,4411,176
Truck482180,2656,2437,4335,4411,76
Truck481059,2436,3331,4025,4412,387
Truck481095,2436,1339,4035,4412,377
Truck481983,2821,1338,4280,4412,132
Truck482252,2656,2822,4355,4412,57
Truck480367,1338,3239,3835,4413,578
Truck481364,2225,3239,4110,4413,303
Truck481823,2998,2999,4235,4413,178
Truck481953,2655,3238,4275,4413,138
Truck482224,2999,3121,4350,4413,63
Truck481505,3121,2436,4150,4414,264
Truck482025,2655,0,4295,4414,119
Truck481569,2821,0,4165,4415,250
Truck482124,3239,2822,4320,4415,95
Truck482215,3331,3121,4345,4415,70
Truck481565,2224,2437,4165,4416,251
Truck481791,2655,2999,4230,4416,186
Truck481792,2999,2822,4230,4416,186
Truck481838,2656,2224,4240,4416,176
Truck482309,2998,2821,4370,4416,46
Truck481071,2655,2436,4030,4417,387
Truck481434,3122,2998,4130,4417,287
Truck481989,2655,2821,4285,4417,132
Truck480223,1338,3238,3795,4418,623
Truck480229,3238,1338,3795,4418,623
Truck480385,1338,2998,3840,4418,578
Truck481382,2225,2998,4115,4418,303
Truck481801,3331,0,4230,4418,188
Truck482150,2437,3122,4330,4418,88
Truck482342,2656,3239,4380,4418,38
Truck481345,3238,2998,4105,4420,315
Truck481355,2998,3238,4105,4420,315
Truck481448,2437,2436,4135,4420,285
Truck482263,3238,3122,4360,4420,60
Truck481516,2822,3238,4150,4421,271
Truck481583,2224,2999,4170,4421,251
Truck481810,2999,2822,4235,4421,186
Truck482327,2998,2821,4375,4421,46
Truck482019,2821,2655,4290,4422,132
Truck482048,2225,2999,4300,4422,122
Truck481400,2225,2655,4120,4423,303
Truck482260,2999,3121,4360,4423,63
Truck480853,1338,3121,3970,4424,454
Truck481169,2224,0,4055,4424,369
Truck481613,3121,2821,4180,4424,244
Truck481636,1339,2822,4185,4424,239
Truck482114,2437,2821,4320,4424,104
Truck482172,3122,2437,4335,4424,89
Truck482358,3239,2999,4385,4424,39
Truck481641,2821,3122,4185,4425,240
Truck481669,3238,2999,4195,4425,230
Truck481828,2999,2821,4240,4426,186
Truck482234,2656,1338,4350,4426,76
Truck482343,2821,2998,4380,4426,46
Truck482442,3122,0,4410,4426,16
Truck481113,2436,2821,4040,4427,387
Truck482037,2821,2655,4295,4427,132
Truck480421,1338,2655,3850,4428,578
Truck481418,2225,3331,4125,4428,303
Truck481856,2656,1339,4245,4428,183
Truck481877,2998,1338,4250,4428,178
Truck481980,3239,3122,4280,4428,148
Truck481491,2436,2437,4145,4429,284
Truck481746,3239,2224,4215,4429,214
Truck481824,0,3331,4240,4429,189
Truck482038,2822,2225,4295,4429,134
Truck482132,2437,2655,4325,4429,104
Truck482255,2998,2224,4355,4429,74
Truck481796,2225,2437,4230,4430,200
Truck482269,3331,1338,4360,4430,70
Truck481131,2436,3239,4045,4432,387
Truck481873,3331,2224,4250,4432,182
Truck482043,2655,2821,4300,4432,132
Truck482056,2822,2437,4300,4432,132
Truck482472,0,1339,4420,4432,12
Truck480498,3122,1338,3870,4434,564
Truck481649,3121,2656,4190,4434,244
Truck481678,2822,1339,4195,4434,239
Truck481704,3122,3121,4205,4434,229
Truck482200,2822,3239,4340,4434,94
Truck481186,1339,2436,4060,4435,375
Truck481808,2437,2225,4235,4435,200
Truck481149,2436,3331,4050,4436,386
Truck481185,2436,1339,4060,4436,376
Truck481860,0,2999,4250,4436,186
Truck481863,2655,2999,4250,4436,186
Truck481903,3238,3239,4260,4436,176
Truck482027,3121,2437,4295,4436,141
Truck482270,2656,2655,4360,4436,76
Truck482522,2656,3331,4430,4436,6
Truck481231,1338,2436,4075,4437,362
Truck481449,2655,2225,4135,4437,302
Truck481508,2225,3122,4150,4437,287
Truck482073,2821,2225,4305,4437,132
Truck480457,1338,3239,3860,4438,578
Truck480511,1338,3122,3875,4438,563
Truck481143,2655,2436,4050,4438,388
Truck481200,3122,2436,4065,4438,373
Truck481454,2225,2821,4135,4438,303
Truck481506,3122,2225,4150,4438,288
Truck481913,2998,2436,4260,4438,178
Truck481667,3121,2821,4195,4439,244
Truck482074,2822,2999,4305,4439,134
Truck482168,2437,2224,4335,4439,104
Truck482217,2821,3239,4345,4439,94
Truck481695,2821,3122,4200,4440,240
Truck481696,2822,1339,4200,4440,240
Truck482277,2655,2656,4365,4440,75
Truck480836,2437,1338,3965,4441,476
Truck481655,2224,1338,4190,4441,251
Truck481882,2999,2821,4255,4441,186
Truck482042,2437,3121,4300,4441,141
Truck482288,2656,1338,4365,4441,76
Truck482360,2656,2822,4385,4441,56
Truck480520,1339,1338,3875,4442,567
Truck481167,2436,3239,4055,4442,387
Truck481310,2225,3238,4095,4442,347
Truck480319,3238,1338,3820,4443,623
Truck480475,1338,2821,3865,4443,578
Truck481003,3238,2436,4010,4443,433
Truck481221,2436,3122,4070,4443,373
Truck481472,2225,2821,4140,4443,303
Truck481931,2998,2225,4265,4443,178
Truck482186,2437,0,4340,4443,103
Truck482452,2822,2821,4410,4443,33
Truck482244,3122,2437,4355,4444,89
Truck481714,2822,1339,4205,4445,240
Truck482232,3239,2822,4350,4445,95
Truck482265,2436,2225,4360,4445,85
Truck482323,3331,2436,4375,4445,70
Truck481900,2999,0,4260,4446,186
Truck481946,2656,2224,4270,4446,176
Truck482050,1339,3239,4300,4446,146
Truck482060,2437,3121,4305,4446,141
Truck482306,2656,2437,4370,4446,76
Truck482558,2656,3331,4440,4446,6
Truck481328,2225,3238,4100,4447,347
Truck481544,2225,3122,4160,4447,287
Truck481739,3121,1339,4215,4447,232
Truck482109,2821,3121,4315,4447,132
Truck480492,0,1338,3870,4448,578
Truck481490,2225,2656,4145,4448,303
Truck481924,1339,2656,4265,4448,183
Truck482110,2822,1338,4315,4448,133
Truck482187,2655,1339,4340,4448,108
Truck481187,2224,3238,4060,4449,389
Truck481703,3121,2224,4205,4449,244
Truck481731,2821,1339,4210,4449,239
Truck481248,0,2224,4080,4450,370
Truck482148,0,2655,4330,4450,120
Truck482371,3238,3122,4390,4450,60
Truck481203,2436,3331,4065,4451,386
Truck481239,2436,1339,4075,4451,376
Truck481957,3238,3239,4275,4451,176
Truck481961,2224,2656,4275,4451,176
Truck482078,2437,3121,4310,4451,141
Truck482435,2998,2821,4405,4451,46
Truck481162,2999,1338,4055,4452,397
Truck481503,2655,2225,4150,4452,302
Truck481560,3122,2998,4165,4452,287
Truck482152,2999,2225,4330,4452,122
Truck482485,3331,3239,4420,4452,32
Truck480565,1338,3122,3890,4453,563
Truck481967,2998,1338,4275,4453,178
Truck482070,3239,3122,4305,4453,148
Truck481978,1339,2999,4280,4454,174
Truck482222,2437,2998,4350,4454,104
Truck482466,3239,2437,4415,4454,39
Truck481633,3238,2821,4185,4455,270
Truck481308,3122,2224,4095,4456,361
Truck481936,2999,3331,4270,4456,186
Truck482451,2821,2998,4410,4456,46
Truck482586,3122,1339,4450,4456,6
Truck481215,2655,2436,4070,4457,387
Truck481363,3238,2225,4110,4457,347
Truck481985,2998,2655,4280,4458,178
Truck480588,3122,1338,3895,4459,564
Truck481599,2436,2437,4175,4459,284
Truck481928,2656,0,4265,4459,194
Truck482289,2821,3239,4365,4459,94
Truck482484,3239,2436,4420,4459,39
Truck482608,1339,3122,4455,4459,4
Truck482377,3331,2999,4390,4460,70
Truck482407,3238,3122,4400,4460,60
Truck481727,2224,1338,4210,4461,251
Truck482562,0,3122,4445,4461,16
Truck481758,3122,2821,4220,4462,242
Truck481998,3239,3238,4285,4462,177
Truck482163,2821,2225,4330,4462,132
Truck482523,2821,2822,4430,4462,32
Truck480547,1338,3239,3885,4463,578
Truck480601,1338,3122,3900,4463,563
Truck481685,3121,2436,4200,4463,263
Truck482164,2822,2437,4330,4463,133
Truck482256,0,2437,4360,4463,103
Truck480606,3122,1338,3900,4464,564
Truck481241,2224,3238,4075,4464,389
Truck481757,3121,2822,4220,4464,244
Truck482502,3239,1338,4425,4464,39
Truck481922,2225,2437,4265,4465,200
Truck481932,0,2656,4270,4465,195
Truck482367,2655,2656,4390,4465,75
Truck482395,3331,3121,4395,4465,70
Truck481257,2436,3239,4080,4466,386
Truck481972,2999,2822,4280,4466,186
Truck482378,2656,1338,4390,4466,76
Truck482487,2821,2998,4420,4466,46
Truck480610,1339,1338,3900,4467,567
Truck482016,3239,3238,4290,4467,177
Truck482210,2225,2999,4345,4467,122
Truck482539,3331,3239,4435,4467,32
Truck480403,1338,3238,3845,4468,623
Truck482182,2822,3121,4335,4468,133
Truck482348,2437,2999,4385,4468,83
Truck481775,3121,2821,4225,4469,244
Truck482276,2437,2822,4365,4469,104
Truck481940,2225,2437,4270,4470,200
Truck482413,3331,1338,4400,4470,70
Truck480619,1338,1339,3905,4471,566
Truck481607,2998,0,4175,4471,296
Truck481752,0,2821,4220,4471,251
Truck481990,2999,2224,4285,4471,186
Truck482033,2224,2656,4295,4471,176
Truck481234,2999,1338,4075,4472,397
Truck482035,3331,1339,4295,4472,177
Truck482469,2821,2656,4415,4472,57
Truck480583,1338,3239,3895,4473,578
Truck481580,2225,2821,4170,4473,303
Truck481847,3121,3122,4245,4473,228
Truck481927,3331,3238,4265,4473,208
Truck481273,3238,2224,4085,4474,389
Truck481793,3121,2998,4230,4474,244
Truck482030,2225,3121,4295,4474,179
Truck482294,2437,2656,4370,4474,104
Truck482461,3238,1339,4415,4474,59
Truck482538,3239,2436,4435,4474,39
Truck482249,2224,2821,4355,4475,120
Truck482253,2821,2224,4355,4475,120
Truck481681,1338,2225,4200,4476,276
Truck481770,0,2822,4225,4476,251
Truck482008,2999,2822,4290,4476,186
Truck481129,3238,2436,4045,4477,432
Truck482052,3239,3238,4300,4477,177
Truck481293,2436,2821,4090,4478,388
Truck481945,3331,3238,4270,4478,208
Truck482302,1339,2655,4370,4478,108
Truck482324,2656,2998,4375,4478,103
Truck481051,1338,3121,4025,4479,454
Truck481811,3121,3331,4235,4479,244
Truck481839,2821,1339,4240,4479,239
Truck482312,2437,2821,4375,4479,104
Truck482482,1339,3238,4420,4479,59
Truck482556,3239,2225,4440,4479,39
Truck481788,0,2822,4230,4480,250
Truck482046,3122,3331,4300,4480,180
Truck482298,3122,2655,4370,4480,110
Truck482449,3331,2999,4410,4480,70
Truck482176,1339,3239,4335,4481,146
Truck481865,3121,1339,4250,4482,232
Truck482223,2655,2822,4350,4482,132
Truck482235,2821,2999,4350,4482,132
Truck482374,1339,2437,4390,4482,92
Truck481305,2655,2436,4095,4483,388
Truck481616,2225,2821,4180,4483,303
Truck481943,2224,3239,4270,4483,213
Truck482061,2655,2998,4305,4483,178
Truck482071,3331,3122,4305,4483,178
Truck482075,2998,2999,4305,4483,178
Truck482178,3239,3122,4335,4483,148
Truck481741,3238,2822,4215,4484,269
Truck481829,3121,2655,4240,4484,244
Truck482447,2224,2822,4410,4484,74
Truck482574,3239,3121,4445,4484,39
Truck481589,2998,3238,4170,4485,315
Truck482467,3331,1338,4415,4485,70
Truck480998,2437,1338,4010,4486,476
Truck481809,2655,2224,4235,4486,251
Truck482040,0,2999,4300,4486,186
Truck482044,2999,2656,4300,4486,186
Truck482196,3239,1339,4340,4486,146
Truck482702,2656,3331,4480,4486,6
Truck481634,2225,0,4185,4487,302
Truck481686,3122,2998,4200,4487,287
Truck481724,2225,1338,4210,4487,277
Truck482241,2655,2821,4355,4487,132
Truck482254,2822,2436,4355,4487,132
Truck482611,3331,3239,4455,4487,32
Truck480637,1338,3239,3910,4488,578
Truck480639,2655,1338,3910,4488,578
Truck482341,3331,2998,4380,4488,108
Truck482592,3239,2655,4450,4489,39
Truck481768,2822,3238,4220,4490,270
Truck482515,3238,3122,4430,4490,60
Truck482062,2999,2655,4305,4491,186
Truck482105,2224,2656,4315,4491,176
Truck482225,3121,2437,4350,4491,141
Truck482468,2656,1338,4415,4491,76
Truck481652,2225,0,4190,4492,302
Truck482521,3331,2821,4430,4492,62
Truck482698,1339,0,4480,4492,12
Truck481347,2436,2655,4105,4493,388
Truck481401,2436,3122,4120,4493,373
Truck482272,2822,2225,4360,4493,133
Truck482366,2437,3331,4390,4494,104
Truck482489,2998,2224,4420,4494,74
Truck482610,3239,2437,4455,4494,39
Truck482734,1339,3122,4490,4494,4
Truck482325,2821,2224,4375,4495,120
Truck481708,1339,2225,4205,4496,291
Truck481842,0,2822,4245,4496,251
Truck482080,2999,2655,4310,4496,186
Truck482230,1339,3239,4350,4496,146
Truck482416,2822,3239,4400,4496,96
Truck482507,2998,2822,4425,4496,71
Truck481365,2436,2998,4110,4497,387
Truck481884,3122,2821,4255,4497,242
Truck482420,2437,1339,4405,4497,92
Truck482428,1339,2437,4405,4497,92
Truck480672,0,1338,3920,4498,578
Truck481670,2225,2655,4195,4498,303
Truck481722,3122,2225,4210,4498,288
Truck481937,3121,3122,4270,4498,228
Truck482000,2656,3238,4285,4498,213
Truck482129,2998,2999,4320,4498,178
Truck482184,0,3239,4340,4498,158
Truck482396,2656,2998,4395,4498,103
Truck481883,3121,2656,4255,4499,244
Truck481911,2821,1339,4260,4499,239
Truck482076,0,3331,4310,4499,189
Truck482384,2437,2821,4395,4499,104
Truck482628,3239,2999,4460,4499,39
Truck481875,2821,0,4250,4500,250
Truck482430,3239,2821,4405,4500,95
Truck482094,0,2999,4315,4501,186
Truck482098,2999,3239,4315,4501,186
Truck482258,2437,3121,4360,4501,141
Truck482504,2656,2655,4425,4501,76
Truck482525,2998,2822,4430,4501,71
Truck482756,2656,3331,4495,4501,6
Truck481383,2436,2998,4115,4502,387
Truck482026,2999,2436,4295,4502,207
Truck482143,3331,1339,4325,4502,177
Truck482295,2655,2821,4370,4502,132
Truck482307,2821,2655,4370,4502,132
Truck480529,1338,3238,3880,4503,623
Truck480535,3238,1338,3880,4503,623
Truck480691,1338,3239,3925,4503,578
Truck480693,2655,1338,3925,4503,578
Truck481688,2225,2821,4200,4503,303
Truck482250,3239,3122,4355,4503,148
Truck482281,3238,2655,4365,4503,138
Truck482308,2822,2437,4370,4503,133
Truck481901,3121,2998,4260,4504,244
Truck482519,2224,2998,4430,4504,74
Truck482646,3239,2655,4465,4504,39
Truck481493,2224,3122,4145,4505,360
Truck482448,3239,2822,4410,4505,95
Truck481789,1338,2225,4230,4506,276
Truck481889,2224,2436,4255,4506,251
Truck481954,2999,3238,4275,4506,231
Truck482116,2999,2998,4320,4506,186
Truck481706,2225,0,4205,4507,302
Truck482326,2822,3121,4375,4507,132
Truck482350,2999,2225,4385,4507,122
Truck482542,2822,2998,4435,4507,72
Truck482683,3331,3239,4475,4507,32
Truck480709,1338,2224,3930,4508,578
Truck481920,3122,2822,4265,4508,243
Truck482144,2656,1339,4325,4508,183
Truck482165,2998,2225,4330,4508,178
Truck482220,0,3239,4350,4508,158
Truck482112,0,3331,4320,4509,189
Truck482587,3238,1339,4450,4509,59
Truck482664,3239,3121,4470,4509,39
Truck482529,2655,2656,4435,4510,75
Truck481255,3238,2436,4080,4511,431
Truck481419,2436,0,4125,4511,386
Truck481840,2822,3238,4240,4511,271
Truck481896,0,2821,4260,4511,251
Truck482540,2656,2437,4435,4511,76
Truck482748,3122,0,4495,4511,16
Truck481938,3122,2822,4270,4512,242
Truck482190,3122,2999,4340,4512,172
Truck480729,2655,1338,3935,4513,578
Truck482051,2224,3239,4300,4513,213
Truck482054,2656,3238,4300,4513,213
Truck482183,2998,2437,4335,4513,178
Truck482344,2822,2999,4380,4513,133
Truck482438,2437,0,4410,4513,103
Truck482421,2655,3122,4405,4514,109
Truck482555,2224,2822,4440,4514,74
Truck482682,3239,2225,4475,4514,39
Truck482806,1339,3122,4510,4514,4
Truck482096,2437,2225,4315,4515,200
Truck482575,3331,1338,4445,4515,70
Truck482198,2656,2224,4340,4516,176
Truck482760,0,3122,4500,4516,16
Truck481437,2436,2822,4130,4517,387
Truck482361,2821,1338,4385,4517,132
Truck482386,2999,2225,4395,4517,122
Truck482161,3331,0,4330,4518,188
Truck482201,2998,1338,4340,4518,178
Truck482362,2822,1338,4385,4518,133
Truck481199,3121,1338,4065,4519,454
Truck481439,2224,3238,4130,4519,389
Truck481955,3121,2822,4275,4519,244
Truck482623,3238,1339,4460,4519,59
Truck482400,0,2655,4400,4520,120
Truck480799,1338,1339,3955,4521,566
Truck481509,2436,3122,4150,4521,371
Truck482170,2999,2224,4335,4521,186
Truck482322,3239,1339,4375,4521,146
Truck482330,2437,3121,4380,4521,141
Truck481455,2436,2224,4135,4522,387
Truck481598,2225,3238,4175,4522,347
Truck482380,2822,2436,4390,4522,132
Truck480763,1338,2822,3945,4523,578
Truck481760,2225,2655,4220,4523,303
Truck481812,3122,2225,4235,4523,288
Truck482212,1339,3331,4345,4523,178
Truck482219,2998,1338,4345,4523,178
Truck482486,2656,2998,4420,4523,103
Truck481213,1338,3121,4070,4524,454
Truck481973,3121,2655,4280,4524,244
Truck482162,2656,0,4330,4524,194
Truck482474,2437,2822,4420,4524,104
Truck482597,2998,2224,4450,4524,74
Truck481518,0,2224,4155,4525,370
Truck481841,2998,1339,4240,4525,285
Truck482520,3239,2821,4430,4525,95
Truck481473,2436,2224,4140,4526,386
Truck481894,2822,3238,4255,4526,271
Truck482188,2999,2656,4340,4526,186
Truck482340,3239,1339,4380,4526,146
Truck482594,2656,2999,4450,4526,76
Truck482705,2998,2821,4480,4526,46
Truck481992,3122,2821,4285,4527,242
Truck482213,2224,3331,4345,4527,182
Truck482667,2821,2656,4470,4527,57
Truck482757,2821,2822,4495,4527,32
Truck482824,1339,0,4515,4527,12
Truck481527,2436,3122,4155,4528,373
Truck481778,2225,3331,4225,4528,303
Truck482237,2998,2437,4350,4528,178
Truck482334,3122,3239,4380,4528,148
Truck482758,2822,2821,4495,4528,33
Truck482216,2656,3122,4345,4529,184
Truck482492,2437,2821,4425,4529,104
Truck482609,2224,2998,4455,4529,74
Truck482736,3239,2655,4490,4529,39
Truck482601,2655,2656,4455,4530,75
Truck482629,3331,2437,4460,4530,70
Truck482206,2999,2821,4345,4531,186
Truck482616,0,3238,4460,4531,71
Truck482403,2655,2822,4400,4532,132
Truck482554,1339,2437,4440,4532,92
Truck482773,3331,3239,4500,4532,32
Truck481849,3238,3121,4245,4533,288
Truck481921,3238,2822,4265,4533,268
Truck482564,2437,3122,4445,4533,88
Truck481253,3121,1338,4080,4534,454
Truck482004,0,3121,4290,4534,244
Truck482009,3121,2821,4290,4534,244
Truck482457,2655,0,4415,4534,119
Truck482510,2437,2821,4430,4534,104
Truck482754,3239,2225,4495,4534,39
Truck482002,2822,0,4285,4535,250
Truck482454,0,2655,4415,4535,120
Truck481997,2224,2655,4285,4536,251
Truck482630,2656,2436,4460,4536,76
Truck482881,3331,2656,4530,4536,6
Truck482433,2821,2655,4405,4537,132
Truck482434,2822,2225,4405,4537,132
Truck482850,0,1339,4525,4537,12
Truck480817,1338,3239,3960,4538,578
Truck481814,2225,2822,4235,4538,303
Truck482273,2998,2225,4360,4538,178
Truck482790,3239,3331,4505,4538,33
Truck482082,3122,3121,4310,4539,229
Truck482284,1339,2999,4365,4539,174
Truck481619,2224,3122,4180,4540,360
Truck481888,1339,2998,4255,4540,285
Truck482055,2821,3122,4300,4540,240
Truck482007,2655,2224,4290,4541,251
Truck482242,2999,2822,4355,4541,186
Truck482394,3239,1339,4395,4541,146
Truck482412,3239,2998,4400,4541,141
Truck482648,2656,3121,4465,4541,76
Truck482669,2998,2822,4470,4541,71
Truck482856,3122,0,4525,4541,16
Truck481486,2999,1338,4145,4542,397
Truck480835,1338,2656,3965,4543,578
Truck481832,2225,2821,4240,4543,303
Truck482291,2998,2225,4365,4543,178
Truck482425,3238,2655,4405,4543,138
Truck482812,2822,2821,4510,4543,33
Truck481529,2224,3238,4155,4544,389
Truck481601,2224,0,4175,4544,369
Truck482045,3121,3331,4300,4544,244
Truck481590,0,2224,4175,4545,370
Truck481637,2224,3122,4185,4545,360
Truck482505,2821,2224,4425,4545,120
Truck481214,2437,1338,4070,4546,476
Truck481632,3122,2224,4185,4546,361
Truck482410,1339,3239,4400,4546,146
Truck482666,2656,2999,4470,4546,76
Truck482687,2998,2822,4475,4546,71
Truck480898,1339,1338,3980,4547,567
Truck482376,3239,0,4390,4547,157
Truck482470,2822,2655,4415,4547,132
Truck482738,2656,2821,4490,4547,57
Truck481536,0,2436,4160,4548,388
Truck481850,2225,2822,4245,4548,303
Truck482364,0,3239,4390,4548,158
Truck482439,2655,3238,4410,4548,138
Truck482547,2655,1339,4440,4548,108
Truck482618,2437,3122,4460,4548,88
Truck481975,3238,2822,4280,4549,269
Truck482063,3121,2998,4305,4549,244
Truck482731,3238,1339,4490,4549,59
Truck481995,2436,3121,4285,4550,265
Truck482228,2225,2437,4350,4550,200
Truck482691,2655,3331,4480,4550,70
Truck482701,3331,2437,4480,4550,70
Truck481563,2436,2998,4165,4551,386
Truck481906,1339,2225,4260,4551,291
Truck482092,2822,3122,4310,4551,241
Truck480871,1338,2655,3975,4553,578
Truck481868,2225,3239,4250,4553,303
Truck482081,3121,0,4310,4553,243
Truck482320,1339,3331,4375,4553,178
Truck482382,0,3239,4395,4553,158
Truck482579,2998,3331,4445,4553,108
Truck482642,2225,2436,4465,4553,88
Truck482817,2655,3239,4515,4553,38
Truck482826,3239,2656,4515,4553,38
Truck482013,2436,3121,4290,4554,264
Truck482338,1339,2999,4380,4554,174
Truck482582,2437,2655,4450,4554,104
Truck482631,2821,3239,4460,4554,94
Truck482316,3122,3331,4375,4555,180
Truck482719,3331,3121,4485,4555,70
Truck482069,2224,2225,4305,4556,251
Truck482723,2998,2822,4485,4556,71
Truck481540,2999,1338,4160,4557,397
Truck481581,2436,3239,4170,4557,387
Truck481886,2225,0,4255,4557,302
Truck482352,3122,2999,4385,4557,172
Truck480727,1338,3238,3935,4558,623
Truck482099,3121,0,4315,4558,243
Truck482122,1339,2822,4320,4558,238
Truck482153,3121,3122,4330,4558,228
Truck482305,3331,0,4370,4558,188
Truck482345,2998,2655,4380,4558,178
Truck482097,2655,3121,4315,4559,244
Truck482154,3122,3121,4330,4559,229
Truck482506,2822,2436,4425,4559,134
Truck482087,2224,2655,4310,4561,251
Truck482314,2999,2998,4375,4561,186
Truck482720,2656,2436,4485,4561,76
Truck480907,1338,0,3985,4562,577
Truck481742,2225,3238,4215,4562,347
Truck482654,2437,1339,4470,4562,92
Truck482740,2822,2998,4490,4562,72
Truck482775,2821,3331,4500,4562,62
Truck480751,3238,1338,3940,4563,623
Truck480909,2655,1338,3985,4563,578
Truck481904,2225,2655,4260,4563,303
Truck482171,3121,3122,4335,4563,228
Truck482359,3331,3122,4385,4563,178
Truck482363,2998,2436,4385,4563,178
Truck482460,3122,3239,4415,4563,148
Truck482524,2822,2655,4430,4563,133
Truck482633,2998,2656,4460,4563,103
Truck481597,3238,2224,4175,4564,389
Truck482029,3238,2822,4295,4564,269
Truck482776,2822,3331,4500,4564,64
Truck481949,2998,0,4270,4566,296
Truck482332,2999,2655,4380,4566,186
Truck481617,2436,2822,4180,4567,387
Truck481699,1338,2436,4205,4567,362
Truck482012,2225,1338,4290,4567,277
Truck482136,3122,2821,4325,4567,242
Truck482541,2821,1338,4435,4567,132
Truck480925,1338,3331,3990,4568,578
Truck482135,3121,2998,4325,4569,244
Truck482636,2437,3239,4465,4569,104
Truck481680,0,2224,4200,4570,370
Truck482003,2998,1339,4285,4570,285
Truck482591,2224,2821,4450,4570,120
Truck482745,2655,2656,4495,4570,75
Truck481635,2436,2655,4185,4571,386
Truck482115,2655,2224,4320,4571,251
Truck482123,2224,3121,4320,4571,251
Truck482560,2822,2437,4440,4572,132
Truck480942,0,1338,3995,4573,578
Truck480943,1338,2656,3995,4573,578
Truck480945,2655,1338,3995,4573,578
Truck482207,3121,3122,4345,4573,228
Truck482287,3331,3238,4365,4573,208
Truck482399,2998,1338,4395,4573,178
Truck482006,2437,2436,4290,4574,284
Truck482208,3122,3121,4345,4574,229
Truck482387,3121,2225,4395,4574,179
Truck482637,2655,3122,4465,4574,109
Truck482898,3239,1338,4535,4574,39
Truck482181,2821,3122,4335,4575,240
Truck482700,3239,2821,4480,4575,95
Truck481740,3122,2224,4215,4576,361
Truck482146,2822,0,4325,4576,251
Truck482368,2999,0,4390,4576,186
Truck482565,2655,2822,4445,4576,131
Truck483018,3122,1339,4570,4576,6
Truck482296,2999,2436,4370,4577,207
Truck482577,2821,3121,4445,4577,132
Truck482606,2225,2999,4455,4577,122
Truck480805,3238,1338,3955,4578,623
Truck480961,1338,2998,4000,4578,578
Truck481958,2225,2822,4275,4578,303
Truck482417,2998,2436,4400,4578,178
Truck482514,3122,3239,4430,4578,148
Truck482578,2822,2437,4445,4578,133
Truck482672,2437,0,4475,4578,103
Truck482848,2822,2656,4520,4578,58
Truck482907,2655,3239,4540,4578,38
Truck482194,1339,2822,4340,4579,239
Truck482746,2999,2437,4495,4579,84
Truck482916,3239,3121,4540,4579,39
Truck482199,2821,3122,4340,4580,240
Truck482809,3331,2999,4510,4580,70
Truck482159,2224,2437,4330,4581,251
Truck482792,2656,2999,4505,4581,76
Truck482813,2998,2822,4510,4581,71
Truck481671,2436,2224,4195,4582,387
Truck482431,3331,1339,4405,4582,177
Truck482595,2821,3121,4450,4582,132
Truck482838,3122,3238,4520,4582,62
Truck480979,1338,2822,4005,4583,578
Truck481968,0,2225,4280,4583,303
Truck481976,2225,2656,4280,4583,303
Truck482596,2822,2225,4450,4583,133
Truck482414,2656,3122,4400,4584,184
Truck482426,2225,3121,4405,4584,179
Truck482446,1339,2999,4410,4584,174
Truck482690,2437,2822,4480,4584,104
Truck482739,2821,3239,4490,4584,94
Truck482764,2999,2437,4500,4584,84
Truck482934,3239,1338,4545,4584,39
Truck481734,0,2224,4215,4585,370
Truck482057,2998,1339,4300,4585,285
Truck482354,2225,2437,4385,4585,200
Truck482406,3122,2656,4400,4585,185
Truck482440,2999,1339,4410,4585,175
Truck482827,3331,1338,4515,4585,70
Truck482166,0,2822,4335,4586,251
Truck480997,1338,0,4010,4587,577
Truck481525,3238,2436,4155,4587,432
Truck481648,2999,1338,4190,4587,397
Truck482613,2821,2436,4455,4587,132
Truck482638,2999,2225,4465,4587,122
Truck482973,2821,2822,4555,4587,32
Truck481689,2436,2998,4200,4588,388
Truck481994,2225,2998,4285,4588,303
Truck482453,2998,2436,4410,4588,178
Truck482614,2822,1338,4455,4589,134
Truck482845,3331,2437,4520,4590,70
Truck481543,3238,2436,4160,4591,431
Truck481794,3122,2224,4230,4591,361
Truck482195,2224,1338,4340,4591,251
Truck482422,2999,2224,4405,4591,186
Truck481060,1339,1338,4025,4592,567
Truck481545,2436,3238,4160,4592,432
Truck482102,2225,1338,4315,4592,277
Truck482226,3122,2822,4350,4592,242
Truck482266,1339,3121,4360,4592,232
Truck482632,2822,2437,4460,4592,132
Truck481015,1338,3239,4015,4593,578
Truck481707,2436,2822,4205,4593,388
Truck482339,2224,3239,4380,4593,213
Truck482450,2656,1339,4410,4593,183
Truck482471,2998,2437,4415,4593,178
Truck482961,2655,3239,4555,4593,38
Truck481465,1338,3121,4140,4594,454
Truck482726,2437,2821,4490,4594,104
Truck481393,1338,2437,4120,4595,475
Truck482863,3331,2225,4525,4595,70
Truck481815,2436,1338,4235,4596,361
Truck482804,2225,2436,4510,4596,86
Truck482955,2821,2998,4550,4596,46
Truck483048,0,3122,4580,4596,16
Truck481725,2436,2656,4210,4597,387
Truck482084,2225,3122,4310,4597,287
Truck482674,2999,2225,4475,4597,122
Truck482899,3331,2821,4535,4597,62
Truck481032,0,1338,4020,4598,578
Truck481033,1338,2821,4020,4598,578
Truck482243,3121,0,4355,4598,243
Truck481723,3238,2224,4210,4599,389
Truck482432,2656,0,4405,4599,194
Truck482111,2998,1339,4315,4600,285
Truck481830,3122,2224,4240,4601,361
Truck482231,2224,2436,4350,4601,251
Truck482885,2998,2822,4530,4601,71
Truck482297,3121,1339,4370,4602,232
Truck482503,3331,1339,4425,4602,177
Truck482936,2656,2822,4545,4602,57
Truck482261,3121,0,4360,4603,243
Truck482605,3238,2437,4455,4603,148
Truck482173,3238,2822,4335,4604,269
Truck482021,2998,3238,4290,4605,315
Truck482121,2436,2437,4320,4605,285
Truck482193,2436,3121,4340,4605,265
Truck482317,3238,2999,4375,4605,230
Truck482889,2655,3331,4535,4605,70
Truck482104,1339,2225,4315,4606,291
Truck482476,2999,0,4420,4606,186
Truck482626,1339,3239,4460,4606,146
Truck481761,2436,2656,4220,4607,387
Truck482501,2224,3331,4425,4607,182
Truck482685,2821,2655,4475,4607,132
Truck483043,3331,3239,4575,4607,32
Truck481069,1338,3331,4030,4608,578
Truck482066,2225,2655,4305,4608,303
Truck482117,3121,3238,4320,4608,288
Truck482686,2822,2436,4475,4608,133
Truck482780,2437,2821,4505,4609,104
Truck483024,3239,2655,4570,4609,39
Truck482039,2998,3238,4295,4610,315
Truck482444,2225,2437,4410,4610,200
Truck482735,2224,2821,4490,4610,120
Truck481779,2436,3331,4225,4611,386
Truck482147,2998,3122,4325,4611,286
Truck482267,2224,2999,4360,4611,251
Truck482490,0,2999,4425,4611,186
Truck482493,2655,2999,4425,4611,186
Truck482900,2656,3121,4535,4611,76
Truck482921,2998,2822,4540,4611,71
Truck483108,3122,0,4595,4611,16
Truck482834,2437,1339,4520,4612,92
Truck482946,3122,3238,4550,4612,62
Truck482411,2224,3239,4400,4613,213
Truck482518,1339,2656,4430,4613,183
Truck482798,2437,0,4510,4613,103
Truck483042,3239,2437,4575,4614,39
Truck482742,0,2655,4495,4615,120
Truck482935,3331,2655,4545,4615,70
Truck481466,2437,1338,4140,4616,476
Truck482285,2224,1338,4365,4616,251
Truck482511,2655,2999,4430,4616,186
Truck482512,2999,2821,4430,4616,186
Truck482877,2436,2225,4530,4616,86
Truck482918,2656,2225,4540,4616,76
Truck483162,3122,1339,4610,4616,6
Truck482218,2822,3238,4345,4617,272
Truck482557,3331,1339,4440,4617,177
Truck482721,2821,2655,4485,4617,132
Truck483081,2821,2822,4585,4617,32
Truck481105,1338,2655,4040,4618,578
Truck482536,1339,2656,4435,4618,183
Truck482561,2998,3121,4440,4618,178
Truck482722,2822,3121,4485,4618,133
Truck483051,2655,3239,4580,4618,38
Truck482315,3121,2224,4375,4619,244
Truck482572,1339,2999,4445,4619,174
Truck482816,2437,2822,4515,4619,104
Truck482939,2998,2224,4545,4619,74
Truck483060,3239,2437,4580,4619,39
Truck481483,1338,2437,4145,4620,475
Truck482303,2224,2436,4370,4621,251
Truck482526,0,2999,4435,4621,186
Truck482584,2999,3122,4450,4621,171
Truck482878,1339,2437,4530,4622,92
Truck482981,3121,2999,4560,4622,62
Truck483099,2821,2822,4590,4622,32
Truck483156,0,1339,4610,4622,12
Truck480967,3238,1338,4000,4623,623
Truck481123,1338,2656,4045,4623,578
Truck481925,2224,1339,4265,4623,358
Truck482120,2225,3239,4320,4623,303
Truck482980,2999,3121,4560,4623,63
Truck483080,2656,3239,4585,4623,38
Truck483001,3238,1339,4565,4624,59
Truck482093,2998,3238,4310,4625,315
Truck482498,2225,2437,4425,4625,200
Truck482550,3122,2656,4440,4625,185
Truck482778,0,2655,4505,4625,120
Truck482913,2436,2225,4540,4625,85
Truck482971,3331,2655,4555,4625,70
Truck482321,2224,2999,4375,4626,251
Truck482718,3239,2998,4485,4626,141
Truck482954,2656,2225,4550,4626,76
Truck481833,2436,0,4240,4627,387
Truck482593,3331,1339,4450,4627,177
Truck483174,0,1339,4615,4627,12
Truck481141,1338,2821,4050,4628,578
Truck482138,2225,2821,4325,4628,303
Truck482189,3121,3238,4340,4628,288
Truck482583,2655,2998,4450,4628,178
Truck482590,1339,3331,4450,4628,178
Truck482727,2655,3238,4490,4628,138
Truck481907,2224,0,4260,4629,369
Truck482204,2437,2436,4345,4629,284
Truck482351,3121,2655,4385,4629,244
Truck482576,2656,3122,4445,4629,184
Truck482799,2655,0,4510,4629,119
Truck482852,2437,2822,4525,4629,104
Truck482969,2224,2998,4555,4629,74
Truck483096,3239,1338,4590,4629,39
Truck481887,2436,1339,4255,4630,375
Truck482101,3238,2998,4315,4630,315
Truck482379,2821,3122,4390,4630,240
Truck482989,3331,1338,4560,4630,70
Truck482331,2655,2224,4380,4631,251
Truck482404,2999,3238,4400,4631,231
Truck482494,2999,2436,4425,4631,206
Truck482566,2999,2822,4445,4631,186
Truck482729,3121,2437,4490,4631,141
Truck482972,2656,2225,4555,4631,76
Truck483224,2656,3331,4625,4631,6
Truck481851,2436,3239,4245,4632,387
Truck482370,3122,2821,4390,4632,242
Truck482499,2436,2999,4425,4632,207
Truck482763,2655,2821,4500,4632,132
Truck482992,2822,2998,4560,4632,72
Truck483027,2821,3331,4570,4632,62
Truck481159,1338,3331,4055,4633,578
Truck482156,2225,2822,4330,4633,303
Truck482423,3121,3122,4405,4633,228
Truck482615,2998,2225,4455,4633,178
Truck482670,0,3239,4475,4633,158
Truck482867,2998,3331,4525,4633,108
Truck481853,2224,3238,4245,4634,389
Truck482397,2821,3122,4395,4635,240
Truck482398,2822,1339,4395,4635,240
Truck482544,0,2656,4440,4635,195
Truck482759,2998,3239,4495,4635,140
Truck481869,2436,2821,4250,4636,386
Truck482990,2656,2436,4560,4636,76
Truck482818,2999,2225,4515,4637,122
Truck483210,0,1339,4625,4637,12
Truck481177,1338,2998,4060,4638,578
Truck482174,2225,2998,4335,4638,303
Truck482227,3238,3121,4350,4638,288
Truck482903,2998,2656,4535,4638,103
Truck481867,3238,2224,4250,4639,389
Truck481871,2224,3238,4250,4639,389
Truck482240,2437,2436,4355,4639,284
Truck482415,2821,1339,4400,4639,239
Truck482612,2656,3122,4455,4639,184
Truck482644,1339,2999,4465,4639,174
Truck482888,2437,2822,4535,4639,104
Truck482962,2999,2437,4555,4639,84
Truck482299,3238,2821,4370,4640,270
Truck482443,3238,2999,4410,4640,230
Truck482622,3122,3331,4460,4640,180
Truck482375,2224,1338,4390,4641,251
Truck482602,2999,2655,4455,4641,186
Truck482762,2437,3121,4500,4641,141
Truck483008,2656,1338,4565,4641,76
Truck481195,1338,0,4065,4642,577
Truck482192,2225,2822,4340,4643,303
Truck482647,3331,3122,4465,4643,178
Truck482706,0,3239,4485,4643,158
Truck482904,0,2437,4540,4643,103
Truck482405,3121,2821,4400,4644,244
Truck482662,1339,2999,4470,4644,174
Truck482906,2437,2224,4540,4644,104
Truck481905,2436,2224,4260,4646,386
Truck482393,2224,1338,4395,4646,251
Truck482458,2999,3238,4415,4646,231
Truck483026,2656,2436,4570,4646,76
Truck481743,2436,3238,4215,4647,432
Truck482047,3238,2225,4300,4647,347
Truck482665,3331,3122,4470,4648,178
Truck481663,1338,3121,4195,4649,454
Truck482418,0,3121,4405,4649,244
Truck482998,2999,2437,4565,4649,84
Truck483082,2822,3331,4585,4649,64
Truck483168,3239,2437,4610,4649,39
Truck482335,3238,2821,4380,4650,270
Truck482598,0,2656,4455,4650,195
Truck483252,3122,0,4635,4651,16
Truck481759,3238,2436,4220,4652,432
Truck481917,2655,2436,4265,4652,387
Truck481923,2436,2998,4265,4652,387
Truck482847,2821,2655,4520,4652,132
Truck482369,3121,2436,4390,4653,263
Truck482680,1339,3331,4475,4653,178
Truck483188,2656,3239,4615,4653,38
Truck482441,3121,2998,4410,4654,244
Truck482942,2437,3239,4550,4654,104
Truck483065,2998,2224,4580,4654,74
Truck483186,3239,3121,4615,4654,39
Truck481609,1338,2437,4180,4655,475
Truck481986,0,2224,4285,4655,370
Truck482353,3238,2821,4385,4655,270
Truck482600,2437,2225,4455,4655,200
Truck482988,3239,2821,4560,4655,95
Truck483073,3238,0,4585,4655,70
Truck483079,3331,2225,4585,4655,70
Truck482655,2655,2999,4470,4656,186
Truck482656,2999,2655,4470,4656,186
Truck483062,2656,1338,4580,4656,76
Truck481941,2436,3239,4270,4657,387
Truck482853,2655,2822,4525,4657,132
Truck482246,2225,2822,4355,4658,303
Truck482569,3238,2656,4445,4658,213
Truck482866,2822,2999,4525,4658,133
Truck482953,3331,2998,4550,4658,108
Truck482459,3121,2822,4415,4659,244
Truck482693,3121,2225,4480,4659,179
Truck482716,1339,2999,4485,4659,174
Truck482960,2437,2998,4555,4659,104
Truck483077,2224,2998,4585,4659,74
Truck483118,2822,3331,4595,4659,64
Truck483204,3239,2437,4620,4659,39
Truck483097,3331,2436,4590,4660,70
Truck482436,0,2822,4410,4661,251
Truck481797,2436,3238,4230,4662,432
Truck482883,2821,2225,4530,4662,132
Truck483135,2821,3331,4600,4662,62
Truck481111,3238,1338,4040,4663,623
Truck481267,1338,2822,4085,4663,578
Truck482264,2225,2998,4360,4663,303
Truck482978,2437,0,4560,4663,103
Truck481721,3121,1338,4210,4664,454
Truck483222,3239,2655,4625,4664,39
Truck483346,1339,3122,4660,4664,4
Truck482067,2436,1338,4305,4665,360
Truck482533,3238,2999,4435,4665,230
Truck482937,2821,2224,4545,4665,120
Truck481977,2436,0,4280,4666,386
Truck482530,2999,3238,4435,4666,231
Truck482692,2999,2656,4480,4666,186
Truck483098,2656,2437,4590,4666,76
Truck483102,0,3238,4595,4666,71
Truck482282,2225,0,4365,4667,302
Truck482292,0,2998,4370,4667,297
Truck482336,2225,3122,4380,4667,287
Truck482737,3331,1339,4490,4667,177
Truck482901,2821,2437,4535,4667,132
Truck482333,3121,3238,4380,4668,288
Truck482741,2998,2436,4490,4668,178
Truck482844,3239,3122,4520,4668,148
Truck483170,2656,2822,4610,4668,58
Truck483231,2655,3239,4630,4668,38
Truck481979,2224,3238,4280,4669,389
Truck482086,1339,2224,4310,4669,359
Truck482979,2655,3122,4560,4669,109
Truck483240,3239,1338,4630,4669,39
Truck483364,1339,3122,4665,4669,4
Truck482356,1339,2998,4385,4670,285
Truck482032,1339,2436,4295,4671,376
Truck482710,2999,2224,4485,4671,186
Truck483137,2998,2822,4600,4671,71
Truck482488,2822,0,4420,4672,252
Truck481303,1338,3331,4095,4673,578
Truck482300,2225,3239,4370,4673,303
Truck482862,3239,3122,4525,4673,148
Truck483086,2437,2999,4590,4673,83
Truck483280,2822,2821,4640,4673,33
Truck482513,3121,2822,4430,4674,244
Truck482568,3122,3121,4445,4674,229
Truck483014,2437,2655,4570,4674,104
Truck483181,3238,1339,4615,4674,59
Truck483258,3239,1338,4635,4674,39
Truck482381,2998,1339,4390,4675,285
Truck482661,2436,2999,4470,4675,205
Truck483064,2822,3239,4580,4675,95
Truck482728,2999,3239,4490,4676,186
Truck483386,2656,3331,4670,4676,6
Truck481321,1338,0,4100,4677,577
Truck482313,2655,2225,4375,4677,302
Truck482755,3331,2224,4495,4677,182
Truck482772,3239,3238,4500,4677,177
Truck481320,0,1338,4100,4678,578
Truck482777,2998,1338,4500,4678,178
Truck483025,3331,2998,4570,4678,108
Truck483044,2656,2998,4575,4678,103
Truck482531,3121,2822,4435,4679,244
Truck482788,1339,2999,4505,4679,174
Truck482392,1339,2998,4395,4680,285
Truck482782,2999,1339,4505,4680,175
Truck483169,3331,2436,4610,4680,70
Truck482031,2436,2822,4295,4681,386
Truck482372,2225,1339,4390,4681,291
Truck482508,0,2821,4430,4681,251
Truck482800,2999,3122,4510,4681,171
Truck482896,1339,3239,4535,4681,146
Truck483173,2998,2822,4610,4681,71
Truck482388,3122,2998,4395,4682,287
Truck483315,2821,2822,4650,4682,32
Truck481339,1338,2998,4105,4683,578
Truck482477,3121,2436,4420,4683,263
Truck482677,3238,3331,4475,4683,208
Truck482781,2655,2998,4505,4683,178
Truck482956,2822,2225,4550,4683,133
Truck482774,2656,3122,4500,4684,184
Truck483050,2437,2656,4580,4684,104
Truck483418,1339,3122,4680,4684,4
Truck482708,2437,2225,4485,4685,200
Truck483187,3331,3121,4615,4685,70
Truck482139,2436,1338,4325,4686,361
Truck482537,2224,2655,4435,4686,251
Truck482810,2656,2224,4510,4686,176
Truck481402,1339,1338,4120,4687,567
Truck482349,2655,2225,4385,4687,302
Truck482791,3331,2224,4505,4687,182
Truck482808,3239,3238,4510,4687,177
Truck482820,3122,2999,4515,4687,172
Truck482880,3239,0,4530,4687,157
Truck482974,2822,3121,4555,4687,132
Truck483242,2656,2822,4630,4687,57
Truck483331,3331,3239,4655,4687,32
Truck483333,2821,2822,4655,4687,32
Truck482495,3121,2436,4425,4688,263
Truck482684,2656,3238,4475,4688,213
Truck483061,3331,2998,4580,4688,108
Truck483083,2998,2656,4585,4688,103
Truck483122,2437,3122,4600,4688,88
Truck483226,2822,3331,4625,4688,63
Truck483330,3239,3331,4655,4688,33
Truck482567,3121,2998,4445,4689,244
Truck483068,2437,3331,4585,4689,104
Truck483117,2821,3239,4595,4689,94
Truck483312,3239,2655,4650,4689,39
Truck482957,2998,3239,4550,4690,140
Truck483114,3239,2821,4595,4690,95
Truck482620,2999,3238,4460,4691,231
Truck482836,2999,3122,4520,4691,171
Truck483432,3122,1339,4685,4691,6
Truck482209,3238,2225,4345,4692,347
Truck482621,3121,1339,4460,4692,232
Truck482991,2821,2225,4560,4692,132
Truck483016,2999,2225,4570,4692,122
Truck483020,2225,2999,4570,4692,122
Truck483208,2822,2224,4620,4692,72
Truck483351,2821,2822,4660,4692,32
Truck482695,3238,2656,4480,4693,213
Truck482831,2998,3121,4515,4693,178
Truck483084,0,2437,4590,4693,103
Truck483203,2224,2822,4620,4694,74
Truck483454,1339,3122,4690,4694,4
Truck482175,2436,1338,4335,4695,360
Truck482641,3238,2999,4465,4695,230
Truck481754,2437,1338,4220,4696,476
Truck482573,2224,2999,4445,4696,251
Truck482970,3239,2998,4555,4696,141
Truck483457,3331,2656,4690,4696,6
Truck482085,2436,3239,4310,4697,387
Truck483009,2821,2437,4565,4697,132
Truck482390,2225,2656,4395,4698,303
Truck482828,2656,1339,4515,4698,183
Truck482849,2998,3121,4520,4698,178
Truck483105,2655,2437,4595,4698,103
Truck483348,3239,2656,4660,4698,38
Truck482603,3121,3239,4455,4699,244
Truck482659,3238,2999,4470,4700,230
Truck482854,2999,1339,4525,4700,175
Truck483063,2821,2224,4580,4700,120
Truck482103,2436,2998,4315,4701,386
Truck482456,2437,2436,4415,4701,286
Truck482864,2656,2224,4525,4701,176
Truck482657,3121,1339,4470,4702,232
Truck483028,2822,2655,4570,4702,132
Truck481411,1338,2822,4125,4703,578
Truck482408,2225,2998,4400,4703,303
Truck482997,2655,3238,4565,4703,138
Truck481470,3122,1338,4140,4704,564
Truck482549,3121,2436,4440,4704,264
Truck482846,2656,3122,4520,4704,184
Truck482872,2999,1339,4530,4705,175
Truck483259,3331,2225,4635,4705,70
Truck483289,3238,3122,4645,4705,60
Truck482464,1339,2225,4415,4706,291
Truck482650,2822,1339,4465,4706,241
Truck482832,0,2999,4520,4706,186
Truck482675,3121,1339,4475,4707,232
Truck482861,2224,3331,4525,4707,182
Truck483033,2655,2822,4575,4707,132
Truck481431,2655,1338,4130,4708,578
Truck482639,3121,2655,4465,4709,244
Truck483087,2655,0,4590,4709,119
Truck483214,2999,2437,4625,4709,84
Truck483298,2822,3331,4645,4709,64
Truck483310,1339,3238,4650,4709,59
Truck482559,2821,3238,4440,4710,270
Truck482668,2822,1339,4470,4710,240
Truck483126,3122,2655,4600,4710,110
Truck483277,3331,2999,4640,4710,70
Truck482787,2436,2999,4505,4711,206
Truck483004,1339,3239,4565,4711,146
Truck483332,2656,2822,4655,4711,56
Truck483088,2999,2225,4590,4712,122
Truck481285,1338,3238,4090,4713,623
Truck481447,1338,2656,4135,4713,578
Truck481501,1338,3122,4150,4713,563
Truck483148,1339,2655,4605,4713,108
Truck482133,2655,2436,4325,4714,389
Truck482137,3238,2224,4325,4714,389
Truck482141,2224,3238,4325,4714,389
Truck483158,2437,3239,4610,4714,104
Truck483207,2821,3239,4620,4714,94
Truck483275,2224,2822,4640,4714,74
Truck483402,3239,3121,4675,4714,39
Truck482649,2821,0,4465,4715,250
Truck483267,2655,2656,4640,4715,75
Truck482157,2436,0,4330,4716,386
Truck482645,2224,2655,4465,4716,251
Truck482911,3238,3239,4540,4716,176
Truck483237,2436,2225,4630,4716,86
Truck483278,2656,2225,4640,4716,76
Truck482462,2225,3239,4415,4718,303
Truck482917,3331,3122,4540,4718,178
Truck483442,2822,2821,4685,4718,33
Truck481919,3121,1338,4265,4719,454
Truck482155,3238,2224,4330,4719,389
Truck482673,2655,3121,4475,4719,244
Truck482730,3122,3121,4490,4719,229
Truck483176,2437,2998,4615,4719,104
Truck483420,3239,2999,4680,4719,39
Truck482703,2821,3122,4480,4720,240
Truck482910,3122,3331,4540,4720,180
Truck483313,3331,2225,4650,4720,70
Truck482211,2436,1339,4345,4721,376
Truck482262,3122,2224,4360,4721,361
Truck482528,2437,2436,4435,4721,286
Truck482663,2224,2436,4470,4721,251
Truck482890,2999,2821,4535,4721,186
Truck482318,2225,3238,4375,4722,347
Truck482475,2655,2225,4420,4722,302
Truck483128,2225,2999,4600,4722,122
Truck482480,2225,3331,4420,4723,303
Truck482694,3122,2822,4480,4723,243
Truck482747,3121,3122,4495,4723,228
Truck482925,2655,2998,4545,4723,178
Truck483100,2822,2437,4590,4723,133
Truck483194,2437,0,4620,4723,103
Truck482882,2656,0,4530,4724,194
Truck483141,2655,0,4605,4724,119
Truck483153,2821,2224,4605,4725,120
Truck483180,3122,2655,4615,4725,110
Truck481537,1338,1339,4160,4726,566
Truck482681,2224,2436,4475,4726,251
Truck483314,2656,2225,4650,4726,76
Truck482588,2225,1338,4450,4727,277
Truck482952,3239,3238,4550,4727,177
Truck482964,3122,2999,4555,4727,172
Truck483367,3331,2821,4665,4727,62
Truck482821,3238,2656,4515,4728,213
Truck482825,2224,3239,4515,4728,213
Truck483054,3122,3239,4580,4728,148
Truck481951,1338,3121,4275,4729,454
Truck482711,3121,2821,4485,4729,244
Truck483335,2998,2224,4655,4729,74
Truck482886,0,2656,4535,4730,195
Truck483321,2655,2656,4655,4730,75
Truck483339,2655,3331,4660,4730,70
Truck482543,2998,0,4435,4731,296
Truck482699,2224,2225,4480,4731,251
Truck482926,2999,2822,4545,4731,186
Truck483078,3239,1339,4585,4731,146
Truck483443,2998,2821,4685,4731,46
Truck482516,2225,0,4430,4732,302
Truck483123,2655,2822,4600,4732,132
Truck483385,3331,2821,4670,4732,62
Truck481357,1338,3238,4110,4733,623
Truck481519,1338,2998,4155,4733,578
Truck482202,0,2436,4345,4733,388
Truck482752,1339,2822,4495,4733,238
Truck482783,3121,3122,4505,4733,228
Truck482975,2998,2999,4555,4733,178
Truck483072,3122,3239,4585,4733,148
Truck483284,2437,3122,4645,4733,88
Truck483302,2437,2999,4650,4733,83
Truck481573,1338,1339,4170,4736,566
Truck482944,2999,2822,4550,4736,186
Truck481582,1339,1338,4170,4737,567
Truck481375,1338,3238,4115,4738,623
Truck482229,2436,3331,4350,4738,388
Truck482534,2225,2822,4435,4738,303
Truck482993,2998,2437,4560,4738,178
Truck483091,3238,2437,4590,4738,148
Truck483127,3238,2655,4600,4738,138
Truck483241,3331,2998,4630,4738,108
Truck483248,2437,0,4635,4738,103
Truck483492,3239,3121,4700,4739,39
Truck483368,2656,2225,4665,4741,76
Truck483619,3331,2656,4735,4741,6
Truck483159,2655,2822,4610,4742,132
Truck483171,2821,2655,4610,4742,132
Truck483414,3122,3238,4680,4742,62
Truck483421,3331,2821,4680,4742,62
Truck481554,0,1338,4165,4743,578
Truck481555,1338,3239,4165,4743,578
Truck482238,0,2436,4355,4743,388
Truck482552,2225,2655,4440,4743,303
Truck482819,3121,3122,4515,4743,228
Truck483011,2998,3121,4565,4743,178
Truck483104,2437,3238,4595,4743,148
Truck483172,2822,2999,4610,4743,133
Truck483281,2998,2656,4640,4743,103
Truck482245,3238,2224,4355,4744,389
Truck482765,3121,2655,4500,4744,244
Truck483266,2437,2655,4640,4744,104
Truck482357,2224,3122,4385,4745,360
Truck482982,3122,2656,4560,4745,185
Truck482753,2224,2999,4495,4746,251
Truck483132,3239,1339,4600,4746,146
Truck483140,2437,3121,4605,4746,141
Truck483637,3331,2656,4740,4746,6
Truck482347,1338,2436,4385,4747,362
Truck482570,2225,0,4445,4747,302
Truck482580,0,2998,4450,4747,297
Truck482784,3122,2822,4505,4747,242
Truck483036,3122,2999,4575,4747,172
Truck483459,2821,2656,4690,4747,57
Truck483606,0,1339,4735,4747,12
Truck481417,3238,1338,4125,4748,623
Truck481572,0,1338,4170,4748,578
Truck482259,2655,2436,4360,4748,388
Truck482893,3238,2656,4535,4748,213
Truck482897,2224,3239,4535,4748,213
Truck483029,2998,2225,4570,4748,178
Truck482811,2821,1339,4510,4749,239
Truck482319,2436,1339,4375,4750,375
Truck482651,2998,1339,4465,4750,285
Truck482704,2822,3238,4480,4750,270
Truck482373,2436,1338,4390,4751,361
Truck483404,2656,2437,4675,4751,76
Truck483408,0,3238,4680,4751,71
Truck482283,2436,0,4365,4752,387
Truck482640,3122,2998,4465,4752,287
Truck483195,2655,2821,4620,4752,132
Truck483477,2821,2656,4695,4752,57
Truck481429,1338,3238,4130,4753,623
Truck481591,1338,2224,4175,4753,578
Truck483007,3331,0,4565,4753,188
Truck483047,2998,2437,4575,4753,178
Truck483150,3239,3122,4605,4753,148
Truck483317,2998,2656,4650,4753,103
Truck483478,2822,2656,4695,4753,58
Truck483546,3239,2656,4715,4753,38
Truck482801,3121,2821,4510,4754,244
Truck482713,3238,2821,4485,4755,270
Truck482793,2821,0,4505,4755,250
Truck483352,2822,3239,4660,4755,95
Truck483439,3331,2999,4685,4755,70
Truck482301,2436,2821,4370,4756,386
Truck482794,2822,0,4505,4756,251
Truck482830,2822,1339,4515,4756,241
Truck483015,2655,2999,4570,4756,186
Truck483422,2656,3121,4680,4756,76
Truck483041,2224,3331,4575,4757,182
Truck483254,2225,2999,4635,4757,122
Truck483642,0,1339,4745,4757,12
Truck483652,1339,0,4745,4757,12
Truck482658,3122,2225,4470,4758,288
Truck483163,3238,2437,4610,4758,148
Truck483199,3238,2655,4620,4758,138
Truck483053,3121,2225,4580,4759,179
Truck483320,2437,2821,4655,4759,104
Truck483564,3239,2999,4720,4759,39
Truck482796,0,2822,4510,4760,250
Truck482842,1339,2821,4520,4760,240
Truck482984,2225,2437,4560,4760,200
Truck483429,2655,2656,4685,4760,75
Truck482355,2436,1339,4385,4761,376
Truck482807,2224,2436,4510,4761,251
Truck483034,2999,2821,4575,4761,186
Truck483398,2225,2436,4675,4761,86
Truck482278,2999,1338,4365,4762,397
Truck482619,2655,2225,4460,4762,302
Truck482873,3121,1339,4530,4762,232
Truck483243,2821,2436,4630,4762,132
Truck481471,3238,1338,4140,4763,623
Truck481627,1338,2656,4185,4763,578
Truck482624,2225,2656,4460,4763,303
Truck482676,3122,2225,4475,4763,288
Truck482835,2655,3121,4520,4764,244
Truck482837,3121,3331,4520,4764,244
Truck483338,2437,3239,4660,4764,104
Truck483455,2224,2998,4690,4764,74
Truck482429,2224,3122,4405,4765,360
Truck482860,1339,2821,4525,4765,240
Truck482996,2437,2225,4565,4765,200
Truck483388,2822,3239,4670,4765,95
Truck483465,2655,3331,4695,4765,70
Truck482337,2436,3239,4380,4766,386
Truck482814,0,2822,4515,4766,251
Truck483202,1339,3239,4620,4766,146
Truck483215,3121,2437,4625,4766,141
Truck482479,3238,2225,4420,4767,347
Truck482652,0,2998,4470,4767,297
Truck481645,1338,3239,4190,4768,578
Truck483101,2998,2437,4590,4768,178
Truck483356,2437,0,4665,4768,103
Truck483618,3239,3331,4735,4768,33
Truck482855,3121,2655,4525,4769,244
Truck483526,1339,3238,4710,4769,59
Truck483493,3331,2999,4700,4770,70
Truck482696,2225,1339,4480,4771,291
Truck482843,2224,2437,4520,4771,251
Truck482908,2999,3238,4540,4771,231
Truck483230,2437,3121,4630,4771,141
Truck483476,2656,3121,4695,4771,76
Truck483720,3122,1339,4765,4771,6
Truck482884,2822,3122,4530,4772,242
Truck483003,2436,2999,4565,4772,207
Truck483279,2821,2655,4640,4772,132
Truck483521,3121,2999,4710,4772,62
Truck483548,2656,2821,4715,4772,57
Truck482927,3121,3122,4545,4773,228
Truck482983,3238,2656,4560,4773,213
Truck483119,2998,2999,4595,4773,178
Truck482785,3238,2822,4505,4774,269
Truck483511,3331,3121,4705,4775,70
Truck482463,2436,1338,4415,4776,361
Truck482902,2822,1339,4535,4776,241
Truck483603,2821,2998,4730,4776,46
Truck482678,2225,0,4475,4777,302
Truck482732,2225,3122,4490,4777,287
Truck482932,1339,3121,4545,4777,232
Truck483115,3331,2224,4595,4777,182
Truck483322,2999,2225,4655,4777,122
Truck483428,2437,1339,4685,4777,92
Truck483655,3331,3239,4745,4777,32
Truck482483,2224,1339,4420,4778,358
Truck483116,2656,1339,4595,4778,183
Truck483382,1339,2655,4670,4778,108
Truck482131,1338,3121,4325,4779,454
Truck482919,2821,1339,4540,4779,239
Truck483006,3239,2224,4565,4779,214
Truck483441,2821,3239,4685,4779,94
Truck483636,3239,3121,4740,4779,39
Truck482744,2437,2436,4495,4780,285
Truck483529,3331,2999,4710,4780,70
Truck482879,2224,2999,4530,4781,251
Truck483106,2999,0,4595,4781,186
Truck482920,2822,3122,4540,4782,242
Truck482391,2436,0,4395,4783,388
Truck482749,3238,3121,4495,4783,288
Truck483134,2656,1339,4600,4783,183
Truck483151,3331,3122,4605,4783,178
Truck483155,2998,2437,4605,4783,178
Truck483403,3331,2998,4675,4783,108
Truck483568,2822,3331,4720,4783,63
Truck482389,3238,2224,4395,4784,389
Truck482500,1339,2224,4425,4784,359
Truck482909,3121,2656,4540,4784,244
Truck483393,2655,3122,4675,4784,109
Truck483533,2998,2224,4710,4784,74
Truck483654,3239,2999,4745,4784,39
Truck482829,2821,3238,4515,4785,270
Truck481753,1338,1339,4220,4786,566
Truck482247,2436,3238,4355,4786,431
Truck482496,3122,2224,4425,4786,361
Truck483124,2999,2821,4600,4786,186
Truck483530,2656,2655,4710,4786,76
Truck482491,1338,2436,4425,4787,362
Truck482766,3122,2998,4500,4787,287
Truck482938,2822,3122,4545,4787,242
Truck483334,2822,3121,4655,4787,132
Truck481717,1338,3239,4210,4788,578
Truck482409,2436,2822,4400,4788,388
Truck482714,2225,3331,4485,4788,303
Truck483037,3238,2656,4575,4788,213
Truck483055,3238,3331,4580,4788,208
Truck483425,2998,3331,4680,4788,108
Truck483375,2655,0,4670,4789,119
Truck483411,2655,3122,4680,4789,109
Truck483474,3239,2821,4695,4790,95
Truck482427,2436,2998,4405,4791,386
Truck482795,2998,3122,4505,4791,286
Truck482915,2224,2999,4540,4791,251
Truck483142,2999,2822,4605,4791,186
Truck483659,2998,2821,4745,4791,46
Truck483800,2656,3331,4785,4791,6
Truck482986,1339,3121,4560,4792,232
Truck483167,2224,3331,4610,4792,182
Truck481735,1338,2998,4215,4793,578
Truck482478,3122,2436,4420,4793,373
Truck482945,3121,0,4550,4793,243
Truck483059,2224,3239,4580,4793,213
Truck483191,2998,2225,4615,4793,178
Truck483246,0,3239,4635,4793,158
Truck483461,2998,2656,4690,4793,103
Truck483446,2437,2821,4690,4794,104
Truck483690,3239,2225,4755,4794,39
Truck482857,3238,2821,4525,4795,270
Truck482865,2821,3238,4525,4795,270
Truck483583,3331,3121,4725,4795,70
Truck483496,2822,3239,4700,4796,96
Truck483566,2656,3121,4720,4796,76
Truck483768,0,3122,4780,4796,16
Truck482401,1338,2999,4400,4797,397
Truck482445,2436,2822,4410,4797,387
Truck483357,2655,2821,4665,4797,132
Truck483369,2821,2437,4665,4797,132
Truck483370,2822,2225,4665,4797,132
Truck483586,2822,2998,4725,4797,72
Truck483612,3122,3238,4735,4797,62
Truck483209,2998,2655,4620,4798,178
Truck483343,3238,2655,4660,4798,138
Truck483479,2998,2656,4695,4798,103
Truck482963,3121,2998,4555,4799,244
Truck483447,2655,3122,4690,4799,109
Truck483464,2437,2822,4695,4799,104
Truck483514,2822,3239,4705,4799,94
Truck483138,0,2656,4605,4800,195
Truck483510,3239,2822,4705,4800,95
Truck482943,2655,2224,4550,4801,251
Truck482951,2224,3121,4550,4801,251
Truck483178,2999,2822,4615,4801,186
Truck483786,0,3122,4785,4801,16
Truck483205,3331,2224,4620,4802,182
Truck483223,3331,1339,4625,4802,177
Truck483387,2821,2655,4670,4802,132
Truck483804,0,1339,4790,4802,12
Truck481771,1338,2822,4225,4803,578
Truck482768,2225,2998,4500,4803,303
Truck483206,2656,1339,4620,4803,183
Truck483227,2998,2999,4625,4803,178
Truck483282,0,3239,4645,4803,158
Truck483480,0,2437,4700,4803,103
Truck483482,2437,0,4700,4803,103
Truck483658,2822,2656,4745,4803,58
Truck482221,1338,3121,4350,4804,454
Truck482465,2224,3238,4415,4804,389
Truck483726,3239,2655,4765,4804,39
Truck483198,3122,2656,4620,4805,185
Truck481825,1338,1339,4240,4806,566
Truck482481,2436,2655,4420,4806,386
Truck482517,2436,1339,4430,4806,376
Truck483000,3122,2822,4565,4806,241
Truck483196,2999,2822,4620,4806,186
Truck483235,3238,3239,4630,4806,176
Truck483239,2224,2656,4630,4806,176
Truck483623,2998,2822,4735,4806,71
Truck483853,3331,2656,4800,4806,6
Truck483035,3121,1339,4575,4807,232
Truck483405,2821,2225,4675,4807,132
Truck483622,2822,2998,4735,4807,72
Truck482786,2225,2224,4505,4808,303
Truck482839,3238,3121,4520,4808,288
Truck483133,3331,3238,4600,4808,208
Truck483245,2998,3121,4630,4808,178
Truck483406,2822,2437,4675,4808,133
Truck483483,2655,1339,4700,4808,108
Truck483744,3239,2656,4770,4808,38
Truck482999,3121,2224,4565,4809,244
Truck483256,1339,2999,4635,4809,174
Truck483500,2437,2224,4705,4809,104
Truck482987,2224,2655,4560,4811,251
Truck483257,2224,2656,4635,4811,176
Truck483620,2656,2225,4735,4811,76
Truck483822,0,3122,4795,4811,16
Truck483872,2656,3331,4805,4811,6
Truck481861,1338,3122,4250,4813,563
Truck483263,2998,2655,4635,4813,178
Truck483318,0,3239,4655,4813,158
Truck483518,2437,0,4710,4813,103
Truck482257,1338,3121,4360,4814,454
Truck482497,3238,2224,4425,4814,389
Truck483688,1339,3238,4755,4814,59
Truck483762,3239,2655,4775,4814,39
Truck482870,2437,2436,4530,4815,285
Truck483627,2655,2656,4740,4815,75
Truck483005,2224,2437,4565,4816,251
Truck483232,2999,3239,4630,4816,186
Truck483638,2656,2437,4740,4816,76
Truck481870,1339,1338,4250,4817,567
Truck482660,2225,3238,4470,4817,347
Truck482874,3122,2998,4530,4817,287
Truck483691,3331,2821,4755,4817,62
Truck483710,2656,2821,4760,4817,57
Truck483858,0,1339,4805,4817,12
Truck481827,2655,1338,4240,4818,578
Truck482822,2225,2998,4515,4818,303
Truck483152,2656,3238,4605,4818,213
Truck483260,2656,1339,4635,4818,183
Truck483536,2437,0,4715,4818,103
Truck483551,2998,2656,4715,4818,103
Truck482279,3121,1338,4365,4819,454
Truck483653,2224,2998,4745,4819,74
Truck482627,2224,3122,4460,4820,360
Truck483582,3239,2821,4725,4820,95
Truck483012,0,2821,4570,4821,251
Truck483023,2224,2655,4570,4821,251
Truck483249,2655,2999,4635,4821,186
Truck483656,2656,1338,4745,4821,76
Truck483660,0,3238,4750,4821,71
Truck482535,2436,2655,4435,4822,387
Truck483294,3239,3238,4645,4822,177
Truck483876,0,1339,4810,4822,12
Truck481687,3238,1338,4200,4823,623
Truck481843,1338,3239,4245,4823,578
Truck483295,3331,3122,4645,4823,178
Truck483299,2998,2437,4645,4823,178
Truck483460,2822,3121,4690,4823,133
Truck483547,3331,2998,4715,4823,108
Truck483552,0,2437,4720,4823,103
Truck483569,2998,2656,4720,4823,103
Truck481902,3122,1338,4260,4824,564
Truck483537,2655,3122,4715,4824,109
Truck483554,2437,2822,4720,4824,104
Truck483671,2224,2998,4750,4824,74
Truck482803,3238,2998,4510,4825,315
Truck483045,2821,0,4575,4825,250
Truck483212,2437,2225,4625,4825,200
Truck481897,1338,1339,4260,4826,566
Truck482553,2436,0,4440,4826,386
Truck482589,2436,1339,4450,4826,376
Truck483268,2999,2822,4640,4826,186
Truck483783,2821,2998,4780,4826,46
Truck483925,3331,2656,4820,4826,6
Truck483694,2822,2224,4755,4827,72
Truck482858,2225,2224,4525,4828,303
Truck483415,3238,2437,4680,4828,148
Truck483584,2656,2998,4725,4828,103
Truck482551,3238,2224,4440,4829,389
Truck482604,3122,2436,4455,4829,374
Truck483071,3121,2655,4585,4829,244
Truck483695,2998,2224,4755,4829,74
Truck483816,3239,2437,4790,4829,39
Truck483709,3331,2225,4760,4830,70
Truck483286,2999,3239,4645,4831,186
Truck483436,1339,3239,4685,4831,146
Truck481879,1338,0,4255,4832,577
Truck482571,2436,2656,4445,4832,387
Truck482930,2225,3122,4545,4832,287
Truck483495,2821,2436,4700,4832,132
Truck483712,2822,2998,4760,4832,72
Truck482876,2225,3331,4530,4833,303
Truck483605,2998,2656,4730,4833,103
Truck483089,3121,2656,4590,4834,244
Truck483639,2821,3239,4740,4834,94
Truck483834,3239,2655,4795,4834,39
Truck483958,1339,3122,4830,4834,4
Truck483112,1339,2821,4595,4835,240
Truck483324,3122,3331,4655,4835,180
Truck483640,2822,3239,4740,4835,95
Truck482679,2436,1338,4475,4836,361
Truck483010,2822,3238,4565,4836,271
Truck483066,0,2821,4585,4836,251
Truck483069,2655,2224,4585,4836,251
Truck483304,2999,3331,4650,4836,186
Truck482548,2999,1338,4440,4837,397
Truck482894,2225,0,4535,4837,302
Truck483349,3331,1339,4660,4837,177
Truck483782,2656,2822,4780,4837,57
Truck483353,2998,2437,4660,4838,178
Truck483107,3121,3239,4595,4839,244
Truck483136,2822,1339,4600,4839,239
Truck483296,2656,0,4645,4839,194
Truck483341,3121,2225,4660,4839,179
Truck483608,2437,2656,4735,4839,104
Truck483731,2998,2224,4765,4839,74
Truck482967,2436,2437,4555,4840,285
Truck483130,1339,2821,4600,4840,240
Truck483342,3122,3331,4660,4840,180
Truck482607,2436,3331,4455,4841,386
Truck483095,2224,2437,4590,4841,251
Truck481915,1338,0,4265,4842,577
Truck482750,2225,3238,4495,4842,347
Truck483166,1339,3121,4610,4842,232
Truck483531,2821,3121,4710,4842,132
Truck482912,2225,2998,4540,4843,303
Truck483125,3121,0,4600,4843,243
Truck483371,2998,2655,4665,4843,178
Truck483362,2225,3121,4665,4844,179
Truck483573,2655,0,4725,4844,119
Truck483046,2822,3238,4575,4845,270
Truck483672,3239,2821,4750,4845,95
Truck483763,3331,1338,4775,4845,70
Truck482625,2436,3331,4460,4846,386
Truck483340,2999,3239,4660,4846,186
Truck483767,2998,2822,4775,4846,71
Truck483144,3122,2821,4605,4847,242
Truck483456,3239,0,4690,4847,157
Truck483550,2822,2999,4715,4847,132
Truck483574,2999,2225,4725,4847,122
Truck483799,3331,2822,4785,4847,62
Truck481933,1338,2821,4270,4848,578
Truck483253,3238,2656,4635,4848,213
Truck483389,2998,2436,4670,4848,178
Truck483377,3121,2225,4670,4849,179
Truck483644,2437,2656,4745,4849,104
Truck483888,3239,2436,4810,4849,39
Truck482688,0,2224,4480,4850,370
Truck483394,2999,1339,4675,4850,175
Truck482643,2436,2224,4465,4851,386
Truck483354,0,2999,4665,4851,186
Truck483358,2999,2821,4665,4851,186
Truck483764,2656,2436,4775,4851,76
Truck482634,0,2436,4465,4852,387
Truck483817,3331,2822,4790,4853,63
Truck483161,3121,3239,4610,4854,244
Truck483276,3239,2224,4640,4854,214
Truck483350,2656,0,4660,4854,194
Truck483662,2437,2822,4750,4854,104
Truck483189,2821,3122,4615,4855,240
Truck483412,2999,1339,4680,4855,175
Truck483621,2821,2224,4735,4855,120
Truck482751,2436,1338,4495,4856,361
Truck483021,2436,2437,4570,4856,286
Truck483149,2224,1338,4605,4856,251
Truck483528,3239,1339,4710,4856,146
Truck481807,1338,3238,4235,4858,623
Truck481969,1338,2998,4280,4858,578
Truck482771,2224,1339,4500,4858,358
Truck482958,0,2225,4555,4858,303
Truck482966,2225,2656,4555,4858,303
Truck483017,3121,3238,4570,4858,288
Truck483400,1339,2656,4675,4858,183
Truck483826,2999,3121,4795,4858,63
Truck483680,2437,3331,4755,4859,104
Truck483040,1339,2998,4575,4860,285
Truck483022,1339,2225,4570,4861,291
Truck483032,2437,2436,4575,4861,286
Truck483390,0,2999,4675,4861,186
Truck483440,2656,2224,4685,4861,176
Truck482733,2436,3122,4490,4862,372
Truck483438,3239,3238,4685,4862,177
Truck481987,1338,3239,4285,4863,578
Truck483109,3238,2822,4595,4863,268
Truck483220,1339,2822,4625,4863,238
Truck483770,2437,2999,4780,4863,83
Truck483197,3121,2224,4620,4864,244
Truck482365,1338,2437,4390,4865,475
Truck483807,2655,2656,4790,4865,75
Truck483835,3331,1338,4795,4865,70
Truck483185,2224,2655,4615,4866,251
Truck483250,2999,3238,4635,4866,231
Truck484070,2656,3331,4860,4866,6
Truck482840,2225,3238,4520,4867,347
Truck483890,2656,2821,4810,4867,57
Truck482697,2436,2998,4480,4868,388
Truck482994,0,2225,4565,4868,303
Truck483002,2225,2656,4565,4868,303
Truck483269,3121,3122,4640,4868,228
Truck483516,0,3239,4710,4868,158
Truck483591,2655,3238,4730,4868,138
Truck483595,3238,2655,4730,4868,138
Truck483716,2437,2821,4765,4869,104
Truck483960,3239,2655,4830,4869,39
Truck483076,1339,2998,4585,4870,285
Truck483192,0,2822,4620,4870,250
Truck483450,3122,3331,4690,4870,180
Truck483702,3122,2655,4760,4870,110
Truck483058,1339,2225,4580,4871,291
Truck483430,2999,3239,4685,4871,186
Truck483836,2656,2225,4795,4871,76
Truck482709,2655,2436,4485,4872,387
Truck483664,2999,2225,4750,4872,122
Truck483882,3122,3238,4810,4872,62
Truck482023,1338,2821,4295,4873,578
Truck482077,1338,3122,4310,4873,563
Truck482715,2436,2821,4485,4873,388
Truck483233,3121,0,4630,4873,243
Truck483244,2822,3122,4630,4873,243
Truck483749,2998,2656,4770,4873,103
Truck483978,3239,2656,4835,4873,38
Truck482717,2224,3238,4485,4874,389
Truck482789,2224,0,4505,4874,369
Truck483458,2656,3122,4690,4874,184
Truck483734,2437,2998,4770,4874,104
Truck482770,1339,2436,4500,4875,375
Truck483094,1339,2998,4590,4875,285
Truck483225,2821,0,4625,4875,250
Truck483392,2437,2225,4675,4875,200
Truck482402,2437,1338,4400,4876,476
Truck483154,2822,3238,4605,4876,271
Truck483221,2224,2225,4625,4876,251
Truck483448,2999,2224,4690,4876,186
Truck483502,2999,3122,4705,4876,171
Truck483875,2998,2822,4805,4876,71
Truck482724,0,2436,4490,4877,387
Truck483092,2225,3122,4590,4877,287
Truck483376,2999,2436,4670,4877,207
Truck483657,2821,1338,4745,4877,132
Truck482041,1338,3331,4300,4878,578
Truck483038,2225,2655,4575,4878,303
Truck483251,3121,0,4635,4878,243
Truck483497,2998,3121,4700,4878,178
Truck483806,2437,3122,4790,4878,88
Truck483998,2656,3239,4840,4878,38
Truck483179,3121,2436,4615,4879,264
Truck483366,3239,2224,4665,4879,214
Truck483488,2225,3121,4700,4879,179
Truck483735,2655,3122,4770,4879,109
Truck483752,2437,2656,4775,4879,104
Truck483228,0,2822,4630,4880,250
Truck483416,2225,2437,4680,4880,200
Truck483889,3331,2436,4810,4880,70
Truck482095,1338,1339,4315,4881,566
Truck483111,2436,2437,4595,4881,286
Truck483466,2999,2821,4695,4881,186
Truck483512,2656,2224,4705,4881,176
Truck483675,2821,2436,4750,4882,132
Truck482059,1338,2821,4305,4883,578
Truck483056,2225,2822,4580,4883,303
Truck483475,3331,0,4695,4883,188
Truck483515,2998,2655,4705,4883,178
Truck483645,2655,3238,4745,4883,138
Truck483384,3239,2224,4670,4884,214
Truck483887,2224,2822,4810,4884,74
Truck483937,3238,1339,4825,4884,59
Truck483946,2822,2656,4825,4884,59
Truck484014,3239,2655,4845,4884,39
Truck483262,2822,0,4635,4885,250
Truck483486,3122,2656,4700,4885,185
Truck483714,0,2655,4765,4885,120
Truck483157,1338,2225,4610,4886,276
Truck483190,2822,3238,4615,4886,271
Truck483484,2999,0,4700,4886,186
Truck484142,2656,3331,4880,4886,6
Truck482725,1338,2999,4490,4887,397
Truck483693,2821,2655,4755,4887,132
Truck482769,2436,2655,4500,4888,388
Truck483074,2225,2224,4585,4888,303
Truck483667,3238,2655,4750,4888,138
Truck483287,3121,2821,4645,4889,244
Truck484032,3239,2655,4850,4889,39
Truck483732,0,2655,4770,4890,120
Truck483498,0,2999,4705,4891,186
Truck483912,0,3238,4820,4891,71
Truck483929,2998,2822,4820,4891,71
Truck484128,0,1339,4880,4892,12
Truck481939,3238,1338,4270,4893,623
Truck483143,3121,3238,4605,4893,288
Truck483303,2655,3121,4650,4894,244
Truck483305,3121,2821,4650,4894,244
Truck483494,2656,0,4700,4894,194
Truck483542,2225,3121,4715,4894,179
Truck483852,3239,2822,4800,4894,94
Truck483923,2224,2822,4820,4894,74
Truck484050,3239,2437,4855,4894,39
Truck483217,3238,2821,4625,4895,270
Truck483297,2821,0,4645,4895,250
Truck482805,2436,0,4510,4896,386
Truck483520,2999,3331,4710,4896,186
Truck483926,2656,2437,4820,4896,76
Truck482158,1339,1338,4330,4897,567
Truck482947,3238,2225,4550,4897,347
Truck482948,2225,3238,4550,4897,347
Truck483164,2225,3122,4610,4897,287
Truck482113,1338,2998,4320,4898,578
Truck483110,2225,2656,4595,4898,303
Truck483562,1339,3331,4720,4898,178
Truck483730,2822,2655,4765,4898,133
Truck483896,2437,2999,4815,4898,83
Truck483323,3121,3331,4655,4899,244
Truck483378,3122,3121,4670,4899,229
Truck483824,2437,3239,4795,4899,104
Truck483184,1339,2998,4615,4900,285
Truck483316,2822,0,4650,4900,250
Truck483471,2436,2999,4695,4900,205
Truck483951,2655,3331,4830,4900,70
Truck483961,3331,2225,4830,4900,70
Truck482823,2436,2656,4515,4901,386
Truck483211,1338,2225,4625,4901,276
Truck483311,2224,2436,4650,4901,251
Truck483538,2999,2821,4715,4901,186
Truck483698,2437,3121,4760,4901,141
Truck483944,2656,3121,4825,4901,76
Truck484053,2821,2998,4855,4901,46
Truck484188,3122,1339,4895,4901,6
Truck482779,1338,2999,4505,4902,397
Truck482965,3238,2225,4555,4902,347
Truck483300,0,2822,4650,4902,252
Truck483902,2225,2436,4815,4902,87
Truck483120,0,2225,4600,4903,303
Truck483587,2998,2437,4725,4903,178
Truck483843,2655,2437,4800,4903,103
Truck483988,2999,3121,4840,4903,63
Truck484108,2822,2821,4870,4903,33
Truck482585,3121,1338,4450,4904,454
Truck483748,2822,2655,4770,4904,134
Truck483825,2655,3122,4795,4904,109
Truck484086,3239,2225,4865,4904,39
Truck483261,2821,3238,4635,4905,270
Truck483576,3122,3331,4725,4905,180
Truck483797,2224,2821,4785,4905,120
Truck483979,3331,2225,4835,4905,70
Truck484009,3238,3122,4845,4905,60
Truck483602,2656,2224,4730,4906,176
Truck483708,3239,1339,4760,4906,146
Truck483962,2656,2437,4830,4906,76
Truck483600,3239,3238,4730,4907,177
Truck483753,2655,2822,4775,4907,132
Truck483765,2821,2655,4775,4907,132
Truck483982,2822,2224,4835,4907,72
Truck484015,3331,2821,4845,4907,62
Truck484192,1339,0,4895,4907,12
Truck481993,3238,1338,4285,4908,623
Truck482149,1338,3239,4330,4908,578
Truck483146,2225,2655,4605,4908,303
Truck483565,3331,0,4720,4908,188
Truck483766,2822,1338,4775,4908,133
Truck482892,3122,2436,4535,4909,374
Truck483860,2437,2656,4805,4909,104
Truck484104,3239,1338,4870,4909,39
Truck483906,3239,2821,4815,4910,95
Truck482859,2436,2998,4525,4911,386
Truck483336,0,2821,4660,4911,251
Truck483347,2224,1338,4660,4911,251
Truck483980,2656,2436,4835,4911,76
Truck484200,0,1339,4900,4912,12
Truck482005,1338,3238,4290,4913,623
Truck482011,3238,1338,4290,4913,623
Truck482167,1338,2998,4335,4913,578
Truck482169,2655,1338,4335,4913,578
Truck483216,3122,2225,4625,4913,288
Truck483871,3331,2998,4805,4913,108
Truck483878,2437,0,4810,4913,103
Truck482933,2224,0,4545,4914,369
Truck483614,2225,3121,4735,4914,179
Truck483995,2224,2822,4840,4914,74
Truck483924,3239,2821,4820,4915,95
Truck482546,2437,1338,4440,4916,476
Truck482914,1339,2436,4540,4916,376
Truck483365,2224,1338,4665,4916,251
Truck483592,2999,2822,4730,4916,186
Truck483631,3238,3239,4740,4916,176
Truck483742,1339,3239,4770,4916,146
Truck483789,2655,2822,4785,4916,131
Truck484242,3122,1339,4910,4916,6
Truck483019,3238,2225,4570,4917,347
Truck482185,1338,2821,4340,4918,578
Truck482868,0,2436,4530,4918,388
Truck482928,3122,2436,4545,4918,373
Truck483182,2225,2655,4615,4918,303
Truck483894,0,2437,4815,4918,103
Truck484158,3239,3331,4885,4918,33
Truck483395,3121,3331,4675,4919,244
Truck483424,2822,1339,4680,4919,239
Truck484063,3238,1339,4860,4919,59
Truck483423,2821,3122,4680,4920,240
Truck484033,3331,2437,4850,4920,70
Truck484054,2822,3331,4855,4920,65
Truck483372,0,2821,4670,4921,251
Truck483610,2999,2821,4735,4921,186
Truck484016,2656,2437,4845,4921,76
Truck482895,2436,2655,4535,4922,387
Truck483449,3121,1339,4690,4922,232
Truck482203,1338,2822,4345,4923,578
Truck482205,2655,1338,4345,4923,578
Truck483200,2225,2224,4620,4923,303
Truck483986,2437,2999,4840,4923,83
Truck483914,2437,2224,4820,4924,104
Truck483469,3238,2999,4695,4925,230
Truck484051,3331,2999,4855,4925,70
Truck482950,1339,2436,4550,4926,376
Truck483628,2999,0,4740,4926,186
Truck484034,2656,1338,4850,4926,76
Truck484055,2998,2822,4855,4926,71
Truck482869,1338,2999,4530,4927,397
Truck483218,2225,0,4625,4927,302
Truck484087,3331,2822,4865,4927,62
Truck482065,3238,1338,4305,4928,623
Truck483780,3239,3122,4780,4928,148
Truck483431,3121,2655,4685,4929,244
Truck483624,0,3331,4740,4929,189
Truck483879,2655,0,4810,4929,119
Truck484176,3239,2437,4890,4929,39
Truck483291,2436,2437,4645,4930,285
Truck483487,3238,2999,4700,4930,230
Truck484069,3331,2436,4860,4930,70
Truck483646,2999,2821,4745,4931,186
Truck483798,3239,1339,4785,4931,146
Truck484052,2656,2225,4855,4931,76
Truck484056,0,3238,4860,4931,71
Truck482767,3238,2436,4500,4932,432
Truck482931,2436,2821,4545,4932,387
Truck482968,1339,2436,4555,4932,377
Truck483673,3331,2224,4750,4932,182
Truck483856,2822,2999,4800,4932,132
Truck484105,3331,2821,4870,4932,62
Truck484272,0,1339,4920,4932,12
Truck484282,1339,0,4920,4932,12
Truck482239,1338,2656,4355,4933,578
Truck483236,2225,2821,4630,4933,303
Truck483947,2998,3331,4825,4933,108
Truck484216,2822,2821,4900,4933,33
Truck483444,0,3121,4690,4934,244
Truck483839,2998,3239,4795,4935,140
Truck483996,3239,2821,4840,4935,95
Truck484000,2822,3239,4840,4935,95
Truck482949,2436,2224,4550,4936,386
Truck483437,2224,2999,4685,4936,251
Truck483663,2655,2999,4750,4936,186
Truck483703,3238,3239,4760,4936,176
Truck482940,0,2436,4550,4937,387
Truck483306,3122,2998,4650,4937,287
Truck484123,3331,2822,4875,4937,62
Truck483601,3331,3238,4730,4938,208
Truck483713,2998,2999,4760,4938,178
Truck484214,2656,3239,4900,4938,38
Truck483467,3121,3331,4695,4939,244
Truck483490,1339,2822,4700,4939,239
Truck483692,2656,3122,4755,4939,184
Truck483968,2437,3331,4835,4939,104
Truck484026,3122,2437,4850,4939,89
Truck483308,2225,1339,4650,4941,291
Truck483682,2999,2655,4755,4941,186
Truck484018,2822,3239,4845,4941,96
Truck484088,2656,3121,4865,4941,76
Truck484092,0,3238,4870,4941,71
Truck483891,2821,2436,4810,4942,132
Truck484022,2437,1339,4850,4942,92
Truck482119,3238,1338,4320,4943,623
Truck483272,2225,3239,4640,4943,303
Truck483717,2655,2998,4765,4943,178
Truck483861,2655,3238,4805,4943,138
Truck483892,2822,2225,4810,4943,133
Truck483976,1339,2655,4835,4943,108
Truck483678,0,3331,4755,4944,189
Truck484060,2999,2437,4860,4944,84
Truck484230,3239,1338,4905,4944,39
Truck483030,0,2224,4575,4945,370
Truck483513,2821,3122,4705,4945,240
Truck483633,2436,2999,4740,4945,205
Truck483930,0,2655,4825,4945,120
Truck484113,2655,3331,4875,4945,70
Truck483039,2436,3122,4575,4946,371
Truck483462,0,2822,4695,4946,251
Truck483700,2999,2224,4760,4946,186
Truck483739,3238,3239,4770,4946,176
Truck484106,2656,1338,4870,4946,76
Truck482941,1338,2999,4550,4947,397
Truck482985,2436,0,4560,4947,387
Truck483285,2655,2225,4645,4947,302
Truck482293,1338,2224,4370,4948,578
Truck482976,0,2436,4560,4948,388
Truck483290,2225,2655,4645,4948,303
Truck483557,3121,3122,4720,4948,228
Truck483745,3331,3122,4770,4948,178
Truck483897,2655,2822,4815,4948,133
Truck483987,2655,1339,4840,4948,108
Truck483503,3121,2821,4705,4949,244
Truck483558,3122,3121,4720,4949,229
Truck483728,2656,3122,4765,4949,184
Truck484004,2437,2821,4845,4949,104
Truck482671,1338,2437,4475,4950,475
Truck483893,2998,3239,4810,4950,140
Truck483491,2224,2437,4700,4951,251
Truck483718,2999,2656,4765,4951,186
Truck484375,3331,2656,4945,4951,6
Truck482311,1338,0,4375,4952,577
Truck482841,2436,3238,4520,4952,432
Truck483532,2822,3122,4710,4952,242
Truck482310,0,1338,4375,4953,578
Truck483113,2224,1339,4595,4953,358
Truck483359,3121,3238,4665,4953,288
Truck483727,3331,0,4765,4953,188
Truck483864,3122,3239,4805,4953,148
Truck484023,2655,2437,4850,4953,103
Truck483433,3238,2822,4685,4954,269
Truck483519,2655,3121,4710,4954,244
Truck483544,1339,2822,4715,4954,239
Truck484096,2999,2437,4870,4954,84
Truck483549,2821,3122,4715,4955,240
Truck483736,2999,2655,4770,4956,186
Truck484163,2998,2822,4885,4956,71
Truck484251,2821,2998,4910,4956,46
Truck483540,3122,2821,4715,4957,242
Truck483575,3121,1339,4725,4957,232
Truck483945,2821,3121,4825,4957,132
Truck482329,1338,2821,4380,4958,578
Truck483326,2225,2998,4655,4958,303
Truck483379,3238,3121,4670,4958,288
Truck483593,3121,3122,4730,4958,228
Truck483785,2998,2437,4780,4958,178
Truck484195,3331,2822,4895,4958,63
Truck483451,3238,2822,4690,4959,269
Truck483539,3121,2822,4715,4959,244
Truck483567,2821,1339,4720,4959,239
Truck483796,1339,2999,4785,4959,174
Truck484040,2437,3331,4855,4959,104
Truck484149,2655,2656,4885,4960,75
Truck484177,3331,1338,4890,4960,70
Truck483527,2224,2437,4710,4961,251
Truck483754,2999,2224,4775,4961,186
Truck484160,2656,2437,4885,4961,76
Truck482875,3238,2436,4530,4962,432
Truck483870,3239,0,4805,4962,157
Truck483963,2821,2436,4830,4962,132
Truck483964,2822,2436,4830,4962,132
Truck484102,1339,2437,4870,4962,92
Truck484390,1339,0,4950,4962,12
Truck482346,0,1338,4385,4963,578
Truck483344,2225,2998,4660,4963,303
Truck483396,3122,2225,4675,4963,288
Truck483674,2656,3238,4750,4963,213
Truck483803,2998,2999,4785,4963,178
Truck484293,2655,3239,4925,4963,38
Truck484302,3239,2656,4925,4963,38
Truck484304,2656,3239,4925,4963,38
Truck483090,3122,2436,4590,4964,374
Truck483555,2655,3121,4720,4964,244
Truck483585,2821,1339,4725,4964,239
Truck483307,3238,2998,4650,4965,315
Truck483772,2999,3239,4780,4966,186
Truck483942,3239,2998,4825,4966,141
Truck484178,2656,2655,4890,4966,76
Truck483981,2821,2436,4835,4967,132
Truck484120,1339,2437,4875,4967,92
Truck484223,3121,2999,4905,4967,62
Truck483057,2436,2655,4580,4968,388
Truck483781,3331,0,4780,4968,188
Truck483821,2998,3121,4790,4968,178
Truck482424,3122,1338,4405,4969,564
Truck483131,2224,0,4600,4969,369
Truck484076,2437,2822,4865,4969,104
Truck484320,3239,2655,4930,4969,39
Truck484031,2224,2821,4850,4970,120
Truck483075,2436,2224,4585,4971,386
Truck483563,2224,2437,4720,4971,251
Truck484155,2436,2225,4885,4971,86
Truck483594,3122,2822,4730,4972,242
Truck483634,1339,3121,4740,4972,232
Truck482383,1338,3331,4395,4973,578
Truck482385,2655,1338,4395,4973,578
Truck483380,2225,3331,4670,4973,303
Truck483932,2437,3238,4825,4973,148
Truck483969,2655,3238,4835,4973,138
Truck484041,2655,0,4855,4974,119
Truck484094,2437,2998,4870,4974,104
Truck484217,2998,2224,4900,4974,74
Truck483183,2436,1338,4615,4975,360
Truck483570,0,2822,4725,4975,250
Truck483616,1339,2822,4735,4975,240
Truck484140,3239,2822,4880,4975,95
Truck484231,3331,2437,4905,4975,70
Truck482929,3238,2436,4545,4976,431
Truck483581,2224,2436,4725,4976,251
Truck483847,3238,3239,4800,4976,176
Truck484325,2998,2821,4930,4976,46
Truck483052,2999,1338,4580,4977,397
Truck484017,2821,2655,4845,4977,132
Truck484286,2656,2821,4920,4977,57
Truck483725,2224,3239,4765,4978,213
Truck483954,3122,3239,4830,4978,148
Truck484095,2655,1339,4870,4978,108
Truck484124,2656,2998,4875,4978,103
Truck484166,2437,3122,4890,4978,88
Truck483611,3121,2821,4735,4979,244
Truck483666,3122,3121,4750,4979,229
Truck484112,2437,2224,4875,4979,104
Truck484356,3239,1338,4940,4979,39
Truck483201,2436,1338,4620,4980,360
Truck483846,3122,3331,4800,4980,180
Truck484191,2436,2225,4895,4980,85
Truck483599,2224,1338,4730,4981,251
Truck484232,2656,2436,4905,4981,76
Truck484476,3122,1339,4975,4981,6
Truck483070,2999,1338,4585,4982,397
Truck483426,0,2998,4685,4982,297
Truck483630,3122,2821,4740,4982,242
Truck484035,2821,2436,4850,4982,132
Truck484452,0,1339,4970,4982,12
Truck482419,1338,3239,4405,4983,578
Truck483683,3121,3122,4755,4983,228
Truck483746,2656,3238,4770,4983,213
Truck483684,3122,3121,4755,4984,229
Truck483818,2656,0,4790,4984,194
Truck484300,1339,3238,4925,4984,59
Truck483219,2436,1338,4625,4986,361
Truck483472,1339,2225,4695,4986,291
Truck483844,2999,3239,4800,4986,186
Truck483898,2999,3122,4815,4986,171
Truck484007,3121,2437,4845,4986,141
Truck484250,2656,2436,4910,4986,76
Truck483129,2436,2821,4600,4987,387
Truck483271,3238,2225,4640,4987,347
Truck482275,1338,3238,4365,4988,623
Truck482437,1338,2656,4410,4988,578
Truck483434,2225,2224,4685,4988,303
Truck483485,3121,3238,4700,4988,288
Truck484148,2437,0,4885,4988,103
Truck482891,3121,1338,4535,4989,454
Truck483238,1339,2224,4630,4989,359
Truck484315,3238,1339,4930,4989,59
Truck484318,1339,3238,4930,4989,59
Truck484392,3239,2436,4950,4989,39
Truck483407,2998,3238,4675,4990,315
Truck484037,2998,3239,4850,4990,140
Truck484194,3239,2822,4895,4990,95
Truck484285,3331,2437,4920,4990,70
Truck483234,3122,2224,4630,4991,361
Truck483635,2224,2436,4740,4991,251
Truck483862,2999,2655,4805,4991,186
Truck483916,2999,3122,4820,4991,171
Truck484012,1339,3239,4845,4991,146
Truck484268,2656,2436,4915,4991,76
Truck484470,0,3122,4975,4991,16
Truck483147,2436,2655,4605,4992,387
Truck483452,2225,0,4690,4992,302
Truck483907,3331,1339,4815,4992,177
Truck484071,2821,2999,4860,4992,132
Truck482455,1338,2821,4415,4993,578
Truck482509,1338,3122,4430,4993,563
Truck483904,1339,3331,4815,4993,178
Truck484045,3238,2655,4855,4993,138
Truck484059,2655,2822,4860,4993,133
Truck483145,3238,2224,4605,4994,389
Truck483665,3121,2998,4750,4994,244
Truck483899,3121,2225,4815,4994,179
Truck484072,2822,2225,4860,4994,134
Truck484410,3239,2225,4955,4994,39
Truck484534,1339,3122,4990,4994,4
Truck483525,2436,2437,4710,4995,285
Truck484303,3331,2999,4925,4995,70
Truck483880,2999,2655,4810,4996,186
Truck483165,2436,3331,4610,4997,387
Truck484089,2821,2437,4865,4997,132
Truck484118,2225,2999,4875,4997,122
Truck484358,2656,2822,4940,4997,57
Truck484359,2821,2656,4940,4997,57
Truck483470,2225,3239,4695,4998,303
Truck483523,3238,3121,4710,4998,288
Truck483793,3238,2656,4785,4998,213
Truck484238,2437,3122,4910,4998,88
Truck484330,2999,3121,4935,4998,63
Truck482532,3122,1338,4435,4999,564
Truck483908,2656,3122,4815,4999,184
Truck484090,2822,1338,4865,4999,134
Truck482851,1338,2437,4525,5000,475
Truck483711,2821,3122,4760,5000,240
Truck483918,3122,3331,4820,5000,180
Truck484321,3331,2999,4930,5000,70
Truck482527,1338,1339,4435,5001,566
Truck483270,3122,2224,4640,5001,361
Truck483524,2225,1339,4710,5001,291
Truck483676,2822,0,4750,5001,251
Truck483325,3238,2225,4655,5002,347
Truck483604,2822,3238,4730,5002,272
Truck484107,2821,2225,4870,5002,132
Truck484357,3331,2821,4940,5002,62
Truck483293,2224,1339,4645,5003,358
Truck483933,2655,2998,4825,5003,178
Truck483940,1339,3331,4825,5003,178
Truck484202,2437,0,4900,5003,103
Truck484437,2655,3239,4965,5003,38
Truck483292,1339,2224,4645,5004,359
Truck483696,0,3121,4760,5004,244
Truck484446,3239,2436,4965,5004,39
Truck483561,2436,2437,4720,5005,285
Truck483629,3121,2436,4740,5005,265
Truck484339,3331,2999,4935,5005,70
Truck483915,2655,2999,4820,5006,186
Truck484322,2656,2999,4930,5006,76
Truck483160,2999,1338,4610,5007,397
Truck483501,2655,2225,4705,5007,302
Truck483596,2225,1338,4730,5007,277
Truck483755,3121,1339,4775,5007,232
Truck483760,1339,3121,4775,5007,232
Truck483506,2225,2655,4705,5008,303
Truck483773,3121,3122,4780,5008,228
Truck483965,2998,2999,4830,5008,178
Truck484058,2437,3238,4860,5008,148
Truck484126,2822,3121,4875,5008,133
Truck484220,2437,3239,4905,5009,104
Truck484464,3239,2655,4970,5009,39
Truck483264,0,2224,4640,5010,370
Truck483884,2225,2437,4810,5010,200
Truck483309,2436,1338,4650,5011,361
Truck483572,2437,2436,4725,5011,286
Truck483934,2999,2224,4825,5011,186
Truck484340,2656,2655,4935,5011,76
Truck484143,2821,2436,4880,5012,132
Truck484413,2821,2656,4955,5012,57
Truck483329,2224,1339,4655,5013,358
Truck483737,3121,0,4770,5013,243
Truck483854,2656,3238,4800,5013,213
Truck484080,3122,3239,4865,5013,148
Truck484144,2822,3121,4880,5013,133
Truck484185,2655,0,4895,5014,119
Truck484296,3122,2437,4925,5014,89
Truck484405,3238,1339,4955,5014,59
Truck483729,2821,0,4765,5015,250
Truck483972,3122,3331,4835,5015,180
Truck484182,0,2655,4895,5015,120
Truck483580,1339,2225,4725,5016,291
Truck483590,2437,2436,4730,5016,286
Truck483952,2999,2656,4830,5016,186
Truck484469,2998,2821,4970,5016,46
Truck482545,1338,0,4440,5017,577
Truck483193,1338,2999,4620,5017,397
Truck483319,1338,2436,4655,5017,362
Truck483632,2225,1338,4740,5017,277
Truck483756,3122,2821,4775,5017,242
Truck484068,3239,0,4860,5017,157
Truck484001,2998,2225,4840,5018,178
Truck484135,3238,2655,4880,5018,138
Truck484256,2437,2656,4915,5019,104
Truck484624,1339,3122,5015,5019,4
Truck484211,2224,2821,4900,5020,120
Truck482924,2437,1338,4545,5021,476
Truck483598,1339,2225,4730,5021,291
Truck483743,2224,2655,4770,5021,251
Truck483808,2999,3238,4790,5021,231
Truck483970,2999,2821,4835,5021,186
Truck484429,3331,2822,4960,5021,61
Truck483093,2436,3238,4590,5022,432
Truck483255,2436,2821,4635,5022,387
Truck483397,3238,2225,4675,5022,347
Truck483784,2822,3122,4780,5022,242
Truck484179,2821,2225,4890,5022,132
Truck484180,2822,2436,4890,5022,132
Truck482563,1338,2821,4445,5023,578
Truck483560,2225,3331,4720,5023,303
Truck483901,3238,3331,4815,5023,208
Truck484019,2998,2655,4845,5023,178
Truck484274,2437,3331,4920,5024,104
Truck484332,3122,2437,4935,5024,89
Truck484391,2224,2998,4950,5024,74
Truck484518,3239,2999,4985,5024,39
Truck483801,2821,3122,4785,5025,240
Truck484233,2821,2224,4905,5025,120
Truck484411,3331,3121,4955,5025,70
Truck483360,3122,2224,4665,5026,361
Truck483750,0,2822,4775,5026,251
Truck484394,2656,2225,4950,5026,76
Truck482581,1338,0,4450,5027,577
Truck483273,2436,2656,4640,5027,387
Truck484013,2224,3331,4845,5027,182
Truck484044,3122,2999,4855,5027,172
Truck483578,2225,2821,4725,5028,303
Truck483819,2821,1339,4790,5029,239
Truck484028,2225,3121,4850,5029,179
Truck484292,2437,2655,4925,5029,104
Truck484462,1339,3238,4970,5029,59
Truck483950,2437,2225,4830,5030,200
Truck483328,1339,2436,4655,5031,376
Truck483779,2224,2436,4780,5031,251
Truck484006,2999,0,4845,5031,186
Truck484412,2656,2436,4955,5031,76
Truck484484,2656,2822,4975,5031,56
Truck484371,2436,2225,4945,5032,87
Truck484458,3122,3238,4970,5032,62
Truck482599,1338,2656,4455,5033,578
Truck483943,3331,3238,4825,5033,208
Truck484456,2999,3121,4970,5033,63
Truck483837,2821,1339,4795,5034,239
Truck484043,3121,2225,4855,5034,179
Truck484046,2225,3121,4855,5034,179
Truck484257,2655,0,4915,5034,119
Truck484310,2437,2821,4930,5034,104
Truck484554,3239,2437,4995,5034,39
Truck483802,2822,0,4785,5035,250
Truck484447,3331,2436,4965,5035,70
Truck483641,2998,0,4740,5036,296
Truck484024,2999,3331,4850,5036,186
Truck484430,2656,2655,4960,5036,76
Truck483265,1338,2999,4640,5037,397
Truck483345,2436,1339,4660,5037,377
Truck484503,2821,2656,4980,5037,57
Truck482617,1338,2224,4460,5038,578
Truck483419,2224,1339,4680,5038,358
Truck484073,2998,3121,4860,5038,178
Truck484171,3238,2437,4890,5038,148
Truck484574,2656,3239,5000,5038,38
Truck484594,2822,2821,5005,5038,33
Truck483383,2224,0,4670,5039,369
Truck483827,3121,2822,4795,5039,244
Truck484020,0,3331,4850,5039,189
Truck484234,2822,1338,4905,5039,134
Truck484498,1339,3238,4980,5039,59
Truck484572,3239,2225,5000,5039,39
Truck483747,2821,3238,4770,5040,270
Truck483850,1339,2821,4800,5040,240
Truck484287,2821,2224,4920,5040,120
Truck484465,3331,2225,4970,5040,70
Truck483820,2822,0,4790,5041,251
Truck484042,2999,2998,4855,5041,186
Truck484212,3239,2998,4900,5041,141
Truck483327,2436,2224,4655,5042,387
Truck484239,2655,2822,4910,5042,132
Truck482473,1338,3238,4420,5043,623
Truck482635,1338,2656,4465,5043,578
Truck484091,2998,2437,4865,5043,178
Truck484189,3238,2437,4895,5043,148
Truck484252,2822,2225,4910,5043,133
Truck484346,2437,0,4940,5043,103
Truck484590,3239,2656,5005,5043,38
Truck483845,3121,2998,4800,5044,244
Truck484516,1339,3238,4985,5044,59
Truck483013,1338,2437,4570,5045,475
Truck483706,1339,2998,4760,5045,285
Truck483873,2821,3122,4805,5045,240
Truck484062,3122,2656,4860,5045,185
Truck484235,2998,3239,4905,5045,140
Truck482689,1338,1339,4480,5046,566
Truck483833,2224,2655,4795,5046,251
Truck484466,2656,3121,4970,5046,76
Truck484269,2821,2999,4915,5047,132
Truck484538,2656,2822,4990,5047,57
Truck484539,2821,2656,4990,5047,57
Truck482653,1338,3239,4470,5048,578
Truck482707,1338,3122,4485,5048,563
Truck483399,2436,3122,4675,5048,373
Truck483650,2225,2656,4745,5048,303
Truck483863,3121,0,4805,5048,243
Truck483997,3331,3238,4840,5048,208
Truck484379,2998,2656,4945,5048,103
Truck484510,2999,3121,4985,5048,63
Truck482712,3122,1338,4485,5049,564
Truck483103,1338,3121,4595,5049,454
Truck483795,2436,3121,4785,5049,264
Truck484270,2822,2436,4915,5049,134
Truck484364,2437,2821,4945,5049,104
Truck483855,2821,0,4800,5050,250
Truck484501,3331,2999,4980,5050,70
Truck483704,2225,1339,4760,5051,291
Truck483851,2224,1338,4800,5051,251
Truck484074,0,2999,4865,5051,186
Truck484248,3239,2998,4910,5051,141
Truck483445,1338,2436,4690,5052,362
Truck483505,3238,2225,4705,5052,347
Truck483758,2225,1338,4775,5052,277
Truck484122,3239,3238,4875,5052,177
Truck484275,2655,2821,4920,5052,132
Truck484288,2822,1338,4920,5052,132
Truck484312,2999,2225,4930,5052,122
Truck484557,2821,2656,4995,5052,57
Truck483363,2436,2224,4665,5053,388
Truck483668,2225,3331,4750,5053,303
Truck483721,3238,3121,4765,5053,288
Truck483935,3121,3122,4825,5053,228
Truck484644,3239,3331,5020,5053,33
Truck483881,3121,2655,4810,5054,244
Truck484382,2437,2822,4950,5054,104
Truck483909,2821,3122,4815,5055,240
Truck484098,3122,2656,4870,5055,185
Truck483381,2436,2821,4670,5056,386
Truck483724,1339,2225,4765,5056,291
Truck483869,2224,2436,4805,5056,251
Truck484502,2656,2437,4980,5056,76
Truck484613,2998,2821,5010,5056,46
Truck483681,2655,2225,4755,5057,302
Truck483900,3122,2821,4815,5057,242
Truck483910,2822,3122,4815,5057,242
Truck483686,2225,2822,4755,5058,303
Truck484145,2998,2436,4880,5058,178
Truck484306,2822,2437,4925,5058,133
Truck484400,2437,0,4955,5058,103
Truck484555,3331,2822,4995,5058,63
Truck483139,1338,3121,4605,5059,454
Truck483928,2822,1339,4820,5059,239
Truck483811,3238,2821,4790,5060,270
Truck484064,2225,2437,4860,5060,200
Truck484537,3331,2436,4990,5060,70
Truck484114,2999,0,4875,5061,186
Truck484266,3239,1339,4915,5061,146
Truck484520,2656,2999,4985,5061,76
Truck484722,0,3122,5045,5061,16
Truck483541,3238,2225,4715,5062,347
Truck484141,3331,2224,4880,5062,182
Truck484323,2821,2437,4930,5062,132
Truck484575,2821,3331,5000,5062,62
Truck484750,1339,0,5050,5062,12
Truck484138,1339,2656,4880,5063,183
Truck484297,3238,2655,4925,5063,138
Truck484419,2655,2437,4960,5063,103
Truck483401,2224,3238,4675,5064,389
Truck484151,3121,2225,4885,5064,179
Truck483677,2998,3238,4750,5065,315
Truck483829,3238,2821,4795,5065,270
Truck483838,2822,3238,4795,5065,270
Truck484362,0,2655,4945,5065,120
Truck484373,2224,2821,4945,5065,120
Truck484497,2436,2225,4980,5065,85
Truck484065,2436,2999,4860,5066,206
Truck484132,2999,2656,4880,5066,186
Truck484175,2224,2656,4890,5066,176
Truck484746,3122,0,5050,5066,16
Truck483417,2436,2822,4680,5067,387
Truck483812,2225,1338,4790,5067,277
Truck483936,3122,2821,4825,5067,242
Truck484558,2822,2224,4995,5067,72
Truck483468,3122,2436,4695,5068,373
Truck483722,2225,2224,4765,5068,303
Truck483775,3238,3121,4780,5068,288
Truck484156,1339,2656,4885,5068,183
Truck484181,2998,2655,4890,5068,178
Truck484451,2998,2656,4965,5068,103
Truck483788,2437,2436,4785,5069,284
Truck484342,2822,1338,4935,5069,134
Truck483685,3238,2998,4755,5070,315
Truck483927,2821,0,4820,5070,250
Truck484186,2999,1339,4895,5070,175
Truck484573,3331,1338,5000,5070,70
Truck484150,2999,2224,4885,5071,186
Truck484556,2656,2437,4995,5071,76
Truck483435,2436,0,4685,5072,387
Truck483792,3122,2998,4785,5072,287
Truck483740,2225,2821,4770,5073,303
Truck483791,3121,3238,4785,5073,288
Truck483885,2436,3121,4810,5073,263
Truck484199,2998,2436,4895,5073,178
Truck484508,2437,3122,4985,5073,88
Truck482802,3122,1338,4510,5074,564
Truck484146,0,3331,4885,5074,189
Truck483874,2822,3238,4805,5075,270
Truck484621,3238,3122,5015,5075,60
Truck483453,2436,2224,4690,5076,386
Truck483507,2436,3122,4705,5076,371
Truck484168,2999,2822,4890,5076,186
Truck484825,3331,2656,5070,5076,6
Truck484284,3239,0,4920,5077,157
Truck484377,2821,2437,4945,5077,132
Truck482761,1338,2821,4500,5078,578
Truck483809,3121,3238,4790,5078,288
Truck484203,2655,2998,4900,5078,178
Truck484213,3331,3122,4900,5078,178
Truck484378,2822,2999,4945,5078,133
Truck484472,2437,0,4975,5078,103
Truck484544,2437,2999,4995,5078,83
Truck483504,3122,2436,4705,5079,374
Truck483883,3238,2822,4810,5079,269
Truck483971,3121,2224,4835,5079,244
Truck483994,1339,2822,4840,5079,239
Truck484196,2656,3122,4895,5079,184
Truck484589,2224,2822,5005,5079,74
Truck484609,3331,3121,5010,5080,70
Truck483948,0,2822,4830,5081,251
Truck483959,2224,2436,4830,5081,251
Truck484794,0,3122,5065,5081,16
Truck484800,3122,0,5065,5081,16
Truck483828,3122,2998,4795,5082,287
Truck484395,2821,3121,4950,5082,132
Truck484424,2225,2999,4960,5082,122
Truck483776,2225,2224,4780,5083,303
Truck483917,3121,2436,4820,5083,263
Truck483990,3122,2822,4840,5083,243
Truck484210,1339,2656,4900,5083,183
Truck484290,0,3239,4925,5083,158
Truck483473,2224,3238,4695,5084,389
Truck483545,2224,0,4715,5084,369
Truck483989,3121,2821,4840,5084,244
Truck484660,1339,3238,5025,5084,59
Truck483522,3122,2436,4710,5085,375
Truck483857,2998,1339,4800,5085,285
Truck482833,1338,1339,4520,5086,566
Truck483832,1339,2225,4795,5086,291
Truck483977,2224,3121,4835,5086,251
Truck484204,2999,0,4900,5086,186
Truck484610,2656,2225,5010,5086,76
Truck482797,1338,0,4510,5087,577
Truck483489,2436,2822,4700,5087,387
Truck483966,0,2822,4835,5087,252
Truck484249,3331,1339,4910,5087,177
Truck484401,2655,2821,4955,5087,132
Truck484630,2822,2224,5015,5087,72
Truck484655,3121,2999,5025,5087,62
Truck483794,2225,3239,4785,5088,303
Truck484414,2822,2999,4955,5088,133
Truck484002,0,3121,4845,5089,244
Truck484678,1339,3238,5030,5089,59
Truck484752,3239,2999,5050,5089,39
Truck484876,1339,3122,5085,5089,4
Truck484639,3238,0,5020,5090,70
Truck484675,3238,3122,5030,5090,60
Truck483984,0,2821,4840,5091,251
Truck484222,2999,2821,4905,5091,186
Truck484276,2999,3122,4920,5091,171
Truck484372,1339,3239,4945,5091,146
Truck484880,2656,3331,5085,5091,6
Truck484066,1339,3121,4860,5092,232
Truck484431,2821,3121,4960,5092,132
Truck482815,1338,3239,4515,5093,578
Truck483617,2224,1339,4735,5093,358
Truck483865,3238,3121,4805,5093,288
Truck483957,2436,3121,4830,5093,263
Truck484025,3121,0,4850,5093,243
Truck484159,3331,3238,4885,5093,208
Truck484271,2998,3121,4915,5093,178
Truck484374,3239,3122,4945,5093,148
Truck483509,2224,3238,4705,5094,389
Truck484432,2822,1338,4960,5094,134
Truck484526,2437,2998,4990,5094,104
Truck484696,1339,3238,5035,5094,59
Truck483361,3238,2436,4665,5096,431
Truck483579,2436,3122,4725,5096,371
Truck483913,1338,2225,4820,5096,276
Truck484403,3121,2437,4955,5096,141
Truck484580,2437,1339,5005,5097,92
Truck483830,2225,2822,4795,5098,303
Truck484153,3238,2656,4885,5098,213
Truck484157,2224,3239,4885,5098,213
Truck484280,2225,3121,4920,5099,179
Truck483588,0,2224,4730,5100,370
Truck484036,2822,0,4850,5100,250
Truck484681,3331,2999,5030,5100,70
Truck483911,2998,3122,4815,5101,286
Truck484258,2999,0,4915,5101,186
Truck483534,0,2436,4715,5102,387
Truck483543,2436,2822,4715,5102,387
Truck484467,2821,1338,4970,5102,132
Truck483848,2225,2821,4800,5103,303
Truck484307,2998,2437,4925,5103,178
Truck484441,3238,2655,4965,5103,138
Truck484468,2822,2999,4970,5103,133
Truck484061,3121,3331,4860,5104,244
Truck484509,2655,0,4985,5104,119
Truck484562,2437,2822,5000,5104,104
Truck484806,3239,1338,5065,5104,39
Truck484117,3238,2999,4875,5105,230
Truck484517,2224,2821,4985,5105,120
Truck484699,3331,2437,5035,5105,70
Truck483648,3122,2224,4745,5106,361
Truck483949,1338,2225,4830,5106,276
Truck484038,0,2821,4855,5106,251
Truck484049,2224,3121,4855,5106,251
Truck484428,3239,1339,4960,5106,146
Truck484436,2437,3121,4965,5106,141
Truck483597,2436,1339,4730,5107,377
Truck484485,2821,2437,4975,5107,132
Truck482871,2655,1338,4530,5108,578
Truck483866,2225,2821,4805,5108,303
Truck484595,2998,2656,5005,5108,103
Truck483559,3238,2224,4720,5109,389
Truck483670,1339,2224,4750,5109,359
Truck484824,3239,3121,5070,5109,39
Truck483999,2821,3238,4840,5110,270
Truck484659,2436,2225,5025,5110,85
Truck484717,3331,1338,5040,5110,70
Truck483615,2436,1339,4735,5111,376
Truck483939,2436,2437,4825,5111,286
Truck484067,2224,2655,4860,5111,251
Truck484294,2999,2656,4925,5111,186
Truck484454,2437,3121,4970,5111,141
Truck484658,2225,2436,5025,5111,86
Truck484920,0,1339,5100,5112,12
Truck484930,1339,0,5100,5112,12
Truck482887,1338,2822,4535,5113,578
Truck484097,3121,0,4870,5113,243
Truck484473,2655,3238,4975,5113,138
Truck484598,2437,0,5010,5113,103
Truck484860,3239,3331,5080,5113,33
Truck484648,2822,3239,5020,5114,94
Truck484672,2999,2437,5030,5114,84
Truck484765,3238,1339,5055,5114,59
Truck484768,1339,3238,5055,5114,59
Truck483689,2224,3122,4755,5115,360
Truck483938,2225,1339,4825,5116,291
Truck484085,2224,2655,4865,5116,251
Truck484308,0,2999,4930,5116,186
Truck484311,2655,2999,4930,5116,186
Truck484677,2436,2225,5030,5116,86
Truck484827,2821,2998,5070,5116,46
Truck483556,2999,1338,4720,5117,397
Truck482743,1338,3238,4495,5118,623
Truck482905,1338,2224,4540,5118,578
Truck483953,3121,3238,4830,5118,288
Truck484336,1339,2656,4935,5118,183
Truck484361,2998,2225,4940,5118,178
Truck484416,0,3239,4960,5118,158
Truck484459,3238,2437,4970,5118,148
Truck484762,2999,3121,5055,5118,63
Truck484110,0,3121,4875,5119,244
Truck484115,3121,2655,4875,5119,244
Truck484733,2224,2822,5045,5119,74
Truck483707,2224,3122,4760,5120,360
Truck483983,2998,1339,4835,5120,285
Truck484350,3122,3331,4940,5120,180
Truck484747,3238,0,5050,5120,70
Truck484753,3331,2436,5050,5120,70
Truck484326,0,2999,4935,5121,186
Truck484736,2656,2225,5045,5121,76
Truck484174,1339,3121,4890,5122,232
Truck484355,2224,3331,4940,5122,182
Truck482922,0,1338,4545,5123,578
Truck482923,1338,2224,4545,5123,578
Truck483609,2655,2436,4735,5123,388
Truck483920,2225,2655,4820,5123,303
Truck484247,2224,3239,4910,5123,213
Truck484267,3331,3238,4915,5123,208
Truck484482,3239,3122,4975,5123,148
Truck484540,2822,2225,4990,5123,133
Truck484646,2656,2998,5020,5123,103
Truck484900,2822,2821,5090,5123,33
Truck484131,2655,3121,4880,5124,244
Truck484634,2437,2821,5020,5124,104
Truck484801,3238,1339,5065,5124,59
Truck484878,3239,3121,5085,5124,39
Truck484125,2821,0,4875,5125,250
Truck484620,3122,2655,5015,5125,110
Truck484771,3331,2436,5055,5125,70
Truck484121,2224,2655,4875,5126,251
Truck484162,2822,3122,4885,5126,241
Truck484348,2999,2822,4940,5126,186
Truck484754,2656,2225,5050,5126,76
Truck484826,2656,2822,5070,5126,56
Truck484956,0,3122,5110,5126,16
Truck484998,3122,1339,5120,5126,6
Truck484582,2999,2225,5005,5127,122
Truck484376,2656,1339,4945,5128,183
Truck484397,2998,3121,4950,5128,178
Truck484490,2437,3238,4980,5128,148
Truck484079,3121,2436,4865,5129,264
Truck484385,3121,2225,4950,5129,179
Truck484810,2822,3331,5065,5129,64
Truck485020,1339,3122,5125,5129,4
Truck484207,3238,2999,4900,5130,230
Truck484611,2821,2224,5010,5130,120
Truck484698,3239,2821,5035,5130,95
Truck484789,3331,2436,5060,5130,70
Truck483651,2436,2656,4745,5131,386
Truck483738,3122,2224,4770,5131,361
Truck484139,2224,2225,4880,5131,251
Truck484536,3239,2998,4990,5131,141
Truck484793,2998,2822,5060,5131,71
Truck484980,3122,0,5115,5131,16
Truck484393,3331,2224,4950,5132,182
Truck484422,3122,2999,4960,5132,172
Truck484818,3122,3238,5070,5132,62
Truck484844,2656,2821,5075,5132,57
Truck482959,1338,3331,4555,5133,578
Truck483956,2225,3239,4830,5133,303
Truck484670,2437,0,5030,5133,103
Truck483413,3121,1338,4680,5134,454
Truck483649,3238,2224,4745,5134,389
Truck484167,2655,3121,4890,5134,244
Truck484169,3121,3331,4890,5134,244
Truck484828,2822,3331,5070,5134,64
Truck483919,3238,2998,4820,5135,315
Truck484161,2821,0,4885,5135,250
Truck484328,2437,2225,4935,5135,200
Truck484344,0,2656,4940,5135,195
Truck484807,3331,2999,5065,5135,70
Truck484010,2225,1339,4845,5136,291
Truck484790,2656,2225,5060,5136,76
Truck485034,3122,1339,5130,5136,6
Truck485041,3331,2656,5130,5136,6
Truck483669,2436,2998,4750,5137,387
Truck484618,2999,2225,5015,5137,122
Truck484862,2656,2821,5080,5137,57
Truck484863,2821,2656,5080,5137,57
Truck482977,1338,2656,4560,5138,578
Truck483031,1338,3122,4575,5138,563
Truck484187,3121,0,4895,5138,243
Truck484671,2655,1339,5030,5138,108
Truck484685,2998,3331,5030,5138,108
Truck484688,2437,0,5035,5138,103
Truck484834,2999,3121,5075,5138,63
Truck484923,2655,3239,5100,5138,38
Truck484215,2821,1339,4900,5139,239
Truck485056,1339,3122,5135,5139,4
Truck484402,2999,2822,4955,5141,186
Truck484808,2656,3121,5065,5141,76
Truck485060,2656,3331,5135,5141,6
Truck483687,2436,2822,4755,5142,387
Truck484206,3122,2822,4900,5142,242
Truck484427,2224,3331,4960,5142,182
Truck485028,0,1339,5130,5142,12
Truck482995,1338,2821,4565,5143,578
Truck483992,2225,2224,4840,5143,303
Truck484133,3121,2436,4880,5143,263
Truck484319,2224,3239,4930,5143,213
Truck484426,1339,2656,4960,5143,183
Truck484581,2655,3238,5005,5143,138
Truck484612,2822,2437,5010,5143,133
Truck484703,2998,3331,5035,5143,108
Truck484205,3121,3331,4900,5144,244
Truck484706,2437,2655,5040,5144,104
Truck484950,3239,3121,5105,5144,39
Truck484197,2821,0,4895,5145,250
Truck484650,0,2655,5025,5145,120
Truck484843,3331,2655,5075,5145,70
Truck483374,2437,1338,4670,5146,476
Truck484093,1338,2225,4870,5146,276
Truck484193,2224,2999,4895,5146,251
Truck484420,2999,2822,4960,5146,186
Truck484937,2998,2821,5100,5146,46
Truck484629,2821,2437,5015,5147,132
Truck484987,3331,3239,5115,5147,32
Truck485046,0,1339,5135,5147,12
Truck483705,2436,2655,4760,5148,388
Truck484455,2655,2998,4970,5148,178
Truck484599,2655,3238,5010,5148,138
Truck484218,0,3121,4905,5149,244
Truck484221,2655,3121,4905,5149,244
Truck484338,3239,2224,4935,5149,214
Truck484480,1339,2999,4975,5149,174
Truck484724,2437,2822,5045,5149,104
Truck484773,2821,3239,5055,5149,94
Truck485092,1339,3122,5145,5149,4
Truck484474,2999,1339,4975,5150,175
Truck484710,3122,2655,5040,5150,110
Truck484861,3331,2437,5080,5150,70
Truck483723,2436,2822,4765,5151,386
Truck483810,3122,2224,4790,5151,361
Truck484438,2999,2655,4965,5151,186
Truck484848,0,3238,5080,5151,71
Truck484955,2998,2821,5105,5151,46
Truck484366,2999,2436,4945,5152,207
Truck484647,2821,2655,5020,5152,132
Truck484897,3331,2821,5090,5152,62
Truck484916,2656,2822,5095,5152,57
Truck484483,3331,3122,4975,5153,178
Truck484617,2655,3238,5015,5153,138
Truck484740,0,2437,5050,5153,103
Truck484743,2655,2437,5050,5153,103
Truck484796,2437,3122,5065,5153,88
Truck484236,0,3121,4910,5154,244
Truck484241,3121,2998,4910,5154,244
Truck484689,2655,0,5035,5154,119
Truck484742,2437,2822,5050,5154,104
Truck484859,2224,2998,5080,5154,74
Truck483778,1339,2436,4780,5155,375
Truck483991,3238,2998,4840,5155,315
Truck484851,2655,2656,5080,5155,75
Truck484879,3331,1338,5085,5155,70
Truck483085,1338,1339,4590,5156,566
Truck483410,2437,1338,4680,5156,476
Truck483823,1338,2436,4795,5156,361
Truck484608,3239,1339,5010,5156,146
Truck483741,2436,2821,4770,5157,387
Truck484260,3122,2822,4915,5157,242
Truck484500,3239,3238,4980,5157,177
Truck484665,2821,2999,5025,5157,132
Truck484917,2821,3331,5095,5157,62
Truck483049,1338,2821,4580,5158,578
Truck484775,2998,2656,5055,5158,103
Truck483815,2224,0,4790,5159,369
Truck484259,3121,2998,4915,5159,244
Truck484809,2821,3239,5065,5159,94
Truck484927,3238,1339,5100,5159,59
Truck485004,3239,2437,5120,5159,39
Truck484715,2224,2821,5040,5160,120
Truck484719,2821,2224,5040,5160,120
Truck483759,2436,0,4775,5161,386
Truck483841,1338,2436,4800,5161,361
Truck484637,3121,2437,5020,5161,141
Truck485131,3331,2656,5155,5161,6
Truck483067,1338,0,4585,5162,577
Truck484278,3122,2821,4920,5162,242
Truck484499,2224,3331,4980,5162,182
Truck484683,2821,3121,5030,5162,132
Truck485100,0,1339,5150,5162,12
Truck483121,1338,3122,4600,5163,563
Truck484519,3331,3122,4985,5163,178
Truck484523,2998,2655,4985,5163,178
Truck484626,3239,3122,5015,5163,148
Truck484653,2655,3238,5025,5163,138
Truck484924,2999,3121,5100,5163,63
Truck485040,3239,3331,5130,5163,33
Truck483757,3238,2224,4775,5164,389
Truck483761,2224,3238,4775,5164,389
Truck484277,3121,2998,4920,5164,244
Truck484778,2437,2821,5060,5164,104
Truck484836,3122,2437,5075,5164,89
Truck485022,3239,3121,5125,5164,39
Truck483814,1339,2436,4790,5165,375
Truck484130,2437,2436,4880,5165,285
Truck484198,2822,3238,4895,5165,270
Truck484305,2821,3122,4925,5165,240
Truck484915,3331,2225,5095,5165,70
Truck483613,3238,2436,4735,5166,431
Truck483813,2436,1339,4790,5166,376
Truck484165,1338,2225,4890,5166,276
Truck484265,2224,2437,4915,5166,251
Truck484488,0,2999,4980,5166,186
Truck484492,2999,2822,4980,5166,186
Truck484898,2656,2436,5090,5166,76
Truck483777,2436,2224,4780,5167,387
Truck484944,3122,3238,5105,5167,62
Truck484082,2225,2998,4865,5168,303
Truck484527,2655,2998,4990,5168,178
Truck484638,3122,3239,5020,5168,148
Truck484779,2655,1339,5060,5168,108
Truck484295,3121,2821,4925,5169,244
Truck484552,1339,2999,4995,5169,174
Truck483840,0,2224,4800,5170,370
Truck484546,2999,1339,4995,5170,175
Truck484842,3239,2821,5075,5170,95
Truck484127,2998,0,4875,5171,296
Truck484283,2224,2225,4920,5171,251
Truck485160,3122,1339,5165,5171,6
Truck484314,3122,2821,4930,5172,242
Truck484858,1339,2437,5080,5172,92
Truck484100,2225,3331,4870,5173,303
Truck484423,3238,2656,4960,5173,213
Truck484614,0,3239,5015,5173,158
Truck484662,3239,3122,5025,5173,148
Truck484720,2822,2999,5040,5173,133
Truck485058,3239,2656,5135,5173,38
Truck485076,3239,3331,5140,5173,33
Truck484313,3121,3239,4930,5174,244
Truck484981,3238,1339,5115,5174,59
Truck484951,3331,1338,5105,5175,70
Truck484584,3122,2999,5005,5177,172
Truck484737,2821,2999,5045,5177,132
Truck484893,2436,2225,5090,5177,87
Truck484989,2821,3331,5115,5177,62
Truck484170,3122,2225,4890,5178,288
Truck484448,2656,3238,4965,5178,213
Truck484563,2655,2998,5000,5178,178
Truck484577,2998,2436,5000,5178,178
Truck484822,1339,2655,5070,5178,108
Truck483922,1339,2224,4820,5179,359
Truck484184,2437,2436,4895,5179,284
Truck484331,3121,2998,4935,5179,244
Truck484832,2437,3239,5075,5179,104
Truck484890,3122,2437,5090,5179,89
Truck485200,1339,3122,5175,5179,4
Truck483868,1339,2436,4805,5180,375
Truck484243,3238,2821,4910,5180,270
Truck484360,2822,1339,4940,5180,240
Truck484506,0,2656,4985,5180,195
Truck484384,2999,3238,4950,5181,231
Truck484600,2999,3122,5010,5181,171
Truck484952,2656,2655,5105,5181,76
Truck483790,2999,1338,4785,5182,397
Truck483831,2436,2656,4795,5182,387
Truck483973,3238,2225,4835,5182,347
Truck483974,2225,3238,4835,5182,347
Truck484755,2821,2436,5050,5182,132
Truck484780,2999,2225,5060,5182,122
Truck484136,2225,3331,4880,5183,303
Truck484591,3331,3122,5005,5183,178
Truck484725,2655,3238,5045,5183,138
Truck484850,2437,0,5080,5183,103
Truck485094,3239,2656,5145,5183,38
Truck485096,2656,3239,5145,5183,38
Truck484261,3238,2822,4915,5184,269
Truck484542,0,3331,4995,5184,189
Truck484967,2224,2822,5110,5184,74
Truck484973,2998,2224,5110,5184,74
Truck484109,2998,3238,4870,5185,315
Truck484341,2821,0,4935,5185,250
Truck483849,2436,2655,4800,5186,386
Truck484337,2224,2225,4935,5186,251
Truck484761,2655,2822,5055,5186,131
Truck483886,1339,2436,4810,5187,377
Truck484164,0,2998,4890,5187,297
Truck484408,1339,3121,4955,5187,232
Truck484802,2225,2999,5065,5187,122
Truck484904,2437,1339,5095,5187,92
Truck484154,2225,2821,4885,5188,303
Truck484421,3121,3122,4960,5188,228
Truck484477,3238,2656,4975,5188,213
Truck484774,2822,2225,5055,5188,133
Truck484868,2437,2822,5085,5189,104
Truck485005,3331,2225,5120,5190,70
Truck484255,1338,2225,4915,5191,276
Truck484172,2225,0,4890,5192,302
Truck484627,3331,1339,5015,5192,177
Truck484791,2821,1338,5060,5192,132
Truck484792,2822,3121,5060,5192,132
Truck485149,3331,3239,5160,5192,32
Truck483177,2655,1338,4615,5193,578
Truck484225,3238,3121,4905,5193,288
Truck484513,3238,3331,4985,5193,208
Truck484606,1339,2656,5010,5193,183
Truck484729,3238,2437,5045,5193,148
Truck484734,3239,3122,5045,5193,148
Truck484383,2655,3121,4950,5194,244
Truck484869,2655,3122,5085,5194,109
Truck484886,2437,2224,5090,5194,104
Truck484935,2821,3239,5100,5194,94
Truck485130,3239,2655,5155,5194,39
Truck484995,2655,2656,5120,5195,75
Truck485023,3331,2437,5125,5195,70
Truck484228,1339,2225,4905,5196,291
Truck484528,2999,2436,4990,5196,206
Truck485006,2656,2999,5120,5196,76
Truck485010,0,3238,5125,5196,71
Truck484649,2998,2999,5020,5198,178
Truck484887,2655,1339,5090,5198,108
Truck484901,2998,3331,5090,5198,108
Truck483647,3121,1338,4745,5199,454
Truck484398,0,3121,4955,5199,244
Truck484592,2656,0,5005,5199,194
Truck484628,2656,3122,5015,5199,184
Truck483571,1338,2437,4725,5200,475
Truck484264,1339,2998,4915,5200,285
Truck484324,2822,3238,4930,5200,270
Truck484396,2822,0,4950,5201,251
Truck485044,2822,2998,5130,5202,72
Truck483213,2655,1338,4625,5203,578
Truck484797,2655,3238,5065,5203,138
Truck484919,2998,3331,5095,5203,108
Truck485068,2999,3121,5140,5203,63
Truck483905,2224,3238,4815,5204,389
Truck484353,2436,3121,4940,5204,264
Truck485039,2224,2998,5130,5204,74
Truck484281,2436,2437,4920,5205,285
Truck484656,3122,3331,5025,5205,180
Truck484811,2998,3239,5065,5205,140
Truck484409,2224,2655,4955,5206,251
Truck484636,2999,3239,5020,5206,186
Truck484682,2656,2224,5030,5206,176
Truck485250,3122,0,5190,5206,16
Truck483274,1339,1338,4640,5207,567
Truck484440,3122,2821,4965,5207,242
Truck484663,3331,2224,5025,5207,182
Truck485114,2656,2822,5150,5207,57
Truck483229,1338,2656,4630,5208,578
Truck483283,1338,3122,4645,5208,563
Truck483921,2436,2821,4820,5208,388
Truck484226,2225,2224,4905,5208,303
Truck484549,3238,2656,4995,5208,213
Truck484553,2224,3239,4995,5208,213
Truck484664,2656,1339,5025,5208,183
Truck484819,3238,2655,5070,5208,138
Truck484833,2655,2822,5075,5208,133
Truck484846,2822,3121,5075,5208,133
Truck484938,0,2437,5105,5208,103
Truck484940,2437,0,5105,5208,103
Truck485202,3239,3331,5175,5208,33
Truck483288,3122,1338,4645,5209,564
Truck484030,1339,2224,4850,5209,359
Truck484439,3121,2656,4965,5209,244
Truck485014,2999,2437,5125,5209,84
Truck485110,1339,3238,5150,5209,59
Truck485184,3239,2437,5170,5209,39
Truck484926,3122,2655,5100,5210,110
Truck484986,3239,2821,5115,5210,95
Truck484029,2436,1338,4850,5211,361
Truck484654,2999,0,5025,5211,186
Truck485268,3122,0,5195,5211,16
Truck484081,3238,2225,4865,5212,347
Truck484864,2822,2436,5080,5212,132
Truck484994,2437,1339,5120,5212,92
Truck485280,0,1339,5200,5212,12
Truck483247,1338,2655,4635,5213,578
Truck484244,2225,2655,4910,5213,303
Truck484958,2437,0,5110,5213,103
Truck484970,2656,2998,5110,5213,103
Truck483701,3121,1338,4760,5214,454
Truck483941,2224,3238,4825,5214,389
Truck484457,3121,3331,4970,5214,244
Truck484512,3122,3121,4985,5214,229
Truck484449,2821,0,4965,5215,250
Truck484450,2822,0,4965,5215,250
Truck484902,0,2655,5095,5215,120
Truck485085,2655,3331,5145,5215,70
Truck483626,2437,1338,4740,5216,476
Truck484289,2998,0,4920,5216,296
Truck484445,2224,2999,4965,5216,251
Truck484788,3239,0,5060,5217,157
Truck484262,2225,2821,4915,5218,303
Truck484966,1339,2655,5110,5218,108
Truck485048,2437,2999,5135,5218,83
Truck485211,2655,3239,5180,5218,38
Truck485220,3239,2656,5180,5218,38
Truck483719,3121,1338,4765,5219,454
Truck484530,3122,3121,4990,5219,229
Truck484668,0,3331,5030,5219,189
Truck484700,2656,3122,5035,5219,184
Truck484959,2655,3122,5110,5219,109
Truck484976,2437,2656,5115,5219,104
Truck485093,2224,2998,5145,5219,74
Truck484387,3238,2821,4950,5220,270
Truck484504,2822,1339,4980,5220,240
Truck484531,3238,2999,4990,5220,230
Truck484692,3122,2656,5035,5220,185
Truck485103,2655,3331,5150,5220,70
Truck485107,3238,0,5150,5220,70
Truck485113,3331,2225,5150,5220,70
Truck483975,2436,2655,4835,5221,386
Truck484463,2224,2437,4970,5221,251
Truck484623,2436,2999,5015,5221,206
Truck484686,0,2999,5035,5221,186
Truck484899,2821,3121,5090,5222,132
Truck485151,2821,3331,5160,5222,62
Truck484718,2656,1339,5040,5223,183
Truck484735,3331,3122,5045,5223,178
Truck484739,2998,2437,5045,5223,178
Truck484491,2655,3121,4980,5224,244
Truck484493,3121,2998,4980,5224,244
Truck485117,2998,2224,5150,5224,74
Truck484253,2998,3238,4910,5225,315
Truck483337,1338,1339,4660,5226,566
Truck484381,1338,2225,4950,5226,276
Truck484481,2224,2436,4975,5226,251
Truck484707,2655,2999,5040,5226,186
Truck484708,2999,2656,5040,5226,186
Truck485366,2656,3331,5220,5226,6
Truck484486,2822,0,4975,5227,252
Truck484522,2822,3122,4985,5227,242
Truck484905,2655,2822,5095,5227,132
Truck485167,3331,2822,5165,5227,62
Truck483301,1338,2821,4650,5228,578
Truck483993,2436,2998,4840,5228,388
Truck484103,2224,1339,4870,5228,358
Truck484645,3331,3238,5020,5228,208
Truck485013,2655,2437,5125,5228,103
Truck484511,3121,2822,4985,5229,244
Truck484566,3122,3121,5000,5229,229
Truck484704,0,3331,5040,5229,189
Truck484745,3121,2225,5050,5229,179
Truck485012,2437,2998,5125,5229,104
Truck485256,3239,3121,5190,5229,39
Truck484564,2999,3238,5000,5231,231
Truck484726,2999,2998,5045,5231,186
Truck485334,0,3122,5215,5231,16
Truck484011,2436,2655,4845,5232,387
Truck484048,1339,2436,4855,5232,377
Truck484770,3239,3238,5055,5232,177
Truck485152,2822,2224,5160,5232,72
Truck483373,1338,3122,4670,5233,563
Truck484316,2225,3239,4930,5233,303
Truck484367,3121,3238,4945,5233,288
Truck484936,2822,2999,5100,5233,133
Truck485102,2437,2999,5150,5233,83
Truck484005,2655,2436,4845,5234,389
Truck484524,0,3121,4990,5234,244
Truck484529,3121,3331,4990,5234,244
Truck484763,3121,2225,5055,5234,179
Truck484977,2655,0,5115,5234,119
Truck485274,3239,2999,5195,5234,39
Truck484521,2821,0,4985,5235,250
Truck484764,3122,3331,5055,5235,180
Truck485016,3122,2655,5125,5235,110
Truck484116,3122,2224,4875,5236,361
Truck484744,2999,3239,5050,5236,186
Truck483867,2436,3238,4805,5237,432
Truck484548,3122,2821,4995,5237,242
Truck484982,2225,2999,5115,5237,122
Truck483175,1338,3238,4615,5238,623
Truck484475,3121,2436,4975,5238,263
Truck485283,2655,3239,5200,5238,38
Truck484027,3238,2224,4850,5239,389
Truck484545,2655,3121,4995,5239,244
Truck484570,1339,2822,5000,5239,239
Truck485165,2224,2998,5165,5239,74
Truck484388,2225,1339,4950,5241,291
Truck484415,2998,3122,4955,5241,286
Truck484535,2224,2436,4990,5241,251
Truck485168,2656,1338,5165,5241,76
Truck485420,2656,3331,5235,5241,6
Truck484084,1339,2436,4865,5242,377
Truck484137,2436,1338,4880,5242,362
Truck484190,2225,3238,4895,5242,347
Truck484971,2821,2436,5110,5242,132
Truck485000,2225,2999,5120,5242,122
Truck485223,2821,3331,5180,5242,62
Truck483355,1338,3239,4665,5243,578
Truck484352,2225,3331,4940,5243,303
Truck484914,3239,3122,5095,5243,148
Truck485332,2822,2821,5210,5243,33
Truck484565,3121,2822,5000,5244,244
Truck484680,3239,2224,5030,5244,214
Truck485066,2437,2998,5140,5244,104
Truck485124,3122,2437,5155,5244,89
Truck485310,3239,3121,5205,5244,39
Truck483733,1338,2437,4770,5245,475
Truck484433,2998,1339,4960,5245,285
Truck484593,2821,3122,5005,5245,240
Truck485025,2821,2224,5125,5245,120
Truck485112,3239,2822,5150,5245,95
Truck485190,0,3238,5175,5246,71
Truck484208,2225,3238,4900,5247,347
Truck484896,3239,0,5090,5247,157
Truck485347,3331,3239,5215,5247,32
Truck483903,2436,3238,4815,5248,433
Truck484370,2225,2822,4945,5248,303
Truck484829,2998,2437,5070,5248,178
Truck485099,2998,2656,5145,5248,103
Truck484772,2656,0,5055,5249,194
Truck484840,1339,2999,5075,5249,174
Truck485084,2437,2821,5145,5249,104
Truck484333,3238,2998,4935,5250,315
Truck484343,2998,3238,4935,5250,315
Truck485221,3331,3121,5180,5250,70
Truck484571,2224,2437,5000,5251,251
Truck484798,2999,3331,5065,5251,186
Truck484968,3239,2998,5110,5251,141
Truck485208,0,3238,5180,5251,71
Truck485315,2998,2821,5205,5251,46
Truck485007,2821,2436,5120,5252,132
Truck485434,1339,0,5240,5252,12
Truck483391,1338,2655,4675,5253,578
Truck484083,2436,2655,4865,5253,388
Truck484380,0,2225,4950,5253,303
Truck484847,2998,2436,5075,5253,178
Truck485008,2822,1338,5120,5253,133
Truck484077,2655,2436,4865,5254,389
Truck484601,3121,2822,5010,5254,244
Truck484716,3239,2224,5040,5254,214
Truck484852,2999,1339,5080,5255,175
Truck484991,2998,3239,5115,5255,140
Truck485088,3122,2655,5145,5255,110
Truck484444,1339,2225,4965,5256,291
Truck484855,3238,3239,5080,5256,176
Truck485222,2656,2436,5180,5256,76
Truck485424,0,3122,5240,5256,16
Truck484101,2436,0,4870,5257,387
Truck484841,2224,3331,5075,5257,182
Truck484872,3122,2999,5085,5257,172
Truck485275,3331,2821,5195,5257,62
Truck485385,2821,2822,5225,5257,32
Truck483409,1338,2821,4680,5258,578
Truck484406,2225,2998,4955,5258,303
Truck484547,3121,2436,4995,5258,263
Truck484865,2998,2999,5080,5258,178
Truck485121,2655,2437,5155,5258,103
Truck485132,2656,2998,5155,5258,103
Truck484099,3238,2224,4870,5259,389
Truck484619,3121,2224,5015,5259,244
Truck485120,2437,2821,5155,5259,104
Truck485237,2224,2998,5185,5259,74
Truck484487,2998,1339,4975,5260,285
Truck485106,3122,2655,5150,5260,110
Truck485166,3239,2821,5165,5260,95
Truck485287,3238,3122,5200,5260,60
Truck484607,2224,2436,5010,5261,251
Truck485240,2656,2225,5185,5261,76
Truck485349,2821,2998,5215,5261,46
Truck484078,2999,1338,4865,5262,397
Truck484119,2436,0,4875,5262,387
Truck485043,2821,2999,5130,5262,132
Truck485460,0,1339,5250,5262,12
Truck483427,1338,2821,4685,5263,578
Truck484883,2998,2225,5085,5263,178
Truck484666,2822,1339,5025,5264,239
Truck485138,2437,3331,5160,5264,104
Truck484505,2998,1339,4980,5265,285
Truck484693,3238,2999,5035,5265,230
Truck484625,2224,2437,5015,5266,251
Truck484895,2224,2656,5090,5266,176
Truck485258,2656,2999,5190,5266,76
Truck484279,3238,2225,4920,5267,347
Truck485062,2822,2999,5135,5267,132
Truck485278,2822,2998,5195,5267,72
Truck484442,2225,3239,4965,5268,303
Truck484495,3238,3121,4980,5268,288
Truck484769,2224,3239,5055,5268,213
Truck484999,3238,2437,5120,5268,148
Truck485153,2998,3331,5160,5268,108
Truck485422,2822,2821,5235,5268,33
Truck484246,1339,2224,4910,5269,359
Truck485156,2437,2224,5165,5269,104
Truck485326,1339,3238,5210,5269,59
Truck484567,3238,2821,5000,5270,270
Truck485115,2821,2224,5150,5270,120
Truck484576,2822,3238,5000,5271,271
Truck484870,2999,0,5085,5271,186
Truck485276,2656,3121,5195,5271,76
Truck483463,1338,0,4695,5272,577
Truck483508,1339,1338,4705,5272,567
Truck484298,2225,3238,4925,5272,347
Truck485067,2655,2821,5140,5272,132
Truck485296,2822,2224,5200,5272,72
Truck484460,2225,2821,4970,5273,303
Truck485080,2822,1338,5140,5273,133
Truck485436,3239,3331,5240,5273,33
Truck484229,2224,0,4905,5274,369
Truck484673,3121,3239,5030,5274,244
Truck485174,2437,3239,5170,5274,104
Truck485063,2998,3239,5135,5275,140
Truck485311,3331,2225,5205,5275,70
Truck483842,2437,1338,4800,5276,476
Truck484173,2436,3239,4890,5276,386
Truck484661,2224,2655,5025,5276,251
Truck484888,2999,2655,5090,5276,186
Truck483481,1338,0,4700,5277,577
Truck484816,2999,2436,5070,5277,207
Truck485097,2821,2436,5145,5277,132
Truck484478,2225,2998,4975,5278,303
Truck485204,2656,2998,5175,5278,103
Truck484603,3238,2822,5010,5279,269
Truck484691,3121,2822,5035,5279,244
Truck484224,3122,2436,4905,5280,375
Truck484532,2225,1339,4990,5281,291
Truck484559,2998,3122,4995,5281,286
Truck484679,2224,2655,5030,5281,251
Truck484684,2822,0,5030,5281,251
Truck484945,3238,3239,5105,5281,176
Truck484949,2224,2656,5105,5281,176
Truck485312,2656,2225,5205,5281,76
Truck485384,2656,2822,5225,5281,56
Truck485423,2998,2821,5235,5281,46
Truck484334,2225,3238,4935,5282,347
Truck484933,3331,2224,5100,5282,182
Truck485386,2822,2656,5225,5282,57
Truck485475,2821,2822,5250,5282,32
Truck483499,1338,3331,4705,5283,578
Truck484496,2225,2656,4980,5283,303
Truck484709,3121,3239,5040,5284,244
Truck484701,2821,0,5035,5285,250
Truck484732,1339,2821,5045,5285,240
Truck484738,2822,1339,5045,5285,240
Truck484874,2225,2437,5085,5285,200
Truck484963,3238,3239,5110,5286,176
Truck485330,2656,2999,5210,5286,76
Truck485538,3122,0,5270,5286,16
Truck484209,2436,2656,4900,5287,387
Truck485134,2822,2999,5155,5287,132
Truck485350,2822,2998,5215,5287,72
Truck483517,1338,2822,4710,5288,578
Truck484047,2436,3238,4855,5288,433
Truck484514,2225,2655,4985,5288,303
Truck485071,3238,2437,5140,5288,148
Truck485494,2822,2821,5255,5288,33
Truck484727,3121,2224,5045,5289,244
Truck485472,3239,1338,5250,5289,39
Truck484588,1339,2998,5005,5290,285
Truck484783,3238,2999,5060,5290,230
Truck484962,3122,3331,5110,5290,180
Truck485187,2821,2224,5170,5290,120
Truck485365,3331,2225,5220,5290,70
Truck484227,2436,3331,4905,5291,386
Truck483535,1338,0,4715,5292,577
Truck484369,3238,2225,4945,5292,347
Truck485290,1339,2437,5200,5292,92
Truck485246,2437,0,5190,5293,103
Truck484301,2224,0,4925,5294,369
Truck485304,3122,2437,5205,5294,89
Truck485490,3239,3121,5255,5294,39
Truck484605,2436,2437,5010,5295,285
Truck485383,3331,2655,5225,5295,70
Truck484327,1338,2436,4935,5296,361
Truck484960,2999,2224,5110,5296,186
Truck485477,2998,2821,5250,5296,46
Truck485618,2656,3331,5290,5296,6
Truck484245,2436,2998,4910,5297,387
Truck484550,2225,0,4995,5297,302
Truck485169,2821,2436,5165,5297,132
Truck485194,2999,2225,5175,5297,122
Truck485411,3121,2999,5235,5297,62
Truck483553,1338,2822,4720,5298,578
Truck484969,3331,0,5110,5298,188
Truck485009,2998,1338,5120,5298,178
Truck485254,1339,2655,5190,5298,108
Truck485257,3331,2998,5190,5298,108
Truck485526,3239,3331,5265,5298,33
Truck484988,2656,3122,5115,5299,184
Truck485170,2822,1338,5165,5299,134
Truck485264,2437,3239,5195,5299,104
Truck485508,3239,2436,5260,5299,39
Truck484756,2822,0,5050,5300,250
Truck484786,1339,2822,5060,5300,240
Truck484922,2437,2225,5100,5300,200
Truck484263,2436,2224,4915,5301,386
Truck484751,2224,2225,5050,5301,251
Truck484906,2999,2436,5095,5301,206
Truck484978,2999,0,5115,5301,186
Truck485024,2656,2224,5125,5301,176
Truck485437,3331,2822,5240,5301,61
Truck484568,2225,0,5000,5302,302
Truck484622,2225,3122,5015,5302,287
Truck484782,3122,2822,5060,5302,242
Truck485547,2821,2822,5270,5302,32
Truck485027,2998,2225,5125,5303,178
Truck484804,1339,2822,5065,5304,239
Truck484541,2998,3238,4990,5305,315
Truck484837,3238,2999,5075,5305,230
Truck485226,0,2655,5185,5305,120
Truck485419,3331,2999,5235,5305,70
Truck484317,2436,1339,4930,5306,376
Truck484368,3122,2224,4945,5306,361
Truck484702,2822,3238,5035,5306,271
Truck484758,0,2822,5055,5306,251
Truck484992,0,2999,5120,5306,186
Truck484996,2999,2822,5120,5306,186
Truck484240,2999,1338,4910,5307,397
Truck485052,3122,2999,5135,5307,172
Truck485205,2821,1338,5175,5307,132
Truck483589,1338,2224,4730,5308,578
Truck484578,0,2225,5005,5308,303
Truck484913,2224,3239,5095,5308,213
Truck485045,2998,2999,5130,5308,178
Truck485206,2822,2436,5175,5308,133
Truck484652,2437,2436,5025,5309,284
Truck484799,3121,3239,5065,5309,244
Truck485300,2437,3239,5205,5309,104
Truck485544,3239,2225,5270,5309,39
Truck484667,2998,1339,5025,5310,285
Truck484631,2998,0,5015,5311,296
Truck484642,1339,2225,5020,5311,291
Truck484787,2224,2225,5060,5311,251
Truck485059,3331,1339,5135,5312,177
Truck485362,1339,2437,5220,5312,92
Truck484604,2225,2656,5010,5313,303
Truck484657,3238,3121,5025,5313,288
Truck484934,2656,3238,5100,5313,213
Truck485224,2822,2225,5180,5313,133
Truck484817,3121,2998,5070,5314,244
Truck484932,3239,2224,5100,5314,214
Truck485562,3239,2436,5275,5314,39
Truck484354,1339,2436,4940,5315,375
Truck485262,0,2655,5195,5315,120
Truck485455,3331,2999,5245,5315,70
Truck484404,3122,2224,4955,5316,361
Truck485032,2999,2656,5130,5316,186
Truck485077,3331,1339,5140,5317,177
Truck485148,3239,0,5160,5317,157
Truck485458,2822,2998,5245,5317,72
Truck483625,1338,2655,4740,5318,578
Truck483679,1338,3122,4755,5318,563
Truck484674,3122,2225,5030,5318,288
Truck485136,0,3239,5160,5318,158
Truck485179,3238,2437,5170,5318,148
Truck485229,2655,2822,5185,5318,133
Truck485242,2822,2655,5185,5318,133
Truck484830,0,3121,5075,5319,244
Truck484835,3121,2998,5075,5319,244
Truck485336,2437,2821,5215,5319,104
Truck484767,2436,3121,5055,5320,265
Truck485382,3239,2821,5225,5320,95
Truck484676,2225,1339,5030,5321,291
Truck484815,2655,2224,5070,5321,251
Truck484823,2224,1338,5070,5321,251
Truck485049,2655,2999,5135,5321,186
Truck485210,2437,3121,5180,5321,141
Truck485456,2656,1338,5245,5321,76
Truck484635,2655,2225,5020,5322,302
Truck484730,2225,1338,5045,5322,277
Truck484854,3122,2821,5080,5322,242
Truck485259,2821,2225,5190,5322,132
Truck485288,2225,2999,5200,5322,122
Truck483643,1338,2224,4745,5323,578
Truck484335,2436,2224,4935,5323,388
Truck484640,2225,2821,5020,5323,303
Truck484781,3121,2436,5060,5323,263
Truck485074,1339,2656,5140,5323,183
Truck485078,2656,1339,5140,5323,183
Truck484853,3121,2655,5080,5324,244
Truck485042,2656,0,5130,5324,194
Truck485337,2655,3122,5215,5324,109
Truck485598,3239,2436,5285,5324,39
Truck484881,2821,3122,5085,5325,240
Truck485018,2225,2437,5125,5325,200
Truck485243,2998,3239,5185,5325,140
Truck485491,3331,2437,5255,5325,70
Truck484721,2998,3122,5040,5326,286
Truck485238,3239,2998,5185,5326,141
Truck485718,3122,1339,5320,5326,6
Truck484912,1339,3121,5095,5327,232
Truck485265,2655,2821,5195,5327,132
Truck483661,1338,2998,4750,5328,578
Truck485247,2655,3238,5190,5328,138
Truck484351,3238,2224,4940,5329,389
Truck485105,3121,2225,5150,5329,179
Truck485430,3122,2437,5240,5329,89
Truck485616,3239,2437,5290,5329,39
Truck485030,2437,2225,5130,5330,200
Truck485261,2998,3239,5190,5330,140
Truck485331,2821,2224,5210,5330,120
Truck484461,2436,1338,4970,5332,362
Truck485537,3121,2999,5270,5332,62
Truck484889,3121,0,5090,5333,243
Truck485017,3238,3331,5125,5333,208
Truck485095,3331,0,5145,5333,188
Truck485135,2998,2437,5155,5333,178
Truck485228,2437,3238,5185,5333,148
Truck485507,2224,2822,5260,5334,74
Truck484757,2998,1339,5050,5335,285
Truck485499,2655,2656,5260,5335,75
Truck485527,3331,2655,5265,5335,70
Truck485557,3238,3122,5275,5335,60
Truck484866,0,2821,5085,5336,251
Truck484882,2822,0,5085,5336,251
Truck484942,2999,3238,5105,5336,231
Truck485104,2999,2998,5150,5336,186
Truck485267,3121,2437,5195,5336,141
Truck484389,2436,2821,4950,5337,387
Truck484694,2225,0,5035,5337,302
Truck485301,2655,2822,5205,5337,132
Truck485313,2821,1338,5205,5337,132
Truck483697,1338,2998,4760,5338,578
Truck483699,2655,1338,4760,5338,578
Truck484908,3122,2822,5095,5338,243
Truck485314,2822,2437,5205,5338,133
Truck485554,2999,3121,5275,5338,63
Truck485654,2656,3239,5300,5338,38
Truck484907,3121,2655,5095,5339,244
Truck485144,2225,3121,5160,5339,179
Truck485408,2437,2822,5235,5339,104
Truck484760,2437,2436,5055,5340,285
Truck485487,2436,2225,5255,5340,85
Truck484494,3122,2224,4980,5341,361
Truck484884,0,2822,5090,5341,251
Truck485272,1339,3239,5195,5341,146
Truck485548,2822,2998,5270,5342,72
Truck485583,2821,3331,5280,5342,62
Truck483715,1338,2224,4765,5343,578
Truck484712,2225,3239,5040,5343,303
Truck485150,2656,1339,5160,5343,183
Truck485164,1339,3331,5165,5343,178
Truck485171,2998,2225,5165,5343,178
Truck485269,3238,2437,5195,5343,148
Truck485427,2655,2437,5240,5343,103
Truck485438,2656,2998,5240,5343,103
Truck483774,3122,1338,4780,5344,564
Truck484925,3121,2821,5100,5344,244
Truck485426,2437,3331,5240,5344,104
Truck485670,3239,2225,5305,5344,39
Truck484515,2436,1338,4985,5345,360
Truck484845,2821,3238,5075,5345,270
Truck484948,1339,2822,5105,5345,240
Truck485563,3331,2655,5275,5345,70
Truck484425,2436,2998,4960,5346,386
Truck485303,3121,2437,5205,5346,141
Truck485546,2656,1338,5270,5346,76
Truck485798,2656,3331,5340,5346,6
Truck483577,3238,1338,4725,5348,623
Truck485185,3331,3122,5170,5348,178
Truck485189,2998,2225,5170,5348,178
Truck485620,2822,2656,5290,5348,58
Truck485391,2655,0,5230,5349,119
Truck485444,2437,3239,5245,5349,104
Truck484972,2822,1339,5110,5350,240
Truck485403,2821,2224,5230,5350,120
Truck485581,3331,2437,5280,5350,70
Truck484931,2224,2225,5100,5351,251
Truck485157,2655,2999,5165,5351,186
Truck485158,2999,3239,5165,5351,186
Truck485564,2656,3121,5275,5351,76
Truck484443,2436,0,4965,5352,387
Truck484585,3238,2225,5005,5352,347
Truck484586,2225,3238,5005,5352,347
Truck485367,2821,2436,5220,5352,132
Truck485368,2822,2655,5220,5352,132
Truck485725,3331,3239,5320,5352,32
Truck484748,2225,2656,5050,5353,303
Truck485203,3331,3122,5175,5353,178
Truck485474,2656,2998,5250,5353,103
Truck485462,2437,3331,5250,5354,104
Truck484129,1338,2437,4880,5355,475
Truck484953,2821,0,5105,5355,250
Truck484990,2822,1339,5115,5355,240
Truck485593,3238,0,5285,5355,70
Truck485582,2656,2436,5280,5356,76
Truck484954,2822,0,5105,5357,252
Truck485540,2225,2436,5270,5357,87
Truck483607,1338,3238,4735,5358,623
Truck483771,2655,1338,4780,5358,578
Truck484299,2436,3238,4925,5358,433
Truck484766,2225,2821,5055,5358,303
Truck485225,2998,2437,5180,5358,178
Truck485328,3239,3122,5210,5358,148
Truck484979,3121,2821,5115,5359,244
Truck485216,2225,3121,5180,5359,179
Truck485480,2437,2224,5255,5359,104
Truck485724,3239,2225,5320,5359,39
Truck485002,1339,2821,5120,5360,240
Truck485154,0,2656,5165,5360,195
Truck485617,3331,3121,5290,5360,70
Truck484479,2436,3239,4975,5361,386
Truck485127,2436,2999,5155,5361,206
Truck485248,2999,3122,5190,5361,171
Truck485354,2437,3121,5220,5361,141
Truck485709,2821,2998,5315,5361,46
Truck485852,2656,3331,5355,5361,6
Truck485404,2822,2999,5230,5362,132
Truck483787,1338,2822,4785,5363,578
Truck484784,2225,2998,5060,5363,303
Truck485236,1339,3331,5185,5363,178
Truck485239,3331,3122,5185,5363,178
Truck485742,3239,2656,5325,5363,38
Truck484857,2436,2437,5080,5364,284
Truck484929,2436,3121,5100,5364,264
Truck484997,3121,2821,5120,5364,244
Truck485231,3121,2225,5185,5364,179
Truck485498,2437,2224,5260,5364,104
Truck485665,3238,1339,5305,5364,59
Truck484918,2822,3238,5095,5365,270
Truck485162,2225,2437,5165,5365,200
Truck485050,2999,3238,5135,5366,231
Truck485212,2999,3239,5180,5366,186
Truck483805,1338,0,4790,5367,577
Truck485026,2822,3122,5125,5367,242
Truck485051,3121,1339,5135,5367,232
Truck485358,3122,3239,5220,5368,148
Truck485364,3239,3122,5220,5368,148
Truck485395,3238,2655,5230,5368,138
Truck485778,3239,3331,5335,5368,33
Truck484943,3121,2436,5105,5369,264
Truck485015,3121,2998,5125,5369,244
Truck485516,2437,2655,5265,5369,104
Truck485633,2224,2998,5295,5369,74
Truck484560,0,2224,5000,5370,370
Truck483859,1338,1339,4805,5371,566
Truck485003,2224,2655,5120,5371,251
Truck485230,2999,2224,5185,5371,186
Truck485745,2821,2998,5325,5371,46
Truck485747,2998,2821,5325,5371,46
Truck484910,2225,1338,5095,5372,277
Truck485286,3122,2999,5200,5372,172
Truck485440,2822,2655,5240,5372,132
Truck485464,2999,2225,5250,5372,122
Truck485570,2437,1339,5280,5372,92
Truck485797,3331,3239,5340,5372,32
Truck484820,2225,2821,5070,5373,303
Truck484871,3121,3238,5085,5373,288
Truck485532,0,2437,5270,5373,103
Truck485534,2437,2998,5270,5374,104
Truck485613,2436,2225,5290,5375,85
Truck485021,2224,2655,5125,5376,251
Truck485856,0,3122,5360,5376,16
Truck485906,2656,3331,5370,5376,6
Truck484533,2436,0,4990,5377,387
Truck484838,2225,0,5075,5377,302
Truck485176,2999,2436,5170,5377,207
Truck485292,3239,3238,5200,5377,177
Truck485674,2822,2224,5305,5377,72
Truck484643,2224,1339,5020,5378,358
Truck485297,2998,2436,5200,5378,178
Truck485545,3331,2998,5270,5378,108
Truck485550,0,2437,5275,5378,103
Truck485552,2437,3331,5275,5379,104
Truck485675,2998,2224,5305,5379,74
Truck485496,0,2655,5260,5380,120
Truck485511,2821,2224,5260,5380,120
Truck485602,2822,3239,5285,5380,95
Truck484892,2225,1339,5090,5381,291
Truck485031,2655,2224,5130,5381,251
Truck485199,2436,2999,5175,5381,206
Truck484551,2436,2998,4995,5382,387
Truck484641,2436,1338,5020,5382,362
Truck485500,2999,2225,5260,5382,122
Truck484856,2225,2656,5080,5383,303
Truck485186,2656,3238,5170,5383,213
Truck485308,1339,3331,5205,5383,178
Truck485370,0,3239,5225,5383,158
Truck485418,3239,3122,5235,5383,148
Truck485069,3121,2655,5140,5384,244
Truck485098,2822,1339,5145,5384,239
Truck485061,2821,0,5135,5385,250
Truck485244,0,2656,5190,5385,195
Truck484407,2436,3238,4955,5386,431
Truck484569,2436,2224,5000,5386,386
Truck485057,2224,1338,5135,5386,251
Truck485122,2999,3238,5155,5386,231
Truck485690,2656,2225,5310,5386,76
Truck485799,2821,2998,5340,5386,46
Truck485493,2821,1338,5255,5387,132
Truck485710,2822,2998,5315,5387,72
Truck483877,1338,2655,4810,5388,578
Truck485293,3331,0,5200,5388,188
Truck485333,2998,1338,5210,5388,178
Truck485019,2436,3121,5125,5389,264
Truck485087,3121,2821,5145,5389,244
Truck485832,3239,2437,5350,5389,39
Truck484632,0,2224,5020,5390,370
Truck485079,2821,0,5140,5390,250
Truck485252,2225,2437,5190,5390,200
Truck485322,3122,3331,5210,5390,180
Truck484587,2436,2822,5005,5391,386
Truck485075,2224,1338,5140,5391,251
Truck485140,2999,3238,5160,5391,231
Truck485302,2999,3331,5205,5391,186
Truck485329,3331,2224,5210,5392,182
Truck485346,3239,3238,5215,5392,177
Truck485512,2822,2655,5260,5392,132
Truck485763,2821,3331,5330,5392,62
Truck485780,2656,2821,5335,5392,57
Truck485938,1339,0,5380,5392,12
Truck483895,1338,2656,4815,5393,578
Truck485116,2822,3122,5150,5393,243
Truck485233,3238,3331,5185,5393,208
Truck485351,2998,2999,5215,5393,178
Truck485454,3239,3122,5245,5393,148
Truck485604,0,2437,5290,5393,103
Truck484349,3121,1338,4940,5394,454
Truck485133,2821,1339,5155,5394,239
Truck485294,2656,0,5200,5394,194
Truck485606,2437,2998,5290,5394,104
Truck485656,2822,3239,5300,5394,94
Truck484697,2224,3122,5035,5395,360
Truck485161,3238,2999,5165,5395,230
Truck485592,3122,2655,5285,5395,110
Truck485652,3239,2821,5300,5395,95
Truck485743,3331,2999,5325,5395,70
Truck485320,2999,2998,5210,5396,186
Truck485726,2656,2436,5320,5396,76
Truck485730,0,3238,5325,5396,71
Truck485345,2224,3331,5215,5397,182
Truck485779,3331,2821,5335,5397,62
Truck483751,1338,3238,4775,5398,623
Truck483967,1338,3122,4835,5398,563
Truck484961,3121,3238,5110,5398,288
Truck485348,2656,1339,5215,5398,183
Truck485369,2998,2655,5220,5398,178
Truck485530,2822,2655,5265,5398,133
Truck485622,0,2437,5295,5398,103
Truck485636,2656,2998,5295,5398,103
Truck485123,3121,2821,5155,5399,244
Truck485316,0,3331,5210,5399,189
Truck485380,1339,2999,5225,5399,174
Truck485035,3238,2821,5130,5400,270
Truck485298,0,2656,5205,5400,195
Truck485513,2998,3239,5260,5400,140
Truck485111,2224,3121,5150,5401,251
Truck485338,2999,2822,5215,5401,186
Truck485266,2999,2436,5195,5402,207
Truck483769,1338,3238,4780,5403,623
Truck483931,1338,2821,4825,5403,578
Truck484928,2225,2822,5100,5403,303
Truck485373,2655,2998,5225,5403,178
Truck485640,0,2437,5300,5403,103
Truck485642,2437,0,5300,5403,103
Truck485816,2656,2822,5345,5403,58
Truck485141,3121,3239,5160,5404,244
Truck485375,3121,2225,5225,5404,179
Truck485886,3239,2999,5365,5404,39
Truck485597,2224,2821,5285,5405,120
Truck485628,3122,2655,5295,5405,110
Truck485355,2655,2999,5220,5406,186
Truck485356,2999,2656,5220,5406,186
Truck485402,2656,2224,5230,5406,176
Truck485400,3239,3238,5230,5407,177
Truck485565,2821,2999,5275,5407,132
Truck485782,2822,2998,5335,5407,72
Truck484946,2225,2822,5105,5408,303
Truck485401,3331,3122,5230,5408,178
Truck485405,2998,2437,5230,5408,178
Truck485503,3238,2437,5260,5408,148
Truck485806,2999,3121,5345,5408,63
Truck484008,3122,1338,4845,5409,564
Truck485159,3121,2224,5165,5409,244
Truck485214,3122,3121,5180,5409,229
Truck485643,2655,3122,5300,5409,109
Truck485660,2437,2224,5305,5409,104
Truck485734,2999,2437,5325,5409,84
Truck486028,1339,3122,5405,5409,4
Truck484909,3238,2998,5095,5410,315
Truck485182,1339,2821,5170,5410,240
Truck485318,2437,2225,5210,5410,200
Truck485147,2224,2437,5160,5411,251
Truck485826,3122,3238,5350,5412,62
Truck485853,2821,2656,5355,5412,57
Truck486010,1339,0,5400,5412,12
Truck485398,1339,2656,5230,5413,183
Truck485671,3331,2998,5305,5413,108
Truck485177,3121,2821,5170,5414,244
Truck485678,2437,3331,5310,5414,104
Truck485922,3239,2655,5375,5414,39
Truck485038,1339,2998,5130,5415,285
Truck485567,2998,3239,5275,5415,140
Truck485815,3331,1338,5345,5415,70
Truck485392,2999,3239,5230,5416,186
Truck485431,3238,3239,5240,5416,176
Truck485802,0,3238,5345,5416,71
Truck485036,2225,3122,5130,5417,287
Truck485601,2821,1338,5285,5417,132
Truck485630,2225,2999,5295,5417,122
Truck485732,2437,1339,5325,5417,92
Truck485844,3122,3238,5355,5417,62
Truck483985,1338,2655,4840,5418,578
Truck484974,0,2225,5115,5418,303
Truck485033,3121,3238,5130,5418,288
Truck485694,0,2437,5315,5418,103
Truck485696,2437,0,5315,5418,103
Truck484728,3122,2436,5045,5419,374
Truck485940,3239,2655,5380,5419,39
Truck485188,2822,0,5170,5420,250
Truck485833,3331,2437,5350,5420,70
Truck485183,2224,2225,5170,5421,251
Truck485409,2655,2999,5235,5421,186
Truck485560,1339,3239,5275,5421,146
Truck484695,2436,2821,5035,5422,387
Truck485607,2655,2821,5290,5422,132
Truck485836,2822,2224,5350,5422,72
Truck484003,1338,2224,4845,5423,578
Truck484057,1338,3122,4860,5423,563
Truck485125,3238,2822,5155,5423,268
Truck485452,1339,3331,5245,5423,178
Truck485459,2998,2655,5245,5423,178
Truck485888,2656,2822,5365,5423,58
Truck484453,1338,3121,4970,5424,454
Truck485213,3121,3331,5180,5424,244
Truck485406,0,3331,5235,5424,189
Truck485447,3121,2225,5245,5424,179
Truck485661,2655,0,5305,5424,119
Truck485958,3239,2999,5385,5424,39
Truck485081,2998,1339,5140,5425,285
Truck485700,3122,2655,5315,5425,110
Truck485201,2224,3121,5175,5426,251
Truck485428,2999,3239,5240,5426,186
Truck485471,2224,2656,5250,5426,176
Truck485834,2656,2436,5350,5426,76
Truck486036,0,3122,5410,5426,16
Truck486086,2656,3331,5420,5426,6
Truck484713,2436,2656,5040,5427,387
Truck485453,2224,3331,5245,5427,182
Truck485637,2821,2655,5295,5427,132
Truck485638,2822,2437,5295,5427,132
Truck485995,3331,3239,5395,5427,32
Truck484021,1338,3331,4850,5428,578
Truck485470,1339,3331,5250,5428,178
Truck485976,3239,2656,5390,5428,38
Truck485260,2822,1339,5190,5429,239
Truck484399,1338,2437,4955,5430,475
Truck485869,3331,2999,5360,5430,70
Truck484075,1338,1339,4865,5431,566
Truck485219,2224,2437,5180,5431,251
Truck485446,2999,2998,5245,5431,186
Truck484690,2999,1338,5035,5432,397
Truck484873,3238,2225,5085,5432,347
Truck485473,3331,2224,5250,5432,182
Truck485684,2225,2999,5310,5432,122
Truck485794,1339,2437,5340,5432,92
Truck486013,3331,3239,5400,5432,32
Truck484039,1338,2822,4855,5433,578
Truck484731,2436,2822,5045,5433,388
Truck484805,2224,0,5065,5434,369
Truck485249,3121,2822,5190,5434,244
Truck485824,2999,2437,5350,5434,84
Truck485873,2998,2224,5360,5434,74
Truck485466,3122,2656,5250,5435,185
Truck485796,3239,2821,5340,5435,95
Truck484418,2437,1338,4960,5436,476
Truck484749,2436,2224,5050,5436,386
Truck485090,2225,1339,5145,5436,291
Truck485624,2437,3121,5295,5436,141
Truck485634,3239,2998,5295,5436,141
Truck485870,2656,2436,5360,5436,76
Truck485580,3239,0,5280,5437,157
Truck485673,2821,2437,5305,5437,132
Truck485054,2225,2656,5135,5438,303
Truck485492,2656,1339,5255,5438,183
Truck486014,2656,3239,5400,5438,38
Truck485195,3121,2436,5175,5439,264
Truck485751,2655,3122,5330,5439,109
Truck485295,2821,3122,5200,5440,240
Truck485814,3239,2821,5345,5440,95
Truck485905,3331,3121,5370,5440,70
Truck485255,2224,2999,5190,5441,251
Truck485410,2999,2436,5235,5441,206
Truck485482,2999,2224,5255,5441,186
Truck485525,2224,2656,5265,5441,176
Truck485692,2822,2655,5310,5442,132
Truck485960,2656,2821,5385,5442,57
Truck486051,2821,2822,5410,5442,32
Truck484877,2224,1339,5085,5443,358
Truck485072,2225,2655,5140,5443,303
Truck485517,2655,2998,5265,5443,178
Truck485531,2998,2225,5265,5443,178
Truck485787,2655,2437,5340,5443,103
Truck484134,3122,1338,4880,5444,564
Truck485217,2436,3121,5180,5444,264
Truck485510,2656,3122,5260,5444,184
Truck485522,2225,3121,5265,5444,179
Truck485786,2437,2655,5340,5444,104
Truck485903,2224,2822,5370,5444,74
Truck485341,3238,2999,5215,5445,230
Truck484785,2436,3239,5060,5446,386
Truck485273,2224,2225,5195,5446,251
Truck485959,3331,2821,5385,5447,62
Truck484147,1338,3122,4885,5448,563
Truck485142,3122,2225,5160,5448,288
Truck485509,3331,0,5260,5448,188
Truck485804,2437,0,5345,5448,103
Truck484152,3122,1338,4885,5449,564
Truck484894,1339,2224,5090,5449,359
Truck485528,2656,3122,5265,5449,184
Truck485862,3122,2437,5360,5449,89
Truck486048,3239,3121,5410,5449,39
Truck485053,3238,2998,5135,5450,315
Truck485478,0,2656,5255,5450,195
Truck485520,3122,2656,5265,5450,185
Truck485850,3239,2822,5355,5450,95
Truck484803,2436,2655,5065,5451,386
Truck485688,3239,2998,5310,5451,141
Truck485924,2656,2436,5375,5451,76
Truck485727,2821,2655,5320,5452,132
Truck483955,3238,1338,4830,5453,623
Truck484111,1338,2821,4875,5453,578
Truck485108,2225,2656,5150,5453,303
Truck485344,1339,2822,5215,5453,238
Truck485697,2655,3238,5315,5453,138
Truck485823,2655,2437,5350,5453,103
Truck485321,3121,2224,5210,5454,244
Truck485578,1339,2999,5280,5454,174
Truck486066,3239,2655,5415,5454,39
Truck485241,2821,3238,5185,5455,270
Truck485868,3239,2822,5360,5455,95
Truck485309,2224,2999,5205,5456,251
Truck485374,2999,3238,5225,5456,231
Truck485536,2999,2998,5270,5456,186
Truck485575,3238,3239,5280,5456,176
Truck485706,3239,2998,5315,5456,141
Truck486144,0,3122,5440,5456,16
Truck484821,2436,3331,5070,5457,387
Truck484964,2225,3238,5110,5457,347
Truck485340,3122,2822,5215,5457,242
Truck485746,2822,2655,5325,5457,132
Truck485770,2999,2225,5335,5457,122
Truck484812,0,2436,5070,5458,388
Truck485126,2225,2822,5155,5458,303
Truck485449,3238,2656,5245,5458,213
Truck485585,2998,2225,5280,5458,178
Truck485986,2999,3121,5395,5458,63
Truck484583,3121,1338,5005,5459,454
Truck485251,3238,2822,5190,5459,269
Truck485339,3121,2822,5215,5459,244
Truck486208,1339,3122,5455,5459,4
Truck485192,2437,2436,5175,5460,285
Truck485556,3122,2656,5275,5460,185
Truck485977,3331,2225,5390,5460,70
Truck484839,2436,2822,5075,5461,386
Truck485327,2224,2999,5210,5461,251
Truck485717,3121,2437,5320,5461,141
Truck486162,0,3122,5445,5461,16
Truck486032,2656,2821,5405,5462,57
Truck485285,3121,2436,5200,5463,263
Truck485589,2655,2998,5285,5463,178
Truck485603,2998,2999,5285,5463,178
Truck485851,3331,2998,5355,5463,108
Truck485855,2998,3331,5355,5463,108
Truck485352,0,3121,5220,5464,244
Truck485357,3121,2821,5220,5464,244
Truck485412,3122,3121,5235,5464,229
Truck485594,2225,3121,5285,5464,179
Truck485858,2437,2655,5360,5464,104
Truck485904,3239,2822,5370,5464,94
Truck486102,3239,2655,5425,5464,39
Truck485277,2821,3238,5195,5465,270
Truck485198,2225,1339,5175,5466,291
Truck485572,2999,3239,5280,5466,186
Truck485978,2656,3121,5390,5466,76
Truck485982,0,3238,5395,5466,71
Truck486033,2821,3331,5405,5467,62
Truck485621,2998,2436,5290,5468,178
Truck485948,2437,2999,5385,5468,83
Truck485568,0,3331,5280,5469,189
Truck485600,2656,3122,5285,5469,184
Truck485632,1339,2999,5295,5469,174
Truck485876,2437,2655,5365,5469,104
Truck486120,3239,1338,5430,5469,39
Truck485926,2822,3239,5375,5470,95
Truck484875,2436,2998,5085,5471,386
Truck485207,2998,0,5175,5471,296
Truck485363,2224,2225,5220,5471,251
Truck485996,2656,2437,5395,5471,76
Truck485175,2655,2225,5170,5472,302
Truck485429,3121,1339,5240,5472,232
Truck484183,1338,2822,4895,5473,578
Truck485172,0,2225,5170,5473,303
Truck485180,2225,2656,5170,5473,303
Truck485599,3331,0,5285,5473,188
Truck485800,2822,3121,5340,5473,133
Truck484984,1339,2224,5115,5474,359
Truck485421,2821,1339,5235,5474,239
Truck485894,2437,2224,5370,5474,104
Truck485952,3122,2437,5385,5474,89
Truck486052,2822,3331,5410,5474,64
Truck484985,2224,3122,5115,5475,360
Truck486031,3331,2655,5405,5475,70
Truck485768,2437,3121,5335,5476,141
Truck485653,3331,1339,5300,5477,177
Truck485817,2821,2999,5345,5477,132
Truck485846,2225,2999,5355,5477,122
Truck486087,2821,2656,5420,5477,57
Truck484201,1338,2822,4900,5478,578
Truck485657,2998,2655,5300,5478,178
Truck485910,0,2437,5375,5478,103
Truck485279,2998,1339,5195,5480,285
Truck486049,3331,2655,5410,5480,70
Truck485399,2224,3121,5230,5481,251
Truck485626,2999,2656,5295,5481,186
Truck485789,3121,2437,5340,5481,141
Truck486053,2998,2822,5410,5481,71
Truck484965,2436,3122,5110,5482,372
Truck484219,1338,2998,4905,5483,578
Truck484911,2436,3239,5095,5483,388
Truck485809,3238,2655,5345,5483,138
Truck485361,2436,3121,5220,5484,264
Truck485484,3122,3121,5255,5484,229
Truck485930,2437,2998,5380,5484,104
Truck485588,2437,2225,5285,5485,200
Truck485664,3122,3331,5305,5485,180
Truck486067,3331,3121,5415,5485,70
Truck486097,3238,3122,5425,5485,60
Truck485417,2224,2225,5235,5486,251
Truck485448,3122,2822,5245,5486,241
Truck485644,2999,3239,5300,5486,186
Truck486050,2656,2655,5410,5486,76
Truck484237,1338,2224,4910,5488,578
Truck485234,2225,2224,5185,5488,303
Truck485689,3331,3122,5310,5488,178
Truck485693,2998,2436,5310,5488,178
Truck485791,3238,2437,5340,5488,148
Truck485931,2655,1339,5380,5488,108
Truck485445,2655,3121,5245,5489,244
Truck485476,2822,1339,5250,5489,239
Truck485672,2656,3122,5305,5489,184
Truck485895,2655,0,5370,5489,119
Truck485682,3122,3331,5310,5490,180
Truck485837,2998,3239,5350,5490,140
Truck486085,3331,2437,5420,5490,70
Truck484616,2437,1338,5015,5491,476
Truck485662,2999,3239,5305,5491,186
Truck485701,3238,3239,5315,5491,176
Truck486068,2656,2437,5415,5491,76
Truck484947,2436,2224,5105,5492,387
Truck485687,2224,3331,5310,5492,182
Truck485871,2821,2655,5360,5492,132
Truck486088,2822,2224,5420,5492,72
Truck486114,3122,3238,5430,5492,62
Truck484254,0,1338,4915,5493,578
Truck484941,2655,2436,5105,5493,388
Truck485305,3238,3121,5205,5493,288
Truck485704,1339,3331,5315,5493,178
Truck485711,2998,2437,5315,5493,178
Truck485872,2822,3121,5360,5493,133
Truck486232,2822,2821,5460,5493,33
Truck485465,3121,2655,5250,5494,244
Truck485966,2437,2224,5390,5494,104
Truck484633,1338,2437,5020,5495,475
Truck485716,2999,1339,5320,5495,175
Truck486012,3239,2822,5400,5495,95
Truck486103,3331,1338,5425,5495,70
Truck485680,2999,0,5310,5496,186
Truck486294,3122,0,5480,5496,16
Truck485705,2224,3331,5315,5497,182
Truck485707,3331,2224,5315,5497,182
Truck485736,3122,2999,5325,5497,172
Truck485890,2822,2437,5365,5497,132
Truck484273,1338,2655,4920,5498,578
Truck485270,2225,2656,5195,5498,303
Truck485708,2656,1339,5315,5498,183
Truck485729,2998,2655,5320,5498,178
Truck485981,2998,3331,5390,5498,108
Truck485985,2655,2437,5395,5498,103
Truck486044,2225,2436,5410,5498,88
Truck485415,2436,3121,5235,5499,264
Truck485481,2655,3121,5255,5499,244
Truck485483,3121,2822,5255,5499,244
Truck485984,2437,2821,5395,5499,104
Truck485658,0,2656,5305,5500,195
Truck486111,2655,3331,5430,5500,70
Truck485502,3122,2822,5260,5502,242
Truck485907,2821,1338,5370,5502,132
Truck485908,2822,2999,5370,5502,132
Truck484291,1338,2821,4925,5503,578
Truck485635,3331,3238,5295,5503,208
Truck485722,1339,2656,5320,5503,183
Truck485733,2655,2998,5325,5503,178
Truck486268,2822,2821,5470,5503,33
Truck485501,3121,2821,5260,5504,244
Truck485529,2821,1339,5265,5504,239
Truck486246,3239,3121,5465,5504,39
Truck486139,3331,3121,5435,5505,70
Truck485389,1338,2225,5230,5506,276
Truck485489,2224,3121,5255,5506,251
Truck485762,2656,2224,5330,5506,176
Truck485866,1339,3239,5360,5506,146
Truck485913,2655,2822,5375,5506,131
Truck486122,2656,2436,5430,5506,76
Truck485143,3238,2225,5160,5507,347
Truck485772,3122,2999,5335,5507,172
Truck485954,2225,2999,5385,5507,122
Truck486194,2656,2821,5450,5507,57
Truck484309,1338,2822,4930,5508,578
Truck485001,2436,2998,5120,5508,388
Truck485306,2225,2224,5205,5508,303
Truck485765,2998,2999,5330,5508,178
Truck485820,0,3239,5350,5508,158
Truck484759,1338,3121,5055,5509,454
Truck485379,2436,2437,5225,5509,284
Truck485519,3121,2822,5265,5509,244
Truck486137,2224,2998,5435,5509,74
Truck486143,2998,2224,5435,5509,74
Truck485064,0,2224,5140,5510,370
Truck485439,2821,3238,5240,5510,270
Truck485975,2224,2821,5390,5510,120
Truck486129,2655,2656,5435,5510,75
Truck486157,3331,2225,5440,5510,70
Truck486249,2821,2998,5465,5511,46
Truck485943,2821,2436,5380,5512,132
Truck484329,2655,1338,4935,5513,578
Truck485324,2225,2821,5210,5513,303
Truck485651,2224,3239,5300,5513,213
Truck486038,2437,0,5410,5513,103
Truck486282,3239,2656,5475,5513,38
Truck486304,2822,2821,5480,5513,33
Truck484386,3122,1338,4950,5514,564
Truck485128,1339,2224,5155,5514,359
Truck485774,2225,3121,5335,5514,179
Truck485944,2822,2999,5380,5514,134
Truck486021,2655,3122,5405,5514,109
Truck486205,3238,1339,5455,5514,59
Truck486406,1339,3122,5510,5514,4
Truck485457,2821,3238,5245,5515,270
Truck485754,3122,2656,5330,5515,185
Truck485788,2999,1339,5340,5515,175
Truck486175,3331,2436,5445,5515,70
Truck485037,2436,2224,5130,5516,386
Truck485390,2437,2436,5230,5516,286
Truck485752,2999,3239,5330,5516,186
Truck485912,2437,3121,5375,5516,141
Truck486158,2656,1338,5440,5516,76
Truck485394,3122,2998,5230,5517,287
Truck484345,1338,3331,4940,5518,578
Truck484347,2655,1338,4940,5518,578
Truck485342,2225,2822,5215,5518,303
Truck485393,3121,3238,5230,5518,288
Truck485801,2998,2437,5340,5518,178
Truck485962,2822,2225,5385,5518,133
Truck485555,3121,2655,5275,5519,244
Truck485744,2656,0,5325,5519,194
Truck486056,2437,2821,5415,5519,104
Truck485416,1339,2998,5235,5520,285
Truck485543,2224,2999,5270,5521,251
Truck485608,2999,3238,5290,5521,231
Truck486378,0,3122,5505,5521,16
Truck484363,1338,0,4945,5522,577
Truck485055,2436,3239,5135,5522,387
Truck485795,2224,3331,5340,5522,182
Truck485979,2821,2225,5390,5522,132
Truck486004,2999,2225,5400,5522,122
Truck486396,0,1339,5510,5522,12
Truck484365,2655,1338,4945,5523,578
Truck485360,2225,2998,5220,5523,303
Truck485980,2822,3121,5390,5523,133
Truck486320,2656,3239,5485,5523,38
Truck486340,2822,2821,5490,5523,33
Truck485129,2224,0,5155,5524,369
Truck485573,3121,2655,5280,5524,244
Truck486241,3238,1339,5465,5524,59
Truck485118,0,2224,5155,5525,370
Truck485323,3238,2998,5210,5525,315
Truck485596,1339,2821,5285,5525,240
Truck486124,2822,3239,5430,5525,95
Truck486211,3331,2225,5455,5525,70
Truck485109,2436,1339,5150,5526,376
Truck485441,2998,3122,5240,5526,286
Truck485461,1338,2225,5250,5526,276
Truck485553,2655,2224,5275,5526,251
Truck486152,2225,2436,5440,5526,86
Truck485029,1338,2999,5130,5527,397
Truck485215,3238,2225,5180,5527,347
Truck485997,2821,2225,5395,5527,132
Truck486266,2656,2821,5470,5527,57
Truck486414,0,1339,5515,5527,12
Truck485378,2225,2224,5225,5528,303
Truck486082,1339,2655,5420,5528,108
Truck485591,3121,2224,5285,5529,244
Truck485998,2822,2225,5395,5529,134
Truck486075,2655,3122,5420,5529,109
Truck486092,2437,2655,5425,5529,104
Truck486336,3239,3121,5490,5529,39
Truck485647,3238,2999,5300,5530,230
Truck485739,2436,2999,5325,5530,205
Truck486229,3331,2655,5460,5530,70
Truck485145,2436,3122,5160,5531,371
Truck485178,3122,2224,5170,5531,361
Truck485579,2224,2999,5280,5531,251
Truck485956,1339,3239,5385,5531,146
Truck486142,2822,3239,5435,5531,96
Truck486212,2656,2655,5455,5531,76
Truck485650,1339,3121,5300,5532,232
Truck485831,2224,3331,5350,5532,182
Truck486015,2821,3121,5400,5532,132
Truck486284,2656,2821,5475,5532,57
Truck486285,2821,2656,5475,5532,57
Truck485082,0,2436,5145,5533,388
Truck485396,2225,2656,5230,5533,303
Truck485841,2655,2998,5355,5533,178
Truck485953,3238,2437,5385,5533,148
Truck486016,2822,1338,5400,5533,133
Truck486100,1339,2655,5425,5533,108
Truck486356,2656,3239,5495,5533,38
Truck485521,3238,2822,5265,5534,269
Truck486110,2437,2655,5430,5534,104
Truck486354,3239,2436,5495,5534,39
Truck485999,2998,3239,5395,5535,140
Truck486247,3331,2437,5465,5535,70
Truck485196,3122,2224,5175,5536,361
Truck485450,2225,1339,5245,5536,291
Truck485586,0,2821,5285,5536,251
Truck486230,2656,2225,5460,5536,76
Truck485504,2225,1338,5260,5537,277
Truck486172,1339,2437,5445,5537,92
Truck484417,1338,2998,4960,5538,578
Truck485414,2225,2998,5235,5538,303
Truck485559,2436,3121,5275,5538,263
Truck485761,3331,3238,5330,5538,208
Truck486125,2998,3331,5430,5538,108
Truck485218,1339,2224,5180,5539,359
Truck485539,3238,2822,5270,5539,269
Truck486128,2437,2656,5435,5539,104
Truck485387,2998,3238,5225,5540,315
Truck485615,2224,2436,5290,5541,251
Truck486499,3331,2656,5535,5541,6
Truck486500,2656,3331,5535,5541,6
Truck485086,2999,1338,5145,5542,397
Truck485646,3122,2821,5300,5542,242
Truck486076,2999,2225,5420,5542,122
Truck484434,0,1338,4965,5543,578
Truck484435,1338,2822,4965,5543,578
Truck485887,3331,3122,5365,5543,178
Truck486292,2999,3121,5480,5543,63
Truck485645,3121,2822,5300,5544,244
Truck485760,3239,2224,5330,5544,214
Truck486146,2437,2655,5440,5544,104
Truck486195,2821,3239,5450,5544,94
Truck486273,2655,3331,5475,5545,70
Truck486313,3238,3122,5485,5545,60
Truck484814,2437,1338,5070,5546,476
Truck485232,3122,2224,5185,5546,361
Truck485860,2999,2224,5360,5546,186
Truck485899,3238,3239,5370,5546,176
Truck486030,3239,2998,5405,5546,141
Truck486517,3331,2656,5540,5546,6
Truck485227,1338,2436,5185,5547,362
Truck485566,2822,3238,5275,5547,272
Truck485885,2224,3331,5365,5547,182
Truck486312,3122,3238,5485,5547,62
Truck484983,2436,3238,5115,5548,433
Truck485909,2998,2437,5370,5548,178
Truck486006,3122,3239,5400,5548,148
Truck486070,2822,2436,5415,5548,133
Truck485663,3121,3239,5305,5549,244
Truck486281,2224,2998,5475,5549,74
Truck486408,3239,2999,5510,5549,39
Truck485838,0,2656,5355,5550,195
Truck486291,2655,3331,5480,5550,70
Truck485163,2436,3239,5165,5551,386
Truck485551,1338,2225,5275,5551,276
Truck485584,2822,3238,5280,5551,271
Truck485878,2999,2998,5365,5551,186
Truck486395,2998,2821,5505,5551,46
Truck486528,3122,1339,5545,5551,6
Truck485934,3122,2999,5380,5552,172
Truck486339,2821,3331,5490,5552,62
Truck484471,1338,2224,4975,5553,578
Truck485927,2998,2999,5375,5553,178
Truck486057,2655,3238,5415,5553,138
Truck486061,3238,2655,5415,5553,138
Truck486165,2655,1339,5445,5553,108
Truck486182,2437,0,5450,5553,103
Truck485681,3121,2656,5310,5554,244
Truck485874,0,3331,5365,5554,189
Truck486352,1339,3238,5495,5554,59
Truck486071,2998,3239,5415,5555,140
Truck486261,2436,2225,5470,5555,85
Truck485524,1339,2225,5265,5556,291
Truck485569,1338,2225,5280,5556,276
Truck485669,2224,2655,5305,5556,251
Truck485896,2999,3331,5370,5556,186
Truck485935,3238,3239,5380,5556,176
Truck485181,2436,2822,5170,5557,387
Truck485923,3331,2224,5375,5557,182
Truck486357,2821,3331,5495,5557,62
Truck484489,1338,3239,4980,5558,578
Truck485486,2225,2821,5255,5558,303
Truck485941,3331,3122,5380,5558,178
Truck485945,2998,2655,5380,5558,178
Truck486000,0,3239,5400,5558,158
Truck486079,3238,2655,5420,5558,138
Truck486200,2437,0,5455,5558,103
Truck485699,3121,3331,5315,5559,244
Truck486106,2822,2436,5425,5559,134
Truck486317,2224,2998,5485,5559,74
Truck486444,3239,2655,5520,5559,39
Truck485611,3238,2821,5290,5560,270
Truck485619,2821,3238,5290,5560,270
Truck485691,2821,0,5310,5560,250
Truck485728,2822,1339,5320,5560,240
Truck484543,1338,1339,4995,5561,566
Truck485235,2436,1339,5185,5561,376
Truck485676,0,2821,5310,5561,251
Truck485914,2999,2656,5375,5561,186
Truck486324,0,3238,5490,5561,71
Truck485758,1339,3121,5330,5562,232
Truck486123,2821,2437,5430,5562,132
Truck484507,1338,2998,4985,5563,578
Truck485963,2998,2436,5385,5563,178
Truck486462,3239,2656,5525,5563,38
Truck485712,0,3121,5320,5564,244
Truck485307,2436,1338,5205,5565,360
Truck485467,3238,2998,5250,5565,315
Truck485740,1339,2821,5325,5565,240
Truck486355,3331,2437,5495,5565,70
Truck485549,2998,0,5270,5566,296
Truck485558,2225,1339,5275,5566,291
Truck485932,2999,0,5380,5566,186
Truck486338,2656,2999,5490,5566,76
Truck485173,1338,2999,5170,5567,397
Truck485253,2436,1339,5190,5567,377
Truck485359,3238,2225,5220,5567,347
Truck486358,2822,2224,5495,5567,72
Truck486410,2656,2822,5510,5567,57
Truck486558,0,1339,5555,5567,12
Truck484525,1338,2822,4990,5568,578
Truck485667,2436,3121,5305,5568,263
Truck486074,2437,3238,5420,5568,148
Truck486480,3239,2999,5530,5569,39
Truck485495,2998,3238,5255,5570,315
Truck485655,2821,3238,5300,5570,270
Truck486286,2822,3239,5475,5570,95
Truck486373,3331,2999,5500,5570,70
Truck485073,2436,3238,5140,5571,431
Truck485723,2224,2999,5320,5571,251
Truck485950,2999,2656,5385,5571,186
Truck485535,2655,2225,5270,5572,302
Truck485994,3239,3238,5395,5572,177
Truck486159,2821,2225,5440,5572,132
Truck486184,2999,2225,5450,5572,122
Truck486429,2821,2656,5515,5572,57
Truck486096,3122,3239,5425,5573,148
Truck484602,3122,1338,5010,5574,564
Truck485753,3121,2822,5330,5574,244
Truck485942,2656,0,5380,5574,194
Truck486254,2437,2821,5470,5574,104
Truck486391,3331,2437,5505,5575,70
Truck485091,2436,3238,5145,5576,431
Truck485741,2224,2436,5325,5576,251
Truck485968,2999,2998,5390,5576,186
Truck486374,2656,2437,5500,5576,76
Truck486618,3122,1339,5570,5576,6
Truck485089,3238,2436,5145,5577,432
Truck485807,3121,1339,5345,5577,232
Truck486084,3239,0,5420,5577,157
Truck486177,2821,2655,5445,5577,132
Truck486427,3331,2822,5515,5577,62
Truck486604,1339,0,5565,5577,12
Truck484561,1338,2656,5000,5578,578
Truck485771,3121,0,5335,5578,243
Truck486178,2822,2437,5445,5578,133
Truck486272,2437,0,5475,5578,103
Truck485964,0,3331,5390,5579,189
Truck486255,2655,3122,5470,5579,109
Truck486516,3239,2225,5540,5579,39
Truck486640,1339,3122,5575,5579,4
Truck485639,2998,1339,5295,5580,285
Truck486409,3331,2436,5510,5580,70
Truck485614,1339,2225,5290,5581,291
Truck486138,3239,1339,5435,5581,146
Truck484579,1338,0,5005,5582,577
Truck485271,2436,2656,5195,5582,387
Truck486183,2655,2821,5450,5582,132
Truck486445,3331,2821,5520,5582,62
Truck486466,2822,2656,5525,5582,57
Truck486622,1339,0,5570,5582,12
Truck485576,2225,2998,5280,5583,303
Truck485629,3238,3121,5295,5583,288
Truck485818,2822,1339,5345,5584,239
Truck486290,2437,2821,5480,5584,104
Truck486534,3239,2655,5545,5584,39
Truck485381,2224,3122,5225,5585,360
Truck485781,2821,0,5335,5585,250
Truck485845,3238,2999,5355,5585,230
Truck486245,2224,2821,5465,5585,120
Truck485376,3122,2224,5225,5586,361
Truck485777,2224,2436,5335,5586,251
Truck485842,2999,3238,5355,5586,231
Truck486047,2224,2656,5410,5586,176
Truck485432,2225,3238,5240,5587,347
Truck485848,1339,3121,5355,5587,232
Truck486430,2822,2998,5515,5587,72
Truck484596,0,1338,5010,5588,578
Truck484597,1338,2822,5010,5588,578
Truck485343,2436,3122,5215,5588,373
Truck485735,3121,2436,5325,5588,263
Truck486150,3122,3239,5440,5588,148
Truck486151,3238,2437,5440,5588,148
Truck486214,2822,2655,5455,5588,133
Truck486298,1339,2655,5480,5588,108
Truck486323,2998,2656,5485,5588,103
Truck486570,3239,3331,5555,5588,33
Truck485291,2224,3238,5200,5589,389
Truck485805,2655,3121,5345,5589,244
Truck486308,2437,3331,5485,5589,104
Truck486552,3239,1338,5550,5589,39
Truck485835,2821,3122,5350,5590,240
Truck486024,3122,2656,5405,5590,185
Truck486042,3122,3331,5410,5590,180
Truck486022,2999,2656,5405,5591,186
Truck486387,2436,2225,5505,5591,86
Truck486428,2656,2225,5515,5591,76
Truck486630,0,3122,5575,5591,16
Truck485612,2225,0,5290,5592,302
Truck486231,2821,1338,5460,5592,132
Truck484615,1338,2998,5015,5593,578
Truck486380,2437,3122,5505,5593,88
Truck486398,2437,2999,5510,5593,83
Truck486592,2822,2821,5560,5593,33
Truck485825,3121,3331,5350,5594,244
Truck486326,2437,2224,5490,5594,104
Truck486384,3122,2437,5505,5594,89
Truck485737,3238,2821,5325,5595,270
Truck485813,2224,2436,5345,5596,251
Truck486040,2999,2655,5410,5596,186
Truck486192,3239,1339,5450,5596,146
Truck486446,2656,3121,5520,5596,76
Truck485284,2999,1338,5200,5597,397
Truck485325,2436,3331,5210,5597,387
Truck485468,2225,3238,5250,5597,347
Truck486491,3121,2999,5535,5597,62
Truck486518,2656,2822,5540,5597,57
Truck486519,2821,2656,5540,5597,57
Truck485319,2655,2436,5210,5598,388
Truck485435,2224,1339,5240,5598,358
Truck485755,3238,2822,5330,5598,268
Truck486089,2998,2999,5420,5598,178
Truck486344,2437,0,5495,5598,103
Truck485843,3121,2822,5355,5599,244
Truck486390,3239,2822,5505,5599,94
Truck486511,3238,1339,5540,5599,59
Truck485011,1338,2437,5125,5600,475
Truck485764,2822,3238,5330,5600,270
Truck486002,2437,2225,5400,5600,200
Truck486481,3331,2999,5530,5600,70
Truck486058,2999,0,5415,5601,186
Truck486112,2999,3122,5430,5601,171
Truck486485,2998,2822,5530,5601,71
Truck486174,3239,0,5445,5602,157
Truck486267,2821,2999,5470,5602,132
Truck484651,1338,3239,5025,5603,578
Truck485648,2225,2656,5300,5603,303
Truck486093,2655,2998,5425,5603,178
Truck486107,2998,2437,5425,5603,178
Truck486210,3239,3122,5455,5603,148
Truck485861,3121,2822,5360,5604,244
Truck486362,2437,3331,5500,5604,104
Truck485889,2821,3122,5365,5605,240
Truck485714,2437,2436,5320,5606,286
Truck485849,2224,2225,5355,5606,251
Truck486482,2656,2225,5530,5606,76
Truck486684,0,3122,5590,5606,16
Truck484714,1339,1338,5040,5607,567
Truck485666,2225,0,5305,5607,302
Truck485880,3122,2822,5365,5607,242
Truck486121,3331,1339,5430,5607,177
Truck486310,2999,2225,5485,5607,122
Truck486643,3331,3239,5575,5607,32
Truck484669,1338,2822,5030,5608,578
Truck486526,2999,3121,5545,5608,63
Truck486615,2655,3239,5570,5608,38
Truck485879,3121,2656,5365,5609,244
Truck486072,0,3331,5420,5609,189
Truck486269,2998,3239,5470,5610,140
Truck485867,2224,2437,5360,5611,251
Truck486094,2999,3331,5425,5611,186
Truck486133,3238,3239,5435,5611,176
Truck486702,0,3122,5595,5611,16
Truck486752,2656,3331,5605,5611,6
Truck486328,2999,2225,5490,5612,122
Truck484687,1338,2821,5035,5613,578
Truck486236,2437,3238,5465,5613,148
Truck486277,3238,2655,5475,5613,138
Truck486574,2822,2656,5555,5613,58
Truck485377,3238,2224,5225,5614,389
Truck486515,2224,2822,5540,5614,74
Truck485442,0,2224,5245,5615,370
Truck485750,2437,2436,5330,5615,285
Truck485916,3122,2822,5375,5616,241
Truck486262,1339,3239,5470,5616,146
Truck486264,3239,1339,5470,5616,146
Truck485397,2436,2821,5230,5617,387
Truck486156,3239,3238,5440,5617,177
Truck486321,2821,2655,5485,5617,132
Truck486564,3122,3238,5555,5617,62
Truck484705,1338,2998,5040,5618,578
Truck485388,0,2436,5230,5618,388
Truck485702,2225,3239,5315,5618,303
Truck486161,2998,2437,5440,5618,178
Truck486417,2655,2437,5515,5618,103
Truck486660,3239,2656,5580,5618,38
Truck485915,3121,2655,5375,5619,244
Truck485970,3122,3121,5390,5619,229
Truck486104,2656,0,5425,5619,194
Truck486416,2437,3239,5515,5619,104
Truck485783,2998,1339,5335,5620,285
Truck486166,2999,1339,5445,5620,175
Truck486305,2998,3239,5480,5620,140
Truck486553,3331,1338,5550,5620,70
Truck486130,2999,3239,5435,5621,186
Truck486645,2821,2998,5575,5621,46
Truck486495,2436,2225,5535,5622,87
Truck486591,2821,3331,5560,5622,62
Truck484723,1338,3239,5045,5623,578
Truck485720,2225,2655,5320,5623,303
Truck486154,1339,2656,5440,5623,183
Truck486431,2998,3331,5515,5623,108
Truck486435,2655,2437,5520,5623,103
Truck486434,2437,3239,5520,5624,104
Truck486678,3239,2655,5585,5624,39
Truck485101,1338,2437,5150,5625,475
Truck485925,2821,0,5375,5625,250
Truck485961,2821,3122,5385,5625,240
Truck485854,2822,3238,5355,5626,271
Truck485921,2224,2999,5375,5626,251
Truck486148,2999,2656,5440,5626,186
Truck486554,2656,2655,5550,5626,76
Truck486575,2998,2822,5555,5626,71
Truck486805,3331,2656,5620,5626,6
Truck485433,2436,3331,5240,5627,387
Truck486600,3122,3238,5565,5627,62
Truck484741,1338,3239,5050,5628,578
Truck485738,2225,2224,5325,5628,303
Truck486197,2998,2655,5450,5628,178
Truck486327,2655,3238,5490,5628,138
Truck486718,2822,2821,5595,5628,33
Truck485811,2436,2437,5345,5629,284
Truck485951,3121,2998,5385,5629,244
Truck486140,2656,0,5435,5629,194
Truck486452,2437,2656,5525,5629,104
Truck486569,2224,2822,5555,5629,74
Truck485119,1338,2437,5155,5630,475
Truck486407,2224,2821,5510,5630,120
Truck486498,3239,2822,5535,5630,95
Truck486589,3331,2655,5560,5630,70
Truck486530,2225,2436,5545,5631,86
Truck486576,0,3238,5560,5631,71
Truck485289,2436,3238,5200,5632,432
Truck485505,2436,3122,5260,5632,372
Truck485451,2436,3239,5245,5633,388
Truck485756,2225,3239,5330,5633,303
Truck485808,3122,2225,5345,5633,288
Truck486215,2998,1338,5455,5633,178
Truck486468,0,2437,5530,5633,103
Truck485967,2655,3121,5390,5634,244
Truck485969,3121,2655,5390,5634,244
Truck486226,1339,2999,5460,5634,174
Truck486453,2655,3122,5525,5634,109
Truck486628,2822,3331,5570,5634,64
Truck485561,2224,3122,5275,5635,360
Truck485822,2437,2436,5350,5635,285
Truck485881,3238,2822,5365,5635,270
Truck485992,1339,2821,5395,5635,240
Truck485812,1339,2225,5345,5636,291
Truck485946,0,2821,5385,5636,251
Truck485957,2224,2436,5385,5636,251
Truck486590,2656,2999,5560,5636,76
Truck486228,3239,3238,5460,5637,177
Truck486300,3239,0,5480,5637,157
Truck486393,2821,2999,5505,5637,132
Truck486422,2225,2999,5515,5637,122
Truck486532,1339,2437,5545,5637,92
Truck486753,2821,2822,5605,5637,32
Truck484776,0,1338,5060,5638,578
Truck484777,1338,2655,5060,5638,578
Truck485469,2436,2224,5250,5638,388
Truck485988,3122,2822,5395,5638,243
Truck486233,2998,2437,5460,5638,178
Truck486331,3238,2437,5490,5638,148
Truck486503,2998,2656,5535,5638,103
Truck485463,2655,2436,5250,5639,389
Truck485987,3121,2224,5395,5639,244
Truck486176,2656,0,5445,5639,194
Truck486488,2437,3331,5535,5639,104
Truck486447,2821,2224,5520,5640,120
Truck486625,3331,3121,5570,5640,70
Truck486655,3238,3122,5580,5640,60
Truck485574,3122,2224,5280,5641,361
Truck485819,2998,0,5345,5641,296
Truck486816,3122,0,5625,5641,16
Truck485577,2436,1338,5280,5642,362
Truck486041,3121,1339,5410,5642,232
Truck486411,2821,2437,5510,5642,132
Truck486653,3121,2999,5580,5642,62
Truck486771,2821,2822,5610,5642,32
Truck484795,1338,2821,5065,5643,578
Truck485792,2225,2656,5340,5643,303
Truck486005,3121,0,5400,5643,243
Truck486119,2224,3239,5430,5643,213
Truck486237,2655,2998,5465,5643,178
Truck486251,2998,2999,5465,5643,178
Truck486560,2437,3122,5555,5643,88
Truck486750,3239,2437,5605,5644,39
Truck485865,2436,2437,5360,5645,285
Truck486034,2822,1339,5405,5645,240
Truck486164,2437,2225,5445,5645,200
Truck486240,3122,3331,5465,5645,180
Truck486492,3122,2655,5535,5645,110
Truck485542,1339,2436,5270,5646,376
Truck485595,2436,1338,5285,5646,361
Truck485993,2224,2437,5395,5646,251
Truck486220,2999,2998,5460,5646,186
Truck486263,2224,2656,5470,5646,176
Truck485587,1338,2436,5285,5647,362
Truck484813,1338,3239,5070,5648,578
Truck485810,2225,2656,5345,5648,303
Truck486399,2655,3238,5510,5648,138
Truck486514,1339,2655,5540,5648,108
Truck486596,2437,2999,5565,5648,83
Truck486770,2656,3239,5610,5648,38
Truck486023,3121,2998,5405,5649,244
Truck486248,2656,3122,5465,5649,184
Truck486647,2998,2224,5575,5649,74
Truck485891,2998,1339,5365,5650,285
Truck486188,2225,2437,5450,5650,200
Truck485523,2436,3239,5265,5651,386
Truck486011,2224,2437,5400,5651,251
Truck486238,2999,3239,5465,5651,186
Truck486644,2656,2437,5575,5651,76
Truck486265,3331,2224,5470,5652,182
Truck486448,2822,2436,5520,5652,132
Truck484831,1338,2998,5075,5653,578
Truck485828,2225,2821,5350,5653,303
Truck486280,1339,3331,5475,5653,178
Truck486287,2998,2999,5475,5653,178
Truck486535,3331,2998,5545,5653,108
Truck486542,2437,3331,5550,5654,104
Truck486206,2225,2437,5455,5655,200
Truck486588,3239,2821,5560,5655,95
Truck486679,3331,3121,5585,5655,70
Truck486018,0,2822,5405,5656,251
Truck486029,2224,2436,5405,5656,251
Truck486256,2999,2224,5470,5656,186
Truck485541,2436,2655,5270,5657,387
Truck485631,2436,1338,5295,5657,362
Truck485683,3238,2225,5310,5657,347
Truck486283,3331,2224,5475,5657,182
Truck486372,3239,0,5500,5657,157
Truck486465,2821,2655,5525,5657,132
Truck486717,2821,3331,5595,5657,62
Truck484849,1338,2822,5080,5658,578
Truck486193,3331,3238,5450,5658,208
Truck486301,3331,3122,5480,5658,178
Truck486054,0,3121,5415,5659,244
Truck486059,3121,2656,5415,5659,244
Truck486507,2655,0,5540,5659,119
Truck486677,2224,2822,5585,5659,74
Truck486736,2822,2656,5600,5659,59
Truck486804,3239,2655,5620,5659,39
Truck485919,2436,2437,5375,5660,285
Truck486207,2436,2999,5455,5660,205
Truck486218,2437,2225,5460,5660,200
Truck484903,1338,1339,5095,5661,566
Truck486270,0,2999,5475,5661,186
Truck486274,2999,3331,5475,5661,186
Truck486888,3122,0,5645,5661,16
Truck485518,2999,1338,5265,5662,397
Truck486299,2224,3331,5480,5662,182
Truck486318,3239,3238,5485,5662,177
Truck486483,2821,2655,5530,5662,132
Truck486512,2225,2999,5540,5662,122
Truck484711,3238,1338,5040,5663,623
Truck484867,1338,2822,5085,5663,578
Truck485610,3122,2436,5290,5663,373
Truck485864,2225,2224,5360,5663,303
Truck485917,3238,3121,5375,5663,288
Truck485989,3238,2822,5395,5663,268
Truck486078,3122,2822,5420,5663,243
Truck486302,2656,1339,5480,5663,183
Truck486105,2821,1339,5425,5664,239
Truck486132,3122,3121,5435,5664,229
Truck486822,3239,2225,5625,5664,39
Truck485827,3238,2998,5350,5665,315
Truck486715,3331,2437,5595,5665,70
Truck485920,1339,2225,5375,5666,291
Truck486442,1339,3239,5520,5666,146
Truck486698,2656,2225,5590,5666,76
Truck486809,2998,2821,5620,5666,46
Truck485413,3238,2436,5235,5667,432
Truck485877,2655,2225,5365,5667,302
Truck486319,3331,2224,5485,5667,182
Truck486501,2821,2655,5535,5667,132
Truck486751,3331,2821,5605,5667,62
Truck484885,1338,2998,5090,5668,578
Truck484939,1338,3122,5105,5668,563
Truck485882,2225,2822,5365,5668,303
Truck486337,3331,3122,5490,5668,178
Truck486341,2998,2999,5490,5668,178
Truck486594,0,2437,5565,5668,103
Truck486862,2822,2821,5635,5668,33
Truck485686,1339,2224,5310,5669,359
Truck486090,0,3121,5425,5669,244
Truck486733,3331,3121,5600,5670,70
Truck486924,3122,0,5655,5671,16
Truck485649,2436,3122,5300,5672,372
Truck486789,2821,2656,5615,5672,57
Truck486025,3238,2822,5405,5673,268
Truck486045,2436,3121,5410,5673,263
Truck486113,3121,0,5430,5673,243
Truck486760,2999,3121,5610,5673,63
Truck486520,2822,2437,5540,5674,134
Truck486614,2437,2822,5570,5674,104
Truck486688,2999,2437,5590,5674,84
Truck486858,3239,1338,5635,5674,39
Truck485281,1338,2437,5200,5675,475
Truck485703,2436,1338,5315,5675,360
Truck485863,3238,2998,5360,5675,315
Truck485973,2436,2437,5390,5675,285
Truck485974,1339,2998,5390,5675,285
Truck486136,1339,2822,5435,5675,240
Truck486745,3238,0,5605,5675,70
Truck485282,2437,1338,5200,5676,476
Truck486101,2224,3121,5425,5676,251
Truck486734,2656,1338,5600,5676,76
Truck486978,3122,1339,5670,5676,6
Truck485928,0,2998,5380,5677,297
Truck485972,2225,3122,5390,5677,287
Truck484921,1338,2656,5100,5678,578
Truck485918,2225,2656,5375,5678,303
Truck486377,2998,2436,5500,5678,178
Truck486474,3122,3239,5530,5678,148
Truck486706,2999,2437,5595,5679,84
Truck486296,2225,2437,5480,5680,200
Truck486346,2999,2998,5495,5681,186
Truck486773,2998,2822,5610,5681,71
Truck485590,2999,1338,5285,5682,397
Truck486555,2821,2437,5550,5682,132
Truck486797,3121,2999,5620,5682,62
Truck485936,2225,2822,5380,5683,303
Truck486009,2436,2437,5400,5684,284
Truck486147,2655,3121,5440,5684,244
Truck486149,3121,2822,5440,5684,244
Truck486650,2437,3239,5580,5684,104
Truck486817,3238,1339,5625,5684,59
Truck486017,2998,1339,5400,5685,285
Truck486069,2821,3238,5415,5685,270
Truck486141,2821,0,5435,5685,250
Truck486696,3239,2821,5590,5685,95
Truck486787,3331,2437,5615,5685,70
Truck484993,1338,1339,5120,5686,566
Truck486364,2999,3239,5500,5686,186
Truck486168,3122,2822,5445,5687,242
Truck486704,2437,1339,5595,5687,92
Truck484957,1338,2821,5110,5688,578
Truck486007,3238,3121,5400,5688,288
Truck486095,3121,2436,5425,5688,263
Truck486190,1339,2822,5450,5688,238
Truck486413,2998,2999,5510,5688,178
Truck486683,2998,2656,5585,5688,103
Truck486722,2437,3122,5600,5688,88
Truck486167,3121,3331,5445,5689,244
Truck486401,3121,2225,5510,5689,179
Truck486424,1339,2999,5515,5689,174
Truck486668,2437,2656,5585,5689,104
Truck486714,3239,2822,5595,5689,94
Truck486791,2998,2224,5615,5689,74
Truck486912,3239,2655,5650,5689,39
Truck485759,2224,3122,5330,5690,360
Truck486035,2998,1339,5405,5690,285
Truck486777,2655,2656,5615,5690,75
Truck486155,2224,2437,5440,5691,251
Truck486160,2822,0,5440,5691,251
Truck486788,2656,3121,5615,5691,76
Truck487032,3122,1339,5685,5691,6
Truck484975,1338,0,5115,5692,577
Truck486186,3122,2821,5450,5692,242
Truck486861,2821,2656,5635,5692,57
Truck487008,0,1339,5680,5692,12
Truck486524,2437,3238,5545,5693,148
Truck486841,3331,2822,5630,5693,63
Truck486180,0,3121,5450,5694,244
Truck486686,2437,2224,5590,5694,104
Truck486930,3239,2225,5655,5694,39
Truck486046,1339,2998,5410,5695,285
Truck486360,0,2656,5500,5695,195
Truck486420,3122,3331,5515,5695,180
Truck486400,2999,2822,5510,5696,186
Truck486563,3121,2437,5555,5696,141
Truck486806,2656,1338,5620,5696,76
Truck485685,2436,2224,5310,5697,387
Truck486609,2821,3121,5565,5697,132
Truck485990,2225,3331,5395,5698,303
Truck486043,3238,3121,5410,5698,288
Truck486449,2998,2436,5520,5698,178
Truck486504,0,3239,5540,5698,158
Truck486583,3238,2655,5560,5698,138
Truck486610,2822,2436,5565,5698,133
Truck486950,2656,3239,5660,5698,38
Truck485679,2655,2436,5310,5699,389
Truck486201,2655,3121,5455,5699,244
Truck486437,3121,2225,5520,5699,179
Truck486438,3122,3331,5520,5700,180
Truck486871,3238,3122,5640,5700,60
Truck485372,2437,1338,5225,5701,476
Truck486191,2224,3121,5450,5701,251
Truck486418,2999,2821,5515,5701,186
Truck486578,2437,3121,5560,5701,141
Truck486824,2656,2437,5625,5701,76
Truck486627,2821,2655,5570,5702,132
Truck486008,2225,2655,5400,5703,303
Truck486467,2998,2437,5525,5703,178
Truck486522,0,3239,5545,5703,158
Truck485070,3122,1338,5140,5704,564
Truck486221,3121,2821,5460,5704,244
Truck486880,2822,3331,5640,5704,64
Truck486966,3239,1338,5665,5704,39
Truck485971,3238,2998,5390,5705,315
Truck486213,2821,0,5455,5705,250
Truck486859,3331,2437,5635,5705,70
Truck486064,1339,2225,5415,5706,291
Truck486198,0,2821,5455,5706,251
Truck486209,2224,2999,5455,5706,251
Truck486436,2999,3331,5520,5706,186
Truck486606,3239,2998,5565,5706,141
Truck486842,2656,2655,5630,5706,76
Truck486646,2822,2999,5575,5707,132
Truck486800,2225,2436,5620,5707,87
Truck487062,0,1339,5695,5707,12
Truck485721,2436,3239,5320,5708,388
Truck486026,2225,2821,5405,5708,303
Truck486740,2437,0,5605,5708,103
Truck486741,2655,2437,5605,5708,103
Truck486239,3121,3239,5465,5709,244
Truck486464,2656,3122,5525,5709,184
Truck486496,1339,2999,5535,5709,174
Truck486814,2999,2437,5625,5709,84
Truck486907,3238,1339,5650,5709,59
Truck486984,3239,2437,5670,5709,39
Truck485784,0,2224,5340,5710,370
Truck486295,3238,2999,5480,5710,230
Truck486877,3331,2655,5640,5710,70
Truck486227,2224,2655,5460,5711,251
Truck486454,2999,2821,5525,5711,186
Truck485698,2999,1338,5315,5712,397
Truck485793,2436,3122,5340,5712,372
Truck486039,2655,2225,5410,5712,302
Truck486258,3122,2822,5470,5712,242
Truck487080,0,1339,5700,5712,12
Truck484891,3238,1338,5090,5713,623
Truck485047,1338,2224,5135,5713,578
Truck486463,3331,0,5525,5713,188
Truck486651,2655,2822,5580,5713,133
Truck486993,2655,3239,5675,5713,38
Truck487002,3239,2655,5675,5714,39
Truck486117,2436,2437,5430,5715,285
Truck486867,2655,2656,5640,5715,75
Truck486885,2655,3331,5645,5715,70
Truck485847,2436,1338,5355,5716,361
Truck486234,0,2822,5465,5716,251
Truck486472,2999,2998,5530,5716,186
Truck486632,2437,3121,5575,5716,141
Truck486878,2656,2225,5640,5716,76
Truck485900,2225,3238,5370,5717,347
Truck486812,2437,1339,5625,5717,92
Truck485065,1338,2998,5140,5718,578
Truck486062,2225,2656,5415,5718,303
Truck486115,3238,3121,5430,5718,288
Truck486392,2656,3238,5505,5718,213
Truck486521,2998,3121,5540,5718,178
Truck486275,3121,2655,5475,5719,244
Truck486776,2437,3239,5615,5719,104
Truck486825,2821,3239,5625,5719,94
Truck486303,2821,3122,5480,5720,240
Truck486735,2821,2224,5600,5720,120
Truck486762,3122,2655,5610,5720,110
Truck485775,2436,2998,5335,5721,386
Truck486116,2225,1339,5430,5721,291
Truck486252,0,2821,5470,5721,251
Truck486490,2999,2224,5535,5721,186
Truck486196,2822,3238,5450,5722,272
Truck486329,3121,1339,5490,5722,232
Truck486699,2821,3121,5590,5722,132
Truck486968,2656,2821,5665,5722,57
Truck485083,1338,3239,5145,5723,578
Truck486080,2225,2224,5420,5723,303
Truck486131,3121,3238,5435,5723,288
Truck486525,2655,2998,5545,5723,178
Truck486642,3239,3122,5575,5723,148
Truck486970,2822,2656,5665,5723,58
Truck487038,3239,2656,5685,5723,38
Truck485884,1339,2224,5365,5724,359
Truck486458,2225,2437,5525,5725,200
Truck485137,1338,1339,5160,5726,566
Truck486508,2999,2821,5540,5726,186
Truck486562,2999,3122,5555,5726,171
Truck486914,2656,2436,5650,5726,76
Truck485146,1339,1338,5160,5727,567
Truck486098,2225,0,5425,5727,302
Truck486439,3238,3331,5520,5728,208
Truck487047,2655,3239,5690,5728,38
Truck486311,3121,2821,5485,5729,244
Truck486426,3239,2224,5515,5729,214
Truck487056,3239,2225,5690,5729,39
Truck486546,3122,3331,5550,5730,180
Truck486572,2656,2224,5555,5731,176
Truck486932,2656,2225,5655,5731,76
Truck487183,3331,2656,5725,5731,6
Truck486571,3331,1339,5555,5732,177
Truck486985,3331,2821,5670,5732,62
Truck486169,3238,3121,5445,5733,288
Truck486672,3122,3239,5585,5733,148
Truck486976,2999,3121,5670,5733,63
Truck486830,2437,2822,5630,5734,104
Truck486189,2436,2437,5450,5735,285
Truck486250,2822,3238,5465,5735,270
Truck486322,2822,0,5485,5735,250
Truck486876,3239,2821,5640,5735,95
Truck486967,3331,2225,5665,5735,70
Truck486908,2225,2436,5650,5737,87
Truck485139,2655,1338,5160,5738,578
Truck486134,2225,2656,5435,5738,303
Truck486593,2998,2225,5560,5738,178
Truck486754,2822,2436,5605,5738,133
Truck487006,2822,3331,5675,5738,63
Truck487022,2656,2822,5680,5738,58
Truck486347,3121,3331,5495,5739,244
Truck486536,2656,0,5545,5739,194
Truck486898,2822,3239,5645,5739,94
Truck486370,1339,2821,5500,5740,240
Truck486506,2437,2225,5540,5740,200
Truck486975,2655,3331,5670,5740,70
Truck486335,2224,2999,5490,5741,251
Truck486376,2822,1339,5500,5741,241
Truck486601,3238,3239,5565,5741,176
Truck487170,0,3122,5725,5741,16
Truck486242,2225,1338,5465,5742,277
Truck486772,2822,2999,5610,5742,132
Truck487040,2656,2822,5685,5742,57
Truck485898,3122,2436,5370,5743,373
Truck486597,2655,2998,5565,5743,178
Truck486849,2655,1339,5635,5743,108
Truck487024,2822,3331,5680,5743,63
Truck485609,3121,1338,5290,5744,454
Truck486365,3121,2998,5500,5744,244
Truck486602,2225,3121,5565,5744,179
Truck486866,2437,2655,5640,5744,104
Truck487110,3239,2437,5705,5744,39
Truck485209,1338,1339,5180,5746,566
Truck485947,1338,2436,5385,5746,361
Truck486342,0,2821,5495,5746,251
Truck486353,2224,2437,5495,5746,251
Truck486580,2999,2998,5560,5746,186
Truck486986,2656,1338,5670,5746,76
Truck485821,1338,2999,5350,5747,397
Truck485955,2436,1338,5385,5747,362
Truck486624,3239,3238,5570,5747,177
Truck486170,2225,3239,5445,5748,303
Truck486629,2998,1338,5570,5748,178
Truck486763,3238,2655,5610,5748,138
Truck486790,2822,2999,5615,5748,133
Truck485627,3121,1338,5295,5749,454
Truck486383,3121,2821,5505,5749,244
Truck486412,2822,1339,5510,5749,239
Truck486884,2437,2998,5645,5749,104
Truck486244,1339,2998,5465,5750,285
Truck486839,2224,2821,5630,5750,120
Truck486371,2224,2999,5500,5751,251
Truck486598,2999,2822,5565,5751,186
Truck487004,2656,2655,5675,5751,76
Truck487113,2821,2998,5705,5751,46
Truck485883,2436,3331,5365,5752,387
Truck486807,2821,3121,5620,5752,132
Truck486938,2437,1339,5660,5752,92
Truck487049,3121,2999,5690,5752,62
Truck487059,2821,3331,5690,5752,62
Truck485191,1338,2656,5175,5753,578
Truck485193,2655,1338,5175,5753,578
Truck485965,1338,2436,5390,5753,363
Truck486607,3331,0,5565,5753,188
Truck486744,3122,3239,5605,5753,148
Truck486902,2437,3331,5650,5754,104
Truck486951,2821,3239,5660,5754,94
Truck486960,3122,2437,5665,5754,89
Truck486566,2225,2437,5555,5755,200
Truck487039,3331,2655,5685,5755,70
Truck485245,1338,1339,5190,5756,566
Truck485901,2436,2655,5370,5756,386
Truck486381,2655,2224,5505,5756,251
Truck486389,2224,1338,5505,5756,251
Truck486616,2999,2224,5570,5756,186
Truck486813,2655,2822,5625,5756,131
Truck487224,0,3122,5740,5756,16
Truck486216,0,2998,5460,5757,297
Truck486661,3331,1339,5580,5757,177
Truck486732,3239,0,5600,5757,157
Truck487042,2822,2998,5685,5757,72
Truck487077,2821,3331,5695,5757,62
Truck487094,2656,2821,5700,5757,57
Truck487185,2821,2822,5725,5757,32
Truck486257,3121,3238,5470,5758,288
Truck486658,1339,3331,5580,5758,178
Truck486665,2998,3121,5580,5758,178
Truck486758,2437,3238,5610,5758,148
Truck486768,3239,3122,5610,5758,148
Truck486795,2655,3238,5620,5758,138
Truck486918,0,2437,5655,5758,103
Truck486935,2998,2656,5655,5758,103
Truck485892,0,2436,5370,5759,389
Truck486608,2656,0,5565,5759,194
Truck487078,2822,3331,5695,5759,64
Truck486179,2998,3238,5445,5760,315
Truck487029,2655,2656,5685,5760,75
Truck487057,3331,2999,5690,5760,70
Truck487087,3238,3122,5700,5760,60
Truck486634,2999,3331,5575,5761,186
Truck486786,3239,1339,5615,5761,146
Truck486794,2437,3121,5620,5761,141
Truck485875,1338,2999,5365,5762,397
Truck486001,1338,2436,5400,5762,362
Truck486831,2655,2821,5630,5762,132
Truck486843,2821,2436,5630,5762,132
Truck486844,2822,2437,5630,5762,132
Truck485757,2436,3238,5330,5763,433
Truck486928,1339,2655,5655,5763,108
Truck486921,2655,3122,5655,5764,109
Truck487055,2224,2998,5690,5764,74
Truck487096,2822,3331,5700,5764,64
Truck487182,3239,3121,5725,5764,39
Truck486187,3238,2998,5450,5765,315
Truck486493,3238,2999,5535,5765,230
Truck486425,2224,2225,5515,5766,251
Truck486652,2999,0,5580,5766,186
Truck486691,3238,3239,5590,5766,176
Truck486695,2224,2656,5590,5766,176
Truck487058,2656,2436,5690,5766,76
Truck485773,3238,2436,5335,5767,432
Truck487278,0,1339,5755,5767,12
Truck485937,2436,2998,5380,5768,388
Truck486676,1339,2656,5585,5768,183
Truck486701,2998,2436,5590,5768,178
Truck485939,2224,3238,5380,5769,389
Truck486455,3121,2656,5525,5769,244
Truck486680,2656,3122,5585,5769,184
Truck486956,2437,2821,5665,5769,104
Truck486367,3238,2821,5500,5770,270
Truck486375,2821,3238,5500,5770,270
Truck486900,0,2655,5650,5770,120
Truck487093,3331,2655,5700,5770,70
Truck486670,2999,2656,5585,5771,186
Truck486716,2656,2224,5595,5771,176
Truck486840,3239,2998,5630,5771,141
Truck487076,2656,2437,5695,5771,76
Truck485949,2655,2436,5385,5772,387
Truck486484,2822,3122,5530,5772,242
Truck486697,3331,2224,5590,5772,182
Truck487239,2821,2822,5740,5772,32
Truck485263,1338,2656,5195,5773,578
Truck486065,2224,1339,5415,5773,358
Truck486260,2225,2822,5470,5773,303
Truck486705,2655,2998,5595,5773,178
Truck486719,2998,3121,5595,5773,178
Truck486473,3121,3239,5530,5774,244
Truck486662,2656,0,5580,5774,194
Truck486974,2437,3239,5670,5774,104
Truck487218,3239,2437,5735,5774,39
Truck486394,2822,3238,5505,5775,270
Truck486929,2224,2821,5655,5775,120
Truck486461,2224,2999,5525,5776,251
Truck486848,2437,3121,5635,5776,141
Truck486288,0,2998,5480,5777,297
Truck486330,3122,2998,5490,5777,287
Truck486419,3121,2436,5515,5778,263
Truck486712,1339,2656,5595,5778,183
Truck486723,2655,2998,5600,5778,178
Truck486737,2998,2655,5600,5778,178
Truck486835,3238,2437,5630,5778,148
Truck486982,1339,2655,5670,5778,108
Truck487254,3239,3331,5745,5778,33
Truck487258,2822,2821,5745,5778,33
Truck486486,0,3121,5535,5779,244
Truck486489,2655,3121,5535,5779,244
Truck486992,2437,2821,5675,5779,104
Truck487066,2999,2437,5695,5779,84
Truck487236,3239,3121,5740,5779,39
Truck485659,1338,2437,5305,5780,475
Truck486947,2224,2821,5660,5780,120
Truck486471,2655,2224,5530,5781,251
Truck486544,2999,3238,5550,5781,231
Truck486869,3121,2437,5640,5781,141
Truck486903,2655,2822,5650,5781,131
Truck485829,2436,3238,5350,5782,432
Truck485991,2436,2224,5395,5782,387
Truck486510,3122,2821,5540,5782,242
Truck486550,1339,3121,5550,5782,232
Truck486915,2821,2655,5650,5782,132
Truck487132,2822,2998,5710,5782,72
Truck485299,1338,2656,5205,5783,578
Truck486348,3122,2225,5495,5783,288
Truck486349,3238,3121,5495,5783,288
Truck486626,2656,3238,5570,5783,213
Truck486509,3121,2224,5540,5784,244
Truck486916,2822,2436,5650,5784,134
Truck486957,2655,0,5665,5784,119
Truck487010,2437,2821,5680,5784,104
Truck486421,3238,2821,5515,5785,270
Truck486969,2821,2224,5665,5785,120
Truck487147,3331,2225,5715,5785,70
Truck486397,1338,2225,5510,5786,276
Truck486497,2224,1338,5535,5786,251
Truck486538,2822,1339,5545,5786,241
Truck486724,2999,3239,5600,5786,186
Truck487130,2656,2436,5710,5786,76
Truck486309,2655,2225,5485,5787,302
Truck486502,2822,0,5535,5787,252
Truck486958,2999,2225,5665,5787,122
Truck485155,1338,3238,5165,5788,623
Truck485317,1338,2655,5210,5788,578
Truck486314,2225,3331,5485,5788,303
Truck486527,3121,0,5545,5788,243
Truck486581,3121,3122,5560,5788,228
Truck486870,3122,3239,5640,5788,148
Truck487018,1339,2655,5680,5788,108
Truck486060,3122,2436,5415,5789,374
Truck486083,2224,0,5420,5789,369
Truck486118,1339,2224,5430,5789,359
Truck486761,3121,2225,5610,5789,179
Truck487028,2437,2998,5685,5789,104
Truck487102,2999,2437,5705,5789,84
Truck487272,3239,2225,5750,5789,39
Truck487074,3239,2822,5695,5790,95
Truck487165,3331,1338,5720,5790,70
Truck485371,1338,1339,5225,5791,566
Truck486027,2436,2656,5405,5791,386
Truck486081,2436,3122,5420,5791,371
Truck486368,2225,1339,5500,5791,291
Truck486742,2999,0,5605,5791,186
Truck486781,3238,3239,5615,5791,176
Truck486905,3121,2437,5650,5791,141
Truck487148,2656,2655,5715,5791,76
Truck487356,3122,0,5775,5791,16
Truck486769,3331,2224,5610,5792,182
Truck487082,2437,1339,5700,5792,92
Truck487220,2656,2821,5735,5792,57
Truck485335,1338,2656,5215,5793,578
Truck486332,2225,2822,5490,5793,303
Truck486673,3238,3331,5585,5793,208
Truck485785,1338,3121,5340,5794,454
Truck486405,2436,2437,5510,5794,284
Truck486545,3121,2656,5550,5794,244
Truck487104,3122,2437,5705,5794,89
Truck486537,2821,0,5545,5795,250
Truck486780,3122,3331,5615,5795,180
Truck486796,2999,1339,5620,5795,175
Truck486990,0,2655,5675,5795,120
Truck487092,3239,2821,5700,5795,95
Truck486920,2437,3121,5655,5796,141
Truck487166,2656,1338,5720,5796,76
Truck486350,2225,0,5495,5797,302
Truck485197,3238,1338,5175,5798,623
Truck485353,1338,3239,5220,5798,578
Truck487064,2437,2655,5695,5799,104
Truck487308,3239,2655,5760,5799,39
Truck485731,1338,2437,5325,5800,475
Truck486423,2436,2437,5515,5800,285
Truck486063,2436,2998,5415,5801,386
Truck486540,0,2822,5550,5801,251
Truck486774,0,2999,5615,5801,186
Truck486778,2999,0,5615,5801,186
Truck486821,2224,2656,5625,5801,176
Truck486363,2655,2225,5500,5802,302
Truck486582,3122,2821,5560,5802,242
Truck486987,2821,2655,5670,5802,132
Truck486802,1339,2656,5620,5803,183
Truck486823,3331,3122,5625,5803,178
Truck486827,2998,2225,5625,5803,178
Truck487075,3331,2998,5695,5803,108
Truck486173,2224,3122,5445,5805,360
Truck486573,2821,0,5555,5805,250
Truck487213,3238,0,5735,5805,70
Truck487219,3331,2999,5735,5805,70
Truck487202,2656,3121,5730,5806,76
Truck487311,2821,2998,5760,5806,46
Truck487313,2998,2821,5760,5806,46
Truck486224,2225,3238,5460,5807,347
Truck487005,2821,2225,5675,5807,132
Truck486386,2225,2822,5505,5808,303
Truck487276,2822,2656,5750,5808,58
Truck486599,3121,2655,5565,5809,244
Truck486359,2998,3238,5495,5810,315
Truck487237,3331,2436,5740,5810,70
Truck486587,2224,1338,5560,5811,251
Truck486977,3121,2437,5670,5811,141
Truck487023,2821,2655,5680,5812,132
Truck487052,2225,2999,5690,5812,122
Truck485407,1338,2655,5235,5813,578
Truck486099,2436,2821,5425,5813,388
Truck486404,2225,2224,5510,5813,303
Truck486456,3122,2225,5525,5813,288
Truck486549,2436,3121,5550,5813,263
Truck486863,2998,3121,5635,5813,178
Truck487111,3331,2998,5705,5813,108
Truck487115,2998,3331,5705,5813,108
Truck486477,2436,2437,5530,5814,284
Truck486612,0,3121,5570,5814,244
Truck487118,2437,2655,5710,5814,104
Truck486478,1339,2998,5530,5815,285
Truck486153,2436,1339,5440,5816,376
Truck487259,2998,2822,5745,5816,71
Truck487347,2821,2998,5770,5816,46
Truck486636,3122,2822,5575,5817,242
Truck487041,2821,2436,5685,5817,132
Truck485425,1338,3331,5240,5818,578
Truck486108,0,2436,5430,5818,388
Truck486881,2998,2999,5640,5818,178
Truck486828,0,3331,5630,5819,189
Truck486872,2225,3121,5640,5819,179
Truck486385,3238,2998,5505,5820,315
Truck486663,2821,3122,5580,5820,240
Truck486810,0,2656,5625,5820,195
Truck487273,3331,2999,5750,5820,70
Truck486623,2224,2225,5570,5821,251
Truck486664,2822,3122,5580,5821,241
Truck487256,2656,1338,5745,5821,76
Truck485488,1339,1338,5255,5822,567
Truck486135,2436,3239,5435,5822,387
Truck486278,2225,3238,5475,5822,347
Truck486556,2822,3238,5550,5822,272
Truck486654,3122,2821,5580,5822,242
Truck486894,3239,3238,5645,5822,177
Truck487088,2225,2999,5700,5822,122
Truck485443,1338,2998,5245,5823,578
Truck486440,2225,2998,5520,5823,303
Truck487152,0,2437,5720,5823,103
Truck485897,3121,1338,5370,5824,454
Truck487060,2822,2436,5690,5824,134
Truck487154,2437,2998,5720,5824,104
Truck487398,3239,2999,5785,5824,39
Truck486403,3238,2998,5510,5825,315
Truck486565,3238,2821,5555,5825,270
Truck487140,3122,2655,5715,5825,110
Truck487281,2655,3331,5755,5825,70
Truck487291,3331,3121,5755,5825,70
Truck486494,2225,1339,5535,5826,291
Truck486633,2655,2224,5575,5826,251
Truck486641,2224,2437,5575,5826,251
Truck486868,2999,2821,5640,5826,186
Truck486922,2999,3122,5655,5826,171
Truck487020,3239,1339,5680,5826,146
Truck487274,2656,3121,5750,5826,76
Truck487476,0,3122,5810,5826,16
Truck487482,3122,0,5810,5826,16
Truck485506,1339,1338,5260,5827,567
Truck487504,1339,0,5815,5827,12
Truck486799,3238,3331,5620,5828,208
Truck486917,2998,1338,5650,5828,178
Truck486671,3121,2822,5585,5829,244
Truck486860,2656,0,5635,5829,194
Truck486700,2822,1339,5590,5830,240
Truck487131,2821,2224,5710,5830,120
Truck487309,3331,2225,5760,5830,70
Truck485840,2437,1338,5355,5831,476
Truck486539,2998,3122,5545,5831,286
Truck486171,2436,2224,5445,5832,387
Truck487345,3331,2821,5770,5832,62
Truck485479,1338,2821,5255,5833,578
Truck486476,2225,2998,5530,5833,303
Truck486617,3121,2436,5570,5833,263
Truck486895,3331,0,5645,5833,188
Truck485933,3121,1338,5380,5834,454
Truck487173,2655,3122,5725,5834,109
Truck487190,2437,2656,5730,5834,104
Truck487360,1339,3238,5775,5834,59
Truck486557,2998,1339,5550,5835,285
Truck486681,2821,0,5585,5835,250
Truck486682,2822,0,5585,5835,250
Truck487079,2998,3239,5695,5835,140
Truck487149,2821,2224,5715,5835,120
Truck487327,3331,1338,5765,5835,70
Truck486276,3122,2224,5475,5836,361
Truck486904,2999,0,5650,5836,186
Truck487310,2656,2655,5760,5836,76
Truck487331,2998,2822,5765,5836,71
Truck486548,2225,3122,5550,5837,287
Truck486748,1339,3121,5605,5837,232
Truck486948,3239,3238,5660,5837,177
Truck487114,2822,2999,5705,5837,132
Truck487530,0,1339,5825,5837,12
Truck485497,1338,3331,5260,5838,578
Truck486946,1339,3331,5660,5838,178
Truck486953,2998,3121,5660,5838,178
Truck487201,3331,2998,5730,5838,108
Truck486707,3121,3239,5595,5839,244
Truck486944,2225,3121,5660,5839,179
Truck487208,2437,2821,5735,5839,104
Truck486942,3122,3331,5660,5840,180
Truck486289,1338,2436,5480,5841,361
Truck487381,3331,2822,5780,5841,61
Truck487437,2821,2998,5795,5841,46
Truck487373,3121,2999,5780,5842,62
Truck485514,0,1338,5265,5843,578
Truck485515,1338,2224,5265,5843,578
Truck486971,2998,1338,5665,5843,178
Truck487026,0,3239,5685,5843,158
Truck487209,2655,1339,5735,5843,108
Truck487226,2437,0,5740,5843,103
Truck486720,0,3121,5600,5844,244
Truck487284,3122,2437,5755,5844,89
Truck487349,2998,2224,5770,5844,74
Truck487393,3238,1339,5785,5844,59
Truck487594,1339,3122,5840,5844,4
Truck486475,3238,2998,5530,5845,315
Truck487363,3331,3121,5775,5845,70
Truck486225,2436,2224,5460,5846,386
Truck486713,2224,2437,5595,5846,251
Truck486940,2999,0,5660,5846,186
Truck487100,2437,3121,5705,5846,141
Truck487399,3331,2822,5785,5846,61
Truck486784,1339,3121,5615,5847,232
Truck487150,2822,2999,5715,5847,132
Truck485533,1338,3331,5270,5848,578
Truck486743,3121,0,5605,5848,243
Truck486989,2998,2655,5670,5848,178
Truck487086,3122,3239,5700,5848,148
Truck485983,1338,3121,5395,5849,454
Truck487244,2437,2822,5745,5849,104
Truck487293,2821,3239,5755,5849,94
Truck487488,3239,1338,5810,5849,39
Truck487353,2655,2656,5775,5850,75
Truck486584,2225,1339,5560,5851,291
Truck486731,2224,2655,5600,5851,251
Truck486997,3238,3239,5675,5851,176
Truck487121,3121,2437,5710,5851,141
Truck487566,0,3122,5835,5851,16
Truck487615,3331,2656,5845,5851,6
Truck486202,2999,1338,5455,5852,397
Truck486243,2436,2998,5465,5852,387
Truck486543,2655,2225,5550,5852,302
Truck487014,3122,2999,5680,5852,172
Truck487155,2655,2822,5720,5852,132
Truck487167,2821,2225,5720,5852,132
Truck487527,2821,2822,5820,5852,32
Truck487007,2998,2225,5675,5853,178
Truck487168,2822,1338,5720,5853,133
Truck487508,2656,3239,5815,5853,38
Truck486759,2655,3121,5610,5854,244
Truck487151,2998,3239,5715,5855,140
Truck487217,2224,2821,5735,5855,120
Truck486749,2224,3121,5605,5856,251
Truck487136,2437,3121,5715,5856,141
Truck486315,2436,3122,5485,5857,372
Truck487003,3331,2224,5675,5857,182
Truck487402,2822,2998,5785,5857,72
Truck485571,2655,1338,5280,5858,578
Truck486619,3238,3121,5570,5858,288
Truck486889,3238,2656,5645,5858,213
Truck486896,2656,3238,5645,5858,213
Truck486913,3331,3238,5650,5858,208
Truck487025,2998,2437,5680,5858,178
Truck487128,3239,3122,5710,5858,148
Truck487292,2656,2998,5755,5858,103
Truck487295,2998,2656,5755,5858,103
Truck486779,3121,3239,5615,5859,244
Truck487280,2437,2821,5755,5859,104
Truck487524,3239,2437,5820,5859,39
Truck486316,1339,2436,5485,5861,376
Truck486366,3122,2224,5500,5861,361
Truck486611,2998,0,5565,5861,296
Truck486767,2224,2436,5610,5861,251
Truck486808,2822,3122,5620,5861,241
Truck486994,2999,3239,5675,5861,186
Truck487164,3239,2998,5720,5861,141
Truck486279,2436,3331,5475,5862,387
Truck486838,1339,3121,5630,5862,232
Truck487021,3331,2224,5680,5862,182
Truck487191,2655,2821,5730,5862,132
Truck487203,2821,2436,5730,5862,132
Truck487204,2822,1338,5730,5862,132
Truck486635,3121,3238,5575,5863,288
Truck486931,3331,3238,5655,5863,208
Truck487043,2998,2437,5685,5863,178
Truck487141,3238,2437,5715,5863,148
Truck487560,3239,3331,5830,5863,33
Truck486388,1339,2224,5505,5864,359
Truck486725,3121,2436,5600,5864,264
Truck486792,0,3121,5620,5864,244
Truck486826,2822,1339,5625,5864,239
Truck487298,2437,2655,5760,5864,104
Truck487465,3238,1339,5805,5864,59
Truck486709,3238,2821,5595,5865,270
Truck486962,2225,2437,5665,5865,200
Truck487187,2998,3239,5725,5865,140
Truck486297,2436,2998,5480,5866,386
Truck486334,1339,2436,5490,5866,376
Truck486850,2999,3238,5635,5866,231
Truck487012,2999,0,5680,5866,186
Truck487175,3121,2437,5725,5866,141
Truck487669,3331,2656,5860,5866,6
Truck487068,3122,2999,5695,5867,172
Truck487491,2821,2656,5810,5867,57
Truck485605,1338,2822,5290,5868,578
Truck486949,3331,3238,5660,5868,208
Truck487061,2998,2225,5690,5868,178
Truck486055,1338,3121,5415,5869,454
Truck486815,3121,2656,5625,5869,244
Truck487316,2437,2998,5765,5869,104
Truck487684,1339,3122,5865,5869,4
Truck486803,2224,2999,5620,5871,251
Truck487030,2999,3239,5685,5871,186
Truck487073,2224,2656,5695,5871,176
Truck487545,2821,2998,5825,5871,46
Truck487644,3122,0,5855,5871,16
Truck485668,1339,1338,5305,5872,567
Truck486834,3122,2821,5630,5872,242
Truck487240,2822,2655,5740,5872,132
Truck485623,1338,3239,5295,5873,578
Truck485625,2655,1338,5295,5873,578
Truck486306,0,2436,5485,5873,388
Truck486620,2225,3239,5570,5873,303
Truck487065,2655,2998,5695,5873,178
Truck487072,1339,3331,5695,5873,178
Truck487177,3238,2437,5725,5873,148
Truck487335,2655,2437,5770,5873,103
Truck486077,3121,1338,5420,5874,454
Truck486833,3121,2821,5630,5874,244
Truck487334,2437,2655,5770,5874,104
Truck487471,3331,2437,5805,5875,70
Truck485677,1338,1339,5310,5876,566
Truck486415,1338,2436,5515,5876,361
Truck487048,2999,2998,5690,5876,186
Truck487454,2656,2655,5800,5876,76
Truck487458,0,3238,5805,5876,71
Truck486333,2436,2998,5490,5877,387
Truck486690,3122,2998,5590,5877,287
Truck487257,2821,2999,5745,5877,132
Truck487526,2656,2821,5820,5877,57
Truck485485,3238,1338,5255,5878,623
Truck485641,1338,3239,5300,5878,578
Truck486638,2225,3239,5575,5878,303
Truck486979,3238,3331,5670,5878,208
Truck487097,2998,3121,5700,5878,178
Truck487200,3239,3122,5730,5878,148
Truck487412,2225,2436,5790,5878,88
Truck487510,2822,3331,5815,5878,63
Truck487587,2655,3239,5840,5878,38
Truck486851,3121,2655,5635,5879,244
Truck487519,3238,1339,5820,5879,59
Truck487596,3239,2437,5840,5879,39
Truck486443,2224,3122,5520,5880,360
Truck487307,2224,2821,5760,5880,120
Truck486020,2437,1338,5405,5881,476
Truck486694,1339,2225,5590,5881,291
Truck486999,2436,2999,5675,5881,206
Truck487472,2656,3121,5805,5881,76
Truck486666,0,2998,5585,5882,297
Truck486910,1339,3121,5650,5882,232
Truck487275,2821,2225,5750,5882,132
Truck487518,3122,3238,5820,5882,62
Truck487633,3331,3239,5850,5882,32
Truck486402,3122,2436,5510,5883,373
Truck486648,0,2225,5580,5883,303
Truck486656,2225,3239,5580,5883,303
Truck486708,3122,2225,5595,5883,288
Truck486801,2436,3121,5620,5883,263
Truck487101,2655,2998,5705,5883,178
Truck486460,1339,2224,5525,5884,359
Truck486892,1339,2821,5645,5885,240
Truck486925,3238,2999,5655,5885,230
Truck487507,3331,2999,5815,5885,70
Truck486857,2224,3121,5635,5886,251
Truck487083,2655,2999,5700,5886,186
Truck487490,2656,2655,5810,5886,76
Truck487494,0,3238,5815,5886,71
Truck487601,2998,2821,5840,5886,46
Truck486369,2436,2655,5500,5887,387
Truck487017,2436,2999,5680,5887,207
Truck486479,2224,1339,5530,5888,358
Truck486674,2225,2224,5585,5888,303
Truck486887,3121,0,5645,5888,243
Truck487133,2998,2225,5710,5888,178
Truck487230,3122,3239,5740,5888,148
Truck487546,2822,3331,5825,5888,63
Truck487564,2822,2656,5830,5888,58
Truck487634,2656,3239,5850,5888,38
Truck487112,2656,3122,5705,5889,184
Truck486432,0,2224,5520,5890,370
Truck486879,2821,0,5640,5890,250
Truck487122,3122,3331,5710,5890,180
Truck487434,3239,2821,5795,5890,95
Truck486730,1339,2225,5600,5891,291
Truck486875,2224,1338,5640,5891,251
Truck487512,0,3238,5820,5891,71
Truck487752,3122,1339,5885,5891,6
Truck485695,1338,0,5315,5892,577
Truck486223,3238,2436,5460,5892,432
Truck486529,3238,2225,5545,5892,347
Truck486687,2655,2225,5590,5892,302
Truck486941,3121,1339,5660,5892,232
Truck487129,3331,2224,5710,5892,182
Truck487299,2655,2822,5760,5892,132
Truck486469,1338,2436,5530,5893,363
Truck486692,2225,3239,5590,5893,303
Truck487406,2437,0,5790,5893,103
Truck486933,2821,1339,5655,5894,239
Truck487098,0,3331,5705,5894,189
Truck487162,1339,2999,5720,5894,174
Truck487312,2822,2437,5760,5894,134
Truck487523,2224,2822,5820,5894,74
Truck486450,0,2224,5525,5895,370
Truck486897,2821,0,5645,5895,250
Truck487070,2225,2437,5695,5895,200
Truck487543,3331,1338,5825,5895,70
Truck486893,2224,2436,5645,5896,251
Truck487635,2821,2998,5850,5896,46
Truck487329,2821,2999,5765,5897,132
Truck487600,2822,2656,5840,5897,57
Truck485713,1338,2821,5320,5898,578
Truck485715,2655,1338,5320,5898,578
Truck486710,2225,3331,5595,5898,303
Truck487051,3238,3331,5690,5898,208
Truck487144,1339,2656,5715,5898,183
Truck487262,2437,3238,5750,5898,148
Truck487330,2822,2436,5765,5898,133
Truck487414,1339,2655,5790,5898,108
Truck487422,0,2437,5795,5898,103
Truck487436,2656,2998,5795,5898,103
Truck487160,2225,3121,5720,5899,179
Truck487424,2437,2655,5795,5899,104
Truck487561,3331,2436,5830,5900,70
Truck486755,2998,0,5605,5901,296
Truck486911,2224,2436,5650,5901,251
Truck487138,2999,2655,5715,5901,186
Truck487548,0,3238,5830,5901,71
Truck485776,1339,1338,5335,5902,567
Truck486382,2999,1338,5505,5902,397
Truck487502,2225,2436,5815,5902,87
Truck487503,2436,2225,5815,5902,87
Truck487707,2821,2822,5870,5902,32
Truck486728,2225,2655,5600,5903,303
Truck487435,3331,2998,5795,5903,108
Truck487457,2998,2656,5800,5903,103
Truck487618,2822,2656,5845,5903,58
Truck487708,2822,2821,5870,5903,33
Truck485790,3122,1338,5340,5904,564
Truck486185,3121,1338,5450,5904,454
Truck487442,2437,3239,5800,5904,104
Truck487686,3239,2655,5865,5904,39
Truck487579,3331,3121,5835,5905,70
Truck486782,2225,1339,5615,5906,291
Truck487156,2999,2656,5720,5906,186
Truck487199,2224,2656,5730,5906,176
Truck485749,1338,0,5330,5907,577
Truck486441,2436,2224,5520,5907,387
Truck487000,1339,3121,5675,5907,232
Truck487365,2821,2436,5775,5907,132
Truck487608,3122,3238,5845,5907,62
Truck485748,0,1338,5330,5908,578
Truck486746,2225,3331,5605,5908,303
Truck486959,3121,0,5665,5908,243
Truck487339,3238,2655,5770,5908,138
Truck487453,3331,2998,5800,5908,108
Truck486203,3121,1338,5455,5909,454
Truck487184,2656,3122,5725,5909,184
Truck487460,2437,2822,5805,5909,104
Truck487704,3239,2437,5870,5909,39
Truck486551,2224,3122,5550,5910,360
Truck487107,2436,2999,5705,5910,205
Truck487176,3122,2656,5725,5910,185
Truck487597,3331,1338,5840,5910,70
Truck487174,2999,2655,5725,5911,186
Truck487228,2999,3122,5740,5911,171
Truck487580,2656,2437,5835,5911,76
Truck485766,0,1338,5335,5913,578
Truck485767,1338,2656,5335,5913,578
Truck485769,2655,1338,5335,5913,578
Truck486764,2225,2821,5610,5913,303
Truck487198,1339,2656,5730,5913,183
Truck487223,2998,2655,5735,5913,178
Truck486972,0,3121,5670,5914,244
Truck487478,2437,2655,5810,5914,104
Truck487722,3239,1338,5875,5914,39
Truck486845,2998,1339,5630,5915,285
Truck487033,3238,2999,5685,5915,230
Truck487645,3238,3122,5855,5915,60
Truck486820,1339,2225,5625,5916,291
Truck486965,2224,2436,5665,5916,251
Truck487192,2999,2224,5730,5916,186
Truck485830,1339,1338,5350,5917,567
Truck487120,2999,2436,5710,5917,207
Truck487401,2821,2655,5785,5917,132
Truck487241,2998,2225,5740,5918,178
Truck487338,3122,3239,5770,5918,148
Truck487486,1339,2655,5810,5918,108
Truck487651,3331,2822,5855,5918,63
Truck486586,1339,2224,5560,5919,359
Truck486923,3121,2436,5655,5919,264
Truck486995,3121,2224,5675,5919,244
Truck487188,0,3331,5730,5919,189
Truck487479,2655,3122,5810,5919,109
Truck486163,1338,2437,5445,5920,475
Truck486856,1339,2998,5635,5920,285
Truck486988,2822,0,5670,5920,250
Truck486531,2436,1339,5545,5921,376
Truck486983,2224,2225,5670,5921,251
Truck487249,3238,3239,5745,5921,176
Truck487616,2656,2655,5845,5921,76
Truck487620,0,3238,5850,5921,71
Truck487824,3122,0,5905,5921,16
Truck486854,2225,3122,5635,5922,287
Truck487054,1339,3121,5690,5922,232
Truck487235,2224,3331,5740,5922,182
Truck487326,3239,0,5765,5922,157
Truck487419,2821,2655,5790,5922,132
Truck487558,1339,2437,5830,5922,92
Truck487636,2822,2998,5850,5922,72
Truck487689,2821,2656,5865,5922,57
Truck487690,2822,2656,5865,5922,57
Truck485803,1338,2821,5345,5923,578
Truck487127,2224,3239,5710,5923,213
Truck487238,2656,1339,5740,5923,183
Truck487314,0,3239,5765,5923,158
Truck487586,2437,2999,5840,5923,83
Truck487758,3239,2656,5885,5923,38
Truck487013,3121,2656,5680,5924,244
Truck487563,2821,3239,5830,5924,94
Truck486181,1338,2437,5450,5925,475
Truck486605,2224,3122,5565,5925,360
Truck487001,2224,1338,5675,5926,251
Truck487655,2998,2822,5855,5926,71
Truck487878,3122,1339,5920,5926,6
Truck486351,2436,3238,5495,5927,432
Truck486513,2436,3331,5540,5927,387
Truck486934,2822,3238,5655,5927,272
Truck487255,3331,2224,5745,5927,182
Truck487438,2822,2436,5795,5927,132
Truck486818,2225,2822,5625,5928,303
Truck487270,1339,3331,5750,5928,178
Truck487380,3239,3122,5780,5928,148
Truck486271,1338,3121,5475,5929,454
Truck487146,3239,2224,5715,5929,214
Truck487532,2437,2821,5825,5929,104
Truck487776,3239,2436,5890,5929,39
Truck487659,2655,3331,5860,5930,70
Truck486899,2998,3122,5645,5931,286
Truck486952,2822,3238,5660,5931,271
Truck487019,2224,3121,5680,5931,251
Truck487246,2999,2822,5745,5931,186
Truck487289,2224,2656,5755,5931,176
Truck487396,1339,3239,5785,5931,146
Truck487409,3121,2437,5790,5931,141
Truck487652,2656,2436,5855,5931,76
Truck486890,2225,3122,5645,5932,287
Truck487271,2224,3331,5750,5932,182
Truck487455,2821,2999,5800,5932,132
Truck487456,2822,2437,5800,5932,132
Truck487610,2225,2436,5845,5932,87
Truck487672,2822,2998,5860,5932,72
Truck487815,2821,2822,5900,5932,32
Truck485839,1338,3331,5355,5933,578
Truck486836,2225,2822,5630,5933,303
Truck487103,3121,3122,5705,5933,228
Truck487163,2224,3239,5720,5933,213
Truck487350,0,3239,5775,5933,158
Truck487388,2437,3238,5785,5933,148
Truck487425,2655,3238,5795,5933,138
Truck487551,2655,2437,5830,5933,103
Truck487562,2656,2998,5830,5933,103
Truck487812,3239,3331,5900,5933,33
Truck486293,3121,1338,5480,5934,454
Truck486533,2224,3238,5545,5934,389
Truck487306,1339,2999,5760,5934,174
Truck487497,2655,0,5815,5934,119
Truck487550,2437,3331,5830,5934,104
Truck486961,3238,2821,5665,5935,270
Truck487105,3238,2999,5705,5935,230
Truck487687,3331,3121,5865,5935,70
Truck487037,2224,3121,5685,5936,251
Truck487264,2999,2224,5750,5936,186
Truck487427,3121,2437,5795,5936,141
Truck487670,2656,2436,5860,5936,76
Truck487779,2821,2998,5890,5936,46
Truck485902,1339,1338,5370,5937,567
Truck486603,2436,3122,5565,5937,372
Truck487473,2821,2225,5805,5937,132
Truck487474,2822,2999,5805,5937,132
Truck487742,2656,2821,5880,5937,57
Truck485857,1338,2224,5360,5938,578
Truck485859,2655,1338,5360,5938,578
Truck487416,3239,3122,5790,5938,148
Truck487565,2998,3331,5830,5938,108
Truck487067,3121,3331,5695,5939,244
Truck486659,2224,3122,5580,5940,360
Truck487677,2655,2656,5865,5940,75
Truck487705,3331,2437,5870,5940,70
Truck487282,2999,0,5755,5941,186
Truck487688,2656,2655,5865,5941,76
Truck487939,3331,2656,5935,5941,6
Truck486567,2436,2998,5555,5942,387
Truck487492,2822,1338,5810,5942,132
Truck485719,3238,1338,5320,5943,623
Truck487210,2999,2436,5735,5943,208
Truck487317,2655,2998,5765,5943,178
Truck487583,2998,3331,5835,5943,108
Truck487732,2999,3121,5880,5943,63
Truck487085,3121,3239,5700,5944,244
Truck487342,1339,2999,5770,5944,174
Truck487830,3239,3121,5905,5944,39
Truck487108,1339,2821,5705,5945,240
Truck487233,2436,2999,5740,5945,205
Truck487336,2999,1339,5770,5945,175
Truck486585,2436,2655,5560,5946,386
Truck486926,2225,1339,5655,5946,291
Truck487346,2656,2224,5770,5946,176
Truck487452,3239,1339,5800,5946,146
Truck487470,3239,2998,5805,5946,141
Truck487509,2821,2655,5815,5947,132
Truck487534,2999,2225,5825,5947,122
Truck487231,3238,3331,5740,5948,208
Truck487839,2655,3239,5910,5948,38
Truck487604,2437,3239,5845,5949,104
Truck487095,2821,0,5700,5950,250
Truck487590,3122,2655,5840,5950,110
Truck487741,3331,2437,5880,5950,70
Truck487357,3238,3239,5775,5951,176
Truck487364,2656,2224,5775,5951,176
Truck487654,2822,3239,5855,5951,96
Truck487724,2656,3121,5875,5951,76
Truck487777,3331,2822,5890,5951,61
Truck486685,1338,2436,5590,5952,362
Truck487528,2822,2436,5820,5952,132
Truck487769,3121,2999,5890,5952,62
Truck485911,1338,3239,5375,5953,578
Truck487622,2437,2998,5850,5954,104
Truck487866,3239,1338,5915,5954,39
Truck487286,2225,2437,5755,5955,200
Truck487759,3331,2655,5885,5955,70
Truck486459,2436,3238,5525,5956,431
Truck487506,3239,2998,5815,5956,141
Truck486621,2436,2655,5570,5957,387
Truck486936,0,2998,5660,5957,297
Truck487574,2225,2999,5835,5957,122
Truck487962,0,1339,5945,5957,12
Truck485929,1338,2822,5380,5958,578
Truck487378,1339,3331,5780,5958,178
Truck487385,2998,2437,5780,5958,178
Truck487623,2655,1339,5850,5958,108
Truck487638,0,2437,5855,5958,103
Truck487137,2655,3121,5715,5959,244
Truck487194,3122,3121,5730,5959,229
Truck487376,2225,3121,5780,5959,179
Truck487640,2437,2998,5855,5959,104
Truck487599,2821,2224,5840,5960,120
Truck486639,2436,2224,5575,5961,386
Truck487116,0,2821,5710,5961,251
Truck487760,2656,2437,5885,5961,76
Truck486954,0,2998,5665,5962,297
Truck487379,2224,3331,5780,5962,182
Truck487588,2999,2225,5840,5962,122
Truck487719,2436,2225,5875,5962,87
Truck487389,2655,2998,5785,5963,178
Truck487500,3122,3239,5815,5963,148
Truck487924,2822,2821,5930,5963,33
Truck487069,3238,2822,5695,5964,269
Truck487157,3121,2224,5720,5964,244
Truck487212,3122,3121,5735,5964,229
Truck487382,2656,3122,5780,5964,184
Truck487658,2437,2655,5860,5964,104
Truck487902,3239,1338,5925,5964,39
Truck487547,2998,3239,5825,5965,140
Truck487795,3331,2999,5895,5965,70
Truck487145,2224,1338,5715,5966,251
Truck487371,2655,2999,5780,5966,186
Truck488030,2656,3331,5960,5966,6
Truck487569,2655,2822,5835,5967,132
Truck487581,2821,3121,5835,5967,132
Truck487941,2821,2822,5935,5967,32
Truck488008,1339,0,5955,5967,12
Truck487300,2999,2436,5760,5968,208
Truck487407,2655,2998,5790,5968,178
Truck487417,3331,3122,5790,5968,178
Truck487674,0,2437,5865,5968,103
Truck486766,1339,2224,5610,5969,359
Truck487290,3239,2224,5755,5969,214
Truck487368,0,3331,5780,5969,189
Truck487676,2437,2822,5865,5969,104
Truck487750,2999,2437,5885,5969,84
Truck487793,2224,2998,5895,5969,74
Truck487920,3239,3121,5930,5969,39
Truck487426,2999,1339,5795,5970,175
Truck487813,3331,2436,5900,5970,70
Truck486019,1338,1339,5405,5971,566
Truck486711,2436,1339,5595,5971,376
Truck487390,2999,3239,5785,5971,186
Truck487542,3239,1339,5825,5971,146
Truck487796,2656,3121,5895,5971,76
Truck487907,2998,2821,5925,5971,46
Truck487738,1339,2437,5880,5972,92
Truck487816,2822,2224,5900,5972,72
Truck487851,2821,3331,5910,5972,62
Truck486980,2225,3331,5670,5973,303
Truck487432,1339,3331,5795,5973,178
Truck487439,2998,1338,5795,5973,178
Truck487929,2655,3239,5935,5973,38
Truck487193,3121,2655,5730,5974,244
Truck486785,2224,3122,5615,5975,360
Truck487186,2822,0,5725,5975,250
Truck487221,2821,3122,5735,5975,240
Truck487358,2225,2437,5775,5975,200
Truck487428,3122,3331,5795,5975,180
Truck487831,3331,2437,5905,5975,70
Truck487181,2224,2436,5725,5976,251
Truck487408,2999,2224,5790,5976,186
Truck487568,2437,3121,5835,5976,141
Truck487814,2656,2225,5900,5976,76
Truck486693,2436,0,5590,5977,387
Truck487222,2822,3122,5735,5977,242
Truck487617,2821,2225,5845,5977,132
Truck487834,2822,2998,5905,5977,72
Truck487859,3121,2999,5915,5977,62
Truck488034,0,1339,5965,5977,12
Truck486003,2655,1338,5400,5978,578
Truck487211,3121,0,5735,5978,243
Truck487321,3238,2656,5765,5978,213
Truck487328,2656,3238,5765,5978,213
Truck487702,1339,2655,5870,5978,108
Truck487709,2998,3331,5870,5978,108
Truck487400,2656,0,5785,5979,194
Truck487712,2437,2998,5875,5979,104
Truck487770,3122,2437,5890,5979,89
Truck487123,3238,2821,5710,5980,270
Truck487234,1339,2821,5740,5980,240
Truck487370,2437,2225,5780,5980,200
Truck487843,3238,0,5910,5980,70
Truck487849,3331,2225,5910,5980,70
Truck487832,2656,2436,5905,5981,76
Truck487836,0,3238,5910,5981,71
Truck486793,1338,2436,5620,5982,362
Truck486073,1338,3122,5420,5983,563
Truck487016,2225,2655,5680,5983,303
Truck487450,1339,2656,5800,5983,183
Truck487461,2655,2998,5805,5983,178
Truck487227,2655,3121,5740,5984,244
Truck487229,3121,2655,5740,5984,244
Truck487344,3239,2224,5770,5984,214
Truck487418,2656,0,5790,5984,194
Truck487730,2437,2224,5880,5984,104
Truck487853,2998,2224,5910,5984,74
Truck487974,3239,2655,5945,5984,39
Truck488098,1339,3122,5980,5984,4
Truck487857,2655,3331,5915,5985,70
Truck487867,3331,2999,5915,5985,70
Truck487850,2656,2655,5910,5986,76
Truck488058,3122,0,5970,5986,16
Truck486729,2436,3239,5600,5987,387
Truck487372,2999,2436,5780,5987,207
Truck487489,3331,1339,5810,5987,177
Truck487923,2821,2656,5930,5987,57
Truck488011,3331,3239,5955,5987,32
Truck486037,1338,2821,5410,5988,578
Truck487034,2225,2998,5685,5988,303
Truck487745,2998,3331,5880,5988,108
Truck487746,0,2437,5885,5988,103
Truck487749,2655,2437,5885,5988,103
Truck488014,2822,2821,5955,5988,33
Truck487247,3121,2821,5745,5989,244
Truck487362,3239,2224,5775,5989,214
Truck487748,2437,2655,5885,5989,104
Truck487865,2224,2822,5915,5989,74
Truck487992,3239,2436,5950,5989,39
Truck486747,2436,2656,5605,5991,386
Truck486837,2436,1338,5630,5991,361
Truck487135,1338,2225,5715,5991,276
Truck488112,3122,1339,5985,5991,6
Truck486703,1338,2999,5595,5992,397
Truck485893,1338,3238,5370,5993,623
Truck487265,3121,0,5750,5993,243
Truck487511,2998,2655,5815,5993,178
Truck487125,2436,2437,5710,5994,284
Truck486433,1338,2437,5520,5995,475
Truck487015,3238,2998,5680,5995,315
Truck486765,2436,0,5610,5996,386
Truck487318,2999,3238,5765,5996,231
Truck487718,2225,2999,5875,5997,122
Truck486127,1338,3122,5435,5998,563
Truck487525,3331,3122,5820,5998,178
Truck487529,2998,2655,5820,5998,178
Truck487930,2999,3121,5935,5998,63
Truck488019,2655,3239,5960,5998,38
Truck487143,2436,2437,5715,5999,284
Truck487283,3121,3239,5755,5999,244
Truck487858,2999,2437,5915,5999,84
Truck488028,3239,2655,5960,5999,39
Truck486451,1338,2437,5525,6000,475
Truck487260,0,2822,5750,6000,250
Truck487921,3331,2436,5930,6000,70
Truck487904,2656,1338,5925,6001,76
Truck486091,1338,0,5425,6002,577
Truck486783,2436,3331,5615,6002,387
Truck487614,3239,0,5845,6002,157
Truck487695,2655,2821,5870,6002,132
Truck487862,2225,2436,5915,6002,87
Truck487949,3121,2999,5940,6002,62
Truck487139,3121,3238,5715,6003,288
Truck487792,1339,2655,5895,6003,108
Truck487948,2999,3121,5940,6003,63
Truck487802,2437,3239,5900,6004,104
Truck487925,2998,2224,5930,6004,74
Truck488046,3239,2436,5965,6004,39
Truck488170,1339,3122,6000,6004,4
Truck487294,2822,0,5755,6005,250
Truck487324,1339,2822,5765,6005,240
Truck486470,2437,1338,5530,6006,476
Truck487516,2999,2656,5820,6006,186
Truck487666,1339,3239,5860,6006,146
Truck487922,2656,2437,5930,6006,76
Truck487943,2998,2822,5935,6006,71
Truck486637,3238,2436,5575,6007,432
Truck487320,3122,2821,5765,6007,242
Truck487444,2999,2436,5800,6007,207
Truck487632,3239,0,5850,6007,157
Truck487725,2821,1338,5875,6007,132
Truck487726,2822,3121,5875,6007,132
Truck487967,3121,2999,5945,6007,62
Truck487975,3331,2822,5945,6007,62
Truck486109,1338,2998,5430,6008,578
Truck487106,2225,2998,5705,6008,303
Truck487668,3239,3122,5860,6008,148
Truck487821,2655,2437,5905,6008,103
Truck487319,3121,2998,5765,6009,244
Truck487820,2437,2224,5905,6009,104
Truck487348,2822,1339,5770,6010,240
Truck487957,3331,2437,5940,6010,70
Truck487172,2437,2436,5725,6011,286
Truck487296,0,2822,5760,6011,251
Truck487577,2224,2656,5835,6011,176
Truck488142,0,3122,5995,6011,16
Truck486657,2436,3238,5580,6012,432
Truck486775,1338,2999,5615,6012,397
Truck487119,2655,2225,5710,6012,302
Truck487134,0,2998,5715,6012,297
Truck487462,2999,2436,5805,6012,207
Truck487467,2436,2999,5805,6012,207
Truck487578,3239,3238,5835,6012,177
Truck487650,3239,0,5855,6012,157
Truck487743,2821,2225,5880,6012,132
Truck486126,0,1338,5435,6013,578
Truck486819,2436,2998,5625,6013,388
Truck487124,2225,2655,5710,6013,303
Truck487744,2822,3121,5880,6013,133
Truck487828,1339,2655,5905,6013,108
Truck487835,2998,3331,5905,6013,108
Truck487838,2437,0,5910,6013,103
Truck487337,3121,2998,5770,6014,244
Truck487961,2998,2224,5940,6014,74
Truck488082,3239,2225,5975,6014,39
Truck487496,2437,2225,5815,6015,200
Truck487797,2821,2224,5895,6015,120
Truck487884,3239,2822,5920,6015,95
Truck486675,2436,3238,5585,6016,431
Truck487205,2998,3122,5730,6016,286
Truck487552,2999,2656,5830,6016,186
Truck486874,1339,2436,5640,6017,377
Truck487892,2437,1339,5925,6017,92
Truck488121,2821,2822,5985,6017,32
Truck486145,1338,3331,5440,6018,578
Truck487142,2225,2656,5715,6018,303
Truck487576,1339,2656,5835,6018,183
Truck487731,2655,3238,5880,6018,138
Truck487928,2437,2999,5935,6018,83
Truck488118,3239,3331,5985,6018,33
Truck486204,3122,1338,5455,6019,564
Truck487287,2436,3121,5755,6019,264
Truck487355,3121,2655,5775,6019,244
Truck487544,2656,0,5825,6019,194
Truck487856,2437,3331,5915,6019,104
Truck487514,2437,2225,5820,6020,200
Truck486855,2436,3239,5635,6021,386
Truck487343,2224,2437,5770,6021,251
Truck487384,2822,1339,5780,6021,241
Truck487570,2999,2655,5835,6021,186
Truck487935,2436,2225,5935,6021,86
Truck486998,2225,3238,5675,6022,347
Truck487374,3122,2822,5780,6022,242
Truck487498,2999,2436,5815,6022,207
Truck487918,1339,2437,5930,6022,92
Truck488050,2822,2656,5965,6022,57
Truck487305,2436,3121,5760,6023,263
Truck487605,2655,2998,5845,6023,178
Truck487886,2656,2998,5920,6023,103
Truck486222,3122,1338,5460,6024,564
Truck486853,3238,2224,5635,6024,389
Truck486964,1339,2224,5665,6024,359
Truck487874,2437,2224,5920,6024,104
Truck487366,2822,0,5775,6025,250
Truck487361,2224,3121,5775,6026,251
Truck487642,2999,3122,5855,6026,171
Truck487994,2656,2999,5950,6026,76
Truck486832,2999,1338,5630,6027,397
Truck486873,2436,0,5640,6027,387
Truck487785,2655,2821,5895,6027,132
Truck488040,3122,3238,5965,6027,62
Truck486864,0,2436,5640,6028,388
Truck487178,2225,2224,5725,6028,303
Truck487637,2998,2436,5850,6028,178
Truck487798,2822,2437,5895,6028,133
Truck487391,3121,2655,5785,6029,244
Truck488136,3239,1338,5990,6029,39
Truck487383,2821,0,5780,6030,250
Truck488029,3331,2655,5960,6030,70
Truck486981,2436,1338,5670,6031,361
Truck487251,2436,2437,5745,6031,286
Truck487420,2822,3122,5790,6031,241
Truck486199,1338,3331,5455,6033,578
Truck486882,0,2436,5645,6033,388
Truck487196,2225,2822,5730,6033,303
Truck487630,1339,2656,5850,6033,183
Truck487982,2437,2999,5950,6033,83
Truck487598,2656,0,5840,6034,194
Truck487910,2437,2656,5930,6034,104
Truck487169,2998,3238,5720,6035,315
Truck487956,3239,2821,5940,6035,95
Truck488047,3331,2436,5965,6035,70
Truck486909,2436,0,5650,6036,386
Truck487252,1339,2225,5745,6036,291
Truck487624,2999,0,5850,6036,186
Truck488139,2821,2998,5990,6036,46
Truck487833,2821,3121,5905,6037,132
Truck486217,1338,3331,5460,6038,578
Truck486219,2655,1338,5460,6038,578
Truck487206,0,2225,5735,6038,303
Truck487673,2998,2655,5860,6038,178
Truck487911,2655,3122,5930,6039,109
Truck488045,2224,2822,5965,6039,74
Truck488051,2998,2224,5965,6039,74
Truck487288,1339,2998,5755,6040,285
Truck487602,0,2656,5845,6040,195
Truck487872,0,2655,5920,6040,120
Truck488007,2436,2225,5955,6040,85
Truck488095,3238,3122,5980,6040,60
Truck486927,2436,3331,5655,6041,386
Truck487415,2224,2999,5790,6041,251
Truck487480,2999,3238,5810,6041,231
Truck487685,2224,2656,5865,6041,176
Truck488048,2656,2225,5965,6041,76
Truck488069,2998,2822,5970,6041,71
Truck488300,2656,3331,6035,6041,6
Truck486235,1338,0,5465,6042,577
Truck486886,2999,1338,5645,6042,397
Truck488122,2822,2656,5985,6042,57
Truck488268,0,1339,6030,6042,12
Truck487789,3238,2437,5895,6043,148
Truck487852,2822,1338,5910,6043,133
Truck486689,3121,1338,5590,6044,454
Truck487445,3121,3331,5800,6044,244
Truck488063,2224,2822,5970,6044,74
Truck487696,2999,1339,5870,6045,175
Truck487277,2998,0,5750,6046,296
Truck487433,2224,2225,5795,6046,251
Truck487656,0,2999,5860,6046,186
Truck487660,2999,2224,5860,6046,186
Truck487714,2999,3122,5875,6046,171
Truck487823,3121,2437,5905,6046,141
Truck488066,2656,2655,5970,6046,76
Truck486945,2436,2656,5660,6047,387
Truck487245,2655,2225,5745,6047,302
Truck487302,3122,2998,5760,6047,287
Truck487869,2821,2225,5915,6047,132
Truck486253,1338,2224,5470,6048,578
Truck486307,1338,3122,5485,6048,563
Truck487242,0,2225,5745,6048,303
Truck487250,2225,2822,5745,6048,303
Truck487301,3121,3238,5760,6048,288
Truck487375,3238,2822,5780,6048,268
Truck487807,3238,2437,5900,6048,148
Truck488024,2225,2436,5960,6048,88
Truck486939,2655,2436,5660,6049,389
Truck486943,3238,2224,5660,6049,389
Truck487720,1339,2999,5875,6049,174
Truck487964,2437,3331,5945,6049,104
Truck486631,1338,2437,5575,6050,475
Truck488091,2655,3331,5980,6050,70
Truck486963,2436,2822,5665,6051,386
Truck487050,3122,2224,5690,6051,361
Truck487440,0,2821,5800,6051,251
Truck487451,2224,2999,5800,6051,251
Truck487678,2999,2822,5865,6051,186
Truck487721,2224,2656,5875,6051,176
Truck488084,2656,2437,5975,6051,76
Truck488088,0,3238,5980,6051,71
Truck488193,2821,2998,6005,6051,46
Truck487723,3331,1339,5875,6052,177
Truck487887,2821,3121,5920,6052,132
Truck488245,3331,3239,6020,6052,32
Truck487268,2225,3331,5750,6053,303
Truck487706,2656,1339,5870,6053,183
Truck487888,2822,1338,5920,6053,133
Truck487481,3121,3239,5810,6054,244
Truck486649,1338,2437,5580,6055,475
Truck487341,2436,2437,5770,6055,285
Truck487926,0,2655,5935,6055,120
Truck487968,3122,2655,5945,6055,110
Truck488102,2656,2436,5980,6056,76
Truck488304,0,3122,6040,6056,16
Truck487740,3239,3238,5880,6057,177
Truck487893,2655,2821,5925,6057,132
Truck487905,2821,1338,5925,6057,132
Truck487993,3331,2998,5950,6058,108
Truck488015,2998,2656,5955,6058,103
Truck488146,2999,3121,5995,6058,63
Truck488235,2655,3239,6020,6058,38
Truck488244,3239,2656,6020,6058,38
Truck487411,3238,2822,5790,6059,269
Truck487499,3121,2655,5815,6059,244
Truck488000,2437,2656,5955,6059,104
Truck488117,2224,2822,5985,6059,74
Truck487044,0,2224,5690,6060,370
Truck487716,3122,2656,5875,6060,185
Truck488109,2655,2656,5985,6060,75
Truck487036,1339,2436,5685,6061,376
Truck487487,2224,2437,5810,6061,251
Truck487757,2224,2656,5885,6061,176
Truck487864,1339,3239,5915,6061,146
Truck488120,2656,1338,5985,6061,76
Truck486955,1338,2999,5665,6062,397
Truck487304,2225,2998,5760,6063,303
Truck487517,3121,2656,5820,6064,244
Truck487540,1339,2822,5825,6064,239
Truck488018,2437,3239,5960,6064,104
Truck487573,3238,2999,5835,6065,230
Truck488127,2655,2656,5990,6065,75
Truck488155,3331,3121,5995,6065,70
Truck487505,2224,2655,5815,6066,251
Truck487778,2656,2224,5890,6066,176
Truck488138,2656,2999,5990,6066,76
Truck487332,0,2998,5770,6067,297
Truck488080,1339,2437,5975,6067,92
Truck488191,3331,2822,6005,6067,62
Truck486325,1338,2655,5490,6068,578
Truck487322,2225,2821,5765,6068,303
Truck487535,3121,0,5825,6068,243
Truck487942,2822,1338,5935,6068,133
Truck487091,2224,0,5700,6069,369
Truck488036,2437,2656,5965,6069,104
Truck488153,2224,2822,5995,6069,74
Truck487403,2998,1339,5785,6070,285
Truck488173,3331,2999,6000,6070,70
Truck487367,2998,0,5775,6071,296
Truck487913,3121,2437,5930,6071,141
Truck487794,3239,3238,5895,6072,177
Truck487960,2822,2436,5940,6072,132
Truck488114,2225,2436,5985,6072,87
Truck488211,2821,3331,6010,6072,62
Truck486343,1338,3331,5495,6073,578
Truck486345,2655,1338,5495,6073,578
Truck487035,2436,2998,5685,6073,388
Truck487340,2225,2821,5770,6073,303
Truck487799,2998,3121,5895,6073,178
Truck487553,3121,2822,5830,6074,244
Truck488054,2437,2998,5970,6074,104
Truck487609,3238,2999,5845,6075,230
Truck487728,0,2656,5880,6075,195
Truck487606,2999,3238,5845,6076,231
Truck487767,2655,2999,5890,6076,186
Truck487768,2999,2821,5890,6076,186
Truck487938,3239,2998,5935,6076,141
Truck486891,2436,3238,5645,6077,432
Truck487410,3122,2998,5790,6077,287
Truck487572,3122,2822,5835,6077,242
Truck487977,2821,2225,5945,6077,132
Truck488006,2225,2999,5955,6077,122
Truck488394,0,1339,6065,6077,12
Truck487625,3121,3122,5850,6078,228
Truck487681,3238,2656,5865,6078,213
Truck487817,2998,2436,5900,6078,178
Truck487978,2822,1338,5945,6078,133
Truck488316,3239,2656,6040,6078,38
Truck487626,3122,3121,5850,6079,229
Truck488209,3331,1338,6010,6080,70
Truck487786,2999,0,5895,6081,186
Truck487946,2437,3121,5940,6081,141
Truck488192,2656,2655,6005,6081,76
Truck488443,3331,2656,6075,6081,6
Truck486379,1338,0,5505,6082,577
Truck487071,2436,2821,5695,6082,387
Truck487214,2225,3238,5735,6082,347
Truck487995,2821,2225,5950,6082,132
Truck488150,2225,2436,5995,6082,87
Truck488264,2656,2821,6025,6082,57
Truck488265,2821,2656,6025,6082,57
Truck487429,3238,3121,5795,6083,288
Truck487589,3121,0,5840,6083,243
Truck487643,3121,3122,5855,6083,228
Truck488073,2655,1339,5975,6083,108
Truck488087,2998,3331,5975,6083,108
Truck487180,1339,2224,5725,6084,359
Truck487996,2822,2436,5950,6084,134
Truck488090,2437,2656,5980,6084,104
Truck487126,1339,2436,5710,6085,375
Truck488199,2655,2656,6010,6085,75
Truck488210,2656,2436,6010,6086,76
Truck488321,2998,2821,6040,6086,46
Truck487089,2436,2822,5700,6087,387
Truck487232,2225,3238,5740,6087,347
Truck487848,3239,3238,5910,6087,177
Truck488013,2821,3121,5955,6087,132
Truck488038,2999,2225,5965,6087,122
Truck487386,0,2225,5785,6088,303
Truck487394,2225,2656,5785,6088,303
Truck487447,3238,3121,5800,6088,288
Truck487846,1339,3331,5910,6088,178
Truck488343,2655,3239,6050,6088,38
Truck487607,3121,2655,5845,6089,244
Truck488055,2655,0,5970,6089,119
Truck488108,2437,2224,5985,6089,104
Truck488352,3239,3121,6050,6089,39
Truck487842,3122,3331,5910,6090,180
Truck487475,2998,3122,5805,6091,286
Truck487822,2999,2224,5905,6091,186
Truck488228,2656,2436,6015,6091,76
Truck488031,2821,1338,5960,6092,132
Truck486259,3238,1338,5470,6093,623
Truck487463,3121,3238,5805,6093,288
Truck488001,2655,3238,5955,6093,138
Truck488124,0,2437,5990,6093,103
Truck488361,2655,3239,6055,6093,38
Truck487109,2224,3238,5705,6094,389
Truck487216,1339,2224,5735,6094,359
Truck487653,2821,1339,5855,6094,239
Truck487818,0,3331,5905,6094,189
Truck488175,2821,3239,6000,6094,94
Truck488184,3122,2437,6005,6094,89
Truck488249,2998,2224,6020,6094,74
Truck488370,3239,3121,6055,6094,39
Truck487158,3122,2436,5720,6095,375
Truck487493,2998,1339,5810,6095,285
Truck488263,3331,3121,6025,6095,70
Truck487466,2225,1339,5805,6096,291
Truck487613,2224,2999,5845,6096,251
Truck487840,2999,2998,5910,6096,186
Truck487990,1339,3239,5950,6096,146
Truck488003,3121,2437,5955,6096,141
Truck488010,3239,2998,5955,6096,141
Truck487084,2999,1338,5700,6097,397
Truck488074,2999,2225,5975,6097,122
Truck488266,2822,2224,6025,6097,72
Truck488292,3122,3238,6035,6097,62
Truck487430,2225,2822,5795,6098,303
Truck487697,3121,3122,5870,6098,228
Truck487889,2998,2437,5920,6098,178
Truck488406,3239,3331,6065,6098,33
Truck487641,2655,3121,5855,6099,244
Truck488144,2437,2656,5995,6099,104
Truck488190,3239,2822,6005,6099,94
Truck488388,3239,2436,6060,6099,39
Truck488194,2822,3239,6005,6100,95
Truck488281,3331,2436,6030,6100,70
Truck487631,2224,2655,5850,6101,251
Truck488285,2998,2822,6030,6101,71
Truck487443,2655,2225,5800,6102,302
Truck487662,3122,2822,5860,6102,242
Truck487885,3331,2224,5920,6102,182
Truck487903,3331,1339,5925,6102,177
Truck487914,3122,2999,5930,6102,172
Truck488068,2822,1338,5970,6102,132
Truck488198,2437,1339,6010,6102,92
Truck488310,3122,3238,6040,6102,62
Truck488336,2656,2821,6045,6102,57
Truck488494,1339,0,6090,6102,12
Truck486505,1338,3122,5540,6103,563
Truck487253,2224,1339,5745,6103,358
Truck487448,2225,2224,5800,6103,303
Truck487900,1339,3331,5925,6103,178
Truck488037,2655,3238,5965,6103,138
Truck488234,2437,2999,6020,6103,83
Truck487661,3121,2224,5860,6104,244
Truck488162,2437,2655,6000,6104,104
Truck488212,2822,3239,6010,6104,94
Truck487421,2998,3238,5790,6105,315
Truck487522,1339,2998,5820,6105,285
Truck488106,0,2655,5985,6105,120
Truck488208,3239,2822,6010,6105,95
Truck488271,2655,2656,6030,6105,75
Truck488299,3331,2437,6035,6105,70
Truck487582,2822,3238,5835,6106,271
Truck487649,2224,2655,5855,6106,251
Truck487875,2655,2999,5920,6106,186
Truck488282,2656,2436,6030,6106,76
Truck488490,3122,0,6090,6106,16
Truck487680,3122,2822,5865,6107,242
Truck488085,2821,3121,5975,6107,132
Truck488110,2999,2225,5985,6107,122
Truck487161,2436,2822,5720,6108,388
Truck487980,0,3239,5950,6108,158
Truck488086,2822,2436,5975,6108,133
Truck488163,2655,1339,6000,6108,108
Truck488252,2437,2999,6025,6108,83
Truck487679,3121,2998,5865,6109,244
Truck488180,2437,2224,6005,6109,104
Truck487735,3238,2999,5880,6110,230
Truck487894,2999,2655,5925,6111,186
Truck487536,3122,2998,5825,6112,287
Truck488103,2821,1338,5980,6112,132
Truck486487,1338,2655,5535,6113,578
Truck487484,2225,3239,5810,6113,303
Truck487998,0,3239,5955,6113,158
Truck488104,2822,2225,5980,6113,133
Truck488213,2998,2656,6010,6113,103
Truck488444,2656,3239,6075,6113,38
Truck487890,0,3331,5925,6114,189
Truck488335,3331,2225,6045,6115,70
Truck487912,2999,0,5930,6116,186
Truck487966,2999,3122,5945,6116,171
Truck488318,2656,2437,6040,6116,76
Truck487279,1338,2436,5755,6117,362
Truck487556,2225,3122,5830,6117,287
Truck488260,1339,2437,6025,6117,92
Truck488479,3331,3239,6085,6117,32
Truck487936,1339,2656,5935,6118,183
Truck488059,3238,2437,5970,6118,148
Truck488374,2822,3331,6055,6118,63
Truck487713,2655,3121,5875,6119,244
Truck488460,3239,3121,6080,6119,39
Truck486883,1338,2437,5645,6120,475
Truck488353,3331,2655,6050,6120,70
Truck486568,1339,1338,5555,6122,567
Truck488408,2656,2821,6065,6122,57
Truck488497,3331,3239,6090,6122,32
Truck488499,2821,2822,6090,6122,32
Truck486361,1338,3238,5500,6123,623
Truck487053,2436,3238,5690,6123,433
Truck487215,2436,0,5735,6123,388
Truck487979,2998,2999,5945,6123,178
Truck488072,2437,3238,5975,6123,148
Truck488227,3331,2998,6015,6123,108
Truck488389,3331,2822,6060,6123,63
Truck487266,3122,2436,5750,6124,374
Truck487733,3121,2655,5880,6124,244
Truck487958,2656,3122,5940,6124,184
Truck488392,2822,3331,6060,6124,64
Truck487756,1339,2821,5885,6125,240
Truck487762,2822,1339,5885,6125,240
Truck487908,0,2656,5930,6125,195
Truck488371,3331,2437,6055,6125,70
Truck488375,2998,2822,6055,6126,71
Truck486541,1338,0,5550,6127,577
Truck487533,2655,2225,5825,6127,302
Truck487876,2999,2436,5920,6127,207
Truck488064,3239,0,5970,6127,157
Truck488409,2821,3331,6065,6127,62
Truck487538,2225,3331,5825,6128,303
Truck487861,3238,2656,5915,6128,213
Truck487868,2656,3238,5915,6128,213
Truck488242,1339,2655,6020,6128,108
Truck488487,2655,3239,6090,6128,38
Truck488498,2656,3239,6090,6128,38
Truck487806,3122,3121,5900,6129,229
Truck488496,3239,2999,6090,6129,39
Truck486919,1338,2437,5655,6130,475
Truck487671,2821,3238,5860,6130,270
Truck488238,3122,2655,6020,6130,110
Truck488298,3239,2821,6035,6130,95
Truck487611,2436,2437,5845,6131,286
Truck487619,2998,3122,5845,6131,286
Truck487804,2999,3238,5900,6131,231
Truck488009,2224,2656,5955,6131,176
Truck488126,2437,3121,5990,6131,141
Truck488372,2656,2655,6055,6131,76
Truck487333,1338,2436,5770,6132,362
Truck488176,2822,2436,6000,6132,132
Truck488445,2821,2656,6075,6132,57
Truck488602,1339,0,6120,6132,12
Truck486559,1338,3331,5555,6133,578
Truck486561,2655,1338,5555,6133,578
Truck488516,2656,3239,6095,6133,38
Truck487009,1338,3121,5680,6134,454
Truck488638,1339,3122,6130,6134,4
Truck487761,2821,0,5885,6135,250
Truck488004,3122,3331,5955,6135,180
Truck488229,2821,2224,6015,6135,120
Truck488397,2655,3331,6065,6135,70
Truck487984,2999,0,5950,6136,186
Truck488390,2656,2436,6060,6136,76
Truck487788,3122,2821,5895,6137,242
Truck488100,3239,0,5980,6137,157
Truck486577,1338,3239,5560,6138,578
Truck486579,2655,1338,5560,6138,578
Truck487263,2655,2436,5750,6138,388
Truck487269,2436,3239,5750,6138,388
Truck487810,1339,2822,5900,6138,238
Truck488033,2998,2436,5960,6138,178
Truck488131,3238,2437,5990,6138,148
Truck487031,3121,1338,5685,6139,454
Truck487787,3121,2655,5895,6139,244
Truck487976,2656,0,5945,6139,194
Truck488044,1339,2999,5965,6139,174
Truck487780,2822,0,5890,6140,250
Truck488419,3238,0,6070,6140,70
Truck487775,2224,3121,5890,6141,251
Truck488165,3121,2437,6000,6141,141
Truck488172,3239,2998,6000,6141,141
Truck488412,0,3238,6070,6141,71
Truck487764,0,2822,5890,6142,252
Truck486595,1338,3331,5565,6143,578
Truck487584,0,2225,5840,6143,303
Truck487592,2225,3331,5840,6143,303
Truck487717,3238,2822,5875,6143,268
Truck487805,3121,0,5900,6143,243
Truck488149,3238,2437,5995,6143,148
Truck488185,3238,2655,6005,6143,138
Truck488550,3239,2656,6105,6143,38
Truck487860,3122,3121,5915,6144,229
Truck488253,2655,0,6025,6144,119
Truck488355,2821,3239,6050,6144,94
Truck487970,2225,2437,5945,6145,200
Truck487953,2436,2999,5940,6146,206
Truck488020,2999,2998,5960,6146,186
Truck488426,2656,3121,6070,6146,76
Truck488217,2655,2822,6015,6147,132
Truck488446,2822,2224,6075,6147,72
Truck486457,3238,1338,5525,6148,623
Truck486613,1338,2821,5570,6148,578
Truck487877,3121,3122,5920,6148,228
Truck487940,2656,3238,5935,6148,213
Truck488373,2821,3239,6055,6149,94
Truck488568,3239,2655,6110,6149,39
Truck487691,2998,1339,5865,6150,285
Truck488461,3331,2655,6080,6150,70
Truck487413,2436,1338,5790,6151,361
Truck487811,2224,2436,5900,6151,251
Truck488092,2999,3122,5980,6151,171
Truck488646,0,3122,6135,6151,16
Truck488688,3122,1339,6145,6151,6
Truck487159,3238,2436,5720,6152,432
Truck488247,2821,2999,6020,6152,132
Truck488664,0,1339,6140,6152,12
Truck487323,2436,2656,5765,6153,388
Truck487628,2225,3331,5850,6153,303
Truck487841,3121,0,5910,6153,243
Truck488354,2656,2998,6050,6153,103
Truck488500,2822,3331,6090,6153,63
Truck487325,2224,3238,5765,6154,389
Truck487397,2224,0,5785,6154,369
Truck488325,2655,3122,6045,6154,109
Truck488512,1339,3238,6095,6154,59
Truck488586,3239,3121,6115,6154,39
Truck487870,2822,1339,5915,6155,240
Truck488286,0,2655,6035,6155,120
Truck488297,2224,2821,6035,6155,120
Truck488328,3122,2655,6045,6155,110
Truck487179,2436,3238,5725,6156,431
Truck487729,1338,2225,5880,6156,276
Truck487829,2224,1338,5905,6156,251
Truck488056,2999,2821,5970,6156,186
Truck488099,2224,2656,5980,6156,176
Truck487698,3122,2225,5870,6158,288
Truck488065,3331,0,5970,6158,188
Truck488105,2998,2437,5980,6158,178
Truck487854,0,3121,5915,6159,244
Truck488360,2437,3331,6055,6159,104
Truck488094,3122,3331,5980,6160,180
Truck487197,2436,3238,5730,6161,431
Truck487446,3122,2224,5800,6161,361
Truck487700,2225,1339,5870,6161,291
Truck487747,1338,2225,5885,6161,276
Truck487847,2224,2999,5910,6161,251
Truck488002,2999,2436,5955,6161,206
Truck488237,3121,2437,6020,6161,141
Truck488589,2821,2998,6115,6161,46
Truck486667,1338,0,5585,6162,577
Truck487359,2436,2655,5775,6162,387
Truck488101,3331,2224,5980,6162,182
Truck488119,3331,1339,5985,6162,177
Truck488130,3122,2999,5990,6162,172
Truck488283,2821,3121,6030,6162,132
Truck488284,2822,2225,6030,6162,132
Truck486669,2655,1338,5585,6163,578
Truck487664,2225,3239,5860,6163,303
Truck487715,3121,3238,5875,6163,288
Truck488083,3331,0,5975,6163,188
Truck488123,2998,1338,5985,6163,178
Truck488221,3238,2437,6015,6163,148
Truck488622,3239,2656,6125,6163,38
Truck486726,3122,1338,5600,6164,564
Truck488378,2437,2821,6060,6164,104
Truck488424,3239,2822,6070,6164,94
Truck488427,2821,3239,6070,6164,94
Truck488452,2999,2437,6080,6164,84
Truck487046,2437,1338,5690,6166,476
Truck487464,3122,2224,5805,6166,361
Truck488025,2436,2999,5960,6166,206
Truck488706,3122,0,6150,6166,16
Truck488749,3331,2656,6160,6166,6
Truck487377,2436,0,5780,6167,387
Truck487520,2225,3238,5820,6167,347
Truck488302,2822,3121,6035,6167,132
Truck488518,2822,2224,6095,6167,72
Truck488544,3122,3238,6105,6167,62
Truck486523,1338,3238,5545,6168,623
Truck487682,2225,2656,5865,6168,303
Truck487906,2822,3122,5925,6168,243
Truck488012,2656,3238,5955,6168,213
Truck488141,2998,2436,5990,6168,178
Truck488393,2998,3331,6060,6168,108
Truck487895,3121,2998,5925,6169,244
Truck488396,2437,3331,6065,6169,104
Truck488640,3239,2437,6130,6169,39
Truck488070,0,2656,5975,6170,195
Truck488533,3331,3121,6100,6170,70
Truck487883,2224,2225,5920,6171,251
Truck488043,2436,2999,5965,6171,206
Truck488156,2656,2224,5995,6171,176
Truck488724,3122,0,6155,6171,16
Truck488767,3331,2656,6165,6171,6
Truck487354,2999,1338,5775,6172,397
Truck487395,2436,2821,5785,6172,387
Truck488319,2821,2225,6040,6172,132
Truck486547,3238,1338,5550,6173,623
Truck488159,2998,3121,5995,6173,178
Truck488257,3238,2437,6025,6173,148
Truck488289,2655,3238,6035,6173,138
Truck488649,2655,3239,6135,6173,38
Truck488676,3239,3331,6140,6173,33
Truck487469,2224,0,5805,6174,369
Truck488414,2437,2998,6070,6174,104
Truck488658,3239,3121,6135,6174,39
Truck487825,3238,2821,5905,6175,270
Truck487969,3238,2999,5945,6175,230
Truck487901,2224,2436,5925,6176,251
Truck488534,2656,2225,6100,6176,76
Truck488742,3122,0,6160,6176,16
Truck486721,1338,0,5600,6177,577
Truck487404,0,2436,5790,6177,387
Truck488337,2821,2437,6045,6177,132
Truck488177,2998,2655,6000,6178,178
Truck488667,2655,3239,6140,6178,38
Truck487171,1338,3121,5725,6179,454
Truck487931,3121,2821,5935,6179,244
Truck487959,2821,3122,5940,6180,240
Truck488166,3122,3331,6000,6180,180
Truck488569,3331,2225,6110,6180,70
Truck488599,3238,3122,6120,6180,60
Truck487267,3238,2436,5750,6181,431
Truck487468,1339,2436,5805,6181,376
Truck487774,1339,2225,5890,6181,291
Truck488296,1339,3239,6035,6181,146
Truck488552,2656,2655,6105,6181,76
Truck488803,3331,2656,6175,6181,6
Truck486739,1338,0,5605,6182,577
Truck487513,1338,2436,5820,6182,362
Truck488171,2224,3331,6000,6182,182
Truck488598,3122,3238,6120,6182,62
Truck488713,3331,3239,6150,6182,32
Truck488772,0,1339,6170,6182,12
Truck486738,0,1338,5605,6183,578
Truck487431,2436,3239,5795,6183,388
Truck487736,2225,3239,5880,6183,303
Truck488188,1339,3331,6005,6183,178
Truck488195,2998,3121,6005,6183,178
Truck488250,0,3239,6025,6183,158
Truck488356,2822,2437,6050,6183,133
Truck488462,2656,2998,6080,6183,103
Truck486798,3122,1338,5620,6184,564
Truck488524,2999,2437,6100,6184,84
Truck488005,3238,2999,5955,6185,230
Truck488587,3331,2999,6115,6185,70
Truck487449,2436,2998,5800,6186,386
Truck487937,2224,2999,5935,6186,251
Truck488324,2437,3121,6045,6186,141
Truck488280,3239,0,6030,6187,157
Truck488643,2821,2656,6130,6187,57
Truck488644,2822,2656,6130,6187,57
Truck486756,0,1338,5610,6188,578
Truck486757,1338,2655,5610,6188,578
Truck487559,2224,1339,5830,6188,358
Truck487754,2225,2998,5885,6188,303
Truck488468,2437,2655,6085,6189,104
Truck488712,3239,3121,6150,6189,39
Truck487727,2998,3238,5875,6190,315
Truck488605,3331,2436,6120,6190,70
Truck487303,3238,2436,5760,6191,431
Truck487947,2655,2224,5940,6191,251
Truck487955,2224,3121,5940,6191,251
Truck488182,2999,3331,6005,6191,186
Truck488332,1339,3239,6045,6191,146
Truck488345,3121,2437,6050,6191,141
Truck488588,2656,2225,6115,6191,76
Truck488699,2998,2821,6145,6191,46
Truck487826,2225,3122,5905,6192,287
Truck488391,2821,3121,6060,6192,132
Truck488522,2437,1339,6100,6192,92
Truck488633,3121,2999,6130,6192,62
Truck487772,2225,3331,5890,6193,303
Truck488206,1339,2656,6010,6193,183
Truck488231,2998,1338,6015,6193,178
Truck487541,2224,0,5825,6194,369
Truck487985,3121,2224,5950,6194,244
Truck488174,2656,0,6000,6194,194
Truck487521,2436,1339,5820,6195,375
Truck488220,3122,3331,6015,6195,180
Truck487485,2436,3239,5810,6196,386
Truck487965,2655,2224,5945,6196,251
Truck487973,2224,1338,5945,6196,251
Truck488200,2999,2998,6010,6196,186
Truck488246,2656,2224,6020,6196,176
Truck488532,3239,2822,6100,6196,96
Truck488565,2436,2225,6110,6196,86
Truck488606,2656,2225,6120,6196,76
Truck487790,2225,0,5895,6197,302
Truck488137,3331,3238,5990,6198,208
Truck488770,2822,2821,6165,6198,33
Truck486852,3122,1338,5635,6199,564
Truck487243,1338,3121,5745,6199,454
Truck488196,0,3331,6010,6199,189
Truck488410,2822,2436,6065,6199,134
Truck488504,2437,2224,6095,6199,104
Truck487753,3238,2998,5885,6200,315
Truck487763,2998,3238,5885,6200,315
Truck487915,3238,2821,5930,6200,270
Truck488026,1339,2821,5960,6200,240
Truck488631,2655,3331,6130,6200,70
Truck488032,2822,3122,5960,6201,241
Truck488214,0,2999,6015,6201,186
Truck487646,2225,3238,5855,6202,347
Truck487803,2655,2225,5900,6202,302
Truck488057,3121,1339,5970,6202,232
Truck488274,3122,2999,6030,6202,172
Truck488787,2821,2822,6170,6202,32
Truck486811,1338,2224,5625,6203,578
Truck487800,0,2225,5900,6203,303
Truck487808,2225,2224,5900,6203,303
Truck488322,0,3239,6045,6203,158
Truck488428,2822,2999,6070,6203,133
Truck488788,2822,2821,6170,6203,33
Truck488021,3121,3331,5960,6204,244
Truck488639,2224,2998,6130,6204,74
Truck488680,2822,3331,6140,6204,64
Truck488766,3239,2437,6165,6204,39
Truck487781,2998,3238,5890,6205,315
Truck486829,1338,0,5630,6207,577
Truck487477,1338,2999,5810,6207,397
Truck487663,3238,2225,5860,6207,347
Truck487515,2655,2436,5820,6208,388
Truck487971,2436,3121,5945,6208,263
Truck488340,0,3239,6050,6208,158
Truck488537,2998,3331,6100,6208,108
Truck488784,3239,2656,6170,6208,38
Truck488039,3121,2822,5965,6209,244
Truck488154,3239,2224,5995,6209,214
Truck487539,2436,3331,5825,6211,386
Truck487871,2998,0,5915,6211,296
Truck487880,2225,1339,5920,6211,291
Truck488027,2224,2999,5960,6211,251
Truck488254,2999,2821,6025,6211,186
Truck488862,0,3122,6195,6211,16
Truck488463,2821,2999,6080,6212,132
Truck486846,0,1338,5635,6213,578
Truck486847,1338,2656,5635,6213,578
Truck487844,2225,2821,5910,6213,303
Truck487896,3122,2225,5925,6213,288
Truck488111,3121,3122,5985,6213,228
Truck488167,3238,2656,6000,6213,213
Truck488303,2998,2655,6035,6213,178
Truck488400,3122,3239,6065,6213,148
Truck488464,2822,3121,6080,6213,133
Truck488555,2998,3331,6105,6213,108
Truck488612,2437,3122,6125,6213,88
Truck488793,2655,3239,6175,6213,38
Truck486906,3122,1338,5650,6214,564
Truck487537,3238,2224,5825,6214,389
Truck488049,2821,0,5965,6215,250
Truck488272,2999,2821,6030,6216,186
Truck488678,2656,2225,6140,6216,76
Truck487647,2436,1338,5855,6217,362
Truck487699,3238,2225,5870,6217,347
Truck488469,2655,2822,6085,6217,132
Truck488898,0,1339,6205,6217,12
Truck486865,1338,2998,5640,6218,578
Truck487557,2436,2998,5830,6218,388
Truck488317,3331,3122,6040,6218,178
Truck488482,2822,2437,6085,6219,134
Truck488576,2437,2656,6115,6219,104
Truck488820,3239,2655,6180,6219,39
Truck487667,2224,3122,5860,6220,360
Truck488520,0,2655,6100,6220,120
Truck488743,3238,3122,6160,6220,60
Truck487916,2225,1339,5930,6221,291
Truck488696,2656,2437,6145,6221,76
Truck487575,2436,0,5835,6222,387
Truck488218,2999,2436,6015,6222,207
Truck488334,3239,3238,6045,6222,177
Truck486727,3238,1338,5600,6223,623
Truck487932,3122,2225,5935,6223,288
Truck488147,3121,3122,5995,6223,228
Truck488314,1339,2656,6040,6223,183
Truck488339,2998,2655,6045,6223,178
Truck488432,2437,3238,6075,6223,148
Truck488442,3239,3122,6075,6223,148
Truck488584,1339,2655,6115,6223,108
Truck488093,3121,2656,5980,6224,244
Truck488594,2437,2224,6120,6224,104
Truck488962,1339,3122,6220,6224,4
Truck488116,1339,2821,5985,6225,240
Truck488538,0,2655,6105,6225,120
Truck488721,2655,3331,6155,6225,70
Truck488731,3331,2225,6155,6225,70
Truck488761,3238,3122,6165,6225,60
Truck486937,1338,1339,5660,6226,566
Truck488307,2655,2999,6040,6226,186
Truck488308,2999,3239,6040,6226,186
Truck488351,2224,2656,6050,6226,176
Truck488714,2656,2655,6150,6226,76
Truck488916,0,3122,6210,6226,16
Truck487549,1338,2999,5830,6227,397
Truck487593,2436,3239,5840,6227,387
Truck487988,2225,1338,5950,6227,277
Truck488236,2999,2436,6020,6227,207
Truck488760,3122,3238,6165,6227,62
Truck486901,1338,2998,5650,6228,578
Truck487898,2225,3331,5925,6228,303
Truck487951,3238,3121,5940,6228,288
Truck488357,2998,1338,6050,6228,178
Truck487595,2224,3238,5840,6229,389
Truck488023,3238,2822,5960,6229,269
Truck488226,3239,2224,6015,6229,214
Truck487648,1339,2436,5855,6230,375
Truck487703,2224,3122,5870,6230,360
Truck487952,2225,1339,5940,6231,291
Truck488326,2999,2656,6045,6231,186
Truck488369,2224,2656,6055,6231,176
Truck488535,2821,1338,6100,6232,132
Truck488560,2999,2225,6110,6232,122
Truck488183,3121,3122,6005,6233,228
Truck488478,3239,3122,6085,6233,148
Truck488645,2998,2656,6130,6233,103
Truck488690,2225,2436,6145,6233,88
Truck488577,2655,0,6115,6234,119
Truck488797,3238,1339,6175,6234,59
Truck488874,3239,2225,6195,6234,39
Truck486973,1338,1339,5670,6236,566
Truck487934,2225,0,5935,6237,302
Truck488553,2821,2999,6105,6237,132
Truck487629,2436,2655,5850,6238,388
Truck487986,3122,2225,5950,6238,288
Truck488201,3121,3122,6010,6238,228
Truck488386,1339,3331,6060,6238,178
Truck488554,2822,1338,6105,6238,133
Truck488660,2656,2998,6135,6238,103
Truck488824,2822,2656,6180,6238,58
Truck488892,3239,2656,6200,6238,38
Truck486996,3122,1338,5675,6239,564
Truck487387,1338,3121,5785,6239,454
Truck488262,3239,2224,6025,6239,214
Truck488694,3239,2822,6145,6239,94
Truck488818,1339,3238,6180,6239,59
Truck487692,0,2224,5870,6240,370
Truck488067,2821,3238,5970,6240,270
Truck488306,2437,2225,6040,6240,200
Truck488364,3122,2656,6055,6240,185
Truck487483,3238,2436,5810,6241,431
Truck487734,3122,2224,5880,6241,361
Truck488135,2224,2225,5990,6241,251
Truck488768,2656,2437,6165,6241,76
Truck489020,2656,3331,6235,6241,6
Truck488571,2821,1338,6110,6242,132
Truck488823,2821,3331,6180,6242,62
Truck488931,2821,2822,6210,6242,32
Truck488411,2998,2999,6065,6243,178
Truck488572,2822,2436,6110,6243,133
Truck488656,1339,2655,6135,6243,108
Truck488659,3331,2998,6135,6243,108
Truck488666,2437,2821,6140,6244,104
Truck488715,2821,3239,6150,6244,94
Truck488842,2822,2656,6185,6244,59
Truck488157,2821,0,5995,6245,250
Truck487665,2436,3239,5860,6246,386
Truck487997,2998,0,5950,6246,296
Truck488158,2822,0,5995,6246,251
Truck488380,2999,3239,6060,6246,186
Truck488540,2437,3121,6105,6246,141
Truck488786,2656,1338,6170,6246,76
Truck488949,2821,2822,6215,6247,32
Truck488311,3238,3331,6040,6248,208
Truck488429,2998,2436,6070,6248,178
Truck488919,2655,3239,6210,6248,38
Truck487739,2224,0,5880,6249,369
Truck488178,0,3121,6005,6249,244
Truck487933,3238,2998,5935,6250,315
Truck488342,2437,2225,6050,6250,200
Truck488573,2998,3239,6110,6250,140
Truck487352,2437,1338,5775,6251,476
Truck488398,2999,2655,6065,6251,186
Truck488804,2656,1338,6175,6251,76
Truck487683,2436,3239,5865,6252,387
Truck488607,2821,2655,6120,6252,132
Truck486991,1338,3331,5675,6253,578
Truck488447,2998,3121,6075,6253,178
Truck488848,2999,3121,6190,6253,63
Truck487441,1338,3121,5800,6254,454
Truck488113,3238,2821,5985,6255,270
Truck488436,3122,3331,6075,6255,180
Truck488661,2821,2224,6135,6255,120
Truck488089,1338,2225,5980,6256,276
Truck488189,2224,2225,6005,6256,251
Truck488416,2999,3239,6070,6256,186
Truck488822,2656,2225,6180,6256,76
Truck487701,2436,2656,5870,6257,387
Truck488625,2821,2225,6125,6257,132
Truck488877,2821,3331,6195,6257,62
Truck487011,2655,1338,5680,6258,578
Truck488425,3331,0,6070,6258,188
Truck488465,2998,1338,6080,6258,178
Truck488626,2822,1338,6125,6258,133
Truck488955,2655,3239,6220,6258,38
Truck488219,3121,2656,6015,6259,244
Truck488720,2437,3239,6155,6259,104
Truck488837,2224,2822,6185,6259,74
Truck488140,2822,3238,5990,6260,270
Truck488847,2655,3331,6190,6260,70
Truck488851,3238,0,6190,6260,70
Truck487809,2436,1338,5900,6261,361
Truck488434,2999,2656,6075,6261,186
Truck488799,2436,2225,6175,6261,86
Truck487773,2436,3122,5890,6262,372
Truck488362,2999,2436,6055,6262,207
Truck488774,2437,1339,6170,6262,92
Truck489070,1339,0,6250,6262,12
Truck487027,1338,2655,5685,6263,578
Truck488016,0,2225,5960,6263,303
Truck488075,3121,3238,5975,6263,288
Truck488076,3122,2225,5975,6263,288
Truck488291,3121,3122,6035,6263,228
Truck488483,2998,3121,6085,6263,178
Truck489000,3239,3331,6230,6263,33
Truck488430,0,3331,6075,6264,189
Truck488738,2437,2656,6160,6264,104
Truck488982,3239,1338,6225,6264,39
Truck487987,3238,2998,5950,6265,315
Truck488402,2225,2437,6065,6265,200
Truck488875,3331,2999,6195,6265,70
Truck487737,2436,2821,5880,6266,386
Truck488290,2999,3238,6035,6266,231
Truck487090,1339,1338,5700,6267,567
Truck488042,2225,0,5965,6267,302
Truck488052,0,2998,5970,6267,297
Truck488256,3122,2821,6025,6267,242
Truck488662,2822,2437,6135,6267,132
Truck487045,1338,2821,5690,6268,578
Truck487099,1338,3122,5705,6268,563
Truck488255,3121,2655,6025,6269,244
Truck488756,2437,3239,6165,6269,104
Truck487845,2436,1338,5910,6270,360
Truck488893,3331,2655,6200,6270,70
Truck487591,3238,2436,5840,6271,431
Truck487755,2436,3239,5885,6271,386
Truck488143,1338,2225,5995,6271,276
Truck488232,0,2821,6020,6271,251
Truck488243,2224,2225,6020,6271,251
Truck489078,0,3122,6255,6271,16
Truck487711,1338,2999,5875,6272,397
Truck488526,3122,2999,6100,6272,172
Truck488679,2821,2437,6140,6272,132
Truck488834,2225,2436,6185,6272,87
Truck488060,2225,2821,5970,6273,303
Truck488327,3121,3122,6045,6273,228
Truck488387,2224,3239,6060,6273,213
Truck488407,3331,3238,6065,6273,208
Truck488505,2655,2998,6095,6273,178
Truck488515,3331,3122,6095,6273,178
Truck488519,2998,2655,6095,6273,178
Truck488273,3121,2822,6030,6274,244
Truck488301,2821,1339,6035,6274,239
Truck488911,3331,2999,6205,6275,70
Truck488261,2224,2436,6025,6276,251
Truck488484,0,2999,6090,6276,186
Truck488488,2999,2656,6090,6276,186
Truck488697,2821,2436,6145,6277,132
Truck488914,2822,2998,6205,6277,72
Truck487081,1338,2998,5700,6278,578
Truck488078,2225,2656,5975,6278,303
Truck488129,3121,3238,5990,6278,288
Truck488203,3238,2822,6010,6278,268
Truck488630,2437,3238,6130,6278,148
Truck488698,2822,2436,6145,6278,133
Truck488792,2437,0,6175,6278,103
Truck488480,2656,0,6085,6279,194
Truck488041,3238,2998,5965,6280,315
Truck488320,2822,1339,6040,6280,240
Truck488929,3331,2225,6210,6280,70
Truck488502,0,2999,6095,6281,186
Truck488506,2999,2656,6095,6281,186
Truck487791,2436,2821,5895,6282,387
Truck488551,3331,1339,6105,6282,177
Truck488716,2822,3121,6150,6282,132
Truck487782,0,2436,5895,6283,388
Truck488096,2225,2656,5980,6283,303
Truck488648,2437,3238,6135,6283,148
Truck488685,2655,3238,6145,6283,138
Truck488810,2437,0,6180,6283,103
Truck489045,2655,3239,6245,6283,38
Truck488309,3121,2998,6040,6284,244
Truck488933,2998,2224,6210,6284,74
Truck488230,2822,3238,6015,6285,270
Truck488338,2822,1339,6045,6285,240
Truck488365,3238,2999,6055,6285,230
Truck488947,3331,2225,6215,6285,70
Truck488687,3121,2437,6145,6286,141
Truck488930,2656,2999,6210,6286,76
Truck488363,3121,1339,6055,6287,232
Truck488733,2821,3121,6155,6287,132
Truck488872,1339,2437,6195,6287,92
Truck489160,1339,0,6275,6287,12
Truck487117,1338,2822,5710,6288,578
Truck487919,2224,1339,5930,6288,358
Truck488559,2655,2998,6110,6288,178
Truck488821,3331,2998,6180,6288,108
Truck487571,3121,1338,5835,6289,454
Truck488564,2225,3121,6110,6289,179
Truck488775,2655,0,6170,6289,119
Truck488828,2437,2224,6185,6289,104
Truck488350,1339,2821,6050,6290,240
Truck488486,2437,2225,6090,6290,200
Truck488717,2998,3239,6150,6290,140
Truck488965,3331,2655,6220,6290,70
Truck487827,2436,2998,5905,6291,386
Truck488248,2822,3238,6020,6291,271
Truck488315,2224,2655,6040,6291,251
Truck489057,2821,2998,6245,6291,46
Truck488222,2225,1338,6015,6292,277
Truck488751,2821,2655,6160,6292,132
Truck489001,3331,2821,6230,6292,62
Truck488132,2225,2656,5990,6293,303
Truck488570,2656,1339,6110,6293,183
Truck488858,2656,2998,6190,6293,103
Truck488900,2437,3122,6205,6293,88
Truck489090,3239,3121,6255,6294,39
Truck487882,1339,2436,5920,6295,375
Truck488596,2999,1339,6120,6295,175
Truck488977,3238,0,6225,6295,70
Truck488983,3331,1338,6225,6295,70
Truck488493,2436,2999,6090,6296,206
Truck489038,2656,2822,6240,6296,56
Truck488604,3239,3238,6120,6297,177
Truck488757,2655,2821,6165,6297,132
Truck487153,1338,2822,5720,6298,578
Truck488609,2998,2437,6120,6298,178
Truck488702,2437,3238,6150,6298,148
Truck488358,0,3121,6055,6299,244
Truck488864,2437,3239,6195,6299,104
Truck488981,2224,2822,6225,6299,74
Truck488224,1339,2998,6015,6300,285
Truck487207,1338,1339,5735,6301,566
Truck488578,2999,0,6115,6301,186
Truck488624,2656,2224,6125,6301,176
Truck488943,2436,2225,6215,6301,86
Truck487863,2436,2822,5915,6302,387
Truck488168,2225,0,6000,6302,302
Truck487917,2436,3122,5930,6303,373
Truck488509,3238,3331,6095,6303,208
Truck488623,3331,3122,6125,6303,178
Truck489144,3239,3331,6270,6303,33
Truck488381,3121,2822,6060,6304,244
Truck489126,3239,1338,6265,6304,39
Truck488616,3122,3331,6125,6305,180
Truck488928,3239,2822,6210,6305,95
Truck489019,3331,2999,6235,6305,70
Truck487881,2436,2655,5920,6306,386
Truck488805,2821,2225,6175,6307,132
Truck488936,2437,1339,6215,6307,92
Truck489076,2822,2656,6250,6307,57
Truck487189,1338,3331,5730,6308,578
Truck488186,2225,3331,6005,6308,303
Truck488239,3238,3121,6020,6308,288
Truck488620,1339,2656,6125,6308,183
Truck487248,3122,1338,5745,6309,564
Truck488514,3239,2224,6095,6309,214
Truck487944,0,2224,5940,6310,370
Truck487989,2436,1338,5950,6310,360
Truck489037,3331,2436,6240,6310,70
Truck488267,2998,3122,6025,6311,286
Truck488376,0,2822,6060,6311,251
Truck488547,2436,2999,6105,6311,206
Truck488614,2999,3331,6125,6311,186
Truck489228,3122,0,6295,6311,16
Truck487855,1338,2999,5915,6312,397
Truck488418,3122,2821,6070,6312,242
Truck488641,3331,2224,6130,6312,182
Truck488811,2655,2821,6180,6312,132
Truck489073,3331,2821,6250,6312,62
Truck489093,2821,2656,6255,6312,57
Truck488204,2225,3239,6010,6313,303
Truck488531,2224,3239,6100,6313,213
Truck488663,2998,2655,6135,6313,178
Truck488972,2437,3122,6225,6313,88
Truck487897,3238,2224,5925,6314,389
Truck488417,3121,3331,6070,6314,244
Truck488651,3121,2225,6135,6314,179
Truck488918,2437,2655,6210,6314,104
Truck488967,2821,3239,6220,6314,94
Truck488278,1339,2998,6030,6315,285
Truck488440,1339,2821,6075,6315,240
Truck488964,3239,2821,6220,6315,95
Truck489055,3331,2225,6245,6315,70
Truck487999,1338,2436,5955,6316,361
Truck488470,2999,3238,6085,6316,231
Truck488632,2999,2656,6130,6316,186
Truck488677,3331,1339,6140,6317,177
Truck488997,2436,2225,6230,6317,87
Truck487063,1338,3238,5695,6318,623
Truck487225,1338,2224,5740,6318,578
Truck488563,3238,3331,6110,6318,208
Truck488681,2998,2436,6140,6318,178
Truck488778,3122,3239,6170,6318,148
Truck487991,2224,0,5950,6319,369
Truck488458,1339,2822,6080,6319,239
Truck489053,2224,2822,6245,6319,74
Truck489180,3239,2655,6280,6319,39
Truck488288,2437,2436,6035,6320,285
Truck489103,3238,3122,6260,6320,60
Truck487972,1339,2436,5945,6321,376
Truck488423,2224,2655,6070,6321,251
Truck488650,2999,2656,6135,6321,186
Truck489060,0,3238,6250,6321,71
Truck489167,2998,2821,6275,6321,46
Truck487891,1338,2999,5925,6322,397
Truck488695,3331,1339,6145,6322,177
Truck488998,1339,2437,6230,6322,92
Truck489111,2821,3331,6260,6322,62
Truck488240,2225,2656,6020,6323,303
Truck488674,1339,2656,6140,6323,183
Truck489198,3239,2656,6285,6323,38
Truck488453,3121,2655,6080,6324,244
Truck488508,3122,3121,6095,6324,229
Truck488481,2821,3122,6085,6325,240
Truck488843,2998,3239,6185,6325,140
Truck488294,2225,1339,6035,6326,291
Truck488441,2224,1338,6075,6326,251
Truck488668,2999,2822,6140,6326,186
Truck489074,2656,3121,6250,6326,76
Truck488878,2822,2225,6195,6327,132
Truck487261,1338,2224,5750,6328,578
Truck488383,3238,2822,6060,6328,268
Truck488062,1339,2224,5970,6329,359
Truck488331,2436,2437,6045,6329,284
Truck488466,0,3121,6085,6329,244
Truck488471,3121,2655,6085,6329,244
Truck489216,3239,2225,6290,6329,39
Truck489109,3331,2655,6260,6330,70
Truck488448,0,2821,6080,6331,251
Truck488459,2224,2655,6080,6331,251
Truck489092,2656,2436,6255,6331,76
Truck488895,2821,2437,6200,6332,132
Truck488896,2822,2436,6200,6332,132
Truck488022,3122,2436,5960,6333,373
Truck488276,2225,2998,6030,6333,303
Truck488735,2998,2225,6155,6333,178
Truck488973,2655,1339,6225,6333,108
Truck488489,3121,2998,6090,6334,244
Truck488517,2821,1339,6095,6334,239
Truck488682,0,3331,6145,6334,189
Truck489048,3122,2437,6245,6334,89
Truck489234,3239,2436,6295,6334,39
Truck489036,3239,2822,6240,6335,95
Truck488330,2225,1339,6045,6336,291
Truck488542,2999,3238,6105,6336,231
Truck488704,2999,2656,6150,6336,186
Truck489110,2656,1338,6260,6336,76
Truck487983,2655,2436,5950,6337,387
Truck488748,3239,3238,6160,6337,177
Truck488901,2655,2821,6205,6337,132
Truck488913,2821,3121,6205,6337,132
Truck487297,1338,2656,5760,6338,578
Truck488435,3121,2436,6075,6338,263
Truck488561,3121,3122,6110,6338,228
Truck488808,0,3239,6180,6338,158
Truck489005,2998,3331,6230,6338,108
Truck489023,2998,2656,6235,6338,103
Truck489154,2999,3121,6275,6338,63
Truck487751,3121,1338,5885,6339,454
Truck488562,3122,3121,6110,6339,229
Truck488732,2656,3122,6155,6339,184
Truck488897,2998,3239,6200,6340,140
Truck488495,2224,2655,6090,6341,251
Truck488722,2999,0,6155,6341,186
Truck488885,3121,2437,6200,6341,141
Truck489087,2436,2225,6255,6341,86
Truck489128,2656,1338,6265,6341,76
Truck489237,2821,2998,6295,6341,46
Truck488536,2822,3122,6100,6342,242
Truck489174,3122,3238,6280,6342,62
Truck487315,1338,3331,5765,6343,578
Truck488312,2225,3239,6040,6343,303
Truck488635,3238,2656,6130,6343,213
Truck488642,2656,3238,6130,6343,213
Truck488750,2656,1339,6160,6343,183
Truck488771,2998,2655,6165,6343,178
Truck489026,2437,0,6240,6343,103
Truck488525,3121,2821,6100,6344,244
Truck488718,0,3331,6155,6344,189
Truck489009,2655,3122,6235,6344,109
Truck489100,2999,2437,6260,6344,84
Truck489193,3238,1339,6285,6344,59
Truck489270,3239,2999,6305,6344,39
Truck487693,1338,2437,5870,6345,475
Truck488437,3238,2821,6075,6345,270
Truck488548,1339,2821,6105,6345,240
Truck488915,2998,3239,6205,6345,140
Truck489163,3331,2999,6275,6345,70
Truck487694,2437,1338,5870,6346,476
Truck488513,2224,2225,6095,6346,251
Truck488736,0,2999,6160,6346,186
Truck488910,3239,2998,6205,6346,141
Truck488856,3239,0,6190,6347,157
Truck489191,3121,2999,6285,6347,62
Truck489219,2821,2656,6290,6347,57
Truck488107,1338,2436,5985,6348,363
Truck488382,3122,2225,6060,6348,288
Truck488566,1339,2822,6110,6348,238
Truck488764,1339,2656,6165,6348,183
Truck488789,2998,1338,6170,6348,178
Truck488937,2655,2822,6215,6348,133
Truck488950,2822,2436,6215,6348,133
Truck487392,3122,1338,5785,6349,564
Truck488134,1339,2224,5990,6349,359
Truck488455,3238,2822,6080,6349,269
Truck489288,3239,3121,6310,6349,39
Truck488404,1339,2998,6065,6350,285
Truck489171,2655,3331,6280,6350,70
Truck489181,3331,2436,6280,6350,70
Truck488686,2999,2436,6145,6351,206
Truck488758,2999,2821,6165,6351,186
Truck488908,1339,3239,6205,6351,146
Truck489164,2656,2225,6275,6351,76
Truck489415,3331,2656,6345,6351,6
Truck487879,3238,2436,5920,6352,432
Truck488783,2224,3331,6170,6352,182
Truck488802,3239,3238,6175,6352,177
Truck489098,2437,1339,6260,6352,92
Truck489106,1339,2437,6260,6352,92
Truck487195,3238,1338,5730,6353,623
Truck487351,1338,2656,5775,6353,578
Truck488348,2225,2822,6050,6353,303
Truck488675,2224,3239,6140,6353,213
Truck488807,2998,3121,6175,6353,178
Truck488968,2822,2655,6220,6353,133
Truck488590,2822,1339,6115,6354,239
Truck489062,2437,3239,6250,6354,104
Truck488473,3238,2822,6085,6355,270
Truck488541,2655,2224,6105,6356,251
Truck488776,2999,2656,6170,6356,186
Truck488819,2224,2656,6180,6356,176
Truck489426,3122,1339,6350,6356,6
Truck487899,2436,3238,5925,6357,432
Truck488615,3121,1339,6125,6357,232
Truck488985,2821,2437,6225,6357,132
Truck488986,2822,2655,6225,6357,132
Truck489343,3331,3239,6325,6357,32
Truck487369,1338,3331,5780,6358,578
Truck488366,2225,2655,6055,6358,303
Truck488800,1339,2656,6175,6358,183
Truck488825,2998,3121,6180,6358,178
Truck488923,3238,2437,6210,6358,148
Truck488579,3121,2656,6115,6359,244
Truck488816,2225,3121,6180,6359,179
Truck489080,2437,2224,6255,6359,104
Truck489324,3239,1338,6320,6359,39
Truck488491,3238,2821,6090,6360,270
Truck488744,2225,2437,6160,6360,200
Truck489217,3331,2437,6290,6360,70
Truck488567,2224,2436,6110,6361,251
Truck488794,2999,2998,6175,6361,186
Truck488946,3239,1339,6215,6361,146
Truck488954,2437,3121,6220,6361,141
Truck488991,2655,2822,6230,6361,131
Truck489200,2656,2655,6285,6361,76
Truck488035,1338,2999,5965,6362,397
Truck488608,2822,3122,6120,6362,242
Truck488838,3239,3238,6185,6362,177
Truck488850,3122,2999,6190,6362,172
Truck489220,2822,2998,6290,6362,72
Truck488384,2225,3239,6060,6363,303
Truck488707,3238,2656,6150,6363,213
Truck488711,2224,3239,6150,6363,213
Truck488941,3238,2437,6215,6363,148
Truck489004,2822,2999,6230,6363,133
Truck489095,2998,3331,6255,6363,108
Truck489360,3239,3331,6330,6363,33
Truck488081,2224,3238,5975,6364,389
Truck488597,3121,2656,6120,6364,244
Truck489156,3122,2437,6275,6364,89
Truck488347,3238,2998,6050,6365,315
Truck489229,3238,0,6295,6365,70
Truck489235,3331,3121,6295,6365,70
Truck487766,2437,1338,5890,6366,476
Truck488097,2436,3239,5980,6366,386
Truck488585,2224,1338,6115,6366,251
Truck488812,2999,3239,6180,6366,186
Truck489327,2821,2998,6320,6366,46
Truck489021,2821,2225,6235,6367,132
Truck487405,1338,3331,5790,6368,578
Truck488207,2224,1339,6010,6368,358
Truck488861,2998,2225,6190,6368,178
Truck489114,0,2437,6265,6368,103
Truck489274,2822,3331,6305,6368,63
Truck488148,3122,2436,5995,6369,374
Truck488613,2655,3121,6125,6369,244
Truck488730,3239,2224,6155,6369,214
Truck489099,2655,3122,6260,6369,109
Truck489116,2437,2656,6265,6369,104
Truck489286,1339,3238,6310,6369,59
Truck489484,1339,3122,6365,6369,4
Truck488160,0,2224,6000,6370,370
Truck489253,3331,1338,6300,6370,70
Truck487784,2437,1338,5895,6371,476
Truck488115,2436,3331,5985,6371,386
Truck488151,2436,1339,5995,6371,376
Truck488152,1339,2436,5995,6371,376
Truck488202,3122,2224,6010,6371,361
Truck488456,2225,1339,6080,6371,291
Truck488592,0,2821,6120,6371,251
Truck488830,2999,2224,6185,6371,186
Truck489236,2656,1338,6295,6371,76
Truck488258,2225,3238,6025,6372,347
Truck489040,2822,2655,6240,6372,132
Truck489282,3122,3238,6310,6372,62
Truck487423,1338,2656,5795,6373,578
Truck488420,2225,3239,6070,6373,303
Truck488472,3122,2225,6085,6373,288
Truck488839,3331,0,6185,6373,188
Truck488879,2998,2999,6195,6373,178
Truck489127,3331,2998,6265,6373,108
Truck489149,2998,2656,6270,6373,103
Truck488628,0,3121,6130,6374,244
Truck489081,2655,0,6255,6374,119
Truck489208,2999,2437,6290,6374,84
Truck489378,3239,2655,6335,6374,39
Truck487801,1338,2437,5900,6375,475
Truck488545,3238,2822,6105,6375,270
Truck489120,3122,2655,6265,6375,110
Truck489271,3331,2225,6305,6375,70
Truck488476,1339,2225,6085,6376,291
Truck488501,2998,3122,6090,6376,286
Truck488621,2224,2437,6125,6376,251
Truck488844,0,2999,6190,6376,186
Truck488887,3238,3239,6200,6376,176
Truck489275,2998,2822,6305,6376,71
Truck489505,3331,2656,6370,6376,6
Truck488433,2655,2225,6075,6377,302
Truck488652,3122,2821,6135,6377,242
Truck488692,1339,3121,6145,6377,232
Truck487285,3238,1338,5755,6378,623
Truck488133,2436,3239,5990,6378,388
Truck488438,2225,2655,6075,6378,303
Truck488785,3331,3238,6170,6378,208
Truck488883,2655,2998,6200,6378,178
Truck489031,3238,2655,6240,6378,138
Truck489153,2655,2437,6275,6378,103
Truck489328,2822,2656,6320,6378,58
Truck489398,2656,3239,6340,6378,38
Truck487819,1338,2437,5905,6380,475
Truck489289,3331,2225,6310,6380,70
Truck488866,2999,3331,6195,6381,186
Truck489272,2656,2437,6305,6381,76
Truck488922,3122,2999,6210,6382,172
Truck489075,2821,2437,6250,6382,132
Truck489344,2656,2821,6325,6382,57
Truck487459,1338,3239,5805,6383,578
Truck488723,3121,3122,6155,6383,228
Truck489018,3239,3122,6235,6383,148
Truck489182,2656,2998,6280,6383,103
Truck488145,2655,2436,5995,6384,389
Truck488225,2224,0,6015,6384,369
Truck488906,2225,3121,6205,6384,179
Truck489244,2999,2437,6300,6384,84
Truck487837,1338,2437,5910,6385,475
Truck489307,3331,2655,6315,6385,70
Truck488169,2436,3331,6000,6386,386
Truck488884,2999,2655,6200,6386,186
Truck489044,2437,3121,6245,6386,141
Truck489047,3121,2437,6245,6386,141
Truck489054,3239,2998,6245,6386,141
Truck489492,0,3122,6370,6386,16
Truck488128,2999,1338,5990,6387,397
Truck488909,2224,3331,6205,6387,182
Truck488223,2436,3122,6015,6388,373
Truck488474,2225,2822,6085,6388,303
Truck488527,3238,3121,6100,6388,288
Truck489185,2998,3331,6280,6388,108
Truck489432,3239,2656,6350,6388,38
Truck488279,2224,3122,6030,6390,360
Truck489077,2998,3239,6250,6390,140
Truck489325,3331,2437,6320,6390,70
Truck488187,2436,2224,6005,6391,386
Truck488740,2999,3238,6160,6391,231
Truck489072,3239,2998,6250,6391,141
Truck489267,2436,2225,6305,6391,86
Truck488582,2225,1338,6115,6392,277
Truck489112,2822,2999,6260,6392,132
Truck489381,2821,2656,6335,6392,57
Truck487495,1338,2656,5815,6393,578
Truck488951,2998,2437,6215,6393,178
Truck489218,2656,2998,6290,6393,103
Truck489450,3239,2656,6355,6393,38
Truck487554,3122,1338,5830,6394,564
Truck488703,2655,3121,6150,6394,244
Truck488705,3121,2822,6150,6394,244
Truck488894,2656,0,6200,6394,194
Truck489206,2437,2655,6290,6394,104
Truck488956,2999,1339,6220,6395,175
Truck488205,2436,2822,6010,6396,386
Truck488593,1338,2225,6120,6396,276
Truck488693,2224,2437,6145,6396,251
Truck488920,2999,2655,6210,6396,186
Truck488974,2999,3122,6225,6396,171
Truck489326,2656,2225,6320,6396,76
Truck488164,2999,1338,6000,6397,397
Truck488510,2225,2655,6095,6398,303
Truck488840,2656,3238,6185,6398,213
Truck488857,3331,3238,6190,6398,208
Truck488969,2998,2436,6220,6398,178
Truck489130,2822,2437,6265,6398,133
Truck489225,2655,2437,6295,6398,103
Truck489459,2655,3239,6360,6398,38
Truck489224,2437,3239,6295,6399,104
Truck489468,3239,3121,6360,6399,39
Truck488882,2437,2225,6200,6400,200
Truck489361,3331,3121,6330,6400,70
Truck488061,2436,3238,5970,6401,431
Truck489348,0,3238,6330,6401,71
Truck489455,2998,2821,6355,6401,46
Truck488523,2655,2225,6100,6402,302
Truck488580,3122,2998,6115,6402,287
Truck489176,2225,2999,6280,6402,122
Truck489278,2437,1339,6310,6402,92
Truck489416,2656,2822,6345,6402,57
Truck487531,1338,2821,5825,6403,578
Truck488333,2224,1339,6045,6403,358
Truck488528,2225,2822,6100,6403,303
Truck488966,2656,1339,6220,6403,183
Truck488987,2998,2225,6225,6403,178
Truck489117,2655,3238,6265,6403,138
Truck489121,3238,2655,6265,6403,138
Truck489388,2999,3121,6340,6403,63
Truck488669,3121,2436,6140,6404,264
Truck488741,3121,3331,6160,6404,244
Truck489242,2437,2822,6300,6404,104
Truck489486,3239,3121,6365,6404,39
Truck488958,3122,2656,6220,6405,185
Truck489379,3331,1338,6335,6405,70
Truck488952,0,2999,6220,6406,186
Truck489362,2656,3121,6330,6406,76
Truck488241,2436,3239,6020,6407,387
Truck489165,2821,2436,6275,6407,132
Truck489417,2821,3331,6345,6407,62
Truck489435,2821,2656,6350,6407,57
Truck488079,2436,3238,5975,6408,433
Truck488869,3238,2656,6195,6408,213
Truck488876,2656,3238,6195,6408,213
Truck489108,3239,3122,6260,6408,148
Truck489314,2437,3122,6320,6408,88
Truck489495,2655,3239,6370,6408,38
Truck488759,3121,2224,6165,6409,244
Truck488996,2225,3121,6230,6409,179
Truck489243,2655,3122,6300,6409,109
Truck489628,1339,3122,6405,6409,4
Truck488627,2998,1339,6125,6410,285
Truck488671,3238,2821,6140,6410,270
Truck488752,2822,0,6160,6410,250
Truck488934,0,2656,6215,6410,195
Truck488976,3122,2656,6225,6410,185
Truck489246,3122,2655,6300,6410,110
Truck488259,2436,2822,6025,6411,386
Truck488346,3122,2224,6050,6411,361
Truck488591,2998,0,6115,6411,296
Truck488739,2655,2224,6160,6411,251
Truck489134,2437,3121,6270,6411,141
Truck487612,1339,1338,5845,6412,567
Truck489183,2821,2655,6280,6412,132
Truck489184,2822,2999,6280,6412,132
Truck487567,1338,2821,5835,6413,578
Truck488902,2999,2436,6205,6413,208
Truck488777,3121,2656,6170,6414,244
Truck489002,2656,3122,6230,6414,184
Truck488994,3122,2656,6230,6415,185
Truck489233,2224,2821,6295,6415,120
Truck488277,2436,2822,6030,6416,386
Truck488765,2224,2655,6165,6416,251
Truck488992,2999,3331,6230,6416,186
Truck488233,1338,2999,6020,6417,397
Truck489017,2224,3331,6235,6417,182
Truck489201,2821,2655,6285,6417,132
Truck487585,1338,2656,5840,6418,578
Truck488795,3121,0,6175,6418,243
Truck488912,2656,3238,6205,6418,213
Truck489027,2655,2998,6240,6418,178
Truck489041,2998,2225,6240,6418,178
Truck489294,0,2437,6315,6418,103
Truck489540,3239,2656,6380,6418,38
Truck488727,2436,3121,6155,6419,264
Truck488984,2656,0,6225,6419,194
Truck489279,2655,3122,6310,6419,109
Truck489345,2821,3239,6325,6419,94
Truck488970,0,2656,6225,6420,195
Truck489433,3331,2436,6350,6420,70
Truck489010,2999,3331,6235,6421,186
Truck489170,2437,3121,6280,6421,141
Truck489527,2998,2821,6375,6421,46
Truck487603,1338,0,5845,6422,577
Truck488295,2436,0,6035,6422,387
Truck488595,2655,2225,6120,6422,302
Truck488610,0,2998,6125,6422,297
Truck489488,2656,2821,6365,6422,57
Truck488600,2225,2224,6120,6423,303
Truck488836,1339,2822,6185,6423,238
Truck489052,1339,3331,6245,6423,178
Truck489152,2437,3238,6275,6423,148
Truck489162,3239,3122,6275,6423,148
Truck488813,3121,2998,6180,6424,244
Truck489558,3239,3121,6385,6424,39
Truck488405,2224,3122,6065,6425,360
Truck488734,2822,3238,6155,6425,270
Truck489300,3122,2655,6315,6425,110
Truck488806,2822,0,6175,6426,251
Truck489024,0,2999,6240,6426,186
Truck489028,2999,2224,6240,6426,186
Truck489434,2656,2225,6350,6426,76
Truck488313,2436,2224,6040,6427,387
Truck488670,3122,2998,6140,6427,287
Truck489238,2822,2437,6295,6427,132
Truck489480,3122,3238,6365,6427,62
Truck489654,0,1339,6415,6427,12
Truck488948,2656,3238,6215,6428,213
Truck489386,2437,3122,6340,6428,88
Truck488831,3121,2656,6185,6429,244
Truck488859,2821,1339,6190,6429,239
Truck488990,2437,2225,6230,6430,200
Truck489287,2224,2821,6310,6430,120
Truck488368,1339,2436,6055,6431,376
Truck488860,2822,1339,6190,6431,241
Truck489046,2999,3331,6245,6431,186
Truck489089,2224,2656,6255,6431,176
Truck489382,2822,3239,6335,6431,96
Truck489452,2656,2655,6355,6431,76
Truck489394,1339,2437,6340,6432,92
Truck489497,3121,2999,6370,6432,62
Truck487639,1338,2656,5855,6433,578
Truck488636,2225,3239,6130,6433,303
Truck488689,3238,3121,6145,6433,288
Truck489091,3331,3122,6255,6433,178
Truck489350,2437,0,6330,6433,103
Truck488849,3121,2656,6190,6434,244
Truck488904,3122,3121,6205,6434,229
Truck489086,2225,3121,6255,6434,179
Truck489297,2655,0,6315,6434,119
Truck489333,2655,3122,6325,6434,109
Truck488710,1339,2998,6150,6435,285
Truck488769,2821,3238,6165,6435,270
Truck488841,2821,0,6185,6435,250
Truck489084,3122,3331,6255,6435,180
Truck489396,3239,2822,6340,6435,95
Truck488829,2655,2224,6185,6436,251
Truck489064,2999,3239,6250,6436,186
Truck488492,2225,3238,6090,6437,347
Truck489273,2821,1338,6305,6437,132
Truck487501,3238,1338,5815,6438,623
Truck487657,1338,3331,5860,6438,578
Truck488349,2436,2822,6050,6438,388
Truck489088,1339,2656,6255,6438,183
Truck489056,2656,0,6245,6439,194
Truck489104,2225,3121,6260,6439,179
Truck489351,2655,3122,6330,6439,109
Truck489368,2437,2655,6335,6439,104
Truck489612,3239,2436,6400,6439,39
Truck488779,3238,2821,6170,6440,270
Truck489323,2224,2821,6320,6440,120
Truck489414,3239,2821,6345,6440,95
Truck488367,2436,2822,6055,6441,386
Truck488454,3122,2224,6080,6441,361
Truck488708,2225,1339,6150,6441,291
Truck488855,2224,2655,6190,6441,251
Truck489082,2999,0,6255,6441,186
Truck489232,1339,3239,6295,6441,146
Truck489245,3121,2437,6300,6441,141
Truck489446,2225,2436,6355,6441,86
Truck489739,3331,2656,6435,6441,6
Truck487675,1338,3331,5865,6443,578
Truck488477,2224,1339,6085,6443,358
Truck488672,2225,2655,6140,6443,303
Truck489131,2998,3121,6265,6443,178
Truck489119,3121,2225,6265,6444,179
Truck488422,1339,2436,6070,6445,375
Truck488873,2224,1338,6195,6446,251
Truck489096,0,2999,6260,6446,186
Truck489139,3238,3239,6270,6446,176
Truck489260,2437,3121,6305,6446,141
Truck489263,3121,2437,6305,6446,141
Truck488344,2999,1338,6050,6447,397
Truck488385,2436,0,6060,6447,387
Truck489309,2821,2655,6315,6447,132
Truck489526,2822,2224,6375,6447,72
Truck489667,3331,3239,6415,6447,32
Truck488379,2655,2436,6060,6448,388
Truck488903,3121,2822,6205,6449,244
Truck489310,2822,2437,6315,6449,134
Truck489648,3239,2999,6410,6449,39
Truck488880,0,2821,6200,6451,251
Truck488891,2224,3121,6200,6451,251
Truck489118,2999,2822,6265,6451,186
Truck489524,2656,2655,6375,6451,76
Truck488546,2225,3238,6105,6452,347
Truck488957,3121,1339,6220,6452,232
Truck489145,3331,2224,6270,6452,182
Truck489687,2821,2822,6420,6452,32
Truck487555,3238,1338,5830,6453,623
Truck487710,0,1338,5875,6453,578
Truck488403,2436,2821,6065,6453,388
Truck488700,0,2225,6150,6453,303
Truck489146,2656,1339,6270,6453,183
Truck489423,2655,2437,6350,6453,103
Truck489598,2822,2656,6395,6453,58
Truck489657,2655,3239,6415,6453,38
Truck488921,3121,2821,6210,6454,244
Truck489422,2437,2822,6350,6454,104
Truck488944,1339,2821,6215,6455,240
Truck489408,3122,2655,6345,6455,110
Truck489531,2655,2656,6380,6455,75
Truck488762,2225,1339,6165,6456,291
Truck489136,2999,2655,6270,6456,186
Truck489179,2224,2656,6280,6456,176
Truck489542,2656,2436,6380,6456,76
Truck488421,2436,2822,6070,6457,387
Truck488980,1339,3121,6225,6457,232
Truck488726,2225,3239,6155,6458,303
Truck489346,2822,2999,6325,6458,133
Truck488530,1339,2224,6100,6459,359
Truck488939,3121,2822,6215,6459,244
Truck489440,2437,2998,6355,6459,104
Truck489684,3239,2999,6420,6459,39
Truck489329,2998,3239,6320,6460,140
Truck489395,2224,2821,6340,6460,120
Truck488475,2436,1339,6085,6461,376
Truck488927,2224,1338,6210,6461,251
Truck488932,2822,0,6210,6461,251
Truck489304,1339,3239,6315,6461,146
Truck489671,2998,2821,6415,6461,46
Truck488581,3238,2225,6115,6462,347
Truck488754,0,2998,6165,6462,297
Truck489363,2821,2225,6330,6462,132
Truck489615,2821,3331,6400,6462,62
Truck489199,3331,3122,6285,6463,178
Truck489203,2998,2437,6285,6463,178
Truck489296,2437,3238,6315,6463,148
Truck489405,2655,0,6345,6464,119
Truck489458,2437,3239,6360,6464,104
Truck489516,3122,2437,6375,6464,89
Truck489702,3239,1338,6425,6464,39
Truck489172,2999,0,6280,6466,186
Truck489211,3238,3239,6290,6466,176
Truck489578,2656,1338,6390,6466,76
Truck489582,0,3238,6395,6466,71
Truck489599,2998,2822,6395,6466,71
Truck489689,2998,2821,6420,6466,46
Truck488451,2655,2436,6080,6467,387
Truck488457,2436,2821,6080,6467,387
Truck487765,1338,2821,5890,6468,578
Truck489029,3121,3122,6240,6468,228
Truck489221,2998,2436,6290,6468,178
Truck489003,2821,1339,6230,6469,239
Truck489168,0,3331,6280,6469,189
Truck489476,2437,2821,6365,6469,104
Truck489593,2224,2998,6395,6469,74
Truck489522,3239,2821,6375,6470,95
Truck489613,3331,1338,6400,6470,70
Truck488963,2224,2437,6220,6471,251
Truck489596,2656,2437,6395,6471,76
Truck488618,2225,3238,6125,6472,347
Truck489399,2821,2436,6340,6472,132
Truck487621,1338,3238,5850,6473,623
Truck487627,3238,1338,5850,6473,623
Truck487783,1338,2655,5895,6473,578
Truck488780,2225,2224,6170,6473,303
Truck489332,2437,3238,6325,6473,148
Truck489342,3239,3122,6325,6473,148
Truck489369,2655,3238,6335,6473,138
Truck489400,2822,2225,6340,6473,133
Truck489506,2656,2998,6370,6473,103
Truck489740,2656,3239,6435,6473,38
Truck488549,2224,0,6105,6474,369
Truck488846,2437,2436,6190,6474,284
Truck489186,0,3331,6285,6474,189
Truck489494,2437,2822,6370,6474,104
Truck489617,2998,2224,6400,6474,74
Truck489738,3239,2436,6435,6474,39
Truck488753,2998,3238,6160,6475,315
Truck489016,1339,2821,6235,6475,240
Truck489210,3122,2656,6290,6475,185
Truck488529,2436,1339,6100,6476,376
Truck489207,2655,2999,6290,6476,186
Truck489262,2999,3122,6305,6476,171
Truck489614,2656,2437,6400,6476,76
Truck489012,3122,2821,6235,6477,242
Truck488790,0,2225,6175,6478,303
Truck488798,2225,2998,6175,6478,303
Truck489512,2437,0,6375,6478,103
Truck489011,3121,2656,6235,6479,244
Truck488603,2224,3122,6120,6480,360
Truck488988,0,2822,6230,6480,250
Truck489067,3238,2999,6250,6480,230
Truck489639,2655,3331,6410,6480,70
Truck489649,3331,1338,6410,6480,70
Truck488854,1339,2225,6190,6481,291
Truck488999,2224,2225,6230,6481,251
Truck489226,2999,2998,6295,6481,186
Truck489265,3238,3239,6305,6481,176
Truck489632,2656,2655,6405,6481,76
Truck489741,2821,2998,6435,6481,46
Truck489883,3331,2656,6475,6481,6
Truck488511,2436,3239,6095,6482,387
Truck488654,2225,3238,6135,6482,347
Truck488826,0,2998,6185,6482,297
Truck489030,3122,2821,6240,6482,242
Truck489065,3121,1339,6250,6482,232
Truck489705,2821,2656,6425,6482,57
Truck487873,1338,3122,5920,6483,563
Truck488868,3122,2225,6195,6483,288
Truck489254,2656,1339,6300,6483,183
Truck489268,1339,3331,6305,6483,178
Truck489330,0,3239,6325,6483,158
Truck489372,3122,3239,6335,6483,148
Truck489545,2998,2656,6380,6483,103
Truck489530,2437,2822,6380,6484,104
Truck489697,3238,1339,6425,6484,59
Truck489204,0,2656,6290,6485,195
Truck488917,1338,2225,6210,6486,276
Truck489006,0,2822,6235,6486,251
Truck489022,2822,0,6235,6486,251
Truck489058,2822,1339,6245,6486,241
Truck489650,2656,3121,6410,6486,76
Truck489858,3122,0,6470,6486,16
Truck488886,3122,2998,6200,6487,287
Truck489453,2821,1338,6355,6487,132
Truck489293,2998,2999,6310,6488,178
Truck489390,3122,3239,6340,6488,148
Truck489546,0,2437,6385,6488,103
Truck489602,2437,3122,6400,6488,88
Truck488959,3238,2821,6220,6490,270
Truck489039,2821,0,6240,6490,250
Truck489264,3122,2656,6305,6490,185
Truck489627,2436,2225,6405,6490,85
Truck489715,3238,3122,6430,6490,60
Truck488216,2437,1338,6015,6491,476
Truck488583,2436,1339,6115,6491,376
Truck489035,2224,2437,6240,6491,251
Truck489195,2436,2999,6285,6491,206
Truck489425,3121,2437,6350,6491,141
Truck489190,2999,2436,6285,6492,207
Truck489306,3239,3238,6315,6492,177
Truck489471,2821,2655,6360,6492,132
Truck489472,2822,1338,6360,6492,132
Truck489626,2225,2436,6405,6492,87
Truck488657,2224,1339,6135,6493,358
Truck488852,2225,3331,6190,6493,303
Truck489311,2998,1338,6315,6493,178
Truck489556,1339,2655,6385,6493,108
Truck489563,2998,3331,6385,6493,108
Truck489063,2655,3121,6250,6494,244
Truck489290,2656,3122,6310,6494,184
Truck489513,2655,0,6375,6494,119
Truck488601,2436,1339,6120,6495,375
Truck488926,1339,2998,6210,6495,285
Truck489042,0,2822,6245,6495,250
Truck488401,3238,2436,6065,6496,431
Truck489489,2821,2225,6365,6497,132
Truck488556,0,2436,6110,6498,388
Truck488870,2225,2821,6195,6498,303
Truck489315,2655,2998,6320,6498,178
Truck489490,2822,2999,6365,6498,133
Truck489584,2437,3239,6395,6499,104
Truck488995,3238,2821,6230,6500,270
Truck489248,2225,2437,6300,6500,200
Truck489721,3331,2225,6430,6500,70
Truck487927,1338,1339,5935,6501,566
Truck489071,2224,1338,6250,6501,251
Truck489337,3238,3239,6325,6501,176
Truck489102,3122,2822,6260,6502,242
Truck489507,2821,2436,6370,6502,132
Truck488574,0,2436,6115,6503,388
Truck488888,2225,2998,6200,6503,303
Truck489155,3121,3122,6275,6503,228
Truck489347,2998,1338,6325,6503,178
Truck489477,2655,3238,6365,6503,138
Truck489674,2437,2999,6420,6503,83
Truck489748,2999,3121,6440,6503,63
Truck487950,3122,1338,5940,6504,564
Truck489101,3121,2224,6260,6504,244
Truck489129,2821,1339,6265,6504,239
Truck489676,2999,2437,6420,6504,84
Truck489846,3239,2225,6465,6504,39
Truck489970,1339,3122,6500,6504,4
Truck488269,1338,2437,6030,6505,475
Truck488270,2437,1338,6030,6506,476
Truck489316,2999,2821,6320,6506,186
Truck489722,2656,2225,6430,6506,76
Truck487954,1339,1338,5940,6507,567
Truck488439,2436,3238,6075,6507,432
Truck487909,1338,2822,5930,6508,578
Truck489618,0,2437,6405,6508,103
Truck489308,2656,0,6315,6509,194
Truck489567,2655,0,6390,6509,119
Truck489620,2437,2821,6405,6509,104
Truck489678,3122,2437,6420,6509,89
Truck489778,2822,3331,6445,6509,64
Truck489699,2436,2225,6425,6510,85
Truck489787,3238,3122,6450,6510,60
Truck488655,2436,1339,6135,6511,376
Truck489107,2224,3121,6260,6511,251
Truck489334,2999,3239,6325,6511,186
Truck489812,2656,2822,6455,6511,56
Truck488619,2436,3239,6125,6512,387
Truck489785,3121,2999,6450,6512,62
Truck489814,2822,2656,6455,6512,57
Truck487771,3238,1338,5890,6513,623
Truck488924,2225,3239,6210,6513,303
Truck488975,3121,3238,6225,6513,288
Truck489383,2998,2225,6335,6513,178
Truck489873,2655,3239,6475,6513,38
Truck489137,3121,2656,6270,6514,244
Truck489192,3122,3121,6285,6514,229
Truck489252,3239,2224,6300,6514,214
Truck489638,2437,2822,6410,6514,104
Truck489882,3239,2655,6475,6514,39
Truck489049,3238,2821,6245,6515,270
Truck489775,3331,2999,6445,6515,70
Truck489125,2224,2437,6265,6516,251
Truck489280,2999,2436,6310,6516,206
Truck489352,2999,2822,6330,6516,186
Truck487945,1338,0,5940,6517,577
Truck488637,2436,2822,6130,6517,387
Truck488942,2225,0,6215,6517,302
Truck489562,2822,2225,6385,6517,132
Truck488747,2224,1339,6160,6518,358
Truck488993,3121,3238,6230,6518,288
Truck489401,2998,2225,6340,6518,178
Truck489668,2656,2998,6415,6518,103
Truck488399,3121,1338,6065,6519,454
Truck489656,2437,2822,6415,6519,104
Truck489832,2822,2656,6460,6519,59
Truck489147,2821,0,6270,6520,250
Truck489793,3331,1338,6450,6520,70
Truck489143,2224,2999,6270,6521,251
Truck489370,2999,2224,6335,6521,186
Truck489776,2656,2999,6445,6521,76
Truck489580,2822,1338,6390,6522,132
Truck487963,1338,3239,5945,6523,578
Truck488960,2225,2822,6220,6523,303
Truck489918,3239,2656,6485,6523,38
Truck488729,2224,0,6155,6524,369
Truck489085,3238,2822,6255,6524,269
Truck489173,3121,2655,6280,6524,244
Truck489791,2224,2998,6450,6524,74
Truck489196,1339,2821,6285,6525,240
Truck489424,2999,1339,6350,6525,175
Truck489720,3239,2821,6430,6525,95
Truck489801,2655,3331,6455,6525,70
Truck488673,2436,2224,6140,6526,386
Truck488709,2436,1339,6150,6526,376
Truck489094,2822,3238,6255,6526,271
Truck489161,2224,2655,6275,6526,251
Truck489166,2822,0,6275,6526,251
Truck489548,2437,3121,6385,6526,141
Truck489798,0,3238,6455,6526,71
Truck490046,2656,3331,6520,6526,6
Truck489068,2225,1338,6250,6527,277
Truck489413,2224,3331,6345,6527,182
Truck489504,3239,0,6370,6527,157
Truck489597,2821,2655,6395,6527,132
Truck489867,2821,2656,6470,6527,57
Truck487981,1338,3331,5950,6528,578
Truck488978,2225,2822,6225,6528,303
Truck489397,3331,0,6340,6528,188
Truck489437,2998,3121,6350,6528,178
Truck489685,3331,2998,6420,6528,108
Truck489954,3239,3331,6495,6528,33
Truck489380,2656,0,6335,6529,194
Truck489750,3122,2437,6440,6529,89
Truck489809,2224,2998,6455,6529,74
Truck489936,3239,2655,6490,6529,39
Truck489581,2998,3239,6390,6530,140
Truck489829,3331,1338,6460,6530,70
Truck488691,2436,2655,6145,6531,386
Truck488728,1339,2436,6155,6531,376
Truck489032,2225,1339,6240,6531,291
Truck489449,2224,2656,6355,6531,176
Truck490020,3122,0,6515,6531,16
Truck489462,3122,2999,6360,6532,172
Truck489451,3331,3122,6355,6533,178
Truck489616,2822,2437,6400,6533,133
Truck489693,2655,3122,6425,6534,109
Truck489710,2437,2224,6430,6534,104
Truck489768,3122,2437,6445,6534,89
Truck490078,1339,3122,6530,6534,4
Truck489669,2821,2224,6415,6535,120
Truck488746,1339,2436,6160,6536,376
Truck489834,0,3238,6465,6536,71
Truck488665,1338,2999,6140,6537,397
Truck489066,3122,2998,6250,6537,287
Truck489633,2821,2655,6405,6537,132
Truck489902,2656,2821,6480,6537,57
Truck489993,2821,2822,6505,6537,32
Truck488017,1338,2821,5960,6538,578
Truck489014,2225,2655,6235,6538,303
Truck489469,3331,3122,6360,6538,178
Truck489473,2998,2999,6360,6538,178
Truck489576,3239,3122,6390,6538,148
Truck489711,2655,1339,6430,6538,108
Truck489227,3121,2655,6295,6539,244
Truck489256,2822,1339,6300,6539,239
Truck489464,2225,3121,6360,6539,179
Truck489728,2437,3331,6435,6539,104
Truck489786,3122,2437,6450,6539,89
Truck489895,3238,1339,6480,6539,59
Truck489972,3239,2436,6500,6539,39
Truck489255,2821,3122,6300,6540,240
Truck488814,3122,2224,6180,6541,361
Truck489059,2998,0,6245,6541,296
Truck489148,2822,3238,6270,6541,271
Truck489441,2655,2999,6355,6541,186
Truck489442,2999,2821,6355,6541,186
Truck489807,2436,2225,6455,6541,86
Truck489848,2656,1338,6465,6541,76
Truck489651,2821,2655,6410,6542,132
Truck489920,2656,2821,6485,6542,57
Truck489921,2821,2656,6485,6542,57
Truck489491,2998,2999,6365,6543,178
Truck489588,3122,3239,6395,6543,148
Truck489594,3239,3122,6395,6543,148
Truck489652,2822,2225,6410,6543,133
Truck489744,0,2437,6440,6543,103
Truck489747,2655,2437,6440,6543,103
Truck489922,2822,2656,6485,6543,58
Truck489746,2437,3331,6440,6544,104
Truck489804,3122,2437,6455,6544,89
Truck489869,2998,2224,6470,6544,74
Truck488745,2436,3331,6160,6546,386
Truck488782,1339,2436,6170,6546,376
Truck489298,2999,3238,6315,6546,231
Truck489460,2999,2655,6360,6546,186
Truck489866,2656,2655,6470,6546,76
Truck488053,1338,0,5970,6547,577
Truck489050,2225,0,6245,6547,302
Truck489487,3331,2224,6365,6547,182
Truck489670,2822,1338,6415,6547,132
Truck490086,0,1339,6535,6547,12
Truck489502,1339,3331,6370,6548,178
Truck489509,2998,2655,6370,6548,178
Truck489779,2998,2656,6445,6548,103
Truck490008,3239,2656,6510,6548,38
Truck488507,3121,1338,6095,6549,454
Truck488796,3122,2436,6175,6549,374
Truck489258,0,3121,6305,6549,244
Truck489291,2821,1339,6310,6549,239
Truck489764,2437,2655,6445,6549,104
Truck489124,1339,2998,6265,6550,285
Truck489292,2822,1339,6310,6550,240
Truck489653,2998,3239,6410,6550,140
Truck489723,2821,2224,6430,6550,120
Truck488763,2436,0,6165,6551,386
Truck489251,2224,2999,6300,6551,251
Truck489478,2999,2224,6365,6551,186
Truck489995,2998,2821,6505,6551,46
Truck488817,2436,3122,6180,6552,372
Truck489712,2999,2225,6430,6552,122
Truck489716,2225,2999,6430,6552,122
Truck489939,2821,3331,6490,6552,62
Truck488071,1338,2656,5975,6553,578
Truck489630,3239,3122,6405,6553,148
Truck489688,2822,1338,6420,6553,133
Truck489782,2437,0,6450,6553,103
Truck489209,3121,2436,6290,6554,264
Truck489899,2224,2998,6480,6554,74
Truck489202,2822,3238,6285,6555,270
Truck489909,2655,3331,6485,6555,70
Truck489913,3238,0,6485,6555,70
Truck489919,3331,2225,6485,6555,70
Truck488450,2437,1338,6080,6556,476
Truck489861,2436,2225,6470,6556,86
Truck488835,2436,3122,6185,6557,372
Truck489541,3331,1339,6380,6557,177
Truck490132,1339,0,6545,6557,12
Truck488781,2436,3331,6170,6558,388
Truck489138,3122,2225,6270,6558,288
Truck489854,2437,3122,6470,6558,88
Truck488543,3121,1338,6105,6559,454
Truck489299,3121,3239,6315,6559,244
Truck489322,1339,2822,6320,6559,239
Truck489536,2225,3121,6380,6559,179
Truck489783,2655,3122,6450,6559,109
Truck489800,2437,3239,6455,6559,104
Truck489917,2224,2822,6485,6559,74
Truck489474,0,2656,6365,6560,195
Truck489937,3331,2437,6490,6560,70
Truck489142,1339,2225,6270,6561,291
Truck489514,2999,2998,6375,6561,186
Truck489666,3239,1339,6415,6561,146
Truck490164,3122,1339,6555,6561,6
Truck489539,2224,3331,6380,6562,182
Truck489724,2822,2437,6430,6562,132
Truck489975,2821,3331,6500,6562,62
Truck489317,3121,0,6320,6563,243
Truck489872,2437,3122,6475,6563,88
Truck488801,2224,3238,6175,6564,389
Truck489818,2437,3239,6460,6564,104
Truck490062,3239,1338,6525,6564,39
Truck489552,3122,3331,6385,6565,180
Truck489305,2224,2999,6315,6566,251
Truck489532,2999,2998,6380,6566,186
Truck489692,2437,3121,6425,6566,141
Truck489938,2656,2225,6490,6566,76
Truck490049,2998,2821,6520,6566,46
Truck488125,1338,0,5990,6567,577
Truck488653,3238,2436,6135,6567,432
Truck490010,2656,2821,6510,6567,57
Truck489175,3238,3121,6280,6568,288
Truck489560,2656,1339,6385,6568,183
Truck489574,1339,3331,6390,6568,178
Truck489908,2437,2999,6485,6568,83
Truck489982,2999,3121,6505,6568,63
Truck489335,3121,2655,6325,6569,244
Truck489358,1339,2822,6330,6569,239
Truck489364,2822,1339,6330,6569,239
Truck489836,2437,2821,6465,6569,104
Truck489312,0,2821,6320,6571,251
Truck489956,2656,3121,6495,6571,76
Truck489890,2437,1339,6480,6572,92
Truck490011,2821,3331,6510,6572,62
Truck489140,2225,2656,6270,6573,303
Truck489470,2656,3238,6360,6573,213
Truck489592,1339,3331,6395,6573,178
Truck489760,2822,2436,6440,6573,133
Truck488833,3238,2224,6185,6574,389
Truck490021,3238,1339,6515,6574,59
Truck490098,3239,3121,6535,6574,39
Truck488945,2224,3122,6215,6575,360
Truck489113,2998,3238,6260,6575,315
Truck489991,3331,2225,6505,6575,70
Truck488890,1339,2436,6200,6576,376
Truck488907,2436,3122,6205,6576,371
Truck489341,2224,2999,6325,6576,251
Truck489568,2999,2655,6390,6576,186
Truck489974,2656,1338,6500,6576,76
Truck490085,2998,2821,6530,6576,46
Truck488853,2436,0,6190,6577,387
Truck489496,2999,2436,6370,6577,207
Truck489777,2821,2655,6445,6577,132
Truck488161,1338,2656,6000,6578,578
Truck489158,2225,2656,6275,6578,303
Truck489855,2655,1339,6470,6578,108
Truck489371,3121,2821,6335,6579,244
Truck489283,3238,2821,6310,6580,270
Truck489606,3122,3331,6400,6580,180
Truck490009,3331,3121,6510,6580,70
Truck489359,2224,1338,6330,6581,251
Truck489586,2999,3331,6395,6581,186
Truck489756,3239,2998,6440,6581,141
Truck489992,2656,1338,6505,6581,76
Truck490013,2998,2822,6510,6581,71
Truck488179,1338,0,6005,6582,577
Truck488865,2655,2436,6195,6582,387
Truck488871,2436,2655,6195,6582,387
Truck489013,3238,2225,6235,6582,347
Truck489430,1339,3121,6350,6582,232
Truck489795,2821,1338,6450,6582,132
Truck489934,1339,2437,6490,6582,92
Truck488181,2655,1338,6005,6583,578
Truck489503,2224,3239,6370,6583,213
Truck489523,3331,3238,6375,6583,208
Truck489595,3331,0,6395,6583,188
Truck489635,2998,2225,6405,6583,178
Truck489733,3238,2437,6435,6583,148
Truck489765,2655,3238,6445,6583,138
Truck489796,2822,2999,6450,6583,133
Truck489389,3121,2822,6340,6584,244
Truck489444,3122,3121,6355,6584,229
Truck490060,1339,3238,6525,6584,59
Truck490027,3331,3121,6515,6585,70
Truck488558,2437,1338,6110,6586,476
Truck488889,2436,3331,6200,6586,386
Truck488925,2436,1339,6210,6586,376
Truck489257,2998,3122,6300,6586,286
Truck489377,2224,2655,6335,6586,251
Truck489604,2999,3331,6400,6586,186
Truck489189,2655,2225,6285,6587,302
Truck489631,3331,2224,6405,6587,182
Truck489660,3122,2999,6415,6587,172
Truck489813,2821,2655,6455,6587,132
Truck490063,3331,2822,6525,6587,62
Truck490171,3331,3239,6555,6587,32
Truck490240,1339,0,6575,6587,12
Truck488197,1338,2998,6010,6588,578
Truck489194,2225,2224,6285,6588,303
Truck489407,3121,2224,6345,6589,244
Truck488575,1338,2437,6115,6590,475
Truck489622,2999,2821,6405,6591,186
Truck490028,2656,3121,6515,6591,76
Truck489222,0,2998,6295,6592,297
Truck489831,2821,3121,6460,6592,132
Truck488215,1338,3239,6015,6593,578
Truck489212,2225,3331,6290,6593,303
Truck489559,3331,3238,6385,6593,208
Truck489664,1339,3331,6415,6593,178
Truck489402,0,2822,6345,6595,250
Truck489454,2822,1339,6355,6595,240
Truck489870,0,2655,6475,6595,120
Truck490053,2655,3331,6525,6595,70
Truck490084,2822,3331,6530,6595,65
Truck489640,2999,2224,6410,6596,186
Truck490297,3331,2656,6590,6596,6
Truck489418,2822,0,6345,6597,252
Truck489479,3121,1339,6365,6597,232
Truck489837,2655,2821,6465,6597,132
Truck489849,2821,2436,6465,6597,132
Truck489850,2822,3121,6465,6597,132
Truck488077,3238,1338,5975,6598,623
Truck488979,2436,3122,6225,6598,373
Truck489281,3121,3238,6310,6598,288
Truck489571,3238,3331,6390,6598,208
Truck489577,3331,3238,6390,6598,208
Truck489443,3121,3331,6355,6599,244
Truck489680,2225,3121,6420,6599,179
Truck489891,2655,0,6480,6599,119
Truck488611,1338,2437,6125,6600,475
Truck490081,3331,2225,6530,6600,70
Truck489431,2224,1338,6350,6601,251
Truck489658,2999,2655,6415,6601,186
Truck489828,3239,2998,6460,6601,141
Truck488251,1338,0,6025,6602,577
Truck490119,2821,3331,6540,6602,62
Truck489301,3238,3121,6315,6603,288
Truck489589,3238,3331,6395,6603,208
Truck489686,2656,1339,6420,6603,183
Truck489868,2822,2437,6470,6603,133
Truck489955,3331,2998,6495,6603,108
Truck489461,3121,2655,6360,6604,244
Truck490036,2999,2437,6520,6604,84
Truck490206,3239,2655,6565,6604,39
Truck489696,3122,3331,6425,6605,180
Truck490099,3331,2436,6535,6605,70
Truck488961,2436,2655,6220,6607,387
Truck489276,0,2998,6310,6607,297
Truck489732,3122,2999,6435,6607,172
Truck489792,3239,0,6450,6607,157
Truck489910,2999,2225,6485,6607,122
Truck489914,2225,2999,6485,6607,122
Truck490312,1339,0,6595,6607,12
Truck489266,2225,3331,6305,6608,303
Truck489718,1339,3331,6430,6608,178
Truck490034,2437,3122,6520,6608,88
Truck489704,2656,3122,6425,6609,184
Truck489980,2437,3239,6505,6609,104
Truck489239,2998,3238,6295,6610,315
Truck489340,1339,2998,6325,6610,285
Truck489508,2822,1339,6370,6610,240
Truck490117,3331,2655,6540,6610,70
Truck490138,2822,3331,6545,6610,65
Truck489456,0,2822,6360,6611,251
Truck489467,2224,2437,6360,6611,251
Truck489690,0,2999,6425,6611,186
Truck489864,3239,2998,6470,6611,141
Truck490058,2225,2436,6525,6611,86
Truck490100,2656,2437,6535,6611,76
Truck488938,2999,1338,6215,6612,397
Truck489122,2225,3238,6265,6612,347
Truck489498,3122,2821,6370,6612,242
Truck489538,1339,3121,6380,6612,232
Truck489810,3239,0,6455,6612,157
Truck489904,2822,2437,6480,6612,132
Truck490155,2821,3331,6550,6612,62
Truck488287,1338,2656,6035,6613,578
Truck489284,2225,2224,6310,6613,303
Truck489611,2224,3239,6400,6613,213
Truck489743,2998,3121,6435,6613,178
Truck489945,2655,0,6495,6614,119
Truck490121,2998,2224,6540,6614,74
Truck490242,3239,2437,6575,6614,39
Truck489365,2998,1339,6330,6615,285
Truck490044,3239,2821,6520,6615,95
Truck489485,2224,2436,6365,6616,251
Truck489755,2224,2656,6440,6616,176
Truck489356,2225,3122,6330,6617,287
Truck490338,0,1339,6605,6617,12
Truck488305,1338,3331,6040,6618,578
Truck489625,3238,2656,6405,6618,213
Truck489643,3238,3331,6410,6618,208
Truck489761,2998,1338,6440,6618,178
Truck489510,0,3121,6375,6619,244
Truck490016,2437,2224,6515,6619,104
Truck490260,3239,2437,6580,6619,39
Truck489544,2822,1339,6380,6620,240
Truck490095,2436,2225,6535,6620,85
Truck488684,2437,1338,6145,6621,476
Truck489436,2822,3238,6350,6621,271
Truck489900,3239,2998,6480,6621,141
Truck490387,3331,2656,6615,6621,6
Truck490388,2656,3331,6615,6621,6
Truck488323,1338,0,6045,6622,577
Truck489757,3331,2224,6440,6622,182
Truck490181,3121,2999,6560,6622,62
Truck490191,2821,3331,6560,6622,62
Truck489015,2436,0,6235,6623,388
Truck489320,2225,3331,6320,6623,303
Truck489445,3238,2822,6355,6623,268
Truck489940,2822,2999,6490,6623,133
Truck489533,3121,3239,6380,6624,244
Truck489767,3121,2225,6445,6624,179
Truck489525,2821,0,6375,6625,250
Truck489989,2224,2821,6505,6625,120
Truck489374,2225,1339,6335,6626,291
Truck489521,2224,2225,6375,6626,251
Truck490154,2656,3121,6550,6626,76
Truck489986,2225,2999,6505,6627,122
Truck490174,2822,2998,6555,6627,72
Truck490384,1339,0,6615,6627,12
Truck488341,1338,2656,6050,6628,578
Truck489338,2225,2998,6325,6628,303
Truck489797,2998,2436,6450,6628,178
Truck489958,2822,2655,6495,6628,133
Truck490298,2656,3239,6590,6628,38
Truck488791,1338,3121,6175,6629,454
Truck489404,2437,2436,6345,6629,284
Truck490101,2821,3239,6535,6629,94
Truck489579,2821,3122,6390,6630,240
Truck490189,3331,3121,6560,6630,70
Truck489051,2436,3331,6245,6631,386
Truck489766,2999,2655,6445,6631,186
Truck489926,2437,3121,6490,6631,141
Truck490172,2656,2225,6555,6631,76
Truck489605,3121,1339,6400,6632,232
Truck489811,3331,1339,6455,6632,177
Truck489976,2822,3121,6500,6632,132
Truck490227,2821,3331,6570,6632,62
Truck490245,2821,2656,6575,6632,57
Truck488359,1338,2998,6055,6633,578
Truck489703,3331,3238,6425,6633,208
Truck489794,2656,1339,6450,6633,183
Truck489815,2998,2437,6455,6633,178
Truck490332,3239,3331,6600,6633,33
Truck489501,2436,3121,6370,6634,264
Truck489569,3121,3331,6390,6634,244
Truck489758,2656,0,6440,6634,194
Truck490070,2437,2821,6530,6634,104
Truck490314,3239,2437,6595,6634,39
Truck489561,2821,0,6385,6635,250
Truck490014,0,2655,6515,6635,120
Truck489410,2225,1339,6345,6636,291
Truck489457,1338,2225,6360,6636,276
Truck489557,2224,2655,6385,6636,251
Truck489784,2999,2821,6450,6636,186
Truck490190,2656,2225,6560,6636,76
Truck489069,2436,3331,6250,6637,387
Truck490353,2821,2822,6605,6637,32
Truck490410,0,1339,6625,6637,12
Truck488377,1338,2822,6060,6638,578
Truck488905,3238,2436,6205,6638,433
Truck489427,3238,3121,6350,6638,288
Truck489931,3238,2437,6490,6638,148
Truck489178,1339,2224,6280,6639,359
Truck489610,1339,2822,6400,6639,239
Truck490035,2655,0,6520,6639,119
Truck490088,2437,2998,6535,6639,104
Truck490137,2821,3239,6545,6639,94
Truck489735,2436,2999,6435,6640,205
Truck489838,2999,1339,6465,6640,175
Truck489419,2998,0,6345,6641,296
Truck489802,2999,2822,6455,6641,186
Truck490416,3122,0,6625,6641,16
Truck489169,1338,2436,6280,6642,362
Truck489230,2225,3238,6295,6642,347
Truck490438,1339,0,6630,6642,12
Truck488395,1338,2224,6065,6643,578
Truck489384,0,2225,6340,6643,303
Truck489392,2225,2821,6340,6643,303
Truck489847,3331,3122,6465,6643,178
Truck489851,2998,2436,6465,6643,178
Truck489944,2437,3238,6495,6643,148
Truck490096,1339,2655,6535,6643,108
Truck490118,2656,2998,6540,6643,103
Truck490350,3239,2225,6605,6644,39
Truck490474,1339,3122,6640,6644,4
Truck489150,0,2224,6275,6645,370
Truck489822,3122,2656,6460,6645,185
Truck490237,3238,0,6575,6645,70
Truck490273,3238,3122,6585,6645,60
Truck489820,2999,0,6460,6646,186
Truck490247,2998,2822,6575,6646,71
Truck489105,2436,2655,6260,6647,387
Truck488413,1338,2656,6070,6648,578
Truck488415,2655,1338,6070,6648,578
Truck489215,2224,1339,6290,6648,358
Truck489623,3121,0,6405,6648,243
Truck490003,3238,2655,6510,6648,138
Truck490386,3239,3331,6615,6648,33
Truck488867,3121,1338,6195,6649,454
Truck490030,2822,3121,6515,6649,134
Truck490124,2437,2998,6545,6649,104
Truck490368,3239,2225,6610,6649,39
Truck489535,3238,2821,6380,6650,270
Truck489543,2821,3238,6380,6650,270
Truck489123,2436,2224,6265,6651,386
Truck489884,2656,2224,6475,6651,176
Truck490244,2656,1338,6575,6651,76
Truck490488,3122,1339,6645,6651,6
Truck489894,3122,2999,6480,6652,172
Truck488275,3238,1338,6030,6653,623
Truck488431,1338,3331,6075,6653,578
Truck489428,2225,2224,6350,6653,303
Truck489880,1339,3331,6475,6653,178
Truck489887,2998,2437,6475,6653,178
Truck490048,2822,3121,6520,6653,133
Truck488881,1338,3121,6200,6654,454
Truck489641,3121,2822,6410,6654,244
Truck489830,2656,0,6460,6654,194
Truck490259,2224,2998,6580,6654,74
Truck489816,0,2656,6460,6655,195
Truck490279,3331,2655,6585,6655,70
Truck489629,2224,2436,6405,6656,251
Truck489634,2822,0,6405,6656,251
Truck489694,2999,3238,6425,6656,231
Truck489856,2999,2656,6470,6656,186
Truck490026,3239,2998,6515,6656,141
Truck490262,2656,2436,6580,6656,76
Truck490283,2998,2822,6585,6656,71
Truck489141,2436,3331,6270,6657,387
Truck490065,2821,2436,6525,6657,132
Truck488293,3238,1338,6035,6658,623
Truck488449,1338,2822,6080,6658,578
Truck489135,2655,2436,6270,6658,388
Truck489591,2436,3121,6395,6658,263
Truck489659,3121,0,6415,6658,243
Truck489865,3331,0,6470,6658,188
Truck489905,2998,3121,6480,6658,178
Truck489682,1339,2822,6420,6659,239
Truck489774,3239,2224,6445,6659,214
Truck489893,3121,2225,6480,6659,179
Truck490066,2822,2655,6525,6659,134
Truck490404,3239,1338,6620,6659,39
Truck489520,1339,2998,6375,6660,285
Truck490146,3122,2655,6550,6660,110
Truck490287,2655,3331,6590,6660,70
Truck489241,1338,2436,6300,6661,361
Truck489636,0,2821,6410,6661,251
Truck489647,2224,2437,6410,6661,251
Truck490280,2656,2999,6585,6661,76
Truck489302,2225,3238,6315,6662,347
Truck489990,3239,0,6505,6662,157
Truck490083,2821,2999,6530,6662,132
Truck490300,2822,2224,6590,6662,72
Truck490326,3122,3238,6600,6662,62
Truck488467,1338,2655,6085,6663,578
Truck489269,2224,1339,6305,6663,358
Truck489515,3121,3238,6375,6663,288
Truck489805,3238,3331,6455,6663,208
Truck489923,2998,2437,6485,6663,178
Truck490057,3238,2655,6525,6663,138
Truck489672,0,3121,6420,6664,244
Truck489677,3121,2224,6420,6664,244
Truck490178,2437,3331,6560,6664,104
Truck490348,1339,3238,6605,6664,59
Truck490422,3239,2437,6625,6664,39
Truck488845,1338,2437,6190,6665,475
Truck489214,1339,2436,6290,6666,376
Truck489892,2999,3239,6480,6666,186
Truck490052,2437,3121,6525,6666,141
Truck490089,2655,2822,6535,6666,131
Truck490224,3239,2822,6570,6666,96
Truck490256,2225,2436,6580,6666,86
Truck490407,2821,2998,6620,6666,46
Truck488485,1338,0,6090,6667,577
Truck489482,2225,0,6365,6667,302
Truck489534,3122,2998,6380,6667,287
Truck489948,3122,2999,6495,6667,172
Truck490351,3331,2821,6605,6667,62
Truck490370,2656,2821,6610,6667,57
Truck490528,1339,0,6655,6667,12
Truck488329,3238,1338,6045,6668,623
Truck488539,1338,3122,6105,6668,563
Truck489695,3121,2656,6425,6669,244
Truck490102,2822,2225,6535,6669,134
Truck490196,2437,2821,6565,6669,104
Truck490323,2655,3331,6600,6670,70
Truck490333,3331,2999,6600,6670,70
Truck489033,2436,3238,6240,6671,431
Truck489583,1338,2225,6395,6671,276
Truck489675,2655,2224,6420,6671,251
Truck489843,2436,2999,6465,6671,206
Truck490107,2655,2822,6540,6671,131
Truck490316,2656,2436,6595,6671,76
Truck489714,3122,2821,6430,6672,242
Truck489935,2224,3331,6490,6672,182
Truck490120,2822,2437,6540,6672,132
Truck490362,3122,3238,6610,6672,62
Truck488503,1338,2821,6095,6673,578
Truck489500,2225,3331,6370,6673,303
Truck489551,3121,3238,6385,6673,288
Truck490207,3331,2998,6565,6673,108
Truck489197,2224,3238,6285,6674,389
Truck490214,2437,2821,6570,6674,104
Truck490272,3122,2437,6585,6674,89
Truck489250,1339,2436,6300,6675,375
Truck489736,1339,2821,6435,6675,240
Truck489930,3122,2656,6490,6675,185
Truck489554,2225,1339,6385,6676,291
Truck489701,2224,1338,6425,6676,251
Truck489928,2999,2224,6490,6676,186
Truck490292,2225,2436,6590,6676,86
Truck490334,2656,2999,6600,6676,76
Truck488521,1338,0,6100,6677,577
Truck489295,1338,2436,6315,6677,362
Truck489528,0,2998,6380,6677,297
Truck489973,3331,1339,6500,6677,177
Truck490166,2225,2999,6555,6677,122
Truck490379,3121,2999,6615,6677,62
Truck490389,2821,3331,6615,6677,62
Truck489213,2436,2224,6290,6678,388
Truck489518,2225,3239,6375,6678,303
Truck490215,2655,1339,6570,6678,108
Truck490467,2655,3239,6640,6678,38
Truck490498,2822,2821,6645,6678,33
Truck489731,3121,2822,6435,6679,244
Truck490232,2437,2998,6575,6679,104
Truck490282,2822,3239,6585,6679,94
Truck490476,3239,2655,6640,6679,39
Truck489759,2821,3122,6440,6680,240
Truck490369,3331,2655,6610,6680,70
Truck489318,3122,2224,6320,6681,361
Truck489719,2224,3121,6430,6681,251
Truck489946,2999,2821,6495,6681,186
Truck490278,3239,2822,6585,6681,96
Truck490352,2656,3121,6605,6681,76
Truck489373,3238,2225,6335,6682,347
Truck490143,2655,2821,6550,6682,132
Truck489231,2436,2822,6295,6683,388
Truck489587,3121,3238,6395,6683,288
Truck489859,3238,2656,6470,6683,213
Truck489863,2224,3239,6470,6683,213
Truck490494,3239,2656,6645,6683,38
Truck489749,3121,2821,6440,6684,244
Truck490156,2822,2999,6550,6684,134
Truck490250,2437,2224,6580,6684,104
Truck490408,2822,3331,6620,6684,64
Truck490420,1339,3238,6625,6684,59
Truck489772,1339,2822,6445,6685,240
Truck489336,3122,2224,6325,6686,361
Truck489964,2999,0,6500,6686,186
Truck490296,3239,2822,6590,6686,96
Truck488557,1338,0,6110,6687,577
Truck489249,2436,2998,6300,6687,387
Truck489549,2655,2225,6385,6687,302
Truck490173,2821,2436,6555,6687,132
Truck490442,2656,2822,6630,6687,57
Truck489901,3331,3238,6480,6688,208
Truck490116,3239,3122,6540,6688,148
Truck489247,3238,2224,6300,6689,389
Truck489915,2436,2999,6485,6691,206
Truck490142,2437,3121,6550,6691,141
Truck490152,3239,2998,6550,6691,141
Truck490639,3331,2656,6685,6691,6
Truck489662,2225,1338,6415,6692,277
Truck490608,0,1339,6680,6692,12
Truck489572,2225,2998,6390,6693,303
Truck489713,3121,2436,6430,6693,263
Truck490017,2655,2998,6515,6693,178
Truck490031,2998,1338,6515,6693,178
Truck490192,2822,2999,6560,6693,133
Truck488634,3122,1338,6130,6694,564
Truck489376,1339,2224,6335,6694,359
Truck490286,2437,2656,6590,6694,104
Truck490360,2999,2437,6610,6694,84
Truck490530,3239,2225,6655,6694,39
Truck489808,1339,2822,6455,6695,240
Truck490175,2998,3239,6555,6695,140
Truck490423,3331,2437,6625,6695,70
Truck488629,1338,1339,6130,6696,566
Truck489706,2822,3238,6425,6696,271
Truck489773,2224,2436,6445,6696,251
Truck490406,2656,2436,6620,6696,76
Truck490658,2656,3331,6690,6696,6
Truck489285,2436,2224,6310,6697,387
Truck489375,2436,1338,6335,6697,362
Truck489590,2225,0,6395,6697,302
Truck489600,0,2998,6400,6697,297
Truck489762,0,2822,6445,6697,252
Truck490056,3122,2999,6525,6697,172
Truck490426,2822,2224,6625,6697,72
Truck490459,3331,2821,6635,6697,62
Truck488647,1338,3122,6135,6698,563
Truck489857,3121,3122,6470,6698,228
Truck490302,0,2437,6595,6698,103
Truck489803,3121,2656,6455,6699,244
Truck490304,2437,3331,6595,6699,104
Truck490421,2224,2998,6625,6699,74
Truck489553,3238,2998,6385,6700,315
Truck490477,3331,2822,6640,6701,61
Truck489303,2436,2656,6315,6702,387
Truck489385,1338,2436,6340,6702,362
Truck489603,2655,2225,6400,6702,302
Truck490444,2822,2998,6630,6702,72
Truck489354,3122,2436,6330,6703,373
Truck489608,2225,2998,6400,6703,303
Truck489661,3238,3121,6415,6703,288
Truck489753,2436,3121,6440,6703,263
Truck490305,2655,1339,6595,6703,108
Truck490320,0,2437,6600,6703,103
Truck490376,2437,3122,6615,6703,88
Truck490322,2437,2224,6600,6704,104
Truck490690,1339,3122,6700,6704,4
Truck488989,1338,2437,6230,6705,475
Truck489366,0,2224,6335,6705,370
Truck490038,3122,2656,6520,6705,185
Truck490211,2998,3239,6565,6705,140
Truck490188,3239,1339,6560,6706,146
Truck489321,2436,3331,6320,6707,387
Truck489742,2822,3238,6435,6707,272
Truck489840,3122,2822,6465,6707,242
Truck490080,3239,3238,6530,6707,177
Truck490514,2656,2822,6650,6707,57
Truck489159,2436,3238,6275,6708,433
Truck490045,3331,0,6520,6708,188
Truck490140,0,3239,6550,6708,158
Truck490246,2822,2225,6575,6708,133
Truck490394,2437,3122,6620,6708,88
Truck489083,3121,1338,6255,6709,454
Truck489839,3121,3331,6465,6709,244
Truck490340,2437,3331,6605,6709,104
Truck489751,3238,2821,6440,6710,270
Truck489862,1339,2821,6470,6710,240
Truck489008,2437,1338,6235,6711,476
Truck489177,2436,3238,6280,6711,431
Truck489393,2436,3122,6340,6711,371
Truck489421,1338,2436,6350,6711,361
Truck489707,2998,3122,6425,6711,286
Truck489827,2224,1338,6460,6711,251
Truck490054,2999,3331,6525,6711,186
Truck490662,0,3122,6695,6711,16
Truck489339,2436,3331,6325,6712,387
Truck489698,2225,3122,6425,6712,287
Truck489734,2225,1338,6435,6712,277
Truck490264,2822,3121,6580,6712,132
Truck489644,2225,2822,6410,6713,303
Truck490103,2998,2655,6535,6713,178
Truck490082,2656,3122,6530,6714,184
Truck490358,2437,2821,6610,6714,104
Truck489725,2998,1339,6430,6715,285
Truck489885,2821,3122,6475,6715,240
Truck490072,2999,3331,6530,6716,186
Truck490126,2999,3122,6545,6716,171
Truck490478,2656,2437,6640,6716,76
Truck489357,2436,2224,6330,6717,387
Truck490128,3122,2999,6545,6717,172
Truck490281,2821,3121,6585,6717,132
Truck490551,2821,2656,6660,6717,57
Truck489898,1339,2822,6480,6718,238
Truck489929,3121,3122,6490,6718,228
Truck490176,0,3239,6560,6718,158
Truck490366,1339,2655,6610,6718,108
Truck490622,2656,3239,6680,6718,38
Truck490620,3239,2999,6680,6719,39
Truck489411,2436,1339,6345,6720,375
Truck490092,3122,2656,6535,6720,185
Truck490485,2655,2656,6645,6720,75
Truck490513,3331,2999,6650,6720,70
Truck490496,2656,2655,6645,6721,76
Truck488683,1338,3331,6145,6723,578
Truck490018,2999,2436,6515,6723,208
Truck490125,2655,2998,6545,6723,178
Truck490139,2998,2436,6545,6723,178
Truck489133,1338,3121,6270,6724,454
Truck489916,1339,2821,6485,6725,240
Truck490349,2224,2821,6605,6725,120
Truck489912,3122,2822,6485,6726,241
Truck490108,2999,3239,6540,6726,186
Truck490147,3238,3239,6550,6726,176
Truck490268,2437,3121,6585,6726,141
Truck488701,1338,2822,6150,6728,578
Truck488755,1338,3122,6165,6728,563
Truck490136,2656,1339,6545,6728,183
Truck490157,2998,2999,6550,6728,178
Truck489391,3238,2224,6340,6729,389
Truck490318,2822,2437,6595,6729,134
Truck490162,2999,1339,6555,6730,175
Truck490462,2822,3239,6635,6730,95
Truck490549,3331,2437,6660,6730,70
Truck489448,1339,2436,6355,6731,376
Truck490122,0,2999,6545,6731,186
Truck490169,2224,2656,6555,6731,176
Truck490491,2436,2225,6645,6731,86
Truck490532,2656,2225,6655,6731,76
Truck490536,0,3238,6660,6731,71
Truck490776,3122,1339,6725,6731,6
Truck488719,1338,0,6155,6732,577
Truck489367,1338,2999,6335,6732,397
Truck489965,3121,1339,6500,6732,232
Truck490153,3331,2224,6550,6732,182
Truck490336,2822,2437,6600,6732,132
Truck490587,2821,3331,6670,6732,62
Truck490135,3331,0,6545,6733,188
Truck490606,2822,2656,6675,6733,58
Truck489679,3238,2998,6420,6735,315
Truck489841,3238,2822,6465,6735,270
Truck490561,3238,0,6665,6735,70
Truck490567,3331,2655,6665,6735,70
Truck489429,2436,2822,6350,6736,386
Truck490144,2999,3331,6550,6736,186
Truck490354,2822,2436,6605,6737,132
Truck490378,2999,2225,6615,6737,122
Truck490603,3331,2822,6675,6737,62
Truck490623,2821,2656,6680,6737,57
Truck488737,1338,2655,6160,6738,578
Truck490064,2656,3238,6525,6738,213
Truck490683,2655,3239,6700,6738,38
Truck490710,3239,3331,6705,6738,33
Truck489420,0,2436,6350,6739,389
Truck489942,0,3121,6495,6739,244
Truck489947,3121,2998,6495,6739,244
Truck490395,2655,0,6620,6739,119
Truck490448,2437,3239,6635,6739,104
Truck490692,3239,2655,6700,6739,39
Truck490579,3238,0,6670,6740,70
Truck489790,1339,2225,6450,6741,291
Truck489927,2655,2224,6490,6741,251
Truck490201,3238,3239,6565,6741,176
Truck490568,2656,2437,6665,6741,76
Truck489406,2999,1338,6345,6742,397
Truck489447,2436,2822,6355,6742,387
Truck489966,3122,2821,6500,6742,242
Truck490218,3122,2999,6570,6742,172
Truck490371,2821,2999,6610,6742,132
Truck490372,2822,2436,6610,6742,132
Truck490588,2822,2224,6670,6742,72
Truck489752,2225,2656,6440,6743,303
Truck490466,2437,0,6640,6743,103
Truck490481,2998,2656,6640,6743,103
Truck490199,3121,2225,6565,6744,179
Truck489555,2436,1338,6385,6745,360
Truck489826,1339,2998,6460,6745,285
Truck489833,2998,1339,6460,6745,285
Truck489886,2822,3238,6475,6745,270
Truck489957,2821,0,6495,6745,250
Truck490516,2822,3239,6650,6745,95
Truck489465,2436,2656,6360,6746,386
Truck489547,1338,2436,6385,6746,361
Truck489994,2822,1339,6505,6746,241
Truck490180,2999,2656,6560,6746,186
Truck490223,2224,2656,6570,6746,176
Truck490390,2822,2436,6615,6747,132
Truck488617,3238,1338,6125,6748,623
Truck488773,1338,2821,6170,6748,578
Truck489770,2225,2821,6445,6748,303
Truck489823,3238,3121,6460,6748,288
Truck490037,3121,3122,6520,6748,228
Truck490229,2998,2999,6570,6748,178
Truck488832,3122,1338,6185,6749,564
Truck489981,2655,3121,6505,6749,244
Truck490607,2998,2224,6675,6749,74
Truck489575,2224,3122,6390,6750,360
Truck489903,2821,3238,6480,6750,270
Truck490006,1339,2821,6510,6750,240
Truck490443,2821,2224,6630,6750,120
Truck489570,3122,2224,6390,6751,361
Truck490198,2999,0,6565,6751,186
Truck490604,2656,2999,6675,6751,76
Truck489319,3238,2436,6320,6752,432
Truck489483,2436,2821,6365,6752,387
Truck490562,2225,2436,6665,6752,87
Truck489788,2225,2821,6450,6753,303
Truck490222,1339,2656,6570,6753,183
Truck490243,3331,3122,6575,6753,178
Truck490503,2655,2437,6650,6753,103
Truck490574,2437,2999,6670,6753,83
Truck490748,2656,3239,6715,6753,38
Truck490001,3121,2656,6510,6754,244
Truck490619,2224,2998,6680,6754,74
Truck490746,3239,1338,6715,6754,39
Truck490461,2821,2224,6635,6755,120
Truck490866,3122,1339,6750,6756,6
Truck490399,3238,2655,6620,6758,138
Truck490019,3121,2998,6515,6759,244
Truck490047,2821,1339,6520,6759,239
Truck490134,3239,2224,6545,6759,214
Truck490253,3121,2225,6580,6759,179
Truck490475,2224,2821,6640,6760,120
Truck490566,3239,2821,6665,6760,95
Truck490657,3331,2437,6690,6760,70
Truck489188,2437,1338,6285,6761,476
Truck489355,3238,2436,6330,6761,431
Truck489519,2436,0,6375,6761,386
Truck490007,2224,2437,6510,6761,251
Truck490012,2822,0,6510,6761,251
Truck490234,2999,0,6575,6761,186
Truck490277,2224,2656,6585,6761,176
Truck488827,1338,2224,6185,6763,578
Truck489573,2436,3122,6390,6763,373
Truck489824,2225,2822,6460,6763,303
Truck489875,3121,3238,6475,6763,288
Truck490276,1339,3331,6585,6763,178
Truck490538,2437,2822,6660,6764,104
Truck490906,1339,3122,6760,6764,4
Truck489949,3238,2821,6495,6765,270
Truck490029,2821,0,6515,6765,250
Truck490427,2998,3239,6625,6765,140
Truck490584,3239,2821,6670,6765,95
Truck490675,3331,2655,6695,6765,70
Truck489537,2436,2998,6380,6766,386
Truck490252,2999,3239,6580,6766,186
Truck490402,1339,3239,6620,6766,146
Truck490902,3122,1339,6760,6766,6
Truck489896,2225,3122,6480,6767,287
Truck490486,2999,2225,6645,6767,122
Truck489842,2225,2998,6465,6768,303
Truck490294,1339,3331,6590,6768,178
Truck490301,2998,2437,6590,6768,178
Truck490449,2655,2822,6635,6768,133
Truck490546,1339,2655,6660,6768,108
Truck489646,1339,2224,6410,6769,359
Truck490055,3121,2821,6525,6769,244
Truck490110,3122,3121,6540,6769,229
Truck490170,3239,2224,6555,6769,214
Truck490111,3238,2999,6540,6770,230
Truck490220,2225,2437,6570,6770,200
Truck490542,3122,2655,6660,6770,110
Truck488899,1338,1339,6205,6771,566
Truck489642,3122,2224,6410,6771,361
Truck490043,2224,2436,6520,6771,251
Truck490270,2999,2822,6585,6771,186
Truck490309,3238,3239,6595,6771,176
Truck490676,2656,2655,6695,6771,76
Truck490074,3122,2821,6530,6772,242
Truck490479,2821,2437,6640,6772,132
Truck489860,2225,2655,6470,6773,303
Truck489911,3121,3238,6485,6773,288
Truck489985,3238,2822,6505,6773,268
Truck490319,2998,2225,6595,6773,178
Truck490480,2822,2999,6640,6773,133
Truck490071,2655,3121,6530,6774,244
Truck490073,3121,2821,6530,6774,244
Truck490330,1339,2999,6600,6774,174
Truck490691,2224,2822,6700,6774,74
Truck490818,3239,2436,6735,6774,39
Truck490050,0,2822,6525,6775,250
Truck490463,2998,3239,6635,6775,140
Truck490560,3122,2655,6665,6775,110
Truck490711,3331,2437,6705,6775,70
Truck490288,2999,2656,6590,6776,186
Truck490803,2821,2998,6730,6776,46
Truck490946,2656,3331,6770,6776,6
Truck489932,2225,3122,6490,6777,287
Truck490497,2821,2655,6645,6777,132
Truck488725,3238,1338,6155,6778,623
Truck489878,2225,2998,6475,6778,303
Truck490208,2656,3238,6565,6778,213
Truck490225,3331,3238,6570,6778,208
Truck490337,2998,1338,6600,6778,178
Truck490582,1339,2655,6670,6778,108
Truck488940,3122,1338,6215,6779,564
Truck490091,3121,2224,6535,6779,244
Truck490592,2437,3239,6675,6779,104
Truck490638,3239,2822,6685,6779,94
Truck490701,2655,2656,6705,6780,75
Truck490729,3331,2225,6710,6780,70
Truck490079,2224,3121,6530,6781,251
Truck490670,2225,2436,6695,6781,86
Truck490733,2998,2822,6710,6781,71
Truck489550,2999,1338,6385,6782,397
Truck490515,2821,2436,6650,6782,132
Truck490757,3121,2999,6720,6782,62
Truck490875,2821,2822,6750,6782,32
Truck490932,0,1339,6770,6782,12
Truck490219,3238,2656,6570,6783,213
Truck490226,2656,3238,6570,6783,213
Truck490341,2655,2998,6605,6783,178
Truck490355,2998,2999,6605,6783,178
Truck490458,3239,3122,6635,6783,148
Truck490611,2655,2437,6680,6783,103
Truck490786,2822,2656,6725,6783,58
Truck489349,1338,3121,6330,6784,454
Truck489353,3121,1338,6330,6784,454
Truck489585,2655,2436,6395,6784,389
Truck490104,0,3121,6540,6784,244
Truck490610,2437,2822,6680,6784,104
Truck490596,3122,2655,6675,6785,110
Truck489941,2998,0,6490,6786,296
Truck489962,2437,2436,6500,6786,286
Truck490097,2224,2999,6535,6786,251
Truck490324,2999,2656,6600,6786,186
Truck490521,2655,2822,6655,6786,131
Truck490730,2656,1338,6710,6786,76
Truck489609,2436,0,6400,6787,387
Truck490750,2822,2998,6715,6787,72
Truck490804,2822,2656,6730,6787,57
Truck490261,3331,3238,6580,6788,208
Truck490534,2822,2436,6655,6788,133
Truck490127,3121,2656,6545,6789,244
Truck490872,3239,2436,6750,6789,39
Truck490115,2224,2999,6540,6791,251
Truck490769,2998,2822,6720,6791,71
Truck490992,3122,1339,6785,6791,6
Truck489463,3238,2436,6360,6792,432
Truck490022,2225,1338,6515,6792,277
Truck490820,2656,2822,6735,6792,57
Truck490911,2821,2822,6760,6792,32
Truck488935,1338,2224,6215,6793,578
Truck489983,3121,3238,6505,6793,288
Truck489984,3122,2225,6505,6793,288
Truck490255,3238,2656,6580,6793,213
Truck490552,2822,2655,6660,6793,133
Truck490145,3121,3331,6550,6794,244
Truck490720,2999,2437,6710,6794,84
Truck490890,3239,2999,6755,6794,39
Truck489998,2437,2436,6510,6795,285
Truck490005,2436,2437,6510,6795,285
Truck490725,2436,2225,6710,6795,85
Truck490755,2655,2656,6720,6795,75
Truck490783,3331,2436,6725,6795,70
Truck489645,2436,2821,6410,6796,386
Truck489977,2998,0,6500,6796,296
Truck490403,2224,2656,6620,6796,176
Truck490766,2656,2999,6720,6796,76
Truck490385,2224,3331,6615,6797,182
Truck490405,3331,1339,6620,6797,177
Truck490569,2821,3121,6665,6797,132
Truck488953,1338,2656,6220,6798,578
Truck489950,2225,2821,6495,6798,303
Truck490570,2822,2999,6665,6798,133
Truck490647,2655,1339,6690,6798,108
Truck489754,1339,2224,6440,6799,359
Truck490161,2655,3121,6555,6799,244
Truck490664,2437,3239,6695,6799,104
Truck490722,3122,2437,6710,6799,89
Truck490380,3122,2656,6615,6800,185
Truck489663,2436,2224,6415,6801,386
Truck490151,2224,2999,6550,6801,251
Truck490424,2656,2224,6625,6801,176
Truck489806,2225,3238,6455,6802,347
Truck490182,3122,2821,6560,6802,242
Truck490306,2999,2436,6595,6802,207
Truck490575,2655,2821,6670,6802,132
Truck490837,3331,2822,6740,6802,62
Truck488809,1338,3238,6180,6803,623
Truck488815,3238,1338,6180,6803,623
Truck488971,1338,2822,6225,6803,578
Truck489968,2225,3239,6500,6803,303
Truck490315,3331,3238,6595,6803,208
Truck490557,2655,3238,6665,6803,138
Truck490672,1339,2655,6695,6803,108
Truck489665,2224,3238,6415,6804,389
Truck489737,2224,0,6435,6804,369
Truck490109,3121,2436,6540,6804,264
Truck490849,3238,1339,6745,6804,59
Truck490926,3239,3121,6765,6804,39
Truck489726,0,2224,6435,6805,370
Truck490093,3238,2821,6535,6805,270
Truck490204,1339,2821,6565,6805,240
Truck490571,2998,3239,6665,6805,140
Truck490819,3331,2655,6735,6805,70
Truck490024,1339,2225,6515,6806,291
Truck490210,2822,1339,6565,6806,241
Truck490396,2999,2224,6620,6806,186
Truck490802,2656,3121,6730,6806,76
Truck489034,1339,1338,6240,6807,567
Truck489517,3238,2436,6375,6807,432
Truck490235,3121,1339,6575,6807,232
Truck489681,2436,2656,6420,6808,388
Truck490445,2998,2436,6630,6808,178
Truck490700,2437,0,6705,6808,103
Truck490712,2656,2998,6705,6808,103
Truck489683,2224,3238,6420,6809,389
Truck490131,2436,3121,6545,6809,264
Truck490944,3239,1338,6770,6809,39
Truck489959,2998,3238,6495,6810,315
Truck490228,2822,1339,6570,6810,240
Truck489043,1338,1339,6245,6811,566
Truck490187,2224,2999,6560,6811,251
Truck490414,2999,3239,6625,6811,186
Truck490460,2656,2224,6635,6811,176
Truck490258,1339,3121,6580,6812,232
Truck490652,2225,2999,6690,6812,122
Truck489007,1338,3239,6235,6813,578
Truck490004,2225,2821,6510,6813,303
Truck490217,3121,0,6570,6813,243
Truck490327,3238,2656,6600,6813,213
Truck490708,1339,2655,6705,6813,108
Truck490451,3121,2225,6635,6814,179
Truck490624,2822,2655,6680,6814,134
Truck490665,2655,0,6695,6814,119
Truck490718,2437,2224,6710,6814,104
Truck490209,2821,0,6565,6815,250
Truck489717,2436,3239,6430,6816,386
Truck490431,2655,2999,6630,6816,186
Truck490432,2999,2656,6630,6816,186
Truck490602,3239,2998,6675,6816,141
Truck490893,2821,3331,6755,6817,62
Truck488863,1338,3238,6195,6818,623
Truck489025,1338,2655,6240,6818,578
Truck490289,3121,3122,6590,6818,228
Truck490719,2655,1339,6710,6818,108
Truck490736,2437,2822,6715,6819,104
Truck490212,0,2822,6570,6820,250
Truck490263,2821,3122,6580,6820,240
Truck490873,3331,2436,6750,6820,70
Truck490067,2998,0,6525,6821,296
Truck490450,2999,2998,6635,6821,186
Truck490856,2656,2437,6745,6821,76
Truck491100,3122,1339,6815,6821,6
Truck489877,3238,2225,6475,6822,347
Truck490040,2225,0,6520,6822,302
Truck490495,3331,1339,6645,6822,177
Truck490659,2821,2655,6690,6822,132
Truck490928,2656,2822,6765,6822,57
Truck490032,0,2225,6520,6823,303
Truck490381,3238,3331,6615,6823,208
Truck490660,2822,2655,6690,6823,133
Truck490998,3239,2656,6785,6823,38
Truck489844,1339,2224,6465,6824,359
Truck490106,2437,2436,6540,6824,284
Truck490251,2655,3121,6580,6824,244
Truck490308,3122,3121,6595,6824,229
Truck490754,2437,2656,6720,6824,104
Truck490912,2822,3331,6760,6824,64
Truck489845,2224,3122,6465,6825,360
Truck490412,2437,2225,6625,6825,200
Truck490428,0,2656,6630,6825,195
Truck490891,3331,2225,6755,6825,70
Truck490468,2999,2822,6640,6826,186
Truck490833,2436,2225,6740,6826,86
Truck490878,0,3238,6755,6826,71
Truck491125,3331,2656,6820,6826,6
Truck490068,0,2998,6530,6827,297
Truck490512,3239,3238,6650,6827,177
Truck490677,2821,2225,6695,6827,132
Truck490678,2822,3121,6695,6827,132
Truck489061,1338,2821,6250,6828,578
Truck490517,2998,1338,6650,6828,178
Truck490762,1339,2655,6720,6828,108
Truck490765,3331,2998,6720,6828,108
Truck490271,3121,2224,6585,6829,244
Truck490299,2821,1339,6590,6829,239
Truck490772,2437,3239,6725,6829,104
Truck490942,1339,3238,6770,6829,59
Truck490716,0,2655,6710,6830,120
Truck490909,3331,2999,6760,6830,70
Truck490114,1339,2225,6540,6831,291
Truck490248,0,2821,6580,6831,251
Truck490964,2656,2822,6775,6831,56
Truck491144,2656,3331,6825,6831,6
Truck489730,2999,1338,6435,6832,397
Truck490696,2822,2436,6700,6832,132
Truck489079,1338,2224,6255,6833,578
Truck489771,2436,3239,6445,6833,388
Truck490076,2225,3331,6530,6833,303
Truck490535,2998,2655,6655,6833,178
Truck490790,2437,0,6730,6833,103
Truck491052,3239,3331,6800,6833,33
Truck491056,2822,2821,6800,6833,33
Truck489769,3238,2224,6445,6834,389
Truck490317,2821,1339,6595,6834,239
Truck490150,1339,2998,6550,6835,285
Truck490836,3239,2822,6740,6835,95
Truck490917,2655,3331,6765,6835,70
Truck489789,2436,2655,6450,6836,386
Truck490130,2225,1339,6545,6836,291
Truck490266,0,2821,6585,6836,251
Truck490269,2655,2224,6585,6836,251
Truck490504,2999,2224,6650,6836,186
Truck490550,2656,2224,6660,6836,176
Truck490656,3239,1339,6690,6836,146
Truck490713,2821,3121,6705,6837,132
Truck489097,1338,2224,6260,6838,578
Truck489780,0,2436,6450,6838,388
Truck490094,2225,2224,6535,6838,303
Truck490307,3121,0,6595,6838,243
Truck490441,3331,3238,6630,6838,208
Truck490714,2822,2655,6705,6838,133
Truck490808,2437,0,6735,6838,103
Truck490335,2821,1339,6600,6839,239
Truck490544,2225,3121,6660,6839,179
Truck490168,1339,2998,6555,6840,285
Truck490854,3239,2821,6745,6840,95
Truck490945,3331,2999,6770,6840,70
Truck490148,2225,1339,6550,6841,291
Truck490160,2437,2436,6555,6841,286
Truck490284,0,2821,6590,6841,251
Truck490295,2224,2436,6590,6841,251
Truck490522,2999,2224,6655,6841,186
Truck490949,2998,2822,6770,6841,71
Truck491039,2998,2821,6795,6841,46
Truck490731,2821,2437,6710,6842,132
Truck490948,2822,2224,6770,6842,72
Truck489115,1338,2656,6265,6843,578
Truck490112,2225,2655,6540,6843,303
Truck490165,3238,3121,6555,6843,288
Truck490439,2224,3239,6630,6843,213
Truck490531,3331,0,6655,6843,188
Truck490668,3122,3239,6695,6843,148
Truck490824,0,2437,6740,6843,103
Truck490880,2437,3122,6755,6843,88
Truck489881,2224,0,6475,6844,369
Truck490325,3121,2655,6600,6844,244
Truck490440,3239,2224,6630,6844,214
Truck490732,2822,1338,6710,6844,134
Truck490826,2437,2655,6740,6844,104
Truck491070,3239,3121,6805,6844,39
Truck490785,2821,2224,6725,6845,120
Truck490876,2822,3239,6750,6845,95
Truck490313,2224,1338,6595,6846,251
Truck490539,2655,2999,6660,6846,186
Truck490540,2999,2655,6660,6846,186
Truck489825,2436,2998,6460,6847,387
Truck489967,3238,2225,6500,6847,347
Truck491109,2821,2822,6815,6847,32
Truck489132,0,1338,6270,6848,578
Truck490471,3238,3331,6640,6848,208
Truck490585,3331,3122,6670,6848,178
Truck490859,2998,2656,6745,6848,103
Truck490343,3121,2821,6605,6849,244
Truck491088,3239,2225,6810,6849,39
Truck490502,2437,2225,6650,6850,200
Truck490597,3238,3239,6675,6851,176
Truck491073,2821,2998,6805,6851,46
Truck490674,3239,0,6695,6852,157
Truck490898,2437,1339,6760,6852,92
Truck489151,1338,2655,6275,6853,578
Truck489205,1338,3122,6290,6853,563
Truck489897,2436,3122,6480,6853,373
Truck490863,2655,2437,6750,6853,103
Truck490586,2656,3122,6670,6854,184
Truck490936,2999,2437,6770,6854,84
Truck491032,1339,3238,6795,6854,59
Truck491106,3239,2655,6815,6854,39
Truck491230,1339,3122,6850,6854,4
Truck489906,0,2224,6485,6855,370
Truck489953,2224,3122,6495,6855,360
Truck490728,3239,1339,6710,6856,146
Truck491028,3122,3238,6795,6857,62
Truck490625,2998,1338,6680,6858,178
Truck490877,2998,3331,6750,6858,108
Truck490239,2436,2437,6575,6859,284
Truck490929,2821,3239,6765,6859,94
Truck489924,0,2224,6490,6860,370
Truck489971,2224,3122,6500,6860,360
Truck490435,3238,2999,6630,6860,230
Truck491007,2655,3331,6790,6860,70
Truck490356,0,2821,6610,6861,251
Truck490590,0,2999,6675,6861,186
Truck490594,2999,2998,6675,6861,186
Truck491252,2656,3331,6855,6861,6
Truck489835,1338,2999,6465,6862,397
Truck490179,2655,2225,6560,6862,302
Truck491020,2822,2224,6790,6862,72
Truck489187,1338,3331,6285,6863,578
Truck489879,2436,2224,6475,6863,388
Truck490184,2225,2224,6560,6863,303
Truck490698,0,3239,6705,6863,158
Truck490910,2656,2998,6760,6863,103
Truck491044,2999,3121,6800,6863,63
Truck490972,2999,2437,6780,6864,84
Truck491142,3239,2437,6825,6864,39
Truck489933,2436,1339,6490,6865,375
Truck490265,2998,1339,6580,6865,285
Truck490425,2821,3122,6625,6865,240
Truck490556,2437,2225,6665,6865,200
Truck490857,2821,2224,6745,6865,120
Truck491035,3331,2655,6795,6865,70
Truck489566,2437,1338,6390,6866,476
Truck490377,2655,2224,6615,6866,251
Truck490612,2999,2656,6680,6866,186
Truck491018,2656,1338,6790,6866,76
Truck491127,2821,2998,6820,6866,46
Truck489979,1338,2436,6505,6867,362
Truck490039,3238,2225,6520,6867,347
Truck490456,1339,3121,6635,6867,232
Truck490637,2224,3331,6685,6867,182
Truck490809,2655,2822,6735,6867,132
Truck490821,2821,1338,6735,6867,132
Truck489259,1338,3122,6305,6868,563
Truck489888,0,2436,6480,6868,388
Truck490202,2225,3331,6565,6868,303
Truck490254,3122,2225,6580,6868,288
Truck490469,3121,3122,6640,6868,228
Truck490621,3331,0,6680,6868,188
Truck490661,2998,3121,6690,6868,178
Truck490764,3239,3122,6720,6868,148
Truck490822,2822,2225,6735,6868,133
Truck491151,2655,3239,6830,6868,38
Truck490415,3121,2822,6625,6869,244
Truck490974,3122,2437,6780,6869,89
Truck491086,1339,3238,6810,6869,59
Truck491160,3239,1338,6830,6869,39
Truck491053,3331,2655,6800,6870,70
Truck490002,3122,2224,6510,6871,361
Truck490630,2999,3239,6685,6871,186
Truck490782,3239,1339,6725,6871,146
Truck491036,2656,1338,6795,6871,76
Truck489874,2999,1338,6475,6872,397
Truck490274,2225,3122,6585,6872,287
Truck490839,2821,2655,6740,6872,132
Truck491091,2821,3331,6810,6872,62
Truck490025,2224,1339,6515,6873,358
Truck490487,3121,3122,6645,6873,228
Truck490679,2998,2437,6695,6873,178
Truck490840,2822,1338,6740,6873,133
Truck490361,3121,2436,6610,6874,264
Truck490433,3121,2822,6630,6874,244
Truck490548,3239,2224,6660,6874,214
Truck489978,0,2224,6505,6875,370
Truck490193,2998,3238,6560,6875,315
Truck491071,3331,2436,6805,6875,70
Truck490413,2655,2224,6625,6876,251
Truck490648,2999,2998,6690,6876,186
Truck490075,3238,2225,6530,6877,347
Truck490233,2655,2225,6575,6877,302
Truck490988,2437,1339,6785,6877,92
Truck491215,3331,3239,6845,6877,32
Truck491284,1339,0,6865,6877,12
Truck489240,0,1338,6300,6878,578
Truck490452,3122,2822,6635,6878,243
Truck490697,2998,3121,6700,6878,178
Truck490042,1339,2224,6520,6879,359
Truck490640,2656,0,6685,6879,194
Truck490952,2437,2821,6775,6879,104
Truck491196,3239,3121,6840,6879,39
Truck489996,0,2224,6510,6880,370
Truck491089,3331,2999,6810,6880,70
Truck489951,2436,2656,6495,6881,386
Truck489988,1339,2436,6505,6881,376
Truck490666,2999,3239,6695,6881,186
Truck491280,3122,0,6865,6881,16
Truck491092,2822,2224,6810,6882,72
Truck491118,3122,3238,6820,6882,62
Truck491302,1339,0,6870,6882,12
Truck489261,2655,1338,6305,6883,578
Truck490583,2224,3239,6670,6883,213
Truck490694,2656,1339,6700,6883,183
Truck490963,3331,2998,6775,6883,108
Truck490971,2655,2437,6780,6883,103
Truck491042,2437,2999,6800,6883,83
Truck491205,2655,3239,6845,6883,38
Truck491140,1339,3238,6825,6884,59
Truck491214,3239,2225,6845,6884,39
Truck490525,3238,2999,6655,6885,230
Truck491016,3239,2822,6790,6885,95
Truck490457,2224,1338,6635,6886,251
Truck490684,2999,3331,6700,6886,186
Truck491094,0,3238,6815,6886,71
Truck489960,0,2436,6500,6887,387
Truck489969,2436,3331,6500,6887,387
Truck490051,1338,2436,6525,6887,362
Truck489277,1338,2656,6310,6888,578
Truck489331,1338,3122,6325,6888,563
Truck490693,3331,0,6700,6888,188
Truck490894,2822,3121,6755,6888,133
Truck490986,0,2437,6785,6888,103
Truck490680,0,3331,6700,6889,189
Truck491062,2999,2437,6805,6889,84
Truck490646,2437,2225,6690,6890,200
Truck489987,2436,2655,6505,6891,386
Truck490077,2436,1338,6530,6891,361
Truck490702,2999,2821,6705,6891,186
Truck490346,2225,3122,6605,6892,287
Truck490541,3121,1339,6660,6892,232
Truck490899,2655,2821,6760,6892,132
Truck491163,2821,3331,6830,6892,62
Truck490747,3331,3122,6715,6893,178
Truck490844,2437,3238,6745,6893,148
Truck491004,0,2437,6790,6893,103
Truck491241,2655,3239,6855,6893,38
Truck490505,3121,2822,6650,6894,244
Truck490533,2821,1339,6655,6894,239
Truck491006,2437,3239,6790,6894,104
Truck491080,2999,2437,6810,6894,84
Truck491123,2224,2998,6820,6894,74
Truck491374,1339,3122,6890,6894,4
Truck490756,2999,1339,6720,6895,175
Truck490895,2998,3239,6755,6895,140
Truck490373,2998,3122,6610,6896,286
Truck490482,0,2821,6645,6896,251
Truck491126,2656,2655,6820,6896,76
Truck489313,1338,0,6320,6897,577
Truck490400,2225,1338,6620,6897,277
Truck490958,2225,2999,6775,6897,122
Truck489157,3238,1338,6275,6898,623
Truck490310,2225,2998,6595,6898,303
Truck490744,1339,2656,6715,6898,183
Truck490930,2822,1338,6765,6898,133
Truck490518,0,3121,6655,6899,244
Truck490523,3121,2655,6655,6899,244
Truck491194,1339,3238,6840,6899,59
Truck490688,2225,2437,6700,6900,200
Truck490740,3122,2656,6715,6900,185
Truck490023,2436,2822,6515,6901,386
Truck490511,2224,2225,6650,6901,251
Truck490792,2999,3122,6730,6901,171
Truck490935,2655,2822,6770,6901,131
Truck490418,2225,1338,6625,6902,277
Truck490577,3121,1339,6670,6902,232
Truck490947,2821,2655,6770,6902,132
Truck490328,2225,2821,6600,6903,303
Truck490787,2998,2436,6725,6903,178
Truck491025,2655,1339,6795,6903,108
Truck491054,2656,2998,6800,6903,103
Truck491286,3239,1338,6865,6904,39
Truck490758,3122,2656,6720,6905,185
Truck491179,3331,3121,6835,6905,70
Truck490041,2436,2998,6520,6906,386
Truck490529,2224,2655,6655,6906,251
Truck491162,2656,1338,6830,6906,76
Truck491273,2998,2821,6860,6906,46
Truck490000,2999,1338,6510,6907,397
Truck490600,1339,3121,6675,6907,232
Truck490965,2821,2225,6775,6907,132
Truck490966,2822,2225,6775,6907,132
Truck491104,1339,2437,6815,6907,92
Truck491182,2822,2998,6835,6907,72
Truck490908,3239,3122,6760,6908,148
Truck491058,0,2437,6805,6908,103
Truck489799,1338,3121,6455,6909,454
Truck490559,3121,2224,6665,6909,244
Truck490784,2656,3122,6725,6909,184
Truck490615,3238,2999,6680,6910,230
Truck491019,2821,2224,6790,6910,120
Truck491197,3331,3121,6840,6910,70
Truck490774,2999,2821,6725,6911,186
Truck490828,2999,3122,6740,6911,171
Truck491201,2998,2822,6840,6911,71
Truck489412,1339,1338,6345,6912,567
Truck490359,2655,2225,6610,6912,302
Truck490059,2436,0,6525,6913,388
Truck490364,2225,3331,6610,6913,303
Truck490578,3122,2822,6670,6913,243
Truck490687,3238,2656,6700,6913,213
Truck490823,2998,2437,6735,6913,178
Truck491078,2437,0,6810,6913,103
Truck489821,3121,1338,6460,6914,454
Truck490061,2224,3238,6525,6914,389
Truck491124,3239,2822,6820,6914,94
Truck491248,1339,3238,6855,6914,59
Truck491322,3239,3121,6875,6914,39
Truck491446,1339,3122,6910,6914,4
Truck490489,3238,2821,6645,6915,270
Truck490812,3122,3331,6735,6915,180
Truck491245,3238,3122,6855,6915,60
Truck490409,2998,0,6620,6916,296
Truck490465,1338,2225,6640,6916,276
Truck490838,2656,2224,6740,6916,176
Truck490962,3239,2998,6775,6916,141
Truck490436,2225,3122,6630,6917,287
Truck491359,3331,3239,6885,6917,32
Truck489223,1338,3238,6295,6918,623
Truck489387,2655,1338,6340,6918,578
Truck490841,2998,2655,6740,6918,178
Truck490896,0,3239,6760,6918,158
Truck490455,2436,2437,6635,6919,284
Truck490650,3122,3121,6690,6919,229
Truck491096,2437,2822,6815,6919,104
Truck490618,1339,2821,6680,6920,240
Truck490853,2224,2656,6745,6921,176
Truck491216,2656,1338,6845,6921,76
Truck490238,2225,3238,6575,6922,347
Truck490490,2225,1338,6645,6922,277
Truck490614,3122,2821,6680,6922,242
Truck490738,2999,2436,6715,6922,207
Truck489403,1338,3331,6345,6923,578
Truck490453,3238,3121,6635,6923,288
Truck490834,1339,2656,6740,6923,183
Truck491111,2998,3331,6815,6923,108
Truck491349,2655,3239,6885,6923,38
Truck490850,2225,3121,6745,6924,179
Truck490870,1339,2999,6750,6924,174
Truck491114,2437,3331,6820,6924,104
Truck491188,2999,2437,6840,6924,84
Truck491358,3239,2437,6885,6924,39
Truck489781,1338,2437,6450,6925,475
Truck490205,2224,3122,6565,6925,360
Truck490605,2821,0,6675,6925,250
Truck490669,3238,2999,6695,6925,230
Truck491251,3331,2225,6855,6925,70
Truck490113,2436,2998,6540,6926,386
Truck490454,2225,1339,6635,6926,291
Truck490601,2224,2437,6675,6926,251
Truck491234,2656,3121,6850,6926,76
Truck489466,1339,1338,6360,6927,567
Truck490508,2225,1338,6650,6927,277
Truck490632,3122,2821,6685,6927,242
Truck491395,3331,3239,6895,6927,32
Truck490970,2437,3238,6780,6928,148
Truck490980,3239,3122,6780,6928,148
Truck490631,3121,2822,6685,6929,244
Truck491255,2998,2224,6855,6929,74
Truck490391,2998,3238,6615,6930,315
Truck490484,2437,2436,6645,6930,285
Truck491087,2224,2821,6810,6930,120
Truck491269,3331,2225,6860,6930,70
Truck490846,2999,2998,6745,6931,186
Truck490090,2999,1338,6535,6932,397
Truck490446,0,2998,6635,6932,297
Truck491055,2821,1338,6800,6932,132
Truck491297,3121,2999,6870,6932,62
Truck491298,3122,3238,6870,6932,62
Truck489438,0,1338,6355,6933,578
Truck489439,1338,3239,6355,6933,578
Truck490855,3331,0,6745,6933,188
Truck491043,2655,2822,6800,6933,133
Truck491204,2437,3122,6845,6933,88
Truck490133,2224,3238,6545,6934,389
Truck490842,0,3331,6745,6934,189
Truck491394,3239,2437,6895,6934,39
Truck490194,0,2224,6565,6935,370
Truck489493,1338,1339,6370,6936,566
Truck490492,1339,2225,6645,6936,291
Truck490864,2999,0,6750,6936,186
Truck491270,2656,2437,6860,6936,76
Truck490291,3238,2225,6590,6937,347
Truck490464,0,2998,6640,6937,297
Truck491098,2999,2225,6815,6937,122
Truck491325,2821,3331,6875,6937,62
Truck490200,3122,2436,6565,6938,373
Truck490506,3122,2225,6650,6938,288
Truck490801,3331,3238,6730,6938,208
Truck491074,2822,2436,6805,6938,133
Truck490667,3121,2822,6695,6939,244
Truck490892,2656,3122,6755,6939,184
Truck491168,2437,2821,6835,6939,104
Truck491242,2999,2437,6855,6939,84
Truck491412,3239,1338,6900,6939,39
Truck490499,2998,0,6645,6941,296
Truck490555,1338,2225,6665,6941,276
Truck490655,2224,2999,6690,6941,251
Truck490810,2999,2436,6735,6941,206
Truck490882,2999,2224,6755,6941,186
Truck491045,3121,2437,6800,6941,141
Truck491218,2822,3239,6845,6941,96
Truck491288,2656,2436,6865,6941,76
Truck490938,3122,2999,6770,6942,172
Truck489475,1338,2998,6365,6943,578
Truck490472,2225,2821,6640,6943,303
Truck490241,2224,0,6575,6944,369
Truck490685,3121,3239,6700,6944,244
Truck490800,3239,2224,6730,6944,214
Truck491244,3122,2437,6855,6944,89
Truck491075,2998,3239,6805,6945,140
Truck491232,3239,2821,6850,6945,95
Truck490673,2224,2999,6695,6946,251
Truck490900,2999,3239,6760,6946,186
Truck491306,2656,2225,6870,6946,76
Truck491508,0,3122,6930,6946,16
Truck490185,2436,2822,6560,6947,387
Truck490236,3122,2436,6575,6948,373
Truck490831,3238,3331,6740,6948,208
Truck491047,3238,2437,6800,6948,148
Truck490183,3238,2224,6560,6949,389
Truck490703,3121,3239,6705,6949,244
Truck490937,3121,2225,6770,6949,179
Truck489871,1338,2437,6475,6950,475
Truck490862,2437,2225,6750,6950,200
Truck490954,2999,1339,6775,6950,175
Truck491250,3239,2821,6855,6950,95
Truck491313,2655,2656,6875,6950,75
Truck490918,2999,3331,6765,6951,186
Truck491081,3121,2437,6810,6951,141
Truck491324,2656,3121,6875,6951,76
Truck491435,2998,2821,6905,6951,46
Truck491526,0,3122,6935,6951,16
Truck490197,2655,2436,6565,6952,387
Truck490203,2436,2656,6565,6952,387
Truck490257,2436,3122,6580,6952,372
Truck490345,3238,2225,6605,6952,347
Truck490943,2224,3331,6770,6952,182
Truck491034,3239,0,6795,6952,157
Truck491115,2655,2821,6820,6952,132
Truck491370,3122,3238,6890,6952,62
Truck489511,1338,2998,6375,6953,578
Truck490649,3121,2436,6690,6953,263
Truck490835,2224,3239,6740,6953,213
Truck490927,3331,0,6765,6953,188
Truck490967,2998,3121,6775,6953,178
Truck491022,0,3239,6795,6953,158
Truck491128,2822,3121,6820,6954,134
Truck491268,3239,2822,6860,6954,94
Truck490641,2821,3238,6685,6955,270
Truck490749,2821,3122,6715,6955,240
Truck490553,2998,0,6660,6956,296
Truck490564,1339,2225,6665,6956,291
Truck490589,2998,3122,6670,6956,286
Truck490642,2822,3238,6685,6956,271
Truck490709,2224,2999,6705,6956,251
Truck491593,3331,2656,6950,6956,6
Truck490221,2436,0,6570,6957,387
Truck490363,3238,2225,6610,6957,347
Truck489529,1338,2224,6380,6958,578
Truck490526,2225,2821,6655,6958,303
Truck490739,3121,0,6715,6958,243
Truck491238,0,2437,6855,6958,103
Truck491312,2437,2999,6875,6958,83
Truck490767,2821,1339,6720,6959,239
Truck491240,2437,2998,6855,6959,104
Truck491484,3239,2437,6920,6959,39
Truck490651,3238,2821,6690,6960,270
Truck490727,2224,2225,6710,6961,251
Truck491360,2656,2225,6885,6961,76
Truck490382,2225,3238,6615,6962,347
Truck490554,0,2998,6665,6962,297
Truck490798,1339,3121,6730,6962,232
Truck490999,3331,1339,6785,6962,177
Truck491010,3122,2999,6790,6962,172
Truck491164,2822,2436,6830,6962,132
Truck490595,3121,3238,6675,6963,288
Truck490871,2224,3239,6750,6963,213
Truck490874,2656,3238,6750,6963,213
Truck490982,2656,1339,6780,6963,183
Truck491137,3238,2655,6825,6963,138
Truck491332,2999,2437,6880,6964,84
Truck491502,3239,2655,6925,6964,39
Truck490780,1339,2821,6725,6965,240
Truck490916,2437,2225,6765,6965,200
Truck491213,2224,2821,6845,6965,120
Truck490645,1338,2225,6690,6966,276
Truck490745,2224,2436,6715,6966,251
Truck491378,2656,2437,6890,6966,76
Truck490216,2999,1338,6570,6967,397
Truck490816,1339,3121,6735,6967,232
Truck491181,2821,2437,6835,6967,132
Truck491431,3331,2822,6905,6967,62
Truck489409,3238,1338,6345,6968,623
Truck489564,0,1338,6390,6968,578
Truck489565,1338,2656,6390,6968,578
Truck490613,3121,3238,6680,6968,288
Truck490889,2224,3239,6755,6968,213
Truck490981,3331,0,6780,6968,188
Truck491021,2998,2436,6790,6968,178
Truck491277,2655,2437,6865,6968,103
Truck489624,3122,1338,6405,6969,564
Truck490770,0,3121,6725,6969,244
Truck490775,3121,3239,6725,6969,244
Truck491276,2437,2821,6865,6969,104
Truck491644,1339,3122,6965,6969,4
Truck490628,2437,2436,6685,6970,285
Truck490636,1339,2998,6685,6970,285
Truck490643,2998,1339,6685,6970,285
Truck490695,2821,3238,6700,6970,270
Truck490934,2437,2225,6770,6970,200
Truck491413,3331,3121,6900,6970,70
Truck490990,2999,2656,6785,6971,186
Truck491029,3238,3239,6795,6971,176
Truck491396,2656,2437,6895,6971,76
Truck491640,3122,1339,6965,6971,6
Truck491199,2821,2436,6840,6972,132
Truck491354,2225,2436,6885,6972,87
Truck491616,0,1339,6960,6972,12
Truck490275,2436,2655,6585,6973,388
Truck490580,2225,2998,6670,6973,303
Truck490903,3238,2656,6760,6973,213
Truck491200,2822,2655,6840,6973,133
Truck490793,3121,2656,6730,6974,244
Truck491294,2437,2224,6870,6974,104
Truck491417,2998,2224,6900,6974,74
Truck491538,3239,1338,6935,6974,39
Truck489961,1338,2437,6500,6975,475
Truck490543,3238,2998,6660,6975,315
Truck491340,3239,2821,6880,6975,95
Truck491461,3238,3122,6915,6975,60
Truck489637,1338,1339,6410,6976,566
Truck490634,2225,1339,6685,6976,291
Truck490781,2224,2436,6725,6976,251
Truck491008,2999,2998,6790,6976,186
Truck491414,2656,2999,6900,6976,76
Truck489601,1338,0,6400,6977,577
Truck490593,2655,2225,6675,6977,302
Truck491033,2224,3331,6795,6977,182
Truck491217,2821,2225,6845,6977,132
Truck491486,2656,2821,6920,6977,57
Truck491575,3331,3239,6945,6977,32
Truck491634,0,1339,6965,6977,12
Truck490598,2225,2822,6675,6978,303
Truck491017,3331,0,6790,6978,188
Truck491050,1339,3331,6800,6978,178
Truck491057,2998,2655,6800,6978,178
Truck491150,2437,3238,6830,6978,148
Truck491154,3122,3239,6830,6978,148
Truck491305,3331,2998,6870,6978,108
Truck491558,2656,3239,6940,6978,38
Truck490367,2224,0,6610,6979,369
Truck490811,3121,2822,6735,6979,244
Truck491556,3239,2999,6940,6979,39
Truck491449,3331,1338,6910,6980,70
Truck490311,2436,2224,6595,6981,386
Truck490398,3122,2224,6620,6981,361
Truck491026,2999,2822,6795,6981,186
Truck491178,3239,1339,6835,6981,146
Truck490149,2436,3238,6550,6982,432
Truck491235,2821,2437,6850,6982,132
Truck491236,2822,1338,6850,6982,132
Truck489619,1338,3239,6405,6983,578
Truck489621,2655,1338,6405,6983,578
Truck490616,2225,2998,6680,6983,303
Truck490830,3122,2822,6740,6983,243
Truck491320,1339,2655,6875,6983,108
Truck490829,3121,2655,6740,6984,244
Truck491330,2437,2656,6880,6984,104
Truck491497,3238,1339,6925,6984,59
Truck491500,1339,3238,6925,6984,59
Truck491574,3239,1338,6945,6984,39
Truck491467,3331,1338,6915,6985,70
Truck490817,2224,3121,6735,6986,251
Truck491090,2656,2224,6810,6986,176
Truck490167,2436,3238,6555,6987,432
Truck490806,0,2822,6735,6987,252
Truck490848,3122,2821,6745,6987,242
Truck490888,1339,3121,6755,6987,232
Truck491253,2821,2437,6855,6987,132
Truck489481,3238,1338,6365,6988,623
Truck489691,1338,3122,6425,6988,563
Truck490329,2436,2821,6600,6988,388
Truck490847,3121,0,6745,6988,243
Truck491254,2822,2655,6855,6988,133
Truck490331,2224,3238,6600,6989,389
Truck491040,0,3331,6800,6989,189
Truck491072,2656,3122,6805,6989,184
Truck491348,2437,2224,6885,6989,104
Truck491465,2224,2822,6915,6989,74
Truck490392,0,2224,6620,6990,370
Truck490437,2436,1338,6630,6990,360
Truck491237,2998,3239,6850,6990,140
Truck491292,0,2655,6870,6990,120
Truck490715,2998,3122,6705,6991,286
Truck490735,1338,2225,6715,6991,276
Truck490768,2822,3238,6720,6991,271
Truck491676,3122,0,6975,6991,16
Truck489700,1339,1338,6425,6992,567
Truck490347,2436,2656,6605,6992,387
Truck490706,2225,3122,6705,6992,287
Truck491271,2821,2655,6860,6992,132
Truck491296,2999,2225,6870,6992,122
Truck489499,3238,1338,6370,6993,623
Truck489655,1338,3239,6415,6993,578
Truck490644,0,2225,6690,6993,303
Truck490705,3238,3121,6705,6993,288
Truck491107,3331,3122,6815,6993,178
Truck491272,2822,2436,6860,6993,133
Truck490860,0,3121,6750,6994,244
Truck490920,3122,3121,6765,6994,229
Truck491366,2437,2224,6890,6994,104
Truck491524,2822,3331,6930,6994,64
Truck491610,3239,2225,6955,6994,39
Truck491503,3331,2999,6925,6995,70
Truck490365,2436,3331,6610,6996,386
Truck491119,3238,3239,6820,6996,176
Truck491416,2822,3239,6900,6996,96
Truck491507,2998,2822,6925,6996,71
Truck491290,2822,2225,6865,6997,132
Truck489673,1338,3331,6420,6998,578
Truck491000,2656,3238,6785,6998,213
Truck491129,2998,2436,6820,6998,178
Truck491263,3238,2655,6860,6998,138
Truck490883,3121,2822,6755,6999,244
Truck491108,2656,3122,6815,6999,184
Truck491384,2437,2821,6895,6999,104
Truck491501,2224,2822,6925,6999,74
Truck491560,2822,2656,6940,6999,59
Truck491628,3239,2437,6960,6999,39
Truck490795,3238,2821,6730,7000,270
Truck490470,3122,2224,6640,7001,361
Truck490726,1339,2225,6710,7001,291
Truck491504,2656,3121,6925,7001,76
Truck491756,2656,3331,6995,7001,6
Truck490342,2999,1338,6605,7002,397
Truck490374,0,2436,6615,7002,387
Truck490383,2436,3239,6615,7002,387
Truck491307,2821,1338,6870,7002,132
Truck490493,2224,1339,6645,7003,358
Truck491133,2655,2998,6825,7003,178
Truck491202,0,3239,6845,7003,158
Truck491385,2655,1339,6895,7003,108
Truck490924,1339,2822,6765,7004,239
Truck491770,1339,3122,7000,7004,4
Truck490957,3238,2999,6775,7005,230
Truck491291,2998,3239,6865,7005,140
Truck491361,2821,2224,6885,7005,120
Truck491539,3331,2655,6935,7005,70
Truck491569,3238,3122,6945,7005,60
Truck490401,2436,2998,6620,7006,386
Truck490483,1338,2436,6645,7006,361
Truck490742,2225,1339,6715,7006,291
Truck490881,2655,2224,6755,7006,251
Truck491116,2999,2821,6820,7006,186
Truck491448,3239,2822,6910,7006,96
Truck491522,2656,1338,6930,7006,76
Truck491730,3122,0,6990,7006,16
Truck489709,1338,0,6430,7007,577
Truck491143,3331,2224,6825,7007,182
Truck491577,2821,3331,6945,7007,62
Truck491594,2656,2821,6950,7007,57
Truck489708,0,1338,6430,7008,578
Truck490759,3238,3121,6720,7008,288
Truck491161,3331,3122,6830,7008,178
Truck491165,2998,2225,6830,7008,178
Truck491326,2822,2436,6875,7008,133
Truck491432,2656,2998,6905,7008,103
Truck490163,3121,1338,6555,7009,454
Truck490510,1339,2224,6650,7009,359
Truck491420,2437,2998,6905,7009,104
Truck491406,3122,2655,6900,7010,110
Truck490419,2436,2656,6625,7011,386
Truck490501,1338,2436,6650,7011,361
Truck491134,2999,2224,6825,7011,186
Truck491540,2656,2437,6935,7011,76
Truck491474,2437,1339,6920,7012,92
Truck491595,2821,3331,6950,7012,62
Truck489727,1338,2821,6435,7013,578
Truck489729,2655,1338,6435,7013,578
Truck490724,2225,3331,6710,7013,303
Truck491183,2998,2436,6835,7013,178
Truck491450,2656,2998,6910,7013,103
Truck491438,2437,2821,6910,7014,104
Truck490105,1338,2437,6540,7015,475
Truck490914,0,2822,6765,7015,250
Truck490960,1339,2821,6775,7015,240
Truck491085,2436,2999,6810,7015,205
Truck490925,2224,2999,6765,7016,251
Truck490956,3122,2822,6775,7016,241
Truck489745,1338,0,6440,7017,577
Truck490858,2822,3238,6745,7017,272
Truck491176,1339,2656,6835,7018,183
Truck491180,2656,1339,6835,7018,183
Truck491304,3239,3122,6870,7018,148
Truck491362,2822,2437,6885,7018,133
Truck491439,2655,1339,6910,7018,108
Truck491718,3239,3331,6985,7018,33
Truck490978,1339,2822,6780,7019,239
Truck491212,1339,2999,6845,7019,174
Truck491456,2437,2998,6915,7019,104
Truck491505,2821,3239,6925,7019,94
Truck491172,3122,2656,6835,7020,185
Truck491415,2821,2224,6900,7020,120
Truck491583,2655,3331,6950,7020,70
Truck490293,2436,3238,6590,7021,431
Truck491166,0,2999,6835,7021,186
Truck491170,2999,2998,6835,7021,186
Truck491535,2436,2225,6935,7021,86
Truck491828,2656,3331,7015,7021,6
Truck489763,1338,0,6445,7022,577
Truck491014,1339,3121,6790,7022,232
Truck491379,2821,3121,6890,7022,132
Truck491380,2822,2655,6890,7022,132
Truck491621,3121,2999,6960,7022,62
Truck491648,2656,2822,6965,7022,57
Truck489607,3238,1338,6400,7023,623
Truck490760,2225,2998,6720,7023,303
Truck491198,2656,1339,6840,7023,183
Truck491475,2655,2437,6920,7023,103
Truck490973,3121,2656,6780,7024,244
Truck491002,2822,1339,6785,7025,240
Truck491433,2821,2224,6905,7025,120
Truck490814,2225,1339,6735,7026,291
Truck490861,1338,2225,6750,7026,276
Truck490953,2655,2224,6775,7026,251
Truck490961,2224,3121,6775,7026,251
Truck491705,2998,2821,6980,7026,46
Truck490429,1338,2999,6630,7027,397
Truck490473,2436,2821,6640,7027,387
Truck490778,2225,0,6725,7027,302
Truck491027,3121,1339,6795,7027,232
Truck491552,2225,2436,6940,7027,87
Truck491614,2822,2998,6955,7027,72
Truck490524,3122,2436,6655,7028,373
Truck490919,3121,2436,6765,7028,263
Truck491233,3331,3122,6850,7028,178
Truck491398,2822,2436,6895,7028,133
Truck490991,3121,2998,6785,7029,244
Truck491184,0,3331,6840,7029,189
Truck491860,1339,3122,7025,7029,4
Truck490159,1338,2437,6555,7030,475
Truck490751,2998,3238,6715,7030,315
Truck490852,1339,2998,6745,7030,285
Truck491381,2998,3239,6890,7030,140
Truck490968,0,2821,6780,7031,251
Truck490979,2224,2225,6780,7031,251
Truck491139,2436,2999,6825,7031,206
Truck491369,3121,2437,6890,7031,141
Truck491612,2656,2225,6955,7031,76
Truck491723,2998,2821,6985,7031,46
Truck491864,2656,3331,7025,7031,6
Truck490633,3238,2225,6685,7032,347
Truck490796,2225,2224,6730,7033,303
Truck491389,3238,2655,6895,7033,138
Truck491564,2437,3122,6945,7033,88
Truck490249,1338,3121,6580,7034,454
Truck491584,2999,2437,6950,7034,84
Truck491627,2224,2998,6960,7034,74
Truck491754,3239,2436,6995,7034,39
Truck491878,1339,3122,7030,7034,4
Truck491641,3238,0,6965,7035,70
Truck491224,2999,3331,6850,7036,186
Truck491376,3239,1339,6890,7036,146
Truck491739,2821,2998,6990,7036,46
Truck490500,0,2436,6650,7037,387
Truck490509,2436,2998,6650,7037,387
Truck491038,2822,3122,6795,7037,242
Truck491063,3121,1339,6805,7037,232
Truck491068,1339,3121,6805,7037,232
Truck491434,2822,2437,6905,7037,132
Truck491572,1339,2437,6945,7037,92
Truck491791,3331,3239,7005,7037,32
Truck489817,1338,2656,6460,7038,578
Truck489819,2655,1338,6460,7038,578
Truck490563,2436,3122,6665,7038,373
Truck490865,3121,3238,6750,7038,288
Truck491141,2224,3239,6825,7038,213
Truck491518,1339,2655,6930,7038,108
Truck489876,3122,1338,6475,7039,564
Truck490955,3121,2436,6775,7039,264
Truck491528,2437,2821,6935,7039,104
Truck491651,2998,2224,6965,7039,74
Truck491772,3239,2437,7000,7039,39
Truck491665,3331,2999,6970,7040,70
Truck490915,1338,2225,6765,7041,276
Truck491015,2224,2225,6790,7041,251
Truck491046,3122,2822,6800,7041,241
Truck491285,2224,2656,6865,7041,176
Truck490527,2436,2224,6655,7042,387
Truck491287,3331,1339,6865,7042,177
Truck491452,2822,1338,6910,7042,132
Truck491668,2822,2998,6970,7042,72
Truck491701,3331,2822,6980,7042,62
Truck490832,2225,2224,6740,7043,303
Truck491544,0,2437,6940,7043,103
Truck491546,2437,2998,6940,7044,104
Truck490805,2998,3238,6730,7045,315
Truck490905,2436,2437,6760,7045,285
Truck491193,2436,2999,6840,7045,205
Truck491210,2225,2437,6845,7045,200
Truck491592,3239,2822,6950,7045,95
Truck491683,3331,2225,6975,7045,70
Truck491260,2999,2822,6860,7046,186
Truck491303,2224,2656,6870,7046,176
Truck491430,3239,2998,6905,7046,141
Truck491470,2822,3121,6915,7047,132
Truck491896,1339,0,7035,7047,12
Truck489852,0,1338,6470,7048,578
Truck489853,1338,2655,6470,7048,578
Truck490545,2436,3331,6660,7048,388
Truck491364,0,3239,6890,7048,158
Truck491457,2655,2822,6915,7048,133
Truck490547,2224,3238,6660,7049,389
Truck490599,2436,1339,6675,7050,375
Truck490653,2436,1338,6690,7050,360
Truck490983,2821,3238,6780,7050,270
Truck490984,2822,3238,6780,7050,270
Truck491222,2437,2225,6850,7050,200
Truck491314,2999,1339,6875,7050,175
Truck491731,3238,3122,6990,7050,60
Truck490931,2998,3122,6765,7051,286
Truck491051,2224,2437,6800,7051,251
Truck491278,2999,3331,6865,7051,186
Truck491321,2224,2656,6875,7051,176
Truck491441,3121,2437,6910,7051,141
Truck491618,2437,1339,6960,7052,92
Truck491626,1339,2437,6960,7052,92
Truck491729,3121,2999,6990,7052,62
Truck491737,3331,2821,6990,7052,62
Truck490868,2225,2998,6750,7053,303
Truck491209,3238,3331,6845,7053,208
Truck491327,2998,2999,6875,7053,178
Truck491817,2655,3239,7015,7053,38
Truck490565,2224,3238,6665,7054,389
Truck491826,3239,2436,7015,7054,39
Truck491950,1339,3122,7050,7054,4
Truck491001,2821,3238,6785,7055,270
Truck491691,2655,2656,6980,7055,75
Truck491719,3331,1338,6985,7055,70
Truck490581,2436,2821,6670,7056,386
Truck490913,2998,0,6760,7056,296
Truck491069,2224,2655,6805,7056,251
Truck491342,2656,2224,6880,7056,176
Truck491953,3331,2656,7050,7056,6
Truck491863,3331,3239,7025,7057,32
Truck490886,2225,2655,6755,7058,303
Truck490939,3238,3121,6770,7058,288
Truck491011,3238,2822,6790,7058,268
Truck491031,2436,3121,6795,7058,263
Truck491345,2998,2655,6880,7058,178
Truck491506,2822,2436,6925,7058,133
Truck491336,2225,3121,6880,7059,179
Truck491658,3122,2437,6970,7059,89
Truck491717,2224,2998,6985,7059,74
Truck491258,2437,2225,6860,7060,200
Truck491489,2998,3239,6920,7060,140
Truck491646,3239,2821,6965,7060,95
Truck491152,2999,3238,6830,7061,231
Truck491720,2656,2437,6985,7061,76
Truck491829,2821,2998,7015,7061,46
Truck489907,1338,0,6485,7062,577
Truck489952,1339,1338,6495,7062,567
Truck490558,2999,1338,6665,7062,397
Truck491158,1339,3121,6830,7062,232
Truck491341,3331,2224,6880,7062,182
Truck491523,2821,2436,6930,7062,132
Truck490904,2225,2655,6760,7063,303
Truck491227,3238,2656,6850,7063,213
Truck491323,3331,0,6875,7063,188
Truck491338,1339,2656,6880,7063,183
Truck491363,2998,2999,6885,7063,178
Truck491117,3121,2821,6820,7064,244
Truck491565,2655,0,6945,7064,119
Truck490654,1339,2436,6690,7065,375
Truck491037,2821,3238,6795,7065,270
Truck490985,2998,3122,6780,7066,286
Truck491105,2224,2999,6815,7066,251
Truck491136,3122,2822,6825,7066,241
Truck490576,2999,1338,6670,7067,397
Truck491388,3122,2999,6895,7067,172
Truck491541,2821,2999,6935,7067,132
Truck491542,2822,2437,6935,7067,132
Truck489925,1338,2998,6490,7068,578
Truck490617,2436,2224,6680,7068,388
Truck490922,2225,2998,6765,7068,303
Truck491377,3331,3122,6890,7068,178
Truck490375,1338,3121,6615,7069,454
Truck491135,3121,3239,6825,7069,244
Truck491880,3239,2436,7030,7069,39
Truck492004,1339,3122,7065,7069,4
Truck491386,2999,1339,6895,7070,175
Truck491773,3331,2437,7000,7070,70
Truck491003,2998,3122,6785,7071,286
Truck491865,2821,2998,7025,7071,46
Truck492007,3331,2656,7065,7071,6
Truck490635,2436,2655,6685,7072,387
Truck491559,2821,1338,6940,7072,132
Truck491776,2822,2998,7000,7072,72
Truck491802,3122,3238,7010,7072,62
Truck491976,0,1339,7060,7072,12
Truck491986,1339,0,7060,7072,12
Truck489943,1338,3331,6495,7073,578
Truck490686,3122,2436,6700,7073,373
Truck490940,2225,2655,6770,7073,303
Truck491399,2998,2655,6895,7073,178
Truck491454,0,3239,6915,7073,158
Truck491492,2437,3238,6925,7073,148
Truck491647,3331,2998,6965,7073,108
Truck491654,2437,0,6970,7073,103
Truck491655,2655,2437,6970,7073,103
Truck491800,2999,3121,7010,7073,63
Truck491830,2822,2656,7015,7073,58
Truck490397,3121,1338,6620,7074,454
Truck491153,3121,2224,6830,7074,244
Truck491346,0,3331,6885,7074,189
Truck491410,1339,2999,6900,7074,174
Truck491824,1339,3238,7015,7074,59
Truck491898,3239,2436,7035,7074,39
Truck491145,2821,0,6825,7075,250
Truck491700,3239,2822,6980,7075,95
Truck491146,2822,0,6825,7076,251
Truck491704,2822,3239,6980,7076,96
Truck491424,3122,2999,6905,7077,172
Truck491578,2822,2225,6945,7077,132
Truck489963,2655,1338,6500,7078,578
Truck491009,3121,3238,6790,7078,288
Truck491099,3121,2436,6815,7078,263
Truck491299,3238,3331,6870,7078,208
Truck491547,2655,3238,6940,7078,138
Truck491670,0,2437,6975,7078,103
Truck491721,2821,3239,6985,7079,94
Truck491916,3239,3121,7040,7079,39
Truck490763,2224,3122,6720,7080,360
Truck490507,3238,2436,6650,7081,431
Truck490707,2436,1339,6705,7081,376
Truck491148,0,2821,6830,7081,251
Truck491159,2224,2436,6830,7081,251
Truck491549,3121,2437,6940,7081,141
Truck491903,2998,2821,7035,7081,46
Truck491994,0,3122,7065,7081,16
Truck491030,2225,3122,6795,7082,287
Truck491620,2999,2225,6960,7082,122
Truck491847,2821,3331,7020,7082,62
Truck490033,1338,3122,6520,7083,563
Truck490671,2436,2224,6695,7083,388
Truck490976,2225,2821,6780,7083,303
Truck491680,1339,2655,6975,7083,108
Truck491848,2822,3331,7020,7083,63
Truck491187,2655,3121,6840,7084,244
Truck491189,3121,3331,6840,7084,244
Truck491690,2437,3331,6980,7084,104
Truck491857,3238,1339,7025,7084,59
Truck492058,1339,3122,7080,7084,4
Truck490734,0,2224,6715,7085,370
Truck491440,2999,1339,6910,7085,175
Truck491177,2224,3121,6835,7086,251
Truck491404,2999,2822,6900,7086,186
Truck491810,2656,3121,7010,7086,76
Truck490689,2436,2224,6700,7087,387
Truck490989,2655,2225,6785,7087,302
Truck491110,2822,3238,6815,7087,272
Truck491208,3122,2822,6845,7087,242
Truck491613,2821,2436,6955,7087,132
Truck491882,2656,2821,7030,7087,57
Truck489997,1338,2656,6510,7088,578
Truck489999,2655,1338,6510,7088,578
Truck490994,2225,2655,6785,7088,303
Truck491453,2998,2999,6910,7088,178
Truck491974,2822,2821,7055,7088,33
Truck490447,1338,3121,6635,7089,454
Truck491060,2437,2436,6805,7089,284
Truck491207,3121,3239,6845,7089,244
Truck491708,2437,2224,6985,7089,104
Truck491766,3122,2437,7000,7089,89
Truck490799,2224,3122,6730,7090,360
Truck491382,0,2656,6895,7090,195
Truck491758,2822,3239,6995,7090,95
Truck491195,2224,2437,6840,7091,251
Truck491421,2655,2999,6905,7091,186
Truck491422,2999,3239,6905,7091,186
Truck492030,0,3122,7075,7091,16
Truck491066,2225,3122,6805,7092,287
Truck491266,1339,3121,6860,7092,232
Truck491350,2999,2436,6885,7092,207
Truck491466,3239,3238,6915,7092,177
Truck491631,2821,2655,6960,7092,132
Truck491883,2821,3331,7030,7092,62
Truck490015,1338,2821,6515,7093,578
Truck491012,2225,2821,6790,7093,303
Truck491471,2998,2655,6915,7093,178
Truck491157,2436,3121,6830,7094,264
Truck491225,3121,2998,6850,7094,244
Truck491673,2655,0,6975,7094,119
Truck491709,2655,3122,6985,7094,109
Truck491970,3239,2225,7055,7094,39
Truck490975,3238,2998,6780,7095,315
Truck490069,1338,1339,6530,7096,566
Truck491600,2437,3121,6955,7096,141
Truck491603,3121,2437,6955,7096,141
Truck491846,2656,2437,7020,7096,76
Truck491955,2821,2998,7050,7096,46
Truck491637,2655,2822,6965,7097,132
Truck491649,2821,2225,6965,7097,132
Truck491650,2822,2436,6965,7097,132
Truck491866,2822,2224,7025,7097,72
Truck491353,3238,2656,6885,7098,213
Truck491482,1339,3331,6920,7098,178
Truck491582,2437,3238,6950,7098,148
Truck491619,2655,3238,6960,7098,138
Truck490723,3238,2224,6710,7099,389
Truck491744,2437,2224,6995,7099,104
Truck491790,3239,2822,7005,7099,94
Truck491861,2224,2998,7025,7099,74
Truck491988,3239,1338,7060,7099,39
Truck490788,0,2224,6730,7100,370
Truck491458,2999,2822,6915,7101,186
Truck492072,3122,0,7085,7101,16
Truck489889,1338,3238,6480,7103,623
Truck491048,2225,2821,6800,7103,303
Truck491493,2655,2998,6925,7103,178
Truck490741,3238,2224,6715,7104,389
Truck491261,3121,2655,6860,7104,244
Truck491289,2821,1339,6865,7104,239
Truck491316,3122,3121,6875,7104,229
Truck491495,3121,2225,6925,7104,179
Truck491762,2437,2224,7000,7104,104
Truck491885,2998,2224,7030,7104,74
Truck492006,3239,2437,7065,7104,39
Truck491173,3238,2821,6835,7105,270
Truck491808,3239,2821,7010,7105,95
Truck491899,3331,2999,7035,7105,70
Truck490430,2437,1338,6630,7106,476
Truck490761,2436,3331,6720,7106,386
Truck491093,2998,0,6810,7106,296
Truck491476,2999,0,6920,7106,186
Truck491954,2656,2822,7050,7106,56
Truck492126,3122,1339,7100,7106,6
Truck490752,0,2436,6720,7107,387
Truck491076,0,2998,6810,7107,297
Truck491520,3239,3238,6930,7107,177
Truck491685,2821,1338,6975,7107,132
Truck491686,2822,2999,6975,7107,132
Truck491485,3331,0,6920,7108,188
Truck491525,2998,2437,6930,7108,178
Truck491659,3238,2655,6970,7108,138
Truck491763,2655,1339,7000,7108,108
Truck491132,2437,2436,6825,7109,284
Truck491274,0,3121,6865,7109,244
Truck491279,3121,3239,6865,7109,244
Truck491669,2998,3239,6970,7110,140
Truck491917,3331,3121,7040,7110,70
Truck491122,1339,2225,6820,7111,291
Truck491256,0,2821,6860,7111,251
Truck491259,2655,2224,6860,7111,251
Truck491267,2224,2655,6860,7111,251
Truck491490,0,2999,6925,7111,186
Truck491494,2999,3239,6925,7111,186
Truck491900,2656,2225,7035,7111,76
Truck492108,3122,0,7095,7111,16
Truck490779,2436,2998,6725,7112,387
Truck491308,2822,3122,6870,7112,242
Truck490087,1338,2822,6535,7113,578
Truck491084,2225,3331,6810,7113,303
Truck491536,1339,3331,6935,7113,178
Truck491554,1339,2999,6940,7114,174
Truck491798,2437,2821,7010,7114,104
Truck492042,3239,2999,7075,7114,39
Truck490797,2436,0,6730,7116,386
Truck491662,1339,3239,6970,7116,146
Truck491664,3239,1339,6970,7116,146
Truck491682,3239,2998,6975,7116,141
Truck491918,2656,2225,7040,7116,76
Truck491939,2998,2822,7045,7116,71
Truck492027,2821,2998,7070,7116,46
Truck491102,2225,0,6815,7117,302
Truck491112,0,2998,6820,7117,297
Truck491156,2225,3122,6830,7117,287
Truck491356,1339,3121,6885,7117,232
Truck491537,2224,3331,6935,7117,182
Truck491557,3331,1339,6940,7117,177
Truck491722,2822,2999,6985,7117,132
Truck491973,2821,3331,7055,7117,62
Truck490907,2224,1339,6760,7118,358
Truck491521,3331,0,6930,7118,188
Truck491561,2998,2999,6940,7118,178
Truck492060,3239,3121,7080,7119,39
Truck491371,3238,2999,6890,7120,230
Truck491771,2224,2821,7000,7120,120
Truck491775,2821,2224,7000,7120,120
Truck491925,2655,2656,7045,7120,75
Truck490815,2436,2224,6735,7121,386
Truck491530,2999,3331,6935,7121,186
Truck490123,1338,0,6545,7122,577
Truck491120,2225,0,6820,7122,302
Truck491344,2822,3122,6880,7122,242
Truck491727,2655,2821,6990,7122,132
Truck491171,3121,3238,6835,7123,288
Truck491579,2998,1338,6945,7123,178
Truck491906,2437,2999,7040,7123,83
Truck491331,2655,3121,6880,7124,244
Truck491333,3121,2224,6880,7124,244
Truck491834,2437,3331,7020,7124,104
Truck492078,3239,1338,7085,7124,39
Truck491083,3238,2998,6810,7125,315
Truck490869,2436,1339,6750,7126,376
Truck491548,2999,2655,6940,7126,186
Truck490186,1339,1338,6560,7127,567
Truck491190,3122,2998,6840,7127,287
Truck492174,0,1339,7115,7127,12
Truck490141,1338,2998,6550,7128,578
Truck491130,0,2225,6825,7128,303
Truck491138,2225,2224,6825,7128,303
Truck491468,2656,3238,6915,7128,213
Truck491576,2656,1339,6945,7128,183
Truck491845,3331,2998,7020,7128,108
Truck490884,3122,2436,6755,7129,374
Truck492028,2822,2656,7070,7129,59
Truck491101,3238,2998,6815,7130,315
Truck491838,3122,2655,7020,7130,110
Truck490520,2437,1338,6655,7131,476
Truck491219,2998,3122,6845,7131,286
Truck491566,2999,3331,6945,7131,186
Truck491736,3239,2998,6990,7131,141
Truck491972,2656,2437,7055,7131,76
Truck492223,3331,2656,7125,7131,6
Truck490845,2655,2436,6745,7132,387
Truck490158,0,1338,6555,7133,578
Truck490851,2436,0,6745,7133,388
Truck491590,1339,2656,6950,7133,183
Truck491611,3331,3122,6955,7133,178
Truck491615,2998,2999,6955,7133,178
Truck491397,2821,1339,6895,7134,239
Truck492114,3239,2225,7095,7134,39
Truck491357,2224,2225,6885,7136,251
Truck491948,2225,2436,7050,7136,86
Truck491990,2656,2655,7060,7136,76
Truck492101,2998,2821,7090,7136,46
Truck491793,2821,2999,7005,7137,132
Truck492035,3121,2999,7075,7137,62
Truck492043,3331,2821,7075,7137,62
Truck492063,2821,2656,7080,7137,57
Truck492153,2821,2822,7105,7137,32
Truck491174,2225,2224,6835,7138,303
Truck491512,2999,2436,6930,7138,208
Truck491871,2655,1339,7030,7138,108
Truck491888,2437,0,7035,7138,103
Truck491387,3121,2821,6895,7139,244
Truck491794,2822,1338,7005,7139,134
Truck491835,2655,0,7020,7139,119
Truck491147,2998,3238,6825,7140,315
Truck491638,2999,1339,6965,7140,175
Truck491777,2998,3239,7000,7140,140
Truck491832,0,2655,7020,7140,120
Truck491997,2655,2656,7065,7140,75
Truck491966,2225,2436,7055,7141,86
Truck492008,2656,2999,7065,7141,76
Truck491629,3331,2224,6960,7142,182
Truck491812,2822,3121,7010,7142,132
Truck490195,1338,2821,6565,7143,578
Truck490887,2436,2998,6755,7143,388
Truck491192,2225,2998,6840,7143,303
Truck491533,3238,3331,6935,7143,208
Truck491405,3121,2224,6900,7144,244
Truck491639,3121,2225,6965,7144,179
Truck492150,3239,1338,7105,7144,39
Truck490997,2224,3122,6785,7145,360
Truck491317,3238,2821,6875,7145,270
Truck491956,2822,3239,7050,7145,95
Truck491663,2224,2656,6970,7146,176
Truck491666,2656,2224,6970,7146,176
Truck492026,2656,1338,7070,7146,76
Truck490743,2436,3238,6715,7147,432
Truck490959,2436,3122,6775,7147,372
Truck491459,3121,1339,6915,7147,232
Truck492099,2821,2656,7090,7147,57
Truck490213,1338,2822,6570,7148,578
Truck491907,2655,1339,7040,7148,108
Truck491914,1339,2655,7040,7148,108
Truck491423,3121,2821,6905,7149,244
Truck491451,2821,1339,6910,7149,239
Truck491343,2821,3238,6880,7150,270
Truck492061,3331,2436,7080,7150,70
Truck490923,2436,2821,6765,7151,386
Truck491411,2224,2436,6900,7151,251
Truck491684,2656,2224,6975,7151,176
Truck492246,0,3122,7135,7151,16
Truck491065,3238,2225,6805,7152,347
Truck491228,2225,0,6850,7152,302
Truck491442,3122,2821,6910,7152,242
Truck491978,2437,1339,7060,7152,92
Truck490230,0,1338,6575,7153,578
Truck490231,1338,2821,6575,7153,578
Truck491687,2998,1338,6975,7153,178
Truck491780,2437,3238,7005,7153,148
Truck490290,3122,1338,6590,7154,564
Truck491496,3122,3121,6925,7154,229
Truck491630,2656,0,6960,7154,194
Truck491678,2225,3121,6975,7154,179
Truck492186,3239,1338,7115,7154,39
Truck491191,3238,2998,6840,7155,315
Truck491992,2822,3239,7060,7155,95
Truck490777,3238,2436,6725,7156,431
Truck491656,2999,2822,6970,7156,186
Truck491702,2656,2224,6980,7156,176
Truck492062,2656,2437,7080,7156,76
Truck492083,2998,2822,7085,7156,71
Truck492173,2998,2821,7110,7156,46
Truck490941,2436,2655,6770,7157,387
Truck491300,2225,3122,6870,7157,287
Truck491681,2224,3331,6975,7157,182
Truck491853,2655,2822,7025,7157,132
Truck492292,1339,0,7145,7157,12
Truck491246,2225,2822,6855,7158,303
Truck491514,3122,3121,6930,7159,229
Truck492009,2821,3239,7065,7159,94
Truck492204,3239,2999,7120,7159,39
Truck492097,3331,2436,7090,7160,70
Truck491447,2224,1338,6910,7161,251
Truck491602,2999,2436,6955,7161,206
Truck491674,2999,2822,6975,7161,186
Truck491837,3121,2437,7020,7161,141
Truck491844,3239,2998,7020,7161,141
Truck490950,0,2436,6775,7162,387
Truck492300,0,1339,7150,7162,12
Truck490267,1338,2998,6585,7163,578
Truck491264,2225,2998,6860,7163,303
Truck491315,3121,3238,6875,7163,288
Truck491488,2822,3122,6920,7163,243
Truck491531,3121,3122,6935,7163,228
Truck491884,2822,2655,7030,7163,133
Truck491961,2655,1339,7055,7163,108
Truck492032,2437,3122,7075,7163,88
Truck490721,3121,1338,6710,7164,454
Truck491477,3121,2655,6920,7164,244
Truck491309,2998,0,6870,7166,296
Truck492098,2656,2655,7090,7166,76
Truck491334,3122,2998,6880,7167,287
Truck491901,2821,1338,7035,7167,132
Truck491902,2822,1338,7035,7167,132
Truck492118,2822,2224,7095,7167,72
Truck490129,3238,1338,6545,7168,623
Truck490285,1338,3331,6590,7168,578
Truck490977,2436,3331,6780,7168,388
Truck491282,2225,2998,6865,7168,303
Truck491741,2998,3121,6990,7168,178
Truck491993,2998,3331,7060,7168,108
Truck492154,2822,3331,7105,7168,63
Truck490344,3122,1338,6605,7169,564
Truck491996,2437,2822,7065,7169,104
Truck492045,2821,3239,7075,7169,94
Truck492166,1339,3238,7110,7169,59
Truck491487,2821,0,6920,7170,250
Truck491951,2224,2821,7050,7170,120
Truck492133,3331,3121,7100,7170,70
Truck491483,2224,2225,6920,7171,251
Truck491870,2437,3121,7030,7171,141
Truck492318,0,3122,7155,7171,16
Truck492162,3122,3238,7110,7172,62
Truck490303,1338,2224,6595,7173,578
Truck491351,3121,3238,6885,7173,288
Truck491755,3331,3122,6995,7173,178
Truck491759,2998,3121,6995,7173,178
Truck491920,2822,2437,7040,7173,133
Truck491513,3121,2822,6930,7174,244
Truck492014,2437,2998,7070,7174,104
Truck492131,2224,2822,7100,7174,74
Truck492184,1339,3238,7115,7174,59
Truck491958,0,2655,7055,7175,120
Truck492145,3238,0,7105,7175,70
Truck492151,3331,2437,7105,7175,70
Truck490682,2437,1338,6700,7176,476
Truck491013,2436,2656,6790,7176,386
Truck491724,0,2999,6990,7176,186
Truck491728,2999,3331,6990,7176,186
Truck491328,0,2998,6880,7177,297
Truck491532,3122,2821,6935,7177,242
Truck491937,2821,2225,7045,7177,132
Truck490321,1338,2821,6600,7178,578
Truck491318,2225,3239,6875,7178,303
Truck492022,1339,2655,7070,7178,108
Truck491586,3122,3121,6950,7179,229
Truck491788,1339,2999,7005,7179,174
Truck492276,3239,2655,7140,7179,39
Truck491392,1339,2998,6895,7180,285
Truck491706,0,2656,6985,7180,195
Truck492190,2822,3331,7115,7180,65
Truck491372,2225,1339,6890,7181,291
Truck491742,0,2999,6995,7181,186
Truck491745,2655,2999,6995,7181,186
Truck491746,2999,0,6995,7181,186
Truck492261,2821,2998,7135,7181,46
Truck492263,2998,2821,7135,7181,46
Truck492404,2656,3331,7175,7181,6
Truck491862,3239,0,7025,7182,157
Truck490177,1338,3238,6560,7183,623
Truck490339,1338,2655,6605,7183,578
Truck491781,2655,2998,7005,7183,178
Truck491795,2998,2437,7005,7183,178
Truck492047,2998,3331,7075,7183,108
Truck492050,2437,0,7080,7183,103
Truck492294,3239,2656,7145,7183,38
Truck492296,2656,3239,7145,7183,38
Truck492312,3239,3331,7150,7183,33
Truck491082,3122,2436,6810,7184,374
Truck491604,3122,3121,6955,7184,229
Truck491402,2437,2436,6900,7185,285
Truck491469,2821,3238,6915,7185,270
Truck491049,2436,2224,6800,7186,386
Truck491764,2999,2822,7000,7186,186
Truck492170,2656,2225,7110,7186,76
Truck490885,3238,2436,6755,7187,432
Truck492215,3121,2999,7125,7187,62
Truck490357,1338,2822,6610,7188,578
Truck491799,2655,2998,7010,7188,178
Truck491813,2998,2437,7010,7188,178
Truck491868,0,3239,7030,7188,158
Truck491911,3238,2437,7040,7188,148
Truck491479,3238,2822,6920,7189,269
Truck491567,3121,2655,6945,7189,244
Truck491792,2656,3122,7005,7189,184
Truck492068,2437,2821,7085,7189,104
Truck492205,3331,2437,7120,7190,70
Truck491067,2436,2822,6805,7191,386
Truck491934,3239,1339,7045,7191,146
Truck491023,1338,2999,6795,7192,397
Truck491991,2821,3121,7060,7192,132
Truck491695,3238,2656,6980,7193,213
Truck491806,1339,2656,7010,7193,183
Truck491827,3331,3122,7015,7193,178
Truck491831,2998,2437,7015,7193,178
Truck490434,3122,1338,6630,7194,564
Truck491585,3121,3239,6950,7194,244
Truck491842,1339,2999,7020,7194,174
Truck492086,2437,3239,7090,7194,104
Truck492330,3239,2436,7155,7194,39
Truck491836,2999,1339,7020,7195,175
Truck492195,2655,2656,7120,7195,75
Truck492213,2655,3331,7125,7195,70
Truck491121,2436,1339,6820,7196,376
Truck491428,1339,2225,6905,7196,291
Truck491562,0,2821,6945,7196,251
Truck491573,2224,2437,6945,7196,251
Truck492278,2656,2822,7140,7196,56
Truck492408,0,3122,7180,7196,16
Truck490393,1338,0,6620,7197,577
Truck492226,2822,2224,7125,7197,72
Truck491390,2225,2821,6895,7198,303
Truck491443,3238,3121,6910,7198,288
Truck492010,2822,1338,7065,7198,133
Truck491598,0,3121,6955,7199,244
