truck_id,source_id,sink_id,generated_at_step,removed_at_step,total_driving_time
Truck967694,2943,2942,0,35,35
Truck967710,2943,2942,5,41,36
Truck967726,2943,2942,10,47,37
Truck967814,2567,1339,40,48,8
Truck967742,2943,2942,15,51,36
Truck967722,2684,2443,10,53,43
Truck967758,2943,2942,20,56,36
Truck967738,2684,2443,15,57,42
Truck967711,3119,2942,5,59,54
Truck967774,2943,2942,25,61,36
Truck967727,3119,2942,10,64,54
Truck967790,2943,2942,30,65,35
Truck967763,2443,2684,25,68,43
Truck967806,2943,2942,35,71,36
Truck967856,0,2567,55,73,18
Truck967786,2684,2443,30,74,44
Truck967775,3119,2942,25,80,55
Truck967838,2943,2942,45,80,35
Truck967718,2567,2683,10,83,73
Truck967696,0,2683,5,84,79
Truck967888,0,2567,65,84,19
Truck967854,2943,2942,50,85,35
Truck967870,2943,2942,55,90,35
Truck967850,2684,2443,50,93,43
Truck967886,2943,2942,60,95,35
Truck967952,0,1339,85,97,12
Truck967866,2684,2443,55,101,46
Truck967901,2942,2943,65,101,36
Truck967902,2943,2942,65,101,36
Truck967898,2684,2443,65,110,45
Truck967934,2943,2942,75,110,35
Truck967914,2684,2443,70,113,43
Truck967950,2943,2942,80,116,36
Truck967930,2684,2443,75,117,42
Truck968038,2567,1339,110,117,7
Truck967966,2943,2942,85,121,36
Truck967903,3119,2942,65,123,58
Truck967982,2943,2942,90,125,35
Truck968048,0,1339,115,127,12
Truck967962,2684,2443,85,129,44
Truck968032,0,2567,110,129,19
Truck967998,2943,2942,95,130,35
Truck967978,2684,2443,90,135,45
Truck968014,2943,2942,100,136,36
Truck968030,2943,2942,105,141,36
Truck967944,1339,2683,80,145,65
Truck968046,2943,2942,110,146,36
Truck968061,2942,2943,115,149,34
Truck968152,1339,2567,145,151,6
Truck968136,1339,0,140,152,12
Truck968042,2684,2443,110,153,43
Truck968078,2943,2942,120,157,37
Truck967943,2683,0,80,158,78
Truck968094,2943,2942,125,161,36
Truck968110,2943,2942,130,166,36
Truck968090,2684,2443,125,169,44
Truck968142,2943,2942,140,175,35
Truck968158,2943,2942,145,181,36
Truck968214,2567,0,165,183,18
Truck968174,2943,2942,150,186,36
Truck967803,2776,2684,35,189,154
Truck968224,0,2567,170,189,19
Truck968190,2943,2942,155,191,36
Truck968088,1339,2683,125,192,67
Truck968070,2567,2683,120,194,74
Truck968256,0,2567,180,198,18
Truck968262,2567,0,180,199,19
Truck968222,2943,2942,165,200,35
Truck968159,3119,2942,145,201,56
Truck967756,2777,2943,20,203,183
Truck967769,2224,3119,25,203,178
Truck968238,2943,2942,170,206,36
Truck968328,1339,2567,200,206,6
Truck968135,2683,2567,140,211,71
Truck968254,2943,2942,175,212,37
Truck967692,2777,2942,0,213,213
Truck968227,2443,2684,170,213,43
Truck968270,2943,2942,180,216,36
Truck968243,2443,2684,175,218,43
Truck968286,2943,2942,185,220,35
Truck968183,2683,1339,155,221,66
Truck967714,2225,2443,10,222,212
Truck967868,2777,2943,55,225,170
Truck968239,3119,2942,170,226,56
Truck968318,2943,2942,195,232,37
Truck967708,2777,2942,5,234,229
Truck968334,2943,2942,200,235,35
Truck968350,2943,2942,205,242,37
Truck968440,1339,2567,235,242,7
Truck967682,2225,2443,0,244,244
Truck967707,2776,2443,5,244,239
Truck967772,2777,2942,25,244,219
Truck968366,2943,2942,210,245,35
Truck967788,2777,2942,30,246,216
Truck968247,2683,2567,175,246,71
Truck968263,2683,1339,180,248,68
Truck968319,3119,2942,195,249,54
Truck967828,2444,2566,45,251,206
Truck968362,2684,2443,210,253,43
Truck967852,2777,2943,50,256,206
Truck968398,2943,2942,220,256,36
Truck967822,2943,2777,40,258,218
Truck968448,0,2567,240,259,19
Truck967771,2776,2443,25,260,235
Truck968295,2683,2567,190,260,70
Truck968414,2943,2942,225,261,36
Truck968311,2683,1339,195,262,67
Truck968504,1339,2567,255,263,8
Truck967724,2777,2942,10,266,256
Truck968430,2943,2942,230,266,36
Truck968367,3119,2942,210,267,57
Truck968480,0,2567,250,268,18
Truck968383,3119,2942,215,269,54
Truck967884,2777,2942,60,270,210
Truck968446,2943,2942,235,271,36
Truck967778,2225,2443,30,272,242
Truck967819,2776,2443,40,272,232
Truck967762,2225,1339,25,274,249
Truck968462,2943,2942,240,276,36
Truck967836,2777,2942,45,278,233
Truck967918,2943,2777,70,278,208
Truck968320,0,2683,200,278,78
Truck968442,2684,2443,235,279,44
Truck967740,2777,2942,15,280,265
Truck968413,2942,3119,225,280,55
Truck968478,2943,2942,245,281,36
Truck967730,2225,2443,15,284,269
Truck967746,2225,2443,20,286,266
Truck967869,2942,2777,55,286,231
Truck967996,2777,2942,95,286,191
Truck968494,2943,2942,250,286,36
Truck968352,0,2683,210,289,79
Truck968445,2942,3119,235,289,54
Truck967820,2777,2942,40,290,250
Truck967827,2443,2225,45,290,245
Truck967764,2444,2225,25,291,266
Truck967835,2776,2443,45,291,246
Truck968510,2943,2942,255,291,36
Truck968390,2567,2683,220,292,72
Truck968560,0,2567,275,293,18
Truck967787,2776,2443,30,294,264
Truck967804,2777,2942,35,295,260
Truck968526,2943,2942,260,295,35
Truck967698,2225,0,5,297,292
Truck967964,2777,2942,85,297,212
Truck968592,0,1339,285,297,12
Truck967899,2776,2443,65,299,234
Truck968506,2684,2443,255,299,44
Truck968582,2567,0,280,299,19
Truck967810,2225,2443,40,300,260
Truck967821,2942,2224,40,300,260
Truck967931,2776,2443,75,302,227
Truck968542,2943,2942,265,302,37
Truck967874,2225,2443,60,304,244
Truck967923,2443,2776,75,304,229
Truck968025,2224,3119,105,304,199
Truck967977,2224,3119,90,307,217
Truck968495,3119,2942,250,307,57
Truck968558,2943,2942,270,307,37
Truck967876,2444,2225,60,310,250
Truck967906,2225,2567,70,311,241
Truck968126,2943,2777,135,311,176
Truck968574,2943,2942,275,311,36
Truck967890,2225,2443,65,313,248
Truck967997,2942,2777,95,313,218
Truck968059,2776,2443,115,313,198
Truck968554,2684,2443,270,314,44
Truck967794,2225,2444,35,315,280
Truck968590,2943,2942,280,315,35
Truck967916,2777,2942,70,316,246
Truck968527,3119,2942,260,316,56
Truck967922,2225,2443,75,317,242
Truck968108,2777,2942,130,317,187
Truck967715,2443,0,10,319,309
Truck967900,2777,2942,65,319,254
Truck967932,2777,2942,75,319,244
Truck968011,2776,2443,100,319,219
Truck968606,2943,2942,285,320,35
Truck968052,2444,2566,115,322,207
Truck967896,1339,2225,65,324,259
Truck968062,2943,2777,115,324,209
Truck968464,0,2683,245,324,79
Truck968557,2942,3119,270,324,54
Truck967947,2776,2443,80,325,245
Truck967853,2942,2224,50,326,276
Truck968124,2777,2942,135,326,191
Truck968622,2943,2942,290,326,36
Truck967842,2225,1339,50,327,277
Truck968012,2777,2942,100,327,227
Truck967858,2225,2443,55,328,273
Truck967875,2443,1339,60,330,270
Truck967948,2777,2942,80,331,251
Truck968535,2683,1339,265,331,66
Truck968638,2943,2942,295,331,36
Truck968060,2777,2942,115,333,218
Truck968611,2443,2684,290,333,43
Truck968694,2567,0,315,333,18
Truck967744,0,2443,20,334,314
Truck968028,2777,2942,105,335,230
Truck968164,2444,2566,150,335,185
Truck968654,2943,2942,300,335,35
Truck968519,2683,0,260,338,78
Truck967799,2683,2443,35,341,306
Truck968009,2224,2942,100,341,241
Truck968101,2566,2444,130,341,211
Truck968670,2943,2942,305,341,36
Truck968736,0,1339,330,342,12
Truck968650,2684,2443,300,343,43
Truck967980,2777,2942,90,345,255
Truck968140,2777,2942,140,346,206
Truck968686,2943,2942,310,347,37
Truck968752,0,1339,335,347,12
Truck968076,2777,2942,120,348,228
Truck968261,2566,2444,180,348,168
Truck968639,3119,2942,295,348,53
Truck967699,2443,1339,5,350,345
Truck968600,1339,2683,285,350,65
Truck967945,2224,2942,80,351,271
Truck968702,2943,2942,315,352,37
Truck968092,2777,2942,125,353,228
Truck968758,2567,0,335,353,18
Truck968790,2567,1339,345,353,8
Truck968718,2943,2942,320,355,35
Truck967897,2224,2942,65,357,292
Truck967955,2443,2225,85,357,272
Truck968138,2684,2776,140,357,217
Truck968598,2567,2683,285,357,72
Truck968792,1339,0,345,357,12
Truck968774,2567,0,340,358,18
Truck967826,2225,0,45,359,314
Truck967907,2443,2225,70,359,289
Truck968089,2224,2942,125,359,234
Truck968734,2943,2942,325,360,35
Truck968091,2776,2443,125,362,237
Truck968155,2776,2443,145,363,218
Truck967731,2443,0,15,364,349
Truck967847,2683,2225,50,364,314
Truck968172,2777,2942,150,364,214
Truck968223,3119,2224,165,364,199
Truck968050,2225,2443,115,365,250
Truck968082,2225,2443,125,365,240
Truck968219,2776,2443,165,365,200
Truck968714,2684,2443,320,365,45
Truck968750,2943,2942,330,365,35
Truck967954,2225,2567,85,367,282
Truck967981,2942,2224,90,368,278
Truck967938,2225,2443,80,369,289
Truck968252,2777,2942,175,369,194
Truck968703,3119,2942,315,369,54
Truck968066,2225,2567,120,370,250
Truck968156,2777,2942,145,370,225
Truck968236,2777,2942,170,370,200
Truck968302,2943,2777,190,370,180
Truck968766,2943,2942,335,370,35
Truck968044,2777,2942,110,372,262
Truck968664,1339,2683,305,372,67
Truck968646,2567,2683,300,373,73
Truck968647,2683,2567,300,373,73
Truck968719,3119,2942,320,373,53
Truck967846,2567,2684,50,374,324
Truck968781,2942,2943,340,375,35
Truck968284,2777,2942,185,376,191
Truck968662,2567,2683,305,376,71
Truck968782,2943,2942,340,377,37
Truck968755,2443,2684,335,378,43
Truck968797,2942,2943,345,379,34
Truck968798,2943,2942,345,380,35
Truck968679,2683,2567,310,381,71
Truck967754,2684,1339,20,382,362
Truck968771,2443,2684,340,383,43
Truck968206,2943,2777,160,385,225
Truck968814,2943,2942,350,385,35
Truck967970,2225,2444,90,386,296
Truck968157,2942,2777,145,386,241
Truck968002,2225,2444,100,387,287
Truck968105,2224,2942,130,389,259
Truck968268,2777,2942,180,390,210
Truck968830,2943,2942,355,391,36
Truck967798,2567,2443,35,392,357
Truck968171,2776,2443,150,392,242
Truck968896,0,1339,380,392,12
Truck968904,1339,0,380,392,12
Truck968710,2567,2683,320,393,73
Truck967706,2684,2683,5,395,390
Truck967760,0,2684,25,395,370
Truck968846,2943,2942,360,396,36
Truck967757,2942,2443,20,397,377
Truck968382,2943,2777,215,397,182
Truck967926,2567,2443,75,398,323
Truck967971,2443,2567,90,398,308
Truck968300,2777,2942,190,398,208
Truck968759,2683,1339,335,402,67
Truck968799,3119,2942,345,402,57
Truck968862,2943,2942,365,402,37
Truck968099,2443,1339,130,404,274
Truck968378,2684,2776,215,404,189
Truck968018,2225,2443,105,405,300
Truck968720,0,2683,325,405,80
Truck968815,3119,2942,350,405,55
Truck968877,2942,2943,370,406,36
Truck968034,2225,0,110,407,297
Truck968851,2443,2684,365,407,42
Truck968858,2684,2443,365,407,42
Truck968878,2943,2942,370,407,37
Truck968944,0,1339,395,407,12
Truck968098,2225,2443,130,408,278
Truck968831,3119,2942,355,408,53
Truck968894,2943,2942,375,410,35
Truck967770,2684,2567,25,411,386
Truck968040,1339,2443,110,411,301
Truck968162,2225,2444,150,411,261
Truck968267,2776,2443,180,411,231
Truck968178,2225,2443,155,413,258
Truck968867,2443,2684,370,413,43
Truck967818,2684,2942,40,415,375
Truck968807,2683,1339,350,415,65
Truck968910,2943,2942,380,416,36
Truck968260,2444,2225,180,417,237
Truck968008,1339,2443,100,418,318
Truck968188,2777,2942,155,418,263
Truck967734,2567,2684,15,419,404
Truck968251,2776,2443,175,419,244
Truck968863,3119,2942,365,419,54
Truck968960,0,2567,400,420,20
Truck968926,2943,2942,385,421,36
Truck968204,2777,2942,160,422,262
Truck968992,0,1339,410,422,12
Truck967773,2942,2443,25,423,398
Truck968906,2684,2443,380,423,43
Truck969014,2567,1339,415,423,8
Truck968121,2224,2942,135,424,289
Truck968941,2942,2943,390,424,34
Truck968332,2777,2942,200,427,227
Truck968879,3119,2942,370,427,57
Truck968942,2943,2942,390,427,37
Truck968958,2943,2942,395,430,35
Truck968153,2224,2942,145,431,286
Truck968428,2777,2942,230,431,201
Truck968823,2683,0,355,431,76
Truck967864,1339,2684,55,432,377
Truck969048,1339,2567,425,432,7
Truck968909,2942,3119,380,433,53
Truck968233,2224,2942,170,434,264
Truck968444,2777,2943,235,434,199
Truck967789,2942,2443,30,435,405
Truck967832,1339,2684,45,435,390
Truck968146,2225,0,145,435,290
Truck968274,2225,2443,185,435,250
Truck968396,2777,2942,220,435,215
Truck968974,2943,2942,400,435,35
Truck968114,2225,2444,135,436,301
Truck968220,2777,2942,165,436,271
Truck968425,2224,3119,230,437,207
Truck969024,0,2567,420,439,19
Truck968131,2443,2225,140,440,300
Truck968990,2943,2942,405,440,35
Truck968338,2225,2444,205,441,236
Truck968556,2777,2943,270,441,171
Truck968120,1339,2443,135,442,307
Truck968870,2567,2683,370,444,74
Truck967958,2567,2684,85,445,360
Truck968356,2444,2225,210,445,235
Truck968476,2777,2942,245,445,200
Truck968516,2444,2566,260,445,185
Truck969006,2943,2942,410,445,35
Truck968316,2777,2942,195,446,251
Truck968361,2224,2942,210,446,236
Truck968317,2942,2224,195,447,252
Truck968253,2942,2224,175,448,273
Truck968307,2443,2225,195,448,253
Truck967974,2567,2443,90,449,359
Truck968130,2225,0,140,449,309
Truck968322,2225,2443,200,450,250
Truck968210,2225,1339,165,451,286
Truck968399,3119,2224,220,451,231
Truck969022,2943,2942,415,451,36
Truck967783,2683,2684,30,452,422
Truck967891,2443,2942,65,453,388
Truck968347,2776,2443,205,453,248
Truck968329,2224,2942,200,454,254
Truck968975,3119,2942,400,454,54
Truck967834,2684,2942,45,455,410
Truck968475,2776,2443,245,455,210
Truck969038,2943,2942,420,456,36
Truck968163,2443,1339,150,457,307
Truck969112,1339,0,445,457,12
Truck968370,2225,2443,215,458,243
Truck968524,2777,2942,260,458,198
Truck968348,2777,2942,205,459,254
Truck968918,2567,2683,385,459,74
Truck969018,2684,2443,415,459,44
Truck968460,2777,2942,240,460,220
Truck968523,2776,2443,260,460,200
Truck968935,2683,2567,390,461,71
Truck969054,2943,2942,425,461,36
Truck967942,2567,2684,80,462,382
Truck968349,2942,2224,205,462,257
Truck968192,0,2443,160,463,303
Truck969034,2684,2443,420,465,45
Truck967683,2443,3119,0,466,466
Truck968365,2942,2224,210,466,256
Truck968967,2683,1339,400,466,66
Truck969007,3119,2942,410,466,56
Truck969070,2943,2942,430,466,36
Truck968363,2776,2443,210,468,258
Truck968064,0,2684,120,469,349
Truck968402,2225,2443,225,469,244
Truck968119,2683,2225,135,470,335
Truck969086,2943,2942,435,471,36
Truck968200,1339,2443,160,472,312
Truck968306,2225,2567,195,472,277
Truck967805,2942,2443,35,473,438
Truck968160,0,2443,150,473,323
Truck968412,2777,2942,225,474,249
Truck969066,2684,2443,430,474,44
Truck968249,2224,2942,175,476,301
Truck968380,2777,2942,215,476,261
Truck968507,2776,2443,255,476,221
Truck969102,2943,2942,440,476,36
Truck968364,2777,2942,210,477,267
Truck968368,0,2225,215,478,263
Truck968482,2225,2443,250,478,228
Truck968572,2777,2942,275,478,203
Truck969082,2684,2443,435,478,43
Truck969158,2567,0,460,478,18
Truck968122,2684,1339,135,481,346
Truck968258,2225,2443,180,481,301
Truck968508,2777,2942,255,481,226
Truck969055,3119,2942,425,481,56
Truck969118,2943,2942,445,481,36
Truck968629,2566,2444,295,482,187
Truck967859,2443,2942,55,483,428
Truck968026,2684,3119,105,483,378
Truck968280,1339,2443,185,484,299
Truck968386,2225,2443,220,485,265
Truck968498,2225,2443,255,485,230
Truck969134,2943,2942,450,485,35
Truck967885,2942,2684,60,486,426
Truck968294,2567,2225,190,486,296
Truck968354,2225,1339,210,486,276
Truck968456,1339,2225,240,487,247
Truck967861,2566,2225,55,489,434
Truck968010,2684,2567,100,490,390
Truck969149,2942,2943,455,490,35
Truck969150,2943,2942,455,491,36
Truck968565,2566,2444,275,492,217
Truck969130,2684,2443,450,493,43
Truck967747,2443,2942,20,494,474
Truck968195,2443,0,160,496,336
Truck969166,2943,2942,460,496,36
Truck968491,2776,2443,250,497,247
Truck968571,2776,2443,275,498,223
Truck967917,2942,2443,70,500,430
Truck968859,2776,2684,365,500,135
Truck969182,2943,2942,465,500,35
Truck967951,3119,2684,80,501,421
Truck968106,2684,1339,130,503,373
Truck968492,2777,2942,250,503,253
Truck969238,2567,0,485,503,18
Truck968409,2224,2942,225,506,281
Truck968589,2942,2777,280,506,226
Truck967782,2567,2444,30,507,477
Truck968147,2443,2683,145,507,362
Truck968360,1339,2443,210,507,297
Truck968418,2225,2443,230,507,277
Truck969198,2943,2942,470,507,37
Truck968013,2942,2443,100,510,410
Truck967946,2684,2683,80,511,431
Truck968434,2225,2443,235,511,276
Truck969214,2943,2942,475,511,36
Truck969194,2684,2443,470,512,42
Truck968562,2225,2443,275,515,240
Truck968616,1339,2225,290,515,225
Truck968795,2776,2684,345,515,170
Truck968604,2777,2942,285,516,231
Truck968794,2684,2776,345,516,171
Truck968578,2225,1339,280,517,237
Truck969230,2943,2942,480,517,37
Truck968603,2776,2684,285,518,233
Truck968540,2777,2942,265,519,254
Truck968546,2225,2443,270,519,249
Truck967882,2684,3119,60,520,460
Truck969246,2943,2942,485,520,35
Truck969183,3119,2942,465,521,56
Truck968051,2443,2942,115,522,407
Truck968514,2225,0,260,522,262
Truck968747,2776,2443,330,522,192
Truck969334,2567,1339,515,522,7
Truck969226,2684,2443,480,523,43
Truck968466,2225,2443,245,524,279
Truck968530,2225,2443,265,524,259
Truck968620,2777,2942,290,524,234
Truck967796,2444,2443,35,525,490
Truck968058,2684,3119,115,525,410
Truck968626,2225,2443,295,525,230
Truck969262,2943,2942,490,525,35
Truck968144,0,2684,145,527,382
Truck968336,0,2225,205,527,322
Truck969242,2684,2443,485,528,43
Truck968067,2443,2942,120,529,409
Truck968636,2777,2942,295,529,234
Truck967748,2444,2443,20,531,511
Truck969278,2943,2942,495,531,36
Truck967843,2443,2942,50,532,482
Truck967686,2567,2444,0,533,533
Truck968234,2684,2942,170,533,363
Truck967691,2776,2567,0,534,534
Truck968400,0,2225,225,534,309
Truck968684,2777,2942,310,534,224
Truck968375,2683,2225,215,535,320
Truck967823,3119,2443,40,536,496
Truck968555,2776,2443,270,536,266
Truck968630,2567,2225,295,536,241
Truck968700,2777,2943,315,536,221
Truck969294,2943,2942,500,536,36
Truck968134,2567,2684,140,537,397
Truck968683,2776,2443,310,539,229
Truck969175,2683,0,465,539,74
Truck968403,2443,0,225,540,315
Truck969350,2567,0,520,540,20
Truck968096,0,2684,130,542,412
Truck969310,2943,2942,505,542,37
Truck967987,2443,2942,95,543,448
Truck968674,2225,2443,310,543,233
Truck967732,2444,2443,15,545,530
Truck967795,2443,2444,35,545,510
Truck968690,2225,2443,315,545,230
Truck969283,2443,2684,500,545,45
Truck968272,0,2443,185,546,361
Truck969326,2943,2942,510,546,36
Truck968266,2684,1339,180,547,367
Truck968202,2684,2942,160,548,388
Truck968940,2777,2943,390,548,158
Truck969306,2684,2443,505,548,43
Truck969207,2683,0,475,550,75
Truck968588,2777,2942,280,551,271
Truck968804,2444,2566,350,551,201
Truck967919,3119,2443,70,552,482
Truck968635,2776,2443,295,552,257
Truck968932,2444,2566,390,552,162
Truck969342,2943,2942,515,552,37
Truck968063,3119,2684,115,554,439
Truck968115,2443,2444,135,554,419
Truck968323,2443,0,200,554,354
Truck967812,2444,2443,40,555,515
Truck968093,2942,2443,125,555,430
Truck968668,2777,2942,305,555,250
Truck968733,2942,2777,325,555,230
Truck968828,2777,2942,355,555,200
Truck969200,0,2683,475,555,80
Truck969358,2943,2942,520,555,35
Truck967887,3119,2443,60,556,496
Truck968716,2777,2942,320,557,237
Truck967780,2444,2443,30,559,529
Truck968764,2777,2942,335,559,224
Truck968731,2776,2443,325,560,235
Truck968796,2777,2942,345,561,216
Truck968970,2684,2776,400,561,161
Truck968154,2684,2942,145,562,417
Truck969374,2943,2942,525,562,37
Truck968579,2443,2225,280,563,283
Truck967695,3119,2776,0,564,564
Truck967883,2776,2683,60,564,504
Truck968652,2777,2942,300,564,264
Truck968659,2443,2776,305,564,259
Truck969325,2942,3119,510,564,54
Truck967844,2444,2443,50,565,515
Truck968170,2684,2683,150,565,415
Truck968394,2684,1339,220,565,345
Truck967684,2444,2443,0,566,566
Truck967751,2683,2776,20,566,546
Truck967871,3119,2443,55,566,511
Truck968594,2225,1339,285,566,281
Truck969390,2943,2942,530,566,36
Truck968732,2777,2942,325,568,243
Truck968748,2777,2942,330,568,238
Truck969288,1339,2683,500,568,68
Truck969370,2684,2443,525,568,43
Truck969406,2943,2942,535,571,36
Truck967723,2776,1339,10,572,562
Truck969357,2942,3119,520,572,52
Truck969472,0,1339,560,572,12
Truck968314,2684,2683,195,573,378
Truck968410,2684,1339,225,573,348
Truck967956,2444,2567,85,574,489
Truck967716,2444,2443,10,576,566
Truck967755,2776,2567,20,576,556
Truck968166,2567,2684,150,576,426
Truck968346,2684,2942,205,576,371
Truck969512,1339,2567,570,576,6
Truck967725,2942,2776,10,578,568
Truck967752,1339,2444,20,580,560
Truck967693,2942,2776,0,581,581
Truck968074,2684,3119,120,581,461
Truck968488,1339,2443,250,582,332
Truck968707,2443,2776,320,582,262
Truck968738,2225,2443,330,582,252
Truck969438,2943,2942,545,582,37
Truck969504,0,1339,570,582,12
Truck969528,1339,2567,575,582,7
Truck969418,2684,2443,540,583,43
Truck968490,2684,0,250,584,334
Truck968503,2683,2443,255,585,330
Truck968186,2684,2942,155,586,431
Truck968786,2225,2443,345,586,241
Truck969454,2943,2942,550,586,36
Truck968179,2443,2942,155,588,433
Truck968287,3119,2684,185,591,406
Truck968458,2684,1339,240,591,351
Truck968658,2225,0,305,591,286
Truck968779,2776,2443,340,591,251
Truck969470,2943,2942,555,591,36
Truck968850,2225,2443,365,592,227
Truck969328,0,2683,515,592,77
Truck969335,2683,0,515,592,77
Truck967880,1339,2776,60,593,533
Truck968924,2777,2942,385,594,209
Truck969067,2776,2684,430,594,164
Truck968056,1339,2444,115,595,480
Truck968812,2777,2942,350,595,245
Truck967878,2567,2444,60,596,536
Truck967840,0,2444,50,597,547
Truck968852,2444,2225,365,597,232
Truck969367,2683,2567,525,597,72
Truck969486,2943,2942,560,597,37
Truck969466,2684,2443,555,598,43
Truck968143,3119,2443,140,599,459
Truck968956,2777,2942,395,599,204
Truck969502,2943,2942,565,600,35
Truck967988,2444,2443,95,601,506
Truck967992,1339,2776,95,601,506
Truck968282,2684,2942,185,601,416
Truck968844,2777,2942,360,601,241
Truck968860,2777,2942,365,601,236
Truck969592,1339,2567,595,601,6
Truck968614,2567,2225,290,602,312
Truck968819,2443,2776,355,602,247
Truck968467,2443,2683,245,603,358
Truck968713,2224,2942,320,604,284
Truck967968,0,2444,90,607,517
Truck968330,2684,2942,200,607,407
Truck968627,2443,2225,295,607,312
Truck968749,2942,2224,330,608,278
Truck968754,2225,2444,335,609,274
Truck968802,2225,2443,350,609,259
Truck968866,2225,2443,370,609,239
Truck968892,2777,2942,375,609,234
Truck969498,2684,2443,565,609,44
Truck968269,2942,2443,180,610,430
Truck968818,2225,2443,355,610,255
Truck968298,2684,2942,190,612,422
Truck969534,2943,2942,575,612,37
Truck969600,0,1339,600,612,12
Truck967924,2444,2443,75,614,539
Truck968221,2942,2443,165,614,449
Truck968451,2443,0,240,614,374
Truck967908,2444,2443,70,615,545
Truck968780,2777,2942,340,615,275
Truck969447,2683,1339,550,615,65
Truck968770,2225,2443,340,616,276
Truck968931,2443,2776,390,616,226
Truck969550,2943,2942,580,616,36
Truck968194,2225,2566,160,617,457
Truck968472,1339,2684,245,617,372
Truck968876,2777,2942,370,617,247
Truck968834,2225,2443,360,618,258
Truck969068,2777,2942,430,618,188
Truck969638,2567,1339,610,618,8
Truck968020,2444,2443,105,619,514
Truck968111,3119,2443,130,619,489
Truck968882,2225,2443,375,619,244
Truck968908,2777,2942,380,620,240
Truck969566,2943,2942,585,620,35
Truck968570,2684,1339,275,621,346
Truck968946,2225,2443,395,621,226
Truck968898,2225,2444,380,623,243
Truck968972,2777,2942,400,624,224
Truck967739,2776,1339,15,625,610
Truck968095,3119,2443,125,625,500
Truck968695,2683,2225,315,625,310
Truck969582,2943,2942,590,626,36
Truck967915,2776,0,70,627,557
Truck968981,2566,2444,405,627,222
Truck969648,0,1339,615,627,12
Truck968003,2443,3119,100,628,528
Truck967972,2444,2443,90,629,539
Truck968923,2776,2443,385,629,244
Truck969020,2777,2942,415,630,215
Truck968631,2683,2443,295,631,336
Truck969478,2567,2683,560,631,71
Truck968132,2444,2443,140,632,492
Truck969578,2684,2443,590,632,42
Truck969598,2943,2942,595,632,37
Truck969672,1339,0,620,632,12
Truck968047,3119,2443,110,633,523
Truck969456,0,2683,555,633,78
Truck967927,2683,2444,75,634,559
Truck968962,2225,2443,400,634,234
Truck967979,2776,0,90,635,545
Truck969511,2683,1339,570,635,65
Truck968019,2443,2444,105,636,531
Truck968022,2567,2776,105,636,531
Truck968822,2567,2443,355,636,281
Truck969614,2943,2942,600,636,36
Truck968429,2942,2443,230,637,407
Truck968988,2777,2942,405,637,232
Truck969140,2444,2566,455,637,182
Truck969495,2683,2567,565,637,72
Truck969680,0,1339,625,637,12
Truck968602,2684,2942,285,638,353
Truck968477,2942,2443,245,639,394
Truck968563,2443,2683,275,639,364
Truck968586,2684,2942,280,639,359
Truck968084,2444,2443,125,640,515
Truck968102,2567,2776,130,640,510
Truck967892,2444,2683,65,641,576
Truck967959,2683,2776,85,641,556
Truck968355,2443,2942,210,641,431
Truck969567,3119,2942,585,641,56
Truck969630,2943,2942,605,641,36
Truck967990,2567,2776,95,643,548
Truck968191,3119,2443,155,644,489
Truck968175,3119,2443,150,646,496
Truck968723,2443,1339,325,646,321
Truck969646,2943,2942,610,646,36
Truck968068,2444,2443,120,647,527
Truck968474,2684,2942,245,647,402
Truck968891,2776,2443,375,647,272
Truck969712,0,1339,635,647,12
Truck967860,2444,2443,55,648,593
Truck968426,2684,2683,230,648,418
Truck968969,2224,2942,400,648,248
Truck969100,2777,2942,440,648,208
Truck968886,2567,2225,375,649,274
Truck969619,2443,2684,605,649,44
Truck969626,2684,2443,605,649,44
Truck967690,2684,2224,0,650,650
Truck968947,2443,2225,395,651,256
Truck967963,2776,2683,85,652,567
Truck968180,2444,1339,155,652,497
Truck968259,2443,2942,180,652,472
Truck969662,2943,2942,615,652,37
Truck968800,0,2225,350,653,303
Truck969091,2443,2776,440,654,214
Truck969678,2943,2942,620,655,35
Truck968682,2684,2567,310,657,347
Truck968722,2225,2683,325,657,332
Truck967811,2443,2224,40,658,618
Truck968148,2444,2443,145,658,513
Truck968937,2224,2942,390,658,268
Truck968339,2443,2942,205,659,454
Truck968538,2684,3119,265,659,394
Truck969658,2684,2443,615,659,44
Truck968055,2683,2444,115,660,545
Truck968642,2225,2683,300,660,360
Truck969003,2776,2443,410,661,251
Truck969784,1339,2567,655,661,6
Truck968576,0,2684,280,662,382
Truck968595,2443,2942,285,663,378
Truck969645,2942,3119,610,664,54
Truck969674,2684,2443,620,664,44
Truck969710,2943,2942,630,665,35
Truck968207,3119,2443,160,666,506
Truck968228,2444,2443,170,666,496
Truck968925,2942,2224,385,666,281
Truck968955,2776,2443,395,667,272
Truck969036,2777,2942,420,667,247
Truck969084,2777,2943,435,667,232
Truck969099,2776,2443,440,667,227
Truck969114,2684,2776,445,667,222
Truck969800,1339,2567,660,667,7
Truck969164,2777,2942,460,668,208
Truck968196,2444,2443,160,670,510
Truck968634,2684,0,295,670,375
Truck969663,3119,2942,615,670,55
Truck969726,2943,2942,635,671,36
Truck968419,2443,2942,230,672,442
Truck969010,2225,2567,415,672,257
Truck969257,2224,3119,490,673,183
Truck968036,2444,2443,110,674,564
Truck968624,0,2684,295,674,379
Truck968994,2225,2443,410,677,267
Truck969052,2777,2942,425,677,252
Truck969148,2777,2942,455,677,222
Truck969622,2567,2683,605,677,72
Truck969742,2943,2942,640,677,37
Truck968888,1339,2443,375,678,303
Truck969715,2443,2684,635,678,43
Truck969004,2777,2942,410,679,269
Truck969212,2777,2942,475,679,204
Truck969722,2684,2443,635,680,45
Truck967991,2683,2776,95,681,586
Truck968637,2942,2443,295,681,386
Truck968784,0,2443,345,681,336
Truck969758,2943,2942,645,681,36
Truck968615,2683,2684,290,682,392
Truck968776,1339,2684,340,682,342
Truck969738,2684,2443,640,684,44
Truck969260,2777,2942,490,685,195
Truck969731,2443,2684,640,685,45
Truck969774,2943,2942,650,685,35
Truck968292,2444,2443,190,687,497
Truck968388,2444,2443,220,687,467
Truck969058,2225,2443,430,688,258
Truck967935,3119,2776,75,689,614
Truck968226,2225,2566,170,689,519
Truck968727,2683,2225,325,689,364
Truck969122,2225,2443,450,689,239
Truck969727,3119,2942,635,689,54
Truck969123,2443,2776,450,690,240
Truck969132,2777,2942,450,690,240
Truck969725,2942,3119,635,690,55
Truck969790,2943,2942,655,690,35
Truck968746,2684,2567,330,691,361
Truck968914,2225,2443,385,691,306
Truck968499,2443,3119,255,692,437
Truck968957,2942,2224,395,692,297
Truck969180,2777,2942,465,692,227
Truck967749,2566,2443,20,693,673
Truck969115,2776,2443,445,693,248
Truck969177,2224,2942,465,693,228
Truck968384,0,2444,220,694,474
Truck968483,2443,2942,250,694,444
Truck969116,2777,2942,445,694,249
Truck969147,2776,2443,455,694,239
Truck967701,2566,1339,5,695,690
Truck969704,1339,2683,630,695,65
Truck969806,2943,2942,660,695,35
Truck968573,2942,2443,275,696,421
Truck968835,2443,2567,360,696,336
Truck969106,2225,2443,445,696,251
Truck967802,2684,2224,35,697,662
Truck968123,2776,2942,135,697,562
Truck968276,2444,2443,185,698,513
Truck968303,3119,2443,190,698,508
Truck969245,2942,2777,485,698,213
Truck969300,2444,2566,505,698,193
Truck969786,2684,2443,655,698,43
Truck967728,0,2942,15,699,684
Truck969196,2777,2942,470,701,231
Truck968656,0,2684,305,702,397
Truck968730,2684,0,325,702,377
Truck969759,3119,2942,645,702,57
Truck967753,2224,2443,20,703,683
Truck968107,2776,2942,130,703,573
Truck969033,2224,2942,420,703,283
Truck969802,2684,2443,660,704,44
Truck967975,2683,2444,90,705,615
Truck969244,2777,2942,485,706,221
Truck969838,2943,2942,670,706,36
Truck968420,2444,2443,230,707,477
Truck968816,0,2443,355,708,353
Truck969131,2776,2443,450,708,258
Truck968511,3119,2443,255,709,454
Truck969719,2683,2567,635,709,74
Truck969791,3119,2942,655,709,54
Truck969854,2943,2942,675,710,35
Truck969120,0,2225,450,711,261
Truck968726,2567,2684,325,712,387
Truck968874,2684,1339,370,712,342
Truck969343,3119,2224,515,712,197
Truck967702,2567,2566,5,713,708
Truck968023,2683,2776,105,713,608
Truck969026,2225,2443,420,713,293
Truck969108,2444,2225,445,713,268
Truck967721,2224,2443,10,714,704
Truck969081,2224,2942,435,714,279
Truck968151,2683,2444,145,717,572
Truck968371,2443,3119,215,717,502
Truck969042,2225,2567,425,717,292
Truck969179,2776,2443,465,717,252
Truck969870,2943,2942,680,717,37
Truck969960,1339,2567,710,717,7
Truck968762,2684,2942,335,718,383
Truck969097,2224,2942,440,718,278
Truck967680,0,2942,0,719,719
Truck968447,3119,2443,235,719,484
Truck968621,2942,2443,290,719,429
Truck967845,2566,2443,50,720,670
Truck968308,2444,2443,195,720,525
Truck967929,2224,2684,75,721,646
Truck969422,2943,2777,540,721,181
Truck969886,2943,2942,685,721,36
Truck969292,2777,2942,500,722,222
Truck967797,2566,2443,35,723,688
Truck968666,2684,2942,305,723,418
Truck968739,2443,2942,330,723,393
Truck969154,2225,2444,460,723,263
Truck969866,2684,2443,680,723,43
Truck968128,0,2776,140,724,584
Truck969295,3119,2224,500,724,224
Truck969113,2224,2942,445,725,280
Truck969333,2566,2444,515,725,210
Truck967785,2224,2443,30,726,696
Truck969902,2943,2942,690,726,36
Truck968717,2942,2443,320,727,407
Truck969186,2225,2443,470,727,257
Truck969483,2776,2684,560,728,168
Truck969799,2683,1339,660,728,68
Truck967833,2224,2443,45,730,685
Truck968324,2444,0,200,730,530
Truck969423,3119,2224,540,730,190
Truck969918,2943,2942,695,730,35
Truck968547,2443,2444,270,731,461
Truck969307,2776,2443,505,731,226
Truck968212,2444,0,165,732,567
Truck969235,2443,2225,485,732,247
Truck969404,2777,2943,535,732,197
Truck968887,2683,2443,375,733,358
Truck969420,2777,2943,540,733,193
Truck969228,2777,2942,480,734,254
Truck969276,2777,2942,495,735,240
Truck969340,2777,2942,515,736,221
Truck969372,2777,2942,525,736,211
Truck969934,2943,2942,700,736,36
Truck969308,2777,2942,505,737,232
Truck969090,2225,2443,440,738,298
Truck969990,2567,0,720,738,18
Truck969914,2684,2443,695,739,44
Truck968203,2776,1339,160,740,580
Truck968810,2684,2683,350,740,390
Truck969484,2777,2943,560,740,180
Truck968842,2684,2942,360,741,381
Truck969950,2943,2942,705,741,36
Truck967719,2683,2942,10,742,732
Truck967765,2566,2443,25,742,717
Truck968283,2776,2942,185,742,557
Truck968415,3119,2443,225,742,517
Truck969324,2777,2942,510,742,232
Truck967709,2942,1339,5,743,738
Truck967830,2567,2566,45,743,698
Truck968069,2566,2443,120,743,623
Truck968235,2776,2567,170,743,573
Truck969074,2225,2567,435,743,308
Truck969346,2225,2443,520,743,223
Truck969250,2225,2443,490,744,254
Truck968890,2684,2942,375,745,370
Truck969388,2777,2942,530,745,215
Truck969901,2942,3119,690,745,55
Truck969923,2443,2684,700,745,45
Truck968963,2443,0,400,746,346
Truck969234,2225,2443,485,746,261
Truck969966,2943,2942,710,746,36
Truck967961,2224,2443,85,747,662
Truck968244,2444,2443,175,747,572
Truck968643,2443,2942,300,748,448
Truck969355,2776,2443,520,748,228
Truck969946,2684,2443,705,748,43
Truck968187,2776,2683,155,749,594
Truck968751,3119,2684,330,749,419
Truck969059,2443,2567,430,749,319
Truck969919,3119,2942,695,749,54
Truck967736,1339,2942,15,750,735
Truck969391,3119,2224,530,750,220
Truck968004,2444,2683,100,751,651
Truck968778,2684,2942,340,751,411
Truck969032,1339,2443,420,751,331
Truck969982,2943,2942,715,751,36
Truck968326,2567,2444,200,752,552
Truck968515,2443,3119,260,752,492
Truck968559,3119,2684,270,752,482
Truck968607,3119,2443,285,752,467
Truck969277,2942,2777,495,752,257
Truck969371,2776,2443,525,752,227
Truck970056,1339,0,740,752,12
Truck968043,2776,3119,110,753,643
Truck969241,2224,2942,485,753,268
Truck969264,0,2225,495,753,258
Truck969275,2776,2443,495,755,260
Truck969508,2444,2566,570,755,185
Truck969998,2943,2942,720,756,36
Truck967994,2684,2224,95,757,662
Truck969170,2225,2443,465,757,292
Truck969356,2777,2942,520,757,237
Truck969468,2777,2942,555,757,202
Truck969856,0,2683,680,758,78
Truck969403,2776,2443,535,759,224
Truck969493,2566,2444,565,759,194
Truck970048,0,2567,740,759,19
Truck967733,2566,2443,15,761,746
Truck969266,2225,2443,495,761,266
Truck969878,2567,2683,685,761,76
Truck969895,2683,2567,690,761,71
Truck970014,2943,2942,725,761,36
Truck968628,2444,2443,295,762,467
Truck968938,2684,2683,390,762,372
Truck969094,2567,2443,440,762,322
Truck969872,0,2683,685,762,77
Truck970088,1339,0,750,762,12
Truck968027,2776,3119,105,763,658
Truck968463,3119,2443,240,763,523
Truck969994,2684,2443,720,763,43
Truck967768,1339,2566,25,764,739
Truck967957,2566,2443,85,764,679
Truck969096,1339,2684,440,764,324
Truck969202,2225,2567,475,764,289
Truck968435,2443,3119,235,765,530
Truck968813,2942,2443,350,765,415
Truck969927,2683,1339,700,765,65
Truck968443,2776,1339,235,766,531
Truck968591,3119,2443,280,766,486
Truck970030,2943,2942,730,766,36
Truck967872,0,2566,60,767,707
Truck969111,2683,2443,445,767,322
Truck969289,2224,2942,500,768,268
Truck967877,2566,2443,60,769,709
Truck968374,2567,2776,215,769,554
Truck968381,2942,2776,215,769,554
Truck968701,2942,2443,315,769,454
Truck969983,3119,2942,715,769,54
Truck968301,2942,2776,190,770,580
Truck969410,2225,1339,540,771,231
Truck969218,2225,2444,480,772,292
Truck970046,2943,2942,735,772,37
Truck967941,2566,2443,80,773,693
Truck967808,0,2566,40,775,735
Truck969050,2684,1339,425,775,350
Truck968954,2684,0,395,776,381
Truck969282,2225,2443,500,776,276
Truck970062,2943,2942,740,776,36
Truck969378,2225,2444,530,777,247
Truck969047,2683,2443,425,778,353
Truck969236,2444,2225,485,778,293
Truck970042,2684,2443,735,778,43
Truck967776,0,2942,30,779,749
Truck968139,2776,3119,140,779,639
Truck968372,2444,2443,215,779,564
Truck968885,2566,2225,375,779,404
Truck969491,2443,2776,565,779,214
Truck967848,1339,2942,50,780,730
Truck969516,2777,2942,570,780,210
Truck970013,2942,3119,725,781,56
Truck968564,2444,2443,275,782,507
Truck970078,2943,2942,745,782,37
Truck969385,2224,2942,530,783,253
Truck969419,2776,2443,540,783,243
Truck969451,2776,2443,550,783,233
Truck968250,2684,2224,175,784,609
Truck968596,2444,2443,285,784,499
Truck968041,2224,2443,110,785,675
Truck968468,2444,1339,245,786,541
Truck969368,1339,2225,525,786,261
Truck969389,2942,2777,530,786,256
Truck969991,2683,1339,720,786,66
Truck967741,2942,2683,15,787,772
Truck968452,2444,2443,240,787,547
Truck968459,2776,2567,240,787,547
Truck969330,2225,2444,515,787,272
Truck967865,2224,2443,55,788,733
Truck968037,2566,2567,110,788,678
Truck968299,2776,0,190,788,598
Truck968989,2942,2443,405,788,383
Truck969128,1339,2443,450,788,338
Truck969974,2567,2683,715,788,73
Truck970074,2684,2443,745,788,43
Truck968376,1339,2776,215,789,574
Truck968395,2776,3119,220,789,569
Truck967893,2566,1339,65,790,725
Truck968899,2443,2942,380,790,410
Truck969171,2443,2567,465,790,325
Truck969379,2443,2225,530,790,260
Truck967925,2566,2443,75,791,716
Truck968584,1339,2444,280,791,511
Truck969332,2444,2225,515,791,276
Truck967759,3119,1339,20,792,772
Truck969459,2443,2776,555,792,237
Truck969518,2943,2777,570,792,222
Truck970110,2943,2942,755,792,37
Truck969500,2777,2942,565,793,228
Truck967781,2566,2683,30,794,764
Truck969452,2777,2942,550,794,244
Truck967999,3119,2776,95,795,700
Truck968548,2444,2443,270,795,525
Truck969535,3119,2224,575,795,220
Truck967894,2567,2942,65,796,731
Truck967936,0,2942,80,796,716
Truck969174,2567,2443,465,796,331
Truck970126,2943,2942,760,797,37
Truck970192,0,1339,785,797,12
Truck968404,2444,0,225,798,573
Truck969694,2943,2777,625,798,173
Truck968315,2776,2942,195,799,604
Truck968397,2942,2776,220,800,580
Truck968698,2684,3119,315,800,485
Truck968484,2444,2443,250,801,551
Truck968536,1339,2776,265,801,536
Truck970079,3119,2942,745,801,56
Truck970142,2943,2942,765,801,36
Truck969490,2225,2443,565,802,237
Truck970216,1339,0,790,802,12
Truck967913,2224,2443,70,803,733
Truck968045,2942,0,110,803,693
Truck969481,2224,2942,560,803,243
Truck968117,2566,2443,135,804,669
Truck969580,2777,2942,590,804,214
Truck967965,2942,1339,85,805,720
Truck968358,2567,2776,210,805,595
Truck969564,2777,2942,585,805,220
Truck970158,2943,2942,770,805,35
Truck968455,2683,2776,240,806,566
Truck969436,2777,2942,545,806,261
Truck967800,1339,3119,35,807,772
Truck968053,2566,2443,115,807,692
Truck968168,1339,2566,150,807,657
Truck969417,2224,2942,540,807,267
Truck969532,2777,2942,575,807,232
Truck969716,2444,2566,635,807,172
Truck967720,1339,3119,10,808,798
Truck967989,2566,2567,95,808,713
Truck969043,2443,0,425,808,383
Truck969302,2567,2443,505,808,303
Truck969469,2942,2224,555,808,253
Truck967807,3119,2567,35,809,774
Truck969426,2225,2443,545,810,265
Truck970111,3119,2942,755,810,55
Truck969620,2444,2566,605,811,206
Truck970174,2943,2942,775,811,36
Truck968411,2776,2942,225,812,587
Truck969203,2443,2567,475,812,337
Truck969353,2224,2942,520,812,292
Truck969442,2225,2443,550,812,262
Truck969635,2443,2776,610,812,202
Truck968675,2443,2444,310,813,503
Truck968845,2942,2443,360,813,453
Truck969627,2776,2443,605,813,208
Truck969104,0,2684,445,814,369
Truck969428,2444,2225,545,814,269
Truck969432,1339,2225,545,814,269
Truck967767,2683,2942,25,815,790
Truck967949,2942,2567,80,815,735
Truck968137,2224,2684,140,815,675
Truck968470,2567,2776,245,815,570
Truck969088,0,2684,440,815,375
Truck970190,2943,2942,780,815,35
Truck967824,0,2566,45,816,771
Truck967909,2566,2443,70,817,747
Truck967813,2566,0,40,818,778
Truck967960,1339,2942,85,818,733
Truck968550,2567,2776,270,818,548
Truck968767,3119,2443,335,818,483
Truck969139,2443,2683,455,818,363
Truck967973,2566,1339,90,819,729
Truck968021,2566,2443,105,819,714
Truck969474,2225,2443,560,819,259
Truck969554,2225,2567,585,819,234
Truck970170,2684,2443,775,819,44
Truck970246,2567,0,800,819,19
Truck968427,2776,2942,230,820,590
Truck968331,2776,2942,200,821,621
Truck969085,2942,2684,435,821,386
Truck968756,2444,2443,335,822,487
Truck969611,2776,2443,600,822,222
Truck968340,2444,2683,205,823,618
Truck968667,2776,0,305,823,518
Truck969501,2942,2224,565,823,258
Truck970071,2683,0,745,823,78
Truck967851,2776,2224,50,824,774
Truck968783,3119,2443,340,824,484
Truck968868,2444,2443,370,824,454
Truck969497,2224,2942,565,824,259
Truck969629,2942,2777,605,825,220
Truck970222,2943,2942,790,825,35
Truck970256,0,2567,805,825,20
Truck967904,0,2942,70,826,756
Truck969002,2684,2942,410,826,416
Truck968922,2684,3119,385,827,442
Truck969314,2225,0,510,827,317
Truck969430,2567,2225,545,827,282
Truck968029,2942,2567,105,828,723
Truck969644,2777,2942,610,828,218
Truck970087,2683,0,750,828,78
Truck967895,2683,2566,65,829,764
Truck968073,2224,2443,120,829,709
Truck968532,2444,0,265,829,564
Truck969458,2225,0,555,829,274
Truck969563,2776,2443,585,829,244
Truck970159,3119,2942,770,829,59
Truck969021,2942,2684,415,830,415
Truck969561,2224,2942,585,830,245
Truck968496,0,2776,255,831,576
Truck969683,2443,2776,625,831,206
Truck970238,2943,2942,795,831,36
Truck967743,3119,2683,15,832,817
Truck967839,3119,2567,45,832,787
Truck969515,2776,2443,570,833,263
Truck969628,2777,2942,605,833,228
Truck967766,2567,3119,25,834,809
Truck968979,2443,2942,405,834,429
Truck969075,2443,2942,435,834,399
Truck970189,2942,3119,780,834,54
Truck967792,0,2942,35,835,800
Truck967837,2942,2683,45,836,791
Truck969499,2776,2443,565,836,271
Truck970254,2943,2942,800,836,36
Truck968112,0,2942,135,837,702
Truck969522,2225,0,575,837,262
Truck969724,2777,2942,635,837,202
Truck968772,2444,1339,340,838,498
Truck968978,2225,2566,405,838,433
Truck969676,2777,2942,620,838,218
Truck969127,2683,2684,450,839,389
Truck970227,2443,2684,795,839,44
Truck970234,2684,2443,795,839,44
Truck968566,2567,2776,275,840,565
Truck969822,2943,2777,665,840,175
Truck969548,2777,2942,580,841,261
Truck969765,2566,2444,650,841,191
Truck970270,2943,2942,805,841,36
Truck969480,1339,2225,560,842,282
Truck970358,2567,1339,835,842,7
Truck969570,2225,2443,590,843,253
Truck970250,2684,2443,800,843,43
Truck968218,2684,2224,165,844,679
Truck969612,2777,2942,600,844,244
Truck970221,2942,3119,790,844,54
Truck967750,2567,3119,20,846,826
Truck969287,2683,2443,500,846,346
Truck970286,2943,2942,810,846,36
Truck969596,2777,2942,595,847,252
Truck970360,1339,0,835,847,12
Truck968005,2566,2443,100,848,748
Truck968943,3119,2443,390,848,458
Truck969772,2777,2942,650,848,198
Truck969618,2225,2443,605,849,244
Truck967911,2683,2942,70,850,780
Truck967933,2942,1339,75,850,775
Truck967939,2443,2566,80,850,770
Truck968715,2776,2567,320,850,530
Truck969037,2942,2443,420,850,430
Truck969691,2776,2443,625,850,225
Truck970302,2943,2942,815,850,35
Truck968973,2942,2443,400,851,451
Truck969781,2566,2444,655,851,196
Truck968900,2444,2443,380,852,472
Truck969109,2566,2225,445,852,407
Truck969210,2684,0,475,852,377
Truck968612,2444,2443,290,853,563
Truck969135,3119,2684,450,853,403
Truck969239,2683,2443,485,853,368
Truck969506,2225,2443,570,853,283
Truck968104,1339,2942,130,854,724
Truck969536,0,2225,580,854,274
Truck968836,2444,2443,360,855,495
Truck970282,2684,2443,810,855,45
Truck968057,2224,2443,115,856,741
Truck969659,2776,2443,615,856,241
Truck969708,2777,2942,630,856,226
Truck967984,0,2942,95,857,762
Truck969529,2224,2942,575,857,282
Truck967735,2683,2942,15,858,843
Truck968083,2443,2566,125,858,733
Truck968692,2444,2443,315,859,544
Truck970368,0,2567,840,859,19
Truck967855,3119,2567,50,860,810
Truck968500,2444,2443,255,860,605
Truck969098,2684,2942,440,860,420
Truck970334,2943,2942,825,860,35
Truck968740,2444,2443,330,861,531
Truck967928,1339,2942,75,862,787
Truck968201,2224,2443,160,862,702
Truck968580,2444,2443,280,863,583
Truck967910,2567,3119,70,864,794
Truck968724,2444,2443,325,864,539
Truck967863,2683,2942,55,865,810
Truck967967,3119,2567,85,865,780
Truck969577,2224,2942,590,865,275
Truck969602,2225,2443,600,865,265
Truck967791,3119,1339,30,866,836
Truck970285,2942,3119,810,866,56
Truck970440,1339,2567,860,866,6
Truck968125,2942,0,135,867,732
Truck969718,2567,2225,635,867,232
Truck970247,2683,1339,800,867,67
Truck970350,2943,2942,830,867,37
Truck968054,2567,2942,115,868,753
Truck968471,2683,2444,245,868,623
Truck967995,2776,2224,95,869,774
Truck969191,2683,2684,470,869,399
Truck968006,2567,2566,100,870,770
Truck970366,2943,2942,835,870,35
Truck968077,2942,0,120,871,751
Truck969386,2684,1339,530,871,341
Truck968712,1339,2444,320,873,553
Truck969069,2942,2443,430,873,443
Truck969740,2777,2942,640,873,233
Truck969692,2777,2942,625,874,249
Truck970319,3119,2942,820,874,54
Truck968479,3119,2776,245,876,631
Truck968728,1339,2776,325,876,551
Truck969660,2777,2942,615,876,261
Truck970382,2943,2942,840,876,36
Truck968895,3119,2443,375,877,502
Truck969788,2777,2942,655,877,222
Truck968708,2444,2443,320,878,558
Truck968838,2567,2444,360,878,518
Truck968916,2444,2443,385,879,494
Truck969849,2224,3119,675,879,204
Truck968291,2443,2224,190,880,690
Truck968651,2776,2567,300,880,580
Truck969787,2776,2443,655,880,225
Truck968197,2566,0,160,881,721
Truck969811,2443,2776,665,881,216
Truck970398,2943,2942,845,881,36
Truck968608,0,2776,290,882,592
Truck969178,2684,3119,465,882,417
Truck969240,1339,2684,485,882,397
Truck969634,2225,1339,610,882,272
Truck970378,2684,2443,840,882,42
Truck970486,2567,1339,875,882,7
Truck967815,2683,2566,40,883,843
Truck968539,2776,3119,265,883,618
Truck969555,2443,0,585,883,298
Truck969586,2225,2443,595,883,288
Truck969507,2443,1339,570,884,314
Truck969756,2777,2942,645,884,239
Truck968086,2567,2942,125,886,761
Truck968847,3119,2443,360,886,526
Truck968848,0,2444,365,887,522
Truck969398,2567,2684,535,887,352
Truck970414,2943,2942,850,887,37
Truck968103,2683,2942,130,888,758
Truck968541,2942,2776,265,888,623
Truck968763,2776,2567,335,888,553
Truck969714,2225,2443,635,888,253
Truck969874,2225,2443,685,888,203
Truck968133,2566,2443,140,889,749
Truck969443,2443,2567,550,889,339
Truck968071,2683,2942,120,890,770
Truck968537,2224,2443,265,890,625
Truck969117,2942,2443,445,890,445
Truck970430,2943,2942,855,890,35
Truck967687,2683,3119,0,891,891
Truck969804,2777,2942,660,891,231
Truck967867,2776,2224,55,892,837
Truck968699,2776,0,315,894,579
Truck969868,2777,2942,680,894,214
Truck970445,2942,2943,860,895,35
Truck967976,1339,3119,90,896,806
Truck969290,2684,2942,500,896,396
Truck969746,2225,2443,645,896,251
Truck969789,2942,2777,655,896,241
Truck970446,2943,2942,860,896,36
Truck968181,2566,2443,155,897,742
Truck969400,1339,2684,535,897,362
Truck969819,2776,2443,665,897,232
Truck969836,2777,2942,670,897,227
Truck967983,3119,0,90,898,808
Truck969766,2567,2225,650,898,248
Truck970426,2684,2443,855,898,43
Truck968587,2776,2942,280,899,619
Truck969543,2683,2225,580,899,319
Truck969730,2225,2443,640,899,259
Truck969835,2776,2443,670,899,229
Truck968421,2566,2567,230,901,671
Truck970462,2943,2942,865,901,36
Truck969028,2444,2443,420,902,482
Truck969768,1339,2225,650,902,252
Truck968184,1339,2942,155,903,748
Truck968293,2566,0,190,903,713
Truck968377,2224,2443,215,903,688
Truck968875,2776,2942,370,903,533
Truck968387,2443,2224,220,904,684
Truck969322,2684,2942,510,904,394
Truck969415,2683,2443,540,904,364
Truck968039,2683,2566,110,905,795
Truck968165,2566,2443,150,905,755
Truck969103,3119,2443,440,905,465
Truck969810,2225,2443,665,906,241
Truck970343,2683,0,830,906,76
Truck970478,2943,2942,870,906,36
Truck969881,2224,3119,685,907,222
Truck969869,2942,2777,680,908,228
Truck968230,2567,2566,170,909,739
Truck968265,2224,2443,180,909,729
Truck968959,3119,2443,395,909,514
Truck969373,2942,2684,525,909,384
Truck969721,2224,2942,635,909,274
Truck969948,2777,2942,705,909,204
Truck970458,2684,2443,865,909,44
Truck968333,2942,2567,200,910,710
Truck968618,2684,2224,290,910,620
Truck969820,2777,2942,665,910,245
Truck969933,2942,2777,700,910,210
Truck970494,2943,2942,875,910,35
Truck968015,3119,1339,100,911,811
Truck968173,2942,0,150,911,761
Truck968281,2224,2443,185,911,726
Truck969890,2225,2567,690,911,221
Truck968313,2224,2443,195,912,717
Truck968406,2567,2566,225,912,687
Truck968880,0,2444,375,912,537
Truck969666,2225,2443,620,912,292
Truck970560,0,1339,900,912,12
Truck968189,2942,0,155,913,758
Truck969092,2444,0,440,913,473
Truck968820,2444,2683,355,914,559
Truck968884,2444,2443,375,914,539
Truck969482,2684,2683,560,914,354
Truck968296,1339,2942,190,915,725
Truck969064,1339,2444,430,915,485
Truck967881,2224,2776,60,917,857
Truck969197,2942,2443,470,917,447
Truck969762,2225,2443,650,917,267
Truck970510,2943,2942,880,917,37
Truck968297,2224,2443,190,918,728
Truck969035,2776,2942,420,918,498
Truck969852,2777,2942,675,919,244
Truck970408,1339,2683,850,919,69
Truck970463,3119,2942,865,919,54
Truck969151,3119,2443,455,920,465
Truck968341,2566,2567,205,921,716
Truck969587,2443,2567,595,921,326
Truck969650,2225,2443,615,921,306
Truck969916,2777,2942,695,921,226
Truck970526,2943,2942,885,921,36
Truck968199,2683,2566,160,922,762
Truck968553,2224,2443,270,922,652
Truck969146,2684,3119,455,922,467
Truck969338,2684,2942,515,922,407
Truck969884,2777,2942,685,922,237
Truck968811,2776,2942,350,923,573
Truck969271,2683,2684,495,923,428
Truck969794,2225,2443,660,923,263
Truck970506,2684,2443,880,923,43
Truck969119,3119,2684,445,924,479
Truck969682,2225,2683,625,924,299
Truck969964,2777,2942,710,924,214
Truck969932,2777,2942,700,925,225
Truck970542,2943,2942,890,925,35
Truck968024,1339,2566,105,926,821
Truck968325,2566,2443,200,926,726
Truck968357,2566,2443,210,926,716
Truck969900,2777,2942,690,926,236
Truck970439,2683,1339,860,926,66
Truck968109,2942,1339,130,927,797
Truck968373,2566,2567,215,927,712
Truck968827,2776,2942,355,927,572
Truck968829,2942,2776,355,927,572
Truck968980,2444,2443,405,927,522
Truck969999,3119,2224,720,927,207
Truck968031,3119,1339,105,928,823
Truck970522,2684,2443,885,928,43
Truck969814,2567,2225,665,929,264
Truck968216,1339,3119,165,930,765
Truck968998,2567,2444,410,930,520
Truck969931,2776,2443,700,930,230
Truck970558,2943,2942,895,930,35
Truck968389,2566,2443,220,931,711
Truck969402,2684,2942,535,931,396
Truck968522,2684,2224,260,933,673
Truck969071,3119,2443,430,933,503
Truck969867,2776,2443,680,934,254
Truck968644,2444,2683,300,935,635
Truck969253,2566,2225,490,935,445
Truck969354,2684,2942,520,935,415
Truck969414,2567,2684,540,935,395
Truck969424,0,2684,545,935,390
Truck969842,2225,0,675,935,260
Truck968118,2567,2942,135,936,801
Truck968127,3119,1339,135,936,801
Truck968245,2566,2443,175,936,761
Truck969475,2443,2942,560,936,376
Truck970574,2943,2942,900,936,36
Truck968213,2566,0,165,937,772
Truck970630,2567,0,920,939,19
Truck970590,2943,2942,905,940,35
Truck969012,2444,2443,415,941,526
Truck969261,2942,2443,490,941,451
Truck969309,2942,2443,505,942,437
Truck968285,2942,1339,185,943,758
Truck968843,2776,2683,360,943,583
Truck969039,3119,2443,420,943,523
Truck970043,2776,2443,735,943,208
Truck970094,2943,2777,750,943,193
Truck970448,0,2683,865,943,78
Truck968964,2444,2443,400,944,544
Truck968676,2444,2683,310,945,635
Truck969155,2443,3119,460,945,485
Truck969434,2684,3119,545,945,400
Truck970606,2943,2942,910,945,35
Truck969331,2443,2942,515,946,431
Truck969778,2225,2567,655,946,291
Truck969124,2444,2443,450,947,497
Truck969970,2225,2443,715,947,232
Truck968312,1339,2942,195,948,753
Truck969347,2443,2942,520,948,428
Truck968205,2942,0,160,949,789
Truck970315,2776,2684,820,949,129
Truck969450,2684,2942,550,950,400
Truck968264,1339,2942,180,951,771
Truck969986,2225,2443,720,951,231
Truck970622,2943,2942,915,951,36
Truck968237,2942,2683,170,952,782
Truck969594,2684,2683,595,952,357
Truck970060,2777,2942,740,952,212
Truck970696,1339,0,940,952,12
Truck968079,3119,2567,120,953,833
Truck968996,2444,2567,410,953,543
Truck970044,2777,2942,735,953,218
Truck968725,2566,2443,325,954,629
Truck969076,2444,2443,435,954,519
Truck969546,2684,2942,580,954,374
Truck970672,0,2567,935,954,19
Truck968277,2566,2443,185,955,770
Truck970638,2943,2942,920,956,36
Truck968075,2776,2224,120,957,837
Truck968517,2566,2443,260,957,697
Truck969199,3119,2443,470,957,487
Truck969263,3119,2684,490,957,467
Truck970618,2684,2443,915,957,42
Truck968072,1339,3119,120,958,838
Truck968271,3119,1339,180,959,779
Truck968549,2566,2443,270,959,689
Truck968928,0,2444,390,959,569
Truck968968,1339,2444,400,959,559
Truck969437,2942,2443,545,959,414
Truck969640,1339,2684,610,959,349
Truck970105,2224,3119,755,959,204
Truck968167,2683,2942,150,960,810
Truck969044,2444,2443,425,960,535
Truck970267,2776,2684,805,960,155
Truck970591,3119,2942,905,960,55
Truck970101,2566,2444,755,961,206
Truck970634,2684,2443,920,962,42
Truck970720,0,1339,950,962,12
Truck969846,2567,2225,675,963,288
Truck969980,2777,2942,715,963,248
Truck970704,0,2567,945,963,18
Truck969922,2225,2443,700,964,264
Truck968359,2683,2942,210,965,755
Truck969575,2683,2443,590,965,375
Truck970092,2777,2943,750,965,215
Truck970124,2777,2942,760,965,205
Truck970670,2943,2942,930,965,35
Truck969763,2443,1339,650,966,316
Truck969944,1339,2225,705,966,261
Truck970535,2683,0,890,966,76
Truck968141,2942,2683,140,967,827
Truck969083,2776,1339,435,967,532
Truck968432,0,2566,235,968,733
Truck969938,2225,2443,705,968,263
Truck970643,2443,2684,925,968,43
Truck968521,2224,2443,260,969,709
Truck969945,2224,2942,705,969,264
Truck970621,2942,3119,915,969,54
Truck970028,2777,2942,730,970,240
Truck970623,3119,2942,915,970,55
Truck970650,2684,2443,925,970,45
Truck968939,2776,2942,390,971,581
Truck968950,2567,2776,395,971,576
Truck969394,2225,2566,535,971,436
Truck970686,2943,2942,935,971,36
Truck968246,2567,2942,175,972,797
Truck968518,2567,2942,260,973,713
Truck968665,2224,2443,305,973,668
Truck968971,2776,2683,400,973,573
Truck970736,0,2567,955,973,18
Truck968422,2567,2942,230,974,744
Truck969698,2225,2683,630,974,344
Truck970659,2443,2684,930,974,44
Truck969215,3119,2443,475,975,500
Truck970050,2225,2443,740,975,235
Truck968150,2567,3119,145,976,831
Truck969795,2443,0,660,976,316
Truck970702,2943,2942,940,976,36
Truck968486,2567,2566,250,977,727
Truck968761,2224,2684,335,977,642
Truck970600,1339,2683,910,977,67
Truck969453,2942,2443,550,978,428
Truck969530,2684,2942,575,978,403
Truck969706,2684,2567,630,978,348
Truck970002,2225,1339,725,978,253
Truck970149,2566,2444,770,978,208
Truck970682,2684,2443,935,978,43
Truck969136,0,2444,455,979,524
Truck969514,2684,2683,570,979,409
Truck969996,2777,2942,720,979,259
Truck970100,2444,2566,755,979,224
Truck970582,2567,2683,905,979,74
Truck970752,0,2567,960,979,19
Truck970655,3119,2942,925,981,56
Truck970718,2943,2942,945,981,36
Truck968987,2776,2942,405,982,577
Truck970206,2943,2777,785,982,197
Truck970784,0,1339,970,982,12
Truck968149,2566,2683,145,983,838
Truck968215,2683,2942,165,983,818
Truck968248,1339,3119,175,983,808
Truck968617,2224,2443,290,983,693
Truck968327,2683,2566,200,984,784
Truck970123,2776,2443,760,984,224
Truck967688,1339,2224,0,985,985
Truck968405,2566,2443,225,985,760
Truck968231,2683,3119,170,986,816
Truck970084,2444,2225,750,986,236
Truck970139,2776,2443,765,986,221
Truck970163,2443,2776,775,986,211
Truck970631,2683,1339,920,986,66
Truck970671,3119,2942,930,986,56
Truck969562,2684,2942,585,987,402
Truck969954,2225,2443,710,987,277
Truck970734,2943,2942,950,987,37
Truck968278,2567,2942,185,988,803
Truck969608,1339,2684,600,988,388
Truck970171,2776,2443,775,988,213
Truck970790,2567,0,970,988,18
Truck967689,2224,0,0,989,989
Truck968438,2567,2942,235,989,754
Truck968453,2566,2443,240,989,749
Truck968461,2942,0,240,989,749
Truck969906,2225,2443,695,989,294
Truck970714,2684,2443,945,989,44
Truck968416,0,2566,230,990,760
Truck968454,2567,2942,240,990,750
Truck968493,2942,0,250,990,740
Truck968999,2683,2444,410,990,580
Truck969616,0,2684,605,990,385
Truck968605,2942,1339,285,991,706
Truck968613,2566,1339,290,991,701
Truck969110,2567,2444,445,991,546
Truck970750,2943,2942,955,991,36
Truck968581,2566,2443,280,992,712
Truck969798,2567,2684,660,992,332
Truck970012,2777,2942,725,992,267
Truck970131,2443,2225,765,992,227
Truck968531,2443,2566,265,993,728
Truck969051,2776,2942,425,993,568
Truck970066,2225,2567,745,993,248
Truck968441,2224,2443,235,994,759
Truck969252,2444,1339,490,994,504
Truck970188,2777,2942,780,994,214
Truck968343,2683,2942,205,995,790
Truck968392,1339,2942,220,995,775
Truck969211,2776,1339,475,995,520
Truck970076,2777,2942,745,995,250
Truck970766,2943,2942,960,995,35
Truck969188,2444,1339,470,996,526
Truck970268,2777,2943,805,996,191
Truck969843,2443,2567,675,997,322
Truck970045,2942,2224,735,997,262
Truck970856,1339,2567,990,997,7
Truck968485,2566,1339,250,998,748
Truck968691,2443,2566,315,998,683
Truck969224,1339,2444,480,998,518
Truck969642,2684,2942,610,998,388
Truck970140,2777,2942,765,998,233
Truck970040,1339,2225,735,999,264
Truck970204,2777,2942,785,999,214
Truck969827,2443,2567,670,1000,330
Truck970260,2444,2566,805,1000,195
Truck970782,2943,2942,965,1000,35
Truck970822,2567,0,980,1000,20
Truck970872,1339,2567,995,1001,6
Truck968208,0,3119,165,1003,838
Truck968678,2567,2942,310,1003,693
Truck968697,2224,2684,315,1003,688
Truck968826,2684,2224,355,1003,648
Truck970680,1339,2683,935,1003,68
Truck969187,2443,2444,470,1004,534
Truck970107,2776,2443,755,1004,249
Truck968309,2566,0,195,1006,811
Truck968423,2683,2566,230,1006,776
Truck969268,2444,2567,495,1006,511
Truck970735,3119,2942,950,1006,56
Truck970798,2943,2942,970,1006,36
Truck970108,2777,2942,755,1007,252
Truck970864,0,1339,995,1007,12
Truck970886,2567,1339,1000,1007,7
Truck969880,1339,2443,685,1008,323
Truck970265,2224,3119,805,1008,203
Truck968597,2566,2683,285,1009,724
Truck969411,2443,2942,540,1009,469
Truck969693,2942,2443,625,1009,384
Truck970300,2777,2942,815,1010,195
Truck968437,2566,2683,235,1011,776
Truck969220,2444,1339,480,1011,531
Truck969485,2942,2443,560,1011,451
Truck970091,2776,2443,750,1011,261
Truck970814,2943,2942,975,1011,36
Truck968911,3119,2776,380,1012,632
Truck970219,2776,2443,790,1012,222
Truck970751,3119,2942,955,1012,57
Truck969195,2776,2942,470,1013,543
Truck969517,2942,2443,570,1013,443
Truck969079,2683,2776,435,1014,579
Truck970299,2776,2684,815,1014,199
Truck970794,2684,2443,970,1014,44
Truck969304,1339,2444,505,1015,510
Truck968487,2683,2942,250,1016,766
Truck969284,2444,2443,500,1016,516
Truck969610,2684,2683,600,1016,416
Truck969687,2683,2684,625,1016,391
Truck970235,2776,2443,795,1016,221
Truck970830,2943,2942,980,1016,36
Truck970016,0,2225,730,1017,287
Truck970156,2777,2942,770,1017,247
Truck969767,2683,2443,650,1018,368
Truck970332,2777,2942,825,1018,193
Truck970810,2684,2443,975,1018,43
Truck969976,1339,2443,715,1019,304
Truck968525,2942,2567,260,1020,760
Truck969888,0,2225,690,1020,330
Truck970146,2225,2443,770,1020,250
Truck970846,2943,2942,985,1020,35
Truck968408,1339,2942,225,1021,796
Truck969362,2225,2566,525,1021,496
Truck969152,0,2776,460,1022,562
Truck969818,2684,1339,665,1022,357
Truck970203,2776,2443,785,1022,237
Truck970826,2684,2443,980,1022,42
Truck967801,2224,1339,35,1024,989
Truck968533,2566,0,265,1024,759
Truck970356,2444,2566,835,1024,189
Truck968304,0,3119,195,1025,830
Truck969272,1339,2776,495,1025,530
Truck969581,2942,2443,590,1025,435
Truck970862,2943,2942,990,1025,35
Truck969316,2444,2443,510,1026,516
Truck970274,2225,2443,810,1026,216
Truck970452,2444,2566,865,1026,161
Truck970952,1339,2567,1020,1026,6
Truck968502,2567,2566,255,1027,772
Truck969222,2567,2444,480,1027,547
Truck970318,2943,2777,820,1027,207
Truck968729,2224,2443,325,1028,703
Truck968585,2224,2443,280,1030,750
Truck970000,0,2443,725,1030,305
Truck970098,2225,2443,755,1030,275
Truck970172,2777,2942,775,1030,255
Truck970842,2684,2443,985,1030,45
Truck970878,2943,2942,995,1030,35
Truck969750,2567,2684,645,1031,386
Truck969834,2684,2942,670,1031,361
Truck969864,1339,2684,680,1032,352
Truck969911,2683,2225,695,1032,337
Truck970137,2224,2942,765,1032,267
Truck968948,2444,2683,395,1033,638
Truck968431,3119,1339,230,1034,804
Truck968599,2683,2942,285,1034,749
Truck970252,2777,2942,800,1034,234
Truck968544,0,2942,270,1035,765
Truck968552,1339,2942,270,1035,765
Truck968709,2566,2443,320,1035,715
Truck968711,2683,2942,320,1035,715
Truck969280,0,2444,500,1035,535
Truck969735,2683,2684,640,1035,395
Truck970220,2777,2942,790,1035,245
Truck970251,2776,2443,800,1035,235
Truck970331,2776,2684,825,1035,210
Truck968920,1339,2566,385,1036,651
Truck970380,2777,2942,840,1036,196
Truck970893,2942,2943,1000,1036,36
Truck970894,2943,2942,1000,1036,36
Truck968169,2224,2776,150,1037,887
Truck969891,2443,1339,690,1037,347
Truck970018,2225,2683,730,1037,307
Truck969943,2683,2225,705,1038,333
Truck969375,3119,2443,525,1039,514
Truck969754,2684,0,645,1039,394
Truck968901,2566,0,380,1040,660
Truck969133,2942,2776,450,1040,590
Truck970120,1339,2225,760,1040,280
Truck969439,3119,2443,545,1041,496
Truck969667,2443,2942,620,1041,421
Truck969770,2684,2683,650,1041,391
Truck970242,2225,2443,800,1041,241
Truck970910,2943,2942,1005,1041,36
Truck968765,2942,1339,335,1042,707
Truck969734,2567,2684,640,1042,402
Truck970114,2225,1339,760,1042,282
Truck968528,0,2942,265,1043,778
Truck969955,2443,2567,710,1043,333
Truck970347,2776,2443,830,1043,213
Truck969476,2444,2443,560,1044,484
Truck969831,2683,2443,670,1044,374
Truck970284,2777,2942,810,1044,234
Truck970861,2942,3119,990,1044,54
Truck970883,2443,2684,1000,1044,44
Truck970890,2684,2443,1000,1044,44
Truck968672,0,2942,310,1045,735
Truck968742,2567,2566,330,1045,715
Truck970363,2776,2443,835,1045,210
Truck968255,3119,2567,175,1046,871
Truck968567,2683,2566,275,1046,771
Truck969126,2567,2444,450,1046,596
Truck969850,2684,2942,675,1046,371
Truck968685,2942,0,310,1047,737
Truck969291,2776,2683,500,1047,547
Truck969599,3119,2443,595,1047,452
Truck969613,2942,2443,600,1047,447
Truck970144,0,2225,770,1047,277
Truck970926,2943,2942,1010,1047,37
Truck968632,1339,2942,295,1048,753
Truck969487,3119,2443,560,1048,488
Truck969930,2684,2567,700,1048,348
Truck969551,3119,2443,580,1049,469
Truck969163,2776,1339,460,1050,590
Truck970130,2225,0,765,1050,285
Truck970982,2567,0,1030,1050,20
Truck967816,1339,2224,40,1051,1011
Truck969387,2776,1339,530,1051,521
Truck969647,3119,2684,610,1051,441
Truck970301,2942,2777,815,1051,236
Truck968997,2566,2443,410,1052,642
Truck970354,2225,2443,835,1052,217
Truck968575,3119,1339,275,1053,778
Truck969661,2942,2443,615,1053,438
Truck970281,2224,2942,810,1053,243
Truck970427,2776,2443,855,1053,198
Truck969837,2942,2443,670,1054,384
Truck970236,2777,2942,795,1054,259
Truck970479,3119,2224,870,1054,184
Truck967849,2224,1339,50,1055,1005
Truck968551,2683,2942,270,1055,785
Truck969910,2567,2443,695,1055,360
Truck970457,2224,3119,865,1055,190
Truck970922,2684,2443,1010,1055,45
Truck968744,1339,2942,330,1056,726
Truck968840,1339,2566,360,1056,696
Truck969296,0,2444,505,1056,551
Truck969572,2444,2567,590,1056,466
Truck969971,2443,1339,715,1056,341
Truck970185,2224,2942,780,1056,276
Truck970958,2943,2942,1020,1056,36
Truck969243,2776,2942,485,1057,572
Truck970412,2777,2942,850,1057,207
Truck967784,1339,2224,30,1058,1028
Truck968681,2224,2443,310,1058,748
Truck970428,2777,2942,855,1058,203
Truck970258,2225,2443,805,1059,254
Truck968745,2224,2443,330,1060,730
Truck968704,0,2942,320,1061,741
Truck969181,2942,2776,465,1061,596
Truck970974,2943,2942,1025,1061,36
Truck968854,2567,2942,365,1062,697
Truck969204,2444,2443,475,1062,587
Truck969348,2444,2443,520,1062,542
Truck968583,2683,2942,280,1063,783
Truck968741,2566,1339,330,1063,733
Truck969709,2942,2443,630,1064,434
Truck970178,2225,2567,780,1064,284
Truck970194,2225,2443,785,1064,279
Truck968693,2566,2683,315,1066,751
Truck969863,2683,2225,680,1066,386
Truck970990,2943,2942,1030,1066,36
Truck968623,3119,2683,290,1067,777
Truck970473,2224,3119,870,1067,197
Truck971080,1339,2567,1060,1067,7
Truck968837,2566,2443,360,1068,708
Truck969077,2566,2443,435,1068,633
Truck969259,2776,2942,490,1068,578
Truck970396,2777,2942,845,1068,223
Truck970411,2776,2443,850,1068,218
Truck970507,2776,2443,880,1068,188
Truck967920,0,2224,75,1069,994
Truck968501,2566,2443,255,1069,814
Truck969256,1339,2444,490,1069,579
Truck971040,0,2567,1050,1069,19
Truck968787,2443,2566,345,1070,725
Truck970442,2684,2776,860,1070,210
Truck969882,2684,2683,685,1071,386
Truck970210,2225,2444,790,1071,281
Truck968335,3119,2683,200,1072,872
Truck969510,2567,2444,570,1072,502
Truck971006,2943,2942,1035,1072,37
Truck968912,0,2566,385,1073,688
Truck970201,2224,2942,785,1073,288
Truck968671,3119,0,305,1074,769
Truck969019,2776,2942,415,1074,659
Truck970306,2225,2443,820,1074,254
Truck969319,2683,2444,510,1075,565
Truck970083,2443,2567,750,1075,325
Truck970326,2567,2225,825,1075,250
Truck970460,2777,2942,865,1075,210
Truck970986,2684,2443,1030,1075,45
Truck968768,0,2566,340,1077,737
Truck968857,2224,2443,365,1077,712
Truck971022,2943,2942,1040,1077,37
Truck968669,2942,0,305,1078,773
Truck969492,2444,2567,565,1078,513
Truck970290,2225,2443,815,1078,263
Truck971037,2942,2943,1045,1079,34
Truck968655,3119,2683,300,1080,780
Truck969339,2776,1339,515,1080,565
Truck970348,2777,2942,830,1080,250
Truck970355,2443,2776,835,1081,246
Truck971038,2943,2942,1045,1081,36
Truck970034,2225,2683,735,1082,347
Truck970080,0,2443,750,1082,332
Truck970604,2777,2943,910,1082,172
Truck968543,3119,2683,265,1084,819
Truck968808,1339,2942,350,1085,735
Truck969571,2443,2444,590,1085,495
Truck970386,2225,2443,845,1085,240
Truck968619,2776,2224,290,1086,796
Truck968773,2566,2443,340,1086,746
Truck968915,2443,2224,385,1086,701
Truck969416,1339,2776,540,1086,546
Truck969503,3119,2443,565,1086,521
Truck970951,2683,1339,1020,1086,66
Truck971054,2943,2942,1050,1086,36
Truck968872,1339,2942,370,1087,717
Truck969227,2776,2942,480,1087,607
Truck969396,2444,2443,535,1087,552
Truck970989,2942,3119,1030,1087,57
Truck967737,2224,1339,15,1088,1073
Truck968663,2683,2942,305,1088,783
Truck969524,2444,2443,575,1088,513
Truck969539,2443,2444,580,1088,508
Truck970249,2224,2942,800,1088,288
Truck970919,2683,0,1010,1088,78
Truck970338,2225,1339,830,1089,259
Truck968439,2683,2566,235,1090,855
Truck968986,2684,2224,405,1090,685
Truck970099,2443,1339,755,1090,335
Truck968869,2566,2443,370,1091,721
Truck969364,2444,2683,525,1091,566
Truck971070,2943,2942,1055,1091,36
Truck968985,2224,2684,405,1092,687
Truck970476,2777,2942,870,1092,222
Truck971136,0,1339,1080,1092,12
Truck969001,2224,2443,410,1093,683
Truck969631,3119,2443,605,1093,488
Truck970316,2777,2942,820,1093,273
Truck970364,2777,2942,835,1093,258
Truck971023,3119,2942,1040,1094,54
Truck968509,2942,2683,255,1095,840
Truck970524,2777,2942,885,1095,210
Truck969556,2444,2443,585,1096,511
Truck970322,2225,1339,825,1096,271
Truck970983,2683,1339,1030,1096,66
Truck971050,2684,2443,1050,1096,46
Truck969392,0,2776,535,1097,562
Truck970984,1339,2683,1030,1097,67
Truck971086,2943,2942,1060,1097,37
Truck971152,0,1339,1085,1097,12
Truck969576,1339,2444,590,1098,508
Truck970508,2777,2942,880,1098,218
Truck970540,2777,2942,890,1098,208
Truck968933,2566,2443,390,1099,709
Truck969821,2942,2684,665,1099,434
Truck968351,3119,2683,205,1100,895
Truck969544,1339,2444,580,1100,520
Truck970425,2224,2942,855,1100,245
Truck971102,2943,2942,1065,1100,35
Truck967817,2224,2683,40,1101,1061
Truck970393,2224,2942,845,1101,256
Truck968803,2443,2224,350,1102,752
Truck968953,2224,2443,395,1102,707
Truck969444,2444,2443,550,1102,552
Truck969668,2444,2567,620,1102,482
Truck969460,2444,2443,555,1103,548
Truck970668,2777,2943,930,1103,173
Truck967705,2224,1339,5,1104,1099
Truck969975,2683,2684,715,1104,389
Truck970162,2225,2683,775,1104,329
Truck968806,2567,2942,350,1105,755
Truck970090,2684,1339,750,1105,355
Truck971082,2684,2443,1060,1105,45
Truck971118,2943,2942,1070,1106,36
Truck971184,0,1339,1095,1107,12
Truck968903,2683,2942,380,1108,728
Truck970444,2777,2942,860,1108,248
Truck970511,3119,2224,880,1108,228
Truck970651,2776,2684,925,1108,183
Truck971098,2684,2443,1065,1108,43
Truck970224,0,2443,795,1109,314
Truck970003,2443,2683,725,1111,386
Truck970588,2777,2942,905,1111,206
Truck971134,2943,2942,1075,1111,36
Truck968379,2776,2224,215,1112,897
Truck969421,2942,2776,540,1112,572
Truck969853,2942,2443,675,1112,437
Truck970492,2777,2942,875,1112,237
Truck971114,2684,2443,1070,1112,42
Truck968824,1339,2942,355,1113,758
Truck970179,2443,1339,780,1113,333
Truck971222,2567,1339,1105,1113,8
Truck968661,2566,2683,305,1114,809
Truck968861,2942,0,365,1114,749
Truck968917,2566,2443,385,1114,729
Truck969412,2444,2683,540,1114,574
Truck969560,1339,2776,585,1114,529
Truck968883,2443,2566,375,1115,740
Truck969017,2224,2443,415,1115,700
Truck969747,2443,3119,645,1115,470
Truck971150,2943,2942,1080,1115,35
Truck969173,2566,2443,465,1116,651
Truck970434,2225,2444,860,1116,256
Truck971240,1339,2567,1110,1116,6
Truck969615,3119,2443,600,1117,517
Truck970379,2776,2443,840,1117,277
Truck968743,2683,3119,330,1118,788
Truck968873,2224,2443,370,1118,748
Truck968934,2567,2942,390,1118,728
Truck969011,2443,2566,415,1118,703
Truck968825,2224,2443,355,1119,764
Truck969156,2444,2683,460,1119,659
Truck969885,2942,2443,685,1119,434
Truck970058,2684,2567,740,1119,379
Truck970424,1339,2225,855,1119,264
Truck971064,1339,2683,1055,1119,64
Truck970587,2776,2443,905,1120,215
Truck971166,2943,2942,1085,1120,35
Truck969080,1339,2566,435,1121,686
Truck969875,2443,2942,685,1121,436
Truck969959,2683,2684,710,1121,411
Truck969967,3119,2684,710,1121,411
Truck971031,2683,0,1045,1121,76
Truck968855,2683,2942,365,1122,757
Truck970402,2225,2443,850,1122,272
Truck970573,2942,2777,900,1122,222
Truck971232,0,1339,1110,1122,12
Truck969978,2684,2683,715,1123,408
Truck970556,2777,2942,895,1123,228
Truck968757,2566,2683,335,1124,789
Truck969045,2566,1339,425,1124,699
Truck969162,2684,2224,460,1124,664
Truck969962,2684,2683,710,1124,414
Truck970026,2684,2942,730,1124,394
Truck971182,2943,2942,1090,1125,35
Truck968893,2942,0,375,1126,751
Truck969579,2776,2942,590,1126,536
Truck971272,1339,2567,1120,1126,6
Truck968640,0,3119,300,1127,827
Truck968688,0,2942,315,1127,812
Truck970138,2684,2942,765,1127,362
Truck968821,2566,2443,355,1129,774
Truck969462,2567,2776,555,1129,574
Truck969008,0,2566,415,1130,715
Truck969858,2225,2566,680,1130,450
Truck970211,2443,1339,790,1130,340
Truck970620,2777,2942,915,1130,215
Truck970459,2776,2443,865,1131,266
Truck970654,2943,2777,925,1131,206
Truck971198,2943,2942,1095,1131,36
Truck968687,3119,1339,310,1132,822
Truck970482,2225,2443,875,1132,257
Truck969258,2684,2224,490,1133,643
Truck969533,2942,2776,575,1133,558
Truck969695,3119,2443,625,1133,508
Truck970498,2225,2443,880,1133,253
Truck971135,3119,2942,1075,1133,58
Truck971056,0,2683,1055,1134,79
Truck968182,2567,2224,155,1135,980
Truck969743,3119,2443,640,1135,495
Truck970336,0,2443,830,1135,305
Truck971178,2684,2443,1090,1135,45
Truck971214,2943,2942,1100,1135,35
Truck968775,2683,2942,340,1136,796
Truck968871,2683,2942,370,1138,768
Truck969192,1339,2566,470,1138,668
Truck970263,2683,2443,805,1138,333
Truck971072,0,2683,1060,1138,78
Truck971264,0,2567,1120,1139,19
Truck969049,2224,2443,425,1140,715
Truck969336,1339,2776,515,1140,625
Truck969855,3119,2443,675,1140,465
Truck970199,2683,2443,785,1140,355
Truck970699,2776,2443,940,1140,200
Truck971230,2943,2942,1105,1140,35
Truck968949,2566,0,395,1141,746
Truck968856,1339,3119,365,1142,777
Truck970023,2683,2684,730,1142,412
Truck970667,2776,2443,930,1142,212
Truck971128,1339,2683,1075,1142,67
Truck969205,2566,2443,475,1143,668
Truck971110,2567,2683,1070,1143,73
Truck970732,2777,2942,950,1144,194
Truck971111,2683,2567,1070,1144,74
Truck968645,2566,2683,300,1145,845
Truck970530,2225,2443,890,1145,255
Truck970572,2777,2942,900,1145,245
Truck967879,2683,2224,60,1146,1086
Truck969949,2942,2443,705,1146,441
Truck970312,1339,2443,820,1146,326
Truck970635,2776,2443,920,1146,226
Truck968649,2224,2776,300,1147,847
Truck968965,2566,2443,400,1147,747
Truck969161,2224,2443,460,1147,687
Truck969748,2444,1339,645,1147,502
Truck970154,2684,1339,770,1147,377
Truck970690,2225,2444,940,1147,207
Truck971246,2943,2942,1110,1147,37
Truck970585,2224,2942,905,1148,243
Truck968240,0,2224,175,1149,974
Truck969072,0,2942,435,1149,714
Truck967912,1339,2224,70,1150,1080
Truck968919,2683,2942,385,1150,765
Truck970183,2683,2225,780,1150,370
Truck970370,2225,0,840,1150,310
Truck969467,2776,2942,555,1151,596
Truck970135,2683,2684,765,1151,386
Truck971262,2943,2942,1115,1151,36
Truck971352,1339,2567,1145,1151,6
Truck971197,2942,3119,1095,1152,57
Truck969061,2566,2443,430,1153,723
Truck969907,2443,2942,695,1153,458
Truck970548,2444,2225,895,1153,258
Truck971120,0,2683,1075,1153,78
Truck971350,2567,1339,1145,1153,8
Truck968853,2566,2683,365,1154,789
Truck969435,2776,2942,545,1155,610
Truck969684,2444,0,625,1155,530
Truck969700,2444,1339,630,1155,525
Truck970237,2942,2684,795,1155,360
Truck971215,3119,2942,1100,1155,55
Truck969755,2776,0,645,1156,511
Truck970106,2684,2683,755,1156,401
Truck970636,2777,2942,920,1156,236
Truck970700,2777,2942,940,1156,216
Truck971278,2943,2942,1120,1156,36
Truck970466,2225,2443,870,1157,287
Truck968677,2566,2683,310,1158,848
Truck970269,2942,2684,805,1158,353
Truck971258,2684,2443,1115,1158,43
Truck969399,2683,2444,535,1159,624
Truck969707,2776,1339,630,1159,529
Truck969274,2684,2224,495,1160,665
Truck969780,2444,1339,655,1160,505
Truck969935,3119,2443,700,1160,460
Truck971294,2943,2942,1125,1160,35
Truck969225,2224,2443,480,1161,681
Truck970578,2225,1339,905,1161,256
Truck971192,1339,2683,1095,1161,66
Truck970416,0,2443,855,1162,307
Truck970610,2225,2443,915,1162,247
Truck970796,2777,2942,970,1162,192
Truck968952,1339,2942,395,1163,768
Truck969305,2224,2443,505,1164,659
Truck971274,2684,2443,1120,1164,44
Truck971310,2943,2942,1130,1165,35
Truck968680,1339,3119,310,1166,856
Truck969285,2566,1339,500,1166,666
Truck968966,2567,2942,400,1168,768
Truck969321,2224,2443,510,1168,658
Truck970683,2776,2443,935,1168,233
Truck970804,2444,2566,975,1168,193
Truck971190,2567,2683,1095,1168,73
Truck969193,2224,2443,470,1169,699
Truck970859,2776,2443,990,1169,179
Truck969723,2776,2683,635,1170,535
Truck969844,2444,2443,675,1170,495
Truck970125,2942,2684,760,1170,410
Truck970278,2567,2684,810,1170,360
Truck971326,2943,2942,1135,1170,35
Truck968176,0,2224,155,1171,1016
Truck969267,2443,2566,495,1171,676
Truck969540,2444,2443,580,1171,591
Truck969862,2567,2444,680,1171,491
Truck968791,2683,2566,345,1172,827
Truck969675,2776,1339,620,1172,552
Truck969987,2443,2942,720,1173,453
Truck970432,0,2225,860,1173,313
Truck970594,2225,1339,910,1173,263
Truck969101,2942,2567,440,1174,734
Truck969216,0,2566,480,1174,694
Truck969337,2224,2443,515,1174,659
Truck971306,2684,2443,1130,1174,44
Truck969925,2566,2225,700,1175,475
Truck968991,3119,1339,405,1176,771
Truck969652,2444,2443,615,1176,561
Truck970780,2777,2942,965,1176,211
Truck971342,2943,2942,1140,1176,36
Truck967993,2224,2683,95,1177,1082
Truck968735,3119,2567,325,1177,852
Truck969056,0,2942,430,1177,747
Truck969317,2566,2567,510,1177,667
Truck969384,1339,2566,530,1177,647
Truck970202,2684,2567,785,1178,393
Truck970435,2443,0,860,1178,318
Truck971430,2567,1339,1170,1178,8
Truck969107,2443,2224,445,1179,734
Truck969141,2566,1339,455,1179,724
Truck969209,2224,2443,475,1179,704
Truck970611,2443,2776,915,1179,264
Truck969429,2566,2567,545,1180,635
Truck970552,1339,2225,895,1180,285
Truck971358,2943,2942,1145,1180,35
Truck970346,2684,2942,830,1181,351
Truck970514,2225,2443,885,1182,297
Truck970628,2444,2225,920,1182,262
Truck971295,3119,2942,1125,1182,57
Truck968344,1339,2224,205,1183,978
Truck968839,2683,2566,360,1183,823
Truck969903,3119,2443,690,1184,494
Truck970652,2777,2942,925,1184,259
Truck971239,2683,2567,1110,1184,74
Truck971338,2684,2443,1140,1184,44
Truck968185,2224,1339,155,1185,1030
Truck969129,2224,2443,450,1185,735
Truck970384,0,2443,845,1185,340
Truck970451,2443,2567,865,1185,320
Truck970716,2777,2942,945,1185,240
Truck971374,2943,2942,1150,1185,35
Truck969939,2443,2444,705,1186,481
Truck971018,2684,2776,1040,1186,146
Truck969093,2566,0,440,1187,747
Truck969407,3119,2776,535,1187,652
Truck970811,2776,2443,975,1187,212
Truck969005,2942,2683,410,1188,778
Truck969997,2942,2443,720,1188,468
Truck970450,2225,2683,865,1188,323
Truck970649,2224,2942,925,1188,263
Truck970747,2776,2443,955,1189,234
Truck969053,2942,2683,425,1190,765
Truck969237,2566,2443,485,1190,705
Truck971390,2943,2942,1155,1190,35
Truck969604,2444,2683,600,1191,591
Truck969764,2444,2443,650,1191,541
Truck970015,3119,2443,725,1191,466
Truck969771,2776,0,650,1192,542
Truck970419,2443,0,855,1192,337
Truck970681,2224,2942,935,1192,257
Truck970314,2684,2942,820,1193,373
Truck970562,2225,0,900,1193,293
Truck971370,2684,2443,1150,1193,43
Truck969588,2444,2683,595,1194,599
Truck970330,2684,2567,825,1194,369
Truck970515,2443,1339,885,1194,309
Truck970674,2225,2443,935,1194,259
Truck969860,2444,2567,680,1195,515
Truck971341,2942,3119,1140,1195,55
Truck971406,2943,2942,1160,1195,35
Truck969688,1339,2776,625,1196,571
Truck970684,2777,2942,935,1196,261
Truck968653,2942,2683,300,1197,897
Truck969023,3119,0,415,1197,782
Truck969176,1339,2942,465,1197,732
Truck969349,2566,2443,520,1197,677
Truck970294,2567,2684,815,1197,382
Truck971480,1339,0,1185,1197,12
Truck970691,2443,1339,940,1198,258
Truck970748,2777,2942,955,1198,243
Truck969062,2567,2942,430,1199,769
Truck969812,2444,2443,665,1199,534
Truck970077,2942,2443,745,1199,454
Truck969951,3119,2684,705,1200,495
Truck970298,2684,2942,815,1200,385
Truck969063,2683,2566,430,1201,771
Truck970051,2443,2942,740,1201,461
Truck970546,2225,2443,895,1201,306
Truck970658,2225,2443,930,1201,271
Truck969213,2942,2567,475,1202,727
Truck969739,2776,2942,640,1202,562
Truck970317,2942,2684,820,1202,382
Truck970371,2443,2683,840,1202,362
Truck969145,2224,2443,455,1203,748
Truck969848,1339,2444,675,1203,528
Truck970020,2444,2443,730,1203,473
Truck970115,2443,2942,760,1203,443
Truck970626,2225,2443,920,1203,283
Truck969547,2776,3119,580,1204,624
Truck970063,3119,2443,740,1204,464
Truck970563,2443,1339,900,1204,304
Truck970764,2777,2942,960,1204,244
Truck970895,3119,2224,1000,1205,205
Truck971375,3119,2942,1150,1205,55
Truck971438,2943,2942,1170,1205,35
Truck969363,2443,2224,525,1206,681
Truck969744,0,2776,645,1206,561
Truck969876,2444,2567,685,1206,521
Truck969908,2444,2443,695,1206,511
Truck969947,2776,1339,705,1206,501
Truck970779,2776,2443,965,1206,241
Truck969165,2942,1339,460,1207,747
Truck969219,2443,2566,480,1207,727
Truck969636,2444,0,610,1207,597
Truck969796,2444,2443,660,1207,547
Truck970795,2776,2443,970,1207,237
Truck968424,1339,2224,230,1208,978
Truck970141,2942,2443,765,1208,443
Truck971494,2567,0,1190,1209,19
Truck969029,2566,1339,420,1210,790
Truck969401,2224,2684,535,1210,675
Truck969595,2776,2942,595,1210,615
Truck970464,0,2443,870,1210,340
Truck970218,2684,3119,790,1211,421
Truck968984,1339,2942,405,1212,807
Truck970029,2942,2443,730,1212,482
Truck970939,2776,2443,1015,1212,197
Truck971454,2943,2942,1175,1212,37
Truck969232,0,2942,485,1213,728
Truck971542,2567,1339,1205,1213,8
Truck968951,2683,2942,395,1214,819
Truck969455,3119,2776,550,1214,664
Truck970786,2225,2443,970,1214,244
Truck968976,0,3119,405,1215,810
Truck970876,2777,2942,995,1215,220
Truck969395,2443,2566,535,1216,681
Truck970173,2942,2443,775,1216,441
Truck971470,2943,2942,1180,1216,36
Truck969087,3119,0,435,1217,782
Truck969732,2444,2443,640,1217,577
Truck970954,2684,2776,1020,1217,197
Truck971450,2684,2443,1175,1217,42
Truck969221,2566,2443,480,1218,738
Truck969942,2567,2444,705,1218,513
Truck970376,1339,2684,840,1219,379
Truck970812,2777,2942,975,1219,244
Truck970843,2776,2443,985,1219,234
Truck970975,3119,2224,1025,1219,194
Truck970474,2684,2942,870,1220,350
Truck970754,2225,2443,960,1220,260
Truck970942,2943,2777,1015,1220,205
Truck969190,2567,2942,470,1221,751
Truck969924,2444,2443,700,1221,521
Truck971423,3119,2942,1165,1221,56
Truck971486,2943,2942,1185,1221,36
Truck969000,1339,3119,410,1222,812
Truck969254,2567,2942,490,1222,732
Truck971384,1339,2683,1155,1222,67
Truck969159,2683,2942,460,1223,763
Truck968345,2224,2683,205,1224,1019
Truck969015,2683,3119,415,1224,809
Truck969273,2224,2443,495,1224,729
Truck970694,2567,2225,940,1224,284
Truck970770,2225,0,965,1224,259
Truck968534,2567,2224,265,1225,960
Truck970892,2777,2942,1000,1225,225
Truck970899,2443,2776,1005,1225,220
Truck971502,2943,2942,1190,1226,36
Truck970640,0,2443,925,1227,302
Truck970713,2224,2942,945,1227,282
Truck970742,2567,2225,955,1227,272
Truck970867,2443,2225,995,1227,232
Truck970908,2777,2942,1005,1227,222
Truck968927,3119,1339,385,1228,843
Truck970550,2567,2443,895,1228,333
Truck970761,2224,2942,960,1228,268
Truck970828,2777,2942,980,1228,248
Truck971383,2683,2567,1155,1228,73
Truck969803,2776,2942,660,1229,569
Truck971020,2777,2943,1040,1229,189
Truck969315,2443,2566,510,1230,720
Truck970834,2225,2443,985,1230,245
Truck971518,2943,2942,1195,1230,35
Truck970722,2225,2443,950,1231,281
Truck970889,2224,2942,1000,1231,231
Truck969016,1339,3119,415,1232,817
Truck969160,1339,3119,460,1233,773
Truck970181,2566,2225,780,1233,453
Truck970483,2443,2683,875,1234,359
Truck970949,2566,2444,1020,1234,214
Truck971067,2776,2443,1055,1234,179
Truck971574,2567,0,1215,1234,19
Truck968982,2567,2942,405,1235,830
Truck970844,2777,2942,985,1235,250
Truck970914,2225,2443,1010,1235,225
Truck971084,2777,2943,1060,1235,175
Truck971534,2943,2942,1200,1235,35
Truck968288,0,2224,190,1236,1046
Truck970022,2567,2444,730,1236,506
Truck971533,2942,2943,1200,1236,36
Truck969445,2566,2443,550,1237,687
Truck970095,3119,2443,750,1237,487
Truck970860,2777,2942,990,1237,247
Truck971039,3119,2224,1045,1237,192
Truck970116,2444,2443,760,1238,478
Truck970882,2225,2443,1000,1238,238
Truck970866,2225,1339,995,1239,244
Truck970988,2777,2942,1030,1239,209
Truck969206,2567,2942,475,1241,766
Truck969293,2942,0,500,1241,741
Truck969879,2683,2776,685,1241,556
Truck970027,2776,2567,730,1241,511
Truck971550,2943,2942,1205,1241,36
Truck968217,2224,0,165,1242,1077
Truck969189,2566,2443,470,1242,772
Truck969208,1339,2942,475,1242,767
Truck969892,2444,2443,690,1242,552
Truck970004,2444,2443,725,1242,517
Truck970143,3119,2443,765,1242,477
Truck970808,1339,2225,975,1242,267
Truck968393,2224,0,220,1243,1023
Truck968907,2776,2224,380,1243,863
Truck971530,2684,2443,1200,1243,43
Truck969255,2683,2942,490,1244,754
Truck969413,2566,2443,540,1244,704
Truck969972,2444,2443,715,1244,529
Truck970547,2443,2683,895,1244,349
Truck969397,2566,2443,535,1245,710
Truck969523,2443,2566,575,1245,670
Truck971132,2777,2943,1075,1245,170
Truck971566,2943,2942,1210,1245,35
Truck968569,2224,0,275,1246,971
Truck971424,0,2683,1170,1247,77
Truck968983,2683,2942,405,1248,843
Truck969065,2224,2776,430,1249,819
Truck969427,2443,2224,545,1249,704
Truck970323,2443,2942,825,1251,426
Truck971582,2943,2942,1215,1251,36
Truck969847,2683,2444,675,1252,577
Truck969248,0,2942,490,1253,763
Truck969531,2776,3119,575,1253,678
Truck970647,2683,2443,925,1253,328
Truck970818,2225,2443,980,1253,273
Truck970940,2777,2942,1015,1253,238
Truck971517,2942,3119,1195,1253,58
Truck970362,2684,2683,835,1254,419
Truck970490,2684,2567,875,1254,379
Truck970745,2224,2942,955,1254,299
Truck970930,2225,2443,1015,1254,239
Truck970205,2942,2443,785,1255,470
Truck970243,2443,2942,800,1255,455
Truck970850,2225,0,990,1255,265
Truck971060,2444,2566,1055,1255,200
Truck968342,2567,2224,205,1256,1051
Truck969142,2567,2942,455,1256,801
Truck970239,3119,2443,795,1256,461
Truck970873,2224,2942,995,1256,261
Truck971598,2943,2942,1220,1256,36
Truck968457,2224,1339,240,1257,1017
Truck969341,2942,0,515,1257,742
Truck971688,1339,2567,1250,1257,7
Truck970857,2224,2942,990,1258,268
Truck970963,2443,2776,1025,1258,233
Truck970916,2444,2225,1010,1259,249
Truck969046,2567,3119,425,1260,835
Truck969783,2683,2776,655,1260,605
Truck971578,2684,2443,1215,1260,45
Truck971614,2943,2942,1225,1260,35
Truck969167,3119,1339,460,1262,802
Truck970946,2225,2443,1020,1262,242
Truck970423,2683,2443,855,1263,408
Truck970956,2777,2942,1020,1263,243
Truck971664,0,2567,1245,1263,18
Truck969352,1339,3119,520,1264,744
Truck970972,2777,2942,1025,1264,239
Truck970493,2942,2443,875,1265,390
Truck970664,1339,2443,930,1265,335
Truck971005,2942,2777,1035,1265,230
Truck971565,2942,3119,1210,1265,55
Truck969775,3119,2776,650,1266,616
Truck970962,2225,2567,1025,1266,241
Truck971630,2943,2942,1230,1266,36
Truck970011,2776,1339,725,1267,542
Truck970164,2444,2443,775,1267,492
Truck970924,2777,2942,1010,1267,257
Truck970987,2776,2443,1030,1267,237
Truck969229,2942,1339,480,1269,789
Truck969760,0,2776,650,1269,619
Truck971680,0,2567,1250,1269,19
Truck970349,2942,2443,830,1270,440
Truck969301,2566,0,505,1271,766
Truck969625,2224,2443,605,1271,666
Truck969851,2776,2942,675,1271,596
Truck970052,2444,2567,740,1271,531
Truck970678,2567,2443,935,1271,336
Truck971646,2943,2942,1235,1271,36
Truck969509,2566,2443,570,1272,702
Truck970196,2444,1339,785,1272,487
Truck971036,2777,2942,1045,1272,227
Truck971109,2566,2444,1070,1272,202
Truck970333,2942,2443,825,1273,448
Truck971626,2684,2443,1230,1273,43
Truck969461,2566,0,555,1274,719
Truck970905,2224,2942,1005,1274,269
Truck969552,0,2566,585,1275,690
Truck971116,2777,2942,1070,1275,205
Truck971599,3119,2942,1220,1275,55
Truck970602,2684,1339,910,1276,366
Truck971662,2943,2942,1240,1276,36
Truck971752,1339,2567,1270,1277,7
Truck968505,2224,2683,255,1278,1023
Truck970191,3119,2443,780,1278,498
Truck970381,2942,2443,840,1278,438
Truck971527,2683,0,1200,1278,78
Truck969899,2776,1339,690,1279,589
Truck969995,2776,2942,720,1279,559
Truck971068,2777,2942,1055,1279,224
Truck969940,2444,2567,705,1280,575
Truck969963,2776,2567,710,1280,570
Truck969408,0,2566,540,1281,741
Truck969815,2683,2444,665,1281,616
Truck970024,1339,2444,730,1281,551
Truck970195,2443,2444,785,1281,496
Truck970271,3119,2443,805,1281,476
Truck970642,2225,2683,925,1281,356
Truck971576,1339,2683,1215,1281,66
Truck971678,2943,2942,1245,1281,36
Truck969988,2444,2443,720,1282,562
Truck969311,3119,2567,505,1283,778
Truck971658,2684,2443,1240,1283,43
Truck971728,0,2567,1265,1283,18
Truck969382,2567,2566,530,1284,754
Truck969525,2566,0,575,1284,709
Truck969477,2566,2443,560,1285,725
Truck970576,0,2684,905,1285,380
Truck971694,2943,2942,1250,1285,35
Truck970039,2683,2776,735,1286,551
Truck969279,3119,2683,495,1287,792
Truck969828,2444,2683,670,1287,617
Truck970771,2443,1339,965,1287,322
Truck971004,2777,2942,1035,1287,252
Truck969269,2566,2443,495,1288,793
Truck970032,0,2776,735,1288,553
Truck971026,2225,2443,1045,1288,243
Truck971052,2777,2942,1050,1288,238
Truck971784,1339,2567,1280,1288,8
Truck969641,2224,2443,610,1289,679
Truck970554,2684,2683,895,1289,394
Truck970978,2225,2443,1030,1289,259
Truck971173,2566,2444,1090,1290,200
Truck969690,2684,2224,625,1291,666
Truck971590,2567,2683,1220,1291,71
Truck971710,2943,2942,1255,1291,36
Truck969270,2567,3119,495,1292,797
Truck969369,2224,2443,525,1292,767
Truck969381,2566,2443,530,1292,762
Truck970698,2684,2567,940,1292,352
Truck970898,2225,2443,1005,1292,287
Truck969915,2776,2683,695,1293,598
Truck970276,2444,2443,810,1293,483
Truck970738,2225,2683,955,1293,338
Truck970036,2444,1339,735,1294,559
Truck970586,2684,0,905,1294,389
Truck971760,0,2567,1275,1294,19
Truck969360,0,2942,525,1295,770
Truck970212,2444,2443,790,1295,505
Truck970787,2443,2567,970,1295,325
Truck969717,2566,2443,635,1296,661
Truck970059,2776,2567,740,1296,556
Truck970399,3119,2684,845,1296,451
Truck970953,2224,2942,1020,1296,276
Truck971726,2943,2942,1260,1296,36
Truck968473,2224,1339,245,1297,1052
Truck971100,2777,2942,1065,1298,233
Truck969365,2566,2443,525,1299,774
Truck969574,2567,2942,590,1299,709
Truck970383,3119,2443,840,1299,459
Truck970394,2684,3119,845,1299,454
Truck969527,2683,2942,575,1300,725
Truck970096,0,2444,755,1300,545
Truck971212,2777,2942,1100,1300,200
Truck971742,2943,2942,1265,1300,35
Truck970168,1339,2776,775,1301,526
Truck971163,2776,2443,1085,1301,216
Truck971623,2683,2567,1230,1301,71
Truck970007,2683,2776,725,1302,577
Truck971122,2225,2443,1075,1302,227
Truck969589,2566,0,595,1303,708
Truck969603,2443,2566,600,1303,703
Truck970291,2443,3119,815,1303,488
Truck970531,2443,2942,890,1303,413
Truck969383,2683,2942,530,1304,774
Truck969685,2566,2443,625,1304,679
Truck971058,2225,1339,1055,1304,249
Truck969351,2683,2942,520,1305,785
Truck969653,2566,1339,615,1305,690
Truck969699,2443,2224,630,1305,675
Truck970307,2443,3119,820,1305,485
Truck970755,2443,1339,960,1305,345
Truck970768,0,2684,965,1306,341
Truck971758,2943,2942,1270,1306,36
Truck969496,1339,2566,565,1307,742
Truck969606,2567,2942,600,1307,707
Truck969785,2224,2443,655,1307,652
Truck970410,2684,3119,850,1307,457
Truck971695,3119,2942,1250,1307,57
Truck969464,1339,2566,555,1308,753
Truck969673,2224,2443,620,1308,688
Truck969231,3119,2567,480,1309,829
Truck969584,0,2942,595,1309,714
Truck969440,0,2942,550,1310,760
Truck969689,2224,2443,625,1310,685
Truck970372,2444,0,840,1311,471
Truck970921,2224,2942,1010,1311,301
Truck971774,2943,2942,1275,1311,36
Truck970527,3119,2684,885,1312,427
Truck971632,0,2683,1235,1312,77
Truck970128,0,2444,765,1313,548
Truck970666,2684,2942,930,1313,383
Truck970775,2683,2225,965,1313,348
Truck969344,0,2942,520,1314,794
Truck969605,2566,2443,600,1314,714
Truck971148,2777,2942,1080,1314,234
Truck971180,2777,2942,1090,1314,224
Truck971655,2683,2567,1240,1314,74
Truck971725,2942,3119,1260,1314,54
Truck969593,2224,2443,595,1315,720
Truck971164,2777,2942,1085,1315,230
Truck968633,2224,2683,295,1316,1021
Truck971727,3119,2942,1260,1316,56
Truck971090,2225,0,1065,1317,252
Truck971671,2683,2567,1245,1317,72
Truck968489,2224,1339,250,1318,1068
Truck969223,2683,2566,480,1318,838
Truck969541,2566,2443,580,1318,738
Truck971878,2567,1339,1310,1318,8
Truck970400,0,2444,850,1319,469
Truck971010,2225,2567,1040,1319,279
Truck971081,2224,2942,1060,1319,259
Truck970232,1339,2444,795,1320,525
Truck970994,2225,2443,1035,1320,285
Truck971323,2776,2684,1135,1320,185
Truck971806,2943,2942,1285,1320,35
Truck969448,1339,2942,550,1321,771
Truck969833,2224,2443,670,1321,651
Truck970477,2942,2443,870,1321,451
Truck970525,2942,2443,885,1321,436
Truck970819,2443,2567,980,1321,341
Truck971042,2225,2443,1050,1321,271
Truck971743,3119,2942,1265,1321,56
Truck969312,0,3119,510,1322,812
Truck970180,2444,2443,780,1322,542
Truck970228,2444,2443,795,1322,527
Truck971333,2566,2444,1140,1323,183
Truck971894,2567,1339,1315,1323,8
Truck971786,2684,2443,1280,1324,44
Truck970762,2684,2567,960,1325,365
Truck970874,2684,1339,995,1325,330
Truck971356,2777,2943,1145,1325,180
Truck971822,2943,2942,1290,1325,35
Truck969405,2942,2683,535,1327,792
Truck969557,2566,0,585,1327,742
Truck971888,0,1339,1315,1327,12
Truck971896,1339,0,1315,1327,12
Truck969597,2942,1339,595,1328,733
Truck971203,2443,2776,1100,1328,228
Truck969247,3119,2567,485,1329,844
Truck970287,3119,2443,810,1329,519
Truck971735,2683,1339,1265,1329,64
Truck971260,2777,2942,1115,1330,215
Truck970148,2444,2567,770,1331,561
Truck971838,2943,2942,1295,1331,36
Truck969637,2566,2443,610,1332,722
Truck971228,2777,2942,1105,1332,227
Truck971243,2776,2443,1110,1332,222
Truck970422,2567,2444,855,1333,478
Truck970637,2942,2443,920,1333,413
Truck969705,2224,2443,630,1334,704
Truck969979,2776,0,715,1335,620
Truck970103,2683,2444,755,1335,580
Truck971244,2777,2942,1110,1335,225
Truck969558,2567,2566,585,1336,751
Truck969677,2942,1339,620,1336,716
Truck970415,3119,2443,850,1336,486
Truck971065,2224,2942,1055,1336,281
Truck971138,2225,2443,1080,1336,256
Truck971854,2943,2942,1300,1336,36
Truck969303,2683,3119,505,1337,832
Truck970308,2444,2443,820,1337,517
Truck970541,2942,2443,890,1337,447
Truck970599,2683,2684,910,1337,427
Truck969520,0,2942,575,1338,763
Truck970870,2567,2684,995,1338,343
Truck970292,2444,2567,815,1339,524
Truck968391,2683,2224,220,1340,1120
Truck971298,2225,2443,1130,1340,210
Truck971870,2943,2942,1305,1340,35
Truck970855,2683,2443,990,1341,351
Truck970198,2567,2444,785,1342,557
Truck970340,2444,2443,830,1343,513
Truck970453,2566,2225,865,1343,478
Truck970605,2942,2443,910,1343,433
Truck971011,2443,2567,1040,1343,303
Truck968905,2224,1339,380,1344,964
Truck969733,2566,2443,640,1344,704
Truck971196,2777,2942,1095,1344,249
Truck971340,2777,2942,1140,1344,204
Truck971850,2684,2443,1300,1344,44
Truck969753,2224,2443,645,1345,700
Truck970215,2683,2776,790,1345,555
Truck970730,2684,2942,950,1345,395
Truck970931,2443,0,1015,1345,330
Truck969749,2566,2443,645,1346,701
Truck971000,1339,2443,1035,1346,311
Truck971311,3119,2224,1130,1346,216
Truck969318,2567,2566,510,1347,837
Truck971027,2443,1339,1045,1347,302
Truck971886,2943,2942,1310,1347,37
Truck971974,2567,1339,1340,1347,7
Truck969565,2942,0,585,1348,763
Truck970187,2776,1339,780,1348,568
Truck969327,3119,0,510,1349,839
Truck969573,2566,0,590,1349,759
Truck971292,2777,2942,1125,1349,224
Truck971866,2684,2443,1305,1349,44
Truck971218,2225,2444,1105,1350,245
Truck971902,2943,2942,1315,1350,35
Truck969859,2443,2566,680,1352,672
Truck970728,1339,2684,950,1352,402
Truck970765,2942,2443,960,1352,392
Truck970823,2683,2443,980,1352,372
Truck971008,0,2443,1040,1352,312
Truck971275,2776,2443,1120,1352,232
Truck970119,2683,2776,760,1353,593
Truck970858,2684,1339,990,1353,363
Truck969769,2224,2443,650,1354,704
Truck970157,2942,2776,770,1354,584
Truck971195,2776,2443,1095,1354,259
Truck971276,2777,2942,1120,1354,234
Truck971882,2684,2443,1310,1354,44
Truck969621,2566,2443,605,1355,750
Truck970607,3119,2443,910,1355,445
Truck971259,2776,2443,1115,1355,240
Truck971343,3119,2224,1140,1356,216
Truck970075,2776,2567,745,1357,612
Truck971181,2942,2224,1090,1357,267
Truck971918,2943,2942,1320,1357,37
Truck971308,2777,2942,1130,1358,228
Truck969433,2224,2776,545,1359,814
Truck969607,2683,2942,600,1359,759
Truck969779,2443,2224,655,1359,704
Truck971934,2943,2942,1325,1360,35
Truck970342,2567,2776,830,1361,531
Truck970944,0,2684,1020,1361,341
Truck971097,2224,2942,1065,1361,296
Truck969752,1339,2566,645,1362,717
Truck970406,2567,2444,850,1362,512
Truck971792,0,2683,1285,1362,77
Truck969686,2567,2942,625,1363,738
Truck969757,2942,2683,645,1363,718
Truck971154,2225,2443,1085,1363,278
Truck969323,2776,2224,510,1364,854
Truck971106,2225,2443,1070,1364,294
Truck971420,2777,2942,1165,1364,199
Truck970388,2444,1339,845,1365,520
Truck969549,2942,2683,580,1366,786
Truck970612,2444,2443,915,1366,451
Truck971950,2943,2942,1330,1366,36
Truck971266,2225,2443,1120,1367,247
Truck971388,2777,2942,1155,1367,212
Truck972040,1339,2567,1360,1367,7
Truck969898,2684,2224,690,1368,678
Truck970746,2684,3119,955,1368,413
Truck971923,2443,2684,1325,1368,43
Truck971930,2684,2443,1325,1368,43
Truck971225,2224,2942,1105,1369,264
Truck969359,3119,0,520,1370,850
Truck971439,3119,2224,1170,1370,200
Truck971966,2943,2942,1335,1370,35
Truck971074,2225,0,1060,1372,312
Truck971229,2942,2224,1105,1372,267
Truck970310,2567,2444,820,1373,553
Truck971325,2942,2224,1135,1373,238
Truck971468,2777,2942,1180,1373,193
Truck971142,2567,2225,1080,1374,294
Truck971224,1339,2225,1105,1374,269
Truck971293,2942,2777,1125,1374,249
Truck972054,2567,1339,1365,1374,9
Truck969897,2224,2443,690,1376,686
Truck970093,2942,2776,750,1376,626
Truck969813,2566,0,665,1377,712
Truck969829,2566,2443,670,1377,707
Truck971919,3119,2942,1320,1377,57
Truck971982,2943,2942,1340,1377,37
Truck972048,0,1339,1365,1377,12
Truck970845,2942,2443,985,1378,393
Truck970970,2684,2942,1025,1378,353
Truck971483,2776,2684,1185,1378,193
Truck968601,2224,1339,285,1379,1094
Truck969446,2567,2942,550,1379,829
Truck970283,2776,2942,810,1379,569
Truck970533,2566,2225,890,1379,489
Truck971452,2777,2942,1175,1379,204
Truck969671,2683,2942,620,1380,760
Truck971962,2684,2443,1335,1380,45
Truck969736,1339,2942,640,1381,741
Truck971324,2777,2942,1135,1381,246
Truck970200,1339,2776,785,1382,597
Truck971170,2225,2444,1090,1382,292
Truck972088,1339,2567,1375,1382,7
Truck970936,1339,2684,1015,1383,368
Truck971250,2225,2444,1115,1383,268
Truck971346,2225,2443,1145,1383,238
Truck971411,2443,2225,1165,1384,219
Truck971978,2684,2443,1340,1384,44
Truck969583,3119,0,590,1385,795
Truck970407,2683,2776,850,1386,536
Truck972014,2943,2942,1350,1387,37
Truck968921,2224,0,385,1388,1003
Truck970532,2444,2443,890,1388,498
Truck971580,2777,2943,1215,1388,173
Truck971927,2683,1339,1325,1389,64
Truck972102,2567,1339,1380,1389,9
Truck970311,2683,2776,820,1390,570
Truck970468,2444,2443,870,1390,520
Truck972030,2943,2942,1355,1391,36
Truck969845,2566,2443,675,1392,717
Truck969865,2224,2443,680,1392,712
Truck970564,2444,1339,900,1392,492
Truck970121,2224,2443,760,1393,633
Truck968889,2224,2567,375,1394,1019
Truck970436,2444,0,860,1394,534
Truck969654,2567,2942,615,1395,780
Truck970701,2942,2443,940,1395,455
Truck970778,2684,2683,965,1396,431
Truck970906,2684,2942,1005,1396,391
Truck971422,2943,2777,1165,1396,231
Truck969773,2942,0,650,1397,747
Truck970627,2443,3119,920,1397,477
Truck971304,1339,2225,1130,1397,267
Truck972046,2943,2942,1360,1397,37
Truck971926,2567,2683,1325,1398,73
Truck969840,0,2942,675,1399,724
Truck970122,2684,2224,760,1399,639
Truck970484,2444,2443,875,1399,524
Truck970947,2443,2942,1020,1399,379
Truck969720,1339,2942,635,1400,765
Truck970420,2444,2567,855,1400,545
Truck970518,2567,2444,885,1400,515
Truck970669,2942,2443,930,1400,470
Truck969701,2566,2443,630,1401,771
Truck969824,0,2942,670,1401,731
Truck970719,3119,2443,945,1401,456
Truck971126,2567,2443,1075,1401,326
Truck972062,2943,2942,1365,1401,36
Truck968809,2224,2683,350,1402,1052
Truck972136,1339,0,1390,1402,12
Truck970231,2683,2444,795,1403,608
Truck970344,1339,2444,830,1403,573
Truck970579,2443,2444,905,1404,499
Truck970979,2443,0,1030,1404,374
Truck970068,2444,2683,745,1405,660
Truck970685,2942,2443,935,1405,470
Truck972078,2943,2942,1370,1405,35
Truck969526,2567,3119,575,1406,831
Truck969669,2566,0,620,1406,786
Truck970324,2444,0,825,1406,581
Truck971372,2777,2942,1150,1406,256
Truck971484,2777,2942,1185,1406,221
Truck972015,3119,2942,1350,1406,56
Truck969703,2683,2942,630,1407,777
Truck970073,2224,2443,745,1407,662
Truck969591,2683,2942,595,1408,813
Truck970035,2443,2566,735,1408,673
Truck971234,2225,0,1110,1408,298
Truck971289,2224,2942,1125,1408,283
Truck969751,2683,2942,645,1409,764
Truck970500,2444,2443,880,1410,530
Truck971436,2777,2942,1170,1410,240
Truck971516,2777,2942,1195,1410,215
Truck972093,2942,2943,1375,1410,35
Truck972094,2943,2942,1375,1410,35
Truck969728,0,2942,640,1411,771
Truck969782,2567,2942,655,1411,756
Truck969839,3119,1339,670,1411,741
Truck969861,2566,2443,680,1411,731
Truck970950,2567,2684,1020,1411,391
Truck971500,2777,2942,1190,1411,221
Truck969957,2566,2443,710,1412,702
Truck970010,2684,2224,725,1412,687
Truck971186,2225,2567,1095,1412,317
Truck971959,2683,0,1335,1412,77
Truck971991,2683,1339,1345,1412,67
Truck970480,0,2444,875,1413,538
Truck970523,2776,2567,885,1413,528
Truck971394,2225,2443,1160,1413,253
Truck972067,2443,2684,1370,1413,43
Truck968832,0,2224,360,1414,1054
Truck971158,2567,2684,1085,1414,329
Truck971596,2777,2942,1220,1414,194
Truck972047,3119,2942,1360,1414,54
Truck969559,2683,3119,585,1415,830
Truck972110,2943,2942,1380,1415,35
Truck968777,2224,0,340,1416,1076
Truck969623,2683,2942,605,1417,812
Truck970566,2567,2444,900,1418,518
Truck969823,3119,1339,665,1419,754
Truck970470,2567,2776,870,1419,549
Truck971404,2777,2942,1160,1419,259
Truck972083,2443,2684,1375,1419,44
Truck972126,2943,2942,1385,1420,35
Truck968793,2224,2683,345,1421,1076
Truck969519,3119,2567,570,1422,852
Truck971984,0,2683,1345,1422,77
Truck972063,3119,2942,1365,1422,57
Truck969144,1339,2224,455,1423,968
Truck969830,2567,2942,670,1423,753
Truck970749,2942,2443,955,1423,468
Truck971034,2684,1339,1045,1423,378
Truck971378,2225,2567,1155,1423,268
Truck972182,2567,0,1405,1424,19
Truck970037,2566,2567,735,1425,690
Truck971059,2443,2683,1055,1425,370
Truck972106,2684,2443,1380,1425,45
Truck971282,2225,2443,1125,1426,301
Truck971469,2942,2224,1180,1426,246
Truck971532,2777,2942,1200,1426,226
Truck970395,2776,2683,845,1427,582
Truck970467,2443,2444,870,1427,557
Truck972142,2943,2942,1390,1427,37
Truck969741,2942,2683,640,1428,788
Truck970938,2684,2683,1015,1429,414
Truck971594,2684,2776,1220,1429,209
Truck969471,3119,0,555,1430,875
Truck970186,2684,2224,780,1430,650
Truck971660,2777,2942,1240,1430,190
Truck972122,2684,2443,1385,1430,45
Truck969078,2567,2224,435,1432,997
Truck969917,2942,0,695,1432,737
Truck971490,2225,2443,1190,1432,242
Truck972224,0,1339,1420,1432,12
Truck968841,2224,2567,360,1433,1073
Truck971002,2684,2942,1035,1433,398
Truck969643,2776,2224,610,1434,824
Truck969877,2566,0,685,1434,749
Truck970335,3119,2776,825,1434,609
Truck970067,2443,2224,745,1435,690
Truck970150,2567,2566,770,1435,665
Truck970726,2567,2444,950,1435,485
Truck971155,2443,0,1085,1435,350
Truck972174,2943,2942,1400,1435,35
Truck970639,3119,2443,920,1436,516
Truck971202,2225,2683,1100,1436,336
Truck971146,2684,1339,1080,1437,357
Truck971219,2443,0,1105,1437,332
Truck972248,1339,0,1425,1437,12
Truck969816,1339,2942,665,1438,773
Truck971400,1339,2443,1160,1438,278
Truck971449,2224,2942,1175,1438,263
Truck971474,2225,2443,1185,1439,254
Truck971508,2444,2225,1195,1439,244
Truck971538,2225,2443,1205,1439,234
Truck970536,1339,2776,890,1440,550
Truck970568,1339,2444,900,1440,540
Truck971643,2776,2443,1235,1440,205
Truck972190,2943,2942,1405,1440,35
Truck970057,2224,2443,740,1441,701
Truck970089,2224,2443,750,1442,692
Truck970925,2942,2443,1010,1442,432
Truck971496,1339,2225,1190,1442,252
Truck971507,2443,2776,1195,1442,247
Truck970245,2566,2443,800,1443,643
Truck970539,2776,1339,890,1443,553
Truck971426,2225,2443,1170,1443,273
Truck969981,2942,1339,715,1444,729
Truck970041,2224,2443,735,1444,709
Truck969894,2567,2942,690,1445,755
Truck971564,2777,2942,1210,1445,235
Truck969702,2567,2942,630,1446,816
Truck970981,2566,2225,1030,1446,416
Truck971612,2777,2942,1225,1446,221
Truck972206,2943,2942,1410,1446,36
Truck970973,2942,2443,1025,1447,422
Truck971242,2684,1339,1110,1447,337
Truck972280,1339,0,1435,1447,12
Truck970021,2566,2443,730,1448,718
Truck970915,2443,2942,1010,1448,438
Truck971286,2567,2443,1125,1448,323
Truck969711,3119,1339,630,1449,819
Truck970580,2444,0,905,1449,544
Truck970851,2443,3119,990,1449,459
Truck971629,2942,2777,1230,1449,219
Truck971759,3119,2224,1270,1449,179
Truck971613,2942,2224,1225,1451,226
Truck972222,2943,2942,1415,1451,36
Truck971021,2942,2443,1040,1452,412
Truck971248,0,2443,1115,1452,337
Truck971448,1339,2443,1175,1452,277
Truck972296,1339,0,1440,1452,12
Truck972120,1339,2683,1385,1453,68
Truck971069,2942,2684,1055,1454,399
Truck971554,2225,2443,1210,1454,244
Truck971692,2777,2942,1250,1454,204
Truck970297,2224,2443,815,1455,640
Truck971171,2443,2683,1090,1455,365
Truck971331,2443,0,1140,1455,315
Truck970019,2443,2224,730,1456,726
Truck970575,3119,2443,900,1456,556
Truck970774,2567,2444,965,1456,491
Truck972238,2943,2942,1420,1456,36
Truck969941,2566,2443,705,1457,752
Truck970803,2443,3119,975,1457,482
Truck971270,2567,2443,1120,1457,337
Truck971376,0,2225,1155,1457,302
Truck970783,3119,2443,965,1458,493
Truck971616,0,2225,1230,1458,228
Truck972119,2683,2567,1385,1458,73
Truck969797,2566,2443,660,1459,799
Truck970165,2566,2443,775,1459,684
Truck970829,2942,2443,980,1459,479
Truck971255,2683,2225,1115,1460,345
Truck972254,2943,2942,1425,1460,35
Truck972294,2567,0,1440,1460,20
Truck969926,2567,2566,700,1461,761
Truck970589,2942,2776,905,1461,556
Truck971251,2443,2567,1115,1461,346
Truck969928,1339,2942,700,1462,762
Truck970731,2776,2942,950,1462,512
Truck971740,2777,2942,1265,1462,197
Truck970504,1339,2444,880,1463,583
Truck970596,2444,2443,910,1463,553
Truck970724,2444,2443,950,1463,513
Truck971506,2225,2443,1195,1463,268
Truck970117,2566,2443,760,1464,704
Truck970166,2567,2566,775,1464,689
Truck970820,2444,2443,980,1464,484
Truck971175,2683,2684,1090,1464,374
Truck972234,2684,2443,1420,1464,44
Truck971577,2224,2942,1215,1465,250
Truck971765,2566,2444,1275,1465,190
Truck972134,2567,2683,1390,1465,75
Truck972269,2942,2943,1430,1465,35
Truck970868,2444,2443,995,1466,471
Truck972270,2943,2942,1430,1466,36
Truck970788,2444,2443,970,1467,497
Truck970863,3119,2443,990,1467,477
Truck971676,2777,2942,1245,1467,222
Truck972128,0,2683,1390,1467,77
Truck970069,2566,0,745,1468,723
Truck970644,2444,2567,925,1469,544
Truck971548,2777,2942,1205,1469,264
Truck971458,2225,2443,1180,1470,290
Truck971571,2443,2225,1215,1471,256
Truck972223,3119,2942,1415,1471,56
Truck972286,2943,2942,1435,1471,36
Truck970676,2444,2567,935,1472,537
Truck972266,2684,2443,1430,1472,42
Truck970266,2684,2224,805,1473,668
Truck970534,2567,2776,890,1473,583
Truck970838,2567,2444,985,1473,488
Truck970112,0,2942,760,1474,714
Truck970555,2776,0,895,1474,579
Truck971609,2224,3119,1225,1474,249
Truck971634,2225,2443,1235,1474,239
Truck970288,0,2566,815,1475,660
Truck971628,2777,2942,1230,1475,245
Truck971644,2777,2942,1235,1475,240
Truck969679,3119,0,620,1476,856
Truck970320,0,2776,825,1476,651
Truck971210,2684,2567,1100,1476,376
Truck972302,2943,2942,1440,1476,36
Truck971708,2777,2942,1255,1477,222
Truck969286,2567,2224,500,1478,978
Truck969320,1339,2224,510,1478,968
Truck969958,2567,2566,710,1478,768
Truck971226,2684,2567,1105,1478,373
Truck971666,2225,1339,1245,1478,233
Truck972390,2567,1339,1470,1478,8
Truck969805,2942,1339,660,1479,819
Truck969095,2683,2224,440,1480,1040
Truck970005,2566,2683,725,1480,755
Truck970176,0,2566,780,1480,700
Truck970603,2776,2942,910,1480,570
Truck970653,2942,2776,925,1480,555
Truck971522,2225,1339,1200,1480,280
Truck970197,2566,2443,785,1481,696
Truck970491,2776,1339,875,1481,606
Truck970648,1339,2776,925,1481,556
Truck970723,2443,3119,950,1481,531
Truck972318,2943,2942,1445,1481,36
Truck972408,1339,2567,1475,1482,7
Truck971176,1339,2684,1090,1483,393
Truck971586,2225,2567,1220,1483,263
Truck972198,2567,2683,1410,1483,73
Truck970169,2224,2443,775,1484,709
Truck970708,2444,2443,945,1484,539
Truck971123,2443,2942,1075,1484,409
Truck971602,2225,2443,1225,1484,259
Truck971714,2225,2567,1260,1484,224
Truck970885,2566,2225,1000,1486,486
Truck971771,2776,2443,1275,1486,211
Truck972232,1339,2683,1420,1486,66
Truck972334,2943,2942,1450,1486,36
Truck971055,3119,2443,1050,1487,437
Truck971162,2684,2942,1085,1487,402
Truck971790,2943,2777,1280,1487,207
Truck970959,3119,2443,1020,1488,468
Truck971061,2566,2225,1055,1489,434
Truck971130,2684,2567,1075,1489,414
Truck969807,3119,1339,660,1490,830
Truck970261,2566,2443,805,1490,685
Truck972350,2943,2942,1455,1491,36
Truck970447,3119,2776,860,1492,632
Truck970835,2443,2444,985,1492,507
Truck971139,2443,2942,1080,1492,412
Truck971363,2443,1339,1150,1493,343
Truck971756,2777,2942,1270,1493,223
Truck969965,2942,0,710,1495,785
Truck970740,2444,2443,955,1495,540
Truck970847,3119,2443,985,1495,510
Truck971772,2777,2942,1275,1495,220
Truck972366,2943,2942,1460,1495,35
Truck969776,0,3119,655,1496,841
Truck971071,3119,2443,1055,1496,441
Truck971741,2942,2777,1265,1496,231
Truck969168,0,2224,465,1497,1032
Truck971322,2684,2567,1135,1497,362
Truck971724,2777,2942,1260,1498,238
Truck970086,2567,2942,750,1499,749
Truck970377,2224,2443,840,1499,659
Truck969952,0,3119,710,1500,790
Truck970208,0,2942,790,1500,710
Truck970437,2566,2443,860,1500,640
Truck970707,2443,2444,945,1500,555
Truck971654,2567,2225,1240,1500,260
Truck972382,2943,2942,1465,1500,35
Truck971360,0,2684,1150,1501,351
Truck971788,2777,2942,1280,1501,221
Truck971820,2777,2942,1290,1501,211
Truck970102,2567,2942,755,1503,748
Truck971395,2443,1339,1160,1503,343
Truck971836,2777,2942,1295,1503,208
Truck969887,3119,0,685,1504,819
Truck970133,2566,2443,765,1504,739
Truck971254,2567,2684,1115,1504,389
Truck970339,2443,2566,830,1505,675
Truck970776,1339,2444,965,1505,540
Truck971442,2225,2683,1175,1505,330
Truck971967,3119,2224,1335,1505,170
Truck969936,0,3119,705,1506,801
Truck970213,2566,0,790,1506,716
Truck971101,2942,2443,1065,1506,441
Truck972398,2943,2942,1470,1506,36
Truck969989,2566,0,720,1507,787
Truck971747,2443,2225,1270,1507,237
Truck969143,2683,2224,455,1508,1053
Truck970695,2683,2776,940,1508,568
Truck972335,3119,2942,1450,1509,59
Truck972378,2684,2443,1465,1509,44
Truck970085,2566,2683,750,1510,760
Truck971410,2225,2683,1165,1511,346
Truck972414,2943,2942,1475,1511,36
Truck972295,2683,2567,1440,1512,72
Truck970047,3119,0,735,1513,778
Truck971443,2443,1339,1175,1513,338
Truck972272,0,2683,1435,1513,78
Truck969893,2566,2683,690,1514,824
Truck970118,2567,2942,760,1514,754
Truck970147,2443,2224,770,1514,744
Truck970409,2224,2443,850,1514,664
Truck971479,2683,2225,1185,1514,329
Truck971762,2225,2443,1275,1514,239
Truck969871,3119,1339,680,1515,835
Truck970151,2683,2942,770,1515,745
Truck970253,2942,1339,800,1515,715
Truck971810,2225,2443,1290,1515,225
Truck971650,2225,2443,1240,1516,276
Truck971819,2776,2443,1290,1516,226
Truck971624,1339,2225,1230,1517,287
Truck969904,0,2942,695,1518,823
Truck970715,2776,2942,945,1518,573
Truck971677,2942,2224,1245,1518,273
Truck971165,2942,2443,1085,1519,434
Truck970313,2224,2684,820,1520,700
Truck971290,2684,2942,1125,1520,395
Truck972383,3119,2942,1465,1520,55
Truck972403,2443,2684,1475,1520,45
Truck972446,2943,2942,1485,1521,36
Truck970357,2566,2443,835,1522,687
Truck970469,2566,2443,870,1522,652
Truck970619,2776,1339,915,1522,607
Truck970608,0,2776,915,1523,608
Truck970877,2942,2776,995,1523,528
Truck971235,2443,2942,1110,1523,413
Truck971386,2684,0,1155,1523,368
Truck970272,0,2942,810,1524,714
Truck971418,2684,0,1165,1524,359
Truck972496,0,2567,1505,1524,19
Truck969184,0,2224,470,1525,1055
Truck970230,2567,2942,795,1525,730
Truck970991,3119,2443,1030,1525,495
Truck970756,2444,2443,960,1526,566
Truck972462,2943,2942,1490,1526,36
Truck970660,2444,0,930,1527,597
Truck971794,2225,2443,1285,1529,244
Truck970277,2566,2443,810,1530,720
Truck970361,2224,2684,835,1530,695
Truck971520,0,2443,1200,1530,330
Truck972478,2943,2942,1495,1530,35
Truck970800,0,2444,975,1531,556
Truck970902,2567,2444,1005,1531,526
Truck972415,3119,2942,1475,1531,56
Truck970763,2776,2942,960,1532,572
Truck970852,2444,2443,990,1532,542
Truck971842,2225,2443,1300,1532,232
Truck971852,2777,2942,1300,1532,232
Truck971868,2777,2942,1305,1532,227
Truck971949,2942,2777,1330,1532,202
Truck971698,2225,2443,1255,1533,278
Truck971827,2443,2776,1295,1533,238
Truck972391,2683,1339,1470,1534,64
Truck972458,2684,2443,1490,1534,44
Truck970405,2566,2443,850,1535,685
Truck970421,2566,2443,855,1535,680
Truck972431,3119,2942,1480,1535,55
Truck972451,2443,2684,1490,1535,45
Truck970538,2684,2224,890,1536,646
Truck970879,3119,2443,995,1536,541
Truck971399,2683,2443,1160,1536,376
Truck971998,2943,2777,1345,1536,191
Truck972494,2943,2942,1500,1536,36
Truck970061,2942,2683,740,1537,797
Truck971570,2225,0,1215,1537,322
Truck969465,2224,2567,555,1539,984
Truck971948,2777,2942,1330,1539,209
Truck972352,0,2683,1460,1539,79
Truck971682,2225,2443,1250,1540,290
Truck972447,3119,2942,1485,1540,55
Truck972510,2943,2942,1505,1540,35
Truck970328,1339,2942,825,1541,716
Truck972445,2942,3119,1485,1541,56
Truck970571,2776,3119,900,1542,642
Truck971498,2684,0,1190,1542,352
Truck971785,2224,2942,1280,1542,262
Truck971900,2777,2942,1315,1542,227
Truck970214,2567,2942,790,1543,753
Truck970920,1339,2444,1010,1543,533
Truck971587,2443,2567,1220,1543,323
Truck972560,0,2567,1525,1543,18
Truck971354,2684,2683,1145,1544,399
Truck970570,2684,2224,900,1545,645
Truck970792,1339,2776,970,1545,575
Truck972011,2776,2443,1350,1545,195
Truck972461,2942,3119,1490,1545,55
Truck970964,2444,2443,1025,1546,521
Truck971283,2443,2942,1125,1546,421
Truck971884,2777,2942,1310,1546,236
Truck971931,2776,2443,1325,1546,221
Truck972526,2943,2942,1510,1546,36
Truck970160,0,2942,775,1547,772
Truck970387,2443,2566,845,1547,702
Truck971523,2443,2683,1200,1547,347
Truck972463,3119,2942,1490,1547,57
Truck971103,3119,2443,1065,1548,483
Truck971804,2777,2942,1285,1548,263
Truck972406,2567,2683,1475,1548,73
Truck970031,3119,2567,730,1549,819
Truck970184,1339,2942,780,1549,769
Truck972582,2567,0,1530,1549,19
Truck970207,3119,1339,785,1550,765
Truck971514,2684,1339,1195,1550,355
Truck970109,2942,1339,755,1551,796
Truck970309,2566,1339,820,1551,731
Truck971075,2443,3119,1060,1551,491
Truck969376,0,2224,530,1552,1022
Truck970499,2443,2566,880,1552,672
Truck971427,2443,2942,1170,1552,382
Truck972542,2943,2942,1515,1552,37
Truck971938,2225,2443,1330,1553,223
Truck971003,2776,0,1035,1554,519
Truck971140,2444,2443,1080,1554,474
Truck971977,2224,3119,1340,1554,214
Truck972495,3119,2942,1500,1554,54
Truck972522,2684,2443,1510,1554,44
Truck969542,2567,2224,580,1555,975
Truck972558,2943,2942,1520,1555,35
Truck970175,3119,2567,775,1556,781
Truck970485,2566,0,875,1556,681
Truck969992,1339,3119,720,1557,837
Truck971932,2777,2942,1325,1557,232
Truck970229,2566,2683,795,1558,763
Truck971970,2225,2443,1340,1558,218
Truck972439,2683,2567,1485,1558,73
Truck971686,2567,2225,1250,1559,309
Truck971817,2224,2942,1290,1559,269
Truck970900,2444,2443,1005,1560,555
Truck971700,2444,2225,1255,1560,305
Truck971730,2225,2444,1265,1560,295
Truck972219,2776,2684,1415,1560,145
Truck970329,2224,2443,825,1561,736
Truck971964,2777,2942,1335,1561,226
Truck972574,2943,2942,1525,1561,36
Truck972509,2942,3119,1505,1562,57
Truck972648,1339,0,1550,1562,12
Truck970875,2776,2942,995,1563,568
Truck971916,2777,2942,1320,1563,243
Truck971996,2777,2942,1345,1563,218
Truck972454,2567,2683,1490,1563,73
Truck969977,2224,2776,715,1564,849
Truck970240,0,2942,800,1565,765
Truck971865,2224,2942,1305,1565,260
Truck969431,2683,2224,545,1566,1021
Truck970505,2224,2443,880,1566,686
Truck971463,2683,2684,1180,1566,386
Truck971980,2777,2942,1340,1566,226
Truck972590,2943,2942,1530,1566,36
Truck971016,1339,2444,1040,1567,527
Truck971035,2776,2942,1045,1567,522
Truck971830,2567,2225,1295,1567,272
Truck972060,2777,2943,1365,1567,202
Truck970303,3119,1339,815,1568,753
Truck971213,2942,2443,1100,1569,469
Truck971899,2776,2443,1315,1569,254
Truck972543,3119,2942,1515,1570,55
Truck970006,2567,3119,725,1571,846
Truck970136,1339,3119,765,1571,806
Truck970521,2224,2684,885,1571,686
Truck970891,2776,2942,1000,1571,571
Truck971119,3119,2443,1070,1571,501
Truck971635,2443,1339,1235,1571,336
Truck971800,1339,2225,1285,1571,286
Truck971891,2443,2776,1315,1571,256
Truck972606,2943,2942,1535,1571,36
Truck970488,1339,2942,875,1572,697
Truck970971,2776,1339,1025,1572,547
Truck972028,2777,2942,1355,1572,217
Truck971651,2443,2683,1240,1573,333
Truck971778,2225,2567,1280,1573,293
Truck969449,2224,0,550,1574,1024
Truck972486,2567,2683,1500,1574,74
Truck969883,2776,2224,685,1575,890
Truck970687,3119,2776,935,1575,640
Truck972155,2776,2684,1395,1575,180
Truck972622,2943,2942,1540,1575,35
Truck970341,2566,2443,830,1576,746
Truck971874,2225,2443,1310,1576,266
Truck972058,2684,2776,1365,1576,211
Truck971379,2443,2942,1155,1577,422
Truck971552,0,2443,1210,1577,367
Truck970325,2566,1339,825,1578,753
Truck971482,2684,2942,1185,1578,393
Truck971528,1339,2684,1200,1578,378
Truck971687,2683,2443,1250,1578,328
Truck970293,2566,2443,815,1579,764
Truck970461,2942,2567,865,1579,714
Truck972602,2684,2443,1535,1579,44
Truck970597,2566,1339,910,1580,670
Truck971159,2683,2776,1085,1580,495
Truck972678,2567,0,1560,1580,20
Truck970884,2444,2683,1000,1581,581
Truck970923,2776,2942,1010,1581,571
Truck971051,2776,2683,1050,1581,531
Truck972027,2776,2443,1355,1581,226
Truck972535,2683,1339,1515,1581,66
Truck972638,2943,2942,1545,1581,36
Truck970264,1339,3119,805,1582,777
Truck971028,2444,2443,1045,1582,537
Truck971263,3119,2443,1115,1582,467
Truck971963,2776,2443,1335,1582,247
Truck972098,2225,2443,1380,1582,202
Truck971108,2444,2567,1070,1583,513
Truck971189,2566,2225,1095,1583,488
Truck971199,3119,2443,1095,1583,488
Truck971890,2225,2443,1315,1583,268
Truck971466,2684,3119,1180,1584,404
Truck972589,2942,3119,1530,1584,54
Truck971546,2684,2683,1205,1585,380
Truck969801,2224,1339,660,1586,926
Truck972551,2683,1339,1520,1586,66
Truck972654,2943,2942,1550,1586,36
Truck970390,2567,2942,845,1587,742
Truck970665,2224,2443,930,1587,657
Truck971826,2225,2443,1295,1587,292
Truck970352,0,2942,835,1588,753
Truck970155,2776,2224,770,1589,819
Truck970296,1339,2566,815,1589,774
Truck971856,0,2225,1305,1589,284
Truck970595,2443,2224,910,1590,680
Truck970617,2224,2443,915,1590,675
Truck971115,2776,1339,1070,1590,520
Truck972140,2777,2942,1390,1590,200
Truck972670,2943,2942,1555,1590,35
Truck970907,2776,2683,1005,1591,586
Truck971696,0,2443,1255,1591,336
Truck971618,2225,2683,1230,1592,362
Truck971872,0,2225,1310,1592,282
Truck972158,2943,2777,1395,1592,197
Truck970365,2942,2567,835,1593,758
Truck970675,2443,2224,935,1593,658
Truck970911,3119,2776,1005,1593,588
Truck971638,2567,2684,1235,1593,358
Truck972650,2684,2443,1550,1593,43
Truck971167,3119,2443,1085,1594,509
Truck971610,2684,2942,1225,1595,370
Truck971990,2567,2225,1345,1595,250
Truck972076,2777,2942,1370,1595,225
Truck972686,2943,2942,1560,1595,35
Truck970279,2683,2942,810,1596,786
Truck971092,2444,2443,1065,1596,531
Truck971267,2443,2942,1120,1597,477
Truck972105,2224,3119,1380,1597,217
Truck972143,3119,2224,1390,1597,207
Truck971979,2776,2443,1340,1598,258
Truck970836,2444,2683,985,1599,614
Truck971690,2684,2567,1250,1599,349
Truck972666,2684,2443,1555,1599,44
Truck970373,2566,1339,840,1600,760
Truck971083,2776,2942,1060,1600,540
Truck970581,2566,2443,905,1601,696
Truck971712,0,2684,1260,1601,341
Truck972043,2776,2443,1360,1601,241
Truck971359,3119,2443,1145,1602,457
Truck972702,2943,2942,1565,1602,37
Truck969513,2224,0,570,1603,1033
Truck971986,2225,2443,1345,1603,258
Truck969494,2567,2224,565,1604,1039
Truck970375,2683,2566,840,1604,764
Truck971746,2225,2683,1270,1605,335
Truck972718,2943,2942,1570,1605,35
Truck971012,2444,2683,1040,1606,566
Truck971019,2776,2942,1040,1606,566
Truck972108,2777,2942,1380,1606,226
Truck970167,2683,2566,775,1607,832
Truck970502,2567,2566,880,1607,727
Truck970549,2566,0,895,1607,712
Truck972012,2777,2942,1350,1607,257
Truck972784,0,1339,1595,1607,12
Truck972792,1339,0,1595,1607,12
Truck971309,2942,2443,1130,1608,478
Truck971434,2684,3119,1170,1608,438
Truck972698,2684,2443,1565,1608,43
Truck971954,2225,1339,1335,1609,274
Truck972124,2777,2942,1385,1609,224
Truck972169,2224,3119,1400,1609,209
Truck971076,2444,2443,1060,1610,550
Truck971284,2444,2443,1125,1611,486
Truck971407,3119,2443,1160,1611,451
Truck972034,2225,2443,1360,1611,251
Truck972615,2683,2567,1540,1611,71
Truck972734,2943,2942,1575,1611,36
Truck971172,2444,2567,1090,1612,522
Truck971584,0,2684,1220,1612,392
Truck972123,2776,2443,1385,1612,227
Truck970223,3119,1339,790,1613,823
Truck969655,2683,2224,615,1614,999
Truck970976,0,2776,1030,1614,584
Truck971188,2444,1339,1095,1614,519
Truck971738,2684,2942,1265,1614,349
Truck972059,2776,2443,1365,1614,249
Truck970262,2567,2942,805,1615,810
Truck972002,2225,2443,1350,1615,265
Truck972044,2777,2942,1360,1615,255
Truck972790,2567,0,1595,1615,20
Truck971704,1339,2684,1255,1617,362
Truck972156,2777,2942,1395,1617,222
Truck972204,2777,2942,1410,1617,207
Truck972647,2683,1339,1550,1617,67
Truck972750,2943,2942,1580,1617,37
Truck972816,0,1339,1605,1617,12
Truck971459,2443,2942,1180,1618,438
Truck972631,2683,2567,1545,1618,73
Truck972730,2684,2443,1575,1618,43
Truck970456,1339,2942,865,1619,754
Truck971085,2942,2776,1060,1619,559
Truck971204,2444,2443,1100,1619,519
Truck971024,0,2444,1045,1620,575
Truck972075,2776,2443,1370,1620,250
Truck971719,2683,2443,1260,1621,361
Truck972172,2777,2942,1400,1622,222
Truck972840,1339,0,1610,1622,12
Truck970374,2567,3119,840,1623,783
Truck971327,3119,2443,1135,1623,488
Truck971750,2567,2684,1270,1623,353
Truck970351,3119,2567,830,1624,794
Truck970725,2566,2443,950,1625,675
Truck971220,2444,2443,1105,1625,520
Truck971347,2443,3119,1145,1625,480
Truck972283,2776,2443,1435,1625,190
Truck972782,2943,2942,1590,1625,35
Truck970517,2566,2443,885,1626,741
Truck970697,2224,2443,940,1626,686
Truck970584,1339,2942,905,1627,722
Truck972856,1339,0,1615,1627,12
Truck970397,2942,0,845,1628,783
Truck971485,2942,2443,1185,1628,443
Truck971535,3119,2443,1200,1628,428
Truck970629,2566,2443,920,1629,709
Truck971147,2776,2567,1080,1629,549
Truck971216,0,2444,1105,1629,524
Truck971656,1339,2684,1240,1629,389
Truck972092,2777,2942,1375,1629,254
Truck972662,2567,2683,1555,1630,75
Truck971156,2444,2443,1085,1631,546
Truck972300,2777,2942,1440,1631,191
Truck972798,2943,2942,1595,1631,36
Truck972888,1339,2567,1625,1631,6
Truck971539,2443,2942,1205,1632,427
Truck971581,2942,2684,1215,1632,417
Truck971993,2224,2942,1345,1632,287
Truck972130,2225,2443,1390,1632,242
Truck972663,2683,0,1555,1632,77
Truck970537,2224,2443,890,1633,743
Truck970729,2224,2443,950,1633,683
Truck970809,2224,2443,975,1633,658
Truck972357,2566,2444,1460,1633,173
Truck971783,2683,2225,1280,1634,354
Truck972340,2444,2566,1455,1635,180
Truck972203,2776,2443,1410,1636,226
Truck972814,2943,2942,1600,1636,36
Truck970248,1339,2942,800,1637,837
Truck970471,2683,2942,870,1637,767
Truck971315,2443,3119,1135,1637,502
Truck971754,2684,1339,1270,1637,367
Truck972672,0,2683,1560,1637,77
Truck972000,0,2225,1350,1638,288
Truck972220,2777,2943,1415,1638,223
Truck972250,2684,2776,1425,1638,213
Truck972794,2684,2443,1595,1638,43
Truck969832,1339,2224,670,1639,969
Truck971555,2443,2942,1210,1639,429
Truck972188,2777,2942,1405,1640,235
Truck969657,2224,0,615,1641,1026
Truck970799,3119,2776,970,1641,671
Truck971053,2942,2776,1050,1641,591
Truck972830,2943,2942,1605,1641,36
Truck970127,3119,2567,760,1642,882
Truck971268,2444,2443,1120,1642,522
Truck971487,3119,2684,1185,1642,457
Truck972016,0,2225,1355,1642,287
Truck972236,2777,2942,1420,1643,223
Truck970557,2942,2567,895,1644,749
Truck970429,2942,1339,855,1645,790
Truck971007,3119,2776,1035,1645,610
Truck972066,2225,2567,1370,1645,275
Truck972141,2942,2224,1390,1645,255
Truck972846,2943,2942,1610,1645,35
Truck972003,2443,0,1350,1646,296
Truck971124,2444,2567,1075,1647,572
Truck969609,2224,2567,600,1648,1048
Truck970367,3119,1339,835,1648,813
Truck971066,2684,2224,1055,1649,594
Truck971557,2566,2225,1210,1649,439
Truck972316,2777,2942,1445,1649,204
Truck969961,2224,0,710,1650,940
Truck970496,0,2942,880,1650,770
Truck970709,2566,2567,945,1650,705
Truck970789,2566,2443,970,1651,681
Truck972146,2225,2567,1395,1651,256
Truck972185,2224,2942,1405,1651,246
Truck972252,2777,2942,1425,1652,227
Truck971562,2684,2942,1210,1653,443
Truck972139,2776,2443,1390,1653,263
Truck972760,1339,2683,1585,1653,68
Truck972918,2567,0,1635,1653,18
Truck970583,2683,2942,905,1654,749
Truck971131,2776,2942,1075,1654,579
Truck971818,2684,1339,1290,1654,364
Truck972121,2224,2942,1385,1654,269
Truck972842,2684,2443,1610,1654,44
Truck970741,2566,1339,955,1655,700
Truck971619,2443,2942,1230,1655,425
Truck971802,2684,0,1285,1655,370
Truck972878,2943,2942,1620,1655,35
Truck970955,2776,2683,1020,1656,636
Truck972114,2225,2443,1385,1656,271
Truck972268,2777,2942,1430,1656,226
Truck972720,0,2683,1575,1656,81
Truck971348,2444,2443,1145,1657,512
Truck972178,2225,2444,1405,1657,252
Truck972380,2777,2943,1465,1657,192
Truck970932,2444,2683,1015,1658,643
Truck971455,3119,2443,1175,1658,483
Truck971789,2942,2684,1280,1658,378
Truck972858,2684,2443,1615,1658,43
Truck970519,2683,2942,885,1659,774
Truck970528,0,3119,890,1659,769
Truck970656,0,2566,930,1659,729
Truck972251,2776,2443,1425,1659,234
Truck971099,2776,2683,1065,1660,595
Truck972425,2224,3119,1480,1660,180
Truck970455,2683,3119,865,1661,796
Truck970601,2224,2443,910,1661,751
Truck972332,2777,2942,1450,1661,211
Truck972831,3119,2942,1605,1661,56
Truck972894,2943,2942,1625,1661,36
Truck969545,2224,2683,580,1662,1082
Truck970567,2683,2942,900,1662,762
Truck970677,2566,1339,935,1662,727
Truck971047,2683,2776,1050,1662,612
Truck970551,2683,2566,895,1663,768
Truck970996,2444,2683,1035,1664,629
Truck969817,2224,1339,665,1665,1000
Truck970454,2567,2942,865,1665,800
Truck970613,2566,2443,915,1665,750
Truck970645,2566,2443,925,1665,740
Truck971179,2776,2942,1090,1665,575
Truck971631,3119,2443,1230,1665,435
Truck972910,2943,2942,1630,1665,35
Truck971808,0,2684,1290,1666,376
Truck972187,2776,2443,1405,1666,261
Truck972347,2776,2443,1455,1666,211
Truck972364,2777,2942,1460,1667,207
Truck972808,1339,2683,1600,1667,67
Truck972863,3119,2942,1615,1668,53
Truck971236,2444,2443,1110,1669,559
Truck971968,0,2443,1340,1669,329
Truck972768,0,2683,1590,1669,79
Truck970592,0,2942,910,1670,760
Truck970624,0,2942,920,1670,750
Truck972361,2224,3119,1460,1670,210
Truck972926,2943,2942,1635,1670,35
Truck971391,3119,2443,1155,1671,516
Truck971770,2684,2567,1275,1671,396
Truck972184,1339,2225,1405,1671,266
Truck972284,2777,2942,1435,1671,236
Truck971491,2443,3119,1190,1672,482
Truck972992,0,1339,1660,1672,12
Truck970255,3119,2683,800,1673,873
Truck971143,2683,2444,1080,1674,594
Truck971567,3119,2684,1210,1674,464
Truck971928,1339,2443,1325,1674,349
Truck971160,1339,2776,1085,1675,590
Truck971227,2776,2942,1105,1675,570
Truck972242,2225,2443,1425,1675,250
Truck972942,2943,2942,1640,1675,35
Truck970565,2566,2443,900,1676,776
Truck970487,2683,2942,875,1677,802
Truck971328,0,2776,1140,1677,537
Truck971875,2443,2683,1310,1677,367
Truck971603,2443,2444,1225,1679,454
Truck970598,2567,2942,910,1680,770
Truck970688,0,2942,940,1680,740
Truck970840,1339,2566,985,1680,695
Truck971403,2776,2942,1160,1680,520
Truck970520,1339,2942,885,1681,796
Truck970543,3119,2567,890,1681,791
Truck970712,1339,2566,945,1681,736
Truck971001,2224,2443,1035,1681,646
Truck972895,3119,2942,1625,1681,56
Truck970392,1339,3119,845,1682,837
Truck970503,2683,2942,880,1682,802
Truck970757,2566,1339,960,1682,722
Truck971642,2684,3119,1235,1682,447
Truck972217,2224,2942,1415,1682,267
Truck972958,2943,2942,1645,1682,37
Truck971472,0,2776,1185,1683,498
Truck970475,2776,2224,870,1684,814
Truck971674,2684,3119,1245,1684,439
Truck972911,3119,2942,1630,1684,54
Truck972938,2684,2443,1640,1684,44
Truck973008,0,2567,1665,1684,19
Truck970509,2942,2683,880,1686,806
Truck971722,2684,3119,1260,1686,426
Truck972974,2943,2942,1650,1686,36
Truck971715,2443,2942,1260,1687,427
Truck973040,0,1339,1675,1687,12
Truck970661,2566,0,930,1688,758
Truck971043,2443,2566,1050,1688,638
Truck971191,2683,2444,1095,1688,593
Truck972104,1339,2443,1380,1688,308
Truck970359,2683,3119,835,1689,854
Truck970760,1339,2566,960,1689,729
Truck971364,2444,2443,1150,1689,539
Truck971946,2684,2683,1330,1689,359
Truck971994,2684,2567,1345,1689,344
Truck972927,3119,2942,1635,1689,54
Truck971661,2942,2443,1240,1690,450
Truck972954,2684,2443,1645,1690,45
Truck972990,2943,2942,1655,1690,35
Truck971252,2444,2683,1115,1691,576
Truck971936,0,2684,1330,1691,361
Truck972194,2225,2443,1410,1691,281
Truck972871,2683,2567,1620,1691,71
Truck971271,2683,2444,1120,1692,572
Truck972019,2443,0,1355,1692,337
Truck972131,2443,1339,1390,1692,302
Truck972348,2777,2942,1455,1692,237
Truck970501,2566,2683,880,1693,813
Truck970824,1339,2566,980,1693,713
Truck972963,2443,2684,1650,1693,43
Truck970295,2683,3119,815,1694,879
Truck970825,2224,2443,980,1694,714
Truck971519,3119,2443,1195,1694,499
Truck972430,2943,2777,1480,1694,214
Truck972943,3119,2942,1640,1694,54
Truck970837,2566,2443,985,1695,710
Truck970805,2566,2443,975,1696,721
Truck972492,2777,2942,1500,1696,196
Truck970917,2566,2443,1010,1697,687
Truck973006,2943,2942,1660,1697,37
Truck973072,0,1339,1685,1697,12
Truck969737,2224,0,640,1698,1058
Truck970544,0,2942,895,1698,803
Truck971709,2942,2443,1255,1698,443
Truck972904,1339,2683,1630,1698,68
Truck972986,2684,2443,1655,1698,43
Truck970413,2942,2683,850,1699,849
Truck971307,2776,0,1130,1699,569
Truck971815,2683,2684,1290,1699,409
Truck972032,0,2443,1360,1700,340
Truck970304,0,3119,820,1701,881
Truck972920,1339,2683,1635,1701,66
Truck973022,2943,2942,1665,1701,36
Truck970933,2566,2443,1015,1702,687
Truck971939,2443,2683,1330,1702,372
Truck971412,2444,2443,1165,1703,538
Truck971885,2942,2443,1310,1703,393
Truck972345,2224,2942,1455,1703,248
Truck971572,2444,2443,1215,1704,489
Truck972162,2225,2443,1400,1705,305
Truck970937,2224,2443,1015,1706,691
Truck972412,2777,2942,1475,1706,231
Truck972508,2777,2942,1505,1706,201
Truck969913,2224,1339,695,1707,1012
Truck970495,3119,1339,875,1707,832
Truck970559,3119,0,895,1707,812
Truck970662,2567,2566,930,1707,777
Truck970744,1339,2566,955,1707,752
Truck971382,2567,2776,1155,1707,552
Truck972050,2225,2683,1365,1707,342
Truck973018,2684,2443,1665,1707,42
Truck973038,2943,2942,1670,1707,37
Truck970773,2566,2443,965,1708,743
Truck973011,2443,2684,1665,1708,43
Truck970821,2566,1339,980,1709,729
Truck971332,2444,2443,1140,1709,569
Truck972991,3119,2942,1655,1709,54
Truck972312,1339,2225,1445,1710,265
Truck972392,1339,2225,1470,1710,240
Truck972396,2777,2942,1470,1710,240
Truck970777,2224,2443,965,1711,746
Truck973144,1339,2567,1705,1711,6
Truck970813,2942,0,975,1712,737
Truck971194,2684,2224,1095,1712,617
Truck971898,2684,2942,1315,1712,397
Truck971914,2684,2942,1320,1712,392
Truck972243,2443,1339,1425,1712,287
Truck972354,2225,2443,1460,1712,252
Truck972428,2777,2942,1480,1712,232
Truck973054,2943,2942,1675,1712,37
Truck971344,0,2444,1145,1713,568
Truck971911,2683,2684,1320,1713,393
Truck972258,2225,2443,1430,1713,283
Truck972402,2225,2443,1475,1714,239
Truck971033,2224,2443,1045,1715,670
Truck971368,1339,2776,1150,1715,565
Truck971524,2444,2567,1200,1715,515
Truck971604,2444,2443,1225,1715,490
Truck972306,2225,2443,1445,1716,271
Truck970632,1339,3119,920,1717,797
Truck971241,2224,2443,1110,1717,607
Truck971478,2567,2776,1185,1717,532
Truck971499,2776,2942,1190,1717,527
Truck972491,2776,2443,1500,1717,217
Truck972523,2776,2443,1510,1717,207
Truck972538,2684,2776,1515,1717,202
Truck973070,2943,2942,1680,1717,37
Truck971387,2776,2567,1155,1718,563
Truck971501,2942,2776,1190,1718,528
Truck973043,2443,2684,1675,1719,44
Truck973050,2684,2443,1675,1719,44
Truck970869,2566,2443,995,1720,725
Truck971699,2443,2942,1255,1720,465
Truck972476,2777,2942,1495,1720,225
Truck973023,3119,2942,1665,1720,55
Truck971627,2776,1339,1230,1721,491
Truck972539,2776,2443,1515,1721,206
Truck973086,2943,2942,1685,1721,36
Truck971168,0,2776,1090,1722,632
Truck972112,0,2684,1385,1722,337
Truck972195,2443,0,1410,1722,312
Truck973160,1339,0,1710,1722,12
Truck970615,2683,2942,915,1723,808
Truck972226,2225,2443,1420,1723,303
Truck973066,2684,2443,1680,1723,43
Truck973174,2567,1339,1715,1723,8
Truck969929,2224,2567,700,1725,1025
Truck971029,2566,2443,1045,1725,680
Truck971238,2567,2566,1110,1725,615
Truck971380,2444,2443,1155,1725,570
Truck971917,2942,2443,1320,1725,405
Truck972152,1339,2443,1395,1725,330
Truck971492,2444,2443,1190,1726,536
Truck971811,2443,2942,1290,1726,436
Truck972370,2225,2443,1465,1726,261
Truck972377,2224,2942,1465,1726,261
Truck973102,2943,2942,1690,1726,36
Truck970969,2224,2443,1025,1727,702
Truck971805,2942,2443,1285,1727,442
Truck971843,2443,2942,1300,1727,427
Truck972240,0,2225,1425,1728,303
Truck972386,2225,2567,1470,1729,259
Truck973152,0,2567,1710,1729,19
Truck970717,2942,0,945,1730,785
Truck971428,2444,2443,1170,1730,560
Truck971540,2444,2567,1205,1731,526
Truck972082,2225,2683,1375,1731,356
Truck973118,2943,2942,1695,1731,36
Truck971339,2776,2942,1140,1732,592
Truck971392,0,2776,1160,1732,572
Truck972007,2683,2684,1350,1732,382
Truck972115,2443,0,1385,1732,347
Truck973208,1339,2567,1725,1732,7
Truck970443,2776,2224,860,1733,873
Truck972444,2777,2942,1485,1733,248
Truck973206,2567,1339,1725,1733,8
Truck970781,2942,0,965,1734,769
Truck971488,0,2776,1190,1734,544
Truck970663,2683,3119,930,1735,805
Truck970679,2683,2566,935,1735,800
Truck971907,2443,2942,1320,1735,415
Truck970941,2942,1339,1015,1736,721
Truck971853,2942,2684,1300,1736,436
Truck972393,2224,2942,1470,1736,266
Truck971763,2443,2942,1275,1737,462
Truck971768,1339,2444,1275,1737,462
Truck972482,2225,2443,1500,1737,237
Truck973134,2943,2942,1700,1737,37
Truck971779,2443,2942,1280,1738,458
Truck972160,0,2443,1400,1738,338
Truck972435,2443,2776,1485,1738,253
Truck970832,0,2942,985,1739,754
Truck971515,2776,1339,1195,1739,544
Truck973184,0,2567,1720,1739,19
Truck970038,2567,2224,735,1740,1005
Truck970853,2566,2443,990,1741,751
Truck970966,2567,2566,1025,1741,716
Truck971556,2444,2443,1210,1741,531
Truck971855,3119,2684,1300,1741,441
Truck972274,2225,0,1435,1741,306
Truck972652,2777,2943,1550,1741,191
Truck973048,1339,2683,1675,1741,66
Truck973150,2943,2942,1705,1741,36
Truck971129,2224,2443,1075,1742,667
Truck971595,2776,0,1220,1742,522
Truck972443,2776,2443,1485,1742,257
Truck973047,2683,1339,1675,1742,67
Truck970901,2566,2567,1005,1745,740
Truck971017,2224,2443,1040,1745,705
Truck971834,2684,3119,1295,1745,450
Truck973130,2684,2443,1700,1745,45
Truck971731,2443,2444,1265,1746,481
Truck973166,2943,2942,1710,1746,36
Truck971679,3119,2443,1245,1747,502
Truck970009,2224,0,725,1748,1023
Truck970797,2942,2567,970,1749,779
Truck971419,2776,2567,1165,1749,584
Truck972685,2942,2777,1560,1749,189
Truck971903,3119,2443,1315,1750,435
Truck972676,2444,2566,1560,1750,190
Truck973181,2942,2943,1715,1750,35
Truck973182,2943,2942,1715,1750,35
Truck970431,3119,2683,855,1751,896
Truck972163,2443,0,1400,1751,351
Truck972214,2567,2443,1415,1751,336
Truck972460,2777,2942,1490,1751,261
Truck972620,2777,2942,1540,1751,211
Truck972747,2776,2684,1580,1751,171
Truck973062,2567,2683,1680,1751,71
Truck971791,3119,2443,1280,1752,472
Truck972555,2776,2443,1520,1752,232
Truck973162,2684,2443,1710,1752,42
Truck971077,2566,2567,1060,1753,693
Truck972623,3119,2224,1540,1753,213
Truck970025,2224,0,730,1754,1024
Truck970153,2224,2567,770,1754,984
Truck971440,0,2776,1175,1754,579
Truck971620,2444,2443,1230,1755,525
Truck971933,2942,2443,1325,1755,430
Truck973198,2943,2942,1720,1755,35
Truck970693,2566,2683,940,1756,816
Truck971091,2443,2566,1065,1756,691
Truck971355,2776,3119,1145,1756,611
Truck971451,2776,2942,1175,1757,582
Truck971668,2444,2443,1245,1757,512
Truck972013,2942,2443,1350,1757,407
Truck973272,1339,0,1745,1757,12
Truck970711,2683,2942,945,1758,813
Truck971014,2567,2566,1040,1758,718
Truck972668,2777,2942,1555,1758,203
Truck971444,2444,2683,1175,1759,584
Truck972651,2776,2443,1550,1759,209
Truck970134,2567,2224,765,1760,995
Truck971291,2776,2942,1125,1761,636
Truck973214,2943,2942,1725,1761,36
Truck970512,0,3119,885,1762,877
Truck971193,2224,2443,1095,1762,667
Truck970703,3119,2683,940,1763,823
Truck971965,2942,2443,1335,1763,428
Truck971045,2566,2443,1050,1764,714
Truck972493,2942,2777,1500,1764,264
Truck970999,2683,2942,1035,1765,730
Truck971030,2567,2942,1045,1766,721
Truck971371,2776,0,1150,1766,616
Truck973230,2943,2942,1730,1766,36
Truck970807,2683,2942,975,1767,792
Truck971032,1339,2942,1045,1767,722
Truck971675,2776,2567,1245,1767,522
Truck972328,1339,2225,1450,1767,317
Truck970992,0,2942,1035,1768,733
Truck972498,2225,2443,1505,1768,263
Truck973111,2683,2567,1695,1768,73
Truck969993,2224,2567,720,1769,1049
Truck972626,2225,2443,1545,1769,224
Truck970887,2683,2942,1000,1770,770
Truck971636,2444,2443,1235,1770,535
Truck972699,2776,2443,1565,1770,205
Truck970733,2942,0,950,1771,821
Truck970839,2683,2566,985,1771,786
Truck970909,2942,2567,1005,1771,766
Truck972074,2684,2942,1370,1771,401
Truck972524,2777,2942,1510,1771,261
Truck972556,2777,2942,1520,1771,251
Truck973246,2943,2942,1735,1771,36
Truck969808,0,2224,665,1772,1107
Truck971187,2443,2224,1095,1772,677
Truck972665,2224,3119,1555,1772,217
Truck972732,2777,2942,1575,1772,197
Truck971157,2566,2443,1085,1773,688
Truck972562,2225,2443,1525,1773,248
Truck970995,2443,2566,1035,1774,739
Truck971381,2566,2443,1155,1774,619
Truck971435,2776,2942,1170,1774,604
Truck971844,2444,2443,1300,1774,474
Truck970888,1339,2942,1000,1775,775
Truck971279,3119,2776,1120,1775,655
Truck971544,1339,2776,1205,1775,570
Truck971997,2942,2684,1345,1775,430
Truck971396,2444,2683,1160,1776,616
Truck972371,2443,2567,1465,1776,311
Truck972621,2942,2777,1540,1776,236
Truck972779,2776,2684,1590,1776,186
Truck973143,2683,2567,1705,1776,71
Truck970710,2567,2942,945,1777,832
Truck972125,2942,2443,1385,1777,392
Truck972572,2777,2942,1525,1777,252
Truck973262,2943,2942,1740,1777,37
Truck970965,2566,2683,1025,1778,753
Truck971337,2224,2684,1140,1778,638
Truck972674,2225,2443,1560,1778,218
Truck969920,0,2224,700,1779,1079
Truck970791,2683,2942,970,1779,809
Truck971107,2443,2566,1070,1779,709
Truck972636,2777,2942,1545,1779,234
Truck970918,2567,2942,1010,1780,770
Truck970997,2566,2443,1035,1780,745
Truck971104,0,2566,1070,1780,710
Truck972715,2776,2684,1570,1780,210
Truck973278,2943,2942,1745,1780,35
Truck973318,2567,0,1760,1780,20
Truck970152,1339,2224,770,1781,1011
Truck971096,1339,2942,1065,1781,716
Truck971398,2567,2776,1160,1781,621
Truck971467,2776,1339,1180,1781,601
Truck971510,2567,2776,1195,1781,586
Truck972731,2776,2684,1575,1781,206
Truck970985,2224,2443,1030,1782,752
Truck972588,2777,2942,1530,1782,252
Truck970472,1339,2224,870,1783,913
Truck971652,2444,0,1240,1783,543
Truck971922,2225,2566,1325,1783,458
Truck972170,2684,2942,1400,1783,383
Truck972540,2777,2942,1515,1783,268
Truck972604,2777,2942,1535,1783,248
Truck973251,2443,2684,1740,1783,43
Truck971803,2776,1339,1285,1784,499
Truck970064,0,2224,745,1785,1040
Truck970831,3119,1339,980,1785,805
Truck973293,2942,2943,1750,1785,35
Truck973231,3119,2942,1730,1786,56
Truck971013,2566,0,1040,1787,747
Truck972725,2566,2444,1575,1787,212
Truck973294,2943,2942,1750,1787,37
Truck970957,2942,0,1020,1788,768
Truck970759,2683,2942,960,1789,829
Truck971823,3119,2443,1290,1789,499
Truck971858,2225,2566,1305,1789,484
Truck972339,2443,1339,1455,1789,334
Truck972619,2776,2443,1540,1789,249
Truck973245,2942,3119,1735,1789,54
Truck970896,0,3119,1005,1790,785
Truck972322,2225,2683,1450,1790,340
Truck972547,2443,2225,1520,1790,270
Truck973247,3119,2942,1735,1791,56
Truck973310,2943,2942,1755,1791,36
Truck972480,0,2225,1500,1792,292
Truck972683,2776,2443,1560,1792,232
Truck971955,2443,3119,1335,1793,458
Truck972154,2684,2942,1395,1793,398
Truck972202,2684,0,1410,1793,383
Truck971015,2683,2942,1040,1794,754
Truck971531,2776,2683,1200,1794,594
Truck971901,2942,2443,1315,1794,479
Truck972095,3119,2684,1375,1794,419
Truck972278,2567,2443,1435,1794,359
Truck970960,0,2942,1025,1795,770
Truck971206,2567,2566,1100,1795,695
Truck972010,2684,3119,1350,1795,445
Truck972279,2683,2443,1435,1795,360
Truck972546,2225,2443,1520,1795,275
Truck970233,2224,0,795,1796,1001
Truck973326,2943,2942,1760,1796,36
Truck971684,2444,1339,1250,1797,547
Truck972659,2443,2225,1555,1797,242
Truck972766,2943,2777,1585,1798,213
Truck972843,2776,2443,1610,1798,188
Truck973416,1339,2567,1790,1798,8
Truck971221,2566,2567,1105,1799,694
Truck971285,2566,2443,1125,1799,674
Truck971775,3119,2443,1275,1799,524
Truck971780,2444,2443,1280,1799,519
Truck972004,2444,0,1350,1801,451
Truck972387,2443,0,1470,1801,331
Truck973279,3119,2942,1745,1801,56
Truck973342,2943,2942,1765,1801,36
Truck971549,2942,2776,1205,1802,597
Truck972336,0,2443,1455,1802,347
Truck970827,2776,2224,980,1803,823
Truck970904,1339,2942,1005,1803,798
Truck971144,1339,2942,1080,1803,723
Truck971611,2776,0,1225,1803,578
Truck971748,2444,2443,1270,1803,533
Truck972738,2225,2443,1580,1803,223
Truck972763,2776,2443,1585,1803,218
Truck973200,0,2683,1725,1803,78
Truck973322,2684,2443,1760,1803,43
Truck973430,2567,1339,1795,1803,8
Truck971828,2444,1339,1295,1804,509
Truck972186,2684,2942,1405,1805,400
Truck972311,2683,2684,1445,1805,360
Truck970815,3119,2683,975,1806,831
Truck970928,0,2942,1015,1806,791
Truck971117,2942,2567,1070,1806,736
Truck971402,2684,2224,1160,1806,646
Truck972658,2225,2443,1555,1806,251
Truck972770,2225,2443,1590,1806,216
Truck972852,2444,2566,1615,1806,191
Truck971177,2224,2443,1090,1807,717
Truck972205,2942,2443,1410,1807,397
Truck972630,2567,2225,1545,1807,262
Truck973358,2943,2942,1770,1807,37
Truck972077,2942,2443,1370,1808,438
Truck972862,2943,2777,1615,1808,193
Truck970055,2683,2224,740,1809,1069
Truck971880,1339,2444,1310,1809,499
Truck972684,2777,2942,1560,1809,249
Truck970935,2683,2942,1015,1810,795
Truck971062,2567,3119,1055,1810,755
Truck972227,2443,2942,1420,1810,390
Truck971093,2566,2443,1065,1811,746
Truck971672,1339,2444,1245,1811,566
Truck972422,2567,2684,1480,1811,331
Truck972434,2225,2683,1485,1811,326
Truck972748,2777,2942,1580,1811,231
Truck973239,2683,0,1735,1811,76
Truck973374,2943,2942,1775,1811,36
Truck970767,3119,0,960,1813,853
Truck971871,3119,2443,1305,1813,508
Truck971940,2444,2443,1330,1813,483
Truck972642,2225,1339,1550,1813,263
Truck972418,2225,2683,1480,1814,334
Truck972757,2566,2444,1585,1815,230
Truck971088,0,2942,1065,1816,751
Truck973325,2942,3119,1760,1816,56
Truck973390,2943,2942,1780,1816,36
Truck970943,3119,1339,1015,1818,803
Truck971579,2776,2683,1215,1818,603
Truck971588,2444,2683,1220,1818,598
Truck971764,2444,2443,1275,1818,543
Truck972111,3119,2443,1380,1818,438
Truck972610,2225,1339,1540,1818,278
Truck972700,2777,2942,1565,1818,253
Truck972780,2777,2942,1590,1818,228
Truck972939,2776,2443,1640,1818,178
Truck973478,2567,1339,1810,1818,8
Truck972706,2225,2443,1570,1819,249
Truck971305,2224,2443,1130,1821,691
Truck972690,2225,2443,1565,1821,256
Truck973406,2943,2942,1785,1821,36
Truck970054,2567,2224,740,1822,1082
Truck972773,2566,2444,1590,1822,232
Truck972796,2777,2942,1595,1822,227
Truck971647,3119,2776,1235,1823,588
Truck970104,1339,2224,755,1824,1069
Truck971723,2776,2567,1260,1824,564
Truck973386,2684,2443,1780,1824,44
Truck971972,2444,2443,1340,1825,485
Truck973359,3119,2942,1770,1825,55
Truck971319,2683,2942,1135,1826,691
Truck972333,2942,2684,1450,1826,376
Truck972716,2777,2942,1570,1826,256
Truck972764,2777,2942,1585,1826,241
Truck973422,2943,2942,1790,1826,36
Truck972410,2684,1339,1475,1828,353
Truck972860,2777,2942,1615,1828,213
Truck970927,3119,2683,1010,1829,819
Truck971125,2566,0,1075,1829,754
Truck970217,2224,1339,790,1830,1040
Truck971336,1339,2942,1140,1830,690
Truck973438,2943,2942,1795,1830,35
Truck970743,2683,3119,955,1832,877
Truck972147,2443,2942,1395,1832,437
Truck971112,1339,2942,1070,1833,763
Truck971151,3119,2567,1080,1833,753
Truck971495,2683,2776,1190,1833,643
Truck972338,2225,2683,1455,1833,378
Truck972515,2443,2683,1510,1833,323
Truck972722,2225,2443,1575,1833,258
Truck972733,2942,2224,1575,1833,258
Truck972876,2777,2942,1620,1833,213
Truck973391,3119,2942,1780,1833,53
Truck973418,2684,2443,1790,1833,43
Truck971924,2444,0,1325,1834,509
Truck972218,2684,2942,1415,1834,419
Truck973453,2942,2943,1800,1834,34
Truck971200,0,2942,1100,1835,735
Truck971205,2566,2443,1100,1835,735
Truck971563,2776,2942,1210,1835,625
Truck972323,2443,2942,1450,1835,385
Truck971133,2942,0,1075,1836,761
Truck973454,2943,2942,1800,1836,36
Truck970345,2224,1339,830,1837,1007
Truck972031,3119,2443,1355,1837,482
Truck972692,2444,2225,1565,1837,272
Truck971860,2444,2443,1305,1838,533
Truck971912,1339,2776,1320,1838,518
Truck972818,2225,2444,1605,1838,233
Truck970841,2224,2776,985,1839,854
Truck971787,2776,0,1280,1839,559
Truck971795,2443,2444,1285,1839,554
Truck972584,1339,2443,1530,1839,309
Truck972754,2225,2443,1585,1840,255
Truck973368,1339,2683,1775,1840,65
Truck972828,2777,2942,1605,1841,236
Truck970967,2683,2942,1025,1842,817
Truck971683,2443,2444,1250,1844,594
Truck971237,2566,2443,1110,1845,735
Truck971413,2566,2443,1165,1845,680
Truck973020,2777,2943,1665,1845,180
Truck973351,2683,0,1770,1845,75
Truck971288,1339,2942,1125,1846,721
Truck971971,2443,3119,1340,1847,507
Truck972578,2225,0,1530,1847,317
Truck972681,2224,2942,1560,1847,287
Truck972755,2443,2225,1585,1847,262
Truck972812,2777,2942,1600,1847,247
Truck973344,0,2683,1770,1847,77
Truck973560,1339,0,1835,1847,12
Truck971659,2776,2683,1240,1848,608
Truck971796,2444,0,1285,1848,563
Truck972100,2444,2443,1380,1848,468
Truck972471,2683,2443,1495,1848,353
Truck972908,2777,2943,1630,1848,218
Truck973466,2684,2443,1805,1848,43
Truck973574,2567,1339,1840,1848,8
Truck973576,1339,2567,1840,1848,8
Truck972018,2225,2566,1355,1850,495
Truck972594,2225,2443,1535,1850,315
Truck971301,2566,2443,1130,1851,721
Truck971349,2566,2443,1145,1851,706
Truck972288,0,2684,1440,1852,412
Truck971983,3119,2443,1340,1853,513
Truck972985,2224,3119,1655,1853,198
Truck971174,2567,2942,1090,1854,764
Truck972646,2567,2443,1550,1854,304
Truck973482,2684,2443,1810,1854,44
Truck973552,0,2567,1835,1854,19
Truck970438,2567,2224,860,1855,995
Truck971365,2566,2443,1150,1855,705
Truck971373,2942,1339,1150,1855,705
Truck972499,2443,1339,1505,1855,350
Truck972133,2566,2225,1390,1856,466
Truck972568,1339,2443,1525,1857,332
Truck973518,2943,2942,1820,1857,37
Truck971691,2776,1339,1250,1858,608
Truck971716,2444,2683,1260,1858,598
Truck972290,2225,2566,1440,1858,418
Truck971476,2444,2683,1185,1859,674
Truck972914,2225,2443,1635,1859,224
Truck971908,2444,2443,1320,1860,540
Truck972127,3119,2684,1385,1860,475
Truck972680,1339,2225,1560,1860,300
Truck971277,2942,1339,1120,1861,741
Truck971867,2776,0,1305,1861,556
Truck973471,3119,2942,1805,1861,56
Truck971087,3119,2567,1060,1862,802
Truck971864,1339,2444,1305,1862,557
Truck973399,2683,0,1785,1862,77
Truck973534,2943,2942,1825,1862,37
Truck971149,2942,0,1080,1863,783
Truck971385,2224,2443,1155,1863,708
Truck971405,2942,2567,1160,1863,703
Truck971851,2776,2942,1300,1863,563
Truck972736,0,2225,1580,1863,283
Truck971256,1339,2942,1115,1864,749
Truck970327,2683,2224,825,1865,1040
Truck972442,2684,2942,1485,1865,380
Truck972483,2443,1339,1500,1865,365
Truck973550,2943,2942,1830,1866,36
Truck971253,2566,2567,1115,1867,752
Truck972394,2684,2942,1470,1867,397
Truck972579,2443,2567,1530,1867,337
Truck972866,2225,2444,1620,1867,247
Truck971799,2683,2776,1285,1868,583
Truck972285,2942,2443,1435,1868,433
Truck973431,2683,2567,1795,1868,73
Truck972068,2444,2443,1370,1869,499
Truck972159,3119,2443,1395,1869,474
Truck972426,2684,2942,1480,1869,389
Truck972844,2777,2942,1610,1869,259
Truck973530,2684,2443,1825,1869,44
Truck970903,2683,2942,1005,1870,865
Truck971915,2776,1339,1320,1870,550
Truck972164,2444,2443,1400,1870,470
Truck973052,2777,2943,1675,1870,195
Truck971475,2443,2566,1185,1871,686
Truck972282,2684,3119,1435,1871,436
Truck972438,2567,2684,1485,1871,386
Truck973566,2943,2942,1835,1871,36
Truck971302,2567,2942,1130,1872,742
Truck971461,2566,2443,1180,1872,692
Truck972825,2224,2942,1605,1872,267
Truck971445,2566,2443,1175,1873,698
Truck971583,3119,2776,1215,1873,658
Truck972514,2225,2683,1510,1874,364
Truck972704,0,2225,1570,1874,304
Truck973546,2684,2443,1830,1874,44
Truck971078,2567,3119,1060,1875,815
Truck971471,3119,2776,1180,1875,695
Truck972786,2225,2443,1595,1876,281
Truck971892,2444,2443,1315,1877,562
Truck971995,2776,2942,1345,1878,533
Truck973495,2683,1339,1815,1878,63
Truck971280,0,2942,1125,1879,754
Truck972455,2683,2684,1490,1879,389
Truck972490,2684,2683,1500,1879,379
Truck972923,2776,2443,1635,1879,244
Truck972940,2777,2942,1640,1879,239
Truck971127,2683,3119,1075,1880,805
Truck971231,3119,2567,1105,1880,775
Truck972020,2444,2443,1355,1880,525
Truck973638,2567,0,1860,1880,20
Truck971245,2942,2567,1110,1881,771
Truck973598,2943,2942,1845,1881,36
Truck971317,2566,0,1135,1882,747
Truck971904,0,2444,1320,1882,562
Truck972707,2443,1339,1570,1882,312
Truck972946,2225,2443,1645,1882,237
Truck973039,3119,2224,1670,1882,212
Truck972898,2225,2443,1630,1883,253
Truck973003,2776,2443,1660,1883,223
Truck973551,3119,2942,1830,1883,53
Truck971211,2776,2224,1100,1884,784
Truck973496,1339,2683,1815,1884,69
Truck973614,2943,2942,1850,1885,35
Truck971529,2224,2443,1200,1886,686
Truck972924,2777,2942,1635,1886,251
Truck973511,2683,1339,1820,1886,66
Truck972744,1339,2443,1580,1887,307
Truck972892,2777,2942,1625,1887,262
Truck973594,2684,2443,1845,1887,42
Truck971046,2567,3119,1050,1888,838
Truck972024,1339,2776,1355,1888,533
Truck972802,2225,2443,1600,1888,288
Truck971465,2224,2443,1180,1889,709
Truck971807,3119,2776,1285,1889,604
Truck972756,2444,2225,1585,1889,304
Truck972867,2443,2225,1620,1889,269
Truck973116,2777,2943,1695,1889,194
Truck972362,2684,0,1460,1890,430
Truck972882,2225,2443,1625,1891,266
Truck972962,2225,2443,1650,1891,241
Truck973083,2776,2684,1685,1891,206
Truck972972,2777,2942,1650,1892,242
Truck973004,2777,2942,1660,1892,232
Truck973630,2943,2942,1855,1892,37
Truck973696,0,1339,1880,1892,12
Truck971947,2776,0,1330,1893,563
Truck973067,2776,2443,1680,1893,213
Truck971079,2683,2942,1060,1894,834
Truck971261,2942,2567,1115,1894,779
Truck971509,2566,2443,1195,1894,699
Truck971812,2444,2683,1290,1894,604
Truck972570,2684,2942,1525,1894,369
Truck971895,2683,2776,1315,1895,580
Truck973178,2684,2776,1715,1896,181
Truck971956,2444,2443,1335,1897,562
Truck973035,2776,2443,1670,1897,227
Truck973646,2943,2942,1860,1897,37
Truck971541,2566,2443,1205,1898,693
Truck971835,2776,2942,1295,1898,603
Truck973017,2224,2942,1665,1898,233
Truck973124,2444,2566,1700,1898,198
Truck972330,2684,3119,1450,1899,449
Truck972605,2942,2684,1535,1899,364
Truck973626,2684,2443,1855,1899,44
Truck972691,2443,0,1565,1900,335
Truck972775,2683,2443,1590,1900,310
Truck971975,2683,2776,1340,1901,561
Truck973058,2225,2443,1680,1901,221
Truck973662,2943,2942,1865,1901,36
Truck973559,2683,1339,1835,1902,67
Truck972200,1339,2444,1410,1903,493
Truck972291,2443,2942,1440,1903,463
Truck972506,2684,2942,1505,1904,399
Truck972930,2225,1339,1640,1904,264
Truck972956,2777,2942,1645,1904,259
Truck973543,2683,2567,1830,1904,74
Truck972586,2684,2942,1530,1905,375
Truck973061,2566,2444,1680,1905,225
Truck972835,2443,2225,1610,1906,296
Truck973678,2943,2942,1870,1906,36
Truck972675,2443,2683,1560,1907,347
Truck971223,2683,3119,1105,1908,803
Truck971589,2566,2443,1220,1909,689
Truck972530,2225,2566,1515,1909,394
Truck973084,2777,2942,1685,1910,225
Truck971049,2224,2776,1050,1911,861
Truck971269,2566,2683,1120,1911,791
Truck971847,2683,2444,1300,1911,611
Truck972634,2684,2942,1545,1911,366
Truck972872,1339,2443,1620,1911,291
Truck973629,2942,3119,1855,1911,56
Truck973694,2943,2942,1875,1911,36
Truck971335,2683,2942,1140,1912,772
Truck971641,2224,2443,1235,1912,677
Truck972349,2942,2443,1455,1912,457
Truck973132,2777,2942,1700,1912,212
Truck973180,2777,2943,1715,1913,198
Truck971183,3119,2567,1090,1914,824
Truck971312,0,2942,1135,1914,779
Truck971357,2942,1339,1145,1914,769
Truck972307,2443,3119,1445,1914,469
Truck972988,2777,2942,1655,1914,259
Truck971739,2776,2942,1265,1915,650
Truck973068,2777,2942,1680,1915,235
Truck973709,2942,2943,1880,1915,35
Truck971987,2443,2444,1345,1916,571
Truck973710,2943,2942,1880,1916,36
Truck972006,2567,2776,1350,1917,567
Truck972107,2776,2942,1380,1917,537
Truck972850,2225,2683,1615,1917,302
Truck971593,2224,2443,1220,1918,698
Truck972618,2684,2683,1540,1918,378
Truck972937,2224,2942,1640,1919,279
Truck972978,2225,2567,1655,1919,264
Truck973010,2225,2443,1665,1919,254
Truck973663,3119,2942,1865,1919,54
Truck972968,1339,2225,1650,1920,270
Truck972739,2443,2683,1580,1921,341
Truck973624,1339,2683,1855,1922,67
Truck973726,2943,2942,1885,1922,37
Truck971453,2942,0,1175,1923,748
Truck971732,2444,2683,1265,1923,658
Truck972151,2683,2444,1395,1923,528
Truck972746,2684,0,1580,1923,343
Truck972883,2443,1339,1625,1923,298
Truck972056,1339,2776,1365,1924,559
Truck973814,2567,1339,1915,1924,9
Truck971389,2942,1339,1155,1925,770
Truck972212,2444,2443,1415,1925,510
Truck972994,2225,0,1660,1925,265
Truck973036,2777,2942,1670,1925,255
Truck973051,2776,2443,1675,1925,250
Truck973706,2684,2443,1880,1925,45
Truck970441,2224,2683,860,1926,1066
Truck972554,2684,2942,1520,1926,406
Truck973100,2777,2942,1690,1926,236
Truck973742,2943,2942,1890,1926,36
Truck973148,2777,2942,1705,1927,222
Truck972319,3119,2443,1445,1928,483
Truck971462,2567,2942,1180,1929,749
Truck971706,2684,2224,1255,1929,674
Truck972052,2444,2683,1365,1929,564
Truck972132,2444,2443,1390,1929,539
Truck973715,2443,2684,1885,1929,44
Truck973122,2225,2567,1700,1930,230
Truck971421,2942,0,1165,1931,766
Truck971707,2776,3119,1255,1931,676
Truck972080,0,2776,1375,1931,556
Truck972778,2684,0,1590,1931,341
Truck973205,2566,2444,1725,1931,206
Truck973758,2943,2942,1895,1931,36
Truck971415,2683,2942,1165,1932,767
Truck971416,1339,2566,1165,1932,767
Truck972413,2942,2443,1475,1932,457
Truck972712,1339,2684,1570,1932,362
Truck973695,3119,2942,1875,1932,57
Truck971737,2224,2443,1265,1933,668
Truck972036,2444,2443,1360,1933,573
Truck972116,2444,2443,1385,1933,548
Truck972180,2444,2443,1405,1933,528
Truck973145,2224,3119,1705,1933,228
Truck971493,2566,1339,1190,1935,745
Truck973655,2683,2567,1865,1935,70
Truck973306,2684,2776,1755,1936,181
Truck972246,2567,2776,1425,1937,512
Truck973228,2777,2942,1730,1937,207
Truck973774,2943,2942,1900,1937,37
Truck970793,2224,1339,970,1938,968
Truck971408,0,2942,1165,1938,773
Truck971429,2566,2443,1170,1938,768
Truck972771,2443,1339,1590,1938,348
Truck971879,2683,2444,1310,1939,629
Truck973123,2443,2776,1700,1939,239
Truck972541,2942,2443,1515,1940,425
Truck973126,2567,2225,1700,1940,240
Truck971247,3119,1339,1110,1941,831
Truck972356,2444,2443,1460,1941,481
Truck972525,2942,2443,1510,1941,431
Truck970489,2224,0,875,1942,1067
Truck971781,2566,2443,1280,1942,662
Truck972287,3119,2443,1435,1942,507
Truck973790,2943,2942,1905,1942,37
Truck973864,1339,0,1930,1942,12
Truck971560,1339,2942,1210,1943,733
Truck972714,2684,1339,1570,1944,374
Truck973211,2776,2443,1725,1944,219
Truck971481,2224,2776,1185,1945,760
Truck972308,2444,2443,1445,1945,500
Truck973241,2224,3119,1735,1945,210
Truck970616,1339,2224,915,1946,1031
Truck971877,2566,2443,1310,1946,636
Truck972303,3119,2443,1440,1946,506
Truck973215,3119,2224,1725,1946,221
Truck973743,3119,2942,1890,1946,56
Truck973151,3119,2224,1705,1947,242
Truck973806,2943,2942,1910,1947,37
Truck972148,2444,2443,1395,1948,553
Truck967889,1338,2444,65,1949,1884
Truck971525,2566,2567,1200,1949,749
Truck972084,2444,2443,1375,1949,574
Truck971883,2776,3119,1310,1950,640
Truck973821,2942,2943,1915,1950,35
Truck970871,2683,2224,995,1951,956
Truck971477,2566,2443,1185,1951,766
Truck972061,2942,2776,1365,1951,586
Truck972915,2443,0,1635,1951,316
Truck973822,2943,2942,1915,1951,36
Truck973219,2443,2776,1730,1952,222
Truck973164,2777,2942,1710,1953,243
Truck973196,2777,2942,1720,1953,233
Truck973227,2776,2443,1730,1953,223
Truck971113,2224,2776,1070,1954,884
Truck971935,3119,2776,1325,1954,629
Truck973292,2777,2942,1750,1954,204
Truck972072,1339,2776,1370,1955,585
Truck971988,2444,2683,1345,1956,611
Truck972762,2684,1339,1585,1956,371
Truck973838,2943,2942,1920,1956,36
Truck971447,2683,2942,1175,1957,782
Truck971653,2566,2443,1240,1957,717
Truck972595,2443,2942,1535,1957,422
Truck973285,2566,2444,1750,1957,207
Truck971320,1339,3119,1135,1958,823
Truck972468,2444,2443,1495,1958,463
Truck973791,3119,2942,1905,1958,53
Truck971625,2224,2443,1230,1959,729
Truck972995,2443,0,1660,1959,299
Truck973818,2684,2443,1915,1959,44
Truck971257,2224,2776,1115,1960,845
Truck972267,2776,1339,1430,1960,530
Truck972800,0,2443,1600,1960,360
Truck973076,2444,2225,1685,1960,275
Truck973719,2683,0,1885,1960,75
Truck973854,2943,2942,1925,1961,36
Truck972682,2684,0,1560,1962,402
Truck973106,2225,2567,1695,1962,267
Truck973179,2776,2443,1715,1962,247
Truck972228,2444,2443,1420,1963,543
Truck972260,2444,1339,1430,1963,533
Truck972467,2443,3119,1495,1963,468
Truck973138,2225,2567,1705,1963,258
Truck971431,2683,2942,1170,1964,794
Truck972870,2567,2684,1620,1964,344
Truck973316,2444,2566,1760,1964,204
Truck973339,2776,2443,1765,1965,200
Truck972388,2444,2443,1470,1966,496
Truck973244,2777,2942,1735,1966,231
Truck973870,2943,2942,1930,1966,36
Truck972450,2225,2566,1490,1967,477
Truck973090,2225,2443,1690,1967,277
Truck973944,1339,0,1955,1967,12
Truck968129,1338,2444,140,1968,1828
Truck971573,2566,0,1215,1968,753
Truck971929,2224,2443,1325,1968,643
Truck972379,2776,1339,1465,1968,503
Truck973423,3119,2224,1790,1968,178
Truck971621,2566,2443,1230,1969,739
Truck973300,2444,2566,1755,1969,214
Truck972637,2942,2443,1545,1970,425
Truck973886,2943,2942,1935,1970,35
Truck971705,2224,2443,1255,1971,716
Truck972196,2444,2443,1410,1972,562
Truck972591,3119,2443,1530,1972,442
Truck971432,1339,3119,1170,1973,803
Truck972171,2776,3119,1400,1974,574
Truck972931,2443,2683,1640,1974,334
Truck973224,1339,2225,1730,1974,244
Truck973866,2684,2443,1930,1974,44
Truck970880,0,2224,1000,1975,975
Truck971749,2566,1339,1270,1975,705
Truck972276,2444,2443,1435,1975,540
Truck970633,2224,1339,920,1976,1056
Truck971667,2443,2224,1245,1976,731
Truck973902,2943,2942,1940,1976,36
Truck970553,2224,1339,895,1977,1082
Truck967940,2444,1338,80,1978,1898
Truck968100,2444,1338,130,1978,1848
Truck971717,2566,2443,1260,1978,718
Truck973187,2443,2225,1720,1978,258
Truck971670,2567,2942,1245,1979,734
Truck972372,2444,1339,1465,1979,514
Truck972237,2942,2776,1420,1980,560
Truck972559,3119,2443,1520,1980,460
Truck973154,2225,2567,1710,1980,270
Truck973434,2684,2776,1795,1980,185
Truck967793,1338,2444,35,1981,1946
Truck971849,2224,2443,1300,1981,681
Truck972653,2942,2443,1550,1981,431
Truck973000,1339,2443,1660,1981,321
Truck973918,2943,2942,1945,1981,36
Truck972834,2225,2683,1610,1982,372
Truck973212,2777,2942,1725,1982,257
Truck973282,2225,2443,1750,1982,232
Truck973992,1339,0,1970,1982,12
Truck973158,2567,2225,1710,1983,273
Truck973260,2777,2942,1740,1983,243
Truck973308,2777,2942,1755,1983,228
Truck971640,1339,2942,1235,1984,749
Truck973112,1339,2225,1695,1984,289
Truck971605,2566,2443,1225,1986,761
Truck972466,2225,2566,1495,1986,491
Truck972826,2684,0,1605,1986,381
Truck973340,2777,2942,1765,1986,221
Truck973429,2566,2444,1795,1986,191
Truck973934,2943,2942,1950,1986,36
Truck971437,2942,2567,1170,1987,817
Truck972979,2443,2683,1655,1987,332
Truck973190,2567,2443,1720,1987,267
Truck974000,0,1339,1975,1987,12
Truck971575,2683,2942,1215,1989,774
Truck971893,2566,2443,1315,1989,674
Truck973907,2443,2684,1945,1989,44
Truck971414,2567,3119,1165,1990,825
Truck973950,2943,2942,1955,1991,36
Truck972643,2443,2942,1550,1992,442
Truck972976,0,2684,1655,1992,337
Truck973266,2225,0,1745,1992,247
Truck973276,2777,2942,1745,1993,248
Truck973355,2776,2443,1770,1993,223
Truck973403,2776,2443,1785,1993,208
Truck973095,2683,2225,1690,1994,304
Truck973930,2684,2443,1950,1994,44
Truck971367,2683,2942,1150,1995,845
Truck973275,2776,2443,1745,1995,250
Truck972419,2443,2444,1480,1996,516
Truck973356,2777,2942,1770,1996,226
Truck973966,2943,2942,1960,1996,36
Truck972564,2444,2443,1525,1997,472
Truck972411,2776,0,1475,1998,523
Truck973186,2225,2443,1720,1998,278
Truck973323,2776,2443,1760,1998,238
Truck972183,2683,2776,1405,1999,594
Truck972315,2776,3119,1445,1999,554
Truck972934,2567,2684,1640,1999,359
Truck973982,2943,2942,1965,2000,35
Truck970569,2224,2683,900,2001,1101
Truck971669,2566,2443,1245,2001,756
Truck971832,1339,2942,1295,2001,706
Truck973234,2225,2443,1735,2002,267
Truck973435,2776,2443,1795,2002,207
Truck973847,2683,0,1925,2002,77
Truck973324,2777,2942,1760,2003,243
Truck973547,2776,2684,1830,2003,173
Truck972627,2443,2942,1545,2004,459
Truck968065,1338,2444,120,2005,1885
Truck972326,2567,2776,1450,2005,555
Truck972342,2567,2444,1455,2005,550
Truck973136,0,2225,1705,2005,300
Truck973998,2943,2942,1970,2005,35
Truck972079,3119,2776,1370,2006,636
Truck973218,2225,2444,1730,2006,276
Truck973470,2943,2777,1805,2006,201
Truck973578,2684,2776,1840,2006,166
Truck972247,2683,2444,1425,2007,582
Truck971689,2224,2443,1250,2008,758
Truck973451,2776,2443,1800,2008,208
Truck974054,2567,0,1990,2008,18
Truck974086,2567,1339,2000,2008,8
Truck971733,2566,2683,1265,2009,744
Truck973878,2567,2683,1935,2009,74
Truck971734,2567,2566,1265,2010,745
Truck973155,2443,2567,1710,2010,300
Truck974014,2943,2942,1975,2010,35
Truck971568,0,2942,1215,2011,796
Truck971755,2776,2224,1270,2011,741
Truck972701,2942,2443,1565,2011,446
Truck973372,2777,2942,1775,2011,236
Truck971351,2683,3119,1145,2012,867
Truck972452,2444,2443,1490,2012,522
Truck972922,2684,2567,1635,2012,377
Truck973411,2443,2776,1790,2012,222
Truck971551,3119,1339,1205,2014,809
Truck972395,2776,2567,1470,2014,544
Truck972783,3119,2684,1590,2014,424
Truck973091,2443,2683,1690,2014,324
Truck973502,2943,2777,1815,2015,200
Truck974030,2943,2942,1980,2015,35
Truck972292,2444,2443,1440,2016,576
Truck972671,3119,2443,1555,2016,461
Truck973404,2777,2942,1785,2016,231
Truck973486,2943,2777,1810,2016,206
Truck971607,2683,2942,1225,2017,792
Truck971824,0,2566,1295,2017,722
Truck973298,2225,0,1755,2017,262
Truck973352,1339,2225,1770,2017,247
Truck974120,1339,2567,2010,2017,7
Truck971859,2443,2566,1305,2018,713
Truck973203,2443,2225,1725,2018,293
Truck971693,2942,1339,1250,2019,769
Truck972845,2942,2684,1610,2019,409
Truck971861,2566,2443,1305,2020,715
Truck971547,2776,2224,1205,2021,816
Truck973334,2567,2225,1765,2021,256
Truck973468,2777,2942,1805,2021,216
Truck974046,2943,2942,1985,2021,36
Truck971608,1339,3119,1225,2022,797
Truck972090,2684,2224,1375,2022,647
Truck973888,0,2683,1940,2022,82
Truck971744,0,2566,1270,2023,753
Truck972596,2444,2443,1535,2023,488
Truck971711,3119,2567,1255,2024,769
Truck973346,2225,2567,1770,2024,254
Truck973388,2777,2942,1780,2024,244
Truck971639,2683,3119,1235,2025,790
Truck974026,2684,2443,1980,2025,45
Truck972639,3119,2443,1545,2026,481
Truck974062,2943,2942,1990,2026,36
Truck972527,3119,2443,1510,2027,517
Truck973139,2443,0,1705,2027,322
Truck973362,2225,2444,1775,2027,252
Truck967717,2566,1338,10,2028,2018
Truck971837,2942,0,1295,2028,733
Truck972331,2776,2942,1450,2028,578
Truck972669,2942,2443,1555,2028,473
Truck974042,2684,2443,1985,2028,43
Truck971766,2567,2942,1275,2029,754
Truck971769,2224,2443,1275,2029,754
Truck971840,0,2566,1300,2029,729
Truck972548,2444,2443,1520,2029,509
Truck973289,2224,2942,1750,2029,279
Truck970968,1339,2224,1025,2030,1005
Truck973064,1339,2443,1680,2030,350
Truck973347,2443,2225,1770,2030,260
Truck974078,2943,2942,1995,2030,35
Truck972500,2444,2443,1505,2031,526
Truck972749,2942,2443,1580,2031,451
Truck973532,2777,2943,1825,2031,206
Truck971600,0,2942,1225,2032,807
Truck972314,2684,2224,1445,2032,587
Truck972436,2444,0,1485,2032,547
Truck971798,2567,2942,1285,2033,748
Truck972042,2684,2224,1360,2033,673
Truck972484,2444,2443,1500,2033,533
Truck973309,2942,2224,1755,2034,279
Truck974058,2684,2443,1990,2034,44
Truck974134,2567,0,2015,2034,19
Truck971814,2567,2566,1290,2035,745
Truck971846,2567,2942,1300,2035,735
Truck972404,2444,0,1475,2035,560
Truck973445,2566,2444,1800,2036,236
Truck974094,2943,2942,2000,2036,36
Truck971881,2224,2443,1310,2037,727
Truck971637,2566,2443,1235,2038,803
Truck972299,2776,0,1440,2038,598
Truck972363,2776,2683,1460,2038,578
Truck972819,2443,2942,1605,2038,433
Truck967685,2566,1338,0,2039,2039
Truck972026,2684,2224,1355,2039,684
Truck972324,2444,2683,1450,2039,589
Truck972607,3119,2443,1535,2039,504
Truck973484,2777,2942,1810,2039,229
Truck970727,2683,2224,950,2040,1090
Truck973436,2777,2942,1795,2040,245
Truck974047,3119,2942,1985,2040,55
Truck974110,2943,2942,2005,2040,35
Truck972071,2683,2444,1370,2041,671
Truck973420,2777,2942,1790,2041,251
Truck973499,2776,2684,1815,2041,226
Truck974045,2942,3119,1985,2041,56
Truck973474,2225,2443,1810,2042,232
Truck973596,2777,2942,1845,2042,197
Truck968085,2566,1338,125,2043,1918
Truck972571,2776,2942,1525,2043,518
Truck973304,1339,2225,1755,2043,288
Truck973426,2225,2567,1795,2043,248
Truck973475,2443,2776,1810,2043,233
Truck973500,2777,2943,1815,2043,228
Truck973643,2776,2443,1860,2043,183
Truck974090,2684,2443,2000,2043,43
Truck972947,2443,2942,1645,2044,399
Truck973371,2776,2443,1775,2044,269
Truck973990,2567,2683,1970,2044,74
Truck971829,2566,0,1295,2045,750
Truck972507,2776,2942,1505,2046,541
Truck972874,2684,3119,1620,2046,426
Truck972941,2942,2443,1640,2046,406
Truck973564,2777,2942,1835,2046,211
Truck971615,3119,2683,1225,2047,822
Truck971645,2942,2683,1235,2047,812
Truck971703,2683,2942,1255,2047,792
Truck971989,2566,2443,1345,2047,702
Truck974126,2943,2942,2010,2047,37
Truck971063,2683,2224,1055,2048,993
Truck972244,2444,2683,1425,2048,623
Truck972575,3119,2443,1525,2048,523
Truck973580,2777,2942,1840,2048,208
Truck971597,2942,2683,1220,2049,829
Truck972073,2224,2443,1370,2049,679
Truck973142,2567,2443,1705,2049,344
Truck972890,2684,3119,1625,2050,425
Truck973170,2225,2683,1715,2050,335
Truck973378,2225,2567,1780,2050,270
Truck973385,2224,2942,1780,2050,270
Truck973452,2777,2942,1800,2050,250
Truck973565,2942,2777,1835,2050,215
Truck974079,3119,2942,1995,2050,55
Truck970934,2567,2224,1015,2051,1036
Truck972813,2942,2443,1600,2051,451
Truck974142,2943,2942,2015,2051,36
Truck968116,2444,1338,135,2052,1917
Truck972025,2224,2443,1355,2052,697
Truck972877,2942,2443,1620,2052,432
Truck973448,1339,2225,1800,2052,252
Truck973490,2225,0,1815,2052,237
Truck973522,2225,2443,1825,2052,227
Truck973582,2943,2777,1840,2052,212
Truck971559,2683,2566,1210,2053,843
Truck971606,2567,3119,1225,2053,828
Truck973016,1339,2684,1665,2053,388
Truck971663,3119,2683,1240,2054,814
Truck971736,1339,2566,1265,2054,789
Truck972751,3119,2684,1580,2054,474
Truck972781,2942,2443,1590,2055,465
Truck974122,2684,2443,2010,2055,45
Truck972008,1339,2942,1350,2056,706
Truck972201,2224,2684,1410,2056,646
Truck972628,2444,2443,1545,2056,511
Truck973427,2443,2225,1795,2056,261
Truck973708,2777,2943,1880,2056,176
Truck971782,2567,2942,1280,2057,777
Truck972021,2566,2443,1355,2057,702
Truck973031,2683,2684,1670,2057,387
Truck973555,2443,2776,1835,2058,223
Truck971797,2566,2443,1285,2059,774
Truck972970,2684,2942,1650,2059,409
Truck973442,2225,0,1800,2059,259
Truck973692,2777,2943,1875,2059,184
Truck974138,2684,2443,2015,2059,44
Truck972233,2224,2684,1420,2060,640
Truck973417,2224,2942,1790,2060,270
Truck972091,2776,3119,1375,2061,686
Truck974174,2943,2942,2025,2061,36
Truck972070,2567,2566,1370,2062,692
Truck972925,2942,2443,1635,2063,428
Truck973494,2567,2225,1815,2063,248
Truck972022,2567,2942,1355,2064,709
Truck972235,2776,3119,1420,2064,644
Truck973549,2942,2224,1830,2064,234
Truck973194,2684,1339,1720,2065,345
Truck971208,1339,2224,1100,2066,966
Truck972051,2443,2224,1365,2066,701
Truck973002,2684,2942,1660,2066,406
Truck974190,2943,2942,2030,2066,36
Truck973625,2224,3119,1855,2067,212
Truck971685,2566,2443,1250,2068,818
Truck971161,2224,1339,1085,2069,984
Truck972153,2224,2443,1395,2069,674
Truck973410,2225,2443,1790,2069,279
Truck973458,2225,1339,1805,2069,264
Truck974070,2567,2683,1995,2069,74
Truck970912,0,2224,1010,2070,1060
Truck972724,2444,2443,1575,2070,495
Truck974246,2567,0,2050,2070,20
Truck971773,2942,0,1275,2071,796
Truck973192,1339,2684,1720,2071,351
Truck974103,2683,1339,2005,2071,66
Truck974206,2943,2942,2035,2071,36
Truck970998,2567,2224,1035,2072,1037
Truck971720,1339,3119,1260,2072,812
Truck971973,2566,2443,1340,2072,732
Truck973770,2684,2776,1900,2072,172
Truck972099,2443,2224,1380,2073,693
Truck973548,2777,2942,1830,2073,243
Truck974087,2683,2567,2000,2073,73
Truck971757,2942,1339,1270,2074,804
Truck973631,3119,2224,1855,2074,219
Truck974159,3119,2942,2020,2074,54
Truck971821,2942,2683,1290,2075,785
Truck972576,0,2444,1530,2075,545
Truck972957,2942,2443,1645,2075,430
Truck972138,2684,2224,1390,2076,686
Truck972427,2776,2942,1480,2076,596
Truck971776,0,2942,1280,2077,797
Truck971816,1339,3119,1290,2077,787
Truck971831,2683,2942,1295,2077,782
Truck971961,2224,2443,1335,2078,743
Truck972069,2566,2443,1370,2078,708
Truck971957,2566,1339,1335,2079,744
Truck972085,2566,2443,1375,2079,704
Truck973264,0,2443,1745,2079,334
Truck974310,2567,1339,2070,2079,9
Truck973612,2777,2942,1850,2080,230
Truck973636,2444,2566,1860,2080,220
Truck972297,2224,2684,1440,2081,641
Truck973516,2777,2942,1820,2081,261
Truck974328,1339,2567,2075,2081,6
Truck972041,2224,2443,1360,2082,722
Truck972298,2684,2224,1440,2082,642
Truck974238,2943,2942,2045,2082,37
Truck974189,2942,3119,2030,2083,53
Truck971925,2566,0,1325,2084,759
Truck972035,2443,2566,1360,2084,724
Truck971503,3119,2567,1190,2085,895
Truck972005,2566,2443,1350,2085,735
Truck973098,2684,2567,1690,2085,395
Truck973675,2776,2443,1870,2085,215
Truck974254,2943,2942,2050,2085,35
Truck968353,1338,2444,210,2086,1876
Truck972166,2567,2942,1400,2086,686
Truck972512,0,2444,1510,2086,576
Truck973315,2443,2567,1760,2086,326
Truck973320,1339,2443,1760,2086,326
Truck973437,2942,2224,1795,2086,291
Truck974234,2684,2443,2045,2087,42
Truck972632,1339,2444,1545,2088,543
Truck974135,2683,2567,2015,2088,73
Truck971848,1339,2942,1300,2089,789
Truck971981,2942,1339,1340,2089,749
Truck972053,2566,2443,1365,2090,725
Truck972313,2224,2684,1445,2090,645
Truck973254,2567,2684,1740,2090,350
Truck974112,0,2683,2010,2090,80
Truck973539,2443,2225,1830,2092,262
Truck972101,2566,2443,1380,2093,713
Truck973628,2777,2942,1855,2093,238
Truck974128,0,2683,2015,2093,78
Truck972660,2444,2443,1555,2094,539
Truck973267,2443,2567,1745,2095,350
Truck972117,2566,2443,1385,2096,711
Truck972603,2776,0,1535,2096,561
Truck972735,3119,2443,1575,2096,521
Truck972608,0,2776,1540,2097,557
Truck973216,0,2684,1730,2097,367
Truck973331,2443,0,1765,2097,332
Truck974286,2943,2942,2060,2097,37
Truck972550,2567,2776,1520,2098,578
Truck971145,2224,1339,1080,2099,1019
Truck973274,2684,2942,1745,2099,354
Truck971941,2566,2683,1330,2100,770
Truck973082,2684,2942,1685,2100,415
Truck974301,2942,2943,2065,2100,35
Truck972275,2443,2566,1435,2101,666
Truck974302,2943,2942,2065,2101,36
Truck973586,2225,2567,1845,2102,257
Truck972708,2444,2443,1570,2103,533
Truck973034,2684,3119,1670,2103,433
Truck973114,2684,1339,1695,2103,408
Truck973613,2942,2224,1850,2103,253
Truck974160,0,2683,2025,2103,78
Truck972346,2684,2224,1455,2104,649
Truck972989,2942,2443,1655,2104,449
Truck974282,2684,2443,2060,2104,44
Truck973538,2225,2567,1830,2106,276
Truck973660,2777,2942,1865,2106,241
Truck971999,3119,2567,1345,2107,762
Truck973691,2776,2443,1875,2107,232
Truck972176,0,2566,1405,2108,703
Truck972600,1339,2776,1535,2108,573
Truck973191,2683,2443,1720,2109,389
Truck973787,2776,2684,1905,2109,204
Truck971207,2683,2224,1100,2110,1010
Truck972552,1339,2776,1520,2110,590
Truck973261,2942,2684,1740,2110,370
Truck971048,1339,2224,1050,2111,1061
Truck971952,0,2942,1335,2111,776
Truck972532,2444,2683,1515,2111,596
Truck972900,2444,2443,1630,2111,481
Truck973666,2225,2443,1870,2111,241
Truck973676,2777,2942,1870,2111,241
Truck967713,1338,2566,10,2112,2102
Truck967829,2566,1338,45,2112,2067
Truck971869,2942,1339,1305,2112,807
Truck972304,0,2776,1445,2112,667
Truck973644,2777,2942,1860,2112,252
Truck974334,2943,2942,2075,2112,37
Truck973584,0,2225,1845,2113,268
Truck973618,2225,2443,1855,2113,258
Truck973611,2776,2443,1850,2115,265
Truck971944,1339,3119,1330,2116,786
Truck972309,2566,2443,1445,2116,671
Truck974287,3119,2942,2060,2116,56
Truck972179,2443,2224,1405,2117,712
Truck972475,2776,2567,1495,2117,622
Truck974350,2943,2942,2080,2117,37
Truck973554,2225,0,1835,2118,283
Truck973595,2776,2443,1845,2118,273
Truck973773,2942,2777,1900,2118,218
Truck972599,2683,2444,1535,2119,584
Truck973171,2443,2942,1715,2119,404
Truck973650,2225,2443,1865,2120,255
Truck974366,2943,2942,2085,2120,35
Truck972772,2444,2443,1590,2121,531
Truck972851,2443,3119,1615,2121,506
Truck972948,2444,2443,1645,2121,476
Truck973240,1339,2684,1735,2121,386
Truck972667,2776,2942,1555,2122,567
Truck972966,2567,2444,1650,2122,472
Truck973101,2942,2443,1690,2123,433
Truck973258,2684,1339,1740,2123,383
Truck972249,2224,2443,1425,2124,699
Truck972150,2567,2942,1395,2125,730
Truck972459,2776,3119,1490,2125,635
Truck974382,2943,2942,2090,2125,35
Truck972181,2566,2443,1405,2126,721
Truck974280,1339,2683,2060,2126,66
Truck971839,3119,2683,1295,2127,832
Truck972089,2224,2443,1375,2127,752
Truck972696,1339,2776,1565,2127,562
Truck973210,2684,2942,1725,2127,402
Truck971920,0,2942,1325,2128,803
Truck972165,2566,2443,1400,2128,728
Truck972728,1339,2776,1575,2128,553
Truck974240,0,2683,2050,2128,78
Truck972045,2942,1339,1360,2129,769
Truck972776,1339,2444,1590,2129,539
Truck973756,2777,2942,1895,2129,234
Truck973817,2224,3119,1915,2129,214
Truck972836,2444,2567,1610,2130,520
Truck973229,2942,2443,1730,2130,400
Truck973724,2777,2942,1885,2130,245
Truck971321,2224,1339,1135,2131,996
Truck972096,0,2942,1380,2131,751
Truck973673,2224,2942,1870,2131,261
Truck974398,2943,2942,2095,2131,36
Truck972820,2444,2443,1605,2132,527
Truck973634,2225,2443,1860,2132,272
Truck973740,2777,2942,1890,2132,242
Truck967700,2444,1338,5,2133,2128
Truck973283,2443,2942,1750,2133,383
Truck971369,2224,0,1150,2134,984
Truck972118,2567,2942,1385,2134,749
Truck971942,2567,2566,1330,2135,805
Truck972868,2444,2443,1620,2135,515
Truck973472,0,2443,1810,2135,325
Truck973667,2443,2225,1870,2135,265
Truck974378,2684,2443,2090,2135,45
Truck973785,2224,3119,1905,2136,231
Truck974414,2943,2942,2100,2136,36
Truck971992,1339,2942,1345,2137,792
Truck973146,2684,2942,1705,2137,432
Truck973263,3119,2684,1740,2138,398
Truck973290,2684,0,1750,2138,388
Truck973432,1339,2443,1795,2138,343
Truck973705,2224,2942,1880,2138,258
Truck973852,2777,2942,1925,2138,213
Truck971909,2566,2683,1320,2139,819
Truck972229,2566,2443,1420,2139,719
Truck973972,2444,2566,1965,2139,174
Truck974294,2567,2683,2065,2139,74
Truck973085,2942,2443,1685,2140,455
Truck973117,2942,2443,1695,2140,445
Truck973402,2684,1339,1785,2140,355
Truck973782,2567,2225,1905,2140,235
Truck973609,2224,2942,1850,2141,291
Truck972211,2443,2566,1415,2142,727
Truck973013,2566,2225,1665,2142,477
Truck973810,2225,2443,1915,2142,227
Truck973819,2776,2443,1915,2142,227
Truck974430,2943,2942,2105,2142,37
Truck972173,2942,2683,1400,2143,743
Truck973570,2225,2443,1840,2143,303
Truck973682,2225,2443,1875,2143,268
Truck973804,2777,2942,1910,2143,233
Truck974410,2684,2443,2100,2143,43
Truck972489,2224,2443,1500,2145,645
Truck972975,3119,2443,1650,2145,495
Truck973730,2225,2567,1890,2145,255
Truck974288,0,2683,2065,2145,80
Truck973242,2684,2683,1735,2146,411
Truck973788,2777,2942,1905,2146,241
Truck974311,2683,0,2070,2146,76
Truck974446,2943,2942,2110,2146,36
Truck972389,2566,2443,1470,2147,677
Truck973479,2683,2225,1810,2147,337
Truck974426,2684,2443,2105,2148,43
Truck972788,2444,1339,1595,2149,554
Truck973778,2225,2444,1905,2149,244
Truck971910,2567,3119,1320,2150,830
Truck972149,2566,1339,1395,2150,755
Truck972261,2566,2443,1430,2150,720
Truck973654,2567,2225,1865,2150,285
Truck973772,2777,2942,1900,2150,250
Truck973379,2443,2683,1780,2151,371
Truck974462,2943,2942,2115,2151,36
Truck971753,2224,2776,1270,2152,882
Truck972157,2942,1339,1395,2152,757
Truck972624,0,2776,1545,2152,607
Truck974528,0,1339,2140,2152,12
Truck973913,2224,3119,1945,2153,208
Truck973932,2777,2942,1950,2153,203
Truck972087,2683,2942,1375,2154,779
Truck971943,2683,2566,1330,2155,825
Truck971951,3119,0,1330,2155,825
Truck972231,2683,2942,1420,2155,735
Truck973133,2942,2443,1700,2155,455
Truck973837,2942,2224,1920,2155,235
Truck974413,2942,3119,2100,2155,55
Truck974478,2943,2942,2120,2155,35
Truck972064,0,2942,1370,2156,786
Truck972409,2224,2443,1475,2156,681
Truck973213,2942,2684,1725,2156,431
Truck973916,2777,2942,1945,2156,211
Truck973338,2684,2683,1765,2157,392
Truck974343,2683,0,2080,2157,77
Truck973135,3119,2443,1700,2158,458
Truck973562,2684,2567,1835,2158,323
Truck973794,2225,2443,1910,2158,248
Truck973826,2225,1339,1920,2158,238
Truck973900,2777,2942,1940,2158,218
Truck972029,2942,0,1355,2159,804
Truck972086,2567,2942,1375,2159,784
Truck972421,2566,2443,1480,2159,679
Truck973370,2684,2942,1775,2159,384
Truck973383,2683,2443,1780,2159,379
Truck973443,2443,0,1800,2159,359
Truck973964,2777,2942,1960,2159,199
Truck974566,2567,1339,2150,2159,9
Truck972644,2444,2683,1550,2160,610
Truck973868,2777,2942,1930,2160,230
Truck968660,2444,1338,305,2161,1856
Truck972253,2942,2567,1425,2161,736
Truck973107,2443,3119,1695,2161,466
Truck974494,2943,2942,2125,2161,36
Truck972325,2566,2443,1450,2162,712
Truck974568,1339,0,2150,2162,12
Truck972213,2566,2443,1415,2163,748
Truck972405,2566,2443,1475,2163,688
Truck973226,2684,3119,1730,2163,433
Truck973956,2444,2566,1960,2163,203
Truck974359,2683,0,2085,2163,78
Truck971401,2224,1339,1160,2164,1004
Truck973012,2444,2443,1665,2164,499
Truck972971,2776,2942,1650,2165,515
Truck973523,2443,2567,1825,2165,340
Truck973906,2225,2443,1945,2165,220
Truck973948,2777,2942,1955,2165,210
Truck974510,2943,2942,2130,2165,35
Truck971887,3119,0,1310,2166,856
Truck972317,2942,1339,1445,2166,721
Truck972803,2443,2444,1600,2166,566
Truck973828,2444,2225,1920,2166,246
Truck972221,2942,0,1415,2169,754
Truck972964,2444,1339,1650,2170,520
Truck973060,2444,2443,1680,2170,490
Truck973700,2444,2225,1880,2170,290
Truck974526,2943,2942,2135,2170,35
Truck972703,3119,2776,1565,2171,606
Truck972996,2444,2567,1660,2171,511
Truck973734,2567,2443,1890,2171,281
Truck973836,2777,2942,1920,2171,251
Truck972262,2567,2942,1430,2172,742
Truck973698,2225,2443,1880,2172,292
Truck973748,2444,2225,1895,2172,277
Truck974012,2777,2942,1975,2172,197
Truck974463,3119,2942,2115,2172,57
Truck972457,2224,2443,1490,2173,683
Truck973172,2444,2443,1715,2173,458
Truck974582,2567,0,2155,2173,18
Truck967986,2225,1338,95,2174,2079
Truck972256,0,2942,1430,2174,744
Truck972429,2942,1339,1480,2174,694
Truck973059,2443,3119,1680,2174,494
Truck973277,2942,2443,1745,2175,430
Truck974479,3119,2942,2120,2175,55
Truck973507,2443,0,1820,2176,356
Truck974407,2683,0,2100,2176,76
Truck971318,2567,2224,1135,2177,1042
Truck973167,3119,2443,1710,2177,467
Truck973923,2443,2776,1950,2177,227
Truck973980,2777,2942,1965,2177,212
Truck974542,2943,2942,2140,2177,37
Truck972473,2224,2443,1495,2178,683
Truck974522,2684,2443,2135,2178,43
Truck972039,2683,3119,1360,2179,819
Truck972103,2683,2942,1380,2179,799
Truck972804,2444,0,1600,2179,579
Truck972827,2776,2942,1605,2179,574
Truck973392,0,2684,1785,2179,394
Truck973999,3119,2224,1970,2179,209
Truck974598,2567,0,2160,2179,19
Truck971504,0,2224,1195,2180,985
Truck972980,2444,1339,1655,2180,525
Truck973714,2225,2443,1885,2180,295
Truck973820,2777,2942,1915,2180,265
Truck974558,2943,2942,2145,2180,35
Truck972199,2683,2942,1410,2181,771
Truck972585,2224,2684,1530,2181,651
Truck973506,2225,2683,1820,2181,361
Truck972189,2942,2683,1405,2182,777
Truck973055,3119,2443,1675,2182,507
Truck973587,2443,0,1845,2182,337
Truck974624,0,1339,2170,2182,12
Truck972441,2224,2443,1485,2183,698
Truck973672,1339,2225,1870,2183,313
Truck972695,2683,2776,1565,2184,619
Truck973389,2942,2443,1780,2184,404
Truck973514,2684,2942,1820,2184,364
Truck974538,2684,2443,2140,2184,44
Truck972207,3119,0,1410,2185,775
Truck973498,2684,2942,1815,2185,370
Truck974574,2943,2942,2150,2185,35
Truck968225,1338,2566,170,2186,2016
Truck972365,2942,1339,1460,2186,726
Truck973007,3119,2443,1660,2186,526
Truck973979,2776,2443,1965,2186,221
Truck972329,2224,2443,1450,2188,738
Truck973044,2444,2443,1675,2188,513
Truck973849,2224,2942,1925,2188,263
Truck972301,2942,1339,1440,2189,749
Truck972563,2443,2224,1525,2189,664
Truck973301,2566,2225,1755,2189,434
Truck974547,2443,2684,2145,2189,44
Truck973884,2777,2942,1935,2190,255
Truck974011,2776,2443,1975,2190,215
Truck974156,2777,2943,2020,2190,170
Truck972859,2776,2942,1615,2191,576
Truck973874,2225,2444,1935,2191,256
Truck974590,2943,2942,2155,2191,36
Truck973027,2443,3119,1670,2192,522
Truck973314,2225,2566,1760,2192,432
Truck973858,2225,2443,1930,2192,262
Truck973955,2443,2776,1960,2192,232
Truck972400,0,2942,1475,2193,718
Truck974091,2776,2443,2000,2193,193
Truck974640,0,2567,2175,2193,18
Truck972341,2566,2443,1455,2194,739
Truck972453,2566,2443,1490,2195,705
Truck973703,2683,2443,1880,2195,315
Truck974541,2942,3119,2140,2195,55
Truck972109,2942,2567,1380,2196,816
Truck972216,1339,2942,1415,2196,781
Truck972397,2942,0,1470,2196,726
Truck973512,1339,2684,1820,2196,376
Truck974606,2943,2942,2160,2196,36
Truck971209,2224,0,1100,2197,1097
Truck972264,1339,2942,1430,2197,767
Truck971417,2224,2567,1165,2198,1033
Truck972320,0,2566,1450,2198,748
Truck972697,2224,2443,1565,2198,633
Truck973096,1339,2444,1690,2198,508
Truck973610,2684,2942,1850,2198,348
Truck974068,2444,2566,1995,2198,203
Truck972038,2567,3119,1360,2199,839
Truck973842,2225,2443,1925,2199,274
Truck974158,2943,2777,2020,2199,179
Truck974464,0,2683,2120,2199,79
Truck974557,2942,3119,2145,2200,55
Truck971353,2224,2683,1145,2201,1056
Truck972144,0,2942,1395,2201,806
Truck972191,3119,2567,1405,2201,796
Truck974622,2943,2942,2165,2201,36
Truck968801,1338,2444,350,2202,1852
Truck974034,2225,2443,1985,2203,218
Truck974638,2943,2942,2170,2205,35
Truck971464,1339,2224,1180,2206,1026
Truck972255,3119,1339,1425,2206,781
Truck972373,2566,2443,1465,2206,741
Truck972474,2684,2224,1495,2206,711
Truck972795,2776,2567,1595,2206,611
Truck972531,2443,2566,1515,2207,692
Truck972777,2224,2684,1590,2207,617
Truck972517,2566,2443,1510,2208,698
Truck972759,2683,2776,1585,2208,623
Truck971545,2224,1339,1205,2209,1004
Truck973363,2443,2942,1775,2209,434
Truck973606,2567,2443,1850,2209,359
Truck973945,2224,2942,1955,2209,254
Truck974044,2777,2942,1985,2209,224
Truck974551,2683,1339,2145,2209,64
Truck971657,2224,1339,1240,2210,970
Truck973028,2444,2567,1670,2210,540
Truck973686,2567,2443,1875,2210,335
Truck974654,2943,2942,2175,2210,35
Truck971958,2567,3119,1335,2212,877
Truck972175,3119,1339,1400,2212,812
Truck972437,2566,2443,1485,2212,727
Truck972573,2942,2567,1525,2212,687
Truck974728,1339,0,2200,2212,12
Truck974742,2567,1339,2205,2212,7
Truck974222,2943,2777,2040,2213,173
Truck974066,2225,2444,1995,2214,219
Truck972649,2224,2443,1550,2215,665
Truck972973,2942,2776,1650,2215,565
Truck974670,2943,2942,2180,2215,35
Truck972477,2942,2567,1495,2216,721
Truck968436,2444,1338,235,2217,1982
Truck972907,2776,2683,1630,2217,587
Truck973330,2225,2566,1765,2217,452
Truck974219,2776,2684,2040,2218,178
Truck974220,2777,2943,2040,2218,178
Truck974650,2684,2443,2175,2218,43
Truck972384,0,2942,1470,2219,749
Truck972521,2224,2443,1510,2219,709
Truck973746,2225,2683,1895,2219,324
Truck973996,2777,2942,1970,2219,249
Truck974720,0,2567,2200,2219,19
Truck972055,2683,3119,1365,2220,855
Truck972635,2776,3119,1545,2220,675
Truck974013,2942,2777,1975,2220,245
Truck973544,1339,2684,1830,2221,391
Truck974076,2777,2942,1995,2221,226
Truck974686,2943,2942,2185,2221,36
Truck972581,2566,2443,1530,2222,692
Truck973311,3119,2443,1755,2222,467
Truck974776,1339,2567,2215,2222,7
Truck973642,2684,2683,1860,2223,363
Truck972916,2444,2443,1635,2224,589
Truck973718,2567,2684,1885,2224,339
Truck974124,2777,2942,2010,2224,214
Truck973357,2942,2443,1770,2225,455
Truck973952,0,2225,1960,2225,265
Truck971561,2224,2567,1210,2226,1016
Truck972456,1339,2942,1490,2226,736
Truck972469,2566,1339,1495,2226,731
Truck972501,2566,2443,1505,2226,721
Truck974702,2943,2942,2190,2226,36
Truck972719,3119,2776,1570,2227,657
Truck973450,2684,2683,1800,2227,427
Truck973674,2684,2567,1870,2227,357
Truck973922,2225,2443,1950,2227,277
Truck974682,2684,2443,2185,2227,42
Truck972215,2683,2942,1415,2228,813
Truck974583,2683,2567,2155,2228,73
Truck971497,2224,1339,1190,2229,1039
Truck972374,2567,2566,1465,2229,764
Truck972381,2942,1339,1465,2229,764
Truck974179,2443,2776,2030,2229,199
Truck972399,3119,1339,1470,2230,760
Truck972617,2224,2443,1540,2230,690
Truck973015,2683,2776,1665,2230,565
Truck973108,2444,2443,1695,2230,535
Truck974060,2777,2942,1990,2230,240
Truck972167,2683,2566,1400,2231,831
Truck973395,2443,2942,1785,2231,446
Truck974028,2777,2942,1980,2231,251
Truck974171,2776,2443,2025,2231,206
Truck974718,2943,2942,2195,2231,36
Truck972810,2684,2224,1600,2232,632
Truck972919,2683,2444,1635,2232,597
Truck974808,1339,2567,2225,2232,7
Truck971526,2567,2224,1200,2233,1033
Truck972448,0,2942,1490,2233,743
Truck973037,2942,2776,1670,2233,563
Truck974085,2566,2444,2000,2233,233
Truck971513,2224,2567,1195,2234,1039
Truck972767,3119,2776,1585,2234,649
Truck974140,2777,2942,2015,2234,219
Truck971433,2224,0,1170,2235,1065
Truck972485,2566,1339,1500,2235,735
Truck971273,2224,2567,1120,2236,1116
Truck971303,2683,2224,1130,2236,1106
Truck972376,1339,2942,1465,2236,771
Truck972424,1339,2942,1480,2236,756
Truck972661,2566,1339,1555,2236,681
Truck972960,0,2776,1650,2236,586
Truck973199,3119,2443,1720,2236,516
Truck973256,1339,2444,1740,2236,496
Truck974734,2943,2942,2200,2236,36
Truck972569,2224,2443,1525,2237,712
Truck974615,2683,2567,2165,2237,72
Truck974714,2684,2443,2195,2237,42
Truck972359,2683,2942,1460,2238,778
Truck972932,2444,2683,1640,2238,598
Truck974082,2225,2443,2000,2238,238
Truck974822,2567,1339,2230,2238,8
Truck973896,1339,2443,1940,2239,299
Truck974203,2776,2443,2035,2239,204
Truck972432,0,2942,1485,2240,755
Truck974750,2943,2942,2205,2240,35
Truck968705,1338,2444,320,2242,1922
Truck972987,2776,2567,1655,2242,587
Truck973722,2684,1339,1885,2242,357
Truck973859,2443,1339,1930,2242,312
Truck974816,0,1339,2230,2242,12
Truck973738,2684,0,1890,2243,353
Truck973754,2684,2567,1895,2243,348
Truck974029,2942,2224,1980,2243,263
Truck974806,2567,0,2225,2243,18
Truck971543,2683,2224,1205,2244,1039
Truck973250,2225,2566,1740,2244,504
Truck973503,3119,2684,1815,2244,429
Truck973938,2225,2443,1955,2245,290
Truck973954,2225,2443,1960,2245,285
Truck974125,2942,2777,2010,2245,235
Truck974703,3119,2942,2190,2246,56
Truck974766,2943,2942,2210,2246,36
Truck973128,1339,2444,1700,2247,547
Truck973658,2684,2942,1865,2247,382
Truck973736,1339,2684,1890,2247,357
Truck971622,2567,2224,1230,2248,1018
Truck972351,3119,0,1455,2248,793
Truck972909,2942,2776,1630,2248,618
Truck973997,2942,2224,1970,2248,278
Truck972488,1339,2942,1500,2249,749
Truck972999,2683,2776,1660,2249,589
Truck973407,3119,2443,1785,2249,464
Truck973640,1339,2684,1860,2249,389
Truck972614,2567,2942,1540,2250,710
Truck974139,2776,2443,2015,2250,235
Truck973268,2444,2443,1745,2251,506
Truck974188,2777,2942,2030,2251,221
Truck974647,2683,0,2175,2251,76
Truck974719,3119,2942,2195,2251,56
Truck971673,2224,0,1245,2252,1007
Truck974679,2683,1339,2185,2252,67
Truck974782,2943,2942,2215,2252,37
Truck974172,2777,2942,2025,2253,228
Truck967873,1338,2225,60,2254,2194
Truck972565,2566,2443,1525,2254,729
Truck974114,2225,2443,2010,2254,244
Truck974235,2776,2443,2045,2254,209
Truck974762,2684,2443,2210,2254,44
Truck968609,1338,2444,290,2255,1965
Truck972239,3119,2567,1420,2255,835
Truck972368,0,3119,1465,2255,790
Truck974108,2777,2942,2005,2255,250
Truck974252,2777,2942,2050,2255,205
Truck974798,2943,2942,2220,2255,35
Truck972440,1339,2942,1485,2256,771
Truck973099,2776,2567,1690,2256,566
Truck973140,2444,1339,1705,2256,551
Truck973204,2444,2443,1725,2256,531
Truck973295,3119,2443,1750,2256,506
Truck974092,2777,2942,2000,2256,256
Truck974204,2777,2942,2035,2256,221
Truck974695,2683,1339,2190,2256,66
Truck972693,2566,0,1565,2257,692
Truck973936,0,2443,1955,2257,302
Truck974778,2684,2443,2215,2258,43
Truck972613,2566,2443,1540,2259,719
Truck973533,2942,2443,1825,2259,434
Truck972407,2683,2942,1475,2260,785
Truck972464,0,2942,1495,2260,765
Truck972487,2683,2942,1500,2260,760
Truck974002,2225,2443,1975,2260,285
Truck974130,2225,2443,2015,2260,245
Truck974712,1339,2683,2195,2260,65
Truck974022,2567,2225,1980,2261,281
Truck974814,2943,2942,2225,2261,36
Truck972263,2683,2566,1430,2262,832
Truck973019,2776,0,1665,2262,597
Truck973188,2444,2443,1720,2262,542
Truck973299,2443,3119,1755,2262,507
Truck974270,2943,2777,2055,2262,207
Truck972616,1339,2942,1540,2263,723
Truck973348,2444,2443,1770,2263,493
Truck973651,2443,2942,1865,2263,398
Truck974170,2684,2776,2025,2263,238
Truck973882,2684,1339,1935,2264,329
Truck974694,2567,2683,2190,2264,74
Truck974794,2684,2443,2220,2264,44
Truck974830,2943,2942,2230,2265,35
Truck973622,2567,2684,1855,2266,411
Truck973975,2683,2225,1965,2267,302
Truck974896,0,1339,2255,2267,12
Truck973987,2443,2567,1970,2268,298
Truck973092,2444,1339,1690,2269,579
Truck968177,1338,2566,155,2271,2116
Truck973439,3119,2443,1795,2271,476
Truck974743,2683,1339,2205,2271,66
Truck974846,2943,2942,2235,2271,36
Truck972344,1339,3119,1455,2272,817
Truck972520,1339,2942,1510,2272,762
Truck973236,2444,2443,1735,2272,537
Truck973238,2567,2776,1735,2272,537
Truck972549,2566,0,1520,2273,753
Truck972745,2224,2443,1580,2273,693
Truck972360,1339,3119,1460,2275,815
Truck973327,3119,2443,1760,2275,515
Truck973891,2443,2683,1940,2275,335
Truck974861,2942,2943,2240,2275,35
Truck974902,2567,0,2255,2275,20
Truck972629,2566,2443,1545,2276,731
Truck972645,2566,2443,1550,2276,726
Truck974862,2943,2942,2240,2276,36
Truck973131,2776,2942,1700,2277,577
Truck974075,2776,2443,1995,2277,282
Truck972592,0,2942,1535,2279,744
Truck973571,2443,2942,1840,2279,439
Truck974236,2777,2942,2045,2279,234
Truck974506,2684,2776,2130,2279,149
Truck971801,2224,1339,1285,2281,996
Truck974878,2943,2942,2245,2281,36
Truck968290,2225,1338,190,2282,2092
Truck972758,2567,2566,1585,2282,697
Truck972891,2776,3119,1625,2282,657
Truck974003,2443,1339,1975,2282,307
Truck974427,2776,2684,2105,2282,177
Truck971702,2567,2224,1255,2283,1028
Truck972293,2566,2683,1440,2283,843
Truck972857,2224,2443,1615,2283,668
Truck973149,2942,2776,1705,2283,578
Truck973444,2444,2443,1800,2283,483
Truck973898,2684,2942,1940,2283,343
Truck974268,2777,2942,2055,2284,229
Truck973284,2444,2443,1750,2285,535
Truck973332,2444,2443,1765,2285,520
Truck974290,2225,2443,2065,2285,220
Truck974318,2943,2777,2070,2285,215
Truck974792,1339,2683,2220,2285,65
Truck974831,3119,2942,2230,2285,55
Truck972416,0,3119,1480,2287,807
Truck974107,2776,2443,2005,2287,282
Truck974894,2943,2942,2250,2287,37
Truck973959,2683,2225,1960,2288,328
Truck974982,2567,1339,2280,2288,8
Truck974267,2776,2443,2055,2289,234
Truck974874,2684,2443,2245,2289,44
Truck973455,3119,2443,1800,2290,490
Truck974331,2776,2443,2075,2290,215
Truck974910,2943,2942,2255,2290,35
Truck973843,2443,2683,1925,2291,366
Truck974284,2777,2942,2060,2291,231
Truck971767,2683,2224,1275,2292,1017
Truck972544,0,2942,1520,2292,772
Truck972713,2224,2443,1570,2292,722
Truck968242,2225,1338,175,2293,2118
Truck972281,2224,2776,1435,2293,858
Truck973645,2942,2443,1860,2293,433
Truck974146,2225,1339,2020,2293,273
Truck974300,2777,2942,2065,2293,228
Truck974306,2225,1339,2070,2293,223
Truck968097,1338,2225,130,2294,2164
Truck971721,2224,1339,1260,2294,1034
Truck972423,2683,2942,1480,2294,814
Truck973776,0,2684,1905,2294,389
Truck973419,2776,2942,1790,2295,505
Truck974926,2943,2942,2260,2295,35
Truck974299,2776,2443,2065,2296,231
Truck972765,2942,0,1585,2298,713
Truck974906,2684,2443,2255,2298,43
Truck972997,2566,2567,1660,2300,640
Truck973195,2776,2683,1720,2300,580
Truck973220,2444,1339,1730,2300,570
Truck973850,2684,2567,1925,2300,375
Truck973914,2684,2683,1945,2300,355
Truck974194,2225,2443,2035,2300,265
Truck974942,2943,2942,2265,2301,36
Truck972533,2566,2683,1515,2302,787
Truck972566,2567,2942,1525,2302,777
Truck974291,2443,2776,2065,2302,237
Truck974436,2444,2566,2110,2302,192
Truck972869,2566,0,1620,2304,684
Truck972955,2776,3119,1645,2304,659
Truck973079,2683,2444,1685,2305,620
Truck974242,2225,2443,2050,2305,255
Truck972694,2567,2942,1565,2306,741
Truck972821,2566,2443,1605,2306,701
Truck973328,0,2776,1765,2306,541
Truck973683,2443,2942,1875,2306,431
Truck973824,0,2684,1920,2306,386
Truck973307,2776,0,1755,2307,552
Truck972511,3119,2683,1505,2308,803
Truck972567,2683,2942,1525,2308,783
Truck972787,2443,2566,1595,2308,713
Truck972917,2566,2443,1635,2308,673
Truck974325,2566,2444,2075,2308,233
Truck968788,2444,1338,345,2309,1964
Truck972343,2683,3119,1455,2309,854
Truck972598,2567,2942,1535,2309,774
Truck974211,2443,2776,2040,2310,270
Truck974316,2777,2942,2070,2310,240
Truck974871,2683,1339,2245,2310,65
Truck973581,2942,2443,1840,2311,471
Truck973619,2443,2942,1855,2311,456
Truck974019,2443,0,1980,2311,331
Truck972832,0,2566,1610,2312,702
Truck973597,2942,2443,1845,2312,467
Truck974444,2777,2942,2110,2312,202
Truck974974,2943,2942,2275,2312,37
Truck973366,2567,2444,1775,2313,538
Truck973540,2444,2443,1830,2313,483
Truck974396,2777,2942,2095,2313,218
Truck974954,2684,2443,2270,2313,43
Truck973476,2444,0,1810,2314,504
Truck974395,2776,2443,2095,2314,219
Truck974428,2777,2942,2105,2314,209
Truck974832,0,2683,2235,2314,79
Truck972557,2942,2567,1520,2315,795
Truck973103,3119,2776,1690,2315,625
Truck973255,2683,2776,1740,2315,575
Truck973895,2683,2225,1940,2315,375
Truck974925,2942,3119,2260,2315,55
Truck974947,2443,2684,2270,2315,45
Truck973603,2443,3119,1850,2316,466
Truck972853,2566,2567,1615,2317,702
Truck973252,2444,2443,1740,2317,577
Truck974870,2567,2683,2245,2317,72
Truck974990,2943,2942,2280,2317,37
Truck972906,2684,2224,1630,2318,688
Truck973296,0,2776,1755,2318,563
Truck973556,2444,2443,1835,2319,484
Truck974461,2942,2777,2115,2319,204
Truck972597,2566,0,1535,2320,785
Truck973834,2684,2942,1920,2320,400
Truck975006,2943,2942,2285,2320,35
Truck971591,2683,2224,1220,2321,1101
Truck972009,2224,0,1350,2321,971
Truck972789,2566,1339,1595,2321,726
Truck974315,2776,2443,2070,2321,251
Truck974460,2777,2942,2115,2321,206
Truck972502,2567,3119,1505,2322,817
Truck972271,3119,2683,1430,2323,893
Truck974224,0,2225,2045,2323,278
Truck974283,2776,2443,2060,2324,264
Truck972717,2942,1339,1570,2325,755
Truck974119,2683,2225,2010,2325,315
Truck975022,2943,2942,2290,2326,36
Truck973567,3119,2443,1835,2327,492
Truck973599,3119,2443,1845,2327,482
Truck973795,2443,2942,1910,2327,417
Truck974348,2777,2942,2080,2327,247
Truck968529,1338,2566,265,2328,2063
Truck972936,1339,2942,1640,2328,688
Truck973459,2443,2444,1805,2328,523
Truck973541,2566,2225,1830,2328,498
Truck973677,2942,2443,1870,2328,458
Truck974411,2776,2684,2100,2328,228
Truck974493,2942,2777,2125,2328,203
Truck972752,0,3119,1585,2329,744
Truck973779,2443,2942,1905,2329,424
Truck974178,2225,0,2030,2329,299
Truck974880,0,2683,2250,2329,79
Truck974010,2684,2567,1975,2330,355
Truck972023,2683,2224,1355,2331,976
Truck973163,2776,1339,1710,2331,621
Truck975038,2943,2942,2295,2331,36
Truck969172,2444,1338,465,2332,1867
Truck971945,2224,1339,1330,2332,1002
Truck973885,2942,2443,1935,2332,397
Truck974374,2567,2225,2090,2332,242
Truck974459,2776,2443,2115,2332,217
Truck972367,3119,2567,1460,2333,873
Truck972553,2224,2776,1520,2333,813
Truck972981,2566,2567,1655,2333,678
Truck974364,2777,2942,2085,2333,248
Truck971897,2224,2567,1315,2334,1019
Truck972921,2224,2443,1635,2334,699
Truck973757,2942,2443,1895,2334,439
Truck974918,2567,2683,2260,2334,74
Truck975018,2684,2443,2290,2334,44
Truck972375,2683,3119,1465,2335,870
Truck973519,3119,2443,1820,2335,515
Truck974332,2777,2942,2075,2335,260
Truck975053,2942,2943,2300,2335,35
Truck974183,2683,2225,2030,2336,306
Truck974989,2942,3119,2280,2336,56
Truck975054,2943,2942,2300,2337,37
Truck974215,2683,2225,2040,2338,298
Truck974307,2443,2225,2070,2338,268
Truck974380,2777,2942,2090,2338,248
Truck972815,3119,1339,1600,2339,739
Truck974492,2777,2942,2125,2339,214
Truck974540,2777,2942,2140,2339,199
Truck974912,0,2683,2260,2339,79
Truck972848,0,2942,1615,2340,725
Truck973808,0,2684,1915,2340,425
Truck972656,0,2942,1555,2341,786
Truck973270,2567,2776,1745,2341,596
Truck973699,2443,3119,1880,2341,461
Truck973749,2566,2225,1895,2341,446
Truck975007,3119,2942,2285,2341,56
Truck972723,2443,2224,1575,2342,767
Truck973583,3119,2443,1840,2342,502
Truck975158,2567,1339,2335,2342,7
Truck967712,0,1338,10,2343,2333
Truck973789,2942,2443,1905,2343,438
Truck974453,2566,2444,2115,2343,228
Truck972933,2566,0,1640,2345,705
Truck973855,3119,2684,1925,2345,420
Truck972726,2567,2942,1575,2346,771
Truck973725,2942,2443,1885,2346,461
Truck973875,2443,2942,1935,2346,411
Truck974274,2225,1339,2060,2346,286
Truck975086,2943,2942,2310,2346,36
Truck972854,2567,2942,1615,2347,732
Truck974983,2683,1339,2280,2347,67
Truck972839,2683,2942,1610,2348,738
Truck974322,2225,2443,2075,2348,273
Truck974523,2776,2443,2135,2348,213
Truck972873,2224,2443,1620,2349,729
Truck973962,2684,2567,1960,2349,389
Truck975102,2943,2942,2315,2350,35
Truck973387,2776,0,1780,2351,571
Truck973994,2684,2683,1970,2351,381
Truck974476,2777,2942,2120,2351,231
Truck974508,2777,2942,2130,2351,221
Truck973414,2567,2444,1790,2352,562
Truck973575,2683,2776,1840,2352,512
Truck975176,1339,0,2340,2352,12
Truck972709,2566,2683,1570,2353,783
Truck972901,2566,2443,1630,2353,723
Truck973014,2567,2566,1665,2353,688
Truck973243,2776,2942,1735,2353,618
Truck974106,2684,2942,2005,2353,348
Truck972655,3119,0,1550,2354,804
Truck973802,2684,2683,1910,2354,444
Truck974422,2567,2225,2105,2354,249
Truck968469,2566,1338,245,2355,2110
Truck972518,2567,2942,1510,2355,845
Truck973115,2776,3119,1695,2355,660
Truck973483,2776,2942,1810,2355,545
Truck975075,2443,2684,2310,2355,45
Truck972479,3119,2567,1495,2356,861
Truck972168,1339,2224,1400,2357,957
Truck972829,2942,1339,1605,2357,752
Truck972893,2942,2567,1625,2357,732
Truck973424,0,2444,1795,2357,562
Truck974006,2567,2684,1975,2357,382
Truck974208,0,2443,2040,2357,317
Truck974434,2225,2443,2110,2357,247
Truck974507,2776,2443,2130,2357,227
Truck975118,2943,2942,2320,2357,37
Truck973087,3119,2776,1685,2358,673
Truck973259,2776,3119,1740,2358,618
Truck973978,2684,1339,1965,2359,394
Truck974999,2683,0,2285,2359,74
Truck971833,2224,1339,1295,2360,1065
Truck973853,2942,2443,1925,2360,435
Truck975134,2943,2942,2325,2360,35
Truck973911,2683,2684,1945,2361,416
Truck974572,2777,2942,2150,2361,211
Truck975208,1339,0,2350,2362,12
Truck974072,1339,2684,1995,2363,368
Truck975015,2683,2567,2290,2363,73
Truck972896,0,2942,1630,2364,734
Truck974412,2777,2942,2100,2364,264
Truck974588,2777,2942,2155,2364,209
Truck973690,2684,3119,1875,2365,490
Truck972885,2566,1339,1625,2366,741
Truck974668,2777,2943,2180,2367,187
Truck975150,2943,2942,2330,2367,37
Truck972640,0,3119,1550,2368,818
Truck973001,2224,2684,1660,2368,708
Truck973460,2444,2443,1805,2368,563
Truck973711,3119,2443,1880,2368,488
Truck973946,2684,2942,1955,2368,413
Truck974168,1339,2443,2025,2368,343
Truck974425,2224,2942,2105,2368,263
Truck974524,2777,2942,2135,2368,233
Truck973129,2224,2684,1700,2369,669
Truck973508,2444,1339,1820,2369,549
Truck974569,2224,3119,2150,2369,219
Truck974450,2225,2443,2115,2370,255
Truck974556,2777,2943,2145,2371,226
Truck975064,1339,2683,2305,2371,66
Truck975166,2943,2942,2335,2371,36
Truck973604,2444,2443,1850,2372,522
Truck975103,3119,2942,2315,2372,57
Truck973949,2942,2443,1955,2373,418
Truck974326,2567,2225,2075,2373,298
Truck974505,2224,2942,2130,2373,243
Truck972664,1339,3119,1555,2374,819
Truck972903,2683,2942,1630,2374,744
Truck974377,2224,2942,2090,2374,284
Truck974432,0,2225,2110,2374,264
Truck974466,2225,0,2120,2374,254
Truck972727,2683,3119,1575,2375,800
Truck973396,2444,2443,1785,2375,590
Truck974050,2225,2566,1990,2375,385
Truck974603,2776,2443,2160,2375,215
Truck975182,2943,2942,2340,2375,35
Truck968229,2566,1338,170,2376,2206
Truck968865,1338,2444,370,2376,2006
Truck972824,1339,2566,1605,2376,771
Truck973536,0,2776,1830,2376,546
Truck974232,1339,2443,2045,2376,331
Truck974416,0,2225,2105,2376,271
Truck973524,2444,2567,1825,2377,552
Truck973775,3119,2443,1900,2377,477
Truck974354,2225,0,2085,2377,292
Truck974457,2224,2942,2115,2377,262
Truck969060,2444,1338,430,2378,1948
Truck973796,2444,2443,1910,2378,468
Truck973941,2566,2225,1955,2378,423
Truck973075,2443,2566,1685,2379,694
Truck973871,3119,2443,1930,2379,449
Truck973901,2942,2443,1940,2379,439
Truck972057,2224,2683,1365,2380,1015
Truck973759,3119,2443,1895,2380,485
Truck973125,2566,2443,1700,2381,681
Truck975095,2683,1339,2315,2381,66
Truck974151,2683,2225,2020,2382,362
Truck975198,2943,2942,2345,2382,37
Truck974227,2443,2567,2045,2383,338
Truck974623,3119,2224,2165,2383,218
Truck975178,2684,2443,2340,2384,44
Truck972743,2683,2942,1580,2385,805
Truck973049,2224,2443,1675,2385,710
Truck973517,2942,2776,1820,2385,565
Truck973568,0,2444,1840,2385,545
Truck974061,2942,2684,1990,2385,395
Truck974074,2684,2942,1995,2385,390
Truck972935,2683,2942,1640,2386,746
Truck973317,2566,1339,1760,2386,626
Truck973620,2444,2443,1855,2386,531
Truck975214,2943,2942,2350,2386,36
Truck972823,2683,2566,1605,2387,782
Truck973501,2942,2776,1815,2387,572
Truck973684,2444,2443,1875,2387,512
Truck975079,2683,0,2310,2387,77
Truck972687,3119,0,1560,2388,828
Truck973065,2224,2443,1680,2388,708
Truck974104,1339,2684,2005,2388,383
Truck975194,2684,2443,2345,2388,43
Truck971863,2683,2224,1305,2389,1084
Truck973747,2443,3119,1895,2389,494
Truck974564,2444,2225,2150,2389,239
Truck974571,2776,2443,2150,2389,239
Truck974038,2567,2684,1985,2390,405
Truck974643,2443,2776,2175,2390,215
Truck975230,2943,2942,2355,2390,35
Truck968706,2225,1338,320,2391,2071
Truck974700,2777,2942,2190,2391,201
Truck968913,1338,2566,385,2392,2007
Truck973353,2224,2684,1770,2392,622
Truck973827,2443,2942,1920,2392,472
Truck968087,2683,1338,125,2393,2268
Truck974243,2443,2683,2050,2393,343
Truck968273,1338,2225,185,2394,2209
Truck972899,2443,2566,1630,2394,764
Truck973173,2566,2567,1715,2394,679
Truck974115,2443,2683,2010,2394,384
Truck974531,2443,2225,2140,2394,254
Truck974604,2777,2942,2160,2394,234
Truck975210,2684,2443,2350,2394,44
Truck973093,2566,1339,1690,2395,705
Truck975088,0,2683,2315,2395,80
Truck973823,3119,2443,1915,2396,481
Truck973903,3119,2443,1940,2396,456
Truck974620,2777,2942,2165,2396,231
Truck975246,2943,2942,2360,2396,36
Truck973588,2444,2443,1845,2397,552
Truck973925,2566,2225,1950,2397,447
Truck972984,1339,2942,1655,2398,743
Truck973029,2566,2443,1670,2398,728
Truck973209,2224,2443,1725,2398,673
Truck973535,3119,2776,1825,2398,573
Truck973616,0,2444,1855,2398,543
Truck974423,2683,2225,2105,2398,293
Truck974684,2777,2942,2185,2398,213
Truck973467,2776,2942,1805,2399,594
Truck973531,2776,2942,1825,2399,574
Truck973716,2444,2443,1885,2399,514
Truck974418,2225,2444,2105,2399,294
Truck972688,0,2942,1565,2400,835
Truck973354,2684,2224,1770,2401,631
Truck974226,2225,2683,2045,2401,356
Truck974636,2777,2942,2170,2401,231
Truck968805,2566,1338,350,2402,2052
Truck972799,3119,2567,1595,2402,807
Truck972953,2224,2443,1645,2402,757
Truck973291,2776,2942,1750,2402,652
Truck973305,2224,2443,1755,2402,647
Truck974304,0,2443,2070,2402,332
Truck975262,2943,2942,2365,2402,37
Truck973197,2942,1339,1720,2403,683
Truck974699,2776,2443,2190,2403,213
Truck972886,2567,2942,1625,2404,779
Truck973917,2942,2443,1945,2404,459
Truck974266,2684,1339,2055,2404,349
Truck974562,2225,2567,2150,2404,254
Truck973492,2444,2443,1815,2405,590
Truck973563,2776,0,1835,2405,570
Truck973939,2443,2942,1955,2405,450
Truck975278,2943,2942,2370,2405,35
Truck972949,2566,2443,1645,2406,761
Truck974218,2684,0,2040,2407,367
Truck972880,0,2942,1625,2408,783
Truck973005,2942,1339,1660,2408,748
Truck973680,0,2444,1875,2408,533
Truck974186,2684,1339,2030,2408,378
Truck974731,2776,2684,2200,2408,208
Truck972797,2942,2683,1595,2409,814
Truck972902,2567,2942,1630,2409,779
Truck974096,0,2684,2005,2409,404
Truck975192,1339,2683,2345,2410,65
Truck974709,2566,2444,2195,2411,216
Truck975294,2943,2942,2375,2411,36
Truck967703,2683,1338,5,2412,2407
Truck973542,2567,2776,1830,2412,582
Truck974480,0,2225,2125,2412,287
Truck972928,0,2942,1640,2413,773
Truck972944,0,2566,1645,2413,768
Truck973077,2566,2443,1685,2413,728
Truck973193,2224,2443,1720,2413,693
Truck973515,2776,2683,1820,2413,593
Truck974210,2225,2683,2040,2413,373
Truck975152,0,2683,2335,2413,78
Truck975274,2684,2443,2370,2413,43
Truck972967,2683,2566,1650,2414,764
Truck974642,2225,2443,2175,2414,239
Truck973380,2444,2683,1780,2415,635
Truck974111,3119,2684,2005,2415,410
Truck975310,2943,2942,2380,2415,35
Truck973652,2444,2683,1865,2416,551
Truck973807,3119,2443,1910,2416,506
Truck974438,2567,2443,2110,2416,306
Truck974491,2776,2443,2125,2416,291
Truck974626,2225,2443,2170,2416,246
Truck973141,2566,2443,1705,2417,712
Truck973286,2567,2566,1750,2417,667
Truck974587,2776,2443,2155,2417,262
Truck974725,2566,2444,2200,2417,217
Truck975290,2684,2443,2375,2417,42
Truck967809,1338,2443,40,2418,2378
Truck974649,2224,2942,2175,2418,243
Truck972998,2567,2942,1660,2419,759
Truck974594,2225,2443,2160,2419,259
Truck967779,2443,1338,30,2420,2390
Truck968161,1338,2225,150,2420,2270
Truck967697,1338,2443,5,2421,2416
Truck972861,2942,2567,1615,2421,806
Truck973840,0,2776,1925,2421,496
Truck974370,2225,2683,2090,2421,331
Truck974652,2777,2942,2175,2421,246
Truck975326,2943,2942,2385,2421,36
Truck972965,2566,2443,1650,2422,772
Truck973021,2942,2567,1665,2422,757
Truck974314,2684,2683,2070,2423,353
Truck974748,2777,2942,2205,2423,218
Truck975306,2684,2443,2380,2423,43
Truck973222,2567,2566,1730,2424,694
Truck973639,2683,2444,1860,2424,564
Truck974391,2683,2225,2095,2424,329
Truck973045,2566,2443,1675,2425,750
Truck973732,2444,2443,1890,2425,535
Truck974747,2776,2684,2205,2425,220
Truck973157,2566,2443,1710,2426,716
Truck973369,2224,2443,1775,2426,651
Truck974514,2225,2443,2135,2426,291
Truck974681,2224,3119,2185,2426,241
Truck975342,2943,2942,2390,2426,36
Truck967777,1338,2567,30,2427,2397
Truck972711,2683,3119,1570,2427,857
Truck973189,2566,2443,1720,2427,707
Truck974796,2777,2942,2220,2427,207
Truck973053,2942,1339,1675,2428,753
Truck973844,2444,2443,1925,2428,503
Truck973970,2225,2566,1965,2428,463
Truck975279,3119,2942,2370,2428,58
Truck973487,3119,2776,1810,2429,619
Truck973627,2776,1339,1855,2430,575
Truck974716,2777,2942,2195,2430,235
Truck972265,2224,2567,1430,2431,1001
Truck972879,3119,2567,1620,2431,811
Truck974632,1339,2225,2170,2431,261
Truck975448,1339,2567,2425,2431,6
Truck973069,2942,1339,1680,2433,753
Truck973812,2444,0,1915,2433,518
Truck974141,2942,2443,2015,2433,418
Truck975338,2684,2443,2390,2433,43
Truck973951,3119,2443,1955,2434,479
Truck974859,2776,2684,2240,2434,194
Truck975309,2942,3119,2380,2434,54
Truck972952,1339,2942,1645,2435,790
Truck973428,2444,2683,1795,2435,640
Truck974109,2942,2443,2005,2435,430
Truck974530,2225,2443,2140,2435,295
Truck975331,2443,2684,2390,2435,45
Truck974986,2684,2776,2280,2436,156
Truck975374,2943,2942,2400,2436,36
Truck973161,2224,2443,1710,2437,727
Truck974498,2225,2683,2130,2437,307
Truck972838,2567,3119,1610,2438,828
Truck973986,2225,2566,1970,2438,468
Truck973735,2683,2444,1890,2440,550
Truck975390,2943,2942,2405,2440,35
Truck967729,1338,2443,15,2441,2426
Truck973744,0,2444,1895,2441,546
Truck973940,2444,2443,1955,2441,486
Truck974390,2567,2684,2095,2441,346
Truck974627,2443,2225,2170,2441,271
Truck974386,2225,2683,2095,2442,347
Truck974442,2684,1339,2110,2442,332
Truck974674,2225,2443,2185,2442,257
Truck975034,2684,2776,2295,2442,147
Truck974536,1339,2225,2140,2443,303
Truck974483,2443,1339,2125,2444,319
Truck974683,2776,2443,2185,2444,259
Truck974783,3119,2224,2215,2444,229
Truck975363,2443,2684,2400,2444,44
Truck974346,2684,2567,2080,2445,365
Truck974754,2225,2443,2210,2445,235
Truck973579,2776,0,1840,2446,606
Truck975406,2943,2942,2410,2446,36
Truck968789,2566,1338,345,2447,2102
Truck972587,2776,2224,1530,2447,917
Truck973120,0,2942,1700,2447,747
Truck973892,2444,2567,1940,2447,507
Truck974327,2683,2684,2075,2447,372
Truck974669,2942,2224,2180,2447,267
Truck974958,2943,2777,2270,2448,178
Truck972847,3119,2567,1610,2449,839
Truck973755,2776,2567,1895,2449,554
Truck973803,2776,2567,1910,2449,539
Truck974435,2443,2567,2110,2450,340
Truck974884,2444,2566,2250,2450,200
Truck974955,2776,2684,2270,2450,180
Truck973109,2566,2443,1695,2451,756
Truck974658,2225,2443,2180,2451,271
Truck974891,2776,2684,2250,2451,201
Truck975422,2943,2942,2415,2451,36
Truck973707,2776,2942,1880,2452,572
Truck973880,1339,2776,1935,2452,517
Truck974269,2942,2443,2055,2452,397
Truck974394,2684,2942,2095,2452,357
Truck974795,2776,2443,2220,2452,232
Truck974812,2777,2942,2225,2452,227
Truck974909,2942,2777,2255,2452,197
Truck974827,2776,2443,2230,2453,223
Truck968450,2225,1338,240,2454,2214
Truck974690,2225,2443,2190,2454,264
Truck973904,0,2444,1945,2455,510
Truck974362,2684,2942,2085,2455,370
Truck974738,2225,1339,2205,2455,250
Truck974911,3119,2224,2255,2456,201
Truck974732,2777,2942,2200,2457,257
Truck975373,2942,3119,2400,2457,57
Truck975438,2943,2942,2420,2457,37
Truck972875,2776,2224,1620,2458,838
Truck974384,0,2684,2095,2458,363
Truck974765,2942,2224,2210,2458,248
Truck973656,1339,2444,1865,2459,594
Truck974250,2684,2683,2050,2459,409
Truck974578,2225,2443,2155,2459,304
Truck974844,2777,2942,2235,2459,224
Truck975418,2684,2443,2415,2459,44
Truck972791,2683,2942,1595,2460,865
Truck973177,2224,2443,1715,2460,745
Truck974764,2777,2942,2210,2460,250
Truck974162,2225,2566,2025,2461,436
Truck974866,2225,2443,2245,2461,216
Truck975454,2943,2942,2425,2461,36
Truck972327,2683,2224,1450,2462,1012
Truck973983,3119,2443,1965,2462,497
Truck974197,2566,2225,2035,2463,428
Truck974707,2443,2225,2195,2463,268
Truck973349,2566,2443,1770,2464,694
Truck973764,2444,0,1900,2464,564
Truck973958,2567,2444,1960,2464,504
Truck974298,2684,2683,2065,2464,399
Truck974980,2444,2566,2280,2464,184
Truck975312,0,2683,2385,2464,79
Truck975434,2684,2443,2420,2464,44
Truck975470,2943,2942,2430,2465,35
Truck968016,0,1338,105,2466,2361
Truck973221,2566,2443,1730,2466,736
Truck974843,2776,2443,2235,2466,231
Truck972358,2567,2224,1460,2467,1007
Truck972983,2683,3119,1655,2468,813
Truck973397,2566,2567,1785,2468,683
Truck974127,3119,2443,2010,2468,458
Truck974205,2942,2443,2035,2468,433
Truck972192,0,2224,1410,2469,1059
Truck974154,2684,3119,2020,2470,450
Truck974360,1339,2684,2085,2470,385
Truck974876,2777,2942,2245,2470,225
Truck972805,2566,2683,1600,2471,871
Truck974349,2942,2443,2080,2471,391
Truck975486,2943,2942,2435,2471,36
Truck972905,2224,2776,1630,2472,842
Truck974004,2444,2443,1975,2472,497
Truck974149,2566,2225,2020,2472,452
Truck972889,2224,2776,1625,2473,848
Truck973659,2776,2683,1865,2473,608
Truck974595,2443,2683,2160,2473,313
Truck974892,2777,2942,2250,2473,223
Truck967953,1338,2443,85,2474,2389
Truck973176,1339,2942,1715,2474,759
Truck974099,2443,2942,2005,2474,469
Truck973063,2683,2566,1680,2475,795
Truck975502,2943,2942,2440,2475,35
Truck973165,2942,1339,1710,2476,766
Truck973876,2444,1339,1935,2476,541
Truck973935,3119,2443,1950,2476,526
Truck974253,2942,2443,2050,2476,426
Truck974744,1339,2225,2205,2476,271
Truck975067,2776,2684,2305,2477,172
Truck967937,1338,2443,80,2478,2398
Truck968610,2225,1338,290,2478,2188
Truck971913,2224,2683,1320,2478,1158
Truck973365,2566,1339,1775,2478,703
Truck973545,2224,2684,1830,2478,648
Truck974722,2225,1339,2200,2478,278
Truck975077,2566,2444,2310,2478,168
Truck974818,2225,1339,2230,2479,249
Truck974131,2443,3119,2015,2480,465
Truck974770,2225,2443,2215,2480,265
Truck974780,2777,2942,2215,2480,265
Truck975517,2942,2943,2445,2480,35
Truck967745,1338,2683,20,2481,2461
Truck975518,2943,2942,2445,2481,36
Truck973413,2566,0,1790,2482,692
Truck974696,1339,2225,2190,2482,292
Truck974834,2225,2443,2235,2483,248
Truck967985,1338,2443,95,2484,2389
Truck974285,2942,2684,2060,2484,424
Truck974344,1339,2684,2080,2484,404
Truck974777,2224,2942,2215,2484,269
Truck974923,2776,2443,2260,2484,224
Truck974988,2777,2942,2280,2484,204
Truck972679,2683,3119,1560,2485,925
Truck973071,3119,2567,1680,2485,805
Truck973333,2566,2443,1765,2485,720
Truck973860,2444,2443,1930,2485,555
Truck974873,2224,2942,2245,2485,240
Truck975068,2777,2943,2305,2485,180
Truck975534,2943,2942,2450,2485,35
Truck972822,2567,3119,1605,2486,881
Truck973175,2683,2566,1715,2486,771
Truck968369,1338,2443,215,2487,2272
Truck972811,2776,2224,1600,2487,887
Truck973078,2567,2942,1685,2487,802
Truck974402,2225,2683,2100,2488,388
Truck974544,0,2443,2145,2488,343
Truck975584,0,2567,2470,2488,18
Truck975622,2567,1339,2480,2488,8
Truck973381,2566,2443,1780,2489,709
Truck974202,2684,3119,2035,2489,454
Truck974365,2942,2684,2085,2489,404
Truck975507,2443,2684,2445,2489,44
Truck975514,2684,2443,2445,2489,44
Truck973321,2224,2443,1760,2490,730
Truck974338,2225,2566,2080,2490,410
Truck974490,2684,0,2125,2490,365
Truck974502,2567,2684,2130,2491,361
Truck974940,2777,2942,2265,2491,226
Truck975550,2943,2942,2455,2491,36
Truck967831,2683,1338,45,2492,2447
Truck973401,2224,2443,1785,2492,707
Truck974095,3119,2443,2000,2492,492
Truck974838,2567,2225,2235,2492,257
Truck973464,1339,2942,1805,2493,688
Truck974207,3119,2443,2035,2493,458
Truck974630,2567,2443,2170,2493,323
Truck974860,2777,2942,2240,2493,253
Truck967921,1338,2443,75,2494,2419
Truck969380,2444,1338,530,2494,1964
Truck973723,2776,2942,1885,2494,609
Truck974841,2224,2942,2235,2494,259
Truck974857,2224,2942,2240,2494,254
Truck975530,2684,2443,2450,2494,44
Truck972505,2224,2683,1505,2495,990
Truck974648,1339,2443,2175,2495,320
Truck975523,2443,2684,2450,2495,45
Truck973924,2444,0,1950,2496,546
Truck974048,0,2444,1990,2496,506
Truck974579,2443,2567,2155,2496,341
Truck974875,2776,2443,2245,2496,251
Truck974941,2942,2777,2265,2496,231
Truck975098,2684,2776,2315,2496,181
Truck975566,2943,2942,2460,2496,36
Truck968000,0,1338,100,2497,2397
Truck972951,2683,3119,1645,2497,852
Truck973032,1339,3119,1670,2497,827
Truck974663,2683,2225,2180,2497,317
Truck973485,2942,2567,1810,2498,688
Truck972950,2567,3119,1645,2499,854
Truck973080,1339,3119,1685,2499,814
Truck974672,0,2443,2185,2499,314
Truck974675,2443,1339,2185,2499,314
Truck974908,2777,2942,2255,2499,244
Truck973491,2443,2566,1815,2500,685
Truck973908,2444,1339,1945,2500,555
Truck974828,2777,2942,2230,2500,270
Truck974931,2443,2776,2265,2500,235
Truck975546,2684,2443,2455,2500,45
Truck974175,3119,2684,2025,2501,476
Truck973287,2683,2942,1750,2502,752
Truck973341,2942,0,1765,2502,737
Truck975480,1339,2683,2435,2502,67
Truck975582,2943,2942,2465,2502,37
Truck969013,2566,1338,415,2503,2088
Truck973237,2566,2443,1735,2503,768
Truck975114,2684,2776,2320,2503,183
Truck975555,2443,2684,2460,2503,43
Truck968017,1338,2443,105,2504,2399
Truck974036,2444,2443,1985,2504,519
Truck973831,2683,2776,1920,2505,585
Truck973856,0,2776,1930,2505,575
Truck974261,2566,2225,2055,2505,450
Truck974303,3119,2684,2065,2505,440
Truck974803,2443,2225,2225,2505,280
Truck975495,2683,1339,2440,2505,65
Truck975535,3119,2942,2450,2505,55
Truck975562,2684,2443,2460,2505,45
Truck975597,2942,2943,2470,2505,35
Truck967969,1338,2443,90,2506,2416
Truck973360,0,2942,1775,2506,731
Truck974063,3119,2443,1990,2506,516
Truck974440,1339,2684,2110,2506,396
Truck975173,2566,2444,2340,2506,166
Truck975598,2943,2942,2470,2506,36
Truck967681,1338,1339,0,2507,2507
Truck974027,2776,0,1980,2507,527
Truck974786,2225,2443,2220,2507,287
Truck974972,2777,2942,2275,2507,232
Truck968198,2567,1338,160,2508,2348
Truck972137,2224,2683,1390,2508,1118
Truck973513,2224,2443,1820,2508,688
Truck975551,3119,2942,2455,2508,53
Truck974020,2444,0,1980,2509,529
Truck975578,2684,2443,2465,2509,44
Truck975614,2943,2942,2475,2510,35
Truck973573,2566,2443,1840,2511,671
Truck974576,0,2443,2155,2511,356
Truck967825,1338,2443,45,2512,2467
Truck967761,1338,2443,25,2513,2488
Truck973110,2567,3119,1695,2513,818
Truck973835,2776,2942,1920,2513,593
Truck975472,0,2683,2435,2513,78
Truck974429,2942,2443,2105,2514,409
Truck973867,2776,2683,1930,2515,585
Truck974032,0,2444,1985,2515,530
Truck975020,2777,2942,2290,2515,225
Truck975630,2943,2942,2480,2515,35
Truck968007,2683,1338,100,2516,2416
Truck974924,2777,2942,2260,2516,256
Truck975587,2443,2684,2470,2516,46
Truck973288,1339,3119,1750,2517,767
Truck974275,2443,2942,2060,2517,457
Truck974330,2684,3119,2075,2517,442
Truck975004,2777,2942,2285,2517,232
Truck973988,2444,2443,1970,2518,548
Truck975610,2684,2443,2475,2518,43
Truck975680,0,2567,2500,2518,18
Truck973159,2683,2942,1710,2519,809
Truck973223,2683,2942,1730,2519,789
Truck973271,2683,2566,1745,2519,774
Truck973477,2566,2443,1810,2519,709
Truck973739,2776,3119,1890,2519,629
Truck974956,2777,2942,2270,2519,249
Truck973168,0,3119,1715,2520,805
Truck974180,2444,2443,2030,2520,490
Truck974570,2684,2942,2150,2520,370
Truck975108,2444,2566,2320,2520,200
Truck975140,2444,2566,2330,2520,190
Truck967905,1338,2443,70,2521,2451
Truck973350,2567,2942,1770,2521,751
Truck975081,2224,3119,2310,2521,211
Truck974584,1339,2684,2155,2522,367
Truck975151,3119,2224,2330,2522,192
Truck975583,3119,2942,2465,2522,57
Truck975646,2943,2942,2485,2522,37
Truck975720,1339,0,2510,2522,12
Truck972633,2224,1339,1545,2523,978
Truck973232,0,2942,1735,2523,788
Truck973833,2224,2684,1920,2523,603
Truck974437,2566,2225,2110,2523,413
Truck973147,2776,2224,1705,2524,819
Truck974474,2684,2942,2120,2524,404
Truck972761,2224,0,1585,2525,940
Truck974930,2225,2443,2265,2525,260
Truck975147,2776,2443,2330,2525,195
Truck975626,2684,2443,2480,2525,45
Truck973974,2567,2776,1965,2526,561
Truck974143,3119,2443,2015,2526,511
Truck974335,3119,2443,2075,2526,451
Truck975662,2943,2942,2490,2526,36
Truck973119,3119,2683,1695,2527,832
Truck973433,2224,2443,1795,2527,732
Truck973440,0,2942,1800,2527,727
Truck973480,1339,2566,1810,2527,717
Truck974259,2443,3119,2055,2527,472
Truck974914,2225,1339,2260,2527,267
Truck972528,0,2224,1515,2528,1013
Truck972536,1339,2224,1515,2528,1013
Truck973461,2566,0,1805,2528,723
Truck974212,2444,2443,2040,2528,488
Truck974646,2567,2443,2175,2528,353
Truck975132,2777,2942,2325,2528,203
Truck975560,1339,2683,2460,2528,68
Truck974659,2443,0,2180,2529,349
Truck973384,1339,2942,1780,2530,750
Truck973995,2776,2942,1970,2530,560
Truck974333,2942,2443,2075,2530,455
Truck974512,0,2684,2135,2530,395
Truck975036,2777,2942,2295,2530,235
Truck975678,2943,2942,2495,2530,35
Truck973094,2567,2942,1690,2531,841
Truck973497,2224,2443,1815,2531,716
Truck975677,2942,2943,2495,2531,36
Truck967857,1338,2443,55,2532,2477
Truck973269,2566,2443,1745,2532,787
Truck974052,2444,2443,1990,2532,542
Truck974116,2444,1339,2010,2533,523
Truck974706,2225,2683,2195,2533,338
Truck974995,2443,2225,2285,2533,248
Truck968211,2443,1338,165,2534,2369
Truck969409,1338,2566,540,2534,1994
Truck972519,2683,2224,1510,2534,1024
Truck974898,2225,2443,2255,2534,279
Truck974953,2224,2942,2270,2534,264
Truck975116,2777,2942,2320,2534,214
Truck975084,2777,2942,2310,2535,225
Truck975591,2683,1339,2470,2535,65
Truck975694,2943,2942,2500,2535,35
Truck973529,2224,2443,1825,2536,711
Truck975070,2943,2777,2305,2537,232
Truck973405,2942,2567,1785,2538,753
Truck973786,2684,2224,1905,2538,633
Truck975574,2567,2683,2465,2538,73
Truck974397,2942,2443,2095,2539,444
Truck975710,2943,2942,2505,2540,35
Truck968080,0,1338,125,2541,2416
Truck973335,2683,2942,1765,2541,776
Truck974905,2224,2942,2255,2541,286
Truck975099,2776,2443,2315,2541,226
Truck974084,2444,2443,2000,2542,542
Truck975090,2225,2567,2315,2542,227
Truck975784,1339,0,2530,2542,12
Truck975800,1339,2567,2535,2542,7
Truck973635,2443,2224,1860,2543,683
Truck974164,2444,2443,2025,2543,518
Truck974415,3119,2443,2100,2543,443
Truck975760,0,2567,2525,2543,18
Truck972601,2224,1339,1535,2544,1009
Truck973398,2567,2942,1785,2544,759
Truck974367,3119,2443,2085,2544,459
Truck974774,2567,2443,2215,2544,329
Truck969956,2444,1338,710,2545,1835
Truck973669,2566,2443,1870,2545,675
Truck973731,2443,2224,1890,2545,655
Truck974244,2444,2443,2050,2545,495
Truck974258,2225,2566,2055,2545,490
Truck973488,0,2566,1815,2546,731
Truck974458,2684,0,2115,2546,431
Truck975005,2942,2224,2285,2546,261
Truck975726,2943,2942,2510,2546,36
Truck975699,2443,2684,2505,2547,42
Truck967704,1339,1338,5,2548,2543
Truck968145,1338,2443,145,2548,2403
Truck974563,2443,2942,2150,2548,398
Truck973509,2566,0,1820,2549,729
Truck974055,2683,2776,1990,2549,559
Truck974277,2566,2225,2060,2549,489
Truck974451,2443,2942,2115,2549,434
Truck974518,2567,2684,2135,2549,414
Truck974634,2684,2683,2170,2549,379
Truck975196,2777,2942,2345,2549,204
Truck973931,2776,2942,1950,2550,600
Truck974355,2443,3119,2085,2550,465
Truck975145,2224,3119,2330,2550,220
Truck975679,3119,2942,2495,2550,55
Truck975742,2943,2942,2515,2550,35
Truck975157,2566,2444,2335,2551,216
Truck974187,2776,2942,2030,2552,522
Truck975607,2683,0,2475,2552,77
Truck975830,2567,1339,2545,2552,7
Truck973899,2776,3119,1940,2553,613
Truck973593,2224,2443,1845,2554,709
Truck974567,2683,2684,2150,2554,404
Truck975322,2684,2776,2385,2554,169
Truck975715,2443,2684,2510,2554,44
Truck972959,3119,2683,1645,2556,911
Truck973373,2942,0,1775,2556,781
Truck974059,2776,1339,1990,2556,566
Truck974559,3119,2684,2145,2556,411
Truck975403,2776,2684,2410,2556,146
Truck975758,2943,2942,2520,2556,36
Truck968625,1338,2443,295,2557,2262
Truck974351,3119,2443,2080,2557,477
Truck974515,2443,2942,2135,2557,422
Truck974962,2225,2443,2275,2557,282
Truck975195,2776,2443,2345,2557,212
Truck975832,1339,0,2545,2557,12
Truck973312,0,2942,1760,2558,798
Truck973717,2566,0,1885,2558,673
Truck973963,2776,2683,1960,2558,598
Truck974024,1339,2444,1980,2558,578
Truck974978,2225,2443,2280,2558,278
Truck975846,2567,1339,2550,2558,8
Truck973343,3119,0,1765,2559,794
Truck973382,2567,2942,1780,2559,779
Truck973336,1339,2942,1765,2560,795
Truck975164,2777,2942,2335,2560,225
Truck975285,2566,2444,2375,2560,185
Truck975774,2943,2942,2525,2560,35
Truck975100,2777,2942,2315,2561,246
Truck973526,2567,2942,1825,2562,737
Truck973621,2566,2443,1855,2562,707
Truck974340,2444,2443,2080,2562,482
Truck975042,2225,2443,2300,2562,262
Truck975052,2777,2942,2300,2562,262
Truck975655,2683,2567,2490,2562,72
Truck975754,2684,2443,2520,2562,42
Truck968049,1338,2443,115,2564,2449
Truck973577,2224,2443,1840,2564,724
Truck974399,3119,2684,2095,2564,469
Truck975131,2776,2443,2325,2564,239
Truck968232,1339,1338,170,2565,2395
Truck975259,2776,2684,2365,2565,200
Truck975790,2943,2942,2530,2565,35
Truck973183,3119,2683,1715,2566,851
Truck973883,2776,3119,1935,2567,632
Truck974383,3119,2443,2090,2567,477
Truck975864,1339,0,2555,2567,12
Truck974016,0,2776,1980,2568,588
Truck975380,2444,2566,2405,2568,163
Truck973493,2566,2443,1815,2569,754
Truck973947,2776,2567,1955,2569,614
Truck974043,2776,2942,1985,2569,584
Truck974323,2443,3119,2075,2569,494
Truck974800,0,2684,2225,2569,344
Truck975358,2943,2777,2395,2569,174
Truck974554,2684,2942,2145,2570,425
Truck975806,2943,2942,2535,2570,35
Truck973446,2567,2942,1800,2571,771
Truck973862,2567,2776,1930,2571,641
Truck975260,2777,2942,2365,2571,206
Truck968385,1338,2443,220,2572,2352
Truck973024,0,2224,1670,2572,902
Truck973302,2567,2942,1755,2572,817
Truck973689,2224,2443,1875,2572,697
Truck973909,2566,2443,1945,2572,627
Truck974698,2684,1339,2190,2572,382
Truck975244,2777,2943,2360,2572,212
Truck973797,2566,2443,1910,2573,663
Truck974602,2684,2942,2160,2573,413
Truck973248,0,3119,1740,2574,834
Truck973375,3119,1339,1775,2574,799
Truck974040,1339,2444,1985,2574,589
Truck975862,2567,0,2555,2574,19
Truck974726,2567,2684,2200,2575,375
Truck972537,2224,1339,1515,2576,1061
Truck974123,2776,2942,2010,2576,566
Truck975010,2225,2443,2290,2576,286
Truck973400,1339,3119,1785,2577,792
Truck973688,1339,2566,1875,2577,702
Truck974251,2776,2942,2050,2577,527
Truck974746,2684,0,2205,2577,372
Truck975046,2567,2225,2300,2577,277
Truck975822,2943,2942,2540,2577,37
Truck974228,2444,2443,2045,2578,533
Truck969125,2566,1338,450,2579,2129
Truck973664,0,2566,1870,2579,709
Truck973765,2566,2567,1900,2579,679
Truck975074,2225,2567,2310,2579,269
Truck975775,3119,2942,2525,2579,54
Truck973915,2776,2683,1945,2580,635
Truck974787,2443,2683,2220,2580,360
Truck975837,2942,2943,2545,2580,35
Truck968033,1338,1339,110,2582,2472
Truck968035,2443,1338,110,2582,2472
Truck968433,1338,2567,235,2582,2347
Truck974543,3119,2443,2140,2582,442
Truck975838,2943,2942,2545,2582,37
Truck973303,2683,2942,1755,2583,828
Truck974132,2444,2443,2015,2583,568
Truck974308,2444,2443,2070,2583,513
Truck974835,2443,2683,2235,2583,348
Truck975008,0,2443,2290,2583,293
Truck973504,0,2942,1820,2584,764
Truck973721,2224,2443,1885,2584,699
Truck975163,2776,2443,2335,2584,249
Truck967862,2567,1338,55,2585,2530
Truck974826,2684,2942,2230,2586,356
Truck974946,2225,0,2270,2586,316
Truck975243,2776,2443,2360,2586,226
Truck975854,2943,2942,2550,2586,36
Truck973605,2566,2443,1850,2587,737
Truck973648,0,2566,1865,2587,722
Truck974403,2443,3119,2100,2587,487
Truck975186,2225,2443,2345,2588,243
Truck974495,3119,2443,2125,2590,465
Truck974887,2683,2225,2250,2590,340
Truck975339,2776,2443,2390,2590,200
Truck973733,2566,2443,1890,2591,701
Truck974752,0,2684,2210,2591,381
Truck975180,2777,2942,2340,2591,251
Truck975870,2943,2942,2555,2591,36
Truck974339,2443,2444,2080,2593,513
Truck975850,2684,2443,2550,2593,43
Truck973558,2567,2566,1835,2594,759
Truck973657,2224,2443,1865,2594,729
Truck974077,2942,2776,1995,2594,599
Truck973661,2942,2683,1865,2595,730
Truck973701,2566,2443,1880,2595,715
Truck975129,2224,2942,2325,2595,270
Truck975886,2943,2942,2560,2595,35
Truck975148,2777,2942,2330,2596,266
Truck975156,2444,2225,2335,2596,261
Truck975212,2777,2942,2350,2596,246
Truck975325,2942,2777,2385,2596,211
Truck975783,2683,1339,2530,2596,66
Truck974064,0,2776,1995,2597,602
Truck975365,2566,2444,2400,2597,197
Truck974839,2683,2225,2235,2598,363
Truck975122,2225,1339,2325,2598,273
Truck975170,2225,0,2340,2598,258
Truck975228,2777,2942,2355,2598,243
Truck975308,2777,2942,2380,2598,218
Truck973421,2942,2683,1790,2599,809
Truck973462,2567,2942,1805,2599,794
Truck974589,2942,2443,2155,2599,444
Truck975138,2225,2443,2330,2601,271
Truck975902,2943,2942,2565,2601,36
Truck973207,2683,3119,1725,2602,877
Truck973600,0,2942,1850,2602,752
Truck968209,1338,2443,165,2603,2438
Truck974509,2942,2443,2130,2603,473
Truck974573,2942,2443,2150,2603,453
Truck975276,2777,2942,2370,2604,234
Truck975952,0,2567,2585,2604,19
Truck973415,2683,2942,1790,2605,815
Truck973589,2566,2443,1845,2605,760
Truck974372,2444,2443,2090,2605,515
Truck975918,2943,2942,2570,2605,35
Truck973989,2566,2443,1970,2606,636
Truck974387,2443,2444,2095,2606,511
Truck974419,2443,3119,2105,2606,501
Truck975855,3119,2942,2550,2606,56
Truck975882,2684,2443,2560,2606,46
Truck972793,2224,2567,1595,2607,1012
Truck972807,2683,2224,1600,2607,1007
Truck974611,2443,3119,2165,2607,442
Truck973693,2942,1339,1875,2608,733
Truck974727,2683,2443,2200,2608,408
Truck974855,2683,2684,2240,2608,368
Truck975106,2225,0,2320,2608,288
Truck975348,2444,2566,2395,2608,213
Truck975040,0,2443,2300,2609,309
Truck973608,1339,2942,1850,2610,760
Truck973637,2566,2567,1860,2610,750
Truck973671,2683,2942,1870,2610,740
Truck974260,2444,2443,2055,2610,555
Truck975435,2776,2443,2420,2610,190
Truck975968,0,2567,2590,2610,20
Truck973632,0,2942,1860,2611,751
Truck974148,2444,2443,2020,2611,591
Truck974701,2942,2684,2190,2611,421
Truck974842,2684,2567,2235,2611,376
Truck975934,2943,2942,2575,2611,36
Truck974196,2444,2683,2035,2612,577
Truck968321,1338,2443,200,2613,2413
Truck973319,2683,2942,1760,2613,853
Truck974157,2942,2776,2020,2613,593
Truck975792,0,2683,2535,2613,78
Truck975914,2684,2443,2570,2613,43
Truck975984,0,2567,2595,2613,18
Truck973469,2942,0,1805,2614,809
Truck975466,2684,2776,2430,2614,184
Truck968481,1338,2443,250,2615,2365
Truck974278,2567,2776,2060,2615,555
Truck973046,2567,2224,1675,2616,941
Truck973813,2566,2443,1915,2616,701
Truck974904,1339,2684,2255,2616,361
Truck975950,2943,2942,2580,2616,36
Truck973805,2942,0,1910,2617,707
Truck974618,2684,2942,2165,2617,452
Truck975388,2777,2943,2405,2617,212
Truck973408,0,3119,1790,2618,828
Truck974176,0,2444,2030,2618,588
Truck975340,2777,2942,2390,2618,228
Truck969157,2566,1338,460,2619,2159
Truck969121,1338,2566,450,2620,2170
Truck975930,2684,2443,2575,2620,45
Truck975966,2943,2942,2585,2621,36
Truck972742,2567,2224,1580,2622,1042
Truck974292,2444,2443,2065,2622,557
Truck974356,2444,2443,2085,2623,538
Truck974928,0,2684,2265,2623,358
Truck975179,2776,2443,2340,2623,283
Truck968337,1338,2443,205,2624,2419
Truck972729,2224,2683,1575,2624,1049
Truck973685,2566,2443,1875,2624,749
Truck974324,2444,2443,2075,2624,549
Truck974685,2942,2443,2185,2626,441
Truck975982,2943,2942,2590,2626,36
Truck973367,2683,3119,1775,2627,852
Truck974605,2942,2443,2160,2627,467
Truck974653,2942,2443,2175,2627,452
Truck973861,2566,2443,1930,2628,698
Truck975863,2683,2567,2555,2629,74
Truck975962,2684,2443,2585,2629,44
Truck968641,1338,2443,300,2630,2330
Truck973869,2942,1339,1930,2630,700
Truck974406,2567,2776,2100,2630,530
Truck973800,1339,2566,1910,2631,721
Truck975307,2776,2443,2380,2631,251
Truck975314,2225,2444,2385,2631,246
Truck975324,2777,2942,2385,2631,246
Truck975356,2777,2942,2395,2631,236
Truck975997,2942,2943,2595,2631,36
Truck975998,2943,2942,2595,2631,36
Truck973760,0,3119,1900,2632,732
Truck974447,3119,2443,2110,2632,522
Truck973510,2567,3119,1820,2633,813
Truck968081,1338,1339,125,2634,2509
Truck973784,1339,2566,1905,2634,729
Truck975218,2225,1339,2355,2634,279
Truck968577,1338,2683,280,2635,2355
Truck975234,2225,2443,2360,2635,275
Truck975275,2776,2443,2370,2635,265
Truck975346,2225,2443,2395,2635,240
Truck967841,1338,2443,50,2636,2586
Truck972969,2224,2683,1650,2636,986
Truck976014,2943,2942,2600,2636,36
Truck975330,2225,2443,2390,2637,247
Truck969298,2225,1338,505,2638,2133
Truck970132,2444,1338,765,2638,1873
Truck974628,2444,2443,2170,2638,468
Truck973877,2566,2443,1935,2640,705
Truck973033,2224,0,1670,2641,971
Truck974511,3119,2443,2130,2641,511
Truck975372,2777,2942,2400,2641,241
Truck976029,2942,2943,2605,2641,36
Truck973615,3119,2567,1850,2642,792
Truck973928,1339,2942,1950,2642,692
Truck973957,2566,2443,1960,2642,682
Truck975058,2225,2683,2305,2642,337
Truck976030,2943,2942,2605,2642,37
Truck975273,2224,2942,2370,2643,273
Truck975508,2444,2566,2445,2643,198
Truck976010,2684,2443,2600,2643,43
Truck972841,2224,2683,1610,2644,1034
Truck973687,2683,2942,1875,2644,769
Truck974100,2444,2683,2005,2644,639
Truck975282,2225,2443,2375,2644,269
Truck975513,2224,3119,2445,2644,199
Truck975557,2566,2444,2460,2644,184
Truck973591,2683,2942,1845,2645,800
Truck975292,2777,2942,2375,2645,270
Truck975516,2777,2942,2445,2645,200
Truck968513,1338,2443,260,2646,2386
Truck976046,2943,2942,2610,2646,36
Truck975250,2225,2443,2365,2647,282
Truck976120,1339,0,2635,2647,12
Truck969138,2225,1338,455,2648,2193
Truck968001,1338,1339,100,2649,2549
Truck972809,2224,1339,1600,2649,1049
Truck974922,2684,2942,2260,2649,389
Truck975062,2567,2443,2305,2649,344
Truck975094,2567,2443,2315,2649,334
Truck975420,2777,2942,2415,2649,234
Truck974966,2567,2684,2275,2650,375
Truck975162,2684,2567,2335,2650,315
Truck975484,2777,2942,2435,2650,215
Truck968113,1338,0,135,2651,2516
Truck974256,0,2776,2055,2651,596
Truck976062,2943,2942,2615,2651,36
Truck968977,1338,2225,405,2652,2247
Truck973929,2224,2684,1950,2652,702
Truck974379,2776,2942,2090,2652,562
Truck975920,0,2683,2575,2652,77
Truck975436,2777,2942,2420,2653,233
Truck973801,2224,2443,1910,2654,744
Truck974671,3119,2443,2180,2654,474
Truck968289,1338,2443,190,2655,2465
Truck973647,3119,1339,1860,2655,795
Truck974484,2444,2443,2125,2655,530
Truck975107,2443,2683,2320,2655,335
Truck975389,2942,2777,2405,2655,250
Truck976042,2684,2443,2610,2655,45
Truck973712,0,3119,1885,2656,771
Truck973768,1339,2942,1900,2656,756
Truck974596,2444,2443,2160,2656,496
Truck975404,2777,2942,2410,2656,246
Truck976078,2943,2942,2620,2656,36
Truck975235,2443,1339,2360,2657,297
Truck975266,2225,2567,2370,2657,287
Truck976152,1339,0,2645,2657,12
Truck972982,2567,2224,1655,2658,1003
Truck974031,3119,2776,1980,2658,678
Truck974520,1339,2444,2135,2658,523
Truck975296,0,2225,2380,2658,278
Truck975467,2776,2443,2430,2658,228
Truck976128,0,2567,2640,2658,18
Truck974363,2776,2942,2085,2659,574
Truck974532,2444,2567,2140,2659,519
Truck975136,0,2443,2330,2659,329
Truck974935,2683,2443,2265,2660,395
Truck973881,2224,2443,1935,2661,726
Truck973973,2566,2443,1965,2661,696
Truck975190,2567,2443,2345,2661,316
Truck975323,2776,2443,2385,2661,276
Truck975385,2224,2942,2405,2661,256
Truck976094,2943,2942,2625,2661,36
Truck968520,1339,1338,260,2662,2402
Truck973926,2567,2942,1950,2662,712
Truck974025,2224,2443,1980,2662,682
Truck974555,2776,0,2145,2662,517
Truck973704,1339,2566,1880,2663,783
Truck974970,2684,0,2275,2663,388
Truck975066,2684,2567,2305,2663,358
Truck975611,2776,2684,2475,2663,188
Truck974169,2224,2443,2025,2664,639
Truck974375,2683,2776,2090,2664,574
Truck968545,1338,2443,270,2665,2395
Truck974655,3119,2443,2175,2665,490
Truck976109,2942,2943,2630,2665,35
Truck973525,2566,2683,1825,2666,841
Truck974607,3119,2443,2160,2666,506
Truck975174,2567,2443,2340,2666,326
Truck976110,2943,2942,2630,2666,36
Truck973465,2224,2776,1805,2667,862
Truck975426,2225,2443,2420,2667,247
Truck968275,2443,1338,185,2668,2483
Truck973727,3119,0,1885,2668,783
Truck973893,2566,2567,1940,2668,728
Truck975082,2684,2942,2310,2668,358
Truck975509,2566,2444,2445,2668,223
Truck975609,2224,3119,2475,2668,193
Truck968512,0,1338,260,2669,2409
Truck972855,2683,2224,1615,2669,1054
Truck968497,1338,2683,255,2670,2415
Truck974468,2444,1339,2120,2670,550
Truck968257,1338,2443,180,2671,2491
Truck973750,2567,2942,1895,2671,776
Truck973799,2683,2942,1910,2671,761
Truck975396,2444,2225,2410,2671,261
Truck975464,1339,2225,2430,2671,241
Truck975469,2942,2777,2430,2671,241
Truck975991,2683,0,2595,2671,76
Truck976023,2683,1339,2605,2671,66
Truck976024,1339,2683,2605,2671,66
Truck976126,2943,2942,2635,2671,36
Truck968593,1338,2567,285,2672,2387
Truck974660,2444,1339,2180,2673,493
Truck976106,2684,2443,2630,2673,43
Truck976214,2567,1339,2665,2673,8
Truck974155,2776,3119,2020,2674,654
Truck975490,2225,2443,2440,2674,234
Truck973741,2942,1339,1890,2675,785
Truck973816,1339,2942,1915,2675,760
Truck974755,2443,2942,2210,2675,465
Truck975362,2225,1339,2400,2675,275
Truck975500,2777,2942,2440,2675,235
Truck975401,2224,2942,2410,2676,266
Truck976079,3119,2942,2620,2676,56
Truck976142,2943,2942,2640,2676,36
Truck975002,2684,2683,2285,2677,392
Truck975143,2683,2225,2330,2677,347
Truck975419,2776,2443,2415,2677,262
Truck975458,2225,2443,2430,2677,247
Truck973781,2566,2443,1905,2678,773
Truck975452,2777,2942,2425,2678,253
Truck976122,2684,2443,2635,2678,43
Truck976230,2567,1339,2670,2678,8
Truck973792,0,2566,1910,2679,769
Truck975538,2225,2443,2455,2679,224
Truck974073,2224,2443,1995,2680,685
Truck974938,2684,2942,2265,2680,415
Truck976095,3119,2942,2625,2680,55
Truck973783,2683,3119,1905,2681,776
Truck974185,2224,2684,2030,2681,651
Truck975175,2683,2443,2340,2681,341
Truck975548,2777,2942,2455,2682,227
Truck975740,2777,2943,2515,2682,167
Truck976224,0,1339,2670,2682,12
Truck974233,2224,2684,2045,2683,638
Truck973670,2567,2942,1870,2684,814
Truck974184,1339,2566,2030,2684,654
Truck975184,0,2443,2345,2684,339
Truck975063,2683,2684,2305,2685,380
Truck975254,2567,2443,2365,2685,320
Truck976174,2943,2942,2650,2685,35
Truck973590,2567,2942,1845,2686,841
Truck974504,1339,2776,2130,2686,556
Truck974723,2443,3119,2200,2686,486
Truck974877,2942,2443,2245,2686,441
Truck975146,2684,1339,2330,2686,356
Truck976111,3119,2942,2630,2686,56
Truck973910,2567,2942,1945,2687,742
Truck974591,3119,2443,2155,2687,532
Truck975394,2225,2443,2410,2687,277
Truck974850,2225,2566,2240,2688,448
Truck975130,2684,0,2325,2688,363
Truck973088,0,2224,1690,2689,999
Truck974472,1339,2776,2120,2689,569
Truck975474,2225,2567,2435,2689,254
Truck974281,2224,2684,2060,2690,630
Truck975563,2776,2443,2460,2690,230
Truck976154,2684,2443,2645,2690,45
Truck968561,1338,1339,275,2691,2416
Truck975203,2443,0,2350,2691,341
Truck968417,1338,2443,230,2692,2462
Truck975468,2777,2942,2430,2692,262
Truck975171,2443,0,2340,2693,353
Truck975561,2224,2942,2460,2693,233
Truck975596,2777,2942,2470,2693,223
Truck975657,2224,3119,2490,2693,203
Truck975738,2684,2776,2515,2693,178
Truck974443,2776,2942,2110,2694,584
Truck974548,2444,2683,2145,2694,549
Truck974883,2443,2942,2250,2694,444
Truck974963,2443,2942,2275,2694,419
Truck975612,2777,2942,2475,2694,219
Truck976170,2684,2443,2650,2694,44
Truck974408,1339,2776,2100,2695,595
Truck975564,2777,2942,2460,2695,235
Truck976206,2943,2942,2660,2696,36
Truck973863,2683,2942,1930,2697,767
Truck973912,1339,3119,1945,2697,752
Truck973981,2942,1339,1965,2697,732
Truck974847,3119,2443,2235,2697,462
Truck975579,2776,2443,2465,2697,232
Truck974009,2224,2443,1975,2698,723
Truck974516,2444,2443,2135,2698,563
Truck975668,2444,2566,2495,2698,203
Truck973961,2224,2443,1960,2699,739
Truck974676,2444,2443,2185,2699,514
Truck974037,2566,2443,1985,2700,715
Truck974101,2566,2443,2005,2700,695
Truck974580,2444,2443,2155,2700,545
Truck975408,0,2443,2415,2700,285
Truck968305,1338,2683,195,2701,2506
Truck973829,2566,2683,1920,2701,781
Truck976222,2943,2942,2665,2701,36
Truck968930,2225,1338,390,2702,2312
Truck973872,0,2566,1935,2702,767
Truck975442,2225,2444,2425,2702,277
Truck975483,2776,2443,2435,2702,267
Truck974644,2444,2443,2175,2703,528
Truck976202,2684,2443,2660,2703,43
Truck974708,2444,2443,2195,2704,509
Truck974756,2444,2443,2210,2705,495
Truck975299,2443,0,2380,2705,325
Truck975368,1339,2443,2400,2706,306
Truck968961,1338,0,400,2707,2307
Truck973767,2683,2566,1900,2707,807
Truck974420,2444,2683,2105,2707,602
Truck975708,2777,2942,2505,2707,202
Truck974819,2443,2444,2230,2708,478
Truck974917,2566,2225,2260,2708,448
Truck975242,2684,2567,2360,2708,348
Truck976218,2684,2443,2665,2708,43
Truck974083,2443,2224,2000,2709,709
Truck974152,1339,2566,2020,2710,690
Truck975120,0,2684,2325,2710,385
Truck975580,2777,2942,2465,2710,245
Truck973920,0,2942,1950,2711,761
Truck975586,2225,1339,2470,2711,241
Truck975739,2776,2684,2515,2711,196
Truck976254,2943,2942,2675,2711,36
Truck974692,2444,2443,2190,2712,522
Truck975627,2776,2443,2480,2712,232
Truck974475,2776,2942,2120,2713,593
Truck975666,2225,2443,2495,2713,218
Truck976207,3119,2942,2660,2713,53
Truck968310,2567,1338,195,2714,2519
Truck973653,2566,2683,1865,2714,849
Truck974201,2224,2443,2035,2714,679
Truck975494,2567,2225,2440,2714,274
Truck975659,2776,2443,2490,2714,224
Truck976227,2443,2684,2670,2714,44
Truck968193,1338,2443,160,2715,2555
Truck975522,2225,2443,2450,2715,265
Truck968849,1338,2443,365,2716,2351
Truck973846,2567,3119,1925,2716,791
Truck975078,2567,2684,2310,2716,406
Truck975382,2567,2443,2405,2716,311
Truck975532,2777,2942,2450,2716,266
Truck975644,2777,2942,2485,2716,231
Truck973832,1339,3119,1920,2717,797
Truck973851,2776,2224,1925,2717,792
Truck974080,0,2566,2000,2717,717
Truck974899,2443,2942,2255,2717,462
Truck975676,2777,2942,2495,2717,222
Truck976270,2943,2942,2680,2717,37
Truck968673,1338,2443,310,2718,2408
Truck974867,2443,2942,2245,2718,473
Truck975200,0,2684,2350,2718,368
Truck975796,2444,2566,2535,2718,183
Truck974691,2443,2444,2190,2719,529
Truck975410,2225,0,2415,2719,304
Truck975577,2224,2942,2465,2719,254
Truck975628,2777,2942,2480,2719,239
Truck973056,0,2224,1680,2720,1040
Truck973751,2683,2942,1895,2720,825
Truck973845,2566,2567,1925,2720,795
Truck974890,2684,3119,2250,2720,470
Truck976167,2683,2567,2650,2720,70
Truck973113,2224,2683,1695,2721,1026
Truck974612,2444,2443,2165,2721,556
Truck975319,2683,2443,2385,2721,336
Truck975692,2777,2942,2500,2721,221
Truck969217,1338,2225,480,2722,2242
Truck973942,2567,2942,1955,2722,767
Truck975411,2443,0,2415,2722,307
Truck975684,2444,2566,2500,2722,222
Truck975813,2566,2444,2540,2722,182
Truck976286,2943,2942,2685,2722,37
Truck970053,2566,1338,740,2723,1983
Truck975554,2225,2443,2460,2723,263
Truck976342,2567,0,2705,2723,18
Truck974198,2567,2566,2035,2724,689
Truck974637,2942,2776,2170,2724,554
Truck974500,2444,2443,2130,2725,595
Truck976266,2684,2443,2680,2725,45
Truck976302,2943,2942,2690,2725,35
Truck975542,2567,2225,2455,2726,271
Truck974133,2566,2443,2015,2727,712
Truck975643,2776,2443,2485,2727,242
Truck976376,1339,0,2715,2727,12
Truck970516,2444,1338,885,2728,1843
Truck974229,2566,1339,2045,2729,684
Truck974041,2224,2443,1985,2730,745
Truck975724,2777,2943,2510,2730,220
Truck976318,2943,2942,2695,2730,35
Truck968279,2683,1338,185,2731,2546
Truck973561,2224,2776,1835,2731,896
Truck974539,2776,2683,2140,2731,591
Truck974879,3119,2443,2245,2731,486
Truck975650,2225,2443,2490,2731,241
Truck976317,2942,2943,2695,2731,36
Truck968241,1338,2683,175,2732,2557
Truck974245,2566,2443,2050,2732,682
Truck973104,0,2224,1695,2733,1038
Truck973976,1339,2942,1965,2733,768
Truck974056,1339,2566,1990,2733,743
Truck974916,2444,2443,2260,2733,473
Truck974165,2566,2443,2025,2734,709
Truck974173,2942,2567,2025,2734,709
Truck975059,2443,2942,2305,2734,429
Truck975540,2444,2225,2455,2734,279
Truck975682,2225,1339,2500,2734,234
Truck975069,2942,2443,2305,2735,430
Truck976199,2683,0,2660,2735,75
Truck976334,2943,2942,2700,2735,35
Truck968760,1339,1338,335,2736,2401
Truck975496,1339,2225,2440,2736,296
Truck974005,2566,2443,1975,2737,762
Truck976408,1339,0,2725,2737,12
Truck976424,1339,2567,2730,2737,7
Truck975117,2942,2443,2320,2738,418
Truck976314,2684,2443,2695,2738,43
Truck968401,1338,2443,225,2739,2514
Truck973623,2683,3119,1855,2739,884
Truck974959,3119,2684,2270,2739,469
Truck974893,2942,2443,2250,2740,490
Truck975085,2942,2443,2310,2740,430
Truck975430,2567,2443,2420,2740,320
Truck975711,3119,2224,2505,2740,235
Truck976287,3119,2942,2685,2740,55
Truck974181,2566,2443,2030,2741,711
Truck974534,2567,2776,2140,2741,601
Truck976350,2943,2942,2705,2741,36
Truck976301,2942,3119,2690,2742,52
Truck973097,2224,2567,1690,2744,1054
Truck975787,2776,2443,2530,2744,214
Truck976330,2684,2443,2700,2744,44
Truck969538,2225,1338,580,2745,2165
Truck974619,2776,2942,2165,2745,580
Truck974799,3119,2443,2220,2745,525
Truck976366,2943,2942,2710,2745,35
Truck974788,2444,2443,2220,2746,526
Truck975360,0,2684,2400,2746,346
Truck974724,2444,2443,2200,2747,547
Truck975370,2684,1339,2400,2747,347
Truck975791,3119,2224,2530,2747,217
Truck973081,2224,0,1685,2748,1063
Truck974345,2224,2443,2080,2748,668
Truck975660,2777,2942,2490,2748,258
Truck976346,2684,2443,2705,2748,43
Truck974868,2444,2443,2245,2749,504
Truck975741,2942,2224,2515,2749,234
Truck975011,2443,2942,2290,2750,460
Truck976382,2943,2942,2715,2750,35
Truck973679,3119,1339,1870,2751,881
Truck974182,2567,2566,2030,2751,721
Truck973965,2942,2683,1960,2752,792
Truck974527,3119,2776,2135,2752,617
Truck974656,0,2444,2180,2752,572
Truck976470,2567,1339,2745,2752,7
Truck968864,0,1338,370,2753,2383
Truck975511,2683,2225,2445,2753,308
Truck973968,0,2942,1965,2754,789
Truck973771,2776,2224,1900,2756,856
Truck974271,3119,2776,2055,2756,701
Truck974293,2566,2443,2065,2756,691
Truck974915,2443,2444,2260,2756,496
Truck975335,2683,2443,2390,2756,366
Truck975772,2777,2942,2525,2756,231
Truck968465,1338,1339,245,2758,2513
Truck975149,2942,2443,2330,2758,428
Truck976378,2684,2443,2715,2759,44
Truck973839,3119,0,1920,2760,840
Truck976414,2943,2942,2725,2760,35
Truck970692,2444,1338,940,2761,1821
Truck973257,2224,1339,1740,2761,1021
Truck974313,2224,2443,2070,2761,691
Truck975634,2225,2443,2485,2761,276
Truck969973,2566,1338,715,2762,2047
Truck973273,2224,0,1745,2762,1017
Truck974392,1339,2566,2095,2762,667
Truck975539,2443,0,2455,2762,307
Truck976351,3119,2942,2705,2762,57
Truck976488,1339,0,2750,2762,12
Truck969681,1338,2566,625,2763,2138
Truck974499,2443,2224,2130,2763,633
Truck974635,2776,2942,2170,2763,593
Truck969585,1338,2225,595,2764,2169
Truck975287,2683,2684,2375,2764,389
Truck975432,1339,2443,2420,2764,344
Truck975714,2225,2443,2510,2764,254
Truck969617,1338,2566,605,2765,2160
Truck975012,2444,2443,2290,2765,475
Truck975636,2444,2225,2485,2765,280
Truck976295,2683,0,2690,2765,75
Truck968449,1338,2683,240,2766,2526
Truck974071,2683,2566,1995,2766,771
Truck974852,2444,2443,2240,2766,526
Truck975071,3119,2443,2305,2766,461
Truck976327,2683,1339,2700,2766,66
Truck975756,2777,2942,2520,2767,247
Truck976430,2943,2942,2730,2767,37
Truck973967,3119,0,1960,2768,808
Truck974347,2776,3119,2080,2768,688
Truck975181,2942,2684,2340,2768,428
Truck975755,2776,2443,2520,2768,248
Truck973919,3119,0,1945,2769,824
Truck974053,2566,2683,1990,2769,779
Truck974150,2567,2942,2020,2769,749
Truck976410,2684,2443,2725,2769,44
Truck973933,2942,2567,1950,2770,820
Truck975804,2777,2942,2535,2770,235
Truck970244,2444,1338,800,2771,1971
Truck973887,3119,2683,1935,2771,836
Truck974820,2444,2443,2230,2771,541
Truck975016,1339,2444,2290,2771,481
Truck975602,2225,2567,2475,2771,296
Truck976446,2943,2942,2735,2771,36
Truck974763,2776,2683,2210,2772,562
Truck975698,2225,2567,2505,2772,267
Truck975788,2777,2942,2530,2772,242
Truck975820,2777,2942,2540,2772,232
Truck974297,2224,2443,2065,2773,708
Truck975239,2683,2443,2360,2773,413
Truck976419,2443,2684,2730,2773,43
Truck968568,1339,1338,275,2774,2499
Truck974357,2566,2443,2085,2774,689
Truck974740,2444,2443,2205,2774,569
Truck974804,2444,1339,2225,2774,549
Truck975402,2684,2942,2410,2774,364
Truck974948,2444,0,2270,2775,505
Truck975245,2942,2443,2360,2775,415
Truck975415,2683,2443,2415,2775,360
Truck975932,2777,2942,2575,2775,200
Truck973991,2683,2942,1970,2777,807
Truck974023,2683,2942,1980,2777,797
Truck975092,2444,2443,2315,2777,462
Truck975737,2224,2942,2515,2777,262
Truck976435,2443,2684,2735,2777,42
Truck976462,2943,2942,2740,2777,37
Truck974221,2942,1339,2040,2778,738
Truck975638,2567,2443,2485,2778,293
Truck974039,2683,2566,1985,2779,794
Truck975028,2444,2443,2295,2779,484
Truck974248,1339,2942,2050,2780,730
Truck975044,2444,2443,2300,2780,480
Truck976005,2566,2444,2600,2780,180
Truck968785,1338,2443,345,2781,2436
Truck975884,2777,2942,2560,2781,221
Truck976478,2943,2942,2745,2781,36
Truck974214,2567,2566,2040,2782,742
Truck975354,2684,0,2395,2782,387
Truck975849,2224,2942,2550,2782,232
Truck975853,2942,2777,2550,2782,232
Truck975890,2225,2443,2565,2782,217
Truck969027,2443,1338,420,2783,2363
Truck975213,2942,2443,2350,2783,433
Truck975293,2942,2443,2375,2783,408
Truck975491,2443,0,2440,2783,343
Truck976458,2684,2443,2740,2783,43
Truck968721,1338,0,325,2784,2459
Truck974093,2942,2683,2000,2784,784
Truck969985,1338,2566,720,2785,2065
Truck974405,2566,2443,2100,2785,685
Truck975154,2225,2566,2335,2785,450
Truck975568,0,2443,2465,2785,320
Truck975836,2777,2942,2545,2785,240
Truck969057,1338,2443,430,2786,2356
Truck975673,2224,2942,2495,2786,291
Truck976358,2567,2683,2710,2786,76
Truck968881,1338,1339,375,2787,2412
Truck974900,2444,2443,2255,2787,532
Truck976494,2943,2942,2750,2787,37
Truck973753,2224,2776,1895,2788,893
Truck975689,2224,2942,2500,2788,288
Truck975810,2225,2443,2540,2788,248
Truck975900,2777,2942,2565,2788,223
Truck976359,2683,0,2710,2788,78
Truck973225,2224,0,1730,2789,1059
Truck974361,2224,2443,2085,2789,704
Truck975123,2443,2942,2325,2789,464
Truck975654,2567,2443,2490,2789,299
Truck975973,2566,2444,2590,2789,199
Truck973927,2683,2942,1950,2790,840
Truck974371,2443,2566,2090,2790,700
Truck974886,2567,2444,2250,2790,540
Truck975916,2777,2942,2570,2790,220
Truck969553,1338,2225,585,2791,2206
Truck974008,1339,2942,1975,2791,816
Truck975183,3119,2684,2340,2791,451
Truck975261,2942,2443,2365,2791,426
Truck975288,1339,2684,2375,2791,416
Truck975616,0,2225,2480,2791,311
Truck976510,2943,2942,2755,2791,36
Truck968696,1339,1338,315,2792,2477
Truck974790,2567,2444,2220,2792,572
Truck974934,2567,2776,2265,2792,527
Truck975424,0,2684,2420,2792,372
Truck975878,2567,2225,2560,2792,232
Truck974136,1339,2942,2015,2793,778
Truck976368,0,2683,2715,2793,78
Truck974069,2566,2683,1995,2794,799
Truck976566,2567,0,2775,2794,19
Truck970404,2444,1338,850,2795,1945
Truck974264,1339,2942,2055,2795,740
Truck975769,2224,2942,2525,2795,270
Truck968737,1338,2443,330,2796,2466
Truck975746,2225,2444,2520,2796,276
Truck975964,2777,2942,2585,2796,211
Truck976525,2942,2943,2760,2796,36
Truck969009,1338,2443,415,2797,2382
Truck974118,2567,2942,2010,2797,787
Truck974781,2942,2776,2215,2797,582
Truck975462,2567,2684,2430,2797,367
Truck976526,2943,2942,2760,2797,37
Truck968753,1338,0,335,2799,2464
Truck968936,1339,1338,390,2799,2409
Truck974147,2443,2566,2020,2799,779
Truck974836,2444,2443,2235,2799,564
Truck975948,2777,2942,2580,2799,219
Truck976506,2684,2443,2755,2799,44
Truck970417,1338,2444,855,2800,1945
Truck975341,2942,2443,2390,2800,410
Truck974501,2566,2443,2130,2801,671
Truck975922,2225,2443,2575,2801,226
Truck976542,2943,2942,2765,2801,36
Truck970082,2225,1338,750,2802,2052
Truck975945,2224,3119,2580,2802,222
Truck976477,2942,3119,2745,2802,57
Truck975907,2443,2776,2570,2803,233
Truck976422,2567,2683,2730,2803,73
Truck976495,3119,2942,2750,2803,53
Truck974840,1339,2776,2235,2804,569
Truck975187,2443,2942,2345,2805,460
Truck975400,1339,2684,2410,2805,395
Truck975133,2942,2443,2325,2806,481
Truck975778,2225,2567,2530,2806,276
Truck975842,2225,2443,2550,2806,256
Truck975996,2777,2942,2595,2806,211
Truck976044,2777,2942,2610,2806,196
Truck976558,2943,2942,2770,2806,36
Truck974007,2683,2942,1975,2807,832
Truck975023,3119,2443,2290,2807,517
Truck975570,2225,2683,2465,2807,342
Truck976493,2942,3119,2750,2807,57
Truck974089,2224,2776,2000,2808,808
Truck975258,2684,3119,2365,2808,443
Truck975794,2225,2443,2535,2808,273
Truck976416,0,2683,2730,2808,78
Truck969909,2566,1338,695,2809,2114
Truck974166,2567,2942,2025,2809,784
Truck975868,2777,2942,2555,2809,254
Truck976027,2776,2443,2605,2809,204
Truck969025,1338,2443,420,2810,2390
Truck969297,1338,2443,505,2810,2305
Truck974191,3119,2567,2030,2810,780
Truck974381,2942,2567,2090,2810,720
Truck975450,2684,2942,2425,2810,385
Truck975852,2777,2942,2550,2810,260
Truck976574,2943,2942,2775,2810,35
Truck969425,1338,1339,545,2811,2266
Truck974015,3119,1339,1975,2811,836
Truck975731,2443,2567,2515,2811,296
Truck975459,2443,2942,2430,2812,382
Truck973977,2224,2776,1965,2813,848
Truck974192,0,2942,2035,2813,778
Truck974309,2566,2443,2070,2813,743
Truck974575,3119,2776,2150,2813,663
Truck975087,3119,2443,2310,2813,503
Truck974373,2566,2443,2090,2814,724
Truck974537,2224,2443,2140,2815,675
Truck975220,2444,2443,2355,2815,460
Truck976092,2777,2943,2625,2815,190
Truck976590,2943,2942,2780,2815,35
Truck974230,2567,2566,2045,2816,771
Truck974237,2942,2567,2045,2816,771
Truck974247,2683,2566,2050,2816,766
Truck970033,1338,2566,735,2817,2082
Truck974485,2566,2443,2125,2818,693
Truck975730,2225,1339,2515,2818,303
Truck975915,2776,2443,2570,2818,248
Truck968993,1338,2683,410,2819,2409
Truck975874,2225,2443,2560,2819,259
Truck975592,1339,2684,2470,2820,350
Truck976543,3119,2942,2765,2820,55
Truck974553,2224,2443,2145,2821,676
Truck975762,2225,0,2525,2821,296
Truck975906,2225,2443,2570,2821,251
Truck975938,2225,1339,2580,2821,241
Truck976606,2943,2942,2785,2821,36
Truck968689,1338,2443,315,2822,2507
Truck975167,3119,2443,2335,2822,487
Truck975215,3119,2443,2350,2822,472
Truck975231,3119,2443,2355,2822,467
Truck976586,2684,2443,2780,2823,43
Truck975946,2684,2776,2580,2824,244
Truck976041,2224,3119,2610,2824,214
Truck976059,2776,2443,2615,2824,209
Truck975970,2225,2443,2590,2825,235
Truck976621,2942,2943,2790,2825,35
Truck976520,1339,2683,2760,2826,66
Truck976622,2943,2942,2790,2826,36
Truck974421,2566,2443,2105,2827,722
Truck975437,2942,2443,2420,2827,407
Truck974469,2566,2443,2120,2828,708
Truck968648,1339,1338,300,2829,2529
Truck973481,2224,2567,1810,2829,1019
Truck974517,2566,2443,2135,2829,694
Truck975284,2444,2443,2375,2829,454
Truck975995,2776,2684,2595,2829,234
Truck968902,2567,1338,380,2830,2450
Truck974987,2776,0,2280,2830,550
Truck975298,2225,2566,2380,2830,450
Truck976089,2224,3119,2625,2830,205
Truck976602,2684,2443,2785,2830,45
Truck968407,2683,1338,225,2831,2606
Truck975575,2683,2443,2465,2831,366
Truck976638,2943,2942,2795,2831,36
Truck973337,2224,2567,1765,2832,1067
Truck975263,3119,2443,2365,2832,467
Truck976043,2776,2443,2610,2832,222
Truck976618,2684,2443,2790,2832,42
Truck975000,1339,2776,2285,2833,548
Truck975931,2776,2443,2575,2833,258
Truck974262,2567,2942,2055,2834,779
Truck974341,2566,2443,2080,2834,754
Truck974617,2224,2684,2165,2834,669
Truck976028,2777,2942,2605,2834,229
Truck976073,2224,3119,2620,2834,214
Truck975204,2444,2443,2350,2835,485
Truck976654,2943,2942,2800,2835,35
Truck974317,2942,0,2070,2836,766
Truck975253,2566,2225,2365,2836,471
Truck975826,2225,1339,2545,2836,291
Truck969030,2567,1338,420,2837,2417
Truck974815,3119,2776,2225,2837,612
Truck974939,2776,2942,2265,2837,572
Truck976728,1339,0,2825,2837,12
Truck974549,2566,2443,2145,2838,693
Truck975267,2443,3119,2370,2838,468
Truck975980,2777,2942,2590,2839,249
Truck974144,0,2942,2020,2840,820
Truck974666,2684,2224,2180,2840,660
Truck975642,2684,2942,2485,2840,355
Truck976002,2225,2443,2600,2840,240
Truck974715,2776,2683,2195,2841,646
Truck974811,2776,2942,2225,2841,616
Truck974996,2444,2443,2285,2841,556
Truck976143,3119,2224,2640,2841,201
Truck976760,1339,2567,2835,2841,6
Truck975333,2566,2225,2390,2842,452
Truck976018,2225,2443,2605,2842,237
Truck976670,2943,2942,2805,2842,37
Truck974239,3119,0,2045,2843,798
Truck974597,2566,2443,2160,2843,683
Truck968929,1338,2567,390,2844,2454
Truck975060,2444,2443,2305,2844,539
Truck975618,2225,2683,2480,2844,364
Truck975986,2225,2443,2595,2844,249
Truck969153,1338,0,460,2845,2385
Truck970980,2444,1338,1030,2845,1815
Truck976686,2943,2942,2810,2845,35
Truck974467,2443,2224,2120,2846,726
Truck974932,2444,2683,2265,2846,581
Truck975395,2443,2942,2410,2846,436
Truck974586,2684,2224,2155,2847,692
Truck976011,2776,2443,2600,2847,247
Truck968817,1338,2443,355,2848,2493
Truck974223,3119,1339,2040,2848,808
Truck974964,2444,0,2275,2848,573
Truck975917,2942,2224,2570,2848,278
Truck975947,2776,2443,2580,2848,268
Truck974976,0,2444,2280,2849,569
Truck975453,2942,2443,2425,2849,424
Truck975913,2224,2942,2570,2849,279
Truck976639,3119,2942,2795,2851,56
Truck976702,2943,2942,2815,2851,36
Truck975076,2444,2567,2310,2852,542
Truck975859,2443,2225,2555,2852,297
Truck968657,1338,2683,305,2853,2548
Truck974279,2683,2942,2060,2853,793
Truck976171,2776,2443,2650,2853,203
Truck974102,2567,2942,2005,2854,849
Truck975686,2567,2684,2500,2854,354
Truck970389,2566,1338,845,2855,2010
Truck975014,2567,2444,2290,2855,565
Truck975613,2942,2443,2475,2855,380
Truck976060,2777,2942,2615,2855,240
Truck976124,2777,2942,2635,2855,220
Truck974533,2566,2443,2140,2856,716
Truck975811,2443,1339,2540,2856,316
Truck976718,2943,2942,2820,2856,36
Truck974971,2776,2683,2275,2857,582
Truck976140,2777,2942,2640,2857,217
Truck970625,1338,2444,920,2858,1938
Truck974525,2942,2567,2135,2858,723
Truck974730,2684,2224,2200,2858,658
Truck974759,2683,2776,2210,2858,648
Truck976172,2777,2942,2650,2858,208
Truck969489,1338,2443,565,2859,2294
Truck976012,2777,2942,2600,2859,259
Truck976076,2777,2942,2620,2859,239
Truck976082,2225,2443,2625,2859,234
Truck975268,2444,2443,2370,2860,490
Truck975897,2224,2942,2565,2860,295
Truck976734,2943,2942,2825,2860,35
Truck974613,2566,2443,2165,2861,696
Truck975427,2443,2942,2420,2861,441
Truck975606,2567,2684,2475,2861,386
Truck975718,2567,2443,2510,2861,351
Truck968769,1338,2567,340,2862,2522
Truck976614,2567,2683,2790,2863,73
Truck973463,2683,2224,1805,2864,1059
Truck974521,2224,2443,2135,2864,729
Truck976615,2683,2567,2790,2864,74
Truck976025,2224,2942,2605,2865,260
Truck976750,2943,2942,2830,2866,36
Truck974767,3119,2776,2210,2867,657
Truck976190,2943,2777,2655,2867,212
Truck974231,2683,3119,2045,2868,823
Truck974352,0,3119,2085,2868,783
Truck969281,1338,2443,500,2869,2369
Truck975954,2225,2443,2585,2869,284
Truck974741,2566,2443,2205,2870,665
Truck975519,3119,2684,2445,2870,425
Truck975635,2443,2683,2485,2870,385
Truck975674,2684,1339,2495,2870,375
Truck976766,2943,2942,2835,2870,35
Truck974998,2567,2444,2285,2871,586
Truck975019,2776,2942,2290,2871,581
Truck976123,2776,2443,2635,2871,236
Truck976664,1339,2683,2805,2871,66
Truck969826,2225,1338,670,2872,2202
Truck974255,3119,0,2050,2872,822
Truck975300,2444,2567,2380,2872,492
Truck976624,0,2683,2795,2872,77
Truck973449,2224,2567,1800,2873,1073
Truck974488,1339,2942,2125,2873,748
Truck975391,3119,2443,2405,2873,468
Truck974455,2683,2566,2115,2874,759
Truck975291,2776,1339,2375,2874,499
Truck973728,0,2224,1890,2875,985
Truck974677,2566,2443,2185,2875,690
Truck974713,2224,2684,2195,2875,680
Truck976157,2942,2224,2645,2875,230
Truck975477,2566,2225,2435,2876,441
Truck975763,2443,0,2525,2876,351
Truck976782,2943,2942,2840,2876,36
Truck975124,2444,2567,2325,2877,552
Truck975815,2683,2443,2540,2877,337
Truck976045,2942,2224,2610,2877,267
Truck976158,2943,2777,2645,2877,232
Truck974376,1339,2942,2090,2878,788
Truck975375,3119,2443,2400,2878,478
Truck976034,2225,2567,2610,2878,268
Truck976108,2777,2942,2630,2879,249
Truck976156,2777,2942,2645,2879,234
Truck976165,2566,2444,2650,2879,229
Truck974454,2567,2942,2115,2880,765
Truck974621,2942,2567,2165,2880,715
Truck974645,2566,2443,2175,2880,705
Truck974793,2224,2443,2220,2880,660
Truck975843,2443,2567,2550,2880,330
Truck976238,2943,2777,2670,2880,210
Truck974629,2566,2443,2170,2881,711
Truck975482,2684,3119,2435,2881,446
Truck975664,0,2684,2495,2881,386
Truck976695,2683,1339,2815,2881,66
Truck976696,1339,2683,2815,2881,66
Truck975407,3119,2443,2410,2882,472
Truck973447,2683,2224,1800,2883,1083
Truck974439,2683,3119,2110,2883,773
Truck975003,2776,2942,2285,2883,598
Truck975359,3119,2443,2395,2883,488
Truck975533,2942,2443,2450,2883,433
Truck975831,2683,2225,2545,2883,338
Truck973766,2567,2224,1900,2884,984
Truck975083,2776,2942,2310,2884,574
Truck975802,2684,2942,2535,2885,350
Truck976751,3119,2942,2830,2885,55
Truck974471,2683,2942,2120,2886,766
Truck974616,1339,2566,2165,2886,721
Truck976066,2225,2443,2620,2886,266
Truck976075,2776,2443,2620,2887,267
Truck976814,2943,2942,2850,2887,37
Truck973641,2224,2567,1860,2888,1028
Truck973737,2224,0,1890,2888,998
Truck974477,2942,2567,2120,2888,768
Truck974680,1339,2942,2185,2888,703
Truck974858,2684,2224,2240,2888,648
Truck975199,3119,2443,2345,2888,543
Truck975227,2776,1339,2355,2888,533
Truck976203,2776,2443,2660,2888,228
Truck976765,2942,3119,2835,2888,53
Truck974565,2566,2443,2150,2889,739
Truck974757,2566,2443,2210,2889,679
Truck976220,2777,2942,2665,2889,224
Truck976787,2443,2684,2845,2890,45
Truck975736,1339,2684,2515,2891,376
Truck976236,2777,2942,2670,2891,221
Truck968945,1338,0,395,2892,2497
Truck969249,1338,2443,490,2892,2402
Truck973798,2567,2224,1910,2892,982
Truck974600,1339,2942,2160,2892,732
Truck974688,0,2566,2190,2892,702
Truck975172,2444,2443,2340,2892,552
Truck976710,2567,2683,2820,2892,72
Truck975315,2443,2444,2385,2893,508
Truck975858,2225,2683,2555,2893,338
Truck973607,2683,2224,1850,2894,1044
Truck974319,3119,1339,2070,2894,824
Truck975255,2683,2776,2365,2895,530
Truck975712,0,2684,2510,2895,385
Truck976711,2683,2567,2820,2895,75
Truck976846,2943,2942,2860,2895,35
Truck974389,2566,0,2095,2896,801
Truck975048,1339,2776,2300,2896,596
Truck969185,1338,2443,470,2897,2427
Truck975051,2776,2942,2300,2897,597
Truck975567,3119,2684,2460,2897,437
Truck976308,2444,2566,2695,2897,202
Truck976704,0,2683,2820,2897,77
Truck969233,1338,2443,485,2898,2413
Truck976727,2683,2567,2825,2898,73
Truck976861,2942,2943,2865,2900,35
Truck976192,0,2225,2660,2901,241
Truck976204,2777,2942,2660,2901,241
Truck976759,2683,1339,2835,2901,66
Truck976862,2943,2942,2865,2901,36
Truck969031,2683,1338,420,2902,2482
Truck975923,2443,2683,2575,2902,327
Truck976040,1339,2225,2610,2902,292
Truck976093,2942,2224,2625,2902,277
Truck976300,2777,2942,2690,2902,212
Truck975619,2443,2942,2480,2903,423
Truck975658,2684,3119,2490,2903,413
Truck976188,2777,2942,2655,2903,248
Truck974445,2942,0,2110,2904,794
Truck975349,2566,2225,2395,2904,509
Truck975364,2444,0,2400,2904,504
Truck975751,2683,2684,2520,2904,384
Truck976146,2225,2443,2645,2904,259
Truck969041,1338,2443,425,2905,2480
Truck976743,2683,2567,2830,2905,75
Truck974789,2566,2443,2220,2906,686
Truck976878,2943,2942,2870,2906,36
Truck975501,2942,2443,2440,2907,467
Truck975706,2684,2942,2505,2907,402
Truck975971,2443,1339,2590,2907,317
Truck976268,2777,2942,2680,2907,227
Truck976249,2224,2942,2675,2908,233
Truck969251,2443,1338,490,2909,2419
Truck974470,2567,2942,2120,2909,789
Truck976137,2224,2942,2640,2909,269
Truck975238,2567,2776,2360,2910,550
Truck975270,2567,2444,2370,2910,540
Truck975869,2942,2684,2555,2910,355
Truck976894,2943,2942,2875,2910,35
Truck969040,0,1338,425,2911,2486
Truck969889,1338,2225,690,2911,2221
Truck974697,2224,2443,2190,2911,721
Truck974853,2566,2443,2240,2911,671
Truck975035,2776,3119,2295,2911,616
Truck975690,2684,2942,2500,2911,411
Truck974664,1339,2942,2180,2912,732
Truck975211,2776,2942,2350,2913,563
Truck975251,2443,2444,2365,2913,548
Truck975910,2567,2443,2570,2913,343
Truck976874,2684,2443,2870,2913,43
Truck969137,1338,1339,455,2914,2459
Truck969299,2443,1338,505,2914,2409
Truck974919,2683,2444,2260,2914,654
Truck975295,3119,2443,2375,2914,539
Truck975503,3119,2443,2440,2914,474
Truck975786,2684,2683,2530,2914,384
Truck976099,2443,2567,2630,2914,284
Truck976251,2776,2443,2675,2914,239
Truck975722,2684,2942,2510,2915,405
Truck976372,2444,2566,2715,2915,200
Truck976910,2943,2942,2880,2915,35
Truck974739,2443,2566,2205,2916,711
Truck975818,2684,1339,2540,2916,376
Truck976258,2225,2443,2680,2916,236
Truck975256,1339,2776,2365,2917,552
Truck975581,2942,2443,2465,2917,452
Truck973769,2224,1339,1900,2918,1018
Truck974825,2224,2443,2230,2918,688
Truck975939,2443,2567,2580,2918,338
Truck976114,2225,1339,2635,2918,283
Truck976285,2942,2777,2685,2919,234
Truck974295,2683,2566,2065,2920,855
Truck974535,2683,2942,2140,2920,780
Truck974662,2567,2942,2180,2920,740
Truck976252,2777,2942,2675,2920,245
Truck976926,2943,2942,2885,2920,35
Truck976398,2943,2777,2720,2921,201
Truck974581,2566,2443,2155,2922,767
Truck974810,2684,2224,2225,2922,697
Truck974661,2566,2443,2180,2923,743
Truck969345,1338,0,520,2924,2404
Truck975316,2444,2443,2385,2924,539
Truck975594,2684,3119,2470,2924,454
Truck976839,2683,1339,2860,2924,64
Truck974975,3119,2776,2275,2925,650
Truck975355,2776,1339,2395,2925,530
Truck976226,2225,2443,2670,2925,255
Truck976316,2777,2942,2695,2925,230
Truck976942,2943,2942,2890,2925,35
Truck975773,2942,2443,2525,2926,401
Truck976051,2443,0,2615,2926,311
Truck976153,2224,2942,2645,2926,281
Truck976339,2443,2225,2705,2926,221
Truck976411,2776,2443,2725,2926,201
Truck969761,1338,2443,650,2927,2277
Truck974851,2443,2566,2240,2927,687
Truck976348,2777,2942,2705,2927,222
Truck968897,1338,2443,380,2928,2548
Truck970772,2444,1338,965,2928,1963
Truck975236,2444,0,2360,2928,568
Truck975661,2942,2443,2490,2928,438
Truck976922,2684,2443,2885,2928,43
Truck974768,0,2942,2215,2929,714
Truck976364,2777,2942,2710,2929,219
Truck977030,2567,1339,2920,2929,9
Truck969265,1338,0,495,2930,2435
Truck976098,2225,2443,2630,2930,300
Truck976800,0,2683,2850,2930,80
Truck976958,2943,2942,2895,2930,35
Truck973879,2683,2224,1935,2931,996
Truck976131,2443,1339,2640,2931,291
Truck976284,2777,2942,2685,2931,246
Truck976444,2777,2942,2735,2931,196
Truck969073,1338,2443,435,2932,2497
Truck975693,2942,2443,2500,2932,432
Truck976306,2225,1339,2695,2932,237
Truck974431,3119,1339,2105,2933,828
Truck974773,2566,2443,2215,2933,718
Truck974969,2224,2443,2275,2933,658
Truck975827,2443,2683,2545,2933,388
Truck976050,2225,2683,2615,2933,318
Truck975603,2443,2942,2475,2934,459
Truck975725,2942,2443,2510,2934,424
Truck976168,1339,2443,2650,2935,285
Truck976395,2776,2443,2720,2936,216
Truck976974,2943,2942,2900,2936,36
Truck974749,2942,1339,2205,2937,732
Truck974837,2566,2443,2235,2937,702
Truck975191,2683,2444,2345,2937,592
Truck975332,2444,2443,2390,2937,547
Truck974137,2224,2776,2015,2938,923
Truck974329,2224,2776,2075,2938,863
Truck974985,2224,2443,2280,2938,658
Truck975936,0,2443,2580,2938,358
Truck976324,2444,2225,2700,2938,238
Truck974758,2567,2942,2210,2939,729
Truck975455,3119,2443,2425,2939,514
Truck976242,2225,2444,2675,2939,264
Truck976954,2684,2443,2895,2939,44
Truck975392,0,2776,2410,2940,530
Truck969169,1338,2443,465,2941,2476
Truck969665,1338,2443,620,2941,2321
Truck970226,2225,1338,795,2941,2146
Truck974856,1339,2566,2240,2941,701
Truck975896,1339,2684,2565,2941,376
Truck976210,2225,2443,2665,2941,276
Truck976237,2942,2224,2670,2941,271
Truck970129,1338,2566,765,2942,2177
Truck974552,1339,3119,2145,2942,797
Truck975013,2566,2443,2290,2942,652
Truck975498,2684,3119,2440,2942,502
Truck976274,2225,2443,2685,2942,257
Truck976380,2777,2942,2715,2942,227
Truck976491,2776,2684,2750,2943,193
Truck970465,1338,2566,870,2944,2074
Truck975303,2683,2444,2380,2944,564
Truck976848,0,2683,2865,2944,79
Truck975115,2776,3119,2320,2945,625
Truck976162,2225,0,2650,2945,295
Truck976412,2777,2942,2725,2945,220
Truck976903,2683,1339,2880,2945,65
Truck974885,2566,2567,2250,2946,696
Truck975050,2684,2224,2300,2946,646
Truck976056,1339,2443,2615,2946,331
Truck976096,0,2443,2630,2946,316
Truck977006,2943,2942,2910,2946,36
Truck974710,2567,2942,2195,2947,752
Truck975371,2776,2942,2400,2947,547
Truck975492,2444,2443,2440,2947,507
Truck975994,2684,2942,2595,2947,352
Truck976281,2224,2942,2685,2947,262
Truck973830,2567,2224,1920,2948,1028
Truck975743,3119,2684,2515,2948,433
Truck976290,2225,2444,2690,2949,259
Truck976354,2225,2443,2710,2949,239
Truck976396,2777,2942,2720,2950,230
Truck976986,2684,2443,2905,2950,45
Truck969537,1338,0,580,2951,2371
Truck973520,0,2224,1825,2951,1126
Truck977022,2943,2942,2915,2951,36
Truck975779,2443,2942,2530,2952,422
Truck976310,2567,2225,2695,2952,257
Truck975428,2444,2443,2420,2953,533
Truck976332,2777,2942,2700,2953,253
Truck975558,2567,2444,2460,2954,494
Truck976297,2224,2942,2690,2954,264
Truck977002,2684,2443,2910,2954,44
Truck969105,1338,2443,445,2955,2510
Truck976178,2225,2443,2655,2955,300
Truck976194,2225,2443,2660,2955,295
Truck976572,2777,2943,2775,2956,181
Truck970913,1338,2444,1010,2958,1948
Truck975460,2444,2443,2430,2958,528
Truck976443,2776,2443,2735,2958,223
Truck969473,1338,2443,560,2959,2399
Truck974496,0,3119,2130,2959,829
Truck974791,2683,2942,2220,2959,739
Truck974937,2224,2443,2265,2959,694
Truck975599,3119,2443,2470,2959,489
Truck976205,2942,2224,2660,2959,299
Truck976918,2567,2683,2885,2959,74
Truck974608,0,3119,2165,2960,795
Truck977054,2943,2942,2925,2960,35
Truck969953,1338,2225,710,2961,2251
Truck971300,2444,1338,1130,2961,1831
Truck976428,2777,2942,2730,2962,232
Truck969601,1338,2443,600,2963,2363
Truck974821,2566,1339,2230,2963,733
Truck975033,2224,2684,2295,2963,668
Truck975421,2942,2776,2415,2963,548
Truck976215,2683,2225,2665,2963,298
Truck976425,2224,3119,2730,2963,233
Truck977034,2684,2443,2920,2963,43
Truck976016,0,2443,2605,2964,359
Truck974888,1339,2566,2250,2965,715
Truck977069,2942,2943,2930,2965,35
Truck975001,2224,2443,2285,2966,681
Truck975384,1339,2444,2405,2966,561
Truck977070,2943,2942,2930,2966,36
Truck974519,2683,2942,2135,2967,832
Truck974592,0,2942,2160,2967,807
Truck976151,2683,2225,2645,2967,322
Truck976508,2777,2942,2755,2967,212
Truck973865,2224,1339,1930,2968,1038
Truck968833,1338,2683,360,2969,2609
Truck974805,2566,2443,2225,2969,744
Truck975834,2684,3119,2545,2969,424
Truck976418,2225,2443,2730,2969,239
Truck976434,2225,2443,2735,2969,234
Truck974751,3119,1339,2205,2970,765
Truck975805,2942,2443,2535,2970,435
Truck976476,2777,2942,2745,2970,225
Truck975524,2444,0,2450,2971,521
Truck976211,2443,1339,2665,2971,306
Truck977086,2943,2942,2935,2971,36
Truck974784,0,2942,2220,2972,752
Truck974869,2566,1339,2245,2972,727
Truck975615,3119,2443,2475,2972,497
Truck976208,0,2443,2665,2972,307
Truck976370,2225,2443,2715,2972,257
Truck976460,2777,2942,2740,2972,232
Truck974901,2566,2567,2255,2973,718
Truck975604,2444,0,2475,2973,498
Truck974057,2224,2683,1990,2974,984
Truck975795,2443,2942,2535,2974,439
Truck976469,2566,2444,2745,2974,229
Truck973752,1339,2224,1895,2975,1080
Truck977102,2943,2942,2940,2975,35
Truck975866,2684,3119,2555,2976,421
Truck976386,2225,2443,2720,2976,256
Truck977066,2684,2443,2930,2976,46
Truck974771,2443,2566,2215,2977,762
Truck977176,1339,0,2965,2977,12
Truck969329,1338,2443,515,2978,2463
Truck975444,2444,2443,2425,2978,553
Truck976163,2443,0,2650,2978,328
Truck974633,2224,2776,2170,2979,809
Truck974733,2942,2683,2200,2979,779
Truck975504,0,2776,2445,2979,534
Truck969089,1338,1339,440,2980,2540
Truck976345,2224,2942,2705,2980,275
Truck977118,2943,2942,2945,2980,35
Truck970513,1338,2566,885,2981,2096
Truck968995,2443,1338,410,2982,2572
Truck975959,2683,2684,2585,2982,397
Truck974717,2942,2683,2195,2983,788
Truck976998,2567,2683,2910,2983,73
Truck976333,2942,2224,2700,2984,284
Truck976492,2777,2942,2750,2984,234
Truck973897,2224,0,1940,2986,1046
Truck977071,3119,2942,2930,2986,56
Truck969569,1338,2567,590,2987,2397
Truck975226,2684,2224,2355,2987,632
Truck975651,2443,3119,2490,2987,497
Truck977134,2943,2942,2950,2987,37
Truck977208,1339,0,2975,2987,12
Truck975476,2444,2443,2435,2988,553
Truck975588,2444,2443,2470,2988,518
Truck975875,2443,2942,2560,2988,428
Truck975891,2443,2942,2565,2988,423
Truck976604,2777,2942,2785,2988,203
Truck977032,1339,2683,2920,2988,68
Truck974760,1339,2942,2210,2989,779
Truck977015,2683,0,2915,2990,75
Truck975652,2444,2443,2490,2991,501
Truck976038,2567,2684,2610,2991,381
Truck976709,2566,2444,2820,2991,171
Truck977150,2943,2942,2955,2991,36
Truck969632,0,1338,610,2992,2382
Truck974992,0,2942,2285,2992,707
Truck976588,2777,2942,2780,2992,212
Truck976003,2443,2942,2600,2993,393
Truck976074,2684,0,2620,2994,374
Truck976579,2443,2776,2780,2994,214
Truck974639,3119,2567,2170,2996,826
Truck974823,2683,2942,2230,2996,766
Truck976150,2567,2684,2645,2996,351
Truck976231,2683,2225,2670,2996,326
Truck975512,1339,2776,2445,2997,552
Truck977166,2943,2942,2960,2997,37
Truck969793,1338,2443,660,2998,2338
Truck977031,2683,0,2920,2998,78
Truck974503,2683,3119,2130,2999,869
Truck976088,1339,2684,2625,2999,374
Truck976243,2443,2567,2675,2999,324
Truck976322,2225,0,2700,2999,299
Truck976344,1339,2225,2705,2999,294
Truck976524,2777,2942,2760,2999,239
Truck974965,2566,2443,2275,3000,725
Truck975675,2776,2567,2495,3000,505
Truck976371,2443,2225,2715,3000,285
Truck976514,2225,2443,2760,3000,240
Truck969441,1338,2443,550,3001,2451
Truck969568,0,1338,590,3001,2411
Truck976026,2684,2683,2605,3001,396
Truck976361,2224,2942,2710,3001,291
Truck976280,1339,2443,2685,3002,317
Truck976619,2776,2443,2790,3002,212
Truck977080,1339,2683,2935,3002,67
Truck977182,2943,2942,2965,3002,37
Truck977270,2567,1339,2995,3002,7
Truck975383,2683,2776,2405,3003,598
Truck969366,2567,1338,525,3004,2479
Truck975515,2776,0,2445,3004,559
Truck975839,3119,2443,2545,3004,459
Truck976070,2567,2684,2620,3004,384
Truck976130,2225,2683,2640,3004,364
Truck973960,1339,2224,1960,3005,1045
Truck975414,2567,2776,2415,3005,590
Truck976556,2777,2942,2770,3005,235
Truck977062,2567,2683,2930,3005,75
Truck977135,3119,2942,2950,3005,55
Truck975759,3119,2443,2520,3006,486
Truck977198,2943,2942,2970,3006,36
Truck975885,2942,2443,2560,3007,447
Truck976659,2443,2776,2805,3007,202
Truck977272,1339,0,2995,3007,12
Truck976409,2224,2942,2725,3008,283
Truck969457,1338,2443,555,3009,2454
Truck970948,2444,1338,1020,3010,1990
Truck975043,2443,2224,2300,3010,710
Truck974797,2942,1339,2220,3011,791
Truck975727,3119,2443,2510,3011,501
Truck977214,2943,2942,2975,3011,36
Truck969488,0,1338,565,3012,2447
Truck974920,1339,2942,2260,3012,752
Truck975451,2776,2942,2425,3012,587
Truck975544,1339,2444,2455,3012,557
Truck975663,3119,2443,2490,3012,522
Truck975933,2942,2443,2575,3012,437
Truck976466,2225,2443,2745,3012,267
Truck976505,2224,2942,2755,3012,257
Truck969463,2683,1338,555,3013,2458
Truck975552,0,2776,2460,3013,553
Truck975807,3119,2684,2535,3013,478
Truck976441,2224,2942,2735,3013,278
Truck976498,2225,2443,2755,3013,258
Truck975748,2444,2443,2520,3014,494
Truck976019,2443,2942,2605,3014,409
Truck976307,2443,1339,2695,3014,319
Truck976636,2777,2942,2795,3014,219
Truck977187,2443,2684,2970,3014,44
Truck974973,2942,0,2275,3015,740
Truck977094,2567,2683,2940,3015,75
Truck977230,2943,2942,2980,3015,35
Truck975704,1339,2444,2505,3016,511
Truck977127,2683,1339,2950,3016,66
Truck969809,1338,2443,665,3017,2352
Truck976620,2777,2942,2790,3017,227
Truck975091,2443,2224,2315,3018,703
Truck975766,2567,2444,2525,3018,493
Truck976530,2225,2443,2765,3018,253
Truck974687,3119,1339,2185,3019,834
Truck974829,2942,2567,2230,3019,789
Truck975029,2566,2443,2295,3019,724
Truck975155,2443,2566,2335,3019,684
Truck976138,2684,0,2640,3019,379
Truck969664,0,1338,620,3020,2400
Truck974735,3119,1339,2200,3020,820
Truck975072,0,2942,2310,3020,710
Truck977246,2943,2942,2985,3020,35
Truck975126,2567,2942,2325,3021,696
Truck975955,2443,2942,2585,3021,436
Truck975978,2684,3119,2590,3021,431
Truck976253,2942,2684,2675,3021,346
Truck977181,2942,3119,2965,3021,56
Truck973993,2224,1339,1970,3022,1052
Truck975556,2444,1339,2460,3022,562
Truck976540,2777,2942,2765,3022,257
Truck971460,2444,1338,1180,3023,1843
Truck975311,3119,2776,2380,3023,643
Truck976058,2684,2567,2615,3023,408
Truck976186,2684,2942,2655,3023,368
Truck977144,1339,2683,2955,3023,68
Truck975667,2443,3119,2495,3024,529
Truck975965,2942,2443,2585,3024,439
Truck976651,2776,2443,2800,3024,224
Truck975723,2776,1339,2510,3025,515
Truck976521,2224,2942,2760,3025,265
Truck974854,2567,3119,2240,3026,786
Truck974864,0,3119,2245,3026,781
Truck975632,0,2776,2485,3026,541
Truck977143,2683,2567,2955,3026,71
Truck977262,2943,2942,2990,3026,36
Truck969361,1338,1339,525,3027,2502
Truck974949,2566,2443,2270,3027,757
Truck975700,2444,2443,2505,3027,522
Truck975764,2444,2443,2525,3027,502
Truck976684,2777,2942,2810,3027,217
Truck974813,2942,1339,2225,3028,803
Truck975021,2942,0,2290,3028,738
Truck976484,2444,2225,2750,3028,278
Truck977242,2684,2443,2985,3028,43
Truck970706,2225,1338,945,3029,2084
Truck976764,2777,2943,2835,3029,194
Truck977278,2943,2942,2995,3030,35
Truck976250,2684,0,2675,3031,356
Truck974775,2683,2942,2215,3032,817
Truck974863,3119,2567,2240,3032,792
Truck975716,2444,2443,2510,3032,522
Truck969201,1338,2443,475,3033,2558
Truck969729,1338,2443,640,3033,2393
Truck974845,2942,2567,2235,3033,798
Truck976400,0,2443,2725,3033,308
Truck976876,2777,2943,2870,3033,163
Truck975640,1339,2444,2485,3034,549
Truck975696,0,2776,2505,3034,529
Truck976562,2225,1339,2775,3034,259
Truck975109,2566,0,2320,3035,715
Truck975387,2776,3119,2405,3035,630
Truck976402,2225,2683,2725,3035,310
Truck977294,2943,2942,3000,3035,35
Truck975547,2776,2683,2455,3036,581
Truck975559,2683,2444,2460,3036,576
Truck969377,1338,2443,530,3037,2507
Truck974903,2683,2942,2255,3037,782
Truck975734,2567,2444,2515,3037,522
Truck976259,2443,2683,2680,3037,357
Truck977152,0,2683,2960,3037,77
Truck974951,2683,2942,2270,3038,768
Truck971025,1338,2444,1045,3039,1994
Truck975193,2224,2443,2345,3039,694
Truck976472,1339,2225,2745,3039,294
Truck976537,2224,2942,2765,3039,274
Truck976617,2224,2942,2790,3039,249
Truck969792,0,1338,660,3040,2380
Truck976440,1339,2443,2735,3040,305
Truck976633,2224,2942,2795,3040,245
Truck977310,2943,2942,3005,3041,36
Truck977400,1339,2567,3035,3041,6
Truck971316,2444,1338,1135,3042,1907
Truck975237,2566,2443,2360,3042,682
Truck969905,1338,2443,695,3043,2348
Truck974199,2683,2224,2035,3043,1008
Truck976083,2443,2942,2625,3043,418
Truck976740,2444,2566,2830,3043,213
Truck977398,2567,1339,3035,3043,8
Truck975189,2566,2443,2345,3044,699
Truck977223,2683,1339,2980,3044,64
Truck977263,3119,2942,2990,3044,54
Truck974952,1339,2942,2270,3045,775
Truck974981,2566,2443,2280,3045,765
Truck975257,2224,2684,2365,3045,680
Truck976282,2684,1339,2685,3045,360
Truck976585,2224,2942,2780,3045,265
Truck976668,2777,2943,2805,3045,240
Truck976796,2777,2942,2845,3045,200
Truck977326,2943,2942,3010,3045,35
Truck974997,2566,2683,2285,3046,761
Truck976610,2225,1339,2790,3046,256
Truck975386,2684,2224,2405,3047,642
Truck975728,0,2776,2515,3048,533
Truck969984,0,1338,720,3049,2329
Truck975771,2776,0,2525,3049,524
Truck976716,2777,2942,2820,3049,229
Truck977239,2683,1339,2985,3049,64
Truck977382,2567,0,3030,3049,19
Truck976652,2777,2942,2800,3050,250
Truck976798,2943,2777,2845,3050,205
Truck969393,1338,0,535,3051,2516
Truck974105,2224,1339,2005,3051,1046
Truck974848,0,3119,2240,3051,811
Truck975113,2224,2443,2320,3051,731
Truck976589,2942,2224,2780,3051,271
Truck976683,2776,2443,2810,3051,241
Truck976700,2777,2942,2815,3051,236
Truck977342,2943,2942,3015,3051,36
Truck969313,1338,0,510,3052,2542
Truck974895,3119,0,2250,3052,802
Truck974927,3119,1339,2260,3052,792
Truck976715,2776,2443,2820,3052,232
Truck976860,2777,2943,2865,3052,187
Truck974943,3119,2683,2265,3053,788
Truck976748,2777,2942,2830,3053,223
Truck976483,2443,1339,2750,3054,304
Truck976675,2443,2776,2810,3054,244
Truck977295,3119,2942,3000,3054,54
Truck969521,1338,2443,575,3055,2480
Truck974121,2224,1339,2010,3055,1045
Truck975531,2776,2567,2450,3055,605
Truck977358,2943,2942,3020,3055,35
Truck969505,1338,2443,570,3056,2486
Truck975595,2776,2942,2470,3056,586
Truck975876,2444,2443,2560,3056,496
Truck976674,2225,2443,2810,3056,246
Truck975269,2566,0,2370,3057,687
Truck977448,1339,2567,3050,3057,7
Truck975168,0,3119,2340,3058,718
Truck975024,0,2942,2295,3059,764
Truck976732,2777,2942,2825,3059,234
Truck977373,2942,2943,3025,3059,34
Truck976722,2225,2443,2825,3060,235
Truck974957,2942,2683,2270,3061,791
Truck976077,2942,2443,2620,3061,441
Truck974358,2567,2224,2085,3062,977
Truck974631,2683,3119,2170,3062,892
Truck974651,2776,2224,2175,3062,887
Truck976296,1339,2684,2690,3063,373
Truck977430,2567,0,3045,3063,18
Truck975141,2566,2443,2330,3064,734
Truck975835,2776,2567,2545,3064,519
Truck976578,2225,2443,2780,3064,284
Truck977347,2443,2684,3020,3064,44
Truck970001,1338,1339,725,3065,2340
Truck976544,0,2225,2770,3065,295
Truck976821,2566,2444,2855,3065,210
Truck977389,2942,2943,3030,3065,35
Truck970072,1339,1338,745,3066,2321
Truck974153,2224,0,2020,3066,1046
Truck976189,2942,2443,2655,3066,411
Truck976487,2683,2225,2750,3066,316
Truck977390,2943,2942,3030,3066,36
Truck970145,1338,2443,770,3067,2297
Truck974960,0,3119,2275,3067,792
Truck977464,1339,0,3055,3067,12
Truck975104,0,3119,2320,3068,748
Truck977370,2684,2443,3025,3068,43
Truck977446,2567,0,3050,3068,18
Truck976830,2943,2777,2855,3069,214
Truck976836,2444,2566,2860,3069,209
Truck977248,0,2683,2990,3069,79
Truck969696,0,1338,630,3070,2440
Truck976515,2443,2567,2760,3070,310
Truck976763,2776,2443,2835,3070,235
Truck974667,2776,2224,2180,3071,891
Truck976681,2224,2942,2810,3071,261
Truck976804,2444,2566,2850,3071,221
Truck977271,2683,0,2995,3071,76
Truck976568,1339,2443,2775,3072,297
Truck976845,2942,2777,2860,3072,212
Truck977406,2943,2942,3035,3072,37
Truck976642,2225,1339,2800,3073,273
Truck976658,2225,2443,2805,3073,268
Truck970418,2225,1338,855,3074,2219
Truck971044,2444,1338,1050,3074,2024
Truck976827,2776,2443,2855,3074,219
Truck969656,1339,1338,615,3075,2460
Truck975119,3119,1339,2320,3075,755
Truck975620,2444,2443,2480,3075,595
Truck975780,2444,2443,2530,3075,545
Truck975112,1339,2942,2320,3076,756
Truck976536,1339,2443,2765,3076,311
Truck977422,2943,2942,3040,3076,36
Truck974217,2224,1339,2040,3077,1037
Truck975037,2942,1339,2295,3077,782
Truck975413,2566,2443,2415,3077,662
Truck974265,2224,2567,2055,3078,1023
Truck976173,2942,2684,2650,3078,428
Truck976592,0,2225,2785,3078,293
Truck976809,2224,2942,2850,3078,228
Truck969633,1338,2443,610,3079,2469
Truck975888,0,2776,2565,3080,515
Truck976455,2683,2225,2740,3080,340
Truck977402,2684,2443,3035,3080,45
Truck977437,2942,2943,3045,3080,35
Truck976349,2942,2684,2705,3081,376
Truck977335,2683,1339,3015,3081,66
Truck977438,2943,2942,3045,3081,36
Truck977512,1339,0,3070,3082,12
Truck969713,1338,2443,635,3083,2448
Truck974249,2224,2567,2050,3083,1033
Truck975302,2567,2566,2380,3083,703
Truck975819,2776,1339,2540,3083,543
Truck976706,2225,0,2820,3083,263
Truck976754,2225,0,2835,3083,248
Truck974296,1339,2224,2065,3084,1019
Truck975207,2683,2942,2350,3084,734
Truck975429,2566,2443,2420,3084,664
Truck977351,2683,1339,3020,3084,64
Truck969670,2567,1338,620,3085,2465
Truck969969,1338,2443,715,3085,2370
Truck974779,2776,2224,2215,3085,870
Truck975286,2567,2566,2375,3085,710
Truck975828,2444,2443,2545,3086,541
Truck975860,2444,2443,2555,3086,531
Truck976298,2684,2942,2690,3086,396
Truck976924,2777,2942,2885,3086,201
Truck977454,2943,2942,3050,3086,36
Truck974761,2224,2776,2210,3087,877
Truck976067,2443,2942,2620,3087,467
Truck970257,1338,2567,805,3088,2283
Truck975055,3119,0,2300,3088,788
Truck976690,2225,2443,2815,3088,273
Truck976850,2225,2443,2865,3088,223
Truck976812,2777,2942,2850,3089,239
Truck976892,2777,2942,2875,3089,214
Truck974167,2683,2224,2025,3090,1065
Truck975221,2566,2443,2355,3090,735
Truck976808,1339,2225,2850,3090,240
Truck976828,2777,2942,2855,3090,235
Truck977470,2943,2942,3055,3090,35
Truck975499,2776,3119,2440,3091,651
Truck977469,2942,2943,3055,3091,36
Truck975093,2566,2683,2315,3092,777
Truck976090,2684,3119,2625,3092,467
Truck970481,1338,2225,875,3093,2218
Truck975101,2942,2683,2315,3093,778
Truck977038,2943,2777,2920,3093,173
Truck969912,1339,1338,695,3094,2399
Truck976987,2776,2443,2905,3094,189
Truck970275,2443,1338,810,3095,2285
Truck976779,2776,2443,2840,3095,255
Truck977486,2943,2942,3060,3095,35
Truck969590,2567,1338,595,3096,2501
Truck976780,2777,2942,2840,3096,256
Truck975844,2444,2443,2550,3097,547
Truck976164,2444,2443,2650,3097,447
Truck976990,2943,2777,2905,3097,192
Truck975045,2566,2567,2300,3098,798
Truck975080,1339,2942,2310,3098,788
Truck976738,2225,2567,2830,3098,268
Truck969624,1339,1338,605,3099,2494
Truck974441,2224,1339,2110,3099,989
Truck975789,2942,2776,2530,3099,569
Truck976720,0,2225,2825,3099,274
Truck977466,2684,2443,3055,3099,44
Truck971057,1338,2566,1055,3100,2045
Truck976672,0,2225,2810,3100,290
Truck975144,1339,3119,2330,3101,771
Truck975337,2224,2443,2390,3101,711
Truck975301,2566,2443,2380,3102,722
Truck976745,2224,2942,2830,3102,272
Truck976786,2225,2444,2845,3102,257
Truck977502,2943,2942,3065,3102,37
Truck977590,2567,1339,3095,3102,7
Truck969649,1338,2443,615,3103,2488
Truck974984,1339,3119,2280,3103,823
Truck975125,2566,2683,2325,3103,778
Truck975732,2444,2443,2515,3103,588
Truck975883,2776,2942,2560,3103,543
Truck975812,2444,2443,2540,3104,564
Truck974944,0,2942,2270,3105,835
Truck975903,3119,2443,2565,3105,540
Truck976844,2777,2942,2860,3105,245
Truck976940,2777,2942,2890,3105,215
Truck974456,1339,2224,2115,3106,991
Truck974489,2224,1339,2125,3106,981
Truck976063,3119,2443,2615,3106,491
Truck976772,2444,2225,2840,3106,266
Truck976991,3119,2224,2905,3106,201
Truck977518,2943,2942,3070,3106,36
Truck975135,3119,2567,2325,3107,782
Truck975165,2942,1339,2335,3107,772
Truck975289,2224,2443,2375,3107,732
Truck975461,2566,2443,2430,3107,677
Truck976818,2225,2443,2855,3107,252
Truck974991,3119,2683,2280,3108,828
Truck975241,2224,2443,2360,3108,748
Truck975423,3119,2776,2415,3109,694
Truck970161,1338,2443,775,3110,2335
Truck975924,2444,1339,2575,3110,535
Truck976180,2444,2443,2655,3110,455
Truck976803,2443,2776,2850,3110,260
Truck975347,2443,2566,2395,3111,716
Truck977399,2683,0,3035,3111,76
Truck977534,2943,2942,3075,3111,36
Truck969937,1338,2443,705,3112,2407
Truck974312,1339,2224,2070,3112,1042
Truck975017,2224,2776,2290,3112,822
Truck975205,2566,2443,2350,3112,762
Truck975222,2567,2942,2355,3112,757
Truck976394,2684,2567,2720,3112,392
Truck976988,2777,2942,2905,3113,208
Truck970017,1338,2443,730,3114,2384
Truck975318,2567,2566,2385,3114,729
Truck975481,2224,2443,2435,3115,680
Truck975691,2776,0,2500,3115,615
Truck976843,2776,2443,2860,3115,255
Truck977514,2684,2443,3070,3115,45
Truck970881,1338,2566,1000,3116,2116
Truck977550,2943,2942,3080,3116,36
Truck969825,1338,2443,670,3117,2447
Truck975449,2224,2443,2425,3117,692
Truck976442,2684,2942,2735,3117,382
Truck976739,2443,1339,2830,3117,287
Truck976866,2225,2443,2870,3117,247
Truck977640,1339,2567,3110,3117,7
Truck975061,2566,1339,2305,3119,814
Truck975629,2942,2776,2480,3119,639
Truck976859,2776,2443,2865,3119,254
Truck977431,2683,0,3045,3119,74
Truck975707,2776,2942,2505,3120,615
Truck975895,2683,2444,2565,3120,555
Truck976915,2443,2776,2885,3120,235
Truck976939,2776,2443,2890,3120,230
Truck977566,2943,2942,3085,3120,35
Truck974320,0,2224,2075,3121,1046
Truck975039,3119,2683,2295,3121,826
Truck975223,2683,2942,2355,3121,766
Truck976882,2225,2443,2875,3121,246
Truck975940,2444,2443,2580,3122,542
Truck977020,2777,2942,2915,3122,207
Truck977503,3119,2942,3065,3122,57
Truck977546,2684,2443,3080,3122,42
Truck976736,0,2443,2830,3123,293
Truck976793,2224,2942,2845,3123,278
Truck976834,2225,2443,2860,3123,263
Truck977093,2566,2444,2940,3124,184
Truck975981,2942,2776,2590,3126,536
Truck976179,2443,3119,2655,3126,471
Truck977582,2943,2942,3090,3126,36
Truck975803,2776,2942,2535,3127,592
Truck976275,2443,2942,2685,3127,442
Truck976898,2225,2443,2880,3127,247
Truck977656,1339,0,3115,3127,12
Truck976255,3119,2443,2675,3128,453
Truck976319,3119,2684,2695,3128,433
Truck976547,2443,2683,2770,3128,358
Truck976867,2443,2225,2870,3128,258
Truck971876,2444,1338,1310,3129,1819
Truck975381,2566,2567,2405,3129,724
Truck975992,1339,2444,2595,3129,534
Truck975398,2567,2942,2410,3130,720
Truck976116,2444,2567,2635,3130,495
Truck976996,2444,2566,2910,3130,220
Truck977598,2943,2942,3095,3131,36
Truck974409,2224,2567,2100,3132,1032
Truck976223,3119,2684,2665,3132,467
Truck977017,2224,3119,2915,3132,217
Truck977495,2683,1339,3065,3132,67
Truck975847,2683,2776,2550,3133,583
Truck975972,2444,2443,2590,3133,543
Truck976576,0,2443,2780,3133,353
Truck974393,2224,1339,2095,3134,1039
Truck975139,2443,2566,2330,3134,804
Truck976052,2444,2443,2615,3134,519
Truck976102,2567,2444,2630,3134,504
Truck976972,2777,2942,2900,3134,234
Truck977686,2567,1339,3125,3134,9
Truck969777,1338,0,655,3135,2480
Truck976451,2443,2942,2740,3135,395
Truck976908,2777,2942,2880,3135,255
Truck969479,2683,1338,560,3136,2576
Truck974342,2567,2224,2080,3136,1056
Truck975056,0,2942,2305,3136,831
Truck975475,2443,2566,2435,3136,701
Truck975705,2224,2443,2505,3136,631
Truck975979,2776,2942,2590,3136,546
Truck976397,2942,2443,2720,3136,416
Truck977068,2777,2942,2930,3136,206
Truck977614,2943,2942,3100,3136,36
Truck975248,0,2942,2365,3137,772
Truck976191,3119,2443,2655,3137,482
Truck976323,2443,2942,2700,3137,437
Truck977479,2683,0,3060,3137,77
Truck977049,2224,3119,2925,3138,213
Truck975719,2683,2444,2510,3139,629
Truck976770,2225,2443,2840,3139,299
Truck976499,2443,2683,2755,3140,385
Truck976994,2225,2443,2910,3140,230
Truck977099,2776,2684,2940,3140,200
Truck976627,2443,0,2795,3141,346
Truck976873,2224,2942,2870,3141,271
Truck976889,2224,2942,2875,3141,266
Truck977630,2943,2942,3105,3141,36
Truck976365,2942,2443,2710,3142,432
Truck977718,2567,1339,3135,3142,7
Truck970280,1339,1338,810,3144,2334
Truck976013,2942,2776,2600,3144,544
Truck976480,0,2684,2750,3144,394
Truck975304,1339,2942,2380,3145,765
Truck975397,2566,2443,2410,3145,735
Truck975573,2566,2443,2465,3145,680
Truck976880,0,2225,2875,3145,270
Truck977646,2943,2942,3110,3145,35
Truck977116,2777,2942,2945,3146,201
Truck975305,2224,2443,2380,3147,767
Truck975443,2443,2566,2425,3147,722
Truck969921,1338,2443,700,3148,2448
Truck975142,2567,2942,2330,3148,818
Truck975320,1339,2942,2385,3148,763
Truck976666,2684,0,2805,3148,343
Truck976956,2777,2942,2895,3148,253
Truck969639,2683,1338,610,3149,2539
Truck974907,2776,2224,2255,3149,894
Truck969745,1338,2443,645,3150,2505
Truck976107,2776,2683,2630,3150,520
Truck976381,2942,2443,2715,3150,435
Truck976447,3119,2684,2735,3150,415
Truck976875,2776,2443,2870,3151,281
Truck969873,1338,2443,685,3152,2467
Truck970385,1338,2443,845,3152,2307
Truck977520,0,2683,3075,3152,77
Truck977662,2943,2942,3115,3152,37
Truck975605,2566,2443,2475,3153,678
Truck976474,2684,2942,2745,3153,408
Truck971249,1338,2566,1115,3154,2039
Truck975376,0,2942,2405,3154,749
Truck976068,2444,2443,2620,3154,534
Truck971425,1338,2566,1170,3155,1985
Truck974400,0,2224,2100,3155,1055
Truck976784,0,2443,2845,3155,310
Truck977542,2567,2683,3080,3155,75
Truck975912,1339,2776,2570,3156,586
Truck977678,2943,2942,3120,3156,36
Truck975497,2224,2443,2440,3157,717
Truck975988,2444,2443,2595,3157,562
Truck975049,2224,2776,2300,3158,858
Truck975685,2566,2443,2500,3158,658
Truck976020,2444,1339,2605,3158,553
Truck977004,2777,2942,2910,3158,248
Truck977156,2444,2566,2960,3158,198
Truck977558,2567,2683,3085,3158,73
Truck975590,2567,2942,2470,3159,689
Truck977180,2777,2942,2965,3159,194
Truck977536,0,2683,3080,3159,79
Truck969651,2443,1338,615,3160,2545
Truck975328,0,2942,2390,3160,770
Truck975908,2444,2683,2570,3160,590
Truck976461,2942,2443,2740,3161,421
Truck977100,2777,2942,2940,3161,221
Truck977694,2943,2942,3125,3161,36
Truck976490,2684,3119,2750,3162,412
Truck976962,2225,2443,2900,3162,262
Truck975960,1339,2776,2585,3163,578
Truck976563,2443,2683,2775,3163,388
Truck976650,2684,0,2800,3163,363
Truck970070,2567,1338,745,3164,2419
Truck970802,2225,1338,975,3164,2189
Truck976277,2566,2225,2685,3164,479
Truck976969,2224,2942,2900,3165,265
Truck977052,2777,2942,2925,3165,240
Truck975264,0,2942,2370,3166,796
Truck976080,0,2444,2625,3166,541
Truck976148,2444,2567,2645,3166,521
Truck976570,2684,2683,2775,3166,391
Truck976923,2776,2443,2885,3166,281
Truck977710,2943,2942,3130,3166,36
Truck970008,1339,1338,725,3167,2442
Truck975334,2567,2942,2390,3167,777
Truck976036,2444,2443,2610,3167,557
Truck976554,2684,0,2770,3167,397
Truck970305,1338,2443,820,3168,2348
Truck975963,2776,2567,2585,3168,583
Truck977766,2567,0,3150,3168,18
Truck977690,2684,2443,3125,3169,44
Truck975280,0,2942,2375,3170,795
Truck975525,2566,2443,2450,3170,720
Truck976482,2225,2566,2750,3170,420
Truck977074,2225,2444,2935,3170,235
Truck977663,3119,2942,3115,3170,55
Truck977726,2943,2942,3135,3170,35
Truck975197,2942,2567,2345,3171,826
Truck975528,1339,2942,2450,3172,722
Truck977816,1339,2567,3165,3172,7
Truck976326,2567,2444,2700,3173,473
Truck977132,2777,2942,2950,3173,223
Truck975416,1339,2566,2415,3174,759
Truck975899,2776,2942,2565,3174,609
Truck977036,2777,2942,2920,3174,254
Truck976196,2444,0,2660,3175,515
Truck975565,2942,2567,2460,3176,716
Truck977058,2225,2443,2930,3176,246
Truck977211,2776,2443,2975,3176,201
Truck976228,2444,1339,2670,3177,507
Truck976338,2225,2566,2705,3177,472
Truck976691,2443,0,2815,3177,362
Truck976755,2443,2567,2835,3177,342
Truck977742,2943,2942,3140,3177,37
Truck975216,0,3119,2355,3178,823
Truck975510,2567,2942,2445,3178,733
Truck975571,2443,2566,2465,3178,713
Truck976403,2443,2942,2725,3178,453
Truck976557,2942,2684,2770,3178,408
Truck970259,2443,1338,805,3179,2374
Truck976582,2567,2684,2780,3179,399
Truck970113,1338,2443,760,3180,2420
Truck975463,2683,2942,2430,3180,750
Truck977695,3119,2942,3125,3180,55
Truck975750,2567,2942,2520,3181,661
Truck977084,2777,2942,2935,3181,246
Truck977758,2943,2942,3145,3181,36
Truck977212,2777,2942,2975,3182,207
Truck974614,2567,2224,2165,3183,1018
Truck974665,2224,2567,2180,3183,1003
Truck975867,2776,3119,2555,3183,628
Truck977076,2444,2225,2935,3183,248
Truck969841,1338,2567,675,3184,2509
Truck976292,2444,2443,2690,3184,494
Truck976463,3119,2684,2740,3184,444
Truck977001,2224,2942,2910,3184,274
Truck977738,2684,2443,3140,3184,44
Truck975600,0,2942,2475,3185,710
Truck977252,2444,2566,2990,3185,195
Truck977709,2942,3119,3130,3185,55
Truck975911,2683,2776,2570,3186,616
Truck976768,0,2443,2840,3186,346
Truck977774,2943,2942,3150,3186,36
Truck975277,2942,2567,2370,3187,817
Truck975625,2224,2443,2480,3188,708
Truck977083,2776,2443,2935,3188,253
Truck977148,2777,2942,2955,3188,233
Truck977164,2777,2942,2960,3188,228
Truck977179,2776,2443,2965,3188,223
Truck974585,2224,0,2155,3189,1034
Truck977035,2776,2443,2920,3189,269
Truck975624,1339,2942,2480,3190,710
Truck975770,2684,2224,2525,3190,665
Truck976132,2444,2443,2640,3190,550
Truck976335,3119,2443,2700,3190,490
Truck977790,2943,2942,3155,3190,35
Truck976303,3119,2443,2690,3191,501
Truck976634,2684,2683,2795,3191,396
Truck976362,2684,3119,2710,3192,482
Truck976084,2444,2443,2625,3193,568
Truck976240,0,2444,2675,3193,518
Truck977220,2444,2566,2980,3193,213
Truck977743,3119,2942,3140,3193,53
Truck975446,2567,2566,2425,3195,770
Truck976930,2225,1339,2890,3195,305
Truck977178,2684,2776,2965,3195,230
Truck977806,2943,2942,3160,3195,35
Truck977260,2777,2942,2990,3196,206
Truck970081,1338,2443,750,3197,2447
Truck975357,2942,1339,2395,3197,802
Truck975431,2683,2942,2420,3197,777
Truck975447,2683,2942,2425,3197,772
Truck976822,2567,2443,2855,3197,342
Truck977196,2777,2942,2970,3197,227
Truck976182,2567,2776,2655,3198,543
Truck976826,2684,1339,2855,3198,343
Truck976953,2224,2942,2895,3198,303
Truck977010,2225,2443,2915,3198,283
Truck977349,2566,2444,3020,3198,178
Truck975399,2683,2942,2410,3199,789
Truck977228,2777,2942,2980,3199,219
Truck977786,2684,2443,3155,3199,44
Truck970065,1338,2567,745,3200,2455
Truck974599,2683,2224,2160,3200,1040
Truck977822,2943,2942,3165,3200,35
Truck975488,0,3119,2440,3201,761
Truck975493,2566,2443,2440,3201,761
Truck976064,0,2776,2620,3201,581
Truck971121,1338,2566,1075,3202,2127
Truck974473,2224,2683,2120,3202,1082
Truck975439,3119,1339,2420,3202,782
Truck975485,2942,2567,2435,3202,767
Truck976272,0,2776,2685,3202,517
Truck977896,1339,0,3190,3202,12
Truck975648,0,2942,2490,3203,713
Truck976810,2684,0,2850,3203,353
Truck977680,0,2683,3125,3203,78
Truck977802,2684,2443,3160,3203,43
Truck976187,2776,2942,2655,3204,549
Truck976112,0,2444,2635,3205,570
Truck976445,2942,2443,2735,3205,470
Truck976682,2684,0,2810,3205,395
Truck977418,2684,2776,3040,3205,165
Truck974601,2224,2567,2160,3206,1046
Truck975405,2942,0,2410,3206,796
Truck977024,0,2443,2920,3206,286
Truck977838,2943,2942,3170,3206,36
Truck975229,2942,2683,2355,3207,852
Truck975440,0,2942,2425,3207,782
Truck976982,2567,2443,2905,3207,302
Truck977904,0,1339,3195,3207,12
Truck975747,2443,2224,2520,3208,688
Truck976367,3119,2443,2710,3208,498
Truck977791,3119,2942,3155,3208,53
Truck977818,2684,2443,3165,3208,43
Truck971141,2566,1338,1080,3209,2129
Truck975344,0,3119,2395,3209,814
Truck975801,2224,2443,2535,3209,674
Truck977131,2776,2443,2950,3209,259
Truck977888,0,2567,3190,3209,19
Truck976147,2443,2444,2645,3210,565
Truck976315,2776,1339,2695,3210,515
Truck977244,2777,2943,2985,3211,226
Truck969968,0,1338,715,3212,2497
Truck970182,2567,1338,780,3212,2432
Truck976392,1339,2444,2720,3212,492
Truck977854,2943,2942,3175,3212,37
Truck977944,1339,2567,3205,3212,7
Truck970193,1338,2443,785,3213,2428
Truck970241,1338,1339,800,3213,2413
Truck976331,2776,0,2700,3213,513
Truck976842,2684,0,2860,3213,353
Truck975351,2683,2942,2395,3214,819
Truck976031,3119,2776,2605,3214,609
Truck977177,2224,3119,2965,3214,249
Truck970273,1338,1339,810,3215,2405
Truck969896,1339,1338,690,3216,2526
Truck976637,2942,2443,2795,3216,421
Truck977147,2776,2443,2955,3216,261
Truck977870,2943,2942,3180,3216,36
Truck977960,1339,2567,3210,3216,6
Truck976781,2942,2684,2840,3217,377
Truck972420,2444,1338,1480,3218,1738
Truck976139,2776,2942,2640,3218,578
Truck976824,1339,2684,2855,3218,363
Truck977113,2224,2942,2945,3218,273
Truck976723,2443,2942,2825,3219,394
Truck977275,2776,2443,2995,3219,224
Truck976963,2443,1339,2900,3220,320
Truck975765,2566,0,2525,3221,696
Truck976091,2776,2942,2625,3221,596
Truck976733,2942,2684,2825,3221,396
Truck977886,2943,2942,3185,3221,36
Truck970529,1338,2443,890,3222,2332
Truck970545,1338,2443,895,3222,2327
Truck974729,2224,2567,2200,3222,1022
Truck975645,2942,2683,2485,3222,737
Truck976388,2444,2443,2720,3222,502
Truck977040,0,2443,2925,3222,297
Truck975656,1339,2942,2490,3223,733
Truck976685,2942,2684,2810,3223,413
Truck977359,3119,2224,3020,3223,203
Truck977365,2566,2444,3025,3223,198
Truck977974,2567,1339,3215,3223,8
Truck975898,2684,2224,2565,3224,659
Truck976546,2225,2566,2770,3224,454
Truck976509,2942,2443,2755,3225,470
Truck976890,2684,2942,2875,3225,350
Truck977308,2777,2942,3005,3225,220
Truck977839,3119,2942,3170,3225,55
Truck977902,2943,2942,3190,3225,35
Truck975543,2683,2942,2455,3226,771
Truck975637,2566,1339,2485,3227,742
Truck975851,2776,3119,2550,3227,677
Truck976004,2444,2683,2600,3227,627
Truck977145,2224,2942,2955,3227,272
Truck976762,2684,2942,2835,3228,393
Truck977186,2225,2443,2970,3228,258
Truck975478,2567,2942,2435,3229,794
Truck975733,2566,2443,2515,3229,714
Truck977138,2225,2443,2955,3229,274
Truck977372,2777,2942,3025,3229,204
Truck970321,1338,2443,825,3230,2405
Truck977918,2943,2942,3195,3230,35
Truck977958,2567,0,3210,3230,20
Truck975549,2942,2567,2455,3231,776
Truck977154,2225,2443,2960,3231,271
Truck977783,2683,0,3155,3231,76
Truck977016,1339,2443,2915,3232,317
Truck977195,2776,2443,2970,3232,262
Truck977992,1339,0,3220,3232,12
Truck975247,3119,0,2360,3233,873
Truck975343,3119,0,2390,3233,843
Truck976183,2683,2776,2655,3233,578
Truck977266,2225,2443,2995,3233,238
Truck977292,2777,2943,3000,3233,233
Truck970849,1338,2225,990,3234,2244
Truck977933,2942,2943,3200,3234,34
Truck977968,0,2567,3215,3234,19
Truck976730,2684,0,2825,3235,410
Truck976858,2684,0,2865,3235,370
Truck977455,3119,2224,3050,3235,185
Truck969697,1338,2443,630,3236,2606
Truck977268,2444,2225,2995,3236,241
Truck977321,2224,2942,3010,3236,226
Truck977388,2777,2942,3030,3236,206
Truck974809,2224,2567,2225,3237,1012
Truck976340,2444,2443,2705,3237,532
Truck976399,3119,2443,2720,3237,517
Truck977871,3119,2942,3180,3237,57
Truck977934,2943,2942,3200,3237,37
Truck970177,1338,2443,780,3238,2458
Truck975445,2566,2683,2425,3238,813
Truck976212,2444,0,2665,3238,573
Truck977374,2943,2777,3025,3238,213
Truck977914,2684,2443,3195,3238,43
Truck970049,1338,2683,740,3239,2499
Truck974711,2683,2224,2195,3239,1044
Truck975621,2566,2683,2480,3239,759
Truck977202,2225,2443,2975,3239,264
Truck976360,1339,2444,2710,3240,530
Truck976951,2683,2225,2895,3240,345
Truck975520,0,2942,2450,3241,791
Truck977950,2943,2942,3205,3241,36
Truck975536,0,3119,2455,3242,787
Truck975683,2443,2566,2500,3242,742
Truck976749,2942,2684,2830,3242,412
Truck977339,2776,2443,3015,3242,227
Truck978024,1339,0,3230,3242,12
Truck977276,2777,2942,2995,3243,248
Truck976479,3119,2443,2745,3244,499
Truck976819,2443,2942,2855,3244,389
Truck977282,2225,2567,3000,3244,244
Truck975669,2566,2443,2495,3245,750
Truck976219,2776,2942,2665,3245,580
Truck976232,1339,2776,2670,3245,575
Truck976707,2443,2942,2820,3246,426
Truck977966,2943,2942,3210,3246,36
Truck975327,3119,2683,2385,3247,862
Truck975782,2567,2942,2530,3247,717
Truck970097,1338,1339,755,3248,2493
Truck977919,3119,2942,3195,3248,53
Truck976611,2443,2942,2790,3249,459
Truck976698,2684,3119,2815,3249,434
Truck975987,2443,2224,2595,3250,655
Truck976746,2684,2683,2830,3250,420
Truck976906,2684,2942,2880,3250,370
Truck977323,2776,2443,3010,3250,240
Truck977946,2684,2443,3205,3250,45
Truck975814,2567,2942,2540,3251,711
Truck975993,2224,2684,2595,3251,656
Truck976813,2942,2443,2850,3251,401
Truck976886,2567,2684,2875,3251,376
Truck976950,2567,2684,2895,3251,356
Truck977340,2777,2942,3015,3251,236
Truck976794,2684,2683,2845,3252,407
Truck977011,2443,0,2915,3252,337
Truck977847,2683,0,3175,3252,77
Truck978056,1339,0,3240,3252,12
Truck976500,2444,0,2755,3253,498
Truck977168,0,2225,2965,3253,288
Truck977324,2777,2942,3010,3253,243
Truck976531,2443,2942,2765,3254,489
Truck977356,2777,2942,3020,3254,234
Truck976575,3119,2443,2775,3255,480
Truck977122,2225,2443,2950,3255,305
Truck970391,2683,1338,845,3256,2411
Truck976909,2942,2684,2880,3256,376
Truck977935,3119,2942,3200,3256,56
Truck977998,2943,2942,3220,3256,36
Truck977403,2776,2443,3035,3257,222
Truck970497,1338,2567,880,3258,2378
Truck975817,2224,2443,2540,3258,718
Truck975824,0,2942,2545,3258,713
Truck975471,3119,2683,2430,3259,829
Truck976778,2684,2942,2840,3259,419
Truck976021,2566,2443,2605,3260,655
Truck977540,2444,2566,3080,3260,180
Truck977547,2776,2443,3080,3260,180
Truck977911,2683,1339,3195,3260,65
Truck978014,2943,2942,3225,3260,35
Truck972545,1338,2444,1520,3261,1741
Truck976276,2444,1339,2685,3261,576
Truck976452,2444,2443,2740,3261,521
Truck976559,3119,2443,2770,3261,491
Truck976669,2942,2443,2805,3261,456
Truck975487,3119,1339,2435,3262,827
Truck976347,2776,2942,2705,3262,557
Truck976941,2942,2443,2890,3262,372
Truck977483,2776,2443,3060,3262,202
Truck974872,1339,2224,2245,3263,1018
Truck976523,2776,1339,2760,3264,504
Truck976560,0,2444,2775,3264,489
Truck977098,2684,2942,2940,3264,324
Truck977363,2443,2225,3025,3264,239
Truck977523,2443,2776,3075,3264,189
Truck975808,0,2942,2540,3265,725
Truck976934,2567,2684,2890,3265,375
Truck977091,2443,2567,2940,3265,325
Truck977298,2225,2567,3005,3265,260
Truck977436,2777,2942,3045,3265,220
Truck977452,2777,2942,3050,3265,215
Truck977967,3119,2942,3210,3265,55
Truck976564,2444,2443,2775,3266,491
Truck978029,2942,2943,3230,3266,36
Truck978030,2943,2942,3230,3266,36
Truck975647,3119,1339,2485,3267,782
Truck976548,2444,2443,2770,3267,497
Truck977072,0,2443,2935,3267,332
Truck978104,1339,0,3255,3267,12
Truck975829,2566,2443,2545,3268,723
Truck975526,2567,3119,2450,3269,819
Truck977234,2225,0,2985,3269,284
Truck977468,2777,2942,3055,3269,214
Truck977484,2777,2942,3060,3269,209
Truck976879,3119,2684,2870,3270,400
Truck975781,2566,1339,2530,3271,741
Truck976507,2776,2942,2755,3271,516
Truck978046,2943,2942,3235,3271,36
Truck970806,2567,1338,975,3272,2297
Truck976407,2683,2444,2725,3272,547
Truck975753,2224,2443,2520,3273,753
Truck976459,2776,1339,2740,3273,533
Truck971397,2566,1338,1160,3274,2114
Truck976528,0,2444,2765,3274,509
Truck977241,2224,2942,2985,3274,289
Truck975576,1339,3119,2465,3275,810
Truck975653,2566,1339,2490,3275,785
Truck976299,2776,2942,2690,3275,585
Truck976938,2684,2942,2890,3275,385
Truck977318,2567,2225,3010,3275,265
Truck977943,2683,2567,3205,3275,70
Truck977959,2683,1339,3210,3275,65
Truck975631,3119,1339,2480,3276,796
Truck975702,2567,2942,2505,3276,771
Truck977434,2684,2776,3045,3276,231
Truck977467,2776,2443,3055,3276,221
Truck978062,2943,2942,3240,3276,36
Truck976532,2444,2443,2765,3277,512
Truck976267,2776,2567,2680,3278,598
Truck976797,2942,2443,2845,3278,433
Truck977330,2225,2443,3015,3278,263
Truck978042,2684,2443,3235,3278,43
Truck970785,1338,2443,970,3279,2309
Truck970854,2567,1338,990,3279,2289
Truck977218,2225,1339,2980,3279,299
Truck977404,2777,2942,3035,3279,244
Truck970225,1338,2443,795,3280,2485
Truck970337,1338,2567,830,3280,2450
Truck970753,1338,2443,960,3280,2320
Truck976155,2776,2942,2645,3280,635
Truck977564,2777,2942,3085,3280,195
Truck970369,1338,2567,840,3281,2441
Truck977420,2777,2942,3040,3281,241
Truck978168,1339,2567,3275,3281,6
Truck976262,2567,2776,2680,3282,602
Truck977299,2443,1339,3005,3282,277
Truck978078,2943,2942,3245,3282,37
Truck975925,2566,2443,2575,3283,708
Truck976336,0,2444,2705,3283,578
Truck976436,2444,2567,2735,3283,548
Truck976947,2443,0,2895,3283,388
Truck978128,0,2567,3265,3283,18
Truck976279,2683,2444,2685,3284,599
Truck976406,2567,2776,2725,3284,559
Truck976687,3119,2443,2810,3284,474
Truck977059,2443,0,2930,3284,354
Truck977368,1339,2225,3025,3284,259
Truck977596,2777,2943,3095,3284,189
Truck975757,2942,2567,2520,3285,765
Truck977139,2443,0,2955,3285,330
Truck977240,1339,2443,2985,3285,300
Truck977314,2225,2443,3010,3285,275
Truck977427,2443,2776,3045,3285,240
Truck977621,2566,2444,3105,3285,180
Truck975527,2683,2566,2450,3286,836
Truck976580,2444,2443,2780,3286,506
Truck976591,3119,2443,2780,3286,506
Truck976899,2443,2942,2880,3286,406
Truck977104,0,2443,2945,3286,341
Truck978094,2943,2942,3250,3286,36
Truck970641,1338,2443,925,3287,2362
Truck974745,2224,0,2205,3287,1082
Truck975623,2683,2942,2480,3287,807
Truck975703,2683,2942,2505,3287,782
Truck975871,3119,1339,2555,3288,733
Truck976069,2566,2443,2620,3288,668
Truck976263,2683,2444,2680,3288,608
Truck976835,2443,2942,2860,3288,428
Truck976995,2443,2683,2910,3288,378
Truck975709,2942,1339,2505,3289,784
Truck977078,2567,2684,2935,3289,354
Truck976404,2444,0,2725,3290,565
Truck976628,2444,2443,2795,3290,495
Truck978045,2942,3119,3235,3290,55
Truck971473,1338,2566,1185,3291,2106
Truck976935,2683,2684,2890,3291,401
Truck977120,0,2443,2950,3291,341
Truck977346,2225,2443,3020,3291,271
Truck978110,2943,2942,3255,3291,36
Truck969857,1338,0,680,3292,2612
Truck975541,2566,2683,2455,3292,837
Truck977320,1339,2225,3010,3292,282
Truck977516,2777,2942,3070,3292,222
Truck974889,2224,2567,2250,3293,1043
Truck976294,2567,2776,2690,3293,603
Truck977500,2777,2943,3065,3293,228
Truck978125,2942,2943,3260,3294,34
Truck976612,2444,2443,2790,3296,506
Truck977107,2443,2683,2945,3296,351
Truck978126,2943,2942,3260,3296,36
Truck976235,2776,2942,2670,3297,627
Truck977046,2567,2684,2925,3297,372
Truck977532,2777,2942,3075,3297,222
Truck976234,2684,2224,2670,3298,628
Truck976356,2444,0,2710,3298,588
Truck977114,2684,2942,2945,3298,353
Truck977984,0,2683,3220,3298,78
Truck978079,3119,2942,3245,3298,53
Truck978099,2443,2684,3255,3298,43
Truck975097,2224,2567,2315,3299,984
Truck975701,2566,2683,2505,3300,795
Truck976676,2444,2443,2810,3300,490
Truck977037,2942,2684,2920,3300,380
Truck977394,2225,1339,3035,3300,265
Truck978142,2943,2942,3265,3300,35
Truck976973,2942,2443,2900,3301,401
Truck977451,2776,2443,3050,3301,251
Truck975749,2566,1339,2520,3302,782
Truck975816,1339,2942,2540,3302,762
Truck976072,1339,2942,2620,3303,683
Truck977250,2225,2683,2990,3303,313
Truck977628,2777,2943,3105,3303,198
Truck978115,2443,2684,3260,3303,43
Truck970401,1338,2443,850,3304,2454
Truck974807,2683,2224,2225,3304,1079
Truck974921,2224,1339,2260,3304,1044
Truck976115,2443,2224,2635,3305,670
Truck976970,2684,3119,2900,3305,405
Truck977612,2777,2942,3100,3305,205
Truck977689,2224,3119,3125,3305,180
Truck975047,2683,2224,2300,3306,1006
Truck978158,2943,2942,3270,3306,36
Truck971701,2566,1338,1255,3307,2052
Truck975845,2566,2443,2550,3307,757
Truck975949,2942,2567,2580,3307,727
Truck976085,2566,2443,2625,3307,682
Truck977378,2225,0,3030,3307,277
Truck978138,2684,2443,3265,3307,42
Truck970609,1338,2443,915,3308,2393
Truck970689,1338,2443,940,3308,2368
Truck975904,0,2566,2570,3308,738
Truck977184,0,2684,2970,3308,338
Truck977410,2225,2443,3040,3308,268
Truck977548,2777,2942,3080,3308,228
Truck978246,2567,1339,3300,3308,8
Truck975928,1339,2942,2575,3309,734
Truck977160,1339,2684,2960,3309,349
Truck977371,2776,2443,3025,3310,285
Truck975909,2566,2443,2570,3311,741
Truck975941,2566,2683,2580,3311,731
Truck977362,2225,2443,3025,3311,286
Truck978174,2943,2942,3275,3311,36
Truck976035,2443,2224,2610,3312,702
Truck976708,2444,2443,2820,3312,492
Truck975206,2567,2224,2350,3313,963
Truck977443,2443,2225,3050,3313,263
Truck975861,2566,2567,2555,3314,759
Truck975872,0,2942,2560,3314,754
Truck975944,1339,2942,2580,3314,734
Truck976363,2776,2567,2710,3314,604
Truck977050,2684,2567,2925,3314,389
Truck977082,2684,0,2935,3314,379
Truck977506,2225,2443,3070,3315,245
Truck977676,2777,2942,3120,3315,195
Truck978190,2943,2942,3280,3315,35
Truck976475,2776,2567,2745,3316,571
Truck977085,2942,2443,2935,3316,381
Truck977522,2225,2443,3075,3316,241
Truck977659,2776,2684,3115,3316,201
Truck970614,2567,1338,915,3317,2402
Truck975957,2566,2443,2585,3317,732
Truck976644,2444,2443,2800,3317,517
Truck976724,2444,2443,2825,3317,492
Truck976914,2225,2566,2885,3317,432
Truck978055,2683,0,3240,3317,77
Truck975990,2567,2942,2595,3318,723
Truck976117,2566,1339,2635,3319,684
Truck976584,1339,2776,2780,3319,539
Truck976149,2566,2443,2645,3320,675
Truck978206,2943,2942,3285,3320,35
Truck976643,2443,3119,2800,3321,521
Truck975893,2566,2683,2565,3322,757
Truck977219,2443,1339,2980,3322,342
Truck977556,2444,2566,3085,3322,237
Truck975901,2942,2567,2565,3323,758
Truck976261,2566,2443,2680,3323,643
Truck978179,2443,2684,3280,3323,43
Truck978186,2684,2443,3280,3323,43
Truck976735,3119,2443,2825,3324,499
Truck977079,2683,2443,2935,3324,389
Truck977458,2225,2443,3055,3324,269
Truck977634,2225,2443,3110,3324,214
Truck976660,2444,1339,2805,3325,520
Truck977563,2776,2443,3085,3325,240
Truck977618,2225,2443,3105,3325,220
Truck975752,1339,2942,2520,3326,806
Truck976616,1339,2444,2790,3326,536
Truck977442,2225,2443,3050,3326,276
Truck978222,2943,2942,3290,3326,36
Truck976233,2224,2443,2670,3327,657
Truck976427,2776,2942,2730,3327,597
Truck975031,2683,2224,2295,3328,1033
Truck976053,2566,2443,2615,3328,713
Truck977449,2224,2942,3050,3328,278
Truck970561,1338,2443,900,3329,2429
Truck975608,1339,3119,2475,3329,854
Truck976895,3119,2443,2875,3329,454
Truck975735,2683,2942,2515,3330,815
Truck975877,2566,2683,2560,3330,770
Truck976185,2224,2443,2655,3330,675
Truck978175,3119,2942,3275,3330,55
Truck978202,2684,2443,3285,3330,45
Truck975695,3119,0,2500,3331,831
Truck977426,2225,2443,3045,3331,286
Truck978238,2943,2942,3295,3331,36
Truck970403,2443,1338,850,3332,2482
Truck971094,2567,1338,1065,3332,2267
Truck971330,2225,1338,1140,3332,2192
Truck975065,2224,2567,2305,3332,1027
Truck977146,2684,2942,2955,3332,377
Truck977474,2225,0,3060,3332,272
Truck978312,1339,0,3320,3332,12
Truck970769,1338,2443,965,3333,2368
Truck970433,1338,2443,860,3334,2474
Truck976539,2776,0,2765,3334,569
Truck977005,2942,2443,2910,3334,424
Truck978294,2567,0,3315,3334,19
Truck975687,2683,3119,2500,3335,835
Truck975799,2683,2566,2535,3335,800
Truck976283,2776,3119,2685,3335,650
Truck976852,2444,2567,2865,3335,470
Truck977538,2225,2444,3080,3335,255
Truck978254,2943,2942,3300,3335,35
Truck970353,1338,2443,835,3336,2501
Truck976467,2443,2444,2745,3336,591
Truck976712,1339,2444,2820,3336,516
Truck976667,2776,0,2805,3337,532
Truck977170,2225,2683,2965,3337,372
Truck975032,1339,2224,2295,3338,1043
Truck977133,2942,2443,2950,3338,388
Truck975353,2224,0,2395,3339,944
Truck976767,3119,2443,2835,3340,505
Truck977283,2443,0,3000,3340,340
Truck977315,2443,1339,3010,3340,330
Truck977732,2444,2566,3140,3340,200
Truck978269,2942,2943,3305,3340,35
Truck978270,2943,2942,3305,3340,35
Truck975798,2567,3119,2535,3341,806
Truck976571,2776,2942,2775,3341,566
Truck977580,2777,2942,3090,3341,251
Truck971362,2225,1338,1150,3342,2192
Truck976726,2567,2444,2825,3342,517
Truck976752,0,2776,2835,3342,507
Truck976008,1339,2942,2600,3343,743
Truck976181,2566,2443,2655,3344,689
Truck978250,2684,2443,3300,3344,44
Truck976468,2444,2683,2745,3345,600
Truck977490,2225,0,3065,3345,280
Truck978223,3119,2942,3290,3345,55
Truck978286,2943,2942,3310,3345,35
Truck976522,2684,2224,2760,3346,586
Truck976133,2566,2443,2640,3347,707
Truck976379,2776,3119,2715,3347,632
Truck977724,2777,2942,3135,3347,212
Truck975209,2224,0,2350,3348,998
Truck976457,2224,2684,2740,3348,608
Truck976811,2776,1339,2850,3348,498
Truck977258,2684,2567,2990,3348,358
Truck975671,2683,3119,2495,3349,854
Truck976802,2225,2566,2850,3349,499
Truck977801,2224,3119,3160,3349,189
Truck976742,2567,2776,2830,3350,520
Truck976799,3119,2443,2845,3350,505
Truck976927,3119,2443,2885,3350,465
Truck978336,0,2567,3330,3350,20
Truck976118,2567,2942,2635,3351,716
Truck976703,3119,2443,2815,3351,536
Truck978302,2943,2942,3315,3351,36
Truck976195,2443,2224,2660,3352,692
Truck970593,1338,2443,910,3353,2443
Truck970801,1338,2443,975,3353,2378
Truck976061,2942,2567,2615,3353,738
Truck977577,2224,2942,3090,3353,263
Truck975976,1339,2942,2590,3354,764
Truck976863,3119,2443,2865,3354,489
Truck978317,2942,2943,3320,3354,34
Truck971105,1338,2225,1070,3355,2285
Truck976567,2683,2776,2775,3355,580
Truck970848,0,1338,990,3356,2366
Truck977162,2684,2683,2960,3356,396
Truck978318,2943,2942,3320,3356,36
Truck975821,2942,0,2540,3357,817
Truck977290,2684,0,3000,3357,357
Truck977650,2225,2443,3115,3357,242
Truck978253,2942,3119,3300,3357,57
Truck970209,1338,2567,790,3358,2568
Truck975974,2567,2942,2590,3358,768
Truck977226,2684,0,2980,3358,378
Truck975926,2567,2942,2575,3359,784
Truck976176,0,2942,2655,3359,704
Truck977210,2684,2942,2975,3360,385
Truck977602,2225,2443,3100,3361,261
Truck977868,2777,2943,3180,3361,181
Truck978334,2943,2942,3325,3361,36
Truck977130,2684,2567,2950,3362,412
Truck978307,2443,2684,3320,3364,44
Truck976653,2942,2776,2800,3365,565
Truck978287,3119,2942,3310,3365,55
Truck970289,1338,2443,815,3366,2551
Truck971314,2225,1338,1135,3366,2231
Truck976216,1339,2942,2665,3366,701
Truck976535,2683,2776,2765,3367,602
Truck977554,2225,2443,3085,3367,282
Truck978350,2943,2942,3330,3367,37
Truck975177,2224,2567,2340,3368,1028
Truck977644,2777,2942,3110,3368,258
Truck977756,2777,2942,3145,3368,223
Truck974824,1339,2224,2230,3369,1139
Truck977765,2566,2444,3150,3369,219
Truck975641,2224,2776,2485,3370,885
Truck975823,3119,2567,2540,3370,830
Truck976313,2224,2443,2695,3370,675
Truck976783,3119,2443,2840,3370,530
Truck978303,3119,2942,3315,3370,55
Truck977660,2777,2942,3115,3371,256
Truck978365,2942,2943,3335,3371,36
Truck978366,2943,2942,3335,3371,36
Truck975111,2683,2224,2320,3372,1052
Truck975225,2224,2567,2355,3372,1017
Truck976144,0,2942,2645,3372,727
Truck976979,2443,2942,2905,3372,467
Truck977155,2443,2942,2960,3372,412
Truck977459,2443,0,3055,3372,317
Truck976744,1339,2444,2830,3373,543
Truck977117,2942,2443,2945,3373,428
Truck977274,2684,2567,2995,3373,378
Truck977341,2942,2684,3015,3373,358
Truck975161,2224,1339,2335,3374,1039
Truck976007,2683,2942,2600,3374,774
Truck977021,2942,2443,2915,3374,459
Truck976415,3119,2776,2725,3375,650
Truck976587,2776,2942,2780,3375,595
Truck976603,2776,2567,2785,3375,590
Truck977063,2683,2684,2930,3375,445
Truck977109,2566,2225,2945,3375,430
Truck977739,2776,2443,3140,3375,235
Truck977720,1339,2225,3135,3376,241
Truck975935,3119,2567,2575,3377,802
Truck977740,2777,2942,3140,3377,237
Truck977884,2777,2942,3185,3377,192
Truck978382,2943,2942,3340,3377,37
Truck975919,3119,2567,2570,3378,808
Truck976678,2567,2776,2810,3378,568
Truck977645,2942,2224,3110,3378,268
Truck978335,3119,2942,3325,3378,53
Truck976197,2566,2443,2660,3379,719
Truck976246,2567,2942,2675,3379,704
Truck976646,2567,2776,2800,3379,579
Truck976692,2444,2443,2815,3380,565
Truck977165,2942,2443,2960,3380,420
Truck975128,1339,2224,2325,3381,1056
Truck976169,2224,2443,2650,3381,731
Truck976293,2566,2567,2690,3381,691
Truck970705,1338,2443,945,3382,2437
Truck971845,2566,1338,1300,3382,2082
Truck976101,2566,2443,2630,3382,752
Truck977613,2942,2224,3100,3382,282
Truck975927,2683,2942,2575,3383,808
Truck977772,2777,2942,3150,3383,233
Truck978488,1339,2567,3375,3383,8
Truck975336,1339,2224,2390,3384,994
Truck977692,2777,2942,3125,3384,259
Truck977867,2776,2443,3180,3384,204
Truck975975,2683,2942,2590,3385,795
Truck972037,2566,1338,1360,3386,2026
Truck975951,3119,1339,2580,3386,806
Truck977804,2777,2942,3160,3386,226
Truck977885,2942,2777,3185,3386,201
Truck978414,2943,2942,3350,3386,36
Truck975240,1339,2224,2360,3387,1027
Truck975350,2567,2224,2395,3387,992
Truck977788,2777,2942,3155,3387,232
Truck978272,0,2683,3310,3387,77
Truck975967,3119,0,2585,3388,803
Truck976756,2444,2567,2835,3388,553
Truck977042,2225,2566,2925,3388,463
Truck977026,2225,2566,2920,3389,469
Truck977641,2224,2942,3110,3389,279
Truck977708,2777,2942,3130,3389,259
Truck977948,2777,2943,3205,3389,184
Truck976015,3119,2567,2600,3390,790
Truck976141,2942,0,2640,3390,750
Truck976423,2683,2776,2730,3390,660
Truck976870,2567,2776,2870,3390,520
Truck978430,2943,2942,3355,3390,35
Truck975943,2683,2942,2580,3391,811
Truck977338,2684,2942,3015,3391,376
Truck970577,1338,2443,905,3392,2487
Truck975593,2224,2776,2470,3392,922
Truck976856,1339,2444,2865,3392,527
Truck977055,3119,2443,2925,3392,467
Truck977682,2225,2444,3125,3393,268
Truck977570,2225,2567,3090,3394,304
Truck976032,0,2566,2610,3395,785
Truck976788,2444,2443,2845,3395,550
Truck977319,2683,2443,3010,3395,385
Truck978410,2684,2443,3350,3395,45
Truck970449,1338,2443,865,3396,2531
Truck977835,2776,2443,3170,3396,226
Truck978327,2683,2567,3325,3396,71
Truck978446,2943,2942,3360,3396,36
Truck970977,1338,2443,1030,3397,2367
Truck978311,2683,0,3320,3397,77
Truck976213,2566,2443,2665,3398,733
Truck976790,2567,2776,2845,3398,553
Truck976820,2444,2567,2855,3398,543
Truck977752,1339,2225,3145,3398,253
Truck977018,2684,3119,2915,3399,484
Truck977456,0,2443,3055,3399,344
Truck976391,2683,2566,2720,3400,680
Truck976980,2444,2443,2905,3400,495
Truck977194,2684,2683,2970,3400,430
Truck977698,2225,2443,3130,3400,270
Truck978496,0,2567,3380,3400,20
Truck976964,2444,2443,2900,3401,501
Truck977900,2777,2943,3190,3401,211
Truck976006,2567,2942,2600,3402,802
Truck976291,2443,2224,2690,3402,712
Truck977090,2225,2566,2940,3402,462
Truck977367,2683,2443,3025,3402,377
Truck977721,2224,2942,3135,3402,267
Truck977858,2225,2443,3180,3402,222
Truck976959,3119,2443,2895,3403,508
Truck977232,0,2684,2985,3403,418
Truck977849,2224,2942,3175,3403,228
Truck976037,2566,2683,2610,3404,794
Truck976911,3119,2443,2880,3404,524
Truck977354,2684,2683,3020,3404,384
Truck977730,2225,2443,3140,3404,264
Truck977810,2225,2443,3165,3404,239
Truck977982,2943,2777,3215,3404,189
Truck978320,0,2683,3325,3404,79
Truck978442,2684,2443,3360,3404,44
Truck976071,2683,2942,2620,3405,785
Truck976247,2683,2942,2675,3405,730
Truck976328,1339,2942,2700,3405,705
Truck976393,2224,2684,2720,3405,685
Truck976840,1339,2776,2860,3405,545
Truck976948,2444,2443,2895,3405,510
Truck977007,3119,2443,2910,3405,495
Truck977203,2443,2942,2975,3405,430
Truck978413,2942,3119,3350,3405,55
Truck977053,2942,2443,2925,3406,481
Truck977746,2225,2443,3145,3406,261
Truck977771,2776,2443,3150,3406,256
Truck977833,2224,2942,3170,3406,236
Truck978060,2777,2943,3240,3406,166
Truck976884,2444,2443,2875,3407,532
Truck977475,2443,2683,3060,3407,347
Truck977571,2443,1339,3090,3407,317
Truck978478,2943,2942,3370,3407,37
Truck970739,2443,1338,955,3408,2453
Truck975929,2224,2776,2575,3408,833
Truck976699,2776,2942,2815,3408,593
Truck977440,0,2443,3050,3408,358
Truck977836,2777,2942,3170,3408,238
Truck976932,2444,2443,2890,3409,519
Truck976312,1339,2942,2695,3410,715
Truck975369,2224,2567,2400,3411,1011
Truck976872,1339,2776,2870,3411,541
Truck978584,1339,2567,3405,3411,6
Truck976125,2942,0,2635,3412,777
Truck977023,3119,2443,2915,3412,497
Truck971089,1338,2443,1065,3413,2348
Truck976127,3119,2567,2635,3413,778
Truck976747,2776,2683,2830,3413,583
Truck976264,1339,2942,2680,3414,734
Truck975983,3119,2683,2590,3415,825
Truck977414,2567,2684,3040,3415,375
Truck977635,2443,1339,3110,3415,305
Truck977826,2225,2443,3170,3415,245
Truck976245,2566,2443,2675,3416,741
Truck978510,2943,2942,3380,3416,36
Truck972612,2444,1338,1540,3417,1877
Truck975999,3119,0,2595,3417,822
Truck977852,2777,2942,3175,3417,242
Truck976374,2567,2942,2715,3418,703
Truck977881,2224,2942,3185,3418,233
Truck970737,1338,2443,955,3419,2464
Truck975887,3119,2683,2560,3419,859
Truck976352,0,2942,2710,3419,709
Truck976538,2684,2224,2765,3419,654
Truck976900,2444,2443,2880,3419,539
Truck977820,2777,2942,3165,3419,254
Truck978598,2567,1339,3410,3419,9
Truck970816,0,1338,980,3420,2440
Truck976201,2224,2443,2660,3420,760
Truck976373,2566,2443,2715,3420,705
Truck977842,2225,2443,3175,3421,246
Truck975127,2683,2224,2325,3422,1097
Truck976047,3119,0,2610,3422,812
Truck977415,2683,2684,3040,3422,382
Truck977996,2777,2942,3220,3422,202
Truck978526,2943,2942,3385,3422,37
Truck977087,3119,2443,2935,3423,488
Truck978576,0,2567,3405,3423,18
Truck977819,2776,2443,3165,3424,259
Truck977907,2443,2776,3195,3425,230
Truck970657,1338,2443,930,3426,2496
Truck976048,0,3119,2615,3426,811
Truck976533,2566,2443,2765,3426,661
Truck977778,2225,2444,3155,3426,271
Truck978074,2684,2776,3245,3426,181
Truck978542,2943,2942,3390,3426,36
Truck978632,1339,2567,3420,3426,6
Truck971265,1338,2443,1120,3427,2307
Truck977450,2684,1339,3050,3427,377
Truck978616,1339,0,3415,3427,12
Truck977167,3119,2443,2960,3428,468
Truck978522,2684,2443,3385,3428,43
Truck971366,2567,1338,1150,3429,2279
Truck976891,2776,2567,2875,3429,554
Truck976269,2942,0,2680,3430,750
Truck977322,2684,2942,3010,3430,420
Truck977753,2224,2942,3145,3430,285
Truck977883,2776,2443,3185,3430,245
Truck978558,2943,2942,3395,3430,35
Truck978592,0,2567,3410,3430,20
Truck977163,2776,0,2960,3431,471
Truck977714,2225,2443,3135,3431,296
Truck977386,2684,0,3030,3432,402
Truck978416,0,2683,3355,3433,78
Truck977124,2444,2443,2950,3435,485
Truck977183,3119,2443,2965,3435,470
Truck977897,2224,2942,3190,3435,245
Truck977916,2777,2942,3195,3435,240
Truck978574,2943,2942,3400,3435,35
Truck977527,2683,2225,3075,3436,361
Truck978640,0,1339,3425,3437,12
Truck977064,1339,2776,2930,3438,508
Truck977899,2776,2443,3190,3438,248
Truck977963,2776,2443,3210,3438,228
Truck977986,2225,2443,3220,3438,218
Truck978053,2566,2444,3240,3438,198
Truck976159,3119,2567,2645,3439,794
Truck978092,2777,2943,3250,3439,189
Truck978554,2684,2443,3395,3439,44
Truck978589,2942,2943,3405,3439,34
Truck975321,2224,0,2385,3440,1055
Truck976160,0,3119,2650,3440,790
Truck976565,2566,2443,2775,3440,665
Truck977768,1339,2225,3150,3440,290
Truck978028,2777,2942,3230,3440,210
Truck978590,2943,2942,3405,3440,35
Truck975958,2567,3119,2585,3441,856
Truck976517,2566,2443,2760,3442,682
Truck976569,2224,2443,2775,3442,667
Truck977421,2942,2443,3040,3442,402
Truck977747,2443,2567,3145,3442,297
Truck978656,0,1339,3430,3442,12
Truck978664,1339,0,3430,3442,12
Truck976221,2942,0,2665,3443,778
Truck976456,1339,2566,2740,3443,703
Truck976473,2224,2443,2745,3443,698
Truck978563,2443,2684,3400,3443,43
Truck976309,2566,0,2695,3444,749
Truck977213,2942,2443,2975,3444,469
Truck970673,1338,0,935,3445,2510
Truck978012,2777,2942,3225,3445,220
Truck976390,2567,2942,2720,3446,726
Truck976485,2566,2443,2750,3446,696
Truck976960,0,2444,2900,3446,546
Truck976971,2776,2683,2900,3446,546
Truck977199,3119,2443,2970,3446,476
Truck977235,2443,2444,2985,3446,461
Truck977906,2225,1339,3195,3446,251
Truck977915,2776,2443,3195,3446,251
Truck978543,3119,2942,3390,3446,56
Truck978606,2943,2942,3410,3446,36
Truck977980,2777,2942,3215,3447,232
Truck978171,2776,2684,3275,3447,172
Truck976649,2224,2443,2800,3448,648
Truck976920,1339,2776,2885,3448,563
Truck977578,2684,1339,3090,3448,358
Truck972245,2566,1338,1425,3449,2024
Truck978043,2776,2443,3235,3449,214
Truck976647,2683,2776,2800,3450,650
Truck976896,0,2776,2880,3450,570
Truck977267,2443,3119,2995,3450,455
Truck978622,2943,2942,3415,3450,35
Truck971281,1338,0,1125,3451,2326
Truck976009,2224,2776,2600,3451,851
Truck977964,2777,2942,3210,3451,241
Truck970817,1338,1339,980,3453,2473
Truck971169,1338,2443,1090,3453,2363
Truck976907,2776,2683,2880,3453,573
Truck977103,3119,2443,2940,3453,513
Truck977586,2225,2683,3095,3453,358
Truck978105,2224,3119,3255,3453,198
Truck978602,2684,2443,3410,3453,43
Truck976555,2776,3119,2770,3454,684
Truck977043,2443,2444,2925,3454,529
Truck977251,2443,2444,2990,3454,464
Truck977912,1339,2225,3195,3454,259
Truck978595,2443,2684,3410,3454,44
Truck977060,2444,2567,2930,3455,525
Truck977309,2942,2443,3005,3455,450
Truck977970,2225,2444,3215,3455,240
Truck978002,2225,2444,3225,3455,230
Truck970945,1338,2443,1020,3456,2436
Truck972580,2444,1338,1530,3456,1926
Truck976248,1339,2942,2675,3456,781
Truck978518,2567,2683,3385,3456,71
Truck971153,1338,2443,1085,3457,2372
Truck977229,2942,2443,2980,3457,477
Truck977762,2225,2443,3150,3457,307
Truck977848,1339,2225,3175,3457,282
Truck978638,2943,2942,3420,3457,37
Truck971299,2443,1338,1130,3458,2328
Truck976389,2566,2443,2720,3458,738
Truck976714,2684,2224,2820,3458,638
Truck978108,2777,2943,3255,3458,203
Truck971906,2225,1338,1320,3459,2139
Truck977610,2684,0,3100,3459,359
Truck977719,2683,2225,3135,3460,325
Truck971665,1338,2225,1245,3461,2216
Truck976635,2776,3119,2795,3462,667
Truck978654,2943,2942,3425,3462,37
Truck976632,1339,2566,2795,3463,668
Truck977088,0,2776,2940,3463,523
Truck978149,2566,2444,3270,3463,193
Truck977664,0,2443,3120,3464,344
Truck970929,1338,2443,1015,3465,2450
Truck976357,2566,2683,2710,3465,755
Truck976055,2683,2942,2615,3466,851
Truck977616,0,2684,3105,3466,361
Truck977794,2225,2443,3160,3466,306
Truck977954,2225,2443,3210,3466,256
Truck978670,2943,2942,3430,3466,36
Truck976596,2444,2683,2785,3467,682
Truck976877,2942,2776,2870,3467,597
Truck977405,2942,2443,3035,3467,432
Truck977931,2776,2443,3200,3467,267
Truck978744,1339,0,3455,3467,12
Truck970865,1338,0,995,3468,2473
Truck978022,2567,2225,3230,3468,238
Truck978123,2776,2443,3260,3468,208
Truck975433,2224,2683,2420,3469,1049
Truck975479,2683,2224,2435,3469,1034
Truck976103,2683,2942,2630,3469,839
Truck976343,2683,2566,2705,3469,764
Truck970897,1338,2443,1005,3470,2465
Truck976426,2684,2224,2730,3470,740
Truck971217,1338,2443,1105,3471,2366
Truck976413,2942,1339,2725,3471,746
Truck977530,2684,0,3075,3471,396
Truck978551,2683,0,3395,3471,76
Truck978686,2943,2942,3435,3471,36
Truck976086,2567,3119,2625,3472,847
Truck977932,2777,2942,3200,3472,272
Truck977594,2684,2942,3095,3473,378
Truck978124,2777,2942,3260,3473,213
Truck976175,3119,0,2650,3474,824
Truck976429,2942,1339,2730,3474,744
Truck977859,2443,2567,3180,3474,294
Truck978742,2567,0,3455,3475,20
Truck976432,0,2942,2735,3476,741
Truck977671,2683,2225,3120,3476,356
Truck977875,2443,0,3185,3476,291
Truck978019,2443,2225,3230,3476,246
Truck978702,2943,2942,3440,3476,36
Truck977140,2444,2443,2955,3477,522
Truck977667,2443,2683,3120,3477,357
Truck978790,2567,1339,3470,3477,7
Truck976581,2566,2443,2780,3478,698
Truck976549,2566,2443,2770,3479,709
Truck976677,2566,2567,2810,3479,669
Truck978156,2777,2942,3270,3479,209
Truck978682,2684,2443,3435,3479,44
Truck978758,2567,0,3460,3479,19
Truck971393,1338,2443,1160,3480,2320
Truck976955,2776,2567,2895,3480,585
Truck977498,2684,2942,3065,3480,415
Truck977843,2443,1339,3175,3481,306
Truck978718,2943,2942,3445,3481,36
Truck977110,2567,2444,2945,3482,537
Truck977215,3119,2443,2975,3482,507
Truck978784,0,1339,3470,3482,12
Truck976992,0,2776,2910,3483,573
Truck977811,2443,0,3165,3483,318
Truck978044,2777,2942,3235,3483,248
Truck978196,2444,2566,3285,3483,198
Truck976239,3119,2567,2670,3484,814
Truck976601,2224,2443,2785,3484,699
Truck977028,2444,2443,2920,3484,564
Truck977286,2567,2444,3000,3484,484
Truck978734,2943,2942,3450,3485,35
Truck976271,3119,0,2680,3486,806
Truck976501,2566,0,2755,3486,731
Truck978076,2777,2942,3245,3486,241
Truck978082,2225,2443,3250,3486,236
Truck978671,3119,2942,3430,3486,56
Truck975272,1339,2224,2370,3487,1117
Truck977231,3119,2443,2980,3487,507
Truck976288,0,2942,2690,3488,798
Truck976387,2443,2566,2720,3488,768
Truck978714,2684,2443,3445,3489,44
Truck975688,1339,2224,2500,3490,990
Truck976421,2566,0,2730,3490,760
Truck978750,2943,2942,3455,3490,35
Truck972210,2225,1338,1415,3491,2076
Truck977423,3119,2443,3040,3491,451
Truck972705,1338,2444,1570,3492,1922
Truck976871,2683,2776,2870,3493,623
Truck978162,2225,2443,3275,3493,218
Truck978608,0,2683,3415,3493,78
Truck976630,2567,2566,2795,3494,699
Truck976697,2224,2443,2815,3494,679
Truck976968,1339,2444,2900,3494,594
Truck977824,0,2443,3170,3494,324
Truck972961,1338,2444,1650,3495,1845
Truck976597,2566,2443,2785,3495,710
Truck976795,2776,3119,2845,3495,650
Truck977115,2776,2942,2945,3495,550
Truck977245,2942,2776,2985,3495,510
Truck978035,2443,2225,3235,3495,260
Truck978050,2225,2443,3240,3495,255
Truck972516,2444,1338,1510,3496,1986
Truck977814,2567,2443,3165,3496,331
Truck978766,2943,2942,3460,3496,36
Truck977890,2225,2443,3190,3497,307
Truck976437,2566,2443,2735,3498,763
Truck977507,2443,2942,3070,3498,428
Truck977760,0,2443,3150,3498,348
Truck977928,1339,2225,3200,3498,298
Truck978034,2225,0,3235,3498,263
Truck975529,2224,2567,2450,3499,1049
Truck977396,2444,2443,3035,3499,464
Truck970758,2567,1338,960,3500,2540
Truck971345,1338,1339,1145,3500,2355
Truck977626,2684,0,3105,3500,395
Truck978107,2776,2443,3255,3501,246
Truck977108,2444,2443,2945,3502,557
Truck978111,3119,2224,3255,3502,247
Truck978204,2777,2942,3285,3502,217
Truck978782,2943,2942,3465,3502,37
Truck975545,2224,0,2455,3503,1048
Truck976502,2567,2942,2755,3503,748
Truck976774,2567,2566,2840,3503,663
Truck977172,2444,2567,2965,3503,538
Truck978203,2776,2443,3285,3503,218
Truck978762,2684,2443,3460,3503,43
Truck976552,1339,2942,2770,3504,734
Truck977509,2566,2225,3070,3505,435
Truck978798,2943,2942,3470,3505,35
Truck972197,2566,1338,1410,3507,2097
Truck976518,2567,2566,2760,3507,747
Truck977247,3119,2443,2985,3507,522
Truck978140,2777,2942,3265,3507,242
Truck978695,2683,1339,3440,3507,67
Truck976256,0,3119,2680,3508,828
Truck977136,0,2444,2955,3508,553
Truck978771,2443,2684,3465,3509,44
Truck975417,2224,0,2415,3510,1095
Truck977674,2684,2683,3120,3510,390
Truck978195,2443,2776,3285,3510,225
Truck978814,2943,2942,3475,3510,35
Truck976438,2567,3119,2735,3511,776
Truck976541,2942,0,2765,3511,746
Truck977922,2225,2443,3200,3511,311
Truck978219,2776,2443,3290,3511,221
Truck971185,1338,2443,1095,3512,2417
Truck976453,2566,2443,2740,3512,772
Truck977770,2684,2567,3150,3512,362
Truck978271,3119,2224,3305,3512,207
Truck977395,2443,3119,3035,3513,478
Truck977725,2942,2684,3135,3513,378
Truck971073,1338,2443,1060,3514,2454
Truck972081,1338,2566,1375,3514,2139
Truck977236,2444,1339,2985,3514,529
Truck977955,2443,1339,3210,3514,304
Truck978137,2224,2942,3265,3514,249
Truck970833,1338,2443,985,3515,2530
Truck975721,2224,1339,2510,3515,1005
Truck976384,0,3119,2720,3515,795
Truck976605,2942,2567,2785,3515,730
Truck978018,2225,1339,3230,3515,285
Truck978139,2776,2443,3265,3515,250
Truck978830,2943,2942,3480,3515,35
Truck976375,2683,2942,2715,3516,801
Truck977939,2443,1339,3205,3516,311
Truck978235,2776,2443,3295,3516,221
Truck976448,0,2942,2740,3517,777
Truck976662,2567,2566,2805,3517,712
Truck976869,2566,2443,2870,3517,647
Truck977012,2444,1339,2915,3517,602
Truck977019,2776,2683,2915,3517,602
Truck976504,1339,2942,2755,3518,763
Truck977541,2566,2225,3080,3518,438
Truck978109,2942,2224,3255,3518,263
Truck978172,2777,2942,3275,3518,243
Truck978810,2684,2443,3475,3518,43
Truck971569,1338,2443,1215,3519,2304
Truck976573,2942,1339,2775,3519,744
Truck976776,1339,2566,2840,3519,679
Truck976823,2683,2444,2855,3519,664
Truck977044,2444,2683,2925,3519,594
Truck977311,3119,2443,3005,3519,514
Truck977993,2224,2942,3220,3519,299
Truck978178,2225,2443,3280,3520,240
Truck976383,3119,1339,2715,3521,806
Truck976503,2683,2566,2755,3521,766
Truck976916,2444,2683,2885,3521,636
Truck976665,2224,2443,2805,3522,717
Truck977872,0,2684,3185,3522,337
Truck978198,2567,2225,3285,3522,237
Truck978236,2777,2942,3295,3522,227
Truck978912,0,1339,3510,3522,12
Truck976405,2566,2567,2725,3523,798
Truck976553,2224,2443,2770,3523,753
Truck978826,2684,2443,3480,3523,43
Truck978249,2224,3119,3300,3524,224
Truck976325,2566,2567,2700,3525,825
Truck977003,2776,2942,2910,3525,615
Truck978114,2225,2443,3260,3525,265
Truck978341,2566,2444,3330,3525,195
Truck978704,0,2683,3445,3525,80
Truck978862,2943,2942,3490,3525,35
Truck976464,0,2942,2745,3526,781
Truck977850,2684,0,3175,3526,351
Truck975465,2224,2683,2430,3528,1098
Truck976713,2224,2443,2820,3528,708
Truck976773,2566,2443,2840,3528,688
Truck976857,2224,2443,2865,3528,663
Truck978268,2777,2942,3305,3528,223
Truck976550,2567,2942,2770,3529,759
Truck976583,2683,2942,2780,3529,749
Truck977429,2566,2225,3045,3529,484
Truck978188,2777,2942,3280,3529,249
Truck978398,2943,2777,3345,3530,185
Truck978842,2684,2443,3485,3530,45
Truck978073,2224,2942,3245,3531,286
Truck978878,2943,2942,3495,3531,36
Truck970961,1338,2443,1025,3532,2507
Truck978180,2444,2225,3280,3532,252
Truck970721,1338,2683,950,3533,2583
Truck978098,2225,0,3255,3533,278
Truck978220,2777,2942,3290,3533,243
Truck978858,2684,2443,3490,3533,43
Truck973156,2444,1338,1710,3534,1824
Truck978332,2777,2942,3325,3534,209
Truck977874,2225,2683,3185,3535,350
Truck978894,2943,2942,3500,3535,35
Truck971334,2567,1338,1140,3536,2396
Truck975865,2224,2683,2555,3536,981
Truck978131,2443,2776,3265,3536,271
Truck978301,2942,2224,3315,3536,221
Truck978379,2776,2443,3340,3536,196
Truck978490,2684,2776,3375,3536,161
Truck976949,2566,2443,2895,3537,642
Truck977343,3119,2443,3015,3537,522
Truck977471,3119,2443,3055,3537,482
Truck977658,2684,2683,3115,3537,422
Truck977722,2684,2942,3135,3537,402
Truck975672,1339,2224,2495,3538,1043
Truck976661,2566,2443,2805,3538,733
Truck977581,2942,2443,3090,3538,448
Truck977846,2567,2684,3175,3538,363
Truck978774,2567,2683,3465,3538,73
Truck976757,2566,2443,2835,3539,704
Truck977051,2776,2942,2925,3539,614
Truck977067,2776,2942,2930,3539,609
Truck978232,1339,2225,3295,3540,245
Truck978396,2777,2942,3345,3540,195
Truck978847,3119,2942,3485,3540,55
Truck975833,2224,1339,2545,3541,996
Truck978157,2942,2224,3270,3541,271
Truck978252,2777,2942,3300,3541,241
Truck978910,2943,2942,3505,3541,36
Truck976725,2566,2443,2825,3542,717
Truck977487,3119,2443,3060,3542,482
Truck978338,2225,2443,3330,3542,212
Truck978890,2684,2443,3500,3542,42
Truck977277,2942,2776,2995,3543,548
Truck971377,1338,2443,1155,3544,2389
Truck976679,2683,2942,2810,3544,734
Truck976937,2224,2443,2890,3544,654
Truck977380,2444,2443,3030,3544,514
Truck977683,2443,2942,3125,3544,419
Truck977891,2443,2683,3190,3544,354
Truck978226,2225,2443,3295,3544,249
Truck971537,1338,2443,1205,3545,2340
Truck977254,2567,2776,2990,3545,555
Truck978926,2943,2942,3510,3545,35
Truck977754,2684,2942,3145,3546,401
Truck977866,2684,0,3180,3546,366
Truck971233,1338,2567,1110,3547,2437
Truck976613,2566,2567,2790,3547,757
Truck978173,2942,2224,3275,3547,272
Truck976439,2683,2942,2735,3548,813
Truck978306,2225,2443,3320,3548,228
Truck978121,2224,2942,3260,3549,289
Truck978146,2225,2443,3270,3549,279
Truck977629,2942,2443,3105,3550,445
Truck978942,2943,2942,3515,3551,36
Truck972353,1338,2566,1460,3552,2092
Truck977519,3119,2443,3070,3552,482
Truck978258,2225,2443,3305,3552,247
Truck978348,2777,2942,3330,3552,222
Truck978840,1339,2683,3485,3552,67
Truck977379,2443,2444,3030,3553,523
Truck978998,2567,0,3535,3553,18
Truck977715,2443,2942,3135,3554,419
Truck978316,2777,2942,3320,3554,234
Truck977565,2942,2443,3085,3555,470
Truck978957,2942,2943,3520,3555,35
Truck978958,2943,2942,3520,3555,35
Truck975785,2224,1339,2530,3556,1026
Truck976688,0,2942,2815,3556,741
Truck978150,2567,2225,3270,3556,286
Truck978163,2443,0,3275,3556,281
Truck975961,2224,1339,2585,3557,972
Truck976511,3119,2567,2755,3557,802
Truck976825,2224,2443,2855,3557,702
Truck976853,2566,2443,2865,3557,692
Truck977693,2942,2443,3125,3558,433
Truck977898,2684,1339,3190,3558,368
Truck978363,2776,2443,3335,3558,223
Truck971201,1338,2683,1100,3559,2459
Truck976217,2224,2776,2665,3559,894
Truck977188,2444,2443,2970,3559,589
Truck977805,2942,2443,3160,3559,399
Truck976905,2224,2684,2880,3560,680
Truck977300,2444,2443,3005,3560,555
Truck977476,2444,2567,3060,3560,500
Truck972740,2444,1338,1580,3561,1981
Truck977332,2444,0,3015,3561,546
Truck978425,2224,3119,3355,3561,206
Truck978462,2943,2777,3365,3561,196
Truck976486,2567,2942,2750,3562,812
Truck977666,2225,2566,3120,3562,442
Truck977930,2684,2942,3200,3562,362
Truck978210,2225,2443,3290,3562,272
Truck978974,2943,2942,3525,3562,37
Truck978300,2777,2942,3315,3563,248
Truck971095,2683,1338,1065,3564,2499
Truck976888,1339,2942,2875,3564,689
Truck977949,2942,2684,3205,3564,359
Truck978297,2224,2942,3315,3564,249
Truck978322,2225,2443,3325,3564,239
Truck978380,2777,2942,3340,3564,224
Truck978990,2943,2942,3530,3565,35
Truck971521,1338,2443,1200,3566,2366
Truck977599,3119,2443,3095,3566,471
Truck977677,2942,2443,3120,3566,446
Truck977987,2443,1339,3220,3566,346
Truck978855,2683,0,3490,3566,76
Truck971729,1338,2567,1265,3567,2302
Truck976629,2566,2683,2795,3567,772
Truck976680,1339,2942,2810,3567,757
Truck976431,3119,0,2730,3569,839
Truck976671,3119,2683,2805,3569,764
Truck977364,2444,2567,3025,3569,544
Truck977757,2942,2443,3145,3569,424
Truck977978,2684,2567,3215,3570,355
Truck978412,2777,2942,3350,3570,220
Truck978970,2684,2443,3525,3570,45
Truck977411,2443,2444,3040,3571,531
Truck977731,2443,2942,3140,3571,431
Truck977741,2942,2443,3140,3572,432
Truck977882,2684,2942,3185,3572,387
Truck978349,2942,2224,3330,3572,242
Truck979006,2943,2942,3535,3572,37
Truck977508,2444,2443,3070,3573,503
Truck977647,3119,2443,3110,3573,463
Truck977576,1339,2444,3090,3574,484
Truck978003,2443,2683,3225,3574,349
Truck978428,2777,2942,3355,3574,219
Truck976694,2567,2942,2815,3575,760
Truck979022,2943,2942,3540,3575,35
Truck976608,0,2566,2790,3576,786
Truck977392,0,2444,3035,3576,541
Truck978333,2942,2224,3325,3576,251
Truck978284,2777,2942,3310,3577,267
Truck971697,1338,2443,1255,3578,2323
Truck972049,1338,2225,1365,3578,2213
Truck976519,2683,2566,2760,3578,818
Truck977312,0,2776,3010,3578,568
Truck977815,2683,2684,3165,3578,413
Truck977962,2684,2567,3210,3578,368
Truck971313,1338,2443,1135,3579,2444
Truck976104,1339,2224,2630,3579,949
Truck972849,1338,2444,1615,3580,1965
Truck976854,2567,2942,2865,3580,715
Truck977307,2776,0,3005,3580,575
Truck978237,2942,2224,3295,3580,285
Truck978975,3119,2942,3525,3580,55
Truck971718,2567,1338,1260,3581,2321
Truck977763,2443,2942,3150,3581,431
Truck978087,2683,2225,3250,3581,331
Truck976693,2566,1339,2815,3582,767
Truck977789,2942,2684,3155,3582,427
Truck978444,2777,2942,3360,3582,222
Truck979038,2943,2942,3545,3582,37
Truck979112,1339,0,3570,3582,12
Truck979126,2567,1339,3575,3582,7
Truck972369,1338,2566,1465,3583,2118
Truck975881,2224,0,2560,3583,1023
Truck977701,2566,2225,3130,3583,453
Truck978275,2443,2225,3310,3583,273
Truck976471,2683,2566,2745,3584,839
Truck977588,2444,2443,3095,3584,489
Truck978450,2225,2443,3365,3584,219
Truck970993,1338,2683,1035,3585,2550
Truck976791,2683,2942,2845,3585,740
Truck977428,2444,1339,3045,3585,540
Truck979018,2684,2443,3540,3585,45
Truck971813,2566,1338,1290,3586,2296
Truck976640,0,2942,2800,3586,786
Truck978274,2225,2443,3310,3586,276
Truck979054,2943,2942,3550,3586,36
Truck971297,1338,2443,1130,3587,2457
Truck971937,1338,2567,1330,3587,2257
Truck976981,2566,1339,2905,3587,682
Truck977151,3119,2776,2955,3587,632
Truck977492,2444,2443,3065,3587,522
Truck978495,3119,2224,3375,3588,213
Truck978935,2683,2567,3515,3588,73
Truck971441,1338,2443,1175,3589,2414
Truck976717,2942,1339,2820,3589,769
Truck976917,2566,2443,2885,3589,704
Truck978364,2777,2942,3335,3589,254
Truck978445,2942,2777,3360,3589,229
Truck976921,2224,2443,2885,3590,705
Truck977280,0,2776,3000,3591,591
Truck978066,2225,2683,3245,3591,346
Truck978476,2777,2942,3370,3591,221
Truck979005,2942,3119,3535,3591,56
Truck979070,2943,2942,3555,3591,36
Truck976527,3119,2567,2760,3592,832
Truck977539,2443,3119,3080,3592,512
Truck978058,2684,2942,3240,3592,352
Truck978485,2566,2444,3375,3592,217
Truck971041,1338,2443,1050,3593,2543
Truck977567,3119,2443,3085,3593,508
Truck976758,2567,2942,2835,3594,759
Truck978214,2567,2443,3290,3594,304
Truck973057,1338,2444,1680,3595,1915
Truck976719,3119,1339,2820,3595,775
Truck978494,2943,2777,3375,3595,220
Truck970646,2567,1338,925,3596,2671
Truck971558,2567,1338,1210,3596,2386
Truck977419,2776,2942,3040,3596,556
Truck977460,2444,1339,3055,3596,541
Truck978371,2443,2225,3340,3596,256
Truck976655,3119,1339,2800,3597,797
Truck976925,2942,2567,2885,3597,712
Truck979086,2943,2942,3560,3597,37
Truck971009,1338,2443,1040,3598,2558
Truck977779,2443,2942,3155,3598,443
Truck978966,2567,2683,3525,3598,73
Truck973073,1338,2444,1685,3599,1914
Truck976741,2566,2683,2830,3599,769
Truck976931,2443,2566,2890,3599,709
Truck977615,3119,2443,3100,3599,499
Truck978290,2225,2443,3315,3599,284
Truck978355,2443,2225,3335,3599,264
Truck978386,2225,2444,3345,3600,255
Truck978459,2776,2443,3365,3600,235
Truck971601,1338,2443,1225,3601,2376
Truck976701,2942,1339,2815,3601,786
Truck977991,2683,2443,3220,3602,382
Truck979102,2943,2942,3565,3602,37
Truck978492,2777,2942,3375,3603,228
Truck975840,0,2224,2550,3604,1054
Truck976607,3119,2567,2785,3604,819
Truck976928,0,2942,2890,3604,714
Truck977325,2942,2776,3010,3604,594
Truck977600,0,2444,3100,3605,505
Truck978296,1339,2443,3315,3605,290
Truck978460,2777,2942,3365,3605,240
Truck979082,2684,2443,3560,3605,45
Truck978541,2942,2777,3390,3606,216
Truck978477,2942,2777,3370,3607,237
Truck976829,2942,2683,2855,3608,753
Truck977348,2444,2443,3020,3608,588
Truck978342,2567,2443,3330,3608,278
Truck977619,2443,2444,3105,3609,504
Truck979016,1339,2683,3540,3610,70
Truck979032,1339,2683,3545,3610,65
Truck979134,2943,2942,3575,3610,35
Truck971777,1338,1339,1280,3611,2331
Truck978484,2444,2225,3375,3611,236
Truck978623,3119,2224,3415,3611,196
Truck977077,2566,2443,2935,3612,677
Truck977603,2443,2444,3100,3612,512
Truck976806,2567,2942,2850,3613,763
Truck977584,0,2776,3095,3613,518
Truck977807,3119,2443,3160,3613,453
Truck979190,2567,0,3595,3613,18
Truck977027,2443,2224,2920,3614,694
Truck977097,2224,2684,2940,3614,674
Truck977925,2566,2225,3200,3614,414
Truck978154,2684,2567,3270,3614,344
Truck979087,3119,2942,3560,3614,54
Truck971287,2683,1338,1125,3615,2490
Truck977679,3119,2443,3120,3615,495
Truck979150,2943,2942,3580,3615,35
Truck977383,2683,2444,3030,3616,586
Truck978291,2443,1339,3315,3616,301
Truck978467,2443,2776,3370,3616,246
Truck979130,2684,2443,3575,3618,43
Truck972741,2566,1338,1580,3619,2039
Truck977480,1339,2776,3060,3619,559
Truck978666,2684,2776,3430,3619,189
Truck977291,2776,2942,3000,3620,620
Truck977684,2444,2443,3125,3620,495
Truck979166,2943,2942,3585,3620,35
Truck977587,2443,2444,3095,3621,526
Truck976775,2683,2942,2840,3622,782
Truck977264,0,2776,2995,3622,627
Truck976912,0,2942,2885,3623,738
Truck977652,2444,0,3115,3623,508
Truck979103,3119,2942,3565,3623,58
Truck976000,0,2224,2600,3624,1024
Truck979024,0,2683,3545,3624,79
Truck979117,2942,3119,3570,3624,54
Truck977555,2443,2444,3085,3625,540
Truck977579,2776,2942,3090,3625,535
Truck977668,2444,2443,3120,3625,505
Truck977997,2942,2443,3220,3625,405
Truck978106,2684,2942,3255,3625,370
Truck978170,2684,2942,3275,3625,350
Truck978508,2777,2942,3380,3625,245
Truck976551,2683,3119,2770,3626,856
Truck976789,2566,0,2845,3627,782
Truck977081,2224,2443,2935,3627,692
Truck978067,2443,2942,3245,3627,382
Truck978524,2777,2942,3385,3627,242
Truck978539,2776,2443,3390,3627,237
Truck972277,2566,1338,1435,3628,2193
Truck978556,2777,2943,3395,3628,233
Truck978588,2777,2942,3405,3629,224
Truck978604,2777,2943,3410,3629,219
Truck978668,2777,2943,3430,3629,199
Truck976039,2683,2224,2610,3630,1020
Truck976200,1339,2224,2660,3630,970
Truck979197,2942,2943,3595,3630,35
Truck978493,2942,2777,3375,3631,256
Truck976805,2566,2443,2850,3632,782
Truck979198,2943,2942,3595,3632,37
Truck979272,1339,0,3620,3632,12
Truck977938,2225,2566,3205,3633,428
Truck978402,2225,0,3350,3633,283
Truck976883,2443,2566,2875,3634,759
Truck977412,2444,2567,3040,3634,594
Truck977711,3119,2443,3130,3634,504
Truck978514,2225,2443,3385,3634,249
Truck972884,2444,1338,1625,3635,2010
Truck975977,2224,2683,2590,3635,1045
Truck976997,2566,2443,2910,3635,725
Truck978482,2225,0,3375,3635,260
Truck978546,2225,2567,3395,3635,240
Truck979213,2942,2943,3600,3635,35
Truck978370,2225,2567,3340,3636,296
Truck979214,2943,2942,3600,3636,36
Truck971585,1338,2443,1220,3637,2417
Truck976054,2567,2224,2615,3637,1022
Truck976838,2567,2942,2860,3637,777
Truck977013,2566,2443,2915,3637,722
Truck977515,2776,2683,3070,3637,567
Truck978434,2225,2444,3360,3637,277
Truck979095,2683,2567,3565,3637,72
Truck976623,3119,2683,2790,3638,848
Truck977157,2566,2443,2960,3638,678
Truck977510,2567,2776,3070,3638,568
Truck977887,3119,2443,3185,3638,453
Truck978652,2777,2942,3425,3638,213
Truck971751,2683,1338,1270,3639,2369
Truck976893,2942,2567,2875,3639,764
Truck978570,2684,2776,3400,3639,239
Truck979151,3119,2942,3580,3639,59
Truck979167,3119,2942,3585,3639,54
Truck977189,2566,2443,2970,3640,670
Truck978234,2684,1339,3295,3640,345
Truck978280,1339,2443,3310,3640,330
Truck978422,2567,2225,3355,3640,285
Truck978620,2777,2942,3415,3640,225
Truck979230,2943,2942,3605,3641,36
Truck971137,1338,2443,1080,3642,2562
Truck978703,3119,2224,3440,3642,202
Truck979110,2567,2683,3570,3642,72
Truck971457,1338,2443,1180,3643,2463
Truck977823,3119,2443,3165,3643,478
Truck978295,2683,2225,3315,3643,328
Truck978812,2777,2943,3475,3644,169
Truck979210,2684,2443,3600,3644,44
Truck978674,2225,2443,3435,3645,210
Truck978713,2224,3119,3445,3645,200
Truck979245,2942,2943,3610,3645,35
Truck976731,2776,2224,2825,3646,821
Truck977795,2443,2444,3160,3646,486
Truck977924,2444,2443,3200,3646,446
Truck979183,3119,2942,3590,3646,56
Truck979246,2943,2942,3610,3646,36
Truck977387,2776,2683,3030,3647,617
Truck971648,0,1338,1240,3648,2408
Truck976832,0,2566,2860,3648,788
Truck978144,0,2684,3270,3648,378
Truck979226,2684,2443,3605,3648,43
Truck976943,3119,0,2890,3649,759
Truck977572,2444,2443,3090,3649,559
Truck973297,1338,2444,1755,3650,1895
Truck976885,2566,2683,2875,3650,775
Truck978644,2444,2225,3425,3650,225
Truck971489,1338,2443,1190,3651,2461
Truck971592,1339,1338,1220,3651,2431
Truck976904,1339,3119,2880,3651,771
Truck976933,2566,1339,2890,3651,761
Truck977611,2776,2942,3100,3651,551
Truck979160,1339,2683,3585,3651,66
Truck979262,2943,2942,3615,3651,36
Truck978080,0,2684,3250,3652,402
Truck977755,2776,2567,3145,3653,508
Truck977643,2776,1339,3110,3654,544
Truck978328,1339,2443,3325,3654,329
Truck976121,2224,2683,2635,3655,1020
Truck976136,1339,2224,2640,3655,1015
Truck978540,2777,2942,3390,3655,265
Truck978636,2777,2942,3420,3655,235
Truck979175,2683,1339,3590,3655,65
Truck976919,2683,2566,2885,3656,771
Truck978026,2684,2683,3230,3656,426
Truck977620,2444,2443,3105,3657,552
Truck977909,2566,2225,3195,3657,462
Truck979278,2943,2942,3620,3657,37
Truck977632,0,2444,3110,3658,548
Truck978143,3119,2684,3265,3658,393
Truck978314,2684,2942,3320,3658,338
Truck978778,2684,2776,3465,3658,193
Truck979251,2443,2684,3615,3658,43
Truck977123,2443,2566,2950,3660,710
Truck977531,2776,2942,3075,3660,585
Truck977700,2444,0,3130,3660,530
Truck978199,2683,2684,3285,3660,375
Truck978521,2224,2942,3385,3660,275
Truck977125,2566,2567,2950,3661,711
Truck977435,2776,3119,3045,3661,616
Truck977624,1339,2444,3105,3661,556
Truck977860,2444,2443,3180,3661,481
Truck978063,3119,2443,3240,3661,421
Truck978603,2776,2443,3410,3661,251
Truck979258,2684,2443,3615,3661,46
Truck979294,2943,2942,3625,3661,36
Truck977723,2776,0,3135,3662,527
Truck979274,2684,2443,3620,3662,42
Truck976815,3119,0,2850,3663,813
Truck977029,2566,2443,2920,3663,743
Truck978572,2777,2942,3400,3663,263
Truck979267,2443,2684,3620,3663,43
Truck979382,2567,1339,3655,3663,8
Truck976975,3119,1339,2900,3664,764
Truck977699,2443,2444,3130,3664,534
Truck971617,1338,2443,1230,3665,2435
Truck978266,2684,0,3305,3665,360
Truck978684,2777,2942,3435,3665,230
Truck979309,2942,2943,3630,3665,35
Truck979310,2943,2942,3630,3665,35
Truck976984,1339,2566,2905,3666,761
Truck978083,2443,2942,3250,3667,417
Truck978767,3119,2224,3460,3667,207
Truck976119,2683,2224,2635,3668,1033
Truck972561,1338,2225,1525,3669,2144
Truck977707,2776,2567,3130,3669,539
Truck978256,0,2684,3305,3669,364
Truck978649,2224,2942,3425,3669,244
Truck978779,2776,2684,3465,3669,204
Truck977391,3119,2776,3030,3670,640
Truck977951,3119,2443,3205,3670,465
Truck978047,3119,2443,3235,3670,435
Truck978683,2776,2443,3435,3670,235
Truck978716,2777,2942,3445,3670,225
Truck979326,2943,2942,3635,3670,35
Truck971649,1338,2443,1240,3671,2431
Truck977075,2443,2566,2935,3671,736
Truck976057,2224,2567,2615,3672,1057
Truck978846,2943,2777,3485,3672,187
Truck977257,2224,2684,2990,3673,683
Truck977696,0,2444,3130,3673,543
Truck977983,3119,2443,3215,3673,458
Truck978358,2567,2684,3335,3673,338
Truck979206,2567,2683,3600,3673,73
Truck977141,2566,1339,2955,3674,719
Truck977965,2942,2443,3210,3674,464
Truck979279,3119,2942,3620,3674,54
Truck976761,2224,2776,2835,3675,840
Truck977604,2444,2683,3100,3675,575
Truck977627,2776,0,3105,3675,570
Truck978780,2777,2942,3465,3675,210
Truck979342,2943,2942,3640,3675,35
Truck977161,2224,2443,2960,3676,716
Truck978748,2777,2942,3455,3676,221
Truck971633,1338,1339,1235,3677,2442
Truck971505,1338,2443,1195,3678,2483
Truck972677,2566,1338,1560,3678,2118
Truck977253,2566,2443,2990,3678,688
Truck978809,2224,3119,3475,3678,203
Truck971873,1338,2443,1310,3679,2369
Truck979322,2684,2443,3635,3679,44
Truck971536,0,1338,1205,3680,2475
Truck976022,2567,2224,2605,3680,1075
Truck976999,2683,2566,2910,3680,770
Truck977369,2224,2443,3025,3680,655
Truck978658,2225,2443,3430,3680,250
Truck976134,2567,2224,2640,3681,1041
Truck977285,2566,0,3000,3681,681
Truck978231,2683,2684,3295,3681,386
Truck979358,2943,2942,3645,3681,36
Truck977923,2443,2444,3200,3682,482
Truck978610,2225,2443,3415,3682,267
Truck979432,1339,0,3670,3682,12
Truck976936,1339,3119,2890,3683,793
Truck976965,2566,2443,2900,3683,783
Truck977014,2567,2942,2915,3683,768
Truck977221,2566,2443,2980,3683,703
Truck977444,2444,2683,3050,3683,633
Truck977855,3119,2443,3175,3683,508
Truck978122,2684,3119,3260,3683,423
Truck972977,1338,2566,1655,3684,2029
Truck976105,2224,2683,2630,3684,1054
Truck976864,0,2942,2870,3684,814
Truck977056,0,2942,2930,3684,754
Truck977306,2684,2224,3005,3684,679
Truck977499,2776,2942,3065,3684,619
Truck977780,2444,2443,3155,3684,529
Truck978061,2942,2443,3240,3684,444
Truck972721,1338,2566,1575,3685,2110
Truck977764,2444,2443,3150,3685,535
Truck977908,2444,2443,3195,3685,490
Truck978093,2942,2443,3250,3685,435
Truck978451,2443,0,3365,3685,320
Truck978690,2225,2443,3440,3685,245
Truck979271,2683,1339,3620,3685,65
Truck976957,2942,0,2895,3686,791
Truck977305,2224,2443,3005,3686,681
Truck977787,2776,1339,3155,3686,531
Truck978031,3119,2443,3230,3686,456
Truck978298,2684,2942,3315,3686,371
Truck979374,2943,2942,3650,3686,36
Truck971745,1338,2443,1270,3687,2417
Truck976901,2566,2683,2880,3687,807
Truck978248,1339,2684,3300,3687,387
Truck979354,2684,2443,3645,3688,43
Truck971857,1338,2443,1305,3689,2384
Truck976320,0,2224,2700,3689,989
Truck977039,3119,1339,2920,3689,769
Truck977957,2566,2225,3210,3689,479
Truck978700,2777,2942,3440,3689,249
Truck979254,2567,2683,3615,3689,74
Truck977636,2444,2443,3110,3691,581
Truck978282,2684,2942,3310,3691,381
Truck978423,2683,2225,3355,3691,336
Truck976887,2683,2942,2875,3692,817
Truck977491,2443,2566,3065,3692,627
Truck978419,2443,1339,3355,3692,337
Truck978515,2443,0,3385,3692,307
Truck978764,2777,2942,3460,3692,232
Truck977675,2776,2942,3120,3693,573
Truck978394,2684,0,3345,3693,348
Truck978502,2567,2443,3380,3693,313
Truck978530,2225,2443,3390,3693,303
Truck971329,1338,2443,1140,3694,2554
Truck973217,1338,2444,1730,3694,1964
Truck977045,2566,2443,2925,3694,769
Truck977827,2443,2444,3170,3694,524
Truck973042,2225,1338,1675,3695,2020
Truck978205,2942,2443,3285,3695,410
Truck978732,2777,2942,3450,3695,245
Truck979406,2943,2942,3660,3695,35
Truck977972,2444,2443,3215,3696,481
Truck978387,2443,2683,3345,3696,351
Truck978435,2443,0,3360,3696,336
Truck978562,2225,2567,3400,3696,296
Truck979264,0,2683,3620,3696,76
Truck976837,2566,2683,2860,3697,837
Truck977447,2683,2444,3050,3697,647
Truck978330,2684,0,3325,3697,372
Truck978796,2777,2942,3470,3697,227
Truck979480,1339,0,3685,3697,12
Truck977101,2942,0,2940,3698,758
Truck977796,2444,0,3160,3698,538
Truck977828,2444,2443,3170,3698,528
Truck978466,2225,2683,3370,3698,328
Truck978756,2444,2225,3460,3698,238
Truck979386,2684,2443,3655,3699,44
Truck977173,2566,2443,2965,3700,735
Truck971761,1338,2567,1275,3701,2426
Truck976489,2224,2567,2750,3701,951
Truck978861,2942,2777,3490,3701,211
Truck978921,2224,3119,3510,3701,191
Truck979422,2943,2942,3665,3701,36
Truck977482,2684,2224,3060,3702,642
Truck978127,3119,2684,3260,3702,442
Truck978834,2225,2443,3485,3702,217
Truck978964,2444,2566,3525,3702,177
Truck977317,2566,2443,3010,3703,693
Truck977716,2444,2443,3135,3703,568
Truck977273,2224,2443,2995,3704,709
Truck977856,0,2776,3180,3704,524
Truck978795,2776,2443,3470,3704,234
Truck979438,2943,2942,3670,3706,36
Truck977999,3119,2443,3220,3707,487
Truck979296,0,2683,3630,3707,77
Truck971511,2683,1338,1195,3709,2514
Truck977200,0,2942,2975,3709,734
Truck977191,2683,2566,2970,3710,740
Truck979391,3119,2942,3655,3710,55
Truck979454,2943,2942,3675,3710,35
Truck971681,1338,2443,1250,3711,2461
Truck977149,2942,2567,2955,3711,756
Truck977655,2683,2776,3115,3711,596
Truck976377,2224,1339,2715,3712,997
Truck977461,2566,2443,3055,3712,657
Truck978624,0,2225,3420,3712,292
Truck978802,2225,2443,3475,3712,237
Truck977190,2567,2566,2970,3713,743
Truck978020,2444,2443,3230,3713,483
Truck978285,2942,2443,3310,3713,403
Truck978626,2225,2443,3420,3713,293
Truck971960,1339,1338,1335,3714,2379
Truck972289,1338,2443,1440,3714,2274
Truck978594,2225,1339,3410,3714,304
Truck977238,2567,2566,2985,3715,730
Truck978040,1339,2444,3235,3715,480
Truck978090,2684,3119,3250,3715,465
Truck977812,2444,1339,3165,3716,551
Truck979470,2943,2942,3680,3716,36
Truck979560,1339,2567,3710,3716,6
Truck972833,1338,2566,1610,3717,2107
Truck973668,2444,1338,1870,3717,1847
Truck976847,3119,2683,2860,3717,857
Truck977119,3119,0,2945,3717,772
Truck978547,2443,2683,3395,3717,322
Truck972001,1338,2443,1350,3718,2368
Truck976278,2567,2224,2685,3718,1033
Truck976989,2942,1339,2905,3718,813
Truck977205,2566,2443,2975,3718,743
Truck978218,2684,2942,3290,3718,428
Truck978841,2224,2942,3485,3718,233
Truck979450,2684,2443,3675,3718,43
Truck977432,1339,2566,3045,3719,674
Truck978722,2225,2443,3450,3719,269
Truck976454,2567,2224,2740,3720,980
Truck977142,2567,2942,2955,3720,765
Truck978900,2444,2566,3505,3720,215
Truck979423,3119,2942,3665,3720,55
Truck977748,2444,2443,3145,3721,576
Truck979486,2943,2942,3685,3721,36
Truck972385,1338,2443,1470,3722,2252
Truck976855,2683,2566,2865,3722,857
Truck978611,2443,1339,3415,3722,307
Truck979552,0,1339,3710,3722,12
Truck978754,2225,1339,3460,3723,263
Truck979439,3119,2942,3670,3723,53
Truck973393,1338,2444,1785,3724,1939
Truck976831,3119,2683,2855,3724,869
Truck977595,2776,2683,3095,3724,629
Truck977126,2567,3119,2950,3725,775
Truck973780,2444,1338,1905,3726,1821
Truck977159,2683,2942,2960,3726,766
Truck977940,2444,2443,3205,3726,521
Truck978738,2225,2443,3455,3726,271
Truck979502,2943,2942,3690,3726,36
Truck977302,2567,2566,3005,3727,722
Truck978068,2444,2443,3245,3727,482
Truck977413,2566,0,3040,3728,688
Truck978844,2777,2942,3485,3728,243
Truck979590,2567,1339,3720,3728,8
Truck971512,1339,1338,1195,3729,2534
Truck979453,2942,3119,3675,3730,55
Truck971446,2567,1338,1175,3731,2556
Truck973364,2444,1338,1775,3731,1956
Truck976304,0,2224,2695,3731,1036
Truck977494,2567,2566,3065,3731,666
Truck978972,2777,2942,3525,3731,206
Truck979518,2943,2942,3695,3731,36
Truck971841,1338,2443,1300,3732,2432
Truck978376,1339,2684,3340,3732,392
Truck978828,2777,2942,3480,3732,252
Truck971296,0,1338,1130,3734,2604
Truck977892,2444,2443,3190,3734,544
Truck978439,2683,2684,3360,3734,374
Truck978706,2225,2443,3445,3734,289
Truck977792,0,2776,3160,3735,575
Truck978392,1339,2684,3345,3735,390
Truck979498,2684,2443,3690,3735,45
Truck977844,2444,0,3175,3736,561
Truck978498,2225,2683,3380,3736,356
Truck978857,2224,2942,3490,3736,246
Truck979534,2943,2942,3700,3736,36
Truck977192,1339,2942,2970,3737,767
Truck977197,2942,2683,2970,3737,767
Truck977269,2566,2443,2995,3737,742
Truck977562,2684,2224,3085,3737,652
Truck977808,0,2444,3165,3737,572
Truck979124,2444,2566,3575,3737,162
Truck977111,2683,2566,2945,3738,793
Truck978506,2684,0,3380,3738,358
Truck978909,2942,2777,3505,3738,233
Truck971921,1338,2443,1325,3739,2414
Truck977096,1339,3119,2940,3739,799
Truck977216,0,2942,2980,3739,759
Truck979507,2443,2684,3695,3739,44
Truck979514,2684,2443,3695,3739,44
Truck979622,2567,1339,3730,3739,9
Truck977956,2444,2443,3210,3740,530
Truck979448,1339,2683,3675,3740,65
Truck979550,2943,2942,3705,3740,35
Truck976967,2683,2942,2900,3741,841
Truck978004,2444,2443,3225,3741,516
Truck979023,3119,2224,3540,3741,201
Truck979447,2683,1339,3675,3741,66
Truck978212,2444,2443,3290,3742,452
Truck978568,1339,2684,3400,3742,342
Truck976985,2224,2776,2905,3743,838
Truck977224,1339,2942,2980,3743,763
Truck971456,0,1338,1180,3744,2564
Truck977008,0,3119,2915,3744,829
Truck978882,2225,2443,3500,3744,244
Truck979431,2683,2567,3670,3744,74
Truck971361,1338,2443,1150,3745,2595
Truck976184,1339,2224,2655,3745,1090
Truck977331,2443,2224,3015,3745,730
Truck978884,2444,2225,3500,3745,245
Truck979003,2776,2443,3535,3745,210
Truck978908,2777,2942,3505,3746,241
Truck979566,2943,2942,3710,3746,36
Truck977767,2683,2776,3150,3747,597
Truck976534,2567,2224,2765,3748,983
Truck978095,3119,2443,3250,3748,498
Truck979109,2566,2444,3570,3748,178
Truck979546,2684,2443,3705,3748,43
Truck977237,2566,1339,2985,3749,764
Truck978243,2443,2942,3300,3749,449
Truck979060,2444,2566,3555,3749,194
Truck977687,2683,2444,3125,3750,625
Truck978707,2443,2225,3445,3750,305
Truck979582,2943,2942,3715,3750,35
Truck971953,1338,2443,1335,3751,2416
Truck972257,1338,2443,1430,3751,2321
Truck976265,2224,1339,2680,3751,1071
Truck977384,1339,2942,3030,3751,721
Truck978614,2567,2443,3415,3751,336
Truck978132,2444,2443,3265,3752,487
Truck978691,2443,0,3440,3752,312
Truck977048,1339,3119,2925,3753,828
Truck977876,2444,2443,3185,3754,569
Truck978052,2444,2443,3240,3754,514
Truck978362,2684,2683,3335,3754,419
Truck978582,2567,2443,3405,3754,349
Truck979562,2684,2443,3710,3754,44
Truck971409,1338,2683,1165,3755,2590
Truck971553,1338,2443,1210,3755,2545
Truck979597,2942,2943,3720,3755,35
Truck979598,2943,2942,3720,3755,35
Truck977256,1339,2566,2990,3756,766
Truck978448,0,2684,3365,3757,392
Truck978924,2777,2942,3510,3757,247
Truck978956,2777,2942,3520,3757,237
Truck979479,2683,2567,3685,3757,72
Truck979496,1339,2683,3690,3757,67
Truck979020,2777,2942,3540,3758,218
Truck979648,0,2567,3740,3758,18
Truck979686,2567,1339,3750,3758,8
Truck978015,3119,2443,3225,3759,534
Truck979578,2684,2443,3715,3759,44
Truck972465,1338,2443,1495,3760,2265
Truck977293,2942,1339,3000,3760,760
Truck971862,2567,1338,1305,3761,2456
Truck978100,2444,2567,3255,3761,506
Truck978860,2777,2942,3490,3761,271
Truck979614,2943,2942,3725,3761,36
Truck976512,0,2224,2760,3762,1002
Truck978988,2777,2942,3530,3762,232
Truck977381,2566,2443,3030,3763,733
Truck977573,2566,2443,3090,3763,673
Truck977803,2776,2942,3160,3763,603
Truck977207,2683,2942,2975,3764,789
Truck978726,2567,2443,3450,3764,314
Truck979052,2777,2942,3550,3764,214
Truck979594,2684,2443,3720,3764,44
Truck972033,1338,0,1360,3765,2405
Truck972113,1338,2443,1385,3765,2380
Truck978675,2443,0,3435,3765,330
Truck978843,2776,2443,3485,3765,280
Truck977047,2683,2942,2925,3766,841
Truck977227,2776,2224,2980,3766,786
Truck977333,2566,2443,3015,3766,751
Truck978850,2225,1339,3490,3766,276
Truck979630,2943,2942,3730,3766,36
Truck978876,2777,2942,3495,3767,272
Truck978892,2777,2942,3500,3767,267
Truck978940,2777,2942,3515,3767,252
Truck978978,2225,2443,3530,3767,237
Truck977401,2224,2443,3035,3768,733
Truck977525,2566,2443,3075,3768,693
Truck978191,3119,2443,3280,3768,488
Truck978914,2225,2443,3510,3768,258
Truck971809,1338,0,1290,3769,2479
Truck977557,2566,2443,3085,3769,684
Truck978458,2684,0,3365,3769,404
Truck972837,2566,1338,1610,3770,2160
Truck973572,2444,1338,1840,3770,1930
Truck977995,2776,2683,3220,3770,550
Truck979610,2684,2443,3725,3770,45
Truck979646,2943,2942,3735,3770,35
Truck977397,2566,2443,3035,3771,736
Truck978630,2567,2684,3420,3771,351
Truck979035,2776,2443,3545,3771,226
Truck971825,1338,2567,1295,3772,2477
Truck978207,3119,2443,3285,3772,487
Truck977255,2683,2942,2990,3773,783
Truck977261,2942,2567,2990,3773,783
Truck978239,3119,2443,3295,3773,478
Truck978474,2684,2942,3370,3773,403
Truck978818,2225,2683,3480,3773,293
Truck978084,2444,2443,3250,3774,524
Truck978898,2225,2443,3505,3774,269
Truck977445,2566,2443,3050,3775,725
Truck977927,2683,2776,3200,3775,575
Truck978027,2776,2683,3230,3776,546
Truck978461,2942,2443,3365,3776,411
Truck978770,2225,0,3465,3776,311
Truck979100,2777,2943,3565,3776,211
Truck979228,2777,2943,3605,3776,171
Truck979662,2943,2942,3740,3776,36
Truck979178,2684,2776,3590,3777,187
Truck978182,2567,2444,3280,3779,499
Truck978768,0,2443,3465,3779,314
Truck979543,2683,2567,3705,3779,74
Truck977095,2683,2942,2940,3780,840
Truck977352,1339,2942,3020,3780,760
Truck977669,2566,1339,3120,3780,660
Truck979118,2943,2777,3570,3780,210
Truck979678,2943,2942,3745,3780,35
Truck979712,0,2567,3760,3780,20
Truck978920,1339,2225,3510,3781,271
Truck977206,2567,3119,2975,3782,807
Truck978426,2684,2942,3355,3782,427
Truck978994,2225,0,3535,3782,247
Truck971969,1338,1339,1340,3784,2444
Truck971976,1339,1338,1340,3784,2444
Truck978567,2683,2684,3400,3784,384
Truck979728,0,2567,3765,3784,19
Truck977462,2567,2942,3055,3785,730
Truck978723,2443,0,3450,3785,335
Truck979004,2777,2942,3535,3785,250
Truck977357,2942,2567,3020,3786,766
Truck978164,2444,2443,3275,3786,511
Truck978339,2443,2942,3330,3786,456
Truck978538,2684,2567,3390,3786,396
Truck978866,2225,2443,3495,3786,291
Truck979694,2943,2942,3750,3786,36
Truck978319,3119,2684,3320,3787,467
Truck979784,1339,2567,3780,3787,7
Truck979036,2777,2942,3545,3788,243
Truck979667,2443,2684,3745,3788,43
Truck972225,1338,2443,1420,3789,2369
Truck978902,2567,2443,3505,3789,284
Truck977561,2224,2443,3085,3790,705
Truck978600,1339,2443,3410,3790,380
Truck978743,2683,2225,3455,3790,335
Truck972929,1338,2225,1640,3791,2151
Truck978354,2225,2566,3335,3791,456
Truck978930,2225,2443,3515,3791,276
Truck979710,2943,2942,3755,3791,36
Truck977175,2683,3119,2965,3792,827
Truck977545,2224,2443,3080,3792,712
Truck977829,2566,1339,3170,3792,622
Truck978102,2567,2444,3255,3792,537
Truck978816,0,2225,3480,3792,312
Truck978946,2225,2443,3520,3792,272
Truck979068,2777,2942,3555,3792,237
Truck973026,2225,1338,1670,3793,2123
Truck976329,2224,2683,2700,3793,1093
Truck977408,0,2942,3040,3793,753
Truck977642,2684,2224,3110,3793,683
Truck978016,0,2776,3230,3793,563
Truck977336,1339,2942,3015,3794,779
Truck978915,2443,2225,3510,3794,284
Truck979663,3119,2942,3740,3794,54
Truck971713,1338,2443,1260,3795,2535
Truck971889,1338,2443,1315,3795,2480
Truck972230,2567,1338,1420,3795,2375
Truck978431,3119,2684,3355,3795,440
Truck972913,1338,2225,1635,3796,2161
Truck979071,3119,2224,3555,3796,241
Truck979726,2943,2942,3760,3796,36
Truck979116,2777,2942,3570,3797,227
Truck977813,2566,2443,3165,3798,633
Truck978032,0,2776,3235,3798,563
Truck978618,2684,2942,3415,3798,383
Truck978647,2683,2684,3425,3798,373
Truck978650,2684,0,3425,3798,373
Truck979042,2225,2443,3550,3799,249
Truck979306,2684,2776,3630,3799,169
Truck977259,2776,2224,2990,3800,810
Truck978116,2444,2443,3260,3800,540
Truck979026,2225,2444,3545,3800,255
Truck977817,2224,2443,3165,3801,636
Truck978255,3119,2443,3300,3801,501
Truck978775,2683,2225,3465,3801,336
Truck979182,2943,2777,3590,3801,211
Truck972259,2443,1338,1430,3802,2372
Truck977651,2443,2566,3115,3802,687
Truck978663,2683,2443,3430,3802,372
Truck978934,2567,2443,3515,3802,287
Truck979058,2225,2443,3555,3802,247
Truck979742,2943,2942,3765,3802,37
Truck973074,2225,1338,1685,3803,2118
Truck976598,2567,2224,2785,3803,1018
Truck977243,2776,2224,2985,3803,818
Truck977433,2224,2776,3045,3803,758
Truck979792,0,2567,3785,3803,18
Truck977691,2776,3119,3125,3804,679
Truck972097,1338,0,1380,3805,2425
Truck977225,2224,2776,2980,3805,825
Truck979758,2943,2942,3770,3805,35
Truck971905,1338,2443,1320,3806,2486
Truck972310,2567,1338,1445,3806,2361
Truck977533,2942,2683,3075,3806,731
Truck977353,2224,2776,3020,3807,787
Truck977501,2942,2683,3065,3807,742
Truck978877,2942,2684,3495,3807,312
Truck979824,0,1339,3795,3807,12
Truck978739,2443,0,3455,3808,353
Truck979084,2777,2942,3560,3808,248
Truck979132,2777,2942,3575,3809,234
Truck971985,1338,0,1345,3810,2465
Truck977209,2224,2776,2975,3810,835
Truck977526,2567,2942,3075,3810,735
Truck977529,2224,2443,3075,3810,735
Truck977706,2684,2224,3130,3810,680
Truck978698,2684,2567,3440,3810,370
Truck979774,2943,2942,3775,3810,35
Truck977625,2224,2443,3105,3811,706
Truck978586,2684,2942,3405,3811,406
Truck978727,2683,2443,3450,3811,361
Truck979709,2942,3119,3755,3811,56
Truck977416,1339,2942,3040,3812,772
Truck977979,2776,2942,3215,3812,597
Truck978634,2684,0,3420,3812,392
Truck977497,2224,2443,3065,3813,748
Truck979164,2777,2942,3585,3813,228
Truck973412,2444,1338,1790,3814,2024
Truck977472,0,2942,3060,3814,754
Truck977477,2566,2443,3060,3814,754
Truck978454,2567,2444,3365,3814,449
Truck972177,1338,2443,1405,3815,2410
Truck977174,2567,3119,2965,3815,850
Truck979790,2943,2942,3780,3815,35
Truck978429,2942,2443,3355,3816,461
Truck979727,3119,2942,3760,3816,56
Truck979202,2225,2443,3600,3817,217
Truck971793,1338,0,1285,3818,2533
Truck977605,2566,2443,3100,3818,718
Truck979770,2684,2443,3775,3818,43
Truck978399,3119,2443,3345,3819,474
Truck973105,1338,2566,1695,3820,2125
Truck973281,1338,2566,1750,3820,2070
Truck977288,1339,3119,3000,3820,820
Truck978323,2443,2444,3325,3820,495
Truck979806,2943,2942,3785,3820,35
Truck978874,2684,0,3495,3821,326
Truck979196,2777,2942,3595,3821,226
Truck977705,2224,2443,3130,3822,692
Truck978187,2776,2942,3280,3822,542
Truck979743,3119,2942,3765,3822,57
Truck978059,2776,2942,3240,3823,583
Truck977511,2683,2942,3070,3824,754
Truck978776,1339,2443,3465,3824,359
Truck972209,1338,2443,1415,3826,2411
Truck978919,2683,2225,3510,3826,316
Truck978591,3119,2443,3405,3827,422
Truck979148,2777,2942,3580,3827,247
Truck979260,2777,2942,3615,3827,212
Truck979822,2943,2942,3790,3827,37
Truck972161,1338,2443,1400,3828,2428
Truck977453,2942,1339,3050,3828,778
Truck977327,3119,1339,3010,3829,819
Truck977648,0,2942,3115,3829,714
Truck978147,2443,2444,3270,3829,559
Truck978244,2444,2443,3300,3829,529
Truck979090,2225,1339,3565,3829,264
Truck979837,2942,2943,3795,3829,34
Truck972065,1338,2443,1370,3830,2460
Truck977549,2942,1339,3080,3830,750
Truck977947,2776,2683,3205,3830,625
Truck978578,2225,2566,3405,3830,425
Truck979074,2225,2444,3560,3830,270
Truck979838,2943,2942,3795,3830,35
Truck977279,3119,0,2995,3831,836
Truck978573,2942,2443,3400,3831,431
Truck977129,2224,2776,2950,3832,882
Truck974388,2444,1338,2095,3833,1738
Truck977552,0,2942,3085,3833,748
Truck977834,2684,2224,3170,3833,663
Truck978509,2942,2443,3380,3833,453
Truck979369,2224,3119,3650,3833,183
Truck977653,2566,2443,3115,3834,719
Truck978155,2776,1339,3270,3834,564
Truck979308,2777,2943,3630,3834,204
Truck979791,3119,2942,3780,3834,54
Truck978669,2942,2443,3430,3835,405
Truck979397,2566,2444,3660,3835,175
Truck978420,2444,2443,3355,3836,481
Truck979106,2225,2443,3570,3836,266
Truck972401,1338,2443,1475,3837,2362
Truck977496,1339,2942,3065,3837,772
Truck978224,0,2776,3295,3837,542
Truck978276,2444,2443,3310,3837,527
Truck979854,2943,2942,3800,3837,37
Truck972337,1338,2443,1455,3838,2383
Truck977638,2567,2566,3110,3838,728
Truck979212,2777,2942,3600,3838,238
Truck978260,2444,2443,3305,3839,534
Truck972017,1338,0,1355,3840,2485
Truck977607,2683,2566,3100,3840,740
Truck978221,2942,2776,3290,3840,550
Truck977355,2776,2224,3020,3841,821
Truck978351,3119,2443,3330,3841,511
Truck978794,2684,2567,3470,3841,371
Truck979107,2443,2776,3570,3841,271
Truck979276,2777,2942,3620,3841,221
Truck979768,1339,2683,3775,3841,66
Truck979870,2943,2942,3805,3841,36
Truck976631,2683,2224,2795,3843,1048
Truck977637,2566,1339,3110,3843,733
Truck978324,2444,2567,3325,3843,518
Truck978388,2444,2443,3345,3843,498
Truck979227,2776,2443,3605,3843,238
Truck979323,2776,2443,3635,3843,208
Truck979750,2567,2683,3770,3843,73
Truck977375,3119,2683,3025,3844,819
Truck979850,2684,2443,3800,3844,44
Truck979920,0,2567,3825,3844,19
Truck977560,1339,3119,3085,3845,760
Truck978228,2444,2443,3295,3845,550
Truck978886,2567,2684,3500,3845,345
Truck979292,2777,2942,3625,3845,220
Truck977733,2566,2443,3140,3846,706
Truck978931,2443,1339,3515,3846,331
Truck979886,2943,2942,3810,3846,36
Truck978240,0,2444,3300,3847,547
Truck978456,1339,2444,3365,3847,482
Truck979234,2225,2443,3610,3847,237
Truck979372,2777,2942,3650,3847,197
Truck978408,1339,2444,3350,3848,498
Truck979186,2225,2443,3595,3848,253
Truck979866,2684,2443,3805,3848,43
Truck978463,3119,2443,3365,3850,485
Truck978653,2942,2443,3425,3850,425
Truck979902,2943,2942,3815,3851,36
Truck977592,1339,2942,3095,3853,758
Truck978010,2684,2224,3225,3853,628
Truck978267,2776,2567,3305,3853,548
Truck978367,3119,2443,3335,3853,518
Truck978730,2684,2942,3450,3854,404
Truck979244,2777,2942,3610,3854,244
Truck979247,3119,2224,3610,3854,244
Truck977535,3119,0,3075,3855,780
Truck977623,2683,2942,3105,3855,750
Truck978872,1339,2684,3495,3855,360
Truck979010,2225,2443,3540,3855,315
Truck979180,2777,2942,3590,3855,265
Truck972497,1338,2443,1505,3856,2351
Truck978135,2683,2776,3265,3856,591
Truck979250,2225,1339,3615,3856,241
Truck979918,2943,2942,3820,3856,36
Truck977797,2566,2443,3160,3857,697
Truck979356,2777,2942,3645,3857,212
Truck980008,1339,2567,3850,3857,7
Truck977654,2567,2566,3115,3858,743
Truck979138,2225,2443,3580,3858,278
Truck979390,2943,2777,3655,3858,203
Truck979417,2224,3119,3665,3858,193
Truck977895,2683,2444,3190,3859,669
Truck978103,2683,2776,3255,3860,605
Truck972208,0,1338,1415,3861,2446
Truck977622,2567,2942,3105,3861,756
Truck978531,2443,3119,3390,3861,471
Truck978746,2684,2942,3455,3861,406
Truck979934,2943,2942,3825,3861,36
Truck977376,0,3119,3030,3863,833
Truck977485,2942,2683,3060,3863,803
Truck978299,2776,2942,3315,3863,548
Truck978819,2443,2683,3480,3863,383
Truck979218,2225,2443,3605,3863,258
Truck979257,2224,2942,3615,3863,248
Truck979914,2684,2443,3820,3863,43
Truck972129,1338,2443,1390,3864,2474
Truck978427,2776,0,3355,3864,509
Truck972417,1338,2443,1480,3865,2385
Truck977407,3119,0,3035,3865,830
Truck978091,2776,2567,3250,3865,615
Truck978315,2776,0,3320,3865,545
Truck978527,3119,2443,3385,3865,480
Truck979154,2225,1339,3585,3865,280
Truck979396,2444,2566,3660,3865,205
Truck977736,1339,2566,3140,3866,726
Truck978383,3119,2443,3340,3866,526
Truck972472,1339,1338,1495,3867,2372
Truck977287,2683,3119,3000,3867,867
Truck977517,2942,2683,3070,3867,797
Truck978613,2566,2225,3415,3867,452
Truck978851,2443,2683,3490,3867,377
Truck979950,2943,2942,3830,3867,37
Truck979170,2225,2443,3590,3868,278
Truck979388,2777,2943,3655,3868,213
Truck977417,2224,2776,3040,3869,829
Truck977685,2566,2443,3125,3869,744
Truck977589,2566,2683,3095,3870,775
Truck977717,2566,0,3135,3870,735
Truck979966,2943,2942,3835,3870,35
Truck977559,2683,2942,3085,3871,786
Truck978167,2683,2444,3275,3871,596
Truck979188,2444,2225,3595,3871,276
Truck972529,1338,1339,1515,3872,2357
Truck978404,2444,2443,3350,3872,522
Truck978472,1339,2444,3370,3872,502
Truck978692,2444,2443,3440,3872,432
Truck979059,2443,2567,3555,3872,317
Truck979331,2443,2776,3640,3872,232
Truck979340,2777,2942,3640,3872,232
Truck979903,3119,2942,3815,3872,57
Truck978075,2776,3119,3245,3873,628
Truck978807,2683,2684,3475,3873,398
Truck979939,2443,2684,3830,3873,43
Truck978906,2684,2567,3505,3874,369
Truck979324,2777,2942,3635,3874,239
Truck978308,2444,2443,3320,3875,555
Truck978372,2444,2443,3340,3875,535
Truck979219,2443,2225,3605,3875,270
Truck979363,2443,2225,3650,3875,225
Truck979982,2943,2942,3840,3875,35
Truck976729,2224,2567,2825,3876,1051
Truck977657,2224,2443,3115,3876,761
Truck977776,0,2942,3155,3876,721
Truck978982,2567,2684,3530,3876,346
Truck979919,3119,2942,3820,3876,56
Truck977728,0,2942,3140,3877,737
Truck978347,2776,2942,3330,3877,547
Truck979879,2683,1339,3810,3877,67
Truck980048,0,1339,3865,3877,12
Truck980056,1339,0,3865,3877,12
Truck978904,1339,2684,3505,3878,373
Truck979027,2443,0,3545,3878,333
Truck979315,2443,2225,3635,3878,243
Truck978954,2684,2942,3520,3879,359
Truck979291,2776,2443,3625,3879,254
Truck973697,1338,2566,1880,3880,2000
Truck977929,2224,2443,3200,3880,680
Truck979222,2567,2443,3605,3880,275
Truck976966,2567,2224,2900,3881,981
Truck978447,3119,2443,3360,3881,521
Truck979998,2943,2942,3845,3881,36
Truck978200,1339,2776,3285,3882,597
Truck978532,2444,2567,3390,3882,492
Truck978642,2225,2566,3425,3882,457
Truck979404,2777,2942,3660,3882,222
Truck979896,1339,2683,3815,3882,67
Truck972145,1338,2443,1395,3883,2488
Truck979050,2684,0,3550,3883,333
Truck977864,1339,2942,3180,3884,704
Truck979200,0,2225,3600,3884,284
Truck979330,2225,2443,3640,3884,244
Truck979951,3119,2942,3830,3884,54
Truck973202,2225,1338,1725,3885,2160
Truck977583,3119,0,3090,3885,795
Truck978251,2776,2942,3300,3885,585
Truck978470,2567,2444,3370,3885,515
Truck979075,2443,0,3560,3885,325
Truck972321,1338,2443,1450,3886,2436
Truck976944,0,2224,2895,3886,991
Truck977750,2567,2942,3145,3886,741
Truck977821,2942,2567,3165,3886,721
Truck977865,2224,2684,3180,3886,706
Truck979467,2776,2684,3680,3886,206
Truck979420,2777,2942,3665,3887,222
Truck980014,2943,2942,3850,3887,37
Truck980080,0,1339,3875,3887,12
Truck980088,1339,0,3875,3887,12
Truck972785,1338,1339,1595,3888,2293
Truck978356,2444,0,3335,3888,553
Truck978436,2444,2567,3360,3888,528
Truck978621,2942,2443,3415,3888,473
Truck978821,2566,2225,3480,3888,408
Truck979872,0,2683,3810,3888,78
Truck977945,2224,2443,3205,3889,684
Truck979225,2224,2942,3605,3889,284
Truck979927,2683,1339,3825,3889,64
Truck977661,2942,2567,3115,3890,775
Truck978605,2942,2443,3410,3890,480
Truck979192,1339,2225,3595,3890,295
Truck978643,2443,2942,3425,3891,466
Truck980030,2943,2942,3855,3891,36
Truck972753,1338,2443,1585,3892,2307
Truck976777,2224,2683,2840,3892,1052
Truck978500,2444,2443,3380,3892,512
Truck979895,2683,0,3815,3892,77
Truck977670,2567,2942,3120,3893,773
Truck979476,2444,2566,3685,3893,208
Truck977735,2683,2942,3140,3894,754
Truck980010,2684,2443,3850,3894,44
Truck978374,2567,2776,3340,3895,555
Truck978735,3119,2443,3450,3895,445
Truck978893,2942,2443,3500,3895,395
Truck979484,2777,2942,3685,3895,210
Truck978069,2566,1339,3245,3896,651
Truck978119,2683,2776,3260,3896,636
Truck978403,2443,2444,3350,3896,546
Truck979307,2776,2443,3630,3896,266
Truck979911,2683,0,3820,3896,76
Truck980046,2943,2942,3860,3896,36
Truck973602,2225,1338,1850,3898,2048
Truck977493,2566,2683,3065,3898,833
Truck977551,3119,2567,3080,3898,818
Truck979235,2443,2225,3610,3898,288
Truck977744,0,2942,3145,3899,754
Truck978751,3119,2443,3455,3899,444
Truck979904,0,2683,3820,3899,79
Truck977574,2567,2942,3090,3900,810
Truck973253,2566,1338,1740,3901,2161
Truck976902,2567,2224,2880,3901,1021
Truck979353,2224,2942,3645,3901,256
Truck980026,2684,2443,3855,3901,46
Truck980062,2943,2942,3865,3901,36
Truck972273,1338,1339,1435,3902,2467
Truck972470,2567,1338,1495,3902,2407
Truck979942,2567,2683,3830,3902,72
Truck978863,3119,2684,3490,3903,413
Truck979483,2776,2443,3685,3903,218
Truck979508,2444,2566,3695,3903,208
Truck978922,2684,2567,3510,3904,394
Truck979008,0,2684,3540,3904,364
Truck978815,3119,2443,3475,3905,430
Truck978947,2443,2567,3520,3905,385
Truck978983,2683,2684,3530,3905,375
Truck972241,1338,2443,1425,3906,2481
Truck977994,2684,2224,3220,3906,686
Truck978468,2444,2443,3370,3906,536
Truck978685,2942,2443,3435,3906,471
Truck979401,2224,2942,3660,3906,246
Truck979959,2683,2567,3835,3906,71
Truck978639,3119,2443,3420,3907,487
Truck979053,2942,2684,3550,3907,357
Truck979232,0,2225,3610,3907,297
Truck980078,2943,2942,3870,3907,37
Truck980166,2567,1339,3900,3907,7
Truck977112,1339,2224,2945,3908,963
Truck978169,2224,2443,3275,3908,633
Truck978607,3119,2443,3410,3908,498
Truck979468,2777,2942,3680,3908,228
Truck972355,2443,1338,1460,3909,2449
Truck977941,2566,2443,3205,3909,704
Truck978512,0,2444,3385,3909,524
Truck978548,2444,2443,3395,3909,514
Truck977597,2942,2683,3095,3910,815
Truck977901,2942,0,3190,3910,720
Truck978452,2444,2443,3365,3910,545
Truck977591,2683,2942,3095,3911,816
Truck977832,1339,2942,3170,3911,741
Truck977845,2566,2443,3175,3911,736
Truck978424,1339,2444,3355,3911,556
Truck978749,2942,2443,3455,3911,456
Truck979289,2224,2942,3625,3911,286
Truck977973,2566,2443,3215,3912,697
Truck980094,2943,2942,3875,3912,37
Truck974404,2444,1338,2100,3913,1813
Truck977575,2683,2942,3090,3913,823
Truck978487,2683,2776,3375,3914,539
Truck978984,1339,2684,3530,3914,384
Truck980150,2567,0,3895,3914,19
Truck980110,2943,2942,3880,3915,35
Truck976841,2224,0,2860,3916,1056
Truck977439,3119,0,3045,3916,871
Truck977877,2566,1339,3185,3916,731
Truck979362,2225,2443,3650,3916,266
Truck973377,1338,2225,1780,3917,2137
Truck978395,2776,2942,3345,3917,572
Truck978507,2776,1339,3380,3917,537
Truck979127,2683,2225,3575,3917,342
Truck979191,2683,2225,3595,3917,322
Truck979564,2777,2942,3710,3917,207
Truck977672,1339,3119,3120,3918,798
Truck977688,1339,2942,3125,3918,793
Truck977936,0,2566,3205,3918,713
Truck978550,2567,2776,3395,3918,523
Truck978628,2444,2443,3420,3918,498
Truck980045,2942,3119,3860,3918,58
Truck972433,1338,2443,1485,3919,2434
Truck979419,2776,2443,3665,3920,255
Truck979567,3119,2224,3710,3920,210
Truck977853,2942,1339,3175,3921,746
Truck979458,2225,2443,3680,3921,241
Truck980126,2943,2942,3885,3921,36
Truck978283,2776,0,3310,3922,612
Truck979595,2776,2443,3720,3923,203
Truck972193,1338,1339,1410,3924,2514
Truck977781,2566,1339,3155,3924,769
Truck977903,3119,1339,3190,3924,734
Truck978072,1339,2942,3245,3924,679
Truck978986,2684,0,3530,3924,394
Truck979066,2684,1339,3555,3924,369
Truck979344,0,2225,3645,3924,279
Truck979433,2224,2942,3670,3924,254
Truck978359,2683,2444,3335,3925,590
Truck976976,0,2224,2905,3926,1021
Truck977952,0,2566,3210,3926,716
Truck977631,3119,0,3105,3927,822
Truck978813,2942,2443,3475,3927,452
Truck979334,2567,2443,3640,3927,287
Truck979436,2777,2942,3670,3927,257
Truck980142,2943,2942,3890,3927,37
Truck980208,0,1339,3915,3927,12
Truck977749,2566,2443,3145,3929,784
Truck977989,2566,2443,3220,3929,709
Truck978566,2567,2444,3400,3929,529
Truck978575,3119,2443,3400,3929,529
Truck978596,2444,2443,3410,3929,519
Truck978755,2443,2942,3460,3929,469
Truck979548,2777,2942,3705,3929,224
Truck979691,2776,2684,3750,3929,179
Truck980122,2684,2443,3885,3929,44
Truck980198,2567,0,3910,3929,19
Truck972609,1338,2443,1540,3930,2390
Truck978340,2444,2683,3330,3930,600
Truck978708,2444,2567,3445,3930,485
Truck979465,2224,2942,3680,3930,250
Truck980158,2943,2942,3895,3931,36
Truck974273,1338,2444,2060,3932,1872
Truck977862,2567,2942,3180,3933,753
Truck979378,2225,2443,3655,3933,278
Truck979428,2444,2225,3670,3933,263
Truck979669,2566,2444,3745,3935,190
Truck978516,2444,2443,3385,3936,551
Truck980174,2943,2942,3900,3936,36
Truck978619,2776,0,3415,3937,522
Truck980054,2567,2683,3865,3937,72
Truck979500,2777,2942,3690,3938,248
Truck980154,2684,2443,3895,3938,43
Truck977893,2566,2443,3190,3939,749
Truck978041,2224,2443,3235,3939,704
Truck978667,2776,2567,3430,3939,509
Truck979114,2684,2567,3570,3939,369
Truck974129,1338,2444,2015,3940,1925
Truck979452,2777,2942,3675,3940,265
Truck973394,2225,1338,1785,3941,2156
Truck973889,1338,2444,1940,3941,2001
Truck979031,2683,2684,3545,3941,396
Truck979410,2225,2443,3665,3941,276
Truck980127,3119,2942,3885,3941,56
Truck978411,2776,2942,3350,3942,592
Truck978612,2444,2443,3415,3942,527
Truck979451,2776,2443,3675,3942,267
Truck979516,2777,2942,3695,3942,247
Truck980070,2567,2683,3870,3942,72
Truck980190,2943,2942,3905,3942,37
Truck977837,2942,2567,3170,3943,773
Truck977971,2443,2566,3215,3943,728
Truck978021,2566,0,3230,3943,713
Truck979002,2684,2683,3535,3943,408
Truck979069,2942,2443,3555,3943,388
Truck979618,2225,2443,3730,3943,213
Truck979532,2777,2942,3700,3944,244
Truck974337,1338,2444,2080,3945,1865
Truck978432,0,2444,3360,3945,585
Truck978564,2444,2443,3400,3945,545
Truck977782,2567,2942,3155,3946,791
Truck978211,2443,2224,3290,3946,656
Truck978959,3119,2443,3520,3946,426
Truck979171,2443,2567,3590,3946,356
Truck980206,2943,2942,3910,3946,36
Truck979676,2777,2942,3745,3947,202
Truck972504,1339,1338,1505,3948,2443
Truck978134,2567,2566,3265,3948,683
Truck978331,2776,2683,3325,3948,623
Truck978835,2443,2942,3485,3948,463
Truck979120,0,2443,3575,3948,373
Truck979515,2776,2443,3695,3948,253
Truck979612,2777,2942,3725,3948,223
Truck979641,2224,3119,3735,3948,213
Truck980159,3119,2942,3895,3949,54
Truck978443,2776,2942,3360,3950,590
Truck980222,2943,2942,3915,3950,35
Truck977830,2567,3119,3170,3951,781
Truck978037,2566,2443,3235,3951,716
Truck979490,2225,2443,3690,3951,261
Truck979580,2777,2942,3715,3951,236
Truck977712,0,3119,3135,3952,817
Truck978845,2942,2443,3485,3952,467
Truck979561,2224,2942,3710,3952,242
Truck979162,2684,0,3585,3953,368
Truck979485,2942,2777,3685,3953,268
Truck979545,2224,2942,3705,3953,248
Truck980202,2684,2443,3910,3953,43
Truck972481,1338,2443,1500,3954,2454
Truck977193,2224,2567,2970,3954,984
Truck977861,2566,2567,3180,3955,775
Truck978925,2942,2443,3510,3955,445
Truck980238,2943,2942,3920,3955,35
Truck977800,1339,2942,3160,3956,796
Truck978117,2566,2443,3260,3956,696
Truck980175,3119,2942,3900,3956,56
Truck977751,2683,3119,3145,3957,812
Truck977917,2942,1339,3195,3957,762
Truck978101,2566,2443,3255,3957,702
Truck978544,0,2444,3395,3957,562
Truck977831,2683,2942,3170,3958,788
Truck977910,2567,2942,3195,3958,763
Truck977065,2224,2567,2930,3960,1030
Truck978088,1339,2942,3250,3961,711
Truck978587,2776,1339,3405,3961,556
Truck978699,2776,2567,3440,3961,521
Truck979437,2942,2224,3670,3961,291
Truck979474,2225,2443,3685,3961,276
Truck980254,2943,2942,3925,3961,36
Truck978772,2444,2443,3465,3962,497
Truck978165,2566,2443,3275,3963,688
Truck979298,2225,2683,3630,3963,333
Truck979754,2684,2776,3770,3963,193
Truck978831,3119,2443,3480,3964,484
Truck978895,3119,2443,3500,3964,464
Truck979692,2777,2942,3750,3964,214
Truck980234,2684,2443,3920,3964,44
Truck972611,2443,1338,1540,3965,2425
Truck978660,2444,2443,3430,3965,535
Truck972577,1338,2443,1530,3966,2436
Truck979416,1339,2225,3665,3966,301
Truck979628,2777,2942,3730,3966,236
Truck980270,2943,2942,3930,3966,36
Truck972774,2567,1338,1590,3967,2377
Truck978724,2444,0,3450,3967,517
Truck978786,2225,2566,3470,3967,497
Truck980360,1339,2567,3960,3967,7
Truck976983,2683,2224,2905,3968,1063
Truck978048,0,2942,3240,3968,728
Truck978911,3119,2443,3505,3968,463
Truck979442,2225,2443,3675,3968,293
Truck979660,2777,2942,3740,3969,229
Truck979708,2777,2943,3755,3969,214
Truck973409,1338,2566,1790,3970,2180
Truck978313,2224,2443,3320,3970,650
Truck978201,2224,2443,3285,3971,686
Truck980286,2943,2942,3935,3971,36
Truck979287,2683,2225,3625,3972,347
Truck979506,2225,2444,3695,3972,277
Truck979596,2777,2942,3720,3972,252
Truck978938,2684,3119,3515,3973,458
Truck973185,1338,2443,1720,3974,2254
Truck977784,1339,3119,3155,3974,819
Truck978085,2566,0,3250,3974,724
Truck979187,2443,2567,3595,3974,379
Truck979570,2225,2443,3715,3974,259
Truck978005,2566,2443,3225,3975,750
Truck978715,2776,2683,3445,3975,530
Truck979426,2225,2443,3670,3975,305
Truck980302,2943,2942,3940,3975,35
Truck978217,2224,2443,3290,3976,686
Truck978883,2443,2444,3500,3976,476
Truck980167,2683,0,3900,3976,76
Truck972673,1338,2443,1560,3977,2417
Truck972912,0,1338,1635,3977,2342
Truck978799,3119,2443,3470,3977,507
Truck977759,3119,2567,3145,3978,833
Truck978571,2776,2567,3400,3978,578
Truck980160,0,2683,3900,3978,78
Truck978013,2942,2567,3225,3979,754
Truck978523,2776,2683,3385,3979,594
Truck980282,2684,2443,3935,3979,44
Truck978475,2776,2942,3370,3980,610
Truck978943,3119,2443,3515,3980,465
Truck977727,3119,0,3135,3981,846
Truck979529,2224,2942,3700,3981,281
Truck979602,2225,2444,3725,3981,256
Truck978580,2444,2443,3405,3982,577
Truck978635,2776,1339,3420,3982,562
Truck979021,2942,2443,3540,3982,442
Truck979098,2684,2683,3565,3982,417
Truck980318,2943,2942,3945,3982,37
Truck972593,1338,2567,1535,3983,2448
Truck972710,2567,1338,1570,3983,2413
Truck977773,2942,2683,3150,3983,833
Truck978096,0,2942,3255,3983,728
Truck979538,2225,1339,3705,3983,278
Truck978979,2443,2942,3530,3984,454
Truck977863,2683,2942,3180,3985,805
Truck977869,2942,1339,3180,3985,805
Truck979370,2684,0,3650,3985,335
Truck979593,2224,2942,3720,3985,265
Truck979644,2777,2942,3735,3985,250
Truck973009,1338,2443,1665,3987,2322
Truck978441,2224,2443,3360,3987,627
Truck979586,2225,2443,3720,3987,267
Truck979820,2777,2942,3790,3987,197
Truck980334,2943,2942,3950,3987,37
Truck980307,2443,2684,3945,3988,43
Truck979625,2224,2942,3730,3990,260
Truck980230,2567,2683,3920,3990,70
Truck972897,1338,2443,1630,3991,2361
Truck977799,2683,2566,3160,3991,831
Truck978051,2443,2566,3240,3991,751
Truck978197,2566,2443,3285,3991,706
Truck980350,2943,2942,3955,3991,36
Truck978688,0,2444,3440,3992,552
Truck978836,2444,2443,3485,3992,507
Truck979724,2777,2942,3760,3992,232
Truck978989,2942,2443,3530,3993,463
Truck979813,2566,2444,3790,3994,204
Truck972513,1338,2443,1510,3995,2485
Truck974276,2444,1338,2060,3995,1935
Truck978089,2224,2443,3250,3995,745
Truck978651,2776,0,3425,3995,570
Truck978676,2444,2443,3435,3995,560
Truck979411,2443,1339,3665,3995,330
Truck979755,2776,2684,3770,3995,225
Truck980303,3119,2942,3940,3995,55
Truck978648,1339,2776,3425,3996,571
Truck980366,2943,2942,3960,3996,36
Truck978553,2224,2684,3395,3997,602
Truck973905,1338,2566,1945,3998,2053
Truck978788,2444,2443,3470,3998,528
Truck979609,2224,2942,3725,3998,273
Truck979836,2777,2942,3795,3998,203
Truck980346,2684,2443,3955,3998,43
Truck979666,2225,2443,3745,3999,254
Truck980381,2942,2943,3965,3999,34
Truck979634,2225,0,3735,4000,265
Truck980317,2942,3119,3945,4000,55
Truck978277,2566,2443,3310,4001,691
Truck979395,2443,2683,3660,4001,341
Truck979670,2567,2225,3745,4001,256
Truck980382,2943,2942,3965,4001,36
Truck978345,2224,2443,3330,4002,672
Truck978646,2567,2776,3425,4002,577
Truck978820,2444,0,3480,4003,523
Truck979843,2443,2776,3800,4003,203
Truck977976,1339,2942,3215,4004,789
Truck978859,2776,2567,3490,4004,514
Truck979756,2777,2942,3770,4004,234
Truck979788,2777,2942,3780,4004,224
Truck977775,3119,1339,3150,4005,855
Truck978415,3119,2776,3350,4005,655
Truck979773,2942,2777,3775,4006,231
Truck980398,2943,2942,3970,4006,36
Truck978038,2567,2942,3235,4007,772
Truck979290,2684,2942,3625,4007,382
Truck979346,2225,2683,3645,4007,362
Truck979762,2225,2443,3775,4007,232
Truck978120,1339,2566,3260,4009,749
Truck978747,2776,0,3455,4009,554
Truck979740,2777,2942,3765,4009,244
Truck979314,2225,2683,3635,4010,375
Truck979714,2225,2567,3760,4010,250
Truck979772,2777,2942,3775,4010,235
Truck980378,2684,2443,3965,4010,45
Truck980413,2942,2943,3975,4010,35
Truck972865,1338,2443,1620,4011,2391
Truck977289,2224,0,3000,4011,1011
Truck977851,2776,2224,3175,4011,836
Truck978325,2566,1339,3325,4011,686
Truck978760,1339,2444,3460,4011,551
Truck979394,2225,2683,3660,4011,351
Truck979475,2443,2567,3685,4011,326
Truck980414,2943,2942,3975,4011,36
Truck978680,1339,2776,3435,4012,577
Truck978791,2683,2444,3470,4012,542
Truck978887,2683,2444,3500,4012,512
Truck980480,0,1339,4000,4012,12
Truck972449,1338,0,1490,4013,2523
Truck978615,2683,2444,3415,4013,598
Truck978991,3119,2443,3530,4013,483
Truck980312,1339,2683,3945,4013,68
Truck977033,2224,1339,2920,4014,1094
Truck979606,2567,2225,3725,4014,289
Truck978011,2776,2224,3225,4015,790
Truck979434,2684,2567,3670,4015,345
Truck980367,3119,2942,3960,4015,55
Truck977296,0,2224,3005,4016,1011
Truck978259,2443,2224,3305,4016,711
Truck972887,2683,1338,1625,4017,2392
Truck978181,2566,2443,3280,4017,737
Truck978996,2444,0,3535,4017,482
Truck979055,3119,2443,3550,4018,468
Truck979400,1339,2684,3660,4018,358
Truck980403,2443,2684,3975,4018,43
Truck980410,2684,2443,3975,4019,44
Truck980445,2942,2943,3985,4019,34
Truck972806,2567,1338,1600,4020,2420
Truck977337,2224,2567,3015,4020,1005
Truck978176,0,2942,3280,4020,740
Truck978229,2566,2443,3295,4020,725
Truck978189,2942,0,3280,4021,741
Truck978261,2566,2443,3305,4021,716
Truck980344,1339,2683,3955,4021,66
Truck972583,2683,1338,1530,4022,2492
Truck977926,2567,3119,3200,4022,822
Truck979730,2225,2567,3765,4022,257
Truck980327,2683,2567,3950,4022,72
Truck980446,2943,2942,3985,4022,37
Truck980520,1339,0,4010,4022,12
Truck980534,2567,1339,4015,4022,7
Truck972135,2683,1338,1390,4023,2633
Truck978899,2443,3119,3505,4024,519
Truck979146,2684,3119,3580,4024,444
Truck980461,2942,2943,3990,4024,34
Truck980496,0,2567,4005,4024,19
Truck978806,2567,2776,3475,4025,550
Truck978868,2444,2443,3495,4025,530
Truck979698,2225,2443,3755,4025,270
Truck980462,2943,2942,3990,4025,35
Truck979011,2443,2444,3540,4026,486
Truck979826,2225,2443,3795,4026,231
Truck978489,2224,2684,3375,4027,652
Truck979043,2443,2942,3550,4027,477
Truck979135,3119,2443,3575,4027,452
Truck979194,2684,3119,3595,4027,432
Truck980552,1339,2567,4020,4027,7
Truck972689,1338,2443,1565,4028,2463
Truck978064,0,3119,3245,4028,783
Truck978838,2567,2444,3485,4028,543
Truck980320,0,2683,3950,4028,78
Truck980442,2684,2443,3985,4028,43
Truck978086,2567,2942,3250,4029,779
Truck978483,2443,2224,3375,4029,654
Truck978555,2776,2942,3395,4029,634
Truck978916,2444,2443,3510,4029,519
Truck979367,2683,2684,3650,4029,379
Truck979478,2567,2443,3685,4029,344
Truck979650,2225,0,3740,4029,289
Truck978346,2684,2224,3330,4030,700
Truck978781,2942,2776,3465,4030,565
Truck979155,2443,2942,3585,4030,445
Truck977942,2567,3119,3205,4031,826
Truck978824,1339,2444,3480,4031,551
Truck980415,3119,2942,3975,4031,56
Truck980478,2943,2942,3995,4031,36
Truck979868,2777,2942,3805,4032,227
Truck972305,1338,2443,1445,4033,2588
Truck979522,2225,2683,3700,4033,333
Truck979731,2443,1339,3765,4033,268
Truck979835,2776,2443,3795,4033,238
Truck980041,2224,3119,3860,4033,173
Truck978361,2224,2443,3335,4034,699
Truck978955,2776,2942,3520,4034,514
Truck979293,2942,2443,3625,4034,409
Truck973137,1338,2443,1705,4035,2330
Truck978373,2566,2443,3340,4035,695
Truck978491,2776,3119,3375,4035,660
Truck978932,2444,0,3515,4035,520
Truck979203,2443,2942,3600,4035,435
Truck978421,2566,0,3355,4036,681
Truck978827,2776,2942,3480,4036,556
Truck979804,2777,2942,3785,4036,251
Truck980494,2943,2942,4000,4036,36
Truck979900,2777,2942,3815,4037,222
Truck979916,2777,2943,3820,4037,217
Truck978159,3119,1339,3270,4038,768
Truck978378,2684,2224,3340,4039,699
Truck978535,2683,2444,3390,4039,649
Truck979789,2942,2224,3780,4039,259
Truck980474,2684,2443,3995,4039,44
Truck978183,2683,2942,3280,4040,760
Truck978230,2567,2942,3295,4040,745
Truck978281,2224,2684,3310,4040,730
Truck979319,2683,2684,3635,4040,405
Truck979368,1339,2684,3650,4040,390
Truck979931,2776,2443,3825,4040,215
Truck980510,2943,2942,4005,4040,35
Truck972641,1338,2443,1550,4041,2491
Truck972864,0,1338,1620,4041,2421
Truck978007,2683,2942,3225,4042,817
Truck979007,3119,2443,3535,4042,507
Truck979511,2683,2225,3695,4042,347
Truck978213,2566,0,3290,4043,753
Truck978265,2224,2443,3305,4043,738
Truck978278,2567,2942,3310,4043,733
Truck978948,2444,2443,3520,4043,523
Truck978039,2683,2942,3235,4044,809
Truck979721,2224,2942,3760,4045,285
Truck980012,2777,2942,3850,4045,195
Truck972503,2683,1338,1505,4046,2541
Truck977304,1339,2224,3005,4046,1041
Truck979805,2942,2224,3785,4046,261
Truck980526,2943,2942,4010,4046,36
Truck979048,1339,2444,3550,4047,497
Truck979418,2684,2942,3665,4047,382
Truck979624,1339,2443,3730,4048,318
Truck979887,3119,2224,3810,4048,238
Truck972534,2567,1338,1515,4049,2534
Truck978070,2567,2942,3245,4049,804
Truck978980,2444,2443,3530,4049,519
Truck979092,2444,2443,3565,4049,484
Truck972993,1338,2567,1660,4050,2390
Truck977981,2942,2683,3215,4050,835
Truck978923,2776,2942,3510,4050,540
Truck977360,0,2224,3025,4051,1026
Truck977879,2683,2566,3185,4051,866
Truck978389,2566,2443,3345,4051,706
Truck979635,2443,1339,3735,4051,316
Truck980542,2943,2942,4015,4051,36
Truck974772,2444,1338,2215,4052,1837
Truck978077,2942,2683,3245,4052,807
Truck979979,2776,2443,3840,4052,212
Truck980608,0,1339,4040,4052,12
Truck979338,2684,0,3640,4053,413
Truck979744,0,2225,3770,4054,284
Truck979554,2225,2683,3710,4055,345
Truck979656,1339,2443,3740,4055,315
Truck980558,2943,2942,4020,4055,35
Truck979357,2942,2443,3645,4056,411
Truck979778,2225,2444,3780,4056,276
Truck979884,2777,2942,3810,4056,246
Truck979964,2777,2942,3835,4056,221
Truck973041,1338,2443,1675,4057,2382
Truck974021,2566,1338,1980,4057,2077
Truck977504,0,2224,3070,4057,987
Truck978227,2443,2566,3295,4057,762
Truck978811,2776,2567,3475,4057,582
Truck979482,2684,2567,3685,4057,372
Truck980632,1339,0,4045,4057,12
Truck979810,2225,2444,3790,4058,268
Truck978216,1339,2566,3290,4059,769
Truck979046,2567,2776,3550,4059,509
Truck979389,2942,2443,3655,4059,404
Truck977303,2683,2224,3005,4061,1056
Truck979014,2567,2444,3540,4061,521
Truck979099,2776,2567,3565,4061,496
Truck979373,2942,2443,3650,4061,411
Truck980574,2943,2942,4025,4061,36
Truck977385,2224,2567,3030,4062,1032
Truck979891,2443,2225,3815,4062,247
Truck980554,2684,2443,4020,4062,42
Truck977544,1339,2224,3080,4063,983
Truck978393,2224,2443,3345,4063,718
Truck979795,2443,2225,3785,4063,278
Truck979878,2567,2225,3810,4063,253
Truck980662,2567,1339,4055,4063,8
Truck973557,2566,1338,1835,4064,2229
Truck978473,2224,2443,3370,4064,694
Truck979231,3119,2443,3605,4065,460
Truck980487,2683,1339,4000,4065,65
Truck979842,2225,2443,3800,4067,267
Truck980590,2943,2942,4030,4067,37
Truck978263,2683,2566,3305,4068,763
Truck978293,2566,2443,3315,4068,753
Truck979261,2942,2443,3615,4068,453
Truck979347,2443,2942,3645,4068,423
Truck979852,2777,2942,3800,4068,268
Truck980640,0,2567,4050,4068,18
Truck978891,2776,2942,3500,4069,569
Truck979282,2225,2566,3625,4069,444
Truck979421,2942,2443,3665,4069,404
Truck979827,2443,2225,3795,4069,274
Truck979858,2225,2443,3805,4069,264
Truck977990,2567,3119,3220,4070,850
Truck979044,2444,1339,3550,4070,520
Truck974452,2444,1338,2115,4071,1956
Truck979881,2224,2942,3810,4071,261
Truck979972,2444,2566,3840,4071,231
Truck980503,2683,1339,4005,4071,66
Truck978279,2683,2942,3310,4072,762
Truck978329,2224,2443,3325,4072,747
Truck978381,2942,2683,3340,4072,732
Truck979574,2567,2684,3715,4072,357
Truck973201,1338,2443,1725,4073,2348
Truck980579,2443,2684,4030,4073,43
Truck978152,1339,3119,3270,4074,804
Truck979012,2444,1339,3540,4074,534
Truck979189,2566,2225,3595,4074,479
Truck979932,2777,2942,3825,4074,249
Truck978517,2566,2443,3385,4075,690
Truck979948,2777,2942,3830,4075,245
Truck980076,2777,2942,3870,4076,206
Truck980622,2943,2942,4040,4076,36
Truck979917,2942,2224,3820,4077,257
Truck980559,3119,2942,4020,4077,57
Truck972769,1338,2443,1590,4078,2488
Truck973235,2443,1338,1735,4079,2344
Truck979133,2942,2443,3575,4079,504
Truck979897,2224,2942,3815,4079,264
Truck980212,2444,2566,3915,4079,164
Truck980060,2777,2942,3865,4080,215
Truck980638,2943,2942,4045,4080,35
Truck972801,1338,2443,1600,4081,2481
Truck979199,3119,2443,3595,4082,487
Truck978896,0,2444,3505,4083,578
Truck979343,3119,2684,3640,4083,443
Truck979651,2443,2567,3740,4083,343
Truck978505,2224,2443,3380,4084,704
Truck979655,2683,2443,3740,4084,344
Truck980618,2684,2443,4040,4084,44
Truck978288,0,2566,3315,4085,770
Truck978888,1339,2776,3500,4085,585
Truck979076,2444,2443,3560,4085,525
Truck979980,2777,2942,3840,4085,245
Truck980654,2943,2942,4050,4085,35
Truck973025,1338,2443,1670,4086,2416
Truck973745,1338,2225,1895,4086,2191
Truck978907,2776,2942,3505,4086,581
Truck979530,2684,2942,3700,4086,386
Truck979715,2443,2567,3760,4086,326
Truck978627,2443,2224,3420,4087,667
Truck979494,2567,2684,3690,4087,397
Truck979690,2684,0,3750,4087,337
Truck978141,2942,2683,3265,4088,823
Truck978469,2566,2443,3370,4088,718
Truck978763,2776,2683,3460,4088,628
Truck979405,2942,2443,3660,4088,428
Truck979760,0,2225,3775,4088,313
Truck979890,2225,2567,3815,4088,273
Truck973313,1338,2443,1760,4089,2329
Truck977606,2567,2224,3100,4089,989
Truck978528,0,2566,3390,4089,699
Truck979996,2777,2942,3845,4089,244
Truck977609,2224,2567,3100,4090,990
Truck978133,2566,2683,3265,4090,825
Truck978533,2566,2443,3390,4090,700
Truck980068,2444,2566,3870,4090,220
Truck980669,2942,2943,4055,4090,35
Truck980670,2943,2942,4055,4090,35
Truck978118,2567,2942,3260,4091,831
Truck979986,2225,2443,3845,4092,247
Truck980204,2777,2943,3910,4092,182
Truck980736,0,1339,4080,4092,12
Truck972737,1338,2443,1580,4093,2513
Truck979544,1339,2684,3705,4093,388
Truck980044,2777,2942,3860,4093,233
Truck980528,0,2683,4015,4093,78
Truck980720,0,2567,4075,4093,18
Truck980758,2567,1339,4085,4093,8
Truck978440,1339,2942,3360,4094,734
Truck978856,1339,2776,3490,4094,604
Truck979865,2224,2942,3805,4095,290
Truck979922,2225,0,3825,4095,270
Truck979971,2443,2225,3840,4095,255
Truck980092,2777,2943,3875,4095,220
Truck980155,2776,2684,3895,4095,200
Truck980583,2683,1339,4030,4095,65
Truck980686,2943,2942,4060,4095,35
Truck978409,2224,2443,3350,4096,746
Truck978617,2224,2443,3415,4096,681
Truck979906,2225,0,3820,4096,276
Truck980028,2777,2942,3855,4096,241
Truck979993,2224,2942,3845,4097,252
Truck974113,1338,2225,2010,4098,2088
Truck979263,3119,2443,3615,4098,483
Truck979608,1339,2684,3725,4098,373
Truck979779,2443,1339,3780,4098,318
Truck978071,2683,3119,3245,4099,854
Truck978437,2566,2443,3360,4099,739
Truck979466,2684,2942,3680,4099,419
Truck979672,1339,2684,3745,4099,354
Truck979699,2443,2683,3755,4099,344
Truck977344,0,2224,3020,4100,1080
Truck979108,2444,2443,3570,4100,530
Truck979763,2443,2567,3775,4100,325
Truck980149,2566,2444,3895,4100,205
Truck979970,2225,2443,3840,4101,261
Truck980702,2943,2942,4065,4101,36
Truck978438,2567,2942,3360,4102,742
Truck979642,2684,2567,3735,4102,367
Truck980768,0,1339,4090,4102,12
Truck973127,2683,1338,1700,4104,2404
Truck978245,2566,2683,3300,4104,804
Truck978939,2776,2942,3515,4105,590
Truck979037,2942,2776,3545,4105,560
Truck980140,2777,2942,3890,4106,216
Truck980718,2943,2942,4070,4106,36
Truck978681,2224,2443,3435,4107,672
Truck978971,2776,2942,3525,4107,582
Truck979270,2567,2444,3620,4107,487
Truck979501,2942,2443,3690,4107,417
Truck980599,2683,2567,4035,4107,72
Truck978709,2566,2443,3445,4108,663
Truck980186,2684,2776,3905,4108,203
Truck979119,3119,2443,3570,4109,539
Truck979204,2444,2443,3600,4109,509
Truck980188,2777,2942,3905,4109,204
Truck978520,1339,2566,3385,4110,725
Truck979123,2443,2444,3575,4110,535
Truck980156,2777,2942,3895,4110,215
Truck978987,2776,2683,3530,4111,581
Truck980185,2224,3119,3905,4111,206
Truck979747,2443,2683,3770,4112,342
Truck980038,2567,2225,3860,4112,252
Truck980734,2943,2942,4075,4112,37
Truck978352,0,2942,3335,4113,778
Truck978400,0,2942,3350,4113,763
Truck978875,2776,2567,3495,4113,618
Truck979056,0,2776,3555,4113,558
Truck979626,2684,2942,3730,4113,383
Truck979565,2942,2443,3710,4114,404
Truck979613,2942,2684,3725,4114,389
Truck979658,2684,2942,3740,4114,374
Truck980714,2684,2443,4070,4114,44
Truck973089,1338,1339,1690,4115,2425
Truck974117,2566,1338,2010,4115,2105
Truck978208,0,2942,3290,4115,825
Truck978581,2566,2443,3405,4115,710
Truck979528,1339,2684,3700,4115,415
Truck977481,2224,2683,3060,4116,1056
Truck977513,2224,1339,3070,4116,1046
Truck978960,0,2776,3525,4116,591
Truck973890,2225,1338,1940,4117,2177
Truck980750,2943,2942,4080,4117,37
Truck978853,2566,2567,3490,4118,628
Truck980114,2225,2443,3885,4118,233
Truck978677,2566,2443,3435,4119,684
Truck979019,2776,0,3540,4119,579
Truck979847,2683,2225,3800,4119,319
Truck972625,1338,2443,1545,4120,2575
Truck978375,2683,2942,3340,4120,780
Truck978941,2942,2776,3515,4120,605
Truck980171,2776,2443,3900,4120,220
Truck977465,2224,1339,3055,4121,1066
Truck978453,2566,0,3365,4121,756
Truck978464,0,2942,3370,4121,751
Truck979341,2942,2443,3640,4121,481
Truck980766,2943,2942,4085,4121,36
Truck979738,2684,1339,3765,4122,357
Truck978184,1339,3119,3280,4123,843
Truck980098,2225,2443,3880,4123,243
Truck979062,2567,2776,3555,4124,569
Truck979252,2444,2443,3615,4124,509
Truck980123,2776,2443,3885,4124,239
Truck980172,2777,2942,3900,4124,224
Truck979034,2684,2224,3545,4125,580
Truck980124,2777,2942,3885,4125,240
Truck980663,2683,2567,4055,4125,70
Truck980746,2684,2443,4080,4125,45
Truck973473,1338,2443,1810,4126,2316
Truck978504,1339,2942,3380,4126,746
Truck979220,2444,2567,3605,4126,521
Truck979587,2443,2942,3720,4126,406
Truck979706,2684,2567,3755,4127,372
Truck980018,2225,2443,3855,4127,272
Truck980782,2943,2942,4090,4127,37
Truck978343,2683,2566,3330,4128,798
Truck977673,2224,1339,3120,4129,1009
Truck978185,2224,2776,3280,4129,849
Truck979238,2567,2444,3610,4129,519
Truck979923,2443,2225,3825,4129,304
Truck980034,2225,2443,3860,4129,269
Truck980735,3119,2942,4075,4129,54
Truck980762,2684,2443,4085,4129,44
Truck978384,0,3119,3345,4130,785
Truck979549,2942,2443,3705,4130,425
Truck978262,2567,2942,3305,4131,826
Truck978633,2224,2443,3420,4131,711
Truck980009,2224,2942,3850,4131,281
Truck980679,2683,2567,4060,4131,71
Truck980798,2943,2942,4095,4131,36
Truck978192,0,3119,3285,4132,847
Truck978659,2443,2224,3430,4132,702
Truck979156,2444,2443,3585,4132,547
Truck979366,2567,2444,3650,4132,482
Truck979623,2683,2684,3730,4132,402
Truck979949,2942,2224,3830,4132,302
Truck972657,1338,2683,1555,4133,2578
Truck979268,2444,2443,3620,4133,513
Truck980854,2567,0,4115,4134,19
Truck979051,2776,2683,3550,4135,585
Truck979533,2942,2443,3700,4135,435
Truck980105,2224,2942,3880,4135,255
Truck980778,2684,2443,4090,4135,45
Truck980814,2943,2942,4100,4135,35
Truck978661,2566,2443,3430,4136,706
Truck979407,3119,2684,3660,4136,476
Truck979094,2567,2776,3565,4137,572
Truck978480,0,2942,3375,4138,763
Truck979311,3119,2443,3630,4138,508
Truck979722,2684,1339,3760,4138,378
Truck979834,2684,2942,3795,4138,343
Truck980309,2566,2444,3945,4138,193
Truck979240,1339,2776,3610,4139,529
Truck980870,2567,0,4120,4139,19
Truck972945,1338,2443,1645,4140,2495
Truck973030,2567,1338,1670,4140,2470
Truck980291,2443,2776,3940,4140,200
Truck973329,1338,2443,1765,4141,2376
Truck978665,2224,2443,3430,4141,711
Truck979302,2567,2776,3630,4141,511
Truck979752,1339,2684,3770,4141,371
Truck980300,2777,2942,3940,4141,201
Truck980829,2942,2943,4105,4141,36
Truck980830,2943,2942,4105,4141,36
Truck978777,2224,2443,3465,4142,677
Truck979140,2444,1339,3580,4142,562
Truck973361,1338,1339,1775,4143,2368
Truck978725,2566,2443,3450,4143,693
Truck980108,2777,2942,3880,4143,263
Truck980810,2684,2443,4100,4143,43
Truck980920,1339,2567,4135,4143,8
Truck974081,1338,2225,2000,4144,2144
Truck977568,0,2224,3090,4144,1054
Truck978525,2942,2683,3385,4144,759
Truck978549,2566,2443,3395,4144,749
Truck979115,2776,2942,3570,4144,574
Truck980711,2683,2567,4070,4144,74
Truck980178,2225,2443,3905,4145,240
Truck980846,2943,2942,4110,4145,35
Truck977737,2224,2683,3140,4146,1006
Truck978397,2942,0,3345,4146,801
Truck979933,2942,2684,3825,4146,321
Truck980267,2776,2443,3930,4146,216
Truck978597,2566,2443,3410,4147,737
Truck979067,2776,2942,3555,4147,592
Truck979943,2683,2443,3830,4147,317
Truck980219,2776,2443,3915,4147,232
Truck972817,1338,1339,1605,4148,2543
Truck977734,2567,2224,3140,4148,1008
Truck979674,2684,2942,3745,4148,403
Truck980220,2777,2942,3915,4148,233
Truck980091,2776,2443,3875,4149,274
Truck980137,2224,2942,3890,4149,259
Truck978390,2567,2942,3345,4150,805
Truck979080,1339,2444,3560,4150,590
Truck978406,2567,3119,3350,4151,801
Truck980444,2777,2943,3985,4151,166
Truck980862,2943,2942,4115,4151,36
Truck974417,1338,2566,2105,4152,2047
Truck980842,2684,2443,4110,4152,42
Truck977639,2683,2224,3110,4153,1043
Truck978479,3119,0,3370,4153,783
Truck979083,2776,3119,3560,4153,593
Truck979661,2942,2443,3740,4153,413
Truck978629,2566,2443,3420,4154,734
Truck978969,2224,2443,3525,4155,630
Truck980006,2567,2443,3850,4155,305
Truck980775,2683,1339,4090,4155,65
Truck980878,2943,2942,4120,4155,35
Truck978937,2224,2443,3515,4156,641
Truck979811,2443,1339,3790,4156,366
Truck979987,2443,2567,3845,4156,311
Truck980293,2566,2444,3940,4156,216
Truck980332,2777,2942,3950,4156,206
Truck980815,3119,2942,4100,4156,56
Truck973280,0,1338,1750,4157,2407
Truck978153,2224,2776,3270,4157,887
Truck980966,2567,1339,4150,4157,7
Truck973169,1338,2443,1715,4159,2444
Truck979179,2776,2942,3590,4159,569
Truck979312,0,2444,3635,4159,524
Truck980082,2225,2444,3875,4159,284
Truck980831,3119,2942,4105,4159,54
Truck978761,2224,2443,3460,4160,700
Truck979364,2444,2443,3650,4160,510
Truck979491,2443,2942,3690,4160,470
Truck979619,2443,2942,3730,4160,430
Truck980361,2224,3119,3960,4160,200
Truck978552,1339,2942,3395,4161,766
Truck979954,2225,2683,3835,4161,326
Truck980235,2776,2443,3920,4161,241
Truck980894,2943,2942,4125,4161,36
Truck980984,1339,2567,4155,4161,6
Truck978951,2683,2776,3520,4162,642
Truck980000,0,2443,3850,4162,312
Truck980153,2224,2942,3895,4162,267
Truck980874,2684,2443,4120,4162,42
Truck980968,1339,0,4150,4162,12
Truck979938,2225,2683,3830,4163,333
Truck980050,2225,0,3865,4163,298
Truck980162,2225,2444,3900,4163,263
Truck980173,2942,2224,3900,4163,263
Truck977593,2224,2567,3095,4164,1069
Truck980002,2225,0,3850,4164,314
Truck978873,2224,2443,3495,4165,670
Truck979380,2444,2443,3655,4165,510
Truck980458,2684,2776,3990,4165,175
Truck980910,2943,2942,4130,4165,35
Truck978693,2566,2443,3440,4166,726
Truck979882,2684,2567,3810,4166,356
Truck979139,2443,2444,3580,4167,587
Truck980194,2225,2443,3910,4167,257
Truck980242,2225,2444,3925,4167,242
Truck980430,2943,2777,3980,4167,187
Truck980976,0,1339,4155,4167,12
Truck981000,1339,2567,4160,4167,7
Truck979318,2567,2444,3635,4168,533
Truck980316,2777,2942,3945,4168,223
Truck980998,2567,1339,4160,4168,8
Truck973345,1338,2443,1770,4169,2399
Truck973921,1338,2225,1950,4169,2219
Truck978151,2683,3119,3270,4170,900
Truck978712,1339,2566,3445,4170,725
Truck979946,2684,2567,3830,4170,340
Truck980003,2443,2683,3850,4170,320
Truck980299,2776,2443,3940,4170,230
Truck980926,2943,2942,4135,4170,35
Truck975252,2444,1338,2365,4171,1806
Truck979930,2684,1339,3825,4171,346
Truck974482,2225,1338,2125,4172,2047
Truck979978,2684,2942,3840,4172,332
Truck980244,2444,2225,3925,4172,247
Truck978557,2942,0,3395,4173,778
Truck979101,2942,2776,3565,4173,608
Truck980268,2777,2942,3930,4173,243
Truck980265,2224,2942,3930,4174,244
Truck978503,2683,2942,3380,4175,795
Truck978599,2683,2942,3410,4175,765
Truck979603,2443,2942,3725,4175,450
Truck979757,2942,2443,3770,4175,405
Truck972881,1338,2443,1625,4176,2551
Truck979994,2684,2567,3845,4176,331
Truck980130,2225,2443,3890,4176,286
Truck980942,2943,2942,4140,4176,36
Truck973121,1338,2683,1700,4178,2478
Truck979487,3119,2443,3685,4178,493
Truck980066,2225,1339,3870,4178,308
Truck980252,2777,2942,3925,4178,253
Truck979147,2776,2942,3580,4179,599
Truck973425,1338,2443,1795,4180,2385
Truck978631,2683,3119,3420,4180,760
Truck980284,2777,2942,3935,4180,245
Truck980922,2684,2443,4135,4180,45
Truck979840,0,2684,3800,4181,381
Truck980379,2776,2443,3965,4181,216
Truck980958,2943,2942,4145,4181,36
Truck973762,2225,1338,1900,4182,2282
Truck978741,2566,2443,3455,4182,727
Truck979131,2776,0,3575,4182,607
Truck979143,2683,2776,3580,4182,602
Truck979472,0,2776,3685,4182,497
Truck979818,2684,2942,3790,4182,392
Truck981048,1339,2567,4175,4182,7
Truck978519,2683,2566,3385,4183,798
Truck980217,2224,2942,3915,4183,268
Truck980855,2683,1339,4115,4183,68
Truck980938,2684,2443,4140,4183,43
Truck978717,2942,1339,3445,4184,739
Truck979348,2444,2443,3645,4184,539
Truck979856,0,2684,3805,4184,379
Truck980210,2225,0,3915,4184,269
Truck978800,0,2942,3475,4185,710
Truck978837,2566,0,3485,4185,700
Truck979316,2444,1339,3635,4185,550
Truck979555,2443,3119,3710,4185,475
Truck980974,2943,2942,4150,4185,35
Truck980412,2777,2942,3975,4186,211
Truck973585,1338,2443,1845,4187,2342
Truck978752,0,2942,3460,4187,727
Truck978901,2566,2443,3505,4187,682
Truck979284,2444,2443,3625,4187,562
Truck979303,2683,2444,3630,4187,557
Truck979683,2443,2942,3750,4187,437
Truck980236,2777,2942,3920,4187,267
Truck978645,2566,2567,3425,4188,763
Truck978885,2566,2443,3500,4188,688
Truck979444,2444,2443,3675,4188,513
Truck979460,2444,2443,3680,4189,509
Truck979512,1339,2444,3695,4189,494
Truck980146,2225,2443,3895,4189,294
Truck980226,2225,2443,3920,4189,269
Truck980370,2225,2443,3965,4189,224
Truck980310,2567,2225,3945,4190,245
Truck980990,2943,2942,4155,4190,35
Truck977769,2224,0,3150,4191,1041
Truck979492,2444,2443,3690,4191,501
Truck980888,1339,2683,4125,4191,66
Truck980989,2942,2943,4155,4191,36
Truck977880,1339,2224,3185,4192,1007
Truck979581,2942,2443,3715,4192,477
Truck979898,2684,1339,3815,4192,377
Truck981064,1339,0,4180,4192,12
Truck979816,1339,2684,3790,4193,403
Truck980258,2225,2443,3930,4193,263
Truck980357,2566,2444,3960,4193,233
Truck973233,1338,2567,1735,4194,2459
Truck973681,1338,2443,1875,4194,2319
Truck979682,2225,2566,3750,4194,444
Truck980313,2224,2942,3945,4194,249
Truck980970,2684,2443,4150,4194,44
Truck979195,2776,1339,3595,4195,600
Truck979677,2942,2443,3745,4195,450
Truck974018,2225,1338,1980,4196,2216
Truck977878,2567,2224,3185,4196,1011
Truck981006,2943,2942,4160,4196,36
Truck979412,2444,2443,3665,4197,532
Truck973376,0,1338,1780,4198,2418
Truck973592,1339,1338,1845,4199,2354
Truck978025,2224,1339,3230,4199,969
Truck978391,2683,3119,3345,4199,854
Truck979693,2942,2443,3750,4199,449
Truck980364,2777,2942,3960,4199,239
Truck978471,2683,2942,3370,4200,830
Truck979471,3119,2443,3680,4200,520
Truck980411,2776,2443,3975,4200,225
Truck981022,2943,2942,4165,4200,35
Truck973720,1339,1338,1885,4201,2316
Truck978534,2567,3119,3390,4201,811
Truck980249,2224,2942,3925,4201,276
Truck980386,2225,2567,3970,4201,231
Truck975217,1338,2444,2355,4202,1847
Truck977785,2224,1339,3155,4202,1047
Truck977975,2683,2224,3215,4202,987
Truck981096,1339,0,4190,4202,12
Truck973873,1338,2566,1935,4203,2268
Truck978701,2942,1339,3440,4204,764
Truck979392,0,2444,3660,4204,544
Truck979885,2942,2443,3810,4204,394
Truck980517,2566,2444,4010,4204,194
Truck980606,2943,2777,4035,4204,169
Truck979786,2684,3119,3780,4205,425
Truck980306,2225,2443,3945,4205,260
Truck978869,2566,2443,3495,4206,711
Truck979535,3119,2443,3700,4206,506
Truck980476,2777,2942,3995,4206,211
Truck981038,2943,2942,4170,4206,36
Truck978905,2224,2443,3505,4207,702
Truck980131,2443,0,3890,4207,317
Truck978867,2443,2566,3495,4208,713
Truck979223,2683,2776,3605,4208,603
Truck979571,2443,3119,3715,4208,493
Truck980067,2443,0,3870,4208,338
Truck980429,2942,2777,3980,4208,228
Truck979488,0,2776,3690,4209,519
Truck979968,0,2443,3840,4209,369
Truck980460,2777,2942,3990,4209,219
Truck979243,2776,0,3610,4210,600
Truck979797,2566,2225,3785,4210,425
Truck980428,2777,2942,3980,4210,230
Truck981054,2943,2942,4175,4210,35
Truck978672,0,2942,3435,4211,776
Truck978757,2566,2683,3460,4211,751
Truck978789,2566,2683,3470,4211,741
Truck979551,3119,2443,3705,4211,506
Truck979992,1339,2684,3845,4211,366
Truck980274,2225,2567,3935,4212,277
Truck980396,2777,2942,3970,4212,242
Truck980372,2444,2225,3965,4213,248
Truck980264,1339,2225,3930,4214,284
Truck980934,2567,2683,4140,4214,74
Truck979869,2942,2443,3805,4215,410
Truck979909,2566,2225,3820,4215,395
Truck980418,2225,2443,3980,4215,235
Truck980488,1339,2225,4000,4215,215
Truck980636,2777,2943,4045,4215,170
Truck974321,1338,2566,2075,4216,2141
Truck978407,2683,2942,3350,4216,866
Truck979065,2224,2684,3555,4216,661
Truck980524,2777,2942,4010,4216,206
Truck981070,2943,2942,4180,4216,36
Truck979435,2776,2567,3670,4217,547
Truck980128,0,2443,3890,4217,327
Truck980365,2942,2777,3960,4217,257
Truck974913,1338,2225,2260,4218,1958
Truck978805,2566,2443,3475,4218,743
Truck980119,2683,2225,3885,4218,333
Truck978832,0,2566,3485,4219,734
Truck979403,2776,2942,3660,4219,559
Truck981126,2567,0,4200,4219,19
Truck977798,2567,2224,3160,4220,1060
Truck979236,2444,2683,3610,4220,610
Truck979328,0,2776,3640,4220,580
Truck979653,2566,2225,3740,4220,480
Truck981023,3119,2942,4165,4220,55
Truck981086,2943,2942,4185,4220,35
Truck979325,2942,2776,3635,4221,586
Truck980290,2225,2443,3940,4221,281
Truck980304,0,2225,3945,4221,276
Truck979875,2443,2942,3810,4222,412
Truck979981,2942,2443,3840,4222,382
Truck980348,2777,2942,3955,4222,267
Truck980355,2443,2776,3960,4223,263
Truck980380,2777,2942,3965,4224,259
Truck978501,2566,2683,3380,4225,845
Truck979874,2225,2566,3810,4225,415
Truck980023,2683,2443,3855,4225,370
Truck979013,2566,2443,3540,4226,686
Truck979695,3119,2443,3750,4227,477
Truck980420,2444,2225,3980,4227,247
Truck980523,2776,2443,4010,4227,217
Truck981082,2684,2443,4185,4227,42
Truck978733,2942,2567,3450,4228,778
Truck980556,2777,2942,4020,4228,208
Truck980982,2567,2683,4155,4228,73
Truck978822,2567,2942,3480,4229,749
Truck978918,2567,2566,3510,4229,719
Truck979163,2776,3119,3585,4230,645
Truck973521,1338,2443,1825,4231,2406
Truck973777,1338,2567,1905,4231,2326
Truck978995,2443,2566,3535,4231,696
Truck979741,2942,2443,3765,4231,466
Truck981118,2943,2942,4195,4231,36
Truck978694,2567,3119,3440,4232,792
Truck980007,2683,2684,3850,4232,382
Truck980492,2777,2942,4000,4232,232
Truck973249,1338,2683,1740,4234,2494
Truck981098,2684,2443,4190,4234,44
Truck979583,3119,2443,3715,4235,520
Truck979823,3119,2684,3790,4235,445
Truck981134,2943,2942,4200,4235,35
Truck979001,2224,2684,3535,4236,701
Truck979339,2776,1339,3640,4236,596
Truck979592,1339,2776,3720,4237,517
Truck979700,2444,2443,3755,4237,482
Truck978511,3119,0,3380,4238,858
Truck978719,3119,1339,3445,4238,793
Truck979462,2567,2776,3680,4239,559
Truck980422,2567,2225,3980,4239,259
Truck979161,2224,2443,3585,4240,655
Truck979255,2683,2444,3615,4240,625
Truck979859,2443,2942,3805,4240,435
Truck981114,2684,2443,4195,4240,45
Truck974001,1338,2443,1975,4241,2266
Truck978981,2566,2443,3530,4241,711
Truck979901,2942,2443,3815,4241,426
Truck978783,3119,0,3465,4242,777
Truck979221,2566,2443,3605,4242,637
Truck979241,2224,2443,3610,4242,632
Truck979636,2444,2443,3735,4242,507
Truck979668,2444,2443,3745,4242,497
Truck981150,2943,2942,4205,4242,37
Truck978537,2224,2776,3390,4243,853
Truck979503,3119,2443,3690,4243,553
Truck979588,2444,2443,3720,4243,523
Truck980667,2776,2443,4055,4243,188
Truck978637,2942,0,3420,4244,824
Truck979572,2444,2443,3715,4244,529
Truck974193,1338,2566,2035,4245,2210
Truck977894,2567,2224,3190,4245,1055
Truck978000,0,2224,3225,4245,1020
Truck978797,2942,1339,3470,4245,775
Truck979464,1339,2776,3680,4245,565
Truck979620,2444,0,3730,4246,516
Truck980466,2225,2443,3995,4246,251
Truck980508,2777,2942,4005,4246,241
Truck980509,2942,2777,4005,4246,241
Truck981166,2943,2942,4210,4246,36
Truck977703,2683,2224,3130,4247,1117
Truck979702,2567,2776,3755,4247,492
Truck979765,2566,2225,3775,4247,472
Truck978933,2566,2443,3515,4248,733
Truck979807,3119,2684,3785,4248,463
Truck981047,2683,2567,4175,4248,73
Truck979871,3119,2443,3805,4249,444
Truck980042,2684,2683,3860,4249,389
Truck980074,2684,1339,3870,4249,379
Truck978765,2942,0,3460,4250,790
Truck980275,2443,1339,3935,4250,315
Truck980578,2225,1339,4030,4250,220
Truck981119,3119,2942,4195,4250,55
Truck978953,2224,2443,3520,4251,731
Truck978965,2566,2443,3525,4251,726
Truck980555,2776,2443,4020,4251,231
Truck981182,2943,2942,4215,4251,36
Truck974801,1338,2566,2225,4252,2027
Truck977977,2224,1339,3215,4252,1037
Truck980553,2224,2942,4020,4252,232
Truck977920,0,2224,3200,4253,1053
Truck979576,1339,2776,3715,4253,538
Truck979780,2444,2443,3780,4253,473
Truck981162,2684,2443,4210,4253,43
Truck979355,2776,2942,3645,4254,609
Truck974213,2566,1338,2040,4255,2215
Truck978655,3119,1339,3425,4255,830
Truck979029,2566,2443,3545,4255,710
Truck979499,2776,2942,3690,4255,565
Truck979615,3119,2443,3725,4255,530
Truck980211,2443,0,3915,4255,340
Truck981198,2943,2942,4220,4255,35
Truck977913,2224,0,3195,4256,1061
Truck978678,2567,3119,3435,4256,821
Truck978917,2566,0,3510,4256,746
Truck980604,2777,2942,4035,4256,221
Truck973617,1338,0,1855,4257,2402
Truck974098,2225,1338,2005,4257,2252
Truck979141,2566,2443,3580,4257,677
Truck980588,2777,2942,4030,4257,227
Truck980338,2225,2444,3955,4258,303
Truck980387,2443,2567,3970,4258,288
Truck981178,2684,2443,4215,4258,43
Truck978879,3119,2567,3495,4259,764
Truck974693,2566,1338,2190,4260,2070
Truck978679,2683,3119,3435,4260,825
Truck973894,2567,1338,1940,4261,2321
Truck978687,3119,0,3435,4261,826
Truck980109,2942,2443,3880,4261,381
Truck981214,2943,2942,4225,4261,36
Truck978773,2566,2683,3465,4262,797
Truck981112,1339,2683,4195,4262,67
Truck981280,0,1339,4250,4262,12
Truck973265,1338,2443,1745,4263,2518
Truck973633,1338,2443,1860,4263,2403
Truck979647,3119,2443,3735,4263,528
Truck980434,2225,2443,3985,4263,278
Truck981194,2684,2443,4220,4263,43
Truck978992,0,2942,3535,4264,729
Truck980730,2684,2776,4075,4264,189
Truck979556,2444,2683,3710,4265,555
Truck979759,3119,2443,3770,4265,495
Truck979802,2684,3119,3785,4265,480
Truck980572,2777,2942,4025,4265,240
Truck981230,2943,2942,4230,4265,35
Truck978583,2683,3119,3405,4266,861
Truck979540,2444,1339,3705,4266,561
Truck980090,2684,2567,3875,4266,391
Truck979680,0,2776,3750,4267,517
Truck980536,1339,2225,4015,4267,252
Truck980540,2777,2942,4015,4267,252
Truck980665,2224,3119,4055,4267,212
Truck981304,1339,0,4255,4267,12
Truck973456,0,1338,1805,4269,2464
Truck979077,2566,0,3560,4269,709
Truck980323,2443,2567,3950,4269,319
Truck980858,2684,2776,4115,4269,154
Truck973537,1338,0,1830,4270,2440
Truck978839,2683,2942,3485,4270,785
Truck979061,2566,0,3555,4270,715
Truck979104,0,2566,3570,4270,700
Truck979177,2224,2443,3590,4270,680
Truck981246,2943,2942,4235,4270,35
Truck978973,2942,2567,3525,4271,746
Truck981144,1339,2683,4205,4271,66
Truck980215,2683,2684,3915,4272,357
Truck980651,2776,2684,4050,4272,222
Truck977961,2224,2683,3210,4273,1063
Truck981226,2684,2443,4230,4273,43
Truck980058,2684,2683,3865,4274,409
Truck978903,2683,2566,3505,4275,770
Truck978997,2566,2443,3535,4275,740
Truck980240,0,2684,3925,4275,350
Truck980826,2684,2776,4105,4275,170
Truck978008,1339,2224,3225,4276,1051
Truck979242,2684,2224,3610,4276,666
Truck981199,3119,2942,4220,4276,56
Truck981262,2943,2942,4240,4276,36
Truck979611,2776,0,3725,4277,552
Truck980652,2777,2942,4050,4277,227
Truck975153,1338,2566,2335,4278,1943
Truck978559,3119,1339,3395,4278,883
Truck979332,2444,2683,3640,4278,638
Truck979955,2443,2942,3835,4278,443
Truck980699,2776,2443,4065,4278,213
Truck980716,2777,2942,4070,4278,208
Truck980617,2224,2942,4040,4279,239
Truck980668,2777,2942,4055,4279,224
Truck981242,2684,2443,4235,4279,44
Truck979205,2566,2443,3600,4280,680
Truck979295,3119,2776,3625,4280,655
Truck979333,2566,2443,3640,4280,640
Truck979547,2776,2942,3705,4281,576
Truck979652,2444,2443,3740,4281,541
Truck980246,2567,2684,3925,4281,356
Truck980489,2224,2942,4000,4281,281
Truck981278,2943,2942,4245,4281,36
Truck978848,0,3119,3490,4282,792
Truck980745,2224,3119,4080,4282,202
Truck980795,2776,2684,4095,4282,187
Truck980250,2684,1339,3925,4283,358
Truck981334,2567,0,4265,4283,18
Truck973763,2443,1338,1900,4284,2384
Truck980243,2443,2567,3925,4284,359
Truck980314,2684,1339,3945,4284,339
Truck980547,2443,2225,4020,4284,264
Truck973457,1338,2443,1805,4285,2480
Truck978871,2683,2942,3495,4285,790
Truck979097,2224,2443,3565,4285,720
Truck979675,2776,2942,3745,4285,540
Truck981294,2943,2942,4250,4286,36
Truck978009,2224,2567,3225,4287,1062
Truck980684,2777,2942,4060,4287,227
Truck973527,2683,1338,1825,4288,2463
Truck979125,2566,1339,3575,4288,713
Truck980477,2942,2224,3995,4288,293
Truck980594,2225,2443,4035,4288,253
Truck978136,1339,2224,3265,4289,1024
Truck979030,2567,2942,3545,4289,744
Truck980111,3119,2684,3880,4289,409
Truck980642,2225,1339,4050,4289,239
Truck980649,2224,3119,4050,4289,239
Truck980783,3119,2224,4090,4289,199
Truck978166,2567,2224,3275,4290,1015
Truck980525,2942,2224,4010,4290,280
Truck978950,2567,3119,3520,4291,771
Truck979085,2942,1339,3560,4291,731
Truck979096,1339,2942,3565,4291,726
Truck979299,2443,2566,3630,4291,661
Truck979531,2776,2942,3700,4291,591
Truck979643,2776,0,3735,4291,556
Truck980627,2443,2776,4045,4291,246
Truck980643,2443,2776,4050,4291,241
Truck981310,2943,2942,4255,4291,36
Truck980266,2684,0,3930,4292,362
Truck980359,2683,2225,3960,4292,332
Truck979962,2684,3119,3835,4293,458
Truck980375,2683,2443,3965,4293,328
Truck980450,2225,0,3990,4293,303
Truck978880,0,2942,3500,4294,794
Truck979604,2444,2443,3725,4294,569
Truck980601,2224,2942,4035,4294,259
Truck980717,2942,2777,4070,4294,224
Truck981263,3119,2942,4240,4294,54
Truck980125,2942,2443,3885,4295,410
Truck980550,2567,2225,4020,4295,275
Truck980748,2777,2942,4080,4295,215
Truck980237,2942,2684,3920,4296,376
Truck980900,2444,2566,4130,4296,166
Truck981326,2943,2942,4260,4296,36
Truck973761,1338,0,1900,4297,2397
Truck974049,1338,2443,1990,4297,2307
Truck978949,2566,2443,3520,4297,777
Truck979371,2776,2942,3650,4297,647
Truck979711,3119,2443,3755,4297,542
Truck980610,2225,2443,4040,4297,257
Truck981184,0,2683,4220,4297,77
Truck973553,1338,2443,1835,4298,2463
Truck978889,2224,2776,3500,4298,798
Truck980732,2777,2942,4075,4298,223
Truck981299,2443,2684,4255,4298,43
Truck979627,2776,1339,3730,4299,569
Truck979999,3119,2443,3845,4299,454
Truck980692,2444,2225,4065,4299,234
Truck981206,2567,2683,4225,4299,74
Truck981306,2684,2443,4255,4299,44
Truck973665,1338,2443,1870,4300,2430
Truck978233,2224,2683,3295,4300,1005
Truck979965,2942,2443,3835,4300,465
Truck974163,2443,1338,2025,4301,2276
Truck978696,1339,3119,3440,4301,861
Truck978976,0,2942,3530,4301,771
Truck980620,2777,2942,4040,4301,261
Truck980747,2776,2443,4080,4301,221
Truck980780,2777,2942,4090,4301,211
Truck981342,2943,2942,4265,4301,36
Truck980530,2225,0,4015,4302,287
Truck980811,2776,2443,4100,4302,202
Truck981223,2683,2567,4230,4302,72
Truck973153,1338,1339,1710,4303,2593
Truck978711,2683,3119,3445,4303,858
Truck978967,2683,2942,3525,4303,778
Truck979632,0,2776,3735,4303,568
Truck973441,1338,1339,1800,4304,2504
Truck979091,2443,2566,3565,4305,740
Truck980384,0,2443,3970,4306,336
Truck980637,2942,2224,4045,4306,261
Truck973528,1339,1338,1825,4307,2482
Truck980514,2225,2443,4010,4307,297
Truck981295,3119,2942,4250,4307,57
Truck981358,2943,2942,4270,4307,37
Truck979524,2444,2683,3700,4308,608
Truck980482,2225,0,4000,4308,308
Truck980843,2776,2684,4110,4308,198
Truck978112,0,2224,3260,4309,1049
Truck978215,2683,2224,3290,4309,1019
Truck979305,2224,2443,3630,4309,679
Truck979767,2683,2444,3775,4309,534
Truck980764,2777,2942,4085,4309,224
Truck979045,2566,0,3550,4310,760
Truck979158,2567,2566,3585,4310,725
Truck979830,2567,2776,3795,4310,515
Truck980322,2225,2683,3950,4310,360
Truck981338,2684,2443,4265,4310,45
Truck981373,2942,2943,4275,4310,35
Truck981374,2943,2942,4275,4310,35
Truck973505,1338,2443,1820,4311,2491
Truck973809,1338,2443,1915,4311,2396
Truck978057,2224,1339,3240,4311,1071
Truck979184,0,2566,3595,4311,716
Truck979732,2444,2567,3765,4311,546
Truck979997,2942,2443,3845,4311,466
Truck980029,2942,2443,3855,4312,457
Truck980483,2443,1339,4000,4312,312
Truck979337,2224,2443,3640,4313,673
Truck979579,2776,2683,3715,4313,598
Truck979764,2444,2443,3775,4313,538
Truck980077,2942,2443,3870,4314,444
Truck980626,2225,2444,4045,4314,269
Truck980051,2443,2942,3865,4315,450
Truck981327,3119,2942,4260,4315,55
Truck979563,2776,2942,3710,4316,606
Truck979716,2444,0,3760,4316,556
Truck980562,2225,1339,4025,4316,291
Truck980700,2777,2942,4065,4316,251
Truck980853,2566,2444,4115,4316,201
Truck974097,1338,2443,2005,4318,2313
Truck979983,3119,2443,3840,4318,478
Truck981271,2683,2567,4245,4318,73
Truck981446,2567,0,4300,4318,18
Truck979157,2566,2443,3585,4319,734
Truck980253,2942,2684,3925,4319,394
Truck980715,2776,2443,4070,4319,249
Truck981370,2684,2443,4275,4319,44
Truck979876,2444,2443,3810,4320,510
Truck979860,2444,2443,3805,4321,516
Truck980851,2443,2776,4115,4321,206
Truck981406,2943,2942,4285,4321,36
Truck979402,2684,2224,3660,4322,662
Truck981386,2684,2443,4280,4322,42
Truck973702,2567,1338,1880,4323,2443
Truck975026,2225,1338,2295,4323,2028
Truck979224,1339,2942,3605,4323,718
Truck979684,2444,1339,3750,4323,573
Truck979739,2776,2942,3765,4323,558
Truck981264,0,2683,4245,4323,78
Truck979040,0,2942,3550,4324,774
Truck980722,2225,1339,4075,4324,249
Truck980876,2777,2942,4120,4324,204
Truck978792,1339,3119,3470,4325,855
Truck979828,2444,2443,3795,4325,530
Truck979064,1339,2942,3555,4326,771
Truck979253,2566,2443,3615,4326,711
Truck979912,1339,2444,3820,4326,506
Truck981422,2943,2942,4290,4326,36
Truck979181,2942,1339,3590,4327,737
Truck979285,2566,2443,3625,4327,702
Truck979796,2444,2443,3785,4327,542
Truck979144,1339,2942,3580,4328,748
Truck980770,2225,2443,4090,4328,238
Truck979273,2224,2443,3620,4329,709
Truck980407,2683,2443,3975,4330,355
Truck980812,2777,2942,4100,4330,230
Truck980892,2777,2942,4125,4330,205
Truck981438,2943,2942,4295,4330,35
Truck973729,1338,2443,1890,4331,2441
Truck980875,2776,2443,4120,4332,212
Truck981303,2683,0,4255,4332,77
Truck978731,2776,2224,3450,4333,883
Truck978999,2683,2566,3535,4333,798
Truck980330,2684,2942,3950,4333,383
Truck980844,2777,2942,4110,4333,223
Truck981488,0,2567,4315,4333,18
Truck980021,2566,2225,3855,4334,479
Truck980333,2942,2684,3950,4334,384
Truck980426,2684,2567,3980,4334,354
Truck980860,2777,2942,4115,4334,219
Truck979707,2776,0,3755,4335,580
Truck980205,2942,2443,3910,4335,425
Truck980231,2683,2684,3920,4335,415
Truck980546,2225,2683,4020,4335,315
Truck980802,2225,2443,4100,4335,235
Truck980980,2444,2566,4155,4335,180
Truck978829,2942,2683,3480,4336,856
Truck979149,2942,0,3580,4336,756
Truck979967,3119,2443,3835,4336,501
Truck980531,2443,1339,4015,4336,321
Truck981454,2943,2942,4300,4336,36
Truck974849,1338,2225,2240,4337,2097
Truck973713,1338,2443,1885,4338,2453
Truck978457,2224,1339,3365,4338,973
Truck979165,2942,2567,3585,4338,753
Truck979851,2776,2942,3800,4338,538
Truck980269,2942,2443,3930,4339,409
Truck980339,2443,0,3955,4339,384
Truck980349,2942,2684,3955,4339,384
Truck974017,1338,2443,1980,4340,2360
Truck974051,2443,1338,1990,4341,2351
Truck980883,2443,2776,4125,4341,216
Truck980891,2776,2684,4125,4341,216
Truck981470,2943,2942,4305,4341,36
Truck979915,2776,1339,3820,4342,522
Truck980852,2444,2225,4115,4342,227
Truck981335,2683,0,4265,4342,77
Truck978360,1339,2224,3335,4343,1008
Truck979812,2444,2443,3790,4343,553
Truck980147,2443,2942,3895,4343,448
Truck979063,2683,2942,3555,4344,789
Truck979207,2683,2942,3600,4345,745
Truck980796,2777,2942,4095,4345,250
Truck981384,1339,2683,4280,4345,65
Truck979974,2567,2776,3840,4346,506
Truck980400,0,2684,3975,4346,371
Truck980760,1339,2225,4085,4346,261
Truck981351,2683,0,4270,4346,76
Truck974993,1338,2566,2285,4347,2062
Truck975841,1338,2444,2550,4347,1797
Truck979078,2567,2942,3560,4347,787
Truck980031,3119,2443,3855,4347,492
Truck981552,0,1339,4335,4347,12
Truck973848,1339,1338,1925,4348,2423
Truck975956,2444,1338,2585,4348,1763
Truck979776,0,2776,3780,4348,568
Truck980969,2224,3119,4150,4348,198
Truck980218,2684,3119,3915,4349,434
Truck973969,1338,2443,1965,4350,2385
Truck978823,2683,3119,3480,4350,870
Truck973489,1338,0,1815,4351,2536
Truck981502,2943,2942,4315,4351,36
Truck979015,2683,2942,3540,4353,813
Truck980170,2684,3119,3900,4353,453
Truck973937,1338,2443,1955,4354,2399
Truck975089,1338,2566,2315,4354,2039
Truck978927,3119,0,3510,4354,844
Truck979093,2566,2443,3565,4354,789
Truck979277,2942,2567,3620,4354,734
Truck979703,2683,2776,3755,4354,599
Truck980828,2777,2942,4105,4354,249
Truck981558,2567,0,4335,4354,19
Truck973985,1338,2443,1970,4355,2385
Truck979463,2683,2776,3680,4355,675
Truck980850,2225,2443,4115,4355,240
Truck980957,2942,2777,4145,4355,210
Truck979541,2566,2443,3705,4356,651
Truck979557,2566,2443,3710,4356,646
Truck980179,2443,3119,3905,4356,451
Truck980646,2567,2443,4050,4356,306
Truck973971,2443,1338,1965,4357,2392
Truck981518,2943,2942,4320,4357,37
Truck978377,2224,0,3340,4358,1018
Truck979301,2566,2567,3630,4358,728
Truck980724,2444,2225,4075,4358,283
Truck980738,2225,2443,4080,4358,278
Truck980956,2777,2942,4145,4358,213
Truck979679,3119,2776,3745,4359,614
Truck980674,2225,2443,4060,4359,299
Truck973811,2443,1338,1915,4360,2445
Truck974802,2225,1338,2225,4360,2135
Truck980777,2224,2942,4090,4360,270
Truck974546,2225,1338,2145,4361,2216
Truck980362,2684,0,3960,4361,401
Truck980917,2566,2444,4135,4361,226
Truck981534,2943,2942,4325,4361,36
Truck973793,1338,2443,1910,4362,2452
Truck979079,2683,3119,3560,4362,802
Truck979381,2566,2443,3655,4362,707
Truck979645,2942,2776,3735,4362,627
Truck979723,2776,0,3760,4362,602
Truck979894,2567,2776,3815,4362,547
Truck979940,2444,2443,3830,4362,532
Truck981600,0,1339,4350,4362,12
Truck975412,2444,1338,2415,4363,1948
Truck979892,2444,2443,3815,4363,548
Truck980499,2443,0,4005,4363,358
Truck975892,2444,1338,2565,4364,1799
Truck978944,0,3119,3520,4364,844
Truck979229,2942,2567,3605,4364,759
Truck980191,3119,2684,3905,4364,459
Truck981487,3119,2942,4310,4364,54
Truck973841,1338,1339,1925,4365,2440
Truck978486,2567,2224,3375,4365,990
Truck981584,0,2567,4345,4365,20
Truck979413,2566,2443,3665,4366,701
Truck979497,2224,2443,3690,4366,676
Truck980223,3119,2684,3915,4366,451
Truck980675,2443,1339,4060,4366,306
Truck981550,2943,2942,4330,4366,36
Truck974497,1338,2566,2130,4367,2237
Truck979832,1339,2776,3795,4367,572
Truck979864,1339,2776,3805,4367,562
Truck980100,2444,2443,3880,4367,487
Truck980659,2443,2567,4055,4367,312
Truck979047,2683,2942,3550,4368,818
Truck979526,2567,2942,3700,4368,668
Truck979867,2776,2567,3805,4368,563
Truck980972,2777,2942,4150,4368,218
Truck980973,2942,2777,4150,4368,218
Truck973649,1338,2683,1865,4369,2504
Truck980882,2225,1339,4125,4369,244
Truck979559,2683,2776,3710,4370,660
Truck980941,2942,2224,4140,4370,230
Truck981566,2943,2942,4335,4370,35
Truck979256,1339,2566,3615,4371,756
Truck980354,2225,2566,3960,4371,411
Truck980866,2225,2444,4120,4371,251
Truck980898,2225,2567,4130,4371,241
Truck980940,2777,2942,4140,4371,231
Truck980953,2224,2942,4145,4371,226
Truck979430,2567,2942,3670,4372,702
Truck980634,2684,2567,4045,4372,327
Truck980813,2942,2224,4100,4372,272
Truck981640,1339,0,4360,4372,12
Truck980512,0,2684,4010,4373,363
Truck980672,0,2225,4060,4373,313
Truck981622,2567,0,4355,4373,18
Truck980301,2942,2443,3940,4374,434
Truck980834,2225,2443,4110,4374,264
Truck979349,2566,2443,3645,4375,730
Truck979883,2776,2942,3810,4376,566
Truck981582,2943,2942,4340,4376,36
Truck979152,0,2942,3585,4377,792
Truck979427,2443,2566,3670,4377,707
Truck981462,2567,2683,4305,4377,72
Truck981480,1339,2683,4310,4377,67
Truck981648,0,1339,4365,4377,12
Truck975572,2444,1338,2465,4378,1913
Truck979216,0,2566,3605,4378,773
Truck980987,2776,2443,4155,4379,224
Truck979924,2444,2443,3825,4380,555
Truck980394,2684,2942,3970,4380,410
Truck981535,3119,2942,4325,4380,55
Truck974209,1338,2567,2040,4381,2341
Truck980563,2443,1339,4025,4381,356
Truck979449,2224,2443,3675,4382,707
Truck980069,2566,2225,3870,4382,512
Truck980568,1339,2684,4025,4382,357
Truck980819,2443,1339,4105,4383,278
Truck981686,2567,1339,4375,4383,8
Truck974033,1338,2443,1985,4384,2399
Truck979237,2566,2443,3610,4384,774
Truck979815,2683,2444,3790,4384,594
Truck979995,2776,2567,3845,4384,539
Truck980921,2224,2942,4135,4384,249
Truck981083,2776,2443,4185,4384,199
Truck974753,1338,2225,2210,4385,2175
Truck979111,2683,2942,3570,4385,815
Truck980988,2777,2942,4155,4385,230
Truck981004,2777,2942,4160,4385,225
Truck978368,0,2224,3340,4386,1046
Truck980143,3119,2443,3890,4386,496
Truck980914,2225,2443,4135,4386,251
Truck981092,2444,2566,4190,4386,196
Truck981614,2943,2942,4350,4386,36
Truck978585,2224,1339,3405,4387,982
Truck979215,3119,1339,3600,4387,787
Truck981021,2942,2777,4165,4387,222
Truck981068,2777,2942,4180,4387,207
Truck973569,1338,2443,1840,4388,2548
Truck978247,2683,2224,3300,4388,1088
Truck980043,2776,3119,3860,4388,528
Truck980840,1339,2225,4110,4388,278
Truck981052,2777,2942,4175,4388,213
Truck973857,1338,1339,1930,4389,2459
Truck979803,2776,2942,3785,4389,604
Truck979908,2444,0,3820,4390,570
Truck980816,0,2225,4105,4390,285
Truck979928,1339,2444,3825,4391,566
Truck980095,3119,2443,3875,4391,516
Truck980930,2225,2443,4140,4391,251
Truck980964,2444,2566,4150,4391,241
Truck981630,2943,2942,4355,4391,36
Truck973601,1338,2443,1850,4392,2542
Truck973953,1338,2443,1960,4392,2432
Truck980522,2684,0,4010,4392,382
Truck981718,2567,1339,4385,4392,7
Truck979445,2566,2443,3675,4393,718
Truck981116,2777,2942,4195,4393,198
Truck973825,1338,2443,1920,4394,2474
Truck978310,2567,2224,3320,4394,1074
Truck979771,2776,2942,3775,4394,619
Truck980207,3119,2443,3910,4394,484
Truck980502,2567,2684,4005,4394,389
Truck980784,0,2225,4095,4394,299
Truck978569,2224,1339,3400,4395,995
Truck979910,2567,2776,3820,4395,575
Truck979988,2444,0,3845,4395,550
Truck980298,2684,3119,3940,4395,455
Truck981645,2942,2943,4360,4395,35
Truck981646,2943,2942,4360,4395,35
Truck979456,0,2942,3680,4396,716
Truck980027,2776,0,3855,4397,542
Truck980052,2444,2443,3865,4397,532
Truck980908,2777,2942,4130,4397,267
Truck981036,2777,2942,4170,4397,227
Truck981734,2567,1339,4390,4397,7
Truck974065,1338,2443,1995,4398,2403
Truck979286,2567,2942,3625,4398,773
Truck979523,2443,2224,3700,4398,698
Truck979899,2776,2567,3815,4398,583
Truck980490,2684,2942,4000,4398,398
Truck979081,2224,2776,3560,4399,839
Truck980180,2444,2443,3905,4399,494
Truck980939,2776,2443,4140,4399,259
Truck981001,2224,2942,4160,4399,239
Truck981511,2683,0,4320,4399,79
Truck980397,2942,2443,3970,4400,430
Truck981702,2567,0,4380,4400,20
Truck979446,2567,2942,3675,4401,726
Truck979493,2566,2443,3690,4401,711
Truck979960,1339,2776,3835,4401,566
Truck981100,2777,2942,4190,4401,211
Truck981662,2943,2942,4365,4401,36
Truck980506,2684,2683,4005,4402,397
Truck979174,2567,2942,3590,4403,813
Truck979288,1339,2942,3625,4403,778
Truck979379,2443,2566,3655,4404,749
Truck980084,2444,0,3875,4404,529
Truck981642,2684,2443,4360,4404,44
Truck980924,2777,2942,4135,4405,270
Truck981678,2943,2942,4370,4405,35
Truck979033,2224,2776,3545,4406,861
Truck980036,2444,2443,3860,4406,546
Truck981084,2777,2942,4185,4407,222
Truck979477,2566,2443,3685,4409,724
Truck980971,2776,2443,4150,4410,260
Truck981026,2225,1339,4170,4410,240
Truck981694,2943,2942,4375,4410,35
Truck979039,3119,2683,3545,4411,866
Truck980743,2683,2225,4080,4411,331
Truck979088,0,3119,3565,4413,848
Truck979963,2776,0,3835,4413,578
Truck980132,2444,2443,3890,4413,523
Truck980650,2684,0,4050,4413,363
Truck974994,2225,1338,2285,4414,2129
Truck980586,2684,1339,4030,4414,384
Truck981020,2777,2942,4165,4414,249
Truck980148,2444,2443,3895,4415,520
Truck980905,2224,2942,4130,4416,286
Truck981102,2943,2777,4190,4416,226
Truck981129,2224,3119,4200,4416,216
Truck979956,2444,1339,3835,4417,582
Truck980648,1339,2684,4050,4417,367
Truck980839,2683,2225,4110,4417,307
Truck981074,2225,2443,4185,4417,232
Truck981800,1339,2567,4410,4417,7
Truck979365,2566,2683,3650,4418,768
Truck980195,2443,3119,3910,4418,508
Truck980978,2225,0,4155,4418,263
Truck981123,2443,2776,4200,4418,218
Truck974088,1339,1338,2000,4419,2419
Truck978662,2567,2224,3430,4419,989
Truck979248,0,3119,3615,4419,804
Truck979408,0,2942,3665,4419,754
Truck979577,2224,2443,3715,4419,704
Truck979819,2776,2942,3790,4419,629
Truck980786,2225,1339,4095,4419,324
Truck979335,2683,3119,3640,4420,780
Truck980292,2444,2443,3940,4420,480
Truck974257,1338,2443,2055,4421,2366
Truck979440,0,2942,3675,4421,746
Truck979734,2567,2566,3765,4422,657
Truck980075,2776,2567,3870,4422,552
Truck980682,2684,2942,4060,4422,362
Truck981726,2943,2942,4385,4422,37
Truck981132,2777,2942,4200,4423,223
Truck979173,2566,2683,3590,4424,834
Truck979424,0,2942,3670,4425,755
Truck979429,2566,2443,3670,4426,756
Truck979461,2566,2443,3680,4426,746
Truck979469,2942,2567,3680,4426,746
Truck980096,0,2776,3880,4426,546
Truck980144,0,2444,3895,4426,531
Truck980451,2443,2942,3990,4426,436
Truck980899,2443,2567,4130,4426,296
Truck981148,2777,2942,4205,4426,221
Truck981742,2943,2942,4390,4426,36
Truck979443,2443,2566,3675,4427,752
Truck980287,3119,2443,3935,4427,492
Truck981154,2225,2443,4210,4427,217
Truck981195,2776,2684,4220,4427,207
Truck980500,2444,2443,4005,4428,423
Truck980979,2443,2225,4155,4428,273
Truck981133,2942,2777,4200,4428,228
Truck979539,2443,2224,3705,4429,724
Truck979637,2566,0,3735,4429,694
Truck980020,2444,2443,3855,4429,574
Truck980602,2684,2942,4035,4429,394
Truck980947,2443,1339,4145,4429,284
Truck981019,2776,2443,4165,4429,264
Truck978536,1339,2224,3390,4430,1040
Truck979844,2444,2683,3800,4430,630
Truck981757,2942,2943,4395,4430,35
Truck980116,2444,2443,3885,4431,546
Truck980399,3119,2443,3970,4431,461
Truck981758,2943,2942,4395,4431,36
Truck975188,2444,1338,2345,4432,2087
Truck979704,1339,2566,3755,4432,677
Truck979749,2566,2443,3770,4432,662
Truck980196,2444,2443,3910,4432,522
Truck981832,1339,0,4420,4432,12
Truck979517,2942,2567,3695,4433,738
Truck980946,2225,2443,4145,4433,288
Truck981131,2776,2443,4200,4433,233
Truck980727,2683,2225,4075,4434,359
Truck981130,2684,2776,4200,4434,234
Truck979259,2776,2224,3615,4435,820
Truck980004,2444,2443,3850,4435,585
Truck980061,2942,2776,3865,4435,570
Truck981731,2443,2684,4390,4435,45
Truck981774,2943,2942,4400,4435,35
Truck980319,3119,2443,3945,4436,491
Truck981058,2225,2443,4180,4436,256
Truck981639,2683,0,4360,4436,76
Truck980216,1339,2444,3915,4437,522
Truck980228,2444,2443,3920,4437,517
Truck978808,1339,2224,3475,4438,963
Truck979509,2566,2443,3695,4438,743
Truck980937,2224,2942,4140,4438,298
Truck980707,2443,1339,4070,4439,369
Truck980962,2225,1339,4150,4439,289
Truck981754,2684,2443,4395,4439,44
Truck979701,2566,2443,3755,4440,685
Truck981179,2776,2443,4215,4440,225
Truck979600,0,2942,3725,4441,716
Truck979947,2776,2942,3830,4441,611
Truck980011,2776,2942,3850,4441,591
Truck980055,2683,2444,3865,4441,576
Truck981307,2776,2443,4255,4441,186
Truck981790,2943,2942,4405,4441,36
Truck981880,1339,2567,4435,4442,7
Truck974933,2566,1338,2265,4443,2178
Truck981014,2567,2225,4165,4443,278
Truck981065,2224,2942,4180,4443,263
Truck979145,2224,2776,3580,4444,864
Truck979317,2566,2683,3635,4444,809
Truck979211,2776,2224,3600,4445,845
Truck979520,0,2942,3700,4445,745
Truck981164,2777,2942,4210,4445,235
Truck981846,2567,0,4425,4445,20
Truck981806,2943,2942,4410,4446,36
Truck974610,2225,1338,2165,4447,2282
Truck981279,3119,2224,4245,4447,202
Truck974486,2567,1338,2125,4448,2323
Truck980272,0,2444,3935,4448,513
Truck981142,2567,2225,4205,4448,243
Truck981894,2567,1339,4440,4448,8
Truck979239,2683,3119,3610,4449,839
Truck979351,2683,2566,3645,4449,804
Truck981228,2777,2942,4230,4449,219
Truck974067,2443,1338,1995,4450,2455
Truck979350,2567,3119,3645,4450,805
Truck980260,2444,2443,3930,4450,520
Truck980666,2684,2942,4055,4450,395
Truck981759,3119,2942,4395,4450,55
Truck981822,2943,2942,4415,4450,35
Truck980468,2444,2443,3995,4451,456
Truck980818,2225,2683,4105,4451,346
Truck981196,2777,2942,4220,4451,231
Truck974161,1338,2443,2025,4452,2427
Truck980184,1339,2776,3905,4452,547
Truck980383,3119,2443,3965,4452,487
Truck981359,3119,2224,4270,4453,183
Truck981010,2225,0,4165,4454,289
Truck979833,2224,2443,3795,4455,660
Truck980498,2225,2566,4005,4455,450
Truck981106,2225,0,4195,4455,260
Truck981163,2776,2443,4210,4455,245
Truck981838,2943,2942,4420,4455,35
Truck980463,3119,2443,3990,4456,466
Truck981180,2777,2942,4215,4456,241
Truck981912,1339,0,4445,4457,12
Truck974305,1338,2683,2070,4459,2389
Truck975317,2566,1338,2385,4460,2075
Truck980200,1339,2776,3910,4460,550
Truck980308,2444,2443,3945,4460,515
Truck979376,0,2942,3655,4461,806
Truck979510,2567,3119,3695,4461,766
Truck981854,2943,2942,4425,4461,36
Truck981834,2684,2443,4420,4462,42
Truck974145,1338,2567,2020,4463,2443
Truck981789,2942,3119,4405,4463,58
Truck974035,2443,1338,1985,4464,2479
Truck980374,2567,2776,3965,4464,499
Truck981090,2225,2567,4190,4464,274
Truck979304,1339,3119,3630,4465,835
Truck981282,2225,2443,4250,4465,215
Truck981870,2943,2942,4430,4465,35
Truck979525,2566,2567,3700,4466,766
Truck979861,2566,2443,3805,4466,661
Truck980515,2443,2942,4010,4466,456
Truck981170,2225,2443,4215,4466,251
Truck979275,2776,2224,3620,4467,847
Truck979685,2566,2567,3750,4468,718
Truck981138,2225,1339,4205,4468,263
Truck981823,3119,2942,4415,4468,53
Truck979829,2566,2443,3795,4469,674
Truck980887,2683,2443,4125,4469,344
Truck981139,2443,2225,4205,4469,264
Truck978697,2224,2683,3440,4470,1030
Truck980356,2444,2443,3960,4470,510
Truck978825,2224,2567,3480,4471,991
Truck979720,1339,2566,3760,4471,711
Truck980059,2776,2683,3865,4471,606
Truck981212,2777,2942,4225,4471,246
Truck981886,2943,2942,4435,4471,36
Truck981766,2567,2683,4400,4472,72
Truck979542,2567,2942,3705,4473,768
Truck980472,1339,2444,3995,4473,478
Truck981276,2777,2942,4245,4473,228
Truck979717,2566,2443,3760,4474,714
Truck981193,2224,2942,4220,4474,254
Truck981244,2777,2942,4235,4474,239
Truck981837,2942,3119,4420,4474,54
Truck980340,2444,2443,3955,4475,520
Truck980358,2567,2776,3960,4475,515
Truck975569,1338,2566,2465,4476,2011
Truck980107,2776,2567,3880,4476,596
Truck980573,2942,2443,4025,4476,451
Truck981390,2943,2777,4280,4476,196
Truck981866,2684,2443,4430,4476,46
Truck981902,2943,2942,4440,4476,36
Truck981097,2224,2942,4190,4477,287
Truck980404,2444,2443,3975,4478,503
Truck980698,2684,2942,4065,4478,413
Truck981815,2683,1339,4415,4478,63
Truck981042,2225,2443,4175,4479,304
Truck974433,1338,2443,2110,4480,2370
Truck979398,2567,2942,3660,4480,820
Truck973984,0,1338,1970,4481,2511
Truck979269,2566,2683,3620,4481,861
Truck979929,2224,2684,3825,4481,656
Truck980467,2443,3119,3995,4481,486
Truck981218,2225,2443,4230,4481,251
Truck980983,2683,2443,4155,4482,327
Truck980139,2776,2683,3890,4483,593
Truck981968,0,2567,4465,4483,18
Truck981974,2567,0,4465,4483,18
Truck974272,0,1338,2060,4484,2424
Truck980283,2776,1339,3935,4484,549
Truck980436,2444,2443,3985,4484,499
Truck980224,0,2444,3920,4485,565
Truck981258,2684,2776,4240,4485,245
Truck981898,2684,2443,4440,4485,45
Truck974216,1339,1338,2040,4486,2446
Truck980106,2684,2224,3880,4486,606
Truck980189,2942,2776,3905,4486,581
Truck981190,2567,2443,4220,4486,266
Truck981356,2777,2942,4270,4486,216
Truck979817,2224,2443,3790,4487,697
Truck979849,2224,2684,3800,4487,687
Truck980192,0,2776,3910,4487,577
Truck980203,2776,2683,3910,4487,577
Truck981192,1339,2225,4220,4487,267
Truck981934,2943,2942,4450,4487,37
Truck978854,2567,2224,3490,4489,999
Truck981059,2443,2567,4180,4489,309
Truck981324,2777,2942,4260,4489,229
Truck974424,1339,1338,2105,4490,2385
Truck981308,2777,2942,4255,4490,235
Truck975457,1338,2566,2430,4491,2061
Truck979733,2566,2443,3765,4491,726
Truck980315,2776,2942,3945,4491,546
Truck980765,2942,2684,4085,4491,406
Truck981950,2943,2942,4455,4492,37
Truck979375,3119,0,3650,4493,843
Truck979616,0,2942,3730,4493,763
Truck980701,2942,2684,4065,4493,428
Truck981930,2684,2443,4450,4493,43
Truck974177,1338,2443,2030,4494,2464
Truck981186,2225,2443,4220,4494,274
Truck980771,2443,2942,4090,4495,405
Truck980187,2776,2942,3905,4496,591
Truck979383,2683,2566,3655,4497,842
Truck981847,2683,2567,4425,4497,72
Truck973943,2683,1338,1955,4498,2543
Truck980755,2443,2942,4085,4498,413
Truck978952,1339,2224,3520,4499,979
Truck979629,2942,2567,3730,4499,769
Truck979725,2942,2567,3760,4499,739
Truck979327,3119,0,3635,4500,865
Truck979387,2776,2224,3655,4500,845
Truck979785,2224,2443,3780,4500,720
Truck980395,2776,2942,3970,4500,530
Truck980931,2443,0,4140,4500,360
Truck981260,2777,2942,4240,4500,260
Truck981435,2776,2684,4295,4500,205
Truck981946,2684,2443,4455,4500,45
Truck979639,2683,2942,3735,4501,766
Truck980872,1339,2684,4120,4501,381
Truck981016,1339,2684,4165,4501,336
Truck981982,2943,2942,4465,4501,36
Truck979735,2683,2942,3765,4502,737
Truck979945,2224,2443,3830,4502,672
Truck981187,2443,2567,4220,4502,282
Truck981293,2942,2777,4250,4502,252
Truck981396,2444,2566,4285,4502,217
Truck980256,0,2776,3930,4503,573
Truck981292,2777,2942,4250,4503,253
Truck981388,2777,2942,4280,4503,223
Truck981531,2776,2443,4325,4503,178
Truck981863,2683,2567,4430,4503,73
Truck974577,1338,1339,2155,4504,2349
Truck979591,2683,2942,3720,4504,784
Truck979688,1339,2942,3750,4504,754
Truck982038,2567,0,4485,4504,19
Truck979781,2566,2443,3780,4505,725
Truck980255,3119,2776,3925,4505,580
Truck980479,3119,2443,3995,4505,510
Truck981008,0,2684,4165,4505,340
Truck981459,2443,2225,4305,4505,200
Truck981486,2943,2777,4310,4505,195
Truck981998,2943,2942,4470,4505,35
Truck974481,1338,1339,2125,4506,2381
Truck978728,1339,2224,3450,4506,1056
Truck979689,2224,2443,3750,4506,756
Truck980221,2942,2776,3915,4506,591
Truck981250,2225,0,4240,4506,266
Truck981266,2225,2443,4245,4506,261
Truck978729,2224,2683,3450,4507,1057
Truck979359,3119,2683,3645,4507,862
Truck979573,2566,2443,3715,4507,792
Truck980495,3119,2443,4000,4507,507
Truck980596,2444,2443,4035,4507,472
Truck980676,2444,2443,4060,4507,447
Truck981040,0,2443,4175,4507,332
Truck981978,2684,2443,4465,4509,44
Truck975202,2225,1338,2350,4510,2160
Truck980532,2444,2443,4015,4510,495
Truck980566,2567,2444,4025,4510,485
Truck978793,2224,1339,3470,4511,1041
Truck980739,2443,2942,4080,4511,431
Truck974625,1338,2443,2170,4512,2342
Truck979621,2566,1339,3730,4512,782
Truck979913,2224,2443,3820,4512,692
Truck981372,2777,2942,4275,4512,237
Truck981467,2776,2443,4305,4512,207
Truck982014,2943,2942,4475,4512,37
Truck982088,1339,0,4500,4512,12
Truck979527,2683,2942,3700,4513,813
Truck981564,2777,2943,4335,4513,178
Truck981987,2443,2684,4470,4513,43
Truck979687,2683,2942,3750,4514,764
Truck980459,2776,2567,3990,4514,524
Truck981323,2776,2443,4260,4514,254
Truck974882,2225,1338,2250,4515,2265
Truck979659,2776,2224,3740,4515,775
Truck981404,2777,2942,4285,4515,230
Truck981468,2777,2942,4305,4515,210
Truck982030,2943,2942,4480,4516,36
Truck981967,3119,2942,4460,4517,57
Truck978985,2224,1339,3530,4518,988
Truck979862,2567,2566,3805,4518,713
Truck980406,2567,2444,3975,4518,543
Truck980754,2225,2566,4085,4518,433
Truck982080,0,2567,4500,4518,18
Truck974195,2443,1338,2035,4519,2484
Truck980331,2776,2567,3950,4519,569
Truck982010,2684,2443,4475,4519,44
Truck979888,0,2942,3815,4520,705
Truck979399,2683,2942,3660,4521,861
Truck979782,2567,2942,3780,4521,741
Truck979958,2567,2942,3835,4521,686
Truck980687,3119,2684,4060,4521,461
Truck980944,0,2684,4145,4521,376
Truck981594,2684,2776,4345,4521,176
Truck982046,2943,2942,4485,4521,36
Truck975361,1338,2566,2400,4522,2122
Truck978968,1339,2224,3525,4522,997
Truck980470,2567,2444,3995,4524,529
Truck980591,3119,2443,4030,4524,494
Truck981027,2443,2683,4170,4524,354
Truck979584,0,2942,3720,4525,805
Truck979605,2566,2683,3725,4525,800
Truck980541,2942,2776,4015,4525,510
Truck974200,1339,1338,2035,4526,2491
Truck980906,2684,2942,4130,4526,396
Truck980954,2684,2683,4145,4526,381
Truck981340,2777,2942,4265,4526,261
Truck981420,2777,2942,4290,4526,236
Truck982062,2943,2942,4490,4526,36
Truck980368,0,2776,3965,4527,562
Truck980928,0,2684,4140,4527,387
Truck981484,2777,2942,4310,4527,217
Truck980138,2684,2224,3890,4528,638
Truck981289,2224,2942,4250,4528,278
Truck981034,2684,1339,4170,4529,359
Truck981976,1339,2683,4465,4529,64
Truck980612,2444,0,4040,4530,490
Truck980797,2942,2443,4095,4530,435
Truck979845,2566,2683,3800,4531,731
Truck980787,2443,2942,4095,4531,436
Truck982078,2943,2942,4495,4531,36
Truck981469,2942,2224,4305,4532,227
Truck979957,2566,2443,3835,4533,698
Truck981515,2776,2443,4320,4533,213
Truck979753,2224,2443,3770,4534,764
Truck979831,2683,2942,3795,4534,739
Truck980564,2444,2443,4025,4534,509
Truck980877,2942,2684,4120,4534,414
Truck982058,2684,2443,4490,4534,44
Truck979415,2683,3119,3665,4535,870
Truck980749,2942,2443,4080,4535,455
Truck980085,2566,2443,3875,4536,661
Truck981155,2443,2683,4210,4536,326
Truck981380,2444,2225,4280,4536,256
Truck982094,2943,2942,4500,4536,36
Truck974401,1338,2683,2100,4537,2437
Truck979766,2567,2942,3775,4537,762
Truck980347,2776,0,3955,4537,582
Truck981110,2567,2684,4195,4537,342
Truck981298,2225,2443,4255,4537,282
Truck981419,2776,2443,4290,4537,247
Truck979977,2224,2443,3840,4538,698
Truck980452,2444,1339,3990,4538,548
Truck980543,3119,2443,4015,4538,523
Truck980690,2225,2566,4065,4538,473
Truck981378,2225,2443,4280,4538,258
Truck981548,2777,2942,4330,4538,208
Truck981615,3119,2224,4350,4538,188
Truck980597,2566,2225,4035,4539,504
Truck981452,2777,2942,4300,4539,239
Truck980101,2566,1339,3880,4540,660
Truck981952,0,2683,4460,4540,80
Truck982110,2943,2942,4505,4540,35
Truck978601,2224,2683,3410,4541,1131
Truck980623,3119,2443,4040,4541,501
Truck981002,2684,2942,4160,4541,381
Truck980443,2776,2942,3985,4542,557
Truck981346,2225,2443,4270,4542,272
Truck981436,2777,2942,4295,4542,247
Truck979673,2224,2776,3745,4543,798
Truck980352,0,2776,3960,4543,583
Truck980388,2444,2443,3970,4543,573
Truck974545,1338,2443,2145,4544,2399
Truck979814,2567,2942,3790,4544,754
Truck982090,2684,2443,4500,4544,44
Truck979880,1339,2566,3810,4545,735
Truck974353,1338,2443,2085,4546,2461
Truck974449,1338,2443,2115,4546,2431
Truck979455,3119,2683,3675,4546,871
Truck979504,0,3119,3695,4546,851
Truck980507,2776,2942,4005,4546,541
Truck981234,2225,2683,4235,4546,311
Truck980484,2444,2683,4000,4547,547
Truck980580,2444,2443,4030,4547,517
Truck980845,2942,2443,4110,4547,437
Truck981352,1339,2225,4270,4547,277
Truck982214,2567,1339,4540,4547,7
Truck981031,2683,2225,4170,4548,378
Truck981385,2224,2942,4280,4548,268
Truck973815,2683,1338,1915,4549,2634
Truck974737,1338,2443,2205,4549,2344
Truck979976,1339,2942,3840,4549,709
Truck980427,2776,2942,3980,4549,569
Truck980664,1339,2444,4055,4549,494
Truck980890,2684,2683,4125,4549,424
Truck981328,0,2225,4265,4549,284
Truck981362,2225,2443,4275,4549,274
Truck981580,2777,2942,4340,4549,209
Truck974289,1338,2443,2065,4550,2485
Truck981532,2777,2942,4325,4550,225
Truck982142,2943,2942,4515,4550,35
Truck974936,1339,1338,2265,4551,2286
Truck979049,2224,2567,3550,4551,1001
Truck980660,2444,2443,4055,4551,496
Truck981412,2444,2225,4290,4551,261
Truck981516,2777,2942,4320,4551,231
Truck978936,1339,2224,3515,4552,1037
Truck981095,2683,2225,4190,4552,362
Truck981500,2777,2942,4315,4552,237
Truck981598,2943,2777,4345,4552,207
Truck982007,2683,0,4475,4552,77
Truck974673,1338,2443,2185,4553,2368
Truck979519,3119,2683,3695,4553,858
Truck982230,2567,1339,4545,4554,9
Truck974529,1338,2443,2140,4556,2416
Truck979000,1339,2224,3535,4556,1021
Truck979808,0,2942,3790,4556,766
Truck979925,2566,1339,3825,4556,731
Truck979973,2566,2443,3840,4556,716
Truck980285,2942,2776,3935,4556,621
Truck981620,2444,2566,4355,4556,201
Truck982095,3119,2942,4500,4556,56
Truck982158,2943,2942,4520,4556,36
Truck979638,2567,3119,3735,4557,822
Truck978745,2224,1339,3455,4558,1103
Truck980751,3119,2443,4080,4558,478
Truck981224,1339,2443,4230,4558,328
Truck982248,1339,2567,4550,4558,8
Truck979941,2566,2443,3830,4559,729
Truck980423,2683,2776,3980,4559,579
Truck981283,2443,1339,4250,4560,310
Truck981538,2225,2443,4330,4560,230
Truck980024,1339,2942,3855,4561,706
Truck980909,2942,2443,4130,4561,431
Truck981066,2684,2942,4180,4561,381
Truck980016,0,2942,3855,4562,707
Truck980788,2444,2443,4095,4562,467
Truck980935,2683,2684,4140,4562,422
Truck981481,2224,2942,4310,4562,252
Truck981506,2225,2443,4320,4562,242
Truck982072,1339,2683,4495,4562,67
Truck982174,2943,2942,4525,4562,37
Truck979599,3119,0,3720,4563,843
Truck980071,2683,2942,3870,4563,693
Truck981490,2225,2567,4315,4563,248
Truck981722,2684,2776,4385,4563,178
Truck974369,1338,2443,2090,4564,2474
Truck981410,2225,2443,4290,4564,274
Truck982054,2567,2683,4490,4564,74
Truck974241,1338,2443,2050,4565,2515
Truck979907,2443,2566,3820,4565,745
Truck981337,2224,2942,4265,4565,300
Truck982190,2943,2942,4530,4565,35
Truck974465,1338,2567,2120,4566,2446
Truck981549,2942,2777,4330,4566,236
Truck974609,1338,0,2165,4567,2402
Truck979607,2683,3119,3725,4567,842
Truck974263,2683,1338,2055,4569,2514
Truck980439,2683,2444,3985,4570,585
Truck980767,3119,2443,4085,4570,485
Truck980895,3119,2684,4125,4570,445
Truck982206,2943,2942,4535,4570,35
Truck976244,2444,1338,2675,4571,1896
Truck980239,3119,2776,3920,4571,651
Truck980986,2684,2683,4155,4571,416
Truck981272,1339,2443,4245,4571,326
Truck981612,2777,2942,4350,4571,221
Truck981739,2776,2443,4390,4571,181
Truck979136,0,2224,3580,4572,992
Truck980363,2776,2942,3960,4572,612
Truck981644,2777,2942,4360,4573,213
Truck980535,2683,2776,4015,4574,559
Truck980655,3119,2443,4050,4574,524
Truck978870,2567,2224,3495,4575,1080
Truck980351,3119,2776,3955,4575,620
Truck981426,2225,2443,4295,4575,280
Truck974560,0,1338,2150,4576,2426
Truck979952,0,2942,3835,4576,741
Truck980083,2443,2224,3875,4576,701
Truck980169,2224,2443,3900,4576,676
Truck980696,1339,2444,4065,4576,511
Truck980994,2225,2566,4160,4576,416
Truck982222,2943,2942,4540,4576,36
Truck981577,2224,2942,4340,4577,237
Truck982102,2567,2683,4505,4577,72
Truck979193,2224,1339,3595,4578,983
Truck979671,2683,3119,3745,4578,833
Truck979926,2567,2942,3825,4578,753
Truck980575,3119,2776,4025,4578,553
Truck981120,0,2684,4200,4578,378
Truck974550,2567,1338,2145,4579,2434
Truck975506,2225,1338,2445,4579,2134
Truck979017,2224,2567,3540,4579,1039
Truck980644,2444,2443,4050,4579,529
Truck975649,1338,2566,2490,4580,2090
Truck981075,2443,2683,4185,4580,395
Truck981512,1339,2225,4320,4580,260
Truck981611,2776,2443,4350,4580,230
Truck981695,3119,2224,4375,4580,205
Truck979495,2683,3119,3690,4581,891
Truck979839,3119,2567,3795,4581,786
Truck980491,2776,2942,4000,4581,581
Truck981222,2567,2684,4230,4581,351
Truck981561,2224,2942,4335,4581,246
Truck981643,2776,2443,4360,4581,221
Truck980120,1339,2566,3885,4582,697
Truck980345,2224,2443,3955,4582,627
Truck980708,2444,2443,4070,4582,512
Truck980847,3119,2443,4110,4582,472
Truck981474,2225,2443,4310,4582,272
Truck982238,2943,2942,4545,4582,37
Truck980571,2776,0,4025,4583,558
Truck979989,2566,2443,3845,4584,739
Truck980022,2567,2566,3855,4584,729
Truck980975,3119,2443,4150,4584,434
Truck981602,2225,2567,4350,4584,234
Truck974817,1338,2443,2230,4585,2355
Truck979575,2683,3119,3715,4585,870
Truck980037,2566,2443,3860,4585,725
Truck980516,2444,2567,4010,4585,575
Truck980548,2444,2443,4020,4585,565
Truck981398,2567,2443,4285,4585,300
Truck981453,2942,2224,4300,4585,285
Truck981579,2776,2443,4340,4585,245
Truck982254,2943,2942,4550,4585,35
Truck981675,2776,2443,4370,4586,216
Truck981689,2224,3119,4375,4586,211
Truck981581,2942,2224,4340,4587,247
Truck981628,2777,2942,4355,4587,232
Truck981011,2443,2942,4165,4588,423
Truck981586,2225,2443,4345,4588,243
Truck974689,1338,1339,2190,4589,2399
Truck981330,2225,0,4265,4589,324
Truck981554,2225,1339,4335,4589,254
Truck982304,0,2567,4570,4589,19
Truck974225,1338,2443,2045,4590,2545
Truck980836,2444,2443,4110,4590,480
Truck982207,3119,2942,4535,4590,55
Truck982270,2943,2942,4555,4590,35
Truck980134,2567,2566,3890,4591,701
Truck980963,2443,2942,4150,4591,441
Truck981710,2943,2777,4380,4591,211
Truck979935,3119,2567,3825,4592,767
Truck981376,0,2443,4280,4592,312
Truck981522,2225,2567,4325,4592,267
Truck981570,2225,2443,4340,4592,252
Truck981650,2225,2443,4365,4592,227
Truck982336,0,1339,4580,4592,12
Truck974513,1338,2443,2135,4593,2458
Truck979142,2567,2224,3580,4593,1013
Truck980201,2224,2443,3910,4593,683
Truck980772,2444,2443,4090,4593,503
Truck981363,2443,2567,4275,4593,318
Truck979631,3119,2683,3730,4594,864
Truck980995,2443,2942,4160,4594,434
Truck981682,2225,2444,4375,4594,219
Truck981692,2777,2942,4375,4594,219
Truck981708,2777,2942,4380,4594,214
Truck979320,1339,2224,3635,4595,960
Truck981427,2443,1339,4295,4595,300
Truck981520,0,2225,4325,4595,270
Truck975717,2566,1338,2510,4596,2086
Truck980064,0,2566,3870,4596,726
Truck980102,2567,2942,3880,4596,716
Truck982286,2943,2942,4560,4596,36
Truck979877,2566,2443,3810,4597,787
Truck981037,2942,2443,4170,4597,427
Truck981820,2777,2943,4415,4597,182
Truck979719,2683,3119,3760,4598,838
Truck974561,1338,2443,2150,4599,2449
Truck979893,2566,2443,3815,4599,784
Truck980885,2566,2225,4125,4599,474
Truck981210,2684,1339,4225,4599,374
Truck981724,2777,2942,4385,4599,214
Truck980560,0,2776,4025,4600,575
Truck982259,2443,2684,4555,4600,45
Truck979113,2224,1339,3570,4601,1031
Truck980630,2567,2776,4045,4601,556
Truck981152,0,2684,4210,4601,391
Truck981458,2225,2443,4305,4601,296
Truck981676,2777,2942,4370,4601,231
Truck982302,2943,2942,4565,4601,36
Truck982215,2683,1339,4540,4603,63
Truck981606,2567,2225,4350,4604,254
Truck980136,1339,2942,3890,4605,715
Truck980726,2567,2776,4075,4605,530
Truck979821,2942,2683,3790,4606,816
Truck980157,2942,2567,3895,4606,711
Truck982318,2943,2942,4570,4606,36
Truck975905,1338,2566,2570,4607,2037
Truck982216,1339,2683,4540,4607,67
Truck980118,2567,2942,3885,4608,723
Truck980710,2567,2776,4070,4608,538
Truck974705,1338,2443,2195,4609,2414
Truck975378,2225,1338,2405,4609,2204
Truck976100,2444,1338,2630,4609,1979
Truck981395,2443,2225,4285,4609,324
Truck982406,2567,1339,4600,4609,9
Truck979129,2224,0,3575,4610,1035
Truck980527,3119,2776,4010,4610,600
Truck974678,2567,1338,2185,4611,2426
Truck980835,2443,2444,4110,4611,501
Truck980229,2566,2443,3920,4612,692
Truck980544,0,2444,4020,4612,592
Truck980598,2567,2776,4035,4612,577
Truck982334,2943,2942,4575,4612,37
Truck979783,2683,2566,3780,4613,833
Truck981660,2777,2942,4365,4613,248
Truck976420,2444,1338,2730,4614,1884
Truck979853,2942,2683,3800,4614,814
Truck980799,3119,2443,4095,4614,519
Truck982384,0,2567,4595,4614,19
Truck975589,2566,1338,2470,4615,2145
Truck981055,3119,2684,4175,4615,440
Truck979787,2776,2224,3780,4616,836
Truck979855,3119,1339,3800,4616,816
Truck980032,0,2566,3860,4616,756
Truck981442,2225,2683,4300,4616,316
Truck981596,2777,2942,4345,4616,271
Truck982350,2943,2942,4580,4616,36
Truck980089,2224,2443,3875,4617,742
Truck980820,2444,2443,4105,4618,513
Truck981290,2684,2942,4250,4618,368
Truck974736,0,1338,2205,4619,2414
Truck979751,2683,2942,3770,4619,849
Truck980035,2443,2566,3860,4619,759
Truck980587,2776,2942,4030,4619,589
Truck981018,2684,3119,4165,4619,454
Truck974950,2567,1338,2270,4620,2350
Truck981175,2683,2684,4215,4620,405
Truck981723,2776,2443,4385,4620,235
Truck981740,2777,2942,4390,4620,230
Truck982366,2943,2942,4585,4620,35
Truck980685,2942,2776,4060,4621,561
Truck980694,2567,2444,4065,4622,557
Truck981684,2444,2225,4375,4622,247
Truck982246,2567,2683,4550,4622,72
Truck982346,2684,2443,4580,4622,42
Truck981524,2444,2225,4325,4623,298
Truck981618,2225,2443,4355,4623,268
Truck981753,2224,2942,4395,4623,228
Truck981007,3119,2443,4160,4625,465
Truck981053,2942,2443,4175,4625,450
Truck982382,2943,2942,4590,4625,35
Truck980539,2776,2942,4015,4626,611
Truck980005,2566,0,3850,4627,777
Truck980927,3119,2443,4135,4627,492
Truck981714,2225,2443,4385,4627,242
Truck982456,1339,0,4615,4627,12
Truck980181,2566,2443,3905,4628,723
Truck980936,1339,2444,4140,4628,488
Truck980943,3119,2443,4140,4628,488
Truck981399,2683,2225,4285,4628,343
Truck981828,2444,2566,4420,4628,208
Truck981844,2444,2566,4425,4628,203
Truck982362,2684,2443,4585,4628,43
Truck982432,0,2567,4610,4628,18
Truck980233,2224,2443,3920,4629,709
Truck980635,2776,1339,4045,4629,584
Truck981619,2443,2225,4355,4629,274
Truck981893,2566,2444,4440,4629,189
Truck982398,2943,2942,4595,4630,35
Truck980053,2566,2567,3865,4631,766
Truck981431,2683,2225,4295,4631,336
Truck979558,2567,2224,3710,4632,922
Truck979775,3119,0,3775,4632,857
Truck981146,2684,2942,4205,4632,427
Truck981666,2225,2443,4370,4632,262
Truck982464,0,1339,4620,4632,12
Truck974945,1338,2443,2270,4633,2363
Truck979168,0,2224,3590,4633,1043
Truck979936,0,2942,3830,4634,804
Truck980117,2566,2443,3885,4634,749
Truck980457,2224,2684,3990,4634,644
Truck980902,2567,2444,4130,4635,505
Truck982256,0,2683,4555,4635,80
Truck982414,2943,2942,4600,4635,35
Truck975953,1338,2566,2585,4636,2051
Truck980605,2942,2776,4035,4636,601
Truck980740,2444,2443,4080,4636,556
Truck982311,2683,1339,4570,4636,66
Truck980182,2567,2566,3905,4637,732
Truck980688,0,2776,4065,4637,572
Truck981085,2942,2443,4185,4637,452
Truck976289,1338,2444,2690,4638,1948
Truck980683,2776,2942,4060,4638,578
Truck981803,2776,2443,4410,4638,228
Truck974336,0,1338,2080,4639,2559
Truck974721,1338,2443,2200,4639,2439
Truck982367,3119,2942,4585,4639,54
Truck982387,2443,2684,4595,4639,44
Truck980248,1339,2566,3925,4640,715
Truck980647,2683,2444,4050,4640,590
Truck980759,2683,2776,4085,4640,555
Truck980756,2444,2443,4085,4641,556
Truck981909,2566,2444,4445,4641,196
Truck982430,2943,2942,4605,4641,36
Truck981472,0,2443,4310,4642,332
Truck981788,2777,2942,4405,4642,237
Truck981999,3119,2224,4470,4643,173
Truck982518,2567,1339,4635,4643,8
Truck980013,2942,2683,3850,4644,794
Truck981149,2942,2443,4205,4644,439
Truck981239,2683,2684,4235,4644,409
Truck980763,2776,2942,4085,4645,560
Truck980959,3119,2443,4145,4645,500
Truck981752,1339,2225,4395,4645,250
Truck981804,2777,2942,4410,4645,235
Truck980072,1339,2942,3870,4646,776
Truck980227,2443,2566,3920,4646,726
Truck980868,2444,2443,4120,4646,526
Truck981213,2942,2443,4225,4646,421
Truck981966,2943,2777,4460,4647,187
Truck982419,2443,2684,4605,4647,42
Truck982446,2943,2942,4610,4647,37
Truck974881,1338,2683,2250,4648,2398
Truck980371,2443,2566,3965,4648,683
Truck981555,2443,1339,4335,4648,313
Truck982426,2684,2443,4605,4648,43
Truck975665,1338,2225,2495,4649,2154
Truck980281,2224,2443,3935,4649,714
Truck980603,2776,2942,4035,4649,614
Truck981756,2777,2942,4395,4649,254
Truck980731,2776,2567,4075,4650,575
Truck982462,2943,2942,4615,4650,35
Truck974385,1338,2443,2095,4651,2556
Truck980047,3119,1339,3860,4651,791
Truck980165,2566,2443,3900,4651,751
Truck980213,2566,2443,3915,4651,736
Truck981772,2777,2942,4400,4651,251
Truck981891,2443,2776,4440,4651,211
Truck980505,2224,2443,4005,4652,647
Truck981309,2942,2443,4255,4652,397
Truck981918,2943,2777,4445,4652,207
Truck980277,2566,1339,3935,4653,718
Truck981274,2684,3119,4245,4653,408
Truck981835,2776,2684,4420,4653,233
Truck979209,2224,2683,3600,4654,1054
Truck980628,2444,1339,4045,4654,609
Truck981043,2443,2942,4175,4654,479
Truck981587,2443,1339,4345,4654,309
Truck981916,2777,2942,4445,4654,209
Truck982442,2684,2443,4610,4654,44
Truck974865,1338,2443,2245,4655,2410
Truck975489,1338,2225,2440,4655,2215
Truck980932,2444,2443,4140,4655,515
Truck982478,2943,2942,4620,4655,35
Truck980245,2566,2443,3925,4656,731
Truck980296,1339,2942,3940,4656,716
Truck979984,0,3119,3845,4657,812
Truck980440,1339,2566,3985,4657,672
Truck981418,2684,2942,4290,4657,367
Truck981725,2942,2224,4385,4657,272
Truck982568,1339,2567,4650,4657,7
Truck981430,2567,2443,4295,4658,363
Truck979385,2224,2683,3655,4659,1004
Truck980538,2684,2224,4015,4659,644
Truck981562,2684,0,4335,4659,324
Truck981661,2942,2224,4365,4659,294
Truck979414,2567,2224,3665,4660,995
Truck981778,2225,2444,4405,4660,255
Truck980073,2224,2776,3870,4661,791
Truck980232,1339,2942,3920,4661,741
Truck980376,1339,2566,3965,4661,696
Truck982494,2943,2942,4625,4661,36
Truck981287,2683,2684,4250,4662,412
Truck980063,3119,2567,3865,4663,798
Truck980570,2684,2224,4025,4663,638
Truck981900,2777,2942,4440,4663,223
Truck975027,2443,1338,2295,4664,2369
Truck980133,2566,2683,3890,4664,774
Truck980325,2566,1339,3950,4664,714
Truck981107,2443,3119,4195,4664,469
Truck981634,2225,1339,4360,4664,304
Truck981845,2566,2444,4425,4664,239
Truck981884,2777,2942,4435,4664,229
Truck981664,0,2225,4370,4665,295
Truck981903,3119,2224,4440,4665,225
Truck982445,2942,3119,4610,4666,56
Truck982510,2943,2942,4630,4666,36
Truck975096,1339,1338,2315,4667,2352
Truck980827,2776,2942,4105,4667,562
Truck981354,2684,0,4270,4667,397
Truck981842,2225,2443,4425,4667,242
Truck974448,0,1338,2115,4668,2553
Truck980040,1339,3119,3860,4668,808
Truck981698,2225,2567,4380,4668,288
Truck981865,2224,2942,4430,4668,238
Truck982447,3119,2942,4610,4668,58
Truck982598,2567,1339,4660,4668,8
Truck981980,2777,2942,4465,4669,204
Truck975989,2566,1338,2595,4670,2075
Truck980341,2566,2443,3955,4670,715
Truck982041,2224,3119,4485,4670,185
Truck982526,2943,2942,4635,4670,35
Truck979360,0,2224,3650,4671,1021
Truck980247,2683,2566,3925,4671,746
Truck980390,2567,2942,3970,4671,701
Truck981932,2777,2942,4450,4671,221
Truck982616,1339,2567,4665,4671,6
Truck980373,2566,2443,3965,4672,707
Truck980425,2224,2443,3980,4672,692
Truck980501,2566,2443,4005,4672,667
Truck981836,2777,2942,4420,4672,252
Truck981868,2777,2942,4430,4672,242
Truck981964,2777,2942,4460,4672,212
Truck975797,2566,1338,2535,4673,2138
Truck975873,1338,2566,2560,4673,2113
Truck980441,2224,2684,3985,4673,688
Truck974641,1338,0,2175,4674,2499
Truck974785,1338,2443,2220,4674,2454
Truck975030,2567,1338,2295,4674,2379
Truck979159,2683,2224,3585,4674,1089
Truck975041,1338,2443,2300,4675,2375
Truck982506,2684,2443,4630,4675,45
Truck976260,2444,1338,2680,4676,1996
Truck981530,2684,2567,4325,4676,351
Truck982542,2943,2942,4640,4676,36
Truck975057,1338,2567,2305,4678,2373
Truck980948,2444,2443,4145,4678,533
Truck981421,2942,2443,4290,4678,388
Truck981482,2684,2942,4310,4679,369
Truck981907,2443,2225,4445,4679,234
Truck982522,2684,2443,4635,4679,44
Truck980779,2776,2683,4090,4680,590
Truck981044,2444,1339,4175,4681,506
Truck981411,2443,2683,4290,4681,391
Truck982558,2943,2942,4645,4681,36
Truck980261,2566,2443,3930,4682,752
Truck981434,2684,2567,4295,4683,388
Truck982538,2684,2443,4640,4683,43
Truck974704,0,1338,2195,4684,2489
Truck979657,2224,1339,3740,4684,944
Truck981402,2684,2683,4285,4684,399
Truck982416,0,2683,4605,4684,79
Truck982614,2567,0,4665,4684,19
Truck975729,1338,2566,2515,4685,2170
Truck980199,2683,2942,3910,4685,775
Truck981379,2443,2942,4280,4685,405
Truck982126,2943,2777,4510,4685,175
Truck974593,1338,0,2160,4686,2526
Truck981852,2777,2942,4425,4686,261
Truck982574,2943,2942,4650,4686,36
Truck974967,2683,1338,2275,4687,2412
Truck979481,2224,2683,3685,4687,1002
Truck982117,2566,2444,4510,4687,177
Truck982471,2683,1339,4620,4687,67
Truck981498,2684,2942,4315,4688,373
Truck981858,2225,2443,4430,4688,258
Truck982525,2942,3119,4635,4688,53
Truck982554,2684,2443,4645,4688,43
Truck975121,1338,0,2325,4689,2364
Truck982027,2776,2443,4480,4689,209
Truck980278,2567,3119,3935,4690,755
Truck980832,0,2776,4110,4690,580
Truck981762,2225,2683,4400,4690,290
Truck974961,1338,1339,2275,4691,2416
Truck980336,0,2942,3955,4691,736
Truck981730,2225,2443,4390,4691,301
Truck982590,2943,2942,4655,4691,36
Truck981543,2683,2443,4330,4692,362
Truck981794,2225,0,4410,4692,282
Truck982029,2942,2777,4480,4692,212
Truck974487,2683,1338,2125,4693,2568
Truck980025,2224,2776,3855,4693,838
Truck980469,2566,2567,3995,4693,698
Truck980838,2567,2776,4110,4693,583
Truck982570,2684,2443,4650,4693,43
Truck982137,2224,3119,4515,4694,179
Truck980093,2942,2567,3875,4695,820
Truck980328,1339,2942,3950,4695,745
Truck980916,2444,2443,4135,4695,560
Truck981087,3119,2443,4185,4695,510
Truck981810,2225,0,4415,4695,280
Truck980288,0,2942,3940,4696,756
Truck980448,0,2942,3990,4696,706
Truck982606,2943,2942,4660,4696,36
Truck975160,1339,1338,2335,4697,2362
Truck980086,2567,2942,3875,4697,822
Truck980294,2567,3119,3940,4697,757
Truck980996,2444,2443,4160,4697,537
Truck981922,2225,2443,4450,4697,247
Truck982044,2777,2942,4485,4697,212
Truck981635,2443,1339,4360,4698,338
Truck982092,2777,2942,4500,4698,198
Truck982543,3119,2942,4640,4698,58
Truck982586,2684,2443,4655,4699,44
Truck975232,0,1338,2360,4700,2340
Truck981466,2684,2567,4305,4700,395
Truck981546,2684,2567,4330,4700,370
Truck980197,2566,2683,3910,4701,791
Truck981229,2942,2443,4230,4701,471
Truck982622,2943,2942,4665,4701,36
Truck979961,2224,2776,3835,4702,867
Truck980112,0,3119,3885,4702,817
Truck980639,3119,2776,4045,4702,657
Truck980955,2776,2942,4145,4702,557
Truck975283,2443,1338,2375,4703,2328
Truck980176,0,2942,3905,4703,798
Truck980419,2443,2566,3980,4703,723
Truck981616,0,2443,4355,4703,348
Truck981746,2225,0,4395,4703,308
Truck982060,2777,2942,4490,4703,213
Truck981277,2942,2443,4245,4704,459
Truck981929,2224,2942,4450,4704,254
Truck980859,2776,0,4115,4705,590
Truck981997,2942,2777,4470,4705,235
Truck974769,1338,2683,2215,4706,2491
Truck975185,1338,1339,2345,4706,2361
Truck980485,2566,0,4000,4706,706
Truck980565,2566,2443,4025,4706,681
Truck981099,2776,1339,4190,4706,516
Truck981103,3119,2443,4190,4706,516
Truck982028,2777,2942,4480,4706,226
Truck982575,3119,2942,4650,4706,56
Truck982638,2943,2942,4670,4706,36
Truck976229,2566,1338,2670,4707,2037
Truck980911,3119,2776,4130,4707,577
Truck981028,2444,2567,4170,4707,537
Truck981219,2443,2942,4230,4707,477
Truck981826,2225,2443,4420,4707,287
Truck981897,2224,2942,4440,4707,267
Truck982059,2776,2684,4490,4707,217
Truck980409,2224,2443,3975,4708,733
Truck980607,3119,2776,4035,4708,673
Truck975137,1338,2443,2330,4709,2379
Truck980104,1339,3119,3880,4709,829
Truck980656,0,2566,4055,4709,654
Truck981674,2684,0,4370,4711,341
Truck981851,2776,2443,4425,4712,287
Truck982076,2777,2942,4495,4712,217
Truck982591,3119,2942,4655,4712,57
Truck979536,0,2224,3705,4713,1008
Truck982108,2777,2942,4505,4713,208
Truck982634,2684,2443,4670,4713,43
Truck975025,1338,1339,2295,4714,2419
Truck981172,2444,2443,4215,4714,499
Truck981948,2777,2942,4455,4714,259
Truck974657,1338,2683,2180,4715,2535
Truck979513,2224,2683,3695,4715,1020
Truck980537,2224,2443,4015,4715,700
Truck982567,2683,1339,4650,4715,65
Truck982670,2943,2942,4680,4715,35
Truck981450,2684,0,4300,4716,416
Truck981610,2684,2567,4350,4716,366
Truck981938,2225,2443,4455,4716,261
Truck979321,2224,2683,3635,4717,1082
Truck981750,2567,2443,4395,4717,322
Truck982172,2777,2943,4525,4717,192
Truck982736,0,1339,4705,4717,12
Truck976465,1338,2566,2745,4718,1973
Truck981012,2444,2567,4165,4718,553
Truck981060,2444,0,4180,4718,538
Truck981347,2443,2942,4270,4718,448
Truck981890,2225,2443,4440,4718,278
Truck981996,2777,2942,4470,4718,248
Truck982758,2567,1339,4710,4718,8
Truck974977,1338,2443,2280,4719,2439
Truck980960,0,2444,4150,4719,569
Truck981514,2684,1339,4320,4719,399
Truck981626,2684,2942,4355,4719,364
Truck982623,3119,2942,4665,4719,54
Truck976341,2566,1338,2705,4720,2015
Truck981124,2444,2443,4200,4720,520
Truck981231,3119,2443,4230,4720,490
Truck981656,1339,2684,4365,4720,355
Truck982686,2943,2942,4685,4720,35
Truck974929,1338,2443,2265,4721,2456
Truck975105,1338,2443,2320,4721,2401
Truck980923,2776,2942,4135,4721,586
Truck981624,1339,2684,4355,4721,366
Truck981115,2776,1339,4195,4722,527
Truck980453,2566,2443,3990,4723,733
Truck980867,2443,2566,4120,4723,603
Truck980279,2683,2566,3935,4724,789
Truck981071,3119,2443,4180,4724,544
Truck981539,2443,2942,4330,4724,394
Truck981704,1339,2443,4380,4724,344
Truck975809,1338,2566,2540,4725,2185
Truck980464,0,2942,3995,4725,730
Truck980884,2444,2683,4125,4725,600
Truck981533,2942,2684,4325,4725,400
Truck982188,2777,2942,4530,4725,195
Truck975110,2567,1338,2320,4726,2406
Truck982702,2943,2942,4690,4726,36
Truck981056,0,2776,4180,4727,547
Truck981252,2444,1339,4240,4727,487
Truck980907,2776,0,4130,4728,598
Truck982048,0,2225,4490,4728,238
Truck982156,2777,2942,4520,4728,208
Truck981906,2225,2567,4445,4729,284
Truck982012,2777,2942,4475,4729,254
Truck982075,2776,2443,4495,4729,234
Truck982227,2443,2776,4545,4729,184
Truck980619,2776,3119,4040,4730,690
Truck981651,2443,2567,4365,4730,365
Truck982718,2943,2942,4695,4731,36
Truck980141,2942,2683,3890,4732,842
Truck982599,2683,2567,4660,4732,72
Truck980343,2683,2942,3955,4733,778
Truck980421,2566,2443,3980,4733,753
Truck980691,2443,2224,4065,4733,668
Truck982091,2776,2443,4500,4733,233
Truck980015,3119,2683,3850,4734,884
Truck980454,2567,2942,3990,4734,744
Truck981151,3119,2443,4205,4734,529
Truck982671,3119,2942,4680,4734,54
Truck974979,2443,1338,2280,4735,2455
Truck981981,2942,2777,4465,4735,270
Truck980533,2566,2443,4015,4736,721
Truck980678,2567,2566,4060,4736,676
Truck981747,2443,2683,4395,4736,341
Truck982734,2943,2942,4700,4736,36
Truck976516,2444,1338,2760,4737,1977
Truck980557,2942,1339,4020,4737,717
Truck982018,2225,2443,4480,4737,257
Truck981322,2684,3119,4260,4738,478
Truck974368,0,1338,2090,4739,2649
Truck982050,2225,2443,4490,4739,249
Truck975505,1338,2567,2445,4740,2295
Truck980079,3119,2683,3870,4740,870
Truck980424,1339,2942,3980,4740,760
Truck980585,2224,2443,4030,4740,710
Truck981317,2566,2225,4260,4740,480
Truck982099,2443,2776,4505,4740,235
Truck981051,2776,2567,4175,4741,566
Truck982067,2443,2776,4495,4741,246
Truck982750,2943,2942,4705,4741,36
Truck981003,2776,1339,4160,4742,582
Truck981251,2443,3119,4240,4742,502
Truck975073,1338,2443,2310,4743,2433
Truck980183,2683,3119,3905,4743,838
Truck980728,1339,2566,4075,4743,668
Truck981204,2444,2443,4225,4743,518
Truck981501,2942,2684,4315,4743,428
Truck981655,2683,2443,4365,4743,378
Truck981767,2683,2225,4400,4743,343
Truck982730,2684,2443,4700,4743,43
Truck980569,2224,2443,4025,4744,719
Truck981816,1339,2443,4415,4744,329
Truck982701,2942,3119,4690,4744,54
Truck979654,2567,2224,3740,4746,1006
Truck981811,2443,0,4415,4746,331
Truck982703,3119,2942,4690,4746,56
Truck981236,2444,0,4235,4747,512
Truck981288,1339,2776,4250,4747,497
Truck981693,2942,2684,4375,4747,372
Truck982766,2943,2942,4710,4747,37
Truck982140,2777,2942,4515,4748,233
Truck981254,2567,2444,4240,4749,509
Truck982157,2942,2777,4520,4749,229
Truck981339,2776,1339,4265,4750,485
Truck982082,2225,0,4500,4750,250
Truck982221,2942,2777,4540,4750,210
Truck982680,1339,2683,4685,4750,65
Truck982782,2943,2942,4715,4750,35
Truck981128,1339,2776,4200,4751,551
Truck980549,2566,2443,4020,4752,732
Truck981215,3119,2443,4225,4752,527
Truck981443,2443,2942,4300,4752,452
Truck981719,2683,2225,4385,4752,367
Truck980295,2683,3119,3940,4753,813
Truck980405,2566,2443,3975,4753,778
Truck980677,2566,2443,4060,4753,693
Truck980518,2567,2566,4010,4754,744
Truck980645,2566,2443,4050,4754,704
Truck981284,2444,2443,4250,4754,504
Truck982123,2776,2443,4510,4754,244
Truck982735,3119,2942,4700,4754,54
Truck975345,1338,2443,2395,4755,2360
Truck980600,1339,2942,4035,4755,720
Truck981076,2444,2443,4185,4755,570
Truck980391,2683,2942,3970,4756,786
Truck980723,2443,2224,4075,4756,681
Truck981971,2443,1339,4465,4756,291
Truck982762,2684,2443,4710,4756,46
Truck982798,2943,2942,4720,4756,36
Truck979640,1339,2224,3735,4757,1022
Truck980633,2224,2443,4045,4757,712
Truck982098,2225,2567,4505,4757,252
Truck982679,2683,2567,4685,4757,72
Truck975224,1339,1338,2355,4758,2403
Truck982034,2225,2443,4485,4758,273
Truck981211,2776,1339,4225,4759,534
Truck982146,2225,2443,4520,4759,239
Truck981091,2443,2444,4190,4760,570
Truck981423,3119,2443,4290,4760,470
Truck982236,2777,2942,4545,4760,215
Truck982778,2684,2443,4715,4760,45
Truck976097,1338,2225,2630,4761,2131
Truck981147,2776,0,4205,4761,556
Truck981629,2942,2443,4355,4761,406
Truck981035,2776,2942,4170,4762,592
Truck981672,1339,2684,4370,4762,392
Truck982239,3119,2224,4545,4762,217
Truck982712,1339,2683,4695,4762,67
Truck982888,1339,0,4750,4762,12
Truck981631,3119,2684,4355,4764,409
Truck982794,2684,2443,4720,4764,44
Truck980280,1339,3119,3935,4765,830
Truck981300,2444,2443,4255,4765,510
Truck981690,2684,2942,4375,4765,390
Truck981773,2942,2684,4400,4765,365
Truck981485,2942,2443,4310,4766,456
Truck982002,2225,2443,4475,4766,291
Truck982105,2224,2942,4505,4766,261
Truck982380,2777,2943,4590,4766,176
Truck981783,2683,2684,4405,4767,362
Truck982830,2943,2942,4730,4767,37
Truck975281,1338,2443,2375,4768,2393
Truck980326,2567,3119,3950,4768,818
Truck981476,2444,2443,4310,4768,458
Truck980251,2776,2224,3925,4769,844
Truck981460,2444,2443,4305,4769,464
Truck981954,2225,2683,4460,4769,309
Truck982130,2225,2444,4515,4769,254
Truck982783,3119,2942,4715,4769,54
Truck981477,2566,2225,4310,4770,460
Truck980471,2683,2942,3995,4771,776
Truck981348,2444,2567,4270,4771,501
Truck981387,2776,2567,4280,4771,491
Truck979769,2224,0,3775,4772,997
Truck980757,2566,2443,4085,4772,687
Truck982124,2777,2942,4510,4772,262
Truck982846,2943,2942,4735,4772,37
Truck981108,2444,2443,4195,4773,578
Truck981407,3119,2443,4285,4773,488
Truck981808,0,2684,4415,4773,358
Truck981986,2225,1339,4470,4773,303
Truck979798,2567,2224,3785,4774,989
Truck980486,2567,3119,4000,4774,774
Truck981067,2776,2683,4180,4774,594
Truck981275,2776,2942,4245,4774,529
Truck981311,3119,2443,4255,4774,519
Truck981413,2566,2225,4290,4774,484
Truck981910,2567,2443,4445,4774,329
Truck982251,2776,2443,4550,4774,224
Truck982300,2777,2942,4565,4774,209
Truck982341,2566,2444,4580,4774,194
Truck982902,2567,0,4755,4774,19
Truck980335,3119,2567,3950,4775,825
Truck982364,2777,2943,4585,4775,190
Truck982797,2942,3119,4720,4775,55
Truck982862,2943,2942,4740,4775,35
Truck981770,2684,2567,4400,4776,376
Truck981970,2225,0,4465,4776,311
Truck982242,2225,2443,4550,4776,226
Truck982281,2224,3119,4560,4776,216
Truck981156,2444,2683,4210,4777,567
Truck982936,1339,0,4765,4777,12
Truck976833,1338,2444,2860,4778,1918
Truck979568,0,2224,3715,4778,1063
Truck980493,2942,1339,4000,4778,778
Truck980879,3119,2776,4120,4778,658
Truck980794,2684,2224,4095,4779,684
Truck981227,2776,1339,4230,4779,549
Truck981565,2942,2443,4335,4779,444
Truck980805,2566,2443,4100,4780,680
Truck980392,1339,2566,3970,4781,811
Truck981706,2684,2942,4380,4781,401
Truck982268,2777,2942,4555,4781,226
Truck982878,2943,2942,4745,4781,36
Truck980581,2566,0,4030,4782,752
Truck980741,2566,2443,4080,4782,702
Truck982277,2566,2444,4560,4782,222
Truck982316,2777,2942,4570,4782,212
Truck979718,2567,2224,3760,4783,1023
Truck980475,2776,2224,3995,4783,788
Truck980621,2942,1339,4040,4783,743
Truck980613,2566,0,4040,4784,744
Truck981039,3119,2776,4170,4784,614
Truck981491,2443,2942,4315,4784,469
Truck980584,1339,2566,4030,4785,755
Truck981471,3119,2443,4305,4785,480
Truck982791,2683,1339,4720,4785,65
Truck979737,2224,0,3765,4786,1021
Truck980999,2683,2444,4160,4786,626
Truck981850,2684,0,4425,4786,361
Truck982226,2225,2443,4545,4786,241
Truck980693,2566,1339,4065,4787,722
Truck982114,2225,2443,4510,4787,277
Truck982204,2777,2942,4535,4787,252
Truck982220,2777,2942,4540,4787,247
Truck976868,2444,1338,2870,4788,1918
Truck980904,1339,2942,4130,4788,658
Truck980576,0,2942,4030,4789,759
Truck974897,1338,2567,2255,4790,2535
Truck975249,1338,2683,2365,4790,2425
Truck980653,2942,1339,4050,4790,740
Truck982847,3119,2942,4735,4790,55
Truck982910,2943,2942,4755,4790,35
Truck980725,2566,2443,4075,4791,716
Truck981069,2942,2776,4180,4791,611
Truck981391,3119,2443,4280,4792,512
Truck981428,2444,2443,4295,4792,497
Truck981455,3119,2443,4300,4792,492
Truck981503,3119,2443,4315,4792,477
Truck982768,0,2683,4715,4792,77
Truck980629,2566,2683,4045,4793,748
Truck982284,2777,2942,4560,4793,233
Truck980519,2683,2942,4010,4794,784
Truck981256,1339,2444,4240,4795,555
Truck981824,0,2684,4420,4795,375
Truck982267,2776,2443,4555,4795,240
Truck981332,2444,2443,4265,4796,531
Truck981923,2443,2683,4450,4796,346
Truck982252,2777,2942,4550,4796,246
Truck981168,0,2776,4215,4797,582
Truck982194,2225,2443,4535,4797,262
Truck982926,2943,2942,4760,4797,37
Truck974833,1338,1339,2235,4798,2563
Truck974968,1339,1338,2275,4798,2523
Truck975456,0,1338,2430,4798,2368
Truck981268,2444,2443,4245,4798,553
Truck981888,0,2684,4440,4798,358
Truck981991,2683,2225,4470,4798,328
Truck982332,2777,2942,4575,4798,223
Truck980680,1339,2942,4060,4799,739
Truck980311,2683,3119,3945,4800,855
Truck981291,2776,0,4250,4800,550
Truck982942,2943,2942,4765,4800,35
Truck981245,2942,2776,4235,4801,566
Truck981699,2443,2942,4380,4801,421
Truck982210,2225,2444,4540,4801,261
Truck982476,2777,2943,4620,4801,181
Truck983032,1339,2567,4795,4801,6
Truck980949,2566,0,4145,4802,657
Truck975713,1338,2443,2510,4803,2293
Truck981364,2444,2443,4275,4803,528
Truck982176,0,2225,4530,4805,275
Truck982258,2225,2567,4555,4805,250
Truck982460,2777,2942,4615,4805,190
Truck982957,2942,2943,4770,4805,35
Truck980991,3119,2776,4155,4806,651
Truck982003,2443,2683,4475,4806,331
Truck982958,2943,2942,4770,4806,36
Truck977073,1338,2444,2935,4807,1872
Truck982823,2683,0,4730,4807,77
Truck977153,1338,2444,2960,4808,1848
Truck980511,3119,2683,4005,4808,803
Truck980752,0,2566,4085,4808,723
Truck979990,2567,2224,3845,4809,964
Truck981523,2443,2444,4325,4809,484
Truck982871,2683,1339,4745,4809,64
Truck982938,2684,2443,4765,4809,44
Truck981050,2684,2224,4175,4810,635
Truck981942,2567,2684,4455,4811,356
Truck980447,3119,2567,3985,4812,827
Truck981029,2566,2443,4170,4812,642
Truck982178,2225,2443,4530,4812,282
Truck980789,2566,2443,4095,4813,718
Truck980271,3119,0,3930,4814,884
Truck980729,2224,2443,4075,4814,739
Truck982475,2776,2443,4620,4814,194
Truck982990,2943,2942,4780,4815,35
Truck982832,0,2683,4735,4816,81
Truck975768,1339,1338,2525,4817,2292
Truck982927,3119,2942,4760,4817,57
Truck980431,3119,2567,3980,4818,838
Truck980803,2443,2566,4100,4818,718
Truck981143,2683,2444,4205,4818,613
Truck981599,3119,2443,4345,4818,473
Truck981669,2566,2225,4370,4818,448
Truck982425,2224,3119,4605,4819,214
Truck981188,2444,0,4220,4820,600
Truck981296,0,2444,4255,4820,565
Truck975313,1338,2443,2385,4821,2436
Truck980615,2683,2566,4040,4821,781
Truck980297,2224,2776,3940,4822,882
Truck980567,2683,2942,4025,4822,797
Truck980864,0,2566,4120,4822,702
Truck981483,2776,2942,4310,4822,512
Truck981371,2776,2942,4275,4823,548
Truck975409,1338,2443,2415,4824,2409
Truck980709,2566,2443,4070,4824,754
Truck975601,1338,2443,2475,4825,2350
Truck980742,2567,2942,4080,4826,746
Truck982354,2225,2443,4585,4826,241
Truck980704,0,2942,4070,4827,757
Truck981786,2684,2942,4405,4827,422
Truck983022,2943,2942,4790,4827,37
Truck983096,1339,0,4815,4827,12
Truck981243,2776,1339,4235,4828,593
Truck981735,2683,2684,4390,4828,438
Truck983002,2684,2443,4785,4828,43
Truck983110,2567,1339,4820,4828,8
Truck976450,2225,1338,2740,4829,2089
Truck981464,1339,2776,4305,4829,524
Truck981875,2443,2942,4435,4829,394
Truck979705,2224,2567,3755,4830,1075
Truck981232,0,2776,4235,4831,596
Truck982345,2224,2942,4580,4831,251
Truck982396,2777,2942,4595,4831,236
Truck983038,2943,2942,4795,4831,36
Truck975425,1338,2443,2420,4832,2412
Truck982051,2443,0,4490,4832,342
Truck980774,2567,2566,4090,4833,743
Truck981259,2776,2683,4240,4833,593
Truck982412,2777,2942,4600,4833,233
Truck975553,1338,2443,2460,4834,2374
Truck976961,1338,2444,2900,4834,1934
Truck976993,1338,2444,2910,4834,1924
Truck982307,2443,2225,4570,4834,264
Truck975377,1338,2443,2405,4835,2430
Truck981496,1339,2444,4315,4835,520
Truck981588,2444,2443,4345,4835,490
Truck982991,3119,2942,4780,4835,55
Truck975681,1338,1339,2500,4836,2336
Truck981510,2567,2444,4320,4836,516
Truck981798,2567,2444,4410,4836,426
Truck983054,2943,2942,4800,4836,36
Truck982322,2225,2443,4575,4839,264
Truck982588,2777,2943,4655,4839,184
Truck980733,2942,1339,4075,4840,765
Truck982066,2225,2683,4495,4840,345
Truck982348,2777,2942,4580,4840,260
Truck982912,0,2683,4760,4840,80
Truck980624,0,2942,4045,4841,796
Truck980744,1339,2566,4080,4841,761
Truck981017,2224,2443,4165,4841,676
Truck981911,2683,2684,4445,4841,396
Truck982032,0,2684,4485,4841,356
Truck982338,2225,2444,4580,4841,261
Truck983070,2943,2942,4805,4841,36
Truck975169,1338,2443,2340,4842,2502
Truck982147,2443,0,4520,4842,322
Truck982361,2224,2942,4585,4842,257
Truck982386,2225,2443,4595,4843,248
Truck982524,2777,2942,4635,4843,208
Truck982370,2225,2443,4590,4844,254
Truck982104,1339,2684,4505,4845,340
Truck982275,2443,1339,4560,4845,285
Truck980822,2567,2942,4105,4846,741
Truck980856,1339,2942,4115,4846,731
Truck981821,2942,2443,4415,4846,431
Truck982290,2225,2443,4565,4846,281
Truck982402,2225,2443,4600,4846,246
Truck983086,2943,2942,4810,4846,36
Truck979801,2224,2683,3785,4847,1062
Truck981033,2224,2443,4170,4847,677
Truck981738,2684,3119,4390,4847,457
Truck981818,2684,3119,4415,4847,432
Truck975473,1338,1339,2435,4848,2413
Truck980589,2942,2683,4030,4848,818
Truck980781,2942,1339,4090,4848,758
Truck982444,2777,2942,4610,4848,238
Truck982492,2777,2942,4625,4848,223
Truck982951,2683,0,4770,4848,78
Truck975219,2443,1338,2355,4849,2494
Truck981257,2224,2443,4240,4849,609
Truck981843,2443,2942,4425,4850,425
Truck982403,2443,2776,4600,4850,250
Truck983102,2943,2942,4815,4850,35
Truck980551,2683,2942,4020,4851,831
Truck982428,2777,2942,4605,4851,246
Truck981316,2444,2683,4260,4852,592
Truck981414,2567,2776,4290,4852,562
Truck975271,2683,1338,2370,4853,2483
Truck980985,2224,2443,4155,4853,698
Truck982434,2225,2443,4610,4853,243
Truck981444,2444,2443,4300,4854,554
Truck982179,2443,1339,4530,4854,324
Truck980773,2566,2443,4090,4855,765
Truck980821,2566,1339,4105,4855,750
Truck980925,2942,1339,4135,4855,720
Truck981920,0,2684,4450,4855,405
Truck982026,2684,0,4480,4855,375
Truck983015,2683,1339,4790,4855,65
Truck982042,2684,2942,4485,4856,371
Truck982482,2225,2443,4625,4856,231
Truck982644,2444,2566,4675,4856,181
Truck983117,2942,2943,4820,4856,36
Truck983118,2943,2942,4820,4856,36
Truck980661,2566,2683,4055,4857,802
Truck980671,3119,2683,4055,4857,802
Truck982377,2224,2942,4590,4857,267
Truck982450,2225,2443,4615,4858,243
Truck980901,2566,2443,4130,4859,729
Truck982349,2942,2224,4580,4859,279
Truck980965,2566,0,4150,4860,710
Truck981013,2566,2567,4165,4860,695
Truck981791,3119,2443,4405,4860,455
Truck980893,2942,1339,4125,4861,736
Truck981343,3119,2776,4265,4861,596
Truck982531,2443,2776,4640,4861,221
Truck983134,2943,2942,4825,4861,36
Truck975297,1338,2443,2380,4862,2482
Truck976433,1338,2566,2735,4862,2127
Truck981368,1339,2776,4275,4862,587
Truck981451,2776,0,4300,4862,562
Truck981917,2942,2443,4445,4862,417
Truck982093,2942,2443,4500,4862,362
Truck982103,2683,2443,4505,4862,357
Truck976241,1338,2225,2675,4863,2188
Truck980861,2942,2683,4115,4863,748
Truck982074,2684,2942,4495,4863,368
Truck983014,2567,2683,4790,4863,73
Truck983107,2443,2684,4820,4863,43
Truck983114,2684,2443,4820,4863,43
Truck975745,1338,2443,2520,4864,2344
Truck976593,1338,2566,2785,4864,2079
Truck981125,2566,2443,4200,4864,664
Truck981567,3119,2443,4335,4864,529
Truck982115,2443,2567,4510,4864,354
Truck982508,2777,2942,4630,4864,234
Truck983085,2942,3119,4810,4864,54
Truck981583,3119,2443,4340,4865,525
Truck981914,2684,2942,4445,4865,420
Truck980776,1339,2942,4090,4866,776
Truck982294,2567,2443,4565,4866,301
Truck981927,2683,2684,4450,4867,417
Truck982086,2567,2684,4500,4867,367
Truck981994,2684,2683,4470,4868,398
Truck982514,2225,1339,4635,4868,233
Truck980997,2566,1339,4160,4869,709
Truck980886,2567,2566,4125,4870,745
Truck981157,2566,2443,4210,4870,660
Truck982500,2444,2225,4630,4870,240
Truck983166,2943,2942,4835,4870,35
Truck975585,1338,2443,2470,4872,2402
Truck980869,2566,2443,4120,4872,752
Truck981667,2443,2444,4370,4872,502
Truck981355,2776,1339,4270,4873,603
Truck981882,2684,3119,4435,4873,438
Truck983222,2567,0,4855,4873,18
Truck976737,1338,2225,2830,4874,2044
Truck980695,2683,2566,4065,4874,809
Truck982192,0,2684,4535,4874,339
Truck983254,2567,1339,4865,4874,9
Truck975233,1338,2443,2360,4875,2515
Truck975880,1339,1338,2560,4875,2315
Truck977092,2444,1338,2940,4875,1935
Truck980981,2566,1339,4155,4875,720
Truck982459,2776,2443,4615,4875,260
Truck982488,1339,2225,4625,4875,250
Truck982604,2777,2942,4660,4875,215
Truck982654,2943,2777,4675,4875,200
Truck981700,2444,2443,4380,4876,496
Truck983182,2943,2942,4840,4876,36
Truck976513,1338,2566,2760,4878,2118
Truck980703,3119,1339,4065,4878,813
Truck982355,2443,2225,4585,4878,293
Truck982667,2776,2684,4680,4878,198
Truck983119,3119,2942,4820,4878,58
Truck975201,1338,2443,2350,4879,2529
Truck975379,2443,1338,2405,4879,2474
Truck981623,2683,2444,4355,4879,524
Truck981853,2942,2443,4425,4879,454
Truck982266,2684,2942,4555,4879,324
Truck983162,2684,2443,4835,4879,44
Truck982578,2225,2444,4655,4880,225
Truck981860,2444,2443,4430,4881,451
Truck982135,2683,2684,4515,4883,368
Truck982633,2224,3119,4670,4883,213
Truck983078,2567,2683,4810,4883,73
Truck977169,1338,2444,2965,4884,1919
Truck980903,2683,2942,4130,4884,754
Truck980933,2566,2443,4140,4884,744
Truck981061,2566,2443,4180,4884,704
Truck981802,2684,3119,4410,4884,474
Truck975617,1338,2443,2480,4885,2405
Truck980800,0,2566,4100,4885,785
Truck982539,2776,2443,4640,4885,245
Truck983079,2683,0,4810,4885,75
Truck981859,2443,2942,4430,4886,456
Truck982448,0,2225,4615,4886,271
Truck982540,2777,2942,4640,4886,246
Truck983214,2943,2942,4850,4886,36
Truck981955,2443,2942,4460,4887,427
Truck982572,2777,2942,4650,4887,237
Truck982061,2942,2443,4490,4888,398
Truck981919,3119,2443,4445,4889,444
Truck982136,1339,2684,4515,4889,374
Truck982182,2567,2684,4530,4889,359
Truck982635,2776,2443,4670,4889,219
Truck983094,2567,2683,4815,4889,74
Truck975767,2683,1338,2525,4891,2366
Truck979991,2683,2224,3845,4891,1046
Truck981668,2444,2683,4370,4891,521
Truck982186,2684,2567,4530,4891,361
Truck983230,2943,2942,4855,4891,36
Truck981504,0,2444,4320,4892,572
Truck982122,2684,2942,4510,4892,382
Truck982418,2225,2443,4605,4892,287
Truck981072,0,2566,4185,4893,708
Truck982031,3119,2684,4480,4893,413
Truck982636,2777,2943,4670,4893,223
Truck981145,2224,2443,4205,4894,689
Truck982211,2443,0,4540,4894,354
Truck983286,2567,0,4875,4894,19
Truck975265,1338,2443,2370,4895,2525
Truck979863,2683,2224,3805,4895,1090
Truck982556,2777,2942,4645,4895,250
Truck982557,2942,2777,4645,4895,250
Truck980151,2683,2224,3895,4896,1001
Truck980168,1339,2224,3900,4896,996
Truck982466,2225,2567,4620,4896,276
Truck983246,2943,2942,4860,4896,36
Truck975639,2683,1338,2485,4897,2412
Truck977204,2444,1338,2975,4897,1922
Truck981874,2225,2566,4435,4897,462
Truck981939,2443,2942,4455,4897,442
Truck983334,2567,1339,4890,4897,7
Truck980896,0,2566,4130,4898,768
Truck983183,3119,2942,4840,4898,58
Truck982071,2683,2684,4495,4899,404
Truck981652,2444,2443,4365,4900,535
Truck981780,2444,2443,4405,4900,495
Truck982732,2777,2942,4700,4900,200
Truck983262,2943,2942,4865,4900,35
Truck982546,2225,1339,4645,4901,256
Truck982668,2777,2942,4680,4901,221
Truck981302,2567,2942,4255,4903,648
Truck983127,2683,0,4825,4903,78
Truck983242,2684,2443,4860,4903,43
Truck981176,1339,2566,4215,4904,689
Truck976626,2225,1338,2795,4905,2110
Truck981113,2224,2443,4195,4905,710
Truck981933,2942,2443,4450,4905,455
Truck982610,2225,2443,4665,4905,240
Truck980719,3119,2683,4070,4906,836
Truck980951,2683,2942,4145,4906,761
Truck982652,2777,2942,4675,4906,231
Truck983278,2943,2942,4870,4906,36
Truck975366,2567,1338,2400,4907,2507
Truck981235,2443,2224,4235,4907,672
Truck982274,2225,2683,4560,4907,347
Truck982498,2225,2567,4630,4907,277
Truck976305,1338,2443,2695,4909,2214
Truck981046,2567,2566,4175,4909,734
Truck981253,2566,2443,4240,4909,669
Truck981556,2444,2443,4335,4909,574
Truck982106,2684,2942,4505,4909,404
Truck982240,0,2684,4550,4909,359
Truck981517,2942,2776,4320,4910,590
Truck981526,2567,2444,4325,4910,585
Truck981595,2776,2683,4345,4910,565
Truck982523,2776,2443,4635,4910,275
Truck982537,2224,2942,4640,4910,270
Truck983294,2943,2942,4875,4910,35
Truck982571,2776,2443,4650,4911,261
Truck983382,2567,1339,4905,4913,8
Truck980880,0,2942,4125,4914,789
Truck980950,2567,2942,4145,4914,769
Truck981542,2567,2444,4330,4914,584
Truck982620,2777,2942,4665,4914,249
Truck982814,2943,2777,4725,4914,189
Truck983152,0,2683,4835,4914,79
Truck976817,1338,2566,2855,4915,2060
Truck977524,2444,1338,3075,4915,1840
Truck982697,2224,2942,4690,4915,225
Truck975441,1338,2443,2425,4916,2491
Truck981659,2776,2942,4365,4916,551
Truck983207,2683,1339,4850,4916,66
Truck983310,2943,2942,4880,4916,36
Truck981077,2566,2567,4185,4917,732
Truck981887,3119,2443,4435,4917,482
Truck982658,2225,2567,4680,4917,237
Truck982707,2443,2225,4695,4917,222
Truck983398,2567,1339,4910,4917,7
Truck981572,2444,2443,4340,4918,578
Truck982109,2942,2443,4505,4918,413
Truck982154,2684,2942,4520,4918,398
Truck982748,2777,2942,4705,4918,213
Truck982083,2443,2942,4500,4919,419
Truck983366,2567,0,4900,4919,19
Truck976049,1338,2443,2615,4920,2305
Truck980863,3119,2567,4115,4920,805
Truck981177,2224,2443,4215,4920,705
Truck980057,2224,1339,3865,4921,1056
Truck981111,2683,2942,4195,4921,726
Truck981492,2444,2683,4315,4921,606
Truck981871,3119,2443,4430,4921,491
Truck982138,2684,2942,4515,4921,406
Truck983326,2943,2942,4885,4921,36
Truck975777,1338,2443,2530,4922,2392
Truck979975,2683,2224,3840,4922,1082
Truck981663,3119,2776,4365,4922,557
Truck975159,2683,1338,2335,4923,2588
Truck980808,1339,3119,4100,4923,823
Truck982489,2224,2942,4625,4924,299
Truck981779,2443,2444,4405,4925,520
Truck982224,0,2684,4545,4925,380
Truck982684,2777,2942,4685,4925,240
Truck975744,0,1338,2520,4926,2406
Truck981063,2683,2942,4180,4926,746
Truck981397,2566,2443,4285,4926,641
Truck982700,2777,2942,4690,4926,236
Truck982796,2777,2942,4720,4926,206
Truck983342,2943,2942,4890,4926,36
Truck981748,2444,2443,4395,4927,532
Truck981830,2567,2444,4420,4927,507
Truck982358,2567,2443,4585,4927,342
Truck982825,2224,3119,4730,4927,197
Truck975633,1338,1339,2485,4928,2443
Truck980912,0,2942,4135,4928,793
Truck981024,0,2942,4170,4929,759
Truck981171,2443,2224,4215,4929,714
Truck981796,2444,2443,4410,4929,519
Truck982779,2776,2443,4715,4929,214
Truck977284,2444,1338,3000,4930,1930
Truck980967,2683,2566,4150,4930,780
Truck981045,2566,2567,4175,4930,755
Truck982440,1339,2443,4610,4930,320
Truck975393,1338,1339,2410,4931,2521
Truck981078,2567,2566,4185,4931,746
Truck981732,2444,2443,4390,4931,541
Truck983358,2943,2942,4895,4931,36
Truck977089,1338,2444,2940,4932,1992
Truck981551,3119,2776,4330,4933,603
Truck981764,2444,2443,4400,4933,533
Truck981908,2444,2443,4445,4933,488
Truck982218,2684,2683,4540,4933,393
Truck982690,2225,2443,4690,4934,244
Truck982722,2225,2443,4700,4934,234
Truck982780,2777,2942,4715,4934,219
Truck983338,2684,2443,4890,4934,44
Truck980135,2683,2224,3890,4935,1045
Truck981627,2776,2942,4355,4935,580
Truck981827,2443,3119,4420,4935,515
Truck981956,2444,2443,4460,4935,475
Truck983374,2943,2942,4900,4935,35
Truck975009,1338,2683,2290,4936,2646
Truck975329,1338,2683,2390,4936,2546
Truck981015,2683,2942,4165,4936,771
Truck981203,2443,2566,4225,4936,711
Truck982189,2942,2443,4530,4936,406
Truck980377,2224,0,3965,4937,972
Truck981005,2942,1339,4160,4938,778
Truck982250,2684,2942,4550,4938,388
Truck983271,2683,1339,4870,4938,68
Truck980824,1339,3119,4105,4939,834
Truck982716,2777,2942,4695,4939,244
Truck982894,2943,2777,4750,4939,189
Truck981269,2566,2567,4245,4940,695
Truck981285,2566,2443,4250,4940,690
Truck982253,2942,2684,4550,4940,390
Truck982905,2224,3119,4755,4940,185
Truck983390,2943,2942,4905,4940,35
Truck981547,2776,2942,4330,4941,611
Truck975793,1338,2443,2535,4942,2407
Truck982795,2776,2684,4720,4942,222
Truck982470,2567,2443,4620,4943,323
Truck982764,2777,2942,4710,4943,233
Truck983370,2684,2443,4900,4943,43
Truck975670,2567,1338,2495,4944,2449
Truck977297,1338,2444,3005,4944,1939
Truck981716,2444,2443,4385,4944,559
Truck981776,0,2444,4405,4944,539
Truck982314,2684,2683,4570,4945,375
Truck982675,2443,2225,4685,4945,260
Truck982815,3119,2224,4725,4945,220
Truck975367,2683,1338,2400,4946,2546
Truck982594,2225,2443,4660,4946,286
Truck983406,2943,2942,4910,4946,36
Truck976594,2225,1338,2785,4947,2162
Truck982706,2225,1339,4695,4947,252
Truck982339,2443,0,4580,4948,368
Truck982547,2443,1339,4645,4948,303
Truck983386,2684,2443,4905,4948,43
Truck983494,2567,1339,4940,4948,8
Truck976577,1338,2225,2780,4949,2169
Truck982397,2942,2684,4595,4949,354
Truck980121,2224,0,3885,4950,1065
Truck981856,0,2444,4430,4950,520
Truck981736,1339,2776,4390,4951,561
Truck983359,3119,2942,4895,4951,56
Truck983422,2943,2942,4915,4952,37
Truck975848,1339,1338,2550,4953,2403
Truck981141,2566,2443,4205,4953,748
Truck981691,2776,2942,4375,4953,578
Truck982715,2776,2443,4695,4953,258
Truck981208,1339,2942,4225,4954,729
Truck981221,2566,2443,4230,4954,724
Truck982195,2443,2942,4535,4954,419
Truck982674,2225,2444,4685,4954,269
Truck983302,2567,2683,4880,4954,74
Truck977316,2444,1338,3010,4955,1945
Truck981189,2566,2443,4220,4955,735
Truck982787,2443,2776,4720,4955,235
Truck982812,2777,2942,4725,4957,232
Truck982860,2777,2942,4740,4957,217
Truck983438,2943,2942,4920,4957,37
Truck981117,2942,1339,4195,4958,763
Truck981958,2567,2776,4460,4959,499
Truck982035,2443,3119,4485,4959,474
Truck982205,2942,2443,4535,4959,424
Truck982344,1339,2684,4580,4959,379
Truck982544,0,2225,4645,4959,314
Truck982612,2444,2225,4665,4959,294
Truck983454,2943,2942,4925,4960,35
Truck975942,2567,1338,2580,4961,2381
Truck979944,1339,2224,3830,4961,1131
Truck982467,2443,0,4620,4961,341
Truck982551,2683,2225,4645,4961,316
Truck982708,2444,2225,4695,4961,266
Truck980791,2683,3119,4095,4962,867
Truck980919,2683,2942,4135,4962,827
Truck982579,2443,2225,4655,4962,307
Truck981267,2443,2566,4245,4963,718
Truck981349,2566,2443,4270,4963,693
Truck982611,2443,1339,4665,4963,298
Truck982755,2443,2225,4710,4963,253
Truck975857,1338,2443,2555,4964,2409
Truck975894,2567,1338,2565,4964,2399
Truck981321,2224,2443,4260,4964,704
Truck981331,2443,2566,4265,4964,699
Truck982592,0,2443,4660,4964,304
Truck981101,2942,1339,4190,4965,775
Truck981499,2776,0,4315,4965,650
Truck982243,2443,2942,4550,4965,415
Truck982520,1339,2443,4635,4965,330
Truck983407,3119,2942,4910,4965,55
Truck975521,1338,2443,2450,4966,2516
Truck982828,2777,2942,4730,4966,236
Truck982844,2777,2942,4735,4966,231
Truck983470,2943,2942,4930,4966,36
Truck981286,2567,2942,4250,4967,717
Truck981403,2776,3119,4285,4967,682
Truck981892,2444,2443,4440,4967,527
Truck982394,2684,1339,4595,4967,372
Truck975537,1338,2683,2455,4968,2513
Truck980889,2224,2776,4125,4970,845
Truck981241,2224,2443,4235,4971,736
Truck981401,2224,2443,4285,4971,686
Truck982790,2567,2225,4720,4971,251
Truck982876,2777,2942,4745,4971,226
Truck982530,2225,2683,4640,4972,332
Truck981563,2776,0,4335,4973,638
Truck981158,2567,2942,4210,4974,764
Truck982020,2444,2443,4480,4974,494
Truck982595,2443,0,4660,4974,314
Truck982834,2225,2443,4735,4974,239
Truck982843,2776,2443,4735,4974,239
Truck982202,2684,3119,4535,4975,440
Truck981578,2684,2224,4340,4976,636
Truck981720,1339,2776,4385,4976,591
Truck982739,2443,2225,4705,4976,271
Truck982809,2224,2942,4725,4976,251
Truck983344,0,2683,4895,4976,81
Truck983502,2943,2942,4940,4976,36
Truck981032,1339,3119,4170,4977,807
Truck982786,2225,2443,4720,4977,257
Truck982965,2566,2444,4775,4977,202
Truck980793,2224,2776,4095,4978,883
Truck981353,2224,2443,4270,4978,708
Truck981432,1339,2942,4295,4978,683
Truck981979,2776,0,4465,4978,513
Truck976449,1338,2566,2740,4979,2239
Truck980408,1339,2224,3975,4979,1004
Truck983006,2943,2777,4785,4980,195
Truck981104,0,2942,4195,4981,786
Truck981333,2566,2443,4265,4981,716
Truck981819,2776,0,4415,4981,566
Truck982330,2684,2567,4575,4981,406
Truck983518,2943,2942,4945,4981,36
Truck977025,1338,2566,2920,4982,2062
Truck981160,1339,2566,4210,4982,772
Truck981497,2224,2443,4315,4982,667
Truck981901,2942,2776,4440,4982,542
Truck981261,2942,1339,4240,4983,743
Truck982802,2225,2443,4725,4983,258
Truck982829,2942,2777,4730,4983,253
Truck981707,2776,2942,4380,4985,605
Truck982947,2443,2225,4770,4985,215
Truck983469,2942,3119,4930,4985,55
Truck980918,2567,3119,4135,4986,851
Truck981088,0,3119,4190,4986,796
Truck981181,2942,0,4215,4986,771
Truck981679,3119,2776,4370,4986,616
Truck982008,1339,2776,4475,4986,511
Truck982879,3119,2224,4745,4986,241
Truck982972,2777,2942,4775,4986,211
Truck983534,2943,2942,4950,4986,36
Truck981248,0,2942,4240,4987,747
Truck982490,2684,1339,4625,4987,362
Truck982486,2567,2443,4625,4988,363
Truck975969,1338,0,2590,4989,2399
Truck976209,1338,2443,2665,4989,2324
Truck976496,0,1338,2755,4990,2235
Truck981136,0,2942,4205,4990,785
Truck981080,1339,2942,4185,4991,806
Truck981926,2567,2444,4450,4991,541
Truck983550,2943,2942,4955,4991,36
Truck983640,1339,2567,4985,4991,6
Truck981924,2444,2443,4450,4992,542
Truck981940,2444,2443,4455,4992,537
Truck981972,2444,2443,4465,4992,527
Truck982777,2224,2942,4715,4992,277
Truck983624,1339,0,4980,4992,12
Truck980455,2683,2224,3990,4993,1003
Truck981519,3119,2776,4320,4993,673
Truck982754,2225,2443,4710,4993,283
Truck982924,2777,2942,4760,4993,233
Truck982223,3119,2443,4540,4994,454
Truck982770,2225,1339,4715,4994,279
Truck982841,2224,2942,4735,4994,259
Truck982163,2443,2942,4525,4995,470
Truck975776,0,1338,2530,4996,2466
Truck980329,2224,1339,3950,4996,1046
Truck981876,2444,0,4435,4996,561
Truck983503,3119,2942,4940,4996,56
Truck982381,2942,2443,4590,4997,407
Truck981109,2566,2443,4195,4998,803
Truck982043,2776,1339,4485,4998,513
Truck982483,2443,2942,4625,4998,373
Truck983654,2567,1339,4990,4998,8
Truck981197,2942,1339,4220,4999,779
Truck981319,2683,2566,4260,4999,739
Truck983020,2777,2942,4790,4999,209
Truck976881,1338,2566,2875,5000,2125
Truck977061,2566,1338,2930,5000,2070
Truck981191,2683,2942,4220,5000,780
Truck981433,2224,2443,4295,5000,705
Truck981509,2566,2443,4320,5000,680
Truck982956,2777,2942,4770,5000,230
Truck983582,2943,2942,4965,5000,35
Truck981301,2566,2443,4255,5001,746
Truck983065,2224,3119,4805,5001,196
Truck980438,2567,2224,3985,5002,1017
Truck981931,2776,2942,4450,5003,553
Truck982333,2942,2443,4575,5003,428
Truck982892,2777,2942,4750,5003,253
Truck983463,2683,2567,4930,5003,73
Truck983555,2443,2684,4960,5003,43
Truck981237,2566,2683,4235,5004,769
Truck981344,0,2566,4270,5004,734
Truck981165,2942,2567,4210,5005,795
Truck983598,2943,2942,4970,5005,35
Truck981392,0,2566,4285,5006,721
Truck983495,2683,1339,4940,5006,66
Truck981135,3119,1339,4200,5007,807
Truck981247,3119,2567,4235,5007,772
Truck981478,2567,2942,4310,5007,697
Truck982127,3119,2443,4510,5007,497
Truck982285,2942,2684,4560,5007,447
Truck982371,2443,2942,4590,5007,417
Truck981336,1339,2942,4265,5008,743
Truck981947,2776,1339,4455,5008,553
Truck982458,2684,2942,4615,5008,393
Truck982899,2443,2776,4755,5008,253
Truck983003,2776,2684,4785,5008,223
Truck983150,2943,2777,4830,5008,178
Truck982068,2444,2443,4495,5009,514
Truck982940,2777,2942,4765,5009,244
Truck982974,2943,2777,4775,5009,234
Truck981475,2443,2566,4310,5010,700
Truck981571,2443,2224,4340,5010,670
Truck982175,3119,2443,4525,5010,485
Truck983551,3119,2942,4955,5010,55
Truck977681,1338,2444,3125,5011,1886
Truck981238,2567,2942,4235,5011,776
Truck982111,3119,2443,4505,5011,506
Truck982908,2777,2942,4755,5011,256
Truck982988,2777,2942,4780,5011,231
Truck982771,2443,2567,4715,5012,297
Truck983614,2943,2942,4975,5012,37
Truck980393,2224,0,3970,5013,1043
Truck981365,2566,2443,4275,5013,738
Truck982291,2443,2942,4565,5013,448
Truck983036,2777,2942,4795,5013,218
Truck983198,2943,2777,4845,5013,168
Truck981992,1339,2776,4470,5014,544
Truck982269,2942,2443,4555,5014,459
Truck982978,2225,2443,4780,5014,234
Truck980262,2567,2224,3930,5015,1085
Truck982004,2444,0,4475,5015,540
Truck982850,2225,2567,4740,5015,275
Truck981658,2684,2224,4365,5016,651
Truck981883,2776,2942,4435,5016,581
Truck982282,2684,2683,4560,5016,456
Truck983052,2777,2942,4800,5016,216
Truck983630,2943,2942,4980,5016,36
Truck982335,3119,2684,4575,5017,442
Truck982502,2567,2684,4630,5017,387
Truck977729,1338,2444,3140,5018,1878
Truck981463,2683,2942,4305,5019,714
Truck982866,2225,2443,4745,5019,274
Truck982889,2224,2942,4750,5019,269
Truck983610,2684,2443,4975,5019,44
Truck981513,2224,2443,4320,5020,700
Truck982143,3119,2443,4515,5020,505
Truck982602,2684,0,4660,5020,360
Truck983646,2943,2942,4985,5020,35
Truck976897,1338,2225,2880,5021,2141
Truck981325,2942,0,4260,5021,761
Truck981641,2224,2684,4360,5021,661
Truck982930,2225,2443,4765,5021,256
Truck981062,2567,3119,4180,5022,842
Truck981465,2224,2443,4305,5022,717
Truck982519,2683,2443,4635,5022,387
Truck982298,2684,3119,4565,5023,458
Truck983018,2684,2776,4790,5023,233
Truck983504,0,2683,4945,5023,78
Truck981895,2683,2444,4440,5024,584
Truck981637,2566,2443,4360,5025,665
Truck983662,2943,2942,4990,5025,35
Truck981415,2683,2942,4290,5026,736
Truck981389,2942,2683,4280,5027,747
Truck981632,0,2942,4360,5027,667
Truck980504,1339,2224,4005,5028,1023
Truck981988,2444,2683,4470,5028,558
Truck982378,2684,2942,4590,5028,438
Truck983113,2224,3119,4820,5028,208
Truck975352,1339,1338,2395,5029,2634
Truck981382,2567,2942,4280,5029,749
Truck981528,1339,2566,4325,5029,704
Truck981771,2776,3119,4400,5029,629
Truck980616,1339,2224,4040,5030,990
Truck981529,2224,2443,4325,5030,705
Truck982819,2443,1339,4730,5030,300
Truck983004,2777,2942,4785,5030,245
Truck983043,2443,2225,4800,5030,230
Truck976081,1338,0,2625,5032,2407
Truck976645,2566,1338,2800,5032,2232
Truck982882,2225,2443,4750,5032,282
Truck983678,2943,2942,4995,5032,37
Truck981995,2776,0,4470,5033,563
Truck982914,2225,2443,4760,5033,273
Truck980416,0,2224,3980,5034,1054
Truck983259,2776,2684,4865,5034,169
Truck983766,2567,1339,5025,5034,9
Truck982835,2443,0,4735,5035,300
Truck983728,0,2567,5015,5035,20
Truck981573,2566,2443,4340,5036,696
Truck981975,2683,2444,4465,5036,571
Truck983068,2777,2942,4805,5036,231
Truck983140,2444,2566,4830,5036,206
Truck978036,2444,1338,3235,5037,1802
Truck981801,2224,2684,4410,5037,627
Truck982723,2443,2683,4700,5037,337
Truck983694,2943,2942,5000,5037,37
Truck981440,0,2942,4300,5038,738
Truck982055,2683,2776,4490,5038,548
Truck982907,2776,2443,4755,5038,283
Truck981899,2776,2683,4440,5039,599
Truck982352,0,2444,4585,5039,454
Truck982946,2225,2567,4770,5039,269
Truck983744,0,2567,5020,5039,19
Truck981416,1339,2942,4290,5040,750
Truck983674,2684,2443,4995,5040,45
Truck983710,2943,2942,5005,5040,35
Truck981593,2224,2443,4345,5041,696
Truck983084,2777,2942,4810,5041,231
Truck981320,1339,2942,4260,5042,782
Truck981657,2224,2443,4365,5042,677
Truck981915,2776,2942,4445,5043,598
Truck980473,2224,1339,3995,5044,1049
Truck981448,1339,2942,4300,5044,744
Truck981943,2683,2776,4455,5044,589
Truck983100,2777,2942,4815,5044,229
Truck983568,0,2683,4965,5044,79
Truck982969,2224,2942,4775,5045,270
Truck983726,2943,2942,5010,5045,35
Truck976353,1338,2443,2710,5046,2336
Truck981831,2683,2776,4420,5046,626
Truck982477,2942,2443,4620,5046,426
Truck982306,2225,2566,4570,5047,477
Truck983116,2777,2942,4820,5047,227
Truck983180,2777,2942,4840,5047,207
Truck982308,2444,2443,4570,5048,478
Truck981357,2942,0,4270,5049,779
Truck983209,2224,3119,4850,5049,199
Truck981417,2224,2443,4290,5051,761
Truck983001,2224,2942,4785,5051,266
Truck983742,2943,2942,5015,5051,36
Truck981855,3119,2776,4425,5052,627
Truck982383,3119,2443,4590,5052,462
Truck982650,2684,2942,4675,5052,377
Truck982800,0,2225,4725,5052,327
Truck975825,1338,2443,2545,5053,2508
Truck982255,3119,2443,4550,5053,503
Truck983715,2443,2684,5010,5053,43
Truck981369,2224,2443,4275,5054,779
Truck982011,2776,0,4475,5054,579
Truck982824,1339,2443,4730,5054,324
Truck980521,2224,2567,4010,5055,1045
Truck981609,2224,2443,4350,5055,705
Truck981673,2224,2443,4370,5057,687
Truck983026,2225,2443,4795,5057,262
Truck983196,2777,2942,4845,5057,212
Truck982453,2566,2225,4615,5058,443
Truck981341,2942,0,4265,5059,794
Truck981597,2942,0,4345,5059,714
Truck981749,2566,0,4395,5059,664
Truck981879,2683,2444,4435,5059,624
Truck983148,2777,2942,4830,5059,229
Truck981183,3119,0,4215,5061,846
Truck981685,2566,2567,4375,5062,687
Truck982084,2444,1339,4500,5062,562
Truck982212,2444,2443,4540,5062,522
Truck983774,2943,2942,5025,5062,37
Truck982052,2444,2567,4490,5063,573
Truck982244,2444,2443,4550,5063,513
Truck982694,2567,2684,4690,5063,373
Truck981381,2566,2567,4280,5064,784
Truck981717,2566,2443,4385,5064,679
Truck982096,0,2444,4505,5064,559
Truck983632,0,2683,4985,5064,79
Truck982167,2683,2776,4525,5065,540
Truck982451,2443,2942,4615,5066,451
Truck983790,2943,2942,5030,5066,36
Truck977233,1338,2444,2985,5067,2082
Truck982509,2942,2443,4630,5067,437
Truck983123,2443,2776,4825,5067,242
Truck983880,1339,2567,5060,5067,7
Truck981400,1339,2566,4285,5068,783
Truck981541,2566,2443,4330,5068,738
Truck982280,1339,2444,4560,5068,508
Truck982682,2684,2683,4685,5068,383
Truck983081,2224,2942,4810,5068,258
Truck983131,2776,2443,4825,5068,243
Truck983770,2684,2443,5025,5068,43
Truck981445,2566,0,4300,5069,769
Truck982562,2225,2566,4650,5070,420
Truck983177,2224,2942,4840,5070,230
Truck976946,2225,1338,2895,5071,2176
Truck982627,2443,2942,4670,5071,401
Truck982886,2567,2443,4750,5071,321
Truck983703,2683,1339,5005,5071,66
Truck982999,2683,2225,4785,5072,287
Truck983806,2943,2942,5035,5072,37
Truck977301,2566,1338,3005,5073,2068
Truck981312,0,2942,4260,5073,813
Truck981205,2566,2683,4225,5074,849
Truck982527,3119,2443,4635,5074,439
Truck982618,2684,2942,4665,5074,409
Truck981405,2942,0,4285,5075,790
Truck982463,3119,2684,4615,5075,460
Truck976385,1338,2443,2720,5076,2356
Truck982164,2444,2443,4525,5076,551
Truck980697,2224,1339,4065,5077,1012
Truck981605,2566,2443,4350,5077,727
Truck983164,2777,2942,4835,5077,242
Truck983225,2224,3119,4855,5077,222
Truck983822,2943,2942,5040,5077,37
Truck982196,2444,2443,4535,5078,543
Truck982589,2942,2443,4655,5078,423
Truck982858,2684,2942,4740,5078,338
Truck983483,2776,2684,4935,5078,143
Truck982792,1339,2684,4720,5079,359
Truck983910,2567,1339,5070,5079,9
Truck976065,1338,2443,2620,5080,2460
Truck981424,0,2942,4295,5080,785
Truck983802,2684,2443,5035,5080,45
Truck977106,2225,1338,2945,5081,2136
Truck981653,2566,2443,4365,5081,716
Truck983775,3119,2942,5025,5081,56
Truck975697,1338,0,2505,5082,2577
Truck982116,2444,2567,4510,5082,572
Truck982160,0,2776,4525,5082,557
Truck982237,2942,2776,4545,5082,537
Truck982372,2444,2443,4590,5082,492
Truck983307,2776,2443,4880,5082,202
Truck983292,2777,2942,4875,5083,208
Truck983718,2567,2683,5010,5083,73
Truck983926,2567,1339,5075,5083,8
Truck978193,1338,2444,3285,5084,1799
Truck981795,2443,2566,4410,5084,674
Truck982107,2776,2683,4505,5084,579
Truck983818,2684,2443,5040,5084,44
Truck976113,1338,0,2635,5085,2450
Truck981408,0,2942,4290,5085,795
Truck981881,2224,2443,4435,5085,650
Truck982399,3119,2443,4595,5085,490
Truck983132,2777,2942,4825,5085,260
Truck983365,2566,2444,4900,5085,185
Truck976001,1338,2443,2600,5086,2486
Truck983122,2225,2443,4825,5086,261
Truck983854,2943,2942,5050,5087,37
Truck981962,2684,2224,4460,5088,628
Truck982415,3119,2443,4600,5088,488
Truck983108,2444,2225,4820,5088,268
Truck981225,2224,2776,4230,5089,859
Truck982351,3119,2443,4580,5089,509
Truck983767,2683,1339,5025,5089,64
Truck975761,1338,1339,2525,5091,2566
Truck981495,2683,2942,4315,5091,776
Truck981769,2224,2684,4400,5091,691
Truck983870,2943,2942,5055,5091,36
Truck983058,2225,2443,4805,5092,287
Truck983147,2776,2443,4830,5092,262
Truck983179,2776,2443,4840,5092,252
Truck983315,2443,2776,4885,5092,207
Truck981429,2566,2683,4295,5093,798
Truck981437,2942,2683,4295,5093,798
Truck982645,2566,2225,4675,5093,418
Truck982659,2443,2942,4680,5093,413
Truck982962,2225,2683,4775,5093,318
Truck983010,2225,0,4790,5093,303
Truck983212,2777,2942,4850,5093,243
Truck983240,1339,2225,4860,5093,233
Truck983244,2777,2942,4860,5093,233
Truck980873,2224,2567,4120,5094,974
Truck981867,2776,3119,4430,5094,664
Truck982173,2942,2776,4525,5094,569
Truck982499,2443,2444,4630,5094,464
Truck983266,2225,2443,4870,5094,224
Truck978292,2444,1338,3315,5095,1780
Truck980713,2224,2567,4070,5095,1025
Truck981456,0,2942,4305,5095,790
Truck982187,2776,2942,4530,5095,565
Truck983090,2225,2443,4815,5095,280
Truck983823,3119,2942,5040,5095,55
Truck976145,1338,2443,2645,5096,2451
Truck976177,1338,2443,2655,5096,2441
Truck981439,3119,0,4295,5096,801
Truck981654,2567,2942,4365,5096,731
Truck982720,0,2684,4700,5096,396
Truck982994,2225,2683,4785,5096,311
Truck981683,2443,2224,4375,5097,722
Truck982276,2444,1339,4560,5097,537
Truck982324,2444,2567,4575,5097,522
Truck983227,2776,2443,4855,5097,242
Truck983886,2943,2942,5060,5097,37
Truck983952,0,1339,5085,5097,12
Truck982119,2683,2776,4510,5099,589
Truck982235,2776,2567,4545,5099,554
Truck982685,2942,2443,4685,5099,414
Truck982807,2683,2443,4725,5099,374
Truck982883,2443,1339,4750,5099,349
Truck983901,2942,2943,5065,5099,34
Truck981527,2683,2942,4325,5100,775
Truck982180,2444,2443,4530,5100,570
Truck982746,2684,2683,4705,5100,395
Truck982420,2444,2443,4605,5101,496
Truck983783,2683,2567,5030,5101,71
Truck976161,1338,2443,2650,5102,2452
Truck981590,2567,2942,4345,5102,757
Truck982132,2444,2443,4515,5102,587
Truck983902,2943,2942,5065,5102,37
Truck976129,1338,2443,2640,5103,2463
Truck982323,2443,3119,4575,5103,528
Truck983800,1339,2683,5035,5103,68
Truck981167,3119,2683,4210,5104,894
Truck982347,2776,1339,4580,5104,524
Truck975856,0,1338,2555,5105,2550
Truck982468,2444,2443,4620,5105,485
Truck983042,2225,2567,4800,5105,305
Truck983092,2444,2225,4815,5105,290
Truck983337,2224,3119,4890,5105,215
Truck983855,3119,2942,5050,5105,55
Truck976689,1338,2443,2815,5106,2291
Truck980841,2224,0,4110,5106,996
Truck983918,2943,2942,5070,5106,36
Truck981383,2683,2942,4280,5107,827
Truck981817,2224,2443,4415,5107,692
Truck981613,2942,2683,4350,5108,758
Truck982379,2776,2942,4590,5108,518
Truck982563,2443,3119,4650,5108,458
Truck983106,2225,2443,4820,5108,288
Truck983276,2777,2942,4870,5108,238
Truck983308,2777,2942,4880,5108,228
Truck983898,2684,2443,5065,5108,43
Truck981763,2443,2224,4400,5109,709
Truck982698,2684,3119,4690,5109,419
Truck983974,2567,0,5090,5109,19
Truck976369,1338,2443,2715,5110,2395
Truck983934,2943,2942,5075,5110,35
Truck975937,1338,2443,2580,5111,2531
Truck981701,2566,2443,4380,5111,731
Truck982260,2444,2567,4555,5111,556
Truck983193,2224,2942,4845,5111,266
Truck980761,2224,2567,4085,5112,1027
Truck983428,2444,2566,4920,5112,192
Truck976017,1338,2683,2605,5113,2508
Truck976321,1338,0,2700,5113,2413
Truck981575,2683,2942,4340,5113,773
Truck982331,2776,2942,4575,5113,538
Truck976417,1338,2443,2730,5114,2384
Truck982292,2444,2567,4565,5114,549
Truck981977,2224,2443,4465,5115,650
Truck982479,3119,2443,4620,5115,495
Truck982986,2684,2567,4780,5115,335
Truck983814,2567,2683,5040,5115,75
Truck983885,2942,3119,5060,5115,55
Truck982474,2684,3119,4620,5116,496
Truck982928,0,2684,4765,5116,351
Truck983126,2567,2443,4825,5116,291
Truck983170,2225,2443,4840,5116,276
Truck983950,2943,2942,5080,5116,36
Truck982203,2776,1339,4535,5117,582
Truck982919,2683,2225,4760,5117,357
Truck983208,1339,2225,4850,5117,267
Truck983228,2777,2942,4855,5117,262
Truck976648,1339,1338,2800,5118,2318
Truck981797,2566,2443,4410,5118,708
Truck982436,2444,2567,4610,5118,508
Truck982906,2684,2567,4755,5118,363
Truck984000,0,2567,5100,5119,19
Truck981375,3119,0,4275,5120,845
Truck982484,2444,2443,4625,5120,495
Truck976978,2225,1338,2905,5121,2216
Truck980857,2224,1339,4115,5121,1006
Truck981461,2566,2683,4305,5121,816
Truck982199,2683,2444,4535,5121,586
Truck983245,2942,2224,4860,5121,261
Truck983540,2444,2566,4955,5121,166
Truck983966,2943,2942,5085,5121,36
Truck982775,2683,2684,4715,5122,407
Truck980825,2224,2683,4105,5124,1019
Truck983260,2777,2942,4865,5124,259
Truck984022,2567,0,5105,5124,19
Truck983919,3119,2942,5070,5125,55
Truck982954,2684,0,4770,5126,356
Truck983324,2777,2942,4885,5127,242
Truck983982,2943,2942,5090,5127,37
Truck982148,2444,2683,4520,5128,608
Truck982584,1339,2444,4655,5128,473
Truck983282,2225,2443,4875,5128,253
Truck983340,2777,2942,4890,5128,238
Truck981255,2683,2566,4240,5129,889
Truck981574,2567,3119,4340,5129,789
Truck983962,2684,2443,5085,5129,44
Truck980806,2567,2224,4100,5130,1030
Truck982155,2776,2942,4520,5130,610
Truck982637,2942,2443,4670,5130,460
Truck983439,3119,2224,4920,5130,210
Truck983998,2943,2942,5095,5130,35
Truck980992,0,2224,4160,5131,971
Truck981993,2224,2684,4470,5132,662
Truck982022,2567,2566,4480,5132,652
Truck982548,2444,2443,4645,5132,487
Truck983388,2777,2942,4905,5132,227
Truck982845,2942,2443,4735,5133,398
Truck983145,2224,2942,4830,5133,303
Truck983951,3119,2942,5080,5133,53
Truck984086,2567,1339,5125,5133,8
Truck981743,3119,1339,4390,5134,744
Truck981941,2566,2443,4455,5134,679
Truck981741,2942,0,4390,5135,745
Truck982053,2566,2443,4490,5135,645
Truck983050,2684,2567,4800,5135,335
Truck976273,1338,0,2685,5136,2451
Truck981709,2942,1339,4380,5136,756
Truck982687,3119,2443,4685,5136,451
Truck983436,2777,2942,4920,5136,216
Truck984014,2943,2942,5100,5136,36
Truck975879,2683,1338,2560,5137,2577
Truck982171,2776,2942,4525,5137,612
Truck981760,0,2942,4400,5138,738
Truck982666,2684,3119,4680,5138,458
Truck981560,1339,2942,4335,5139,804
Truck983314,2225,2443,4885,5139,254
Truck983562,2684,2776,4960,5139,179
Truck981670,2567,2942,4370,5140,770
Truck981904,0,2566,4445,5140,695
Truck982516,2444,2443,4635,5140,505
Truck982653,2942,2443,4675,5140,465
Truck983928,1339,2683,5075,5140,65
Truck980681,2224,2683,4060,5141,1081
Truck982340,2444,2443,4580,5141,561
Truck984030,2943,2942,5105,5141,36
Truck981568,0,2942,4340,5142,802
Truck980848,0,2224,4115,5143,1028
Truck984120,1339,2567,5135,5143,8
Truck982655,3119,2443,4675,5144,469
Truck983356,2777,2942,4895,5144,249
Truck984010,2684,2443,5100,5144,44
Truck975921,1338,2443,2575,5145,2570
Truck982555,2776,1339,4645,5145,500
Truck983136,0,2443,4830,5145,315
Truck980809,2224,2683,4100,5146,1046
Truck981715,2443,2566,4385,5146,761
Truck984046,2943,2942,5110,5146,36
Truck982315,2776,2942,4570,5147,577
Truck982607,3119,2443,4660,5147,487
Truck984112,0,1339,5135,5147,12
Truck983250,2225,2444,4865,5148,283
Truck983355,2776,2443,4895,5148,253
Truck981805,2942,1339,4410,5149,739
Truck983997,2942,3119,5095,5149,54
Truck983053,2942,2684,4800,5150,350
Truck983184,0,2225,4845,5150,305
Truck983486,2943,2777,4935,5150,215
Truck982037,2566,1339,4485,5151,666
Truck982404,2444,2567,4600,5151,551
Truck983305,2224,2942,4880,5151,271
Truck984062,2943,2942,5115,5151,36
Truck976166,2567,1338,2650,5152,2502
Truck980823,2683,2224,4105,5152,1047
Truck983142,2567,2443,4830,5152,322
Truck981544,1339,3119,4330,5153,823
Truck981677,2942,2567,4370,5153,783
Truck981751,2683,2942,4395,5153,758
Truck981829,2566,1339,4420,5153,733
Truck982580,2444,2443,4655,5153,498
Truck984042,2684,2443,5110,5153,43
Truck977281,1338,2566,3000,5154,2154
Truck981680,0,3119,4375,5154,779
Truck982089,2224,2684,4500,5154,654
Truck982890,2684,2942,4750,5154,404
Truck983111,2683,2225,4820,5154,334
Truck983404,2777,2942,4910,5154,244
Truck976198,2567,1338,2660,5155,2495
Truck983192,1339,2225,4845,5155,310
Truck983452,2777,2942,4925,5155,230
Truck983563,2776,2443,4960,5155,195
Truck984078,2943,2942,5120,5155,35
Truck975889,1338,0,2565,5156,2591
Truck984077,2942,2943,5120,5156,36
Truck976401,1338,1339,2725,5157,2432
Truck981849,2224,2443,4425,5157,732
Truck983372,2777,2942,4900,5157,257
Truck976033,1338,2683,2610,5158,2548
Truck976135,2683,1338,2640,5158,2518
Truck984058,2684,2443,5115,5158,43
Truck976771,2443,1338,2840,5159,2319
Truck981869,2942,2567,4430,5159,729
Truck981813,2566,2443,4415,5160,745
Truck981925,2566,2443,4450,5160,710
Truck983379,2443,2225,4905,5160,255
Truck983580,2777,2942,4965,5160,195
Truck982283,2776,2683,4560,5161,601
Truck983364,2444,2225,4900,5162,262
Truck983420,2777,2942,4915,5162,247
Truck983484,2777,2942,4935,5162,227
Truck983975,2683,2567,5090,5162,72
Truck984094,2943,2942,5125,5162,37
Truck976529,1338,2443,2765,5163,2398
Truck976656,0,1338,2805,5163,2358
Truck981861,2566,2443,4430,5164,734
Truck982507,2776,0,4630,5164,534
Truck982603,2776,1339,4660,5164,504
Truck983346,2225,0,4895,5164,269
Truck983595,2776,2443,4970,5164,194
Truck984074,2684,2443,5120,5164,44
Truck984150,2567,0,5145,5164,19
Truck981591,2683,2566,4345,5165,820
Truck983500,2777,2942,4940,5165,225
Truck983532,2777,2942,4950,5165,215
Truck984110,2943,2942,5130,5165,35
Truck976561,1338,2443,2775,5166,2391
Truck983234,2225,2443,4860,5166,306
Truck983238,2567,2443,4860,5166,306
Truck982600,1339,2776,4660,5167,507
Truck983321,2224,2942,4885,5167,282
Truck984198,2567,1339,5160,5167,7
Truck982120,1339,2566,4510,5169,659
Truck982299,2776,2567,4565,5169,604
Truck983443,2443,2225,4925,5169,244
Truck981557,2566,2683,4335,5170,835
Truck983991,2683,0,5095,5170,75
Truck984126,2943,2942,5135,5170,35
Truck981712,0,2942,4385,5171,786
Truck984216,1339,2567,5165,5171,6
Truck982452,2444,2443,4615,5172,557
Truck976193,1338,1339,2660,5173,2513
Truck982564,2444,1339,4650,5173,523
Truck984007,2683,2567,5100,5173,73
Truck981961,2224,2443,4460,5174,714
Truck983547,2776,2443,4955,5174,219
Truck983621,2566,2444,4980,5174,194
Truck981696,0,2942,4380,5175,795
Truck983074,2225,2683,4810,5175,365
Truck977201,1338,2225,2975,5176,2201
Truck982021,2566,2443,4480,5177,697
Truck982085,2566,2443,4500,5177,677
Truck982247,2683,2444,4550,5177,627
Truck982672,0,2444,4685,5177,492
Truck983516,2777,2942,4945,5177,232
Truck983566,2943,2777,4960,5177,217
Truck983707,2776,2684,5005,5177,172
Truck984023,2683,2567,5105,5177,72
Truck984039,2683,1339,5110,5177,67
Truck984142,2943,2942,5140,5177,37
Truck976355,2443,1338,2710,5178,2468
Truck982019,2443,2566,4480,5178,698
Truck983318,2567,2443,4885,5178,293
Truck983394,2225,2443,4910,5178,268
Truck980952,1339,2224,4145,5179,1034
Truck981768,1339,2942,4400,5179,779
Truck981957,2566,2443,4460,5179,719
Truck982874,2684,3119,4745,5179,434
Truck983072,0,2684,4810,5179,369
Truck983426,2225,2443,4920,5179,259
Truck983564,2777,2942,4960,5180,220
Truck981872,0,2566,4435,5181,746
Truck983475,2443,2225,4935,5181,246
Truck984055,2683,1339,5115,5181,66
Truck984158,2943,2942,5145,5181,36
Truck977988,2444,1338,3220,5182,1962
Truck981960,1339,2942,4460,5182,722
Truck982925,2942,2443,4760,5182,422
Truck983178,2684,1339,4840,5182,342
Truck981848,1339,3119,4425,5183,758
Truck982363,2776,2942,4585,5183,598
Truck982724,2444,2567,4700,5183,483
Truck982788,2444,2443,4720,5183,463
Truck982922,2684,2942,4760,5183,423
Truck982388,2444,2683,4595,5184,589
Truck982070,2567,2942,4495,5185,690
Truck983362,2225,0,4900,5185,285
Truck983468,2777,2942,4930,5185,255
Truck984174,2943,2942,5150,5185,35
Truck976257,1338,2443,2680,5186,2506
Truck982005,2566,2443,4475,5186,711
Truck984016,0,2683,5105,5186,81
Truck981728,0,3119,4390,5187,797
Truck983567,3119,2224,4960,5187,227
Truck982165,2566,2443,4525,5188,663
Truck982272,0,2776,4560,5188,628
Truck983474,2225,0,4935,5188,253
Truck981782,2567,2942,4405,5189,784
Truck982596,2444,2567,4660,5189,529
Truck982861,2942,2443,4740,5189,449
Truck984054,2567,2683,5115,5190,75
Truck984154,2684,2443,5145,5190,45
Truck984190,2943,2942,5155,5190,35
Truck981840,0,2942,4425,5191,766
Truck982643,2443,2444,4675,5191,516
Truck984127,3119,2942,5135,5191,56
Truck983069,2942,2684,4805,5192,387
Truck982057,2224,2443,4490,5193,703
Truck982170,2684,2224,4525,5193,668
Truck983442,2225,2443,4925,5193,268
Truck981744,0,2942,4395,5194,799
Truck981885,2942,0,4435,5194,759
Truck983066,2684,1339,4805,5194,389
Truck983410,2225,2443,4915,5194,279
Truck984246,2567,0,5175,5194,19
Truck981864,1339,3119,4430,5195,765
Truck983538,2225,2444,4955,5195,240
Truck984206,2943,2942,5160,5196,36
Truck976657,1338,2567,2805,5197,2392
Truck982408,1339,2776,4600,5197,597
Truck983021,2942,2443,4790,5197,407
Truck983531,2776,2443,4950,5197,247
Truck981965,2942,1339,4460,5198,738
Truck982532,2444,0,4640,5198,558
Truck983332,2444,2225,4890,5198,308
Truck983676,2777,2942,4995,5198,203
Truck984186,2684,2443,5155,5198,43
Truck982587,2776,0,4655,5199,544
Truck983082,2684,1339,4810,5199,389
Truck983159,2683,2443,4835,5199,364
Truck983298,2225,2683,4880,5199,319
Truck981607,2683,2942,4350,5200,850
Truck982443,2776,2942,4610,5200,590
Truck982751,3119,2443,4705,5200,495
Truck983548,2777,2942,4955,5200,245
Truck984222,2943,2942,5165,5200,35
Truck982025,2224,2443,4480,5201,721
Truck983047,2683,2443,4800,5202,402
Truck983101,2942,2443,4815,5202,387
Truck984202,2684,2443,5160,5203,43
Truck984272,0,2567,5185,5203,18
Truck984310,2567,1339,5195,5203,8
Truck981989,2566,2443,4470,5204,734
Truck983130,2684,2942,4825,5204,379
Truck982891,2776,1339,4750,5205,455
Truck983506,2225,1339,4945,5205,260
Truck982767,3119,2443,4710,5206,496
Truck983764,2444,2566,5025,5206,181
Truck982799,3119,2443,4720,5207,487
Truck983644,2777,2943,4985,5207,222
Truck984238,2943,2942,5170,5207,37
Truck983378,2225,0,4905,5208,303
Truck984328,1339,2567,5200,5208,8
Truck976545,1338,2443,2770,5209,2439
Truck982756,2444,2443,4710,5209,499
Truck984151,2683,1339,5145,5209,64
Truck976663,2683,1338,2805,5210,2405
Truck982265,2224,2684,4555,5210,655
Truck982605,2942,2776,4660,5210,550
Truck983206,2567,2684,4850,5210,360
Truck983724,2777,2942,5010,5210,200
Truck975985,1338,2443,2595,5211,2616
Truck982651,2776,2942,4675,5211,536
Truck983203,2443,1339,4850,5211,361
Truck983458,2225,2443,4930,5211,281
Truck984254,2943,2942,5175,5211,36
Truck981781,2566,2443,4405,5212,807
Truck982000,0,2942,4475,5212,737
Truck982989,2942,2443,4780,5212,432
Truck983708,2777,2942,5005,5212,207
Truck983771,2776,2443,5025,5212,187
Truck984152,1339,2683,5145,5212,67
Truck982803,2443,2444,4725,5213,488
Truck978148,2444,1338,3270,5214,1944
Truck981765,2566,0,4400,5214,814
Truck982411,2776,2683,4600,5214,614
Truck982552,1339,2444,4645,5214,569
Truck983628,2777,2942,4980,5214,234
Truck984234,2684,2443,5170,5214,44
Truck976087,2683,1338,2625,5215,2590
Truck976721,1338,0,2825,5215,2390
Truck981711,3119,2567,4380,5215,835
Truck983618,2225,2443,4980,5215,235
Truck984269,2942,2943,5180,5215,35
Truck983034,2684,2683,4795,5216,421
Truck983312,0,2443,4885,5217,332
Truck983596,2777,2942,4970,5217,247
Truck984270,2943,2942,5180,5217,37
Truck981814,2567,3119,4415,5218,803
Truck983331,2443,2683,4890,5218,328
Truck981936,0,2942,4455,5220,765
Truck982169,2224,2443,4525,5220,695
Truck984286,2943,2942,5185,5220,35
Truck981755,2776,2224,4395,5221,826
Truck982121,2224,2443,4510,5221,711
Truck982863,3119,2443,4740,5221,481
Truck983609,2224,2942,4975,5221,246
Truck981973,2566,1339,4465,5222,757
Truck982619,2776,2942,4665,5222,557
Truck982772,2444,2443,4715,5222,507
Truck982941,2942,2443,4765,5222,457
Truck983675,2776,2443,4995,5222,227
Truck983689,2224,2942,5000,5222,222
Truck983740,2777,2942,5015,5222,207
Truck977000,1339,1338,2910,5223,2313
Truck982133,2566,1339,4515,5223,708
Truck983612,2777,2942,4975,5223,248
Truck983368,1339,2443,4900,5225,325
Truck984239,3119,2942,5170,5225,55
Truck984266,2684,2443,5180,5225,45
Truck981647,3119,2683,4360,5226,866
Truck981833,2224,2776,4420,5226,806
Truck983256,1339,2684,4865,5226,361
Truck984302,2943,2942,5190,5226,36
Truck976785,1338,2443,2845,5227,2382
Truck981049,2224,2567,4175,5227,1052
Truck982429,2942,2776,4605,5227,622
Truck983218,2225,2683,4855,5227,372
Truck983757,2942,2777,5020,5227,207
Truck984199,2683,1339,5160,5227,67
Truck976705,1338,2443,2820,5228,2408
Truck981209,2224,1339,4225,5228,1003
Truck981799,2683,2942,4410,5228,818
Truck982342,2567,2566,4580,5228,648
Truck982628,2444,1339,4670,5228,558
Truck983226,2684,2683,4855,5228,373
Truck983627,2776,2443,4980,5228,248
Truck983758,2943,2777,5020,5228,208
Truck981727,3119,2683,4385,5229,844
Truck982898,2225,2566,4755,5229,474
Truck983522,2225,2443,4950,5229,279
Truck978017,1338,2444,3230,5230,2000
Truck982893,2942,2443,4750,5230,480
Truck983091,2443,2942,4815,5230,415
Truck976225,1338,2443,2670,5231,2561
Truck982287,3119,2776,4560,5231,671
Truck982535,2683,2444,4640,5231,591
Truck983330,2225,2683,4890,5231,341
Truck983611,2776,2443,4975,5231,256
Truck983692,2777,2942,5000,5231,231
Truck984318,2943,2942,5195,5231,36
Truck982150,2567,2566,4520,5232,712
Truck983098,2684,0,4815,5232,417
Truck983570,2225,2443,4965,5232,267
Truck983625,2224,2942,4980,5233,253
Truck982313,2224,2443,4570,5234,664
Truck984333,2942,2943,5200,5234,34
Truck981733,2566,2683,4390,5235,845
Truck982683,2776,0,4685,5235,550
Truck982831,3119,2443,4730,5235,505
Truck983011,2443,2942,4790,5235,445
Truck984334,2943,2942,5200,5235,35
Truck982153,2224,2443,4520,5236,716
Truck982646,2567,2776,4675,5236,561
Truck982776,1339,2444,4715,5237,522
Truck982851,2443,3119,4740,5237,497
Truck982356,2444,2683,4585,5238,653
Truck983322,2684,0,4885,5238,353
Truck984314,2684,2443,5195,5238,43
Truck982840,1339,2776,4735,5239,504
Truck983723,2776,2443,5010,5239,229
Truck983496,1339,2443,4940,5240,300
Truck983660,2777,2942,4990,5240,250
Truck984192,0,2683,5160,5240,80
Truck984350,2943,2942,5205,5240,35
Truck981775,3119,0,4400,5241,841
Truck982740,2444,2443,4705,5241,536
Truck982744,1339,2444,4705,5241,536
Truck984230,2567,2683,5170,5241,71
Truck984349,2942,2943,5205,5241,36
Truck982013,2942,1339,4475,5242,767
Truck982016,0,2942,4480,5242,762
Truck982573,2942,2776,4650,5242,592
Truck982692,2444,2443,4690,5242,552
Truck983772,2777,2942,5025,5242,217
Truck981161,2224,2567,4210,5243,1033
Truck983210,2684,2683,4850,5243,393
Truck983838,2943,2777,5045,5243,198
Truck976481,1338,2443,2750,5245,2495
Truck977128,1339,1338,2950,5245,2295
Truck982560,0,2776,4650,5245,595
Truck984366,2943,2942,5210,5245,35
Truck976595,2443,1338,2785,5246,2461
Truck981787,2776,2224,4405,5246,841
Truck982995,2443,2942,4785,5246,461
Truck983402,2684,2942,4910,5246,336
Truck983747,2443,2225,5020,5246,226
Truck982261,2566,2443,4555,5247,692
Truck983299,2443,2683,4880,5247,367
Truck983634,2225,2444,4985,5247,262
Truck984454,2567,1339,5240,5247,7
Truck981703,2683,3119,4380,5248,868
Truck983659,2776,2443,4990,5248,258
Truck982959,3119,2443,4770,5249,479
Truck984422,2567,0,5230,5249,19
Truck983593,2224,2942,4970,5250,280
Truck981983,3119,2567,4465,5251,786
Truck982410,2684,2224,4600,5251,651
Truck983698,2225,2443,5005,5251,246
Truck981273,2224,0,4245,5252,1007
Truck982234,2684,2224,4545,5252,707
Truck982660,2444,1339,4680,5252,572
Truck983804,2777,2942,5035,5252,217
Truck984382,2943,2942,5215,5252,37
Truck982473,2224,2684,4620,5253,633
Truck983479,2683,2225,4935,5253,318
Truck976497,1338,2443,2755,5254,2499
Truck982141,2942,0,4515,5254,739
Truck983613,2942,2224,4975,5254,279
Truck983866,2684,2776,5055,5254,199
Truck982197,2566,2443,4535,5255,720
Truck983480,1339,2443,4935,5255,320
Truck984262,2567,2683,5180,5255,75
Truck984398,2943,2942,5220,5255,35
Truck982118,2567,2942,4510,5256,746
Truck982742,2567,2776,4705,5256,551
Truck982895,3119,2443,4750,5256,506
Truck983650,2225,2443,4990,5256,266
Truck983005,2942,2443,4785,5257,472
Truck983769,2224,2942,5025,5257,232
Truck984472,1339,0,5245,5257,12
Truck984488,1339,2567,5250,5257,7
Truck981935,3119,1339,4450,5258,808
Truck982128,0,2942,4515,5258,743
Truck983842,2225,2443,5050,5258,208
Truck983852,2777,2942,5050,5258,208
Truck982293,2566,2443,4565,5259,694
Truck983350,2567,2443,4895,5259,364
Truck982328,1339,2942,4575,5260,685
Truck982409,2224,2443,4600,5260,660
Truck982491,2776,0,4625,5260,635
Truck982916,2444,2567,4760,5260,500
Truck983554,2225,2443,4960,5260,300
Truck984414,2943,2942,5225,5260,35
Truck977905,1338,2225,3195,5262,2067
Truck976337,1338,2443,2705,5263,2558
Truck982149,2566,2683,4520,5263,743
Truck982868,2444,2443,4745,5263,518
Truck982877,2942,2776,4745,5263,518
Truck983868,2777,2942,5055,5263,208
Truck984502,2567,1339,5255,5263,8
Truck976641,1338,2443,2800,5264,2464
Truck981807,3119,0,4410,5264,854
Truck983778,2225,2567,5030,5264,234
Truck984394,2684,2443,5220,5264,44
Truck982064,0,2942,4495,5265,770
Truck982200,1339,2942,4535,5265,730
Truck982852,2444,2443,4740,5265,525
Truck981963,2776,2224,4460,5266,806
Truck982427,2776,3119,4605,5266,661
Truck983175,2683,2684,4840,5266,426
Truck983600,0,2225,4975,5266,291
Truck983756,2777,2942,5020,5266,246
Truck983819,2776,2443,5040,5266,226
Truck983826,2225,2443,5045,5266,221
Truck984294,2567,2683,5190,5266,76
Truck984430,2943,2942,5230,5266,36
Truck977393,1338,2225,3035,5267,2232
Truck982201,2224,2443,4535,5267,732
Truck982747,2776,1339,4705,5267,562
Truck982822,2567,2444,4730,5267,537
Truck983411,2443,2683,4915,5267,352
Truck983673,2224,2942,4995,5267,272
Truck984520,1339,2567,5260,5267,7
Truck983124,2444,2443,4825,5268,443
Truck983602,2225,2443,4975,5268,293
Truck983714,2225,2443,5010,5268,258
Truck983810,2225,2443,5040,5268,228
Truck982763,2776,2567,4710,5269,559
Truck983357,2942,2443,4895,5269,374
Truck983558,2567,2443,4960,5269,309
Truck984410,2684,2443,5225,5269,44
Truck977697,1338,2566,3130,5270,2140
Truck982039,2683,2942,4485,5270,785
Truck983462,2567,2684,4930,5270,340
Truck983836,2777,2942,5045,5270,225
Truck984383,3119,2942,5215,5270,55
Truck982441,2224,2684,4610,5271,661
Truck983869,2942,2777,5055,5271,216
Truck984446,2943,2942,5235,5271,36
Truck984326,2567,2683,5200,5273,73
Truck982168,1339,2566,4525,5274,749
Truck982373,2566,2443,4590,5274,684
Truck983820,2777,2942,5040,5274,234
Truck976599,2683,1338,2785,5275,2490
Truck982040,1339,2942,4485,5275,790
Truck982900,2444,2443,4755,5275,520
Truck982955,2776,2942,4770,5275,505
Truck983270,2567,2684,4870,5275,405
Truck983730,2225,2443,5015,5275,260
Truck976801,1338,2443,2850,5276,2426
Truck981990,2567,2942,4470,5276,806
Truck983146,2684,3119,4830,5276,446
Truck983794,2225,2443,5035,5276,241
Truck984462,2943,2942,5240,5276,36
Truck982264,1339,2942,4555,5277,722
Truck982317,2942,2567,4570,5277,707
Truck982731,2776,2567,4700,5277,577
Truck983274,2684,2942,4870,5277,407
Truck983666,2225,2443,4995,5277,282
Truck983688,1339,2225,5000,5277,277
Truck981792,0,3119,4410,5278,868
Truck982393,2224,2443,4595,5278,683
Truck982943,3119,2443,4765,5278,513
Truck983171,2443,2942,4840,5278,438
Truck983789,2942,2224,5030,5278,248
Truck982848,0,2776,4740,5279,539
Truck982996,2444,2443,4785,5279,494
Truck983849,2224,3119,5050,5279,229
Truck983154,2225,2566,4835,5280,445
Truck984478,2943,2942,5245,5280,35
Truck976600,1339,1338,2785,5281,2496
Truck982101,2566,2443,4505,5281,776
Truck982676,2444,0,4685,5282,597
Truck981951,3119,2683,4455,5283,828
Truck982213,2566,2443,4540,5283,743
Truck982229,2566,1339,4545,5283,738
Truck982421,2566,0,4605,5283,678
Truck983103,3119,2443,4815,5283,468
Truck983418,2684,2942,4915,5283,368
Truck983623,2683,2225,4980,5283,303
Truck983432,1339,2684,4920,5284,364
Truck982047,3119,2683,4485,5285,800
Truck983296,0,2684,4880,5286,406
Truck984494,2943,2942,5250,5286,36
Truck982245,2566,0,4550,5287,737
Truck982325,2566,2443,4575,5287,712
Truck983762,2225,2443,5025,5287,262
Truck983865,2224,3119,5055,5287,232
Truck983948,2777,2942,5080,5287,207
Truck982069,2566,2567,4495,5288,793
Truck984020,2444,2566,5105,5288,183
Truck983788,2777,2942,5030,5289,259
Truck983890,2225,2443,5065,5289,224
Truck981305,2224,0,4255,5290,1035
Truck983903,3119,2224,5065,5290,225
Truck984407,2683,1339,5225,5291,66
Truck982816,0,2776,4730,5292,562
Truck983039,3119,2443,4795,5292,497
Truck983664,0,2225,4995,5292,297
Truck984598,2567,1339,5285,5292,7
Truck982501,2566,2443,4630,5293,663
Truck983197,2942,2443,4845,5293,448
Truck982804,2444,2443,4725,5294,569
Truck983900,2777,2942,5065,5294,229
Truck982125,2942,2567,4510,5295,785
Truck983030,2567,2444,4795,5295,500
Truck983947,2776,2443,5080,5295,215
Truck984391,2683,0,5220,5295,75
Truck982112,0,2942,4510,5296,786
Truck983906,2225,2443,5070,5296,226
Truck984526,2943,2942,5260,5296,36
Truck981207,2683,2224,4225,5297,1072
Truck982134,2567,2942,4515,5297,782
Truck984424,1339,2683,5230,5297,67
Truck981928,1339,3119,4450,5298,848
Truck982939,2776,2942,4765,5298,533
Truck983194,2684,3119,4845,5298,453
Truck983530,2684,2567,4950,5298,348
Truck983544,1339,2684,4955,5298,343
Truck983884,2777,2942,5060,5298,238
Truck983916,2777,2942,5070,5298,228
Truck981081,2224,2683,4185,5299,1114
Truck982208,0,2566,4540,5299,759
Truck982360,1339,2942,4585,5299,714
Truck983980,2777,2942,5090,5299,209
Truck981839,3119,2683,4420,5300,880
Truck984506,2684,2443,5255,5300,45
Truck984542,2943,2942,5265,5300,35
Truck982077,2942,0,4495,5301,806
Truck982262,2567,2942,4555,5302,747
Truck982496,0,2566,4630,5302,672
Truck982549,2566,2443,4645,5302,657
Truck983087,3119,2443,4810,5302,492
Truck983514,2684,1339,4945,5303,358
Truck984028,2777,2943,5105,5303,198
Truck984522,2684,2443,5260,5303,43
Truck982811,2776,2567,4725,5305,580
Truck984558,2943,2942,5270,5305,35
Truck982390,2567,2566,4595,5306,711
Truck982932,2444,2567,4765,5306,541
Truck984495,3119,2942,5250,5306,56
Truck982934,2567,2776,4765,5307,542
Truck983028,2444,2443,4795,5307,512
Truck983817,2224,2942,5040,5307,267
Truck983858,2225,2443,5055,5307,252
Truck976673,1338,0,2810,5308,2498
Truck982357,2566,0,4585,5308,723
Truck983059,2443,2444,4805,5308,503
Truck983071,3119,2443,4805,5308,503
Truck984538,2684,2443,5265,5309,44
Truck982296,1339,2942,4565,5310,745
Truck983277,2942,2443,4870,5311,441
Truck983290,2684,2942,4875,5311,436
Truck983946,2684,2776,5080,5311,231
Truck977009,1338,2567,2915,5312,2397
Truck982649,2224,2443,4675,5312,637
Truck982714,2684,2224,4695,5312,617
Truck983327,3119,2443,4885,5312,427
Truck983526,2567,2684,4950,5312,362
Truck984648,1339,0,5300,5312,12
Truck982391,2683,2566,4595,5313,718
Truck983805,2942,2224,5035,5313,278
Truck984012,2777,2942,5100,5313,213
Truck984554,2684,2443,5270,5313,43
Truck976807,2683,1338,2850,5314,2464
Truck982015,3119,2567,4475,5314,839
Truck982185,2224,2776,4530,5314,784
Truck982405,2566,2443,4600,5314,714
Truck983450,2684,1339,4925,5314,389
Truck978804,2444,1338,3475,5315,1840
Truck982231,2683,2942,4545,5315,770
Truck983954,2225,2443,5085,5315,230
Truck978337,1338,2225,3330,5316,1986
Truck982310,2567,2566,4570,5316,746
Truck982232,1339,2942,4545,5317,772
Truck983542,2567,2443,4955,5317,362
Truck983875,2443,2225,5060,5317,257
Truck983891,2443,2225,5065,5317,252
Truck983913,2224,2942,5070,5317,247
Truck984664,1339,0,5305,5317,12
Truck976865,1338,2443,2870,5318,2448
Truck982159,3119,0,4520,5318,798
Truck982903,2683,2444,4755,5318,563
Truck983261,2942,2443,4865,5318,453
Truck976625,1338,2443,2795,5319,2524
Truck976851,2443,1338,2865,5319,2454
Truck982288,0,2942,4565,5319,754
Truck978242,2225,1338,3300,5320,2020
Truck982515,2443,2224,4635,5320,685
Truck984541,2942,3119,5265,5320,55
Truck982836,2444,2683,4735,5321,586
Truck983019,2776,2567,4790,5321,531
Truck983167,3119,2443,4835,5321,486
Truck984021,2566,2444,5105,5321,216
Truck982813,2942,2776,4725,5322,597
Truck982435,2443,2566,4610,5323,713
Truck984586,2684,2443,5280,5323,43
Truck982559,3119,2776,4645,5324,679
Truck982923,2776,2942,4760,5324,564
Truck984486,2567,2683,5250,5324,74
Truck981174,2567,2224,4215,5325,1110
Truck983539,2443,2567,4955,5325,370
Truck983915,2776,2443,5070,5325,255
Truck984622,2943,2942,5290,5325,35
Truck981200,0,2224,4225,5326,1101
Truck982437,2566,2443,4610,5326,716
Truck982457,2224,2443,4615,5326,711
Truck982663,2683,2444,4680,5326,646
Truck983295,3119,2684,4875,5326,451
Truck983546,2684,2567,4955,5326,371
Truck983859,2443,2225,5055,5326,271
Truck983896,1339,2225,5065,5326,261
Truck983922,2225,1339,5075,5327,252
Truck983932,2777,2942,5075,5327,252
Truck976311,2683,1338,2695,5328,2633
Truck976816,0,1338,2855,5328,2473
Truck981449,2224,0,4300,5328,1028
Truck982278,2567,2942,4560,5328,768
Truck984602,2684,2443,5285,5328,43
Truck976913,1338,2443,2885,5329,2444
Truck983035,2776,2942,4795,5329,534
Truck983060,2444,1339,4805,5330,525
Truck983099,2776,2567,4815,5330,515
Truck983860,2444,2225,5055,5330,275
Truck983067,2776,2567,4805,5331,526
Truck983437,2942,2443,4920,5331,411
Truck983963,2776,2443,5085,5331,246
Truck981949,2942,2683,4455,5332,877
Truck983306,2684,2683,4880,5332,452
Truck984018,2225,2443,5105,5332,227
Truck984638,2943,2942,5295,5332,37
Truck984704,0,1339,5320,5332,12
Truck983172,2444,2443,4840,5333,493
Truck982359,2683,2942,4585,5334,749
Truck983012,2444,2443,4790,5334,544
Truck977041,1338,1339,2925,5335,2410
Truck983667,2443,2567,4995,5335,340
Truck982191,3119,2683,4530,5336,806
Truck983267,2443,2942,4870,5336,466
Truck984654,2943,2942,5300,5336,36
Truck982365,2942,1339,4585,5337,752
Truck984728,1339,0,5325,5337,12
Truck982699,2776,2683,4690,5338,648
Truck982964,2444,2567,4775,5338,563
Truck984092,2777,2942,5125,5338,213
Truck981159,2683,2224,4210,5339,1129
Truck983354,2684,3119,4895,5339,444
Truck983427,2443,2942,4920,5339,419
Truck983466,2684,2942,4930,5339,409
Truck982063,3119,0,4490,5340,850
Truck984670,2943,2942,5305,5340,35
Truck983080,1339,2776,4810,5341,531
Truck983671,2683,2225,4995,5341,346
Truck983874,2225,2443,5060,5341,281
Truck983996,2777,2942,5095,5341,246
Truck982263,2683,2942,4555,5342,787
Truck983247,3119,2443,4860,5342,482
Truck982045,2942,2683,4485,5343,858
Truck982389,2566,2443,4595,5343,748
Truck982709,2566,2567,4695,5343,648
Truck983279,3119,2443,4870,5343,473
Truck984156,2777,2942,5145,5343,198
Truck976849,1338,1339,2865,5344,2479
Truck982301,2942,2567,4565,5344,779
Truck983044,2444,2443,4800,5344,544
Truck984140,2777,2942,5140,5344,204
Truck978049,1338,2566,3240,5345,2105
Truck984044,2777,2942,5110,5345,235
Truck982166,2567,2942,4525,5346,821
Truck982827,2776,3119,4730,5346,616
Truck983343,3119,2443,4890,5346,456
Truck983626,2684,0,4980,5346,366
Truck984686,2943,2942,5310,5346,36
Truck982198,2567,2942,4535,5347,812
Truck983219,2443,2444,4855,5347,492
Truck983752,1339,2443,5020,5347,327
Truck984125,2942,2777,5135,5347,212
Truck984760,1339,0,5335,5347,12
Truck977345,1338,2443,3020,5348,2328
Truck982727,2683,2776,4700,5348,648
Truck983405,2942,2443,4910,5348,438
Truck984011,2776,2443,5100,5348,248
Truck976952,1339,1338,2895,5349,2454
Truck982079,3119,0,4495,5349,854
Truck983235,2443,3119,4860,5349,489
Truck983347,2443,2942,4895,5349,454
Truck984124,2777,2942,5135,5349,214
Truck984544,0,2683,5270,5349,79
Truck983964,2777,2942,5085,5350,265
Truck984666,2684,2443,5305,5350,45
Truck982320,0,2942,4575,5351,776
Truck982793,2224,2684,4720,5351,631
Truck983970,2225,2443,5090,5351,261
Truck984583,2683,2567,5280,5351,71
Truck984702,2943,2942,5315,5351,36
Truck983434,2684,3119,4920,5352,432
Truck983746,2225,2683,5020,5352,332
Truck984115,2443,2776,5135,5352,217
Truck976929,1338,2443,2890,5353,2463
Truck982810,2684,2224,4725,5353,628
Truck983311,3119,2443,4880,5353,473
Truck983958,2567,2225,5085,5353,268
Truck984060,2777,2942,5115,5353,238
Truck984219,2776,2684,5165,5353,188
Truck982665,2224,2443,4680,5354,674
Truck983156,2444,2443,4835,5354,519
Truck984682,2684,2443,5310,5354,44
Truck982987,2776,2567,4780,5355,575
Truck983199,3119,2443,4845,5355,510
Truck984653,2942,3119,5300,5356,56
Truck984718,2943,2942,5320,5356,36
Truck978289,1338,2566,3315,5357,2042
Truck982319,3119,0,4570,5357,787
Truck983960,1339,2225,5085,5357,272
Truck981366,2567,2224,4275,5358,1083
Truck982826,2684,2224,4730,5358,628
Truck983283,2443,2444,4875,5358,483
Truck983683,2443,0,5000,5358,358
Truck976792,1339,1338,2845,5359,2514
Truck982973,2942,2776,4775,5359,584
Truck983938,2225,2443,5080,5359,279
Truck984191,3119,2224,5155,5359,204
Truck978740,2444,1338,3455,5360,1905
Truck982413,2942,1339,4600,5360,760
Truck984734,2943,2942,5325,5360,35
Truck983658,2684,2683,4990,5361,371
Truck983977,2224,2942,5090,5361,271
Truck981737,2224,1339,4390,5362,972
Truck983375,3119,2443,4900,5362,462
Truck982469,2566,2443,4620,5363,743
Truck982613,2566,2443,4665,5363,698
Truck983578,2684,2942,4965,5363,398
Truck984003,2443,2776,5100,5363,263
Truck982875,2776,2683,4745,5364,619
Truck983160,1339,2444,4835,5364,529
Truck983693,2942,2684,5000,5364,364
Truck984714,2684,2443,5320,5364,44
Truck977328,0,1338,3015,5365,2350
Truck984076,2777,2942,5120,5365,245
Truck984750,2943,2942,5330,5365,35
Truck982480,0,2942,4625,5366,741
Truck983151,3119,2443,4830,5366,536
Truck983251,2443,3119,4865,5366,501
Truck983719,2683,2684,5010,5366,356
Truck983808,0,2443,5040,5366,326
Truck984687,3119,2942,5310,5366,56
Truck982374,2567,2942,4590,5367,777
Truck982585,2224,2443,4655,5367,712
Truck983389,2942,2443,4905,5367,462
Truck983423,3119,2684,4915,5367,452
Truck983501,2942,2443,4940,5367,427
Truck983581,2942,2443,4965,5367,402
Truck983702,2567,2684,5005,5367,362
Truck983722,2684,0,5010,5367,357
Truck982621,2942,1339,4665,5368,703
Truck982842,2684,2224,4735,5368,633
Truck983642,2684,2942,4985,5368,383
Truck984002,2225,2444,5100,5368,268
Truck984723,2443,2684,5325,5368,43
Truck976977,1338,2443,2905,5369,2464
Truck984108,2777,2942,5130,5369,239
Truck977105,1338,2443,2945,5370,2425
Truck982485,2566,2443,4625,5370,745
Truck978177,1338,2566,3280,5371,2091
Truck978405,2566,1338,3350,5371,2021
Truck984766,2943,2942,5335,5371,36
Truck982400,0,2942,4600,5372,772
Truck982630,2567,2942,4670,5372,702
Truck983220,2444,2443,4855,5372,517
Truck983878,2567,2443,5060,5372,312
Truck984203,2776,2443,5160,5372,212
Truck977313,1338,2443,3010,5373,2363
Truck982219,2776,2224,4540,5373,833
Truck983231,3119,2443,4855,5374,519
Truck983243,2776,1339,4860,5374,514
Truck984204,2777,2942,5160,5374,214
Truck984746,2684,2443,5330,5374,44
Truck984822,2567,0,5355,5374,19
Truck983195,2776,2942,4845,5375,530
Truck984719,3119,2942,5320,5375,55
Truck984782,2943,2942,5340,5375,35
Truck978852,2444,1338,3490,5376,1886
Truck984872,1339,2567,5370,5376,6
Truck982534,2567,2942,4640,5377,737
Truck983594,2684,2942,4970,5377,407
Truck981479,2683,2224,4310,5378,1068
Truck984155,2776,2443,5145,5378,233
Truck984662,2567,2683,5305,5378,73
Truck976945,1338,2443,2895,5379,2484
Truck982536,1339,2942,4640,5379,739
Truck984083,2443,2776,5125,5379,254
Truck984236,2777,2942,5170,5379,209
Truck984797,2942,2943,5345,5379,34
Truck984146,2225,2443,5145,5381,236
Truck984798,2943,2942,5345,5381,36
Truck982691,2443,2224,4690,5382,692
Truck983779,2443,0,5030,5382,352
Truck984180,2444,2225,5155,5382,227
Truck984172,2777,2942,5150,5383,233
Truck976769,1338,0,2840,5384,2544
Truck982461,2942,2567,4615,5384,769
Truck982678,2567,2942,4685,5384,699
Truck983076,2444,2443,4810,5384,574
Truck984778,2684,2443,5340,5384,44
Truck982295,2683,3119,4565,5385,820
Truck982493,2942,2683,4625,5385,760
Truck982971,2776,2683,4775,5385,610
Truck984751,3119,2942,5330,5385,55
Truck984814,2943,2942,5350,5385,35
Truck977489,1338,2443,3065,5386,2321
Truck981536,0,2224,4330,5386,1056
Truck982624,0,2942,4670,5386,716
Truck982967,2683,2444,4775,5386,611
Truck983236,2444,2443,4860,5386,526
Truck983490,2225,2566,4940,5386,446
Truck984220,2777,2942,5165,5386,221
Truck977249,1338,1339,2990,5387,2397
Truck982431,3119,1339,4605,5387,782
Truck977158,2567,1338,2960,5388,2428
Truck982279,2683,3119,4560,5388,828
Truck982629,2566,2443,4670,5388,718
Truck983645,2942,2443,4985,5388,403
Truck984694,2567,2683,5315,5388,73
Truck977665,1338,2443,3120,5389,2269
Truck983533,2942,2443,4950,5389,439
Truck983843,2443,1339,5050,5389,339
Truck982271,3119,1339,4555,5390,835
Truck982343,2683,3119,4580,5390,810
Truck982517,2566,2443,4635,5390,755
Truck983115,2776,1339,4820,5390,570
Truck983363,2443,2444,4900,5390,490
Truck984188,2777,2942,5155,5390,235
Truck983300,2444,2443,4880,5391,511
Truck983391,3119,2443,4905,5391,486
Truck984830,2943,2942,5355,5391,36
Truck981494,2567,2224,4315,5392,1077
Truck981545,2224,0,4330,5392,1062
Truck984268,2777,2942,5180,5392,212
Truck982056,1339,3119,4490,5393,903
Truck982565,2566,1339,4650,5393,743
Truck984218,2684,2776,5165,5393,228
Truck984283,2776,2443,5185,5393,208
Truck982582,2567,2942,4655,5394,739
Truck982853,2566,2443,4740,5394,654
Truck983112,1339,2776,4820,5394,574
Truck983213,2942,2776,4850,5394,544
Truck983448,1339,2444,4925,5394,469
Truck984067,2443,0,5120,5394,274
Truck982617,2224,2443,4665,5395,730
Truck983188,2444,1339,4845,5395,550
Truck984050,2225,2567,5115,5395,280
Truck982553,2224,2443,4645,5396,751
Truck984105,2224,2942,5130,5396,266
Truck984114,2225,2443,5135,5396,261
Truck984846,2943,2942,5360,5396,36
Truck977185,1338,2443,2970,5397,2427
Truck977217,1338,2443,2980,5397,2417
Truck983396,2444,2443,4910,5397,487
Truck984373,2566,2444,5215,5397,182
Truck977441,1338,2683,3050,5398,2348
Truck983834,2684,0,5045,5398,353
Truck982375,2683,2566,4590,5399,809
Truck982541,2942,2567,4640,5399,759
Truck982870,2567,2566,4745,5399,654
Truck983120,0,2444,4825,5399,574
Truck977473,1338,2443,3060,5401,2341
Truck981625,2224,1339,4355,5401,1046
Truck983459,2443,3119,4930,5401,471
Truck982368,0,3119,4590,5402,812
Truck983485,2942,2443,4935,5402,467
Truck983848,1339,2684,5050,5402,352
Truck984173,2942,2777,5150,5402,252
Truck984862,2943,2942,5365,5402,37
Truck984936,1339,0,5390,5402,12
Truck981878,2567,2224,4435,5403,968
Truck982407,2683,2942,4600,5403,803
Truck983040,0,2444,4800,5403,603
Truck983083,2776,2942,4810,5403,593
Truck984299,2776,2684,5190,5403,213
Truck977366,2567,1338,3025,5404,2379
Truck982601,2224,2443,4660,5404,744
Truck982725,2566,2443,4700,5404,704
Truck983517,2942,2443,4945,5404,459
Truck984226,2225,2443,5170,5404,234
Truck984184,1339,2225,5155,5405,250
Truck984252,2777,2942,5175,5405,230
Truck984842,2684,2443,5360,5405,45
Truck984878,2943,2942,5370,5405,35
Truck982422,2567,2942,4605,5406,801
Truck981785,2224,1339,4405,5407,1002
Truck984066,2225,2443,5120,5407,287
Truck977171,2443,1338,2965,5408,2443
Truck981721,2224,2683,4385,5408,1023
Truck982729,2224,2443,4700,5408,708
Truck982757,2566,2567,4710,5408,698
Truck984099,2443,2225,5130,5408,278
Truck984335,3119,2224,5200,5408,208
Truck982597,2566,2443,4660,5409,749
Truck983051,2776,2683,4800,5410,610
Truck983204,2444,2443,4850,5410,560
Truck982438,2567,3119,4610,5411,801
Truck984034,2225,0,5110,5411,301
Truck984792,1339,2683,5345,5411,66
Truck984894,2943,2942,5375,5411,36
Truck984082,2225,2443,5125,5412,287
Truck977121,1338,2443,2950,5413,2463
Truck982487,2683,2942,4625,5413,788
Truck983690,2684,2942,5000,5413,413
Truck982511,3119,0,4630,5414,784
Truck982854,2567,2566,4740,5414,674
Truck982873,2224,2684,4745,5414,669
Truck984300,2777,2943,5190,5414,224
Truck984415,3119,2224,5225,5414,189
Truck982677,2566,2443,4685,5415,730
Truck982859,2776,2942,4740,5415,675
Truck976609,1338,0,2790,5416,2626
Truck977478,2567,1338,3060,5416,2356
Truck984284,2777,2942,5185,5416,231
Truck984332,2777,2942,5200,5416,216
Truck984910,2943,2942,5380,5416,36
Truck982528,0,2942,4640,5418,778
Truck978593,1338,2444,3410,5419,2009
Truck982024,1339,2224,4480,5419,939
Truck982395,2776,2224,4595,5419,824
Truck983754,2684,2942,5020,5419,399
Truck984201,2224,2942,5160,5419,259
Truck977334,2567,1338,3015,5421,2406
Truck982856,1339,2566,4740,5421,681
Truck984926,2943,2942,5385,5421,36
Truck982726,2567,2942,4700,5422,722
Truck984064,0,2225,5120,5422,302
Truck984379,2776,2443,5215,5422,207
Truck977793,1338,2443,3160,5423,2263
Truck982821,2566,2443,4730,5423,693
Truck983252,2444,2443,4865,5423,558
Truck984162,2225,2443,5150,5423,273
Truck983284,2444,1339,4875,5424,549
Truck984976,0,2567,5405,5424,19
Truck981687,2683,2224,4375,5425,1050
Truck982303,3119,0,4565,5425,860
Truck982576,0,2942,4655,5425,770
Truck984941,2942,2943,5390,5426,36
Truck984942,2943,2942,5390,5426,36
Truck983444,2444,2443,4925,5427,502
Truck983519,3119,2443,4945,5427,482
Truck984396,2777,2943,5220,5427,207
Truck982550,2567,2566,4645,5428,783
Truck982669,2942,0,4680,5428,748
Truck983143,2683,2444,4830,5428,598
Truck984178,2225,2444,5155,5428,273
Truck984316,2777,2942,5195,5428,233
Truck984922,2684,2443,5385,5428,43
Truck982439,2683,3119,4610,5429,819
Truck984290,2225,2443,5190,5429,239
Truck982693,2566,0,4690,5430,740
Truck977057,1338,2443,2930,5431,2501
Truck982789,2566,2443,4720,5431,711
Truck983412,2444,2443,4915,5431,516
Truck983914,2684,2942,5070,5431,361
Truck984348,2777,2942,5205,5431,226
Truck984893,2942,3119,5375,5431,56
Truck984958,2943,2942,5395,5431,36
Truck982933,2566,2443,4765,5432,667
Truck983773,2942,2684,5025,5433,408
Truck981559,2683,2224,4335,5434,1099
Truck984342,2567,2225,5205,5434,229
Truck984938,2684,2443,5390,5434,44
Truck982139,2776,2224,4515,5435,920
Truck983291,2776,2942,4875,5435,560
Truck984444,2777,2942,5235,5435,200
Truck985014,2567,0,5415,5435,20
Truck984974,2943,2942,5400,5436,36
Truck983275,2776,2567,4870,5438,568
Truck983682,2225,2566,5000,5439,439
Truck976753,1338,2443,2835,5440,2605
Truck978130,2225,1338,3265,5441,2176
Truck983491,2443,3119,4940,5441,501
Truck984364,2777,2942,5210,5441,231
Truck984990,2943,2942,5405,5441,36
Truck982495,3119,2683,4625,5442,817
Truck982661,2566,2443,4680,5442,762
Truck982937,2224,2443,4765,5442,677
Truck983525,2566,2225,4950,5442,492
Truck984927,3119,2942,5385,5442,57
Truck984475,2776,2443,5245,5443,198
Truck982784,0,2942,4720,5444,724
Truck984258,2225,2567,5180,5444,264
Truck984848,0,2683,5365,5444,79
Truck985006,2943,2942,5410,5445,35
Truck982695,2683,2942,4690,5446,756
Truck984256,0,2225,5180,5446,266
Truck984476,2777,2943,5245,5446,201
Truck983460,2444,2443,4930,5447,517
Truck982970,2684,2224,4775,5448,673
Truck983223,2683,2776,4855,5448,593
Truck984122,2684,1339,5135,5451,316
Truck984322,2225,2443,5200,5451,251
Truck985022,2943,2942,5415,5451,36
Truck977424,0,1338,3045,5452,2407
Truck982608,0,2942,4665,5452,787
Truck982869,2566,2443,4745,5452,707
Truck982915,2443,2566,4760,5452,692
Truck984103,2683,2443,5130,5452,322
Truck984210,2225,2443,5165,5452,287
Truck984479,3119,2224,5245,5452,207
Truck982711,2683,2942,4695,5453,758
Truck983699,2443,2942,5005,5453,448
Truck984419,2443,2776,5230,5453,223
Truck977553,1338,2443,3085,5454,2369
Truck982632,1339,2942,4670,5454,784
Truck984975,3119,2942,5400,5454,54
Truck983711,3119,2443,5005,5455,450
Truck983786,2684,2683,5030,5455,425
Truck984377,2224,2942,5215,5455,240
Truck985038,2943,2942,5420,5455,35
Truck985128,1339,2567,5450,5456,6
Truck981945,2224,2567,4455,5457,1002
Truck982765,2942,0,4710,5457,747
Truck983013,2566,2443,4790,5457,667
Truck982966,2567,2942,4775,5458,683
Truck983287,2683,2444,4875,5458,583
Truck983663,3119,2443,4990,5458,468
Truck984380,2777,2942,5215,5458,243
Truck985018,2684,2443,5415,5458,43
Truck977222,2567,1338,2980,5459,2479
Truck978194,2225,1338,3285,5459,2174
Truck983930,2684,2942,5075,5459,384
Truck984508,2777,2942,5255,5459,204
Truck977463,2683,1338,3055,5460,2405
Truck977713,1338,2443,3135,5460,2325
Truck983882,2684,2942,5060,5460,400
Truck978357,2566,1338,3335,5461,2126
Truck983478,2567,2444,4935,5461,526
Truck983524,2444,2567,4950,5461,511
Truck983725,2942,2443,5010,5461,451
Truck984457,2224,3119,5240,5461,221
Truck978561,1338,2566,3400,5462,2062
Truck982424,1339,3119,4605,5462,857
Truck982615,2683,3119,4665,5462,797
Truck983863,2683,2684,5055,5462,407
Truck984413,2942,2777,5225,5462,237
Truck985054,2943,2942,5425,5462,37
Truck984313,2224,2942,5195,5463,268
Truck982648,1339,2942,4675,5464,789
Truck982917,2566,2443,4760,5464,704
Truck982985,2224,2443,4780,5464,684
Truck983063,2683,2776,4805,5464,659
Truck984412,2777,2942,5225,5465,240
Truck984490,2684,2776,5250,5465,215
Truck984590,2943,2777,5280,5465,185
Truck984620,2777,2943,5290,5465,175
Truck977457,1338,2443,3055,5466,2411
Truck982885,2566,0,4750,5466,716
Truck984460,2777,2942,5240,5466,226
Truck984510,2943,2777,5255,5466,211
Truck984968,1339,2683,5400,5466,66
Truck985070,2943,2942,5430,5466,36
Truck979028,2444,1338,3545,5468,1923
Truck983588,2444,2443,4970,5468,498
Truck984214,2567,2443,5165,5468,303
Truck984928,0,2683,5390,5468,78
Truck982704,0,2566,4695,5470,775
Truck983827,2443,2942,5045,5470,425
Truck984096,0,2443,5130,5470,340
Truck984574,2943,2777,5275,5470,195
Truck984983,2683,1339,5405,5470,65
Truck982455,2683,3119,4615,5471,856
Truck982533,2566,2443,4640,5471,831
Truck983631,3119,2443,4980,5471,491
Truck983733,2566,2225,5015,5471,456
Truck985086,2943,2942,5435,5471,36
Truck981959,2683,2224,4460,5472,1012
Truck982867,2443,2224,4745,5472,727
Truck982976,0,2942,4780,5472,692
Truck978309,2566,1338,3320,5473,2153
Truck983419,2776,2567,4915,5473,558
Truck984088,1339,2684,5125,5473,348
Truck984386,2225,2443,5220,5473,253
Truck984603,2776,2684,5285,5473,188
Truck984179,2443,2567,5155,5474,319
Truck984370,2225,2567,5215,5474,259
Truck984434,2225,2443,5235,5474,239
Truck984492,2777,2942,5250,5474,224
Truck982984,1339,2942,4780,5475,695
Truck983763,2443,2942,5025,5475,450
Truck983850,2684,3119,5050,5475,425
Truck985102,2943,2942,5440,5475,35
Truck977601,1338,0,3100,5476,2376
Truck983476,2444,2443,4935,5476,541
Truck983821,2942,2443,5040,5476,436
Truck984194,2225,2444,5160,5476,316
Truck984242,2225,0,5175,5476,301
Truck984329,2224,2942,5200,5476,276
Truck985037,2942,3119,5420,5476,56
Truck982640,0,3119,4675,5477,802
Truck982749,2942,2683,4705,5477,772
Truck983431,2683,2776,4920,5477,557
Truck984231,2683,2225,5170,5477,307
Truck984354,2225,2443,5210,5477,267
Truck984525,2942,2777,5260,5477,217
Truck984999,2683,1339,5410,5477,67
Truck977329,1338,2443,3015,5478,2463
Truck977361,1338,2443,3025,5478,2453
Truck984131,2443,2567,5140,5478,338
Truck982979,2443,2224,4780,5480,700
Truck983837,2942,2684,5045,5480,435
Truck984070,2567,2684,5120,5480,360
Truck984355,2443,2225,5210,5480,270
Truck984428,2777,2942,5230,5480,250
Truck984556,2777,2942,5270,5480,210
Truck977521,1338,2443,3075,5481,2406
Truck983971,2443,2683,5090,5481,391
Truck984118,2567,2443,5135,5481,346
Truck985118,2943,2942,5445,5481,36
Truck985208,1339,2567,5475,5481,6
Truck977265,1338,0,2995,5482,2487
Truck982710,2567,2942,4695,5482,787
Truck982719,3119,2567,4695,5482,787
Truck983695,3119,2443,5000,5482,482
Truck984402,2225,2443,5225,5482,257
Truck983949,2942,2443,5080,5483,403
Truck984606,2943,2777,5285,5483,198
Truck982639,3119,0,4670,5484,814
Truck982896,0,2942,4755,5484,729
Truck982901,2566,2683,4755,5484,729
Truck984211,2443,2567,5165,5484,319
Truck985071,3119,2942,5430,5484,54
Truck981705,2224,2683,4380,5485,1105
Truck981862,2567,2224,4430,5485,1055
Truck981944,1339,2224,4455,5485,1030
Truck982752,0,2942,4710,5485,775
Truck982838,2567,2942,4735,5485,750
Truck983017,2224,2684,4790,5485,695
Truck984130,2225,2683,5140,5486,346
Truck984562,2225,2443,5275,5486,211
Truck985134,2943,2942,5450,5486,36
Truck983316,2444,2683,4885,5487,602
Truck983556,2444,2443,4960,5487,527
Truck984212,2444,2225,5165,5487,322
Truck984588,2777,2943,5280,5487,207
Truck982773,2566,2443,4715,5488,773
Truck982806,2567,2942,4725,5488,763
Truck983619,2443,3119,4980,5488,508
Truck982774,2567,2566,4715,5489,774
Truck984427,2776,2443,5230,5489,259
Truck982681,2224,2776,4685,5490,805
Truck985150,2943,2942,5455,5490,35
Truck979172,2444,1338,3590,5491,1901
Truck982006,2567,2224,4475,5491,1016
Truck982963,2443,2566,4775,5491,716
Truck984429,2942,2777,5230,5491,261
Truck984524,2777,2942,5260,5491,231
Truck984683,2776,2684,5310,5491,181
Truck983738,2684,3119,5015,5492,477
Truck978418,2225,1338,3355,5493,2138
Truck982918,2567,2942,4760,5493,733
Truck984087,2683,2225,5125,5493,368
Truck985130,2684,2443,5450,5493,43
Truck977745,1338,2443,3145,5494,2349
Truck983023,3119,2776,4790,5494,704
Truck982950,2567,2942,4770,5495,725
Truck983387,2776,1339,4905,5495,590
Truck978565,2566,1338,3400,5496,2096
Truck982512,0,3119,4635,5496,861
Truck982805,2566,2683,4725,5496,771
Truck983400,1339,2444,4910,5497,587
Truck983508,2444,0,4945,5497,552
Truck983647,3119,2443,4985,5497,512
Truck984652,2777,2942,5300,5497,197
Truck977704,1339,1338,3130,5498,2368
Truck982717,2942,1339,4695,5498,803
Truck983492,2444,2443,4940,5498,558
Truck983157,2566,2443,4835,5499,664
Truck983978,2684,2942,5090,5499,409
Truck984109,2942,2684,5130,5499,369
Truck984418,2225,2443,5230,5499,269
Truck985146,2684,2443,5455,5499,44
Truck983403,2776,2942,4910,5500,590
Truck984183,2683,2225,5155,5500,345
Truck985182,2943,2942,5465,5500,35
Truck981913,2224,2683,4445,5501,1056
Truck982249,2224,2567,4550,5501,951
Truck982743,2683,2942,4705,5501,796
Truck982872,1339,2566,4745,5501,756
Truck982998,2567,2942,4785,5501,716
Truck983414,2567,2776,4915,5501,586
Truck977137,1338,2683,2955,5502,2547
Truck982909,2942,2567,4755,5502,747
Truck983215,3119,2776,4850,5502,652
Truck984029,2942,2684,5105,5502,397
Truck983520,0,2776,4950,5503,553
Truck983049,2224,2443,4800,5504,704
Truck983158,2567,2566,4835,5504,669
Truck983453,2942,2776,4925,5504,579
Truck983976,1339,2684,5090,5504,414
Truck984361,2224,2942,5210,5504,294
Truck982781,2942,2683,4715,5505,790
Truck983348,2444,2683,4895,5505,610
Truck984227,2443,2567,5170,5505,335
Truck984514,2225,2443,5260,5505,245
Truck984518,2567,2225,5260,5505,245
Truck984636,2777,2942,5295,5505,210
Truck983029,2566,2443,4795,5506,711
Truck983046,2567,2566,4800,5506,706
Truck983077,2566,2443,4810,5506,696
Truck985198,2943,2942,5470,5506,36
Truck984339,2443,2567,5205,5507,302
Truck984564,2444,2225,5275,5507,232
Truck984358,2567,2443,5210,5508,298
Truck984450,2225,0,5240,5508,268
Truck984466,2225,2444,5245,5508,263
Truck983371,2776,2567,4900,5509,609
Truck984461,2942,2224,5240,5509,269
Truck982920,1339,2942,4760,5510,750
Truck984327,2683,2225,5200,5510,310
Truck985214,2943,2942,5475,5510,35
Truck984482,2225,0,5250,5511,261
Truck984540,2777,2942,5265,5511,246
Truck977569,1338,2443,3090,5512,2422
Truck982837,2566,2443,4735,5512,777
Truck983499,2776,2567,4940,5512,572
Truck983604,2444,2443,4975,5512,537
Truck983679,3119,2443,4995,5512,517
Truck984546,2225,2443,5270,5512,242
Truck984572,2777,2942,5275,5512,237
Truck985280,0,1339,5500,5512,12
Truck985304,1339,2567,5505,5512,7
Truck983097,2224,2443,4815,5514,699
Truck984547,2443,2225,5270,5514,244
Truck981984,0,2224,4470,5515,1045
Truck983415,2683,2444,4915,5515,600
Truck984106,2684,2567,5130,5515,385
Truck984448,0,2225,5240,5515,275
Truck985230,2943,2942,5480,5515,35
Truck983421,2942,2776,4915,5516,601
Truck983987,2443,2942,5095,5517,422
Truck985210,2684,2443,5475,5517,42
Truck984323,2443,2567,5200,5518,318
Truck982808,1339,2942,4725,5519,794
Truck984307,2443,2567,5195,5520,325
Truck983258,2684,2224,4865,5521,656
Truck984019,2443,2942,5105,5521,416
Truck985336,1339,2567,5515,5521,6
Truck984684,2777,2942,5310,5522,212
Truck985246,2943,2942,5485,5522,37
Truck985320,1339,0,5510,5522,12
Truck977350,2567,1338,3020,5523,2503
Truck978641,1338,2566,3425,5523,2098
Truck983339,2776,3119,4890,5523,633
Truck983536,0,2776,4955,5523,568
Truck983791,3119,2443,5030,5523,493
Truck984338,2225,2443,5205,5523,318
Truck984473,2224,2942,5245,5523,278
Truck984594,2225,2443,5285,5523,238
Truck984795,2776,2684,5345,5523,178
Truck985226,2684,2443,5480,5523,43
Truck982992,0,2942,4785,5524,739
Truck983700,2444,2443,5005,5524,519
Truck984200,1339,2684,5160,5524,364
Truck984400,0,2225,5225,5524,299
Truck977488,0,1338,3065,5525,2460
Truck982741,2566,1339,4705,5525,820
Truck982839,2683,2942,4735,5525,790
Truck983125,2566,2567,4825,5525,700
Truck984170,2684,2942,5150,5525,375
Truck984649,2224,3119,5300,5525,225
Truck983045,2566,2443,4800,5526,726
Truck983141,2566,2443,4830,5526,696
Truck983161,2224,2443,4835,5526,691
Truck983643,2776,2942,4985,5526,541
Truck985159,2683,1339,5460,5526,66
Truck985262,2943,2942,5490,5526,36
Truck983994,2684,3119,5095,5527,432
Truck985242,2684,2443,5485,5527,42
Truck982183,2683,2224,4530,5528,998
Truck983780,2444,1339,5030,5528,498
Truck984642,2225,1339,5300,5528,228
Truck982733,2942,1339,4700,5529,829
Truck984509,2942,2224,5255,5529,274
Truck985160,1339,2683,5460,5529,69
Truck983734,2567,2444,5015,5530,515
Truck984651,2776,2443,5300,5530,230
Truck983037,2942,2683,4795,5531,736
Truck983828,2444,2443,5045,5531,486
Truck984359,2683,2225,5210,5531,321
Truck985278,2943,2942,5495,5531,36
Truck983981,2942,2443,5090,5532,442
Truck984604,2777,2942,5285,5532,247
Truck984876,2777,2943,5370,5532,162
Truck983435,2776,2942,4920,5533,613
Truck983877,2566,2225,5060,5534,474
Truck984093,2942,2684,5125,5534,409
Truck984438,2567,2225,5235,5534,299
Truck983163,2776,3119,4835,5535,700
Truck983967,3119,2443,5085,5535,450
Truck985231,3119,2942,5480,5535,55
Truck985294,2943,2942,5500,5535,35
Truck984090,2684,2942,5125,5536,411
Truck982329,2224,1339,4575,5537,962
Truck984026,2684,3119,5105,5537,432
Truck984403,2443,1339,5225,5538,313
Truck984611,2443,2225,5290,5538,248
Truck984668,2777,2942,5305,5538,233
Truck983139,2443,2566,4830,5539,709
Truck984731,2776,2443,5325,5539,214
Truck977409,1338,2443,3040,5540,2500
Truck983732,2444,1339,5015,5540,525
Truck984045,2942,2443,5110,5540,430
Truck985310,2943,2942,5505,5540,35
Truck982911,3119,0,4755,5541,786
Truck983174,2567,2942,4840,5541,701
Truck984748,2777,2942,5330,5542,212
Truck985175,2683,0,5465,5542,77
Truck983871,3119,2443,5055,5543,488
Truck982073,2224,0,4495,5544,1049
Truck983784,1339,2444,5030,5544,514
Truck983917,2942,2443,5070,5545,475
Truck984619,2776,2443,5290,5545,255
Truck985290,2684,2443,5500,5545,45
Truck977377,1338,2443,3030,5546,2516
Truck982087,2683,2224,4500,5546,1046
Truck983691,2776,0,5000,5546,546
Truck984285,2942,2684,5185,5546,361
Truck984435,2443,0,5235,5546,311
Truck984659,2443,2225,5305,5546,241
Truck985326,2943,2942,5510,5546,36
Truck983221,2566,1339,4855,5548,693
Truck984312,1339,2443,5195,5548,353
Truck984715,2776,2443,5320,5548,228
Truck985382,2567,0,5530,5548,18
Truck983205,2566,0,4850,5549,699
Truck984681,2224,2942,5310,5549,239
Truck977617,1338,2443,3105,5550,2445
Truck982864,0,3119,4745,5550,805
Truck983104,0,2942,4820,5550,730
Truck983935,3119,2684,5075,5550,475
Truck984013,2942,2443,5100,5550,450
Truck984940,2777,2943,5390,5550,160
Truck977543,2683,1338,3080,5551,2471
Truck982217,2224,1339,4540,5551,1011
Truck984031,3119,2684,5105,5551,446
Truck985342,2943,2942,5515,5551,36
Truck983008,0,2942,4790,5552,762
Truck983109,2566,2443,4820,5552,732
Truck984298,2684,2942,5190,5552,362
Truck984423,2683,2225,5230,5552,322
Truck982023,2683,2224,4480,5553,1073
Truck983908,2444,2443,5070,5553,483
Truck984732,2777,2942,5325,5553,228
Truck985398,2567,0,5535,5553,18
Truck982009,2224,2567,4475,5554,1079
Truck983743,3119,2443,5015,5554,539
Truck984578,2225,2443,5280,5554,274
Truck982297,2224,0,4565,5555,990
Truck983128,1339,2942,4825,5555,730
Truck983955,2443,2444,5085,5555,470
Truck985358,2943,2942,5520,5555,35
Truck983684,2444,2443,5000,5556,556
Truck984352,0,2443,5210,5556,346
Truck985295,3119,2942,5500,5556,56
Truck983241,2224,2443,4860,5557,697
Truck983755,2776,2567,5020,5557,537
Truck983999,3119,2443,5095,5557,462
Truck982887,2683,2942,4750,5559,809
Truck982968,1339,2942,4775,5559,784
Truck984627,2443,2225,5295,5559,264
Truck985311,3119,2942,5505,5559,54
Truck982949,2566,2683,4770,5560,790
Truck983720,1339,2444,5010,5560,550
Truck984362,2684,0,5210,5560,350
Truck984700,2777,2942,5315,5560,245
Truck985374,2943,2942,5525,5560,35
Truck982997,2566,1339,4785,5561,776
Truck984706,2225,2443,5320,5561,241
Truck984764,2777,2942,5335,5561,226
Truck985255,2683,2567,5490,5561,71
Truck983515,2776,1339,4945,5562,617
Truck983792,0,2444,5035,5562,527
Truck984375,2683,2443,5215,5562,347
Truck985464,1339,2567,5555,5562,7
Truck983093,2566,2443,4815,5563,748
Truck983652,2444,2443,4990,5563,573
Truck983686,2567,2444,5000,5563,563
Truck984692,2444,2225,5315,5563,248
Truck985232,0,2683,5485,5563,78
Truck985424,0,2567,5545,5563,18
Truck983173,2566,1339,4840,5565,725
Truck984275,2443,2942,5185,5565,380
Truck985390,2943,2942,5530,5566,36
Truck984986,2684,2776,5405,5567,162
Truck985370,2684,2443,5525,5567,42
Truck985327,3119,2942,5510,5568,58
Truck985478,2567,1339,5560,5568,8
Truck983599,3119,2776,4970,5569,599
Truck984047,3119,2443,5110,5569,459
Truck984812,2777,2942,5350,5569,219
Truck985271,2683,0,5495,5570,75
Truck984467,2443,2567,5245,5572,327
Truck984691,2443,2225,5315,5572,257
Truck984796,2777,2942,5345,5572,227
Truck984900,2444,2566,5380,5572,192
Truck985406,2943,2942,5535,5572,37
Truck983031,2683,2942,4795,5573,778
Truck984660,2444,2225,5305,5573,268
Truck979300,2444,1338,3630,5575,1945
Truck983333,2566,2443,4890,5575,685
Truck983812,2444,1339,5040,5575,535
Truck984320,0,2443,5200,5575,375
Truck984722,2225,2444,5325,5575,250
Truck984643,2443,2225,5300,5576,276
Truck984713,2224,2942,5320,5576,256
Truck984970,2684,2776,5400,5576,176
Truck985287,2683,0,5500,5576,76
Truck985422,2943,2942,5540,5576,36
Truck977889,1338,0,3190,5577,2387
Truck983007,3119,2567,4785,5577,792
Truck983273,2224,2443,4870,5577,707
Truck983413,2566,2443,4915,5577,662
Truck984933,2566,2444,5390,5577,187
Truck983061,2566,2443,4805,5578,773
Truck983181,2942,1339,4840,5578,738
Truck983498,2684,2224,4940,5578,638
Truck983716,2444,2443,5010,5578,568
Truck984346,2684,2942,5205,5578,373
Truck978023,2683,1338,3230,5579,2349
Truck984844,2777,2942,5360,5579,219
Truck983165,2942,0,4835,5580,745
Truck984143,3119,2443,5140,5580,440
Truck984716,2777,2942,5320,5580,260
Truck984845,2942,2777,5360,5580,220
Truck985302,2567,2683,5505,5580,75
Truck983055,3119,1339,4800,5581,781
Truck984834,2225,2443,5360,5581,221
Truck983741,2942,2776,5015,5582,567
Truck984771,2443,2225,5340,5582,242
Truck985296,0,2683,5505,5582,77
Truck985438,2943,2942,5545,5582,37
Truck984685,2942,2224,5310,5583,273
Truck983748,2444,2683,5020,5584,564
Truck984343,2683,2684,5205,5584,379
Truck985418,2684,2443,5540,5584,44
Truck983940,2444,1339,5080,5585,505
Truck985319,2683,0,5510,5585,75
Truck982326,2567,2224,4575,5586,1011
Truck984658,2225,2444,5305,5586,281
Truck984969,2224,3119,5400,5586,186
Truck985454,2943,2942,5550,5586,36
Truck979649,1338,2444,3740,5587,1847
Truck983062,2567,2942,4805,5587,782
Truck983224,1339,2942,4855,5588,733
Truck983272,1339,2942,4870,5588,718
Truck977840,0,1338,3175,5589,2414
Truck983133,2942,2683,4825,5590,765
Truck984111,3119,2443,5130,5590,460
Truck984595,2443,2567,5285,5590,305
Truck984915,2443,2225,5385,5590,205
Truck983048,1339,2942,4800,5591,791
Truck983088,0,2942,4815,5591,776
Truck983320,1339,2942,4885,5591,706
Truck983572,2444,2683,4965,5591,626
Truck984095,3119,2684,5125,5591,466
Truck984780,2777,2942,5340,5591,251
Truck985407,3119,2942,5535,5591,56
Truck985470,2943,2942,5555,5591,36
Truck977505,1338,2567,3070,5592,2522
Truck983760,0,2444,5025,5592,567
Truck984378,2684,2567,5215,5592,377
Truck985350,2567,2683,5520,5592,72
Truck983155,2443,2566,4835,5593,758
Truck983461,2566,2443,4930,5593,663
Truck983907,2443,3119,5070,5593,523
Truck984535,2683,2443,5265,5593,328
Truck982454,2567,2224,4615,5594,979
Truck982880,0,3119,4750,5594,844
Truck983385,2224,2443,4905,5594,689
Truck983867,2776,2942,5055,5594,539
Truck984371,2443,2683,5215,5594,379
Truck985450,2684,2443,5550,5594,44
Truck983739,2776,2567,5015,5595,580
Truck984907,2776,2443,5380,5596,216
Truck985486,2943,2942,5560,5596,36
Truck977537,1338,2443,3080,5597,2517
Truck977857,1338,2443,3180,5597,2417
Truck984442,2684,2942,5235,5597,362
Truck977649,1338,2443,3115,5598,2483
Truck984004,2444,2443,5100,5598,498
Truck983237,2566,2443,4860,5599,739
Truck983876,2444,2443,5060,5599,539
Truck984531,2443,2567,5265,5599,334
Truck984626,2225,1339,5295,5599,304
Truck984924,2777,2942,5385,5599,214
Truck978001,1338,2567,3225,5600,2375
Truck984015,3119,2443,5100,5600,500
Truck984955,2776,2443,5395,5600,205
Truck985004,2777,2942,5410,5600,190
Truck982935,2683,2942,4765,5601,836
Truck983451,2776,3119,4925,5601,676
Truck983835,2776,1339,5045,5601,556
Truck983862,2567,2444,5055,5601,546
Truck984237,2942,2443,5170,5601,431
Truck984253,2942,2443,5175,5601,426
Truck984282,2684,2683,5185,5601,416
Truck984908,2777,2942,5380,5601,221
Truck985502,2943,2942,5565,5601,36
Truck983559,2683,2444,4960,5602,642
Truck977809,1338,2567,3165,5603,2438
Truck983803,2776,2683,5035,5603,568
Truck984432,0,2684,5235,5603,368
Truck985475,2443,2684,5560,5603,43
Truck983620,2444,2683,4980,5604,624
Truck984365,2942,2443,5210,5604,394
Truck984859,2776,2443,5365,5604,239
Truck977425,1338,2683,3045,5605,2560
Truck978673,1338,2566,3435,5605,2170
Truck983831,2683,2776,5045,5605,560
Truck984157,2942,2443,5145,5605,460
Truck982233,2224,0,4545,5606,1061
Truck983579,2776,2683,4965,5606,641
Truck983851,2776,2942,5050,5606,556
Truck984519,2683,2443,5260,5606,346
Truck984882,2225,2443,5375,5606,231
Truck985518,2943,2942,5570,5606,36
Truck983482,2684,2224,4935,5607,672
Truck984828,2777,2942,5355,5607,252
Truck983401,2224,2443,4910,5608,698
Truck984474,2684,0,5245,5610,365
Truck984875,2776,2443,5370,5610,240
Truck985399,2683,0,5535,5610,75
Truck985431,2683,1339,5545,5610,65
Truck985534,2943,2942,5575,5610,35
Truck977528,1339,1338,3075,5611,2536
Truck983216,0,2942,4855,5611,756
Truck984175,3119,2443,5150,5611,461
Truck984752,0,2225,5335,5611,276
Truck984860,2777,2942,5365,5611,246
Truck984901,2566,2444,5380,5611,231
Truck977702,2567,1338,3130,5612,2482
Truck977777,1338,2443,3155,5612,2457
Truck977841,1338,2443,3175,5612,2437
Truck982151,2683,2224,4520,5612,1092
Truck982472,1339,2224,4620,5612,992
Truck983381,2566,2567,4905,5612,707
Truck983796,2444,2683,5035,5612,577
Truck984063,3119,2443,5115,5612,497
Truck983191,2683,2942,4845,5614,769
Truck984458,2684,1339,5240,5614,374
Truck984892,2777,2942,5375,5614,239
Truck985487,3119,2942,5560,5614,54
Truck985392,0,2683,5535,5615,80
Truck985550,2943,2942,5580,5615,35
Truck983668,2444,2683,4995,5616,621
Truck984035,2443,2444,5110,5616,506
Truck983293,2942,1339,4875,5617,742
Truck985415,2683,0,5540,5617,77
Truck977761,1338,2567,3150,5618,2468
Truck983811,2443,2444,5040,5618,578
Truck985408,0,2683,5540,5619,79
Truck977969,1338,2443,3215,5620,2405
Truck983229,2942,2683,4855,5620,765
Truck985530,2684,2443,5575,5620,45
Truck985566,2943,2942,5585,5620,35
Truck983328,0,2942,4890,5622,732
Truck983990,2567,2776,5095,5622,527
Truck984754,2225,2444,5335,5623,288
Truck985546,2684,2443,5580,5623,43
Truck983575,2683,2776,4965,5625,660
Truck985582,2943,2942,5590,5625,35
Truck977825,1338,2443,3170,5626,2456
Truck982975,3119,1339,4775,5626,851
Truck983979,2776,1339,5090,5626,536
Truck984672,0,2225,5310,5626,316
Truck983189,2566,2683,4845,5627,782
Truck984164,2444,2443,5150,5627,477
Truck984259,2443,2942,5180,5627,447
Truck984439,2683,2684,5235,5627,392
Truck985648,0,1339,5615,5627,12
Truck983465,2224,2443,4930,5628,698
Truck984988,2777,2942,5405,5628,223
Truck984250,2684,3119,5175,5629,454
Truck985562,2684,2443,5585,5629,44
Truck983319,2683,2942,4885,5630,745
Truck983541,2566,2443,4955,5630,675
Truck983931,2776,2942,5075,5630,555
Truck984052,2444,2443,5115,5630,515
Truck984889,2224,2942,5375,5630,255
Truck985555,2443,2684,5585,5630,45
Truck983507,2443,2566,4945,5631,686
Truck984979,2443,2776,5405,5631,226
Truck985535,3119,2942,5575,5631,56
Truck985688,1339,2567,5625,5631,6
Truck983144,1339,2942,4830,5632,802
Truck983513,2224,2443,4945,5632,687
Truck983892,2444,2443,5065,5632,567
Truck984138,2684,3119,5140,5632,492
Truck984195,2443,3119,5160,5632,472
Truck985033,2224,3119,5420,5632,212
Truck985598,2943,2942,5595,5632,37
Truck977633,1338,2567,3110,5633,2523
Truck983135,3119,1339,4825,5633,808
Truck983285,2566,2443,4875,5633,758
Truck984707,2443,1339,5320,5633,313
Truck985578,2684,2443,5590,5633,43
Truck983149,2942,0,4830,5634,804
Truck983353,2224,2443,4895,5634,739
Truck983988,2444,2443,5095,5634,539
Truck983095,2683,3119,4815,5635,820
Truck983635,2443,2224,4985,5635,650
Truck977873,1338,2443,3185,5636,2451
Truck983440,0,2942,4925,5636,711
Truck984159,3119,2443,5145,5636,491
Truck984576,0,2443,5280,5636,356
Truck983449,2224,2443,4925,5637,712
Truck985614,2943,2942,5600,5637,37
Truck983200,0,2942,4850,5638,788
Truck983577,2224,2443,4965,5638,673
Truck983899,2776,0,5065,5638,573
Truck984100,2444,2567,5130,5638,508
Truck984426,2684,2942,5230,5638,408
Truck985166,2943,2777,5460,5638,178
Truck984147,2443,3119,5145,5639,494
Truck984880,0,2225,5375,5639,264
Truck985003,2776,2443,5410,5639,229
Truck985162,2684,2776,5460,5639,179
Truck982423,2683,2224,4605,5640,1035
Truck983924,2444,1339,5075,5640,565
Truck984674,2225,2683,5310,5640,330
Truck985116,2777,2942,5445,5640,195
Truck985629,2942,2943,5605,5640,35
Truck984956,2777,2942,5395,5641,246
Truck985630,2943,2942,5605,5641,36
Truck983433,2224,2443,4920,5642,722
Truck983965,2942,2776,5085,5643,558
Truck977608,1339,1338,3100,5644,2544
Truck978369,1338,2443,3340,5644,2304
Truck983509,2566,2443,4945,5644,699
Truck984024,1339,2776,5105,5644,539
Truck984006,2567,2444,5100,5645,545
Truck984710,2567,2443,5320,5645,325
Truck985543,2683,1339,5580,5645,65
Truck985603,2443,2684,5600,5645,45
Truck985646,2943,2942,5610,5645,35
Truck984552,1339,2684,5270,5646,376
Truck984381,2942,2443,5215,5647,432
Truck982569,2224,2567,4650,5648,998
Truck984205,2942,2776,5160,5648,488
Truck984850,2225,2443,5365,5648,283
Truck985035,2776,2443,5420,5648,228
Truck985526,2567,2683,5575,5648,73
Truck983248,0,3119,4865,5649,784
Truck983255,2683,2942,4865,5649,784
Truck984036,2444,2443,5110,5649,539
Truck984624,0,2684,5295,5649,354
Truck984770,2225,2443,5340,5649,309
Truck982983,2683,3119,4780,5650,870
Truck983303,2683,2942,4880,5650,770
Truck983263,3119,1339,4865,5651,786
Truck984493,2942,2443,5250,5651,401
Truck984972,2777,2942,5400,5651,251
Truck985662,2943,2942,5615,5651,36
Truck979553,1338,2566,3710,5652,1942
Truck984008,1339,2776,5100,5652,552
Truck985164,2777,2942,5460,5652,192
Truck984984,1339,2225,5405,5653,248
Truck977937,1338,2443,3205,5654,2449
Truck983309,2942,1339,4880,5654,774
Truck984930,2225,2567,5390,5654,264
Truck977985,1338,1339,3220,5655,2435
Truck978385,1338,2443,3345,5655,2310
Truck983352,1339,2942,4895,5655,760
Truck983765,2566,2443,5025,5655,630
Truck983416,1339,2942,4915,5656,741
Truck984397,2942,2443,5220,5656,436
Truck985615,3119,2942,5600,5656,56
Truck985678,2943,2942,5620,5656,36
Truck977585,1338,2683,3095,5657,2562
Truck977953,1338,2443,3210,5657,2447
Truck978033,1338,2443,3235,5657,2422
Truck982960,0,3119,4775,5657,882
Truck983288,1339,3119,4875,5657,782
Truck983445,2566,1339,4925,5657,732
Truck985752,1339,0,5645,5657,12
Truck978145,1338,0,3270,5658,2388
Truck985068,2777,2942,5430,5658,228
Truck983574,2567,2942,4965,5659,694
Truck983392,0,2942,4910,5660,750
Truck983529,2224,2443,4950,5660,710
Truck983787,2776,2942,5030,5660,630
Truck985658,2684,2443,5615,5660,45
Truck985694,2943,2942,5625,5660,35
Truck983397,2566,2683,4910,5662,752
Truck985020,2777,2942,5415,5662,247
Truck984043,2776,1339,5110,5663,553
Truck984971,2776,2443,5400,5664,264
Truck985709,2942,2943,5630,5664,34
Truck983317,2566,2683,4885,5665,780
Truck984255,3119,2684,5175,5665,490
Truck985196,2777,2942,5470,5666,196
Truck984431,3119,2443,5230,5667,437
Truck984570,2684,2942,5275,5667,392
Truck985100,2777,2942,5440,5667,227
Truck985608,1339,2683,5600,5667,67
Truck985058,2225,2443,5430,5668,238
Truck983456,0,2566,4930,5669,739
Truck979889,1338,2444,3815,5670,1855
Truck982376,1339,2224,4590,5670,1080
Truck983589,2566,0,4970,5670,700
Truck983895,2683,2776,5065,5670,605
Truck984477,2942,2443,5245,5670,425
Truck984985,2224,2942,5405,5670,265
Truck984851,2443,1339,5365,5671,306
Truck984994,2225,2443,5410,5671,261
Truck985084,2777,2942,5435,5671,236
Truck985726,2943,2942,5635,5671,36
Truck985036,2777,2942,5420,5672,252
Truck985131,2776,2443,5450,5672,222
Truck983304,1339,2566,4880,5673,793
Truck983336,1339,3119,4890,5673,783
Truck983464,1339,2942,4930,5673,743
Truck984107,2776,1339,5130,5673,543
Truck984248,1339,2444,5175,5673,498
Truck983561,2224,2443,4960,5674,714
Truck984912,0,2225,5385,5674,289
Truck978817,1338,2225,3480,5675,2195
Truck982566,2567,2224,4650,5675,1025
Truck983656,1339,2566,4990,5675,685
Truck984075,2776,2567,5120,5675,555
Truck984832,0,2225,5360,5676,316
Truck985113,2224,3119,5445,5676,231
Truck984079,3119,2443,5120,5677,557
Truck984367,3119,2443,5210,5677,467
Truck984896,0,2225,5380,5677,297
Truck985742,2943,2942,5640,5677,37
Truck984148,2444,0,5145,5678,533
Truck983351,2683,2942,4895,5679,784
Truck983064,1339,3119,4805,5680,875
Truck983571,2443,2566,4965,5680,715
Truck983706,2684,2224,5005,5680,675
Truck983785,2224,2443,5030,5680,650
Truck985695,3119,2942,5625,5680,55
Truck985758,2943,2942,5645,5680,35
Truck983477,2566,2443,4935,5681,746
Truck978160,0,1338,3275,5682,2407
Truck985638,2567,2683,5610,5682,72
Truck983430,2567,2942,4920,5683,763
Truck983446,2567,2566,4925,5683,758
Truck984920,1339,2225,5385,5683,298
Truck985094,2567,2225,5440,5683,243
Truck983653,2566,2443,4990,5684,694
Truck983721,2224,2443,5010,5684,674
Truck984650,2684,2942,5300,5684,384
Truck985042,2225,2443,5425,5684,259
Truck983211,2776,2224,4850,5685,835
Truck983341,2942,2567,4890,5685,795
Truck983488,0,2942,4940,5685,745
Truck984330,2684,3119,5200,5685,485
Truck984487,2683,2684,5250,5685,435
Truck978081,1338,0,3250,5686,2436
Truck984244,2444,2443,5175,5686,511
Truck985774,2943,2942,5650,5686,36
Truck983587,2443,2566,4970,5687,717
Truck985132,2777,2942,5450,5687,237
Truck985848,1339,0,5675,5687,12
Truck983731,2443,2224,5015,5688,673
Truck984618,2684,0,5290,5688,398
Truck985052,2777,2942,5425,5688,263
Truck985830,2567,0,5670,5688,18
Truck985862,2567,1339,5680,5688,8
Truck983737,2224,2443,5015,5689,674
Truck984187,2776,0,5155,5689,534
Truck984962,2225,2567,5400,5689,289
Truck983576,1339,2942,4965,5690,725
Truck983844,2444,2683,5050,5690,640
Truck985010,2225,2443,5415,5690,275
Truck985078,2567,2225,5435,5690,255
Truck985790,2943,2942,5655,5690,35
Truck983651,2443,2224,4990,5691,701
Truck983795,2443,2224,5035,5691,656
Truck985199,3119,2224,5470,5691,221
Truck983264,0,2942,4870,5692,822
Truck984228,2444,2443,5170,5692,522
Truck984818,2225,2683,5355,5692,337
Truck985107,2443,2225,5445,5692,247
Truck983883,2776,3119,5060,5693,633
Truck984068,2444,2443,5120,5693,573
Truck983669,2566,0,4995,5694,699
Truck984899,2443,1339,5380,5694,314
Truck985770,2684,2443,5650,5694,44
Truck978241,1338,2443,3300,5695,2395
Truck983429,2566,2443,4920,5695,775
Truck984005,2566,2443,5100,5695,595
Truck984176,0,2444,5155,5695,540
Truck985806,2943,2942,5660,5695,35
Truck982688,0,2224,4690,5696,1006
Truck982761,2224,1339,4710,5697,987
Truck984303,3119,2443,5190,5697,507
Truck984762,2684,0,5335,5697,362
Truck984835,2443,2683,5360,5697,337
Truck985894,2567,1339,5690,5697,7
Truck983637,2566,2567,4985,5698,713
Truck984372,2444,2443,5215,5698,483
Truck984451,2443,2942,5240,5698,458
Truck978129,1338,2443,3265,5699,2434
Truck983239,2683,3119,4860,5699,839
Truck983512,1339,2942,4945,5699,754
Truck984119,2683,2444,5135,5699,564
Truck985148,2777,2942,5455,5699,244
Truck985856,0,2567,5680,5699,19
Truck978006,2567,1338,3225,5700,2475
Truck983648,0,2942,4990,5700,710
Truck983813,2566,2443,5040,5700,660
Truck984182,2567,2444,5155,5700,545
Truck984511,3119,2684,5255,5700,445
Truck979589,2566,1338,3720,5701,1981
Truck982505,2224,2683,4630,5701,1071
Truck984027,2776,2683,5105,5701,596
Truck984308,2444,2443,5195,5701,506
Truck985129,2224,3119,5450,5701,251
Truck985220,2444,2566,5480,5701,221
Truck985822,2943,2942,5665,5701,36
Truck982713,2224,1339,4695,5702,1007
Truck983325,2942,1339,4885,5702,817
Truck983493,2566,2443,4940,5702,762
Truck984399,3119,2443,5220,5702,482
Truck984903,2683,2443,5380,5702,322
Truck985910,2567,1339,5695,5702,7
Truck983373,2942,1339,4900,5703,803
Truck983384,1339,3119,4905,5703,798
Truck984171,2776,2683,5150,5703,553
Truck984452,2444,2567,5240,5703,463
Truck984515,2443,2942,5260,5703,443
Truck979505,1338,2566,3695,5704,2009
Truck982664,1339,2224,4680,5705,1025
Truck984898,2225,2683,5380,5705,325
Truck985180,2777,2942,5465,5705,240
Truck985435,2776,2684,5545,5705,160
Truck985838,2943,2942,5670,5705,35
Truck983606,2567,2566,4975,5706,731
Truck985154,2225,2443,5460,5706,246
Truck985188,2444,2566,5470,5706,236
Truck978465,1338,2443,3370,5707,2337
Truck979748,2444,1338,3770,5707,1937
Truck983597,2942,0,4970,5707,737
Truck985001,2224,2942,5410,5707,297
Truck985085,2942,2224,5435,5707,272
Truck985090,2225,0,5440,5707,267
Truck985818,2684,2443,5665,5707,42
Truck985904,0,1339,5695,5707,12
Truck983638,2567,2942,4985,5708,723
Truck983717,2566,2443,5010,5708,698
Truck983768,1339,2566,5025,5709,684
Truck985292,2777,2942,5500,5709,209
Truck983573,2566,2443,4965,5710,745
Truck984123,2776,2567,5135,5710,575
Truck984376,1339,2444,5215,5710,495
Truck984806,2567,2684,5350,5710,360
Truck984914,2225,2683,5385,5710,325
Truck985106,2225,2443,5445,5710,265
Truck985149,2942,2224,5455,5710,255
Truck983590,2567,2566,4970,5711,741
Truck984251,2776,0,5175,5711,536
Truck984765,2942,2684,5335,5711,376
Truck984420,2444,2443,5230,5712,482
Truck984447,3119,2443,5235,5712,477
Truck985854,2943,2942,5675,5712,37
Truck985193,2224,3119,5470,5713,243
Truck984116,2444,2443,5135,5714,579
Truck984944,0,2443,5395,5714,319
Truck985211,2776,2443,5475,5714,239
Truck985834,2684,2443,5670,5714,44
Truck983616,0,2942,4980,5715,735
Truck984267,2776,1339,5180,5715,535
Truck985181,2942,2224,5465,5715,250
Truck984057,2224,2684,5115,5716,601
Truck984084,2444,0,5125,5716,591
Truck984527,3119,2443,5260,5716,456
Truck985072,0,2225,5435,5716,281
Truck985228,2777,2942,5480,5716,236
Truck985768,1339,2683,5650,5716,66
Truck985870,2943,2942,5680,5716,36
Truck979122,2225,1338,3575,5717,2142
Truck985099,2776,2443,5440,5717,277
Truck985218,2225,2444,5480,5717,237
Truck978897,1338,2225,3505,5718,2213
Truck985177,2224,2942,5465,5718,253
Truck983399,2683,2566,4910,5719,809
Truck984871,2683,2443,5370,5719,349
Truck983383,2683,3119,4905,5720,815
Truck983528,1339,2942,4950,5720,770
Truck983661,2942,0,4990,5720,730
Truck985323,2776,2684,5510,5720,210
Truck978353,1338,2443,3335,5721,2386
Truck982504,1339,2224,4630,5721,1091
Truck983712,0,2942,5010,5721,711
Truck984104,1339,2776,5130,5721,591
Truck985751,2683,0,5645,5721,76
Truck985823,3119,2942,5665,5721,56
Truck978054,2567,1338,3240,5722,2482
Truck985309,2942,2777,5505,5722,217
Truck985321,2224,3119,5510,5722,212
Truck985886,2943,2942,5685,5722,37
Truck983629,2942,0,4980,5723,743
Truck984235,2776,2942,5170,5723,553
Truck985866,2684,2443,5680,5723,43
Truck984726,2567,2684,5325,5724,399
Truck985799,2683,1339,5660,5724,64
Truck982656,0,2224,4680,5725,1045
Truck984931,2443,0,5390,5725,335
Truck985202,2225,2443,5475,5725,250
Truck978344,1339,1338,3330,5726,2396
Truck984463,3119,2443,5240,5726,486
Truck983685,2566,2443,5000,5727,727
Truck984340,2444,2443,5205,5727,522
Truck979169,1338,2566,3590,5728,2138
Truck984634,2684,2942,5295,5728,433
Truck985030,2567,2443,5420,5728,308
Truck985136,0,2225,5455,5729,274
Truck985276,2777,2942,5495,5730,235
Truck985365,2566,2444,5525,5730,205
Truck985958,2567,0,5710,5730,20
Truck978417,1338,2683,3355,5731,2376
Truck978710,2567,1338,3445,5731,2286
Truck984575,3119,2443,5275,5731,456
Truck984824,1339,2684,5355,5731,376
Truck985126,2567,2225,5450,5731,281
Truck985161,2224,2942,5460,5731,271
Truck985918,2943,2942,5695,5731,36
Truck983557,2566,0,4960,5732,772
Truck984061,2942,2776,5115,5732,617
Truck978065,1338,2443,3245,5733,2488
Truck983376,0,3119,4905,5733,828
Truck985308,2777,2942,5505,5733,228
Truck978161,1338,2443,3275,5734,2459
Truck983549,2942,0,4955,5734,779
Truck985891,2443,2684,5690,5734,44
Truck983845,2566,2443,5050,5735,685
Truck984794,2684,2942,5345,5735,390
Truck985260,2777,2942,5490,5735,245
Truck985934,2943,2942,5700,5735,35
Truck982857,2224,2683,4740,5736,996
Truck983680,0,2942,5000,5736,736
Truck985138,2225,2443,5455,5736,281
Truck978305,1338,2443,3320,5737,2417
Truck983607,2683,2942,4975,5737,762
Truck984276,2444,2443,5185,5738,553
Truck984690,2225,2566,5315,5738,423
Truck984315,2776,1339,5195,5739,544
Truck985139,2443,2225,5455,5739,284
Truck985324,2777,2942,5510,5739,229
Truck978321,1338,2443,3325,5740,2415
Truck978497,1338,2443,3380,5740,2360
Truck984196,2444,1339,5160,5740,580
Truck984395,2776,2567,5220,5740,520
Truck985950,2943,2942,5705,5740,35
Truck982521,2224,2683,4635,5741,1106
Truck983605,2566,2443,4975,5741,766
Truck983801,2224,2443,5035,5741,706
Truck982952,1339,2224,4770,5742,972
Truck983360,0,3119,4900,5742,842
Truck983696,0,2566,5005,5742,737
Truck984483,2443,3119,5250,5742,492
Truck984579,2443,2942,5280,5742,462
Truck985212,2777,2942,5475,5742,267
Truck983701,2566,2443,5005,5743,738
Truck983839,3119,2776,5045,5743,698
Truck984404,2444,2443,5225,5743,518
Truck984906,2684,1339,5380,5743,363
Truck985372,2777,2942,5525,5743,218
Truck985930,2684,2443,5700,5743,43
Truck983543,2683,3119,4955,5744,789
Truck984232,1339,2444,5170,5744,574
Truck984826,2684,0,5355,5744,389
Truck984978,2225,2683,5405,5744,339
Truck985015,2683,2443,5415,5744,329
Truck985244,2777,2942,5485,5744,259
Truck985391,3119,2224,5530,5744,214
Truck983782,2567,2942,5030,5745,715
Truck984408,1339,2444,5225,5745,520
Truck985339,2776,2443,5515,5745,230
Truck985387,2776,2443,5530,5745,215
Truck985903,3119,2942,5690,5745,55
Truck985966,2943,2942,5710,5746,36
Truck984443,2776,2942,5235,5747,512
Truck984610,2225,2566,5290,5747,457
Truck984623,3119,2443,5290,5747,457
Truck985946,2684,2443,5705,5748,43
Truck982647,2683,2224,4675,5749,1074
Truck984388,2444,2443,5220,5749,529
Truck985452,2777,2942,5550,5749,199
Truck985919,3119,2942,5695,5749,54
Truck984613,2566,2225,5290,5750,460
Truck985298,2225,2443,5505,5750,245
Truck985315,2443,2776,5510,5750,240
Truck985847,2683,0,5675,5750,75
Truck985880,1339,2683,5685,5750,65
Truck985982,2943,2942,5715,5750,35
Truck984356,2444,1339,5210,5751,541
Truck985143,2683,2225,5455,5751,296
Truck985234,2225,2443,5485,5751,266
Truck985824,0,2683,5670,5751,81
Truck978257,1338,2443,3305,5752,2447
Truck984589,2942,2443,5280,5753,473
Truck978225,1338,1339,3295,5754,2459
Truck984324,2444,2443,5200,5754,554
Truck985337,2224,2942,5515,5754,239
Truck985962,2684,2443,5710,5754,44
Truck983639,2683,2942,4985,5755,770
Truck984279,2683,2776,5185,5755,570
Truck985998,2943,2942,5720,5755,35
Truck984484,2444,2567,5250,5756,506
Truck985187,2443,2225,5470,5756,286
Truck984132,2444,2683,5140,5757,617
Truck984436,2444,2443,5235,5757,522
Truck983893,2566,2443,5065,5758,693
Truck984655,3119,2443,5300,5759,459
Truck983467,2776,2224,4930,5760,830
Truck983591,2683,2942,4970,5760,790
Truck985307,2776,2443,5505,5760,255
Truck978721,1338,2443,3450,5761,2311
Truck985356,2777,2942,5520,5761,241
Truck984698,2684,3119,5315,5762,447
Truck985912,1339,2683,5695,5762,67
Truck986014,2943,2942,5725,5762,37
Truck978433,1338,2443,3360,5763,2403
Truck983781,2566,2443,5030,5763,733
Truck983832,1339,2942,5045,5764,719
Truck983993,2224,2684,5095,5764,669
Truck985219,2443,2225,5480,5764,284
Truck983753,2224,2443,5020,5765,745
Truck983565,2942,2683,4960,5766,806
Truck984139,2776,3119,5140,5766,626
Truck985340,2777,2942,5515,5766,251
Truck985378,2225,2443,5530,5766,236
Truck986030,2943,2942,5730,5766,36
Truck983677,2942,2683,4995,5767,772
Truck983815,2683,2942,5040,5768,728
Truck984935,2683,2443,5390,5769,379
Truck986010,2684,2443,5725,5769,44
Truck985168,0,2443,5465,5770,305
Truck985436,2777,2942,5545,5770,225
Truck983622,2567,2942,4980,5771,791
Truck983961,2224,2684,5085,5771,686
Truck984810,2684,3119,5350,5771,421
Truck985250,2225,2443,5490,5771,281
Truck985943,2683,1339,5705,5771,66
Truck986046,2943,2942,5735,5771,36
Truck983511,2683,2942,4945,5772,827
Truck984260,2444,1339,5180,5772,592
Truck985362,2225,2443,5525,5772,247
Truck985532,2777,2942,5575,5772,197
Truck984559,3119,2443,5270,5773,503
Truck985314,2225,2443,5510,5773,263
Truck985911,2683,0,5695,5773,78
Truck983879,2683,2566,5060,5774,714
Truck984411,2776,1339,5225,5774,549
Truck985266,2225,2443,5495,5774,279
Truck978579,2443,1338,3405,5775,2370
Truck983736,1339,2942,5015,5775,760
Truck986062,2943,2942,5740,5775,35
Truck984160,0,2776,5150,5776,626
Truck978264,1339,1338,3305,5777,2472
Truck983323,2776,2224,4885,5777,892
Truck983704,1339,3119,5005,5777,772
Truck984596,2444,2443,5285,5777,492
Truck983447,2683,2942,4925,5778,853
Truck983829,2566,2443,5045,5778,733
Truck985468,2777,2942,5555,5778,223
Truck978545,1338,2567,3395,5779,2384
Truck983527,2683,2942,4950,5779,829
Truck984215,2683,2444,5165,5779,614
Truck984874,2684,2942,5370,5779,409
Truck984960,0,2684,5400,5779,379
Truck977921,1338,0,3200,5780,2580
Truck984523,2776,1339,5260,5780,520
Truck985096,1339,2684,5440,5780,340
Truck985404,2777,2942,5535,5780,245
Truck985976,1339,2683,5715,5780,65
Truck986078,2943,2942,5745,5780,35
Truck983751,2683,2566,5020,5781,761
Truck984331,2776,2942,5200,5781,581
Truck984536,1339,2776,5265,5782,517
Truck983670,2567,3119,4995,5783,788
Truck984717,2942,2443,5320,5783,463
Truck983033,2224,2567,4795,5784,989
Truck983941,2566,2443,5080,5784,704
Truck983957,2566,2443,5085,5784,699
Truck984735,3119,2443,5325,5784,459
Truck985074,2225,2683,5435,5784,349
Truck985516,2777,2942,5570,5784,214
Truck985936,0,2683,5705,5784,79
Truck978657,1338,2443,3430,5785,2355
Truck983000,1339,2224,4785,5785,1000
Truck985500,2777,2942,5565,5785,220
Truck986058,2684,2443,5740,5785,45
Truck983872,0,2942,5060,5786,726
Truck984644,2444,2443,5300,5786,486
Truck985080,1339,2443,5435,5786,351
Truck985388,2777,2942,5530,5786,256
Truck986094,2943,2942,5750,5786,36
Truck982745,2224,2683,4705,5787,1082
Truck983816,1339,2942,5040,5787,747
Truck985992,1339,2683,5720,5787,67
Truck982759,2683,2224,4710,5788,1078
Truck985474,2225,2443,5560,5788,228
Truck982921,2224,2567,4760,5789,1029
Truck983487,3119,2567,4935,5789,854
Truck985974,2567,2683,5715,5790,75
Truck984500,2444,2443,5255,5791,536
Truck984821,2566,2225,5355,5791,436
Truck985572,2444,2566,5590,5792,202
Truck986047,3119,2942,5735,5792,57
Truck986110,2943,2942,5755,5792,37
Truck980324,2444,1338,3950,5794,1844
Truck983709,2942,0,5005,5794,789
Truck983797,2566,2443,5035,5794,759
Truck984532,2444,2443,5265,5794,529
Truck985123,2443,2567,5450,5794,344
Truck985394,2225,2443,5535,5794,259
Truck985539,2443,2776,5580,5794,214
Truck983923,2443,2224,5075,5795,720
Truck983973,2566,2443,5090,5795,705
Truck985075,2443,0,5435,5795,360
Truck985710,2943,2777,5630,5795,165
Truck986126,2943,2942,5760,5795,35
Truck986166,2567,0,5775,5795,20
Truck983735,2683,2566,5015,5796,781
Truck985363,2443,2776,5525,5796,271
Truck985597,2942,2777,5595,5796,201
Truck986024,1339,2683,5730,5796,66
Truck983856,0,2566,5055,5797,742
Truck983939,2443,2224,5080,5797,717
Truck984819,2443,2942,5355,5797,442
Truck985282,2225,1339,5500,5797,297
Truck985595,2776,2684,5595,5797,202
Truck983455,3119,2683,4925,5798,873
Truck984749,2942,2443,5330,5798,468
Truck985644,2777,2943,5610,5798,188
Truck984861,2942,2443,5365,5799,434
Truck985299,2443,2225,5505,5799,294
Truck986106,2684,2443,5755,5799,44
Truck984117,2566,2567,5135,5801,666
Truck985497,2224,2942,5565,5801,236
Truck983655,2683,2566,4990,5802,812
Truck985420,2777,2942,5540,5802,262
Truck986142,2943,2942,5765,5802,37
Truck978209,1338,2443,3290,5803,2513
Truck985082,2684,2567,5435,5804,369
Truck985353,2224,2942,5520,5804,284
Truck986000,0,2683,5725,5804,79
Truck984772,2444,2443,5340,5805,465
Truck978304,0,1338,3320,5806,2486
Truck986158,2943,2942,5770,5806,36
Truck983861,2566,2443,5055,5807,752
Truck984802,2225,2566,5350,5807,457
Truck985008,0,2684,5415,5807,392
Truck983560,1339,3119,4960,5808,848
Truck983583,3119,2683,4965,5808,843
Truck985114,2684,2942,5445,5808,363
Truck983933,2942,1339,5075,5809,734
Truck985047,2683,2443,5425,5809,384
Truck985529,2224,2942,5575,5809,234
Truck983925,2566,2443,5075,5810,735
Truck986111,3119,2942,5755,5810,55
Truck986131,2443,2684,5765,5810,45
Truck983942,2567,2942,5080,5811,731
Truck984032,0,2566,5110,5811,701
Truck984292,2444,2683,5190,5811,621
Truck978945,1338,2443,3520,5812,2292
Truck979281,1338,2225,3625,5812,2187
Truck984600,1339,2444,5285,5812,527
Truck985484,2777,2942,5560,5812,252
Truck986174,2943,2942,5775,5812,37
Truck978962,2225,1338,3525,5813,2288
Truck983535,3119,2683,4950,5813,863
Truck984877,2942,2443,5370,5813,443
Truck985740,2777,2943,5640,5814,174
Truck983168,0,2224,4840,5815,975
Truck983615,3119,2683,4975,5815,840
Truck985522,2225,2443,5575,5815,240
Truck986190,2943,2942,5780,5815,35
Truck983944,1339,2942,5080,5816,736
Truck984073,2224,2443,5120,5816,696
Truck984675,2443,3119,5310,5816,506
Truck984863,3119,2443,5365,5816,451
Truck985142,2567,2684,5455,5816,361
Truck978326,2567,1338,3325,5817,2492
Truck983847,2683,2942,5050,5817,767
Truck984756,2444,1339,5335,5817,482
Truck985580,2777,2942,5590,5817,227
Truck985254,2567,2684,5490,5818,328
Truck984592,0,2444,5285,5820,535
Truck986104,1339,2683,5755,5820,65
Truck986206,2943,2942,5785,5820,35
Truck984566,2567,2776,5275,5821,546
Truck983927,2683,2942,5075,5822,747
Truck983471,3119,2683,4930,5823,893
Truck979457,1338,2566,3680,5824,2144
Truck983807,3119,2567,5035,5824,789
Truck984496,0,2776,5255,5824,569
Truck984767,3119,2443,5335,5824,489
Truck985312,0,2684,5510,5824,314
Truck984973,2942,2443,5400,5825,425
Truck985564,2777,2942,5585,5825,240
Truck986222,2943,2942,5790,5825,35
Truck983750,2567,3119,5020,5826,806
Truck984612,2444,2443,5290,5826,536
Truck984813,2942,2443,5350,5826,476
Truck984957,2942,2443,5395,5826,431
Truck984471,2683,2776,5245,5827,582
Truck984815,3119,2443,5350,5827,477
Truck986312,1339,2567,5820,5827,7
Truck983894,2567,2942,5065,5828,763
Truck984632,1339,2776,5295,5828,533
Truck985043,2443,2942,5425,5828,403
Truck985628,2777,2942,5605,5828,223
Truck985708,2777,2942,5630,5829,199
Truck979313,1338,2225,3635,5831,2196
Truck984868,2444,2567,5370,5831,461
Truck985178,2684,2942,5465,5831,366
Truck985235,2443,2683,5485,5831,346
Truck985352,1339,2443,5520,5831,311
Truck985667,2443,2776,5620,5831,211
Truck985685,2566,2444,5625,5831,206
Truck986238,2943,2942,5795,5831,36
Truck985410,2225,2443,5540,5832,292
Truck983727,3119,1339,5010,5834,824
Truck985239,2683,2225,5485,5834,349
Truck985283,2443,2567,5500,5834,334
Truck983056,0,2224,4805,5835,1030
Truck985472,0,2225,5560,5835,275
Truck985549,2942,2224,5580,5835,255
Truck985506,2225,2443,5570,5836,266
Truck986254,2943,2942,5800,5836,36
Truck985554,2225,2443,5585,5837,252
Truck978560,0,1338,3400,5838,2438
Truck984229,2566,0,5170,5838,668
Truck984584,1339,2776,5280,5838,558
Truck985016,1339,2684,5415,5838,423
Truck984667,2776,0,5305,5839,534
Truck985548,2777,2942,5580,5839,259
Truck985560,1339,2225,5585,5839,254
Truck985586,2225,2443,5595,5840,245
Truck978455,2683,1338,3365,5841,2476
Truck985027,2443,2942,5420,5841,421
Truck985274,2684,1339,5495,5841,346
Truck984557,2942,2776,5270,5842,572
Truck985571,2443,2225,5590,5842,252
Truck986270,2943,2942,5805,5842,37
Truck985426,2225,2567,5545,5843,298
Truck986320,0,2567,5825,5843,18
Truck984628,2444,2443,5295,5844,549
Truck978097,1338,2683,3255,5845,2590
Truck983853,2942,2683,5050,5845,795
Truck984009,2224,2443,5100,5845,745
Truck984468,2444,2443,5245,5845,600
Truck984539,2776,2567,5265,5845,580
Truck984153,2224,2443,5145,5846,701
Truck985002,2684,3119,5410,5846,436
Truck986286,2943,2942,5810,5846,36
Truck985346,2225,1339,5520,5847,327
Truck985612,2777,2942,5600,5847,247
Truck984121,2224,2443,5135,5848,713
Truck984393,2224,2684,5220,5848,628
Truck978577,1338,2443,3405,5849,2444
Truck984085,2566,2443,5125,5849,724
Truck984550,2567,2776,5270,5850,580
Truck985191,2683,2443,5470,5850,380
Truck985659,2776,2443,5615,5850,235
Truck985787,2776,2443,5655,5850,195
Truck986302,2943,2942,5815,5850,35
Truck984133,2566,2443,5140,5851,711
Truck985066,2684,3119,5430,5851,421
Truck985458,2225,0,5555,5851,296
Truck985490,2225,2443,5565,5851,286
Truck984040,1339,2566,5110,5852,742
Truck984325,2566,2443,5200,5852,652
Truck985338,2684,2567,5515,5852,337
Truck985772,2777,2942,5650,5852,202
Truck985813,2566,2444,5665,5852,187
Truck986239,3119,2942,5795,5852,57
Truck983672,1339,3119,4995,5853,858
Truck983776,0,2942,5030,5853,823
Truck984758,2567,2776,5335,5853,518
Truck978499,2443,1338,3380,5854,2474
Truck985059,2443,2942,5430,5854,424
Truck986255,3119,2942,5800,5854,54
Truck986282,2684,2443,5810,5854,44
Truck984701,2942,2776,5315,5855,540
Truck985194,2684,0,5470,5855,385
Truck985596,2777,2942,5595,5855,260
Truck985692,2777,2942,5625,5855,230
Truck985165,2942,2443,5460,5856,396
Truck985442,2225,0,5550,5856,306
Truck986318,2943,2942,5820,5856,36
Truck984363,2776,3119,5210,5857,647
Truck984696,1339,2444,5315,5857,542
Truck985627,2776,2443,5605,5857,252
Truck984867,2443,3119,5370,5858,488
Truck984890,2684,3119,5375,5858,483
Truck983989,2566,2443,5095,5859,764
Truck984347,2776,2683,5205,5859,654
Truck982953,2224,0,4770,5860,1090
Truck984676,2444,2443,5310,5860,550
Truck985117,2942,2443,5445,5860,415
Truck985724,2777,2942,5635,5861,226
Truck985756,2777,2942,5645,5861,216
Truck986334,2943,2942,5825,5861,36
Truck983129,2224,2683,4825,5862,1037
Truck983830,2567,3119,5045,5862,817
Truck984548,2444,2443,5270,5862,592
Truck984768,0,2444,5340,5862,522
Truck983833,2224,2776,5045,5863,818
Truck985676,2777,2942,5620,5863,243
Truck978736,0,1338,3455,5864,2409
Truck984708,2444,2443,5320,5864,544
Truck984736,0,2776,5330,5864,534
Truck983881,2224,2776,5060,5865,805
Truck985741,2942,2777,5640,5865,225
Truck986287,3119,2942,5810,5865,55
Truck978401,1338,2683,3350,5866,2516
Truck985660,2777,2942,5615,5866,251
Truck986350,2943,2942,5830,5866,36
Truck978689,1338,2443,3440,5867,2427
Truck984678,2567,2776,5310,5867,557
Truck984995,2443,2942,5410,5867,457
Truck985576,1339,2225,5590,5868,278
Truck985593,2224,2942,5595,5868,273
Truck986231,2683,0,5795,5870,75
Truck986247,2683,2567,5800,5870,70
Truck985223,2683,2684,5480,5871,391
Truck986366,2943,2942,5835,5871,36
Truck978833,1338,2443,3485,5872,2387
Truck983190,2567,2224,4845,5872,1027
Truck984963,2443,3119,5400,5872,472
Truck985902,2943,2777,5690,5872,182
Truck986224,0,2683,5795,5872,77
Truck986456,1339,2567,5865,5872,7
Truck984587,2776,2683,5280,5873,593
Truck985650,2225,2443,5615,5873,258
Truck985835,2776,2443,5670,5873,203
Truck984571,2776,2942,5275,5874,599
Truck984946,2225,2566,5395,5874,479
Truck985197,2942,2443,5470,5874,404
Truck986317,2942,3119,5820,5874,54
Truck984555,2776,2942,5270,5875,605
Truck984934,2567,2444,5390,5875,485
Truck985183,3119,2684,5465,5875,410
Truck986319,3119,2942,5820,5875,55
Truck986381,2942,2943,5840,5875,35
Truck983759,3119,0,5020,5876,856
Truck985050,2684,3119,5425,5876,451
Truck985570,2225,0,5590,5876,286
Truck985666,2225,2443,5620,5876,256
Truck986382,2943,2942,5840,5876,36
Truck984959,3119,2443,5395,5877,482
Truck985258,2684,1339,5490,5877,387
Truck978785,1338,2443,3470,5878,2408
Truck984056,1339,2566,5115,5878,763
Truck985788,2777,2942,5655,5878,223
Truck978705,1338,2443,3445,5879,2434
Truck984053,2566,2443,5115,5879,764
Truck985538,2225,2443,5580,5879,299
Truck985495,2683,2225,5565,5880,315
Truck985833,2224,3119,5670,5880,210
Truck984059,2776,2224,5115,5881,766
Truck984265,2224,2443,5180,5882,702
Truck985170,2225,2566,5465,5882,417
Truck985957,2566,2444,5710,5882,172
Truck986398,2943,2942,5845,5882,37
Truck983911,2683,3119,5070,5883,813
Truck984072,1339,2566,5120,5883,763
Truck983887,3119,2683,5060,5884,824
Truck985682,2225,2443,5625,5884,259
Truck985602,2225,0,5600,5885,285
Truck985900,2777,2943,5690,5885,195
Truck978609,1338,2443,3415,5886,2471
Truck984141,2942,0,5140,5886,746
Truck986351,3119,2942,5830,5886,56
Truck986414,2943,2942,5850,5886,36
Truck979521,1338,2566,3700,5888,2188
Truck984744,1339,2444,5330,5888,558
Truck985482,2684,1339,5560,5888,328
Truck984101,2566,2443,5130,5889,759
Truck984852,2444,2443,5365,5889,524
Truck978481,1338,2443,3375,5890,2515
Truck980164,2444,1338,3900,5890,1990
Truck985980,2777,2943,5715,5890,175
Truck984038,2567,2942,5110,5891,781
Truck984288,0,2566,5190,5891,701
Truck984740,2444,2567,5330,5891,561
Truck985427,2443,0,5545,5891,346
Truck986430,2943,2942,5855,5891,36
Truck985739,2776,2443,5640,5892,252
Truck985845,2566,2444,5675,5892,217
Truck986496,0,1339,5880,5892,12
Truck978737,1338,2567,3455,5893,2438
Truck984886,2567,2444,5375,5893,518
Truck984948,2444,2443,5395,5893,498
Truck985683,2443,2225,5625,5893,268
Truck985820,2777,2942,5665,5893,228
Truck986403,2443,2684,5850,5893,43
Truck986480,0,2567,5875,5893,18
Truck983992,1339,2942,5095,5894,799
Truck984168,1339,2942,5150,5894,744
Truck984720,0,2776,5325,5894,569
Truck986410,2684,2443,5850,5894,44
Truck985093,2566,2225,5440,5895,455
Truck985636,2444,2225,5610,5895,285
Truck985714,2225,2443,5635,5895,260
Truck986446,2943,2942,5860,5895,35
Truck980276,2444,1338,3935,5896,1961
Truck984277,2566,2443,5185,5896,711
Truck984991,3119,2443,5405,5896,491
Truck985133,2942,2443,5450,5896,446
Truck985354,2684,2942,5520,5896,376
Truck985747,2443,2225,5645,5896,251
Truck984591,3119,2776,5280,5897,617
Truck984165,2566,1339,5150,5898,748
Truck984297,2224,2443,5190,5898,708
Truck985341,2942,2443,5515,5898,383
Truck985842,2225,1339,5675,5898,223
Truck986343,2683,1339,5830,5898,68
Truck984136,1339,2942,5140,5899,759
Truck985122,2225,2566,5450,5899,449
Truck985221,2566,2225,5480,5899,419
Truck984800,0,2776,5350,5900,550
Truck984091,2776,2224,5125,5901,776
Truck985028,2444,2443,5420,5901,481
Truck986462,2943,2942,5865,5901,36
Truck984037,2566,2443,5110,5903,793
Truck984804,2444,2443,5350,5903,553
Truck985762,2225,2443,5650,5903,253
Truck985852,2777,2942,5675,5903,228
Truck985899,2776,2443,5690,5903,213
Truck983417,2224,2567,4915,5904,989
Truck985044,2444,2443,5425,5904,479
Truck985125,2566,2225,5450,5904,454
Truck986435,2443,2684,5860,5904,44
Truck978787,2443,1338,3470,5905,2435
Truck984507,2776,3119,5255,5905,650
Truck985303,2683,2684,5505,5905,400
Truck985386,2684,2683,5530,5905,375
Truck985826,2225,2443,5670,5905,235
Truck985916,2777,2942,5695,5905,210
Truck985947,2776,2684,5705,5905,200
Truck984149,2566,2683,5145,5906,761
Truck984261,2566,2443,5180,5906,726
Truck985702,2567,2225,5630,5906,276
Truck986478,2943,2942,5870,5906,36
Truck978113,1338,0,3260,5907,2647
Truck978759,2683,1338,3460,5907,2447
Truck983257,2224,0,4865,5907,1042
Truck984245,2566,1339,5175,5907,732
Truck984387,2443,2224,5220,5907,687
Truck985836,2777,2942,5670,5907,237
Truck985868,2777,2942,5680,5907,227
Truck985964,2777,2943,5710,5907,197
Truck983959,2683,2566,5085,5908,823
Truck984135,2683,2942,5140,5908,768
Truck985229,2942,2443,5480,5908,428
Truck985773,2942,2777,5650,5908,258
Truck978881,1338,2443,3500,5909,2409
Truck985040,0,2444,5425,5909,484
Truck979873,1338,2225,3810,5910,2100
Truck984051,2443,2566,5115,5910,795
Truck984836,2444,2443,5360,5910,550
Truck985656,1339,2443,5615,5910,295
Truck979009,1338,2567,3540,5911,2371
Truck985186,2225,2566,5470,5911,441
Truck978625,1338,2567,3420,5912,2492
Truck985917,2942,2777,5695,5912,217
Truck986494,2943,2942,5875,5912,37
Truck986560,0,1339,5900,5912,12
Truck978977,1338,2443,3530,5913,2383
Truck985245,2942,2443,5485,5913,428
Truck986043,2776,2684,5735,5913,178
Truck986474,2684,2443,5870,5913,43
Truck984790,2567,2444,5345,5914,569
Truck984916,2444,2443,5385,5914,529
Truck985801,2224,2942,5660,5915,255
Truck985923,2443,2225,5700,5915,215
Truck986510,2943,2942,5880,5915,35
Truck985267,2443,2942,5495,5916,421
Truck985698,2225,2443,5630,5916,286
Truck985402,2684,2683,5535,5917,382
Truck985619,2443,2567,5605,5917,312
Truck985728,0,2225,5640,5917,277
Truck986026,2684,2776,5730,5917,187
Truck986375,2683,0,5840,5917,77
Truck983943,2683,3119,5080,5918,838
Truck984197,2566,0,5160,5918,758
Truck986368,0,2683,5840,5918,78
Truck983497,2224,0,4940,5919,979
Truck984213,2566,2443,5165,5919,754
Truck984573,2942,2776,5275,5919,644
Truck984788,2444,2443,5345,5919,574
Truck984840,1339,2444,5360,5919,559
Truck984888,1339,2444,5375,5919,544
Truck985173,2566,2225,5465,5919,454
Truck985814,2567,2225,5665,5919,254
Truck978753,1338,2443,3460,5920,2460
Truck984224,0,2942,5170,5920,750
Truck984779,2776,2942,5340,5920,580
Truck985634,2225,2683,5610,5920,310
Truck985804,2777,2942,5660,5920,260
Truck986526,2943,2942,5885,5920,35
Truck985618,2225,0,5605,5921,316
Truck986424,1339,2683,5855,5921,66
Truck984291,2443,2224,5190,5922,732
Truck984992,0,2444,5410,5922,512
Truck985587,2443,0,5595,5922,327
Truck984134,2567,2942,5140,5923,783
Truck984763,2776,0,5335,5923,588
Truck984820,2444,2443,5355,5923,568
Truck985069,2942,2443,5430,5923,493
Truck985757,2942,2224,5645,5923,278
Truck983929,2224,2776,5075,5924,849
Truck985101,2942,2776,5440,5924,484
Truck985884,2777,2942,5685,5924,239
Truck986506,2684,2443,5880,5924,44
Truck978803,2443,1338,3475,5925,2450
Truck984189,2942,2683,5155,5925,770
Truck984724,2444,2683,5325,5925,600
Truck985306,2684,2942,5505,5925,420
Truck986542,2943,2942,5890,5925,35
Truck979937,1338,2225,3830,5926,2096
Truck985147,2776,0,5455,5926,471
Truck985755,2776,2443,5645,5926,281
Truck985995,2776,2443,5720,5926,206
Truck979121,1338,2443,3575,5927,2352
Truck983289,2224,0,4875,5927,1052
Truck984699,2776,2942,5315,5927,612
Truck985931,2776,2443,5700,5927,227
Truck979377,1338,2443,3655,5928,2273
Truck984341,2566,2567,5205,5928,723
Truck985651,2443,2567,5615,5928,313
Truck986423,2683,2567,5855,5928,73
Truck979041,1338,2567,3550,5929,2379
Truck979384,1339,1338,3655,5929,2274
Truck978864,0,1338,3495,5930,2435
Truck984221,2942,2683,5165,5930,765
Truck986558,2943,2942,5895,5930,35
Truck984811,2776,2683,5350,5931,581
Truck985568,0,2443,5590,5931,341
Truck985810,2225,2443,5665,5931,266
Truck985932,2777,2942,5700,5931,231
Truck985996,2777,2942,5720,5931,211
Truck985453,2942,2443,5550,5932,382
Truck986632,1339,0,5920,5932,12
Truck985023,3119,2443,5415,5933,518
Truck985542,2567,2443,5580,5933,353
Truck985794,2225,2443,5660,5933,273
Truck985979,2776,2443,5715,5933,218
Truck986538,2684,2443,5890,5933,43
Truck978963,2443,1338,3525,5934,2409
Truck979128,1339,1338,3575,5934,2359
Truck984891,2776,2567,5375,5934,559
Truck985048,1339,2776,5425,5934,509
Truck985498,2684,2942,5565,5934,369
Truck986028,2777,2942,5730,5934,204
Truck983983,3119,0,5090,5935,845
Truck984181,2566,2683,5155,5935,780
Truck985060,2444,2567,5430,5935,505
Truck984569,2224,2443,5275,5936,661
Truck985331,2443,2942,5515,5936,421
Truck978513,1338,2443,3385,5937,2552
Truck984208,0,2942,5165,5937,772
Truck984964,2444,2443,5400,5937,537
Truck986044,2777,2942,5735,5937,202
Truck986574,2943,2942,5900,5937,37
Truck984185,2224,2443,5155,5938,783
Truck985712,0,2225,5635,5938,303
Truck986471,2683,1339,5870,5938,68
Truck984301,2942,1339,5190,5939,749
Truck984441,2224,2443,5235,5939,704
Truck983545,2224,0,4955,5940,985
Truck984939,2776,2942,5390,5940,550
Truck985816,1339,2225,5665,5940,275
Truck985897,2224,2942,5690,5940,250
Truck985948,2777,2942,5705,5940,235
Truck985151,3119,2443,5455,5941,486
Truck985558,2567,2443,5585,5941,356
Truck985954,2225,2443,5710,5941,231
Truck986590,2943,2942,5905,5941,36
Truck984980,2444,2443,5405,5942,537
Truck985322,2684,2942,5510,5942,432
Truck985671,2683,2225,5620,5942,322
Truck985874,2225,2443,5685,5942,257
Truck984843,2776,0,5360,5943,583
Truck984537,2224,2684,5265,5944,679
Truck985395,2443,2942,5535,5944,409
Truck985466,2684,0,5555,5944,389
Truck986563,2443,2684,5900,5944,44
Truck984932,2444,1339,5390,5945,555
Truck985373,2942,2443,5525,5945,420
Truck985999,3119,2224,5720,5945,225
Truck986570,2684,2443,5900,5945,45
Truck978449,1338,0,3365,5946,2581
Truck985389,2942,2443,5530,5946,416
Truck985405,2942,2684,5535,5946,411
Truck985590,2567,2684,5595,5946,351
Truck985704,1339,2443,5630,5946,316
Truck985908,2444,2225,5695,5946,251
Truck986543,3119,2942,5890,5946,56
Truck986606,2943,2942,5910,5946,36
Truck984278,2567,2942,5185,5947,762
Truck984560,0,2942,5275,5949,674
Truck985949,2942,2777,5705,5949,244
Truck978529,1338,0,3390,5950,2560
Truck984223,3119,1339,5165,5950,785
Truck984263,2683,2566,5180,5950,770
Truck985119,3119,2443,5445,5950,505
Truck985293,2942,2443,5500,5950,450
Truck986622,2943,2942,5915,5950,35
Truck978720,0,1338,3450,5951,2501
Truck984747,2776,3119,5330,5951,621
Truck984996,2444,2443,5410,5952,542
Truck984499,2443,2224,5255,5953,698
Truck986073,2224,3119,5745,5953,208
Truck986487,2683,0,5875,5953,78
Truck984207,3119,2567,5160,5954,794
Truck984317,2942,1339,5195,5954,759
Truck984336,0,2942,5205,5955,750
Truck984296,1339,2942,5190,5956,766
Truck984464,0,2566,5245,5956,711
Truck986575,3119,2942,5900,5956,56
Truck986075,2776,2443,5745,5957,212
Truck985446,2567,2684,5550,5958,408
Truck985888,0,2225,5690,5959,269
Truck983408,0,2224,4915,5960,1045
Truck985135,3119,2443,5450,5960,510
Truck985514,2684,0,5570,5960,390
Truck985933,2942,2224,5700,5960,260
Truck985986,2225,2443,5720,5960,240
Truck984629,2566,2443,5295,5961,666
Truck984645,2566,2443,5300,5961,661
Truck985622,2567,2443,5605,5961,356
Truck986654,2943,2942,5925,5961,36
Truck984089,2224,2776,5125,5962,837
Truck985858,2225,1339,5680,5962,282
Truck985092,2444,2443,5440,5963,523
Truck985434,2684,2942,5545,5963,418
Truck979329,1338,1339,3640,5964,2324
Truck983369,2224,2567,4900,5964,1064
Truck986607,3119,2942,5910,5964,54
Truck978929,1338,0,3515,5965,2450
Truck979746,2225,1338,3770,5965,2195
Truck986060,2777,2942,5740,5965,225
Truck986203,2776,2684,5785,5965,180
Truck986670,2943,2942,5930,5965,35
Truck978849,1338,2443,3490,5966,2476
Truck983367,2683,2224,4900,5966,1066
Truck984827,2776,3119,5355,5966,611
Truck986092,2777,2942,5750,5966,216
Truck986108,2777,2942,5755,5966,211
Truck985108,2444,1339,5445,5967,522
Truck986002,2225,2443,5725,5967,242
Truck986012,2777,2942,5725,5967,242
Truck978273,1338,2683,3310,5968,2658
Truck979425,1338,2443,3670,5968,2298
Truck985437,2942,2443,5545,5970,425
Truck985594,2684,0,5595,5971,376
Truck980804,2444,1338,4100,5972,1872
Truck984581,2566,2443,5280,5972,692
Truck984709,2566,2567,5320,5972,652
Truck986076,2777,2942,5745,5972,227
Truck986686,2943,2942,5935,5972,37
Truck984345,2224,2443,5205,5973,768
Truck978993,1338,2443,3535,5974,2439
Truck984884,2444,1339,5375,5974,599
Truck985204,2444,1339,5475,5974,499
Truck985864,1339,2225,5680,5974,294
Truck986172,2777,2942,5775,5974,199
Truck983641,2224,0,4985,5975,990
Truck985443,2443,2942,5550,5975,425
Truck984568,1339,2942,5275,5976,701
Truck984582,2567,2942,5280,5976,696
Truck985763,2443,1339,5650,5976,326
Truck979153,1338,2443,3585,5977,2392
Truck986067,2443,2225,5745,5978,233
Truck986653,2942,3119,5925,5978,53
Truck986675,2443,2684,5935,5978,43
Truck984647,2683,2942,5300,5979,679
Truck985215,3119,2443,5475,5979,504
Truck985536,0,2684,5580,5979,399
Truck986682,2684,2443,5935,5979,44
Truck986758,2567,0,5960,5979,19
Truck984469,2566,2443,5245,5980,735
Truck986139,2776,2443,5765,5980,215
Truck984437,2566,0,5235,5981,746
Truck985359,3119,2443,5520,5981,461
Truck984617,2224,2443,5290,5982,692
Truck985163,2776,2567,5460,5982,522
Truck984319,3119,0,5195,5983,788
Truck985469,2942,2443,5555,5983,428
Truck985610,2684,2942,5600,5983,383
Truck984521,2224,2443,5260,5984,724
Truck984730,2684,2224,5325,5984,659
Truck985456,0,2684,5555,5984,429
Truck985997,2942,2224,5720,5984,264
Truck986671,3119,2942,5930,5984,54
Truck978913,1338,0,3510,5985,2475
Truck984923,2776,2942,5385,5985,600
Truck985477,2566,2225,5560,5985,425
Truck985640,1339,2684,5610,5985,375
Truck985760,0,2443,5650,5985,335
Truck984847,3119,2776,5360,5986,626
Truck984637,2942,2567,5295,5987,692
Truck985364,2444,2443,5525,5987,462
Truck985906,2225,2443,5695,5987,292
Truck986734,2943,2942,5950,5987,37
Truck985890,2225,2683,5690,5988,298
Truck986157,2942,2777,5770,5988,218
Truck979137,1338,2443,3580,5989,2409
Truck985379,2443,2942,5530,5989,459
Truck986018,2225,2443,5730,5989,259
Truck986124,2777,2942,5760,5989,229
Truck983424,0,2224,4920,5990,1070
Truck984534,2567,2942,5265,5990,725
Truck979794,2225,1338,3785,5991,2206
Truck984567,2683,2942,5275,5991,716
Truck986615,2683,0,5915,5991,76
Truck986750,2943,2942,5955,5991,36
Truck984777,2224,2443,5340,5992,652
Truck986824,1339,0,5980,5992,12
Truck984351,3119,1339,5205,5993,788
Truck985421,2942,2443,5540,5993,453
Truck986723,2443,2684,5950,5993,43
Truck986730,2684,2443,5950,5993,43
Truck986840,1339,2567,5985,5993,8
Truck984563,2443,2224,5275,5994,719
Truck984633,2224,2684,5295,5994,699
Truck985051,2776,2683,5425,5994,569
Truck985808,0,2443,5665,5994,329
Truck985938,2225,2443,5705,5995,290
Truck986050,2225,2444,5740,5995,255
Truck986631,2683,0,5920,5995,75
Truck986766,2943,2942,5960,5995,35
Truck978928,0,1338,3515,5996,2481
Truck984416,0,2942,5230,5996,766
Truck984453,2566,2683,5240,5996,756
Truck985507,2443,2942,5570,5996,426
Truck986187,2776,2443,5780,5996,216
Truck985690,2684,1339,5625,5997,372
Truck986107,2776,2443,5755,5997,242
Truck979459,2443,1338,3680,5998,2318
Truck983335,2683,2224,4890,5998,1108
Truck983995,2776,2224,5095,5998,903
Truck984368,0,2942,5215,5998,783
Truck985124,2444,2443,5450,5998,548
Truck986624,0,2683,5920,5998,78
Truck985012,2444,2443,5415,5999,584
Truck983472,0,2224,4935,6000,1065
Truck984102,2567,3119,5130,6000,870
Truck985156,2444,2443,5460,6000,540
Truck985734,2567,2443,5640,6000,360
Truck986175,3119,2224,5775,6000,225
Truck986663,2683,2567,5930,6000,70
Truck984217,2224,2776,5165,6001,836
Truck984533,2566,2443,5265,6001,736
Truck985167,3119,2776,5460,6001,541
Truck985328,0,2444,5515,6001,486
Truck986034,2225,2443,5735,6001,266
Truck986188,2777,2942,5780,6001,221
Truck986782,2943,2942,5965,6001,36
Truck979266,2225,1338,3620,6002,2382
Truck984271,3119,0,5180,6002,822
Truck984677,2566,2443,5310,6002,692
Truck984697,2224,2443,5315,6002,687
Truck984240,0,3119,5175,6003,828
Truck984504,1339,2566,5255,6003,748
Truck986156,2777,2942,5770,6003,233
Truck986832,0,2567,5985,6003,18
Truck983592,1339,2224,4970,6004,1034
Truck984501,2566,2443,5255,6004,749
Truck985706,2684,2942,5630,6004,374
Truck984565,2566,2443,5275,6005,730
Truck984987,2776,0,5405,6005,600
Truck985019,2776,2567,5415,6005,590
Truck986082,2225,2567,5750,6005,255
Truck986201,2224,3119,5785,6005,220
Truck979233,1338,2443,3610,6006,2396
Truck984680,1339,2942,5310,6006,696
Truck984755,2443,2224,5335,6006,671
Truck986679,2683,2567,5935,6006,71
Truck986798,2943,2942,5970,6006,36
Truck978801,1338,1339,3475,6007,2532
Truck984392,1339,2566,5220,6008,788
Truck985083,2776,2942,5435,6008,573
Truck986096,0,2225,5755,6008,253
Truck986098,2225,2443,5755,6008,253
Truck985279,3119,2443,5495,6009,514
Truck985645,2942,2443,5610,6009,399
Truck985642,2684,1339,5610,6010,400
Truck986114,2225,2567,5760,6010,250
Truck985661,2942,2684,5615,6011,396
Truck986227,2443,2776,5795,6011,216
Truck986814,2943,2942,5975,6011,36
Truck978769,1338,2443,3465,6012,2547
Truck986068,2444,2225,5745,6012,267
Truck978961,1338,1339,3525,6013,2488
Truck986794,2684,2443,5970,6013,43
Truck984517,2566,2443,5260,6014,754
Truck984630,2567,2942,5295,6014,719
Truck985252,2444,2443,5490,6014,524
Truck985509,2566,2225,5570,6014,444
Truck985754,2684,1339,5645,6014,369
Truck984280,1339,2942,5185,6015,830
Truck984669,2942,0,5305,6015,710
Truck984725,2566,2443,5325,6015,690
Truck985247,3119,2443,5485,6015,530
Truck985375,3119,2443,5525,6015,490
Truck986178,2225,1339,5780,6015,235
Truck986284,2777,2942,5810,6015,205
Truck986728,1339,2683,5950,6015,65
Truck986064,0,2225,5745,6016,271
Truck986268,2777,2942,5805,6016,211
Truck986830,2943,2942,5980,6016,36
Truck984311,2683,2942,5195,6017,822
Truck985501,2942,2443,5565,6017,452
Truck986886,2567,0,6000,6018,18
Truck984665,2224,2443,5305,6019,714
Truck985318,2567,2444,5510,6019,509
Truck985517,2942,2443,5570,6019,449
Truck985523,2443,3119,5575,6019,444
Truck986140,2777,2942,5765,6019,254
Truck986153,2224,2942,5770,6019,249
Truck986810,2684,2443,5975,6019,44
Truck983657,2224,2567,4990,6020,1030
Truck985207,2683,2776,5475,6020,545
Truck986846,2943,2942,5985,6020,35
Truck985062,2567,2776,5430,6021,591
Truck985172,2444,2443,5465,6021,556
Truck986057,2224,2942,5740,6021,281
Truck983705,2224,0,5005,6022,1017
Truck984421,2566,2443,5230,6022,792
Truck985738,2684,2567,5640,6022,382
Truck986727,2683,2567,5950,6022,72
Truck986783,3119,2942,5965,6022,57
Truck985098,2684,2224,5440,6023,583
Truck985140,2444,2443,5455,6023,568
Truck986383,3119,2224,5840,6023,183
Truck985236,2444,2443,5485,6024,539
Truck985284,2444,2567,5500,6024,524
Truck979025,1338,2443,3545,6025,2480
Truck980161,1338,2566,3900,6025,2125
Truck985203,2443,2444,5475,6025,550
Truck986395,2776,2684,5845,6025,180
Truck984485,2566,2443,5250,6026,776
Truck984693,2566,2443,5315,6026,711
Truck986862,2943,2942,5990,6026,36
Truck984825,2224,2443,5355,6027,672
Truck985843,2443,2567,5675,6027,352
Truck986274,2225,2443,5810,6028,218
Truck979265,1338,0,3620,6029,2409
Truck986204,2777,2942,5785,6029,244
Truck986220,2777,2942,5790,6029,239
Truck979208,1339,1338,3600,6030,2430
Truck984293,2566,2683,5190,6030,840
Truck984605,2942,2567,5285,6030,745
Truck984661,2566,2443,5305,6030,725
Truck985423,3119,2443,5540,6030,490
Truck986842,2684,2443,5985,6030,45
Truck979201,1338,2443,3600,6031,2431
Truck985115,2776,1339,5445,6031,586
Truck986088,1339,2225,5750,6031,281
Truck986144,0,2225,5770,6031,261
Truck986878,2943,2942,5995,6031,36
Truck984663,2683,2942,5305,6032,727
Truck984943,3119,2776,5390,6032,642
Truck986236,2777,2942,5795,6032,237
Truck986776,1339,2683,5965,6033,68
Truck986858,2684,2443,5990,6033,43
Truck985914,2684,0,5695,6034,339
Truck985722,2684,2683,5635,6035,400
Truck986893,2942,2943,6000,6035,35
Truck986300,2777,2942,5815,6037,222
Truck984614,2567,2942,5290,6038,748
Truck984954,2684,2224,5395,6038,643
Truck986218,2684,2776,5790,6038,248
Truck986944,0,2567,6020,6038,18
Truck980945,1338,2444,4145,6039,1894
Truck983481,2224,0,4935,6039,1104
Truck984264,1339,3119,5180,6040,860
Truck985396,2444,2443,5535,6040,505
Truck986910,2943,2942,6005,6040,35
Truck984837,2566,2443,5360,6042,682
Truck984869,2566,2443,5370,6042,672
Truck979185,1338,2443,3595,6043,2448
Truck986890,2684,2443,6000,6043,43
Truck986998,2567,1339,6035,6043,8
Truck984357,2566,2683,5210,6044,834
Truck985635,2443,2942,5610,6044,434
Truck986960,0,2567,6025,6044,19
Truck984823,2683,2942,5355,6045,690
Truck985227,2776,1339,5480,6046,566
Truck986926,2943,2942,6010,6046,36
Truck987016,1339,2567,6040,6046,6
Truck984608,0,2942,5290,6047,757
Truck985179,2776,3119,5465,6048,583
Truck985347,2443,2444,5520,6048,528
Truck985613,2942,2443,5600,6048,448
Truck985850,2684,2942,5675,6048,373
Truck985882,2684,0,5685,6048,363
Truck985034,2684,2224,5420,6049,629
Truck985731,2443,2942,5640,6049,409
Truck986332,2777,2942,5825,6049,224
Truck984287,3119,0,5185,6050,865
Truck985439,3119,2443,5545,6050,505
Truck986252,2777,2942,5800,6050,250
Truck986331,2776,2443,5825,6050,225
Truck986807,2683,0,5975,6050,75
Truck986942,2943,2942,6015,6050,35
Truck984549,2566,1339,5270,6051,781
Truck986380,2777,2942,5840,6051,211
Truck986877,2942,3119,5995,6052,57
Truck984503,2683,3119,5255,6053,798
Truck986348,2777,2942,5830,6053,223
Truck985412,2444,2443,5540,6054,514
Truck985519,3119,2443,5570,6054,484
Truck979176,1339,1338,3590,6055,2465
Truck985551,3119,2443,5580,6055,475
Truck979409,1338,2567,3665,6056,2391
Truck985802,2684,2942,5660,6056,396
Truck986141,2942,2224,5765,6056,291
Truck986210,2225,2443,5790,6056,266
Truck986217,2224,2942,5790,6056,266
Truck986958,2943,2942,6020,6056,36
Truck979336,1339,1338,3640,6057,2417
Truck983798,2567,2224,5035,6057,1022
Truck985224,1339,2776,5480,6057,577
Truck978865,1338,2683,3495,6058,2563
Truck979361,1338,2443,3650,6058,2408
Truck979713,1338,2443,3760,6058,2298
Truck984787,2443,2566,5345,6058,713
Truck986476,2777,2942,5870,6058,188
Truck979601,1338,0,3725,6059,2334
Truck984528,0,2942,5265,6059,794
Truck985444,2444,2443,5550,6059,509
Truck986973,2942,2943,6025,6059,34
Truck979537,1338,2443,3705,6060,2355
Truck984803,2443,2566,5350,6060,710
Truck985316,2444,2567,5510,6060,550
Truck984445,2942,0,5235,6061,826
Truck984470,2567,3119,5245,6061,816
Truck985784,1339,2684,5655,6061,406
Truck985896,1339,2684,5690,6061,371
Truck986212,2444,2225,5790,6061,271
Truck986974,2943,2942,6025,6061,36
Truck984947,2443,2224,5395,6062,667
Truck986316,2777,2942,5820,6062,242
Truck986242,2225,2444,5800,6064,264
Truck986854,2567,2683,5990,6064,74
Truck979393,1338,0,3660,6065,2405
Truck985556,2444,2443,5585,6065,480
Truck986927,3119,2942,6010,6065,55
Truck984949,2566,2443,5395,6066,671
Truck985067,2776,2942,5430,6066,636
Truck985332,2444,2443,5515,6066,551
Truck986954,2684,2443,6020,6066,46
Truck985371,2776,0,5525,6067,542
Truck985898,2684,2942,5690,6067,377
Truck986168,1339,2443,5775,6067,292
Truck986460,2777,2942,5865,6067,202
Truck986990,2943,2942,6030,6067,37
Truck985922,2225,2683,5700,6068,368
Truck986221,2942,2224,5790,6068,278
Truck986848,0,2683,5990,6068,78
Truck986925,2942,3119,6010,6068,58
Truck984712,1339,2942,5320,6069,749
Truck985348,2444,0,5520,6069,549
Truck985863,2683,2443,5680,6069,389
Truck986970,2684,2443,6025,6069,44
Truck983897,2224,2567,5065,6070,1005
Truck983945,2224,2567,5080,6070,990
Truck984793,2224,2443,5345,6070,725
Truck986163,2443,1339,5775,6070,295
Truck986329,2224,3119,5825,6070,245
Truck986943,3119,2942,6015,6070,55
Truck987006,2943,2942,6035,6070,35
Truck979283,2443,1338,3625,6071,2446
Truck985503,3119,2443,5565,6073,508
Truck979089,1338,2443,3565,6074,2509
Truck979105,1338,2443,3570,6074,2504
Truck985693,2942,2443,5625,6074,449
Truck985746,2225,2566,5645,6074,429
Truck985789,2942,2443,5655,6074,419
Truck986371,2443,2776,5840,6074,234
Truck986959,3119,2942,6020,6074,54
Truck984937,2224,2443,5390,6075,685
Truck986364,2777,2942,5835,6075,240
Truck986377,2224,3119,5840,6075,235
Truck987022,2943,2942,6040,6075,35
Truck984459,2776,2224,5240,6076,836
Truck984953,2224,2443,5395,6077,682
Truck985994,2684,1339,5720,6077,357
Truck984784,0,2942,5345,6078,733
Truck985674,2684,3119,5620,6078,458
Truck984711,2683,2942,5320,6079,759
Truck985259,2776,2942,5490,6079,589
Truck986412,2777,2942,5850,6079,229
Truck984858,2684,2224,5365,6080,715
Truck984905,2224,2443,5380,6080,700
Truck986370,2225,1339,5840,6080,240
Truck986402,2225,2567,5850,6080,230
Truck987002,2684,2443,6035,6080,45
Truck985871,3119,2684,5680,6081,401
Truck986016,0,2684,5730,6081,351
Truck986396,2777,2942,5845,6081,236
Truck979217,1338,0,3605,6082,2477
Truck985604,2444,2443,5600,6082,482
Truck986492,2777,2942,5875,6082,207
Truck986896,0,2683,6005,6082,77
Truck987038,2943,2942,6045,6082,37
Truck987112,1339,0,6070,6082,12
Truck984635,2776,2224,5295,6083,788
Truck985268,2444,0,5495,6083,588
Truck985275,2776,0,5495,6083,588
Truck984025,2224,1339,5105,6084,979
Truck984781,2942,1339,5340,6084,744
Truck985786,2684,2942,5655,6084,429
Truck986310,2567,2225,5820,6084,264
Truck984543,3119,2567,5265,6085,820
Truck985380,2444,2443,5530,6085,555
Truck985540,2444,2443,5580,6085,505
Truck986475,2776,2443,5870,6085,215
Truck987088,0,2567,6065,6085,20
Truck985459,2443,2444,5555,6086,531
Truck985725,2942,2443,5635,6086,451
Truck986003,2443,2683,5725,6086,361
Truck987054,2943,2942,6050,6086,36
Truck984551,2683,2942,5270,6087,817
Truck986322,2225,2443,5825,6087,262
Truck986508,2777,2942,5880,6087,207
Truck979297,1338,0,3630,6088,2458
Truck985460,2444,2567,5555,6088,533
Truck986290,2225,2444,5815,6088,273
Truck986555,2776,2684,5895,6088,193
Truck987027,2443,2684,6045,6088,43
Truck984640,0,3119,5300,6089,789
Truck984965,2566,1339,5400,6089,689
Truck985795,2443,2942,5660,6089,429
Truck986288,0,2225,5815,6089,274
Truck986912,0,2683,6010,6089,79
Truck983799,2683,2224,5035,6090,1055
Truck984048,0,2224,5115,6090,975
Truck984631,2683,2942,5295,6090,795
Truck984745,2224,2443,5330,6090,760
Truck985583,3119,2443,5590,6090,500
Truck987070,2943,2942,6055,6090,35
Truck979352,1339,1338,3645,6091,2446
Truck984789,2566,2567,5345,6091,746
Truck985621,2566,2225,5605,6091,486
Truck985730,2225,2566,5640,6091,451
Truck985978,2684,1339,5715,6091,376
Truck984829,2942,0,5355,6092,737
Truck980389,2566,1338,3970,6093,2123
Truck985565,2942,2776,5585,6093,508
Truck985853,2942,2443,5675,6093,418
Truck986428,2777,2942,5855,6093,238
Truck979072,0,1338,3560,6094,2534
Truck986074,2684,2567,5745,6094,349
Truck986444,2777,2942,5860,6094,234
Truck986533,2566,2444,5890,6094,204
Truck986928,0,2683,6015,6094,79
Truck987050,2684,2443,6050,6094,44
Truck984761,2224,2443,5335,6095,760
Truck984774,2567,3119,5340,6095,755
Truck984904,1339,2566,5380,6095,715
Truck987086,2943,2942,6060,6095,35
Truck985492,2444,1339,5565,6096,531
Truck986258,2225,0,5805,6096,291
Truck986548,2444,2566,5895,6096,201
Truck984615,2683,3119,5290,6097,807
Truck986194,2225,2683,5785,6097,312
Truck986338,2225,2443,5830,6097,267
Truck986553,2224,3119,5895,6097,202
Truck984739,2443,2566,5330,6098,768
Truck985476,2444,2443,5560,6098,538
Truck979057,1338,2443,3555,6099,2544
Truck984816,0,3119,5355,6099,744
Truck979441,1338,2443,3675,6100,2425
Truck984870,2567,2942,5370,6100,730
Truck984966,2567,2566,5400,6100,700
Truck985447,2683,2444,5550,6100,550
Truck986419,2443,2225,5855,6100,245
Truck986425,2224,2942,5855,6100,245
Truck987039,3119,2942,6045,6100,55
Truck987101,2942,2943,6065,6100,35
Truck984071,2683,2224,5120,6101,981
Truck984805,2566,1339,5350,6101,751
Truck985383,2683,2776,5530,6101,571
Truck985588,2444,2567,5595,6101,506
Truck986083,2443,2683,5750,6101,351
Truck986530,2225,2443,5890,6101,211
Truck987066,2684,2443,6055,6101,46
Truck987102,2943,2942,6065,6101,36
Truck986264,1339,2443,5805,6102,297
Truck983984,0,2224,5095,6104,1009
Truck984743,2683,2942,5330,6104,774
Truck986386,2225,2443,5845,6104,259
Truck985699,2443,3119,5630,6105,475
Truck986048,0,2684,5740,6105,365
Truck986072,1339,2684,5745,6105,360
Truck986459,2776,2443,5865,6105,240
Truck987082,2684,2443,6060,6105,45
Truck984041,2224,1339,5110,6106,996
Truck985462,2567,2776,5555,6106,551
Truck985480,1339,2776,5560,6106,546
Truck987118,2943,2942,6070,6106,36
Truck984703,3119,0,5315,6107,792
Truck985778,2225,2566,5655,6107,452
Truck986118,2567,2684,5760,6107,347
Truck986130,2225,2683,5765,6107,342
Truck984733,2942,2567,5325,6108,783
Truck985403,2776,2942,5535,6108,573
Truck986667,2776,2443,5930,6108,178
Truck984883,2443,2566,5375,6109,734
Truck986540,2777,2942,5890,6109,219
Truck986718,2943,2777,5945,6109,164
Truck984856,1339,2942,5365,6110,745
Truck986518,2567,2225,5885,6110,225
Truck987098,2684,2443,6065,6110,45
Truck987134,2943,2942,6075,6110,35
Truck981140,2444,1338,4205,6111,1906
Truck984757,2566,2567,5335,6111,776
Truck985013,2566,2443,5415,6111,696
Truck985428,2444,2443,5545,6111,566
Truck986354,2225,0,5835,6111,276
Truck985216,0,2776,5480,6112,632
Truck985663,3119,2443,5615,6112,497
Truck985811,2443,2942,5665,6112,447
Truck979841,1338,2443,3800,6113,2313
Truck984885,2566,2443,5375,6113,738
Truck985195,2776,2942,5470,6113,643
Truck985243,2776,3119,5485,6113,628
Truck983888,0,2224,5065,6115,1050
Truck984838,2567,2566,5360,6115,755
Truck985065,2224,2684,5430,6115,685
Truck987087,3119,2942,6060,6115,55
Truck987150,2943,2942,6080,6115,35
Truck985775,3119,2443,5650,6116,466
Truck985419,2776,1339,5540,6117,577
Truck985508,2444,2443,5570,6117,547
Truck987130,2684,2443,6075,6117,42
Truck983687,2683,2224,5000,6118,1118
Truck984909,2942,2567,5380,6118,738
Truck979985,1338,2443,3845,6119,2274
Truck987123,2443,2684,6075,6119,44
Truck985499,2776,2683,5565,6120,555
Truck987166,2943,2942,6085,6120,35
Truck983846,2567,2224,5050,6121,1071
Truck979489,1338,1339,3690,6122,2432
Truck984621,2942,2683,5290,6122,832
Truck986418,2225,2443,5855,6122,267
Truck986541,2942,2224,5890,6122,232
Truck984807,2683,2566,5350,6123,773
Truck984989,2942,1339,5405,6123,718
Truck986135,2683,2443,5765,6123,358
Truck979696,0,1338,3755,6124,2369
Truck986572,2777,2942,5900,6124,224
Truck986524,2777,2942,5885,6125,240
Truck985017,2224,2443,5415,6126,711
Truck985955,2443,2942,5710,6126,416
Truck986042,2684,0,5735,6126,391
Truck987182,2943,2942,6090,6126,36
Truck986427,2776,2443,5855,6127,272
Truck986450,2225,2443,5865,6127,262
Truck986702,2943,2777,5940,6127,187
Truck986536,1339,2225,5890,6128,238
Truck986597,2566,2444,5910,6128,218
Truck980705,1338,2566,4070,6129,2059
Truck981169,1338,2444,4215,6129,1914
Truck986154,2684,2942,5770,6129,359
Truck986256,0,2225,5805,6129,324
Truck987135,3119,2942,6075,6129,54
Truck986393,2224,2942,5845,6130,285
Truck987162,2684,2443,6085,6130,45
Truck987198,2943,2942,6095,6130,35
Truck986452,2444,2225,5865,6131,266
Truck986638,2943,2777,5920,6131,211
Truck987096,1339,2683,6065,6131,66
Truck984950,2567,2942,5395,6132,737
Truck987133,2942,3119,6075,6132,57
Truck987286,2567,1339,6125,6132,7
Truck985716,2444,2443,5635,6133,498
Truck986066,2225,2566,5745,6133,388
Truck985141,2566,2443,5455,6134,679
Truck985157,2566,2443,5460,6136,676
Truck979249,1338,2443,3615,6137,2522
Truck985024,0,2566,5420,6137,717
Truck985524,2444,2443,5575,6137,562
Truck987214,2943,2942,6100,6137,37
Truck984839,2683,2566,5360,6138,778
Truck985251,2443,2566,5490,6138,648
Truck980609,1338,2225,4040,6139,2099
Truck986355,2443,1339,5835,6139,304
Truck987151,3119,2942,6080,6139,59
Truck979569,1338,2443,3715,6140,2425
Truck980402,2225,1338,3975,6140,2165
Truck984727,2683,2942,5325,6140,815
Truck985620,2444,2443,5605,6140,535
Truck986162,2225,2683,5775,6140,365
Truck986556,2777,2942,5895,6140,245
Truck986604,2777,2942,5910,6140,230
Truck984981,2566,2443,5405,6141,736
Truck987165,2942,3119,6085,6141,56
Truck985471,3119,2776,5555,6142,587
Truck979585,1338,2443,3720,6143,2423
Truck979681,1338,2443,3750,6143,2393
Truck980241,1338,2225,3925,6144,2219
Truck980837,2566,1338,4110,6144,2034
Truck984783,3119,1339,5340,6144,804
Truck985727,3119,2443,5635,6144,509
Truck985869,2942,2443,5680,6144,464
Truck985531,2776,2942,5575,6145,570
Truck985971,2443,2942,5715,6145,430
Truck986259,2443,0,5805,6145,340
Truck986652,2777,2942,5925,6145,220
Truck986714,2684,2776,5945,6145,200
Truck985257,2224,2443,5490,6146,656
Truck985355,2776,3119,5520,6146,626
Truck985981,2942,2443,5715,6146,431
Truck986434,2225,0,5860,6146,286
Truck979761,1338,2443,3775,6147,2372
Truck986090,2684,2942,5750,6147,397
Truck986780,2777,2943,5965,6147,182
Truck987246,2943,2942,6110,6147,37
Truck979736,1339,1338,3765,6148,2383
Truck979664,0,1338,3745,6149,2404
Truck980437,2566,1338,3985,6149,2164
Truck984607,3119,2683,5285,6149,864
Truck984982,2567,2566,5405,6149,744
Truck984998,2567,3119,5410,6149,739
Truck986202,2684,2567,5785,6149,364
Truck987159,2683,1339,6085,6149,64
Truck984671,3119,2683,5305,6150,845
Truck986122,2684,2942,5760,6150,390
Truck986436,2444,2225,5860,6150,290
Truck987199,3119,2942,6095,6150,55
Truck980625,1338,2225,4045,6151,2106
Truck985720,1339,2444,5635,6151,516
Truck986473,2224,2942,5870,6151,281
Truck987262,2943,2942,6115,6151,36
Truck984491,2776,2224,5250,6152,902
Truck984902,2567,2942,5380,6152,772
Truck985655,2683,2776,5615,6152,537
Truck986588,2777,2942,5905,6152,247
Truck987350,2567,1339,6145,6152,7
Truck985288,1339,2942,5500,6153,653
Truck985335,2683,2444,5515,6153,638
Truck986134,2567,2684,5765,6153,388
Truck986416,0,2225,5855,6153,298
Truck985053,2942,0,5425,6154,729
Truck986138,2684,2942,5765,6154,389
Truck986170,2684,2683,5775,6154,379
Truck987242,2684,2443,6110,6154,44
Truck987318,2567,0,6135,6154,19
Truck984799,3119,1339,5345,6155,810
Truck985032,1339,2942,5420,6155,735
Truck985700,2444,2443,5630,6155,525
Truck985951,3119,2684,5705,6155,450
Truck984759,2683,2942,5335,6156,821
Truck985759,3119,2443,5645,6156,511
Truck986109,2942,2443,5755,6156,401
Truck986594,2225,2567,5910,6156,246
Truck986651,2776,2443,5925,6156,231
Truck986799,3119,2224,5970,6156,186
Truck987278,2943,2942,6120,6156,36
Truck981220,2444,1338,4230,6157,1927
Truck984911,3119,0,5380,6157,777
Truck985046,2567,2942,5425,6157,732
Truck985155,2443,2566,5460,6157,697
Truck985455,3119,2776,5550,6157,607
Truck985764,2444,2443,5650,6157,507
Truck987352,1339,0,6145,6157,12
Truck986240,0,2443,5800,6158,358
Truck986620,2777,2942,5915,6158,243
Truck979825,1338,2683,3795,6159,2364
Truck985672,1339,2776,5620,6159,539
Truck985939,2443,2942,5705,6159,454
Truck986716,2777,2942,5945,6159,214
Truck987258,2684,2443,6115,6159,44
Truck986045,2942,2443,5735,6160,425
Truck987231,3119,2942,6105,6160,55
Truck986311,2683,2225,5820,6161,341
Truck986498,2225,2443,5880,6161,281
Truck986732,2777,2942,5950,6161,211
Truck979073,1338,0,3560,6162,2602
Truck986119,2683,2684,5760,6162,402
Truck986674,2225,2443,5935,6162,227
Truck987294,2943,2942,6125,6162,37
Truck981812,2444,1338,4415,6163,1748
Truck985483,2776,0,5560,6163,603
Truck986079,3119,2443,5745,6163,418
Truck986512,0,2225,5885,6163,278
Truck986636,2777,2942,5920,6163,243
Truck987175,2683,2567,6090,6163,73
Truck979848,1339,1338,3800,6164,2364
Truck986339,2443,2683,5830,6164,334
Truck985056,0,2942,5430,6165,735
Truck985097,2224,2443,5440,6165,725
Truck985209,2224,2443,5475,6165,690
Truck986499,2443,2225,5880,6165,285
Truck984925,2942,0,5385,6166,781
Truck985061,2566,2443,5430,6166,736
Truck985780,2444,2443,5655,6166,511
Truck985827,2443,3119,5670,6166,496
Truck986546,2225,2443,5895,6166,271
Truck986658,2225,2443,5930,6166,236
Truck987310,2943,2942,6130,6166,36
Truck985611,2776,2942,5600,6167,567
Truck985743,3119,2443,5640,6167,527
Truck985643,2776,1339,5610,6168,558
Truck985987,2443,2444,5720,6168,448
Truck984855,2683,2942,5365,6169,804
Truck984879,3119,1339,5370,6169,799
Truck984917,2566,2443,5385,6169,784
Truck986115,2443,2942,5760,6169,409
Truck987326,2943,2942,6135,6170,35
Truck986700,2777,2942,5940,6171,231
Truck985547,2776,2942,5580,6172,592
Truck985703,2683,2444,5630,6172,542
Truck985796,2444,2443,5660,6172,512
Truck979473,1338,2683,3685,6173,2488
Truck985021,2942,1339,5415,6173,758
Truck980163,2443,1338,3900,6174,2274
Truck985064,1339,2942,5430,6174,744
Truck987306,2684,2443,6130,6174,44
Truck986569,2224,2942,5900,6175,275
Truck987342,2943,2942,6140,6175,35
Truck985289,2224,2443,5500,6176,676
Truck986509,2942,2224,5880,6176,296
Truck984639,3119,2683,5295,6177,882
Truck985668,2444,2567,5620,6177,557
Truck986442,2684,2567,5860,6177,317
Truck986841,2224,3119,5985,6177,192
Truck987322,2684,2443,6135,6177,42
Truck979846,2567,1338,3800,6179,2379
Truck980706,2225,1338,4070,6179,2109
Truck985812,2444,1339,5665,6179,514
Truck985679,3119,2776,5620,6180,560
Truck986809,2224,3119,5975,6180,205
Truck987358,2943,2942,6145,6180,35
Truck986035,2443,2942,5735,6181,446
Truck980658,2225,1338,4055,6182,2127
Truck985579,2776,2683,5590,6182,592
Truck985736,1339,2776,5640,6182,542
Truck986165,2566,2225,5775,6182,407
Truck984169,2224,2683,5150,6183,1033
Truck985192,1339,2942,5470,6183,713
Truck985349,2566,2443,5520,6183,663
Truck985892,2444,2443,5690,6183,493
Truck986186,2684,2942,5780,6184,404
Truck984831,3119,0,5355,6185,830
Truck985205,2566,0,5475,6185,710
Truck986684,2777,2942,5935,6185,250
Truck987374,2943,2942,6150,6185,35
Truck986779,2776,2443,5965,6186,221
Truck987254,2567,2683,6115,6186,71
Truck986643,2443,2776,5925,6187,262
Truck986731,2776,2443,5950,6187,237
Truck984895,3119,2683,5375,6188,813
Truck986394,2684,2567,5845,6188,343
Truck987354,2684,2443,6145,6188,43
Truck984233,2224,2567,5170,6189,1019
Truck985567,3119,2776,5585,6189,604
Truck986432,0,2684,5860,6189,329
Truck986668,2777,2942,5930,6189,259
Truck985798,2567,2776,5660,6191,531
Truck986617,2224,2942,5915,6191,276
Truck986626,2225,0,5920,6191,271
Truck986815,3119,2224,5975,6191,216
Truck986869,2566,2444,5995,6191,196
Truck980099,2443,1338,3880,6192,2312
Truck985718,2567,2776,5635,6192,557
Truck985970,2225,2566,5715,6192,477
Truck986764,2777,2942,5960,6192,232
Truck986795,2776,2443,5970,6192,222
Truck987390,2943,2942,6155,6192,37
Truck985077,2566,2443,5435,6193,758
Truck985867,2776,1339,5680,6193,513
Truck986285,2942,2443,5810,6193,383
Truck986763,2776,2443,5960,6193,233
Truck986875,2776,2443,5995,6193,198
Truck985385,2224,2443,5530,6194,664
Truck985748,2444,2443,5645,6194,549
Truck986211,2443,2942,5790,6195,405
Truck987406,2943,2942,6160,6195,35
Truck986578,2225,2443,5905,6196,291
Truck981508,2444,1338,4320,6197,1877
Truck985652,2444,0,5615,6197,582
Truck979665,1338,0,3745,6198,2453
Truck979777,1338,2443,3780,6198,2418
Truck985000,1339,3119,5410,6198,788
Truck986234,2684,2942,5795,6198,403
Truck986323,2443,2683,5825,6198,373
Truck986748,2777,2942,5955,6198,243
Truck980115,2443,1338,3885,6199,2314
Truck985269,2566,2443,5495,6199,704
Truck986053,2566,2225,5740,6200,460
Truck986205,2942,2443,5785,6200,415
Truck987422,2943,2942,6165,6200,35
Truck985581,2942,2776,5590,6203,613
Truck985859,2443,3119,5680,6203,523
Truck986029,2942,2443,5730,6203,473
Truck984344,1339,2224,5205,6204,999
Truck985876,2444,2443,5685,6204,519
Truck986482,2225,2683,5875,6204,329
Truck987478,2567,0,6185,6204,19
Truck984791,2683,3119,5345,6205,860
Truck985127,2683,2942,5450,6205,755
Truck985940,2444,2443,5705,6205,500
Truck986681,2224,2942,5935,6205,270
Truck986828,2777,2942,5980,6205,225
Truck987438,2943,2942,6170,6205,35
Truck979633,1338,2683,3735,6207,2472
Truck985832,1339,2776,5670,6207,537
Truck985983,3119,2443,5715,6207,492
Truck985007,3119,1339,5410,6208,798
Truck986052,2444,2567,5740,6208,468
Truck984919,2683,2942,5385,6209,824
Truck985670,2567,2776,5620,6209,589
Truck986713,2224,2942,5945,6209,264
Truck985771,2776,0,5650,6210,560
Truck986786,2225,2443,5970,6211,241
Truck987454,2943,2942,6175,6211,36
Truck980481,1338,2225,4000,6212,2212
Truck985413,2566,2443,5540,6212,672
Truck986246,2567,2684,5800,6212,412
Truck987319,2683,0,6135,6212,77
Truck986250,2684,3119,5800,6213,413
Truck987434,2684,2443,6170,6213,43
Truck981441,1338,2444,4300,6214,1914
Truck985238,2567,2942,5485,6214,729
Truck985055,3119,2567,5425,6215,790
Truck985851,2776,2942,5675,6215,540
Truck987470,2943,2942,6180,6215,35
Truck985723,2776,2683,5635,6216,581
Truck986843,2776,2443,5985,6216,231
Truck981173,2566,1338,4215,6217,2002
Truck985045,2566,2683,5425,6217,792
Truck986796,2777,2942,5970,6217,247
Truck984249,2224,2683,5175,6218,1043
Truck985005,2942,0,5410,6218,808
Truck986717,2942,2224,5945,6218,273
Truck986894,2943,2777,6000,6218,218
Truck986063,3119,2684,5740,6219,479
Truck979793,1338,2443,3785,6220,2435
Truck985844,2444,2443,5675,6220,545
Truck986008,1339,2444,5725,6220,495
Truck986352,0,2684,5835,6220,385
Truck987486,2943,2942,6185,6221,36
Truck981537,1338,2444,4330,6222,1892
Truck984997,2566,2683,5410,6222,812
Truck985381,2566,2443,5530,6222,692
Truck986876,2777,2942,5995,6222,227
Truck987351,2683,0,6145,6222,77
Truck984137,2224,2683,5140,6223,1083
Truck984295,2683,2224,5190,6224,1034
Truck985158,2567,2942,5460,6224,764
Truck985253,2566,2443,5490,6224,734
Truck986298,2684,2942,5815,6224,409
Truck986836,2444,2225,5985,6224,239
Truck981604,2444,1338,4350,6225,1875
Truck985261,2942,2683,5490,6225,735
Truck985334,2567,2942,5515,6225,710
Truck985691,2776,0,5625,6225,600
Truck985110,2567,2942,5445,6226,781
Truck986706,2225,2443,5945,6226,281
Truck987400,1339,2683,6160,6226,66
Truck981093,2566,1338,4190,6227,2037
Truck984304,0,2224,5195,6227,1032
Truck986850,2225,2443,5990,6227,237
Truck984456,1339,2224,5240,6228,988
Truck985109,2566,2683,5445,6228,783
Truck986374,2567,2684,5840,6228,388
Truck986825,2224,2942,5980,6228,248
Truck985675,2776,3119,5620,6229,609
Truck986738,2225,2443,5955,6229,274
Truck987383,2683,2567,6155,6229,74
Truck984374,2567,2224,5215,6230,1015
Truck986860,2777,2942,5990,6230,240
Truck987518,2943,2942,6195,6230,35
Truck980001,1338,2443,3850,6231,2381
Truck985039,3119,2567,5420,6231,811
Truck985079,2683,2942,5435,6231,796
Truck985301,2566,2443,5505,6231,726
Truck985815,2683,2444,5665,6231,566
Truck979345,1338,2443,3645,6232,2587
Truck985104,0,2942,5445,6232,787
Truck985152,0,2942,5460,6232,772
Truck985445,2566,2443,5550,6232,682
Truck985684,2444,2443,5625,6232,607
Truck986844,2777,2942,5985,6232,247
Truck979857,1338,2443,3805,6233,2428
Truck980019,2443,1338,3855,6233,2378
Truck984247,2683,2224,5175,6233,1058
Truck984440,1339,2224,5235,6233,998
Truck986015,3119,2443,5725,6233,508
Truck986031,3119,2443,5730,6233,503
Truck985963,2776,2942,5710,6234,524
Truck986362,2684,2942,5835,6234,399
Truck984775,2683,3119,5340,6235,895
Truck985103,3119,2683,5440,6235,795
Truck986116,2444,2443,5760,6235,475
Truck986672,0,2225,5935,6235,300
Truck986754,2225,2443,5960,6235,275
Truck987431,2683,1339,6170,6235,65
Truck987471,3119,2942,6180,6235,55
Truck986660,2444,2225,5930,6236,306
Truck986812,2777,2942,5975,6236,261
Truck987534,2943,2942,6200,6236,36
Truck985767,2683,2776,5650,6237,587
Truck986755,2443,2225,5960,6237,277
Truck986819,2443,2776,5980,6237,257
Truck987392,0,2683,6160,6237,77
Truck987415,2683,2567,6165,6237,72
Truck980152,1339,1338,3895,6238,2343
Truck986327,2683,2684,5825,6238,413
Truck985189,2566,2443,5470,6239,769
Truck986514,2225,2683,5885,6239,354
Truck985397,2566,2443,5535,6240,705
Truck985935,3119,2443,5700,6240,540
Truck986330,2684,3119,5825,6240,415
Truck986486,2567,2684,5875,6240,365
Truck986806,2567,2225,5975,6240,265
Truck986924,2777,2942,6010,6240,230
Truck979280,0,1338,3625,6241,2616
Truck987550,2943,2942,6205,6241,36
Truck985174,2567,2942,5465,6242,777
Truck985631,3119,2776,5605,6242,637
Truck986084,2444,2443,5750,6242,492
Truck986448,0,2443,5865,6242,377
Truck987503,3119,2942,6190,6242,52
Truck981713,1338,2444,4385,6243,1858
Truck984489,2224,0,5250,6243,993
Truck985088,0,2566,5440,6243,803
Truck985120,0,2942,5450,6243,793
Truck985270,2567,2942,5495,6243,748
Truck985433,2224,2443,5545,6244,699
Truck985803,2776,1339,5660,6244,584
Truck987523,2443,2684,6200,6244,44
Truck987606,2567,0,6225,6244,19
Truck985737,2224,2684,5640,6245,605
Truck987501,2942,3119,6190,6245,55
Truck987530,2684,2443,6200,6245,45
Truck985213,2942,0,5475,6246,771
Truck985513,2224,2684,5570,6246,676
Truck986647,2683,2443,5925,6246,321
Truck986781,2942,2224,5965,6246,281
Truck987566,2943,2942,6210,6246,36
Truck985248,0,2942,5490,6247,757
Truck985256,1339,2942,5490,6247,757
Truck985317,2566,2443,5510,6247,737
Truck985448,1339,2566,5550,6247,697
Truck985744,0,2776,5645,6247,602
Truck986253,2942,2443,5800,6247,447
Truck986940,2777,2942,6015,6247,232
Truck987099,2776,2684,6065,6247,182
Truck986146,2225,2566,5770,6248,478
Truck987654,2567,1339,6240,6248,8
Truck980113,1338,2443,3885,6249,2364
Truck986579,2443,2683,5905,6249,344
Truck986905,2224,2942,6005,6249,244
Truck987622,2567,0,6230,6249,19
Truck986770,2225,0,5965,6250,285
Truck986892,2777,2942,6000,6250,250
Truck987519,3119,2942,6195,6250,55
Truck985956,2444,2443,5710,6251,541
Truck986307,2443,2942,5820,6251,431
Truck986378,2684,2942,5840,6251,411
Truck986749,2942,2224,5955,6251,296
Truck986956,2777,2942,6020,6251,231
Truck986463,3119,2684,5865,6252,387
Truck986722,2225,2443,5950,6252,302
Truck986908,2777,2942,6005,6252,247
Truck985184,0,2942,5470,6253,783
Truck985677,2942,2776,5620,6253,633
Truck986358,2567,2684,5835,6253,418
Truck986451,2443,2683,5865,6253,388
Truck986851,2443,2776,5990,6253,263
Truck984390,2567,2224,5220,6254,1034
Truck985515,2776,3119,5570,6254,684
Truck985707,2776,2683,5630,6254,624
Truck986818,2225,2443,5980,6255,275
Truck985273,2224,2776,5495,6256,761
Truck985400,1339,2942,5535,6256,721
Truck986802,2225,2567,5975,6256,281
Truck987496,1339,2683,6190,6256,66
Truck984505,2224,0,5255,6257,1002
Truck985272,1339,2942,5495,6257,762
Truck985465,2224,2443,5555,6257,702
Truck986333,2942,2443,5825,6257,432
Truck986346,2684,3119,5830,6257,427
Truck986490,2684,2942,5875,6257,382
Truck986980,2444,2566,6030,6257,227
Truck987578,2684,2443,6215,6257,42
Truck985626,2684,2224,5605,6258,653
Truck987648,0,2567,6240,6258,18
Truck985176,1339,3119,5465,6259,794
Truck986955,2776,2443,6020,6259,239
Truck987613,2942,2943,6225,6259,34
Truck985574,2567,2566,5590,6260,670
Truck986834,2225,0,5985,6260,275
Truck986611,2443,2567,5915,6261,346
Truck986898,2225,2443,6005,6261,256
Truck987495,2683,2567,6190,6261,71
Truck987614,2943,2942,6225,6261,36
Truck985087,3119,2567,5435,6262,827
Truck985928,1339,2444,5700,6262,562
Truck987230,2943,2777,6105,6262,157
Truck987512,1339,2683,6195,6262,67
Truck985190,2567,2942,5470,6263,793
Truck985200,0,2942,5475,6263,788
Truck987147,2776,2684,6080,6263,183
Truck981636,2444,1338,4360,6264,1904
Truck986099,2443,2444,5755,6264,509
Truck986143,3119,2443,5765,6264,499
Truck986271,3119,2443,5805,6264,459
Truck979745,1338,2443,3770,6265,2495
Truck986397,2942,2443,5845,6265,420
Truck984601,2224,2683,5285,6266,981
Truck984616,1339,2224,5290,6266,976
Truck986314,2684,2683,5820,6266,446
Truck986365,2942,2443,5835,6266,431
Truck986695,2683,2225,5940,6266,326
Truck986857,2224,2942,5990,6266,276
Truck987630,2943,2942,6230,6266,36
Truck985429,2566,2443,5545,6267,722
Truck986020,2444,2443,5730,6267,537
Truck986519,2683,2684,5885,6267,382
Truck987704,1339,0,6255,6267,12
Truck980833,1338,2225,4110,6268,2158
Truck985915,2776,2942,5695,6268,573
Truck986335,3119,2684,5825,6268,443
Truck987603,2443,2684,6225,6268,43
Truck987680,0,2567,6250,6268,18
Truck986429,2942,2443,5855,6269,414
Truck986640,0,2443,5925,6269,344
Truck986988,2777,2942,6030,6269,239
Truck987488,0,2683,6190,6270,80
Truck985325,2942,2567,5510,6271,761
Truck986127,3119,2443,5760,6271,511
Truck986164,2444,2443,5775,6271,496
Truck986173,2942,2443,5775,6271,496
Truck987068,2777,2942,6055,6271,216
Truck981540,2444,1338,4330,6272,1942
Truck986710,2567,2684,5945,6272,327
Truck987646,2943,2942,6235,6272,37
Truck986873,2224,2942,5995,6273,278
Truck986972,2777,2942,6025,6273,248
Truck987100,2777,2942,6065,6273,208
Truck987626,2684,2443,6230,6273,43
Truck985240,1339,2942,5485,6274,789
Truck987696,0,2567,6255,6274,19
Truck986027,2776,1339,5730,6275,545
Truck979697,1338,2443,3755,6276,2521
Truck987662,2943,2942,6240,6276,36
Truck986179,2443,3119,5780,6277,497
Truck986228,2444,2443,5795,6277,482
Truck987010,2225,2443,6040,6277,237
Truck987736,1339,0,6265,6277,12
Truck985972,2444,0,5715,6278,563
Truck986889,2224,2942,6000,6278,278
Truck987084,2777,2942,6060,6278,218
Truck986004,2444,0,5725,6279,554
Truck987642,2684,2443,6235,6279,44
Truck979953,1338,2443,3835,6280,2445
Truck986413,2942,2443,5850,6280,430
Truck986696,1339,2443,5940,6280,340
Truck985839,3119,2776,5670,6281,611
Truck986554,2684,2567,5895,6281,386
Truck986648,1339,2684,5925,6281,356
Truck987004,2777,2942,6035,6281,246
Truck987678,2943,2942,6245,6281,36
Truck985641,2224,2443,5610,6282,672
Truck986547,2443,2942,5895,6282,387
Truck986566,2567,2443,5900,6282,382
Truck979729,1338,1339,3765,6283,2518
Truck980017,1338,2443,3855,6283,2428
Truck985721,2224,2443,5635,6283,648
Truck986367,3119,2684,5835,6283,448
Truck986882,2225,2443,6000,6283,283
Truck986883,2443,1339,6000,6283,283
Truck987077,2566,2444,6060,6283,223
Truck980033,1338,1339,3860,6284,2424
Truck985461,2566,2443,5555,6284,729
Truck985988,2444,2443,5720,6284,564
Truck986038,2567,2776,5735,6284,549
Truck986971,2776,2443,6025,6284,259
Truck980321,1338,2443,3950,6285,2335
Truck986525,2942,2684,5885,6285,400
Truck986616,1339,2684,5915,6285,370
Truck986978,2225,2443,6030,6285,255
Truck987591,2683,1339,6220,6285,65
Truck987693,2942,2943,6250,6285,35
Truck987694,2943,2942,6250,6285,35
Truck979921,1338,2443,3825,6286,2461
Truck985765,2566,2443,5650,6286,636
Truck987020,2777,2942,6040,6286,246
Truck985545,2224,2443,5580,6287,707
Truck985785,2224,2684,5655,6287,632
Truck986132,2444,2443,5765,6287,522
Truck986387,2443,2942,5845,6287,442
Truck986964,2444,2225,6025,6287,262
Truck987768,1339,0,6275,6287,12
Truck979617,1338,2443,3730,6288,2558
Truck985063,2683,2942,5430,6288,858
Truck985753,2224,2443,5645,6288,643
Truck987667,2443,2684,6245,6288,43
Truck987782,2567,1339,6280,6288,8
Truck979800,1339,1338,3785,6289,2504
Truck984281,2224,0,5185,6289,1104
Truck984512,0,2224,5260,6289,1029
Truck985605,2566,2683,5600,6289,689
Truck987552,0,2683,6210,6289,79
Truck980145,1338,2443,3895,6290,2395
Truck985525,2566,2567,5575,6290,715
Truck985625,2224,2443,5605,6290,685
Truck985895,2683,2776,5690,6290,600
Truck986586,2684,2567,5905,6290,385
Truck986618,2684,2942,5915,6290,375
Truck986914,2225,2443,6010,6290,280
Truck987710,2943,2942,6255,6290,35
Truck985860,2444,2683,5680,6291,611
Truck986011,2776,1339,5725,6291,566
Truck980081,1338,2443,3875,6292,2417
Truck984425,2224,2567,5230,6292,1062
Truck985527,2683,2942,5575,6292,717
Truck985277,2942,1339,5495,6293,798
Truck985797,2566,2443,5660,6293,633
Truck985485,2942,1339,5560,6294,734
Truck985491,2443,2566,5565,6294,729
Truck987116,2777,2942,6070,6294,224
Truck985351,2683,2566,5520,6295,775
Truck985865,2224,2684,5680,6295,615
Truck986634,2684,2942,5920,6295,375
Truck987132,2777,2942,6075,6295,220
Truck987726,2943,2942,6260,6295,35
Truck981493,2566,1338,4315,6296,1981
Truck986458,2684,2683,5865,6296,431
Truck987052,2777,2942,6050,6296,246
Truck985222,2567,3119,5480,6297,817
Truck986036,2444,2443,5735,6297,562
Truck985286,2567,3119,5500,6299,799
Truck985360,0,3119,5525,6299,774
Truck986243,2443,3119,5800,6299,499
Truck986426,2684,3119,5855,6299,444
Truck986483,2443,2942,5875,6299,424
Truck986477,2942,2443,5870,6300,430
Truck987026,2225,1339,6045,6300,255
Truck987706,2684,2443,6255,6300,45
Truck980977,1338,2225,4155,6301,2146
Truck984553,2224,1339,5270,6301,1031
Truck987036,2777,2942,6045,6301,256
Truck987742,2943,2942,6265,6301,36
Truck986946,2225,2443,6020,6302,282
Truck987679,3119,2942,6245,6302,57
Truck986930,2225,2443,6015,6303,288
Truck985344,0,3119,5520,6304,784
Truck986493,2942,2443,5875,6304,429
Truck986994,2225,1339,6035,6304,269
Truck979809,1338,2443,3790,6305,2515
Truck984585,2224,2683,5280,6305,1025
Truck986522,2684,2683,5885,6305,420
Truck985632,0,2566,5610,6306,696
Truck985669,2566,2443,5620,6307,687
Truck985959,2683,2776,5710,6307,597
Truck986985,2224,2942,6030,6307,277
Truck987148,2777,2942,6080,6307,227
Truck987758,2943,2942,6270,6307,37
Truck987848,1339,2567,6300,6307,7
Truck985544,1339,2942,5580,6308,728
Truck985673,2224,2443,5620,6308,688
Truck985589,2566,2443,5595,6309,714
Truck987076,2444,2225,6060,6309,249
Truck980065,1338,2443,3870,6310,2440
Truck980513,1338,1339,4010,6310,2300
Truck986100,2444,1339,5755,6310,555
Truck987709,2942,3119,6255,6310,55
Truck986591,3119,2684,5905,6311,406
Truck987774,2943,2942,6275,6311,36
Truck986160,0,2776,5775,6312,537
Truck987097,2224,3119,6065,6313,248
Truck987754,2684,2443,6270,6313,43
Truck986192,0,2444,5785,6314,529
Truck986739,2443,2567,5955,6314,359
Truck987042,2225,2443,6050,6314,264
Truck987747,2443,2684,6270,6314,44
Truck987276,2777,2943,6120,6315,195
Truck980039,2683,1338,3860,6316,2456
Truck982036,2444,1338,4485,6316,1831
Truck985367,2683,2942,5525,6316,791
Truck987164,2777,2942,6085,6316,231
Truck987229,2942,2777,6105,6316,211
Truck987655,2683,0,6240,6316,76
Truck987790,2943,2942,6280,6316,36
Truck987402,2684,2776,6160,6317,157
Truck986071,2683,2444,5745,6318,573
Truck986664,1339,2684,5930,6319,389
Truck985715,2443,2224,5635,6320,685
Truck986803,2443,0,5975,6320,345
Truck987090,2225,2567,6065,6320,255
Truck987743,3119,2942,6265,6320,55
Truck985357,2942,2683,5520,6321,801
Truck987008,0,2225,6040,6321,281
Truck987115,2776,2443,6070,6321,251
Truck987806,2943,2942,6285,6321,36
Truck985573,2566,2443,5590,6323,733
Truck985687,2683,2942,5625,6323,698
Truck986557,2942,2443,5895,6323,428
Truck987759,3119,2942,6270,6323,53
Truck985541,2566,2443,5580,6324,744
Truck985769,2224,2443,5650,6324,674
Truck986091,2776,0,5750,6324,574
Truck987356,2777,2943,6145,6324,179
Truck987664,0,2683,6245,6324,79
Truck987779,2443,2684,6280,6324,44
Truck980193,1338,2683,3910,6325,2415
Truck986123,2776,2567,5760,6325,565
Truck986922,2684,2567,6010,6325,315
Truck987091,2443,2776,6065,6325,260
Truck987822,2943,2942,6290,6325,35
Truck986326,2567,2444,5825,6326,501
Truck987113,2224,2942,6070,6326,256
Truck987213,2942,2224,6100,6326,226
Truck987720,1339,2683,6260,6326,66
Truck984854,2567,2224,5365,6327,962
Truck987074,2225,2443,6060,6327,267
Truck987719,2683,1339,6260,6327,67
Truck987888,0,1339,6315,6327,12
Truck986007,2683,2444,5725,6328,603
Truck986051,2443,2444,5740,6328,588
Truck987228,2777,2942,6105,6328,223
Truck980225,1338,2443,3920,6329,2409
Truck985557,2566,2443,5585,6329,744
Truck985653,2566,0,5615,6329,714
Truck979969,1338,2443,3840,6330,2490
Truck986656,0,2684,5930,6330,400
Truck986855,2683,2225,5990,6330,340
Truck987064,1339,2225,6055,6330,275
Truck985463,2683,2566,5555,6331,776
Truck986950,2567,2443,6020,6331,311
Truck987838,2943,2942,6295,6331,36
Truck985333,2566,1339,5515,6332,817
Truck985440,0,2566,5550,6332,782
Truck985368,1339,2942,5525,6333,808
Truck987058,2225,2443,6055,6333,278
Truck985493,2566,2443,5565,6334,769
Truck986666,2684,2942,5930,6334,404
Truck986720,0,2684,5950,6334,384
Truck987216,0,2225,6105,6334,229
Truck987250,2225,2443,6115,6334,219
Truck984808,1339,2224,5350,6335,985
Truck987202,2225,2443,6100,6335,235
Truck985733,2566,2443,5640,6336,696
Truck986765,2942,2684,5960,6336,376
Truck987234,2225,2443,6110,6336,226
Truck987854,2943,2942,6300,6336,36
Truck984409,2224,1339,5225,6337,1112
Truck986515,2443,2942,5885,6337,452
Truck986532,2444,2443,5890,6337,447
Truck984873,2224,2683,5370,6338,968
Truck985496,1339,2942,5565,6338,773
Truck986602,2684,2942,5910,6338,428
Truck986947,2443,2567,6020,6338,318
Truck987144,1339,2225,6080,6338,258
Truck987196,2777,2942,6095,6338,243
Truck987944,1339,2567,6330,6338,8
Truck985533,2942,2567,5575,6339,764
Truck986278,2567,2444,5810,6339,529
Truck986861,2942,2684,5990,6339,349
Truck987827,2443,2684,6295,6339,44
Truck987106,2225,2443,6070,6340,270
Truck980432,0,1338,3985,6341,2356
Truck984679,2683,2224,5310,6341,1031
Truck986244,2444,2443,5800,6341,541
Truck986838,2567,2443,5985,6341,356
Truck987180,2777,2942,6090,6341,251
Truck987292,2777,2942,6125,6341,216
Truck984695,2683,2224,5315,6342,1027
Truck986196,2444,2443,5785,6342,557
Truck986531,2443,2942,5890,6342,452
Truck987190,2567,2225,6095,6342,247
Truck987870,2943,2942,6305,6342,37
Truck981122,2225,1338,4200,6343,2143
Truck985875,2443,2566,5685,6343,658
Truck986292,2444,1339,5815,6343,528
Truck987850,2684,2443,6300,6343,43
Truck984646,2567,2224,5300,6344,1044
Truck985291,2776,2224,5500,6344,844
Truck985494,2567,2942,5565,6344,779
Truck987260,2777,2942,6115,6344,229
Truck987340,2777,2942,6140,6344,204
Truck987843,2443,2684,6300,6344,44
Truck987886,2943,2942,6310,6345,35
Truck985343,3119,1339,5515,6346,831
Truck987170,2225,2443,6090,6346,256
Truck987323,2776,2684,6135,6346,211
Truck987751,2683,0,6270,6346,76
Truck986262,2567,2776,5805,6347,542
Truck986979,2443,2683,6030,6347,317
Truck987767,2683,2567,6275,6347,72
Truck980259,2443,1338,3930,6349,2419
Truck980595,2443,1338,4035,6349,2314
Truck985689,2224,2443,5625,6349,724
Truck986399,3119,2443,5845,6349,504
Truck986822,2567,2684,5980,6349,369
Truck987244,2777,2942,6110,6349,239
Truck985717,2566,2443,5635,6350,715
Truck986516,2444,2443,5885,6350,465
Truck986762,2684,2942,5960,6350,390
Truck987799,2683,1339,6285,6350,65
Truck987902,2943,2942,6315,6350,35
Truck985467,2776,2224,5555,6351,796
Truck985849,2224,2443,5675,6351,676
Truck986887,2683,2443,6000,6351,351
Truck980214,2567,1338,3915,6352,2437
Truck985623,2683,2942,5605,6352,747
Truck987274,2684,2776,6120,6352,232
Truck984841,2224,0,5360,6353,993
Truck987308,2777,2942,6130,6353,223
Truck980049,1338,2443,3865,6354,2489
Truck985411,2443,2566,5540,6354,814
Truck987212,2777,2942,6100,6354,254
Truck980529,1338,2443,4015,6355,2340
Truck985552,0,2942,5585,6355,770
Truck985616,0,2942,5605,6355,750
Truck986324,2444,2443,5825,6355,530
Truck987952,0,2567,6335,6355,20
Truck981025,1338,2566,4170,6356,2186
Truck985925,2566,2443,5700,6356,656
Truck985991,2683,2444,5720,6356,636
Truck987917,2942,2943,6320,6356,36
Truck987918,2943,2942,6320,6356,36
Truck986294,2567,2444,5815,6357,542
Truck986447,3119,2443,5860,6357,497
Truck986605,2942,2443,5910,6357,447
Truck984809,2224,2567,5350,6358,1008
Truck987014,2567,2443,6040,6358,318
Truck987898,2684,2443,6315,6359,44
Truck985416,1339,3119,5540,6360,820
Truck986356,2444,2443,5835,6360,525
Truck987138,2225,2444,6080,6360,280
Truck987257,2224,2942,6115,6360,245
Truck987498,2684,2776,6190,6360,170
Truck979905,1338,0,3820,6361,2541
Truck986235,2776,0,5795,6361,566
Truck986276,2444,2443,5810,6361,551
Truck986669,2942,2443,5930,6361,431
Truck987934,2943,2942,6325,6361,36
Truck987433,2224,3119,6170,6362,192
Truck980129,1338,2443,3890,6363,2473
Truck986467,2443,2444,5870,6363,493
Truck986983,2683,2443,6030,6363,333
Truck980369,1338,2443,3965,6364,2399
Truck986291,2443,3119,5815,6364,549
Truck987282,2225,2443,6125,6364,239
Truck987394,2225,2443,6160,6364,204
Truck985511,2683,2942,5570,6365,795
Truck987186,2225,2443,6095,6365,270
Truck986778,2684,2942,5965,6366,401
Truck987950,2943,2942,6330,6366,36
Truck985488,0,2942,5565,6367,802
Truck985520,0,2942,5575,6367,792
Truck985680,0,2942,5625,6367,742
Truck986087,2683,2444,5750,6367,617
Truck986774,2567,2684,5965,6367,402
Truck980257,1338,1339,3930,6368,2438
Truck980401,1338,2443,3975,6368,2393
Truck986484,2444,2443,5875,6368,493
Truck986627,2443,2942,5920,6368,448
Truck987040,0,2443,6050,6368,318
Truck987419,2776,2443,6165,6368,203
Truck987830,2567,2683,6295,6368,73
Truck987930,2684,2443,6325,6368,43
Truck986148,2444,2683,5770,6369,599
Truck986363,2776,1339,5835,6370,535
Truck986621,2942,2443,5915,6370,455
Truck986982,2567,2684,6030,6370,340
Truck980097,1338,2443,3880,6371,2491
Truck980342,2567,1338,3955,6371,2416
Truck985417,2224,2776,5540,6371,831
Truck986260,2444,2443,5805,6371,566
Truck987966,2943,2942,6335,6371,36
Truck988056,1339,2567,6365,6371,6
Truck985779,2443,2224,5655,6372,717
Truck985792,0,2942,5660,6372,712
Truck986707,2443,2942,5945,6372,427
Truck987299,2443,2225,6130,6372,242
Truck985366,2567,3119,5525,6373,848
Truck986155,2776,2942,5770,6373,603
Truck985944,1339,2942,5705,6374,669
Truck986171,2776,0,5775,6374,599
Truck986431,3119,2443,5855,6374,519
Truck988022,2567,0,6355,6375,20
Truck987982,2943,2942,6340,6376,36
Truck986642,2225,2566,5925,6377,452
Truck987243,2776,2443,6110,6377,267
Truck987372,2777,2942,6150,6377,227
Truck987962,2684,2443,6335,6377,42
Truck980593,1338,2443,4035,6378,2343
Truck985263,3119,2567,5490,6378,888
Truck986495,3119,2443,5875,6378,503
Truck986639,3119,2443,5920,6378,458
Truck986685,2942,2443,5935,6378,443
Truck987862,2567,2683,6305,6378,73
Truck986263,2683,2444,5805,6380,575
Truck987895,2683,1339,6315,6380,65
Truck987998,2943,2942,6345,6380,35
Truck986655,3119,2443,5925,6381,456
Truck987436,2777,2942,6170,6381,211
Truck987388,2777,2942,6155,6382,227
Truck987312,0,2225,6135,6383,248
Truck987404,2777,2942,6160,6383,223
Truck987546,2684,2776,6205,6383,178
Truck987856,0,2683,6305,6383,78
Truck987935,3119,2942,6325,6383,58
Truck986251,2776,2942,5800,6384,584
Truck987267,2443,2225,6120,6384,264
Truck987324,2777,2942,6135,6384,249
Truck987878,2567,2683,6310,6384,74
Truck987978,2684,2443,6340,6384,44
Truck985430,2567,3119,5545,6385,840
Truck986550,2567,2444,5895,6385,490
Truck987120,0,2443,6075,6385,310
Truck986372,2444,2443,5840,6386,546
Truck986468,2444,2443,5870,6386,516
Truck987598,2943,2777,6220,6386,166
Truck988014,2943,2942,6350,6386,36
Truck984599,2683,2224,5285,6387,1102
Truck986022,2567,2566,5730,6387,657
Truck988088,1339,0,6375,6387,12
Truck986527,3119,2443,5885,6388,503
Truck986903,2683,2225,6005,6388,383
Truck987442,2225,2443,6175,6389,214
Truck987994,2684,2443,6345,6389,44
Truck980353,1338,2683,3960,6390,2430
Truck980577,1338,0,4030,6390,2360
Truck984887,2683,2224,5375,6390,1015
Truck987452,2777,2942,6175,6390,215
Truck988030,2943,2942,6355,6390,35
Truck985893,2566,2443,5690,6391,701
Truck987428,2444,2566,6170,6391,221
Truck980209,1338,2443,3915,6392,2477
Truck986233,2224,2684,5795,6392,597
Truck985637,2566,2443,5610,6393,783
Truck985719,2683,2566,5635,6393,758
Truck986121,2224,2443,5760,6393,633
Truck987403,2776,2443,6160,6393,233
Truck980712,1339,1338,4070,6394,2324
Truck985817,2224,2443,5665,6394,729
Truck987484,2777,2942,6185,6394,209
Truck988010,2684,2443,6350,6394,44
Truck984864,0,2224,5370,6395,1025
Truck987423,3119,2224,6165,6395,230
Truck987981,2942,3119,6340,6395,55
Truck988046,2943,2942,6360,6395,35
Truck985575,2683,2942,5590,6396,806
Truck986404,2444,2683,5850,6396,546
Truck987532,2777,2942,6200,6397,197
Truck986507,2776,2942,5880,6398,518
Truck986740,2444,2443,5955,6398,443
Truck986746,2684,3119,5955,6398,443
Truck982100,2444,1338,4505,6399,1894
Truck985945,2224,2443,5705,6400,695
Truck986918,2567,2684,6010,6400,390
Truck988062,2943,2942,6365,6400,35
Truck987266,2225,2444,6120,6401,281
Truck985451,2776,2224,5550,6402,852
Truck986219,2776,2942,5790,6402,612
Truck980289,1338,2443,3940,6403,2463
Truck987187,2443,0,6095,6403,308
Truck986267,2776,2942,5805,6404,599
Truck986376,1339,2776,5840,6404,564
Truck986379,2776,2942,5840,6404,564
Truck987032,1339,2684,6045,6404,359
Truck987515,2776,2443,6195,6404,209
Truck988042,2684,2443,6360,6404,44
Truck984952,1339,2224,5395,6405,1010
Truck986207,3119,2776,5785,6405,620
Truck987114,2684,1339,6070,6405,335
Truck987502,2943,2777,6190,6405,215
Truck984918,2567,2224,5385,6406,1021
Truck985861,2566,2443,5680,6406,726
Truck987122,2225,0,6075,6406,331
Truck981601,1338,2566,4350,6407,2057
Truck987160,1339,2443,6085,6407,322
Truck987509,2566,2444,6195,6407,212
Truck988078,2943,2942,6370,6407,37
Truck985686,2567,2942,5625,6409,784
Truck986299,2776,2683,5815,6409,594
Truck986874,2684,3119,5995,6409,414
Truck986500,2444,0,5880,6410,530
Truck987531,2776,2443,6200,6410,210
Truck988058,2684,2443,6365,6410,45
Truck985701,2566,1339,5630,6411,781
Truck985821,2942,0,5665,6411,746
Truck985977,2224,2443,5715,6411,696
Truck986308,2444,1339,5820,6411,591
Truck986623,3119,2443,5915,6411,496
Truck988031,3119,2942,6355,6411,56
Truck988094,2943,2942,6375,6411,36
Truck986359,2683,2776,5835,6413,578
Truck986523,2776,1339,5885,6413,528
Truck987420,2777,2942,6165,6413,248
Truck986443,2776,2942,5860,6414,554
Truck986835,2443,2942,5985,6414,429
Truck987192,1339,2684,6095,6414,319
Truck987298,2225,2443,6130,6414,284
Truck987548,2777,2943,6205,6414,209
Truck988074,2684,2443,6370,6414,44
Truck981314,2225,1338,4260,6415,2155
Truck986845,2942,2443,5985,6415,430
Truck987000,1339,2684,6035,6415,380
Truck987468,2777,2942,6180,6415,235
Truck984729,2224,1339,5325,6416,1091
Truck986340,2444,2683,5830,6416,586
Truck986687,3119,2443,5935,6416,481
Truck987424,0,2225,6170,6416,246
Truck987595,2776,2684,6220,6416,196
Truck988110,2943,2942,6380,6416,36
Truck985600,0,3119,5600,6417,817
Truck986813,2942,2443,5975,6417,442
Truck980465,1338,2443,3995,6418,2423
Truck980545,1338,2443,4020,6419,2399
Truck984921,2224,1339,5385,6419,1034
Truck986600,1339,2776,5910,6419,509
Truck987139,2443,0,6080,6419,339
Truck987330,2225,2443,6140,6419,279
Truck986019,2443,2224,5730,6420,690
Truck986411,2776,2567,5850,6420,570
Truck987469,2942,2777,6180,6420,240
Truck985829,2566,2443,5670,6421,751
Truck988063,3119,2942,6365,6421,56
Truck988126,2943,2942,6385,6421,36
Truck980582,2567,1338,4030,6422,2392
Truck985960,1339,2942,5710,6422,712
Truck986986,2684,2567,6030,6422,392
Truck986719,3119,2443,5945,6423,478
Truck987596,2777,2943,6220,6423,203
Truck985800,1339,2566,5660,6424,764
Truck988182,2567,0,6405,6424,19
Truck980433,1338,2443,3985,6425,2440
Truck985781,2566,2443,5655,6425,770
Truck985965,2942,0,5710,6425,715
Truck979799,2683,1338,3785,6426,2641
Truck985591,2683,2566,5595,6426,831
Truck985989,2566,2443,5720,6426,706
Truck986085,2566,2567,5750,6426,676
Truck987034,2684,1339,6045,6426,381
Truck987240,1339,2443,6110,6426,316
Truck987485,2942,2224,6185,6426,241
Truck987564,2777,2942,6210,6426,216
Truck988142,2943,2942,6390,6426,36
Truck980177,1338,2443,3905,6427,2522
Truck986935,2683,2684,6015,6427,412
Truck987499,2776,2443,6190,6427,237
Truck987547,2776,2443,6205,6427,222
Truck988232,1339,2567,6420,6427,7
Truck985144,1339,2224,5455,6428,973
Truck987500,2777,2942,6190,6428,238
Truck987597,2942,2777,6220,6428,208
Truck981589,2566,1338,4345,6429,2084
Truck987079,2683,2684,6060,6429,369
Truck987272,1339,2443,6120,6429,309
Truck987587,2443,2776,6220,6429,209
Truck988095,3119,2942,6375,6429,54
Truck984857,2224,2683,5365,6430,1065
Truck987018,2684,2942,6040,6430,390
Truck987483,2776,2443,6185,6430,245
Truck987580,2777,2942,6215,6430,215
Truck988122,2684,2443,6385,6430,45
Truck988158,2943,2942,6395,6430,35
Truck980435,2443,1338,3985,6431,2446
Truck986612,2444,2443,5915,6431,516
Truck986906,2684,2683,6005,6431,426
Truck987582,2943,2777,6215,6431,216
Truck980657,1338,2443,4055,6432,2377
Truck986491,2776,2683,5875,6432,557
Truck980673,1338,2443,4060,6433,2373
Truck988246,2567,1339,6425,6433,8
Truck985837,2942,2567,5670,6434,764
Truck987676,2777,2942,6245,6434,189
Truck988138,2684,2443,6390,6434,44
Truck985206,2567,2224,5475,6435,960
Truck987256,1339,2443,6115,6435,320
Truck988071,2683,1339,6370,6435,65
Truck986407,2683,2444,5850,6436,586
Truck986826,2684,3119,5980,6436,456
Truck986867,2443,2942,5995,6436,441
Truck987315,2443,2225,6135,6436,301
Truck988039,2683,0,6360,6436,76
Truck988174,2943,2942,6400,6436,36
Truck986283,2776,2942,5810,6437,627
Truck986347,2776,2567,5830,6437,607
Truck980611,2443,1338,4040,6438,2398
Truck985528,1339,3119,5575,6438,863
Truck986391,2683,2776,5845,6438,593
Truck988262,2567,1339,6430,6438,8
Truck986703,3119,2443,5940,6439,499
Truck987235,2443,0,6110,6439,329
Truck988154,2684,2443,6395,6439,44
Truck985805,2942,1339,5660,6440,780
Truck985877,2566,2443,5685,6440,755
Truck987612,2777,2942,6225,6440,215
Truck980087,2683,1338,3875,6441,2566
Truck980785,1338,2443,4095,6441,2346
Truck985577,2224,2776,5590,6441,851
Truck985887,3119,1339,5685,6441,756
Truck987516,2777,2942,6195,6441,246
Truck988190,2943,2942,6405,6441,36
Truck981394,2225,1338,4285,6442,2157
Truck985926,2567,2566,5700,6442,742
Truck987255,2683,2443,6115,6442,327
Truck987426,2225,2443,6170,6442,272
Truck988127,3119,2942,6385,6442,57
Truck980263,2683,1338,3930,6443,2513
Truck985907,2443,2566,5695,6443,748
Truck987085,2942,2443,6060,6443,383
Truck986866,2225,2566,5995,6444,449
Truck988170,2684,2443,6400,6444,44
Truck980103,2683,1338,3880,6445,2565
Truck985599,3119,2567,5595,6445,850
Truck986021,2566,2443,5730,6446,716
Truck986676,2444,2443,5935,6446,511
Truck986692,2444,2443,5940,6446,506
Truck986909,2942,2443,6005,6446,441
Truck987458,2225,2443,6180,6446,266
Truck988206,2943,2942,6410,6446,36
Truck980561,1338,2443,4025,6447,2422
Truck986070,2567,2566,5745,6447,702
Truck986303,3119,2776,5815,6447,632
Truck988143,3119,2942,6390,6447,57
Truck986580,2444,2443,5905,6448,543
Truck987146,2684,0,6080,6448,368
Truck987522,2225,1339,6200,6448,248
Truck988179,2443,2684,6405,6448,43
Truck988186,2684,2443,6405,6448,43
Truck980721,1338,2443,4075,6449,2374
Truck987410,2225,2443,6165,6449,284
Truck987628,2777,2942,6230,6450,220
Truck986879,3119,2443,5995,6451,456
Truck985479,2683,3119,5560,6452,892
Truck985647,3119,0,5610,6452,842
Truck986619,2776,2942,5915,6452,537
Truck987740,2777,2942,6265,6452,187
Truck988222,2943,2942,6415,6452,37
Truck988310,2567,1339,6445,6452,7
Truck986957,2942,2443,6020,6453,433
Truck987866,2684,2776,6305,6453,148
Truck985831,2683,2942,5670,6454,784
Truck985855,3119,2567,5675,6454,779
Truck988103,2683,2567,6380,6454,74
Truck985049,2224,0,5425,6455,1030
Truck987764,2444,2566,6275,6455,180
Truck988238,2943,2942,6420,6455,35
Truck987111,2683,2443,6070,6456,386
Truck987142,2567,2684,6080,6456,376
Truck987490,2225,2443,6190,6456,266
Truck988175,3119,2942,6400,6456,56
Truck985941,2566,2443,5705,6458,753
Truck986101,2566,2443,5755,6458,703
Truck988211,2443,2684,6415,6458,43
Truck988218,2684,2443,6415,6458,43
Truck987668,2444,2566,6245,6460,215
Truck988118,2567,2683,6385,6460,75
Truck986630,2567,2444,5920,6461,541
Truck988254,2943,2942,6425,6461,36
Truck985305,2224,0,5505,6462,957
Truck987203,2443,2683,6100,6462,362
Truck987363,2443,0,6150,6462,312
Truck987577,2224,2942,6215,6462,247
Truck988234,2684,2443,6420,6462,42
Truck980273,1338,2567,3935,6463,2528
Truck985563,2776,2224,5585,6463,878
Truck985749,2566,2683,5645,6463,818
Truck985791,3119,2567,5655,6463,808
Truck987178,2684,0,6090,6463,373
Truck987475,2443,2225,6185,6463,278
Truck986184,1339,2942,5780,6465,685
Truck987644,2777,2942,6235,6465,230
Truck988112,0,2683,6385,6465,80
Truck988270,2943,2942,6430,6465,35
Truck985145,2224,2683,5455,6466,1011
Truck985711,3119,1339,5630,6467,837
Truck985909,2566,2443,5695,6467,772
Truck986093,2942,1339,5750,6467,717
Truck986767,3119,2443,5960,6467,507
Truck986995,2443,2942,6035,6467,432
Truck987627,2776,2443,6230,6467,237
Truck987844,2444,2566,6300,6467,167
Truck980385,1338,2443,3970,6468,2498
Truck980456,1339,1338,3990,6468,2478
Truck987571,2443,2225,6215,6468,253
Truck987714,2225,2443,6260,6468,208
Truck985901,2942,2683,5690,6469,779
Truck981649,1338,2566,4365,6470,2105
Truck985776,0,3119,5655,6471,816
Truck986708,2444,2443,5945,6471,526
Truck988167,2683,2567,6400,6471,71
Truck988184,1339,2683,6405,6471,66
Truck988223,3119,2942,6415,6471,56
Truck988286,2943,2942,6435,6471,36
Truck985927,2683,2942,5700,6472,772
Truck986895,3119,2684,6000,6472,472
Truck985968,0,2942,5715,6473,758
Truck986933,2566,2225,6015,6473,458
Truck987474,2225,1339,6185,6473,288
Truck987554,2225,2443,6210,6473,263
Truck986603,2776,2567,5910,6474,564
Truck986756,2444,2567,5960,6474,514
Truck987152,0,2684,6085,6474,389
Truck988144,0,2683,6395,6474,79
Truck986735,3119,2443,5950,6475,525
Truck986931,2443,2942,6015,6475,460
Truck987023,3119,2684,6040,6475,435
Truck987287,2683,2225,6125,6475,350
Truck987314,2225,2683,6135,6475,340
Truck988239,3119,2942,6420,6475,55
Truck988302,2943,2942,6440,6476,36
Truck985807,3119,0,5660,6477,817
Truck985872,0,3119,5685,6477,792
Truck986037,2566,0,5735,6477,742
Truck988282,2684,2443,6435,6477,42
Truck980337,1338,2567,3955,6478,2523
Truck985984,0,2942,5720,6478,758
Truck986691,2443,2444,5940,6478,538
Truck986900,2444,2443,6005,6478,473
Truck987368,1339,2443,6150,6478,328
Truck981057,1338,0,4180,6479,2299
Truck986197,2566,2443,5785,6479,694
Truck986962,2225,2566,6025,6479,454
Truck987021,2942,2443,6040,6479,439
Truck987692,2777,2942,6250,6479,229
Truck987727,3119,2224,6260,6479,219
Truck981621,2566,1338,4355,6480,2125
Truck986040,1339,2942,5735,6480,745
Truck986229,2566,2443,5795,6480,685
Truck987149,2942,2443,6080,6480,400
Truck987347,2443,1339,6145,6480,335
Truck987700,2444,2566,6255,6480,225
Truck986293,2566,1339,5815,6481,666
Truck986683,2776,1339,5935,6481,546
Truck986787,2443,3119,5970,6481,511
Truck988318,2943,2942,6445,6481,36
Truck986539,2776,2683,5890,6482,592
Truck987376,0,2225,6155,6482,327
Truck987586,2225,2443,6220,6482,262
Truck987611,2776,2443,6225,6482,257
Truck987618,2225,2443,6230,6482,252
Truck986249,2224,2443,5800,6483,683
Truck986712,1339,2776,5945,6483,538
Truck987174,2567,2684,6090,6483,393
Truck987787,2776,2684,6280,6483,203
Truck988406,2567,1339,6475,6483,8
Truck987711,3119,2224,6255,6484,229
Truck988176,0,2683,6405,6484,79
Truck986069,2566,2443,5745,6485,740
Truck986120,1339,2942,5760,6485,725
Truck985696,0,3119,5630,6486,856
Truck986125,2942,0,5760,6486,726
Truck987506,2225,2443,6195,6486,291
Truck987724,2777,2942,6260,6486,226
Truck988334,2943,2942,6450,6486,36
Truck980305,1338,2443,3945,6487,2542
Truck980817,1338,2443,4105,6487,2382
Truck987725,2942,2777,6260,6487,227
Truck987593,2224,2942,6220,6488,268
Truck988192,0,2683,6410,6488,78
Truck980592,0,1338,4035,6489,2454
Truck981393,1338,2566,4285,6489,2204
Truck981729,1338,2566,4390,6489,2099
Truck986133,2566,2443,5765,6489,724
Truck986535,2683,2776,5890,6490,600
Truck987335,2683,2225,6140,6490,350
Truck987708,2777,2942,6255,6490,235
Truck987756,2777,2942,6270,6490,220
Truck988349,2942,2943,6455,6490,35
Truck988230,2567,2683,6420,6491,71
Truck988350,2943,2942,6455,6491,36
Truck987143,2683,2684,6080,6492,412
Truck988287,3119,2942,6435,6492,57
Truck988330,2684,2443,6450,6493,43
Truck987529,2224,2942,6200,6494,294
Truck987868,2777,2942,6305,6494,189
Truck985766,2567,3119,5650,6495,845
Truck985942,2567,3119,5705,6495,790
Truck986297,2224,2443,5815,6495,680
Truck987789,2942,2777,6280,6495,215
Truck987059,2443,2942,6055,6496,441
Truck988366,2943,2942,6460,6496,36
Truck985783,2683,2566,5655,6497,842
Truck986195,2443,2224,5785,6497,712
Truck985920,0,2942,5700,6498,798
Truck986266,2684,2224,5805,6498,693
Truck986281,2224,2443,5810,6498,688
Truck986596,2444,2443,5910,6498,588
Truck987290,2684,2567,6125,6498,373
Truck987513,2224,2942,6195,6498,303
Truck986361,2224,2443,5835,6499,664
Truck987194,2684,0,6095,6499,404
Truck987248,0,2684,6115,6499,384
Truck987366,2567,2684,6150,6499,349
Truck987682,2225,2443,6250,6500,250
Truck986056,1339,2942,5740,6501,761
Truck987820,2777,2942,6290,6501,211
Truck988279,2683,1339,6435,6501,66
Truck988382,2943,2942,6465,6501,36
Truck981202,2225,1338,4225,6502,2277
Truck985885,2942,2683,5685,6502,817
Truck980871,2683,1338,4120,6503,2383
Truck985376,0,2224,5530,6503,973
Truck987103,3119,2443,6065,6504,439
Truck987370,2684,2567,6150,6504,354
Truck980849,1338,2443,4115,6505,2390
Truck986023,2683,2942,5730,6505,775
Truck986275,2443,2566,5810,6505,695
Truck986659,2443,2444,5930,6505,575
Truck987344,0,2684,6145,6505,360
Truck987660,2777,2942,6240,6505,265
Truck987619,2443,2225,6230,6506,276
Truck987650,2225,2443,6240,6506,266
Truck988335,3119,2942,6450,6506,56
Truck988398,2943,2942,6470,6506,36
Truck985112,1339,2224,5445,6507,1062
Truck986996,2444,2443,6035,6507,472
Truck987801,2224,3119,6285,6507,222
Truck987226,2684,2942,6105,6508,403
Truck987430,2567,2684,6170,6508,338
Truck985973,2566,2683,5715,6509,794
Truck987641,2224,2942,6235,6509,274
Truck987634,2225,2443,6235,6510,275
Truck987852,2777,2942,6300,6510,210
Truck988295,2683,2567,6440,6510,70
Truck988414,2943,2942,6475,6510,35
Truck986136,1339,3119,5765,6511,746
Truck986820,2444,1339,5980,6511,531
Truck987538,2225,2443,6205,6511,306
Truck988312,1339,2683,6445,6511,66
Truck988351,3119,2942,6455,6511,56
Truck987399,2683,2443,6160,6512,352
Truck987947,2776,2684,6330,6512,182
Truck986245,2566,2443,5800,6513,713
Truck986788,2444,0,5970,6513,543
Truck987666,2225,2444,6245,6513,268
Truck987804,2777,2942,6285,6513,228
Truck988294,2567,2683,6440,6513,73
Truck980993,1338,2443,4160,6514,2354
Truck985264,0,2224,5495,6514,1019
Truck986105,2224,2443,5755,6514,759
Truck987336,1339,2684,6140,6514,374
Truck980737,1338,2443,4080,6515,2435
Truck986847,3119,2443,5985,6515,530
Truck986863,3119,2443,5990,6515,525
Truck987071,3119,2443,6055,6515,460
Truck988430,2943,2942,6480,6515,35
Truck986077,2942,0,5745,6516,771
Truck986117,2566,2443,5760,6516,756
Truck986479,3119,2776,5870,6516,646
Truck986724,2444,0,5950,6516,566
Truck987210,2684,2683,6100,6516,416
Truck987472,0,2225,6185,6516,331
Truck987746,2225,2443,6270,6516,246
Truck985819,2776,2224,5665,6517,852
Truck988518,2567,1339,6510,6517,7
Truck980417,1338,2443,3980,6518,2538
Truck987544,1339,2443,6205,6518,313
Truck987602,2225,2443,6225,6518,293
Truck987867,2776,2443,6305,6519,214
Truck986013,2942,2567,5725,6520,795
Truck986149,2566,2443,5770,6520,750
Truck987264,0,2684,6120,6520,400
Truck988344,1339,2683,6455,6520,65
Truck985401,2224,0,5535,6521,986
Truck986360,1339,2566,5835,6521,686
Truck986715,2776,0,5945,6521,576
Truck987331,2443,2942,6140,6521,381
Truck987755,2776,2443,6270,6521,251
Truck988446,2943,2942,6485,6521,36
Truck986086,2567,3119,5750,6522,772
Truck986899,2443,2444,6005,6522,517
Truck987570,2225,2683,6215,6522,307
Truck982228,2444,1338,4545,6523,1978
Truck986628,2444,2683,5920,6523,603
Truck986884,2444,2443,6000,6523,523
Truck987261,2942,2443,6115,6523,408
Truck985952,0,3119,5710,6524,814
Truck986827,2776,0,5980,6524,544
Truck987807,3119,2224,6285,6524,239
Truck985095,2683,2224,5440,6525,1085
Truck985967,3119,2683,5710,6525,815
Truck988462,2943,2942,6490,6525,35
Truck986301,2942,0,5815,6526,711
Truck986564,2444,2683,5900,6526,626
Truck987730,2225,2567,6265,6526,261
Truck986907,2776,0,6005,6527,522
Truck986095,3119,1339,5750,6528,778
Truck986635,2776,2683,5920,6528,608
Truck986859,2776,2942,5990,6528,538
Truck987293,2942,2684,6125,6528,403
Truck980614,2567,1338,4040,6529,2489
Truck986176,0,2566,5780,6529,749
Truck986265,2224,2443,5805,6529,724
Truck986644,2444,2683,5925,6529,604
Truck986804,2444,2443,5975,6529,554
Truck987916,2777,2942,6320,6529,209
Truck987957,2566,2444,6335,6529,194
Truck982065,1338,2444,4495,6530,2035
Truck986214,2567,2942,5790,6530,740
Truck987007,3119,2684,6035,6530,495
Truck987432,1339,2684,6170,6530,360
Truck987771,2776,2443,6275,6530,255
Truck987772,2777,2942,6275,6530,255
Truck988415,3119,2942,6475,6530,55
Truck985241,2224,1339,5485,6531,1046
Truck985879,2683,3119,5685,6531,846
Truck986349,2942,0,5830,6531,701
Truck986357,2566,2443,5835,6531,696
Truck986409,2224,2684,5850,6531,681
Truck987836,2777,2942,6295,6531,236
Truck988478,2943,2942,6495,6531,36
Truck986005,2566,2567,5725,6532,807
Truck986701,2942,2776,5940,6532,592
Truck986772,2444,2443,5965,6532,567
Truck986039,2683,2942,5735,6533,798
Truck986269,2942,2567,5805,6533,728
Truck987788,2777,2942,6280,6533,253
Truck987884,2777,2943,6310,6533,223
Truck981329,1338,2443,4265,6534,2269
Truck982545,1338,2444,4645,6534,1889
Truck988493,2942,2943,6500,6534,34
Truck988494,2943,2942,6500,6535,35
Truck987119,3119,2443,6070,6536,466
Truck988352,0,2683,6460,6536,76
Truck986080,0,2942,5750,6537,787
Truck986489,2224,2443,5875,6537,662
Truck987778,2225,2443,6280,6537,257
Truck988568,1339,0,6525,6537,12
Truck986991,3119,2443,6030,6538,508
Truck987197,2942,2443,6095,6538,443
Truck987946,2684,2776,6330,6538,208
Truck980897,1338,2443,4130,6539,2409
Truck987507,2443,0,6195,6539,344
Truck988474,2684,2443,6495,6539,44
Truck981121,1338,2443,4200,6540,2340
Truck985225,2224,2567,5480,6540,1060
Truck987464,1339,2684,6180,6540,360
Truck988076,2777,2943,6370,6540,170
Truck980807,2683,1338,4100,6541,2441
Truck987459,2443,2683,6180,6541,361
Truck988510,2943,2942,6505,6541,36
Truck980865,1338,0,4120,6542,2422
Truck981249,1338,2443,4240,6542,2302
Truck986181,2566,0,5780,6542,762
Truck986537,2224,2684,5890,6542,652
Truck986852,2444,2443,5990,6542,552
Truck987092,2444,1339,6065,6542,477
Truck987900,2777,2942,6315,6542,227
Truck986112,0,2942,5760,6543,783
Truck986248,1339,2942,5800,6543,743
Truck988598,2567,1339,6535,6543,8
Truck987158,2567,2444,6085,6544,459
Truck987762,2225,2444,6275,6544,269
Truck988068,2444,2566,6370,6544,174
Truck981240,1339,1338,4235,6545,2310
Truck986872,1339,2444,5995,6545,550
Truck987795,2443,2776,6285,6545,260
Truck987997,2942,2777,6345,6545,200
Truck988043,2776,2684,6360,6545,185
Truck987555,2443,1339,6210,6546,336
Truck988015,3119,2224,6350,6546,196
Truck988525,2942,2943,6510,6546,36
Truck987055,3119,2443,6050,6547,497
Truck987689,2224,2942,6250,6547,297
Truck986345,2224,2443,5830,6548,718
Truck987967,3119,2224,6335,6549,214
Truck980641,1338,2443,4050,6551,2501
Truck986061,2942,0,5740,6551,811
Truck986309,2566,2567,5820,6551,731
Truck986747,2776,2683,5955,6551,596
Truck987718,2567,2225,6260,6551,291
Truck987794,2225,2443,6285,6551,266
Truck988542,2943,2942,6515,6551,36
Truck980929,1338,2683,4140,6552,2412
Truck987784,1339,2225,6280,6552,272
Truck980792,1339,1338,4095,6555,2460
Truck986344,1339,2942,5830,6555,725
Truck987109,2566,2225,6070,6555,485
Truck988558,2943,2942,6520,6556,36
Truck985883,2776,2224,5685,6557,872
Truck986405,2566,2443,5850,6557,707
Truck987479,2683,2225,6185,6557,372
Truck987463,2683,2443,6180,6558,378
Truck987672,1339,2443,6245,6558,313
Truck986392,1339,2566,5845,6559,714
Truck988511,3119,2942,6505,6559,54
Truck988574,2943,2942,6525,6560,35
Truck986277,2566,2443,5810,6561,751
Truck986699,2776,2567,5940,6561,621
Truck987443,2443,2942,6175,6561,386
Truck985081,2224,2683,5435,6562,1127
Truck988662,2567,1339,6555,6562,7
Truck987575,2683,2225,6215,6563,348
Truck987842,2225,2443,6300,6563,263
Truck985481,2224,0,5560,6564,1004
Truck986198,2567,2942,5785,6564,779
Truck986743,2683,2444,5955,6564,609
Truck987030,2567,2444,6045,6564,519
Truck987814,2567,2225,6290,6564,274
Truck987899,2776,2443,6315,6564,249
Truck986152,1339,2942,5770,6565,795
Truck986336,0,2566,5830,6565,735
Truck986939,2776,2683,6015,6565,550
Truck987826,2225,2443,6295,6565,270
Truck987897,2224,2942,6315,6565,250
Truck986237,2942,2567,5795,6566,771
Truck988590,2943,2942,6530,6566,36
Truck987869,2942,2224,6305,6567,262
Truck987932,2777,2942,6325,6567,242
Truck988570,2684,2443,6525,6567,42
Truck988656,0,1339,6555,6567,12
Truck988678,2567,1339,6560,6568,8
Truck980790,2567,1338,4095,6569,2474
Truck981525,2566,1338,4325,6569,2244
Truck985414,2567,2224,5540,6570,1030
Truck986295,2683,2942,5815,6570,755
Truck988606,2943,2942,6535,6570,35
Truck986472,1339,2942,5870,6571,701
Truck986629,2566,2443,5920,6571,651
Truck986923,2776,2942,6010,6571,561
Truck985369,2224,2683,5525,6572,1047
Truck986054,2567,3119,5740,6572,832
Truck986183,2683,2942,5780,6573,793
Truck986751,3119,2776,5955,6573,618
Truck988012,2777,2942,6350,6573,223
Truck988059,2776,2443,6365,6573,208
Truck986891,2776,1339,6000,6574,574
Truck987245,2942,2443,6110,6574,464
Truck987357,2942,2443,6145,6574,429
Truck987849,2224,2942,6300,6574,274
Truck987980,2777,2942,6340,6574,234
Truck980753,1338,2443,4085,6575,2490
Truck987252,2444,0,6115,6575,460
Truck987948,2777,2942,6330,6575,245
Truck988028,2777,2942,6355,6575,220
Truck980449,1338,1339,3990,6576,2586
Truck987543,2683,2684,6205,6576,371
Truck988622,2943,2942,6540,6576,36
Truck986373,2566,2443,5840,6577,737
Truck986437,2566,2443,5860,6577,717
Truck987511,2683,2684,6195,6577,382
Truck987688,1339,2443,6250,6577,327
Truck987901,2942,2777,6315,6577,262
Truck988696,1339,0,6565,6577,12
Truck986159,3119,2683,5770,6578,808
Truck986868,2444,2683,5995,6578,583
Truck987418,2684,2942,6165,6578,413
Truck988480,0,2683,6500,6578,78
Truck987810,2225,2443,6290,6579,289
Truck985584,0,2224,5595,6580,985
Truck986200,1339,3119,5785,6580,795
Truck987035,2776,2683,6045,6580,535
Truck987800,1339,2225,6285,6580,295
Truck987906,2225,2444,6320,6580,260
Truck985929,2224,2776,5700,6581,881
Truck986280,1339,2942,5810,6581,771
Truck986816,0,2776,5980,6581,601
Truck986916,2444,1339,6010,6581,571
Truck987482,2684,2942,6185,6581,396
Truck987964,2777,2942,6335,6581,246
Truck988638,2943,2942,6545,6581,36
Truck987466,2684,0,6180,6582,402
Truck988503,2683,0,6505,6582,77
Truck981270,2567,1338,4245,6583,2338
Truck988011,2776,2443,6350,6583,233
Truck986888,1339,2444,6000,6584,584
Truck988618,2684,2443,6540,6584,44
Truck981877,2566,1338,4435,6585,2150
Truck986384,0,2942,5845,6585,740
Truck987874,2225,0,6310,6585,275
Truck986342,2567,2942,5830,6586,756
Truck986811,2776,3119,5975,6586,611
Truck987938,2225,2444,6330,6587,257
Truck988654,2943,2942,6550,6587,37
Truck986055,2683,2942,5740,6588,848
Truck986661,2566,2443,5930,6588,658
Truck986987,2776,1339,6030,6588,558
Truck987514,2684,2942,6195,6588,393
Truck987817,2224,2942,6290,6588,298
Truck986421,2566,2443,5855,6589,734
Truck986549,2566,2443,5895,6589,694
Truck987028,2444,2443,6045,6589,544
Truck987247,3119,2443,6110,6589,479
Truck987671,2683,2225,6245,6589,344
Truck987970,2225,2567,6340,6589,249
Truck988092,2777,2942,6375,6589,214
Truck988213,2566,2444,6415,6589,174
Truck982162,2225,1338,4525,6590,2065
Truck987012,2444,2443,6040,6590,550
Truck987687,2683,2443,6250,6590,340
Truck988060,2777,2942,6365,6590,225
Truck980801,1338,2443,4100,6591,2491
Truck985624,1339,2224,5605,6591,986
Truck988670,2943,2942,6555,6592,37
Truck985449,2224,2567,5550,6594,1044
Truck988139,2776,2684,6390,6594,204
Truck981041,1338,2443,4175,6596,2421
Truck986952,1339,2776,6020,6596,576
Truck987922,2225,2443,6325,6596,271
Truck987954,2225,2567,6335,6596,261
Truck987996,2777,2942,6345,6596,251
Truck988079,3119,2224,6370,6596,226
Truck986698,2684,2224,5940,6597,657
Truck987931,2776,2443,6325,6597,272
Truck988686,2943,2942,6560,6597,37
Truck987386,2684,2942,6155,6598,443
Truck987279,3119,2443,6120,6599,479
Truck987446,2567,2684,6175,6599,424
Truck986189,2942,2567,5780,6600,820
Truck986389,2566,2443,5845,6600,755
Truck986517,2566,0,5885,6600,715
Truck986582,2567,2566,5905,6600,695
Truck988044,2777,2942,6360,6600,240
Truck986729,2224,2443,5950,6601,651
Truck987060,2444,2443,6055,6601,546
Truck987405,2942,2443,6160,6601,441
Truck988124,2777,2942,6385,6601,216
Truck986261,2566,2683,5805,6602,797
Truck986296,1339,2942,5815,6602,787
Truck987108,2444,2567,6070,6602,532
Truck988702,2943,2942,6565,6602,37
Truck988792,1339,2567,6595,6602,7
Truck987072,0,2444,6060,6604,544
Truck987397,2566,2225,6160,6604,444
Truck987656,1339,2684,6240,6605,365
Truck980631,2683,1338,4045,6606,2561
Truck987270,2567,2444,6120,6606,486
Truck988002,2225,0,6350,6606,256
Truck988599,2683,2567,6535,6606,71
Truck988718,2943,2942,6570,6607,37
Truck981105,1338,1339,4195,6608,2413
Truck981233,1338,1339,4235,6608,2373
Truck981585,1338,2443,4345,6608,2263
Truck987044,2444,2443,6050,6608,558
Truck982181,2566,1338,4530,6609,2079
Truck986650,2684,2224,5925,6609,684
Truck987003,2776,2942,6035,6609,574
Truck987067,2776,0,6055,6609,554
Truck988034,2225,2443,6360,6609,249
Truck988698,2684,2443,6565,6609,44
Truck987204,2444,2443,6100,6610,510
Truck988691,2443,2684,6565,6610,45
Truck988734,2943,2942,6575,6610,35
Truck988100,2444,2225,6380,6611,231
Truck987094,2567,2444,6065,6612,547
Truck987594,2684,2683,6220,6612,392
Truck988025,2224,2942,6355,6612,257
Truck988153,2224,3119,6395,6612,217
Truck988784,0,2567,6595,6613,18
Truck985510,2567,2224,5570,6614,1044
Truck987439,3119,2684,6170,6614,444
Truck987412,2444,2443,6165,6615,450
Truck987698,2225,2683,6255,6615,360
Truck988316,2777,2943,6445,6615,170
Truck988749,2942,2943,6580,6615,35
Truck988750,2943,2942,6580,6615,35
Truck988029,2942,2224,6355,6616,261
Truck988123,2776,2443,6385,6616,231
Truck981094,2567,1338,4190,6617,2427
Truck981313,1338,1339,4260,6617,2357
Truck986191,3119,2567,5780,6617,837
Truck988816,0,1339,6605,6617,12
Truck986469,2566,2443,5870,6618,748
Truck988140,2777,2942,6390,6619,229
Truck988730,2684,2443,6575,6619,44
Truck986415,3119,1339,5850,6620,770
Truck988041,2224,2942,6360,6620,260
Truck988765,2942,2943,6585,6620,35
Truck986455,2683,2942,5865,6621,756
Truck988766,2943,2942,6585,6621,36
Truck986151,2683,3119,5770,6622,852
Truck987302,2567,2444,6130,6622,492
Truck986199,2683,3119,5785,6623,838
Truck986745,2224,2684,5955,6623,668
Truck986938,2684,2224,6015,6623,608
Truck988169,2224,3119,6400,6623,223
Truck981137,1338,2443,4205,6624,2419
Truck981297,1338,2443,4255,6624,2369
Truck986167,2683,3119,5775,6624,849
Truck986454,2567,2942,5865,6624,759
Truck986613,2566,2443,5915,6624,709
Truck986932,2444,2683,6015,6624,609
Truck987019,2776,2942,6040,6624,584
Truck987172,2444,2443,6090,6624,534
Truck988746,2684,2443,6580,6624,44
Truck985561,2224,0,5585,6625,1040
Truck987140,2444,2443,6080,6625,545
Truck988172,2777,2942,6400,6625,225
Truck980497,1338,1339,4005,6626,2621
Truck986584,1339,2942,5905,6626,721
Truck987722,2684,1339,6260,6626,366
Truck987977,2224,2942,6340,6626,286
Truck988018,2225,2443,6355,6626,271
Truck988782,2943,2942,6590,6626,36
Truck985993,2224,2776,5720,6627,907
Truck986598,2567,2566,5910,6627,717
Truck988647,2683,0,6550,6627,77
Truck981185,1338,2443,4220,6628,2408
Truck987450,2684,3119,6175,6628,453
Truck988108,2777,2942,6380,6628,248
Truck986502,2567,2942,5880,6629,749
Truck986568,1339,3119,5900,6629,729
Truck988045,2942,2777,6360,6629,269
Truck982820,2444,1338,4730,6630,1900
Truck986501,2566,2443,5880,6630,750
Truck986665,2224,2684,5930,6630,700
Truck987200,0,2444,6100,6630,530
Truck987232,0,2776,6110,6630,520
Truck981409,1338,2443,4290,6631,2341
Truck986059,2776,2224,5740,6631,891
Truck987051,2776,0,6050,6631,581
Truck988082,2225,2443,6375,6631,256
Truck985705,2224,1339,5630,6632,1002
Truck986325,2566,2683,5825,6632,807
Truck986969,2224,2684,6025,6632,607
Truck987053,2942,2776,6050,6632,582
Truck987131,2776,2942,6075,6632,557
Truck987184,0,2776,6095,6632,537
Truck988009,2224,2942,6350,6632,282
Truck988733,2942,3119,6575,6632,57
Truck981633,1338,2567,4360,6633,2273
Truck987690,2684,2567,6250,6633,383
Truck988050,2225,2567,6365,6633,268
Truck985607,2683,2224,5600,6634,1034
Truck987083,2776,2567,6060,6634,574
Truck988284,2777,2942,6435,6634,199
Truck982817,1338,2444,4730,6635,1905
Truck986453,2566,2567,5865,6635,770
Truck988814,2943,2942,6600,6635,35
Truck981216,0,1338,4230,6636,2406
Truck985657,2224,1339,5615,6636,1021
Truck987156,2444,0,6085,6636,551
Truck987222,2567,2444,6105,6636,531
Truck987362,2225,2566,6150,6636,486
Truck987610,2684,2942,6225,6636,411
Truck988130,2225,2443,6390,6636,246
Truck986169,2224,2776,5775,6637,862
Truck986406,2567,2942,5850,6637,787
Truck987770,2684,2942,6275,6637,362
Truck988066,2225,2444,6370,6637,267
Truck988156,2777,2942,6395,6637,242
Truck988751,3119,2942,6580,6637,57
Truck988880,0,1339,6625,6637,12
Truck986440,1339,2942,5860,6638,778
Truck987224,1339,2444,6105,6638,533
Truck986503,2683,2942,5880,6639,759
Truck987284,2444,2443,6125,6639,514
Truck988188,2777,2942,6405,6639,234
Truck988767,3119,2942,6585,6639,54
Truck987295,3119,2443,6125,6641,516
Truck987348,2444,1339,6145,6641,496
Truck987990,2567,2225,6345,6641,296
Truck986646,2567,2942,5925,6642,717
Truck987107,2443,2444,6070,6642,572
Truck988098,2225,2443,6380,6642,262
Truck988830,2943,2942,6605,6642,37
Truck988904,1339,0,6630,6642,12
Truck980769,1338,2443,4090,6643,2553
Truck987275,2776,0,6120,6643,523
Truck987316,2444,2443,6135,6643,508
Truck988220,2777,2942,6415,6643,228
Truck988399,3119,2224,6470,6643,173
Truck985878,2567,2224,5685,6644,959
Truck986408,1339,3119,5850,6644,794
Truck987914,2684,1339,6320,6644,324
Truck986025,2224,2776,5730,6645,915
Truck988300,2777,2942,6440,6645,205
Truck981089,1338,2443,4190,6646,2456
Truck986328,1339,2942,5825,6646,821
Truck987651,2443,2942,6240,6646,406
Truck987757,2942,2443,6270,6646,376
Truck988195,2443,2776,6410,6646,236
Truck988268,2777,2942,6430,6646,216
Truck988783,3119,2942,6590,6646,56
Truck988846,2943,2942,6610,6646,36
Truck986637,2942,1339,5920,6647,727
Truck986697,2224,2443,5940,6648,708
Truck988252,2777,2942,6425,6648,223
Truck980915,2443,1338,4135,6649,2514
Truck986438,2567,2942,5860,6649,789
Truck988236,2777,2942,6420,6649,229
Truck986223,3119,2567,5790,6650,860
Truck987752,1339,2684,6270,6650,380
Truck988116,2444,2225,6385,6650,265
Truck988862,2943,2942,6615,6650,35
Truck985881,2224,1339,5685,6651,966
Truck986649,2224,2443,5925,6651,726
Truck988083,2443,0,6375,6651,276
Truck988799,3119,2942,6595,6651,56
Truck980961,1338,0,4150,6652,2502
Truck982737,1338,2444,4705,6652,1947
Truck986422,2567,2942,5855,6652,797
Truck987939,2443,2567,6330,6652,322
Truck988243,2443,2225,6425,6652,227
Truck988251,2776,2443,6425,6652,227
Truck988332,2777,2942,6450,6652,202
Truck988950,2567,1339,6645,6652,7
Truck986390,2567,2942,5845,6653,808
Truck986461,2942,2683,5865,6653,788
Truck986805,2566,2443,5975,6653,678
Truck987581,2942,2443,6215,6653,438
Truck988114,2225,2443,6385,6653,268
Truck988842,2684,2443,6610,6654,44
Truck987959,2683,2225,6335,6655,320
Truck988109,2942,2224,6380,6655,275
Truck986520,1339,2942,5885,6656,771
Truck986581,2566,2443,5905,6656,751
Truck987236,2444,2567,6110,6656,546
Truck980881,1338,2443,4125,6657,2532
Truck987846,2567,2684,6300,6657,357
Truck988944,0,1339,6645,6657,12
Truck987124,2444,0,6075,6658,583
Truck987211,2776,1339,6100,6658,558
Truck987380,2444,0,6155,6658,503
Truck987645,2942,2443,6235,6658,423
Truck988155,2776,2443,6395,6658,263
Truck987179,2776,2567,6090,6659,569
Truck987738,2684,2942,6265,6659,394
Truck987863,2683,2225,6305,6659,354
Truck988858,2684,2443,6615,6659,44
Truck988242,2225,2443,6425,6661,236
Truck988894,2943,2942,6625,6661,36
Truck987343,3119,2443,6140,6662,522
Truck986208,0,3119,5790,6663,873
Truck986551,2683,2942,5895,6663,768
Truck986757,2566,2443,5960,6663,703
Truck981127,2683,1338,4200,6664,2464
Truck986790,2567,2566,5970,6664,694
Truck988204,2777,2942,6410,6664,254
Truck988405,2566,2444,6475,6664,189
Truck987095,2683,2444,6065,6665,600
Truck987455,3119,2443,6175,6665,490
Truck988910,2943,2942,6630,6665,35
Truck981217,1338,1339,4230,6666,2436
Truck981009,1338,2683,4165,6667,2502
Truck986608,0,2942,5915,6667,752
Truck989000,1339,2567,6660,6667,7
Truck985639,2683,2224,5610,6668,1058
Truck987635,2443,3119,6235,6668,433
Truck987674,2684,2942,6245,6668,423
Truck987802,2684,2942,6285,6668,383
Truck988395,2776,2684,6470,6668,198
Truck988960,0,2567,6650,6668,18
Truck985782,2567,2224,5655,6669,1014
Truck981457,1338,2443,4305,6670,2365
Truck987227,2776,0,6105,6670,565
Truck987389,2942,2776,6155,6670,515
Truck987808,0,2684,6290,6670,380
Truck986688,0,2942,5940,6671,731
Truck988331,2776,2443,6450,6671,221
Truck988925,2942,2943,6635,6671,36
Truck988926,2943,2942,6635,6671,36
Truck985606,2567,2224,5600,6672,1072
Truck988226,2225,2443,6420,6672,252
Truck986576,0,2942,5905,6673,768
Truck987259,2776,2942,6115,6673,558
Truck987926,2567,2684,6325,6673,348
Truck981318,2567,1338,4260,6674,2414
Truck986583,2683,2942,5905,6674,769
Truck988291,2443,2225,6440,6674,234
Truck981553,1338,2443,4335,6675,2340
Truck988136,1339,2225,6390,6675,285
Truck981281,1338,2683,4250,6676,2426
Truck981377,1338,2443,4280,6676,2396
Truck987195,2776,2942,6095,6676,581
Truck988427,2776,2684,6480,6676,196
Truck988942,2943,2942,6640,6676,36
Truck986304,0,3119,5820,6677,857
Truck986741,2566,2443,5955,6677,722
Truck987735,2683,2684,6265,6677,412
Truck985609,2224,2567,5600,6678,1078
Truck986488,1339,3119,5875,6678,803
Truck986614,2567,3119,5915,6679,764
Truck986760,1339,2942,5960,6679,719
Truck987462,2567,2444,6180,6679,499
Truck988067,2443,2567,6370,6679,309
Truck986709,2566,2443,5945,6680,735
Truck986733,2942,1339,5950,6680,730
Truck987583,3119,2443,6215,6680,465
Truck987984,0,2225,6345,6680,335
Truck988198,2567,2225,6410,6680,270
Truck988412,2777,2942,6475,6680,205
Truck986937,2224,2443,6015,6681,666
Truck986279,2683,3119,5810,6682,872
Truck987220,2444,2683,6105,6682,577
Truck987456,0,2776,6180,6682,502
Truck988099,2443,2567,6380,6682,302
Truck988443,2776,2684,6485,6682,197
Truck988855,2683,1339,6615,6682,67
Truck988958,2943,2942,6645,6682,37
Truck981507,2443,1338,4320,6683,2363
Truck987834,2684,2567,6295,6683,388
Truck987864,1339,2684,6305,6683,378
Truck987965,2942,2684,6335,6683,348
Truck986645,2566,1339,5925,6684,759
Truck988911,3119,2942,6630,6684,54
Truck986315,2776,2224,5820,6685,865
Truck987535,3119,2443,6200,6685,485
Truck988974,2943,2942,6650,6685,35
Truck986773,2566,2443,5965,6686,721
Truck987882,2684,2683,6310,6686,376
Truck988194,2225,0,6410,6686,276
Truck981030,2567,1338,4170,6687,2517
Truck987773,2942,2443,6275,6687,412
Truck988508,2777,2943,6505,6687,182
Truck985559,2683,2224,5585,6688,1103
Truck987238,2567,2776,6110,6688,578
Truck988338,2225,2567,6455,6688,233
Truck981153,1338,1339,4210,6689,2479
Truck986677,2566,2443,5935,6689,754
Truck986736,0,2942,5955,6689,734
Truck987890,2225,2683,6315,6689,374
Truck987891,2443,2683,6315,6689,374
Truck988364,2777,2942,6460,6689,229
Truck981315,2443,1338,4260,6690,2430
Truck985990,2567,2224,5720,6690,970
Truck987699,2443,2942,6255,6690,435
Truck987763,2443,2942,6275,6690,415
Truck988990,2943,2942,6655,6690,35
Truck987355,2776,0,6145,6691,546
Truck987476,2444,2567,6185,6692,507
Truck981688,1339,1338,4375,6693,2318
Truck988461,2942,2777,6490,6693,203
Truck989046,2567,0,6675,6693,18
Truck987300,2444,2443,6130,6695,565
Truck987421,2942,2776,6165,6695,530
Truck988178,2225,0,6405,6695,290
Truck988429,2942,2777,6480,6695,215
Truck988903,2683,1339,6630,6696,66
Truck989006,2943,2942,6660,6696,36
Truck982321,1338,2566,4575,6697,2122
Truck982257,1338,2225,4555,6698,2143
Truck982309,2566,1338,4570,6698,2128
Truck987658,2684,3119,6240,6698,458
Truck988290,2225,2443,6440,6699,259
Truck988543,3119,2224,6515,6699,184
Truck982193,1338,2566,4535,6700,2165
Truck988258,2225,2443,6430,6700,270
Truck986439,2683,2566,5860,6701,841
Truck987167,3119,2776,6085,6701,616
Truck987604,2444,2443,6225,6701,476
Truck987871,3119,2684,6305,6701,396
Truck987879,2683,2684,6310,6701,391
Truck988104,1339,2443,6380,6701,321
Truck988134,2567,2443,6390,6701,311
Truck989022,2943,2942,6665,6701,36
Truck986511,3119,2567,5880,6702,822
Truck988396,2777,2942,6470,6702,232
Truck981201,1338,2443,4225,6704,2479
Truck986704,0,2566,5945,6704,759
Truck988131,2443,2567,6390,6704,314
Truck988278,2567,2225,6435,6704,269
Truck988306,2225,2443,6445,6704,259
Truck988322,2225,2444,6450,6704,254
Truck981473,1338,2443,4310,6705,2395
Truck982948,2444,1338,4770,6705,1935
Truck987562,2684,3119,6210,6706,496
Truck988096,0,2443,6380,6706,326
Truck989038,2943,2942,6670,6706,36
Truck989128,1339,2567,6700,6706,6
Truck981345,1338,2683,4270,6707,2437
Truck987540,2444,2443,6205,6707,502
Truck987791,3119,2684,6280,6707,427
Truck988301,2942,2224,6440,6707,267
Truck981825,1338,1339,4420,6708,2288
Truck986565,2566,0,5900,6708,808
Truck987444,2444,2443,6175,6708,533
Truck987551,3119,2443,6205,6708,503
Truck988526,2943,2777,6510,6708,198
Truck986752,0,2942,5960,6709,749
Truck987339,2776,0,6140,6709,569
Truck988380,2777,2942,6465,6709,244
Truck988492,2777,2942,6500,6709,209
Truck987695,3119,2443,6250,6710,460
Truck988348,2777,2942,6455,6710,255
Truck988428,2777,2942,6480,6710,230
Truck989094,2567,0,6690,6710,20
Truck986445,2942,0,5860,6711,851
Truck989054,2943,2942,6675,6711,36
Truck981265,1338,2443,4245,6712,2467
Truck986797,2942,2683,5970,6712,742
Truck987188,2444,2683,6095,6712,617
Truck988189,2942,2224,6405,6712,307
Truck988388,2444,2225,6470,6712,242
Truck988555,2776,2684,6520,6712,192
Truck986589,2942,2567,5905,6713,808
Truck986789,2566,2567,5970,6713,743
Truck987451,2776,0,6175,6713,538
Truck988026,2684,2942,6355,6713,358
Truck982401,1338,2225,4600,6714,2114
Truck987556,2444,2443,6210,6714,504
Truck988217,2224,2942,6415,6715,300
Truck988634,2684,2776,6545,6715,170
Truck986102,2567,2224,5755,6716,961
Truck986725,2566,2683,5950,6716,766
Truck987859,2443,2942,6305,6716,411
Truck988146,2225,2683,6395,6717,322
Truck989005,2942,3119,6660,6717,57
Truck989070,2943,2942,6680,6717,37
Truck980913,1338,2683,4135,6718,2583
Truck987775,3119,2443,6275,6718,443
Truck987783,2683,2684,6280,6718,438
Truck989050,2684,2443,6675,6718,43
Truck987163,2776,3119,6085,6719,634
Truck988055,2683,2684,6365,6719,354
Truck988150,2567,2443,6395,6719,324
Truck981360,0,1338,4275,6720,2445
Truck986534,2567,3119,5890,6720,830
Truck987307,2776,2942,6130,6720,590
Truck989023,3119,2942,6665,6720,55
Truck989086,2943,2942,6685,6720,35
Truck981671,2683,1338,4370,6722,2352
Truck982369,1338,2566,4590,6722,2132
Truck983636,2444,1338,4985,6722,1737
Truck988202,2684,0,6410,6722,312
Truck988951,2683,0,6645,6722,77
Truck987467,2776,1339,6180,6723,543
Truck987492,2444,2443,6190,6723,533
Truck988402,2225,2567,6475,6723,248
Truck986856,1339,3119,5990,6724,734
Truck987183,3119,2776,6090,6724,634
Truck981350,2567,1338,4270,6725,2455
Truck981745,1338,2443,4395,6725,2330
Truck986587,2776,2224,5905,6725,820
Truck986997,2566,1339,6035,6725,690
Truck987303,2683,2444,6130,6725,595
Truck989102,2943,2942,6690,6725,35
Truck986150,2567,2224,5770,6726,956
Truck988459,2776,2443,6490,6726,236
Truck988983,2683,2567,6655,6726,71
Truck986821,2566,2443,5980,6727,747
Truck986963,2443,2224,6025,6727,702
Truck988274,2225,2444,6435,6727,292
Truck988374,2567,2225,6465,6727,262
Truck988967,2683,0,6650,6727,77
Truck989168,0,1339,6715,6727,12
Truck986464,0,3119,5870,6728,858
Truck988460,2777,2942,6490,6728,238
Truck989152,0,2567,6710,6728,18
Truck987371,2776,0,6150,6729,579
Truck987765,2566,2225,6275,6729,454
Truck988370,2225,2443,6465,6729,264
Truck988409,2224,2942,6475,6729,254
Truck981608,1339,1338,4350,6730,2380
Truck986693,2566,2683,5940,6730,790
Truck988248,1339,2443,6425,6730,305
Truck989118,2943,2942,6695,6730,35
Truck986457,2224,2776,5865,6731,866
Truck987145,2224,2684,6080,6731,651
Truck987360,0,2444,6150,6731,581
Truck987526,2567,2444,6200,6731,531
Truck982097,1338,2566,4505,6732,2227
Truck986726,2567,2942,5950,6732,782
Truck986904,1339,2942,6005,6732,727
Truck987652,2444,2443,6240,6733,493
Truck987805,2942,2443,6285,6733,448
Truck988259,2443,1339,6430,6733,303
Truck988450,2225,2444,6490,6733,243
Truck988147,2443,0,6395,6734,339
Truck987391,3119,2776,6155,6735,580
Truck987448,1339,2776,6175,6735,560
Truck987818,2684,3119,6290,6735,445
Truck987933,2942,2443,6325,6735,410
Truck988540,2777,2942,6515,6735,220
Truck988620,2777,2942,6540,6736,196
Truck981073,1338,2443,4185,6737,2552
Truck985961,2224,0,5710,6737,1027
Truck988087,2683,2443,6375,6737,362
Truck989134,2943,2942,6700,6737,37
Truck987508,2444,1339,6195,6738,543
Truck988358,2567,2225,6460,6738,278
Truck988483,2443,2776,6500,6738,238
Truck987615,3119,2443,6225,6739,514
Truck987928,1339,2684,6325,6739,414
Truck988163,2443,2683,6400,6739,339
Truck989114,2684,2443,6695,6739,44
Truck982581,2566,1338,4655,6740,2085
Truck986791,2683,2566,5970,6740,770
Truck986808,1339,3119,5975,6740,765
Truck987636,2444,2443,6235,6740,505
Truck987638,2567,2444,6235,6740,505
Truck988532,2444,2225,6515,6740,225
Truck988539,2776,2443,6515,6740,225
Truck986599,2683,2566,5910,6741,831
Truck986880,0,2942,6000,6741,741
Truck987061,2566,2443,6055,6741,686
Truck987435,2776,2942,6170,6741,571
Truck987853,2942,2443,6300,6741,441
Truck989240,1339,2567,6735,6741,6
Truck986837,2566,0,5985,6742,757
Truck986901,2566,2443,6005,6742,737
Truck987949,2942,2443,6330,6742,412
Truck989150,2943,2942,6705,6742,37
Truck988424,1339,2225,6480,6743,263
Truck989238,2567,1339,6735,6743,8
Truck986742,2567,2942,5955,6744,789
Truck986917,2566,2443,6010,6744,734
Truck987620,2444,2443,6230,6745,515
Truck982642,2225,1338,4675,6746,2071
Truck987093,2566,2443,6065,6746,681
Truck988434,2225,2444,6485,6746,261
Truck988444,2777,2942,6485,6746,261
Truck989103,3119,2942,6690,6746,56
Truck989166,2943,2942,6710,6746,36
Truck987875,2443,2942,6310,6747,437
Truck988418,2225,2444,6480,6747,267
Truck988572,2777,2942,6525,6747,222
Truck980689,1338,2683,4065,6748,2683
Truck981505,1338,2443,4320,6748,2428
Truck986936,1339,3119,6015,6748,733
Truck987599,3119,2443,6220,6748,528
Truck987885,2942,2443,6310,6748,438
Truck988475,2776,2443,6495,6748,253
Truck989216,0,2567,6730,6748,18
Truck988106,2684,2942,6380,6749,369
Truck986041,2224,2567,5735,6750,1015
Truck988135,2683,2684,6390,6750,360
Truck988166,2567,2684,6400,6750,350
Truck989119,3119,2942,6695,6750,55
Truck989182,2943,2942,6715,6750,35
Truck986981,2566,2443,6030,6751,721
Truck987005,2942,0,6035,6751,716
Truck987075,2443,2224,6060,6751,691
Truck987510,2567,2776,6195,6751,556
Truck987528,1339,2444,6200,6751,551
Truck988740,2444,2566,6580,6751,171
Truck986573,2942,0,5900,6752,852
Truck986864,0,2942,5995,6752,757
Truck988524,2777,2942,6510,6752,242
Truck989248,0,1339,6740,6752,12
Truck989272,1339,2567,6745,6752,7
Truck986968,1339,2942,6025,6753,728
Truck987177,2224,2443,6090,6753,663
Truck988077,2942,2443,6370,6753,383
Truck989270,2567,1339,6745,6753,8
Truck989162,2684,2443,6710,6754,44
Truck988476,2777,2942,6495,6755,260
Truck988521,2224,2942,6510,6755,245
Truck988684,2777,2942,6560,6755,195
Truck989197,2942,2943,6720,6755,35
Truck986966,2567,2942,6025,6756,731
Truck988339,2443,2567,6455,6756,301
Truck988435,2443,2225,6485,6756,271
Truck989096,1339,2683,6690,6756,66
Truck989198,2943,2942,6720,6756,36
Truck987460,2444,2683,6180,6757,577
Truck988061,2942,2443,6365,6757,392
Truck988157,2942,2684,6395,6757,362
Truck985846,2567,2224,5675,6758,1083
Truck986559,3119,2683,5895,6758,863
Truck989079,2683,2567,6685,6758,73
Truck987157,2566,0,6085,6759,674
Truck987321,2224,2443,6135,6759,624
Truck988173,2942,2443,6400,6759,359
Truck987001,2224,2443,6035,6760,725
Truck988093,2942,2684,6375,6760,385
Truck988505,2224,2942,6505,6760,255
Truck989214,2943,2942,6725,6760,35
Truck982241,1338,2225,4550,6761,2211
Truck986800,0,2942,5975,6761,786
Truck987033,2224,2443,6045,6761,716
Truck987043,2443,2224,6050,6761,711
Truck988604,2777,2942,6535,6762,227
Truck988683,2776,2443,6560,6763,203
Truck986829,2942,1339,5980,6765,785
Truck987440,0,2776,6175,6765,590
Truck988482,2225,2443,6500,6765,265
Truck989230,2943,2942,6730,6765,35
Truck988307,2443,1339,6445,6766,321
Truck988629,2566,2444,6545,6766,221
Truck988747,2776,2443,6580,6766,186
Truck986567,2683,3119,5900,6767,867
Truck987520,0,2776,6200,6767,567
Truck988216,1339,2684,6415,6767,352
Truck988652,2777,2942,6550,6767,217
Truck988588,2777,2942,6530,6768,238
Truck989318,2567,1339,6760,6768,8
Truck986949,2566,2443,6020,6769,749
Truck987080,1339,2942,6060,6769,709
Truck988562,2225,2443,6525,6769,244
Truck981079,2683,1338,4185,6770,2585
Truck988614,2567,2225,6540,6770,230
Truck985913,2224,1339,5695,6771,1076
Truck988716,2777,2942,6570,6771,201
Truck989210,2684,2443,6725,6771,46
Truck989246,2943,2942,6735,6771,36
Truck986853,2566,2683,5990,6772,782
Truck988610,2225,2443,6540,6772,232
Truck988668,2777,2942,6555,6772,217
Truck988756,2444,2566,6585,6772,187
Truck989312,0,1339,6760,6772,12
Truck987524,2444,2683,6200,6773,573
Truck988296,1339,2443,6440,6774,334
Truck989219,2443,2684,6730,6774,44
Truck986871,2683,2942,5995,6775,780
Truck987125,2566,2567,6075,6775,700
Truck987572,2444,0,6215,6775,560
Truck987812,2444,2443,6290,6775,485
Truck986504,1339,3119,5880,6776,896
Truck986870,2567,2942,5995,6776,781
Truck987971,2443,2942,6340,6776,436
Truck988514,2225,2443,6510,6776,266
Truck988667,2776,2443,6555,6776,221
Truck989160,1339,2683,6710,6776,66
Truck987796,2444,2443,6285,6777,492
Truck988603,2776,2443,6535,6777,242
Truck981857,1338,0,4430,6778,2348
Truck986984,1339,3119,6030,6779,749
Truck987387,2776,2942,6155,6779,624
Truck989213,2942,3119,6725,6779,54
Truck989242,2684,2443,6735,6779,44
Truck987237,2566,2567,6110,6780,670
Truck987576,1339,2776,6215,6780,565
Truck988141,2942,2684,6390,6780,390
Truck988627,2443,2776,6545,6780,235
Truck988700,2777,2942,6565,6780,215
Truck989278,2943,2942,6745,6780,35
Truck987616,0,2776,6230,6781,551
Truck989175,2683,1339,6715,6781,66
Truck987892,2444,2443,6315,6783,468
Truck989258,2684,2443,6740,6783,43
Truck987205,2566,2443,6100,6785,685
Truck987494,2567,2776,6190,6785,595
Truck987565,2942,2776,6210,6785,575
Truck987643,2776,2683,6235,6785,550
Truck988676,2444,2225,6560,6786,226
Truck989294,2943,2942,6750,6786,36
Truck981569,1338,1339,4340,6787,2447
Truck986831,3119,0,5980,6787,807
Truck987251,2443,2566,6115,6787,672
Truck987579,2776,2942,6215,6787,572
Truck988090,2684,2942,6375,6787,412
Truck988419,2443,2567,6480,6787,307
Truck988636,2777,2942,6545,6787,242
Truck989159,2683,0,6710,6787,77
Truck987305,2224,2684,6130,6788,658
Truck987716,2444,2443,6260,6788,528
Truck987887,3119,2443,6310,6788,478
Truck988556,2777,2942,6520,6788,268
Truck989274,2684,2443,6745,6788,43
Truck989344,0,2567,6770,6788,18
Truck986680,1339,3119,5935,6789,854
Truck987283,2443,2224,6125,6789,664
Truck987691,2776,2942,6250,6789,539
Truck987189,2566,2443,6095,6790,695
Truck988642,2225,2567,6550,6790,240
Truck989310,2943,2942,6755,6790,35
Truck988250,2684,2683,6425,6791,366
Truck988798,2943,2777,6595,6791,196
Truck987029,2566,1339,6045,6792,747
Truck987744,0,2776,6270,6792,522
Truck981681,1338,2443,4375,6793,2418
Truck986521,2224,2776,5885,6793,908
Truck987155,2443,2224,6085,6793,708
Truck987364,2444,2683,6150,6794,644
Truck987542,2567,2776,6205,6794,589
Truck988355,2443,1339,6460,6794,334
Truck988502,2567,2225,6505,6794,289
Truck988827,2776,2684,6605,6794,189
Truck989325,2942,2943,6760,6794,34
Truck986775,2683,2942,5965,6795,830
Truck989326,2943,2942,6760,6795,35
Truck987359,3119,2776,6145,6796,651
Truck988780,2777,2942,6590,6797,207
Truck981425,1338,2683,4295,6798,2503
Truck986989,2942,2567,6030,6798,768
Truck988546,2225,2443,6520,6798,278
Truck986965,2566,2443,6025,6799,774
Truck987702,2567,2444,6255,6799,544
Truck987819,2776,2942,6290,6799,509
Truck988878,2943,2777,6620,6799,179
Truck989191,2683,0,6720,6799,79
Truck987285,2566,0,6125,6800,675
Truck988191,3119,2684,6405,6800,395
Truck988386,2225,2683,6470,6800,330
Truck988387,2443,0,6470,6800,330
Truck986089,2224,1339,5750,6801,1051
Truck986941,2942,2567,6015,6801,786
Truck987940,2444,2567,6330,6801,471
Truck988004,2444,2443,6350,6801,451
Truck988674,2225,2443,6560,6801,241
Truck989342,2943,2942,6765,6801,36
Truck981665,1338,2443,4370,6802,2432
Truck988384,0,2443,6470,6802,332
Truck987048,1339,2566,6050,6803,753
Truck988266,2684,2567,6430,6803,373
Truck989430,2567,1339,6795,6803,8
Truck982818,2225,1338,4730,6804,2074
Truck987607,2683,2776,6225,6804,579
Truck981921,1338,2567,4450,6805,2355
Truck983169,1338,2444,4840,6805,1965
Truck986761,2224,2776,5960,6805,845
Truck987045,2566,1339,6050,6805,755
Truck988828,2777,2942,6605,6805,200
Truck988354,2225,2683,6460,6806,346
Truck988498,2225,2443,6505,6806,301
Truck988732,2777,2942,6575,6806,231
Truck989358,2943,2942,6770,6806,36
Truck983265,1338,2444,4870,6807,1937
Truck986911,3119,1339,6005,6807,802
Truck988741,2566,2444,6580,6807,227
Truck981784,1339,1338,4405,6808,2403
Truck988466,2225,1339,6495,6808,313
Truck988713,2224,3119,6570,6808,238
Truck989338,2684,2443,6765,6808,43
Truck986839,2683,2566,5985,6809,824
Truck989408,0,2567,6790,6809,19
Truck986571,2776,2224,5900,6811,911
Truck987065,2224,2443,6055,6811,756
Truck988626,2225,2443,6545,6811,266
Truck989374,2943,2942,6775,6811,36
Truck981361,1338,2443,4275,6812,2537
Truck981697,1338,2443,4380,6812,2432
Truck988970,2684,2776,6650,6812,162
Truck981638,2567,1338,4360,6813,2453
Truck982980,2444,1338,4780,6813,2033
Truck988115,2443,2942,6385,6813,428
Truck988314,2684,2942,6445,6813,368
Truck988796,2777,2942,6595,6813,218
Truck987289,2224,2443,6125,6814,689
Truck987588,2444,2443,6220,6814,594
Truck988125,2942,2443,6385,6814,429
Truck988706,2225,2443,6570,6814,244
Truck988764,2777,2942,6585,6814,229
Truck989390,2943,2942,6780,6815,35
Truck988633,2224,2942,6545,6816,271
Truck988669,2942,2224,6555,6816,261
Truck988781,2942,2777,6590,6816,226
Truck987015,2683,3119,6040,6817,777
Truck987056,0,2942,6055,6817,762
Truck987401,2224,2443,6160,6817,657
Truck988320,0,2684,6450,6817,367
Truck988391,2683,2225,6470,6817,347
Truck988729,2224,2942,6575,6817,242
Truck987563,2776,2567,6210,6818,608
Truck988237,2942,2443,6420,6818,398
Truck987269,2566,2443,6120,6819,699
Truck987732,2444,2443,6265,6819,554
Truck987876,2444,2443,6310,6819,509
Truck988793,2224,3119,6595,6819,224
Truck987037,2942,0,6045,6820,775
Truck987317,2566,2443,6135,6820,685
Truck988550,2567,2225,6520,6820,300
Truck988672,0,2225,6560,6820,260
Truck988844,2777,2942,6610,6820,210
Truck989406,2943,2942,6785,6820,35
Truck987828,2444,2443,6295,6821,526
Truck988051,2443,2942,6365,6821,456
Truck988403,2443,2567,6475,6821,346
Truck989341,2942,3119,6765,6821,56
Truck982033,1338,2443,4485,6822,2337
Truck986232,1339,2224,5795,6822,1027
Truck987632,0,2776,6235,6822,587
Truck987919,3119,2443,6320,6822,502
Truck988722,2225,2443,6575,6822,247
Truck987024,0,3119,6045,6823,778
Truck989357,2942,3119,6770,6824,54
Truck982884,2444,1338,4750,6825,2075
Truck987429,2566,2443,6170,6825,655
Truck987659,2776,2683,6240,6825,585
Truck988748,2777,2942,6580,6825,245
Truck988917,2566,2444,6635,6825,190
Truck987338,2684,2224,6140,6826,686
Truck988378,2684,2942,6465,6827,362
Truck988648,1339,2225,6550,6827,277
Truck988704,0,2225,6570,6827,257
Truck989395,2443,2684,6785,6827,42
Truck989422,2943,2942,6790,6827,37
Truck986902,2567,3119,6005,6828,823
Truck986992,0,2942,6035,6828,793
Truck987986,2225,2566,6345,6828,483
Truck988834,2225,2443,6610,6828,218
Truck987309,2942,1339,6130,6829,699
Truck987684,2444,0,6250,6829,579
Truck988035,2443,3119,6360,6829,469
Truck988159,3119,2443,6395,6829,434
Truck988416,0,2684,6480,6829,349
Truck988690,2225,2443,6565,6829,264
Truck989402,2684,2443,6785,6829,44
Truck989472,0,2567,6810,6829,19
Truck987136,0,2942,6080,6830,750
Truck987206,2567,2566,6100,6830,730
Truck988578,2225,2443,6530,6830,300
Truck988658,2225,2567,6555,6830,275
Truck988892,2777,2942,6625,6830,205
Truck989375,3119,2942,6775,6830,55
Truck981576,1339,1338,4340,6831,2491
Truck987117,2942,2567,6070,6831,761
Truck987241,2224,2443,6110,6831,721
Truck987539,2443,2224,6205,6831,626
Truck989438,2943,2942,6795,6831,36
Truck981889,1338,0,4440,6832,2392
Truck987221,2566,2443,6105,6833,728
Truck988410,2684,1339,6475,6833,358
Truck987333,2566,0,6140,6834,694
Truck987855,3119,2443,6300,6834,534
Truck988298,2684,0,6440,6834,394
Truck988624,0,2225,6545,6834,289
Truck988812,2777,2942,6600,6834,234
Truck987337,2224,2443,6140,6835,695
Truck987860,2444,2443,6305,6835,530
Truck981592,1339,1338,4345,6836,2491
Truck987181,2942,1339,6090,6836,746
Truck988576,0,2443,6530,6836,306
Truck989352,1339,2683,6770,6836,66
Truck989454,2943,2942,6800,6836,36
Truck989544,1339,2567,6830,6836,6
Truck986215,2683,2224,5790,6837,1047
Truck987078,2567,2942,6060,6837,777
Truck988362,2684,1339,6460,6837,377
Truck988875,2776,2684,6620,6837,217
Truck989434,2684,2443,6795,6838,43
Truck986185,2224,2567,5780,6839,1059
Truck988003,2443,3119,6350,6839,489
Truck987291,2776,3119,6125,6840,715
Truck988346,2684,2942,6455,6840,385
Truck988371,2443,2683,6465,6840,375
Truck989035,2776,2684,6670,6840,170
Truck989470,2943,2942,6805,6840,35
Truck987129,2224,2443,6075,6841,766
Truck987924,2444,2443,6325,6841,516
Truck988876,2777,2942,6620,6841,221
Truck989367,2683,1339,6775,6841,66
Truck988873,2224,3119,6620,6842,222
Truck989450,2684,2443,6800,6842,42
Truck989536,0,1339,6830,6842,12
Truck987723,2776,2567,6260,6843,583
Truck987872,0,2444,6310,6843,533
Truck988811,2776,2443,6600,6843,243
Truck988825,2224,3119,6605,6843,238
Truck987734,2567,2776,6265,6844,579
Truck988954,2684,2776,6645,6844,199
Truck987301,2566,0,6130,6845,715
Truck988996,2444,2566,6660,6845,185
Truck987173,2566,2443,6090,6846,756
Truck987748,2444,2443,6270,6846,576
Truck988375,2683,2225,6465,6846,381
Truck989486,2943,2942,6810,6846,36
Truck988440,1339,2684,6485,6848,363
Truck981969,1338,2443,4465,6849,2384
Truck981809,1338,2443,4415,6850,2435
Truck986009,2224,2683,5725,6850,1125
Truck987766,2567,2444,6275,6850,575
Truck988317,2942,2443,6445,6850,405
Truck988738,2225,2443,6580,6850,270
Truck989439,3119,2942,6795,6850,55
Truck989542,2567,0,6830,6850,20
Truck987491,2443,2224,6190,6851,661
Truck988205,2942,2443,6410,6851,441
Truck988487,2683,2225,6500,6851,351
Truck988860,2777,2942,6615,6851,236
Truck989502,2943,2942,6815,6851,36
Truck987288,1339,2942,6125,6853,728
Truck987707,2776,2942,6255,6853,598
Truck988802,2225,2443,6600,6853,253
Truck987046,2567,2942,6050,6854,804
Truck987062,2567,2566,6055,6854,799
Truck987780,2444,2567,6280,6854,574
Truck988162,2225,2566,6400,6854,454
Truck988818,2225,2443,6605,6854,249
Truck987385,2224,2443,6155,6855,700
Truck988530,2225,2683,6515,6855,340
Truck988940,2777,2942,6640,6855,215
Truck989019,2776,2443,6665,6855,190
Truck989482,2684,2443,6810,6855,45
Truck987069,2942,0,6055,6856,801
Truck987141,2566,2443,6080,6856,776
Truck987325,2942,0,6135,6856,721
Truck987561,2224,2684,6210,6856,646
Truck987381,2566,1339,6155,6857,702
Truck987979,2776,0,6340,6858,518
Truck981367,2683,1338,4275,6859,2584
Truck987271,2683,2942,6120,6859,739
Truck988047,3119,2443,6360,6859,499
Truck987253,2566,2443,6115,6860,745
Truck988866,2225,2443,6620,6860,240
Truck986137,2224,2683,5765,6861,1096
Truck987277,2942,0,6120,6861,741
Truck989051,2776,2684,6675,6861,186
Truck989534,2943,2942,6825,6861,36
Truck987304,1339,2942,6130,6862,732
Truck989624,1339,2567,6855,6862,7
Truck987427,2443,2566,6170,6863,693
Truck987956,2444,2443,6335,6863,528
Truck988829,2942,2224,6605,6863,258
Truck988908,2777,2942,6630,6863,233
Truck981489,1338,1339,4315,6864,2549
Truck981761,1338,2443,4400,6865,2465
Truck989550,2943,2942,6830,6865,35
Truck988269,2942,2443,6430,6866,436
Truck988877,2942,2777,6620,6866,246
Truck986951,2683,2942,6020,6867,847
Truck981617,1338,2443,4355,6868,2513
Truck986934,2567,3119,6015,6868,853
Truck987063,2683,2566,6055,6868,813
Truck988972,2777,2942,6650,6868,218
Truck987647,3119,2776,6235,6869,634
Truck989036,2777,2942,6670,6869,199
Truck989530,2684,2443,6825,6870,45
Truck988754,2225,2443,6585,6871,286
Truck989566,2943,2942,6835,6872,37
Truck987334,2567,2942,6140,6873,733
Truck988850,2225,0,6615,6873,258
Truck988969,2224,3119,6650,6873,223
Truck981521,1338,0,4325,6874,2549
Truck983268,2444,1338,4870,6874,2004
Truck989546,2684,2443,6830,6874,44
Truck986975,3119,2683,6025,6875,850
Truck987353,2224,2443,6145,6875,730
Truck987369,2224,2443,6150,6875,725
Truck989582,2943,2942,6840,6875,35
Truck987126,2567,3119,6075,6876,801
Truck987739,2776,2683,6265,6876,611
Truck989068,2777,2942,6680,6876,196
Truck988007,2683,2776,6350,6877,527
Truck988924,2777,2942,6635,6877,242
Truck989519,3119,2942,6820,6878,58
Truck981777,1338,2443,4405,6879,2474
Truck987365,2566,2443,6150,6879,729
Truck989562,2684,2443,6835,6879,44
Truck988506,2684,2567,6505,6880,375
Truck989194,2684,2776,6720,6880,160
Truck987894,2567,2776,6315,6881,566
Truck989598,2943,2942,6845,6881,36
Truck986505,2224,2567,5880,6882,1002
Truck987219,2443,2566,6105,6882,777
Truck987963,2776,1339,6335,6882,547
Truck988086,2567,2444,6375,6882,507
Truck988770,2225,2443,6590,6882,292
Truck987974,2567,2776,6340,6883,543
Truck988646,2567,2443,6550,6883,333
Truck988727,2683,2225,6575,6883,308
Truck988971,2776,2443,6650,6883,233
Truck983681,1338,2444,5000,6885,1885
Truck987373,2942,1339,6150,6886,736
Truck987883,2776,2683,6310,6886,576
Truck988245,2566,2225,6425,6886,461
Truck988365,2942,2443,6460,6886,426
Truck988538,2684,1339,6515,6886,371
Truck988806,2567,2443,6600,6886,286
Truck989614,2943,2942,6850,6886,36
Truck983281,1338,2444,4875,6887,2012
Truck987972,2444,2443,6340,6887,547
Truck987207,2683,2942,6100,6888,788
Truck988923,2776,2443,6635,6888,253
Truck987557,2566,1339,6210,6889,679
Truck987821,2942,2776,6290,6889,599
Truck981447,2683,1338,4300,6890,2590
Truck982017,1338,1339,4480,6890,2410
Truck988956,2777,2942,6645,6890,245
Truck988980,2444,2225,6655,6890,235
Truck983138,2225,1338,4830,6891,2061
Truck986441,2224,1339,5860,6891,1031
Truck989527,2683,1339,6825,6891,66
Truck989630,2943,2942,6855,6891,36
Truck989696,0,1339,6880,6892,12
Truck986400,0,2224,5850,6893,1043
Truck987341,2942,2683,6140,6893,753
Truck987910,2567,2776,6320,6893,573
Truck988038,2567,2776,6360,6893,533
Truck988987,2776,2443,6655,6893,238
Truck989603,2443,2684,6850,6893,43
Truck987657,2224,2443,6240,6894,654
Truck987803,2776,2683,6285,6894,609
Truck988333,2942,2443,6450,6894,444
Truck988994,2225,2443,6660,6896,236
Truck987379,2443,2566,6155,6897,742
Truck988285,2942,2443,6435,6897,462
Truck988907,2776,2443,6630,6897,267
Truck989646,2943,2942,6860,6897,37
Truck987413,2566,2443,6165,6898,733
Truck987525,2566,2443,6200,6898,698
Truck989020,2777,2942,6665,6898,233
Truck989098,2684,2776,6690,6898,208
Truck987239,2683,2942,6110,6899,789
Truck987493,2566,0,6190,6899,709
Truck987831,2683,2444,6295,6899,604
Truck987263,3119,1339,6115,6900,785
Truck989662,2943,2942,6865,6900,35
Truck988712,1339,2684,6570,6901,331
Truck981793,1338,2443,4410,6902,2492
Truck987675,2776,2942,6245,6902,657
Truck987731,2443,2566,6265,6902,637
Truck988787,2443,1339,6595,6902,307
Truck981937,1338,2443,4455,6903,2448
Truck987449,2224,2443,6175,6903,728
Truck987988,2444,1339,6345,6903,558
Truck988196,2444,2443,6410,6903,493
Truck988458,2684,2942,6490,6903,413
Truck987992,1339,2776,6345,6904,559
Truck988319,3119,2443,6445,6904,459
Truck982177,1338,2443,4530,6905,2375
Truck983761,1338,2444,5025,6905,1880
Truck987837,2942,2776,6295,6905,610
Truck988471,2683,2684,6495,6905,410
Truck987995,2776,2942,6345,6907,562
Truck988036,2444,2443,6360,6907,547
Truck988882,2225,2443,6625,6907,282
Truck989678,2943,2942,6870,6907,37
Truck987661,2942,2567,6240,6908,668
Truck987815,2683,2444,6290,6908,618
Truck988851,2443,1339,6615,6908,293
Truck987481,2224,2443,6185,6909,724
Truck988020,2444,2443,6355,6909,554
Truck988075,2776,2683,6370,6909,539
Truck988790,2567,2443,6595,6909,314
Truck989131,2776,2443,6700,6909,209
Truck986313,2224,2683,5820,6910,1090
Truck988148,2444,2443,6395,6910,515
Truck988915,2443,2225,6635,6910,275
Truck989100,2777,2942,6690,6910,220
Truck989631,3119,2942,6855,6910,55
Truck982049,1338,1339,4490,6911,2421
Truck987191,2683,2566,6095,6911,816
Truck988292,2444,2443,6440,6911,471
Truck988522,2684,2942,6510,6911,401
Truck981603,2443,1338,4350,6912,2562
Truck981985,1338,2443,4470,6912,2442
Truck987384,1339,2942,6155,6912,757
Truck987669,2566,2443,6245,6912,667
Truck989694,2943,2942,6875,6912,37
Truck989760,0,1339,6900,6912,12
Truck989784,1339,2567,6905,6912,7
Truck987280,0,2942,6125,6913,788
Truck987560,1339,2942,6210,6913,703
Truck988016,0,2776,6355,6913,558
Truck988723,2443,0,6575,6913,338
Truck988819,2443,2683,6605,6913,308
Truck988957,2942,2224,6645,6913,268
Truck989132,2777,2942,6700,6913,213
Truck981953,1338,2443,4460,6914,2454
Truck988803,2443,1339,6600,6914,314
Truck988988,2777,2942,6655,6914,259
Truck981896,1339,1338,4440,6915,2475
Truck983825,1338,2444,5045,6915,1870
Truck988856,1339,2225,6615,6915,300
Truck987915,2776,2942,6320,6916,596
Truck989710,2943,2942,6880,6916,36
Truck988663,2683,2443,6555,6917,362
Truck989776,0,1339,6905,6917,12
Truck987382,2567,3119,6155,6918,763
Truck987589,2566,2443,6220,6918,698
Truck988621,2942,2443,6540,6918,378
Truck988786,2225,0,6595,6918,323
Truck988962,2225,2444,6650,6918,268
Truck989179,2776,2684,6715,6918,203
Truck989647,3119,2942,6860,6918,58
Truck989690,2684,2443,6875,6919,44
Truck982081,1338,2443,4500,6920,2420
Truck982145,1338,1339,4520,6920,2400
Truck987017,2224,2776,6040,6920,880
Truck987437,2942,1339,6170,6920,750
Truck987908,2444,2683,6320,6920,600
Truck988132,2444,2443,6390,6920,530
Truck988937,2224,2942,6640,6920,280
Truck989725,2942,2943,6885,6920,35
Truck989726,2943,2942,6885,6920,35
Truck987215,3119,1339,6100,6921,821
Truck987223,2683,2942,6105,6921,816
Truck988666,2684,2567,6555,6921,366
Truck989178,2684,2776,6715,6921,206
Truck988707,2443,2567,6570,6922,352
Truck989004,2777,2942,6660,6922,262
Truck989237,2566,2444,6735,6922,187
Truck982144,0,1338,4520,6923,2403
Truck988490,2684,2683,6500,6923,423
Truck989101,2942,2777,6690,6923,233
Truck989262,2943,2777,6740,6923,183
Truck982385,1338,1339,4595,6925,2330
Truck987797,2566,2443,6285,6925,640
Truck989706,2684,2443,6880,6925,45
Truck989742,2943,2942,6890,6925,35
Truck988586,2684,2942,6530,6926,396
Truck987701,2566,2443,6255,6927,672
Truck988340,2444,2443,6455,6927,472
Truck989164,2777,2942,6710,6927,217
Truck989247,3119,2224,6735,6927,192
Truck982981,2566,1338,4780,6928,2148
Truck987367,2683,2942,6150,6928,778
Truck988128,0,2444,6390,6928,538
Truck988228,2444,2443,6420,6928,508
Truck988554,2684,2942,6520,6928,408
Truck989052,2777,2942,6675,6928,253
Truck989084,2777,2942,6685,6928,243
Truck986592,0,2224,5910,6930,1020
Truck987927,2683,2444,6325,6930,605
Truck987835,2776,2942,6295,6931,636
Truck988052,2444,2683,6365,6931,566
Truck988682,2684,1339,6560,6931,371
Truck989758,2943,2942,6895,6931,36
Truck987517,2942,0,6195,6932,737
Truck988341,2566,2225,6455,6932,477
Truck989017,2224,2942,6665,6932,267
Truck989091,2443,2776,6690,6932,242
Truck982001,1338,2443,4475,6933,2458
Truck989058,2225,2443,6680,6933,253
Truck989738,2684,2443,6890,6933,43
Truck982312,1339,1338,4570,6934,2364
Truck988084,2444,0,6375,6934,559
Truck986585,2224,2567,5905,6935,1030
Truck987991,2683,2776,6345,6935,590
Truck988978,2225,2443,6655,6935,280
Truck989774,2943,2942,6900,6935,35
Truck988867,2443,0,6620,6936,316
Truck989144,1339,2225,6705,6936,231
Truck989840,0,1339,6925,6937,12
Truck986662,2567,2224,5930,6938,1008
Truck983380,2444,1338,4905,6939,2034
Truck987349,2566,2683,6145,6939,794
Truck988207,3119,2443,6410,6939,529
Truck988615,2683,2684,6540,6939,399
Truck988976,0,2225,6655,6939,284
Truck982152,1339,1338,4520,6940,2420
Truck988271,3119,2443,6430,6940,510
Truck989339,2776,2684,6765,6940,175
Truck989790,2943,2942,6905,6940,35
Truck983301,2566,1338,4880,6941,2061
Truck989243,2776,2684,6735,6942,207
Truck987127,2683,3119,6075,6943,868
Truck988477,2942,2443,6495,6943,448
Truck982209,1338,2567,4540,6944,2404
Truck987375,3119,0,6150,6944,794
Truck988864,0,2443,6620,6944,324
Truck987327,3119,1339,6135,6945,810
Truck987445,2566,2443,6175,6945,770
Truck987461,2566,2443,6180,6945,765
Truck988102,2567,2444,6380,6945,565
Truck988778,2684,1339,6590,6945,355
Truck989106,2225,2443,6695,6945,250
Truck982417,1338,0,4605,6946,2341
Truck986470,2567,2224,5870,6946,1076
Truck989148,2777,2942,6705,6946,241
Truck989806,2943,2942,6910,6946,36
Truck988602,2684,2942,6535,6947,412
Truck988768,0,2684,6590,6947,357
Truck988835,2443,1339,6610,6947,337
Truck989010,2225,0,6665,6947,282
Truck989686,2567,2683,6875,6947,72
Truck989743,3119,2942,6890,6947,57
Truck984177,1338,2444,5155,6948,1793
Truck988200,1339,2776,6410,6948,538
Truck989186,2225,2443,6720,6948,228
Truck989227,2776,2443,6730,6948,218
Truck987639,2683,2942,6235,6950,715
Truck988807,2683,2225,6600,6950,350
Truck989074,2225,2443,6685,6950,265
Truck989163,2776,2443,6710,6950,240
Truck987447,2683,2942,6175,6951,776
Truck988212,2444,2443,6415,6951,536
Truck988573,2942,2443,6525,6951,426
Truck989180,2777,2942,6715,6951,236
Truck989276,2777,2942,6745,6951,206
Truck989822,2943,2942,6915,6951,36
Truck987605,2566,2443,6225,6952,727
Truck989702,2567,2683,6880,6952,72
Truck988027,2776,0,6355,6953,598
Truck988164,2444,2443,6400,6953,553
Truck988930,2225,2683,6640,6953,313
Truck989212,2777,2942,6725,6953,228
Truck983253,2566,1338,4865,6954,2089
Truck986601,2224,1339,5910,6954,1044
Truck987453,2942,0,6175,6954,779
Truck988447,3119,2443,6485,6954,469
Truck987536,0,2942,6205,6955,750
Truck987637,2566,2443,6235,6955,720
Truck988720,0,2684,6575,6955,380
Truck988899,2443,0,6630,6955,325
Truck989260,2777,2942,6740,6955,215
Truck989735,2683,1339,6890,6955,65
Truck987328,0,3119,6140,6956,816
Truck987624,1339,2942,6230,6956,726
Truck988367,3119,2443,6460,6956,496
Truck988591,3119,2684,6530,6956,426
Truck989838,2943,2942,6920,6956,36
Truck987753,2224,2443,6270,6957,687
Truck989170,2225,2444,6715,6957,242
Truck989285,2566,2444,6750,6957,207
Truck989904,0,1339,6945,6957,12
Truck987527,2683,2942,6200,6958,758
Truck988324,2444,2443,6450,6958,508
Truck988650,2684,0,6550,6958,408
Truck988743,2683,2443,6580,6958,378
Truck989026,2225,1339,6670,6958,288
Truck982131,2443,1338,4515,6959,2444
Truck987416,1339,2942,6165,6959,794
Truck988594,2225,2566,6535,6959,424
Truck988946,2225,2443,6645,6959,314
Truck989196,2777,2942,6720,6959,239
Truck987903,3119,2776,6315,6960,645
Truck988979,2443,1339,6655,6960,305
Truck989292,2777,2942,6750,6960,210
Truck989854,2943,2942,6925,6960,35
Truck982657,1338,2443,4680,6961,2281
Truck986633,2224,2683,5920,6961,1041
Truck988952,1339,2225,6645,6961,316
Truck989192,1339,2225,6720,6961,241
Truck989791,3119,2942,6905,6961,56
Truck987683,2443,2224,6250,6962,712
Truck988823,2683,2684,6605,6962,357
Truck989308,2777,2942,6755,6962,207
Truck987568,0,2942,6215,6963,748
Truck988824,1339,2684,6605,6963,358
Truck989065,2224,2942,6680,6963,283
Truck989269,2566,2444,6745,6963,218
Truck982673,1338,2443,4685,6964,2279
Truck987685,2566,2443,6250,6964,714
Truck988180,2444,1339,6405,6965,560
Truck989870,2943,2942,6930,6965,35
Truck988775,2683,2225,6590,6966,376
Truck988826,2684,1339,6605,6966,361
Truck988935,2683,2225,6640,6966,326
Truck982738,2225,1338,4705,6967,2262
Truck987621,2566,1339,6230,6967,737
Truck989116,2777,2942,6695,6967,272
Truck989228,2777,2942,6730,6967,237
Truck989244,2777,2942,6735,6967,232
Truck989324,2777,2943,6760,6967,207
Truck987311,3119,0,6130,6968,838
Truck988637,2942,2443,6545,6968,423
Truck988701,2942,2443,6565,6968,403
Truck989926,2567,0,6950,6968,18
Truck982392,1339,1338,4595,6969,2374
Truck989850,2684,2443,6925,6969,44
Truck982113,1338,2443,4510,6970,2460
Truck986777,2224,2567,5965,6970,1005
Truck987811,2443,2224,6290,6970,680
Truck988107,2776,2942,6380,6970,590
Truck988685,2942,2443,6560,6970,410
Truck988888,1339,2443,6625,6970,345
Truck989225,2224,2942,6730,6970,240
Truck987480,1339,2942,6185,6971,786
Truck987785,2224,2443,6280,6971,691
Truck986744,1339,2224,5955,6972,1017
Truck989145,2224,2942,6705,6972,267
Truck988260,2444,0,6430,6975,545
Truck988383,3119,2443,6465,6975,510
Truck988244,2444,1339,6425,6976,551
Truck989388,2777,2942,6780,6976,196
Truck989902,2943,2942,6940,6976,36
Truck982225,1338,2443,4545,6977,2432
Truck988368,0,2776,6465,6977,512
Truck988914,2225,2683,6635,6977,342
Truck988998,2567,2443,6660,6977,317
Truck981841,1338,2443,4425,6978,2553
Truck987573,2566,2683,6215,6978,763
Truck989043,2443,2567,6675,6978,303
Truck989245,2942,2224,6735,6978,243
Truck989782,2567,2683,6905,6978,73
Truck981873,1338,2443,4435,6979,2544
Truck989291,2776,2443,6750,6979,229
Truck988013,2942,2776,6350,6980,630
Truck989918,2943,2942,6945,6980,35
Truck982129,1338,2567,4515,6981,2466
Truck988308,2444,2443,6445,6981,536
Truck988984,1339,2443,6655,6981,326
Truck982465,1338,0,4620,6982,2362
Truck988563,2443,2942,6525,6982,457
Truck989404,2777,2942,6785,6982,197
Truck988509,2942,2443,6505,6983,478
Truck989251,2443,2776,6740,6983,243
Truck989154,2225,2444,6710,6984,274
Truck987590,2567,2942,6220,6985,765
Truck987733,2566,2443,6265,6985,720
Truck987786,2684,2224,6280,6985,705
Truck988611,2443,3119,6540,6985,445
Truck989042,2225,2444,6675,6985,310
Truck989112,1339,2443,6695,6985,290
Truck989266,2225,2443,6745,6985,240
Truck989110,2567,2443,6695,6986,291
Truck989331,2443,2776,6765,6986,221
Truck989934,2943,2942,6950,6986,36
Truck986793,2224,2567,5970,6987,1017
Truck987533,2942,2567,6200,6987,787
Truck988541,2942,2443,6515,6987,472
Truck988547,2443,2942,6520,6987,467
Truck988906,2684,0,6630,6987,357
Truck988771,2443,2942,6590,6988,398
Truck989984,0,2567,6970,6988,18
Truck982626,2225,1338,4670,6989,2319
Truck987559,2683,2942,6210,6989,779
Truck987629,2942,1339,6230,6989,759
Truck987686,2567,2566,6250,6989,739
Truck988235,2776,2942,6420,6989,569
Truck988735,3119,2684,6575,6989,414
Truck987749,2566,2443,6270,6990,720
Truck987973,2566,2443,6340,6990,650
Truck989340,2777,2942,6765,6990,225
Truck989949,2942,2943,6955,6990,35
Truck989193,2224,2942,6720,6991,271
Truck989950,2943,2942,6955,6991,36
Truck986768,0,2224,5965,6992,1027
Truck988299,2776,2942,6440,6992,552
Truck989273,2224,2942,6745,6992,247
Truck989364,2444,2566,6775,6992,217
Truck989815,2683,0,6915,6992,77
Truck982289,1338,0,4565,6993,2428
Truck986953,2224,2683,6020,6993,973
Truck987407,3119,1339,6160,6993,833
Truck988267,2776,2942,6430,6993,563
Truck988762,2684,2942,6585,6993,408
Truck989372,2777,2942,6775,6993,218
Truck989901,2942,3119,6940,6993,53
Truck987600,0,2942,6225,6994,769
Truck987896,1339,2942,6315,6994,679
Truck989177,2224,2942,6715,6994,279
Truck988272,0,2776,6435,6995,560
Truck988515,2443,3119,6510,6996,486
Truck989236,2444,2225,6735,6996,261
Truck989966,2943,2942,6960,6996,36
Truck987717,2566,2683,6260,6997,737
Truck989122,2225,2443,6700,6997,297
Truck989386,2684,2776,6780,6997,217
Truck983186,2225,1338,4845,6998,2153
Truck987608,1339,3119,6225,6998,773
Truck988484,2444,2443,6500,6998,498
Truck989158,2567,2443,6710,6998,288
Truck989433,2224,3119,6795,6998,203
Truck981905,1338,2443,4445,6999,2554
Truck982273,1338,2567,4560,6999,2439
Truck987049,2224,1339,6050,6999,949
Truck987941,2566,2443,6330,6999,669
Truck988467,2443,2444,6495,6999,504
Truck988922,2684,2567,6635,6999,364
Truck989282,2225,1339,6750,6999,249
Truck983297,1338,2566,4880,7000,2120
Truck989946,2684,2443,6955,7000,45
Truck982449,1338,2443,4615,7001,2386
Truck982785,1338,2443,4720,7001,2281
Truck988559,3119,2684,6520,7001,481
Truck989982,2943,2942,6965,7001,36
Truck982513,1338,2443,4635,7002,2367
Truck986759,2683,2224,5960,7002,1042
Truck988533,2566,2225,6515,7002,487
Truck989387,2776,2443,6780,7002,222
Truck988187,2776,0,6405,7003,598
Truck989107,2443,0,6695,7004,309
Truck989997,2942,2943,6970,7004,34
Truck982497,1338,2567,4630,7005,2375
Truck987487,3119,2683,6185,7005,820
Truck988872,1339,2684,6620,7005,385
Truck989998,2943,2942,6970,7005,35
Truck983349,2566,1338,4895,7006,2111
Truck989298,2225,1339,6755,7007,252
Truck990064,0,1339,6995,7007,12
Truck990072,1339,0,6995,7007,12
Truck989082,2684,2942,6685,7008,323
Truck989355,2776,2443,6770,7008,238
Truck989420,2777,2942,6790,7008,218
Truck983329,1338,2225,4890,7009,2119
Truck987893,2566,2567,6315,7009,694
Truck988739,2443,2942,6580,7009,429
Truck988797,2942,2443,6595,7009,414
Truck989484,2777,2942,6810,7009,199
Truck982327,2683,1338,4575,7010,2435
Truck989524,2444,2566,6825,7010,185
Truck988091,2776,2942,6375,7011,636
Truck988171,2776,2683,6400,7011,611
Truck990014,2943,2942,6975,7011,36
Truck987880,1339,2942,6310,7012,702
Truck987909,2566,1339,6320,7012,692
Truck988203,2776,2942,6410,7012,602
Truck989356,2777,2942,6770,7012,242
Truck990080,0,1339,7000,7012,12
Truck982161,1338,2443,4525,7013,2488
Truck988871,2683,2684,6620,7013,393
Truck989427,2443,2776,6795,7013,218
Truck988579,2443,3119,6530,7014,484
Truck989321,2224,2942,6760,7014,254
Truck989403,2776,2443,6785,7014,229
Truck988276,2444,0,6435,7015,580
Truck989379,2443,2225,6780,7015,235
Truck983586,2225,1338,4970,7016,2046
Truck984113,1338,2444,5135,7016,1881
Truck990030,2943,2942,6980,7016,36
Truck988400,0,2444,6475,7017,542
Truck989075,2443,0,6685,7017,332
Truck988347,2776,2567,6455,7018,563
Truck989452,2777,2942,6800,7018,218
Truck988005,2566,2443,6350,7019,669
Truck989027,2443,2683,6670,7019,349
Truck989283,2443,2225,6750,7019,269
Truck990010,2684,2443,6975,7019,44
Truck987987,2443,2224,6345,7020,675
Truck989500,2777,2942,6815,7020,205
Truck990046,2943,2942,6985,7021,36
Truck984129,1338,2444,5140,7022,1882
Truck987760,0,2942,6275,7022,747
Truck987936,0,2566,6330,7022,692
Truck989353,2224,2942,6770,7022,252
Truck989368,1339,2225,6775,7022,247
Truck987741,2942,1339,6265,7023,758
Truck989034,2684,1339,6670,7023,353
Truck989138,2225,0,6705,7024,319
Truck987829,2566,2443,6295,7025,730
Truck987877,2566,2443,6310,7025,715
Truck989090,2225,2683,6690,7025,335
Truck989250,2225,0,6740,7025,285
Truck989548,2777,2943,6830,7025,195
Truck983841,1338,2444,5050,7026,1976
Truck988671,3119,2443,6555,7026,471
Truck990062,2943,2942,6990,7026,36
Truck987477,2566,2683,6185,7027,842
Truck987549,2942,2683,6205,7027,822
Truck987677,2942,1339,6245,7027,782
Truck988635,2776,1339,6545,7029,484
Truck988719,3119,2684,6570,7029,459
Truck983393,1338,2566,4910,7030,2120
Truck990015,3119,2942,6975,7030,55
Truck987816,1339,2566,6290,7031,741
Truck989064,1339,2443,6680,7031,351
Truck989218,2225,1339,6730,7031,301
Truck989518,2943,2777,6820,7031,211
Truck989975,2683,1339,6965,7031,66
Truck990078,2943,2942,6995,7031,36
Truck982433,1338,2443,4610,7032,2422
Truck987913,2224,2443,6320,7032,712
Truck989517,2942,2777,6820,7032,212
Truck987584,0,3119,6220,7033,813
Truck988596,2444,2443,6535,7033,498
Truck989573,2566,2444,6840,7033,193
Truck988069,2566,2443,6370,7034,664
Truck987663,3119,2567,6240,7035,795
Truck988810,2684,0,6600,7035,435
Truck989235,2443,1339,6735,7035,300
Truck988326,2567,2444,6450,7037,587
Truck988516,2444,2443,6510,7037,527
Truck990094,2943,2942,7000,7037,37
Truck986976,0,2224,6030,7038,1008
Truck987567,3119,0,6210,7038,828
Truck988500,2444,2443,6505,7038,533
Truck989458,2225,2443,6805,7038,233
Truck988861,2942,2443,6615,7039,424
Truck989066,2684,2942,6680,7039,359
Truck990150,2567,0,7020,7039,19
Truck982769,1338,2443,4715,7040,2325
Truck983473,1338,2225,4935,7040,2105
Truck987845,2566,2443,6300,7041,741
Truck989187,2443,1339,6720,7041,321
Truck989990,2567,2683,6970,7041,71
Truck990007,2683,1339,6975,7041,66
Truck990110,2943,2942,7005,7041,36
Truck988089,2224,2443,6375,7042,667
Truck988229,2566,2443,6420,7042,622
Truck990200,1339,2567,7035,7042,7
Truck989468,2777,2942,6805,7043,238
Truck988283,2776,2567,6435,7044,609
Truck988639,3119,2443,6545,7044,499
Truck988372,2444,2443,6465,7045,580
Truck988439,2683,2444,6485,7045,560
Truck988874,2684,2942,6620,7045,425
Truck989346,2225,0,6770,7045,275
Truck988451,2443,2444,6490,7046,556
Truck989436,2777,2942,6795,7046,251
Truck990126,2943,2942,7010,7046,36
Truck982481,1338,2443,4625,7047,2422
Truck982631,2683,1338,4670,7047,2377
Truck989394,2225,1339,6785,7047,262
Truck988436,2444,2567,6485,7048,563
Truck989053,2942,2443,6675,7048,373
Truck988612,2444,0,6540,7049,509
Truck983201,1338,2566,4850,7050,2200
Truck988607,3119,2443,6535,7050,515
Truck989532,2777,2942,6825,7050,225
Truck988137,2224,2443,6390,7051,661
Truck990142,2943,2942,7015,7051,36
Truck988664,1339,2444,6555,7052,497
Truck989018,2684,1339,6665,7052,387
Truck988411,2776,2683,6475,7054,579
Truck988909,2942,2443,6630,7054,424
Truck989596,2777,2942,6845,7054,209
Truck989299,2443,2567,6755,7055,300
Truck989545,2224,3119,6830,7055,225
Truck990158,2943,2942,7020,7055,35
Truck988564,2444,2443,6525,7056,531
Truck988893,2942,2684,6625,7056,431
Truck988931,2443,2942,6640,7056,416
Truck989417,2224,2942,6790,7056,266
Truck990095,3119,2942,7000,7056,56
Truck987861,2566,2567,6305,7057,752
Truck989410,2225,2443,6790,7057,267
Truck989580,2777,2942,6840,7057,217
Truck988986,2684,2683,6655,7058,403
Truck989628,2777,2942,6855,7058,203
Truck987824,0,2942,6295,7059,764
Truck988379,2776,2942,6465,7059,594
Truck988653,2942,2776,6550,7059,509
Truck989538,2225,2443,6830,7059,229
Truck990131,2443,2684,7015,7059,44
Truck987193,2224,1339,6095,7060,965
Truck988536,1339,2444,6515,7060,545
Truck989428,2444,2225,6795,7061,266
Truck989442,2225,2443,6800,7061,261
Truck990174,2943,2942,7025,7061,36
Truck988085,2566,2443,6375,7062,687
Truck987031,2683,2224,6045,7063,1018
Truck988037,2566,2443,6360,7063,703
Truck982305,1338,2567,4570,7064,2494
Truck988105,2224,2443,6380,7064,684
Truck988628,2444,2443,6545,7064,519
Truck989453,2942,2224,6800,7064,264
Truck988619,2776,2942,6540,7065,525
Truck989539,2443,2225,6830,7065,235
Truck990190,2943,2942,7030,7066,36
Truck987465,2224,2776,6180,7067,887
Truck987623,2683,2942,6230,7067,837
Truck988523,2776,0,6510,7067,557
Truck988854,2567,2444,6615,7067,452
Truck986921,2224,1339,6010,7068,1058
Truck987750,2567,3119,6270,7068,798
Truck989011,2443,2942,6665,7069,404
Truck989564,2777,2942,6835,7069,234
Truck987832,1339,2942,6295,7070,775
Truck988847,3119,2684,6610,7070,460
Truck989506,2225,2443,6820,7071,251
Truck990104,1339,2683,7005,7071,66
Truck990206,2943,2942,7035,7071,36
Truck987703,2683,2942,6255,7072,817
Truck989056,0,2684,6680,7072,392
Truck987545,2224,2776,6205,7073,868
Truck989426,2225,1339,6795,7073,278
Truck988073,2224,2443,6370,7074,704
Truck989378,2225,2567,6780,7074,294
Truck990186,2684,2443,7030,7074,44
Truck987955,2443,2566,6335,7075,740
Truck989002,2684,2942,6660,7075,415
Truck990222,2943,2942,7040,7075,35
Truck989627,2776,2443,6855,7076,221
Truck988468,2444,1339,6495,7077,582
Truck989314,2225,2683,6760,7077,317
Truck989414,2567,2225,6790,7077,287
Truck989676,2777,2942,6870,7077,207
Truck990288,0,1339,7065,7077,12
Truck982184,1339,1338,4530,7078,2548
Truck987813,2566,1339,6290,7078,788
Truck988938,2684,3119,6640,7078,438
Truck988651,2776,2942,6550,7079,529
Truck989322,2684,1339,6760,7079,319
Truck989612,2777,2942,6850,7079,229
Truck983269,2566,1338,4870,7080,2210
Truck988053,2566,0,6365,7080,715
Truck989474,2225,2443,6810,7080,270
Truck989644,2777,2942,6860,7080,220
Truck990195,2443,2684,7035,7080,45
Truck989516,2777,2942,6820,7081,261
Truck987958,2567,2942,6335,7082,747
Truck988363,2776,2683,6460,7082,622
Truck990238,2943,2942,7045,7082,37
Truck987712,0,3119,6260,7083,823
Truck988898,2225,2566,6630,7083,453
Truck989753,2224,3119,6895,7083,188
Truck988255,3119,2776,6425,7084,659
Truck982593,1338,2683,4660,7085,2425
Truck987670,2567,3119,6245,7085,840
Truck989202,2225,2683,6725,7085,360
Truck989611,2776,2443,6850,7085,235
Truck990103,2683,0,7005,7085,80
Truck989446,2567,2225,6800,7086,286
Truck990191,3119,2942,7030,7086,56
Truck990254,2943,2942,7050,7086,36
Truck987592,1339,3119,6220,7087,867
Truck989143,2683,2684,6705,7087,382
Truck987960,1339,2942,6335,7088,753
Truck988820,2444,2443,6605,7088,483
Truck990234,2684,2443,7045,7088,43
Truck990310,2567,0,7070,7088,18
Truck988808,1339,2444,6600,7089,489
Truck988869,2566,2225,6620,7089,469
Truck989660,2777,2942,6865,7089,224
Truck990112,0,2683,7010,7089,79
Truck984369,1338,2444,5215,7090,1875
Truck988277,2566,2443,6435,7090,655
Truck988580,2444,0,6530,7090,560
Truck982577,1338,2443,4655,7091,2436
Truck987161,2224,2683,6085,7091,1006
Truck988024,1339,2942,6355,7091,736
Truck988275,2443,2566,6435,7091,656
Truck989739,2776,2443,6890,7091,201
Truck990270,2943,2942,7055,7091,36
Truck982705,1338,1339,4695,7092,2397
Truck987989,2566,2443,6345,7092,747
Truck988644,2444,2683,6550,7092,542
Truck989469,2942,2224,6805,7092,287
Truck983956,2444,1338,5085,7093,2008
Truck983972,2444,1338,5090,7094,2004
Truck988788,2444,2443,6595,7094,499
Truck990167,2683,2567,7025,7094,69
Truck990250,2684,2443,7050,7094,44
Truck990286,2943,2942,7060,7095,35
Truck982961,1338,2443,4775,7096,2321
Truck984433,1338,2444,5235,7096,1861
Truck988101,2566,2567,6380,7096,716
Truck989370,2684,1339,6775,7096,321
Truck989606,2567,2225,6850,7096,246
Truck987631,3119,2683,6230,7098,868
Truck989315,2443,2567,6760,7098,338
Truck989571,2443,2225,6840,7098,258
Truck987209,2224,2683,6100,7099,999
Truck988491,2776,2942,6500,7099,599
Truck988836,2444,2567,6610,7099,489
Truck989085,2942,2443,6685,7099,414
Truck988744,1339,2444,6580,7100,520
Truck988884,2444,2443,6625,7100,475
Truck989708,2777,2943,6880,7100,220
Truck989692,2777,2942,6875,7101,226
Truck990302,2943,2942,7065,7101,36
Truck989007,3119,2443,6660,7102,442
Truck989304,1339,2684,6755,7102,347
Truck989724,2777,2942,6885,7102,217
Truck987920,0,3119,6325,7103,778
Truck989586,2225,1339,6845,7103,258
Truck988221,2942,1339,6415,7104,689
Truck989071,3119,2684,6680,7104,424
Truck989490,2225,2443,6815,7104,289
Truck983073,1338,1339,4810,7105,2295
Truck989165,2942,2443,6710,7105,395
Truck990182,2567,2683,7030,7105,75
Truck982721,1338,2443,4700,7106,2406
Truck989286,2567,2684,6750,7106,356
Truck990199,2683,2567,7035,7106,71
Truck987968,0,2942,6340,7107,767
Truck988032,0,2566,6360,7107,747
Truck988357,2566,2443,6460,7107,647
Truck988879,3119,2443,6620,7107,487
Truck990318,2943,2942,7070,7107,37
Truck988589,2942,2776,6530,7108,578
Truck988772,2444,2443,6590,7108,518
Truck989021,2942,2443,6665,7108,443
Truck989554,2225,2443,6835,7108,273
Truck982529,1338,2683,4640,7109,2469
Truck990333,2942,2943,7075,7109,34
Truck983202,2225,1338,4850,7110,2260
Truck988527,3119,2776,6510,7110,600
Truck989492,2444,2225,6815,7110,295
Truck988227,2443,2566,6420,7111,691
Truck988715,2776,2942,6570,7111,541
Truck988821,2566,2225,6605,7111,506
Truck988995,2443,2942,6660,7111,451
Truck989319,2683,2684,6760,7111,351
Truck982801,1338,2443,4725,7112,2387
Truck988815,3119,2443,6600,7112,512
Truck988831,3119,2443,6605,7112,507
Truck990334,2943,2942,7075,7112,37
Truck982625,1338,1339,4670,7113,2443
Truck989206,2567,2684,6725,7113,388
Truck990232,1339,2683,7045,7113,68
Truck990422,2567,1339,7105,7113,8
Truck988008,1339,2566,6350,7114,764
Truck982561,1338,0,4650,7115,2465
Truck987851,2776,2224,6300,7115,815
Truck989645,2942,2777,6860,7115,255
Truck983009,1338,2443,4790,7116,2326
Truck988708,2444,2443,6570,7116,546
Truck990350,2943,2942,7080,7116,36
Truck987847,2683,3119,6300,7118,818
Truck989829,2566,2444,6920,7118,198
Truck989836,2777,2942,6920,7118,198
Truck990330,2684,2443,7075,7118,43
Truck988064,0,2566,6370,7119,749
Truck988117,2566,2443,6385,7119,734
Truck988133,2566,2567,6390,7119,729
Truck988149,2566,0,6395,7119,724
Truck989306,2684,2683,6755,7119,364
Truck989491,2443,2567,6815,7119,304
Truck989570,2225,2443,6840,7119,279
Truck989675,2776,2443,6870,7119,249
Truck989868,2777,2942,6930,7119,189
Truck982609,1338,2683,4665,7121,2456
Truck983377,1338,2225,4905,7121,2216
Truck989823,3119,2224,6915,7121,206
Truck990366,2943,2942,7085,7121,36
Truck988304,0,2942,6445,7122,677
Truck983105,1338,2443,4820,7123,2303
Truck990224,0,2683,7045,7123,78
Truck989772,2777,2942,6900,7124,224
Truck982662,2567,1338,4680,7125,2445
Truck989560,1339,2225,6835,7125,290
Truck989803,2776,2443,6910,7125,215
Truck990382,2943,2942,7090,7125,35
Truck982849,1338,1339,4740,7126,2386
Truck988021,2566,2443,6355,7126,771
Truck989796,2444,2566,6910,7127,217
Truck988297,2224,2443,6440,7128,688
Truck988442,2684,2224,6485,7128,643
Truck988660,2444,1339,6555,7128,573
Truck988947,2443,2444,6645,7128,483
Truck989763,2443,2225,6900,7128,228
Truck990240,0,2683,7050,7128,78
Truck983041,1338,2443,4800,7129,2329
Truck989602,2225,2443,6850,7129,279
Truck988959,3119,2443,6645,7130,485
Truck989771,2776,2443,6900,7130,230
Truck988389,2566,2567,6470,7131,661
Truck989400,1339,2443,6785,7131,346
Truck989691,2776,2443,6875,7131,256
Truck989787,2776,2443,6905,7131,226
Truck989833,2224,3119,6920,7131,211
Truck990398,2943,2942,7095,7131,36
Truck989798,2567,2225,6910,7133,223
Truck990371,2443,2684,7090,7133,43
Truck983749,2566,1338,5020,7134,2114
Truck987273,2224,2683,6120,7134,1014
Truck989261,2942,2684,6740,7134,394
Truck989593,2224,2942,6845,7134,289
Truck988070,2567,3119,6370,7135,765
Truck989522,2225,2443,6825,7135,310
Truck989618,2225,2443,6855,7136,281
Truck989707,2776,2443,6880,7136,256
Truck990279,2683,0,7060,7136,76
Truck990414,2943,2942,7100,7136,36
Truck988111,3119,1339,6380,7137,757
Truck988989,2942,2443,6655,7137,482
Truck982337,1338,2683,4580,7138,2558
Truck982641,1338,1339,4675,7138,2463
Truck988760,1339,2776,6585,7138,553
Truck988795,2776,1339,6595,7138,543
Truck988973,2942,2443,6650,7138,488
Truck988426,2684,2224,6480,7139,659
Truck988870,2567,2776,6620,7139,519
Truck988916,2444,2443,6635,7139,504
Truck989730,2225,2443,6890,7139,249
Truck990394,2684,2443,7095,7139,44
Truck989421,2942,2684,6790,7140,350
Truck989714,2225,2443,6885,7140,255
Truck987951,3119,2683,6330,7141,811
Truck989666,2225,2443,6870,7141,271
Truck989277,2942,2443,6745,7142,397
Truck990430,2943,2942,7105,7142,37
Truck988181,2566,2567,6405,7143,738
Truck989354,2684,2942,6770,7143,373
Truck989900,2777,2942,6940,7143,203
Truck988160,0,2566,6400,7144,744
Truck989059,2443,3119,6680,7144,464
Truck987168,0,2224,6090,7145,1055
Truck987320,1339,2224,6135,7145,1010
Truck988631,2683,2444,6545,7145,600
Truck988679,2683,2776,6560,7145,585
Truck989756,2777,2942,6895,7145,250
Truck990446,2943,2942,7110,7145,35
Truck988724,2444,2443,6575,7146,571
Truck989475,2443,2683,6810,7146,336
Truck987983,3119,1339,6340,7147,807
Truck989820,2777,2942,6915,7147,232
Truck990512,0,1339,7135,7147,12
Truck988040,1339,2942,6360,7148,788
Truck988852,2444,2443,6615,7148,533
Truck988927,3119,2443,6635,7148,513
Truck990037,2566,2444,6985,7148,163
Truck990426,2684,2443,7105,7148,43
Truck989587,2443,0,6845,7149,304
Truck989852,2777,2942,6925,7149,224
Truck987823,3119,2683,6290,7150,860
Truck988692,2444,2443,6565,7150,585
Truck988309,2566,2443,6445,7151,706
Truck988731,2776,2942,6575,7151,576
Truck989899,2776,2443,6940,7151,211
Truck989995,2776,2684,6970,7151,181
Truck990462,2943,2942,7115,7151,36
Truck988587,2776,3119,6530,7152,622
Truck989140,2444,2443,6705,7152,447
Truck989622,2567,2225,6855,7152,297
Truck989740,2777,2942,6890,7152,262
Truck989871,3119,2224,6930,7152,222
Truck982753,1338,2443,4710,7153,2443
Truck989495,2683,2443,6815,7153,338
Truck989514,2684,2567,6820,7153,333
Truck989884,2777,2942,6935,7153,218
Truck990327,2683,0,7075,7153,78
Truck989762,2225,2567,6900,7154,254
Truck988000,0,2942,6350,7155,805
Truck990518,2567,0,7135,7155,20
Truck988080,0,2942,6375,7156,781
Truck989592,1339,2443,6845,7156,311
Truck990478,2943,2942,7120,7156,36
Truck988208,0,2942,6415,7157,742
Truck988421,2566,2443,6480,7157,677
Truck989650,2225,2444,6865,7157,292
Truck989155,2443,2942,6710,7158,448
Truck989682,2225,2443,6875,7158,283
Truck989698,2225,1339,6880,7158,278
Truck989171,2443,2942,6715,7159,444
Truck989794,2225,2443,6910,7159,249
Truck989528,1339,2443,6825,7160,335
Truck989788,2777,2942,6905,7160,255
Truck982855,2683,1338,4740,7161,2421
Truck983909,2566,1338,5070,7161,2091
Truck988281,2224,2443,6435,7161,726
Truck989608,1339,2443,6850,7161,311
Truck989835,2776,2443,6920,7161,241
Truck989932,2777,2942,6950,7161,211
Truck990494,2943,2942,7125,7161,36
Truck987839,3119,2683,6295,7162,867
Truck988377,2224,2443,6465,7162,697
Truck989350,2567,2684,6770,7162,392
Truck989363,2443,2683,6775,7162,387
Truck989929,2224,3119,6950,7162,212
Truck982865,1338,0,4745,7163,2418
Truck984597,2566,1338,5285,7163,1878
Truck988329,2224,2443,6450,7164,714
Truck989634,2225,2443,6860,7164,304
Truck988822,2567,2776,6605,7165,560
Truck989416,1339,2684,6790,7165,375
Truck988964,2444,1339,6650,7166,516
Truck989418,2684,2942,6790,7166,376
Truck989886,2943,2777,6935,7166,231
Truck988342,2567,2942,6455,7167,712
Truck988763,2776,2942,6585,7167,582
Truck989028,2444,2443,6670,7167,497
Truck989883,2776,2443,6935,7167,232
Truck982913,1338,1339,4760,7168,2408
Truck982945,1338,1339,4770,7168,2398
Truck988393,2224,2443,6470,7168,698
Truck989804,2777,2942,6910,7168,258
Truck989842,2225,2443,6925,7168,243
Truck987558,2567,2224,6210,7169,959
Truck988197,2566,1339,6410,7169,759
Truck989229,2942,2443,6730,7169,439
Truck989670,2567,2443,6870,7169,299
Truck988214,2567,2942,6415,7170,755
Truck989151,3119,2684,6705,7170,465
Truck989437,2942,2684,6795,7170,375
Truck990526,2943,2942,7135,7170,35
Truck984273,1338,2444,5185,7171,1986
Truck988601,2224,2684,6535,7171,636
Truck988932,2444,2567,6640,7171,531
Truck987929,2224,2776,6325,7172,847
Truck989858,2225,2443,6930,7172,242
Truck982583,2683,1338,4655,7173,2518
Truck989891,2443,2225,6940,7173,233
Truck982728,1339,1338,4700,7174,2474
Truck988437,2566,2443,6485,7174,689
Truck988779,2776,2942,6590,7174,584
Truck990576,0,2567,7155,7174,19
Truck988165,2566,2443,6400,7175,775
Truck988253,2942,1339,6425,7175,750
Truck988804,2444,2443,6600,7175,575
Truck988991,3119,2443,6655,7175,520
Truck989504,0,2684,6820,7175,355
Truck982760,1339,1338,4710,7176,2466
Truck988499,2443,2566,6505,7176,671
Truck989060,2444,2567,6680,7176,496
Truck990542,2943,2942,7140,7176,36
Truck988120,1339,2942,6385,7177,792
Truck988441,2224,2684,6485,7177,692
Truck988151,2683,2942,6395,7178,783
Truck989964,2777,2942,6960,7178,218
Truck990592,0,2567,7160,7178,18
Truck990522,2684,2443,7135,7179,44
Truck988394,2684,2224,6470,7181,711
Truck989941,2566,2444,6955,7181,226
Truck990558,2943,2942,7145,7181,36
Truck982503,2683,1338,4630,7182,2552
Truck988832,0,2776,6610,7182,572
Truck990027,2776,2443,6980,7182,202
Truck983075,2443,1338,4810,7183,2373
Truck987296,0,2224,6130,7183,1053
Truck988695,2683,2776,6565,7183,618
Truck989447,2683,2443,6800,7183,383
Truck989933,2942,2777,6950,7183,233
Truck989972,2444,2566,6965,7183,218
Truck987609,2224,0,6225,7184,959
Truck987943,2683,3119,6330,7184,854
Truck988183,2683,2942,6405,7184,779
Truck988469,2566,2443,6495,7184,689
Truck989917,2942,2777,6945,7184,239
Truck990060,2777,2942,6990,7184,194
Truck989044,2444,2443,6675,7185,510
Truck989844,2444,2225,6925,7185,260
Truck989963,2776,2443,6960,7185,225
Truck989139,2443,3119,6705,7186,481
Truck989638,2567,2443,6860,7186,326
Truck990509,2942,3119,7130,7186,56
Truck984497,1338,2444,5255,7187,1932
Truck989948,2777,2942,6955,7187,232
Truck990574,2943,2942,7150,7187,37
Truck982353,1338,2443,4585,7188,2603
Truck990047,3119,2224,6985,7188,203
Truck988425,2224,2443,6480,7189,709
Truck989865,2224,2942,6930,7189,259
Truck987925,2566,2683,6325,7190,865
Truck988571,2776,3119,6525,7190,665
Truck989980,2777,2942,6965,7190,225
Truck989826,2225,2443,6920,7191,271
Truck990590,2943,2942,7155,7191,36
Truck987081,2224,2683,6060,7192,1132
Truck989623,2683,2443,6855,7192,337
Truck983921,1338,2225,5075,7193,2118
Truck987999,3119,0,6345,7193,848
Truck990680,1339,2567,7185,7193,8
Truck988152,1339,2942,6395,7194,799
Truck984001,1338,2566,5100,7195,2095
Truck989478,2567,2684,6810,7195,385
Truck989619,2443,0,6855,7195,340
Truck989890,2225,2443,6940,7195,255
Truck990448,0,2683,7115,7195,80
Truck982904,1339,1338,4755,7196,2441
Truck988975,3119,2443,6650,7196,546
Truck989466,2684,0,6805,7196,391
Truck989501,2942,2443,6815,7196,381
Truck990606,2943,2942,7160,7196,36
Truck989188,2444,2443,6720,7197,477
Truck990028,2777,2942,6980,7197,217
Truck982689,1338,2683,4690,7198,2508
Truck983217,1338,2443,4855,7198,2343
Truck989498,2684,1339,6815,7198,383
Truck989779,2443,1339,6905,7198,293
Truck988575,3119,2776,6525,7199,674
Truck988699,2776,3119,6565,7199,634
Truck989199,3119,2443,6720,7199,479
Truck989996,2777,2942,6970,7199,229
