truck_id,source_id,sink_id,generated_at_step,removed_at_step,total_driving_time
Truck803569,3331,2656,10,16,6
Truck803641,3331,2656,30,36,6
Truck803532,3239,1338,0,41,41
Truck803670,3122,1339,40,46,6
Truck803537,2998,0,0,49,49
Truck803568,3239,3121,10,51,41
Truck803555,2998,3331,5,53,48
Truck803682,0,1339,45,57,12
Truck803573,2998,2225,10,59,49
Truck803604,3239,3121,20,60,40
Truck803530,1339,3238,0,61,61
Truck803688,3122,0,45,61,16
Truck803591,2998,2655,15,64,49
Truck803622,3239,2999,25,65,40
Truck803609,2998,3331,20,68,48
Truck803563,3238,1339,10,71,61
Truck803627,2998,2656,25,74,49
Truck803581,3238,3122,15,75,60
Truck803541,2655,3331,5,76,71
Truck803680,2822,2998,40,76,36
Truck803534,2656,2999,0,77,77
Truck803551,3331,1338,5,78,73
Truck803645,2998,2436,30,78,48
Truck803578,2999,3121,15,81,66
Truck803552,2656,3121,5,83,78
Truck803663,2998,2436,35,84,49
Truck803818,1339,3122,80,84,4
Truck803694,3239,3121,45,85,40
Truck803681,2998,3121,40,89,49
Truck803638,1339,3238,30,90,60
Truck803703,2655,3239,50,90,40
Truck803839,3331,2656,85,91,6
Truck803662,2822,2656,35,92,57
Truck803749,3331,3239,60,92,32
Truck803588,2656,2437,15,93,78
Truck803699,2998,2225,45,93,48
Truck803540,2437,3122,5,95,90
Truck803653,3238,3122,35,95,60
Truck803751,2821,2822,60,95,35
Truck803553,2821,2656,5,96,91
Truck803623,3331,3121,25,97,72
Truck803678,2656,2822,40,97,57
Truck803550,3239,2822,5,99,94
Truck803606,2656,2436,20,99,79
Truck803717,2998,1338,50,99,49
Truck803770,2822,2224,65,101,36
Truck803582,2225,2436,15,102,87
Truck803631,2655,3331,30,103,73
Truck803768,2656,3239,65,103,38
Truck803735,2998,1338,55,105,50
Truck803844,0,3122,90,106,16
Truck803642,2656,2999,30,107,77
Truck803659,3331,2437,35,107,72
Truck803753,2998,3238,60,108,48
Truck803707,3238,3122,50,110,60
Truck803710,1339,3238,50,110,60
Truck803784,3239,2436,70,111,41
Truck803890,1339,0,100,112,12
Truck803677,3331,2437,40,113,73
Truck803771,2998,3122,65,114,49
Truck803802,3239,2225,75,115,40
Truck803605,3331,2998,20,116,96
Truck803886,3122,0,100,116,16
Truck803607,2821,3331,20,117,97
Truck803695,3331,2436,45,117,72
Truck803789,2998,2225,70,118,48
Truck803820,3239,2656,80,118,38
Truck803531,2224,2656,0,121,121
Truck803696,2656,2225,45,122,77
Truck803713,3331,2437,50,122,72
Truck803643,2821,3331,30,125,95
Truck803644,2822,3239,30,125,95
Truck803761,3238,3122,65,125,60
Truck803838,3239,3121,85,125,40
Truck803549,2224,3121,5,127,122
Truck803576,2437,3331,15,129,114
Truck803847,2655,3239,90,130,40
Truck803567,2224,1339,10,133,123
Truck803732,2656,2655,55,133,78
Truck803843,2998,2656,85,134,49
Truck803536,2822,2436,0,135,135
Truck803630,2437,0,30,135,105
Truck803776,2999,3121,70,135,65
Truck804001,3331,2656,130,136,6
Truck803613,2655,2437,25,137,112
Truck803739,2655,2656,60,137,77
Truck803803,3331,2822,75,137,62
Truck803911,3331,3239,105,137,32
Truck803585,2224,1339,15,138,123
Truck803750,2656,2436,60,138,78
Truck803861,2998,3331,90,138,48
Truck803714,2656,2224,50,139,89
Truck803715,2821,2656,50,139,89
Truck803612,2437,2656,25,140,115
Truck803785,3331,2436,70,141,71
Truck803586,3239,2998,15,142,127
Truck803603,2224,2225,20,142,122
Truck803879,2998,2436,95,143,48
Truck803522,2437,3121,0,145,145
Truck803833,3238,3122,85,145,60
Truck803836,1339,3238,85,145,60
Truck803910,3239,2436,105,145,40
Truck803724,3122,2437,55,146,91
Truck803793,2655,3331,75,146,71
Truck804030,3122,1339,140,146,6
Truck803621,2224,3331,25,147,122
Truck803648,2437,2821,35,148,113
Truck803807,2998,2224,75,149,74
Truck803590,2822,1338,15,150,135
Truck803742,3122,2437,60,150,90
Truck803639,2224,3331,30,152,122
Truck803825,2998,2224,80,154,74
Truck803915,2998,3239,105,154,49
Truck803666,2437,2655,40,155,115
Truck803700,0,2437,50,155,105
Truck803829,2655,3331,85,156,71
Truck803946,3239,2436,115,156,41
Truck803650,2999,2225,35,157,122
Truck803657,2224,1338,35,157,122
Truck803822,2656,2655,80,157,77
Truck803933,2998,2999,110,158,48
Truck803887,3238,3122,100,160,60
Truck803857,3331,2225,90,161,71
Truck803964,3239,2655,120,161,41
Truck804091,3331,2656,155,161,6
Truck803658,3239,2998,35,162,127
Truck803672,2225,2999,40,162,122
Truck803675,2224,2655,40,163,123
Truck803951,2998,2656,115,165,50
Truck803693,2224,2225,45,166,121
Truck803804,2656,2998,75,166,91
Truck804004,2822,2821,130,166,36
Truck803869,3238,0,95,167,72
Truck804078,0,1339,155,167,12
Truck803969,2998,2436,120,169,49
Truck803720,2437,2821,55,170,115
Truck803902,2999,3121,105,170,65
Truck803711,2224,3331,50,172,122
Truck803876,2656,2225,95,173,78
Truck803897,2998,2224,100,174,74
Truck803987,2998,2821,125,174,49
Truck803840,2656,2224,85,175,90
Truck803559,2655,2821,10,176,166
Truck803821,3331,2821,80,176,96
Truck804018,3239,3121,135,176,41
Truck803571,2821,2437,10,177,167
Truck803729,2224,3238,55,178,123
Truck803756,2437,2224,65,178,113
Truck804005,2998,2656,130,179,49
Truck803635,3238,2437,30,180,150
Truck803698,2822,2225,45,180,135
Truck804058,2822,2998,145,180,35
Truck803747,2224,2821,60,181,121
Truck803774,2437,2655,70,181,111
Truck803858,2656,2224,90,181,91
Truck803730,3239,2998,55,183,128
Truck803716,2822,2999,50,184,134
Truck803548,1339,2999,5,185,180
Truck804054,3239,3121,145,185,40
Truck803947,3331,2225,115,187,72
Truck804076,2822,2821,150,187,37
Truck803765,2224,2436,65,188,123
Truck804072,3239,2656,150,188,38
Truck804041,2998,3238,140,189,49
Truck803734,2822,2225,55,190,135
Truck803894,2656,2821,100,190,90
Truck803900,2437,2999,105,190,85
Truck803998,1339,3238,130,190,60
Truck803625,2821,1338,25,191,166
Truck803792,2437,2998,75,191,116
Truck803875,3331,2998,95,191,96
Truck804093,2821,2822,155,191,36
Truck803783,2224,2999,70,192,122
Truck803965,3331,2225,120,192,72
Truck803810,2437,2821,80,193,113
Truck803948,2656,3121,115,193,78
Truck803684,2437,3238,45,194,149
Truck803892,3239,2822,100,194,94
Truck803896,2822,3239,100,194,94
Truck804059,2998,1338,145,194,49
Truck803689,3238,2437,45,195,150
Truck804081,2655,3239,155,195,40
Truck803523,2655,2999,0,196,196
Truck803893,3331,2224,100,196,96
Truck803912,2656,2224,105,196,91
Truck803973,2655,3331,125,196,71
Truck803977,3238,0,125,197,72
Truck804013,3238,1339,135,197,62
Truck803801,2224,2656,75,198,123
Truck803966,2656,2436,120,198,78
Truck803828,2437,3239,85,199,114
Truck803524,2999,3331,0,200,200
Truck804010,2999,3121,135,200,65
Truck804077,2998,3121,150,200,50
Truck804130,2822,2821,165,201,36
Truck803819,2224,2656,80,202,122
Truck803661,2821,2655,35,203,168
Truck803846,2437,2998,90,203,113
Truck803928,3239,2822,110,203,93
Truck804126,3239,2656,165,203,38
Truck804095,2998,1339,155,204,49
Truck803788,2822,3121,70,205,135
Truck803929,3331,2998,110,205,95
Truck803679,2821,1338,40,207,167
Truck803823,2821,3239,80,207,127
Truck803837,2224,2999,85,207,122
Truck803560,2999,2655,10,209,199
Truck803864,2437,2224,95,209,114
Truck804023,2998,2224,135,209,74
Truck804113,2998,2656,160,209,49
Truck803556,0,2655,10,210,200
Truck803580,3122,2655,15,210,195
Truck803974,2999,2437,125,210,85
Truck803577,2655,2999,15,211,196
Truck803697,2821,2655,45,211,166
Truck804144,3239,2437,170,211,41
Truck803542,2999,2436,5,212,207
Truck803558,2437,2225,10,212,202
Truck803855,2224,2225,90,212,122
Truck803859,2821,2224,90,212,122
Truck804020,2656,2437,135,212,77
Truck803685,2655,2224,45,213,168
Truck803824,2822,2225,80,213,133
Truck803882,2437,2822,100,214,114
Truck804131,2998,2822,165,214,49
Truck803811,2655,2822,80,215,135
Truck803651,3121,2225,35,216,181
Truck803656,1339,2999,35,216,181
Truck803883,2655,2437,100,216,116
Truck803856,3239,2821,90,217,127
Truck803873,2224,1339,95,217,122
Truck804038,2656,3121,140,217,77
Truck804149,2998,2656,170,218,48
Truck803985,2821,3331,125,219,94
Truck803596,2999,3239,20,220,200
Truck803891,2224,2822,100,222,122
Truck804056,2656,2225,145,222,77
Truck804060,0,3238,150,222,72
Truck804180,3239,2655,180,222,42
Truck803918,2437,2998,110,223,113
Truck804167,2998,2437,175,223,48
Truck804026,2437,2999,140,225,85
Truck804121,3238,3122,165,225,60
Truck803733,2821,2999,55,226,171
Truck803909,2224,3239,105,226,121
Truck804028,2999,2437,140,227,87
Truck804235,3331,3239,195,227,32
Truck804294,0,1339,215,227,12
Truck803936,2437,3239,115,228,113
Truck804074,2656,2437,150,228,78
Truck804185,2998,0,180,228,48
Truck803616,3122,2655,25,229,204
Truck803632,2999,2822,30,230,200
Truck804022,2822,3239,135,230,95
Truck803769,2821,1338,65,231,166
Truck803878,2822,2999,95,231,136
Truck803970,0,2437,125,231,106
Truck804216,3239,2436,190,231,41
Truck803614,2999,2436,25,232,207
Truck803920,2999,2225,110,232,122
Truck803927,2224,3122,110,232,122
Truck804019,3331,2224,135,232,97
Truck804238,2822,2821,195,232,37
Truck804253,3331,3239,200,232,32
Truck803722,2999,1339,55,234,179
Truck804034,1339,2437,140,234,94
Truck804358,1339,3122,230,234,4
Truck803599,3238,2655,20,235,215
Truck804203,2998,3121,185,235,50
Truck804256,2822,2998,200,235,35
Truck803595,2655,3238,20,236,216
Truck804037,3331,2998,140,236,96
Truck804127,3331,1338,165,236,71
Truck804160,1339,3238,175,236,61
Truck803787,2821,2655,70,237,167
Truck803942,2225,2999,115,237,122
Truck803945,2224,3239,115,237,122
Truck803668,2999,2821,40,238,198
Truck804110,2656,2225,160,238,78
Truck804221,2998,3331,190,238,48
Truck803746,1339,2999,60,239,179
Truck803963,2224,3121,120,241,121
Truck803967,2821,2224,120,241,121
Truck804372,3122,1339,235,241,6
Truck804380,2656,3331,235,241,6
Truck803686,2999,2821,45,242,197
Truck803704,2999,0,50,242,192
Truck803744,2225,3121,60,242,182
Truck804055,3331,2224,145,242,97
Truck803805,2821,2437,75,243,168
Truck803932,2822,2437,110,244,134
Truck804239,2998,2436,195,244,49
Truck803543,3121,1339,5,245,240
Truck804070,1339,2437,150,245,95
Truck803718,0,2999,55,246,191
Truck803981,2224,1338,125,247,122
Truck804073,3331,2821,150,247,97
Truck804146,2656,2225,170,247,77
Truck804163,3331,2655,175,247,72
Truck804270,3239,2225,205,247,42
Truck804257,2998,3331,200,248,48
Truck804288,3239,2656,210,248,38
Truck803782,1339,2999,70,249,179
Truck804080,2437,1339,155,249,94
Truck804190,2999,3121,185,249,64
Truck804008,2437,2656,135,250,115
Truck804102,3122,2437,160,251,91
Truck804310,2822,2998,215,251,36
Truck804181,3331,2999,180,252,72
Truck804210,3122,3238,190,252,62
Truck803841,2821,2436,85,253,168
Truck803999,2224,2656,130,253,123
Truck804153,2655,2656,175,253,78
Truck803649,2655,0,35,254,219
Truck804108,3239,2822,160,254,94
Truck804275,2998,2821,205,254,49
Truck803584,1339,3121,15,255,240
Truck803597,3121,3122,20,255,235
Truck804128,2656,2998,165,255,90
Truck804199,3331,2436,185,256,71
Truck804000,3239,2224,130,257,127
Truck804343,3331,3239,225,257,32
Truck804017,2224,3121,135,258,123
Truck804182,2656,2999,180,258,78
Truck803986,2822,3121,125,259,134
Truck804197,2224,2998,185,259,74
Truck804291,2821,2998,210,259,49
Truck803740,2999,2656,60,260,200
Truck804158,2225,2436,175,261,86
Truck803602,1339,3121,20,262,242
Truck803738,2437,2225,60,262,202
Truck804032,2225,2999,140,262,122
Truck804035,2224,3239,140,262,122
Truck804062,2437,2224,150,262,112
Truck804217,3331,3121,190,262,72
Truck804311,2998,3331,215,263,48
Truck803877,2821,1338,95,264,169
Truck803561,3121,2656,10,265,255
Truck804164,2656,2224,175,265,90
Truck804265,3238,3122,205,265,60
Truck804342,3239,2999,225,265,40
Truck803758,2999,3331,65,266,201
Truck803848,2999,3122,90,266,176
Truck804333,2655,3239,225,266,41
Truck803574,0,3121,15,267,252
Truck804036,3239,2821,140,267,127
Truck804053,2224,3239,145,267,122
Truck803646,0,3239,35,268,233
Truck803762,2225,2437,65,268,203
Truck804145,3331,2224,170,268,98
Truck803959,3238,2437,120,269,149
Truck804195,2436,2225,185,270,85
Truck804329,2998,2437,220,270,50
Truck803592,0,3121,20,271,251
Truck804071,2224,3238,150,271,121
Truck804183,2821,2656,180,271,91
Truck804243,2655,3331,200,271,71
Truck804286,1339,3238,210,271,61
Truck803533,3331,0,0,272,272
Truck803794,2999,2998,75,272,197
Truck804282,3122,3238,210,272,62
Truck804283,3238,1339,210,272,62
Truck804225,2655,2656,195,273,78
Truck804236,2656,2999,195,273,78
Truck804347,2998,1338,225,274,49
Truck804378,3239,3121,235,275,40
Truck803931,2821,2436,110,276,166
Truck804089,2224,2655,155,276,121
Truck804200,2656,2998,185,276,91
Truck804304,1339,3238,215,276,61
Truck803610,0,3121,25,277,252
Truck803721,2655,3238,55,277,222
Truck804271,3331,2655,205,277,72
Truck804116,2437,2822,165,278,113
Truck804254,2656,3121,200,278,78
Truck803566,1339,2656,10,279,269
Truck804218,2656,2998,190,279,89
Truck804365,2998,2436,230,279,49
Truck803990,2437,3238,130,281,151
Truck804219,2821,2656,190,281,91
Truck804322,1339,3238,220,281,61
Truck804396,3239,2225,240,281,41
Truck804418,2822,2998,245,281,36
Truck804480,3122,0,265,281,16
Truck804289,3331,2655,210,282,72
Truck803624,2656,1339,25,283,258
Truck803949,2821,3121,115,283,168
Truck804107,2224,3238,160,283,123
Truck803760,3122,2655,65,284,219
Truck804293,2998,2224,210,284,74
Truck804383,2998,2655,235,284,49
Truck803615,3121,2822,25,285,260
Truck804381,2821,2998,235,285,50
Truck803676,3239,3122,40,286,246
Truck804307,3331,2436,215,286,71
Truck803830,2999,2224,85,287,202
Truck804248,2225,2436,200,287,87
Truck804362,2656,2822,230,287,57
Truck804436,2822,2821,250,287,37
Truck804125,2224,3238,165,288,123
Truck804279,2655,2656,210,288,78
Truck804290,2656,2655,210,288,78
Truck803766,3239,3122,65,289,224
Truck804152,2437,2655,175,289,114
Truck804401,2998,2821,240,289,49
Truck804044,2437,3121,145,290,145
Truck804094,2822,1338,155,290,135
Truck804143,2224,1339,170,291,121
Truck804266,2225,2436,205,291,86
Truck803633,3121,2821,30,292,262
Truck803667,2655,3121,40,292,252
Truck803852,2225,2437,90,292,202
Truck804308,2656,2999,215,292,77
Truck804432,3239,2436,250,292,42
Truck804454,2822,2224,255,292,37
Truck804538,1339,0,280,292,12
Truck804419,2998,2655,245,293,48
Truck803545,3238,3331,5,294,289
Truck803570,2656,3122,10,294,284
Truck803866,2999,2822,95,294,199
Truck804112,2822,2999,160,294,134
Truck804170,2437,3239,180,294,114
Truck804242,2437,1339,200,294,94
Truck804264,3122,2437,205,295,90
Truck804161,2224,2656,175,296,121
Truck803538,0,3331,5,297,292
Truck804255,2821,3331,200,297,97
Truck804437,2998,3121,250,298,48
Truck804188,2437,3239,185,300,115
Truck804468,3239,3121,260,300,40
Truck803655,2436,3121,35,301,266
Truck803748,3239,1339,60,301,241
Truck803901,2655,1339,105,301,196
Truck803962,1339,2999,120,301,181
Truck804179,2224,3121,180,301,121
Truck804206,2437,2821,190,301,111
Truck804361,3331,1338,230,301,71
Truck804009,2655,2224,135,302,167
Truck804021,2821,2436,135,302,167
Truck804148,2822,2655,170,303,133
Truck804162,3239,2821,175,303,128
Truck804344,2656,2225,225,303,78
Truck803687,3121,2656,45,304,259
Truck804314,2437,2999,220,305,85
Truck803594,2437,2436,20,307,287
Truck803640,3239,3238,30,307,277
Truck804379,3331,2999,235,307,72
Truck804523,3331,3239,275,307,32
Truck803705,3121,2224,50,308,258
Truck804473,2998,3331,260,308,48
Truck804506,2656,3239,270,308,38
Truck803779,3238,2655,70,310,240
Truck804326,2656,2224,220,310,90
Truck803546,2225,0,5,311,306
Truck803587,3331,0,15,311,296
Truck803712,3239,0,50,311,261
Truck803731,3331,1339,55,311,256
Truck804495,2655,3239,270,311,41
Truck804632,2656,3331,305,311,6
Truck803777,3121,1339,70,312,242
Truck804057,2821,2225,145,312,167
Truck804215,2224,2655,190,312,122
Truck804397,3331,2436,240,312,72
Truck803815,3238,2655,80,313,233
Truck803924,2225,2437,110,313,203
Truck804491,2998,2436,265,313,48
Truck803528,2225,3239,0,314,314
Truck803812,2999,3238,80,315,235
Truck804325,3331,2224,220,315,95
Truck804424,2999,3121,250,315,65
Truck804445,3238,3122,255,315,60
Truck803564,2225,0,10,316,306
Truck803660,2656,3122,35,316,281
Truck803938,2999,3239,115,316,201
Truck804522,3239,2437,275,316,41
Truck804600,0,3122,300,316,16
Truck804233,2224,3331,195,317,122
Truck804451,3331,2822,255,317,62
Truck803904,3122,2655,105,318,213
Truck804260,2437,2822,205,318,113
Truck804398,2656,1338,240,318,78
Truck804443,3121,2999,255,319,64
Truck804472,2822,2656,260,319,59
Truck804509,2998,3121,270,319,49
Truck804134,2437,3238,170,320,150
Truck804540,3239,2655,280,320,40
Truck803954,2437,2225,120,321,201
Truck804433,3331,2999,250,321,71
Truck804562,2822,2821,285,321,36
Truck803759,3121,3239,65,322,257
Truck803796,3122,2656,75,322,247
Truck804251,2224,2437,200,322,122
Truck803757,2655,3121,65,323,258
Truck804416,2656,2999,245,324,79
Truck804490,2822,2656,265,324,59
Truck804527,2998,2656,275,324,49
Truck804558,3239,2999,285,325,40
Truck803767,3331,1339,65,326,261
Truck803850,3122,3121,90,326,236
Truck804368,2437,3122,235,326,91
Truck804580,2822,2821,290,326,36
Truck803790,0,3121,75,327,252
Truck804269,2224,2656,205,327,122
Truck803849,3121,1339,90,328,238
Truck803956,2999,2436,120,328,208
Truck804545,2998,2821,280,328,48
Truck804455,2998,2224,255,329,74
Truck803854,1339,3121,90,330,240
Truck803992,2999,3331,130,330,200
Truck804012,3122,2655,135,331,196
Truck804576,3239,2437,290,331,41
Truck804287,2224,1338,210,332,122
Truck804452,2656,2436,255,332,77
Truck803980,1339,2655,125,333,208
Truck804563,2998,3238,285,333,48
Truck803600,2225,2821,20,334,314
Truck803795,3121,2655,75,334,259
Truck803868,3122,3121,95,334,239
Truck804129,2821,2225,165,334,169
Truck803636,2225,0,30,335,305
Truck804099,2655,1339,160,335,175
Truck804517,3238,3122,275,335,60
Truck803786,2656,1339,70,336,266
Truck804594,3239,3121,295,336,41
Truck803702,2437,2436,50,337,287
Truck803832,3122,2656,85,337,252
Truck804302,2225,2999,215,337,122
Truck804305,2224,2437,215,337,122
Truck804690,0,1339,325,337,12
Truck804470,2656,1338,260,338,78
Truck804474,0,3238,265,338,73
Truck804612,3239,2656,300,338,38
Truck803813,3121,3239,80,340,260
Truck804118,2999,3122,165,340,175
Truck804147,2821,3121,170,340,170
Truck804415,3331,2224,245,340,95
Truck804581,2998,1338,290,340,50
Truck804274,2822,2436,205,341,136
Truck803554,2822,3122,5,342,337
Truck803618,2225,2822,25,342,317
Truck804064,2999,0,150,342,192
Truck804165,2821,3121,175,342,167
Truck804323,2224,3121,220,342,122
Truck804708,0,1339,330,342,12
Truck803608,2822,3122,20,343,323
Truck803743,3238,2656,60,343,283
Truck803923,3238,2999,110,344,234
Truck804599,2998,3122,295,344,49
Truck804106,1339,2655,160,345,185
Truck804124,1339,2999,165,346,181
Truck804171,2655,2821,180,346,166
Truck804292,2822,3121,210,346,136
Truck804324,3239,2224,220,346,126
Truck804652,2822,2821,310,346,36
Truck803831,3121,2998,85,347,262
Truck804341,2224,1338,225,347,122
Truck804552,3122,3238,285,347,62
Truck804119,3121,2225,165,348,183
Truck804617,2998,2999,300,348,48
Truck803654,2225,2224,35,350,315
Truck804247,3238,2437,200,351,151
Truck804359,2224,3122,230,351,121
Truck804670,2822,2224,315,351,36
Truck803808,0,3239,80,352,272
Truck803937,2655,3238,115,352,237
Truck804137,3121,2225,170,352,182
Truck804648,3239,1338,310,352,42
Truck804082,2999,2655,155,353,198
Truck804386,2437,2821,240,353,113
Truck804531,2655,3331,280,353,73
Truck804635,2998,3121,305,353,48
Truck803772,0,3331,70,354,284
Truck803867,3121,3331,95,354,259
Truck804201,2821,1338,185,354,169
Truck804471,2821,3331,260,354,94
Truck804524,2656,2225,275,354,79
Truck803626,2822,0,25,355,330
Truck803865,2655,3121,95,355,260
Truck804328,2822,2436,220,355,135
Truck803874,3239,0,95,356,261
Truck804559,3331,2225,285,356,71
Truck804568,2999,3121,290,356,66
Truck804794,2656,3331,350,356,6
Truck804377,2224,3122,235,357,122
Truck804653,2998,1339,310,358,48
Truck804684,3239,2656,320,358,38
Truck803885,3121,2998,100,359,259
Truck804100,2999,2655,160,359,199
Truck804404,2437,2821,245,359,114
Truck803991,2655,3238,130,360,230
Truck804507,2821,2656,270,360,90
Truck804045,2655,1339,145,361,216
Truck804395,2224,2655,240,361,121
Truck804487,3331,2998,265,361,96
Truck804706,2822,2821,325,361,36
Truck804098,2437,2225,160,362,202
Truck804560,2656,2655,285,362,77
Truck804577,3331,2225,290,362,72
Truck804237,2821,2437,195,363,168
Truck804422,2437,2821,250,363,113
Truck803708,2225,3331,50,364,314
Truck804671,2998,1338,315,364,49
Truck803817,2436,2437,80,366,286
Truck804088,1339,2655,155,366,211
Truck804364,2822,2437,230,366,136
Truck804595,3331,3121,295,366,71
Truck804650,2656,2822,310,366,56
Truck804724,2822,2998,330,366,36
Truck804786,3122,0,350,366,16
Truck804413,2224,2437,245,367,122
Truck804582,0,3238,295,367,72
Truck803526,3122,2821,0,368,368
Truck804440,2437,2656,255,368,113
Truck804689,2998,2225,320,369,49
Truck803726,2225,2655,55,370,315
Truck804382,2822,2655,235,370,135
Truck804623,3121,2999,305,370,65
Truck803572,2822,3238,10,371,361
Truck804332,2437,3121,225,371,146
Truck804720,3239,2436,330,371,41
Truck804261,2655,2998,205,372,167
Truck804273,2821,2436,205,372,167
Truck804596,2656,3121,295,372,77
Truck804431,2224,2999,250,373,123
Truck804649,3331,2822,310,373,63
Truck804707,2998,3331,325,374,49
Truck804350,2437,3121,230,375,145
Truck804400,2822,2436,240,375,135
Truck804729,2655,3239,335,375,40
Truck804760,2822,2224,340,375,35
Truck804011,3121,1339,135,376,241
Truck804117,2655,3122,165,376,211
Truck804136,2999,2436,170,376,206
Truck804738,3239,2436,335,376,41
Truck804866,2656,3331,370,376,6
Truck803780,2225,0,70,377,307
Truck803957,3121,2655,120,377,257
Truck804042,0,2655,145,377,232
Truck804154,2999,2822,175,377,202
Truck804230,2225,3121,195,377,182
Truck804449,2224,2822,255,377,122
Truck804561,2821,2656,285,377,92
Truck804614,2656,2225,300,377,77
Truck804631,3331,2655,305,377,72
Truck803982,3239,0,125,378,253
Truck803529,2436,3122,0,379,379
Truck803752,2822,3122,60,379,319
Truck804172,2999,2822,180,379,199
Truck803930,2656,3122,110,380,270
Truck803988,0,3121,130,380,250
Truck804512,2437,0,275,380,105
Truck804566,2437,3122,290,380,90
Truck804578,2656,2821,290,380,90
Truck804725,2998,3238,330,380,50
Truck803535,2821,3238,0,381,381
Truck804309,2821,2436,215,381,166
Truck804756,3239,2999,340,381,41
Truck804046,2999,3238,145,382,237
Truck804464,2225,2999,260,382,122
Truck804467,2224,3122,260,382,122
Truck804639,2655,3331,310,382,72
Truck804678,3122,3238,320,382,62
Truck803620,1339,2998,25,383,358
Truck803993,3121,0,130,383,253
Truck804494,2437,2821,270,383,113
Truck803851,3238,3121,90,384,294
Truck804530,2437,0,280,384,104
Truck804579,2821,3331,290,385,95
Truck804584,2437,3122,295,385,90
Truck804743,2998,2822,335,385,50
Truck804327,2821,2655,220,386,166
Truck803816,2225,0,80,387,307
Truck804280,2999,3122,210,387,177
Truck804485,2224,2437,265,387,122
Truck804609,2436,2225,300,387,87
Truck804667,3331,3121,315,387,72
Truck803562,3122,2436,10,388,378
Truck804208,2999,2224,190,388,198
Truck804722,2656,2822,330,388,58
Truck804761,2998,2225,340,388,48
Truck803544,3122,2998,5,389,384
Truck803798,2225,2821,75,389,314
Truck803872,1339,2225,95,389,294
Truck803984,2656,1339,125,389,264
Truck804315,2655,2821,220,389,169
Truck804084,3122,3121,155,390,235
Truck803527,3238,2998,0,391,391
Truck803565,2436,1339,10,391,381
Truck803922,3122,3331,110,391,281
Truck804240,0,2999,200,391,191
Truck804244,2999,0,200,391,191
Truck804685,3331,3121,320,391,71
Truck804792,3239,2436,350,391,41
Truck804870,0,3122,375,391,16
Truck803520,0,2224,0,392,392
Truck803728,1339,2822,55,392,337
Truck803916,0,3331,110,392,282
Truck804090,3239,0,155,392,237
Truck804503,2224,2822,270,392,122
Truck804668,2656,3121,315,392,77
Truck803952,0,2656,120,393,273
Truck803958,3122,3331,120,394,274
Truck804683,2224,2998,320,394,74
Truck804779,2998,1339,345,394,49
Truck804174,3122,2655,180,396,216
Truck804224,2437,2225,195,396,201
Truck804521,2224,2999,275,396,121
Truck804810,3239,2225,355,396,41
Truck803888,2225,1339,100,397,297
Truck804525,2821,2224,275,397,122
Truck804548,2437,2821,285,398,113
Truck804686,2656,2655,320,398,78
Truck804029,3121,2822,140,399,259
Truck804316,2999,1339,220,399,179
Truck803941,3238,3239,115,401,286
Truck804539,2224,1338,280,401,121
Truck804754,1339,3238,340,401,61
Truck804828,3239,3121,360,401,41
Truck803617,3238,2998,25,402,377
Truck804226,2999,2436,195,402,207
Truck804262,2999,3331,205,402,197
Truck804776,2656,2822,345,402,57
Truck803862,0,2225,95,403,308
Truck804815,2998,0,355,405,50
Truck804399,2821,3121,240,406,166
Truck804557,2224,1338,285,406,121
Truck804674,2437,2999,320,406,86
Truck804676,2999,2437,320,406,86
Truck804966,3122,1339,400,406,6
Truck803634,3122,2224,30,407,377
Truck804739,3331,1338,335,407,72
Truck804846,3239,2437,365,407,42
Truck804065,3121,2224,150,408,258
Truck804109,3331,1339,160,408,248
Truck804387,2655,2224,240,408,168
Truck804463,3238,2437,260,409,149
Truck804526,2822,2999,275,409,134
Truck804666,3239,2822,315,409,94
Truck804833,2998,3121,360,409,49
Truck803806,2822,0,75,410,335
Truck803870,2225,2998,95,411,316
Truck803939,3121,3238,115,411,296
Truck804083,3121,3331,155,411,256
Truck804575,2224,2225,290,411,121
Truck804757,3331,2437,340,411,71
Truck804790,1339,3238,350,411,61
Truck803598,3122,2224,20,412,392
Truck804353,3121,2225,230,412,182
Truck804851,2998,1339,365,413,48
Truck804900,3239,3331,380,413,33
Truck803898,0,2225,105,414,309
Truck804376,1339,2999,235,414,179
Truck804602,2437,2656,300,414,114
Truck804755,2224,2998,340,414,74
Truck804417,2821,2655,245,415,170
Truck804704,2656,2224,325,415,90
Truck804717,2436,2225,330,415,85
Truck804092,2656,3122,155,416,261
Truck804775,3331,2655,345,416,71
Truck805009,3331,2656,410,416,6
Truck804435,2821,2436,250,417,167
Truck804593,2224,2437,295,417,122
Truck804765,2655,3331,345,417,72
Truck803619,2436,0,25,418,393
Truck803976,3122,2225,125,418,293
Truck804692,2437,1339,325,418,93
Truck804758,2656,2655,340,418,78
Truck804918,3239,3331,385,418,33
Truck803628,0,2998,30,419,389
Truck804423,2655,2224,250,419,169
Truck804832,2822,2656,360,419,59
Truck804869,2998,3238,370,419,49
Truck804921,2821,2822,385,419,34
Truck805024,1339,3122,415,419,4
Truck803860,2822,3122,90,420,330
Truck803906,2225,2998,105,420,315
Truck803975,3121,3238,125,420,295
Truck804922,2822,2821,385,420,35
Truck804101,3121,2224,160,421,261
Truck803814,3122,2998,80,422,342
Truck804389,3121,2225,240,422,182
Truck804611,2224,2822,300,422,122
Truck804793,3331,2437,350,422,72
Truck803994,3122,2225,130,423,293
Truck804850,2822,2656,365,423,58
Truck803589,2821,3238,15,424,409
Truck803826,0,2822,85,424,339
Truck804334,2999,2821,225,424,199
Truck804441,2655,2821,255,424,169
Truck804453,2821,2225,255,424,169
Truck804797,2998,2224,350,424,74
Truck804887,2998,3331,375,424,49
Truck804366,0,2999,235,425,190
Truck804638,2437,2998,310,425,115
Truck803652,3122,2821,35,426,391
Truck804629,2224,0,305,426,121
Truck804657,2655,2437,315,426,111
Truck803692,1339,2436,45,427,382
Truck803797,3238,2225,75,427,352
Truck804066,3122,2656,150,427,277
Truck804209,3121,3122,190,427,237
Truck804407,3121,2225,245,427,182
Truck804189,2655,3238,185,428,243
Truck804811,3331,2655,355,428,73
Truck804905,2998,1338,380,428,48
Truck803778,3122,2224,70,430,360
Truck803709,2436,1339,50,431,381
Truck804155,3121,2224,175,431,256
Truck804297,2655,3122,215,431,216
Truck804048,3122,2656,145,432,287
Truck804352,2999,3331,230,432,202
Truck804647,2224,2822,310,432,122
Truck805042,1339,0,420,432,12
Truck803664,0,2998,40,433,393
Truck803955,2655,2225,120,433,313
Truck804428,2225,3121,250,433,183
Truck804489,2821,2655,265,433,168
Truck804633,2821,3239,305,433,128
Truck804923,2998,3122,385,433,48
Truck804096,0,3331,160,434,274
Truck804198,3239,1339,185,435,250
Truck804369,2655,0,235,435,200
Truck804442,2999,1339,255,435,180
Truck803960,2225,2822,120,436,316
Truck804191,3121,0,185,436,251
Truck804847,3331,2225,365,436,71
Truck804402,0,2999,245,437,192
Truck804616,2822,2437,300,437,137
Truck804665,2224,1338,315,437,122
Truck804830,2656,2225,360,437,77
Truck804902,2656,2822,380,437,57
Truck804941,2998,1339,390,438,48
Truck804974,2656,3239,400,438,38
Truck804002,2656,0,130,439,309
Truck804234,3239,0,195,439,244
Truck804250,1339,3121,200,439,239
Truck804460,2999,1339,260,439,179
Truck804388,2999,2224,240,440,200
Truck804477,2655,1339,265,440,175
Truck804875,3121,2999,375,440,65
Truck804634,2822,3121,305,441,136
Truck804687,2821,2224,320,441,121
Truck804710,2437,2656,330,441,111
Truck804972,3239,2999,400,441,41
Truck804204,0,3239,190,442,252
Truck804370,2999,2436,235,442,207
Truck804461,3121,2225,260,442,182
Truck804513,2655,2821,275,442,167
Truck803671,3238,2998,40,443,403
Truck803673,2436,3239,40,443,403
Truck803983,3331,3238,125,443,318
Truck804848,2656,2436,365,443,78
Truck804992,2656,3239,405,443,38
Truck804959,2998,3121,395,444,49
Truck803914,2822,1339,105,445,340
Truck804067,3238,3121,150,445,295
Truck804227,3121,0,195,445,250
Truck804796,2822,3239,350,445,95
Truck804800,2437,3122,355,445,90
Truck804990,3239,2999,405,445,40
Truck803764,1339,2436,65,446,381
Truck804157,3238,3239,175,446,271
Truck804406,2999,2656,245,446,201
Truck804812,2656,2998,355,446,91
Truck804883,3331,2655,375,446,71
Truck804086,2225,3122,155,447,292
Truck804694,2999,2225,325,447,122
Truck804701,2224,1338,325,447,122
Truck804728,2437,2821,335,447,112
Truck804207,2655,3121,190,448,258
Truck804014,2225,3239,135,449,314
Truck804085,3238,3331,155,449,294
Truck804186,0,3239,185,449,264
Truck804298,2999,3238,215,449,234
Truck804881,2224,2998,375,449,74
Truck804977,2998,2999,400,449,49
Truck803842,2822,0,85,450,365
Truck803950,2822,1339,115,450,335
Truck804016,1339,2822,135,450,315
Truck804719,2224,2225,330,451,121
Truck803736,0,2436,60,452,392
Truck803934,0,2822,115,452,337
Truck804228,3122,3239,195,452,257
Truck804252,3239,0,200,452,252
Truck804306,3239,0,215,452,237
Truck804516,3122,2999,275,452,177
Truck804702,3239,2224,325,452,127
Truck804901,3331,3121,380,452,72
Truck803725,3238,2998,55,453,398
Truck804027,2655,2225,140,453,313
Truck804746,2437,2224,340,453,113
Truck804884,2656,2436,375,453,78
Truck804888,0,3238,380,453,73
Truck804995,2998,1338,405,454,49
Truck803908,1339,2998,105,455,350
Truck804317,3121,3122,220,455,235
Truck804318,3122,3121,220,455,235
Truck804688,2822,2436,320,455,135
Truck804245,3121,2998,200,456,256
Truck804737,2224,2822,335,456,121
Truck804829,3331,2821,360,456,96
Truck805026,3239,2437,415,456,41
Truck803601,2436,3238,20,457,437
Truck804429,2436,2999,250,457,207
Truck804906,0,3238,385,457,72
Truck804141,2436,2437,170,458,288
Truck804448,1339,2655,255,458,203
Truck804919,3331,1338,385,458,73
Truck805013,2998,2822,410,458,48
Truck805044,3239,2656,420,458,38
Truck804049,3238,2656,145,459,314
Truck804142,1339,2656,170,459,289
Truck804659,3121,2437,315,459,144
Truck804764,2437,2998,345,459,114
Truck803745,2436,3331,60,460,400
Truck803754,0,2436,65,460,395
Truck804872,2437,2999,375,461,86
Truck803926,1339,2224,110,462,352
Truck804263,3121,3331,205,462,257
Truck804533,3121,2225,280,462,182
Truck804597,2821,2999,295,462,167
Truck805150,1339,0,450,462,12
Truck803763,2436,2822,65,463,398
Truck803968,2822,0,120,463,343
Truck804459,2655,3238,260,463,203
Truck804924,0,3238,390,463,73
Truck805031,2998,1339,415,464,49
Truck803637,2436,3238,30,465,435
Truck804140,2225,1339,170,465,295
Truck804782,2437,2224,350,465,115
Truck804175,3238,3239,180,466,286
Truck804354,3122,3121,230,466,236
Truck804465,2436,2999,260,466,206
Truck804476,2437,2225,265,466,201
Truck804520,1339,2655,275,466,191
Truck805062,3239,3121,425,466,41
Truck804430,1339,3239,250,467,217
Truck804450,3239,3122,255,467,212
Truck804478,2999,3239,265,467,202
Truck804496,2999,3239,270,467,197
Truck804510,0,2999,275,467,192
Truck804773,2224,2656,345,467,122
Truck804281,3121,2822,210,468,258
Truck804955,3331,2225,395,468,73
Truck803781,2436,2821,70,470,400
Truck803853,2436,1339,90,470,380
Truck804695,3121,2437,325,470,145
Truck805003,3238,3122,410,470,60
Truck805049,2998,3121,420,470,50
Truck805080,3239,2999,430,470,40
Truck804742,2822,3121,335,471,136
Truck804791,2224,2999,350,471,121
Truck804586,2999,3122,295,472,177
Truck804788,2225,2999,350,472,122
Truck804818,2437,2655,360,472,112
Truck804973,3331,2225,400,472,72
Truck804514,2999,2656,275,473,198
Truck804774,3239,2821,345,473,128
Truck804330,0,3239,225,474,249
Truck804604,2999,3122,300,474,174
Truck804391,3238,2999,240,475,235
Truck805067,2998,2999,425,475,50
Truck805098,3239,2999,435,475,40
Truck803871,2436,1339,95,476,381
Truck804040,2822,3122,140,476,336
Truck804299,3121,2998,215,476,261
Truck804926,2437,2999,390,476,86
Truck804932,2225,2436,390,477,87
Truck804122,2225,2656,165,478,313
Truck804809,2224,1338,355,478,123
Truck804836,2437,2656,365,478,113
Truck804985,3238,0,405,479,74
Truck805030,2822,3331,415,479,64
Truck803940,3122,2224,115,480,365
Truck804498,3122,2655,270,480,210
Truck804778,2822,2437,345,480,135
Truck805085,2998,2655,430,480,50
Truck804610,1339,2655,300,481,181
Truck805039,3238,1339,420,481,61
Truck805138,2822,2998,445,481,36
Truck803996,2225,3238,130,482,352
Truck804532,2999,2655,280,482,202
Truck804827,2224,2656,360,482,122
Truck804360,3239,1339,230,483,253
Truck804550,2999,2224,285,483,198
Truck805103,2998,3122,435,483,48
Truck804335,3121,2656,225,484,259
Truck803835,2436,2821,85,485,400
Truck803944,1339,2224,115,486,371
Truck804351,2655,3121,230,486,256
Truck804937,3331,2998,390,486,96
Truck805027,3331,2437,415,486,71
Truck804845,2224,1339,365,487,122
Truck805125,2655,3239,445,487,42
Truck805230,0,1339,475,487,12
Truck804414,3239,0,245,488,243
Truck805010,2656,2436,410,488,78
Truck805014,0,3238,415,488,73
Truck805152,3239,2656,450,488,38
Truck805170,3239,3331,455,488,33
Truck804801,2655,2822,355,489,134
Truck804814,2822,1338,355,489,134
Truck805025,2224,2998,415,489,74
Truck805121,2998,3331,440,489,49
Truck804232,1339,2225,195,490,295
Truck804891,2655,2437,380,490,110
Truck804555,2436,2999,285,491,206
Truck804863,2224,2436,370,491,121
Truck804982,2999,2437,405,491,86
Truck803727,2436,3238,55,493,438
Truck803913,2821,3122,105,493,388
Truck804268,1339,2656,205,493,288
Truck805028,2656,2225,415,493,78
Truck805045,3331,3121,420,493,73
Truck804300,3122,2656,215,494,279
Truck805139,2998,2999,445,494,49
Truck804176,2225,2998,180,496,316
Truck804348,0,3239,230,496,266
Truck804357,2436,3121,230,496,266
Truck804504,3239,1339,270,496,226
Truck804585,2655,3122,295,496,201
Truck804998,2437,2999,410,496,86
Truck805192,2822,2998,460,496,36
Truck804394,1339,2656,240,497,257
Truck804723,2821,3121,330,497,167
Truck805004,2225,2436,410,497,87
Truck803889,2436,2656,100,498,398
Truck803895,2821,3238,100,498,398
Truck803907,2436,0,105,498,393
Truck804050,2225,3238,145,498,353
Truck804278,2437,2436,210,498,288
Truck804618,0,2999,305,498,193
Truck804682,1339,2655,320,498,178
Truck805046,2656,2655,420,498,78
Truck805063,3331,1338,425,498,73
Truck803961,2436,1339,120,499,379
Truck804194,2225,2656,185,499,314
Truck804991,3331,2224,405,499,94
Truck805157,2998,0,450,499,49
Truck804567,2655,0,290,500,210
Truck804680,2225,3121,320,501,181
Truck804899,2224,1338,380,501,121
Truck805188,3239,2225,460,501,41
Truck804741,2821,2437,335,502,167
Truck804882,3239,2998,375,502,127
Truck805284,0,1339,490,502,12
Truck804024,0,2821,140,503,363
Truck804212,2225,2822,190,503,313
Truck804284,2225,3122,210,503,293
Truck805175,2998,3239,455,503,48
Truck804805,3238,2437,355,504,149
Truck804003,2821,1339,130,505,375
Truck804622,2999,2656,305,505,200
Truck803997,2436,3122,130,506,376
Truck805099,3331,2436,435,506,71
Truck805206,3239,2999,465,507,42
Truck803919,2655,2436,110,508,398
Truck804620,2437,2225,305,508,203
Truck804640,2999,2821,310,508,198
Truck804917,2224,2656,385,508,123
Truck804272,2656,3238,205,509,304
Truck804425,3121,2998,250,509,259
Truck804759,2821,2655,340,509,169
Truck804886,2822,2999,375,509,134
Truck804944,2437,2822,395,509,114
Truck805193,2998,1338,460,509,49
Truck803799,2436,3238,75,510,435
Truck804301,3238,3121,215,511,296
Truck804456,0,3121,260,511,251
Truck804556,1339,3239,285,511,226
Truck804935,2224,1338,390,511,121
Truck805308,3122,0,495,511,16
Truck804928,2999,2225,390,512,122
Truck804962,2437,2998,400,512,112
Truck804777,2821,3121,345,513,168
Truck805174,2822,2656,455,513,58
Truck804434,2656,0,250,514,264
Truck804444,3122,3331,255,514,259
Truck805064,2656,2998,425,514,89
Truck805263,2821,2822,480,514,34
Truck804693,2655,1339,325,515,190
Truck804841,3238,2437,365,515,150
Truck804320,2225,1339,220,516,296
Truck804658,2999,3331,315,516,201
Truck804795,2821,2225,350,516,166
Truck805070,2437,2999,430,516,86
Truck803943,2436,3239,115,517,402
Truck804166,2822,1339,175,517,342
Truck804466,1339,3239,260,517,257
Truck804953,2224,2821,395,517,122
Truck804662,2225,2437,315,518,203
Truck804783,2655,2998,350,518,168
Truck805229,2998,0,470,518,48
Truck804438,0,3239,255,519,264
Truck804006,0,2821,135,520,385
Truck804033,2436,1339,140,520,380
Truck804497,3121,0,270,520,250
Truck805260,3239,1338,480,520,40
Truck805387,3331,2656,515,521,6
Truck804168,0,2822,180,522,342
Truck804337,3238,3121,225,522,297
Truck804409,3238,3239,245,522,277
Truck804535,3238,3239,280,522,242
Truck804971,2224,2655,400,522,122
Truck804999,2655,2437,410,522,112
Truck805182,3122,3238,460,522,62
Truck805189,3331,2822,460,522,62
Truck805136,2656,2655,445,523,78
Truck805140,0,3238,450,523,73
Truck805245,2821,2998,475,523,48
Truck805247,2998,1338,475,523,48
Truck803979,2436,2822,125,524,399
Truck804039,2821,3122,140,525,385
Truck804877,3238,2437,375,525,150
Truck805081,3331,2224,430,525,95
Truck805100,2656,2224,435,525,90
Truck804712,2999,2656,330,526,196
Truck804831,2821,2999,360,526,166
Truck805108,2999,2437,440,526,86
Truck805362,3122,0,510,526,16
Truck804374,2225,3122,235,527,292
Truck804989,2224,3121,405,527,122
Truck805154,2656,2436,450,527,77
Truck805171,3331,1338,455,527,72
Truck804479,3121,2821,265,528,263
Truck804819,2655,2998,360,528,168
Truck805265,2998,3122,480,528,48
Truck804587,3121,3122,295,529,234
Truck804945,2655,2822,395,529,134
Truck804958,2822,2437,395,530,135
Truck805101,2821,3331,435,530,95
Truck804515,3121,2821,275,531,256
Truck804699,2436,2999,325,531,206
Truck805050,0,2437,425,531,106
Truck804138,3122,2224,170,532,362
Truck805007,2224,2822,410,532,122
Truck805110,3122,2437,440,532,92
Truck805172,2656,3121,455,532,77
Truck804132,0,2224,170,533,363
Truck804630,3239,1339,305,533,228
Truck804804,3122,2999,355,533,178
Truck804849,2821,2999,365,533,168
Truck804963,2655,2822,400,533,133
Truck804730,2999,3239,335,534,199
Truck805034,2437,3239,420,534,114
Truck805283,2998,3331,485,534,49
Truck804711,2655,0,330,535,205
Truck804822,3122,2999,360,535,175
Truck804976,2822,3121,400,535,135
Truck804156,3122,2224,175,536,361
Truck805052,2437,2224,425,536,111
Truck805117,3331,2224,440,536,96
Truck805314,3239,2437,495,536,41
Truck804855,2655,2224,370,537,167
Truck805410,0,1339,525,537,12
Truck804202,2822,0,185,538,353
Truck804748,2999,3331,340,538,198
Truck804178,1339,2998,180,539,359
Truck804214,1339,2224,190,539,349
Truck804994,2822,2999,405,539,134
Truck805211,2998,2224,465,539,74
Truck804338,2225,3239,225,540,315
Truck804625,3238,2999,305,540,235
Truck804820,2999,1339,360,540,180
Truck805146,3122,2437,450,540,90
Truck804661,3238,2655,315,541,226
Truck805215,2655,3331,470,541,71
Truck805225,3331,2436,470,541,71
Truck805459,3331,2656,535,541,6
Truck804821,3121,2225,360,542,182
Truck804885,2821,2436,375,542,167
Truck805043,2224,3239,420,542,122
Truck805438,1339,0,530,542,12
Truck803905,3238,2436,105,543,438
Truck804075,2821,0,150,543,393
Truck804528,0,3331,280,544,264
Truck804766,2999,2822,345,544,199
Truck805012,2822,2999,410,544,134
Truck805208,2656,2225,465,544,79
Truck805319,2998,2225,495,544,49
Truck804356,2225,2656,230,545,315
Truck804624,3122,3239,305,545,240
Truck804051,2436,2998,145,546,401
Truck804427,3238,3121,250,546,296
Truck804505,3331,1339,270,546,276
Truck805061,2224,3121,425,546,121
Truck805243,3331,2999,475,547,72
Truck804103,3238,2224,160,548,388
Truck804488,2656,3238,265,548,283
Truck804564,0,3331,290,548,258
Truck805226,2656,1338,470,548,78
Truck805337,2998,2656,500,548,48
Truck804784,2999,2822,350,549,199
Truck805237,3238,0,475,549,74
Truck804063,2655,2436,150,550,400
Truck804481,3238,3239,265,550,285
Truck804551,3121,2436,285,550,265
Truck804569,3121,3239,290,550,260
Truck804744,0,2655,340,550,210
Truck805088,2437,2224,435,550,115
Truck804980,2437,3121,405,551,146
Truck805079,2224,3121,430,551,121
Truck805390,2822,2224,515,551,36
Truck805452,3122,0,535,551,16
Truck804486,3239,3238,265,552,287
Truck805261,3331,2999,480,552,72
Truck805474,1339,0,540,552,12
Truck804837,2655,3122,365,553,188
Truck805106,2437,2821,440,553,113
Truck805355,2998,1339,505,553,48
Truck804802,2999,3331,355,554,199
Truck805353,2821,2998,505,554,49
Truck805309,3238,3122,495,555,60
Truck805386,3239,2655,515,555,40
Truck804123,2436,0,165,556,391
Truck804392,2225,2998,240,556,316
Truck804541,3331,1339,280,556,276
Truck805097,2224,1338,435,556,121
Truck804114,0,2436,165,557,392
Truck804405,2655,2225,245,557,312
Truck804798,0,2655,355,557,202
Truck804939,2821,1338,390,557,167
Truck805090,2999,2225,435,557,122
Truck805221,2436,2225,470,557,87
Truck805124,2437,2656,445,558,113
Truck805315,3331,2822,495,558,63
Truck805371,2821,2998,510,558,48
Truck804603,2655,3121,300,559,259
Truck805066,2822,2655,425,559,134
Truck805373,2998,2999,510,559,49
Truck805207,3331,2821,465,560,95
Truck804222,0,2224,195,561,366
Truck804856,2999,0,370,561,191
Truck805482,0,3122,545,561,16
Truck804105,2436,2821,160,562,402
Truck804196,1339,2998,185,562,377
Truck804384,0,2822,240,562,322
Truck804605,3121,2822,300,562,262
Truck805115,2224,1339,440,562,122
Truck805297,3331,2655,490,562,72
Truck804469,3331,3238,260,563,303
Truck804838,2999,3239,365,563,198
Truck804957,2821,2225,395,563,168
Truck804184,2822,3238,180,564,384
Truck804258,0,2224,205,564,359
Truck805301,2998,2224,490,564,74
Truck804213,2436,3122,190,565,375
Truck804646,1339,3331,310,565,255
Truck805084,2822,2437,430,565,135
Truck805391,2998,2999,515,565,50
Truck804842,2225,2437,365,566,201
Truck805133,2224,1339,445,566,121
Truck805137,2821,2224,445,566,121
Truck805422,3239,3121,525,566,41
Truck804111,2821,3238,160,567,407
Truck804542,2656,1339,280,567,287
Truck804150,0,2436,175,568,393
Truck804220,2822,3238,190,568,378
Truck804192,3122,2821,185,569,384
Truck804641,3121,2656,310,569,259
Truck805298,2656,3121,490,569,79
Truck804135,2655,2436,170,570,400
Truck804340,1339,2821,225,570,345
Truck805160,2437,3239,455,570,115
Truck805246,2822,3239,475,570,95
Truck805363,3238,3122,510,570,60
Truck805462,2822,2224,535,570,35
Truck804446,2225,2821,255,571,316
Truck804482,2225,0,265,571,306
Truck804677,3121,0,320,571,251
Truck804808,1339,2655,355,571,216
Truck805342,2999,3121,505,571,66
Truck804627,2436,3121,305,572,267
Truck804854,2437,2225,370,572,202
Truck805178,2437,2655,460,572,112
Truck805316,2656,2655,495,572,77
Truck805151,2224,2436,450,573,123
Truck804636,0,2656,310,574,264
Truck805107,2655,2822,440,574,134
Truck805427,2998,2821,525,574,49
Truck804874,2999,2655,375,575,200
Truck804993,2821,2436,405,575,170
Truck805120,2822,3121,440,575,135
Truck805280,2656,2998,485,575,90
Truck804031,3238,2436,140,576,436
Truck804873,2655,3122,375,576,201
Truck804952,1339,2999,395,576,181
Truck805351,3331,1338,505,576,71
Truck804697,3238,3239,325,577,252
Truck805169,2224,2437,455,577,122
Truck805334,2656,3121,500,577,77
Truck804749,3121,3122,340,578,238
Truck805011,2821,2437,410,578,168
Truck804613,3331,1339,300,579,279
Truck805445,2998,3122,530,579,49
Truck804177,2436,3331,180,580,400
Truck804892,2999,2822,380,580,200
Truck805196,2437,2655,465,580,115
Truck805476,3239,2999,540,580,40
Truck805498,2822,2998,545,580,35
Truck804553,3238,2656,285,581,296
Truck805187,2224,2999,460,581,121
Truck804139,3238,2821,170,582,412
Truck804570,3122,2225,290,582,292
Truck804984,3122,2999,405,582,177
Truck805310,2225,2436,495,582,87
Truck805352,2656,1338,505,582,77
Truck805369,3331,2225,510,582,72
Truck805029,2821,2225,415,583,168
Truck805214,2437,2821,470,583,113
Truck805463,2998,2437,535,583,48
Truck804736,1339,3331,335,584,249
Truck804834,0,2655,365,584,219
Truck804910,2999,3331,385,584,199
Truck805156,2822,2655,450,584,134
Truck804336,3122,2998,225,585,360
Truck804946,2999,0,395,585,190
Truck805000,2999,3122,410,585,175
Truck804500,2225,2998,270,586,316
Truck804876,3122,2655,375,586,211
Truck805205,2224,3239,465,586,121
Truck805248,0,2437,480,586,106
Truck804069,2436,3238,150,587,437
Truck804276,0,2224,210,587,377
Truck804787,3238,2999,350,587,237
Truck805370,2656,1338,510,588,78
Truck805442,2656,2822,530,588,58
Truck804193,3238,2821,185,589,404
Truck804373,3238,2822,235,589,354
Truck804518,2225,2655,275,589,314
Truck804713,3121,3239,330,589,259
Truck805481,2998,2822,540,589,49
Truck805534,2822,2821,555,590,35
Truck804087,2436,3238,155,591,436
Truck804981,2655,0,405,591,186
Truck805047,2821,2437,420,591,171
Truck805590,0,3122,575,591,16
Truck804731,3121,2656,335,592,257
Truck805223,2224,3122,470,592,122
Truck805512,3239,2436,550,592,42
Truck804803,3121,1339,355,593,238
Truck805405,3331,3121,520,593,73
Truck805497,2821,2998,545,593,48
Truck804536,2225,2998,280,594,314
Truck805403,2224,2998,520,594,74
Truck805409,2998,2224,520,594,74
Truck804303,2436,1339,215,595,380
Truck804346,2822,3238,225,595,370
Truck804747,2655,3121,340,595,255
Truck805456,1339,3238,535,595,60
Truck805499,2998,2437,545,595,50
Truck805551,2821,2822,560,595,35
Truck804823,3238,2999,360,596,236
Truck805083,2821,2655,430,596,166
Truck805423,3331,2655,525,596,71
Truck805530,3239,2999,555,596,41
Truck804231,2436,3239,195,597,402
Truck804572,2225,0,290,597,307
Truck804978,0,2999,405,597,192
Truck805238,2225,2999,475,597,122
Truck805241,2224,2821,475,597,122
Truck805268,2437,2656,485,597,112
Truck805406,2656,1338,520,597,77
Truck804549,2655,2225,285,598,313
Truck805210,2822,2436,465,598,133
Truck805395,2655,2656,520,598,78
Truck804654,0,3331,315,599,284
Truck805517,2998,3121,550,599,49
Truck804345,2821,3238,225,600,375
Truck804927,2655,0,390,600,210
Truck804964,2999,2821,400,600,200
Truck805054,2999,3122,425,600,175
Truck805163,3121,2437,455,600,145
Truck805471,3238,3122,540,600,60
Truck804544,2822,3122,280,601,321
Truck804554,2225,2821,285,601,316
Truck805441,3331,2655,530,601,71
Truck804249,2436,3331,200,602,402
Truck805259,2224,2999,480,602,122
Truck804267,2436,2822,205,603,398
Truck804767,3121,2822,345,603,258
Truck805242,3239,2998,475,603,128
Truck805286,2437,3331,490,603,113
Truck805431,2655,3331,530,603,73
Truck805535,2998,2999,555,603,48
Truck804642,3122,2225,310,604,294
Truck805228,2822,3121,470,604,134
Truck805489,3238,3122,545,605,60
Truck805277,2224,2999,485,606,121
Truck805388,2656,2821,515,606,91
Truck805566,3239,1338,565,606,41
Truck804390,3122,2998,240,607,367
Truck804660,3122,2225,315,607,292
Truck804969,2436,2999,400,607,207
Truck804785,3121,3239,350,608,258
Truck805119,2821,2225,440,608,168
Truck805446,0,3238,535,608,73
Truck805553,2998,2436,560,608,48
Truck804285,2436,2224,210,609,399
Truck804420,0,2998,250,609,359
Truck804590,2225,2224,295,609,314
Truck804703,3331,3122,325,610,285
Truck805304,2437,2821,495,610,115
Truck805322,2437,2224,500,610,110
Truck805486,2999,3121,545,610,65
Truck804780,0,2656,350,611,261
Truck805295,2224,0,490,611,121
Truck805712,2656,3331,605,611,6
Truck805053,2655,1339,425,612,187
Truck805460,2656,3121,535,612,77
Truck805477,3331,2655,540,612,72
Truck805018,2999,2655,415,613,198
Truck805278,3239,2821,485,613,128
Truck805424,2656,2821,525,614,89
Truck805571,2998,3239,565,614,49
Truck804880,1339,3121,375,615,240
Truck804721,3331,3122,330,616,286
Truck805264,2822,2225,480,616,136
Truck805313,2224,1338,495,616,121
Truck805340,2437,2655,505,616,111
Truck804598,2822,3122,295,617,322
Truck805035,2655,0,420,617,197
Truck804363,2821,1339,230,618,388
Truck804762,0,2656,345,618,273
Truck805036,2999,2656,420,618,198
Truck805155,2821,2999,450,618,168
Truck805282,2822,2999,485,618,133
Truck805589,2998,1338,570,619,49
Truck805420,1339,2437,525,620,95
Truck805543,3238,3122,560,620,60
Truck804321,2436,2224,220,622,402
Truck805112,2225,3121,440,622,182
Truck805317,2821,3239,495,622,127
Truck805726,1339,0,610,622,12
Truck805331,2224,3238,500,623,123
Truck805496,2656,2437,545,623,78
Truck805607,2998,2656,575,623,48
Truck804839,3121,2224,365,624,259
Truck804864,3239,0,370,624,254
Truck804934,1339,3239,390,624,234
Truck805300,2822,2436,490,624,134
Truck805511,2224,2998,550,624,74
Truck805179,2655,2821,460,625,165
Truck805358,2437,2224,510,625,115
Truck805377,2655,2437,515,625,110
Truck804715,3238,3121,330,626,296
Truck805638,3239,3121,585,626,41
Truck804740,2656,1339,335,627,292
Truck804954,3239,3122,395,627,232
Truck805191,2821,2225,460,627,167
Truck805332,3239,2821,500,627,127
Truck805349,2224,3239,505,627,122
Truck805531,3331,1338,555,627,72
Truck804412,1339,2436,245,628,383
Truck805376,2437,3331,515,628,113
Truck805458,3239,2822,535,628,93
Truck805514,2656,3121,550,628,78
Truck805625,2998,1338,580,628,48
Truck804426,3122,2436,250,629,379
Truck804857,3121,3331,370,629,259
Truck805250,2437,3238,480,629,149
Truck804447,2436,3122,255,630,375
Truck804929,3121,1339,390,631,241
Truck804948,3122,3121,395,631,236
Truck805089,2655,2999,435,631,196
Truck805162,2999,3122,455,631,176
Truck805209,2821,3121,465,631,166
Truck805678,2822,2998,595,631,36
Truck804355,3238,2821,230,632,402
Truck804752,2225,3122,340,632,292
Truck804843,2436,3121,365,632,267
Truck805549,3331,2655,560,632,72
Truck805367,2224,3122,510,633,123
Truck805532,2656,3121,555,633,78
Truck805674,3239,2656,595,633,38
Truck804375,2436,2821,235,634,399
Truck804534,3122,2998,280,634,354
Truck805394,2437,2822,520,634,114
Truck805289,3121,2437,490,635,145
Truck805336,2822,2999,500,635,135
Truck805600,1339,3238,575,635,60
Truck805643,2998,3121,585,635,50
Truck804508,2822,0,270,636,366
Truck804894,3122,3331,380,636,256
Truck805072,2999,2436,430,636,206
Truck805227,2821,2999,470,636,166
Truck805567,3331,2437,565,636,71
Truck805597,3238,1339,575,636,61
Truck804543,2821,0,280,637,357
Truck805385,2224,2656,515,637,122
Truck804393,2436,2224,240,638,398
Truck804893,3121,2655,380,638,258
Truck805624,2822,2656,580,638,58
Truck805661,2998,2655,590,638,48
Truck804698,2225,2224,325,639,314
Truck805341,2655,2822,505,639,134
Truck805412,2437,2656,525,639,114
Truck805494,3239,2822,545,639,94
Truck805550,2656,2655,560,639,79
Truck804769,3238,3121,345,641,296
Truck804772,1339,2225,345,641,296
Truck805200,3122,2999,465,641,176
Truck805354,2822,1338,505,641,136
Truck805692,3239,2436,600,641,41
Truck805770,0,3122,625,641,16
Truck804483,2436,3122,265,642,377
Truck804726,0,2225,335,642,307
Truck804911,3121,3331,385,642,257
Truck805614,3122,3238,580,642,62
Truck805798,1339,0,630,642,12
Truck805568,2656,2436,565,643,78
Truck805679,2998,3331,595,643,48
Truck805710,3239,2656,605,643,38
Truck805430,2437,2656,530,644,114
Truck805466,2437,0,540,644,104
Truck804716,2225,3239,330,645,315
Truck805126,2999,2821,445,645,200
Truck805143,2655,0,450,645,195
Truck804484,1339,2436,265,646,381
Truck804936,3239,3238,390,646,256
Truck805372,2822,3121,510,646,136
Truck805421,2224,3121,525,646,121
Truck804411,2436,2822,245,647,402
Truck805251,2655,2821,480,647,167
Truck804865,3331,1339,370,648,278
Truck805144,2999,2224,450,648,198
Truck804734,2225,2822,335,649,314
Truck805697,2998,2225,600,649,49
Truck804608,2225,3238,300,651,351
Truck805621,3331,2436,580,651,71
Truck805728,3239,2437,610,651,41
Truck805848,3122,1339,645,651,6
Truck805439,2224,2437,530,652,122
Truck805019,3121,1339,415,653,238
Truck805748,2656,3239,615,653,38
Truck805032,0,3239,420,654,234
Truck805269,2655,2224,485,654,169
Truck805715,2998,1339,605,654,49
Truck804499,3238,2224,270,655,385
Truck804947,3121,2822,395,655,260
Truck805281,2821,2999,485,655,170
Truck805408,2822,2436,520,655,135
Truck805500,0,2437,550,655,105
Truck804492,0,2821,270,656,386
Truck804862,1339,3331,370,656,286
Truck805198,2999,0,465,656,191
Truck805440,3239,2998,530,656,126
Truck805457,2224,2436,535,656,121
Truck805581,2436,2225,570,656,86
Truck805830,3122,0,640,656,16
Truck804626,2225,3238,305,657,352
Truck804770,2225,3331,345,657,312
Truck805180,2999,2224,460,657,197
Truck805252,2999,3122,480,657,177
Truck805413,2655,2822,525,657,132
Truck805639,3331,2999,585,657,72
Truck805746,3239,2225,615,657,42
Truck804537,2436,3122,280,658,378
Truck804546,0,2224,285,659,374
Truck804840,3122,3331,365,659,294
Truck805037,3121,1339,420,659,239
Truck805254,3122,2655,480,659,179
Truck805258,1339,2999,480,659,179
Truck804644,2225,3238,310,660,350
Truck805001,3121,0,410,660,250
Truck805426,2822,2999,525,660,135
Truck805586,2656,2998,570,660,90
Truck805733,2998,3238,610,660,50
Truck804339,2436,3238,225,661,436
Truck804588,3122,2224,295,661,366
Truck804664,1339,2224,315,661,346
Truck805786,2822,2821,625,661,36
Truck804844,1339,2656,365,662,297
Truck805475,2224,2655,540,662,122
Truck805502,2437,2821,550,662,112
Truck805714,2822,2656,605,663,58
Truck805751,2998,1338,615,663,48
Truck805060,1339,3239,425,664,239
Truck804669,2821,1339,315,665,350
Truck805444,2822,3121,530,665,135
Truck805685,3121,2999,600,665,65
Truck805183,3238,2655,460,667,207
Truck805604,2656,2224,575,667,92
Truck805888,1339,0,655,667,12
Truck804501,2436,2656,270,668,398
Truck804890,2437,2436,380,668,288
Truck804938,2656,1339,390,668,278
Truck805073,3121,1339,430,668,238
Truck805161,2655,1339,455,668,213
Truck805335,2821,2999,500,668,168
Truck805493,2224,2436,545,668,123
Truck805520,2437,3239,555,668,113
Truck804589,3238,2822,295,669,374
Truck805769,2998,3121,620,669,49
Truck804574,1339,2821,290,670,380
Truck805622,2656,2821,580,670,90
Truck805008,3239,3238,410,671,261
Truck805092,3122,3121,435,671,236
Truck805603,3331,2224,575,671,96
Truck804806,2225,2821,355,672,317
Truck805234,2999,2655,475,672,197
Truck805683,2655,3331,600,672,72
Truck805306,2999,1339,495,673,178
Truck805676,2656,2437,595,673,78
Truck805787,2998,2225,625,673,48
Truck805839,2821,2822,640,674,34
Truck804519,2436,2224,275,675,400
Truck804732,3122,2821,335,675,340
Truck804895,3238,3121,380,675,295
Truck804970,1339,3331,400,675,275
Truck805417,3238,2437,525,675,150
Truck805480,2822,1338,540,675,135
Truck805641,2821,2656,585,675,90
Truck804571,3238,2998,290,676,386
Truck804592,1339,2436,295,676,381
Truck805075,3238,2655,430,676,246
Truck805091,3121,1339,435,676,241
Truck805266,0,2999,485,676,191
Truck804824,2225,3239,360,677,317
Truck805529,2224,3331,555,677,122
Truck805556,2437,2822,565,677,112
Truck805640,2656,2821,585,677,92
Truck805711,3331,3121,605,677,72
Truck805805,2998,3239,630,678,48
Truck805836,3239,2656,640,678,38
Truck805838,2656,3239,640,678,38
Truck805738,2999,3121,615,680,65
Truck805762,1339,3238,620,680,60
Truck805109,3121,1339,440,681,241
Truck805547,2224,2655,560,681,121
Truck805658,2656,2998,590,681,91
Truck805650,3122,2437,590,682,92
Truck805729,3331,2225,610,682,72
Truck804956,2656,3238,395,684,289
Truck805287,2655,0,490,684,194
Truck805823,2998,2656,635,684,49
Truck805270,2999,3239,485,685,200
Truck805516,2822,1338,550,685,135
Truck804628,1339,2436,305,686,381
Truck805876,2822,2821,650,686,36
Truck804607,3238,2224,300,687,387
Truck804679,3238,2224,320,687,367
Truck804733,3238,2225,335,687,352
Truck804860,2225,2998,370,687,317
Truck805565,2224,2822,565,687,122
Truck805854,3239,1338,645,687,42
Truck804573,2436,2821,290,688,398
Truck804718,1339,2821,330,688,358
Truck805288,2999,2822,490,688,198
Truck805730,2656,3121,610,688,78
Truck805874,2656,3239,650,688,38
Truck804615,2821,0,300,689,389
Truck805841,2998,2437,640,689,49
Truck805996,1339,3122,685,689,4
Truck804878,2225,2822,375,690,315
Truck804950,2225,1339,395,691,296
Truck805583,2224,2822,570,691,121
Truck805694,2656,2998,600,691,91
Truck805129,3238,3239,445,692,247
Truck805425,2821,1338,525,692,167
Truck804651,2821,3238,310,693,383
Truck805587,2821,2224,570,693,123
Truck805859,2998,2655,645,694,49
Truck804591,2436,2821,295,695,400
Truck804920,2656,0,385,695,310
Truck805552,2822,3121,560,695,135
Truck805793,3121,2999,630,695,65
Truck804896,2225,3331,380,696,316
Truck804904,2822,1339,380,696,316
Truck804965,3121,3238,400,696,296
Truck805724,2225,2436,610,696,86
Truck805974,3122,0,680,696,16
Truck806018,2656,3331,690,696,6
Truck805443,2821,2999,530,697,167
Truck805610,2437,2224,580,697,117
Truck804914,2225,2821,385,698,313
Truck804986,2225,3122,405,698,293
Truck805601,2224,0,575,698,123
Truck805766,2656,2436,620,698,78
Truck804681,2436,1339,320,700,380
Truck804852,0,2822,370,700,330
Truck805134,3239,0,445,700,255
Truck805324,2999,2224,500,700,200
Truck805461,2821,2437,535,700,165
Truck805700,2437,1339,605,700,95
Truck805877,2998,3121,650,700,50
Truck804750,3122,2224,340,701,361
Truck805736,2437,2999,615,701,86
Truck805449,2655,2821,535,702,167
Truck805619,2224,3121,580,702,122
Truck805722,3122,2437,610,702,92
Truck805899,2655,3239,660,702,42
Truck805908,3239,2436,660,702,42
Truck804621,2655,2436,305,703,398
Truck805016,2437,2436,415,703,288
Truck805893,2821,2998,655,703,48
Truck804868,2822,0,370,704,334
Truck805646,2437,2655,590,704,114
Truck804696,3122,2436,325,705,380
Truck805216,2999,3238,470,705,235
Truck805588,2822,3121,570,705,135
Truck805756,2999,2437,620,705,85
Truck805895,2998,3239,655,705,50
Truck804700,1339,2436,325,706,381
Truck804996,0,3331,410,706,296
Truck805917,2655,3239,665,706,41
Truck804960,0,2225,400,707,307
Truck805731,2821,3331,610,707,97
Truck805809,2655,3331,635,707,72
Truck804705,2821,3238,325,708,383
Truck805620,3239,2224,580,708,128
Truck805637,2224,2821,585,708,123
Truck805858,2822,3331,645,708,63
Truck805946,2656,3239,670,708,38
Truck805022,2225,1339,415,709,294
Truck805606,2822,1338,575,709,134
Truck805802,2656,3121,630,709,79
Truck805538,2437,3238,560,710,150
Truck805913,2998,3121,660,710,50
Truck804714,3122,2821,330,711,381
Truck804768,3122,2821,345,711,366
Truck805127,3121,2436,445,711,266
Truck805747,3331,2821,615,711,96
Truck806064,3122,1339,705,711,6
Truck805892,2656,2822,655,712,57
Truck805944,3239,2225,670,712,42
Truck805981,3331,3239,680,712,32
Truck806040,0,1339,700,712,12
Truck805082,2656,1339,430,713,283
Truck805378,2999,3331,515,713,198
Truck805655,2224,2655,590,713,123
Truck805682,2437,3239,600,713,113
Truck804672,0,2436,320,714,394
Truck805931,2998,2822,665,714,49
Truck804968,2225,2656,400,715,315
Truck805021,3238,2656,415,715,300
Truck805118,2656,3122,440,715,275
Truck805194,0,3121,465,715,250
Truck805235,3121,1339,475,715,240
Truck805790,2437,2999,630,715,85
Truck805168,1339,2656,455,716,261
Truck805515,2821,3121,550,716,166
Truck805673,2224,2821,595,716,121
Truck805855,3331,2437,645,716,71
Truck805962,3239,2655,675,716,41
Truck804816,0,2822,360,717,357
Truck805116,3239,3238,440,717,277
Truck805145,3121,2436,450,717,267
Truck804675,2655,2436,320,719,399
Truck805181,3121,2655,460,719,259
Truck805503,2655,2821,550,719,169
Truck805642,2822,2436,585,719,134
Truck805949,2998,1338,670,719,49
Truck805057,3238,3121,425,720,295
Truck805396,2999,2998,520,720,200
Truck805574,2437,3238,570,720,150
Truck805488,3122,2999,545,721,176
Truck805533,2821,2436,555,722,167
Truck805691,2224,3238,600,722,122
Truck805718,2437,3331,610,722,112
Truck805928,2656,2822,665,722,57
Truck805967,2998,2225,675,723,48
Truck805199,3121,3239,465,724,259
Truck805305,2655,0,495,724,229
Truck805414,2999,2655,525,724,199
Truck805450,2999,0,535,724,189
Truck804771,2436,1339,345,725,380
Truck804898,1339,2821,380,725,345
Truck805660,2822,2437,590,725,135
Truck805808,2437,3122,635,725,90
Truck804813,2821,1339,355,726,371
Truck805323,2655,0,500,726,226
Truck805709,2224,2225,605,726,121
Truck805801,3331,2998,630,726,96
Truck806082,3122,0,710,726,16
Truck805068,0,2656,430,727,297
Truck805320,0,3239,500,727,227
Truck805418,2225,2437,525,727,202
Truck805153,3331,1339,450,728,278
Truck805262,2656,1339,480,728,248
Truck804867,2821,3122,370,729,359
Truck805432,2999,3331,530,729,199
Truck805236,3122,3331,475,730,255
Truck805628,2437,3121,585,730,145
Truck805985,2998,2437,680,730,50
Truck806016,3239,3121,690,730,40
Truck804753,2436,0,340,731,391
Truck805368,3239,3122,510,731,221
Truck805819,3331,2821,635,731,96
Truck805233,2655,3121,475,732,257
Truck805419,2436,2999,525,732,207
Truck805569,2821,2655,565,732,167
Truck805720,2999,2225,610,732,122
Truck805754,2437,3331,620,732,112
Truck805964,2656,2822,675,732,57
Truck804751,3238,2998,340,733,393
Truck805727,2224,3239,610,733,123
Truck805909,3331,2999,660,733,73
Truck806003,2998,3239,685,733,48
Truck805040,2225,2655,420,734,314
Truck805557,2655,2821,565,734,169
Truck805696,2822,3121,600,734,134
Truck804735,2436,2998,335,735,400
Truck805271,3121,0,485,735,250
Truck805837,3331,2224,640,735,95
Truck805114,1339,2225,440,736,296
Truck805190,2656,3122,460,737,277
Truck805448,2437,2225,535,737,202
Truck805745,2224,2225,615,737,122
Truck805927,3331,2225,665,737,72
Truck805984,2822,2656,680,737,57
Truck806034,3239,2436,695,737,42
Truck805142,2437,2436,450,738,288
Truck805966,2822,3331,675,738,63
Truck806021,2998,2655,690,739,49
Truck804903,2821,3122,380,740,360
Truck805058,2225,3331,425,740,315
Truck805135,3331,3238,445,740,295
Truck805468,2999,2822,540,740,200
Truck805887,2436,2225,655,740,85
Truck806052,3239,2999,700,740,40
Truck805296,3239,0,490,741,251
Truck805763,2224,3331,620,741,121
Truck805875,2821,2656,650,741,91
Truck806180,2656,3331,735,741,6
Truck805074,3122,2822,430,742,312
Truck805350,3239,0,505,742,237
Truck805558,2999,3122,565,742,177
Truck805593,2655,2224,575,742,167
Truck805605,2821,2436,575,742,167
Truck805939,3238,0,670,742,72
Truck806000,2656,2822,685,742,57
Truck804942,0,2822,395,743,348
Truck805071,2655,2225,430,743,313
Truck805564,1339,2655,565,743,178
Truck804826,1339,2224,360,744,384
Truck805076,2225,3331,430,744,314
Truck805224,3239,3238,470,744,274
Truck805560,3122,2655,565,744,179
Truck805669,3238,2437,595,744,149
Truck805719,2655,2822,610,744,134
Truck806039,2998,1338,695,744,49
Truck804858,3122,2998,370,745,375
Truck804940,2822,1339,390,745,355
Truck805880,2437,3122,655,745,90
Truck804949,3238,2225,395,746,351
Truck804988,1339,2998,405,746,341
Truck805360,2999,3238,510,746,236
Truck805623,2821,2655,580,746,166
Truck805781,2224,3331,625,746,121
Truck805539,2655,3122,560,747,187
Truck805873,3331,2821,650,747,97
Truck805963,3331,2437,675,747,72
Truck805992,3122,3238,685,747,62
Truck804643,3238,2436,310,748,438
Truck805244,2656,3122,475,748,273
Truck805504,2999,2821,550,748,198
Truck805737,2655,2822,615,748,133
Truck806090,2656,3239,710,748,38
Truck805094,2225,3239,435,749,314
Truck805366,1339,3121,510,749,239
Truck804789,2436,2998,350,750,400
Truck805379,3121,3122,515,750,235
Truck805910,2656,2998,660,750,90
Truck806110,2822,2821,715,750,35
Truck805048,2822,0,420,751,331
Truck805596,3122,2999,575,751,176
Truck806208,3122,1339,745,751,6
Truck804663,2436,3238,315,752,437
Truck804807,2436,3331,355,752,397
Truck804861,2436,1339,370,752,382
Truck805508,2225,2437,550,752,202
Truck805380,3122,3121,515,753,238
Truck805799,2224,2821,630,753,123
Truck805826,2437,3331,640,753,113
Truck805521,2655,3122,555,754,199
Truck805522,2999,3331,555,755,200
Truck805768,2822,2225,620,755,135
Truck805827,2655,2437,640,755,115
Truck806075,2998,2822,705,755,50
Truck805184,2225,1339,460,756,296
Truck805307,3121,3331,495,756,261
Truck805343,3121,0,505,756,251
Truck806097,2655,3239,715,756,41
Truck805800,3239,2998,630,757,127
Truck805999,3331,1338,685,757,72
Truck805817,2224,2225,635,758,123
Truck806093,2998,1339,710,758,48
Truck805398,3122,3121,520,759,239
Truck805540,2999,2224,560,759,199
Truck804825,2436,2821,360,760,400
Truck805279,3331,3238,485,760,275
Truck805345,3238,3239,505,761,256
Truck805616,2225,3121,580,761,181
Truck805677,2821,2437,595,761,166
Truck805835,2224,2437,640,761,121
Truck806124,3239,2437,720,761,41
Truck806202,0,3122,745,761,16
Truck805311,2436,3121,495,762,267
Truck805818,3239,2224,635,762,127
Truck806017,3331,2999,690,762,72
Truck805130,2225,3331,445,763,318
Truck805404,3239,1339,520,763,243
Truck805804,2822,1338,630,763,133
Truck804913,3238,2821,385,765,380
Truck805945,3331,2224,670,765,95
Truck806111,2998,2822,715,765,50
Truck804916,1339,2436,385,766,381
Truck805148,2225,2822,450,766,316
Truck805896,0,2437,660,766,106
Truck805853,2224,2225,645,767,122
Truck805862,2437,2655,650,767,117
Truck806179,3331,3239,735,767,32
Truck805325,3121,2436,500,768,268
Truck805333,3331,1339,500,768,268
Truck805344,3122,2656,505,768,263
Truck805359,2655,3121,510,768,258
Truck805575,2655,3122,570,768,198
Truck806022,0,3238,695,768,73
Truck805240,1339,2225,475,769,294
Truck805952,2437,1339,675,769,94
Truck806129,2998,2655,720,769,49
Truck805871,2224,2225,650,771,121
Truck805982,2656,2998,680,771,91
Truck805995,2436,2225,685,771,86
Truck805056,3122,2998,425,772,347
Truck805212,0,2656,470,772,302
Truck806043,2655,3331,700,772,72
Truck804879,2436,2656,375,773,398
Truck805166,2225,2655,455,773,318
Truck805594,2999,2224,575,773,198
Truck805898,2437,2224,660,773,113
Truck805253,3121,3238,480,774,294
Truck805713,2821,2999,605,774,169
Truck806057,2998,2224,700,774,74
Truck806147,2998,1338,725,774,49
Truck805038,3122,2821,420,775,355
Truck805102,2822,1339,435,775,340
Truck805772,2437,3238,625,775,150
Truck805840,2822,2437,640,775,135
Truck806006,2437,2999,690,776,86
Truck806178,3239,2436,735,776,41
Truck804915,2436,0,385,777,392
Truck804930,3122,2821,390,777,387
Truck805612,2999,2998,580,777,197
Truck805686,3122,2999,600,777,177
Truck805889,2224,2656,655,777,122
Truck805872,3239,2224,650,778,128
Truck804897,2436,3239,380,779,399
Truck805202,2225,3239,465,779,314
Truck805397,3121,3331,520,779,259
Truck805998,3239,2822,685,779,94
Truck805579,3238,2655,570,780,210
Truck806165,2998,3238,730,780,50
Truck805684,2999,1339,600,781,181
Truck805950,0,2437,675,781,106
Truck805290,3122,2225,490,782,292
Truck805907,2224,2655,660,782,122
Truck806061,2655,2656,705,782,77
Truck806072,2656,1338,705,782,77
Truck805415,3121,3239,525,783,258
Truck805749,2821,2225,615,783,168
Truck806183,2998,2436,735,783,48
Truck805096,1339,2998,435,785,350
Truck805647,2655,2999,590,787,197
Truck805911,2821,3239,660,787,127
Truck805925,2224,2436,665,787,122
Truck806107,3331,3121,715,787,72
Truck804933,2436,2822,390,788,398
Truck804975,2821,0,400,788,388
Truck805219,3238,2656,470,789,319
Truck805611,2655,0,580,789,209
Truck805648,2999,2998,590,789,199
Truck805894,2822,1338,655,789,134
Truck806356,1339,3122,785,789,4
Truck805433,3121,2821,530,790,260
Truck805844,2437,3121,645,790,145
Truck806201,2998,1339,740,790,50
Truck806232,3239,2436,750,790,40
Truck805006,1339,2436,410,791,381
Truck806055,2821,2656,700,791,91
Truck806254,2822,2224,755,791,36
Truck806316,3122,0,775,791,16
Truck806352,3122,1339,785,791,6
Truck805524,3122,3121,555,792,237
Truck805721,3121,2225,610,792,182
Truck805785,2821,2999,625,792,167
Truck806161,3331,2822,730,792,62
Truck805020,3122,2436,415,793,378
Truck805256,2225,2656,480,793,313
Truck805943,2224,2655,670,793,123
Truck806035,3331,2998,695,793,98
Truck806112,0,3238,720,793,73
Truck806219,2998,3121,745,793,48
Truck806252,2656,3239,755,793,38
Truck804951,2436,2655,395,794,399
Truck805584,3239,3122,570,794,224
Truck806042,2437,1339,700,794,94
Truck805773,2655,2821,625,795,170
Truck805970,2437,2998,680,795,115
Truck806050,1339,2437,700,795,95
Truck806153,3121,2999,730,795,65
Truck805451,3121,2224,535,796,261
Truck805470,3122,3239,540,796,256
Truck805744,1339,2999,615,796,181
Truck806053,3331,2224,700,796,96
Truck806143,3331,2437,725,796,71
Truck806241,2655,3239,755,796,41
Truck806250,3239,1338,755,796,41
Truck806272,2822,2224,760,796,36
Truck806334,3122,0,780,796,16
Truck805327,3238,3121,500,797,297
Truck805664,2437,2225,595,797,202
Truck805666,2999,3239,595,797,202
Truck805803,2821,2999,630,798,168
Truck805961,2224,3121,675,798,123
Truck806235,2821,2998,750,799,49
Truck805132,1339,2224,445,800,355
Truck806237,2998,3238,750,800,50
Truck804967,3238,2998,400,801,401
Truck805979,2224,2999,680,801,121
Truck805041,2436,1339,420,802,382
Truck805485,2655,3121,545,802,257
Truck805122,0,2224,445,803,358
Truck806255,2998,2437,755,803,48
Truck804987,2436,3239,405,804,399
Truck805702,2999,2822,605,804,199
Truck805948,2822,2655,670,804,134
Truck806189,3121,2999,740,804,64
Truck805077,2436,3122,430,805,375
Truck805487,3121,2656,545,805,260
Truck805821,2821,2655,635,805,170
Truck805338,0,3331,505,806,301
Truck805469,3121,2436,540,806,266
Truck805577,3121,3122,570,806,236
Truck806286,3239,2225,765,806,41
Truck804859,3238,2436,370,807,437
Truck805997,2224,3121,685,807,122
Truck806001,2821,2224,685,807,122
Truck806024,2437,2224,695,808,113
Truck806104,1339,2437,715,808,93
Truck805629,2655,0,585,809,224
Truck806273,2998,3121,760,809,49
Truck806428,1339,3122,805,809,4
Truck805093,3238,2224,435,810,375
Truck805505,3121,3331,550,810,260
Truck805582,1339,3121,570,810,240
Truck806025,2655,2437,695,810,115
Truck806132,2437,2999,725,810,85
Truck806206,2999,3121,745,810,65
Truck806325,2821,2822,775,810,35
Truck805218,3122,2822,470,811,341
Truck806382,0,3122,795,811,16
Truck805255,3238,2822,480,812,332
Truck805381,3238,3121,515,812,297
Truck805796,2225,3121,630,812,182
Truck806008,2999,2225,690,812,122
Truck806015,2224,2821,690,812,122
Truck805023,2436,2656,415,813,398
Truck805523,3121,2821,555,813,258
Truck805857,2821,2436,645,813,168
Truck805158,0,2998,455,814,359
Truck805173,2821,3122,455,814,359
Truck805204,1339,2822,465,814,349
Truck806291,2998,3239,765,814,49
Truck805328,2225,3331,500,815,315
Truck806136,3122,2437,725,815,90
Truck806144,2656,2998,725,815,90
Truck806125,3331,2998,720,816,96
Truck806344,2822,2998,780,816,36
Truck805164,3122,2821,455,817,362
Truck805495,3331,3122,545,817,272
Truck806248,1339,3238,755,817,62
Truck806322,3239,2999,775,817,42
Truck805541,3121,2224,560,818,258
Truck805989,2655,2822,685,818,133
Truck806033,2224,2821,695,818,123
Truck806309,2998,2999,770,818,48
Truck805356,0,2656,510,819,309
Truck805548,3239,3238,560,819,259
Truck805104,0,2998,440,820,380
Truck805346,2225,2822,505,820,315
Truck805528,1339,3331,555,820,265
Truck805630,2999,3238,585,820,235
Truck805934,2437,3238,670,820,150
Truck806002,2822,1338,685,820,135
Truck806162,2656,2998,730,820,90
Truck805186,1339,2998,460,821,361
Truck805478,2656,1339,540,821,281
Truck805788,0,2999,630,821,191
Truck805792,2999,0,630,821,191
Truck806340,3239,1338,780,821,41
Truck805506,3122,2656,550,822,272
Truck806051,2224,2822,700,822,122
Truck806078,2437,3331,710,822,112
Truck806216,2656,2437,745,822,77
Truck803690,2225,1338,45,823,778
Truck805513,3331,1339,550,823,273
Truck805559,3121,3239,565,823,258
Truck805863,2655,1339,650,823,173
Truck805128,3122,2436,445,824,379
Truck805881,2655,2998,655,824,169
Truck806020,2822,2655,690,824,134
Truck805364,2225,2656,510,825,315
Truck806260,2999,3121,760,825,65
Truck806327,2998,2999,775,825,50
Truck804931,3238,2436,390,826,436
Truck805065,2821,0,425,826,401
Truck805330,1339,2822,500,826,326
Truck805631,3121,1339,585,826,241
Truck805973,3121,2437,680,826,146
Truck806251,3331,1338,755,826,71
Truck806358,3239,2999,785,826,41
Truck806380,2822,2821,790,826,36
Truck805149,2436,3122,450,827,377
Truck806069,2224,2436,705,827,122
Truck806234,2656,2999,750,827,77
Truck805086,0,2436,435,828,393
Truck805618,1339,3239,580,828,248
Truck806038,2822,2655,695,828,133
Truck805453,3238,3121,535,829,294
Truck805870,1339,2999,650,830,180
Truck806096,2437,2998,715,830,115
Truck806345,2998,3122,780,830,50
Truck805113,2436,0,440,831,391
Truck805868,2225,3121,650,831,181
Truck805884,3122,2999,655,831,176
Truck806073,2821,3239,705,831,126
Truck806087,2224,3121,710,831,121
Truck806130,0,2437,725,831,106
Truck805929,2821,2225,665,832,167
Truck806114,2437,3331,720,832,112
Truck806198,2656,2224,740,832,92
Truck806256,0,3238,760,832,72
Truck806269,3331,2436,760,832,72
Truck805095,2436,2655,435,833,398
Truck805585,3331,0,570,833,263
Truck806070,3239,2998,705,833,128
Truck806361,2821,2998,785,833,48
Truck806412,3239,3331,800,833,33
Truck805595,3121,2821,575,834,259
Truck805602,3239,1339,575,834,259
Truck806363,2998,2655,785,834,49
Truck805273,3238,2822,485,835,350
Truck805400,2225,3239,520,836,316
Truck805708,1339,3239,605,836,231
Truck805846,2999,0,645,836,191
Truck806009,3121,2437,690,836,146
Truck806287,3331,2436,765,836,71
Truck806472,0,3122,820,836,16
Truck805428,0,2225,530,837,307
Truck805472,2225,1339,540,837,297
Truck805613,3121,2822,580,837,257
Truck806197,3331,2821,740,837,97
Truck805654,1339,3331,590,838,248
Truck806105,2224,2437,715,838,123
Truck805318,2822,3238,495,839,344
Truck805632,3122,2656,585,839,254
Truck805828,2999,2822,640,839,199
Truck806381,2998,2999,790,839,49
Truck805860,0,2999,650,840,190
Truck806215,3331,2224,745,840,95
Truck805291,3238,2225,490,841,351
Truck806074,2822,2999,705,841,136
Truck806242,2999,2437,755,841,86
Truck806539,3331,2656,835,841,6
Truck805527,2436,2437,555,842,287
Truck805904,2225,3121,660,842,182
Truck806166,0,2437,735,842,107
Truck806449,3331,3239,810,842,32
Truck805165,3238,2998,455,843,388
Truck805292,2225,3238,490,843,353
Truck806123,2224,2225,720,843,123
Truck806399,2998,2656,795,843,48
Truck803547,2436,1338,5,844,839
Truck806150,2437,3331,730,844,114
Truck805111,3238,2224,440,845,405
Truck805723,3238,2999,610,845,235
Truck805953,2655,2821,675,845,170
Truck806092,2822,3121,710,845,135
Truck806230,1339,2437,750,845,95
Truck806233,3331,2224,750,845,95
Truck806244,3122,2437,755,845,90
Truck805561,3238,3331,565,846,281
Truck806141,2224,0,725,846,121
Truck803791,1338,2225,75,847,772
Truck805755,2655,0,620,847,227
Truck805983,2821,2436,680,847,167
Truck806323,3331,2436,775,847,72
Truck805864,2999,3331,650,848,198
Truck805971,2655,2998,680,848,168
Truck806127,2821,3239,720,848,128
Truck806317,3238,0,775,848,73
Truck805185,2436,0,460,849,389
Truck805294,1339,2821,490,849,359
Truck805845,2655,0,645,849,204
Truck806417,2998,2436,800,849,49
Truck805454,2225,2998,535,850,315
Truck805665,2655,3121,595,850,255
Truck805764,3239,3122,620,850,230
Truck806439,2655,3239,810,850,40
Truck806341,3331,2436,780,851,71
Truck806448,3239,2225,810,851,41
Truck806159,2224,3238,730,852,122
Truck806485,3331,3239,820,852,32
Truck805657,3331,1339,590,853,263
Truck806435,2998,3122,805,853,48
Truck805176,0,2998,460,854,394
Truck806142,3239,2821,725,854,129
Truck806590,1339,3122,850,854,4
Truck806128,2822,3121,720,855,135
Truck806186,2437,2822,740,855,115
Truck806268,3239,2822,760,855,95
Truck805389,2821,3122,515,856,341
Truck805698,0,3121,605,856,251
Truck805776,3122,3239,625,856,231
Truck806395,3331,2822,795,856,61
Truck806466,3239,2436,815,856,41
Truck805546,1339,2225,560,857,297
Truck805667,3121,2821,595,857,262
Truck806007,2655,2224,690,857,167
Truck806177,2224,1338,735,857,122
Truck806572,1339,0,845,857,12
Truck805656,3239,3238,590,858,268
Truck805668,3122,3331,595,858,263
Truck806019,2821,2437,690,858,168
Truck806342,2656,1338,780,858,78
Truck805636,1339,3331,585,859,274
Truck806146,2822,1338,725,859,134
Truck806284,1339,2437,765,860,95
Truck806407,3238,3122,800,860,60
Truck806195,2224,2655,740,861,121
Truck806294,2437,3122,770,861,91
Truck806410,1339,3238,800,861,61
Truck805434,3122,2822,530,862,332
Truck805703,3121,2224,605,862,257
Truck805716,0,3121,610,862,252
Truck806192,2225,2999,740,862,122
Truck806580,0,1339,850,862,12
Truck806360,2656,2437,785,863,78
Truck806502,3239,2656,825,863,38
Truck806471,2998,3238,815,864,49
Truck805272,3122,2821,485,865,380
Truck805918,2999,2821,665,865,200
Truck806164,2822,2437,730,865,135
Truck806336,2225,2436,780,866,86
Truck806629,3331,2656,860,866,6
Truck806630,2656,3331,860,866,6
Truck805782,3239,3122,625,867,242
Truck805900,2999,2436,660,867,207
Truck806213,2224,2225,745,867,122
Truck803737,1338,2225,60,868,808
Truck805382,2225,3238,515,868,353
Truck806240,2437,3331,755,868,113
Truck806489,2998,1338,820,868,48
Truck805201,3238,2224,465,869,404
Truck805526,2225,2224,555,870,315
Truck805810,2999,3238,635,870,235
Truck806443,3238,3122,810,870,60
Truck805348,1339,2998,505,871,366
Truck805402,1339,2224,520,871,351
Truck805811,3121,3122,635,871,236
Truck806231,2224,2821,750,871,121
Truck806468,2656,2822,815,871,56
Truck806520,3239,2999,830,871,41
Truck805399,3238,2225,520,872,352
Truck805954,2999,2655,675,872,197
Truck806214,3239,2998,745,872,127
Truck805777,3238,2655,625,874,249
Truck805435,3238,2822,530,875,345
Truck806258,2437,2655,760,875,115
Truck805326,3122,2998,500,876,376
Truck805739,3121,2655,615,876,261
Truck806249,2224,0,755,876,121
Truck806343,2821,3331,780,876,96
Truck806666,2656,3331,870,876,6
Truck805675,3331,1339,595,877,282
Truck806276,2437,2224,765,877,112
Truck806372,2225,2436,790,877,87
Truck806421,2655,3331,805,877,72
Truck805239,2436,2655,475,878,403
Truck805542,3122,2822,560,878,318
Truck805986,0,2999,685,878,193
Truck806079,2655,2224,710,878,168
Truck806091,2821,2999,710,878,168
Truck805312,1339,2821,495,879,384
Truck806525,2998,2655,830,879,49
Truck806482,1339,3238,820,880,60
Truck805257,2436,2821,480,881,401
Truck805972,2999,2655,680,881,201
Truck806218,2822,1338,745,881,136
Truck806593,3331,3239,850,882,32
Truck805374,0,2821,515,883,368
Truck805436,2225,3238,530,883,353
Truck805757,3121,2656,620,883,263
Truck806267,2224,1338,760,883,123
Truck806574,3239,2656,845,883,38
Truck805275,2436,2656,485,884,399
Truck805580,2225,2821,570,884,314
Truck806062,2999,1339,705,884,179
Truck806236,2822,2437,750,884,134
Truck806453,2998,2224,810,884,74
Truck806543,2998,2822,835,884,49
Truck805652,2225,1339,590,885,295
Truck805758,3122,2656,620,885,265
Truck805775,3121,2822,625,885,260
Truck805926,3239,1339,665,886,221
Truck806377,3331,2821,790,886,96
Truck805988,2437,2225,685,887,202
Truck806285,2224,2436,765,887,122
Truck805147,3238,2436,450,888,438
Truck806289,2821,2224,765,888,123
Truck806561,2998,2225,840,888,48
Truck805598,2225,2822,575,889,314
Truck806392,1339,2437,795,889,94
Truck806450,2656,2437,810,889,79
Truck806716,1339,3122,885,889,4
Truck805672,1339,2225,595,890,295
Truck806145,2821,2655,725,890,165
Truck805167,2436,3238,455,891,436
Truck805293,2436,2655,490,891,401
Truck805705,3238,3239,605,891,286
Truck805903,3238,2655,660,891,231
Truck806518,1339,3238,830,891,61
Truck805299,2821,3238,490,892,402
Truck806303,2224,2822,770,892,122
Truck806414,2656,2998,800,892,92
Truck805882,2999,3238,655,893,238
Truck805693,3331,0,600,894,294
Truck806204,2437,3238,745,894,149
Truck806579,2998,1339,845,895,50
Truck806321,2224,3122,775,896,121
Truck806424,3122,2437,805,896,91
Truck806610,3239,3121,855,896,41
Truck805980,3239,3122,680,897,217
Truck805384,1339,2821,515,898,383
Truck805490,2225,3238,545,898,353
Truck805634,2225,2822,585,898,313
Truck805797,2436,3121,630,898,268
Truck806503,3331,2999,825,898,73
Truck805492,1339,2998,545,899,354
Truck805510,1339,2224,550,899,349
Truck805706,2225,3122,605,899,294
Truck805806,0,2656,635,899,264
Truck806116,2999,1339,720,899,179
Truck806163,2821,2436,730,899,169
Truck806507,2998,2224,825,899,74
Truck806597,2998,2999,850,899,49
Truck806348,2437,2822,785,900,115
Truck806628,3239,3121,860,900,40
Truck805203,2436,3238,465,901,436
Truck805816,1339,2656,635,901,266
Truck806181,2821,2225,735,901,166
Truck806290,2822,2436,765,901,136
Truck806339,2224,3121,780,901,121
Truck806521,3331,3121,830,901,71
Truck806734,1339,0,890,902,12
Truck805920,3122,3121,665,903,238
Truck806615,2998,2999,855,903,48
Truck806664,3239,3331,870,903,33
Truck806366,2437,2224,790,904,114
Truck806402,2437,0,800,904,104
Truck806504,2656,2225,825,904,79
Truck805783,3331,1339,625,905,280
Truck805847,3121,2821,645,905,260
Truck805883,3121,0,655,905,250
Truck806199,2821,2655,740,905,165
Truck806308,2822,2437,770,905,135
Truck805347,2436,3239,505,906,401
Truck805407,2821,1339,520,907,387
Truck806044,2999,2436,700,907,207
Truck806066,2225,2437,705,907,202
Truck806138,2225,3121,725,907,182
Truck806522,2656,2999,830,907,77
Truck805680,0,2225,600,908,308
Truck805740,3122,3331,615,908,293
Truck806357,2224,2437,785,908,123
Truck806385,2655,2437,795,908,113
Truck806633,2998,3122,860,908,48
Truck806682,3239,3331,875,908,33
Truck805570,2822,0,565,909,344
Truck805670,2225,2998,595,909,314
Truck805978,1339,3239,680,909,229
Truck806158,1339,2999,730,909,179
Truck806384,2437,2821,795,909,114
Truck806474,2437,3122,820,909,89
Truck805401,2436,0,520,910,390
Truck806326,2822,2437,775,910,135
Truck805765,3331,3238,620,911,291
Truck806098,2999,2655,715,911,196
Truck805544,2225,3238,560,912,352
Truck805578,3122,2998,570,912,342
Truck805851,2436,3121,645,912,267
Truck806169,2655,3122,735,912,177
Truck806467,3331,2821,815,912,97
Truck806547,2655,3331,840,912,72
Truck806557,3331,2655,840,912,72
Truck805365,2436,2224,510,913,403
Truck805865,3121,3239,650,913,263
Truck806217,2821,1338,745,913,168
Truck806375,2224,2999,790,913,123
Truck806529,2655,2656,835,913,78
Truck806540,2656,2437,835,913,78
Truck806651,2998,1339,865,913,48
Truck806076,0,2655,710,914,204
Truck806487,2821,3331,820,914,94
Truck806703,2821,2822,880,914,34
Truck805464,0,2998,540,915,375
Truck805760,2225,1339,620,915,295
Truck805820,2656,3238,635,915,280
Truck806585,3121,2999,850,915,65
Truck806134,2999,0,725,916,191
Truck806393,2224,1339,795,916,121
Truck806810,2656,3331,910,916,6
Truck805383,2436,3239,515,917,402
Truck805479,2821,3122,540,917,377
Truck806420,2437,2656,805,917,112
Truck805759,3238,3121,620,918,298
Truck805869,2436,3121,650,918,268
Truck805688,2225,2821,600,919,319
Truck806101,3238,2655,715,919,204
Truck806188,2999,1339,740,919,179
Truck806669,2998,2225,870,919,49
Truck805780,1339,2225,625,920,295
Truck805890,3239,3238,655,920,265
Truck806362,2822,2655,785,920,135
Truck805990,2999,3238,685,921,236
Truck806411,2224,3239,800,921,121
Truck806827,3331,2656,915,921,6
Truck805957,3238,3239,675,922,247
Truck806148,0,2999,730,922,192
Truck805815,2436,2437,635,923,288
Truck806394,3239,2224,795,923,128
Truck806438,2437,2821,810,923,113
Truck803665,1338,2436,40,924,884
Truck805795,3238,3121,630,924,294
Truck806010,3122,3239,690,924,234
Truck806212,1339,2655,745,924,179
Truck806312,2437,3238,775,924,149
Truck806739,2821,2822,890,924,34
Truck805554,0,2821,565,925,360
Truck806122,1339,2655,720,925,205
Truck806151,2655,2999,730,926,196
Truck806223,2655,3122,750,926,176
Truck806429,2224,1339,805,926,121
Truck806611,3331,2225,855,926,71
Truck805901,3121,2436,660,927,267
Truck805905,2436,3121,660,927,267
Truck806271,2821,2999,760,928,168
Truck804104,2225,1338,160,929,769
Truck806705,2998,2822,880,929,49
Truck805437,2436,2224,530,930,400
Truck805742,2225,2655,615,930,315
Truck805937,3121,2224,670,930,260
Truck806152,2999,3331,730,930,200
Truck806398,2822,3121,795,930,135
Truck806659,3238,3122,870,930,60
Truck805704,3122,2822,605,931,326
Truck806184,0,2999,740,931,191
Truck806814,0,3122,915,931,16
Truck806447,2224,2437,810,932,122
Truck806662,1339,3238,870,932,62
Truck806668,2822,3331,870,932,62
Truck803583,2436,1338,15,934,919
Truck805455,2436,2656,535,934,399
Truck806027,3121,1339,695,934,239
Truck806556,3239,2822,840,934,94
Truck806723,2998,2822,885,934,49
Truck805834,1339,2656,640,935,295
Truck805955,3121,2822,675,935,260
Truck806170,2999,2224,735,935,200
Truck806546,2437,1339,840,935,95
Truck806157,2436,2999,730,936,206
Truck806047,3238,2999,700,937,237
Truck806465,2224,2436,815,937,122
Truck806647,3331,2655,865,937,72
Truck805662,0,2822,595,938,343
Truck805784,2656,3238,625,938,313
Truck805473,2436,2821,540,939,399
Truck806896,1339,3122,935,939,4
Truck803925,2436,1338,110,940,830
Truck805687,3238,2822,600,940,340
Truck805856,2656,0,645,940,295
Truck806586,3122,2437,850,940,90
Truck806741,2998,2436,890,940,50
Truck805572,0,2224,570,941,371
Truck805778,2225,2821,625,941,316
Truck806065,3238,2999,705,941,236
Truck806434,2822,2225,805,941,136
Truck806575,3331,2821,845,941,96
Truck805518,0,2821,555,942,387
Truck805914,0,3331,665,942,277
Truck806483,2224,1339,820,942,122
Truck806602,2999,2437,855,942,87
Truck806648,2656,2225,865,942,77
Truck806068,1339,3121,705,943,238
Truck805467,2655,2436,540,944,404
Truck805491,2436,2821,545,944,399
Truck805991,3121,2998,685,944,259
Truck806313,2655,2998,775,944,169
Truck806759,2998,3122,895,944,49
Truck803834,2225,1338,85,945,860
Truck805968,0,3239,680,945,265
Truck806226,3122,2655,750,945,195
Truck806790,3239,2999,905,945,40
Truck806080,2999,3238,710,946,236
Truck806484,3239,2821,820,946,126
Truck806625,2436,2225,860,946,86
Truck806501,2224,2655,825,948,123
Truck806505,2821,2224,825,948,123
Truck806683,3331,3121,875,948,73
Truck804015,2436,1338,135,949,814
Truck805822,2822,1339,635,949,314
Truck806302,1339,2999,770,949,179
Truck806670,0,3238,875,949,74
Truck806687,2998,2224,875,949,74
Truck806777,2998,2822,900,949,49
Truck805814,2225,2655,635,950,315
Truck806470,2822,2437,815,950,135
Truck806618,2437,3122,860,951,91
Truck803978,2225,1338,125,952,827
Truck805509,2436,2822,550,952,402
Truck805525,3238,2821,555,952,397
Truck805644,0,2224,590,952,362
Truck805932,0,3331,670,952,282
Truck806222,2437,2225,750,952,202
Truck806349,2655,2821,785,952,167
Truck806519,2224,2436,830,952,122
Truck805916,2437,2436,665,953,288
Truck806106,3239,1339,715,953,238
Truck806673,2655,2656,875,953,78
Truck805626,0,2224,585,954,369
Truck805842,0,2225,645,954,309
Truck806314,2999,1339,775,954,179
Truck806626,1339,2437,860,954,94
Truck806632,2822,3239,860,954,94
Truck806795,2998,3239,905,954,49
Truck805536,0,2998,560,955,395
Truck805832,2225,2998,640,955,315
Truck806488,2822,2437,820,955,135
Truck806649,2821,2656,865,955,90
Truck806826,3239,2999,915,955,40
Truck805633,3238,2998,585,956,371
Truck805750,2822,0,615,956,341
Truck806045,3121,2656,700,956,256
Truck806537,2224,2437,835,957,122
Truck806702,2656,2436,880,957,77
Truck806706,0,3238,885,957,72
Truck806848,2822,2821,920,957,37
Truck806564,2437,2224,845,958,113
Truck806719,3331,2655,885,958,73
Truck805608,0,2224,580,959,379
Truck806747,3121,2999,895,959,64
Truck806813,2998,3122,910,959,49
Truck803773,1338,2436,70,960,890
Truck805545,2436,2656,560,960,400
Truck805850,2225,3239,645,960,315
Truck806081,3121,0,710,960,250
Truck806506,2822,1338,825,960,135
Truck805924,1339,2225,665,961,296
Truck806737,3331,2225,890,961,71
Truck806835,2655,3239,920,961,41
Truck806928,3122,0,945,961,16
Truck806971,3331,2656,955,961,6
Truck806278,2999,3239,765,962,197
Truck806555,2224,2436,840,962,122
Truck805794,3122,2822,630,963,333
Truck805878,0,2225,655,963,308
Truck806115,2655,3238,720,963,243
Truck806397,2821,2225,795,963,168
Truck806583,2655,2437,850,963,113
Truck805635,2436,1339,585,964,379
Truck806831,2998,3239,915,964,49
Truck805563,2436,2821,565,965,400
Truck805732,2822,3122,610,965,355
Truck805867,3238,3331,650,965,315
Truck806054,2656,3122,700,965,265
Truck806063,3121,3331,705,965,260
Truck806524,2822,2655,830,965,135
Truck806155,3238,2999,730,966,236
Truck806600,2437,2821,855,966,111
Truck806684,2656,2821,875,966,91
Truck806862,3239,2436,925,966,41
Truck806884,2822,2998,930,966,36
Truck805958,2225,3122,675,967,292
Truck806415,2821,2437,800,967,167
Truck806573,2224,2999,845,967,122
Truck806784,3122,3238,905,967,62
Truck806812,2822,2656,910,967,57
Truck806755,3331,1338,895,968,73
Truck806849,2998,2655,920,968,48
Truck805653,2436,1339,590,969,379
Truck806187,2655,3238,740,969,229
Truck806274,0,2655,765,969,204
Truck807004,1339,3122,965,969,4
Truck805891,3331,3238,655,970,315
Truck806332,2999,0,780,970,190
Truck806694,3122,2437,880,970,90
Truck806782,2999,3121,905,970,65
Truck803701,1338,2999,50,971,921
Truck806295,2655,0,770,971,201
Truck806542,2822,2655,835,971,136
Truck806591,2224,3239,850,971,121
Truck805615,3238,2224,580,972,392
Truck805960,1339,2225,675,972,297
Truck806803,3238,1339,910,972,62
Truck806196,3239,3122,740,973,233
Truck806259,2655,3238,760,973,213
Truck806367,2655,3122,790,973,183
Truck806756,2656,1338,895,973,78
Truck805659,2821,0,590,974,384
Truck806433,2821,1338,805,974,169
Truck806690,2437,1339,880,974,94
Truck806867,2998,0,925,974,49
Truck803521,1338,3121,0,975,975
Truck803827,1338,2436,85,975,890
Truck805599,2436,2821,575,975,400
Truck805940,2225,0,670,975,305
Truck806099,3121,2998,715,975,260
Truck806510,2437,3121,830,975,145
Truck806560,2822,2655,840,975,135
Truck805651,3238,2998,590,976,386
Truck806609,2224,2436,855,976,121
Truck806824,1339,3238,915,976,61
Truck806296,2999,2436,770,977,207
Truck806774,2656,1338,900,977,77
Truck806451,2821,2999,810,978,168
Truck806791,3331,2999,905,978,73
Truck803525,3121,1338,0,979,979
Truck803647,1338,2999,35,979,944
Truck805922,2225,2655,665,979,314
Truck806636,2437,3239,865,979,114
Truck806885,2998,2436,930,979,49
Truck804068,2225,1338,150,980,830
Truck805617,2436,3331,580,980,400
Truck806117,3121,2224,720,980,260
Truck806578,2822,1338,845,980,135
Truck806708,2437,1339,885,980,95
Truck806738,2656,2224,890,980,90
Truck806744,2437,2999,895,980,85
Truck806883,2821,2998,930,980,50
Truck806088,3239,0,710,981,271
Truck806627,2224,3122,860,981,121
Truck803691,2436,1338,45,982,937
Truck806330,2437,2225,780,982,202
Truck806624,2225,2999,860,982,122
Truck806907,2655,3239,940,982,42
Truck806089,3331,0,710,983,273
Truck806350,2999,2998,785,983,198
Truck806469,2821,3121,815,983,168
Truck806903,2998,2821,935,983,48
Truck806036,2656,3238,695,984,289
Truck806154,3122,3331,730,984,254
Truck806596,2822,3121,850,984,134
Truck806654,2437,3239,870,984,114
Truck806736,3239,2822,890,984,94
Truck806528,2437,3238,835,985,150
Truck806956,2822,2821,950,985,35
Truck805725,2436,3122,610,987,377
Truck806645,2224,2225,865,987,122
Truck805507,3238,2436,550,988,438
Truck806614,2822,3121,855,989,134
Truck806921,2998,1338,940,989,49
Truck805831,3238,2225,640,990,350
Truck806135,3121,2436,725,990,265
Truck806368,2999,2224,790,990,200
Truck806672,2437,3331,875,990,115
Truck806691,2655,2437,880,991,111
Truck807036,3122,0,975,991,16
Truck805741,3238,2224,615,992,377
Truck806046,3122,2225,700,992,292
Truck806071,3331,3122,705,992,287
Truck806171,3121,2822,735,992,257
Truck806663,2224,1338,870,992,122
Truck806874,3122,3238,930,992,62
Truck806989,3331,3239,960,992,32
Truck805695,2821,0,600,993,393
Truck806060,2437,2436,705,993,288
Truck806160,3239,0,730,993,263
Truck806493,2655,2821,825,993,168
Truck806646,3239,2224,865,993,128
Truck806939,2998,3121,945,994,49
Truck803741,3121,1338,60,995,935
Truck805912,2822,1339,660,995,335
Truck805976,2225,2655,680,995,315
Truck806118,3122,3331,720,995,275
Truck806277,2655,0,765,995,230
Truck805707,2436,0,605,996,391
Truck805994,2225,3239,685,996,311
Truck806681,2224,3238,875,996,121
Truck806873,3121,2999,930,996,66
Truck806970,3239,2225,955,996,41
Truck805671,2436,3331,595,997,402
Truck805849,3238,2225,645,997,352
Truck806048,2225,1339,700,997,297
Truck806511,2655,2821,830,997,167
Truck806902,2822,3331,935,997,62
Truck806094,0,2656,715,998,283
Truck806404,2999,2821,800,998,198
Truck806846,2656,1338,920,998,78
Truck806523,2821,2436,830,999,169
Truck805689,2436,2821,600,1000,400
Truck806108,2656,1339,715,1000,285
Truck806650,2822,1338,865,1000,135
Truck806788,1339,2437,905,1000,95
Truck806957,2998,2821,950,1000,50
Truck804151,1338,2999,175,1002,827
Truck805701,2655,2436,605,1002,397
Truck805813,3238,2821,635,1002,367
Truck806408,2225,2437,800,1002,202
Truck806685,2821,3239,875,1002,127
Truck806699,2224,3122,880,1002,122
Truck806864,2656,2655,925,1002,77
Truck806881,3331,2999,930,1002,72
Truck806126,2656,0,720,1003,283
Truck806207,3121,2656,745,1003,258
Truck806225,3121,0,750,1003,253
Truck806011,3238,3331,690,1004,314
Truck806205,2655,3121,745,1004,259
Truck806879,2224,2998,930,1004,74
Truck806279,3121,1339,765,1005,240
Truck806346,0,2655,785,1005,220
Truck806422,2999,2224,805,1005,200
Truck806726,2437,2655,890,1005,115
Truck806975,2998,3121,955,1005,50
Truck807006,3239,2436,965,1005,40
Truck805886,2225,3238,655,1006,351
Truck806297,3121,3122,770,1006,236
Truck806700,3239,2821,880,1006,126
Truck806717,2224,2822,885,1006,121
Truck806828,2656,2224,915,1006,91
Truck806840,2225,2436,920,1007,87
Truck806882,2656,2655,930,1007,77
Truck807102,0,1339,995,1007,12
Truck806121,2436,2437,720,1008,288
Truck806559,2821,2436,840,1008,168
Truck806721,2821,2224,885,1008,123
Truck806299,3238,2655,770,1009,239
Truck806686,2822,1338,875,1009,134
Truck805734,0,2998,615,1010,395
Truck806030,2225,2822,695,1010,315
Truck806927,3121,2999,945,1010,65
Truck806993,2998,2999,960,1010,50
Truck806440,2999,2998,810,1011,201
Truck806577,2821,2436,845,1011,166
Truck806735,2224,2999,890,1011,121
Truck806838,3122,2437,920,1011,91
Truck806859,2436,2225,925,1011,86
Truck807151,3331,2656,1005,1011,6
Truck806004,0,2822,690,1012,322
Truck806460,3122,2655,815,1012,197
Truck806565,2655,2998,845,1012,167
Truck806858,2225,2436,925,1012,87
Truck806900,2656,1338,935,1012,77
Truck805752,0,2436,620,1013,393
Truck806513,3121,2225,830,1013,183
Truck806514,3122,2655,830,1013,183
Truck807011,2998,0,965,1013,48
Truck806944,2999,3121,950,1014,64
Truck803683,1338,2999,45,1015,970
Truck806704,2822,2655,880,1015,135
Truck806753,2224,2822,895,1016,121
Truck806845,3331,2224,920,1016,96
Truck806872,2999,2437,930,1016,86
Truck805812,3122,2821,635,1017,382
Truck805930,2822,3238,665,1017,352
Truck806243,3121,2224,755,1017,262
Truck806534,2225,3121,835,1017,182
Truck807138,0,1339,1005,1017,12
Truck805761,2436,3331,620,1018,398
Truck805767,2821,3238,620,1018,398
Truck806780,2437,2224,905,1018,113
Truck807060,3239,2656,980,1018,38
Truck806476,2999,2822,820,1019,199
Truck807029,2998,0,970,1020,50
Truck806374,1339,3239,790,1021,231
Truck806722,2822,2437,885,1021,136
Truck803669,3121,1338,40,1022,982
Truck806490,0,2655,825,1022,197
Truck806754,3239,2998,895,1022,127
Truck806771,2224,2436,900,1022,122
Truck806947,3238,0,950,1022,72
Truck806953,3331,3121,950,1022,72
Truck803579,3121,1338,15,1023,1008
Truck805852,1339,2224,645,1023,378
Truck806304,3239,3238,770,1023,253
Truck806613,2821,2436,855,1023,168
Truck806936,2656,2655,945,1023,78
Truck806940,0,3238,950,1023,73
Truck807047,2998,2656,975,1023,48
Truck803884,2999,1338,100,1024,924
Truck806172,3122,3331,735,1024,289
Truck805866,3122,2224,650,1025,375
Truck806084,2225,2224,710,1025,315
Truck806261,3121,2436,760,1025,265
Truck807100,2822,2821,990,1025,35
Truck805885,3238,2822,655,1026,371
Truck806315,3121,0,775,1026,251
Truck806369,3121,3122,790,1026,236
Truck806619,2655,2821,860,1026,166
Truck807198,3122,1339,1020,1026,6
Truck803989,1338,2436,130,1027,897
Truck806481,2436,2999,820,1027,207
Truck806789,2224,2225,905,1027,122
Truck807184,1339,0,1015,1027,12
Truck806220,0,2656,750,1028,278
Truck806512,2999,2655,830,1028,198
Truck806758,2822,2655,895,1028,133
Truck806772,3239,2821,900,1028,128
Truck807028,2822,2656,970,1028,58
Truck807114,3239,3331,995,1028,33
Truck806056,2822,1339,700,1029,329
Truck806324,2656,3122,775,1029,254
Truck806386,2999,3238,795,1029,234
Truck806816,2437,3331,915,1029,114
Truck805791,2655,2436,630,1030,400
Truck806604,3122,2999,855,1030,175
Truck806852,2437,0,925,1030,105
Truck806918,2656,2224,940,1030,90
Truck807065,2998,3238,980,1030,50
Truck805956,3122,2821,675,1031,356
Truck806209,3238,3331,745,1031,286
Truck806526,0,2655,835,1031,196
Truck806544,0,2999,840,1031,191
Truck806637,2655,2224,865,1031,166
Truck806834,2437,3239,920,1031,111
Truck806807,2224,2655,910,1032,122
Truck807133,3331,3239,1000,1032,32
Truck806120,2225,2224,720,1033,313
Truck806430,3239,1339,805,1033,228
Truck807083,2998,2999,985,1033,48
Truck807116,2656,3239,995,1033,38
Truck807132,3239,3331,1000,1033,33
Truck805902,3122,2224,660,1034,374
Truck806776,2822,2436,900,1034,134
Truck805947,2821,3122,670,1035,365
Truck807136,2822,2224,1000,1035,35
Truck806338,1339,3331,780,1036,256
Truck806359,3331,1339,785,1036,251
Truck804410,2225,1338,245,1037,792
Truck806808,3239,2821,910,1037,127
Truck806825,2224,2436,915,1037,122
Truck807007,3331,2437,965,1037,72
Truck804159,2436,1338,175,1038,863
Truck805833,2436,2822,640,1038,398
Truck806548,2999,2998,840,1038,198
Truck806667,2821,3121,870,1038,168
Truck807001,3238,0,965,1038,73
Truck807134,2656,3239,1000,1038,38
Truck803723,3121,1338,55,1039,984
Truck806781,2655,2822,905,1039,134
Truck807034,2999,3121,975,1039,64
Truck807101,2998,1338,990,1039,49
Truck805906,1339,2436,660,1040,380
Truck806333,3121,2821,780,1040,260
Truck807153,2821,2822,1005,1040,35
Truck806550,3122,2655,840,1041,201
Truck806843,2224,3121,920,1041,121
Truck805965,2821,1339,675,1042,367
Truck806794,2822,2437,905,1042,137
Truck807025,3331,1338,970,1042,72
Truck806012,2225,3238,690,1043,353
Truck806535,2436,2999,835,1043,208
Truck806566,2999,2821,845,1043,198
Truck806870,2437,2821,930,1043,113
Truck807008,2656,2655,965,1043,78
Truck806601,2655,0,855,1044,189
Truck806952,3239,2822,950,1044,94
Truck807119,2998,2999,995,1044,49
Truck806376,3239,3238,790,1045,255
Truck805923,2436,1339,665,1046,381
Truck806156,2225,2821,730,1046,316
Truck806570,2225,2437,845,1046,201
Truck806972,2656,2998,955,1046,91
Truck803921,3121,1338,110,1047,937
Truck806553,2436,2999,840,1047,207
Truck806861,2224,2436,925,1047,122
Truck807043,3331,1338,975,1047,72
Truck806378,2656,3122,790,1048,258
Truck806844,3239,2998,920,1048,128
Truck807026,2656,2437,970,1048,78
Truck807137,2998,3122,1000,1048,48
Truck806174,2225,2655,735,1049,314
Truck806598,0,2999,855,1049,194
Truck806847,2821,3239,920,1049,129
Truck807292,1339,3122,1045,1049,4
Truck806458,2999,3238,815,1050,235
Truck806584,2999,2821,850,1050,200
Truck806616,0,2999,860,1050,190
Truck807190,2822,2998,1015,1050,35
Truck806351,3121,2436,785,1051,266
Truck806582,2437,2225,850,1051,201
Truck806830,2822,2999,915,1051,136
Truck807003,2436,2225,965,1051,86
Truck807061,3331,2999,980,1051,71
Truck806571,2436,2999,845,1052,207
Truck806876,2225,2999,930,1052,122
Truck806990,2656,2998,960,1052,92
Truck807264,0,1339,1040,1052,12
Truck806200,2822,1339,740,1053,313
Truck807044,2656,1338,975,1054,79
Truck805938,3122,2224,670,1055,385
Truck806306,2656,1339,770,1055,285
Truck807155,2998,2821,1005,1055,50
Truck806266,1339,2225,760,1056,296
Truck806288,2656,3238,765,1056,291
Truck806387,3121,2998,795,1056,261
Truck806897,2224,3239,935,1056,121
Truck806418,0,3121,805,1057,252
Truck806924,2437,2656,945,1057,112
Truck807108,3122,3238,995,1057,62
Truck806270,2656,0,760,1058,298
Truck807062,2656,2225,980,1058,78
Truck807079,3331,3121,985,1058,73
Truck806464,1339,3239,815,1059,244
Truck806210,2225,2998,745,1060,315
Truck806406,3122,2656,800,1060,260
Truck806620,2999,2655,860,1060,200
Truck806866,2822,1338,925,1060,135
Truck807173,2998,2436,1010,1060,50
Truck805779,2436,3238,625,1061,436
Truck806281,3238,3121,765,1061,296
Truck806305,3331,3238,770,1061,291
Truck806319,2436,2437,775,1061,286
Truck806496,3122,3121,825,1061,236
Truck806298,3122,2225,770,1062,292
Truck806915,2224,2436,940,1062,122
Truck807204,3239,3121,1020,1062,42
Truck807226,2822,2224,1025,1062,37
Truck806638,2999,2998,865,1063,198
Truck806757,2821,1338,895,1063,168
Truck807080,2656,2225,985,1063,78
Truck807191,2998,3121,1015,1063,48
Truck806014,1339,2821,690,1064,374
Truck806423,3121,3331,805,1064,259
Truck806551,3238,2655,840,1064,224
Truck806100,3122,2821,715,1065,350
Truck806871,2655,2822,930,1065,135
Truck807032,2437,3122,975,1065,90
Truck807222,3239,2655,1025,1065,40
Truck806102,2225,3238,715,1066,351
Truck806228,2225,2822,750,1066,316
Truck806454,0,3121,815,1066,251
Truck806960,2437,2224,955,1066,111
Truck806933,2224,3121,945,1067,122
Truck807115,3331,2655,995,1067,72
Truck806320,1339,2225,775,1069,294
Truck806405,3121,2436,800,1069,269
Truck804673,1338,2225,320,1070,750
Truck805941,2436,3239,670,1070,400
Truck806190,3122,2822,740,1070,330
Truck807209,2998,2656,1020,1070,50
Truck806246,2225,2224,755,1071,316
Truck806446,1339,2656,810,1071,261
Truck806477,3121,0,820,1071,251
Truck803674,1339,1338,40,1072,1032
Truck805977,2436,0,680,1072,392
Truck806028,3122,2436,695,1072,377
Truck806413,3331,0,800,1072,272
Truck806457,2655,3121,815,1072,257
Truck806793,2821,2437,905,1072,167
Truck806951,2224,2821,950,1072,122
Truck806978,2437,2821,960,1072,112
Truck807105,2655,2656,995,1072,77
Truck806119,3238,2225,720,1073,353
Truck806182,2822,3238,735,1073,338
Truck806264,2225,2998,760,1073,313
Truck806674,2999,2655,875,1073,198
Truck806934,3239,2821,945,1073,128
Truck807123,2655,3331,1000,1073,73
Truck807227,2998,2999,1025,1073,48
Truck807260,2656,3239,1035,1073,38
Truck806710,2999,0,885,1075,190
Truck806752,1339,2999,895,1075,180
Truck806459,3121,3239,815,1076,261
Truck806811,2821,2437,910,1076,166
Truck806969,2224,2437,955,1076,121
Truck807279,2821,2822,1040,1076,36
Truck807180,3122,3238,1015,1077,62
Truck803903,3121,1338,105,1078,973
Truck806282,2225,3331,765,1078,313
Truck806692,2999,2656,880,1078,198
Truck806996,2437,2998,965,1078,113
Truck807243,2821,2998,1030,1078,48
Truck807278,2656,3239,1040,1078,38
Truck804187,1338,2999,185,1079,894
Truck806925,2655,2822,945,1079,134
Truck807086,2437,3122,990,1079,89
Truck807149,2224,2998,1005,1079,74
Truck807245,2998,1338,1030,1079,49
Truck805975,3238,2224,680,1080,400
Truck806764,2999,1339,900,1080,180
Truck806938,2822,2436,945,1080,135
Truck806140,1339,2224,725,1081,356
Truck806029,3238,2998,695,1082,387
Truck806388,3122,2656,795,1082,287
Truck806695,3238,2655,880,1082,202
Truck807205,3331,2822,1020,1082,62
Truck807313,3331,3239,1050,1082,32
Truck806987,2224,2436,960,1083,123
Truck807152,2656,2999,1005,1083,78
Truck807169,3331,2655,1010,1083,73
Truck806335,3238,3331,780,1084,304
Truck806567,3121,1339,845,1084,239
Truck806817,2655,2998,915,1084,169
Truck807094,1339,2437,990,1084,94
Truck807263,2998,1338,1035,1084,49
Truck806109,2821,0,715,1085,370
Truck806538,3239,1339,835,1085,250
Truck807014,2437,3239,970,1085,115
Truck804079,1338,2436,155,1086,931
Truck806300,2225,3239,770,1086,316
Truck806783,3121,2225,905,1086,181
Truck807122,2437,2999,1000,1086,86
Truck807187,3331,3121,1015,1086,71
Truck807294,3239,2655,1045,1087,42
Truck806389,3238,3331,795,1088,293
Truck807005,2224,2436,965,1088,123
Truck807170,2656,2437,1010,1088,78
Truck804169,1338,2999,180,1089,909
Truck807436,1339,3122,1085,1089,4
Truck806037,2821,3238,695,1090,395
Truck806906,2437,3238,940,1090,150
Truck807281,2998,2821,1040,1090,50
Truck806013,2436,2821,690,1091,401
Truck806086,1339,2436,710,1091,381
Truck806318,2225,3239,775,1091,316
Truck806508,0,3331,830,1091,261
Truck807023,2224,1338,970,1091,121
Truck806431,3331,1339,805,1092,287
Truck806865,2821,3121,925,1092,167
Truck807418,1339,0,1080,1092,12
Truck803719,1338,3122,55,1093,1038
Truck806331,2655,2225,780,1093,313
Truck806746,2999,2998,895,1093,198
Truck807299,2998,3239,1045,1093,48
Truck806058,0,2224,705,1094,389
Truck806709,2655,1339,885,1094,209
Truck806799,2655,1339,910,1094,184
Truck806992,2822,3121,960,1094,134
Truck807050,2437,2224,980,1095,115
Truck807140,2437,3122,1005,1095,90
Truck807165,2436,2225,1010,1095,85
Truck803557,1338,3331,10,1096,1086
Truck806531,3121,2656,835,1096,261
Truck807041,2224,2436,975,1096,121
Truck807158,2437,2999,1010,1096,86
Truck807223,3331,2437,1025,1096,71
Truck807330,3239,3121,1055,1096,41
Truck805993,3238,2821,685,1097,412
Truck806445,2436,2437,810,1097,287
Truck807206,2656,2437,1020,1097,77
Truck806031,2436,3331,695,1098,403
Truck806608,1339,3121,855,1098,243
Truck807210,0,3238,1025,1098,73
Truck807262,2822,3331,1035,1098,63
Truck806354,2225,2998,785,1099,314
Truck806396,2656,3238,795,1099,304
Truck807010,2822,2436,965,1099,134
Truck807317,2998,2821,1050,1099,49
Truck806227,3238,2822,750,1100,350
Truck806800,2999,0,910,1100,190
Truck807068,2437,2998,985,1100,115
Truck806049,2436,2224,700,1101,401
Truck806245,3238,2822,755,1101,346
Truck806432,2656,0,805,1101,296
Truck806762,2437,2225,900,1101,201
Truck806901,2821,1338,935,1101,166
Truck807348,3239,2999,1060,1101,41
Truck806456,2437,2436,815,1102,287
Truck806549,3121,2656,840,1102,262
Truck806854,2999,3122,925,1102,177
Truck807059,2224,3331,980,1103,123
Truck807224,2656,2437,1025,1103,78
Truck807271,3238,1339,1040,1103,63
Truck806442,3122,2225,810,1104,294
Truck807268,2999,3121,1040,1104,64
Truck806263,3238,2822,760,1105,345
Truck806656,2999,3238,870,1106,236
Truck807077,2224,0,985,1106,121
Truck807259,3331,2436,1035,1106,71
Truck807494,2656,3331,1100,1106,6
Truck806441,3121,3238,810,1107,297
Truck806592,3239,3122,850,1107,257
Truck807366,3239,2999,1065,1107,42
Truck806919,2821,2436,940,1108,168
Truck807402,3239,3331,1075,1108,33
Truck803629,1338,2224,30,1109,1079
Truck806085,2436,2821,710,1109,399
Truck807353,2998,3331,1060,1109,49
Truck803593,1338,3239,20,1110,1090
Truck806390,2225,3331,795,1110,315
Truck806486,2656,3122,820,1110,290
Truck806568,3122,3331,845,1110,265
Truck806657,3121,1339,870,1110,240
Truck807046,2822,2225,975,1110,135
Truck807104,2437,2224,995,1110,115
Truck807384,3239,3121,1070,1110,40
Truck806461,3238,2656,815,1111,296
Truck806603,3121,2821,855,1111,256
Truck806778,0,2655,905,1111,206
Truck807219,2436,2225,1025,1111,86
Truck807468,3122,0,1095,1111,16
Truck805959,2436,3238,675,1112,437
Truck806175,2436,3122,735,1112,377
Truck807095,2224,2999,990,1112,122
Truck807267,2655,3331,1040,1112,72
Truck806307,2821,1339,770,1113,343
Truck806478,3122,2225,820,1113,293
Truck806492,2437,2436,825,1113,288
Truck806937,2821,3121,945,1113,168
Truck807078,3239,2224,985,1114,129
Truck807371,2998,1339,1065,1114,49
Truck806083,3238,2821,710,1115,405
Truck806818,2999,2655,915,1115,200
Truck807064,2822,2655,980,1115,135
Truck806103,2436,2821,715,1116,401
Truck806612,2656,1339,855,1116,261
Truck807099,2821,3239,990,1117,127
Truck807113,2224,2437,995,1117,122
Truck806850,0,2999,925,1118,193
Truck806500,1339,2225,825,1119,294
Truck807082,2822,3121,985,1119,134
Truck807389,2998,3239,1070,1119,49
Truck806426,2225,2998,805,1120,315
Truck803863,1338,2656,95,1121,1026
Truck806211,2436,3122,745,1121,376
Truck806495,3121,3238,825,1121,296
Truck806621,3121,2821,860,1121,261
Truck806914,1339,2999,940,1121,181
Truck807174,0,2437,1015,1121,106
Truck807547,3331,2656,1115,1121,6
Truck806194,1339,2436,740,1122,382
Truck806444,2225,2656,810,1122,312
Truck806558,2656,3238,840,1122,282
Truck807296,2656,1338,1045,1122,77
Truck807370,2822,2656,1065,1122,57
Truck806139,2436,2224,725,1123,398
Truck806639,3121,3239,865,1123,258
Truck806973,2821,2436,955,1123,168
Truck807131,2224,3239,1000,1123,123
Truck804043,1338,3121,145,1124,979
Truck806133,2655,2436,725,1124,399
Truck806853,2655,2999,925,1124,199
Truck806238,0,2998,755,1125,370
Truck806890,2999,0,935,1125,190
Truck807407,2998,0,1075,1125,50
Truck806728,2999,3238,890,1126,236
Truck807241,3331,2821,1030,1126,96
Truck807438,3239,2999,1085,1126,41
Truck806191,3238,2224,740,1127,387
Truck806576,2656,3122,845,1127,282
Truck807361,3238,1339,1065,1127,62
Truck806832,0,2655,920,1129,209
Truck806979,2655,2998,960,1129,169
Truck806991,2821,2225,960,1129,169
Truck807248,2437,1339,1035,1129,94
Truck807335,2998,2224,1055,1129,74
Truck807425,2998,2656,1080,1129,49
Truck806536,1339,2225,835,1130,295
Truck806641,3238,3239,865,1131,266
Truck806749,3238,2999,895,1131,236
Truck807456,3239,2999,1090,1131,41
Truck807478,2822,2224,1095,1131,36
Truck806908,2999,0,940,1132,192
Truck807167,2224,1339,1010,1132,122
Truck806462,2225,3239,815,1133,318
Truck806480,2225,2655,820,1133,313
Truck806675,3121,3331,875,1133,258
Truck806997,2655,2998,965,1133,168
Truck807150,3239,2821,1005,1133,128
Truck807332,2656,1338,1055,1133,78
Truck807476,2656,3239,1095,1133,38
Truck806262,3122,2821,760,1134,374
Truck806310,0,2998,775,1134,359
Truck806475,2655,2225,820,1134,314
Truck806605,3238,3239,855,1134,279
Truck806137,3238,2998,725,1135,410
Truck807168,3239,2998,1010,1136,126
Truck807474,3239,2655,1095,1136,41
Truck806554,1339,2225,840,1137,297
Truck807185,2224,2821,1015,1137,122
Truck807570,0,1339,1125,1137,12
Truck804173,3121,1338,180,1138,958
Truck807350,2656,2655,1060,1138,78
Truck807367,3331,3121,1065,1138,73
Truck803800,1339,1338,75,1139,1064
Truck806498,2225,2655,825,1139,314
Truck806693,3121,2656,880,1139,259
Truck807461,2998,2821,1090,1139,49
Truck806193,2436,2822,740,1140,400
Truck806265,2436,1339,760,1140,380
Truck807154,2822,2655,1005,1140,135
Truck807212,2437,2656,1025,1140,115
Truck806173,3238,2998,735,1141,406
Truck806680,1339,3331,875,1141,266
Truck807027,2821,2999,970,1141,171
Truck807203,2224,3121,1020,1141,121
Truck807295,3331,2998,1045,1141,96
Truck807385,3331,2436,1070,1141,71
Truck806280,3122,2436,765,1142,377
Truck806679,2436,3121,875,1142,267
Truck807598,1339,0,1130,1142,12
Truck806892,3122,2655,935,1143,208
Truck806926,2999,2821,945,1143,198
Truck807368,2656,3121,1065,1143,78
Truck807372,0,3238,1070,1143,73
Truck807379,3238,0,1070,1143,73
Truck806711,3121,2998,885,1144,259
Truck807383,2224,2998,1070,1144,74
Truck807479,2998,1338,1095,1144,49
Truck806516,2225,2224,830,1145,315
Truck806889,2655,1339,935,1145,210
Truck807172,2822,2999,1010,1145,135
Truck807230,2437,2998,1030,1145,115
Truck807333,2821,2656,1055,1145,90
Truck806353,3238,2822,785,1146,361
Truck807051,2655,2998,980,1147,167
Truck806301,2436,3122,770,1148,378
Truck806416,2822,3122,800,1148,348
Truck807221,2224,3239,1025,1148,123
Truck807386,2656,1338,1070,1148,78
Truck806701,3331,0,880,1149,269
Truck806718,3239,3238,885,1149,264
Truck807401,2224,2998,1075,1149,74
Truck807497,2998,2436,1100,1149,49
Truck807652,1339,3122,1145,1149,4
Truck806229,2436,3239,750,1150,400
Truck806364,0,2998,790,1150,360
Truck806773,3331,1339,900,1150,250
Truck807331,3331,2224,1055,1150,95
Truck807081,2821,2436,985,1151,166
Truck807358,2999,2437,1065,1151,86
Truck807454,1339,3238,1090,1151,61
Truck806946,3122,2655,950,1152,202
Truck807239,2224,2821,1030,1152,122
Truck807393,2655,2656,1075,1152,77
Truck806665,3331,0,870,1153,283
Truck807404,2656,2999,1075,1153,78
Truck807408,0,3238,1080,1153,73
Truck806962,2999,3239,955,1154,199
Truck807018,3122,2655,970,1154,184
Truck807356,2437,3122,1065,1154,89
Truck807515,2998,1339,1105,1154,49
Truck806247,2436,2656,755,1155,400
Truck807300,0,2437,1050,1155,105
Truck806729,3121,2436,890,1156,266
Truck806836,2999,3238,920,1156,236
Truck807472,1339,3238,1095,1156,61
Truck807349,3331,2224,1060,1157,97
Truck803575,1338,2656,15,1158,1143
Truck807257,2224,2436,1035,1158,123
Truck807582,3239,3331,1125,1158,33
Truck804047,3121,1338,145,1159,1014
Truck806594,2656,0,850,1159,309
Truck807033,2655,1339,975,1159,184
Truck807284,2437,2656,1045,1159,114
Truck807443,2998,2224,1085,1159,74
Truck807533,2998,1338,1110,1159,49
Truck806765,3121,2224,900,1160,260
Truck806980,2999,2821,960,1160,200
Truck807163,3238,2437,1010,1160,150
Truck807176,2437,3121,1015,1161,146
Truck807457,3331,2225,1090,1161,71
Truck807564,3239,2999,1120,1161,41
Truck807586,2822,2998,1125,1161,36
Truck807275,2224,2225,1040,1162,122
Truck807302,2437,2822,1050,1162,112
Truck807440,2656,2225,1085,1162,77
Truck806588,2225,2224,850,1163,313
Truck807600,3239,3331,1130,1163,33
Truck806292,0,2436,770,1164,394
Truck806770,1339,2656,900,1164,264
Truck807551,2998,1339,1115,1164,49
Truck806998,2999,2656,965,1165,200
Truck807012,0,2655,970,1165,195
Truck806283,2436,2656,765,1166,401
Truck806452,2822,3122,810,1166,356
Truck807244,2822,3121,1030,1166,136
Truck807276,3239,2821,1040,1166,126
Truck806253,2821,3238,755,1167,412
Truck806606,2225,2821,855,1167,312
Truck807293,2224,1339,1045,1167,122
Truck807469,3238,0,1095,1167,72
Truck806801,3121,3239,910,1168,258
Truck807015,2655,2999,970,1168,198
Truck804835,1338,2225,365,1169,804
Truck806898,3239,0,935,1169,234
Truck807016,2999,3331,970,1169,199
Truck807320,2437,2822,1055,1169,114
Truck804493,1338,2436,270,1170,900
Truck806370,3122,2436,790,1170,380
Truck807249,2655,2822,1035,1170,135
Truck806479,3238,2225,820,1171,351
Truck806698,1339,3331,880,1171,291
Truck807089,3121,2225,990,1171,181
Truck807728,2656,3331,1165,1171,6
Truck803775,2655,1338,70,1172,1102
Truck806371,3238,2224,790,1172,382
Truck806623,3238,3331,860,1172,312
Truck806715,2436,2437,885,1172,287
Truck807304,2999,2225,1050,1172,122
Truck807311,2224,2436,1050,1172,122
Truck807493,3331,2437,1100,1172,72
Truck803899,1338,3331,105,1173,1068
Truck806880,3239,3122,930,1173,243
Truck807587,2998,1338,1125,1173,48
Truck807636,3239,3331,1140,1173,33
Truck806328,0,2436,780,1174,394
Truck806634,0,2225,865,1174,309
Truck806720,2656,1339,885,1174,289
Truck806821,3238,3239,915,1174,259
Truck807338,2437,2998,1060,1174,114
Truck807280,2822,2437,1040,1175,135
Truck804645,2436,1338,310,1176,866
Truck806379,2821,0,790,1176,386
Truck807745,3331,2656,1170,1176,6
Truck803845,1338,2998,90,1177,1087
Truck807171,2821,2999,1010,1177,167
Truck807329,2224,2822,1055,1177,122
Truck807714,0,1339,1165,1177,12
Truck806856,3122,3239,925,1178,253
Truck807605,2998,0,1130,1178,48
Truck803539,1338,3239,5,1179,1174
Truck804296,2437,1338,215,1179,964
Truck807052,2999,2998,980,1179,199
Truck804691,1338,2436,325,1180,855
Truck807298,2822,2437,1045,1180,135
Truck807658,2822,2821,1145,1180,35
Truck806337,2436,2224,780,1181,401
Truck807125,3121,2225,1000,1181,181
Truck807392,2437,0,1075,1181,106
Truck807720,3122,0,1165,1181,16
Truck807189,2821,2655,1015,1182,167
Truck807347,2224,3121,1060,1182,122
Truck807512,2656,3121,1105,1182,77
Truck807627,2655,3239,1140,1182,42
Truck806724,0,3331,890,1183,293
Truck807056,2225,2437,980,1183,203
Truck807565,3331,2822,1120,1183,63
Truck807253,3238,2437,1035,1184,149
Truck807316,2822,2999,1050,1184,134
Truck807374,2437,3331,1070,1184,114
Truck807623,2998,2656,1135,1184,49
Truck806533,3238,2225,835,1185,350
Truck807106,2999,0,995,1185,190
Truck807482,2437,2999,1100,1185,85
Truck804655,1338,2225,315,1186,871
Truck804943,1338,2225,395,1186,791
Truck806809,3331,3122,910,1186,276
Truck806841,2436,3121,920,1186,266
Truck806945,3121,3122,950,1186,236
Truck807069,2655,1339,985,1186,201
Truck807070,2999,3331,985,1186,201
Truck807645,2655,3239,1145,1186,41
Truck807782,2656,3331,1180,1186,6
Truck803972,2437,1338,125,1187,1062
Truck806355,2436,2821,785,1187,402
Truck806855,3121,2656,925,1187,262
Truck806916,3239,3122,940,1187,247
Truck807195,2655,2224,1020,1187,167
Truck807207,2821,3121,1020,1187,167
Truck807266,2437,3121,1040,1187,147
Truck807365,2224,3122,1065,1187,122
Truck806373,2436,2998,790,1188,398
Truck806532,3122,2822,835,1188,353
Truck807530,2656,2655,1110,1188,78
Truck806676,3122,2822,875,1189,314
Truck807641,2998,2436,1140,1189,49
Truck807502,2999,2437,1105,1190,85
Truck806463,2436,3122,815,1191,376
Truck806541,2821,1339,835,1191,356
Truck807092,2225,2437,990,1192,202
Truck807120,0,2999,1000,1192,192
Truck807161,3121,2225,1010,1192,182
Truck807768,0,1339,1180,1192,12
Truck806994,0,2655,965,1193,228
Truck807410,2437,2656,1080,1193,113
Truck807548,2656,2655,1115,1193,78
Truck807289,3238,2437,1045,1194,149
Truck807446,2437,0,1090,1194,104
Truck807569,2998,2224,1120,1194,74
Truck807659,2998,1339,1145,1194,49
Truck806400,0,2436,800,1195,395
Truck807225,2821,2225,1025,1195,170
Truck807500,2437,3122,1105,1195,90
Truck806391,2436,3239,795,1196,401
Truck806891,3121,2655,935,1196,261
Truck807525,2436,2225,1110,1196,86
Truck807690,3239,2436,1155,1196,41
Truck806696,2225,2656,880,1197,317
Truck806875,3238,3239,930,1197,267
Truck806909,3121,2998,940,1197,257
Truck807394,2999,2225,1075,1197,122
Truck807428,2437,3331,1085,1197,112
Truck807638,2656,2822,1140,1197,57
Truck807786,0,1339,1185,1197,12
Truck806622,3122,2822,860,1198,338
Truck806792,2656,1339,905,1198,293
Truck807087,2655,1339,990,1198,208
Truck807124,2999,2224,1000,1198,198
Truck807566,2656,2655,1120,1198,78
Truck807677,2998,2436,1150,1198,48
Truck806740,2822,1339,890,1199,309
Truck806965,3238,3239,955,1199,244
Truck807231,2655,2998,1030,1199,169
Truck806714,2225,2656,885,1200,315
Truck806727,2655,2225,890,1200,310
Truck806981,3121,1339,960,1200,240
Truck807464,2437,0,1095,1200,105
Truck806409,2436,2224,800,1201,401
Truck807708,3239,2437,1160,1201,41
Truck805220,2225,1338,470,1202,732
Truck806899,3331,0,935,1202,267
Truck807416,2225,2999,1080,1202,122
Truck807419,2224,2655,1080,1202,122
Truck807630,3122,3238,1140,1202,62
Truck803706,3122,1338,50,1203,1153
Truck807142,2999,2656,1005,1203,198
Truck806595,2821,3122,850,1204,354
Truck807695,2998,2821,1155,1204,49
Truck806427,2436,2656,805,1205,400
Truck806497,3238,2998,825,1205,380
Truck806732,2225,2655,890,1205,315
Truck806943,2655,3121,950,1206,256
Truck807024,3239,0,970,1206,236
Truck807420,3239,2821,1080,1206,126
Truck807437,2224,3122,1085,1206,121
Truck807748,2822,2821,1170,1206,36
Truck806515,3238,2998,830,1207,377
Truck806806,1339,2225,910,1207,297
Truck806904,0,3239,940,1207,267
Truck807215,3121,2225,1025,1207,182
Truck804313,1338,2437,220,1208,988
Truck806745,2655,2225,895,1208,313
Truck806750,2225,3239,895,1208,313
Truck806913,2436,3121,940,1208,268
Truck807160,2999,2821,1010,1208,198
Truck807711,2821,2998,1160,1208,48
Truck806988,3239,3122,960,1209,249
Truck807713,2998,3331,1160,1209,49
Truck806644,1339,2998,865,1210,345
Truck806976,0,3121,960,1210,250
Truck807766,2822,2224,1175,1210,35
Truck806802,3122,2656,910,1211,301
Truck806963,3121,2821,955,1212,257
Truck807637,3331,1338,1140,1212,72
Truck807667,3238,1339,1150,1212,62
Truck803971,1338,2822,125,1213,1088
Truck806786,2225,0,905,1213,308
Truck806839,3238,3121,920,1213,293
Truck807178,2999,3331,1015,1213,198
Truck807297,2821,3121,1045,1213,168
Truck807455,2224,3331,1090,1213,123
Truck807731,2998,1338,1165,1213,48
Truck806837,3121,3238,920,1214,294
Truck806863,3331,0,925,1214,289
Truck806961,2655,3121,955,1214,259
Truck807424,2822,2437,1080,1214,134
Truck806677,3238,2822,875,1216,341
Truck806768,2225,2655,900,1216,316
Truck807148,1339,2655,1005,1216,211
Truck807473,2224,2656,1095,1216,121
Truck807889,3331,2656,1210,1216,6
Truck807466,2999,2225,1095,1217,122
Truck807655,3331,3121,1145,1217,72
Truck807694,2822,3331,1155,1217,62
Truck807868,1339,0,1205,1217,12
Truck806742,0,2822,895,1218,323
Truck807141,2655,3122,1005,1218,213
Truck807442,2822,2999,1085,1218,133
Truck807042,3239,0,975,1219,244
Truck807196,2999,2998,1020,1219,199
Truck807315,2821,1338,1050,1219,169
Truck807749,2998,0,1170,1219,49
Truck807904,1339,3122,1215,1219,4
Truck806562,0,2224,845,1220,375
Truck807802,2822,2821,1185,1220,35
Truck804371,3121,1338,235,1221,986
Truck807583,3331,2224,1125,1221,96
Truck807780,3239,2999,1180,1221,41
Truck806517,2436,0,830,1222,392
Truck806888,2437,2436,935,1222,287
Truck807194,2437,2225,1020,1222,202
Truck807673,3331,2225,1150,1222,72
Truck807076,1339,3121,985,1223,238
Truck807214,2999,2656,1025,1223,198
Truck807491,2224,2999,1100,1223,123
Truck807518,2437,2998,1110,1223,113
Truck807712,2822,3331,1160,1223,63
Truck803917,1338,3122,110,1224,1114
Truck807656,2656,3121,1145,1224,79
Truck803611,1338,2998,25,1225,1200
Truck806804,2225,2821,910,1225,315
Truck807460,2822,2655,1090,1225,135
Truck807767,2998,2436,1175,1225,50
Truck803953,1338,2655,120,1226,1106
Truck806678,2225,3238,875,1226,351
Truck807691,3331,2436,1155,1226,71
Truck807798,3239,2655,1185,1226,41
Truck807882,3122,0,1210,1226,16
Truck807492,3239,2224,1100,1227,127
Truck807509,2224,2655,1105,1227,122
Truck806950,1339,3331,950,1228,278
Truck807216,3122,2655,1025,1228,203
Truck807536,2437,2821,1115,1228,113
Truck807678,0,3238,1155,1228,73
Truck807785,2998,2821,1180,1228,48
Truck803809,1338,3238,80,1229,1149
Truck807186,3239,3122,1015,1230,215
Truck807838,2822,2998,1195,1230,35
Truck807053,3121,0,980,1231,251
Truck807527,2224,2999,1110,1231,121
Truck807709,3331,2437,1160,1231,71
Truck807072,3122,3239,985,1232,247
Truck807520,2999,2225,1110,1232,122
Truck806569,3238,2224,845,1233,388
Truck804385,1338,3121,240,1234,994
Truck806822,2225,2821,915,1234,319
Truck806912,2225,1339,940,1234,294
Truck807496,2822,2225,1100,1234,134
Truck807803,2998,2655,1185,1235,50
Truck803880,0,1338,100,1236,1136
Truck806917,3331,3238,940,1236,296
Truck806935,3331,3122,945,1236,291
Truck807825,2655,3239,1195,1236,41
Truck807035,3121,2822,975,1237,262
Truck807387,2821,2655,1070,1237,167
Truck807572,2437,2656,1125,1237,112
Truck807727,3331,3121,1165,1237,72
Truck807940,1339,0,1225,1237,12
Truck807375,2655,2998,1070,1238,168
Truck807545,2224,2821,1115,1238,123
Truck807644,2437,1339,1145,1238,93
Truck807821,2998,3121,1190,1238,48
Truck807282,0,2999,1045,1239,194
Truck807654,3239,2822,1145,1239,94
Truck807976,1339,3122,1235,1239,4
Truck804223,1338,2437,195,1240,1045
Truck806954,2656,0,950,1240,290
Truck806842,1339,2822,920,1241,321
Truck806894,2225,0,935,1241,306
Truck807344,2225,3121,1060,1241,181
Truck807563,2224,3239,1120,1241,121
Truck803935,1338,2224,115,1242,1127
Truck806631,2821,3238,860,1242,382
Truck807405,2821,3121,1075,1242,167
Truck807567,2821,2224,1120,1242,122
Truck806640,3122,2436,865,1243,378
Truck807590,2437,2998,1130,1243,113
Truck807839,2998,2656,1195,1243,48
Truck803755,1338,1339,65,1244,1179
Truck804331,1338,3121,225,1244,1019
Truck807071,3121,3239,985,1244,259
Truck807994,1339,3122,1240,1244,4
Truck807286,2999,2998,1045,1245,200
Truck807324,3122,2655,1055,1245,190
Truck806587,3238,2998,850,1247,397
Truck807423,2821,2225,1080,1247,167
Truck807608,2437,2998,1135,1247,112
Truck807870,3239,2437,1205,1247,42
Truck807097,3331,1339,990,1248,258
Truck807252,3122,2655,1035,1248,213
Truck807581,2224,3331,1125,1248,123
Truck807746,2656,2999,1170,1248,78
Truck807857,2998,3122,1200,1248,48
Truck807126,3122,2656,1000,1249,249
Truck807550,2822,2225,1115,1249,134
Truck807761,2224,2998,1175,1249,74
Truck807599,2224,2225,1130,1251,121
Truck807698,2437,3122,1160,1251,91
Truck807710,2656,2998,1160,1251,91
Truck807888,3239,2437,1210,1251,41
Truck804475,1338,2437,265,1252,987
Truck806766,3122,2224,900,1252,352
Truck807308,2225,2437,1050,1252,202
Truck807626,2437,2998,1140,1252,112
Truck807764,2656,1338,1175,1252,77
Truck807811,3238,1339,1190,1252,62
Truck807441,2821,2655,1085,1253,168
Truck806984,2225,3122,960,1254,294
Truck807096,3239,3238,990,1254,264
Truck807322,2999,2822,1055,1254,199
Truck807568,2822,3121,1120,1254,134
Truck807875,2998,3121,1205,1254,49
Truck806643,2436,0,865,1255,390
Truck807736,2999,2437,1170,1255,85
Truck807832,1339,3238,1195,1255,60
Truck806607,2436,2821,855,1256,401
Truck807107,3121,2224,995,1256,261
Truck807906,3239,2999,1215,1256,41
Truck807984,0,3122,1240,1256,16
Truck807617,2224,2655,1135,1257,122
Truck807729,2821,2656,1165,1257,92
Truck807771,2655,2656,1180,1257,77
Truck807288,3122,2655,1045,1258,213
Truck807340,2999,3239,1060,1258,198
Truck807726,3239,2822,1165,1259,94
Truck807793,3238,0,1185,1259,74
Truck807893,2998,0,1210,1259,49
Truck807037,3238,3239,975,1260,285
Truck804061,1338,2655,150,1261,1111
Truck806652,0,2224,870,1261,391
Truck806999,3121,3238,965,1261,296
Truck807477,2821,2436,1095,1261,166
Truck807915,2655,3239,1220,1261,41
Truck806499,2436,3238,825,1262,437
Truck806661,2436,0,870,1262,392
Truck806878,1339,2822,930,1262,332
Truck806930,2225,2656,945,1262,317
Truck807635,2224,1338,1140,1262,122
Truck805005,2436,1338,410,1263,853
Truck806730,3122,2224,890,1263,373
Truck807143,3121,3331,1005,1263,258
Truck807604,2822,2655,1130,1263,133
Truck807618,3239,2998,1135,1263,128
Truck807911,2998,2821,1215,1263,48
Truck806712,3122,2436,885,1264,379
Truck807017,3121,3238,970,1264,294
Truck807662,2437,2998,1150,1264,114
Truck807815,2224,2998,1190,1264,74
Truck807909,2821,2998,1215,1264,49
Truck806948,2225,2821,950,1265,315
Truck807020,2225,1339,970,1265,295
Truck807220,1339,3121,1025,1265,240
Truck807942,3239,2655,1225,1266,41
Truck804115,1338,3238,165,1267,1102
Truck807022,1339,2225,970,1267,297
Truck807159,2655,3121,1010,1267,257
Truck807495,2821,2437,1100,1267,167
Truck807756,3122,2437,1175,1267,92
Truck807864,3122,3238,1205,1267,62
Truck807653,2224,2656,1145,1268,123
Truck807680,2437,2655,1155,1268,113
Truck807681,2655,2437,1155,1268,113
Truck807197,3121,0,1020,1269,249
Truck807622,2822,1338,1135,1269,134
Truck807818,2656,2437,1190,1269,79
Truck803881,1338,2822,100,1270,1170
Truck805069,1338,2225,430,1270,840
Truck806966,2225,2655,955,1270,315
Truck807716,2437,0,1165,1270,105
Truck807763,3331,2998,1175,1270,95
Truck807929,2998,2225,1220,1270,50
Truck807250,2999,3238,1035,1271,236
Truck807412,2999,0,1080,1271,191
Truck807483,2655,2998,1100,1271,171
Truck807671,2224,2655,1150,1271,121
Truck807853,3331,2225,1200,1271,71
Truck806751,2436,3122,895,1272,377
Truck807179,3121,2655,1015,1272,257
Truck807664,2999,2225,1150,1272,122
Truck807892,2822,3331,1210,1272,62
Truck807982,2822,2998,1235,1272,37
Truck807997,3331,3239,1240,1272,32
Truck804979,1338,2436,405,1273,868
Truck807000,3122,2822,965,1273,308
Truck803995,3238,1338,130,1274,1144
Truck806688,0,2436,880,1274,394
Truck806910,3122,2822,940,1274,334
Truck807055,3238,3121,980,1274,294
Truck807947,2998,2437,1225,1274,49
Truck806982,3122,2822,960,1275,315
Truck807513,2821,2999,1105,1275,170
Truck807640,2822,3121,1140,1275,135
Truck807813,2436,2225,1190,1275,85
Truck807969,2655,3239,1235,1275,40
Truck807519,2655,2998,1110,1276,166
Truck807871,3331,2436,1205,1276,71
Truck807978,3239,2655,1235,1276,41
Truck806697,2436,2656,880,1277,397
Truck806785,3238,2821,905,1277,372
Truck807258,3239,1339,1035,1277,242
Truck807531,2821,2655,1110,1277,167
Truck807689,2224,2656,1155,1277,122
Truck807274,1339,3121,1040,1278,238
Truck807858,0,3238,1205,1278,73
Truck807002,2225,2656,965,1279,314
Truck807898,2999,3121,1215,1279,64
Truck807965,2998,3122,1230,1279,49
Truck808018,2822,2998,1245,1280,35
Truck807799,3331,2998,1185,1281,96
Truck807996,3239,2655,1240,1281,41
Truck806787,2436,3122,905,1282,377
Truck806829,2821,3122,915,1282,367
Truck806886,0,2822,935,1282,347
Truck807240,3239,3238,1030,1282,252
Truck806920,2822,3122,940,1283,343
Truck807030,0,2225,975,1283,308
Truck807090,3122,3331,990,1283,293
Truck807429,2655,2999,1085,1283,198
Truck807537,2655,2821,1115,1283,168
Truck807549,2821,2225,1115,1283,168
Truck807707,2224,3121,1160,1283,123
Truck807872,2656,2436,1205,1283,78
Truck807306,3122,3121,1050,1284,234
Truck807734,2437,3331,1170,1284,114
Truck807983,2998,2822,1235,1284,49
Truck806589,2436,3238,850,1285,435
Truck807676,2822,2437,1150,1285,135
Truck804007,1338,3331,135,1286,1151
Truck807238,1339,3331,1030,1286,256
Truck807725,2224,2437,1165,1286,121
Truck808036,2822,2821,1250,1286,36
Truck808098,3122,0,1270,1286,16
Truck806731,3238,2821,890,1287,397
Truck807303,2655,3238,1050,1287,237
Truck807448,2999,3331,1090,1287,197
Truck807819,2821,3331,1190,1287,97
Truck806760,0,2224,900,1288,388
Truck807098,2656,3238,990,1288,298
Truck807234,3122,3331,1030,1288,258
Truck807447,2655,2999,1090,1288,198
Truck807907,3331,2999,1215,1288,73
Truck807964,2822,2656,1230,1288,58
Truck808001,2998,3239,1240,1288,48
Truck807233,3121,3331,1030,1289,259
Truck807752,2437,2821,1175,1289,114
Truck806733,2436,2821,890,1291,401
Truck806775,2821,0,900,1291,391
Truck807038,2225,2821,975,1291,316
Truck807323,3121,3122,1055,1291,236
Truck807435,2436,2999,1085,1292,207
Truck807573,2655,2224,1125,1292,167
Truck807743,2224,3238,1170,1292,122
Truck807835,3331,2224,1195,1292,97
Truck806860,1339,2224,925,1293,368
Truck806958,0,2822,955,1293,338
Truck807908,2656,2436,1215,1293,78
Truck807925,3331,2655,1220,1293,73
Truck807251,3121,2224,1035,1295,260
Truck807878,2437,2999,1210,1295,85
Truck808019,2998,2437,1245,1295,50
Truck807130,1339,2225,1000,1296,296
Truck807556,2999,3122,1120,1296,176
Truck804120,3122,1338,165,1297,1132
Truck807328,1339,3331,1055,1297,242
Truck807603,2821,2655,1130,1297,167
Truck807937,3238,0,1225,1297,72
Truck807558,3122,2999,1120,1298,178
Truck806763,2655,2436,900,1299,399
Truck807181,3238,3331,1015,1299,284
Truck807788,2437,3331,1185,1299,114
Truck808037,2998,2225,1250,1299,49
Truck807162,3122,3331,1010,1300,290
Truck807269,3121,3239,1040,1300,260
Truck807285,2655,3121,1045,1300,255
Truck807360,3122,3121,1065,1300,235
Truck807484,2999,2655,1100,1300,200
Truck805274,2225,1338,485,1301,816
Truck807074,2225,2821,985,1301,316
Truck807557,3121,2225,1120,1301,181
Truck807683,3121,2437,1155,1301,146
Truck807779,2224,2437,1180,1301,121
Truck807806,2437,3239,1190,1301,111
Truck807822,0,2437,1195,1301,106
Truck808068,3239,2999,1260,1301,41
Truck808152,3122,0,1285,1301,16
Truck807891,2821,2656,1210,1302,92
Truck806796,0,2436,910,1303,393
Truck807783,2821,2224,1180,1303,123
Truck804961,1338,2436,400,1304,904
Truck806955,2821,3122,950,1304,354
Truck807609,2655,2998,1135,1304,169
Truck808055,2998,2999,1255,1304,49
Truck808210,1339,3122,1300,1304,4
Truck807166,1339,2225,1010,1305,295
Truck807377,3121,3122,1070,1305,235
Truck807592,2999,3122,1130,1306,176
Truck807797,2224,2436,1185,1306,121
Truck808086,3239,1338,1265,1306,41
Truck806986,1339,2821,960,1307,347
Truck807450,3122,3239,1090,1307,217
Truck807639,2821,3121,1140,1307,167
Truck807824,2437,2656,1195,1307,112
Truck807921,2436,2225,1220,1307,87
Truck806857,3238,2998,925,1308,383
Truck806974,2822,3238,955,1308,353
Truck807312,3239,3238,1050,1308,258
Truck807480,0,2655,1100,1308,208
Truck807501,2655,0,1105,1308,203
Truck807701,3121,2437,1160,1308,148
Truck807962,2656,3121,1230,1308,78
Truck804259,1338,2655,205,1309,1104
Truck806805,2436,2656,910,1309,399
Truck806968,1339,2998,955,1309,354
Truck807896,2437,1339,1215,1309,94
Truck808073,2998,0,1260,1309,49
Truck807009,2821,1339,965,1310,345
Truck807277,3331,1339,1040,1310,270
Truck807291,2436,3121,1045,1310,265
Truck807305,3121,2224,1050,1310,260
Truck807146,2225,0,1005,1311,306
Truck808182,0,3122,1295,1311,16
Truck804241,1338,3122,200,1312,1112
Truck806932,1339,2821,945,1312,367
Truck807110,2225,2822,995,1312,317
Truck807657,2821,2436,1145,1312,167
Truck808104,3239,2225,1270,1312,42
Truck807980,2656,2436,1235,1313,78
Truck808027,3238,1339,1250,1313,63
Truck808091,2998,2436,1265,1313,48
Truck807128,2225,2655,1000,1314,314
Truck807842,2437,2656,1200,1314,114
Truck804462,3122,1338,260,1315,1055
Truck804781,1338,3121,350,1315,965
Truck807945,2821,2656,1225,1315,90
Truck808144,2822,2224,1280,1315,35
Truck804133,1338,2822,170,1316,1146
Truck806922,0,2224,945,1316,371
Truck807202,1339,2225,1020,1316,296
Truck808024,2999,3121,1250,1316,66
Truck806823,2436,2998,915,1317,402
Truck807816,3239,2224,1190,1317,127
Truck807833,2224,2655,1195,1317,122
Truck808122,3239,2655,1275,1317,42
Truck808228,1339,0,1305,1317,12
Truck807522,3122,2655,1110,1318,208
Truck807860,2437,3239,1205,1318,113
Truck808002,0,3238,1245,1318,73
Truck808015,3331,2436,1245,1318,73
Truck806911,3238,2224,940,1319,379
Truck807341,3121,2224,1060,1319,259
Truck807354,0,3121,1065,1319,254
Truck807430,2999,3238,1085,1319,234
Truck807675,2821,2436,1150,1319,169
Truck807755,3121,2437,1175,1319,144
Truck808264,1339,3122,1315,1319,4
Truck804097,1338,2998,160,1320,1160
Truck808109,2998,1338,1270,1320,50
Truck804295,1338,0,215,1321,1106
Truck807554,2437,2225,1120,1321,201
Truck807943,3331,2998,1225,1321,96
Truck808162,2822,2224,1285,1321,36
Truck806868,0,2436,930,1322,392
Truck807359,3121,2998,1065,1322,257
Truck808016,2656,2655,1245,1322,77
Truck808033,3331,1338,1250,1322,72
Truck805562,2225,1338,565,1323,758
Truck807118,2822,0,995,1323,328
Truck807538,2999,2436,1115,1323,208
Truck807851,2224,1338,1200,1323,123
Truck808090,2822,2656,1265,1323,58
Truck808125,2821,2998,1275,1323,48
Truck807217,3238,3331,1025,1324,299
Truck807357,2655,3121,1065,1325,260
Truck807449,3121,3122,1090,1325,235
Truck807451,3238,2999,1090,1325,235
Truck807820,2822,1338,1190,1325,135
Truck808127,2998,1339,1275,1325,50
Truck807773,3121,2437,1180,1326,146
Truck808051,3331,2655,1255,1326,71
Truck808158,3239,1338,1285,1326,41
Truck808286,2656,3331,1320,1326,6
Truck807164,2225,2655,1010,1327,317
Truck807862,2999,2225,1205,1327,122
Truck807869,2224,3238,1205,1327,122
Truck807961,3331,2821,1230,1327,97
Truck808087,3331,2822,1265,1327,62
Truck808195,3331,3239,1295,1327,32
Truck806931,2436,1339,945,1328,383
Truck807852,3239,2224,1200,1328,128
Truck804229,3238,1338,195,1329,1134
Truck806983,3238,2822,960,1329,369
Truck807467,3121,3122,1095,1329,234
Truck807770,2437,3238,1180,1329,149
Truck808145,2998,2655,1280,1329,49
Truck807182,2225,2998,1015,1330,315
Truck807684,3122,2999,1155,1330,175
Truck807421,3331,3122,1080,1331,251
Truck808198,2822,2821,1295,1331,36
Truck804408,3122,1338,245,1332,1087
Truck806877,2436,3331,930,1332,402
Truck806964,3122,2224,955,1332,377
Truck807717,2655,2998,1165,1332,167
Truck807887,2224,0,1210,1332,122
Truck808069,3331,2999,1260,1332,72
Truck807188,2656,3238,1015,1333,318
Truck804277,1338,2224,210,1334,1124
Truck807200,2225,2822,1020,1334,314
Truck807242,2656,0,1030,1334,304
Truck807486,3122,3121,1100,1334,234
Truck806895,2436,3239,935,1335,400
Truck807510,3239,3122,1105,1335,230
Truck805339,1338,2225,505,1336,831
Truck807054,3122,2821,980,1336,356
Truck807066,0,2822,985,1336,351
Truck807610,2999,2224,1135,1336,201
Truck807999,2821,3331,1240,1336,96
Truck804458,2437,1338,260,1337,1077
Truck807213,2655,2225,1025,1337,312
Truck807747,2821,2999,1170,1337,167
Truck807905,2224,3121,1215,1338,123
Truck808070,2656,2655,1260,1338,78
Truck807112,1339,2821,995,1339,344
Truck807606,0,2655,1135,1339,204
Truck807735,2655,2224,1170,1339,169
Truck807861,2655,2822,1205,1339,134
Truck807874,2822,1338,1205,1339,134
Truck808181,2998,3331,1290,1339,49
Truck807218,2225,3331,1025,1340,315
Truck807228,0,2225,1030,1340,310
Truck808034,2656,2224,1250,1340,90
Truck807413,3121,3331,1080,1341,261
Truck808138,1339,3238,1280,1341,61
Truck804025,1338,3238,140,1342,1202
Truck804052,1339,1338,145,1342,1197
Truck804367,1338,3122,235,1342,1107
Truck805329,2436,1338,500,1342,842
Truck807475,3331,1339,1095,1342,247
Truck807923,2224,3121,1220,1342,122
Truck808308,0,1339,1330,1342,12
Truck806893,3238,2821,935,1343,408
Truck807236,2225,2655,1030,1343,313
Truck807395,3121,2436,1075,1343,268
Truck807753,2655,2998,1175,1343,168
Truck808092,0,3238,1270,1343,73
Truck808199,2998,2999,1295,1343,48
Truck804637,1338,3121,310,1344,1034
Truck806929,3238,2224,945,1344,399
Truck807235,3238,2656,1030,1344,314
Truck807765,2821,3121,1175,1344,169
Truck807431,3121,3331,1085,1345,260
Truck807504,3122,3239,1105,1345,240
Truck807646,2999,2998,1145,1345,200
Truck804246,3122,1338,200,1346,1146
Truck807156,0,2822,1010,1346,336
Truck807310,1339,2225,1050,1346,296
Truck807345,2436,2437,1060,1346,286
Truck807829,3238,2437,1195,1346,151
Truck807941,2224,2655,1225,1346,121
Truck807950,2437,2821,1230,1346,116
Truck808350,3122,1339,1340,1346,6
Truck807628,2999,2436,1140,1347,207
Truck807924,3239,2224,1220,1347,127
Truck808267,3331,3239,1315,1347,32
Truck808048,1339,2437,1255,1348,93
Truck804908,2437,1338,385,1349,964
Truck806949,2436,2998,950,1349,399
Truck807444,0,3239,1090,1349,259
Truck808217,2998,2436,1300,1349,49
Truck804502,1339,1338,270,1350,1080
Truck807021,2436,1339,970,1350,380
Truck807254,2225,2224,1035,1350,315
Truck807403,3331,1339,1075,1350,275
Truck807863,3121,2437,1205,1350,145
Truck808375,3331,2656,1345,1351,6
Truck807422,2656,1339,1080,1352,272
Truck807959,2224,2436,1230,1352,122
Truck808141,3331,2436,1280,1352,72
Truck804983,3121,1338,405,1353,948
Truck806967,2436,3239,955,1353,398
Truck808235,2998,3239,1305,1353,48
Truck808266,3239,2656,1315,1353,38
Truck804312,0,1338,220,1354,1134
Truck807801,2821,2225,1185,1354,169
Truck808072,2822,3239,1260,1354,94
Truck807559,3238,2999,1120,1355,235
Truck807754,2999,1339,1175,1355,180
Truck807986,2437,2822,1240,1355,115
Truck808076,2437,3122,1265,1355,90
Truck808257,2655,3239,1315,1355,40
Truck805059,2436,1338,425,1356,931
Truck807145,3238,2225,1005,1356,351
Truck807346,1339,2225,1060,1356,296
Truck807381,2436,2437,1070,1356,286
Truck807485,3121,2656,1100,1356,256
Truck807718,2999,0,1165,1356,191
Truck804319,3238,1338,220,1357,1137
Truck805131,2436,1338,445,1357,912
Truck807063,2821,0,980,1357,377
Truck807977,2224,3331,1235,1357,122
Truck807040,1339,2436,975,1358,383
Truck807135,2821,3122,1000,1358,358
Truck807208,2822,1339,1020,1358,338
Truck807272,2225,2655,1040,1358,318
Truck808142,2656,2999,1280,1358,78
Truck807045,2821,0,975,1359,384
Truck808163,2998,2224,1285,1359,74
Truck808253,2998,3122,1310,1359,49
Truck807290,2225,2224,1045,1360,315
Truck807574,2999,3238,1125,1360,235
Truck807946,2822,2999,1225,1360,135
Truck808004,2437,2655,1245,1360,115
Truck808114,2999,2437,1275,1360,85
Truck805055,3121,1338,425,1361,936
Truck806985,2436,2998,960,1361,401
Truck807995,2224,2656,1240,1361,121
Truck807577,3238,2999,1125,1362,237
Truck807732,0,2999,1170,1362,192
Truck808160,2656,2225,1285,1362,77
Truck808284,3239,2225,1320,1362,42
Truck807326,2225,0,1055,1363,308
Truck807562,1339,3331,1120,1363,243
Truck808304,2656,3239,1325,1363,38
Truck807058,1339,2436,980,1364,384
Truck807084,0,2224,990,1364,374
Truck807318,0,2225,1055,1364,309
Truck807503,3121,2821,1105,1364,259
Truck807546,3239,1339,1115,1364,249
Truck804349,1338,2656,230,1365,1135
Truck808271,2998,2656,1315,1365,50
Truck808302,3239,3121,1325,1365,40
Truck807336,0,2225,1060,1366,306
Truck807528,3239,3122,1110,1366,256
Truck807750,0,2999,1175,1366,191
Truck807808,2999,3122,1190,1366,176
Truck807855,2821,2437,1200,1366,166
Truck808105,3331,2224,1270,1366,96
Truck807321,2655,2225,1055,1367,312
Truck807439,3331,3122,1085,1367,282
Truck807700,2999,2436,1160,1367,207
Truck808013,2224,2437,1245,1367,122
Truck807611,3121,3122,1135,1368,233
Truck808320,3239,2656,1330,1368,38
Truck804457,1338,2998,260,1369,1109
Truck808040,2437,2822,1255,1369,114
Truck808193,2224,2998,1295,1369,74
Truck808287,2821,2998,1320,1369,49
Truck808289,2998,2436,1320,1369,49
Truck807521,3121,2822,1110,1370,260
Truck804656,2437,1338,315,1371,1056
Truck807314,2656,3238,1050,1371,321
Truck807789,2655,1339,1185,1371,186
Truck808014,3239,2224,1245,1371,126
Truck808031,2224,3121,1250,1371,121
Truck808213,3331,2655,1300,1371,71
Truck804205,1338,2822,190,1372,1182
Truck807362,2225,0,1065,1372,307
Truck807458,2656,0,1090,1372,282
Truck807873,2821,2225,1205,1372,167
Truck807048,0,2436,980,1373,393
Truck807616,1339,3121,1135,1373,238
Truck808196,2656,2436,1295,1373,78
Truck808307,2998,1338,1325,1374,49
Truck807127,3238,2821,1000,1375,375
Truck807498,0,3331,1105,1375,270
Truck807511,3331,0,1105,1375,270
Truck807932,2437,3238,1225,1375,150
Truck808000,2822,3121,1240,1375,135
Truck807039,2436,2821,975,1376,401
Truck807844,2999,3122,1200,1376,176
Truck808465,3331,2656,1370,1376,6
Truck807742,1339,2655,1170,1377,207
Truck808049,2224,3122,1255,1377,122
Truck808231,3331,2655,1305,1377,72
Truck807117,2821,1339,995,1378,383
Truck807334,2822,3122,1055,1378,323
Truck807634,1339,3121,1140,1378,238
Truck808214,2656,2655,1300,1378,78
Truck808225,3238,0,1305,1378,73
Truck808374,3239,3331,1345,1378,33
Truck807648,3122,3121,1145,1379,234
Truck807699,2655,3238,1160,1379,219
Truck808032,3239,2224,1250,1379,129
Truck807147,2436,3122,1005,1380,375
Truck807539,3121,2436,1115,1380,265
Truck808178,2656,2998,1290,1380,90
Truck808356,3239,1338,1340,1380,40
Truck804403,1338,0,245,1381,1136
Truck807593,3121,0,1130,1381,251
Truck807968,2437,3121,1235,1381,146
Truck808067,2224,3239,1260,1381,121
Truck808249,3331,2437,1310,1381,71
Truck807057,2436,2224,980,1382,402
Truck807575,3121,2821,1125,1382,257
Truck807772,2999,2822,1180,1382,202
Truck808278,3122,3238,1320,1382,62
Truck807075,2436,2821,985,1383,398
Truck807390,0,2225,1075,1383,308
Truck808053,2821,3239,1255,1383,128
Truck808239,2655,3331,1310,1383,73
Truck808343,2998,2655,1335,1383,48
Truck807790,2999,2998,1185,1384,199
Truck808232,2656,2999,1305,1384,79
Truck804421,1338,3239,250,1385,1135
Truck807144,3122,2436,1005,1385,380
Truck808180,2822,3239,1290,1385,95
Truck808184,2437,3122,1295,1385,90
Truck805195,1338,2436,465,1386,921
Truck808085,2224,3239,1265,1387,122
Truck808177,3331,2998,1290,1387,97
Truck808209,2436,2225,1300,1387,87
Truck807093,2436,3239,990,1388,398
Truck807591,2655,3121,1130,1388,258
Truck807927,2821,2655,1220,1388,168
Truck808250,2656,2999,1310,1388,78
Truck808254,0,3238,1315,1388,73
Truck808361,2998,2655,1340,1388,48
Truck805843,1338,2225,645,1389,744
Truck807594,3122,2656,1130,1389,259
Truck808112,2437,3331,1275,1390,115
Truck808315,3238,3122,1330,1390,60
Truck807398,2225,2821,1075,1391,316
Truck807529,3331,1339,1110,1391,281
Truck807682,2999,3238,1155,1392,237
Truck807760,1339,2655,1175,1392,217
Truck808392,3239,2999,1350,1392,42
Truck804529,1338,2998,280,1393,1113
Truck807602,2656,3122,1130,1393,263
Truck808103,2224,3121,1270,1393,123
Truck807826,2999,2821,1195,1394,199
Truck807933,2655,2821,1225,1394,169
Truck808233,2821,2656,1305,1394,89
Truck808379,2998,2225,1345,1394,49
Truck807111,2436,3239,995,1396,401
Truck807382,1339,2822,1070,1396,326
Truck807411,2655,2225,1080,1396,316
Truck807762,3239,1339,1175,1396,221
Truck808130,2437,3239,1280,1396,116
Truck808537,3331,2656,1390,1396,6
Truck807091,3238,2998,990,1397,407
Truck807552,0,2656,1120,1397,277
Truck807629,3121,2224,1140,1397,257
Truck808121,2224,3122,1275,1397,122
Truck808303,3331,2999,1325,1397,72
Truck807612,3122,3331,1135,1398,263
Truck808428,3239,2656,1360,1398,38
Truck804619,1338,0,305,1399,1094
Truck807129,2436,3331,1000,1399,399
Truck808395,2821,2998,1350,1399,49
Truck808397,2998,2822,1350,1399,49
Truck807261,2821,3122,1035,1400,365
Truck807434,2225,2656,1085,1401,316
Truck807543,2436,2437,1115,1401,286
Truck808331,3121,2999,1335,1401,66
Truck808548,3122,1339,1395,1401,6
Truck804871,1338,3121,375,1402,1027
Truck808139,2224,2437,1280,1402,122
Truck808095,2655,2822,1270,1403,133
Truck808415,2998,2225,1355,1403,48
Truck804211,3238,1338,190,1404,1214
Truck807534,0,2656,1115,1404,289
Truck807647,3121,2822,1145,1404,259
Truck808325,2998,2224,1330,1404,74
Truck807452,2225,3239,1090,1405,315
Truck808061,3121,2437,1260,1405,145
Truck807663,2655,3121,1150,1406,256
Truck808157,2224,3122,1285,1406,121
Truck808280,2225,2436,1320,1406,86
Truck808446,3239,2437,1365,1406,41
Truck808468,2822,2998,1370,1406,36
Truck807738,3122,3121,1170,1407,237
Truck808140,3239,2821,1280,1407,127
Truck808200,0,2437,1300,1407,107
Truck808339,3331,3121,1335,1407,72
Truck808483,3331,3239,1375,1407,32
Truck808552,1339,0,1395,1407,12
Truck807880,2999,3331,1210,1408,198
Truck807894,0,2655,1215,1408,193
Truck808322,2656,3121,1330,1408,78
Truck808433,2998,1339,1360,1409,49
Truck807541,3238,3121,1115,1410,295
Truck807958,1339,2999,1230,1410,180
Truck808126,2822,2437,1275,1410,135
Truck807542,2225,1339,1115,1411,296
Truck808202,2437,2822,1300,1411,111
Truck808203,2655,2437,1300,1411,111
Truck808387,3238,1339,1350,1411,61
Truck808584,3122,1339,1405,1411,6
Truck808340,2656,2655,1335,1412,77
Truck804601,1338,2656,300,1413,1113
Truck807364,1339,2998,1065,1413,348
Truck807601,3331,3122,1130,1413,283
Truck808017,2821,2437,1245,1413,168
Truck808175,2224,3331,1290,1413,123
Truck808484,2656,3239,1375,1413,38
Truck807378,3122,2821,1070,1414,344
Truck807744,3239,3122,1170,1414,244
Truck808451,2998,2655,1365,1414,49
Truck808606,1339,3122,1410,1414,4
Truck808285,3331,2821,1320,1415,95
Truck808305,2821,2656,1325,1415,90
Truck804606,3122,1338,300,1416,1116
Truck807183,2436,2656,1015,1416,401
Truck807488,2225,3239,1100,1416,316
Truck807665,3121,2436,1150,1416,266
Truck807930,0,2999,1225,1416,191
Truck808094,2437,3121,1270,1416,146
Truck808560,0,3122,1400,1416,16
Truck804817,1338,2224,360,1417,1057
Truck805217,3121,1338,470,1417,947
Truck807256,1339,2436,1035,1417,382
Truck808358,2656,2655,1340,1417,77
Truck807506,2225,2224,1105,1419,314
Truck807516,0,2225,1110,1419,309
Truck807674,2656,0,1150,1419,269
Truck807791,3121,3122,1185,1419,234
Truck807936,3122,2655,1225,1419,194
Truck808149,2655,2822,1285,1419,134
Truck808179,2821,3239,1290,1419,129
Truck808469,2998,2822,1370,1419,49
Truck807201,2436,2656,1020,1420,400
Truck807270,3122,2998,1040,1420,380
Truck807916,2999,2821,1220,1420,200
Truck808035,2821,1338,1250,1420,170
Truck807719,3121,3239,1165,1421,256
Truck808041,2655,2224,1255,1421,166
Truck808194,3239,2821,1295,1421,126
Truck808500,3239,2655,1380,1421,41
Truck807073,3238,2436,985,1422,437
Truck807792,3122,3121,1185,1422,237
Truck807914,2437,2225,1220,1422,202
Truck808314,3122,2437,1330,1422,92
Truck804439,1338,2224,255,1423,1168
Truck807584,2656,0,1125,1423,298
Truck807934,2999,2224,1225,1423,198
Truck808211,2224,1338,1300,1423,123
Truck808365,2655,2656,1345,1423,78
Truck804583,1338,3238,295,1424,1129
Truck808167,2655,2822,1290,1424,134
Truck808487,2998,2656,1375,1424,49
Truck808539,2821,2822,1390,1424,34
Truck804547,1338,2656,285,1425,1140
Truck805159,1338,3121,455,1425,970
Truck807307,3238,2822,1050,1425,375
Truck807388,2822,0,1070,1425,355
Truck807406,2822,3238,1075,1425,350
Truck808540,2822,2998,1390,1425,35
Truck807514,2822,1339,1105,1426,321
Truck807951,2655,2999,1230,1426,196
Truck807970,2999,0,1235,1426,191
Truck808117,3238,2437,1275,1426,151
Truck807309,2436,3122,1050,1427,377
Truck807414,3122,2998,1080,1427,347
Truck808010,2225,3121,1245,1427,182
Truck808212,3239,2821,1300,1427,127
Truck808256,2437,2655,1315,1427,112
Truck807620,2656,3122,1135,1428,293
Truck807952,2999,2821,1230,1428,198
Truck808229,2224,3121,1305,1428,123
Truck807246,0,2436,1035,1429,394
Truck807809,3121,1339,1190,1429,239
Truck807988,2999,0,1240,1429,189
Truck807237,2436,3239,1030,1430,400
Truck807532,2822,1339,1110,1430,320
Truck808536,3239,2225,1390,1430,40
Truck808663,3331,2656,1425,1431,6
Truck807757,3238,3239,1175,1432,257
Truck808230,3239,2224,1305,1432,127
Truck808247,2224,2822,1310,1432,122
Truck808558,2822,2224,1395,1432,37
Truck807397,3238,2822,1075,1433,358
Truck808274,2437,2998,1320,1433,113
Truck808523,2998,3122,1385,1433,48
Truck807352,2822,3238,1060,1434,374
Truck807672,3239,3238,1150,1434,284
Truck807827,3121,1339,1195,1435,240
Truck807834,3239,3238,1195,1435,240
Truck804997,1338,2437,410,1436,1026
Truck807847,3238,2999,1200,1436,236
Truck808248,3239,2224,1310,1436,126
Truck808447,3331,2655,1365,1436,71
Truck807199,3238,2821,1020,1437,417
Truck807560,2225,3239,1120,1437,317
Truck807804,0,3239,1190,1437,247
Truck808107,2821,2436,1270,1437,167
Truck808265,2224,2822,1315,1437,122
Truck808376,2656,2821,1345,1437,92
Truck808486,2822,3331,1375,1437,62
Truck807273,2436,3239,1040,1438,398
Truck804763,1338,3239,345,1439,1094
Truck807619,3331,3238,1135,1439,304
Truck808292,2437,2224,1325,1439,114
Truck807369,2821,0,1065,1440,375
Truck807796,1339,3239,1185,1440,255
Truck808475,3121,2999,1375,1440,65
Truck808541,2998,3239,1390,1440,50
Truck807363,2436,3122,1065,1441,376
Truck807578,2225,3331,1125,1441,316
Truck808283,2224,1338,1320,1441,121
Truck808498,1339,3238,1380,1441,61
Truck808572,3239,1338,1400,1441,41
Truck807800,2656,1339,1185,1442,257
Truck808084,1339,2655,1265,1442,177
Truck808678,1339,0,1430,1442,12
Truck807505,3238,2822,1105,1443,338
Truck807576,3122,2822,1125,1443,318
Truck808006,2999,3239,1245,1443,198
Truck808504,2822,3331,1380,1443,63
Truck808559,2998,3238,1395,1443,48
Truck804565,1338,3239,290,1444,1154
Truck807692,2656,3122,1155,1444,289
Truck807991,3238,2655,1240,1445,205
Truck808310,2437,3239,1330,1445,115
Truck808513,3238,3122,1385,1445,60
Truck807432,3122,2821,1085,1447,362
Truck807632,2225,0,1140,1447,307
Truck807670,1339,2225,1150,1447,297
Truck807886,1339,3121,1210,1447,237
Truck808301,2224,2656,1325,1448,123
Truck807588,0,2822,1130,1449,319
Truck807685,3238,3121,1155,1449,294
Truck807400,1339,2224,1075,1450,375
Truck807614,2225,2655,1135,1450,315
Truck807696,0,3331,1160,1450,290
Truck808270,2822,2436,1315,1450,135
Truck808510,2999,3121,1385,1450,65
Truck808577,2998,3238,1400,1450,50
Truck808599,2655,3239,1410,1450,40
Truck807688,1339,2225,1155,1451,296
Truck807795,2436,3121,1185,1451,266
Truck808608,3239,2437,1410,1451,41
Truck808686,0,3122,1435,1451,16
Truck808736,2656,3331,1445,1451,6
Truck807343,3238,2998,1060,1452,392
Truck807396,3122,2436,1075,1452,377
Truck807781,3331,3122,1180,1452,272
Truck808022,2437,2225,1250,1452,202
Truck808319,2224,3239,1330,1452,122
Truck808495,3238,0,1380,1452,72
Truck808704,0,1339,1440,1452,12
Truck807807,2655,3121,1190,1453,263
Truck808100,2225,3121,1270,1453,183
Truck807459,2821,1339,1090,1454,364
Truck807462,0,2224,1095,1454,359
Truck808161,2821,2999,1285,1454,169
Truck808288,2822,2437,1320,1454,134
Truck808505,2998,2224,1380,1454,74
Truck807327,2436,2822,1055,1455,400
Truck807417,2436,3122,1080,1455,375
Truck808238,2437,3121,1310,1455,145
Truck808346,2437,3239,1340,1455,115
Truck808448,2656,2224,1365,1455,90
Truck808595,2998,3121,1405,1455,50
Truck808617,2655,3239,1415,1455,40
Truck805429,1338,2999,530,1456,926
Truck807843,2655,3121,1200,1456,256
Truck808115,3121,2225,1275,1456,181
Truck808337,2224,2436,1335,1456,121
Truck808626,3239,2655,1415,1456,41
Truck807919,3238,2999,1220,1457,237
Truck808576,2822,2656,1400,1457,57
Truck804745,1338,1339,340,1458,1118
Truck807351,2821,3238,1060,1458,398
Truck807845,3121,3331,1200,1458,258
Truck808502,2656,2999,1380,1458,78
Truck808506,0,3238,1385,1458,73
Truck808644,3239,2656,1420,1458,38
Truck807960,3239,1339,1230,1459,229
Truck808613,2998,2999,1410,1459,49
Truck807935,3121,3122,1225,1460,235
Truck808635,2655,3239,1420,1460,40
Truck807325,3238,2998,1055,1461,406
Truck808058,2437,2225,1260,1461,201
Truck808359,2821,2224,1340,1461,121
Truck808722,0,3122,1445,1461,16
Truck808355,2224,1339,1340,1462,122
Truck808466,2656,2998,1370,1462,92
Truck808527,2655,3331,1390,1462,72
Truck807524,2225,3238,1110,1463,353
Truck807668,2225,2655,1150,1463,313
Truck808077,2655,2999,1265,1463,198
Truck808185,2655,2821,1295,1463,168
Truck808197,2821,3121,1295,1463,168
Truck808338,3239,2821,1335,1463,128
Truck808382,2437,2656,1350,1463,113
Truck808464,3239,2822,1370,1463,93
Truck807899,3121,0,1215,1464,249
Truck808324,2822,2437,1330,1464,134
Truck808462,1339,2437,1370,1464,94
Truck808631,2998,2821,1415,1464,49
Truck807846,3122,2656,1200,1465,265
Truck804511,1338,3238,275,1466,1191
Truck808373,2224,3331,1345,1466,121
Truck807490,1339,2821,1100,1467,367
Truck808215,2821,3121,1300,1467,167
Truck808401,2655,2437,1355,1467,112
Truck808538,2656,2999,1390,1467,77
Truck808555,3331,3121,1395,1467,72
Truck808649,2998,2225,1420,1468,48
Truck807686,2225,2656,1155,1469,314
Truck807917,3121,0,1220,1469,249
Truck808059,2655,0,1260,1470,210
Truck808342,2822,1338,1335,1470,135
Truck807426,0,2224,1085,1471,386
Truck808391,2224,2655,1350,1471,121
Truck808400,2437,3331,1355,1471,116
Truck808503,2821,2656,1380,1471,91
Truck807540,3122,2821,1115,1472,357
Truck807758,2225,1339,1175,1472,297
Truck807881,3121,2822,1210,1472,262
Truck808078,2999,2436,1265,1472,207
Truck807666,3122,2822,1150,1473,323
Truck808360,2822,2999,1340,1473,133
Truck808700,2656,3239,1435,1473,38
Truck808113,2655,1339,1275,1474,199
Truck808418,2437,2822,1360,1474,114
Truck807399,2436,3331,1075,1475,400
Truck807778,1339,2225,1180,1475,295
Truck808452,0,2437,1370,1475,105
Truck808621,3238,3122,1415,1475,60
Truck808667,2998,2437,1425,1475,50
Truck807900,3122,3331,1215,1476,261
Truck808409,2224,1339,1355,1476,121
Truck808501,3331,2998,1380,1476,96
Truck808698,3239,2655,1435,1476,41
Truck804709,1338,3238,330,1477,1147
Truck807580,1339,2822,1125,1477,352
Truck808436,2437,3239,1365,1477,112
Truck807740,2225,0,1170,1478,308
Truck807955,3238,3239,1230,1478,248
Truck807990,3122,3121,1240,1478,238
Truck808251,2821,2225,1310,1478,168
Truck808574,2656,2655,1400,1478,78
Truck805105,1338,2999,440,1479,1039
Truck808132,2999,3331,1280,1479,199
Truck808685,2998,2821,1430,1479,49
Truck807722,2225,3239,1165,1480,315
Truck808221,2655,1339,1305,1480,175
Truck808378,2822,2436,1345,1480,135
Truck807596,2225,3238,1130,1481,351
Truck808008,3122,3121,1245,1481,236
Truck808205,3121,2225,1300,1481,181
Truck808519,3331,2821,1385,1481,96
Truck808836,3122,1339,1475,1481,6
Truck807453,2436,0,1090,1482,392
Truck807508,1339,2224,1105,1482,377
Truck807810,3122,2225,1190,1482,292
Truck808427,2224,3239,1360,1482,122
Truck808603,3238,0,1410,1482,72
Truck808638,3122,3238,1420,1482,62
Truck805576,2999,1338,570,1483,913
Truck805609,1338,2436,580,1483,903
Truck807595,3238,2225,1130,1483,353
Truck808150,2999,3239,1285,1483,198
Truck808703,2998,0,1435,1483,48
Truck808734,3239,2656,1445,1483,38
Truck807585,2821,0,1125,1484,359
Truck808383,2655,2822,1350,1484,134
Truck808636,2999,3121,1420,1484,64
Truck804853,1338,2998,370,1485,1115
Truck807979,3331,1339,1235,1486,251
Truck808445,2224,2821,1365,1486,121
Truck808556,2656,2821,1395,1486,91
Truck807987,2655,3238,1240,1487,247
Truck807613,3238,2225,1135,1488,353
Truck808168,2999,2224,1290,1488,198
Truck808472,2437,3331,1375,1488,113
Truck808721,2998,3331,1440,1488,48
Truck807624,0,2224,1140,1489,349
Truck808153,3238,2655,1285,1489,204
Truck808719,2821,2998,1440,1489,49
Truck807890,2656,3122,1210,1490,280
Truck807953,3121,3331,1230,1490,260
Truck808042,2999,3238,1255,1490,235
Truck808246,1339,2999,1310,1490,180
Truck804799,1338,3239,355,1491,1136
Truck808463,2224,1339,1370,1491,121
Truck807465,2655,2436,1095,1492,397
Truck807836,2656,0,1195,1492,297
Truck807971,3121,3331,1235,1492,257
Truck808456,2999,2225,1370,1492,122
Truck808674,3122,3238,1430,1492,62
Truck808675,3238,1339,1430,1492,62
Truck807854,2656,3238,1200,1493,293
Truck808645,3331,1338,1420,1493,73
Truck808628,2656,2436,1415,1494,79
Truck807415,3238,2998,1080,1495,415
Truck807526,1339,2224,1110,1495,385
Truck807730,2822,1339,1165,1495,330
Truck807883,3238,2656,1210,1495,285
Truck808186,2999,2656,1295,1495,200
Truck808432,2822,2225,1360,1495,135
Truck808490,2437,2822,1380,1495,115
Truck808739,2998,2437,1445,1495,50
Truck807912,0,2656,1220,1496,276
Truck808131,2655,3238,1280,1496,216
Truck808770,3239,3121,1455,1496,41
Truck805017,2655,1338,415,1497,1082
Truck807650,2225,3238,1145,1497,352
Truck807776,2225,3331,1180,1497,317
Truck808485,2821,2224,1375,1497,122
Truck807471,2436,2822,1095,1498,403
Truck808204,2999,2656,1300,1498,198
Truck808323,2821,2436,1330,1498,168
Truck808481,2224,2437,1375,1498,123
Truck808646,2656,2655,1420,1498,78
Truck804727,1338,2822,335,1499,1164
Truck804907,1338,0,385,1499,1114
Truck807989,3121,2655,1240,1499,259
Truck808066,1339,3121,1260,1499,239
Truck808450,2822,2436,1365,1499,134
Truck808594,2822,3239,1405,1499,94
Truck808610,2656,2821,1410,1499,89
Truck808757,2998,2436,1450,1499,49
Truck807489,2436,2821,1100,1500,400
Truck807794,2225,2224,1185,1501,316
Truck807830,2225,0,1195,1501,306
Truck808005,2655,3121,1245,1501,256
Truck808341,2821,2436,1335,1501,166
Truck808482,3239,2998,1375,1501,126
Truck808499,2224,3238,1380,1501,121
Truck808711,3238,1339,1440,1501,61
Truck808714,1339,3238,1440,1501,61
Truck807487,3238,2224,1100,1502,402
Truck807507,2436,2821,1105,1502,397
Truck807884,2225,3122,1210,1502,292
Truck808526,2437,2224,1390,1502,112
Truck808591,3331,2224,1405,1502,97
Truck808681,3331,2655,1430,1502,72
Truck807544,1339,2224,1115,1503,388
Truck808775,2998,1338,1455,1503,48
Truck808007,3121,2656,1245,1504,259
Truck807812,2225,3239,1190,1505,315
Truck808044,3122,3239,1255,1505,250
Truck808222,2999,2821,1305,1505,200
Truck808296,3122,2655,1325,1505,180
Truck808405,3238,2437,1355,1505,150
Truck808043,3121,0,1255,1506,251
Truck808806,3239,2437,1465,1506,41
Truck804912,3122,1338,385,1507,1122
Truck805232,2437,1338,475,1507,1032
Truck807660,0,2822,1150,1507,357
Truck808517,2224,3331,1385,1507,122
Truck804925,1338,3239,390,1508,1118
Truck805078,1339,1338,430,1508,1078
Truck808699,3331,2437,1435,1508,73
Truck808682,2656,2999,1430,1509,79
Truck807704,2225,3238,1160,1510,350
Truck807926,2656,3122,1220,1510,290
Truck808102,1339,3121,1270,1510,240
Truck807817,3331,3238,1190,1511,321
Truck807901,3238,3121,1215,1511,296
Truck808258,2999,3239,1315,1511,196
Truck807944,2656,3238,1225,1512,287
Truck808025,3121,2224,1250,1512,262
Truck808528,2999,2225,1390,1512,122
Truck808535,2224,2656,1390,1512,122
Truck808811,2998,0,1465,1513,48
Truck807642,0,2998,1145,1514,369
Truck807848,2225,2822,1200,1514,314
Truck808562,2437,2224,1400,1514,114
Truck805484,2437,1338,545,1515,970
Truck807523,3238,2224,1110,1515,405
Truck807998,2656,1339,1240,1515,275
Truck808647,2821,3331,1420,1515,95
Truck807922,1339,2225,1220,1516,296
Truck808029,2436,3121,1250,1516,266
Truck808553,2224,2656,1395,1516,121
Truck808240,2999,2436,1310,1517,207
Truck808725,2655,3331,1445,1517,72
Truck807621,2821,3122,1135,1518,383
Truck808276,2999,2822,1320,1518,198
Truck808829,2998,1339,1470,1518,48
Truck807561,2436,2224,1120,1519,399
Truck808774,2822,3331,1455,1519,64
Truck807702,3122,2998,1160,1520,360
Truck808454,2437,3238,1370,1520,150
Truck808783,3238,3122,1460,1520,60
Truck805002,3122,1338,410,1521,1111
Truck807555,2655,2436,1120,1521,401
Truck807866,2225,2656,1205,1521,316
Truck807954,3122,3331,1230,1521,291
Truck807975,2436,2437,1235,1521,286
Truck808860,3239,2999,1480,1521,41
Truck808988,2656,3331,1515,1521,6
Truck807433,3238,2436,1085,1522,437
Truck808571,2224,3238,1400,1522,122
Truck808782,3122,3238,1460,1522,62
Truck808882,2822,2821,1485,1522,37
Truck805051,1338,3331,425,1523,1098
Truck808352,2225,3121,1340,1523,183
Truck808747,3238,0,1450,1523,73
Truck808294,2999,3331,1325,1524,199
Truck808311,2655,2999,1330,1525,195
Truck808598,2437,2656,1410,1525,115
Truck808847,2998,2437,1475,1525,50
Truck808079,3121,2822,1265,1526,261
Truck808170,3122,3121,1290,1526,236
Truck805197,2655,1338,465,1527,1062
Truck807579,2436,3331,1125,1527,402
Truck808332,3122,2655,1335,1527,192
Truck808419,2655,2821,1360,1527,167
Truck808758,0,3238,1455,1527,72
Truck808761,2655,3331,1455,1527,72
Truck808984,1339,0,1515,1527,12
Truck805361,3121,1338,510,1528,1018
Truck808589,2224,1338,1405,1528,123
Truck808754,2656,2655,1450,1528,78
Truck808771,3331,2437,1455,1528,73
Truck808865,2998,2436,1480,1528,48
Truck807784,2822,3122,1180,1529,349
Truck808097,3121,2656,1270,1529,259
Truck808312,2999,3331,1330,1529,199
Truck808431,2821,2655,1360,1529,169
Truck807597,2436,3239,1130,1530,400
Truck807856,2822,0,1200,1530,330
Truck808701,2821,3331,1435,1530,95
Truck808798,2999,3121,1465,1530,65
Truck808896,3239,3121,1490,1530,40
Truck807814,1339,2998,1190,1532,342
Truck808124,2656,1339,1275,1532,257
Truck808607,2224,3239,1410,1532,122
Truck808772,2656,2225,1455,1532,77
Truck809002,1339,0,1520,1532,12
Truck807615,2436,3239,1135,1533,398
Truck807902,2225,2822,1215,1533,318
Truck808050,3239,3238,1255,1533,278
Truck808329,2655,2999,1335,1533,198
Truck808776,0,3238,1460,1533,73
Truck808793,2998,2224,1460,1534,74
Truck808883,2998,2437,1485,1534,49
Truck807631,3238,2224,1140,1535,395
Truck807693,2821,3238,1155,1535,380
Truck808914,3239,2225,1495,1536,41
Truck805276,1339,1338,485,1537,1052
Truck805645,1338,3121,590,1537,947
Truck808455,2655,2224,1370,1537,167
Truck808467,2821,2436,1370,1537,167
Truck808652,2437,2655,1425,1537,112
Truck808717,3331,2224,1440,1537,97
Truck808133,3121,2821,1280,1538,258
Truck808348,2999,2224,1340,1538,198
Truck808625,2224,2821,1415,1538,123
Truck808807,3331,2436,1465,1538,73
Truck808862,2656,2822,1480,1538,58
Truck804909,2655,1338,385,1539,1154
Truck808901,2998,2822,1490,1539,49
Truck808106,2656,0,1270,1540,270
Truck808174,1339,3239,1290,1541,251
Truck808330,2999,2436,1335,1541,206
Truck808746,3122,2437,1450,1541,91
Truck808123,3331,1339,1275,1542,267
Truck808797,2655,2656,1465,1542,77
Truck808858,1339,3238,1480,1542,62
Truck808932,3239,1338,1500,1542,42
Truck808954,2822,2224,1505,1542,37
Truck808643,2224,3331,1420,1543,123
Truck808808,2656,2655,1465,1543,78
Truck808812,0,3238,1470,1543,73
Truck807850,1339,2998,1200,1544,344
Truck808151,3121,2822,1285,1544,259
Truck808176,3239,1339,1290,1544,254
Truck808544,2437,3238,1395,1544,149
Truck808612,2822,2999,1410,1544,134
Truck808919,2998,2436,1495,1544,49
Truck805663,1338,3121,595,1545,950
Truck805774,2999,1338,625,1545,920
Truck807651,2436,3331,1145,1545,400
Truck804889,1338,2822,380,1546,1166
Truck807724,1339,2436,1165,1546,381
Truck808169,3121,2821,1290,1546,256
Truck808364,2437,2225,1345,1546,201
Truck808873,3238,1339,1485,1546,61
Truck808950,3239,1338,1505,1546,41
Truck807741,2436,3122,1170,1547,377
Truck808370,2225,2437,1345,1547,202
Truck808658,2225,2999,1425,1547,122
Truck808661,2224,1338,1425,1547,122
Truck808826,2656,2999,1470,1548,78
Truck805743,2436,1338,615,1549,934
Truck807928,2822,3122,1220,1549,329
Truck808056,0,3331,1260,1549,289
Truck808580,2437,3121,1405,1549,144
Truck808937,2998,3239,1500,1549,49
Truck809092,1339,3122,1545,1549,4
Truck807974,2225,2822,1235,1550,315
Truck808426,1339,2655,1360,1550,190
Truck808891,3238,3122,1490,1550,60
Truck808989,2821,2822,1515,1550,35
Truck807669,2436,3239,1150,1551,401
Truck808790,2656,2224,1460,1551,91
Truck809096,2656,3331,1545,1551,6
Truck808062,3122,2225,1260,1552,292
Truck808384,2999,2821,1350,1552,202
Truck808402,2999,3331,1355,1552,197
Truck808416,0,2999,1360,1552,192
Truck808679,2224,0,1430,1552,122
Truck808861,3331,1338,1480,1552,72
Truck807687,2436,3331,1155,1553,398
Truck808187,3121,2656,1295,1553,258
Truck808259,3121,1339,1315,1553,238
Truck808662,3239,2998,1425,1553,128
Truck807759,2436,1339,1175,1554,379
Truck808648,2822,2436,1420,1554,134
Truck808706,2437,3331,1440,1554,114
Truck805321,1338,2821,500,1555,1055
Truck808955,2998,3331,1505,1555,50
Truck807837,2821,1339,1195,1556,361
Truck808697,2224,2821,1435,1556,121
Truck808820,2225,2436,1470,1556,86
Truck808064,2225,1339,1260,1557,297
Truck808869,2655,3331,1485,1557,72
Truck808977,2655,3239,1515,1557,42
Truck805249,1338,2998,480,1558,1078
Truck807777,2436,1339,1180,1558,378
Truck807992,2225,2822,1240,1558,318
Truck808080,3122,2225,1265,1558,293
Truck808420,2999,2224,1360,1558,198
Truck808973,2998,3122,1510,1558,48
Truck807774,3122,2436,1180,1559,379
Truck808116,3122,3331,1275,1559,284
Truck808906,2999,3121,1495,1559,64
Truck805141,1338,2821,450,1560,1110
Truck808666,2822,3121,1425,1560,135
Truck807705,2436,2998,1160,1561,401
Truck808557,2821,2225,1395,1561,166
Truck808715,2224,2822,1440,1561,121
Truck808809,2821,3331,1465,1561,96
Truck809004,3239,2437,1520,1561,41
Truck809026,2822,2224,1525,1561,36
Truck808088,2656,0,1265,1562,297
Truck808742,2437,2655,1450,1562,112
Truck808991,2998,2999,1515,1563,48
Truck805411,1338,3239,525,1564,1039
Truck808223,3121,2655,1305,1564,259
Truck808347,2655,0,1340,1564,224
Truck808616,2437,3238,1415,1564,149
Truck808684,2822,2225,1430,1564,134
Truck807723,2436,2655,1165,1565,400
Truck805375,1338,3238,515,1566,1051
Truck808028,2225,2655,1250,1566,316
Truck808474,2999,0,1375,1566,191
Truck808575,2821,1338,1400,1566,166
Truck808716,3239,2998,1440,1566,126
Truck808733,2224,2437,1445,1566,121
Truck805936,2999,1338,670,1567,897
Truck808159,3331,0,1285,1567,282
Truck809044,2822,2821,1530,1567,37
Truck808046,2225,2655,1255,1568,313
Truck808137,2436,2437,1280,1568,288
Truck808318,1339,3121,1330,1568,238
Truck808840,1339,2437,1475,1568,93
Truck808898,2656,2225,1490,1568,78
Truck808915,3331,2225,1495,1568,73
Truck809009,2998,3122,1520,1568,48
Truck808052,2656,3238,1255,1569,314
Truck808534,1339,2999,1390,1570,180
Truck808634,2437,3238,1420,1570,150
Truck808760,2437,2821,1455,1570,115
Truck808963,3238,3122,1510,1570,60
Truck808438,2999,2436,1365,1571,206
Truck808593,2821,2999,1405,1571,166
Truck808751,2224,1338,1450,1571,121
Truck808933,3331,2655,1500,1571,71
Truck808969,3331,2822,1510,1571,61
Truck809040,3239,3121,1530,1571,41
Truck809062,2822,2998,1535,1571,36
Truck807910,2822,3238,1215,1572,357
Truck807920,2225,3238,1220,1572,352
Truck808155,2436,2437,1285,1572,287
Truck808272,0,3121,1320,1572,252
Truck808443,2436,2999,1365,1572,207
Truck808488,0,2999,1380,1572,192
Truck808509,2655,3122,1385,1572,187
Truck808532,2225,3121,1390,1572,182
Truck808581,2655,2821,1405,1572,167
Truck808972,2822,3331,1510,1572,62
Truck808054,2822,3122,1255,1573,318
Truck809076,3239,3331,1540,1573,33
Truck807972,3122,2822,1235,1574,339
Truck809027,2998,2821,1525,1574,49
Truck807828,3122,2821,1195,1575,380
Truck808351,3238,2999,1340,1575,235
Truck805033,1338,2998,420,1576,1156
Truck807918,3122,2224,1220,1576,356
Truck807938,2225,3238,1225,1576,351
Truck808720,2822,2225,1440,1576,136
Truck808880,2656,2224,1485,1576,91
Truck809049,2655,3239,1535,1576,41
Truck809058,3239,2225,1535,1576,41
Truck808241,3121,2436,1310,1577,267
Truck808491,2655,2999,1380,1577,197
Truck808769,2224,1339,1455,1577,122
Truck808980,3122,3238,1515,1577,62
Truck808166,2437,2436,1290,1578,288
Truck809045,2998,2437,1530,1578,48
Truck805213,1338,2655,470,1579,1109
Truck808336,1339,3239,1335,1579,244
Truck808492,2999,2822,1380,1579,199
Truck808611,2821,2999,1410,1579,169
Truck808691,3121,2437,1435,1579,144
Truck808796,2437,2998,1465,1579,114
Truck805087,1338,3331,435,1581,1146
Truck808524,0,2999,1390,1581,191
Truck808670,2437,3238,1430,1581,151
Truck808787,2224,1338,1460,1581,121
Truck808890,3122,2437,1490,1581,91
Truck808172,2225,3122,1290,1582,292
Truck808496,2225,2437,1380,1582,202
Truck808830,0,2437,1475,1582,107
Truck808879,3331,2821,1485,1582,97
Truck806067,2436,1338,705,1583,878
Truck808372,1339,3239,1345,1583,238
Truck808629,2821,3121,1415,1583,168
Truck809063,2998,2436,1535,1583,48
Truck809112,3239,3331,1550,1583,33
Truck807840,0,2224,1200,1584,384
Truck808282,1339,3331,1320,1584,264
Truck808295,3121,3239,1325,1584,259
Truck808756,2822,3121,1450,1584,134
Truck809061,2821,2998,1535,1584,49
Truck808082,2225,2998,1265,1585,320
Truck808099,3238,3331,1270,1585,315
Truck808688,2437,3238,1435,1585,150
Truck808171,3238,3121,1290,1586,296
Truck809094,3239,1338,1545,1586,41
Truck808508,2437,2225,1385,1587,202
Truck808805,2224,2655,1465,1587,122
Truck808970,2656,2999,1510,1587,77
Truck807885,2436,3122,1210,1588,378
Truck808118,2225,3331,1275,1588,313
Truck808586,2225,3121,1405,1588,183
Truck808313,3121,3331,1330,1589,259
Truck808724,2437,3121,1445,1589,144
Truck808832,2437,2656,1475,1589,114
Truck808934,2656,2998,1500,1589,89
Truck808985,2224,2998,1515,1589,74
Truck809081,2998,2655,1540,1589,49
Truck809133,2821,2822,1555,1590,35
Truck808012,1339,2998,1245,1591,346
Truck808220,2437,2436,1305,1591,286
Truck809005,3331,2999,1520,1591,71
Truck805969,1338,2999,680,1592,912
Truck808108,2822,0,1270,1592,322
Truck808437,2655,0,1365,1592,227
Truck808823,2224,3121,1470,1592,122
Truck808866,0,2437,1485,1592,107
Truck808850,2437,2655,1480,1593,113
Truck809041,3331,2822,1530,1593,63
Truck807831,2436,2656,1195,1594,399
Truck809099,2998,0,1545,1594,49
Truck808408,1339,3239,1355,1595,240
Truck805465,1338,3122,540,1596,1056
Truck807703,3238,2436,1160,1596,436
Truck808226,2225,3122,1305,1596,291
Truck808952,2656,2821,1505,1596,91
Truck808136,2225,3331,1280,1597,317
Truck808683,2821,2999,1430,1597,167
Truck807849,2436,2224,1200,1598,398
Truck808841,2224,3122,1475,1598,123
Truck809006,2656,1338,1520,1598,78
Truck808300,1339,2656,1325,1599,274
Truck808564,2999,3239,1400,1599,199
Truck809117,2998,2655,1550,1599,49
Truck805915,1338,2437,665,1600,935
Truck808868,2437,2821,1485,1600,115
Truck809170,2822,2998,1565,1600,35
Truck807865,3238,2821,1205,1601,396
Truck808154,2225,3331,1285,1601,316
Truck808518,3239,3122,1385,1601,216
Truck808546,2999,2436,1395,1601,206
Truck808367,3121,3331,1345,1602,257
Truck808582,2999,2224,1405,1602,197
Truck808859,2224,3331,1480,1602,122
Truck805592,2437,1338,575,1603,1028
Truck808842,3239,2224,1475,1604,129
Truck809039,2224,2998,1530,1604,74
Truck809135,2998,2999,1555,1604,49
Truck805447,1338,3122,535,1605,1070
Truck807867,2436,3331,1205,1605,400
Truck808045,3238,2225,1255,1605,350
Truck808268,2656,1339,1315,1605,290
Truck808886,2437,3239,1490,1605,115
Truck805519,1338,3122,555,1606,1051
Truck808828,2822,2655,1470,1606,136
Truck808877,2224,1339,1485,1606,121
Truck807963,2821,0,1230,1607,377
Truck807739,3238,2436,1170,1608,438
Truck808458,3122,3121,1370,1608,238
Truck808563,2655,3122,1400,1608,208
Truck808600,2999,2224,1410,1608,198
Truck809153,2998,2436,1560,1608,48
Truck808260,3122,2225,1315,1609,294
Truck808672,2999,1339,1430,1609,179
Truck808690,2999,3122,1435,1610,175
Truck808692,3122,2999,1435,1610,175
Truck809184,3239,3121,1570,1610,40
Truck809206,2822,2224,1575,1610,35
Truck806095,1338,2436,715,1611,896
Truck808923,2655,2437,1500,1611,111
Truck808940,2437,0,1505,1611,106
Truck809268,3122,0,1595,1611,16
Truck805222,1339,1338,470,1612,1142
Truck808030,1339,2821,1250,1612,362
Truck808208,2225,3239,1300,1612,312
Truck808410,3239,3122,1355,1612,257
Truck808878,3239,2224,1485,1612,127
Truck808895,2224,0,1490,1612,122
Truck807897,2655,2436,1215,1613,398
Truck807903,2436,2822,1215,1613,398
Truck808394,2656,1339,1350,1614,264
Truck808618,2999,3331,1415,1614,199
Truck808737,2821,3121,1445,1614,169
Truck808922,2437,2224,1500,1614,114
Truck809075,2224,2998,1540,1614,74
Truck809171,2998,2225,1565,1614,49
Truck808236,0,2656,1310,1615,305
Truck808354,1339,2656,1340,1615,275
Truck809032,2999,2437,1530,1615,85
Truck809037,2436,2225,1530,1615,85
Truck805649,3121,1338,590,1616,1026
Truck808390,1339,2656,1350,1616,266
Truck808421,3121,2224,1360,1616,256
Truck808913,2224,3239,1495,1616,121
Truck809202,3239,2999,1575,1616,41
Truck809280,0,3122,1600,1616,16
Truck805302,0,1338,495,1617,1122
Truck807775,3238,2436,1180,1617,437
Truck808277,3121,3238,1320,1617,297
Truck808403,3121,2822,1355,1617,262
Truck809220,3239,2656,1580,1618,38
Truck805231,1338,0,475,1619,1144
Truck808188,3122,2822,1295,1619,324
Truck808430,2656,3122,1360,1619,259
Truck809093,2224,2998,1545,1619,74
Truck809189,2998,3122,1570,1619,49
Truck806581,1338,2225,850,1620,770
Truck808243,3238,3331,1310,1620,310
Truck809042,2656,2821,1530,1620,90
Truck808412,2656,1339,1355,1621,266
Truck808671,2655,0,1430,1621,191
Truck808958,2437,2224,1510,1621,111
Truck809023,3331,2998,1525,1621,96
Truck805015,1338,2224,415,1622,1207
Truck805177,1338,3331,460,1622,1162
Truck808262,2225,0,1315,1622,307
Truck808328,2437,2436,1335,1622,287
Truck808407,2436,3121,1355,1622,267
Truck808924,2999,2225,1500,1622,122
Truck808928,2225,2999,1500,1622,122
Truck808931,2224,2822,1500,1622,122
Truck807948,0,2436,1230,1623,393
Truck808654,2999,2821,1425,1623,198
Truck808900,2822,2436,1490,1623,133
Truck809113,3331,2225,1550,1623,73
Truck809152,2822,3331,1560,1623,63
Truck809256,3239,3331,1590,1623,33
Truck809207,2998,3121,1575,1624,49
Truck808020,0,2821,1250,1625,375
Truck808791,2821,2437,1460,1625,165
Truck808411,3331,3122,1355,1626,271
Truck808244,2225,2656,1310,1627,317
Truck808297,3238,2656,1325,1627,302
Truck808549,3238,2655,1395,1627,232
Truck805573,1338,2224,570,1628,1058
Truck808216,2822,0,1300,1628,328
Truck808321,3331,3238,1330,1628,298
Truck808949,2224,2655,1505,1628,123
Truck808976,2437,2821,1515,1628,113
Truck809114,2656,2655,1550,1628,78
Truck808026,3122,2436,1250,1629,379
Truck808918,2822,2999,1495,1629,134
Truck809056,1339,2437,1535,1629,94
Truck809225,2998,2437,1580,1629,49
Truck807966,0,2436,1235,1630,395
Truck807981,2821,0,1235,1630,395
Truck808762,2999,3122,1455,1630,175
Truck808135,3238,2822,1280,1631,351
Truck809059,3331,2998,1535,1631,96
Truck809139,2655,3331,1560,1631,71
Truck809340,3122,0,1615,1631,16
Truck808333,3238,3121,1335,1632,297
Truck808967,2224,1338,1510,1632,122
Truck809149,3331,3121,1560,1632,72
Truck805591,1338,3121,575,1633,1058
Truck806026,2999,1338,695,1633,938
Truck807957,2436,2998,1230,1633,403
Truck808768,1339,2655,1455,1633,178
Truck809132,2656,2436,1555,1633,78
Truck809143,3238,0,1560,1633,73
Truck809276,2656,3239,1595,1633,38
Truck808234,2822,0,1305,1634,329
Truck809243,2998,0,1585,1634,49
Truck809398,1339,3122,1630,1634,4
Truck808653,2655,3122,1425,1635,210
Truck808011,2436,0,1245,1636,391
Truck808293,2655,2225,1325,1636,311
Truck808461,2436,3121,1370,1636,266
Truck808936,2822,2655,1500,1636,136
Truck809079,2821,3331,1540,1637,97
Truck809150,2656,2225,1560,1637,77
Truck808708,2999,2224,1440,1638,198
Truck808763,3121,2225,1455,1638,183
Truck808827,2821,1338,1470,1638,168
Truck807973,3238,2998,1235,1639,404
Truck809261,2998,3331,1590,1639,49
Truck808065,2436,1339,1260,1640,380
Truck809095,3331,2821,1545,1640,95
Truck808493,3121,2821,1380,1641,261
Truck809003,2224,1338,1520,1641,121
Truck809012,2437,2224,1525,1641,116
Truck809185,3331,2655,1570,1641,71
Truck809420,2656,3331,1635,1641,6
Truck805123,1338,2821,445,1642,1197
Truck808298,2225,2656,1325,1642,317
Truck808326,0,2225,1335,1643,308
Truck808689,2655,3238,1435,1643,208
Truck808986,3239,2998,1515,1643,128
Truck809168,2656,2225,1565,1643,78
Truck808573,3331,3122,1400,1644,244
Truck808601,3121,3122,1410,1644,234
Truck809030,2437,2822,1530,1644,114
Truck809212,2999,3121,1580,1644,64
Truck809279,2998,3331,1595,1644,49
Truck808316,2225,2821,1330,1645,315
Truck809064,0,2437,1540,1645,105
Truck805416,3122,1338,525,1646,1121
Truck808190,2225,3238,1295,1646,351
Truck808511,3121,2821,1385,1646,261
Truck808101,2436,3122,1270,1647,377
Truck808164,0,2822,1290,1647,357
Truck809021,2224,2822,1525,1647,122
Truck809242,2822,3331,1585,1647,62
Truck809310,3239,3121,1605,1647,42
Truck805393,1338,1339,520,1648,1128
Truck808189,3238,2225,1295,1648,353
Truck808429,3331,1339,1360,1648,288
Truck808744,2999,2655,1450,1648,198
Truck808863,2821,1338,1480,1648,168
Truck808990,2822,2437,1515,1648,133
Truck809186,2656,1338,1570,1648,78
Truck809295,2821,2998,1600,1648,48
Truck808023,2655,2436,1250,1649,399
Truck808071,2821,0,1260,1649,389
Truck808529,3121,2224,1390,1649,259
Truck805357,1338,0,510,1650,1140
Truck808334,2225,2224,1335,1650,315
Truck809138,2437,3122,1560,1650,90
Truck809297,2998,2437,1600,1650,50
Truck809043,2821,2224,1530,1651,121
Truck809406,0,3122,1635,1651,16
Truck809448,3122,1339,1645,1651,6
Truck808119,2436,3122,1275,1652,377
Truck808357,3331,3238,1340,1652,312
Truck808620,3122,3121,1415,1652,237
Truck809193,2655,2656,1575,1652,77
Truck809221,3331,2437,1580,1652,72
Truck809424,0,1339,1640,1652,12
Truck809022,3239,2224,1525,1653,128
Truck808009,3238,2998,1245,1654,409
Truck809008,2822,2655,1520,1654,134
Truck809315,2998,3238,1605,1654,49
Truck805285,1338,2822,490,1655,1165
Truck808047,2436,3239,1255,1655,400
Truck808881,2821,2436,1485,1655,170
Truck808995,2655,2822,1520,1655,135
Truck809160,3122,2437,1565,1655,90
Truck808780,2999,2822,1460,1656,196
Truck808835,3121,2225,1475,1657,182
Truck808089,2821,0,1265,1658,393
Truck808143,2821,0,1280,1658,378
Truck808565,3121,2655,1400,1658,258
Truck808743,2655,3122,1450,1658,208
Truck808887,2655,2821,1490,1658,168
Truck808899,2821,2999,1490,1658,168
Truck809057,2224,2821,1535,1658,123
Truck809239,3331,2436,1585,1658,73
Truck809333,2998,2822,1610,1658,48
Truck805829,3121,1338,640,1659,1019
Truck808146,0,2224,1285,1659,374
Truck805303,1338,3331,495,1660,1165
Truck805501,1338,3239,550,1660,1110
Truck807939,2436,3238,1225,1661,436
Truck808406,2225,0,1355,1661,306
Truck809492,2656,3331,1655,1661,6
Truck808134,3122,2224,1280,1662,382
Truck808388,2225,2998,1350,1662,312
Truck808778,2437,2225,1460,1662,202
Truck808784,2225,2437,1460,1662,202
Truck809257,3331,2225,1590,1662,72
Truck809386,2822,2821,1625,1662,37
Truck808459,3238,2656,1370,1663,293
Truck809351,2998,2999,1615,1664,49
Truck808083,2436,3239,1265,1665,400
Truck808242,3122,2821,1310,1665,355
Truck808554,3239,3238,1395,1665,270
Truck809204,2656,2224,1575,1665,90
Truck809285,3121,2999,1600,1665,65
Truck805267,1338,2655,485,1666,1181
Truck809275,3331,2436,1595,1666,71
Truck808655,3121,1339,1425,1667,242
Truck808874,2225,3121,1485,1667,182
Truck805483,1338,0,545,1668,1123
Truck808110,0,2436,1275,1668,393
Truck808707,2655,3238,1440,1668,228
Truck809120,2437,3239,1555,1668,113
Truck808081,3238,2998,1265,1669,404
Truck808156,1339,2821,1285,1669,384
Truck808520,2656,3238,1385,1669,284
Truck808816,2999,2821,1470,1669,199
Truck808935,2821,2436,1500,1669,169
Truck809302,2999,3121,1605,1669,64
Truck808393,3331,3238,1350,1670,320
Truck809210,2437,3122,1580,1670,90
Truck809369,2998,2821,1620,1670,50
Truck809421,2821,2822,1635,1670,35
Truck808442,2225,0,1365,1671,306
Truck808953,2821,2436,1505,1671,166
Truck809111,2224,2225,1550,1671,121
Truck809235,2436,2225,1585,1671,86
Truck809391,2655,3239,1630,1671,41
Truck808478,2225,1339,1375,1672,297
Truck809437,3331,3239,1640,1672,32
Truck809234,2225,2436,1585,1673,88
Truck809387,2998,0,1625,1673,48
Truck805392,0,1338,520,1674,1154
Truck808063,3238,2998,1260,1674,414
Truck809320,2999,3121,1610,1674,64
Truck808191,2436,1339,1295,1675,380
Truck808252,2822,3238,1310,1675,365
Truck808619,3121,2655,1415,1675,260
Truck808834,2999,2821,1475,1675,200
Truck806552,2225,1338,840,1676,836
Truck808192,1339,2436,1295,1676,381
Truck809253,2436,2225,1590,1676,86
Truck809418,3239,2436,1635,1676,41
Truck808218,0,2224,1305,1677,372
Truck808821,2436,2999,1470,1677,207
Truck808971,2821,3121,1510,1677,167
Truck809080,2822,2655,1540,1677,137
Truck808637,3121,2821,1420,1678,258
Truck808680,3239,1339,1430,1678,248
Truck808959,2655,2998,1510,1678,168
Truck809129,2224,3331,1555,1678,123
Truck809157,2655,2437,1565,1678,113
Truck809405,2998,1339,1630,1679,49
Truck808306,2822,3238,1325,1680,355
Truck808852,2999,3239,1480,1680,200
Truck805627,1338,0,585,1681,1096
Truck808888,2999,0,1490,1681,191
Truck809048,2437,3121,1535,1681,146
Truck809098,2822,2436,1545,1681,136
Truck809147,2224,2656,1560,1681,121
Truck809174,2437,3331,1570,1681,111
Truck809514,0,3122,1665,1681,16
Truck809312,2656,2655,1605,1682,77
Truck806311,1338,2436,775,1683,908
Truck808470,0,2225,1375,1683,308
Truck808578,0,2656,1405,1683,278
Truck808740,0,3239,1450,1683,233
Truck809130,3239,2998,1555,1683,128
Truck808833,2655,1339,1475,1684,209
Truck808960,2999,3122,1510,1684,174
Truck809066,2437,3121,1540,1684,144
Truck809423,2998,2225,1635,1684,49
Truck809578,1339,3122,1680,1684,4
Truck808590,3239,3238,1405,1685,280
Truck805717,1338,2224,610,1686,1076
Truck809347,3331,2655,1615,1686,71
Truck809454,3239,2999,1645,1686,41
Truck805735,1338,0,615,1687,1072
Truck808460,2225,2656,1370,1687,317
Truck809007,2821,2437,1520,1687,167
Truck809282,2437,2999,1600,1687,87
Truck809402,2656,2822,1630,1687,57
Truck808473,2655,2225,1375,1688,313
Truck809165,2224,3331,1565,1688,123
Truck809330,2656,2436,1610,1688,78
Truck808609,3331,0,1410,1689,279
Truck809192,2437,3239,1575,1689,114
Truck809441,2998,3122,1640,1689,49
Truck805555,1338,3238,565,1690,1125
Truck806149,1338,3121,730,1690,960
Truck808173,2436,2821,1290,1690,400
Truck808547,3121,3238,1395,1690,295
Truck808673,3121,2224,1430,1690,260
Truck809013,2655,2821,1525,1690,165
Truck809278,2822,3239,1595,1690,95
Truck809472,3239,2436,1650,1690,40
Truck808396,2822,3122,1350,1691,341
Truck809025,2821,2436,1525,1691,166
Truck809134,2822,2436,1555,1691,136
Truck806005,1338,3121,690,1692,1002
Truck808745,3121,1339,1450,1692,242
Truck809084,2437,3121,1545,1692,147
Truck809183,2224,3331,1570,1692,122
Truck808207,3238,2998,1300,1693,393
Truck808290,0,2821,1325,1693,368
Truck808752,3239,1339,1450,1693,243
Truck808870,2999,2436,1485,1693,208
Truck808344,0,2821,1340,1694,354
Truck808380,0,2822,1350,1694,344
Truck809363,2224,2998,1620,1694,74
Truck808605,2436,2437,1410,1695,285
Truck808735,3331,3122,1445,1695,250
Truck809459,2998,3331,1645,1695,50
Truck808978,2999,1339,1515,1696,181
Truck809201,2224,2436,1575,1696,121
Truck809244,0,2437,1590,1696,106
Truck809293,3331,2998,1600,1696,96
Truck808710,3122,3239,1440,1697,257
Truck809194,2999,2225,1575,1697,122
Truck809481,2655,3239,1655,1697,42
Truck806168,2437,1338,735,1698,963
Truck806365,1338,2436,790,1698,908
Truck808414,2822,1339,1355,1698,343
Truck808709,3121,3239,1440,1698,258
Truck809366,2656,2225,1620,1698,78
Truck809377,3238,0,1625,1698,73
Truck809477,2998,3238,1650,1698,48
Truck808920,0,2655,1500,1699,199
Truck809107,3238,2437,1550,1699,149
Truck809411,3121,2999,1635,1699,64
Truck805681,1338,1339,600,1700,1100
Truck809228,2437,2224,1585,1700,115
Truck808727,3121,3239,1445,1701,256
Truck809219,2224,2656,1580,1701,121
Truck805753,1338,2656,620,1702,1082
Truck808514,2225,3331,1385,1702,317
Truck808602,3122,2225,1410,1702,292
Truck808604,2225,3122,1410,1702,292
Truck809342,2225,2436,1615,1702,87
Truck809388,0,3238,1630,1702,72
Truck809434,1339,3238,1640,1702,62
Truck808444,1339,2822,1365,1703,338
Truck808583,3121,3238,1405,1703,298
Truck805919,3121,1338,665,1704,1039
Truck806329,1338,2999,780,1704,924
Truck808227,2436,3239,1305,1704,399
Truck809495,2998,2999,1655,1704,49
Truck808269,2821,3238,1315,1705,390
Truck809067,2655,2998,1540,1705,165
Truck809188,2822,3121,1570,1706,136
Truck809455,3331,2822,1645,1706,61
Truck808423,3238,2822,1360,1707,347
Truck809237,2224,2437,1585,1707,122
Truck809419,3331,2655,1635,1707,72
Truck809526,3239,3121,1665,1707,42
Truck809563,3331,3239,1675,1707,32
Truck808422,3122,2224,1360,1708,348
Truck808440,3122,2998,1365,1708,343
Truck809264,2437,3239,1595,1708,113
Truck809513,2998,0,1660,1709,49
Truck806642,2225,1338,865,1710,845
Truck808413,2821,3122,1355,1710,355
Truck808550,2225,3239,1395,1710,315
Truck808622,2225,1339,1415,1710,295
Truck808731,2436,3121,1445,1710,265
Truck809085,2655,2224,1545,1710,165
Truck809544,3239,2437,1670,1710,40
Truck806185,1338,3121,740,1711,971
Truck808245,2436,2656,1310,1711,401
Truck808279,3238,2821,1320,1711,391
Truck808335,2436,3122,1335,1711,376
Truck809097,2821,2436,1545,1711,166
Truck809372,2437,2999,1625,1711,86
Truck808753,3331,3122,1450,1712,262
Truck808781,3121,0,1460,1712,252
Truck808824,3239,1339,1470,1712,242
Truck809238,3239,2821,1585,1712,127
Truck809255,2224,3238,1590,1712,122
Truck808424,2225,3238,1360,1713,353
Truck809531,2998,3239,1665,1713,48
Truck806494,2999,1338,825,1714,889
Truck808794,0,3121,1465,1714,249
Truck809052,3122,2655,1535,1714,179
Truck806660,2225,1338,870,1715,845
Truck808368,3122,2998,1345,1715,370
Truck808664,2656,3238,1425,1715,290
Truck808377,2821,1339,1345,1716,371
Truck809161,3238,2437,1565,1716,151
Truck809384,2656,2224,1625,1716,91
Truck805789,1338,3122,630,1717,1087
Truck805879,1338,3122,655,1717,1062
Truck808263,2436,2224,1315,1717,402
Truck808299,2436,0,1325,1717,392
Truck808627,3331,3238,1415,1717,302
Truck808884,0,3239,1490,1717,227
Truck809273,2224,3238,1595,1717,122
Truck809438,2656,3121,1640,1717,77
Truck809484,3122,3238,1655,1717,62
Truck809599,3331,3239,1685,1717,32
Truck809115,2821,2225,1550,1718,168
Truck808542,0,2822,1395,1719,324
Truck808871,3121,3122,1485,1719,234
Truck809549,2998,2437,1670,1720,50
Truck808281,2436,2821,1320,1721,401
Truck808592,2656,3238,1405,1721,316
Truck809403,2821,2656,1630,1721,91
Truck808369,3238,2998,1345,1722,377
Truck809121,2655,2821,1555,1722,167
Truck809291,2224,3121,1600,1722,122
Truck809580,3239,3121,1680,1722,42
Truck805537,1338,2821,560,1723,1163
Truck808994,2437,2225,1520,1723,203
Truck808799,3121,2998,1465,1724,259
Truck809014,2999,3331,1525,1724,199
Truck809260,2822,2655,1590,1724,134
Truck809567,2998,1339,1675,1724,49
Truck809197,3238,2437,1575,1725,150
Truck809401,3331,2224,1630,1725,95
Truck809412,3122,2437,1635,1725,90
Truck808948,1339,3239,1505,1726,221
Truck809428,2999,2437,1640,1726,86
Truck809491,3331,2655,1655,1726,71
Truck808477,3238,2822,1375,1727,352
Truck808750,1339,3331,1450,1727,277
Truck808817,3121,2822,1470,1727,257
Truck809309,2224,2999,1605,1727,122
Truck809432,2225,2436,1640,1727,87
Truck809474,2656,2999,1650,1727,77
Truck809635,3331,3239,1695,1727,32
Truck809694,0,1339,1715,1727,12
Truck806530,2999,1338,835,1728,893
Truck808788,3239,3238,1460,1728,268
Truck809292,3239,2224,1600,1728,128
Truck809485,3238,0,1655,1728,73
Truck808362,0,2224,1345,1729,384
Truck808386,3122,2436,1350,1729,379
Truck809585,2998,3239,1680,1729,49
Truck808494,3122,2821,1380,1730,350
Truck809265,2655,2822,1595,1730,135
Truck809616,3239,2436,1690,1730,40
Truck808694,2225,1339,1435,1731,296
Truck809108,2225,3121,1550,1731,181
Truck809638,2822,2821,1695,1731,36
Truck805771,1338,2656,625,1732,1107
Truck808317,2436,2821,1330,1732,402
Truck808404,3122,2436,1355,1732,377
Truck809169,2821,2437,1565,1732,167
Truck809327,2224,2822,1610,1732,122
Truck809446,2999,2437,1645,1732,87
Truck809712,0,1339,1720,1732,12
Truck808712,2225,3122,1440,1733,293
Truck809355,2655,2437,1620,1733,113
Truck809509,3331,3121,1660,1733,73
Truck808449,2821,0,1365,1734,369
Truck808818,3122,3331,1470,1734,264
Truck809050,2999,2224,1535,1734,199
Truck809296,2822,1338,1600,1734,134
Truck809456,2656,2821,1645,1734,89
Truck809603,2998,3121,1685,1734,49
Truck809758,1339,3122,1730,1734,4
Truck808640,2225,2224,1420,1735,315
Truck808434,0,2224,1365,1736,371
Truck809187,2821,2225,1570,1736,166
Truck809527,3331,1338,1665,1736,71
Truck809625,2655,3239,1695,1736,41
Truck809634,3239,2655,1695,1736,41
Truck806224,2999,1338,750,1737,987
Truck806563,1338,2436,845,1737,892
Truck808398,0,2998,1355,1737,382
Truck808522,2822,3122,1385,1737,352
Truck808718,2656,3238,1440,1737,297
Truck809331,2821,3239,1610,1737,127
Truck809345,2224,2655,1615,1737,122
Truck809671,3331,3239,1705,1737,32
Truck809175,2655,2224,1570,1739,169
Truck809314,2822,2999,1605,1739,134
Truck809621,2998,2999,1690,1739,49
Truck808789,3331,3122,1460,1740,280
Truck809251,3238,2437,1590,1740,150
Truck808353,2436,2655,1340,1741,401
Truck808729,3238,3121,1445,1741,296
Truck808942,2999,3238,1505,1741,236
Truck809390,2437,3239,1630,1741,111
Truck809545,3331,1338,1670,1742,72
Truck809528,2656,2436,1665,1743,78
Truck808614,0,2822,1415,1744,329
Truck809086,2999,3331,1545,1744,199
Truck809639,2998,1338,1695,1744,49
Truck808371,2436,3331,1345,1745,400
Truck808676,2225,3239,1430,1745,315
Truck809670,3239,2437,1705,1745,40
Truck809332,2822,2436,1610,1747,137
Truck809381,2224,3238,1625,1747,122
Truck809692,2822,2998,1710,1747,37
Truck808889,3121,2655,1490,1748,258
Truck805807,1338,3122,635,1749,1114
Truck805825,1338,2224,640,1749,1109
Truck809408,2437,2656,1635,1749,114
Truck805699,1338,2821,605,1750,1145
Truck805861,1338,3122,650,1750,1100
Truck806113,1338,3121,720,1750,1030
Truck808389,2436,3331,1350,1750,400
Truck809498,2437,3122,1660,1750,90
Truck809657,2998,2437,1700,1750,50
Truck808568,2225,3238,1400,1751,351
Truck809300,2437,3121,1605,1751,146
Truck809591,3121,2999,1685,1751,66
Truck809679,2655,3239,1710,1751,41
Truck809688,3239,2655,1710,1751,41
Truck809710,2822,2821,1715,1751,36
Truck808566,3122,2224,1400,1752,352
Truck809241,2821,2436,1585,1752,167
Truck809399,2224,2656,1630,1752,122
Truck809794,1339,0,1740,1752,12
Truck808261,3238,2436,1315,1753,438
Truck808907,3121,3239,1495,1753,258
Truck809426,2437,3331,1640,1753,113
Truck805933,1338,2655,670,1754,1084
Truck808476,3122,2224,1375,1754,379
Truck808512,3122,2224,1385,1754,369
Truck809318,2437,3121,1610,1754,144
Truck809382,3239,2821,1625,1754,129
Truck809675,2998,2437,1705,1754,49
Truck808480,1339,2436,1375,1755,380
Truck809031,2655,0,1530,1755,225
Truck809368,2822,2999,1620,1755,135
Truck809629,3238,3122,1695,1755,60
Truck808497,2436,3122,1380,1756,376
Truck808530,3122,2821,1390,1756,366
Truck808802,2225,3122,1465,1756,291
Truck809122,2999,2224,1555,1756,201
Truck809444,2437,2224,1645,1756,111
Truck809706,3239,2437,1715,1756,41
Truck809410,2999,2225,1635,1757,122
Truck809582,2656,3121,1680,1757,77
Truck808925,3121,2655,1500,1758,258
Truck809417,2224,0,1635,1758,123
Truck805942,1339,1338,670,1759,1089
Truck808730,2225,2224,1445,1759,314
Truck808902,0,2656,1495,1759,264
Truck809103,2655,3238,1550,1759,209
Truck809693,2998,2656,1710,1759,49
Truck809071,3238,2655,1540,1760,220
Truck808521,2821,3122,1385,1761,376
Truck808624,1339,2224,1415,1761,346
Truck809746,2822,2821,1725,1761,36
Truck808425,2436,2998,1360,1762,402
Truck808748,2225,2822,1450,1762,312
Truck809435,2224,2436,1640,1762,122
Truck808728,3122,2822,1445,1763,318
Truck809439,2821,2224,1640,1763,123
Truck809656,2822,3331,1700,1763,63
Truck809158,2999,2655,1565,1764,199
Truck809277,2821,2999,1595,1764,169
Truck809462,2437,3331,1650,1764,114
Truck809711,2998,2437,1715,1764,49
Truck809404,2822,2655,1630,1765,135
Truck808943,3121,3239,1505,1766,261
Truck808968,3239,1339,1510,1766,256
Truck809035,3238,2999,1530,1766,236
Truck809124,3122,2655,1555,1766,211
Truck809564,2656,2224,1675,1766,91
Truck809665,3238,1339,1705,1766,61
Truck809453,2224,3331,1645,1767,122
Truck809668,1339,3238,1705,1767,62
Truck805897,1338,2821,660,1768,1108
Truck809436,3239,2998,1640,1768,128
Truck809618,2656,2655,1690,1768,78
Truck808766,2225,2224,1455,1769,314
Truck808825,3331,0,1470,1769,299
Truck809562,3239,2822,1675,1769,94
Truck805824,0,1338,640,1770,1130
Truck808987,3331,3122,1515,1770,255
Truck809254,1339,2999,1590,1770,180
Truck809422,2822,2436,1635,1770,135
Truck809595,2436,2225,1685,1770,85
Truck809583,2821,2656,1680,1771,91
Truck808570,1339,2821,1400,1772,372
Truck808956,0,3239,1510,1772,262
Truck808979,3121,2224,1515,1772,257
Truck809208,0,2999,1580,1772,192
Truck809301,2655,2998,1605,1772,167
Truck809468,2225,2999,1650,1772,122
Truck809471,2224,0,1650,1772,122
Truck808702,2822,0,1435,1773,338
Truck809636,2656,2436,1695,1773,78
Truck809313,2821,2225,1605,1774,169
Truck809440,2822,2437,1640,1774,134
Truck809745,2821,2998,1725,1774,49
Truck809747,2998,2437,1725,1774,49
Truck806041,1338,1339,700,1775,1075
Truck808479,2436,2655,1375,1775,400
Truck809457,2821,3239,1645,1775,130
Truck809701,3238,3122,1715,1775,60
Truck805690,1339,1338,600,1776,1176
Truck808853,3121,3238,1480,1776,296
Truck809272,1339,2999,1595,1776,181
Truck809778,3239,2225,1735,1776,41
Truck809799,2821,2822,1740,1776,36
Truck809800,2822,2821,1740,1776,36
Truck809905,3331,2656,1770,1776,6
Truck808596,0,2821,1410,1777,367
Truck809489,2224,0,1655,1777,122
Truck809600,2656,2224,1685,1777,92
Truck808822,1339,2822,1470,1778,308
Truck808997,3121,2821,1520,1778,258
Truck809516,2437,2224,1665,1778,113
Truck809654,2656,2655,1700,1778,78
Truck808897,3331,3122,1490,1779,289
Truck808912,1339,2656,1495,1779,284
Truck808961,3121,2436,1510,1779,269
Truck809765,2998,2437,1730,1779,49
Truck809817,2821,2822,1745,1779,34
Truck809033,3121,0,1530,1780,250
Truck809626,2999,2437,1695,1780,85
Truck808904,2437,2436,1495,1781,286
Truck809349,2821,3121,1615,1781,166
Truck809818,2822,2224,1745,1781,36
Truck809507,2224,3121,1660,1782,122
Truck809672,2656,1338,1705,1782,77
Truck809902,1339,0,1770,1782,12
Truck806769,2436,1338,900,1783,883
Truck809676,0,3238,1710,1783,73
Truck809728,2822,3331,1720,1783,63
Truck809783,2998,1339,1735,1783,48
Truck808665,2821,3122,1425,1784,359
Truck808738,2822,0,1445,1784,339
Truck809148,3239,1339,1560,1784,224
Truck809230,2999,2656,1585,1784,199
Truck809266,2999,0,1595,1784,189
Truck809463,2655,2822,1650,1784,134
Truck808844,2656,3238,1475,1785,310
Truck808909,3238,3331,1495,1785,290
Truck809214,3122,2655,1580,1785,205
Truck809836,2822,2998,1750,1785,35
Truck808515,2436,2656,1385,1786,401
Truck808843,3331,3238,1475,1786,311
Truck809262,0,2999,1595,1786,191
Truck809707,3331,2655,1715,1786,71
Truck809941,3331,2656,1780,1786,6
Truck809942,2656,3331,1780,1786,6
Truck808588,1339,2436,1405,1787,382
Truck809104,2999,3238,1550,1787,237
Truck809525,2224,2821,1665,1787,122
Truck805921,3238,1338,665,1788,1123
Truck808630,2822,3238,1415,1788,373
Truck809367,2821,2655,1620,1788,168
Truck809832,3239,2656,1750,1788,38
Truck808533,2436,2998,1390,1789,399
Truck808810,2822,3122,1465,1789,324
Truck809110,1339,3121,1550,1789,239
Truck809326,1339,2999,1610,1789,179
Truck809552,2437,3239,1675,1789,114
Truck809801,2998,3331,1740,1789,49
Truck805987,1338,0,685,1790,1105
Truck809248,2999,2998,1590,1790,200
Truck809632,1339,2437,1695,1790,95
Truck805951,1338,2821,675,1791,1116
Truck808951,3331,3238,1505,1791,286
Truck808545,2655,2436,1395,1792,397
Truck808623,2436,3122,1415,1792,377
Truck808660,1339,2821,1425,1792,367
Truck808926,3122,2225,1500,1792,292
Truck809725,3331,2436,1720,1792,72
Truck808801,3238,2656,1465,1793,328
Truck808864,2822,1339,1480,1793,313
Truck808974,0,2656,1515,1793,278
Truck809051,3121,3331,1535,1793,258
Truck809385,2821,2999,1625,1793,168
Truck809512,2822,2999,1660,1793,133
Truck809543,2224,2437,1670,1793,123
Truck809570,2437,2224,1680,1793,113
Truck808551,2436,2822,1395,1794,399
Truck808856,2225,2821,1480,1794,314
Truck809729,2998,2224,1720,1794,74
Truck809819,2998,3239,1745,1794,49
Truck809678,2437,2999,1710,1795,85
Truck806032,1339,1338,695,1796,1101
Truck808851,2655,2225,1480,1796,316
Truck809140,2999,3238,1560,1796,236
Truck809733,2655,3331,1725,1796,71
Truck809779,3331,2822,1735,1796,61
Truck809561,2224,3121,1675,1797,122
Truck809743,3331,2437,1725,1797,72
Truck809726,2656,2999,1720,1798,78
Truck809141,3121,1339,1560,1799,239
Truck809837,2998,3239,1750,1799,49
Truck806131,1338,3122,725,1800,1075
Truck809530,2822,2225,1665,1800,135
Truck809690,2656,2998,1710,1800,90
Truck809284,2999,2655,1600,1801,201
Truck809698,2999,2437,1715,1801,86
Truck808569,2436,2822,1400,1802,402
Truck808656,3122,2436,1425,1802,377
Truck808916,2656,3238,1495,1802,307
Truck809070,3122,2656,1540,1802,262
Truck809606,2437,2998,1690,1802,112
Truck809178,3122,3239,1570,1803,233
Truck809409,2655,2998,1635,1803,168
Truck809579,2224,3122,1680,1803,123
Truck809744,2656,2437,1725,1803,78
Truck809855,2998,0,1755,1803,48
Truck808773,2821,3122,1455,1804,349
Truck809176,2999,3238,1570,1804,234
Truck809748,0,3238,1730,1804,74
Truck809087,3121,2224,1545,1805,260
Truck808587,2436,2822,1405,1806,401
Truck809290,1339,2655,1600,1806,206
Truck809597,2224,2822,1685,1806,121
Truck808792,2822,1339,1460,1807,347
Truck808892,2225,2655,1490,1807,317
Truck808966,1339,2225,1510,1807,297
Truck809548,2822,2655,1670,1807,137
Truck806059,1338,2656,705,1808,1103
Truck809105,3121,2656,1550,1808,258
Truck808632,0,2821,1420,1809,389
Truck808668,0,2998,1430,1809,379
Truck808910,2225,2998,1495,1809,314
Truck809503,3238,2437,1660,1809,149
Truck809566,2822,3121,1675,1809,134
Truck809873,2998,2437,1760,1809,49
Truck809211,2655,3238,1580,1810,230
Truck809283,2655,0,1600,1810,210
Truck809519,3121,2437,1665,1810,145
Truck808641,2436,0,1420,1811,391
Truck809615,2224,2225,1690,1811,121
Truck809904,3239,3121,1770,1811,41
Truck806725,1338,2436,890,1812,922
Truck808585,3238,2998,1405,1812,407
Truck806077,1338,2224,710,1813,1103
Truck808819,3238,2822,1470,1813,343
Truck809287,3238,2655,1600,1813,213
Truck809338,2999,2822,1615,1813,198
Truck809445,2655,2998,1645,1813,168
Truck809598,3239,2821,1685,1813,128
Truck809787,2655,3331,1740,1813,73
Truck809797,3331,2225,1740,1813,73
Truck809891,2998,2437,1765,1813,48
Truck809034,3122,3331,1530,1814,284
Truck809088,3122,2656,1545,1814,269
Truck809123,3121,3331,1555,1814,259
Truck809131,3331,0,1555,1814,259
Truck809154,0,3121,1565,1814,249
Truck809077,3331,1339,1540,1815,275
Truck809475,2821,2437,1650,1816,166
Truck809736,3122,2437,1725,1816,91
Truck809922,3239,2437,1775,1816,41
Truck809944,2822,2821,1780,1816,36
Truck808650,0,2224,1425,1817,392
Truck809000,2225,1339,1520,1817,297
Truck809018,2225,3122,1525,1817,292
Truck809633,2224,2821,1695,1817,122
Truck809015,3121,3238,1525,1818,293
Truck809182,1339,3239,1570,1818,248
Truck809430,3122,2999,1640,1818,178
Truck809907,2821,2998,1770,1818,48
Truck809356,2999,2656,1620,1819,199
Truck809602,2822,2999,1685,1819,134
Truck809660,2437,2655,1705,1819,114
Truck809909,2998,2822,1770,1819,49
Truck810064,1339,3122,1815,1819,4
Truck809232,3122,3121,1585,1820,235
Truck808846,2822,0,1475,1821,346
Truck809392,2999,0,1630,1821,191
Truck809762,2656,2998,1730,1821,91
Truck809770,2999,2437,1735,1821,86
Truck809888,2656,2822,1765,1821,56
Truck808946,2225,2655,1505,1822,317
Truck809651,2224,2821,1700,1822,122
Truck809754,3122,2437,1730,1822,92
Truck809833,3331,2999,1750,1822,72
Truck809328,3239,1339,1610,1823,213
Truck809805,2655,2656,1745,1823,78
Truck808755,2821,3122,1450,1824,374
Truck809136,0,3331,1560,1824,264
Truck809620,2822,3121,1690,1824,134
Truck809714,2437,0,1720,1824,104
Truck809816,2656,2225,1745,1824,79
Truck808659,2436,2655,1425,1825,400
Truck809078,2656,3122,1540,1825,285
Truck809493,2821,2999,1655,1825,170
Truck809780,2656,2821,1735,1825,90
Truck809927,2998,1339,1775,1825,50
Truck809958,3239,2437,1785,1825,40
Truck808531,3238,2436,1390,1826,436
Truck808876,1339,2821,1485,1826,341
Truck808964,2225,3331,1510,1826,316
Truck809511,2821,2436,1660,1826,166
Truck809673,2821,2224,1705,1826,121
Truck809781,2821,2656,1735,1826,91
Truck809884,1339,3238,1765,1826,61
Truck809374,2999,2656,1625,1827,202
Truck809669,2224,2656,1705,1827,122
Truck809696,2437,2656,1715,1827,112
Truck809177,3121,3239,1570,1828,258
Truck809499,2655,2821,1660,1828,168
Truck809834,2656,2655,1750,1828,78
Truck809851,3331,3121,1755,1828,73
Truck809945,2998,3121,1780,1828,48
Truck807337,1338,2225,1060,1829,769
Truck808872,3122,2224,1485,1829,344
Truck808639,3238,2821,1420,1830,410
Truck808764,3122,2224,1455,1830,375
Truck809167,3331,0,1565,1830,265
Truck809782,2822,3239,1735,1830,95
Truck809806,2999,2437,1745,1830,85
Truck809687,2224,3239,1710,1831,121
Truck809998,2822,2224,1795,1831,36
Truck809166,3239,0,1565,1832,267
Truck808677,2436,2821,1430,1833,403
Truck808982,2225,2224,1515,1833,318
Truck809643,2655,2822,1700,1833,133
Truck809841,2655,2656,1755,1833,78
Truck809852,2656,2999,1755,1833,78
Truck809963,2998,2822,1785,1834,49
Truck805935,2655,1338,670,1835,1165
Truck808695,2436,2224,1435,1835,400
Truck809146,1339,3331,1560,1835,275
Truck809732,2437,2224,1725,1835,110
Truck809994,3239,2436,1795,1835,40
Truck806176,1339,1338,735,1836,1101
Truck808567,3238,2436,1400,1836,436
Truck808804,1339,2821,1465,1836,371
Truck809195,3121,3331,1575,1836,261
Truck809483,3121,2225,1655,1836,181
Truck809486,2225,3121,1655,1836,181
Truck809705,2224,2437,1715,1836,121
Truck808962,3122,2822,1510,1837,327
Truck809215,3238,3239,1580,1837,257
Truck809702,2225,2999,1715,1837,122
Truck809923,3331,2822,1775,1837,62
Truck809102,2437,2436,1550,1838,288
Truck808854,3122,2224,1480,1839,359
Truck809060,2656,0,1535,1839,304
Truck809981,2998,2821,1790,1839,49
Truck808803,2436,3122,1465,1840,375
Truck809373,2655,3238,1625,1840,215
Truck809520,3122,2999,1665,1840,175
Truck809611,3238,2437,1690,1840,150
Truck809674,2822,1338,1705,1840,135
Truck809804,2437,1339,1745,1840,95
Truck808837,3238,2822,1475,1841,366
Truck809024,2656,3238,1525,1841,316
Truck809565,2821,2225,1675,1841,166
Truck806167,1338,2998,735,1842,1107
Truck808713,2436,2998,1440,1842,402
Truck808894,1339,2998,1490,1842,352
Truck809553,2655,2998,1675,1842,167
Truck810034,2822,2821,1805,1842,37
Truck810118,1339,0,1830,1842,12
Truck806221,1338,1339,750,1843,1093
Truck809172,0,2656,1570,1843,273
Truck809723,2224,3122,1720,1843,123
Truck809999,2998,3239,1795,1843,48
Truck810030,3239,2656,1805,1843,38
Truck808693,3238,2998,1435,1844,409
Truck808786,1339,2224,1460,1844,384
Truck809231,3121,2224,1585,1844,259
Truck809274,3239,3238,1595,1844,249
Truck809933,3121,2999,1780,1844,64
Truck807380,2225,1338,1070,1845,775
Truck809203,3331,1339,1575,1845,270
Truck809364,3239,3122,1620,1845,225
Truck809482,2999,0,1655,1845,190
Truck809858,2437,2999,1760,1845,85
Truck808767,2436,0,1455,1846,391
Truck808917,2821,0,1495,1846,351
Truck807470,2225,1338,1095,1847,752
Truck809036,2225,3239,1530,1847,317
Truck809323,3238,2999,1610,1847,237
Truck809522,2225,3121,1665,1847,182
Truck809642,2437,3121,1700,1847,147
Truck809741,2224,2821,1725,1847,122
Truck809952,3122,3238,1785,1847,62
Truck810136,1339,0,1835,1847,12
Truck808749,2436,2655,1450,1848,398
Truck808927,3238,2822,1500,1848,348
Truck809249,3121,2822,1590,1848,258
Truck809724,3239,2998,1720,1848,128
Truck809906,2656,2999,1770,1848,78
Truck810017,2998,3239,1800,1848,48
Truck809413,3238,2655,1635,1849,214
Truck806275,1338,1339,765,1850,1085
Truck809125,3238,3121,1555,1850,295
Truck809854,2822,3239,1755,1850,95
Truck809054,2225,2822,1535,1851,316
Truck810048,3239,1338,1810,1851,41
Truck810126,0,3122,1835,1851,16
Truck809802,0,2437,1745,1852,107
Truck809156,2437,2436,1565,1853,288
Truck809759,2224,2999,1730,1853,123
Truck810035,2998,3121,1805,1853,48
Truck808908,3122,2821,1495,1854,359
Truck808930,1339,2998,1500,1854,354
Truck809142,3122,2225,1560,1854,294
Truck809601,2821,2436,1685,1854,169
Truck809742,3239,2821,1725,1854,129
Truck809072,2225,2656,1540,1855,315
Truck809267,3121,2821,1595,1855,260
Truck809869,3331,2998,1760,1855,95
Truck810066,3239,2225,1815,1855,40
Truck810088,2822,2224,1820,1855,35
Truck809480,2437,2225,1655,1857,202
Truck809619,2821,2999,1690,1857,167
Truck809777,2224,1338,1735,1857,122
Truck809959,3331,2225,1785,1857,72
Truck809294,2656,1339,1600,1858,258
Truck808779,2655,2436,1460,1859,399
Truck810053,2998,2999,1810,1859,49
Truck809159,3121,3238,1565,1860,295
Truck810084,3239,1338,1820,1860,40
Truck809572,2999,1339,1680,1861,181
Truck809919,2436,2225,1775,1861,86
Truck806239,1338,2998,755,1862,1107
Truck809518,2999,3331,1665,1862,197
Truck809792,2225,2999,1740,1862,122
Truck809795,2224,2655,1740,1862,122
Truck808657,3238,2436,1425,1863,438
Truck809190,0,2656,1575,1863,288
Truck809637,2821,2225,1695,1863,168
Truck808785,2436,2655,1460,1864,404
Truck809346,3239,3238,1615,1864,249
Truck809822,2437,2821,1750,1864,114
Truck810071,2998,3331,1815,1864,49
Truck809303,3121,2821,1605,1865,260
Truck809764,2822,2436,1730,1865,135
Truck809554,2999,0,1675,1866,191
Truck809840,2437,2998,1755,1866,111
Truck810123,2821,2822,1830,1866,36
Truck806203,1338,0,745,1867,1122
Truck808815,2655,2436,1470,1867,397
Truck809978,2656,2437,1790,1867,77
Truck809344,1339,3239,1615,1868,253
Truck809655,2821,2437,1700,1868,168
Truck809813,2224,3239,1745,1868,123
Truck809796,3239,2998,1740,1869,129
Truck810089,2998,1338,1820,1869,49
Truck809222,2656,0,1580,1870,290
Truck809298,0,3239,1605,1870,265
Truck809311,3331,3122,1605,1870,265
Truck810087,2821,2998,1820,1870,50
Truck810120,3239,2436,1830,1870,40
Truck809250,3122,2656,1590,1871,281
Truck809321,3121,2821,1610,1871,261
Truck809536,2999,2822,1670,1871,201
Truck809831,2224,2821,1750,1871,121
Truck810142,2822,2821,1835,1871,36
Truck810240,3122,1339,1865,1871,6
Truck808981,3238,2822,1515,1872,357
Truck809416,1339,3239,1635,1872,237
Truck810052,2822,3331,1810,1872,62
Truck806437,1338,2822,810,1873,1063
Truck809304,3122,3331,1605,1873,268
Truck809534,2437,2225,1670,1873,203
Truck809814,3239,2821,1745,1873,128
Truck809996,2656,2225,1795,1873,78
Truck810107,2998,2437,1825,1874,49
Truck806689,1338,3121,880,1875,995
Truck808848,0,2436,1480,1875,395
Truck809144,2225,3239,1560,1875,315
Truck809213,3121,3238,1580,1875,295
Truck809517,2655,3238,1665,1875,210
Truck809180,2225,0,1570,1876,306
Truck809216,2225,1339,1580,1876,296
Truck809357,3121,2655,1620,1876,256
Truck810265,3331,2656,1870,1876,6
Truck807319,1338,2225,1055,1877,822
Truck808839,2436,2656,1475,1877,402
Truck809339,3121,2655,1615,1877,262
Truck809849,2224,3121,1755,1877,122
Truck809876,2437,2998,1765,1877,112
Truck810014,2656,2436,1800,1877,77
Truck808857,2436,2822,1480,1878,398
Truck809162,2225,2822,1565,1878,313
Truck809400,3239,1339,1630,1878,248
Truck809835,2821,3239,1750,1878,128
Truck806671,1338,2437,875,1879,1004
Truck808893,2436,0,1490,1880,390
Truck809329,3331,0,1610,1880,270
Truck809970,3122,2437,1790,1880,90
Truck810125,2998,2225,1830,1880,50
Truck809179,3238,2656,1570,1881,311
Truck809258,2656,3238,1590,1881,291
Truck809867,2224,3121,1760,1881,121
Truck809894,2437,2656,1770,1881,111
Truck808845,2821,3238,1475,1882,407
Truck809365,3331,1339,1620,1882,262
Truck809961,2821,3331,1785,1882,97
Truck810032,2656,2655,1805,1882,77
Truck810178,2822,2821,1845,1882,37
Truck806257,1338,3122,760,1883,1123
Truck806491,1338,1339,825,1883,1058
Truck809590,2999,2998,1685,1883,198
Truck810143,2998,3239,1835,1883,48
Truck809116,2822,1339,1550,1884,334
Truck807031,1338,2436,975,1885,910
Truck808875,2436,2656,1485,1885,400
Truck809709,2821,3121,1715,1885,170
Truck809913,2655,2437,1775,1885,110
Truck810004,2999,2437,1800,1885,85
Truck810174,3239,2999,1845,1885,40
Truck808911,2436,0,1495,1886,391
Truck809270,2225,3122,1595,1886,291
Truck809464,2999,3238,1650,1886,236
Truck809588,2437,2225,1685,1886,201
Truck809666,2225,3121,1705,1886,181
Truck809885,2224,3121,1765,1886,121
Truck809977,3331,2224,1790,1886,96
Truck809786,2437,3121,1740,1887,147
Truck810050,2656,2225,1810,1887,77
Truck810097,3238,1339,1825,1887,62
Truck809868,3239,2821,1760,1888,128
Truck806977,1338,2999,960,1889,929
Truck810161,2998,2821,1840,1889,49
Truck809240,2656,3238,1585,1890,305
Truck809535,2655,0,1670,1890,220
Truck809608,2999,3239,1690,1890,200
Truck810192,3239,3121,1850,1890,40
Truck808905,2655,2436,1495,1891,396
Truck808998,3122,2224,1520,1891,371
Truck809198,2225,2998,1575,1891,316
Truck810006,3122,2437,1800,1891,91
Truck810085,3331,2999,1820,1891,71
Truck809903,2224,2821,1770,1892,122
Truck809930,2437,3239,1780,1893,113
Truck809532,0,2655,1670,1894,224
Truck810013,3331,2998,1800,1894,94
Truck810179,2998,0,1845,1894,49
Truck806819,3121,1338,915,1895,980
Truck809383,3331,1339,1625,1895,270
Truck806293,1338,3239,770,1896,1126
Truck809397,2436,3121,1630,1896,266
Truck809571,2655,3122,1680,1896,216
Truck810040,2999,2437,1810,1896,86
Truck810288,0,3122,1880,1896,16
Truck810330,3122,1339,1890,1896,6
Truck809090,2225,3238,1545,1897,352
Truck809393,3121,2436,1630,1897,267
Truck809921,2224,3122,1775,1897,122
Truck809948,2437,2655,1785,1897,112
Truck810103,3331,3121,1825,1897,72
Truck808929,2436,2656,1500,1898,398
Truck808999,3238,2821,1520,1898,378
Truck809334,0,2656,1615,1898,283
Truck809624,2437,2225,1695,1898,203
Truck806401,1338,2822,800,1899,1099
Truck809362,1339,3331,1620,1899,279
Truck809429,3121,2998,1640,1899,259
Truck809751,2655,2224,1730,1899,169
Truck810086,2656,2225,1820,1899,79
Truck810352,1339,3122,1895,1899,4
Truck809308,1339,2225,1605,1900,295
Truck809734,2999,3122,1725,1900,175
Truck810197,2998,2822,1850,1900,50
Truck810250,2822,2998,1865,1900,35
Truck809322,3122,2225,1610,1901,291
Truck809508,3239,3238,1660,1901,241
Truck809644,2999,2822,1700,1901,201
Truck809717,3121,2225,1720,1901,181
Truck809939,2224,2655,1780,1901,121
Truck810051,2821,2656,1810,1901,91
Truck809074,1339,2998,1540,1902,362
Truck809247,2655,2225,1590,1902,312
Truck809720,2225,3121,1720,1902,182
Truck809932,2999,2225,1780,1902,122
Truck810150,3122,3238,1840,1902,62
Truck810228,3239,2655,1860,1902,42
Truck806023,1338,3331,695,1903,1208
Truck809336,2437,2436,1615,1903,288
Truck809966,2437,2656,1790,1903,113
Truck809020,1339,2436,1525,1904,379
Truck809662,2999,2224,1705,1904,199
Truck809722,1339,2655,1720,1904,184
Truck810215,2998,2821,1855,1904,49
Truck808941,2655,2436,1505,1905,400
Truck809467,3238,3239,1650,1905,255
Truck808947,2436,2821,1505,1906,401
Truck809252,2225,2656,1590,1906,316
Truck809465,3121,2655,1650,1906,256
Truck809740,1339,2999,1725,1906,181
Truck809940,3239,2998,1780,1906,126
Truck810049,3331,2821,1810,1906,96
Truck810366,3122,1339,1900,1906,6
Truck809473,3331,0,1650,1907,257
Truck809478,0,3121,1655,1907,252
Truck809957,2224,2655,1785,1907,122
Truck808965,2436,2655,1510,1908,398
Truck809016,3122,2224,1525,1908,383
Truck809348,2656,0,1615,1908,293
Truck806635,1338,2224,865,1909,1044
Truck809680,2999,3331,1710,1909,199
Truck810056,2437,1339,1815,1909,94
Truck810233,2998,0,1860,1909,49
Truck809038,1339,2436,1530,1910,380
Truck810167,3121,2999,1845,1910,65
Truck810264,3239,2999,1870,1910,40
Truck807283,1338,2225,1045,1911,866
Truck809046,0,2821,1535,1911,376
Truck809447,3121,2436,1645,1911,266
Truck809288,2225,2822,1600,1912,312
Truck809539,3238,2655,1670,1912,242
Truck809614,1339,3239,1690,1912,222
Truck809975,2224,3122,1790,1912,122
Truck810157,3331,2999,1840,1913,73
Truck810196,2822,3331,1850,1913,63
Truck810300,3239,3331,1880,1913,33
Truck808992,0,2436,1520,1914,394
Truck809028,0,2224,1530,1914,384
Truck809715,2655,1339,1720,1914,194
Truck810155,2224,2998,1840,1914,74
Truck810251,2998,3121,1865,1914,49
Truck810303,2821,2822,1880,1914,34
Truck810002,2437,2656,1800,1915,115
Truck808983,2436,3239,1515,1916,401
Truck809010,0,2436,1525,1916,391
Truck809490,3239,0,1655,1916,261
Truck809575,3238,2999,1680,1916,236
Truck810282,3239,2999,1875,1916,41
Truck808855,3238,2436,1480,1917,437
Truck809976,3239,2998,1790,1917,127
Truck809993,2224,2821,1795,1917,122
Truck809997,2821,2224,1795,1917,122
Truck810158,2656,3121,1840,1917,77
Truck809376,3122,2656,1625,1918,293
Truck809716,2999,2655,1720,1918,198
Truck810165,2655,3331,1845,1918,73
Truck809001,2436,2821,1520,1919,399
Truck809488,1339,3331,1655,1919,264
Truck809501,3121,2821,1660,1919,259
Truck809823,2655,2998,1750,1919,169
Truck810122,2656,2821,1830,1919,89
Truck810173,2224,2998,1845,1919,74
Truck810269,2998,1339,1870,1919,49
Truck809286,3122,2822,1600,1920,320
Truck809306,2225,2822,1605,1920,315
Truck810020,2437,2998,1805,1920,115
Truck810105,2821,3331,1825,1920,95
Truck810223,3238,3122,1860,1920,60
Truck809593,3238,2999,1685,1921,236
Truck810011,2224,2656,1800,1921,121
Truck810291,2655,3239,1880,1921,41
Truck806347,1338,2655,785,1922,1137
Truck809164,1339,2224,1565,1922,357
Truck809236,1339,2822,1585,1922,337
Truck810193,3331,2999,1850,1922,72
Truck810222,3122,3238,1860,1922,62
Truck809980,2822,1338,1790,1923,133
Truck810038,2437,2822,1810,1923,113
Truck809019,2436,3331,1525,1924,399
Truck809853,2821,2999,1755,1924,169
Truck810287,2998,2822,1875,1924,49
Truck810442,1339,3122,1920,1924,4
Truck807088,2999,1338,990,1925,935
Truck810074,2437,0,1820,1925,105
Truck810241,3238,3122,1865,1925,60
Truck806617,1338,3331,860,1926,1066
Truck809766,0,2999,1735,1926,191
Truck810128,2437,3122,1835,1926,91
Truck806658,3122,1338,870,1927,1057
Truck809082,0,2224,1545,1927,382
Truck809223,2821,3122,1580,1927,347
Truck809224,2822,3122,1580,1927,347
Truck809395,3238,3121,1630,1927,297
Truck810012,3239,2821,1800,1927,127
Truck810029,2224,0,1805,1927,122
Truck810205,3238,0,1855,1927,72
Truck807499,1338,2225,1105,1928,823
Truck809537,3121,2655,1670,1928,258
Truck809807,3121,2225,1745,1928,183
Truck810194,2656,2655,1850,1929,79
Truck810305,2998,2822,1880,1929,49
Truck809118,0,2998,1555,1930,375
Truck809449,3238,2656,1645,1930,285
Truck809752,2999,3239,1730,1930,200
Truck809337,2655,2225,1615,1932,317
Truck809769,2655,2999,1735,1932,197
Truck809828,2225,3121,1750,1932,182
Truck810358,2822,2224,1895,1932,37
Truck806425,3238,1338,805,1933,1128
Truck810016,2822,2225,1800,1933,133
Truck810047,2224,2656,1810,1933,123
Truck809358,3122,2822,1620,1934,314
Truck809431,3238,3121,1640,1934,294
Truck809546,2656,3122,1670,1934,264
Truck809555,3121,2224,1675,1934,259
Truck809844,3122,2655,1755,1934,179
Truck810156,3239,2822,1840,1934,94
Truck810323,2998,3121,1885,1934,49
Truck809055,2436,3239,1535,1935,400
Truck809350,2822,1339,1615,1935,320
Truck809360,2225,2822,1620,1935,315
Truck810176,2656,2821,1845,1935,90
Truck809128,1339,2436,1555,1936,381
Truck809768,2437,2225,1735,1936,201
Truck810065,2224,2436,1815,1936,121
Truck810354,3239,1338,1895,1936,41
Truck809073,2436,3239,1540,1938,398
Truck809573,3121,2224,1680,1938,258
Truck809895,2655,2224,1770,1938,168
Truck810341,2998,2436,1890,1938,48
Truck806403,2655,1338,800,1939,1139
Truck806473,1338,2998,820,1939,1119
Truck809259,2821,1339,1590,1939,349
Truck809788,2999,2656,1740,1939,199
Truck810092,2437,3331,1825,1939,114
Truck809487,2436,2437,1655,1940,285
Truck809596,1339,3331,1685,1940,255
Truck809984,2437,3121,1795,1940,145
Truck810274,2999,3121,1875,1940,65
Truck810295,3238,3122,1880,1940,60
Truck809145,2436,1339,1560,1941,381
Truck809378,2225,2656,1625,1941,316
Truck810083,2224,2225,1820,1941,121
Truck810175,3331,2224,1845,1941,96
Truck807255,2436,1338,1035,1942,907
Truck808945,3238,2436,1505,1942,437
Truck809151,2821,0,1560,1942,382
Truck809589,2655,3121,1685,1942,257
Truck810248,2656,1338,1865,1942,77
Truck809053,3238,2224,1535,1943,408
Truck809100,0,2436,1550,1943,393
Truck810110,2437,3331,1830,1943,113
Truck809550,0,2656,1675,1944,269
Truck809617,3331,1339,1690,1944,254
Truck809925,2821,2437,1775,1944,169
Truck810357,2821,2998,1895,1944,49
Truck806436,0,1338,810,1945,1135
Truck809610,3122,3239,1690,1945,255
Truck809820,0,2655,1750,1945,195
Truck810313,3238,3122,1885,1945,60
Truck810359,2998,3238,1895,1945,50
Truck809091,2436,3331,1545,1946,401
Truck809396,2225,3331,1630,1946,316
Truck809682,3122,3121,1710,1946,236
Truck809878,2999,1339,1765,1946,181
Truck809931,2655,2998,1780,1946,166
Truck810101,2224,2656,1825,1946,121
Truck810390,3239,1338,1905,1946,41
Truck809760,3239,1339,1730,1947,217
Truck810266,2656,2436,1870,1947,77
Truck810283,3331,1338,1875,1947,72
Truck810412,2822,2998,1910,1947,37
Truck809607,2655,3121,1690,1948,258
Truck810377,2998,2822,1900,1948,48
Truck806455,1338,2998,815,1949,1134
Truck810070,2822,2999,1815,1949,134
Truck810208,1339,2437,1855,1949,94
Truck809524,1339,2656,1665,1950,285
Truck809609,3121,3331,1690,1950,260
Truck810230,2656,2821,1860,1950,90
Truck809181,2436,1339,1570,1951,381
Truck809510,2656,1339,1660,1951,291
Truck809556,3122,3331,1675,1951,276
Truck809824,2999,2655,1750,1951,201
Truck809414,2225,3331,1635,1952,317
Truck809811,2436,2999,1745,1952,207
Truck810102,3239,2998,1825,1952,127
Truck810119,2224,2822,1830,1952,122
Truck810301,3331,2436,1880,1952,72
Truck806509,1338,3331,830,1953,1123
Truck809109,2436,3239,1550,1953,403
Truck809427,2655,2225,1640,1953,313
Truck809627,3121,2821,1695,1953,258
Truck809127,2436,2656,1555,1954,399
Truck809652,3239,3238,1700,1954,254
Truck809859,2655,0,1760,1954,194
Truck810236,2437,3122,1865,1954,89
Truck807376,2999,1338,1070,1955,885
Truck809199,2436,1339,1575,1955,380
Truck809949,2655,2224,1785,1955,170
Truck807301,1338,2437,1050,1956,906
Truck809640,0,3331,1700,1956,256
Truck809842,2999,2655,1755,1956,201
Truck810426,3239,2225,1915,1956,41
Truck806798,2437,1338,910,1957,1047
Truck809089,3238,2821,1545,1957,412
Truck809200,1339,2436,1575,1957,382
Truck809217,2436,3122,1580,1957,377
Truck809645,3121,2656,1700,1957,257
Truck809918,2225,3121,1775,1957,182
Truck809979,2821,2437,1790,1957,167
Truck810302,2656,2999,1880,1957,77
Truck806851,1338,3121,925,1958,1033
Truck810137,2224,2436,1835,1958,123
Truck810164,2437,2224,1845,1958,113
Truck810413,2998,2436,1910,1958,48
Truck806383,1338,2822,795,1960,1165
Truck807232,2999,1338,1030,1960,930
Truck810444,3239,3121,1920,1960,40
Truck809324,2225,3238,1610,1961,351
Truck809450,2225,3331,1645,1961,316
Truck809860,2999,3331,1760,1961,201
Truck809936,2225,3121,1780,1961,181
Truck810466,2822,2821,1925,1961,36
Truck806419,1338,2821,805,1962,1157
Truck806527,1338,3239,835,1962,1127
Truck810182,2437,2822,1850,1962,112
Truck810337,3331,2655,1890,1962,72
Truck809699,3121,0,1715,1963,248
Truck810138,3239,2998,1835,1963,128
Truck810324,0,3238,1890,1963,73
Truck810429,2821,2998,1915,1963,48
Truck810480,3239,3331,1930,1963,33
Truck810309,2655,2656,1885,1964,79
Truck809163,2436,2822,1565,1965,400
Truck809269,3238,2224,1595,1965,370
Truck810284,2656,2224,1875,1965,90
Truck810431,2998,2437,1915,1965,50
Truck810484,2822,2998,1930,1965,35
Truck806599,1338,0,855,1966,1111
Truck809581,3331,3122,1680,1966,286
Truck809663,3121,3331,1705,1966,261
Truck810462,3239,2999,1925,1966,41
Truck810546,3122,0,1950,1966,16
Truck809496,0,2225,1660,1967,307
Truck809504,2225,0,1660,1967,307
Truck809686,1339,3239,1710,1967,257
Truck809896,2999,2998,1770,1967,197
Truck809951,3121,2225,1785,1967,182
Truck810015,2821,2436,1800,1967,167
Truck810292,2999,2437,1880,1967,87
Truck810355,3331,2655,1895,1967,72
Truck809681,3121,2822,1710,1968,258
Truck810129,2655,2822,1835,1968,133
Truck810200,2437,2822,1855,1968,113
Truck810338,2656,3121,1890,1968,78
Truck810449,2998,3121,1920,1968,48
Truck809557,3238,3121,1675,1970,295
Truck810095,3121,2437,1825,1970,145
Truck809658,0,3331,1705,1971,266
Truck809568,0,3331,1680,1972,292
Truck807427,1338,2999,1085,1973,888
Truck809476,2822,0,1650,1973,323
Truck809574,3122,2225,1680,1973,293
Truck810191,2224,3331,1850,1973,123
Truck809689,3331,3122,1710,1974,264
Truck809914,2999,2998,1775,1974,199
Truck809992,1339,2999,1795,1974,179
Truck809850,3239,1339,1755,1975,220
Truck809442,0,2822,1645,1976,331
Truck810209,2224,2655,1855,1976,121
Truck807049,1338,2999,980,1977,997
Truck810391,3331,3121,1905,1977,72
Truck809934,3122,2655,1780,1978,198
Truck806545,1338,2224,840,1979,1139
Truck810395,2998,2224,1905,1979,74
Truck809233,3238,2821,1585,1980,395
Truck810319,3331,2998,1885,1980,95
Truck810485,2998,2655,1930,1980,50
Truck809380,1339,2821,1625,1981,356
Truck810005,3121,2225,1800,1981,181
Truck810409,3331,2225,1910,1981,71
Truck810220,2999,2225,1860,1982,122
Truck810227,2224,2822,1860,1982,122
Truck810254,2437,2822,1870,1982,112
Truck810255,2655,2437,1870,1982,112
Truck809307,2436,1339,1605,1983,378
Truck809826,3122,3239,1750,1983,233
Truck810210,3239,2821,1855,1983,128
Truck809205,2821,3238,1575,1984,409
Truck809735,3121,2656,1725,1984,259
Truck810057,2655,2998,1815,1984,169
Truck810503,2998,2225,1935,1984,49
Truck806713,3238,1338,885,1985,1100
Truck809721,2436,3121,1720,1985,265
Truck810534,3239,2437,1945,1985,40
Truck810555,2821,2822,1950,1985,35
Truck809494,2822,0,1655,1986,331
Truck810146,2437,3121,1840,1986,146
Truck809937,2436,2999,1780,1987,207
Truck810245,2224,2437,1865,1987,122
Truck810249,2821,2224,1865,1987,122
Truck810272,2437,2822,1875,1987,112
Truck807895,1338,2225,1215,1988,773
Truck810410,2656,2655,1910,1988,78
Truck810231,2821,3239,1860,1989,129
Truck810521,2998,2821,1940,1989,49
Truck810676,1339,3122,1985,1989,4
Truck809341,3238,2821,1615,1990,375
Truck809653,3331,3122,1700,1990,290
Truck809968,2999,2821,1790,1990,200
Truck809305,3238,2821,1605,1991,386
Truck809708,2656,1339,1715,1991,276
Truck810039,2655,3122,1810,1991,181
Truck810058,2999,3122,1815,1991,176
Truck810267,2821,2224,1870,1991,121
Truck810573,2821,2822,1955,1991,36
Truck809586,0,2225,1685,1992,307
Truck809753,3121,3239,1730,1992,262
Truck810246,3239,2224,1865,1992,127
Truck810263,2224,3122,1870,1992,122
Truck810658,1339,0,1980,1992,12
Truck810445,3331,2437,1920,1993,73
Truck810539,2998,2225,1945,1993,48
Truck809576,2225,3239,1680,1994,314
Truck810076,2999,3122,1820,1994,174
Truck809771,3121,3239,1735,1995,260
Truck809815,3331,1339,1745,1995,250
Truck809986,2999,2822,1795,1995,200
Truck806707,1338,2821,885,1996,1111
Truck810232,2822,2655,1860,1996,136
Truck810281,2224,3239,1875,1996,121
Truck810308,2437,2656,1885,1996,111
Truck810380,2437,3122,1905,1996,91
Truck810392,2656,2998,1905,1996,91
Truck809271,2436,3331,1595,1997,402
Truck809316,0,2821,1610,1998,388
Truck810446,2656,2655,1920,1998,78
Truck810388,1339,2437,1905,1999,94
Truck810467,2998,2224,1925,1999,74
Truck810557,2998,3331,1950,1999,49
Truck809761,3331,0,1730,2000,270
Truck809861,3121,1339,1760,2000,240
Truck810423,2436,2225,1915,2000,85
Truck809289,2436,2656,1600,2001,401
Truck809542,1339,2822,1670,2001,331
Truck809594,2225,3331,1685,2001,316
Truck809809,3238,3239,1745,2001,256
Truck809991,2436,2999,1795,2001,206
Truck810588,3239,2999,1960,2001,41
Truck809612,2225,2656,1690,2002,312
Truck809630,2225,0,1695,2002,307
Truck810299,2224,0,1880,2002,122
Truck810464,2656,2436,1925,2002,77
Truck810468,0,3238,1930,2003,73
Truck809879,3121,1339,1765,2004,239
Truck810003,2655,0,1800,2004,204
Truck810141,2821,2999,1835,2004,169
Truck810575,2998,2656,1955,2004,49
Truck810420,3122,2437,1915,2005,90
Truck810606,3239,2437,1965,2005,40
Truck810022,2999,2655,1805,2006,201
Truck810100,1339,2655,1825,2006,181
Truck810326,2437,2998,1890,2006,116
Truck809897,3121,3122,1770,2007,237
Truck810147,2655,2224,1840,2007,167
Truck810159,2821,2225,1840,2007,167
Truck810499,3331,1338,1935,2007,72
Truck806942,2437,1338,950,2008,1058
Truck809319,2655,2436,1610,2008,398
Truck810317,2224,3121,1885,2008,123
Truck809470,1339,2224,1650,2009,359
Truck810497,2224,2998,1935,2009,74
Truck810526,2999,3121,1945,2009,64
Truck809394,3122,2436,1630,2010,380
Truck810286,2822,2655,1875,2010,135
Truck810593,2998,2225,1960,2010,50
Truck810624,3239,2999,1970,2010,40
Truck810335,2224,2437,1890,2011,121
Truck810550,1339,3238,1950,2011,61
Truck809325,2436,2656,1610,2012,402
Truck810517,3331,2999,1940,2012,72
Truck809415,2436,1339,1635,2013,378
Truck809506,1339,2821,1660,2013,353
Truck809648,2225,2655,1700,2013,313
Truck810318,3239,2224,1885,2013,128
Truck806743,1338,2656,895,2014,1119
Truck810177,2821,2225,1845,2014,169
Truck810556,2822,3331,1950,2014,64
Truck810611,2998,3331,1965,2014,49
Truck806833,1338,2656,920,2015,1095
Truck810642,3239,1338,1975,2015,40
Truck806815,1338,2821,915,2016,1101
Truck809343,2436,2656,1615,2016,401
Truck810093,2655,3122,1825,2016,191
Truck809719,3238,3121,1720,2017,297
Truck810336,3239,2224,1890,2017,127
Truck810339,2821,3239,1890,2017,127
Truck810353,2224,2821,1895,2017,122
Truck810748,1339,0,2005,2017,12
Truck806923,1338,1339,945,2018,1073
Truck809370,0,2436,1625,2018,393
Truck810195,2821,2436,1850,2018,168
Truck810629,2998,1338,1970,2018,48
Truck809361,2436,2224,1620,2019,399
Truck809584,2822,0,1680,2019,339
Truck809863,3238,3239,1760,2019,259
Truck810681,2821,2822,1985,2019,34
Truck810201,2655,2821,1855,2021,166
Truck810322,2822,2999,1885,2021,136
Truck810371,2224,3239,1900,2021,121
Truck809451,2436,3122,1645,2022,377
Truck809737,3238,3121,1725,2022,297
Truck810149,3121,2225,1840,2022,182
Truck810375,2821,2224,1900,2022,122
Truck810536,2656,2999,1945,2022,77
Truck810213,2821,2999,1855,2023,168
Truck810398,2437,2656,1910,2023,113
Truck809452,1339,2821,1645,2024,379
Truck809790,3122,2656,1740,2024,284
Truck810340,2822,2225,1890,2024,134
Truck810647,2998,2999,1975,2024,49
Truck809359,3238,2998,1620,2025,405
Truck809379,2436,2224,1625,2025,400
Truck810094,2999,3331,1825,2025,200
Truck807287,3121,1338,1045,2026,981
Truck809458,2822,3238,1645,2026,381
Truck809529,2821,0,1665,2026,361
Truck810389,2224,2225,1905,2026,121
Truck810762,3122,0,2010,2026,16
Truck809560,1339,2224,1675,2027,352
Truck810543,2655,2656,1950,2027,77
Truck810600,3122,3238,1965,2027,62
Truck809558,2225,3238,1675,2028,353
Truck810571,3331,2999,1955,2028,73
Truck810416,2437,2821,1915,2029,114
Truck809798,2656,0,1740,2030,290
Truck809920,1339,3239,1775,2030,255
Truck809974,1339,3121,1790,2030,240
Truck810665,2998,2436,1980,2030,50
Truck806655,2655,1338,870,2031,1161
Truck810530,2225,2436,1945,2031,86
Truck810622,1339,3238,1970,2031,61
Truck806779,1338,2655,905,2032,1127
Truck809772,3122,2656,1735,2032,297
Truck810404,2225,2999,1910,2032,122
Truck810407,2224,2999,1910,2032,122
Truck810696,3239,2225,1990,2032,42
Truck809845,3238,3239,1755,2033,278
Truck810130,2999,2655,1835,2033,198
Truck810732,3239,3331,2000,2033,33
Truck810007,3238,2999,1800,2034,234
Truck810683,2998,3331,1985,2034,49
Truck809886,3239,0,1765,2035,270
Truck809915,3121,2656,1775,2035,260
Truck810520,2822,3239,1940,2035,95
Truck810616,2999,3121,1970,2035,65
Truck806748,3122,1338,895,2036,1141
Truck810705,2655,3239,1995,2036,41
Truck810134,2225,2437,1835,2037,202
Truck810425,2224,2999,1915,2037,122
Truck810736,2822,2821,2000,2037,37
Truck809874,0,3331,1765,2038,273
Truck810082,1339,3239,1820,2038,218
Truck810394,2822,2436,1905,2038,133
Truck809502,3122,2436,1660,2039,379
Truck810590,2656,2225,1960,2039,79
Truck810605,2224,2998,1965,2039,74
Truck810701,2998,2437,1990,2039,49
Truck809812,1339,2225,1745,2040,295
Truck809938,1339,3331,1780,2040,260
Truck810148,2999,3239,1840,2040,200
Truck809628,3122,2822,1695,2041,346
Truck810152,2225,2437,1840,2041,201
Truck806941,1338,3122,950,2042,1092
Truck809738,2225,2998,1725,2042,317
Truck810443,2224,2821,1920,2042,122
Truck809756,2225,2224,1730,2043,313
Truck810285,2821,3121,1875,2043,168
Truck810470,2437,2998,1930,2043,113
Truck810608,2656,2655,1965,2043,78
Truck809870,2656,3238,1760,2044,284
Truck810572,2656,2821,1955,2044,89
Truck810719,2998,3121,1995,2044,49
Truck809791,3238,2656,1740,2045,305
Truck810244,1339,2999,1865,2045,180
Truck809460,0,2436,1650,2046,396
Truck810239,3121,2225,1865,2046,181
Truck810643,3331,2655,1975,2046,71
Truck806820,3122,1338,915,2047,1132
Truck809538,3122,2224,1670,2047,377
Truck809700,3122,2822,1715,2047,332
Truck810090,0,2655,1825,2047,222
Truck810461,2224,0,1925,2047,122
Truck806959,1338,1339,955,2048,1093
Truck809887,3331,1339,1765,2048,283
Truck810184,2999,3331,1850,2048,198
Truck810430,2822,3121,1915,2049,134
Truck810488,2437,2821,1935,2049,114
Truck810737,2998,1338,2000,2049,49
Truck809521,3238,2821,1665,2050,385
Truck809774,2225,2821,1735,2050,315
Truck810276,3122,2655,1875,2050,175
Truck810362,2437,3238,1900,2050,150
Truck810570,3239,2822,1955,2050,95
Truck810216,0,2655,1860,2051,191
Truck810479,2224,1338,1930,2051,121
Truck810768,3239,2436,2010,2051,41
Truck810790,2822,2224,2015,2051,36
Truck807535,1338,2999,1115,2052,937
Truck809810,2225,0,1745,2052,307
Truck809827,3238,3331,1750,2052,302
Truck809843,3121,3238,1755,2052,297
Truck809848,1339,2225,1755,2052,297
Truck809946,0,3331,1785,2052,267
Truck810691,3238,1339,1990,2052,62
Truck810805,3331,3239,2020,2052,32
Truck809808,3122,2822,1745,2053,308
Truck809864,2225,3122,1760,2053,293
Truck810578,2437,1339,1960,2053,93
Truck807913,1338,2999,1220,2054,834
Truck809469,2436,2655,1650,2054,404
Truck810589,3331,2998,1960,2054,94
Truck810753,2821,2998,2005,2054,49
Truck810755,2998,1338,2005,2054,49
Truck807589,1338,2999,1130,2055,925
Truck810018,0,3121,1805,2055,250
Truck810042,3122,3239,1810,2055,245
Truck810075,2655,3238,1820,2055,235
Truck810321,2821,2225,1885,2055,170
Truck810712,1339,3238,1995,2055,60
Truck810786,3239,1338,2015,2055,40
Truck806797,1338,0,910,2056,1146
Truck809916,3122,2656,1775,2056,281
Truck810046,1339,3239,1810,2056,246
Truck810542,2437,0,1950,2056,106
Truck810620,2225,2436,1970,2056,86
Truck809547,2821,3122,1670,2057,387
Truck810679,3331,2999,1985,2057,72
Truck807633,2436,1338,1140,2058,918
Truck810294,3122,2999,1880,2058,178
Truck810524,2437,2998,1945,2058,113
Truck810190,1339,2655,1850,2059,209
Truck810219,2655,2999,1860,2059,199
Truck810773,2998,3239,2010,2059,49
Truck806887,1338,3238,935,2060,1125
Truck809881,3238,3121,1765,2060,295
Truck809592,3122,2224,1685,2061,376
Truck810031,3331,1339,1805,2061,256
Truck810515,2224,2822,1940,2061,121
Truck810610,2822,3239,1965,2061,96
Truck810634,2999,2437,1975,2061,86
Truck809505,2436,2822,1660,2062,402
Truck809912,2437,2436,1775,2062,287
Truck809987,3121,2436,1795,2062,267
Truck810752,2656,2822,2005,2062,57
Truck810841,3331,3239,2030,2062,32
Truck809684,2225,3238,1710,2063,353
Truck810669,2655,2656,1985,2063,78
Truck806653,1338,3238,870,2064,1194
Truck810023,3121,3239,1805,2064,259
Truck810060,3122,2656,1815,2064,249
Truck810238,2999,2224,1865,2065,200
Truck810791,2998,3239,2015,2065,50
Truck809523,2436,2998,1665,2066,401
Truck810328,2999,3122,1890,2066,176
Truck810533,2224,1338,1945,2066,121
Truck810537,2821,2224,1945,2066,121
Truck810576,0,2437,1960,2066,106
Truck810942,3122,1339,2060,2066,6
Truck806761,1338,3239,900,2067,1167
Truck809924,2656,1339,1775,2067,292
Truck810311,3121,2225,1885,2067,182
Truck810715,3331,2436,1995,2067,72
Truck810041,3121,2998,1810,2068,258
Truck810112,2999,3238,1830,2068,238
Truck810698,2656,2655,1990,2068,78
Truck810809,2998,0,2020,2068,48
Truck809541,2436,3331,1670,2069,399
Truck809691,2821,0,1710,2069,359
Truck810009,2436,3121,1800,2069,269
Truck810640,1339,2437,1975,2069,94
Truck809846,2225,3239,1755,2070,315
Truck809880,3122,2822,1765,2070,305
Truck810067,3331,1339,1815,2070,255
Truck810840,3239,2225,2030,2070,40
Truck810862,2822,2224,2035,2071,36
Truck810967,3331,2656,2065,2071,6
Truck810256,2999,2655,1870,2072,202
Truck810551,2224,2436,1950,2072,122
Truck810393,2821,2225,1905,2073,168
Truck810733,3331,1338,2000,2073,73
Truck810000,0,3331,1800,2074,274
Truck810059,3121,2822,1815,2074,259
Truck810108,0,3239,1830,2074,244
Truck810334,1339,2655,1890,2074,184
Truck810614,2437,0,1970,2074,104
Truck810716,2656,1338,1995,2074,79
Truck810827,2998,3121,2025,2074,49
Truck807967,1338,2225,1235,2075,840
Truck809433,2436,3238,1640,2075,435
Truck810151,3238,2999,1840,2075,235
Truck810452,2437,3238,1925,2075,150
Truck807956,2225,1338,1230,2076,846
Truck809559,2436,2655,1675,2076,401
Truck810569,2224,1338,1955,2076,121
Truck810680,2656,2224,1985,2076,91
Truck809604,0,2224,1690,2077,387
Truck810350,2225,3121,1895,2077,182
Truck810751,3331,2436,2005,2077,72
Truck810784,1339,3238,2015,2077,62
Truck809988,3122,3331,1795,2078,283
Truck810845,2998,2999,2030,2078,48
Truck809882,2225,3239,1765,2079,314
Truck809890,2822,3122,1765,2079,314
Truck810077,3121,2998,1820,2079,259
Truck810843,2821,2998,2030,2079,49
Truck807737,3121,1338,1170,2080,910
Truck809646,3122,2224,1700,2080,380
Truck809960,2656,3238,1785,2080,295
Truck810706,2999,2437,1995,2080,85
Truck809613,2436,0,1690,2081,391
Truck809995,3331,0,1795,2081,286
Truck810587,2224,2437,1960,2081,121
Truck808291,1338,2225,1325,2082,757
Truck809577,2436,2655,1680,2082,402
Truck810741,2655,2656,2005,2082,77
Truck810168,3122,3239,1845,2083,238
Truck810863,2998,2437,2035,2083,48
Truck809664,3122,2224,1705,2085,380
Truck809667,2436,1339,1705,2085,380
Truck809704,1339,2224,1715,2085,370
Truck810797,3121,2999,2020,2085,65
Truck810894,3239,3121,2045,2085,40
Truck810787,3331,1338,2015,2086,71
Truck811021,3331,2656,2080,2086,6
Truck809773,3238,2225,1735,2087,352
Truck809928,0,2225,1780,2087,307
Truck810140,2656,3122,1835,2087,252
Truck810447,2821,2437,1920,2087,167
Truck809622,0,2436,1695,2088,393
Truck809685,2436,3122,1710,2088,378
Truck809900,2225,2656,1770,2088,318
Truck810930,3239,3331,2055,2088,33
Truck810111,2655,3121,1830,2089,259
Truck810121,3331,1339,1830,2089,259
Truck810402,3122,2999,1910,2089,179
Truck810714,3239,2822,1995,2089,94
Truck810881,2998,2225,2040,2089,49
Truck807481,1338,3121,1100,2090,990
Truck809776,1339,2822,1735,2090,355
Truck810345,2655,1339,1895,2090,195
Truck810574,2822,2999,1955,2090,135
Truck810202,2999,3238,1855,2091,236
Truck810609,2821,3239,1965,2091,126
Truck810627,2821,2224,1970,2091,121
Truck810113,3121,2655,1830,2092,262
Truck810734,2656,2224,2000,2092,92
Truck810777,2655,2656,2015,2092,77
Truck810788,2656,2437,2015,2092,77
Truck806869,1338,3331,930,2093,1163
Truck809872,2822,0,1760,2093,333
Truck810623,2224,2436,1970,2093,123
Truck806767,3238,1338,900,2094,1194
Truck810068,2656,0,1815,2094,279
Truck810131,3121,2822,1835,2094,259
Truck810327,2655,3122,1890,2094,204
Truck810346,2999,2656,1895,2094,199
Truck810650,2437,2998,1980,2094,114
Truck810722,2437,1339,2000,2094,94
Truck810899,2998,1339,2045,2094,49
Truck807823,1338,2436,1195,2095,900
Truck810139,3331,3122,1835,2095,260
Truck810545,3121,2437,1950,2095,145
Truck810592,2822,1338,1960,2095,135
Truck810897,2821,2998,2045,2095,50
Truck810026,2225,3122,1805,2096,291
Truck807211,1338,2656,1025,2097,1072
Truck809631,2436,2655,1695,2097,402
Truck810638,2225,2999,1975,2097,122
Truck810641,2224,3238,1975,2097,122
Truck810823,3331,2436,2025,2097,72
Truck809962,2822,3122,1785,2098,313
Truck810221,3121,1339,1860,2098,238
Truck806905,1338,2655,940,2099,1159
Truck807463,1338,3122,1095,2099,1004
Truck810740,2437,1339,2005,2099,94
Truck810851,3121,2999,2035,2100,65
Truck810871,3238,3122,2040,2100,60
Truck810917,2998,0,2050,2100,50
Truck810079,3238,3331,1820,2101,281
Truck810702,0,2437,1995,2101,106
Truck810771,2821,2656,2010,2101,91
Truck810489,2655,2998,1935,2102,167
Truck810560,2437,3121,1955,2102,147
Truck810659,2224,2225,1980,2102,122
Truck810898,2822,2656,2045,2102,57
Truck810782,2225,2436,2015,2103,88
Truck810824,2656,2436,2025,2103,78
Truck807157,1338,2822,1010,2104,1094
Truck810565,3238,2437,1955,2104,149
Truck810758,2437,1339,2010,2104,94
Truck810935,2998,2822,2055,2104,49
Truck809908,2822,1339,1770,2105,335
Truck810628,2822,2999,1970,2105,135
Truck810789,2821,2656,2015,2105,90
Truck810399,2655,2999,1910,2106,196
Truck810519,2821,3121,1940,2106,166
Truck810660,3239,2998,1980,2106,126
Truck810686,2437,2655,1990,2106,116
Truck810849,2655,3331,2035,2106,71
Truck809703,2436,0,1715,2107,392
Truck809972,2225,2822,1790,2107,317
Truck810670,2999,2225,1985,2107,122
Truck810677,2224,3122,1985,2107,122
Truck810916,2822,2656,2050,2107,57
Truck811072,1339,0,2095,2107,12
Truck806995,1338,2224,965,2108,1143
Truck810953,2998,3122,2060,2108,48
Truck809661,2655,2436,1705,2109,404
Truck810704,2437,2998,1995,2109,114
Truck810062,2225,1339,1815,2110,295
Truck810185,3121,2998,1850,2110,260
Truck810211,3331,3122,1855,2110,255
Truck810400,2999,2998,1910,2110,200
Truck810432,0,2999,1920,2110,190
Truck810975,2655,3239,2070,2110,40
Truck809755,3238,2998,1730,2111,381
Truck809985,2655,2225,1795,2111,316
Truck809990,2225,2656,1795,2111,316
Truck810913,3331,2822,2050,2111,61
Truck807103,1338,3122,995,2112,1117
Truck809775,2436,3122,1735,2112,377
Truck809871,2821,3122,1760,2112,352
Truck810695,2224,1339,1990,2112,122
Truck810877,3331,3121,2040,2112,72
Truck810473,3121,2225,1930,2113,183
Truck810678,3239,2821,1985,2113,128
Truck810860,2656,2655,2035,2113,78
Truck810971,2998,2225,2065,2113,48
Truck807193,1338,0,1020,2114,1094
Truck807373,1338,2821,1070,2114,1044
Truck809697,2655,2436,1715,2114,399
Truck810080,2225,1339,1820,2114,294
Truck810203,3121,3239,1855,2114,259
Truck810664,2822,2436,1980,2114,134
Truck809683,3238,2821,1710,2115,405
Truck809856,0,2224,1760,2116,356
Truck809898,3122,2224,1770,2116,346
Truck810021,2655,2225,1805,2117,312
Truck810931,3331,2822,2055,2117,62
Truck809730,0,2436,1725,2118,393
Truck809763,2821,3238,1730,2118,388
Truck810036,0,2225,1810,2118,308
Truck810098,2225,3122,1825,2118,293
Truck810713,2224,2821,1995,2118,123
Truck810878,2656,2655,2040,2118,78
Truck810989,2998,0,2070,2118,48
Truck807177,2655,1338,1015,2119,1104
Truck810682,2822,2225,1985,2119,134
Truck809727,2821,3238,1720,2120,400
Truck810363,2655,3122,1900,2120,220
Truck810826,2822,3239,2025,2120,95
Truck811011,2655,3239,2080,2120,40
Truck810310,2999,3238,1885,2121,236
Truck810731,2224,2436,2000,2121,121
Truck811020,3239,2436,2080,2121,41
Truck809899,3238,2225,1770,2122,352
Truck810133,3238,3331,1835,2122,287
Truck810454,2999,2822,1925,2122,197
Truck811038,3239,2656,2085,2123,38
Truck810114,3122,2656,1830,2124,294
Truck810135,2436,2437,1835,2124,289
Truck810453,2655,0,1925,2124,199
Truck810687,2655,2822,1990,2124,134
Truck810700,2822,2436,1990,2124,134
Truck810896,2656,2437,2045,2124,79
Truck811007,2998,3238,2075,2124,49
Truck809739,2436,3239,1725,2125,400
Truck810225,2436,3121,1860,2125,265
Truck810591,2821,3121,1960,2125,165
Truck810792,0,2437,2020,2125,105
Truck807013,1338,2655,970,2126,1156
Truck810153,2436,2437,1840,2126,286
Truck810436,2999,2436,1920,2126,206
Truck811116,0,3122,2110,2126,16
Truck809926,2822,3238,1775,2127,352
Truck810204,3122,2656,1855,2127,272
Truck810749,2224,3239,2005,2127,122
Truck811060,2822,2998,2090,2127,37
Truck810010,1339,2822,1800,2129,329
Truck810257,3121,2821,1870,2129,259
Truck810472,2999,2822,1930,2129,199
Truck810718,2822,2225,1995,2129,134
Truck810859,3331,2224,2035,2129,94
Truck811025,2998,3238,2080,2129,49
Truck809866,1339,2224,1760,2130,370
Truck809889,2821,0,1765,2130,365
Truck810106,2822,3122,1825,2130,305
Truck810312,3122,3239,1885,2130,245
Truck810562,2999,3122,1955,2130,175
Truck810273,2655,3121,1875,2131,256
Truck809862,3122,2998,1760,2132,372
Truck810243,2436,3121,1865,2132,267
Truck810478,1339,2655,1930,2132,202
Truck810668,2437,3121,1985,2132,147
Truck810767,2224,3121,2010,2132,122
Truck810949,3331,1338,2060,2132,72
Truck807019,3238,1338,970,2133,1163
Truck807229,1338,2821,1030,2133,1103
Truck809757,2436,2821,1730,2133,403
Truck809892,0,2998,1770,2133,363
Truck810275,3121,2998,1875,2133,258
Truck810490,2999,2656,1935,2133,198
Truck810568,1339,2999,1955,2133,178
Truck810750,3239,2821,2005,2133,128
Truck811043,2998,3238,2085,2133,48
Truck810348,3122,3121,1895,2134,239
Truck811152,0,3122,2120,2136,16
Truck810785,2224,3238,2015,2137,122
Truck811074,3239,2655,2095,2137,42
Truck807139,1338,2821,1005,2138,1133
Truck810349,3238,2655,1895,2138,243
Truck810754,2822,2437,2005,2138,133
Truck810226,1339,3331,1860,2139,279
Truck811061,2998,2999,2090,2139,49
Truck807355,1338,2998,1065,2140,1075
Truck810293,3121,3331,1880,2140,260
Truck810895,3331,2821,2045,2140,95
Truck810280,1339,3331,1875,2141,266
Truck810508,2999,2656,1940,2141,201
Truck810914,2656,2821,2050,2141,91
Truck811092,3239,2999,2100,2141,41
Truck810172,1339,2225,1845,2142,297
Truck810544,2999,0,1950,2142,192
Truck810579,2655,1339,1960,2142,182
Truck810968,2656,2225,2065,2142,77
Truck811188,0,1339,2130,2142,12
Truck809943,2821,0,1780,2143,363
Truck810186,3122,2225,1850,2143,293
Truck810803,2224,3238,2020,2143,123
Truck810116,2225,2822,1830,2144,314
Truck810645,2821,1338,1975,2144,169
Truck811079,2998,2656,2095,2144,49
Truck807085,1338,3238,990,2145,1155
Truck810940,2999,2437,2060,2145,85
Truck811033,3238,3122,2085,2145,60
Truck810072,0,2822,1820,2146,326
Truck810663,2821,2999,1980,2146,166
Truck810821,2224,3122,2025,2146,121
Truck811110,3239,2225,2105,2146,41
Truck810247,3331,3238,1865,2147,282
Truck810804,3239,2224,2020,2147,127
Truck810986,2656,3121,2070,2147,77
Truck810997,3238,0,2075,2147,72
Truck811003,3331,2437,2075,2147,72
Truck811206,0,1339,2135,2147,12
Truck807175,1338,1339,1015,2148,1133
Truck808237,1338,2225,1310,2148,838
Truck810372,3239,3122,1900,2148,248
Truck810561,2655,0,1955,2148,193
Truck810218,2437,2436,1860,2149,289
Truck810104,2656,3238,1825,2150,325
Truck810417,2655,3238,1915,2150,235
Truck811097,2998,3122,2100,2150,50
Truck810008,2225,3238,1800,2151,351
Truck810418,2999,3238,1915,2151,236
Truck810839,2224,3122,2030,2151,121
Truck810866,2437,2655,2040,2152,112
Truck809829,2436,2655,1750,2153,403
Truck811146,3239,2656,2115,2153,38
Truck810054,0,2822,1815,2154,339
Truck807265,1338,0,1040,2155,1115
Truck810229,3331,3238,1860,2155,295
Truck810370,1339,3331,1900,2155,255
Truck810471,2655,0,1930,2155,225
Truck810808,2822,3121,2020,2155,135
Truck811069,3238,3122,2095,2155,60
Truck811115,2998,3331,2105,2155,50
Truck810374,2656,3122,1900,2156,256
Truck809847,2436,2998,1755,2157,402
Truck810180,0,2225,1850,2157,307
Truck810347,3121,2822,1895,2157,262
Truck810373,3331,1339,1900,2157,257
Truck811039,3331,2655,2085,2157,72
Truck810188,2225,0,1850,2158,308
Truck810633,2655,3122,1975,2158,183
Truck810857,2224,2436,2035,2158,123
Truck810884,2437,3331,2045,2158,113
Truck811022,2656,2225,2080,2158,78
Truck811133,2998,3122,2110,2158,48
Truck807949,1338,2436,1230,2159,929
Truck810763,3238,2437,2010,2159,149
Truck810170,2225,2822,1845,2160,315
Truck810580,2999,2656,1960,2160,200
Truck810652,2999,1339,1980,2160,180
Truck811087,3238,3122,2100,2160,60
Truck809910,0,2998,1775,2161,386
Truck810277,3238,3331,1875,2161,286
Truck810717,2821,1338,1995,2161,166
Truck810776,2437,3121,2015,2161,146
Truck810183,2655,2225,1850,2162,312
Truck810612,0,2999,1970,2162,192
Truck811057,3331,3121,2090,2162,72
Truck807877,1338,3121,1210,2163,953
Truck809877,2655,2436,1765,2163,398
Truck810615,2655,3122,1970,2163,193
Truck810875,2224,2822,2040,2163,123
Truck810902,2437,2655,2050,2163,113
Truck811151,2998,2225,2115,2163,48
Truck810383,3121,2821,1905,2164,259
Truck810598,2999,3331,1965,2164,199
Truck810831,2655,2822,2030,2165,135
Truck810844,2822,1338,2030,2165,135
Truck810996,3122,2437,2075,2165,90
Truck807121,1338,2821,1000,2166,1166
Truck807247,1338,2656,1035,2166,1131
Truck809973,2436,3122,1790,2166,376
Truck810671,3121,2225,1985,2166,181
Truck810985,3331,2998,2070,2166,96
Truck811016,2225,2436,2080,2166,86
Truck811266,3122,0,2150,2166,16
Truck810893,2224,2656,2045,2167,122
Truck811017,2436,2225,2080,2167,87
Truck810290,2437,2436,1880,2168,288
Truck810401,3121,3239,1910,2168,258
Truck810735,2821,2437,2000,2168,168
Truck807192,0,1338,1020,2169,1149
Truck810408,3239,0,1910,2169,259
Truck810498,3239,3122,1935,2169,234
Truck810920,2437,3239,2055,2169,114
Truck811000,1339,2437,2075,2169,94
Truck811169,2998,0,2120,2169,49
Truck811123,3238,3122,2110,2170,60
Truck810911,2224,1339,2050,2171,121
Truck811093,3331,1338,2100,2171,71
Truck811327,3331,2656,2165,2171,6
Truck810096,3122,2224,1825,2172,347
Truck811132,2822,3331,2110,2172,62
Truck809971,3238,2821,1790,2173,383
Truck811076,2656,2655,2095,2173,78
Truck809901,2436,2821,1770,2174,404
Truck810224,2225,2998,1860,2174,314
Truck810419,3121,2998,1915,2174,259
Truck810708,3122,2999,1995,2174,179
Truck811040,2656,2224,2085,2174,89
Truck811187,2998,2436,2125,2174,49
Truck810212,2656,3238,1855,2175,320
Truck810320,2656,1339,1885,2175,290
Truck810880,2822,2999,2040,2175,135
Truck810938,2437,2998,2060,2175,115
Truck811218,3239,2437,2135,2175,40
Truck811240,2822,2224,2140,2176,36
Truck811338,3122,1339,2170,2176,6
Truck809793,2436,3238,1740,2177,437
Truck810507,2655,3238,1940,2177,237
Truck810510,3122,3121,1940,2177,237
Truck810759,2655,2821,2010,2177,167
Truck810929,2224,3331,2055,2177,122
Truck811094,2656,1338,2100,2177,77
Truck810912,3239,2821,2050,2178,128
Truck811036,1339,2437,2085,2178,93
Truck810835,3238,2437,2030,2179,149
Truck810885,2655,2822,2045,2179,134
Truck811205,2998,2655,2130,2179,49
Truck810242,2225,2821,1865,2180,315
Truck811050,3122,2437,2090,2180,90
Truck809989,3238,2224,1795,2181,386
Truck811364,2656,3331,2175,2181,6
Truck810344,2437,2436,1895,2182,287
Truck810947,2224,3238,2060,2182,122
Truck809955,2436,2655,1785,2183,398
Truck810024,3122,2436,1805,2183,378
Truck810974,2437,3239,2070,2183,113
Truck811184,2656,2822,2125,2183,58
Truck807339,2655,1338,1060,2184,1124
Truck807342,3122,1338,1060,2184,1124
Truck811223,2998,0,2135,2184,49
Truck809917,3238,2224,1775,2185,410
Truck810455,3121,2821,1925,2185,260
Truck810260,2225,2998,1870,2186,316
Truck810329,3121,3238,1890,2186,296
Truck810948,3239,2998,2060,2186,126
Truck810965,2224,2655,2065,2186,121
Truck811137,2655,3331,2115,2186,71
Truck811183,3331,2822,2125,2186,61
Truck807445,1338,2821,1090,2187,1097
Truck809935,3238,2224,1780,2187,407
Truck810124,2822,1339,1830,2187,357
Truck810437,3121,2436,1920,2187,267
Truck810356,2656,3122,1895,2188,293
Truck810438,3122,2656,1920,2188,268
Truck810688,2999,2655,1990,2188,198
Truck810934,2822,3121,2055,2189,134
Truck811075,3331,2998,2095,2189,94
Truck811241,2998,2436,2140,2189,49
Truck810160,2822,3122,1840,2190,350
Truck810278,2225,3239,1875,2190,315
Truck810504,0,3121,1940,2190,250
Truck810509,3121,0,1940,2190,250
Truck811294,2822,2821,2155,2190,35
Truck810154,1339,2224,1840,2191,351
Truck810983,2224,3238,2070,2191,121
Truck810043,3238,2822,1810,2192,382
Truck810463,3331,0,1925,2192,267
Truck810651,2655,3238,1980,2192,212
Truck811148,2656,1338,2115,2192,77
Truck811272,3239,2655,2150,2192,42
Truck810813,2655,2998,2025,2193,168
Truck810825,2821,3121,2025,2193,168
Truck809982,0,2821,1795,2194,399
Truck810368,2225,1339,1900,2194,294
Truck811259,2998,1339,2145,2194,49
Truck810365,3121,3238,1900,2195,295
Truck810367,3238,3121,1900,2195,295
Truck810952,2822,3121,2060,2195,135
Truck811010,2437,2998,2080,2195,115
Truck810428,2656,3122,1915,2196,281
Truck811104,3122,2437,2105,2196,91
Truck811368,0,3122,2180,2196,16
Truck810296,2225,2656,1880,2197,317
Truck810984,3239,2224,2070,2197,127
Truck811001,2224,2436,2075,2197,122
Truck809865,2436,3238,1760,2198,438
Truck810078,3122,2436,1820,2199,379
Truck810553,3331,3122,1950,2199,249
Truck810723,2655,2999,2000,2199,199
Truck810957,2655,2822,2065,2199,134
Truck810099,2436,3122,1825,2200,375
Truck810115,3238,2822,1830,2200,370
Truck810314,2225,2656,1885,2200,315
Truck810654,3122,2655,1980,2200,220
Truck810724,2999,2822,2000,2200,200
Truck810907,3238,2437,2050,2200,150
Truck811028,2437,3239,2085,2200,115
Truck811114,2822,3239,2105,2200,95
Truck811130,2656,2224,2110,2200,90
Truck811231,3238,3122,2140,2200,60
Truck811277,2998,3122,2150,2200,50
Truck808096,2999,1338,1270,2201,931
Truck810069,2821,1339,1815,2201,386
Truck810491,3121,2436,1935,2201,266
Truck811019,2224,3331,2080,2201,121
Truck810742,2999,2998,2005,2202,197
Truck810861,2821,1338,2035,2202,167
Truck811111,3331,2224,2105,2202,97
Truck810795,2655,3122,2020,2203,183
Truck811295,2998,2821,2155,2203,48
Truck810033,2821,3238,1805,2204,399
Truck810162,0,2821,1845,2204,359
Truck810525,2655,3121,1945,2204,259
Truck811046,2437,3239,2090,2204,114
Truck810206,2225,3238,1855,2205,350
Truck810332,2225,2656,1890,2205,315
Truck810552,3239,1339,1950,2205,255
Truck811129,3331,2224,2110,2205,95
Truck807109,3238,1338,995,2206,1211
Truck807391,1338,3238,1075,2206,1131
Truck810045,2436,2656,1810,2206,396
Truck811209,2655,3331,2135,2206,71
Truck811219,3331,2999,2135,2206,71
Truck811348,2822,2821,2170,2206,36
Truck807625,1338,2437,1140,2207,1067
Truck810027,2436,3331,1805,2207,402
Truck810516,3239,3238,1940,2207,267
Truck810834,3122,2999,2030,2207,177
Truck811030,2999,2225,2085,2207,122
Truck811037,2224,1339,2085,2207,122
Truck807607,1338,3122,1135,2208,1073
Truck810304,2822,1339,1880,2208,328
Truck810481,3331,0,1930,2208,278
Truck810879,2821,2436,2040,2208,168
Truck811202,2656,2437,2130,2208,78
Truck807409,1338,3122,1080,2209,1129
Truck810422,2225,1339,1915,2209,294
Truck810760,2999,2998,2010,2209,199
Truck807067,1338,3239,985,2210,1225
Truck810252,0,2822,1870,2210,340
Truck810386,2225,0,1905,2210,305
Truck810832,2999,1339,2030,2210,180
Truck811006,2822,2225,2075,2210,135
Truck811313,2998,2225,2160,2210,50
Truck807571,1338,2655,1125,2211,1086
Truck810482,2656,0,1930,2211,281
Truck810527,3121,2436,1945,2211,266
Truck811055,2224,3238,2090,2211,121
Truck811167,2821,2656,2120,2211,91
Truck811237,3331,2999,2140,2211,71
Truck811472,2656,3331,2205,2211,6
Truck810496,1339,3331,1935,2212,277
Truck810378,0,2225,1905,2213,308
Truck810563,3121,2821,1955,2213,258
Truck811331,2998,2999,2165,2213,48
Truck810599,3121,0,1965,2216,251
Truck810915,2821,1338,2050,2216,166
Truck811024,2822,2999,2080,2216,136
Truck811165,3331,2998,2120,2216,96
Truck811362,3239,3121,2175,2216,41
Truck811446,3122,0,2200,2216,16
Truck811073,2224,2655,2095,2217,122
Truck811255,3331,1338,2145,2217,72
Truck808060,2999,1338,1260,2218,958
Truck810376,2822,1339,1900,2218,318
Truck810581,3121,2998,1960,2218,258
Truck810796,2999,2224,2020,2219,199
Truck810992,2437,3121,2075,2219,144
Truck811349,2998,0,2170,2219,49
Truck810258,3122,2821,1870,2220,350
Truck811208,2437,2999,2135,2220,85
Truck810427,3331,3238,1915,2221,306
Truck810458,2225,1339,1925,2221,296
Truck811091,2224,2999,2100,2221,121
Truck811119,2655,2437,2110,2221,111
Truck811273,3331,2999,2150,2221,71
Truck811507,3331,2656,2215,2221,6
Truck810081,2436,3331,1820,2222,402
Truck811095,2821,2224,2100,2222,122
Truck811309,3331,2822,2160,2222,62
Truck807931,1338,2437,1225,2224,999
Truck810626,2656,3122,1970,2224,254
Truck810933,2821,3121,2055,2224,169
Truck811300,2999,3121,2160,2224,64
Truck811367,2998,3239,2175,2224,49
Truck811212,3122,2437,2135,2225,90
Truck811220,2656,2998,2135,2225,90
Truck810169,3238,2822,1845,2226,381
Truck810535,3331,3238,1945,2226,281
Truck811109,2224,3122,2105,2226,121
Truck811201,3331,2998,2130,2226,96
Truck810117,2436,2998,1830,2227,397
Truck810189,2436,3122,1850,2227,377
Truck810262,1339,2998,1870,2227,357
Truck810440,2225,0,1920,2227,307
Truck810450,0,2656,1925,2227,302
Truck810518,2656,3238,1940,2227,287
Truck810951,2821,2436,2060,2227,167
Truck811291,3331,3121,2155,2227,72
Truck811420,2822,2998,2190,2227,37
Truck811504,1339,0,2215,2227,12
Truck810298,1339,2224,1880,2228,348
Truck810460,1339,2822,1925,2228,303
Truck811136,2437,3239,2115,2228,113
Truck811263,2655,2656,2150,2228,78
Truck811274,2656,2999,2150,2228,78
Truck811418,2656,3239,2190,2228,38
Truck810690,3122,3121,1990,2229,239
Truck810694,1339,3121,1990,2229,239
Truck810939,2655,2998,2060,2229,169
Truck811078,2822,2999,2095,2229,134
Truck811385,2998,2437,2180,2229,49
Truck807679,1338,3331,1155,2230,1075
Truck810512,2225,3122,1940,2231,291
Truck810617,3121,2656,1970,2231,261
Truck810850,2999,2656,2035,2231,196
Truck811127,2224,1339,2110,2231,121
Truck811407,2655,3239,2190,2231,41
Truck811296,0,3238,2160,2232,72
Truck810214,2822,3238,1855,2233,378
Truck810439,3238,2656,1920,2233,313
Truck810500,2656,3122,1935,2233,298
Truck810819,2436,2999,2025,2233,208
Truck810969,2821,2436,2065,2233,168
Truck811292,2656,2437,2155,2233,78
Truck810666,0,3121,1985,2234,249
Truck810707,3121,1339,1995,2234,239
Truck811403,2998,2225,2185,2234,49
Truck811401,2821,2998,2185,2235,50
Truck810868,2999,2656,2040,2236,196
Truck810926,2225,3121,2055,2236,181
Truck811096,2822,1338,2100,2236,136
Truck811145,2224,2436,2115,2236,121
Truck811434,3239,2655,2195,2236,41
Truck807993,2436,1338,1240,2237,997
Truck808129,1338,2436,1280,2237,957
Truck811456,2822,2224,2200,2237,37
Truck810607,3331,1339,1965,2238,273
Truck810987,2821,1338,2070,2238,168
Truck811310,2656,2225,2160,2238,78
Truck811421,2998,2437,2190,2239,49
Truck807661,1338,2821,1150,2241,1091
Truck810635,3121,2436,1975,2241,266
Truck810653,3121,2655,1980,2241,261
Truck810684,0,3121,1990,2241,251
Truck810855,2436,2999,2035,2241,206
Truck811163,2224,2437,2120,2241,121
Truck810872,2225,2437,2040,2242,202
Truck811005,2821,1338,2075,2242,167
Truck811328,2656,2436,2165,2242,77
Truck811452,3239,3121,2200,2242,42
Truck811474,2822,2821,2205,2242,37
Truck811439,2998,2655,2195,2243,48
Truck810810,0,2655,2025,2244,219
Truck811064,2437,3238,2095,2244,149
Truck810171,2436,2224,1845,2245,400
Truck810476,2225,2821,1930,2245,315
Truck811085,3121,2437,2100,2245,145
Truck807733,1338,0,1170,2246,1076
Truck808838,2225,1338,1475,2246,771
Truck811082,2437,3121,2100,2246,146
Truck811373,3121,2999,2180,2246,66
Truck811470,3239,3121,2205,2246,41
Truck810566,2225,3122,1955,2247,292
Truck811181,2224,0,2125,2247,122
Truck811393,3238,1339,2185,2247,62
Truck810384,3122,2224,1905,2248,343
Truck810697,3331,1339,1990,2248,258
Truck810904,2999,3331,2050,2248,198
Truck810268,2822,3238,1870,2249,379
Truck810644,2656,1339,1975,2249,274
Truck811023,2821,2437,2080,2249,169
Truck810494,2225,2998,1935,2250,315
Truck810910,1339,2655,2050,2250,200
Truck811457,2998,1338,2200,2250,50
Truck808366,2999,1338,1345,2251,906
Truck810630,0,3239,1975,2251,276
Truck810960,3122,2655,2065,2251,186
Truck811302,3122,2437,2160,2251,91
Truck810596,2437,2436,1965,2252,287
Truck811041,2821,3121,2085,2252,167
Truck811199,2224,0,2130,2252,122
Truck811381,3331,2225,2180,2252,72
Truck810063,2436,3238,1815,2253,438
Truck810828,0,2655,2030,2253,223
Truck810886,2999,2436,2045,2253,208
Truck811308,3239,2822,2160,2253,93
Truck811506,3239,2656,2215,2253,38
Truck811524,3239,3331,2220,2253,33
Truck810061,3238,2436,1815,2254,439
Truck810922,2999,2998,2055,2254,199
Truck811168,2822,2999,2120,2254,134
Truck811182,3239,2821,2125,2254,129
Truck811226,2437,2822,2140,2254,114
Truck808148,2437,1338,1285,2255,970
Truck811432,1339,3238,2195,2255,60
Truck811475,2998,1339,2205,2255,50
Truck810207,2436,2656,1855,2256,401
Truck811155,2655,2822,2120,2256,136
Truck811217,2224,2999,2135,2256,121
Truck811399,3331,3121,2185,2256,71
Truck811336,2999,2437,2170,2257,87
Truck811371,2655,2656,2180,2257,77
Truck811382,2656,2436,2180,2257,77
Truck810661,3331,0,1980,2258,278
Truck810867,2655,0,2040,2258,218
Truck810234,0,2436,1865,2259,394
Truck810874,1339,2655,2040,2259,219
Truck811018,1339,2999,2080,2259,179
Truck811244,2437,2656,2145,2259,114
Truck811491,2821,2998,2210,2259,49
Truck810604,1339,2225,1965,2260,295
Truck810814,2999,3238,2025,2260,235
Truck811186,2822,2655,2125,2260,135
Truck811346,2656,2224,2170,2260,90
Truck811493,2998,3238,2210,2260,50
Truck808165,1338,2437,1290,2261,971
Truck810725,3121,3331,2000,2261,261
Truck810822,3239,3122,2025,2261,236
Truck811515,2655,3239,2220,2261,41
Truck810424,1339,2998,1915,2262,347
Truck810618,3122,2656,1970,2262,292
Truck810632,2437,2436,1975,2262,287
Truck810672,3122,2656,1985,2262,277
Truck811400,2656,3121,2185,2262,77
Truck811417,3331,2999,2190,2262,72
Truck810709,3238,3239,1995,2263,268
Truck811065,2655,2224,2095,2263,168
Truck811077,2821,1338,2095,2263,168
Truck811235,2224,1338,2140,2263,123
Truck811511,2998,2436,2215,2263,48
Truck807553,1338,3238,1120,2264,1144
Truck811345,3331,2821,2170,2264,94
Truck811204,2822,2999,2130,2265,135
Truck810594,0,2656,1965,2266,301
Truck810486,0,2822,1935,2267,332
Truck810548,2225,2655,1950,2267,317
Truck810655,3238,3239,1980,2267,287
Truck810858,3239,3122,2035,2267,232
Truck811253,2224,3122,2145,2267,122
Truck811648,1339,0,2255,2267,12
Truck807706,1339,1338,1160,2268,1108
Truck810270,0,2436,1875,2268,393
Truck810316,1339,2436,1885,2268,383
Truck811222,2822,3121,2135,2268,133
Truck811236,3239,2224,2140,2268,128
Truck811352,2437,1339,2175,2268,93
Truck811429,3238,0,2195,2268,73
Truck811435,3331,2437,2195,2268,73
Truck811529,2998,3238,2220,2268,48
Truck807721,3238,1338,1165,2269,1104
Truck811280,2437,2224,2155,2269,114
Truck811383,2821,2656,2180,2269,89
Truck811684,1339,3122,2265,2269,4
Truck807643,1338,2224,1145,2270,1125
Truck810261,2436,2224,1870,2270,400
Truck810528,3122,2822,1945,2270,325
Truck811012,2999,0,2080,2270,190
Truck811113,2821,2999,2105,2270,165
Truck811316,2437,0,2165,2270,105
Truck811363,3331,2821,2175,2270,95
Truck810761,3121,2998,2010,2271,261
Truck810976,2999,3331,2070,2271,201
Truck811026,0,2655,2085,2271,186
Truck811366,2822,3239,2175,2271,96
Truck811680,3122,1339,2265,2271,6
Truck810414,0,2822,1915,2272,357
Truck810456,3122,2224,1925,2272,347
Truck810921,2655,0,2055,2272,217
Truck811271,2224,3121,2150,2272,122
Truck810279,2436,2656,1875,2273,398
Truck810743,3121,2436,2005,2273,268
Truck810993,2655,2999,2075,2273,198
Truck810994,2999,2655,2075,2273,198
Truck811049,3121,2225,2090,2273,183
Truck810554,2656,3238,1950,2274,324
Truck811388,2437,3122,2185,2274,89
Truck811547,2998,2437,2225,2274,49
Truck810411,2821,1339,1910,2275,365
Truck810538,2822,0,1945,2275,330
Truck810584,2225,3239,1960,2275,315
Truck810770,2656,1339,2010,2275,265
Truck810779,3121,3239,2015,2275,260
Truck810625,3331,3238,1970,2276,306
Truck810662,2656,0,1980,2276,296
Truck810769,3331,0,2010,2276,266
Truck811289,2224,2225,2155,2276,121
Truck810259,3238,2998,1870,2277,407
Truck810597,2655,2225,1965,2277,312
Truck811131,2821,2999,2110,2277,167
Truck811471,3331,2999,2205,2277,72
Truck808363,1338,2436,1345,2278,933
Truck810306,0,2436,1885,2278,393
Truck811565,2998,3121,2230,2278,48
Truck810602,2225,2821,1965,2279,314
Truck810946,1339,3239,2060,2279,219
Truck811032,3122,2655,2085,2279,194
Truck810297,2436,2822,1880,2280,400
Truck810820,1339,2656,2025,2280,255
Truck811402,2822,3239,2185,2280,95
Truck810369,2436,1339,1900,2281,381
Truck811258,2822,2437,2145,2281,136
Truck808579,1338,2999,1405,2282,877
Truck810315,2436,2998,1885,2282,397
Truck810483,2821,1339,1930,2282,352
Truck811489,3331,2437,2210,2282,72
Truck810387,2436,3122,1905,2283,378
Truck810457,3238,2822,1925,2283,358
Truck810815,3121,2821,2025,2283,258
Truck811149,2821,2436,2115,2283,168
Truck811307,2224,2822,2160,2283,123
Truck811581,2821,2998,2235,2283,48
Truck811583,2998,2999,2235,2283,48
Truck810448,2822,3238,1920,2284,364
Truck810730,1339,3331,2000,2284,284
Truck810774,0,3331,2015,2284,269
Truck811102,2999,1339,2105,2284,179
Truck811276,2822,2225,2150,2284,134
Truck811414,1339,2437,2190,2284,94
Truck810360,0,2821,1900,2285,385
Truck810692,2225,1339,1990,2285,295
Truck810876,3239,3122,2040,2285,245
Truck811636,2822,2821,2250,2285,35
Truck810529,3238,2822,1945,2286,341
Truck810689,3121,3238,1990,2286,296
Truck810888,3122,3239,2045,2286,241
Truck811334,2437,2655,2170,2286,116
Truck811517,3121,2999,2220,2286,66
Truck810903,2655,3238,2050,2287,237
Truck811325,2224,2225,2165,2287,122
Truck811614,3239,1338,2245,2287,42
Truck811720,1339,0,2275,2287,12
Truck811047,2655,1339,2090,2288,198
Truck811436,2656,2224,2195,2288,93
Truck810648,0,2225,1980,2289,309
Truck810833,3121,2224,2030,2289,259
Truck811601,2998,3239,2240,2289,49
Truck810925,3238,2999,2055,2290,235
Truck811632,3239,2225,2250,2290,40
Truck810342,0,2436,1895,2291,396
Truck810502,2822,3238,1935,2291,356
Truck811326,3239,2224,2165,2291,126
Truck811466,2225,2436,2205,2291,86
Truck810710,2225,1339,1995,2292,297
Truck810745,3238,3239,2005,2292,287
Truck811185,2821,2436,2125,2292,167
Truck811343,2224,3239,2170,2292,122
Truck811508,2656,2437,2215,2292,77
Truck811525,3331,3121,2220,2292,72
Truck811561,3331,2822,2230,2292,62
Truck810492,3122,2224,1935,2293,358
Truck810923,3121,3122,2055,2293,238
Truck810954,0,2655,2065,2293,228
Truck811652,2656,3239,2255,2293,38
Truck810646,2822,3122,1975,2294,319
Truck810846,0,3239,2035,2294,259
Truck810870,3122,3331,2040,2294,254
Truck811312,2822,2437,2160,2294,134
Truck811370,2437,3331,2180,2294,114
Truck810852,3122,3331,2035,2295,260
Truck811249,3238,2437,2145,2295,150
Truck811619,2998,2437,2245,2295,50
Truck811083,2655,2999,2100,2296,196
Truck811084,2999,2821,2100,2296,196
Truck811203,2821,2437,2130,2296,166
Truck811404,0,2437,2190,2296,106
Truck807517,1338,2998,1110,2297,1187
Truck807805,1338,2656,1190,2297,1107
Truck811048,2999,2436,2090,2297,207
Truck811361,2224,2655,2175,2297,122
Truck811526,2656,2655,2220,2297,77
Truck811533,2655,3331,2225,2297,72
Truck811579,3331,2822,2235,2297,62
Truck808201,1338,3121,1300,2298,998
Truck810656,2225,2998,1980,2298,318
Truck810806,2656,1339,2020,2298,278
Truck811347,2821,3239,2170,2298,128
Truck811637,2998,1339,2250,2298,48
Truck810674,2225,2655,1985,2299,314
Truck810799,3238,3239,2020,2299,279
Truck811101,2655,1339,2105,2299,194
Truck811330,2822,2436,2165,2299,134
Truck810958,2999,3238,2065,2300,235
Truck810636,3122,2822,1975,2301,326
Truck810746,2225,1339,2005,2301,296
Truck810802,1339,3331,2020,2301,281
Truck810961,3238,2999,2065,2301,236
Truck811002,3239,1339,2075,2301,226
Truck811066,2999,2436,2095,2301,206
Truck810892,1339,3331,2045,2302,257
Truck811088,2225,2437,2100,2302,202
Truck811705,3331,3239,2270,2302,32
Truck810887,3121,3331,2045,2303,258
Truck811379,2224,1338,2180,2303,123
Truck811686,3239,2656,2265,2303,38
Truck810514,1339,2224,1940,2304,364
Truck810966,3239,1339,2065,2304,239
Truck810381,2655,2436,1905,2305,400
Truck810728,2225,0,2000,2305,305
Truck810978,3122,3121,2070,2305,235
Truck811588,2999,3121,2240,2305,65
Truck811707,2821,2822,2270,2305,35
Truck810532,1339,2224,1945,2306,361
Truck811516,2999,2437,2220,2306,86
Truck810331,3238,2998,1890,2307,417
Truck810720,0,2225,2000,2307,307
Truck811239,2821,1338,2140,2307,167
Truck811397,2224,2655,2185,2307,122
Truck810405,2436,2998,1910,2308,398
Truck810582,3122,2224,1960,2308,348
Truck811176,3122,2655,2125,2308,183
Truck811562,2656,2437,2230,2309,79
Truck811673,2998,3121,2260,2309,49
Truck807715,1338,3331,1165,2310,1145
Truck810421,3238,2224,1915,2310,395
Truck810474,3122,2436,1930,2310,380
Truck810882,0,3239,2045,2310,265
Truck810977,3121,1339,2070,2310,240
Truck811120,2999,2224,2110,2310,200
Truck811509,2821,3331,2215,2310,95
Truck810465,2821,3238,1925,2311,386
Truck810583,3238,2225,1960,2311,351
Truck811234,1339,2655,2140,2311,171
Truck811138,2999,3331,2115,2312,197
Truck811193,3121,2225,2130,2312,182
Truck811597,3331,1338,2240,2312,72
Truck811245,2655,2224,2145,2313,168
Truck811415,2224,2821,2190,2313,123
Truck811580,2656,2225,2235,2313,78
Truck811691,2998,2437,2265,2314,49
Truck807751,1338,3238,1175,2315,1140
Truck811544,2656,2224,2225,2315,90
Truck808975,1338,2225,1515,2316,801
Truck810540,0,2224,1950,2316,366
Truck811433,2224,2655,2195,2316,121
Truck810403,3238,2224,1910,2317,407
Truck810513,2436,3122,1940,2317,377
Truck811275,2821,2436,2150,2317,167
Truck811426,2999,2225,2195,2317,122
Truck808075,1338,3121,1265,2318,1053
Truck810441,2436,3331,1920,2318,398
Truck810941,3121,2656,2060,2318,258
Truck811156,2999,2821,2120,2318,198
Truck811389,2655,2822,2185,2318,133
Truck811460,2437,2655,2205,2318,113
Truck811654,2822,3331,2255,2318,63
Truck811709,2998,2656,2270,2318,48
Truck810501,2821,3122,1935,2319,384
Truck811542,3239,2822,2225,2319,94
Truck811543,3331,2224,2225,2320,95
Truck811554,3122,2437,2230,2320,90
Truck811448,2225,2999,2200,2322,122
Truck811451,2224,1338,2200,2322,122
Truck811574,2225,2436,2235,2322,87
Truck811836,0,1339,2310,2322,12
Truck810959,3121,2655,2065,2323,258
Truck811173,2655,2999,2125,2323,198
Truck811758,3239,2656,2285,2323,38
Truck811174,2999,2656,2125,2324,199
Truck811478,2437,2224,2210,2324,114
Truck811616,2656,2437,2245,2324,79
Truck811727,2998,2822,2275,2324,49
Truck810764,2225,2998,2010,2325,315
Truck811725,2821,2998,2275,2325,50
Truck807787,1338,0,1185,2326,1141
Truck810459,2436,2998,1925,2326,401
Truck810932,2656,1339,2055,2326,271
Truck811252,1339,2999,2145,2326,181
Truck807697,1338,3122,1160,2327,1167
Truck811469,2224,3239,2205,2327,122
Truck811062,0,2655,2095,2328,233
Truck811192,2999,2656,2130,2328,198
Truck811578,3239,2822,2235,2328,93
Truck808003,1338,3239,1245,2329,1084
Truck811311,2821,2655,2160,2329,169
Truck811438,2822,2655,2195,2329,134
Truck811496,2437,3331,2215,2329,114
Truck811655,2998,2224,2255,2329,74
Truck811900,1339,3122,2325,2329,4
Truck810511,3238,2821,1940,2330,390
Truck811014,3122,3331,2080,2330,250
Truck811054,1339,3121,2090,2330,240
Truck811745,2998,1338,2280,2330,50
Truck811776,3239,2436,2290,2330,40
Truck810495,2436,2998,1935,2331,396
Truck811317,2655,2224,2165,2331,166
Truck811590,3122,2437,2240,2331,91
Truck811903,3331,2656,2325,2331,6
Truck810477,2436,2656,1930,2332,402
Truck810586,1339,2224,1960,2332,372
Truck811669,3331,2437,2260,2332,72
Truck811872,0,1339,2320,2332,12
Truck808705,1338,2436,1440,2333,893
Truck811487,2224,3122,2210,2333,123
Truck810522,0,2821,1945,2334,389
Truck810800,2225,2224,2020,2334,314
Truck810817,3238,2656,2025,2334,309
Truck811763,2998,1338,2285,2334,49
Truck808651,1338,2999,1425,2335,910
Truck809083,1338,2225,1545,2335,790
Truck810564,3122,2436,1955,2335,380
Truck811056,3239,0,2090,2335,245
Truck811210,2999,2655,2135,2335,200
Truck811514,2437,2224,2220,2335,115
Truck811548,0,2437,2230,2335,105
Truck808525,1338,2437,1390,2336,946
Truck811004,2656,1339,2075,2336,261
Truck811505,2224,1338,2215,2336,121
Truck811608,3122,2437,2245,2336,91
Truck811914,3122,1339,2330,2336,6
Truck807649,3238,1338,1145,2337,1192
Truck810567,2436,1339,1955,2337,382
Truck810772,2822,1339,2010,2337,327
Truck810995,3121,3239,2075,2337,262
Truck811197,2436,2999,2130,2337,207
Truck810547,3238,2821,1950,2338,388
Truck811228,2999,2655,2140,2338,198
Truck811488,3239,2224,2210,2338,128
Truck811744,2822,2656,2280,2338,58
Truck811779,2821,2998,2290,2338,48
Truck811781,2998,2656,2290,2338,48
Truck810798,3122,2822,2020,2339,319
Truck811615,3331,2821,2245,2339,94
Truck807859,1338,2822,1205,2340,1135
Truck811029,2655,3121,2085,2340,255
Truck811318,2999,3122,2165,2340,175
Truck811406,2437,3238,2190,2340,150
Truck811532,2437,3239,2225,2340,115
Truck807769,1338,2655,1180,2341,1161
Truck810385,3238,2436,1905,2341,436
Truck810818,2225,2821,2025,2341,316
Truck811301,3121,2225,2160,2341,181
Truck811427,3121,2437,2195,2341,146
Truck811523,2224,3238,2220,2341,121
Truck811834,2822,2224,2305,2341,36
Truck808435,1338,2436,1365,2342,977
Truck809029,1338,2225,1530,2342,812
Truck811215,2436,2999,2135,2342,207
Truck811692,0,3238,2270,2342,72
Truck810906,3122,2225,2050,2343,293
Truck811144,1339,3239,2115,2343,228
Truck811246,2999,2656,2145,2344,199
Truck811424,2437,3238,2195,2344,149
Truck811633,3331,2224,2250,2344,94
Truck811799,2998,2436,2295,2344,49
Truck811954,1339,3122,2340,2344,4
Truck810836,2225,3331,2030,2345,315
Truck811031,3121,3239,2085,2345,260
Truck811550,2437,2656,2230,2345,115
Truck811108,1339,3121,2105,2346,241
Truck811122,3122,3121,2110,2346,236
Truck811492,2822,3121,2210,2346,136
Truck811586,2437,0,2240,2346,106
Truck811644,3122,2437,2255,2346,91
Truck808726,2999,1338,1445,2347,902
Truck810924,3122,2225,2055,2347,292
Truck811013,3121,2436,2080,2347,267
Truck811233,2436,2999,2140,2347,207
Truck811541,2224,3331,2225,2347,122
Truck811706,2656,2437,2270,2347,77
Truck811710,0,3238,2275,2347,72
Truck810549,2436,2998,1950,2348,398
Truck811510,2822,3121,2215,2348,133
Truck811780,2822,2656,2290,2348,58
Truck811817,2998,2999,2300,2348,48
Truck811866,3239,3331,2315,2348,33
Truck810842,2656,3238,2030,2350,320
Truck811653,2821,3331,2255,2350,95
Truck811848,3239,2436,2310,2350,40
Truck807876,0,1338,1210,2351,1141
Truck810854,2225,2655,2035,2351,316
Truck810963,2436,2437,2065,2351,286
Truck811602,0,2437,2245,2351,106
Truck811670,2656,2821,2260,2351,91
Truck811683,2436,2225,2265,2351,86
Truck811926,0,3122,2335,2351,16
Truck808349,3121,1338,1340,2352,1012
Truck811191,2655,1339,2130,2352,222
Truck811262,2437,2225,2150,2352,202
Truck811552,2999,2225,2230,2352,122
Truck811559,2224,2999,2230,2353,123
Truck811058,2656,1339,2090,2354,264
Truck811528,2822,1338,2220,2354,134
Truck811835,2998,2821,2305,2354,49
Truck811067,3121,2224,2095,2355,260
Truck811164,3239,0,2120,2355,235
Truck811696,2999,2437,2270,2355,85
Truck811688,2656,2821,2265,2356,91
Truck811759,3331,2436,2285,2356,71
Truck811795,3331,2822,2295,2356,61
Truck807841,1338,3238,1200,2357,1157
Truck811128,3239,0,2110,2357,247
Truck811358,2225,3121,2175,2357,182
Truck811577,2224,2437,2235,2357,122
Truck811269,2436,2999,2150,2358,208
Truck811299,2655,2999,2160,2358,198
Truck811560,3239,2224,2230,2358,128
Truck811789,3238,1339,2295,2358,63
Truck811798,2822,3331,2295,2358,63
Truck811853,2998,3238,2310,2359,49
Truck808093,1338,3238,1270,2360,1090
Truck811884,3239,2436,2320,2360,40
Truck810601,3238,2821,1965,2361,396
Truck811376,2225,3121,2180,2361,181
Truck812004,3122,1339,2355,2361,6
Truck810890,2225,3239,2045,2362,317
Truck811282,2999,2436,2155,2362,207
Truck811298,2437,2225,2160,2362,202
Truck811595,2224,2821,2240,2362,122
Truck811749,2655,2656,2285,2362,77
Truck811760,2656,2999,2285,2362,77
Truck810908,2225,2656,2050,2363,313
Truck810950,2656,0,2060,2363,303
Truck811871,2998,2822,2315,2363,48
Truck811044,0,2656,2090,2364,274
Truck811103,3121,3331,2105,2364,259
Truck811712,2437,3122,2275,2364,89
Truck811724,2656,2821,2275,2364,89
Truck811923,2821,2822,2330,2364,34
Truck809245,1338,2225,1590,2365,775
Truck810603,2436,2998,1965,2365,400
Truck811622,2437,2656,2250,2365,115
Truck810619,3238,2998,1970,2366,396
Truck810807,2821,3122,2020,2366,346
Truck811831,3331,2822,2305,2366,61
Truck811924,2822,2224,2330,2366,36
Truck811305,2436,2999,2160,2367,207
Truck811613,2224,1338,2245,2367,122
Truck811902,3239,2999,2325,2367,42
Truck810621,2436,3239,1970,2368,398
Truck811455,2821,2999,2200,2368,168
Truck811121,3121,2821,2110,2369,259
Truck811889,2998,1339,2320,2369,49
Truck808309,1338,2821,1330,2370,1040
Truck811139,3121,2655,2115,2370,255
Truck811157,3121,0,2120,2370,250
Truck811722,3239,2822,2275,2370,95
Truck808457,3121,1338,1370,2371,1001
Truck810711,2436,3122,1995,2371,376
Truck811582,2822,2655,2235,2371,136
Truck811631,2224,3238,2250,2371,121
Truck811755,2436,2225,2285,2371,86
Truck811920,3239,2655,2330,2371,41
Truck811941,2821,2822,2335,2371,36
Truck808039,1338,3331,1255,2372,1117
Truck810639,2436,3331,1975,2373,398
Truck810699,2821,3122,1990,2373,383
Truck811396,1339,2655,2185,2373,188
Truck811412,2225,3121,2190,2373,183
Truck811473,2821,2437,2205,2374,169
Truck812062,1339,3122,2370,2374,4
Truck811211,3121,1339,2135,2375,240
Truck811479,2655,2821,2210,2375,165
Truck811600,2822,2436,2240,2375,135
Truck811766,2437,2999,2290,2375,85
Truck811907,2998,2822,2325,2375,50
Truck811959,2821,2822,2340,2375,35
Truck810944,2225,2655,2060,2376,316
Truck811748,2437,3122,2285,2376,91
Truck811886,2656,2822,2320,2376,56
Truck811938,3239,2437,2335,2376,41
Truck810673,3238,2224,1985,2377,392
Truck811649,2224,2821,2255,2377,122
Truck811281,2655,0,2155,2378,223
Truck811372,2999,2224,2180,2378,198
Truck811814,2656,2437,2300,2378,78
Truck807879,2655,1338,1210,2379,1169
Truck811618,2822,2225,2245,2379,134
Truck811925,2998,2656,2330,2379,49
Truck810531,2436,3238,1945,2380,435
Truck811071,2436,2437,2095,2380,285
Truck811140,3122,3331,2115,2380,265
Truck811676,2437,2656,2265,2380,115
Truck811778,2656,2224,2290,2380,90
Truck810726,3122,2998,2000,2381,381
Truck810962,2225,2655,2065,2381,316
Truck811671,2821,2224,2260,2381,121
Truck811956,3239,2437,2340,2381,41
Truck811216,1339,3331,2135,2382,247
Truck811354,2999,2436,2175,2382,207
Truck811464,3122,2999,2205,2382,177
Truck811650,3239,2224,2255,2382,127
Truck811667,2224,2822,2260,2382,122
Truck811832,2656,2655,2305,2382,77
Truck811879,3238,1339,2320,2382,62
Truck810744,3122,2436,2005,2383,378
Truck811254,3239,0,2145,2383,238
Truck811290,3239,1339,2155,2383,228
Truck811623,2655,2822,2250,2383,133
Truck811849,3331,2999,2310,2383,73
Truck811906,2822,2656,2325,2383,58
Truck811943,2998,1338,2335,2383,48
Truck811974,3239,2656,2345,2383,38
Truck810766,1339,2998,2010,2384,374
Truck810964,1339,2822,2065,2384,319
Truck811568,2437,3238,2235,2384,149
Truck811784,2437,3122,2295,2384,89
Truck810727,3238,2224,2000,2385,385
Truck810781,3238,2821,2015,2385,370
Truck810853,3238,2225,2035,2385,350
Truck810856,1339,2822,2035,2385,350
Truck811390,2999,3331,2185,2385,200
Truck811796,2656,2998,2295,2385,90
Truck811112,2656,3238,2105,2386,281
Truck811175,3121,2821,2125,2386,261
Truck811195,3238,3239,2130,2386,256
Truck811867,3331,2436,2315,2386,71
Truck808439,3121,1338,1365,2387,1022
Truck811051,3238,3121,2090,2387,297
Truck811809,2436,2225,2300,2387,87
Truck810675,2436,2656,1985,2388,403
Truck811527,2821,2999,2220,2388,168
Truck811685,2224,2822,2265,2388,123
Truck811792,1339,2437,2295,2388,93
Truck811408,2999,3239,2190,2390,200
Truck811486,1339,2999,2210,2390,180
Truck811894,2999,3121,2325,2390,65
Truck811992,3239,2999,2350,2390,40
Truck812076,3122,0,2375,2391,16
Truck811100,2437,2436,2105,2392,287
Truck811703,2224,2655,2270,2392,122
Truck811885,3331,2436,2320,2392,72
Truck810780,3122,2436,2015,2393,378
Truck810998,2225,3239,2075,2393,318
Truck811170,0,3331,2125,2393,268
Truck811730,2437,2998,2280,2393,113
Truck811977,2821,2998,2345,2394,49
Truck811979,2998,3122,2345,2394,49
Truck812134,1339,3122,2390,2394,4
Truck811353,2655,3122,2175,2395,220
Truck808219,1338,2224,1305,2396,1091
Truck811106,2225,3122,2105,2396,291
Truck811672,2822,2437,2260,2396,136
Truck808385,3121,1338,1350,2397,1047
Truck809281,1338,2225,1600,2397,797
Truck811052,2225,0,2090,2397,307
Truck811721,2224,3331,2275,2397,122
Truck811813,3331,2224,2300,2397,97
Truck811875,2655,2656,2320,2397,77
Truck811939,3331,2822,2335,2397,62
Truck812047,3331,3239,2365,2397,32
Truck808183,1338,3122,1295,2398,1103
Truck810889,3238,2225,2045,2398,353
Truck811034,2225,2998,2085,2398,313
Truck811444,2999,3331,2200,2398,198
Truck811229,3121,2224,2140,2399,259
Truck808111,1338,2998,1275,2400,1125
Truck810738,0,2436,2005,2400,395
Truck811105,3238,3121,2105,2400,295
Truck811320,3122,3121,2165,2400,235
Truck811563,2821,2436,2230,2400,170
Truck811690,2822,2437,2265,2400,135
Truck811995,2821,2998,2350,2400,50
Truck812028,3239,2655,2360,2400,40
Truck808345,1338,2821,1340,2401,1061
Truck811147,3331,0,2115,2401,286
Truck811166,2656,0,2120,2401,281
Truck811431,2436,2999,2195,2401,206
Truck811442,2437,2225,2200,2401,201
Truck812112,3122,0,2385,2401,16
Truck811238,2656,1339,2140,2402,262
Truck811520,2225,3121,2220,2402,182
Truck811739,2224,3331,2280,2402,122
Truck810729,2436,2656,2000,2403,403
Truck812015,2998,3331,2355,2403,48
Truck810816,3122,2436,2025,2404,379
Truck810970,2822,1339,2065,2404,339
Truck811247,3121,2821,2145,2404,259
Truck811461,2655,2999,2205,2404,199
Truck812170,1339,3122,2400,2404,4
Truck811708,2822,2437,2270,2405,135
Truck811868,2656,2998,2315,2405,90
Truck811042,2822,1339,2085,2406,321
Truck811462,2999,3239,2205,2406,201
Truck811881,2436,2225,2320,2406,86
Truck812174,2656,3331,2400,2406,6
Truck808399,1338,2822,1355,2407,1052
Truck810747,2436,3331,2005,2407,402
Truck811757,2224,2437,2285,2407,122
Truck811154,2437,2436,2120,2408,288
Truck811740,3239,2821,2280,2408,128
Truck808038,0,1338,1255,2409,1154
Truck811922,2656,2436,2330,2409,79
Truck812033,2998,1339,2360,2409,49
Truck812085,2821,2822,2375,2409,34
Truck811070,2225,3331,2095,2410,315
Truck811599,2821,2225,2240,2410,170
Truck811726,2822,2436,2275,2410,135
Truck812031,2821,2998,2360,2410,50
Truck812064,3239,3121,2370,2410,40
Truck810765,2436,2822,2010,2411,401
Truck810838,1339,2821,2030,2411,381
Truck811265,3121,3239,2150,2411,261
Truck808120,1339,1338,1275,2412,1137
Truck811775,2224,2821,2290,2412,122
Truck811940,2656,3121,2335,2412,77
Truck811957,3331,2225,2340,2412,72
Truck808255,1338,2224,1315,2413,1098
Truck811172,2437,2436,2125,2413,288
Truck811617,2821,2436,2245,2413,168
Truck811802,2437,3331,2300,2413,113
Truck812100,3239,3331,2380,2413,33
Truck810988,2822,3238,2070,2414,344
Truck811961,2998,2224,2340,2414,74
Truck812051,2998,2655,2365,2414,49
Truck811498,2999,2656,2215,2415,200
Truck811534,2999,0,2225,2415,190
Truck811458,0,2655,2205,2416,211
Truck811485,2436,2999,2210,2416,206
Truck812030,2656,2822,2360,2416,56
Truck812104,2822,2224,2380,2416,36
Truck811200,3239,3238,2130,2417,287
Truck811480,2999,2436,2210,2417,207
Truck811793,2224,2822,2295,2417,122
Truck811820,2437,2998,2305,2417,112
Truck811969,3238,0,2345,2417,72
Truck808147,1338,2998,1285,2418,1133
Truck810657,2436,3238,1980,2418,438
Truck810783,2436,2655,2015,2418,403
Truck810900,0,2998,2050,2418,368
Truck811256,2656,3122,2145,2418,273
Truck811635,2821,2437,2250,2418,168
Truck812069,2998,0,2370,2418,48
Truck810801,2436,2224,2020,2419,399
Truck811497,2655,3122,2215,2419,204
Truck811699,3238,2437,2270,2419,149
Truck811892,2437,1339,2325,2419,94
Truck808074,0,1338,1265,2420,1155
Truck809068,2999,1338,1540,2420,880
Truck810980,2225,3238,2070,2420,350
Truck811337,3121,0,2170,2420,250
Truck811344,3239,0,2170,2420,250
Truck812002,2999,3121,2355,2420,65
Truck811443,2655,3122,2200,2421,221
Truck812220,3122,1339,2415,2421,6
Truck811180,1339,2225,2125,2422,297
Truck811558,1339,2655,2230,2422,192
Truck811811,2224,2436,2300,2422,122
Truck811965,2655,2656,2345,2423,78
Truck811976,2656,2436,2345,2423,78
Truck811124,2225,2998,2110,2424,314
Truck811838,2437,2655,2310,2424,114
Truck811997,2998,2224,2350,2424,74
Truck812087,2998,2999,2375,2424,49
Truck809011,1338,2436,1525,2425,900
Truck811342,1339,2656,2170,2425,255
Truck811375,3238,3239,2180,2425,245
Truck810693,2436,3238,1990,2426,436
Truck811829,2224,2437,2305,2426,121
Truck809126,2225,1338,1555,2427,872
Truck811812,3239,2821,2300,2427,127
Truck811921,3331,2998,2330,2427,97
Truck811994,2656,2225,2350,2427,77
Truck812001,2655,3331,2355,2427,72
Truck812040,3122,3238,2365,2427,62
Truck812155,3331,3239,2395,2427,32
Truck812224,1339,0,2415,2427,12
Truck811158,3122,2822,2120,2428,308
Truck810837,2436,2998,2030,2429,399
Truck810864,0,2821,2040,2429,389
Truck812038,2999,3121,2365,2429,64
Truck811232,2225,3122,2140,2430,290
Truck811319,3121,2436,2165,2430,265
Truck811659,2655,3122,2260,2430,170
Truck811856,2437,3239,2315,2430,115
Truck812039,3121,2999,2365,2430,65
Truck812105,2998,1338,2380,2430,50
Truck811416,3239,1339,2190,2431,241
Truck811890,0,2437,2325,2431,106
Truck811958,2656,2821,2340,2431,91
Truck810990,0,2998,2075,2432,357
Truck811569,2655,2999,2235,2432,197
Truck811689,2821,2225,2265,2432,167
Truck811847,2224,2821,2310,2432,122
Truck812123,2998,2822,2385,2433,48
Truck811355,3121,2656,2175,2434,259
Truck811570,2999,2998,2235,2434,199
Truck811816,2822,2225,2300,2434,134
Truck811830,3239,2821,2305,2434,129
Truck812278,1339,3122,2430,2434,4
Truck808206,3122,1338,1300,2435,1135
Truck811160,2225,2655,2120,2435,315
Truck811874,2437,2822,2320,2435,115
Truck808849,1338,3121,1480,2436,956
Truck808993,1338,3121,1520,2436,916
Truck810928,1339,2436,2055,2436,381
Truck812154,3239,3121,2395,2436,41
Truck808057,1338,2656,1260,2437,1177
Truck811660,2999,3122,2260,2437,177
Truck811769,3121,2437,2290,2437,147
Truck811865,2224,2656,2315,2437,122
Truck811374,3122,3331,2180,2438,258
Truck811380,3239,3122,2180,2438,258
Truck812141,2998,2821,2390,2438,48
Truck807985,1338,2224,1240,2439,1199
Truck811398,3239,0,2185,2439,254
Truck811178,2225,3239,2125,2440,315
Truck812172,3239,2436,2400,2440,40
Truck808327,1338,2656,1335,2441,1106
Truck810982,1339,2224,2070,2441,371
Truck811359,2436,3121,2175,2441,266
Truck811624,2999,0,2250,2441,191
Truck808128,0,1338,1280,2442,1162
Truck811214,2225,0,2135,2442,307
Truck811678,2999,3122,2265,2442,177
Truck811883,2224,3238,2320,2442,122
Truck811288,1339,2656,2155,2443,288
Truck811852,2822,2999,2310,2443,133
Truck811869,2821,3239,2315,2443,128
Truck812065,3331,2655,2370,2443,73
Truck809540,2225,1338,1670,2444,774
Truck811196,2225,2821,2130,2444,314
Truck812159,2998,2437,2395,2444,49
Truck810918,0,2821,2055,2445,390
Truck811268,2225,1339,2150,2445,295
Truck810891,2436,2655,2045,2446,401
Truck812212,2822,2998,2410,2446,36
Truck811008,0,2821,2080,2447,367
Truck811391,3121,2822,2185,2447,262
Truck811901,2224,2437,2325,2447,122
Truck811944,0,2437,2340,2447,107
Truck812013,2821,2656,2355,2447,92
Truck812140,2822,2656,2390,2447,57
Truck810981,2436,3122,2070,2448,378
Truck811080,0,2822,2100,2448,348
Truck811350,0,3331,2175,2448,273
Truck811604,2437,2225,2245,2448,203
Truck811731,2655,2224,2280,2448,168
Truck811743,2821,2436,2280,2448,168
Truck808516,1339,1338,1385,2449,1064
Truck810936,0,2821,2060,2449,389
Truck812066,2656,1338,2370,2449,79
Truck812177,2998,2821,2400,2449,49
Truck808021,1338,2822,1250,2450,1200
Truck811870,2822,2437,2315,2450,135
Truck811928,2437,3331,2335,2450,115
Truck812110,2999,3121,2385,2450,65
Truck811606,2999,2436,2245,2451,206
Truck811919,2224,3122,2330,2451,121
Truck811227,2655,2225,2140,2452,312
Truck811409,3121,2998,2190,2452,262
Truck811605,2655,1339,2245,2452,207
Truck811642,2999,2224,2255,2452,197
Truck812304,0,1339,2440,2452,12
Truck810999,2436,1339,2075,2453,378
Truck812084,2656,2655,2375,2453,78
Truck812095,3238,0,2380,2453,73
Truck812244,3239,3331,2420,2453,33
Truck811761,2821,3121,2285,2454,169
Truck812048,2656,2821,2365,2454,89
Truck812195,2998,2655,2405,2454,49
Truck810927,2436,2656,2055,2456,401
Truck811640,2437,2225,2255,2456,201
Truck812029,3331,2998,2360,2456,96
Truck811411,3238,3239,2190,2457,267
Truck811937,2224,2225,2335,2457,122
Truck812061,2436,2225,2370,2457,87
Truck812148,3122,3238,2395,2457,62
Truck811718,2225,3121,2275,2458,183
Truck811767,2655,2998,2290,2458,168
Truck811964,2437,3331,2345,2458,113
Truck812102,2656,1338,2380,2458,78
Truck812119,3331,1338,2385,2458,73
Truck812213,2998,2999,2410,2458,48
Truck811656,0,2655,2260,2459,199
Truck811250,2225,2656,2145,2460,315
Truck811392,3122,2656,2185,2460,275
Truck811445,3121,2998,2200,2460,260
Truck812049,2821,3331,2365,2461,96
Truck812235,2655,3239,2420,2461,41
Truck812266,2822,2998,2425,2461,36
Truck812322,0,3122,2445,2461,16
Truck810945,2436,3331,2060,2462,402
Truck810972,0,2436,2070,2462,392
Truck811059,2821,3122,2090,2462,372
Truck811324,1339,2225,2165,2462,297
Truck811797,2821,3121,2295,2462,167
Truck811952,2225,2999,2340,2462,122
Truck811150,2822,0,2115,2463,348
Truck811955,2224,1338,2340,2463,123
Truck811982,2437,2822,2350,2463,113
Truck812137,3331,2436,2390,2463,73
Truck812231,2998,3122,2415,2463,48
Truck808723,1338,2656,1445,2464,1019
Truck811177,3238,2822,2125,2464,339
Truck812120,2656,2999,2385,2464,79
Truck808996,2999,1338,1520,2465,945
Truck811378,1339,2656,2180,2465,285
Truck811304,2225,0,2160,2466,306
Truck811803,2655,2224,2300,2466,166
Truck811973,2224,2656,2345,2466,121
Truck812284,2822,2821,2430,2466,36
Truck811142,2225,3238,2115,2467,352
Truck811463,3121,2998,2205,2467,262
Truck811494,0,3239,2215,2467,252
Truck811815,2821,2655,2300,2467,167
Truck808275,2655,1338,1320,2468,1148
Truck808489,1338,3239,1380,2468,1088
Truck811454,2656,3122,2200,2468,268
Truck811476,0,3239,2210,2468,258
Truck812000,2437,2822,2355,2468,113
Truck812298,3239,3331,2435,2468,33
Truck811481,3121,2655,2210,2469,259
Truck812249,2998,2436,2420,2469,49
Truck808273,1338,2224,1320,2470,1150
Truck811286,2225,2998,2155,2470,315
Truck811768,2999,1339,2290,2470,180
Truck811774,1339,2999,2290,2470,180
Truck811322,2225,0,2165,2471,306
Truck811499,3121,2821,2215,2471,256
Truck811596,3239,0,2240,2471,231
Truck812173,3331,2225,2400,2471,71
Truck812407,3331,2656,2465,2471,6
Truck811126,1339,2998,2110,2472,362
Truck811991,2224,0,2350,2473,123
Truck812230,2822,2656,2415,2473,58
Truck811068,3122,2998,2095,2474,379
Truck812267,2998,2655,2425,2474,49
Truck811522,1339,2656,2220,2475,255
Truck811833,2821,3121,2305,2475,170
Truck811910,2437,3121,2330,2475,145
Truck812018,2437,3331,2360,2475,115
Truck812133,2436,2225,2390,2476,86
Truck811035,2436,0,2085,2477,392
Truck811198,1339,2822,2130,2477,347
Truck811732,2999,2821,2280,2477,197
Truck812009,2224,3331,2355,2477,122
Truck812037,2655,2437,2365,2477,112
Truck808561,1338,3239,1400,2478,1078
Truck811788,3122,2655,2295,2478,183
Truck811851,2821,2655,2310,2478,168
Truck812248,2822,2656,2420,2478,58
Truck812285,2998,3238,2430,2478,48
Truck811053,2436,0,2090,2481,391
Truck811535,3121,2656,2225,2481,256
Truck812010,3239,2224,2355,2481,126
Truck812027,2224,3239,2360,2481,121
Truck812394,0,3122,2465,2481,16
Truck808453,1338,2821,1370,2482,1112
Truck808831,1338,2437,1475,2482,1007
Truck811090,1339,2436,2100,2482,382
Truck811609,3238,2999,2245,2482,237
Truck811335,2655,2225,2170,2483,313
Truck811714,2999,2436,2275,2483,208
Truck812192,2656,2655,2405,2483,78
Truck812303,2998,3239,2435,2483,48
Truck811566,0,3121,2235,2484,249
Truck812139,2821,3331,2390,2484,94
Truck812458,1339,3122,2480,2484,4
Truck808381,1338,0,1350,2485,1135
Truck811887,2821,2225,2320,2485,165
Truck811996,2822,2437,2350,2485,135
Truck808507,1338,2224,1385,2486,1101
Truck810909,2436,3238,2050,2486,436
Truck812054,2437,2656,2370,2486,116
Truck811340,2225,3239,2170,2487,317
Truck812210,2656,2655,2410,2487,77
Truck812045,2224,2225,2365,2488,123
Truck811306,1339,2822,2160,2489,329
Truck811453,3331,1339,2200,2489,289
Truck812158,2822,3239,2395,2489,94
Truck812225,2224,2998,2415,2489,74
Truck812321,2998,2436,2440,2489,49
Truck811098,0,2821,2105,2490,385
Truck811539,2436,3121,2225,2490,265
Truck811951,3238,2437,2340,2490,150
Truck812275,3238,3122,2430,2490,60
Truck808642,1339,1338,1420,2491,1071
Truck812063,2224,2821,2370,2491,121
Truck811284,3122,2822,2155,2492,337
Truck811386,0,2225,2185,2492,307
Truck811584,0,3121,2240,2492,252
Truck812245,3331,2437,2420,2492,72
Truck812067,2821,2224,2370,2493,123
Truck812372,2656,3239,2455,2493,38
Truck811490,2656,1339,2210,2494,284
Truck811661,3121,3122,2260,2494,234
Truck811786,2999,2655,2295,2494,199
Truck812046,3239,2224,2365,2494,129
Truck812090,2437,2821,2380,2494,114
Truck812339,2998,1338,2445,2494,49
Truck811537,3238,3239,2225,2496,271
Truck812081,2224,2437,2375,2496,121
Truck812180,2437,3122,2405,2496,91
Truck812392,2822,2821,2460,2496,36
Truck808615,1338,3239,1415,2497,1082
Truck809155,1338,2999,1565,2497,932
Truck811857,2655,3122,2315,2497,182
Truck812204,2225,2436,2410,2497,87
Truck812466,0,1339,2485,2497,12
Truck810943,3238,2436,2060,2498,438
Truck811557,2436,3121,2230,2498,268
Truck811911,2655,2821,2330,2498,168
Truck812108,2437,2998,2385,2498,113
Truck812257,3238,0,2425,2498,73
Truck812357,2998,2822,2450,2498,48
Truck811162,1339,2436,2120,2499,379
Truck811589,3121,2656,2240,2499,259
Truck811804,2999,2822,2300,2499,199
Truck808597,1338,1339,1410,2500,1090
Truck811503,2436,2437,2215,2500,285
Truck811630,1339,2656,2250,2501,251
Truck811695,2655,0,2270,2501,231
Truck811929,2655,2821,2335,2501,166
Truck812099,2224,2655,2380,2501,121
Truck808814,2437,1338,1470,2502,1032
Truck811089,2436,3331,2100,2502,402
Truck811394,2225,2655,2185,2502,317
Truck811877,3121,2225,2320,2502,182
Truck812494,1339,0,2490,2502,12
Truck812264,2656,3121,2425,2503,78
Truck812375,2998,2655,2455,2503,48
Truck812406,3239,2656,2465,2503,38
Truck811285,3238,2822,2155,2504,349
Truck811679,3121,1339,2265,2504,239
Truck811822,2999,2998,2305,2504,199
Truck812082,3239,2998,2375,2504,129
Truck812279,2224,2998,2430,2504,74
Truck811159,3238,2998,2120,2505,385
Truck811668,3239,0,2260,2505,245
Truck812068,2822,2437,2370,2505,135
Truck812329,3238,3122,2445,2505,60
Truck812117,2224,3331,2385,2506,121
Truck812162,2437,0,2400,2506,106
Truck812299,3331,1338,2435,2506,71
Truck808471,1338,1339,1375,2507,1132
Truck811500,3122,2225,2215,2507,292
Truck811826,2225,2437,2305,2507,202
Truck812442,3239,3331,2475,2508,33
Truck808417,1338,2655,1360,2509,1149
Truck811260,0,2224,2150,2509,359
Truck811425,2655,2225,2195,2509,314
Truck812282,2656,2437,2430,2509,79
Truck808543,1338,2655,1395,2510,1115
Truck811134,0,2436,2115,2510,395
Truck811430,2225,2822,2195,2510,315
Truck811717,3238,2999,2275,2510,235
Truck811770,3122,3239,2290,2510,220
Truck812086,2822,3121,2375,2510,135
Truck811248,3122,2224,2145,2511,366
Truck811625,3121,2821,2250,2511,261
Truck812317,3331,2999,2440,2511,71
Truck812508,3122,0,2495,2511,16
Truck811576,1339,2656,2235,2512,277
Truck811704,3239,1339,2270,2512,242
Truck812347,3238,1339,2450,2512,62
Truck812520,0,1339,2500,2512,12
Truck811125,2436,3331,2110,2513,403
Truck811221,2821,1339,2135,2513,378
Truck811540,1339,3331,2225,2513,288
Truck812135,2224,3331,2390,2513,123
Truck808867,1338,2437,1485,2514,1029
Truck809299,1338,2999,1605,2514,909
Truck811794,3239,1339,2295,2514,219
Truck811846,1339,2655,2310,2514,204
Truck812411,2998,2225,2465,2514,49
Truck811143,2436,3331,2115,2515,400
Truck811643,3121,2821,2255,2515,260
Truck811858,2999,2224,2315,2515,200
Truck812252,2437,3122,2425,2515,90
Truck811519,3238,3331,2220,2516,296
Truck811538,2225,3122,2225,2516,291
Truck811674,0,3121,2265,2517,252
Truck812153,2224,2436,2395,2517,122
Truck812318,2656,2225,2440,2517,77
Truck812335,3331,3121,2445,2517,72
Truck812548,1339,0,2505,2517,12
Truck808795,1338,3121,1465,2518,1053
Truck811161,2436,3331,2120,2518,398
Truck811321,3238,2225,2165,2518,353
Truck811594,1339,3331,2240,2518,278
Truck811950,3122,2999,2340,2518,178
Truck812374,2822,3331,2455,2518,63
Truck811634,2656,0,2250,2519,269
Truck811876,2999,2656,2320,2519,199
Truck812122,2822,2436,2385,2519,134
Truck812429,2998,2437,2470,2519,49
Truck811278,0,2224,2155,2520,365
Truck811750,2999,3238,2285,2520,235
Truck812263,3331,2224,2425,2520,95
Truck811502,2225,0,2215,2521,306
Truck811555,3238,3331,2230,2521,291
Truck811968,3122,2999,2345,2521,176
Truck812171,2224,2656,2400,2521,121
Truck812353,3331,3121,2450,2521,71
Truck812460,3239,2225,2480,2521,41
Truck811647,2436,3121,2255,2522,267
Truck808224,3122,1338,1305,2523,1218
Truck812198,2437,2821,2410,2523,113
Truck808813,1338,2655,1470,2524,1054
Truck812280,3239,2822,2430,2524,94
Truck812447,2998,2821,2475,2524,49
Truck811365,2821,1339,2175,2525,350
Truck811553,3121,3238,2230,2525,295
Truck811598,2656,1339,2240,2525,285
Truck811484,2225,2224,2210,2526,316
Truck812361,2655,3331,2455,2526,71
Truck812478,3239,2437,2485,2526,41
Truck811141,3238,2821,2115,2527,412
Truck811179,2436,2224,2125,2527,402
Truck811593,2436,2437,2240,2527,287
Truck811741,3331,1339,2280,2527,247
Truck812189,2224,2822,2405,2527,122
Truck812371,3331,2436,2455,2527,72
Truck809227,1338,3121,1585,2528,943
Truck811687,3331,0,2265,2528,263
Truck811733,3121,0,2280,2528,248
Truck812354,2656,2437,2450,2528,78
Truck808777,1338,3239,1460,2529,1069
Truck809069,3121,1338,1540,2529,989
Truck811697,3121,2822,2270,2529,259
Truck812019,2655,2821,2360,2529,169
Truck812216,2437,2822,2415,2529,114
Truck812465,2998,3122,2480,2529,49
Truck812306,2437,3122,2440,2530,90
Truck811651,3331,0,2255,2531,276
Truck812389,3331,2437,2460,2531,71
Truck811293,2821,3122,2155,2532,377
Truck811360,1339,2998,2175,2532,357
Truck811571,3121,3238,2235,2532,297
Truck811713,2655,3121,2275,2532,257
Truck811764,0,3239,2290,2532,242
Truck811912,2999,2821,2330,2532,202
Truck812207,2224,1339,2410,2532,122
Truck811270,1339,2436,2150,2533,383
Truck811715,3121,2224,2275,2533,258
Truck811224,0,2998,2140,2534,394
Truck811702,1339,2656,2270,2534,264
Truck811787,3121,1339,2295,2534,239
Truck812393,2998,2224,2460,2534,74
Truck812483,2998,3121,2485,2534,49
Truck811384,2822,1339,2180,2535,355
Truck812270,2437,0,2430,2535,105
Truck812344,2999,2437,2450,2535,85
Truck812440,1339,3238,2475,2535,60
Truck812176,2822,2225,2400,2536,136
Truck812208,3239,2998,2410,2536,126
Truck812598,3122,0,2520,2536,16
Truck812349,2436,2225,2450,2537,87
Truck812464,2822,2656,2480,2537,57
Truck812620,1339,0,2525,2537,12
Truck811257,2821,0,2145,2538,393
Truck811638,0,3331,2255,2538,283
Truck811752,3122,3331,2285,2538,253
Truck811782,0,3239,2295,2538,243
Truck811948,2999,2224,2340,2538,198
Truck812397,2655,3331,2465,2538,73
Truck812446,2822,3331,2475,2538,63
Truck811242,0,2436,2145,2539,394
Truck811756,1339,2656,2285,2539,254
Truck812026,1339,2999,2360,2539,179
Truck812131,3238,2437,2390,2539,149
Truck812194,2822,2437,2405,2540,135
Truck812501,2998,2821,2490,2540,50
Truck809803,1338,2436,1745,2541,796
Truck811946,2437,2225,2340,2541,201
Truck812532,3239,2999,2500,2541,41
Truck809389,1338,2436,1630,2542,912
Truck811251,2436,2224,2145,2542,397
Truck811267,3238,2224,2150,2542,392
Truck811323,2436,3122,2165,2542,377
Truck811607,3121,3238,2245,2542,297
Truck812243,2224,2656,2420,2542,122
Truck811551,2655,2225,2230,2543,313
Truck812247,2821,2224,2420,2543,123
Truck812425,3331,2436,2470,2543,73
Truck812461,3331,2822,2480,2543,63
Truck812519,2998,2656,2495,2543,48
Truck811966,2999,2655,2345,2544,199
Truck812044,1339,2999,2365,2544,179
Truck812165,3121,2437,2400,2544,144
Truck808687,1338,0,1435,2545,1110
Truck811332,0,2821,2170,2545,375
Truck811556,2225,2821,2230,2545,315
Truck811840,2999,3238,2310,2545,235
Truck811723,3331,3122,2275,2546,271
Truck812373,2821,2656,2455,2546,91
Truck812261,2224,3121,2425,2547,122
Truck812103,2821,2436,2380,2548,168
Truck812537,2998,2225,2500,2548,48
Truck811213,3238,2224,2135,2549,414
Truck812217,2655,2822,2415,2549,134
Truck812288,2437,2822,2435,2549,114
Truck811646,2225,1339,2255,2550,295
Truck811983,2655,2999,2350,2550,200
Truck811419,2821,0,2190,2551,361
Truck811447,3238,2225,2200,2551,351
Truck811546,2822,3122,2225,2551,326
Truck811742,2656,1339,2280,2551,271
Truck812121,2821,2655,2385,2551,166
Truck812497,3331,2822,2490,2551,61
Truck811785,2655,3121,2295,2552,257
Truck812262,3239,2224,2425,2552,127
Truck812500,2822,3331,2490,2552,62
Truck812674,1339,0,2540,2552,12
Truck811592,2225,2224,2240,2553,313
Truck812444,2656,2436,2475,2553,78
Truck812016,0,2999,2360,2554,194
Truck812433,2655,2656,2475,2554,79
Truck812555,2998,3331,2505,2554,49
Truck811482,3122,2821,2210,2555,345
Truck812185,3238,2437,2405,2555,150
Truck812488,2999,3121,2490,2555,65
Truck811410,3122,2998,2190,2556,366
Truck811694,2437,2436,2270,2556,286
Truck811777,3331,1339,2290,2556,266
Truck812586,3239,1338,2515,2556,41
Truck812607,2821,2822,2520,2556,36
Truck808633,1338,0,1420,2557,1137
Truck812283,2821,3239,2430,2557,127
Truck812297,2224,3122,2435,2557,122
Truck812391,2821,3331,2460,2557,97
Truck812408,2656,2821,2465,2557,92
Truck812479,3331,3121,2485,2557,72
Truck812682,0,1339,2545,2557,12
Truck811357,3238,2998,2175,2558,383
Truck812020,2999,2655,2360,2558,198
Truck812573,2998,2655,2510,2558,48
Truck811329,2821,0,2165,2559,394
Truck811610,2225,2655,2245,2559,314
Truck811805,3121,2821,2300,2559,259
Truck812127,2655,2998,2390,2559,169
Truck809407,1338,2436,1635,2560,925
Truck812052,0,2999,2370,2560,190
Truck812527,3238,3122,2500,2560,60
Truck812626,2822,2821,2525,2560,35
Truck812093,3121,2225,2380,2561,181
Truck812219,3121,2437,2415,2561,146
Truck812319,2821,2224,2440,2561,121
Truck812324,2437,2998,2445,2561,116
Truck809500,2999,1338,1660,2562,902
Truck812096,2225,3121,2380,2562,182
Truck812315,2224,3121,2440,2562,122
Truck812426,2656,2998,2470,2562,92
Truck812491,3238,0,2490,2563,73
Truck812591,2998,3331,2515,2564,49
Truck808800,3122,1338,1465,2565,1100
Truck812074,2999,0,2375,2565,190
Truck811564,2822,0,2230,2566,336
Truck811628,2225,2998,2250,2566,316
Truck812333,2224,2655,2445,2566,121
Truck811947,2655,3238,2340,2567,227
Truck812622,3239,2655,2525,2567,42
Truck811806,3122,3331,2300,2568,268
Truck809731,1338,2225,1725,2569,844
Truck809954,2225,1338,1785,2569,784
Truck811303,3238,2224,2160,2569,409
Truck811341,2436,2998,2170,2569,399
Truck811918,1339,3121,2330,2569,239
Truck812396,2437,0,2465,2569,104
Truck812609,2998,3238,2520,2569,49
Truck812056,2999,2998,2370,2570,200
Truck812073,2655,2999,2375,2570,195
Truck812302,2822,2225,2435,2570,135
Truck812566,1339,3238,2510,2570,60
Truck811518,3122,2224,2220,2571,351
Truck811930,2999,3238,2335,2571,236
Truck812379,2655,2437,2460,2571,111
Truck812640,3239,2225,2530,2571,41
Truck812768,2656,3331,2565,2571,6
Truck808741,1338,2998,1450,2572,1122
Truck812355,2821,2224,2450,2572,122
Truck812516,2656,1338,2495,2572,77
Truck812590,2822,2656,2515,2572,57
Truck812677,3331,3239,2540,2572,32
Truck812193,2821,2655,2405,2573,168
Truck812320,2822,1338,2440,2573,133
Truck812351,2224,3239,2450,2573,123
Truck812378,2437,2224,2460,2573,113
Truck811664,2225,2822,2260,2574,314
Truck811859,3121,3331,2315,2574,259
Truck812181,2655,2998,2405,2574,169
Truck812307,2655,2822,2440,2574,134
Truck812627,2998,2437,2525,2574,49
Truck812480,2656,2224,2485,2575,90
Truck812658,3239,2437,2535,2575,40
Truck811818,0,3239,2305,2576,271
Truck812072,2437,2225,2375,2576,201
Truck812369,2224,3238,2455,2576,121
Truck811754,2225,3122,2285,2577,292
Truck812551,3331,1338,2505,2577,72
Truck808441,3238,1338,1365,2578,1213
Truck811422,0,2821,2195,2578,383
Truck811949,3121,1339,2340,2578,238
Truck812199,2655,2224,2410,2578,168
Truck812211,2821,2437,2410,2578,168
Truck812534,2656,1338,2500,2578,78
Truck812608,2822,2656,2520,2578,58
Truck811437,2821,1339,2195,2579,384
Truck811682,2225,3239,2265,2579,314
Truck811972,1339,3239,2345,2579,234
Truck812645,2998,2999,2530,2579,49
Truck808903,1338,0,1495,2580,1085
Truck811449,2436,1339,2200,2580,380
Truck811751,3121,3238,2285,2580,295
Truck809821,1338,2225,1750,2581,831
Truck811626,3122,2822,2250,2581,331
Truck812092,2999,2655,2380,2581,201
Truck812387,2224,3238,2460,2581,121
Truck812676,3239,2436,2540,2581,41
Truck811572,3122,2998,2235,2582,347
Truck812380,2999,2225,2460,2582,122
Truck812569,3331,3121,2510,2582,72
Truck811545,2821,0,2225,2583,358
Truck812168,2225,3121,2400,2583,183
Truck812663,2998,2437,2535,2583,48
Truck809354,2437,1338,1620,2584,964
Truck811771,3238,3121,2290,2584,294
Truck811791,2436,2437,2295,2584,289
Truck811895,3121,2822,2325,2584,259
Truck811700,2225,2821,2270,2585,315
Truck812414,2437,2822,2470,2585,115
Truck812524,2999,2437,2500,2585,85
Truck811468,1339,2436,2205,2586,381
Truck812405,2224,2999,2465,2586,121
Truck808885,1338,1339,1490,2587,1097
Truck811746,0,2656,2285,2587,302
Truck812388,3239,2998,2460,2587,127
Truck812528,2225,2436,2500,2587,87
Truck812570,2656,2999,2510,2587,77
Truck812587,3331,2999,2515,2587,72
Truck812055,2655,0,2370,2588,218
Truck812432,2437,2821,2475,2588,113
Truck812128,2999,2822,2390,2589,199
Truck812681,2998,2437,2540,2589,49
Truck811591,3238,2225,2240,2590,350
Truck812515,3331,2224,2495,2590,95
Truck810044,2225,1338,1810,2591,781
Truck811808,2225,3122,2300,2591,291
Truck811827,2436,2437,2305,2591,286
Truck812535,2821,2656,2500,2591,91
Truck812712,3239,2655,2550,2591,41
Truck812265,2821,2437,2425,2592,167
Truck812423,2224,2225,2470,2592,122
Truck812605,3331,2437,2520,2592,72
Truck812634,3122,3238,2530,2592,62
Truck812644,2822,3331,2530,2592,62
Truck812818,1339,0,2580,2592,12
Truck811440,0,2998,2200,2593,393
Truck811736,2225,2822,2280,2593,313
Truck812126,2437,2225,2390,2593,203
Truck812146,2999,3239,2395,2593,198
Truck812021,3121,3122,2360,2594,234
Truck812450,2437,2655,2480,2594,114
Truck812599,3238,0,2520,2594,74
Truck812699,2998,3122,2545,2594,49
Truck808938,0,1338,1505,2595,1090
Truck812236,2999,3122,2420,2595,175
Truck812565,2436,2225,2510,2595,85
Truck812552,2656,2821,2505,2596,91
Truck808696,1339,1338,1435,2597,1162
Truck811824,3122,2225,2305,2597,292
Truck812178,0,2999,2405,2597,192
Truck812434,2999,2225,2475,2597,122
Truck812441,2224,3239,2475,2597,122
Truck812533,3331,2224,2500,2597,97
Truck812553,2821,2656,2505,2597,92
Truck812623,3331,2225,2525,2597,72
Truck812826,0,1339,2585,2597,12
Truck811465,3238,2821,2205,2598,393
Truck812342,2437,3121,2450,2598,148
Truck812424,3239,2821,2470,2598,128
Truck812595,2655,2656,2520,2598,78
Truck812717,2998,2225,2550,2598,48
Truck812750,2656,3239,2560,2598,38
Truck808732,1339,1338,1445,2599,1154
Truck811932,3122,3331,2335,2599,264
Truck812583,2436,2225,2515,2600,85
Truck808669,1338,2821,1430,2601,1171
Truck808944,3122,1338,1505,2601,1096
Truck812301,2821,3121,2435,2601,166
Truck812459,2224,2822,2480,2601,121
Truck808957,1338,3122,1510,2602,1092
Truck811850,2656,1339,2310,2602,292
Truck811931,3121,2436,2335,2602,267
Truck812118,3239,3122,2385,2602,217
Truck812748,3239,2437,2560,2602,42
Truck811985,3121,0,2350,2603,253
Truck812624,2656,2225,2525,2603,78
Truck812641,3331,1338,2530,2603,73
Truck812680,2822,3331,2540,2603,63
Truck811841,3121,3238,2310,2604,294
Truck812182,2999,3239,2405,2604,199
Truck812486,2437,2821,2490,2604,114
Truck812639,2224,2998,2530,2604,74
Truck812735,2998,2225,2555,2604,49
Truck811467,2436,2656,2205,2605,400
Truck812145,2655,0,2395,2605,210
Truck812360,2437,3238,2455,2605,150
Truck812428,2822,1338,2470,2605,135
Truck812594,2437,2999,2520,2605,85
Truck812164,2999,2436,2400,2606,206
Truck812477,2224,2655,2485,2606,121
Truck812588,2656,2224,2515,2606,91
Truck811986,3122,3331,2350,2607,257
Truck809479,1338,2999,1655,2608,953
Truck811339,3238,2436,2170,2608,438
Truck812753,2998,2437,2560,2608,48
Truck811772,2225,2822,2290,2609,319
Truck812540,2437,0,2505,2609,104
Truck811790,2225,2822,2295,2610,315
Truck812383,3238,2437,2460,2610,150
Truck812686,2999,3121,2545,2610,65
Truck812805,2821,2822,2575,2610,35
Truck811734,3122,2822,2280,2611,331
Truck812272,2999,1339,2430,2611,181
Truck812606,2656,2224,2520,2611,91
Truck812784,3239,2436,2570,2611,41
Truck811897,3238,3331,2325,2612,287
Truck812495,2224,2822,2490,2612,122
Truck811512,0,2436,2220,2613,393
Truck812337,2821,3121,2445,2613,168
Truck812660,2656,2999,2535,2613,78
Truck811666,1339,2998,2260,2614,354
Truck811993,3331,1339,2350,2614,264
Truck812308,2999,3122,2440,2614,174
Truck812771,2998,1339,2565,2614,49
Truck811828,1339,2822,2305,2615,310
Truck812802,3239,2437,2575,2615,40
Truck811880,2225,1339,2320,2616,296
Truck811904,2656,1339,2325,2616,291
Truck812290,2999,1339,2435,2616,181
Truck811896,3122,2225,2325,2617,292
Truck812496,3239,2821,2490,2617,127
Truck812506,2999,2225,2495,2617,122
Truck812513,2224,3239,2495,2618,123
Truck812678,2656,2225,2540,2618,78
Truck812789,2998,3121,2570,2618,48
Truck812838,3239,3331,2585,2618,33
Truck811980,0,3331,2350,2619,269
Truck812820,3239,2436,2580,2620,40
Truck811521,2436,2655,2220,2621,401
Truck812234,2437,2225,2420,2621,201
Truck812309,3121,2225,2440,2621,181
Truck812531,2224,1339,2500,2621,121
Truck812947,3331,2656,2615,2621,6
Truck812948,2656,3331,2615,2621,6
Truck808921,1338,0,1500,2622,1122
Truck811975,3331,0,2345,2622,277
Truck812007,2436,3121,2355,2622,267
Truck812124,0,3239,2390,2622,232
Truck812254,2999,2998,2425,2622,197
Truck812742,3122,3238,2560,2622,62
Truck811483,3238,2998,2210,2623,413
Truck811573,3238,2998,2235,2623,388
Truck812012,2656,1339,2355,2623,268
Truck812514,3239,2821,2495,2623,128
Truck812707,3238,0,2550,2623,73
Truck811612,1339,2998,2245,2624,379
Truck812807,2998,3122,2575,2624,49
Truck811413,2436,3238,2190,2625,435
Truck811844,2225,3239,2310,2625,315
Truck812326,2999,1339,2445,2625,180
Truck812332,1339,2999,2445,2625,180
Truck812761,3238,3122,2565,2625,60
Truck812860,2822,2998,2590,2626,36
Truck809226,0,1338,1585,2627,1042
Truck811698,3122,2224,2270,2627,357
Truck812325,2655,1339,2445,2627,182
Truck812327,3121,2225,2445,2627,182
Truck812731,3331,2225,2555,2627,72
Truck812549,2224,3239,2505,2628,123
Truck812576,2437,2224,2515,2628,113
Truck812714,2656,2655,2550,2628,78
Truck812825,2998,3121,2580,2628,48
Truck812025,2436,3121,2360,2629,269
Truck812271,2655,1339,2430,2629,199
Truck808759,1338,3238,1455,2630,1175
Truck811861,3238,3331,2315,2630,315
Truck812057,3121,2821,2370,2630,260
Truck812612,2437,0,2525,2630,105
Truck811862,2225,2655,2315,2631,316
Truck812088,0,3121,2380,2631,251
Truck812468,2437,3121,2485,2631,146
Truck812518,2822,2999,2495,2631,136
Truck812567,2224,3121,2510,2631,121
Truck812749,3331,2655,2560,2631,71
Truck812011,3331,3238,2355,2632,277
Truck812732,2656,2999,2555,2632,77
Truck812739,2655,3331,2560,2632,72
Truck812806,2822,2656,2575,2632,57
Truck812878,2822,2224,2595,2632,37
Truck809065,1338,2822,1540,2633,1093
Truck812409,2821,2437,2465,2633,168
Truck812550,3239,2998,2505,2633,128
Truck812736,0,3238,2560,2633,73
Truck812075,3121,2998,2375,2634,259
Truck812843,2998,2437,2585,2634,49
Truck811762,2822,3122,2285,2635,350
Truck812776,2999,3121,2570,2635,65
Truck811663,3238,2822,2260,2636,376
Truck812767,3331,2225,2565,2636,71
Truck812874,3239,2225,2595,2637,42
Truck812585,2224,1338,2515,2638,123
Truck812894,2656,3239,2600,2638,38
Truck812571,2821,3239,2510,2639,129
Truck812861,2998,3122,2590,2639,49
Truck811665,2436,1339,2260,2640,380
Truck811842,3122,2822,2310,2640,330
Truck812188,1339,3239,2405,2640,235
Truck811898,2225,2998,2325,2641,316
Truck812554,2822,3121,2505,2641,136
Truck812603,2224,2821,2520,2641,121
Truck812914,2822,2821,2605,2641,36
Truck811967,3121,3238,2345,2642,297
Truck812295,2436,2999,2435,2642,207
Truck812892,3239,2999,2600,2642,42
Truck809246,2437,1338,1590,2643,1053
Truck811681,3238,2998,2265,2643,378
Truck812445,2821,3121,2475,2643,168
Truck810397,1338,2225,1910,2644,734
Truck812404,1339,2999,2465,2644,179
Truck812504,2437,3238,2495,2644,149
Truck811620,0,2436,2250,2645,395
Truck811753,3238,2822,2285,2645,360
Truck811916,2225,2224,2330,2645,315
Truck812190,3239,1339,2405,2645,240
Truck812509,3238,2437,2495,2645,150
Truck812713,3331,2821,2550,2645,95
Truck809749,1338,2436,1730,2646,916
Truck811629,2436,2224,2250,2646,396
Truck812572,2822,2437,2510,2646,136
Truck811662,3122,2821,2260,2647,387
Truck812343,2655,2999,2450,2647,197
Truck812618,2225,2999,2525,2647,122
Truck812621,2224,2225,2525,2647,122
Truck809119,1338,3238,1555,2648,1093
Truck811960,2822,3122,2340,2648,308
Truck812129,3121,2656,2390,2648,258
Truck812730,3239,2822,2555,2648,93
Truck812897,2998,2655,2600,2648,48
Truck809196,3122,1338,1575,2649,1074
Truck811998,0,2656,2355,2650,295
Truck812094,3122,2656,2380,2650,270
Truck808939,1338,3239,1505,2651,1146
Truck812006,2225,1339,2355,2651,296
Truck812253,2655,3238,2425,2651,226
Truck812821,3331,3121,2580,2651,71
Truck812928,3239,2655,2610,2651,41
Truck812036,2437,2436,2365,2652,287
Truck812376,0,2999,2460,2652,192
Truck812965,3331,3239,2620,2652,32
Truck811501,3238,2436,2215,2653,438
Truck812481,2821,1338,2485,2653,168
Truck811641,2655,2436,2255,2654,399
Truck812362,2999,3239,2455,2654,199
Truck812915,2998,3331,2605,2654,49
Truck809883,2436,1338,1765,2655,890
Truck812237,3121,3122,2420,2655,235
Truck812666,2437,2822,2540,2655,115
Truck811825,3238,2225,2305,2656,351
Truck812398,2999,0,2465,2656,191
Truck812946,3239,2999,2615,2656,41
Truck809375,3121,1338,1625,2657,1032
Truck812147,3121,2656,2395,2657,262
Truck812499,2821,2436,2490,2657,167
Truck812214,0,3239,2415,2658,243
Truck812657,2224,3239,2535,2658,123
Truck812822,2656,2655,2580,2658,78
Truck812136,3239,3238,2390,2659,269
Truck812933,2998,2437,2610,2659,49
Truck809659,1338,2437,1705,2660,955
Truck812196,0,3121,2410,2660,250
Truck812256,3122,3121,2425,2660,235
Truck812558,2437,3238,2510,2660,150
Truck812643,2821,3239,2530,2660,130
Truck812083,3331,0,2375,2661,286
Truck812517,2821,2655,2495,2661,166
Truck812786,2656,2998,2570,2661,91
Truck811905,2821,3122,2325,2662,337
Truck812101,3331,1339,2380,2662,282
Truck812364,3122,2655,2455,2662,207
Truck812675,2224,3238,2540,2662,122
Truck812702,2437,2655,2550,2662,112
Truck811677,2655,2436,2265,2663,398
Truck809587,1338,3121,1685,2664,979
Truck812041,3238,2656,2365,2664,299
Truck812951,2998,3239,2615,2664,49
Truck812183,3121,2821,2405,2665,260
Truck809106,3122,1338,1550,2666,1116
Truck809218,1339,1338,1580,2666,1086
Truck812080,1339,2656,2375,2666,291
Truck812693,2224,2437,2545,2666,121
Truck812697,2821,2224,2545,2666,121
Truck812785,3331,2224,2570,2666,96
Truck812875,3331,2999,2595,2666,71
Truck812470,2999,1339,2485,2667,182
Truck812858,2656,3121,2590,2667,77
Truck812982,3239,2999,2625,2667,42
Truck809017,3238,1338,1525,2668,1143
Truck811988,2225,2656,2350,2668,318
Truck812201,3121,2655,2410,2668,258
Truck812969,2998,2821,2620,2668,48
Truck811978,2822,1339,2345,2669,324
Truck812720,2437,2998,2555,2669,114
Truck812879,2998,2224,2595,2669,74
Truck812346,3122,2655,2450,2670,220
Truck813022,2822,2998,2635,2670,35
Truck809173,1338,2822,1570,2671,1101
Truck811575,2436,3238,2235,2671,436
Truck812077,3238,3121,2375,2671,296
Truck812505,2655,3122,2495,2671,176
Truck813120,3122,1339,2665,2671,6
Truck811701,2436,2655,2270,2672,402
Truck812226,3239,0,2415,2672,257
Truck812711,2224,3122,2550,2672,122
Truck812876,2656,3121,2595,2672,77
Truck812923,3238,1339,2610,2672,62
Truck812156,2656,0,2395,2673,278
Truck812352,3239,3122,2450,2673,223
Truck812893,3331,2655,2600,2673,73
Truck812932,2822,3331,2610,2673,63
Truck811728,0,2436,2280,2674,394
Truck812202,3122,3331,2410,2674,264
Truck812810,2437,1339,2580,2674,94
Truck809649,2436,1338,1700,2675,975
Truck811882,1339,2821,2320,2675,355
Truck812310,3122,3121,2440,2675,235
Truck812832,3122,2437,2585,2675,90
Truck812941,3238,3122,2615,2675,60
Truck812987,2998,3121,2625,2675,50
Truck811719,2436,2224,2275,2676,401
Truck811933,3238,2822,2335,2676,341
Truck812024,2225,2655,2360,2676,316
Truck812416,2999,2436,2470,2676,206
Truck812421,2436,2999,2470,2677,207
Truck812729,2224,2999,2555,2677,122
Truck812840,2656,2998,2585,2677,92
Truck812966,2656,2822,2620,2677,57
Truck813124,1339,0,2665,2677,12
Truck812756,2437,3331,2565,2678,113
Truck812883,2655,2656,2600,2678,78
Truck813005,2998,3121,2630,2678,48
Truck813038,2656,3239,2640,2678,38
Truck812113,3238,3331,2385,2679,294
Truck812698,2822,3121,2545,2679,134
Truck813057,2821,2822,2645,2679,34
Truck809263,1338,0,1595,2680,1085
Truck812316,3239,1339,2440,2680,240
Truck812042,2225,2821,2365,2681,316
Truck812544,3122,2999,2505,2681,176
Truck812747,2224,2999,2560,2681,121
Truck812871,2436,2225,2595,2681,86
Truck811810,1339,2821,2300,2682,382
Truck812589,2821,2225,2515,2682,167
Truck812839,3331,2224,2585,2682,97
Truck812929,3331,2225,2610,2682,72
Truck812958,3122,3238,2620,2682,62
Truck812452,2999,2998,2480,2683,203
Truck812751,2821,2224,2560,2683,123
Truck812916,0,3238,2610,2683,73
Truck811737,2436,3331,2280,2684,404
Truck811936,1339,2821,2335,2684,349
Truck811942,2822,3238,2335,2684,349
Truck812138,2656,1339,2390,2684,294
Truck812255,3121,2821,2425,2684,259
Truck812774,2437,2998,2570,2684,114
Truck813023,2998,3239,2635,2684,49
Truck813178,1339,3122,2680,2684,4
Truck811934,2225,3238,2335,2686,351
Truck812014,2822,3122,2355,2686,331
Truck812060,2225,2821,2370,2686,316
Truck812209,3331,3238,2410,2686,276
Truck812246,2656,3122,2420,2686,266
Truck813182,2656,3331,2680,2686,6
Truck811843,3238,2822,2310,2687,377
Truck811860,3122,2821,2315,2687,372
Truck812765,2224,2436,2565,2687,122
Truck812976,3122,3238,2625,2687,62
Truck813054,3239,2437,2645,2687,42
Truck811888,2822,0,2320,2688,368
Truck812206,1339,2656,2410,2688,278
Truck813072,3239,2656,2650,2688,38
Truck811854,0,2998,2315,2689,374
Truck812370,3239,0,2455,2689,234
Truck812945,2224,2998,2615,2689,74
Truck813041,2998,3122,2640,2689,49
Truck809317,1338,2822,1610,2690,1080
Truck812078,2225,2998,2375,2690,315
Truck812721,2655,2822,2555,2690,135
Truck812166,3122,3331,2400,2691,291
Truck812783,2224,1339,2570,2691,121
Truck812766,3239,2821,2565,2692,127
Truck813168,0,1339,2680,2692,12
Truck812191,3331,0,2405,2693,288
Truck812752,2822,2436,2560,2693,133
Truck812959,3238,0,2620,2693,73
Truck813059,2998,2999,2645,2693,48
Truck812613,2655,2224,2525,2694,169
Truck812625,2821,1338,2525,2694,169
Truck809352,0,1338,1620,2695,1075
Truck812918,2437,2999,2610,2696,86
Truck813174,3122,0,2680,2696,16
Truck811970,2225,3238,2345,2697,352
Truck812050,2822,3122,2365,2697,332
Truck812184,3122,2225,2405,2697,292
Truck812273,3121,2436,2430,2697,267
Truck812924,2225,2436,2610,2697,87
Truck812970,0,3238,2625,2697,72
Truck813112,2822,2998,2660,2697,37
Truck812109,2655,2225,2385,2698,313
Truck812801,2224,3238,2575,2698,123
Truck813077,2998,2437,2650,2698,48
Truck812828,2437,3331,2585,2699,114
Truck812114,2225,2656,2385,2700,315
Truck812487,2655,3238,2490,2700,210
Truck812596,2999,1339,2520,2700,180
Truck812930,2656,2998,2610,2700,90
Truck809335,1338,2822,1615,2701,1086
Truck812560,2999,0,2510,2701,191
Truck812770,2822,2437,2565,2701,136
Truck813108,3239,1338,2660,2701,41
Truck812291,3121,2436,2435,2702,267
Truck812661,2821,1338,2535,2702,167
Truck812819,2224,2655,2580,2702,122
Truck812995,3238,0,2630,2702,72
Truck813001,3331,2436,2630,2702,72
Truck813099,2655,3239,2660,2702,42
Truck812296,1339,2656,2435,2703,268
Truck812542,2999,2821,2505,2703,198
Truck811878,3122,2998,2320,2704,384
Truck812132,2225,2224,2390,2704,314
Truck812616,3122,2655,2525,2704,179
Truck812846,2437,2821,2590,2704,114
Truck813095,2998,0,2655,2704,49
Truck813250,1339,3122,2700,2704,4
Truck813147,2821,2822,2670,2705,35
Truck809137,1338,2822,1560,2706,1146
Truck812546,2225,2437,2505,2706,201
Truck813126,3239,2655,2665,2706,41
Truck812417,3121,3122,2470,2707,237
Truck812667,2655,2224,2540,2707,167
Truck812837,2224,3239,2585,2707,122
Truck808765,3238,1338,1455,2708,1253
Truck812150,2225,2821,2395,2708,313
Truck812679,2821,2999,2540,2708,168
Truck813006,0,3238,2635,2708,73
Truck811917,2436,1339,2330,2709,379
Truck812864,2437,3239,2595,2709,114
Truck813047,3121,2999,2645,2709,64
Truck809191,1338,2656,1575,2710,1135
Truck812023,3238,2225,2360,2710,350
Truck812221,3238,3121,2415,2710,295
Truck812949,2821,3331,2615,2710,95
Truck813113,2998,2436,2660,2710,50
Truck811839,2655,2436,2310,2711,401
Truck811845,2436,2822,2310,2711,401
Truck812260,1339,3331,2425,2711,286
Truck812345,3121,2822,2450,2711,261
Truck811807,3238,2998,2300,2712,412
Truck812106,0,2822,2385,2713,328
Truck812855,2224,1338,2590,2713,123
Truck813073,3331,2822,2650,2713,63
Truck813131,2998,3239,2665,2713,48
Truck809789,3121,1338,1740,2714,974
Truck809047,1338,2656,1535,2715,1180
Truck812239,3238,3121,2420,2715,295
Truck812334,3239,3238,2445,2715,270
Truck812363,3121,2822,2455,2715,260
Truck812578,2999,2821,2515,2715,200
Truck812824,2822,1338,2580,2715,135
Truck811863,2436,2821,2315,2716,401
Truck812390,2656,1339,2460,2716,256
Truck812186,2225,2656,2405,2717,312
Truck812856,3239,2998,2590,2717,127
Truck812873,2224,2437,2595,2717,122
Truck813042,0,3238,2645,2717,72
Truck811735,3238,2436,2280,2718,438
Truck812471,3121,3122,2485,2718,233
Truck812715,2821,2436,2550,2718,168
Truck811908,0,2998,2330,2719,389
Truck812032,2822,0,2360,2719,359
Truck812300,2656,3122,2435,2719,284
Truck813149,2998,3121,2670,2719,49
Truck812152,1339,2822,2395,2720,325
Truck812792,2437,3121,2575,2720,145
Truck812842,2822,2436,2585,2720,135
Truck813002,2656,2224,2630,2720,90
Truck813015,2436,2225,2635,2720,85
Truck812891,2224,2821,2600,2721,121
Truck813014,2225,2436,2635,2721,86
Truck809229,2655,1338,1585,2722,1137
Truck809353,1338,2821,1620,2722,1102
Truck812895,2821,2224,2600,2722,122
Truck812985,2821,3331,2625,2722,97
Truck813056,2656,2999,2645,2722,77
Truck813103,3238,1339,2660,2722,62
Truck813106,1339,3238,2660,2722,62
Truck810166,2999,1338,1845,2723,878
Truck812116,1339,2224,2385,2723,338
Truck812381,3121,2224,2460,2723,263
Truck812399,3121,2822,2465,2723,258
Truck811893,2655,2436,2325,2724,399
Truck812692,1339,2999,2545,2724,179
Truck813167,2998,2821,2675,2724,49
Truck809425,1338,1339,1640,2725,1085
Truck812545,3238,2655,2505,2725,220
Truck813220,2822,2224,2690,2725,35
Truck812340,0,2656,2450,2726,276
Truck812706,3122,2999,2550,2726,176
Truck812909,2224,3238,2605,2726,121
Truck809950,2999,1338,1785,2727,942
Truck811773,2436,3238,2290,2727,437
Truck811989,2436,3122,2350,2727,377
Truck812632,2999,3331,2530,2727,197
Truck813091,3331,2436,2655,2727,72
Truck812336,2656,1339,2445,2728,283
Truck812070,0,2224,2375,2729,354
Truck812227,3331,3238,2415,2729,314
Truck812815,3238,2437,2580,2729,149
Truck813078,0,3238,2655,2729,74
Truck813185,2998,2225,2680,2729,49
Truck809785,1338,3121,1740,2730,990
Truck811990,1339,2436,2350,2730,380
Truck812130,3122,2822,2390,2730,340
Truck812222,2225,2224,2415,2730,315
Truck812710,1339,2999,2550,2730,180
Truck813044,2437,2999,2645,2730,85
Truck813046,2999,2437,2645,2730,85
Truck812281,3331,3238,2430,2731,301
Truck812293,3238,3121,2435,2731,296
Truck812927,2224,2436,2610,2731,121
Truck813039,2821,2656,2640,2731,91
Truck812240,2225,2998,2420,2732,312
Truck812455,3238,3239,2480,2732,252
Truck812614,2999,2436,2525,2732,207
Truck812708,2225,3121,2550,2732,182
Truck813253,3331,3239,2700,2732,32
Truck810199,1338,2999,1855,2733,878
Truck812650,2999,2656,2535,2733,198
Truck812769,2821,2999,2565,2733,168
Truck812954,2437,2821,2620,2733,113
Truck813109,3331,2999,2660,2733,73
Truck813203,2998,3122,2685,2733,48
Truck812728,1339,2999,2555,2734,179
Truck811935,2436,2822,2335,2735,400
Truck811987,3238,2821,2350,2735,385
Truck809209,1338,3239,1580,2736,1156
Truck812228,2656,3238,2415,2736,321
Truck812436,3122,2656,2475,2736,261
Truck812722,2999,1339,2555,2736,181
Truck813234,3239,3121,2695,2736,41
Truck813256,2822,2224,2700,2736,36
Truck812268,0,2225,2430,2737,307
Truck812314,1339,2225,2440,2737,297
Truck812648,2437,2225,2535,2737,202
Truck812787,2821,2655,2570,2737,167
Truck812896,2822,2436,2600,2737,137
Truck813127,3331,3121,2665,2737,72
Truck813163,3331,2822,2675,2737,62
Truck810333,2436,1338,1890,2738,848
Truck811953,2436,2655,2340,2739,399
Truck812668,2999,2998,2540,2739,199
Truck812972,2437,2998,2625,2739,114
Truck813221,2998,3122,2690,2739,49
Truck809101,1338,3331,1550,2740,1190
Truck812476,1339,3239,2485,2740,255
Truck812685,2655,1339,2545,2740,195
Truck809371,1338,2822,1625,2741,1116
Truck812453,3121,2656,2480,2741,261
Truck812963,2224,2436,2620,2741,121
Truck813252,3239,2437,2700,2741,41
Truck813336,3122,0,2725,2741,16
Truck812439,2436,3121,2475,2742,267
Truck813055,3331,2998,2645,2742,97
Truck813117,2655,2656,2665,2742,77
Truck813145,3331,2225,2670,2742,72
Truck812258,2225,2224,2425,2743,318
Truck812328,3122,2656,2445,2743,298
Truck812365,3238,3239,2455,2743,288
Truck813132,0,3238,2670,2743,73
Truck812577,2655,3238,2515,2744,229
Truck813239,2998,3121,2695,2744,49
Truck812059,3238,2821,2370,2745,375
Truck812292,3122,2822,2435,2745,310
Truck812418,3122,3331,2470,2745,275
Truck812462,2656,1339,2480,2745,265
Truck812885,3121,2437,2600,2745,145
Truck813397,3331,2656,2740,2746,6
Truck812058,3122,2436,2370,2747,377
Truck812823,2821,2436,2580,2747,167
Truck812964,3239,2998,2620,2747,127
Truck812981,2224,2999,2625,2747,122
Truck813092,2656,2821,2655,2747,92
Truck812811,2655,2998,2580,2748,168
Truck812950,2822,2225,2615,2748,133
Truck809461,1338,2822,1650,2749,1099
Truck809497,1338,2821,1660,2749,1089
Truck811971,2436,2821,2345,2749,404
Truck812294,2225,2821,2435,2749,314
Truck813111,2821,2656,2660,2749,89
Truck813257,2998,3121,2700,2749,49
Truck812489,3121,2656,2490,2750,260
Truck812704,2999,2998,2550,2750,200
Truck813110,2656,2998,2660,2750,90
Truck812563,3238,2655,2510,2751,241
Truck812829,2655,2224,2585,2751,166
Truck812900,2437,3121,2605,2751,146
Truck813415,3331,2656,2745,2751,6
Truck812079,2436,3122,2375,2752,377
Truck812796,3122,2999,2575,2752,177
Truck812841,2821,2437,2585,2752,167
Truck812999,2224,3331,2630,2752,122
Truck809515,1338,2224,1665,2753,1088
Truck812472,3122,2656,2485,2753,268
Truck813026,2437,2998,2640,2753,113
Truck812968,2822,2436,2620,2754,134
Truck813116,2437,3122,2665,2754,89
Truck813208,2999,3121,2690,2754,64
Truck812312,2225,2656,2440,2755,315
Truck812348,2225,0,2450,2755,305
Truck812507,3121,2224,2495,2755,260
Truck813275,2998,1338,2705,2755,50
Truck812525,3121,2998,2500,2756,256
Truck812754,0,2999,2565,2756,191
Truck812330,2225,2822,2445,2757,312
Truck812443,3331,0,2475,2757,282
Truck812530,1339,3331,2500,2757,257
Truck813000,3239,2998,2630,2757,127
Truck813017,2224,3238,2635,2757,122
Truck813199,3331,2437,2685,2757,72
Truck812034,0,2436,2365,2758,393
Truck813021,2821,2224,2635,2758,123
Truck813293,2998,2436,2710,2758,48
Truck813324,3239,2656,2720,2758,38
Truck813342,3239,3331,2725,2758,33
Truck812412,0,3331,2470,2759,289
Truck812986,2822,1338,2625,2759,134
Truck812402,2225,1339,2465,2760,295
Truck812936,2437,3121,2615,2760,145
Truck813130,2822,3239,2665,2760,95
Truck813247,3238,3122,2700,2760,60
Truck812602,1339,3121,2520,2761,241
Truck812738,2437,2225,2560,2761,201
Truck812098,1339,2821,2380,2762,382
Truck812758,2999,2656,2565,2762,197
Truck812790,0,2655,2575,2762,187
Truck813035,2224,2437,2640,2762,122
Truck813152,2437,2999,2675,2762,87
Truck812649,2655,0,2535,2763,228
Truck813018,3239,2224,2635,2763,128
Truck813217,3331,2437,2690,2763,73
Truck813311,2998,2655,2715,2763,48
Truck812498,2656,1339,2490,2764,274
Truck812579,3121,0,2515,2764,249
Truck812740,2999,2822,2560,2764,204
Truck812877,2821,1338,2595,2764,169
Truck812580,3122,3239,2515,2766,251
Truck812638,1339,3239,2530,2766,236
Truck812834,2225,3121,2585,2766,181
Truck813096,0,2437,2660,2766,106
Truck813235,3331,2999,2695,2766,71
Truck812543,3121,2822,2505,2767,262
Truck812794,2999,0,2575,2767,192
Truck813053,2224,2821,2645,2767,122
Truck812782,1339,2655,2570,2768,198
Truck813378,3239,3331,2735,2768,33
Truck813329,2998,3238,2720,2769,49
Truck813114,0,2437,2665,2770,105
Truck813166,2822,3239,2675,2770,95
Truck810145,1338,2999,1840,2771,931
Truck810739,1338,2225,2005,2771,766
Truck812561,3121,2655,2510,2771,261
Truck812670,3122,3239,2540,2771,231
Truck812232,0,2224,2420,2772,352
Truck812547,2436,3121,2505,2772,267
Truck812913,2821,2225,2605,2772,167
Truck813027,2655,2822,2640,2772,132
Truck813071,2224,2437,2650,2772,122
Truck813225,2655,2656,2695,2772,77
Truck812366,2225,2656,2455,2773,318
Truck812384,2225,2224,2460,2774,314
Truck812604,3239,0,2520,2774,254
Truck813098,2437,3239,2660,2774,114
Truck813236,2656,2436,2695,2774,79
Truck813347,2998,3238,2725,2774,49
Truck812671,3238,2999,2540,2775,235
Truck812931,2821,2436,2610,2775,165
Truck813040,2822,2436,2640,2775,135
Truck813281,3121,2999,2710,2775,65
Truck813192,3122,2437,2685,2776,91
Truck813399,2821,2822,2740,2776,36
Truck809466,3122,1338,1650,2777,1127
Truck812160,0,2224,2400,2777,377
Truck812798,2225,2437,2575,2777,202
Truck813089,2224,0,2655,2777,122
Truck813181,3331,2821,2680,2777,97
Truck813243,2655,2656,2700,2777,77
Truck809551,1338,3331,1675,2778,1103
Truck812097,2436,2655,2380,2778,398
Truck812793,2655,3122,2575,2778,203
Truck813045,2655,2822,2645,2778,133
Truck813365,2998,2655,2730,2778,48
Truck812169,2436,1339,2400,2779,379
Truck812502,0,2656,2495,2779,284
Truck812812,2999,2822,2580,2779,199
Truck812368,1339,2822,2455,2780,325
Truck813150,0,2437,2675,2780,105
Truck810181,1338,2436,1850,2781,931
Truck812990,2437,3238,2630,2781,151
Truck813218,2656,2224,2690,2781,91
Truck812688,3122,3121,2545,2782,237
Truck813058,2822,2436,2645,2782,137
Truck813107,2224,0,2660,2782,122
Truck812115,2436,2224,2385,2783,398
Truck812437,3238,2656,2475,2783,308
Truck812574,0,2656,2515,2783,268
Truck812635,3238,3239,2530,2783,253
Truck813134,2437,2821,2670,2783,113
Truck813319,3238,1339,2720,2783,63
Truck813383,2998,2225,2735,2783,48
Truck812615,3121,3331,2525,2784,259
Truck813008,2437,3238,2635,2784,149
Truck813013,3238,2437,2635,2784,149
Truck809443,1338,2998,1645,2785,1140
Truck809623,1338,2821,1695,2785,1090
Truck809825,3121,1338,1750,2785,1035
Truck813317,3121,2999,2720,2785,65
Truck813414,3239,3121,2745,2785,40
Truck813436,2822,2821,2750,2785,35
Truck812420,2225,2998,2470,2786,316
Truck812597,3121,2436,2520,2786,266
Truck812775,2655,1339,2570,2786,216
Truck813125,2224,2822,2665,2786,121
Truck813542,2656,3331,2780,2786,6
Truck812203,3238,2998,2410,2787,377
Truck812242,1339,2998,2420,2787,367
Truck812633,3121,3239,2530,2787,257
Truck812967,2821,1338,2620,2787,167
Truck812490,3122,2656,2490,2788,298
Truck812705,3121,1339,2550,2788,238
Truck812830,2999,3331,2585,2788,203
Truck813081,2655,2822,2655,2788,133
Truck813294,0,3238,2715,2788,73
Truck813301,3238,0,2715,2788,73
Truck812142,0,2436,2395,2789,394
Truck812848,2999,2998,2590,2789,199
Truck813094,2822,2999,2655,2790,135
Truck813254,2656,2821,2700,2790,90
Truck813401,2998,2999,2740,2790,50
Truck810073,1338,2999,1820,2791,971
Truck812512,1339,2225,2495,2791,296
Truck812568,3239,3238,2510,2791,281
Truck813325,3331,2436,2720,2791,71
Truck813432,3239,3121,2750,2791,41
Truck813143,2224,3121,2670,2792,122
Truck813237,2821,3331,2695,2792,97
Truck812438,2225,2821,2475,2793,318
Truck813170,2437,2224,2680,2793,113
Truck812175,2821,0,2400,2794,394
Truck812866,2999,3331,2595,2794,199
Truck813206,2437,0,2690,2794,104
Truck813312,0,3238,2720,2794,74
Truck812151,2436,2821,2395,2795,400
Truck813419,2998,2655,2745,2795,50
Truck812400,3122,2822,2465,2796,331
Truck812451,2655,2225,2480,2796,316
Truck812456,2225,2656,2480,2796,316
Truck813144,3239,2998,2670,2796,126
Truck813343,3331,2225,2725,2796,71
Truck813450,3239,2999,2755,2796,41
Truck812669,3121,3239,2540,2797,257
Truck813003,2821,2437,2630,2798,168
Truck813161,2224,2822,2675,2798,123
Truck813326,2656,1338,2720,2798,78
Truck813437,2998,2821,2750,2798,48
Truck812163,2655,2436,2400,2799,399
Truck812338,2822,3238,2445,2800,355
Truck812474,2225,2655,2485,2800,315
Truck812646,0,3239,2535,2800,265
Truck812884,2999,3331,2600,2800,200
Truck813271,3331,2821,2705,2800,95
Truck813222,0,2437,2695,2801,106
Truck812687,3121,2656,2545,2802,257
Truck812882,2437,2225,2600,2802,202
Truck813176,2225,2999,2680,2802,122
Truck813179,2224,3238,2680,2802,122
Truck812902,2999,2656,2605,2803,198
Truck812356,2822,0,2450,2804,354
Truck813085,3238,2437,2655,2804,149
Truck813242,2437,0,2700,2804,104
Truck812764,1339,3121,2565,2805,240
Truck812778,3122,3121,2570,2805,235
Truck813486,3239,2999,2765,2805,40
Truck809718,3122,1338,1720,2806,1086
Truck809750,2437,1338,1730,2806,1076
Truck813197,2224,2999,2685,2806,121
Truck812492,2225,2224,2490,2807,317
Truck812694,3239,0,2545,2807,262
Truck813240,0,2437,2700,2807,107
Truck809650,1339,1338,1700,2808,1108
Truck812167,3238,2224,2400,2808,408
Truck812920,2999,2822,2610,2808,198
Truck813362,2656,2225,2730,2808,78
Truck813504,3239,2656,2770,2808,38
Truck813522,3239,3331,2775,2808,33
Truck809677,1338,1339,1710,2809,1099
Truck812274,3122,2436,2430,2809,379
Truck812659,3331,3122,2535,2809,274
Truck813296,2437,1339,2715,2809,94
Truck813377,2224,2998,2735,2809,74
Truck813473,2998,2999,2760,2809,49
Truck813525,2821,2822,2775,2809,34
Truck812157,2821,3238,2395,2810,415
Truck812777,3121,1339,2570,2810,240
Truck812880,0,2655,2600,2811,211
Truck813387,2655,3331,2740,2811,71
Truck813582,0,3122,2795,2811,16
Truck812510,2225,3239,2495,2812,317
Truck812600,2225,3122,2520,2812,292
Truck812901,2655,0,2605,2812,207
Truck813215,2224,2436,2690,2812,122
Truck812723,3121,2821,2555,2813,258
Truck812229,2821,3238,2415,2814,399
Truck812358,0,2822,2455,2814,359
Truck813491,2998,3122,2765,2814,49
Truck812223,2436,2656,2415,2815,400
Truck810271,1338,2437,1875,2816,941
Truck812919,2655,1339,2610,2816,206
Truck813184,2822,2225,2680,2816,136
Truck813327,2821,3331,2720,2816,96
Truck813544,2822,2821,2780,2816,36
Truck812718,0,3331,2555,2817,262
Truck812741,3121,3239,2560,2817,257
Truck812772,0,3239,2570,2817,247
Truck813075,2821,2225,2650,2817,167
Truck813233,2224,3239,2695,2817,122
Truck813356,2225,2436,2730,2817,87
Truck812401,3238,2225,2465,2818,353
Truck812541,2655,2225,2505,2818,313
Truck812630,2437,2436,2530,2818,288
Truck813260,2437,2656,2705,2818,113
Truck812250,0,2998,2425,2819,394
Truck812592,0,3331,2520,2819,299
Truck813509,2998,1339,2770,2819,49
Truck809830,1339,1338,1750,2820,1070
Truck812868,3122,3239,2595,2820,225
Truck813346,2822,3239,2725,2820,95
Truck813463,3238,3122,2760,2820,60
Truck812757,2655,3121,2565,2821,256
Truck812938,2999,2436,2615,2821,206
Truck813255,2821,2224,2700,2821,121
Truck813374,2225,2436,2735,2821,86
Truck812759,3121,2821,2565,2822,257
Truck813251,2224,3238,2700,2822,122
Truck813433,3331,3121,2750,2822,72
Truck812974,2999,3239,2625,2823,198
Truck813527,2998,2436,2775,2823,48
Truck813576,3239,3331,2790,2823,33
Truck813682,1339,3122,2820,2824,4
Truck813558,3239,2225,2785,2825,40
Truck812259,2436,2656,2425,2826,401
Truck812642,2656,1339,2530,2826,296
Truck812956,2999,2436,2620,2826,206
Truck813642,3122,0,2810,2826,16
Truck810433,1338,2436,1920,2827,907
Truck812978,2225,2437,2625,2827,202
Truck813266,2225,2999,2705,2827,122
Truck813269,2224,2656,2705,2827,122
Truck813361,3331,2821,2730,2827,97
Truck813480,3122,3238,2765,2827,62
Truck809965,1338,3121,1790,2828,1038
Truck812651,3121,3238,2535,2828,293
Truck812854,1339,3239,2590,2828,238
Truck813434,2656,2225,2750,2828,78
Truck813451,3331,1338,2755,2828,73
Truck812410,2822,3238,2465,2829,364
Truck812849,3121,1339,2590,2829,239
Truck813455,2998,2224,2755,2829,74
Truck812386,1339,2821,2460,2830,370
Truck812482,2822,3122,2485,2830,345
Truck812991,2655,2999,2630,2830,200
Truck813376,1339,2437,2735,2830,95
Truck809569,1338,2998,1680,2831,1151
Truck809695,1338,0,1715,2831,1116
Truck812277,2436,2655,2430,2831,401
Truck812656,1339,2225,2535,2831,296
Truck812696,2656,0,2545,2831,286
Truck812869,3238,2999,2595,2831,236
Truck813598,2822,2224,2795,2831,36
Truck810364,2999,1338,1900,2832,932
Truck812582,2225,2998,2515,2832,317
Truck813129,2821,2999,2665,2832,167
Truck812454,3122,2822,2480,2833,353
Truck812695,3331,3238,2545,2833,288
Truck812795,3121,3331,2575,2833,258
Truck813088,1339,2999,2655,2833,178
Truck813287,2224,2822,2710,2833,123
Truck813314,2437,3239,2720,2833,113
Truck813452,2656,2436,2755,2833,78
Truck812463,2821,0,2480,2834,354
Truck813563,2998,2225,2785,2834,49
Truck810382,2999,1338,1905,2835,930
Truck812672,2225,1339,2540,2835,295
Truck813010,2999,2655,2635,2835,200
Truck812690,2225,3122,2545,2836,291
Truck813348,0,2437,2730,2836,106
Truck813135,2655,2821,2670,2837,167
Truck813288,3239,2821,2710,2837,127
Truck813305,2224,2822,2715,2837,122
Truck813416,2656,2821,2745,2837,92
Truck809947,1338,2998,1785,2838,1053
Truck812382,3122,2436,2460,2838,378
Truck813470,2656,2655,2760,2838,78
Truck813474,0,3238,2765,2838,73
Truck813526,2822,3331,2775,2838,63
Truck813614,2656,3239,2800,2838,38
Truck812448,0,2822,2480,2839,359
Truck812813,3121,2655,2580,2839,259
Truck813368,2437,0,2735,2839,104
Truck812313,2436,2655,2440,2840,400
Truck813118,2999,3122,2665,2840,175
Truck813581,2998,1339,2790,2840,50
Truck809893,1338,0,1770,2842,1072
Truck812904,3122,3121,2605,2842,237
Truck813165,2821,3121,2675,2842,167
Truck813323,2224,3121,2720,2842,122
Truck812419,3238,2821,2470,2843,373
Truck813599,2998,1339,2795,2843,48
Truck809713,1338,2656,1720,2845,1125
Truck813224,2437,3238,2695,2845,150
Truck813292,2822,2225,2710,2845,135
Truck813458,2437,2999,2760,2845,85
Truck813651,2821,2822,2810,2845,35
Truck812205,2436,3238,2410,2846,436
Truck812725,3238,2656,2555,2846,291
Truck813028,2999,2436,2640,2846,206
Truck813435,2821,3331,2750,2846,96
Truck813523,3331,2999,2775,2846,71
Truck813652,2822,2821,2810,2846,36
Truck812427,2821,1339,2470,2847,377
Truck813171,2655,2821,2680,2847,167
Truck809929,1338,2655,1780,2848,1068
Truck813183,2821,3121,2680,2848,168
Truck813341,2224,2225,2725,2848,123
Truck813506,2656,2655,2770,2848,78
Truck810001,1338,2655,1800,2849,1049
Truck813310,2822,2655,2715,2849,134
Truck810351,2436,1338,1895,2850,955
Truck809533,1338,3238,1670,2851,1181
Truck812422,1339,2436,2470,2851,381
Truck812654,2225,2821,2535,2851,316
Truck812763,2436,2437,2565,2851,286
Truck813359,2224,2225,2730,2851,121
Truck813541,3331,2225,2780,2851,71
Truck810649,1338,2999,1980,2852,872
Truck813201,2821,2436,2685,2852,167
Truck813744,0,1339,2840,2852,12
Truck809641,1338,2822,1700,2853,1153
Truck812473,3238,2822,2485,2853,368
Truck812867,3121,3239,2595,2853,258
Truck813524,2656,2225,2775,2853,78
Truck813082,2999,2822,2655,2854,199
Truck813328,2822,2999,2720,2854,134
Truck813472,2822,3239,2760,2854,94
Truck813545,2998,2224,2780,2854,74
Truck809605,1338,3238,1690,2855,1165
Truck812700,0,2656,2550,2855,305
Truck813009,2655,0,2635,2855,220
Truck813635,2998,3121,2805,2855,50
Truck809969,3121,1338,1790,2856,1066
Truck812367,2436,2822,2455,2856,401
Truck812910,3239,0,2605,2857,252
Truck812944,1339,3121,2615,2857,242
Truck813469,3331,2224,2760,2857,97
Truck813488,2656,2224,2765,2857,92
Truck812912,2656,1339,2605,2858,253
Truck813219,2821,2437,2690,2858,168
Truck813559,3331,2437,2785,2858,73
Truck813653,2998,3238,2810,2858,48
Truck813702,3239,3331,2825,2858,33
Truck809647,3238,1338,1700,2859,1159
Truck813153,2655,1339,2675,2860,185
Truck813440,2437,0,2755,2860,105
Truck812385,2436,2998,2460,2861,401
Truck813100,2999,2224,2660,2861,201
Truck812564,2225,3238,2510,2862,352
Truck813395,2224,3331,2740,2862,122
Truck809767,1338,2998,1735,2863,1128
Truck812803,3331,0,2575,2863,288
Truck812903,3121,2821,2605,2863,258
Truck813422,2437,2998,2750,2863,113
Truck813671,2998,2822,2815,2863,48
Truck812814,3122,3331,2580,2864,284
Truck813381,2821,3239,2735,2864,129
Truck813512,2437,3122,2775,2864,89
Truck812703,2655,2225,2550,2865,315
Truck813364,2822,2437,2730,2865,135
Truck813508,2822,3239,2770,2865,95
Truck812403,2436,2821,2465,2866,401
Truck812415,2655,2436,2470,2866,396
Truck812581,3238,2225,2515,2866,351
Truck812857,3331,1339,2590,2866,276
Truck812992,2999,3238,2630,2866,236
Truck813786,3122,0,2850,2866,16
Truck813830,2656,3331,2860,2866,6
Truck812430,0,2436,2475,2867,392
Truck813413,2224,2655,2745,2867,122
Truck813516,3122,2437,2775,2867,92
Truck812536,2822,3238,2500,2868,368
Truck812994,3122,3121,2630,2868,238
Truck813084,3122,2655,2655,2868,213
Truck813595,3331,2655,2795,2868,73
Truck812921,3121,2821,2610,2869,259
Truck813530,2437,3122,2780,2869,89
Truck813689,2998,2225,2820,2869,49
Truck810523,1338,2436,1945,2870,925
Truck812726,2225,2822,2555,2870,315
Truck813012,3122,3121,2635,2870,235
Truck812804,2656,1339,2575,2871,296
Truck813070,1339,3239,2650,2871,221
Truck813613,3331,2999,2800,2871,71
Truck813720,3239,1338,2830,2871,41
Truck810721,1338,2436,2000,2872,872
Truck813596,2656,2436,2795,2872,77
Truck813140,2225,2437,2670,2873,203
Truck813273,2821,2225,2705,2873,168
Truck813431,2224,3239,2750,2873,123
Truck813707,2998,0,2825,2873,48
Truck812744,2225,3331,2560,2874,314
Truck812833,3238,3331,2585,2874,289
Truck812939,3121,2656,2615,2874,259
Truck813332,2437,3238,2725,2874,149
Truck813617,2998,2224,2800,2874,74
Truck812526,3122,2998,2500,2875,375
Truck813154,2999,3239,2675,2875,200
Truck812743,3238,3331,2560,2876,316
Truck813244,2999,3122,2700,2876,176
Truck813400,2822,2225,2740,2876,136
Truck813449,2224,2225,2755,2876,121
Truck813543,2821,3331,2780,2876,96
Truck813631,3331,2225,2805,2876,71
Truck813661,3238,1339,2815,2876,61
Truck812457,2436,2655,2480,2877,397
Truck812511,2436,1339,2495,2877,382
Truck812925,2436,3121,2610,2877,267
Truck813136,2999,2436,2670,2877,207
Truck813291,2821,2999,2710,2877,167
Truck812689,3238,2822,2545,2878,333
Truck813688,2822,2656,2820,2878,58
Truck812957,3121,2822,2620,2879,259
Truck813418,2822,2999,2745,2879,134
Truck813476,2437,3239,2765,2879,114
Truck813725,2998,2437,2830,2879,49
Truck812662,2822,3238,2535,2880,345
Truck812664,0,2822,2540,2880,340
Truck813172,2999,2998,2680,2880,200
Truck812529,2436,1339,2500,2881,381
Truck812636,2225,3238,2530,2881,351
Truck812762,2225,2821,2565,2881,316
Truck812922,3122,3331,2610,2881,271
Truck813639,2655,3331,2810,2881,71
Truck813778,2822,2224,2845,2881,36
Truck810585,2436,1338,1960,2882,922
Truck812746,1339,2822,2560,2882,322
Truck813467,2224,3331,2760,2882,122
Truck813649,3331,2437,2810,2882,72
Truck813756,3239,1338,2840,2882,42
Truck813852,0,1339,2870,2882,12
Truck810028,1339,1338,1805,2883,1078
Truck812331,2436,3238,2445,2883,438
Truck812475,2436,3239,2485,2883,398
Truck812652,3122,2224,2535,2883,348
Truck813190,2999,3239,2685,2883,198
Truck813248,2225,3121,2700,2883,183
Truck812484,0,2224,2490,2884,394
Truck813632,2656,2436,2805,2884,79
Truck813743,2998,3331,2835,2884,49
Truck812780,2225,2656,2570,2885,315
Truck812975,3121,2656,2625,2885,260
Truck813064,2999,3238,2650,2885,235
Truck813700,1339,3238,2825,2885,60
Truck812908,1339,3331,2605,2886,281
Truck813280,2999,3122,2710,2886,176
Truck813677,3121,2999,2820,2886,66
Truck813774,3239,2225,2845,2886,41
Truck813667,3331,2437,2815,2887,72
Truck813703,3331,2822,2825,2887,62
Truck813722,2656,2822,2830,2887,57
Truck812800,1339,2822,2575,2888,313
Truck813485,2224,1339,2765,2888,123
Truck813577,3331,2224,2790,2888,98
Truck813650,2656,2655,2810,2888,78
Truck812911,3331,3238,2605,2889,284
Truck812993,3121,2655,2630,2889,259
Truck813386,2437,3238,2740,2889,149
Truck813761,2998,2822,2840,2889,49
Truck809784,0,1338,1740,2890,1150
Truck809839,1338,2998,1755,2890,1135
Truck812493,2436,2224,2490,2890,400
Truck812653,3238,2822,2535,2890,355
Truck813333,2655,2821,2725,2890,165
Truck813454,2822,2436,2755,2890,135
Truck812556,0,2998,2510,2891,381
Truck812584,1339,2998,2515,2891,376
Truck813345,2821,2655,2725,2891,166
Truck813404,2437,3121,2745,2891,146
Truck813503,2224,2821,2770,2891,121
Truck813814,2822,2998,2855,2891,36
Truck812844,0,2656,2590,2892,302
Truck813668,2656,2437,2815,2892,77
Truck813675,2655,3331,2820,2892,72
Truck813685,3331,2225,2820,2892,72
Truck810434,2437,1338,1920,2893,973
Truck812816,2225,2655,2580,2893,313
Truck813828,3239,3331,2860,2893,33
Truck809956,1339,1338,1785,2894,1109
Truck809964,0,1338,1790,2894,1104
Truck809838,0,1338,1755,2895,1140
Truck813011,3121,3331,2635,2895,260
Truck813226,2999,2998,2695,2895,200
Truck813779,2998,1339,2845,2895,50
Truck812734,2822,1339,2555,2896,341
Truck813615,2821,3331,2800,2896,96
Truck810955,1338,2225,2065,2897,832
Truck812523,2655,2436,2500,2897,397
Truck813521,2224,3239,2775,2897,122
Truck813549,2655,2437,2785,2897,112
Truck813686,2656,2436,2820,2897,77
Truck813758,2656,2822,2840,2897,57
Truck812788,2822,3122,2570,2898,328
Truck813363,2821,2655,2730,2898,168
Truck813697,3238,0,2825,2898,73
Truck813020,2656,1339,2635,2899,264
Truck813029,3121,2821,2640,2899,259
Truck813090,3239,3122,2655,2899,244
Truck813797,2998,2436,2850,2899,49
Truck809875,1338,3122,1765,2900,1135
Truck813490,2822,2655,2765,2900,135
Truck813658,2999,2437,2815,2900,85
Truck813730,2999,3121,2835,2900,65
Truck812628,0,2998,2530,2901,371
Truck813566,2437,2224,2790,2901,111
Truck812870,2225,0,2595,2902,307
Truck812983,3331,1339,2625,2902,277
Truck813539,2224,3122,2780,2902,122
Truck813704,2656,2999,2825,2902,77
Truck813721,3331,3121,2830,2902,72
Truck813750,3122,3238,2840,2902,62
Truck813865,3331,3239,2870,2902,32
Truck810901,1338,2436,2050,2903,853
Truck813065,3121,0,2650,2903,253
Truck813815,2998,3238,2855,2903,48
Truck813369,2655,2998,2735,2904,169
Truck810577,1338,2999,1960,2905,945
Truck812850,3122,2822,2590,2905,315
Truck812852,2225,2224,2590,2905,315
Truck813063,2655,3121,2650,2905,255
Truck813137,3121,3122,2670,2905,235
Truck813262,2999,2821,2705,2905,200
Truck813660,3122,2437,2815,2905,90
Truck813748,2999,3121,2840,2905,65
Truck813769,3238,3122,2845,2905,60
Truck811405,1338,2225,2190,2906,716
Truck813016,1339,2656,2635,2906,271
Truck813557,2224,2656,2785,2906,121
Truck812733,2821,3122,2555,2907,352
Truck813540,3239,2821,2780,2907,127
Truck813739,3331,2436,2835,2907,72
Truck813942,0,1339,2895,2907,12
Truck812926,1339,2225,2610,2908,298
Truck812984,2656,0,2625,2908,283
Truck813726,0,3238,2835,2908,73
Truck812610,0,2821,2525,2909,384
Truck813737,2224,2998,2835,2909,74
Truck813833,2998,3239,2860,2909,49
Truck812865,2655,2225,2595,2910,315
Truck813101,3121,0,2660,2910,250
Truck813864,3239,2999,2870,2910,40
Truck813316,2999,0,2720,2911,191
Truck813405,2655,2224,2745,2911,166
Truck813602,2437,2656,2800,2911,111
Truck813886,2822,2224,2875,2911,36
Truck813051,2436,3121,2645,2912,267
Truck813276,0,2655,2710,2912,202
Truck813575,2224,2225,2790,2912,122
Truck813757,3331,2437,2840,2912,72
Truck812979,2436,2437,2625,2913,288
Truck813036,3239,3238,2640,2913,273
Truck813284,2225,2437,2710,2913,203
Truck813417,2821,1338,2745,2913,168
Truck813740,2656,2437,2835,2913,78
Truck812888,2225,3331,2600,2914,314
Truck813180,3239,0,2680,2914,234
Truck810144,0,1338,1840,2915,1075
Truck813198,3239,0,2685,2915,230
Truck813330,0,2999,2725,2915,190
Truck810055,1338,1339,1815,2916,1101
Truck813298,2999,2821,2715,2916,201
Truck813334,2999,0,2725,2916,191
Truck813593,2224,2436,2795,2916,121
Truck813579,2821,3239,2790,2917,127
Truck813620,2437,2655,2805,2917,112
Truck813775,3331,2225,2845,2917,72
Truck813919,3331,3239,2885,2917,32
Truck813869,2998,2437,2870,2918,48
Truck813121,3238,3239,2665,2920,255
Truck813406,2999,3122,2745,2920,175
Truck813453,2821,2225,2755,2920,165
Truck813562,2822,2225,2785,2920,135
Truck813900,3239,3121,2880,2920,40
Truck812601,2436,2821,2520,2921,401
Truck813210,3122,3239,2690,2921,231
Truck813322,1339,2655,2720,2921,201
Truck812906,2225,2822,2605,2922,317
Truck813019,3331,0,2635,2922,287
Truck813193,3238,2999,2685,2922,237
Truck813352,2999,0,2730,2922,192
Truck813597,2821,3239,2795,2922,127
Truck813611,2224,3331,2800,2922,122
Truck813793,3331,2436,2850,2922,72
Truck813832,2822,3331,2860,2922,62
Truck813083,3121,2436,2655,2923,268
Truck813710,2437,1339,2830,2923,93
Truck813780,0,3238,2850,2923,73
Truck813787,3238,0,2850,2923,73
Truck813887,2998,3239,2875,2923,48
Truck813580,2822,2437,2790,2924,134
Truck813638,2437,2656,2810,2924,114
Truck813776,2656,2436,2845,2924,79
Truck813119,3121,2224,2665,2925,260
Truck813286,1339,2655,2710,2925,215
Truck812619,2436,3239,2525,2926,401
Truck812996,2225,1339,2630,2926,296
Truck813612,3239,2224,2800,2926,126
Truck813629,2224,3239,2805,2926,121
Truck813753,2436,2225,2840,2926,86
Truck812631,2655,2436,2530,2927,397
Truck812655,2436,0,2535,2927,392
Truck813074,2656,3122,2650,2927,277
Truck813626,2225,2999,2805,2927,122
Truck813656,2437,2656,2815,2927,112
Truck810667,1338,2437,1985,2928,943
Truck813351,2655,2999,2730,2928,198
Truck813811,3331,2437,2855,2928,73
Truck812942,2225,2998,2615,2929,314
Truck813905,2998,0,2880,2929,49
Truck812637,2436,3331,2530,2930,400
Truck813246,3122,3239,2700,2930,230
Truck813927,2655,3239,2890,2930,40
Truck813216,3239,3238,2690,2931,241
Truck813228,3122,3121,2695,2931,236
Truck813674,2437,2821,2820,2931,111
Truck813936,3239,2437,2890,2931,41
Truck813037,3331,3238,2640,2932,292
Truck813350,2437,2225,2730,2932,202
Truck813630,3239,2821,2805,2932,127
Truck813640,2999,2225,2810,2932,122
Truck809953,3238,1338,1785,2933,1148
Truck810778,2999,1338,2015,2933,918
Truck812724,3122,2436,2555,2933,378
Truck812980,1339,2822,2625,2933,308
Truck813155,3121,2821,2675,2933,258
Truck813196,1339,3239,2685,2933,248
Truck813647,2224,3331,2810,2933,123
Truck813812,2656,3121,2855,2933,78
Truck812716,2822,3238,2550,2934,384
Truck813024,0,3331,2640,2934,294
Truck813032,2225,3122,2640,2934,294
Truck813616,2822,2999,2800,2934,134
Truck813777,2821,2656,2845,2934,89
Truck813923,2998,2655,2885,2934,49
Truck813297,2655,3238,2715,2935,220
Truck813448,1339,2999,2755,2935,180
Truck813191,3121,0,2685,2936,251
Truck813665,2224,2999,2815,2936,121
Truck813768,3122,2437,2845,2936,91
Truck813954,3239,2437,2895,2936,41
Truck814074,3122,1339,2930,2936,6
Truck812960,2225,2998,2620,2937,317
Truck813069,2436,2437,2650,2937,287
Truck813648,3239,2821,2810,2937,127
Truck813669,2821,2224,2815,2937,122
Truck812887,3238,2822,2600,2938,338
Truck813146,2656,3122,2670,2938,268
Truck813941,2998,0,2890,2938,48
Truck813173,3121,2822,2680,2939,259
Truck813388,2999,2224,2740,2939,199
Truck813634,2822,2436,2805,2939,134
Truck813692,2437,2821,2825,2939,114
Truck813851,2998,2224,2865,2939,74
Truck813939,2821,2998,2890,2939,49
Truck812673,2436,2821,2540,2940,400
Truck813459,2655,3122,2760,2940,180
Truck813587,3121,2437,2795,2940,145
Truck809983,1338,1339,1795,2941,1146
Truck813156,3122,3331,2675,2941,266
Truck813683,2224,1338,2820,2941,121
Truck812760,3122,2436,2565,2943,378
Truck813268,1339,3121,2705,2943,238
Truck813837,2655,2656,2865,2943,78
Truck813080,2437,2436,2655,2944,289
Truck813792,3239,2822,2850,2944,94
Truck813959,2998,3121,2895,2944,49
Truck813484,1339,2999,2765,2945,180
Truck813800,2437,3122,2855,2945,90
Truck809911,1338,2998,1775,2946,1171
Truck812709,2436,3239,2550,2946,396
Truck812836,1339,2998,2585,2946,361
Truck813372,3122,2655,2735,2946,211
Truck813531,2655,2998,2780,2946,166
Truck813337,3238,2655,2725,2947,222
Truck813393,2436,2999,2740,2947,207
Truck813424,2999,2822,2750,2947,197
Truck813728,2437,2821,2835,2947,112
Truck813912,3122,3238,2885,2947,62
Truck812691,2436,2655,2545,2948,403
Truck812872,1339,2822,2595,2948,353
Truck813498,3122,2999,2770,2948,178
Truck813701,2224,2821,2825,2948,123
Truck813855,2655,2656,2870,2948,78
Truck811207,1338,2225,2135,2949,814
Truck813270,3239,3238,2705,2949,244
Truck813866,2656,2655,2870,2949,79
Truck813977,2998,3239,2900,2949,49
Truck813128,2656,3122,2665,2950,285
Truck813931,3238,3122,2890,2950,60
Truck813164,2656,0,2675,2951,276
Truck813561,2821,2999,2785,2951,166
Truck813670,2822,3121,2815,2951,136
Truck813214,1339,2656,2690,2952,262
Truck813227,3121,2656,2695,2952,257
Truck813304,1339,3239,2715,2952,237
Truck813719,2224,1339,2830,2952,122
Truck813723,2821,2224,2830,2952,122
Truck814030,2822,2821,2915,2952,37
Truck809857,1338,3238,1760,2953,1193
Truck813139,3238,3239,2670,2953,283
Truck813746,2437,2655,2840,2953,113
Truck813884,2656,2225,2875,2953,78
Truck814044,3239,3331,2920,2953,33
Truck810235,1338,2656,1865,2954,1089
Truck813995,2998,1338,2905,2954,49
Truck813175,3238,3239,2680,2955,275
Truck813209,3121,2436,2690,2955,265
Truck813442,2999,2822,2755,2955,200
Truck813034,1339,2822,2640,2956,316
Truck813423,2655,1339,2750,2956,206
Truck813734,2225,2999,2835,2957,122
Truck813764,2437,2224,2845,2957,112
Truck813955,3331,2822,2895,2957,62
Truck813162,3239,3238,2675,2958,283
Truck813829,3331,2998,2860,2958,98
Truck813160,1339,3331,2675,2959,284
Truck813902,2656,2655,2880,2959,79
Truck812862,0,2998,2595,2960,365
Truck813460,2999,3331,2760,2960,200
Truck813847,3331,2998,2865,2960,95
Truck813946,2999,3121,2895,2960,65
Truck814013,2998,3121,2910,2960,50
Truck814066,2822,2821,2925,2960,35
Truck813050,2225,2821,2645,2961,316
Truck813245,3121,2822,2700,2961,261
Truck813937,3331,2225,2890,2961,71
Truck812745,2436,2822,2560,2962,402
Truck813138,3122,2225,2670,2962,292
Truck813755,2224,1339,2840,2962,122
Truck813920,2656,1338,2885,2962,77
Truck812817,2436,1339,2580,2963,383
Truck813068,2225,2655,2650,2963,313
Truck813204,0,3239,2690,2963,273
Truck813261,2655,3121,2705,2963,258
Truck814029,2821,2998,2915,2963,48
Truck813396,3239,1339,2740,2964,224
Truck813478,2999,2998,2765,2964,199
Truck813724,2822,2655,2830,2964,134
Truck814031,2998,3121,2915,2964,49
Truck813514,2999,0,2775,2965,190
Truck813782,2437,3331,2850,2965,115
Truck813965,3121,2999,2900,2965,65
Truck813279,2655,3121,2710,2966,256
Truck813492,0,2655,2770,2966,196
Truck813495,2655,2999,2770,2966,196
Truck813773,2224,1338,2845,2966,121
Truck814062,3239,2437,2925,2966,41
Truck813282,3122,3331,2710,2967,257
Truck813759,2821,3239,2840,2967,127
Truck813876,3122,2437,2875,2967,92
Truck810198,0,1338,1855,2968,1113
Truck813358,1339,3239,2730,2968,238
Truck813729,2655,2822,2835,2969,134
Truck813742,2822,2437,2835,2969,134
Truck813880,1339,2437,2875,2969,94
Truck813086,2225,2998,2655,2970,315
Truck813370,2999,3238,2735,2970,235
Truck810163,1338,2822,1845,2971,1126
Truck812808,0,2224,2580,2971,391
Truck812898,0,2224,2605,2971,366
Truck812998,1339,2822,2630,2971,341
Truck813307,3331,3122,2715,2971,256
Truck813496,2999,2656,2770,2971,201
Truck814003,3238,1339,2910,2971,61
Truck813195,2436,2437,2685,2972,287
Truck813263,3121,2436,2705,2972,267
Truck813299,3121,2998,2715,2972,257
Truck813633,2821,2437,2805,2972,167
Truck813791,2224,2655,2850,2972,122
Truck813956,2656,3121,2895,2972,77
Truck814080,3239,3121,2930,2972,42
Truck812781,2436,2656,2570,2973,403
Truck813188,2437,2436,2685,2973,288
Truck813408,3122,3239,2745,2973,228
Truck813494,2437,2225,2770,2973,203
Truck813588,3122,2999,2795,2973,178
Truck814067,2998,3238,2925,2973,48
Truck810109,1338,3238,1830,2974,1144
Truck813200,2656,1339,2685,2974,289
Truck813104,2225,3331,2660,2975,315
Truck813760,2822,2655,2840,2975,135
Truck813901,3331,2224,2880,2975,95
Truck814021,3238,3122,2915,2975,60
Truck813836,2437,2821,2865,2976,111
Truck814182,3122,0,2960,2976,16
Truck810037,1338,3239,1810,2977,1167
Truck813513,2655,1339,2775,2977,202
Truck813932,2225,2436,2890,2977,87
Truck813991,3331,2999,2905,2977,72
Truck812988,0,2822,2630,2978,348
Truck813809,2224,3121,2855,2978,123
Truck810132,3122,1338,1835,2979,1144
Truck810506,2437,1338,1940,2979,1039
Truck812889,2436,1339,2600,2979,379
Truck813264,3122,3331,2705,2979,274
Truck813315,2655,3121,2720,2979,259
Truck814085,2998,2999,2930,2979,49
Truck812859,2821,0,2590,2980,390
Truck813622,2999,3122,2805,2980,175
Truck814039,3238,3122,2920,2980,60
Truck812890,1339,2436,2600,2981,381
Truck812952,0,2998,2620,2981,361
Truck813122,2225,2224,2665,2981,316
Truck813827,2224,2999,2860,2981,121
Truck810873,2436,1338,2040,2982,942
Truck810937,1338,2436,2060,2982,922
Truck813231,2436,2437,2695,2982,287
Truck813550,2999,2821,2785,2982,197
Truck813657,2655,2998,2815,2982,167
Truck813951,2436,2225,2895,2982,87
Truck814107,2655,3239,2940,2982,42
Truck814116,3239,2436,2940,2982,42
Truck814153,3331,3239,2950,2982,32
Truck810253,1338,2655,1870,2983,1113
Truck810396,0,1338,1910,2983,1073
Truck810811,1338,3121,2025,2983,958
Truck812886,3122,2998,2600,2983,383
Truck814103,2998,3122,2935,2983,48
Truck813335,3121,3331,2725,2984,259
Truck813796,2822,3121,2850,2984,134
Truck813992,2656,3121,2905,2984,79
Truck810019,1338,3238,1805,2985,1180
Truck813004,2822,0,2630,2985,355
Truck813030,3122,2822,2640,2985,345
Truck813052,1339,2822,2645,2985,340
Truck813371,3121,0,2735,2985,250
Truck813537,2436,2999,2780,2986,206
Truck814218,3122,0,2970,2986,16
Truck810091,1338,2656,1825,2987,1162
Truck813289,3331,3238,2710,2987,277
Truck813845,2224,2225,2865,2987,122
Truck813948,3122,2437,2895,2987,92
Truck813968,2225,2436,2900,2987,87
Truck814027,3331,2225,2915,2987,72
Truck814134,3239,2436,2945,2987,42
Truck813353,3121,3331,2730,2988,258
Truck813585,2655,3122,2795,2988,193
Truck813872,2437,2656,2875,2988,113
Truck814121,2998,3122,2940,2988,48
Truck814152,3239,2656,2950,2988,38
Truck810289,1338,2655,1880,2989,1109
Truck813265,3238,3239,2705,2989,284
Truck813360,3239,0,2730,2989,259
Truck813604,2999,0,2800,2989,189
Truck813687,2821,3121,2820,2989,169
Truck814119,2821,2998,2940,2989,49
Truck812727,2436,3238,2555,2990,435
Truck813158,2225,2822,2675,2990,315
Truck811287,2436,1338,2155,2991,836
Truck813510,0,2655,2775,2991,216
Truck814272,3122,1339,2985,2991,6
Truck814279,3331,2656,2985,2991,6
Truck813031,3238,2225,2640,2992,352
Truck813272,2656,3238,2705,2992,287
Truck813846,3239,2821,2865,2992,127
Truck813863,2224,2436,2870,2992,122
Truck813890,2437,2224,2880,2992,112
Truck810905,3121,1338,2050,2993,943
Truck812853,2436,2224,2590,2993,403
Truck813586,2999,2655,2795,2993,198
Truck813705,2821,2655,2825,2993,168
Truck813974,2656,2998,2900,2993,93
Truck814028,2656,2655,2915,2993,78
Truck814045,3331,2999,2920,2993,73
Truck813076,2822,1339,2650,2994,344
Truck813318,3122,3331,2720,2994,274
Truck813441,2655,3238,2755,2994,239
Truck813962,2437,1339,2900,2994,94
Truck814049,2998,2224,2920,2994,74
Truck813048,3122,2224,2645,2995,350
Truck813976,2822,3239,2900,2995,95
Truck813980,2437,3122,2905,2995,90
Truck813189,2655,2225,2685,2997,312
Truck813212,2225,0,2690,2997,307
Truck813308,2656,3238,2715,2997,282
Truck813584,2437,2225,2795,2997,202
Truck813881,2224,1339,2875,2997,122
Truck814207,3331,3239,2965,2997,32
Truck811009,1338,2436,2080,2998,918
Truck811261,1338,2436,2150,2998,848
Truck813278,2437,2436,2710,2998,288
Truck813908,2437,2655,2885,2998,113
Truck814157,2998,0,2950,2998,48
Truck813148,2822,1339,2670,2999,329
Truck813461,3121,1339,2760,2999,239
Truck813624,3122,2655,2805,2999,194
Truck813998,2437,3122,2910,2999,89
Truck810127,1338,3239,1835,3000,1165
Truck813303,2436,2437,2715,3001,286
Truck813306,3239,3238,2715,3001,286
Truck813426,3122,3331,2750,3001,251
Truck813899,2224,1339,2880,3001,121
Truck814010,2656,2998,2910,3001,91
Truck814081,3331,2655,2930,3001,71
Truck814210,2822,2998,2965,3001,36
Truck810848,2437,1338,2035,3002,967
Truck813194,2225,3239,2685,3002,317
Truck813379,3331,3122,2735,3002,267
Truck813142,1339,2822,2670,3003,333
Truck813207,2655,2225,2690,3003,313
Truck814064,2656,3121,2925,3003,78
Truck812962,1339,2436,2620,3004,384
Truck813407,3121,3239,2745,3004,259
Truck814006,1339,2437,2910,3004,94
Truck814175,2998,1338,2955,3004,49
Truck814330,1339,3122,3000,3004,4
Truck810487,1338,3122,1935,3005,1070
Truck812907,2436,2224,2605,3005,400
Truck813438,0,3239,2755,3006,251
Truck813468,3239,3122,2760,3006,246
Truck814009,3331,2821,2910,3006,96
Truck812779,3238,2436,2570,3007,437
Truck812905,3238,2821,2605,3007,402
Truck813606,3122,2655,2800,3007,207
Truck813917,2224,2436,2885,3007,122
Truck814099,3331,2225,2935,3007,72
Truck814197,2655,3239,2965,3007,42
Truck814302,0,1339,2995,3007,12
Truck814312,1339,0,2995,3007,12
Truck813211,3238,2656,2690,3008,318
Truck809967,2655,1338,1790,3009,1219
Truck812934,0,2436,2615,3009,394
Truck813711,2655,1339,2830,3009,179
Truck813873,2655,2822,2875,3009,134
Truck813944,2437,2821,2895,3009,114
Truck814046,2656,2998,2920,3009,89
Truck814245,2821,2822,2975,3009,34
Truck814193,2998,3121,2960,3010,50
Truck814224,3239,1338,2970,3010,40
Truck810025,3238,1338,1805,3011,1206
Truck810237,2655,1338,1865,3011,1146
Truck812943,2436,2821,2615,3011,396
Truck813230,2225,3239,2695,3011,316
Truck813394,1339,2656,2740,3011,271
Truck813443,3121,2656,2755,3011,256
Truck813818,2437,3238,2860,3011,151
Truck814150,1339,3238,2950,3011,61
Truck814351,3331,2656,3005,3011,6
Truck812799,2436,3238,2575,3012,437
Truck813918,3239,2821,2885,3012,127
Truck814117,3331,3121,2940,3012,72
Truck814261,3331,3239,2980,3012,32
Truck812937,2655,2436,2615,3013,398
Truck813935,2224,2656,2890,3013,123
Truck814211,2998,3122,2965,3013,48
Truck813202,2822,1339,2685,3014,329
Truck813672,0,2655,2820,3015,195
Truck813783,2655,2224,2850,3016,166
Truck813904,2822,3121,2880,3016,136
Truck814242,3239,1338,2975,3016,41
Truck814326,3122,0,3000,3016,16
Truck810343,1338,2224,1895,3017,1122
Truck813425,3121,2436,2750,3017,267
Truck813953,2224,0,2895,3017,122
Truck813676,2999,2822,2820,3018,198
Truck813690,0,2999,2825,3018,193
Truck814118,2656,2655,2940,3018,78
Truck810451,1338,3331,1925,3019,1094
Truck812955,2655,2436,2620,3019,399
Truck813487,3331,1339,2765,3019,254
Truck814070,2437,3122,2930,3019,89
Truck814139,2998,2224,2945,3019,74
Truck814229,2998,2822,2970,3019,49
Truck810187,3238,1338,1850,3020,1170
Truck813290,2656,0,2710,3020,310
Truck813402,0,2656,2745,3020,275
Truck813538,1339,3121,2780,3020,240
Truck813922,2822,2437,2885,3020,135
Truck812835,2436,3238,2585,3021,436
Truck812961,2436,2656,2620,3021,401
Truck813093,2821,1339,2655,3021,366
Truck814063,3331,2998,2925,3021,96
Truck814260,3239,2655,2980,3021,41
Truck812973,2655,2436,2625,3022,397
Truck813060,0,2224,2650,3022,372
Truck813344,2656,1339,2725,3022,297
Truck813380,2656,3238,2735,3022,287
Truck813499,3238,3239,2770,3022,252
Truck813570,3122,3239,2790,3022,232
Truck813971,2224,2655,2900,3022,122
Truck813477,2655,3121,2765,3023,258
Truck814136,2656,3121,2945,3023,78
Truck813621,2655,0,2805,3024,219
Truck813693,2655,1339,2825,3024,199
Truck813694,2999,2655,2825,3024,199
Truck813462,3122,2656,2760,3025,265
Truck813940,2822,2655,2890,3025,135
Truck813481,3238,3239,2765,3026,261
Truck814100,2656,2998,2935,3026,91
Truck814406,2656,3331,3020,3026,6
Truck810307,1338,2224,1885,3027,1142
Truck810869,3121,1338,2040,3027,987
Truck813568,2999,3238,2790,3027,237
Truck813571,3238,2655,2790,3027,237
Truck813989,2224,3238,2905,3027,122
Truck814171,3331,2225,2955,3027,72
Truck814200,3122,3238,2965,3027,62
Truck814228,2822,2656,2970,3027,57
Truck814300,2822,2821,2990,3027,37
Truck810415,1338,2821,1915,3028,1113
Truck813712,2999,2822,2830,3028,198
Truck813958,2822,1338,2895,3028,133
Truck814165,3238,0,2955,3028,73
Truck810406,1339,1338,1910,3029,1119
Truck811189,1338,2999,2130,3029,899
Truck813066,3122,2436,2650,3029,379
Truck810559,1338,2655,1955,3030,1075
Truck810847,1338,2999,2035,3030,995
Truck812997,2436,2821,2630,3030,400
Truck813302,2225,2821,2715,3030,315
Truck814102,2822,3239,2935,3030,95
Truck813373,3238,3121,2735,3031,296
Truck813497,3121,3239,2770,3031,261
Truck813849,2821,2225,2865,3031,166
Truck814007,2224,3239,2910,3032,122
Truck814189,3331,2437,2960,3032,72
Truck812977,3238,2224,2625,3033,408
Truck813607,3238,2655,2800,3033,233
Truck814172,2656,1338,2955,3033,78
Truck813389,3121,3238,2740,3034,294
Truck813534,3122,2656,2780,3034,254
Truck814283,2998,1339,2985,3034,49
Truck811107,2436,1338,2105,3035,930
Truck813087,2436,1339,2655,3035,380
Truck814314,3239,2999,2995,3035,40
Truck810558,0,1338,1955,3036,1081
Truck813515,3121,2655,2775,3036,261
Truck814124,2437,3122,2945,3036,91
Truck814144,2999,2437,2950,3036,86
Truck813320,2225,2822,2720,3037,317
Truck813366,0,3331,2735,3037,302
Truck813762,0,2999,2845,3037,192
Truck813765,2655,3122,2845,3037,192
Truck814190,2656,2655,2960,3037,77
Truck811045,1338,2437,2090,3038,948
Truck813033,2436,2998,2640,3038,398
Truck813708,0,2655,2830,3038,208
Truck813867,2821,1338,2870,3038,168
Truck814008,3239,2821,2910,3038,128
Truck814025,2224,3238,2915,3038,123
Truck814264,2822,2656,2980,3038,58
Truck813232,1339,2998,2695,3039,344
Truck813926,2437,3238,2890,3039,149
Truck813994,2822,2437,2905,3039,134
Truck814205,2224,2998,2965,3039,74
Truck814234,2999,3121,2975,3039,64
Truck814301,2998,2437,2990,3039,49
Truck814086,0,2437,2935,3040,105
Truck813564,0,3121,2790,3041,251
Truck813623,3121,3122,2805,3041,236
Truck814052,2437,2655,2925,3041,116
Truck814258,1339,3238,2980,3041,61
Truck814323,2655,3239,3000,3041,41
Truck814043,2224,2225,2920,3042,122
Truck810217,1338,2998,1860,3043,1183
Truck813102,3122,2821,2660,3043,383
Truck814135,3331,2821,2945,3043,98
Truck814319,2998,2655,2995,3043,48
Truck814026,3239,2998,2915,3044,129
Truck814223,2224,2998,2970,3044,74
Truck814253,3121,2999,2980,3044,64
Truck814282,2822,2656,2985,3044,59
Truck810379,1338,2224,1905,3045,1140
Truck810595,1338,1339,1965,3045,1080
Truck813628,1339,3121,2805,3045,240
Truck813567,2655,3121,2790,3046,256
Truck813569,3121,3331,2790,3046,256
Truck813641,3121,3122,2810,3046,236
Truck813766,2999,2998,2845,3046,201
Truck814089,2655,2437,2935,3046,111
Truck814372,2822,2224,3010,3046,36
Truck813398,2656,3238,2740,3047,307
Truck814061,2224,2821,2925,3047,122
Truck814226,2656,2437,2970,3047,77
Truck814387,3331,3239,3015,3047,32
Truck810475,3238,1338,1930,3048,1118
Truck813409,3238,3331,2745,3048,303
Truck813428,2225,1339,2750,3048,298
Truck813603,2655,3238,2800,3048,248
Truck814088,2437,2224,2935,3048,113
Truck814335,2821,2998,3000,3048,48
Truck813594,3239,3238,2795,3049,254
Truck813856,2999,1339,2870,3049,179
Truck814247,2998,2224,2975,3049,74
Truck813874,2999,3122,2875,3050,175
Truck814291,3238,3122,2990,3050,60
Truck814337,2998,2655,3000,3050,50
Truck810325,1338,0,1890,3051,1161
Truck811369,1338,2436,2180,3051,871
Truck811377,2436,1338,2180,3051,871
Truck813546,0,3239,2785,3051,266
Truck813784,2999,3331,2850,3051,201
Truck813862,1339,2999,2870,3051,181
Truck813921,2821,2437,2885,3051,166
Truck814079,2224,2437,2930,3051,121
Truck814488,3122,1339,3045,3051,6
Truck813555,2436,3121,2785,3053,268
Truck813696,3122,3239,2825,3053,228
Truck813802,2999,2822,2855,3053,198
Truck814106,2437,3239,2940,3053,113
Truck814178,2437,1339,2960,3053,93
Truck814355,2998,2656,3005,3053,48
Truck813159,2436,1339,2675,3054,379
Truck814048,2822,3121,2920,3054,134
Truck814192,2822,3239,2960,3054,94
Truck814265,2998,2224,2980,3054,74
Truck813664,1339,3121,2815,3055,240
Truck814214,2437,2999,2970,3055,85
Truck813392,2225,2821,2740,3056,316
Truck813875,3121,2225,2875,3056,181
Truck814408,2822,2224,3020,3056,36
Truck813157,3238,2822,2675,3057,382
Truck813274,2822,3238,2705,3057,352
Truck813578,2656,3122,2790,3057,267
Truck813894,3122,2999,2880,3057,177
Truck814097,2224,3121,2935,3057,122
Truck814262,2656,2437,2980,3057,77
Truck814315,3331,2822,2995,3057,62
Truck811063,1338,2437,2095,3058,963
Truck813105,2436,3239,2660,3058,398
Truck813820,2999,2998,2860,3058,198
Truck814373,2998,1339,3010,3058,48
Truck814371,2821,2998,3010,3059,49
Truck813479,3121,3238,2765,3060,295
Truck813505,3331,3122,2770,3060,290
Truck814327,3238,3122,3000,3060,60
Truck811283,3121,1338,2155,3061,906
Truck813824,2225,2437,2860,3061,201
Truck810830,2437,1338,2030,3062,1032
Truck811264,2999,1338,2150,3062,912
Truck813517,3238,3331,2775,3062,287
Truck813957,2821,2999,2895,3062,167
Truck814115,2224,2822,2940,3062,122
Truck814297,3331,2225,2990,3062,72
Truck814426,2822,2821,3025,3062,37
Truck813679,3238,2655,2820,3063,243
Truck813738,3239,1339,2835,3063,228
Truck814098,3239,2998,2935,3063,128
Truck813123,2436,3331,2665,3064,399
Truck813502,1339,2225,2770,3064,294
Truck814016,2437,3238,2915,3064,149
Truck814222,1339,2437,2970,3064,94
Truck814391,2998,3238,3015,3064,49
Truck813464,2225,0,2760,3065,305
Truck813838,2999,3331,2865,3065,200
Truck814084,2822,2436,2930,3065,135
Truck814244,2656,2224,2975,3065,90
Truck810361,1338,3331,1900,3066,1166
Truck813213,2436,3122,2690,3066,376
Truck813659,3121,0,2815,3066,251
Truck814225,3331,2224,2970,3066,96
Truck813810,3239,1339,2855,3067,212
Truck810435,2655,1338,1920,3068,1148
Truck810794,2437,1338,2020,3068,1048
Truck813238,2822,3238,2695,3068,373
Truck813354,3122,2822,2730,3068,338
Truck813975,2821,2655,2900,3068,168
Truck814133,2224,2436,2945,3068,123
Truck814160,2437,2822,2955,3068,113
Truck814440,3239,2656,3030,3068,38
Truck814409,2998,2225,3020,3069,49
Truck813141,2436,2998,2670,3070,400
Truck813684,3239,3122,2820,3070,250
Truck814343,3121,2999,3005,3070,65
Truck813309,2821,3122,2715,3071,356
Truck813482,2225,0,2765,3071,306
Truck813618,0,3331,2805,3071,266
Truck810505,1338,2821,1940,3072,1132
Truck813666,3239,1339,2815,3072,257
Truck814151,2224,2821,2950,3072,122
Truck814316,2656,3121,2995,3072,77
Truck811395,2436,1338,2185,3073,888
Truck814305,2655,2656,2995,3073,78
Truck814458,3239,2656,3035,3073,38
Truck814250,2437,1339,2980,3074,94
Truck814427,2998,2822,3025,3074,49
Truck814582,1339,3122,3070,3074,4
Truck814120,2822,2999,2940,3075,135
Truck811611,2436,1338,2245,3076,831
Truck813229,3238,2822,2695,3076,381
Truck813892,2999,2821,2880,3076,196
Truck814011,2821,1338,2910,3076,166
Truck813338,2225,3238,2725,3077,352
Truck810812,2437,1338,2025,3078,1053
Truck814169,2224,2656,2955,3078,123
Truck814196,2437,2821,2965,3078,113
Truck814478,2656,3239,3040,3078,38
Truck810956,2437,1338,2065,3079,1014
Truck813186,0,2821,2685,3079,394
Truck813553,3238,3121,2785,3079,294
Truck814278,3239,2822,2985,3079,94
Truck814334,2656,1338,3000,3079,79
Truck814349,2224,2998,3005,3079,74
Truck813551,3121,3238,2785,3080,295
Truck814379,3121,2999,3015,3080,65
Truck814445,2998,2436,3030,3080,50
Truck810469,1338,3122,1930,3081,1151
Truck814215,2655,2437,2970,3081,111
Truck814604,2656,3331,3075,3081,6
Truck813177,2436,3331,2680,3082,402
Truck814369,3331,2655,3010,3082,72
Truck810613,1338,2655,1970,3083,1113
Truck813695,3121,3239,2825,3083,258
Truck813910,2999,2821,2885,3083,198
Truck814017,2655,2998,2915,3083,168
Truck814187,2224,2437,2960,3083,123
Truck814512,3239,3331,3050,3083,33
Truck813560,2656,0,2785,3084,299
Truck814156,2822,3121,2950,3084,134
Truck814463,2998,3122,3035,3084,49
Truck813500,2225,2998,2770,3085,315
Truck813518,2225,2224,2775,3086,311
Truck814209,2821,2224,2965,3086,121
Truck814622,2656,3331,3080,3086,6
Truck813819,2655,3238,2860,3087,227
Truck814047,2821,2999,2920,3087,167
Truck814202,2225,2999,2965,3087,122
Truck814377,2655,3331,3015,3087,72
Truck814188,3239,2224,2960,3088,128
Truck814232,2437,2655,2975,3088,113
Truck813390,3122,2821,2740,3089,349
Truck814481,2998,3331,3040,3089,49
Truck813964,2999,0,2900,3090,190
Truck813966,3122,2655,2900,3090,190
Truck814174,2822,2436,2955,3090,135
Truck813382,2822,3238,2735,3091,356
Truck813805,3238,2999,2855,3091,236
Truck814534,2822,2224,3055,3091,36
Truck813610,1339,2656,2800,3092,292
Truck813803,3121,1339,2855,3092,237
Truck814053,2655,2224,2925,3092,167
Truck814251,2655,2437,2980,3092,112
Truck814405,3331,2655,3020,3092,72
Truck810685,1338,2224,1990,3093,1103
Truck813300,3122,2436,2715,3093,378
Truck813600,0,3331,2800,3093,293
Truck813605,3121,3238,2800,3093,293
Truck813804,3122,3121,2855,3093,238
Truck813822,3122,3121,2860,3095,235
Truck814499,2998,2821,3045,3095,50
Truck813731,3121,2224,2835,3096,261
Truck813963,2655,2999,2900,3096,196
Truck814241,2224,3238,2975,3096,121
Truck814352,2656,2998,3005,3096,91
Truck814019,3121,2225,2915,3098,183
Truck814022,2225,3121,2915,3098,183
Truck814083,2821,2436,2930,3098,168
Truck813410,2225,3238,2745,3099,354
Truck814350,3239,2822,3005,3099,94
Truck813427,3238,2225,2750,3100,350
Truck813554,2225,2655,2785,3100,315
Truck814370,2656,2998,3010,3100,90
Truck814517,2998,2655,3050,3100,50
Truck813663,2436,2437,2815,3101,286
Truck813981,2655,2999,2905,3101,196
Truck814037,3121,2225,2920,3101,181
Truck814548,3239,3121,3060,3101,41
Truck814676,2656,3331,3095,3101,6
Truck814424,2656,2437,3025,3102,77
Truck811639,1338,2999,2255,3103,848
Truck814259,2224,1338,2980,3103,123
Truck814584,3239,3331,3070,3103,33
Truck810756,0,1338,2010,3104,1094
Truck813572,2225,3331,2790,3104,314
Truck813857,3121,3122,2870,3104,234
Truck813982,2999,3239,2905,3104,199
Truck814388,2656,2224,3015,3104,89
Truck814439,2224,2998,3030,3104,74
Truck814535,2998,0,3055,3104,49
Truck813644,2225,1339,2810,3105,295
Truck814072,2999,3122,2930,3105,175
Truck813340,1339,2436,2725,3106,381
Truck813446,2225,3238,2755,3106,351
Truck813466,1339,2998,2760,3106,346
Truck813678,3122,2656,2820,3106,286
Truck813767,3121,3239,2845,3106,261
Truck814320,0,2437,3000,3106,106
Truck814588,2822,2821,3070,3106,36
Truck810493,3238,1338,1935,3107,1172
Truck813808,1339,2656,2855,3107,252
Truck814000,2999,3239,2910,3107,197
Truck814459,3331,1338,3035,3107,72
Truck814566,3239,3121,3065,3107,42
Truck811873,1338,2225,2320,3108,788
Truck814277,2224,2225,2985,3108,123
Truck814553,2998,2821,3060,3108,48
Truck813785,3121,3239,2850,3109,259
Truck810973,1338,2437,2070,3110,1040
Truck814036,2999,0,2920,3110,190
Truck814386,3239,2822,3015,3110,95
Truck810637,3238,1338,1975,3111,1136
Truck813590,2225,2821,2795,3111,316
Truck814477,3331,2999,3040,3111,71
Truck814018,2999,3239,2915,3112,197
Truck814076,2225,3121,2930,3112,182
Truck814295,2224,3331,2990,3112,122
Truck814322,2437,2655,3000,3112,112
Truck814621,3331,3239,3080,3112,32
Truck813882,3239,3122,2875,3113,238
Truck814460,2656,2437,3035,3113,78
Truck814569,2821,2998,3065,3113,48
Truck810541,1338,2998,1950,3114,1164
Truck811190,2437,1338,2130,3114,984
Truck813321,2436,0,2720,3114,394
Truck814623,2821,2822,3080,3114,34
Truck813636,0,2656,2810,3115,305
Truck813680,2225,1339,2820,3115,295
Truck814014,0,2655,2915,3115,200
Truck814571,2998,2655,3065,3115,50
Truck814313,2224,3121,2995,3116,121
Truck814358,2437,0,3010,3116,106
Truck814624,2822,2224,3080,3116,36
Truck811549,1338,2436,2230,3117,887
Truck813608,2225,2998,2800,3117,317
Truck813589,3238,2656,2795,3118,323
Truck813821,3121,2822,2860,3118,258
Truck814422,3239,2822,3025,3118,93
Truck814589,2998,1339,3070,3119,49
Truck813772,1339,3331,2845,3120,275
Truck814620,3239,2436,3080,3120,40
Truck813391,3238,2822,2740,3121,381
Truck813654,0,2225,2815,3122,307
Truck814331,2224,2436,3000,3122,122
Truck814611,2655,3239,3080,3122,42
Truck810703,1338,3238,1995,3123,1128
Truck813420,0,2821,2750,3123,373
Truck814496,2656,3121,3045,3123,78
Truck814511,2224,2998,3050,3124,74
Truck814607,2998,3121,3075,3124,49
Truck813839,3121,2822,2865,3125,260
Truck814561,3238,3122,3065,3125,60
Truck814638,3239,3121,3085,3125,40
Truck813412,1339,2436,2745,3126,381
Truck813471,2821,3238,2760,3126,366
Truck813520,1339,2224,2775,3126,351
Truck813928,2999,3238,2890,3126,236
Truck813972,3239,3122,2900,3126,226
Truck814054,2999,2998,2925,3126,201
Truck814130,2225,3121,2945,3126,181
Truck814531,3331,3121,3055,3126,71
Truck814722,3122,0,3110,3126,16
Truck814191,2821,2655,2960,3127,167
Truck814342,2999,2225,3005,3127,122
Truck814560,3122,3238,3065,3127,62
Truck814586,2656,2822,3070,3127,57
Truck811086,3122,1338,2100,3128,1028
Truck814332,3239,2821,3000,3128,128
Truck814376,2437,2224,3015,3128,113
Truck814625,2998,3239,3080,3128,48
Truck813662,2225,2224,2815,3129,314
Truck813844,1339,3331,2865,3129,264
Truck813643,3238,2656,2810,3130,320
Truck813429,2436,1339,2750,3131,381
Truck813430,1339,2436,2750,3131,381
Truck813698,2225,0,2825,3131,306
Truck813794,2656,0,2850,3131,281
Truck814145,3121,2225,2950,3131,181
Truck814394,2437,3331,3020,3131,111
Truck814734,0,3122,3115,3131,16
Truck813355,3238,2224,2730,3132,402
Truck814104,0,2999,2940,3132,192
Truck814656,3239,2999,3090,3132,42
Truck811027,1338,2224,2085,3133,1048
Truck813536,2225,3238,2780,3133,353
Truck814367,2224,2436,3010,3133,123
Truck814643,2998,2436,3085,3133,48
Truck813357,2436,2822,2730,3134,404
Truck813375,2436,2821,2735,3134,399
Truck814286,2437,3121,2990,3134,144
Truck814336,2822,2999,3000,3134,134
Truck814476,3239,2822,3040,3134,94
Truck813770,2225,3122,2845,3135,290
Truck813952,1339,3121,2895,3135,240
Truck813967,3238,2999,2900,3135,235
Truck813249,2436,3238,2700,3136,436
Truck813749,3121,3238,2840,3136,296
Truck814071,2655,3122,2930,3136,206
Truck813411,2436,0,2745,3137,392
Truck813893,3121,2224,2880,3137,257
Truck814090,2999,2822,2935,3137,202
Truck814674,3239,2999,3095,3137,42
Truck813716,2225,0,2830,3138,308
Truck814108,2999,2656,2940,3138,198
Truck814179,2655,1339,2960,3138,178
Truck814385,2224,3331,3015,3138,123
Truck814389,2821,2224,3015,3138,123
Truck814710,3239,3331,3105,3138,33
Truck813445,3238,2998,2755,3139,384
Truck814227,2821,2437,2970,3139,169
Truck813883,3331,1339,2875,3140,265
Truck814495,3331,2224,3045,3140,95
Truck814498,2822,3239,3045,3140,95
Truck814661,2998,3122,3090,3140,50
Truck813984,3122,3121,2905,3142,237
Truck814446,0,2437,3035,3142,107
Truck814514,2656,2224,3050,3142,92
Truck814579,3238,0,3070,3142,72
Truck814585,3331,2436,3070,3142,72
Truck813945,2655,3238,2895,3143,248
Truck814403,2224,3239,3020,3143,123
Truck814679,2998,3331,3095,3143,48
Truck813983,3121,1339,2905,3144,239
Truck814126,2999,2998,2945,3144,199
Truck814583,2224,2998,3070,3144,74
Truck814304,2437,3238,2995,3145,150
Truck814513,3331,2998,3050,3145,95
Truck814532,2656,2998,3055,3145,90
Truck814633,3238,3122,3085,3145,60
Truck813285,2436,3238,2710,3146,436
Truck813911,3121,2655,2885,3146,261
Truck814421,2224,2655,3025,3146,121
Truck814430,2437,3239,3030,3146,116
Truck814449,2655,2437,3035,3146,111
Truck814603,3331,2999,3075,3147,72
Truck813990,3239,3122,2905,3148,243
Truck813929,3121,2224,2890,3149,259
Truck814630,2999,3121,3085,3149,64
Truck814631,3121,2999,3085,3149,64
Truck814186,1339,2655,2960,3150,190
Truck810631,1338,2655,1975,3151,1176
Truck813507,2821,1339,2770,3151,381
Truck814001,3121,1339,2910,3151,241
Truck814563,2436,2225,3065,3151,86
Truck814812,3122,0,3135,3151,16
Truck814060,1339,3239,2925,3152,227
Truck814180,2999,0,2960,3152,192
Truck814432,2999,2225,3030,3152,122
Truck814728,3239,2225,3110,3152,42
Truck813465,2436,0,2760,3153,393
Truck813706,2822,0,2825,3153,328
Truck813888,0,2656,2880,3153,273
Truck813947,3121,2822,2895,3153,258
Truck813447,2436,3239,2755,3154,399
Truck813456,0,2436,2760,3154,394
Truck813752,2225,2655,2840,3154,314
Truck814715,2998,2436,3105,3154,49
Truck814162,2999,2224,2955,3155,200
Truck810829,1338,3122,2030,3156,1126
Truck814038,3122,3239,2920,3156,236
Truck814198,2999,0,2965,3156,191
Truck814457,2224,1339,3035,3156,121
Truck814568,2656,2998,3065,3156,91
Truck814746,3239,2225,3115,3156,41
Truck814238,2225,3121,2975,3157,182
Truck814678,2822,3331,3095,3157,62
Truck813788,2225,0,2850,3158,308
Truck814484,2437,3239,3045,3159,114
Truck814733,2998,2225,3110,3159,49
Truck813489,2821,3238,2765,3160,395
Truck814216,2999,0,2970,3160,190
Truck814363,3238,2437,3010,3160,150
Truck814567,3331,2998,3065,3160,95
Truck814666,2999,3121,3095,3160,65
Truck813860,2225,3122,2870,3161,291
Truck814657,3331,2999,3090,3161,71
Truck814884,3122,1339,3155,3161,6
Truck811387,1338,2437,2185,3162,977
Truck813339,2436,3238,2725,3162,437
Truck813996,0,3239,2910,3162,252
Truck814317,2821,2999,2995,3162,167
Truck814475,2224,3331,3040,3162,122
Truck814598,2225,2436,3075,3162,87
Truck814764,3239,2436,3120,3162,42
Truck813859,3238,3121,2870,3163,293
Truck814502,2437,2224,3050,3163,113
Truck814640,2656,2436,3085,3163,78
Truck814751,2998,2655,3115,3163,48
Truck813592,1339,2224,2795,3164,369
Truck814002,3122,3239,2910,3164,254
Truck814161,2655,3238,2955,3164,209
Truck814444,2822,2437,3030,3164,134
Truck814651,3238,0,3090,3164,74
Truck813574,1339,2998,2790,3165,375
Truck813535,3238,2224,2780,3166,386
Truck813878,2225,3122,2875,3166,291
Truck814493,2224,2436,3045,3166,121
Truck814497,2821,2224,3045,3166,121
Truck814675,3331,3121,3095,3166,71
Truck814782,3239,2437,3125,3166,41
Truck814804,2822,2998,3130,3166,36
Truck813483,2436,3331,2765,3167,402
Truck813816,0,2225,2860,3167,307
Truck813897,2436,2437,2880,3167,287
Truck813934,1339,2656,2890,3167,277
Truck814185,2436,2999,2960,3167,207
Truck814536,0,2437,3060,3167,107
Truck814878,0,1339,3155,3167,12
Truck813556,1339,2436,2785,3168,383
Truck813801,2655,2225,2855,3168,313
Truck813970,1339,2656,2900,3168,268
Truck814274,2225,3121,2985,3168,183
Truck814769,2998,2655,3120,3168,48
Truck810757,1338,0,2010,3169,1159
Truck813501,2436,2224,2770,3169,399
Truck814610,2437,3122,3080,3169,89
Truck814658,2656,3121,3090,3169,79
Truck814170,3239,3122,2955,3170,215
Truck814353,2821,1338,3005,3170,165
Truck814556,2437,0,3065,3170,105
Truck814800,3239,2225,3130,3170,40
Truck813806,2225,2655,2855,3171,316
Truck813840,3122,2822,2865,3172,307
Truck814203,2436,2999,2965,3172,207
Truck814683,2655,3331,3100,3172,72
Truck814729,3331,2822,3110,3172,62
Truck813528,0,2436,2780,3173,393
Truck814494,3239,2821,3045,3173,128
Truck814818,3239,2656,3135,3173,38
Truck814538,2437,2998,3060,3174,114
Truck814574,2437,0,3070,3174,104
Truck814697,2998,2224,3100,3174,74
Truck814787,2998,3121,3125,3174,49
Truck813898,1339,2225,2880,3175,295
Truck814412,2437,3238,3025,3175,150
Truck814480,2822,2437,3040,3175,135
Truck814266,0,2999,2985,3176,191
Truck814529,2224,2655,3055,3176,121
Truck813519,2436,2655,2775,3177,402
Truck813646,1339,2224,2810,3177,367
Truck813933,2436,2437,2890,3177,287
Truck814221,2436,2999,2970,3177,207
Truck814290,3122,2655,2990,3177,187
Truck814701,2655,3331,3105,3177,72
Truck813848,2656,3238,2865,3178,313
Truck814252,2999,3239,2980,3178,198
Truck814805,2998,3121,3130,3178,48
Truck813938,2656,3238,2890,3179,289
Truck813985,3238,3331,2905,3180,275
Truck814114,1339,3121,2940,3180,240
Truck814129,3238,2999,2945,3180,235
Truck813842,2225,2224,2865,3181,316
Truck813930,3122,2225,2890,3181,291
Truck813973,3331,3122,2900,3181,281
Truck814093,3238,3239,2935,3181,246
Truck811118,2437,1338,2110,3182,1072
Truck814547,2224,3121,3060,3182,122
Truck813732,3122,2998,2835,3184,349
Truck814146,3122,3121,2950,3184,234
Truck814516,2822,2655,3050,3184,134
Truck814712,2656,2655,3105,3184,79
Truck814823,2998,3121,3135,3184,49
Truck813896,2225,0,2880,3186,306
Truck814306,2999,0,2995,3186,191
Truck814981,3331,2656,3180,3186,6
Truck812053,1338,2225,2370,3187,817
Truck813645,2436,3122,2810,3187,377
Truck814565,2224,2999,3065,3187,122
Truck814593,2655,2437,3075,3187,112
Truck810793,1338,2656,2020,3188,1168
Truck813741,2821,3122,2835,3188,353
Truck814056,3122,2656,2925,3188,263
Truck814073,3121,2655,2930,3188,258
Truck814288,2999,3331,2990,3188,198
Truck814841,2998,3239,3140,3189,49
Truck810865,1338,2998,2040,3190,1150
Truck813987,2436,2437,2905,3190,285
Truck814163,3121,3122,2955,3190,235
Truck814695,2821,2656,3100,3190,90
Truck813573,2436,3239,2790,3191,401
Truck814765,3331,2436,3120,3191,71
Truck814872,3239,2999,3150,3191,41
Truck814950,0,3122,3175,3191,16
Truck811015,3238,1338,2080,3192,1112
Truck814164,3122,3121,2955,3192,237
Truck814425,2821,2436,3025,3192,167
Truck813714,3122,2998,2830,3193,363
Truck814110,3122,3331,2940,3193,253
Truck814132,1339,3331,2945,3193,248
Truck814592,2437,2656,3075,3193,118
Truck814748,2656,2655,3115,3193,78
Truck814859,2998,1338,3145,3193,48
Truck813591,2436,2224,2795,3194,399
Truck814212,0,3239,2970,3194,224
Truck814539,2655,2822,3060,3194,134
Truck813627,2436,0,2805,3195,390
Truck814050,0,3331,2925,3195,270
Truck814091,3121,2224,2935,3195,260
Truck814395,2655,1339,3020,3195,175
Truck814413,2655,2821,3025,3195,170
Truck814912,2822,2224,3160,3195,35
Truck813868,2822,0,2870,3197,327
Truck814109,3121,2821,2940,3197,257
Truck814601,2224,2655,3075,3197,122
Truck814890,3239,2225,3155,3197,42
Truck813988,1339,2656,2905,3198,293
Truck814324,2999,2224,3000,3198,198
Truck814338,0,2999,3005,3198,193
Truck814766,2656,3121,3120,3198,78
Truck814507,3238,2437,3050,3199,149
Truck814877,2998,3122,3150,3199,49
Truck813609,2436,2998,2800,3200,400
Truck814362,3122,2655,3010,3200,190
Truck814711,3331,2998,3105,3200,95
Truck814714,2822,3239,3105,3200,95
Truck814730,2656,2821,3110,3200,90
Truck814269,2655,3238,2985,3201,216
Truck814570,2822,2437,3065,3201,136
Truck814908,3239,2225,3160,3201,41
Truck814127,3121,3239,2945,3202,257
Truck814287,2655,1339,2990,3202,212
Truck814856,2656,2822,3145,3202,57
Truck814096,1339,3331,2935,3203,268
Truck814416,3122,2999,3025,3203,178
Truck814619,2224,3122,3080,3203,123
Truck814742,2225,2436,3115,3203,88
Truck814784,2656,2999,3125,3203,78
Truck814895,2998,3331,3155,3203,48
Truck813850,2822,3238,2865,3204,339
Truck813870,0,2822,2875,3204,329
Truck813913,3238,2656,2885,3204,319
Truck814219,3238,2999,2970,3204,234
Truck814718,2437,1339,3110,3204,94
Truck814795,3238,0,3130,3204,74
Truck814004,2225,1339,2910,3205,295
Truck814761,2436,2225,3120,3205,85
Truck811081,1338,2656,2100,3206,1106
Truck813795,2821,1339,2850,3206,356
Truck814176,0,3239,2960,3206,246
Truck814230,0,3239,2975,3206,231
Truck811585,1338,2437,2240,3207,967
Truck814329,2436,2999,3000,3207,207
Truck814340,2437,2225,3005,3207,202
Truck814637,2224,2822,3085,3207,122
Truck814665,2655,2437,3095,3207,112
Truck814802,2656,3121,3130,3207,77
Truck814876,2822,2656,3150,3207,57
Truck814020,3122,2225,2915,3208,293
Truck814201,3238,3239,2965,3208,243
Truck814641,2821,2224,3085,3208,123
Truck814664,2437,3239,3095,3208,113
Truck813717,2436,1339,2830,3209,379
Truck814750,2822,3239,3115,3209,94
Truck814235,3121,3122,2975,3210,235
Truck814359,2655,0,3010,3210,200
Truck814360,2999,3331,3010,3210,200
Truck814479,2821,2436,3040,3210,170
Truck814913,2998,2656,3160,3210,50
Truck811603,1338,2437,2245,3211,966
Truck813813,2821,1339,2855,3211,356
Truck814078,1339,3331,2930,3211,281
Truck814559,3121,2437,3065,3211,146
Truck814606,2822,2999,3075,3211,136
Truck815071,3331,2656,3205,3211,6
Truck811194,3122,1338,2130,3212,1082
Truck814131,2436,3121,2945,3212,267
Truck814820,2656,1338,3135,3212,77
Truck810775,1338,3239,2015,3213,1198
Truck810883,1338,2998,2045,3213,1168
Truck813718,1339,2224,2830,3213,383
Truck814378,2999,2656,3015,3213,198
Truck814655,2224,3331,3090,3213,123
Truck814931,2998,2225,3165,3213,48
Truck814962,3239,2656,3175,3213,38
Truck814082,2656,3238,2930,3214,284
Truck814296,3239,3122,2990,3214,224
Truck814682,2437,2656,3100,3214,114
Truck811658,2437,1338,2260,3216,956
Truck815046,3122,0,3200,3216,16
Truck815082,3122,1339,3210,3216,6
Truck813823,3238,2822,2860,3217,357
Truck813826,1339,2821,2860,3217,357
Truck814454,2225,3121,3035,3217,182
Truck814515,2821,2225,3050,3217,167
Truck814673,2224,2655,3095,3217,122
Truck814677,2821,2224,3095,3217,122
Truck814700,2437,2822,3105,3217,112
Truck814767,2821,3331,3120,3217,97
Truck813986,2225,3331,2905,3218,313
Truck814181,3121,2224,2960,3218,258
Truck814642,2822,1338,3085,3218,133
Truck814154,2656,3122,2950,3219,269
Truck814949,2998,3121,3170,3219,49
Truck814783,3331,2821,3125,3220,95
Truck811171,1338,2822,2125,3221,1096
Truck813681,2436,2656,2820,3221,401
Truck813798,0,2822,2855,3221,366
Truck814270,2999,3238,2985,3221,236
Truck814383,2436,2999,3015,3221,206
Truck814414,2999,2656,3025,3221,196
Truck814521,2655,2821,3055,3222,167
Truck814691,2224,1339,3100,3222,122
Truck811783,1338,2999,2295,3223,928
Truck813858,3122,2224,2870,3223,353
Truck814167,2436,3121,2955,3223,268
Truck814199,3121,2655,2965,3223,258
Truck814533,2821,2655,3055,3223,168
Truck814873,3331,2436,3150,3223,73
Truck811837,1338,3121,2310,3224,914
Truck813751,3238,2821,2840,3224,384
Truck814243,3331,3122,2975,3224,249
Truck814344,3122,3239,3005,3224,219
Truck814504,2999,3122,3050,3224,174
Truck815122,1339,3122,3220,3224,4
Truck813699,2436,2998,2825,3225,400
Truck814122,0,2656,2945,3225,280
Truck814613,3121,2437,3080,3225,145
Truck814967,2998,2822,3175,3225,50
Truck812043,2436,1338,2365,3226,861
Truck812276,2225,1338,2430,3226,796
Truck814396,2999,2436,3020,3226,206
Truck814709,2224,1339,3105,3226,121
Truck814946,2656,2822,3170,3226,56
Truck813735,2436,0,2835,3227,392
Truck813771,2436,1339,2845,3227,382
Truck814551,2821,2225,3060,3227,167
Truck814801,3331,2224,3130,3227,97
Truck814874,2656,1338,3150,3227,77
Truck813978,0,2822,2905,3228,323
Truck814032,0,2225,2920,3228,308
Truck814289,3121,1339,2990,3228,238
Truck812305,1338,2225,2440,3229,789
Truck814467,2655,0,3040,3229,189
Truck814506,3122,2999,3050,3229,179
Truck814736,2437,3239,3115,3229,114
Truck814985,2998,2821,3180,3229,49
Truck813885,2821,0,2875,3230,355
Truck815016,3239,2225,3190,3230,40
Truck811117,1338,0,2110,3231,1121
Truck815038,2822,2224,3195,3231,36
Truck815144,2656,3331,3225,3231,6
Truck814727,2224,3121,3110,3232,122
Truck814909,3331,3121,3160,3232,72
Truck814450,2999,2822,3035,3234,199
Truck814844,2437,3122,3145,3234,89
Truck814892,2656,2225,3155,3234,79
Truck814907,2224,2998,3160,3234,74
Truck815003,2998,3122,3185,3234,49
Truck813841,3238,2821,2865,3235,370
Truck813914,2225,3238,2885,3236,351
Truck814217,3121,2436,2970,3236,266
Truck814523,3121,2225,3055,3236,181
Truck814526,2225,3121,3055,3236,181
Truck814649,3121,2437,3090,3236,146
Truck814754,2437,2224,3120,3236,116
Truck810919,1338,3239,2055,3237,1182
Truck814142,2437,2436,2950,3237,287
Truck814575,2655,2224,3070,3237,167
Truck814738,2999,2225,3115,3237,122
Truck814745,2224,3121,3115,3237,122
Truck815140,1339,0,3225,3237,12
Truck814128,3122,2225,2945,3238,293
Truck814206,3239,3238,2965,3238,273
Truck814772,2437,2655,3125,3238,113
Truck814854,3239,2822,3145,3238,93
Truck814910,2656,2437,3160,3238,78
Truck814468,2999,2656,3040,3239,199
Truck814587,2821,3121,3070,3239,169
Truck814925,2224,2998,3165,3239,74
Truck815021,2998,2225,3190,3239,49
Truck815073,2821,2822,3205,3239,34
Truck813747,2655,2436,2840,3240,400
Truck814058,2225,2822,2925,3240,315
Truck814862,2437,3122,3150,3240,90
Truck811135,1338,3239,2115,3241,1126
Truck814763,2224,3331,3120,3241,121
Truck814605,2821,3121,3075,3242,167
Truck814790,2437,2821,3130,3242,112
Truck814855,3331,2998,3145,3242,97
Truck814945,3331,2655,3170,3242,72
Truck811819,1338,2436,2305,3243,938
Truck814486,2999,2821,3045,3243,198
Truck814917,2655,2656,3165,3243,78
Truck813831,2821,3122,2860,3244,384
Truck814732,2822,1338,3110,3244,134
Truck815039,2998,1338,3195,3244,49
Truck814280,2656,3122,2985,3245,260
Truck813843,2436,1339,2865,3246,381
Truck813950,2225,3238,2895,3246,351
Truck814781,2224,0,3125,3246,121
Truck814112,2225,0,2940,3247,307
Truck811230,3122,1338,2140,3249,1109
Truck813789,2436,2821,2850,3249,399
Truck813906,0,2822,2885,3249,364
Truck814891,3331,2224,3155,3249,94
Truck814168,1339,2225,2955,3250,295
Truck814629,2655,2998,3085,3250,165
Truck814808,2437,2821,3135,3250,115
Truck815057,2998,2225,3200,3250,50
Truck815088,3239,2225,3210,3250,40
Truck810979,3238,1338,2070,3251,1181
Truck813895,3238,2821,2880,3251,371
Truck814276,1339,3331,2985,3251,266
Truck811477,1338,2437,2210,3252,1042
Truck813807,2436,2822,2855,3252,397
Truck814275,2436,3121,2985,3252,267
Truck814799,2224,3331,3130,3252,122
Truck814911,2821,2656,3160,3252,92
Truck814208,2656,0,2965,3253,288
Truck814307,3121,2998,2995,3253,258
Truck814522,2999,2224,3055,3253,198
Truck814768,2822,2437,3120,3253,133
Truck815075,2998,3239,3205,3253,48
Truck814184,2225,1339,2960,3254,294
Truck814928,2656,2998,3165,3254,89
Truck814755,2655,2822,3120,3255,135
Truck814485,2655,0,3045,3256,211
Truck814520,2437,2225,3055,3256,201
Truck814817,2224,2655,3135,3256,121
Truck814999,3331,2999,3185,3257,72
Truck815212,1339,0,3245,3257,12
Truck811899,2436,1338,2325,3258,933
Truck814024,1339,2998,2915,3258,343
Truck814325,3121,2998,3000,3259,259
Truck814659,2821,2437,3090,3259,169
Truck814786,2822,2655,3125,3259,134
Truck814916,2437,1339,3165,3259,94
Truck814927,3331,2821,3165,3259,94
Truck815093,2998,3331,3210,3259,49
Truck813825,2436,2656,2860,3260,400
Truck813834,0,2436,2865,3260,395
Truck813903,2821,3122,2880,3260,380
Truck814298,2656,3122,2990,3260,270
Truck814540,2999,2998,3060,3260,200
Truck814739,3121,2437,3115,3260,145
Truck814042,1339,2821,2920,3261,341
Truck814576,2999,0,3070,3261,191
Truck814558,2999,3239,3065,3262,197
Truck814835,2224,2437,3140,3262,122
Truck815220,0,1339,3250,3262,12
Truck814791,2655,2822,3130,3263,133
Truck815000,2656,2225,3185,3263,78
Truck815017,3331,2999,3190,3263,73
Truck814075,3238,2822,2930,3265,335
Truck814148,2225,2822,2950,3265,315
Truck815111,2998,2655,3215,3265,50
Truck814341,2655,3121,3005,3266,261
Truck814970,2437,2999,3180,3266,86
Truck815226,3122,0,3250,3266,16
Truck814590,0,2999,3075,3267,192
Truck814850,2225,2999,3145,3267,122
Truck814853,2224,2822,3145,3267,122
Truck815035,3331,2436,3195,3267,72
Truck815090,2656,2822,3210,3267,57
Truck813715,3238,2436,2830,3268,438
Truck814822,2822,2436,3135,3268,133
Truck815018,2656,3121,3190,3268,78
Truck813916,1339,2436,2885,3269,384
Truck813924,0,2821,2890,3269,379
Truck814012,2822,0,2910,3269,359
Truck814254,3122,2656,2980,3269,289
Truck811297,1338,3238,2160,3270,1110
Truck811356,3122,1338,2175,3270,1095
Truck814040,2225,3238,2920,3270,350
Truck814166,2225,3239,2955,3270,315
Truck814361,3121,2998,3010,3270,260
Truck814880,2437,3239,3155,3270,115
Truck815129,2998,2999,3220,3270,50
Truck814982,2656,2224,3180,3271,91
Truck815160,3239,2437,3230,3271,41
Truck811945,1338,2999,2340,3272,932
Truck814871,2224,2225,3150,3272,122
Truck815053,3331,1338,3200,3272,72
Truck813733,3238,2436,2835,3273,438
Truck814268,2437,2436,2985,3273,288
Truck814978,1339,2437,3180,3273,93
Truck815147,2998,2821,3225,3273,48
Truck814404,3239,0,3020,3274,254
Truck814255,3238,3121,2980,3275,295
Truck814594,2999,2656,3075,3275,200
Truck811984,2999,1338,2350,3276,926
Truck813879,2436,2224,2875,3276,401
Truck813993,2821,3238,2905,3276,371
Truck815178,3239,2999,3235,3276,41
Truck814057,3238,2225,2925,3277,352
Truck814581,2436,2999,3070,3277,207
Truck814731,2821,3121,3110,3277,167
Truck814889,2224,2655,3155,3277,122
Truck815215,3331,3239,3245,3277,32
Truck814441,3331,3122,3030,3278,248
Truck814875,2821,3239,3150,3278,128
Truck811153,1338,2821,2120,3279,1159
Truck813891,2655,2436,2880,3279,399
Truck815165,2998,3122,3230,3279,49
Truck814271,3121,3238,2985,3280,295
Truck814397,3121,2821,3020,3280,260
Truck814557,2655,0,3065,3280,215
Truck814612,2999,3331,3080,3280,200
Truck815218,2822,2821,3245,3280,35
Truck810991,1338,3122,2075,3281,1206
Truck813877,3238,2998,2875,3281,406
Truck815196,3239,2436,3240,3281,41
Truck815324,2656,3331,3275,3281,6
Truck814934,2437,2821,3170,3282,112
Truck814935,2655,2437,3170,3282,112
Truck814402,1339,3239,3020,3283,263
Truck814737,2655,2998,3115,3283,168
Truck814893,2821,3239,3155,3283,128
Truck815089,3331,3121,3210,3283,73
Truck811099,1338,3238,2105,3284,1179
Truck815183,2998,3238,3235,3284,49
Truck814294,1339,2225,2990,3285,295
Truck814415,3121,2822,3025,3285,260
Truck815037,2821,2656,3195,3285,90
Truck814068,0,2224,2930,3286,356
Truck814220,2225,2655,2970,3286,316
Truck814487,3121,1339,3045,3286,241
Truck814929,2821,2224,3165,3286,121
Truck815143,3331,2822,3225,3286,61
Truck814703,3121,2225,3105,3287,182
Truck814918,2999,2225,3165,3287,122
Truck815036,2656,2224,3195,3287,92
Truck814492,1339,3331,3045,3288,243
Truck815137,3238,1339,3225,3288,63
Truck815201,2998,2437,3240,3288,48
Truck815232,3239,2656,3250,3288,38
Truck814894,2822,2437,3155,3289,134
Truck814111,3238,2225,2940,3290,350
Truck814309,3238,3121,2995,3290,295
Truck814333,3331,1339,3000,3290,290
Truck814648,2999,2655,3090,3290,200
Truck814952,2437,2656,3175,3290,115
Truck812200,2999,1338,2410,3291,881
Truck814256,2225,2998,2980,3291,311
Truck814433,3121,2655,3030,3291,261
Truck814680,0,2999,3100,3291,191
Truck814785,2821,1338,3125,3291,166
Truck814926,3239,2998,3165,3291,126
Truck815125,3331,2225,3220,3291,71
Truck814451,3121,2224,3035,3292,257
Truck814578,3122,3239,3070,3292,222
Truck814943,2224,2437,3170,3292,122
Truck815254,2822,2998,3255,3292,37
Truck811225,1338,2656,2140,3293,1153
Truck814773,2655,2998,3125,3293,168
Truck814899,2655,2822,3160,3293,133
Truck815219,2998,3122,3245,3293,48
Truck811423,1338,2655,2195,3294,1099
Truck813960,0,2436,2900,3294,394
Truck814368,3239,3238,3010,3294,284
Truck814428,0,3239,3030,3296,266
Truck814442,2656,1339,3030,3296,266
Truck814758,3122,2999,3120,3296,176
Truck811243,1338,2822,2145,3297,1152
Truck814246,2822,0,2975,3297,322
Truck814530,3239,0,3055,3297,242
Truck814961,2224,1338,3175,3297,122
Truck814138,2822,0,2945,3298,353
Truck814423,3331,0,3025,3298,273
Truck814542,3122,3121,3060,3298,238
Truck814944,3239,2821,3170,3298,128
Truck811716,3122,1338,2275,3299,1024
Truck815237,2998,2437,3250,3299,49
Truck815392,1339,3122,3295,3299,4
Truck813969,2436,2224,2900,3300,400
Truck814776,3122,2999,3125,3300,175
Truck811531,1338,2655,2225,3301,1076
Truck815091,2821,2656,3210,3301,91
Truck814005,2436,0,2910,3302,392
Truck814292,2225,2655,2990,3302,312
Truck814809,2655,2224,3135,3302,167
Truck814979,2224,3331,3180,3302,122
Truck815305,3331,3239,3270,3302,32
Truck814380,3122,3331,3015,3303,288
Truck815148,0,3238,3230,3303,73
Truck815255,2998,2656,3255,3303,48
Truck811450,1339,1338,2200,3304,1104
Truck814204,1339,2822,2965,3304,339
Truck815086,1339,2437,3210,3304,94
Truck814101,2821,0,2935,3305,370
Truck814366,1339,2225,3010,3305,295
Truck814702,2999,2656,3105,3305,200
Truck814065,2821,0,2925,3306,381
Truck814137,2821,1339,2945,3306,361
Truck814469,3121,2436,3040,3306,266
Truck814827,2655,2224,3140,3306,166
Truck814901,3121,2437,3160,3306,146
Truck814997,2224,2436,3185,3306,121
Truck815286,3239,2655,3265,3306,41
Truck814503,2655,3121,3050,3307,257
Truck814778,2225,3121,3125,3307,182
Truck814898,2437,3121,3160,3307,147
Truck815151,2655,2656,3230,3307,77
Truck815162,2656,2655,3230,3307,77
Truck814155,2821,1339,2950,3308,358
Truck814706,2225,2437,3105,3308,203
Truck814966,2822,2437,3175,3308,133
Truck814980,3239,2224,3180,3308,128
Truck815304,3239,2656,3270,3308,38
Truck814839,2821,2999,3140,3309,169
Truck815273,2998,3239,3260,3309,49
Truck811823,3121,1338,2305,3310,1005
Truck814384,1339,2225,3015,3310,295
Truck815104,1339,2437,3215,3310,95
Truck811428,3122,1338,2195,3311,1116
Truck811536,3122,1338,2225,3311,1086
Truck811279,1338,2656,2155,3312,1157
Truck814595,3121,3122,3075,3312,237
Truck814724,2225,2437,3110,3312,202
Truck814796,2225,3121,3130,3312,182
Truck815015,2224,2822,3190,3312,122
Truck815252,2656,2822,3255,3312,57
Truck814158,0,2998,2955,3313,358
Truck814308,3122,2822,2995,3313,318
Truck814998,3239,2224,3185,3313,128
Truck815197,3331,3121,3240,3313,73
Truck814023,2436,3331,2915,3314,399
Truck814328,2225,2821,3000,3314,314
Truck814354,2822,3122,3005,3314,309
Truck814602,3239,0,3075,3314,239
Truck815114,2437,1339,3220,3314,94
Truck815195,2224,2998,3240,3314,74
Truck815291,2998,3331,3265,3314,49
Truck812111,3121,1338,2385,3315,930
Truck814774,2999,0,3125,3315,190
Truck814984,2822,2436,3180,3315,135
Truck814095,2436,1339,2935,3316,381
Truck814500,0,3331,3050,3316,266
Truck814668,3122,3239,3095,3316,221
Truck815033,2224,3122,3195,3316,121
Truck814356,0,2225,3010,3317,307
Truck814364,2225,0,3010,3317,307
Truck814505,3121,2436,3050,3317,267
Truck814814,2225,3121,3135,3317,182
Truck815198,2656,1338,3240,3318,78
Truck815251,3331,2822,3255,3318,63
Truck815309,2998,3239,3270,3318,48
Truck814420,1339,2225,3025,3319,294
Truck814541,3121,2998,3060,3319,259
Truck815002,2822,2225,3185,3319,134
Truck815060,2437,2655,3205,3319,114
Truck814436,2225,3122,3030,3320,290
Truck814417,3238,3121,3025,3321,296
Truck814418,2225,1339,3025,3321,296
Truck814756,2999,3239,3120,3321,201
Truck815340,3239,2225,3280,3321,41
Truck815418,0,3122,3305,3321,16
Truck815468,2656,3331,3315,3321,6
Truck813915,2436,3238,2885,3322,437
Truck814041,2436,2655,2920,3322,402
Truck814346,2225,2822,3005,3322,317
Truck814381,3238,2656,3015,3322,307
Truck814448,2437,2436,3035,3322,287
Truck815034,3239,2224,3195,3322,127
Truck815362,2822,2821,3285,3322,37
Truck814518,0,2656,3055,3323,268
Truck814704,3122,3239,3105,3323,218
Truck814881,2655,2224,3155,3323,168
Truck815051,2224,1338,3200,3323,123
Truck815078,2437,2224,3210,3323,113
Truck815327,2998,3238,3275,3323,48
Truck814636,1339,3121,3085,3324,239
Truck814059,2436,2821,2925,3325,400
Truck814237,3238,2225,2975,3325,350
Truck811333,1338,3238,2170,3326,1156
Truck815161,3331,2821,3230,3326,96
Truck815181,2821,2656,3235,3326,91
Truck815380,2822,2224,3290,3326,36
Truck814452,3122,2225,3035,3327,292
Truck814466,2437,2436,3040,3327,287
Truck814564,1339,2656,3065,3327,262
Truck815052,3239,2998,3200,3327,127
Truck815069,2224,3122,3205,3327,122
Truck815096,2437,2224,3215,3327,112
Truck811314,0,1338,2165,3328,1163
Truck814792,2999,2998,3130,3328,198
Truck815308,2822,2656,3270,3328,58
Truck812233,1338,2436,2420,3329,909
Truck814077,2436,2655,2930,3329,399
Truck815234,2656,2999,3250,3329,79
Truck815345,2998,2436,3280,3329,49
Truck811587,2655,1338,2240,3330,1090
Truck814577,3121,2656,3070,3330,260
Truck814608,0,3121,3080,3330,250
Truck812218,2999,1338,2415,3331,916
Truck815087,2224,1338,3210,3331,121
Truck815269,3331,1338,3260,3331,71
Truck815504,2656,3331,3325,3331,6
Truck813949,3238,2436,2895,3332,437
Truck815376,3239,2655,3290,3332,42
Truck811315,1338,2821,2165,3333,1168
Truck814780,1339,2655,3125,3333,208
Truck815363,2998,2821,3285,3333,48
Truck815115,2655,2437,3220,3334,114
Truck814400,2225,3331,3020,3335,315
Truck814549,3331,1339,3060,3335,275
Truck814669,3238,2655,3095,3335,240
Truck811913,3121,1338,2330,3336,1006
Truck814810,2999,2655,3135,3336,201
Truck814845,2655,0,3145,3336,191
Truck815105,2224,2821,3215,3336,121
Truck815132,2437,2821,3225,3336,111
Truck815287,3331,2999,3265,3336,71
Truck812241,2436,1338,2420,3337,917
Truck814846,2999,0,3145,3337,192
Truck814947,2821,1338,3170,3337,167
Truck815270,2656,2436,3260,3337,77
Truck814474,1339,2656,3040,3338,298
Truck814902,3122,2999,3160,3338,178
Truck814299,2821,3122,2990,3339,349
Truck814318,2822,0,2995,3339,344
Truck815133,2655,2437,3225,3339,114
Truck815381,2998,2821,3290,3339,49
Truck814390,2822,3122,3015,3340,325
Truck814828,2999,2821,3140,3340,200
Truck814113,2436,3331,2940,3341,401
Truck814550,2656,3122,3060,3341,281
Truck814644,0,3121,3090,3341,251
Truck815074,2822,2999,3205,3341,136
Truck815412,3239,2436,3300,3341,41
Truck814147,3238,2998,2950,3342,392
Truck814965,2821,2437,3175,3342,167
Truck815024,2437,3121,3195,3342,147
Truck815116,2999,2225,3220,3342,122
Truck815123,2224,3331,3220,3342,122
Truck815449,3331,3239,3310,3342,32
Truck814140,0,2436,2950,3343,393
Truck815432,2656,3239,3305,3343,38
Truck814125,2655,2436,2945,3344,399
Truck815288,2656,3121,3265,3344,79
Truck815399,2998,3239,3295,3344,49
Truck811459,1338,3331,2205,3345,1140
Truck814471,3238,3331,3040,3345,305
Truck815233,3331,2998,3250,3345,95
Truck815356,1339,3238,3285,3345,60
Truck814720,2999,3238,3110,3346,236
Truck811495,1338,2822,2215,3347,1132
Truck812187,2436,1338,2405,3347,942
Truck814462,2822,1339,3035,3347,312
Truck814852,1339,2655,3145,3347,202
Truck814919,3121,2225,3165,3347,182
Truck815141,2224,2821,3225,3347,122
Truck811657,1338,0,2260,3348,1088
Truck814983,2821,2437,3180,3348,168
Truck815310,0,3238,3275,3348,73
Truck815323,3331,1338,3275,3348,73
Truck815417,2998,2436,3300,3348,48
Truck815450,2656,3239,3310,3348,38
Truck814143,2655,2436,2950,3349,399
Truck814263,2821,0,2980,3349,369
Truck814864,2999,2656,3150,3349,199
Truck815168,2437,2656,3235,3349,114
Truck815306,2656,2437,3270,3349,79
Truck814528,1339,2225,3055,3350,295
Truck814726,1339,3121,3110,3350,240
Truck814989,2655,2998,3185,3350,165
Truck815415,2821,2998,3300,3350,50
Truck811693,1338,3122,2270,3351,1081
Truck815110,2822,2437,3215,3351,136
Truck814374,0,2822,3015,3352,337
Truck815001,2821,2655,3185,3352,167
Truck815159,2224,2822,3230,3352,122
Truck815186,2437,2821,3240,3352,112
Truck811513,1338,2656,2220,3353,1133
Truck812953,1338,2225,2620,3353,733
Truck814149,2436,3239,2950,3353,403
Truck814248,0,2821,2980,3353,373
Truck814654,1339,2656,3090,3353,263
Truck814868,2225,2437,3150,3353,203
Truck814882,2999,2656,3155,3353,198
Truck815341,3331,1338,3280,3353,73
Truck814744,1339,3121,3115,3354,239
Truck815128,2822,1338,3220,3354,134
Truck815435,2998,2436,3305,3354,49
Truck811530,0,1338,2225,3355,1130
Truck814667,3121,3331,3095,3355,260
Truck815301,2436,2225,3270,3355,85
Truck815487,2821,2822,3320,3355,35
Truck812144,2437,1338,2395,3356,961
Truck814472,2225,2822,3040,3356,316
Truck814525,3238,2656,3055,3356,301
Truck814692,3239,1339,3100,3356,256
Truck814870,1339,2655,3150,3356,206
Truck815007,2655,2821,3190,3356,166
Truck815019,2821,2436,3190,3356,166
Truck815466,3239,2225,3315,3356,41
Truck814236,3122,2821,2975,3357,382
Truck814489,3238,3331,3045,3357,312
Truck815177,2224,2437,3235,3357,122
Truck815359,3331,2999,3285,3357,72
Truck815389,3238,1339,3295,3357,62
Truck815395,3331,2822,3295,3357,62
Truck814345,3238,2225,3005,3358,353
Truck812003,3121,1338,2355,3359,1004
Truck814685,3121,2821,3100,3359,259
Truck814900,2999,2655,3160,3359,199
Truck815146,2822,2225,3225,3359,134
Truck815284,1339,2437,3265,3359,94
Truck815357,2224,2998,3285,3359,74
Truck811351,1338,3238,2175,3360,1185
Truck814490,2225,3331,3045,3360,315
Truck815204,2437,3239,3245,3360,115
Truck815453,2998,2225,3310,3360,50
Truck814580,2225,3122,3070,3361,291
Truck814693,3331,3122,3100,3361,261
Truck815307,2821,2656,3270,3361,91
Truck815604,3122,1339,3355,3361,6
Truck814183,3238,2224,2960,3362,402
Truck814257,2436,1339,2980,3362,382
Truck814562,2225,1339,3065,3362,297
Truck814887,2436,2999,3155,3362,207
Truck815360,2656,2655,3285,3362,77
Truck815377,3331,2225,3290,3362,72
Truck815025,2655,2224,3195,3363,168
Truck815502,3239,2656,3325,3363,38
Truck815312,2437,3122,3275,3364,89
Truck815375,2224,2998,3290,3364,74
Truck815471,2998,3121,3315,3364,49
Truck815164,2822,2999,3230,3365,135
Truck814273,3238,2224,2985,3366,381
Truck815385,2655,3331,3295,3366,71
Truck814173,2821,3238,2955,3367,412
Truck814438,1339,2822,3030,3367,337
Truck814600,1339,2656,3075,3367,292
Truck814721,3121,2656,3110,3367,257
Truck814936,2999,2655,3170,3367,197
Truck815206,2999,2225,3245,3367,122
Truck815213,2224,2999,3245,3367,122
Truck815240,2437,3331,3255,3367,112
Truck815336,2225,2436,3280,3367,87
Truck814698,0,3331,3105,3368,263
Truck814994,2225,3121,3185,3368,183
Truck815055,2821,1338,3200,3368,168
Truck815538,3239,3331,3335,3368,33
Truck814281,2821,1339,2985,3369,384
Truck815008,2999,1339,3190,3369,179
Truck815182,2822,2655,3235,3369,134
Truck815378,2656,2655,3290,3369,79
Truck815489,2998,3331,3320,3369,49
Truck815330,2437,3122,3280,3370,90
Truck815342,2656,2224,3280,3370,90
Truck815413,3331,2437,3300,3371,71
Truck811441,1338,2655,2200,3372,1172
Truck814628,2437,2436,3085,3372,287
Truck815028,3122,2999,3195,3372,177
Truck815061,2655,2821,3205,3372,167
Truck815231,2224,2437,3250,3372,122
Truck814694,2656,0,3100,3373,273
Truck815396,2656,2437,3295,3373,78
Truck815407,3238,0,3300,3373,73
Truck815507,2998,3122,3325,3373,48
Truck815044,2999,3122,3200,3374,174
Truck815214,3239,2821,3245,3374,129
Truck814233,2655,2436,2975,3376,401
Truck814239,2436,2656,2975,3376,401
Truck814434,3122,2998,3030,3376,346
Truck814615,3238,3331,3080,3376,296
Truck814618,1339,2225,3080,3376,296
Truck815153,3121,2437,3230,3376,146
Truck815249,2224,2655,3255,3376,121
Truck815431,3331,2436,3305,3376,71
Truck814311,2436,1339,2995,3377,382
Truck814639,3331,0,3085,3377,292
Truck814986,0,2999,3185,3377,192
Truck815150,2437,3121,3230,3377,147
Truck814646,2437,2436,3090,3378,288
Truck814757,3121,2998,3120,3378,258
Truck814972,2999,3239,3180,3378,198
Truck815556,3239,2656,3340,3378,38
Truck814920,3122,2655,3165,3379,214
Truck815276,2437,2656,3265,3379,114
Truck814407,2821,0,3020,3380,360
Truck814834,1339,3121,3140,3380,240
Truck815525,2998,2656,3330,3380,50
Truck814932,0,2655,3170,3381,211
Truck815459,3121,2999,3315,3381,66
Truck814398,3122,2224,3020,3382,362
Truck814524,3122,2822,3055,3382,327
Truck814597,3238,2656,3075,3382,307
Truck814672,1339,3331,3095,3382,287
Truck815488,2822,3331,3320,3382,62
Truck814650,3122,2225,3090,3383,293
Truck815267,2224,2436,3260,3383,123
Truck815543,2998,1338,3335,3383,48
Truck811675,1338,0,2265,3384,1119
Truck815097,2655,2224,3215,3384,169
Truck815294,2437,3239,3270,3384,114
Truck815574,3239,3121,3345,3385,40
Truck814347,2436,1339,3005,3386,381
Truck814596,3122,2822,3075,3386,311
Truck815285,2224,2999,3265,3386,121
Truck814775,3121,2655,3125,3387,262
Truck815282,2225,2999,3265,3387,122
Truck815467,3331,2436,3315,3387,72
Truck811567,1338,3122,2235,3388,1153
Truck815127,2821,2436,3220,3388,168
Truck815561,2998,3331,3340,3388,48
Truck814293,2436,3331,2990,3389,399
Truck815268,3239,2224,3260,3389,129
Truck811621,1338,2822,2250,3390,1140
Truck815241,2655,2822,3255,3390,135
Truck814747,3331,3238,3115,3391,276
Truck815420,2437,2999,3305,3391,86
Truck815485,3331,2999,3320,3391,71
Truck814443,2821,1339,3030,3392,362
Truck814811,3121,2656,3135,3392,257
Truck815303,2224,3122,3270,3392,122
Truck815331,2655,2437,3280,3393,113
Truck815628,3239,3331,3360,3393,33
Truck815145,2821,1338,3225,3394,169
Truck815416,2822,3239,3300,3394,94
Truck811765,1338,3122,2290,3395,1105
Truck814616,2225,3239,3080,3395,315
Truck814687,3238,3331,3100,3395,295
Truck815513,3121,2999,3330,3395,65
Truck815579,2998,3121,3345,3395,50
Truck815610,3239,2999,3355,3396,41
Truck815688,0,3122,3380,3396,16
Truck814896,0,3239,3160,3397,237
Truck815222,2437,3121,3250,3397,147
Truck815321,2224,2225,3275,3397,122
Truck811747,1338,1339,2285,3398,1113
Truck811800,0,1338,2300,3398,1098
Truck812575,1338,2999,2515,3398,883
Truck815348,2437,2656,3285,3398,113
Truck815646,3239,3331,3365,3398,33
Truck814829,3121,2822,3140,3399,259
Truck815227,3238,2437,3250,3400,150
Truck815438,2437,3122,3310,3400,90
Truck815551,3238,3122,3340,3400,60
Truck814435,3238,2821,3030,3401,371
Truck814508,2225,3238,3050,3401,351
Truck814634,2225,2224,3085,3401,316
Truck815463,2436,2225,3315,3401,86
Truck812161,1338,2437,2400,3402,1002
Truck815511,2655,3331,3330,3402,72
Truck814647,2655,2225,3090,3403,313
Truck814670,2225,0,3095,3403,308
Truck814836,3239,0,3140,3403,263
Truck815339,2224,2436,3280,3403,123
Truck814552,2822,3238,3060,3404,344
Truck814652,2225,2656,3090,3404,314
Truck815615,2998,2655,3355,3404,49
Truck814470,3122,2224,3040,3405,365
Truck814662,0,2225,3095,3405,310
Truck814847,3121,2998,3145,3405,260
Truck814937,3121,3122,3170,3405,235
Truck815258,2437,3121,3260,3405,145
Truck815456,2437,3122,3315,3405,90
Truck811627,3238,1338,2250,3406,1156
Truck815199,2821,2225,3240,3406,166
Truck815774,2656,3331,3400,3406,6
Truck811711,1338,3122,2275,3407,1132
Truck814410,0,2821,3025,3407,382
Truck814863,2655,3121,3150,3407,257
Truck815134,2999,1339,3225,3407,182
Truck814830,3122,3331,3140,3408,268
Truck815384,2437,3331,3295,3408,113
Truck815633,2998,2821,3360,3408,48
Truck815313,2655,2822,3275,3409,134
Truck815537,2224,2998,3335,3409,74
Truck814365,2436,3239,3010,3410,400
Truck815080,2999,2224,3210,3410,200
Truck815326,2822,2225,3275,3410,135
Truck814464,0,2998,3040,3411,371
Truck814865,3121,2656,3150,3411,261
Truck815062,2999,2436,3205,3411,206
Truck815686,2822,2998,3375,3411,36
Truck815217,2821,2999,3245,3412,167
Truck815557,3331,2437,3340,3412,72
Truck815098,2999,2224,3215,3413,198
Truck815540,2656,3121,3335,3413,78
Truck815651,2998,2655,3365,3413,48
Truck812008,1339,1338,2355,3414,1059
Truck814883,3121,2656,3155,3414,259
Truck815492,2437,3122,3325,3414,89
Truck815614,2822,2656,3355,3414,59
Truck814660,2822,3122,3090,3415,325
Truck815050,1339,3239,3200,3415,215
Truck815682,3239,2655,3375,3415,40
Truck814708,1339,2822,3105,3416,311
Truck814759,3238,3121,3120,3416,296
Truck815393,2224,2436,3295,3416,121
Truck814401,2436,3239,3020,3417,397
Truck815421,2655,2437,3305,3417,112
Truck815516,2225,2436,3330,3417,87
Truck815558,2656,2225,3340,3418,78
Truck815669,2998,3331,3370,3418,48
Truck814906,1339,2656,3160,3419,259
Truck814990,2999,3238,3185,3421,236
Truck815522,2656,2821,3330,3421,91
Truck815593,3331,2655,3350,3421,71
Truck815691,2655,3239,3380,3421,41
Truck815700,3239,2999,3380,3421,41
Truck815784,3122,0,3405,3421,16
Truck815253,2821,2437,3255,3422,167
Truck815411,2224,2436,3300,3422,122
Truck815796,0,1339,3410,3422,12
Truck811963,1338,2822,2345,3423,1078
Truck814554,0,2821,3065,3423,358
Truck815687,2998,2821,3375,3423,48
Truck811645,3238,1338,2255,3424,1169
Truck815576,2656,1338,3345,3424,79
Truck815597,2998,2224,3350,3424,74
Truck815842,1339,3122,3420,3424,4
Truck815718,3239,1338,3385,3425,40
Truck811801,1338,2998,2300,3426,1126
Truck814419,2436,2656,3025,3426,401
Truck814455,2436,0,3035,3426,391
Truck815429,2224,3331,3305,3426,121
Truck814431,2655,2436,3030,3427,397
Truck814437,2436,2655,3030,3427,397
Truck814838,2656,0,3140,3427,287
Truck815594,2656,2225,3350,3427,77
Truck815611,3331,3121,3355,3427,72
Truck812143,1338,2437,2395,3428,1033
Truck815705,2998,3238,3380,3428,48
Truck815398,2822,2225,3295,3429,134
Truck815528,2437,1339,3335,3429,94
Truck814953,2655,3121,3175,3430,255
Truck815152,2999,2821,3230,3430,200
Truck815248,1339,2655,3255,3430,175
Truck811927,1338,2822,2335,3432,1097
Truck814632,3122,2998,3085,3432,347
Truck814696,2822,3122,3100,3432,332
Truck815619,2655,3331,3360,3432,72
Truck815736,3239,3121,3390,3432,42
Truck814473,2436,0,3040,3433,393
Truck814510,1339,2436,3050,3433,383
Truck815032,1339,3121,3195,3433,238
Truck815259,2655,3122,3260,3433,173
Truck815447,2224,0,3310,3433,123
Truck812005,3238,1338,2355,3434,1079
Truck814760,2225,3331,3120,3434,314
Truck814960,1339,2656,3175,3434,259
Truck815474,2437,2821,3320,3434,114
Truck815612,2656,3121,3355,3434,79
Truck815723,2998,1339,3385,3434,49
Truck815776,2822,2821,3400,3435,35
Truck814869,2436,2437,3150,3436,286
Truck814921,3238,3239,3165,3436,271
Truck815170,2999,2998,3235,3436,201
Truck815589,2436,2225,3350,3436,86
Truck815754,3239,2436,3395,3436,41
Truck814482,0,2821,3045,3437,392
Truck815465,2224,1339,3315,3437,122
Truck815647,3331,2999,3365,3437,72
Truck812071,1338,0,2375,3438,1063
Truck814819,3331,3238,3135,3439,304
Truck815564,2437,1339,3345,3439,94
Truck815575,3331,2821,3345,3439,94
Truck815630,2656,2437,3360,3439,79
Truck815741,2998,2999,3390,3439,49
Truck815188,2999,2822,3240,3440,200
Truck815366,2437,3238,3290,3440,150
Truck815607,2436,2225,3355,3440,85
Truck815772,3239,1338,3400,3440,40
Truck814509,2436,0,3050,3441,391
Truck814973,3121,3239,3180,3441,261
Truck815483,2224,2225,3320,3441,121
Truck814461,2821,3238,3035,3442,407
Truck815325,2821,2999,3275,3442,167
Truck815665,3331,2999,3370,3442,72
Truck814939,3238,3239,3170,3443,273
Truck814955,3121,2436,3175,3443,268
Truck815704,2822,3331,3380,3443,63
Truck815722,2822,2656,3385,3443,58
Truck815759,2998,1339,3395,3443,48
Truck815652,0,3238,3370,3444,74
Truck815692,2999,3121,3380,3444,64
Truck814491,2436,2822,3045,3445,400
Truck814837,3331,0,3140,3445,305
Truck815094,0,2655,3215,3445,230
Truck815176,1339,2655,3235,3445,210
Truck815452,2822,2437,3310,3445,135
Truck815812,2822,2224,3410,3445,35
Truck814824,0,2225,3140,3446,306
Truck815083,3238,2999,3210,3446,236
Truck815501,2224,2436,3325,3446,121
Truck811729,1338,2821,2280,3447,1167
Truck815896,1339,0,3435,3447,12
Truck815343,2821,2437,3280,3448,168
Truck815777,2998,2656,3400,3448,48
Truck811915,3238,1338,2330,3449,1119
Truck815009,3121,3239,3190,3449,259
Truck815711,3121,2999,3385,3449,64
Truck813025,1338,2225,2640,3450,810
Truck814543,3238,2998,3060,3450,390
Truck814545,2436,0,3060,3450,390
Truck815124,3239,0,3220,3450,230
Truck815224,2999,2656,3250,3451,201
Truck815277,2655,0,3265,3451,186
Truck815349,2655,2821,3285,3451,166
Truck815470,2822,2999,3315,3451,136
Truck812179,1338,3331,2405,3452,1047
Truck812773,1338,2999,2570,3452,882
Truck815361,2821,2436,3285,3452,167
Truck815808,3239,3121,3410,3452,42
Truck815845,3331,3239,3420,3452,32
Truck814963,3331,0,3175,3453,278
Truck815027,3121,2655,3195,3453,258
Truck815519,2224,2656,3330,3453,123
Truck815701,3331,3121,3380,3453,73
Truck815795,2998,2437,3405,3453,48
Truck811891,1338,3238,2325,3454,1129
Truck814914,0,3331,3165,3454,289
Truck815546,2437,3239,3340,3454,114
Truck814572,0,2821,3070,3455,385
Truck814867,3238,3331,3150,3455,305
Truck814599,2436,1339,3075,3456,381
Truck814832,2225,3239,3140,3456,316
Truck814974,3122,3331,3180,3457,277
Truck815648,2656,2998,3365,3457,92
Truck815748,3122,3238,3395,3457,62
Truck814399,3238,2436,3020,3458,438
Truck814992,3122,2656,3185,3458,273
Truck814993,3238,3239,3185,3458,273
Truck815070,3239,0,3205,3458,253
Truck815072,2656,3122,3205,3458,253
Truck815118,3122,3121,3220,3458,238
Truck815702,2656,2999,3380,3458,78
Truck813061,1338,2225,2650,3459,809
Truck815379,2821,2655,3290,3459,169
Truck815260,2999,2655,3260,3460,200
Truck815813,2998,2821,3410,3460,50
Truck815555,2224,2999,3340,3461,121
Truck815792,2656,2822,3405,3461,56
Truck815045,3121,2998,3200,3462,262
Truck815076,0,3121,3210,3462,252
Truck815247,2436,2999,3255,3462,207
Truck815296,2999,0,3270,3462,192
Truck815063,3121,2822,3205,3463,258
Truck815107,3331,3122,3215,3463,248
Truck815155,3238,2655,3230,3463,233
Truck815242,2999,2436,3255,3463,208
Truck815278,2999,3239,3265,3463,198
Truck815524,2822,2999,3330,3463,133
Truck815664,3239,2822,3370,3463,93
Truck815106,3239,1339,3215,3464,249
Truck815582,2437,3331,3350,3464,114
Truck815223,2655,0,3250,3465,215
Truck815601,2655,2437,3355,3465,110
Truck815831,2998,3121,3415,3465,50
Truck815862,3239,2655,3425,3465,40
Truck815573,2224,3331,3345,3466,121
Truck815853,2655,3239,3425,3466,41
Truck815946,3122,0,3450,3466,16
Truck814942,1339,2225,3170,3467,297
Truck815738,2656,1338,3390,3467,77
Truck815958,0,1339,3455,3467,12
Truck811999,1338,2655,2355,3468,1113
Truck815154,3122,3121,3230,3468,238
Truck815755,3331,2437,3395,3468,73
Truck815849,2998,2437,3420,3468,48
Truck811738,1339,1338,2280,3469,1189
Truck815600,2437,2224,3355,3469,114
Truck815753,2224,2998,3395,3469,74
Truck812091,2655,1338,2380,3470,1090
Truck814686,3122,2998,3100,3470,370
Truck814806,0,2822,3135,3470,335
Truck812647,1338,2436,2535,3471,936
Truck814840,2822,1339,3140,3471,331
Truck815054,2656,0,3200,3471,271
Truck815388,3122,2999,3295,3471,176
Truck815591,2224,2436,3350,3471,121
Truck815880,3239,2655,3430,3471,41
Truck815142,3239,3122,3225,3472,247
Truck815369,3121,2225,3290,3472,182
Truck815433,2821,3121,3305,3472,167
Truck812017,1338,3331,2360,3473,1113
Truck814749,2821,3122,3115,3473,358
Truck814848,3122,2822,3145,3473,328
Truck814988,2437,2436,3185,3473,288
Truck815040,0,3331,3200,3473,273
Truck815867,2998,2656,3425,3473,48
Truck815771,2224,2998,3400,3474,74
Truck811909,1338,0,2330,3475,1145
Truck815720,2656,2821,3385,3475,90
Truck815919,2821,2822,3440,3475,35
Truck815920,2822,2821,3440,3475,35
Truck814705,3238,2822,3105,3476,371
Truck815595,2821,3239,3350,3476,126
Truck815791,3331,2437,3405,3476,71
Truck815898,3239,2436,3435,3476,41
Truck815976,0,3122,3460,3476,16
Truck812035,1338,2655,2365,3477,1112
Truck814690,1339,2224,3100,3477,377
Truck814904,2225,2998,3160,3477,317
Truck815006,2437,2436,3190,3477,287
Truck815609,2224,1339,3355,3477,122
Truck815439,2655,2998,3310,3478,168
Truck815934,3239,3331,3445,3478,33
Truck812435,3121,1338,2475,3479,1004
Truck814626,0,2436,3085,3479,394
Truck814689,2436,1339,3100,3479,379
Truck814991,3121,3238,3185,3479,294
Truck815117,3121,3239,3220,3479,259
Truck815636,2437,2821,3365,3479,114
Truck815885,2998,2436,3430,3479,49
Truck814938,3122,2822,3170,3480,310
Truck812089,1338,2821,2380,3481,1101
Truck814930,2822,1339,3165,3481,316
Truck815424,3122,2999,3305,3481,176
Truck815916,3239,3121,3440,3481,41
Truck815938,2822,2224,3445,3481,36
Truck816000,3122,0,3465,3481,16
Truck814740,3122,2224,3115,3482,367
Truck815405,3121,2225,3300,3482,182
Truck815627,2224,2822,3360,3482,122
Truck811821,2655,1338,2305,3483,1178
Truck811855,1338,3331,2315,3483,1168
Truck814922,2225,2656,3165,3483,318
Truck815169,2655,3238,3235,3483,248
Truck815250,3239,0,3255,3483,228
Truck815350,2999,2998,3285,3483,198
Truck815903,2998,3121,3435,3483,48
Truck813133,1338,2225,2670,3484,814
Truck814635,2436,3331,3085,3484,399
Truck815320,1339,2655,3275,3484,209
Truck811864,1339,1338,2315,3485,1170
Truck814788,0,2224,3130,3485,355
Truck814940,2225,2998,3170,3485,315
Truck815596,2822,1338,3350,3485,135
Truck815654,2437,2656,3370,3485,115
Truck815737,3331,2224,3390,3485,95
Truck815382,0,2999,3295,3486,191
Truck815475,2655,2821,3320,3486,166
Truck815645,2224,2655,3365,3487,122
Truck815799,2655,2656,3410,3487,77
Truck815827,3331,2655,3415,3487,72
Truck814713,2821,1339,3105,3488,383
Truck814968,0,2225,3180,3488,308
Truck815011,3238,3331,3190,3488,298
Truck815042,2437,2436,3200,3488,288
Truck815171,3121,0,3235,3488,253
Truck815368,2999,2821,3290,3488,198
Truck815752,1339,2437,3395,3488,93
Truck815810,2656,2655,3410,3488,78
Truck815863,3331,2822,3425,3488,63
Truck815921,2998,2999,3440,3488,48
Truck815446,1339,2999,3310,3489,179
Truck815672,2437,2821,3375,3489,114
Truck815854,2999,3121,3425,3489,64
Truck815757,2821,3331,3395,3490,95
Truck815943,2655,3239,3450,3490,40
Truck815952,3239,1338,3450,3490,40
Truck815973,2821,2822,3455,3490,35
Truck814653,2436,2821,3090,3491,401
Truck814957,3238,3331,3175,3491,316
Truck815139,2436,3121,3225,3491,266
Truck814527,2436,3238,3055,3492,437
Truck814831,3238,2225,3140,3492,352
Truck814858,2822,3122,3145,3492,347
Truck814958,2225,2822,3175,3492,317
Truck815067,2436,2437,3205,3492,287
Truck815179,3331,1339,3235,3492,257
Truck815230,1339,3239,3250,3492,242
Truck814971,2655,2225,3180,3493,313
Truck815493,2655,2821,3325,3493,168
Truck815663,2224,2225,3370,3493,123
Truck815690,2437,2822,3380,3493,113
Truck815828,2656,2437,3415,3493,78
Truck815970,3239,2656,3455,3493,38
Truck814762,1339,2224,3120,3494,374
Truck814976,2225,3331,3180,3494,314
Truck815505,2821,3121,3325,3494,169
Truck815939,2998,2437,3445,3494,49
Truck815047,3238,3121,3200,3496,296
Truck815404,2999,2655,3300,3496,196
Truck815991,2821,2822,3460,3496,36
Truck812022,3122,1338,2360,3497,1137
Truck814671,2436,2224,3095,3497,402
Truck814816,1339,2998,3135,3497,362
Truck814849,3238,2225,3145,3497,352
Truck814964,2656,3238,3175,3497,322
Truck815108,2656,1339,3215,3497,282
Truck815478,3122,2999,3320,3497,177
Truck815708,2437,2655,3385,3497,112
Truck815992,2822,2821,3460,3497,37
Truck815064,3122,2656,3205,3498,293
Truck815386,2999,2224,3295,3498,203
Truck815681,2224,0,3375,3498,123
Truck815957,2998,2822,3450,3498,48
Truck815004,0,2225,3190,3499,309
Truck816112,1339,3122,3495,3499,4
Truck814716,0,2998,3110,3500,390
Truck815189,3121,2998,3240,3500,260
Truck815334,3122,3239,3280,3500,220
Truck815650,2822,1338,3365,3500,135
Truck815402,2437,2225,3300,3501,201
Truck815410,1339,2655,3300,3501,201
Truck815529,2655,2821,3335,3501,166
Truck816009,2821,2822,3465,3501,36
Truck816116,2656,3331,3495,3501,6
Truck811981,1338,2656,2350,3502,1152
Truck815207,3121,2998,3245,3502,257
Truck815699,2224,2656,3380,3502,122
Truck816025,3331,3239,3470,3502,32
Truck814860,0,2821,3150,3503,353
Truck815428,1339,2655,3305,3503,198
Truck812431,1338,2437,2475,3504,1029
Truck815126,2656,1339,3220,3504,284
Truck815422,2999,2655,3305,3504,199
Truck815442,3122,2655,3310,3504,194
Truck815975,2998,2999,3455,3504,49
Truck814707,2436,2656,3105,3505,400
Truck815809,3331,2224,3410,3505,95
Truck811962,0,1338,2345,3506,1161
Truck812377,1338,0,2460,3506,1046
Truck815012,2225,3239,3190,3506,316
Truck815193,2436,3121,3240,3506,266
Truck815298,3122,3121,3270,3506,236
Truck815547,2655,2998,3340,3506,166
Truck815829,2821,2656,3415,3506,91
Truck815908,2999,3121,3440,3506,66
Truck816006,3239,3121,3465,3506,41
Truck816084,0,3122,3490,3506,16
Truck812831,3121,1338,2585,3507,922
Truck814885,3238,2225,3155,3507,352
Truck815180,2656,1339,3235,3507,272
Truck815245,3238,3239,3255,3507,252
Truck815338,1339,3239,3280,3507,227
Truck815618,2437,3121,3360,3507,147
Truck815717,2224,2822,3385,3507,122
Truck815744,2437,2821,3395,3507,112
Truck815099,3121,3238,3215,3508,293
Truck815514,3122,2999,3330,3508,178
Truck815559,2821,2655,3340,3508,168
Truck815882,2656,2437,3430,3508,78
Truck815993,2998,2821,3460,3508,48
Truck814948,2822,3122,3170,3509,339
Truck815440,2999,2655,3310,3509,199
Truck814723,3238,2998,3110,3510,400
Truck815030,2225,3239,3195,3510,315
Truck815623,3238,2437,3360,3510,150
Truck812107,1338,1339,2385,3511,1126
Truck814725,2436,2224,3110,3511,401
Truck815020,2822,1339,3190,3511,321
Truck815314,2999,3238,3275,3511,236
Truck815316,3122,3121,3275,3511,236
Truck815917,3331,2436,3440,3511,71
Truck812238,3122,1338,2420,3512,1092
Truck814770,0,2998,3125,3512,387
Truck814798,1339,2436,3130,3512,382
Truck815315,3121,3122,3275,3512,237
Truck815353,3238,2655,3285,3512,227
Truck814956,3122,2822,3175,3513,338
Truck815735,2224,3239,3390,3513,123
Truck814743,2436,3331,3115,3514,399
Truck815852,2437,3122,3425,3514,89
Truck816011,2998,2436,3465,3514,49
Truck815048,2225,2998,3200,3516,316
Truck815244,3122,2656,3255,3516,261
Truck815280,3122,3331,3265,3516,251
Truck816126,3122,0,3500,3516,16
Truck812197,1338,2821,2410,3517,1107
Truck815332,2999,3238,3280,3517,237
Truck815490,0,2999,3325,3517,192
Truck816079,3331,3239,3485,3517,32
Truck812935,1338,2999,2615,3518,903
Truck814857,2821,3122,3145,3518,373
Truck815084,2225,0,3210,3518,308
Truck815780,2437,3331,3405,3518,113
Truck816029,2998,3122,3470,3518,48
Truck815261,3121,2822,3260,3519,259
Truck815476,2999,3331,3320,3519,199
Truck815512,2999,0,3330,3519,189
Truck816184,1339,3122,3515,3519,4
Truck814851,2436,3122,3145,3520,375
Truck815266,1339,2656,3260,3520,260
Truck815394,3239,1339,3295,3520,225
Truck815403,2655,3238,3300,3520,220
Truck815135,3121,3238,3225,3521,296
Truck815458,2999,2436,3315,3521,206
Truck815953,3331,2225,3450,3521,71
Truck815243,3121,2436,3255,3522,267
Truck815936,2656,2437,3445,3522,77
Truck813115,1338,2436,2665,3523,858
Truck814779,2436,2998,3125,3523,398
Truck815798,2437,3239,3410,3523,113
Truck812350,1339,1338,2450,3524,1074
Truck812467,1338,1339,2485,3524,1039
Truck815056,2822,0,3200,3524,324
Truck815494,2999,2656,3325,3524,199
Truck812684,2437,1338,2545,3525,980
Truck815158,1339,2225,3230,3525,295
Truck815279,3121,2224,3265,3525,260
Truck815530,2999,0,3335,3525,190
Truck815981,3121,2999,3460,3525,65
Truck816047,2998,0,3475,3525,50
Truck816206,2656,3331,3520,3526,6
Truck814803,2821,3238,3130,3527,397
Truck814866,3122,2436,3150,3527,377
Truck815174,2225,3122,3235,3527,292
Truck815351,3121,1339,3285,3527,242
Truck815358,3239,3122,3285,3527,242
Truck815570,2225,3121,3345,3527,182
Truck816007,3331,2822,3465,3527,62
Truck815789,2224,2225,3405,3528,123
Truck815816,2437,2822,3415,3528,113
Truck815971,3331,2436,3455,3528,73
Truck816065,2998,2225,3480,3528,48
Truck814797,2436,2998,3130,3529,399
Truck815295,2655,3121,3270,3529,259
Truck814821,2821,3238,3135,3530,395
Truck815102,2225,2821,3215,3530,315
Truck815479,3238,2655,3320,3530,210
Truck816096,3239,1338,3490,3530,40
Truck815758,2822,2999,3395,3531,136
Truck815807,2224,2999,3410,3531,121
Truck814833,2436,0,3140,3532,392
Truck815192,2225,3122,3240,3532,292
Truck815790,3239,2998,3405,3532,127
Truck815930,2225,2436,3445,3532,87
Truck815130,0,2225,3225,3533,308
Truck815173,3238,2656,3235,3533,298
Truck815899,3331,2821,3435,3533,98
Truck815918,2656,2821,3440,3533,93
Truck816083,2998,2821,3485,3533,48
Truck815649,2821,1338,3365,3534,169
Truck816135,2821,2822,3500,3534,34
Truck812737,1338,3121,2560,3535,975
Truck814888,1339,2821,3155,3535,380
Truck815297,3121,2655,3270,3535,265
Truck815726,2437,3121,3390,3535,145
Truck815317,3238,3239,3275,3536,261
Truck815667,2821,2437,3370,3536,166
Truck816198,3122,0,3520,3536,16
Truck812125,1338,2656,2390,3537,1147
Truck813205,1338,2436,2690,3537,847
Truck816210,0,1339,3525,3537,12
Truck816220,1339,0,3525,3537,12
Truck814815,2436,2656,3135,3538,403
Truck815216,2656,3238,3245,3538,293
Truck815548,2999,2224,3340,3538,198
Truck815729,3121,2437,3390,3538,148
Truck815825,2224,2999,3415,3538,123
Truck815990,2656,1338,3460,3538,78
Truck816101,2998,2656,3490,3538,48
Truck812269,1338,1339,2430,3539,1109
Truck815014,1339,2822,3190,3539,349
Truck815208,3122,2225,3245,3539,294
Truck816153,2821,2822,3505,3539,34
Truck815333,3121,3331,3280,3540,260
Truck816123,2655,3239,3500,3540,40
Truck815322,3239,1339,3275,3541,266
Truck816252,3122,1339,3535,3541,6
Truck813007,1338,2436,2635,3542,907
Truck815138,2225,2656,3225,3542,317
Truck815156,2225,3239,3230,3542,312
Truck815685,2821,1338,3375,3542,167
Truck815843,2224,3331,3420,3542,122
Truck815870,2437,2655,3430,3542,112
Truck815935,3331,2821,3445,3542,97
Truck816132,3239,1338,3500,3542,42
Truck816008,2656,3121,3465,3544,79
Truck816119,2998,2821,3495,3544,49
Truck815228,2225,1339,3250,3545,295
Truck813267,2436,1338,2705,3546,841
Truck815566,2999,2224,3345,3546,201
Truck815602,2999,0,3355,3546,191
Truck815861,2224,2436,3425,3546,121
Truck816030,0,3238,3475,3547,72
Truck816141,2655,3239,3505,3547,42
Truck815184,0,2225,3240,3548,308
Truck815888,2437,2655,3435,3548,113
Truck814941,2436,1339,3170,3549,379
Truck816137,2998,2656,3500,3549,49
Truck812719,1338,2437,2555,3550,995
Truck815584,2999,2656,3350,3550,200
Truck815762,2437,3238,3400,3550,150
Truck815830,2822,2655,3415,3550,135
Truck814741,3238,2436,3115,3551,436
Truck815660,2225,3121,3370,3551,181
Truck816168,3239,2436,3510,3551,41
Truck812289,2655,1338,2435,3552,1117
Truck815283,2436,2437,3265,3552,287
Truck815872,2999,2225,3430,3552,122
Truck815879,2224,3122,3430,3552,122
Truck815998,2999,2437,3465,3552,87
Truck816051,2655,3331,3480,3552,72
Truck815187,2655,2225,3240,3553,313
Truck815430,3239,3238,3305,3553,248
Truck815988,3239,2822,3460,3553,93
Truck816033,2655,2656,3475,3553,78
Truck816044,2656,3121,3475,3553,78
Truck815387,3121,2224,3295,3554,259
Truck815544,0,2655,3340,3554,214
Truck815569,3238,2655,3345,3554,209
Truck815906,2437,2656,3440,3554,114
Truck815996,2437,3122,3465,3554,89
Truck816155,2998,1339,3505,3554,49
Truck812562,3122,1338,2510,3555,1045
Truck815264,2225,1339,3260,3555,295
Truck815423,3121,0,3305,3557,252
Truck815727,2655,2998,3390,3557,167
Truck816021,2436,2225,3470,3557,87
Truck812559,2655,1338,2510,3558,1048
Truck815739,2821,2655,3390,3558,168
Truck815897,2224,3238,3435,3558,123
Truck815924,2437,2656,3445,3559,114
Truck812522,2437,1338,2500,3560,1060
Truck814905,2436,2224,3160,3560,400
Truck815100,3122,2224,3215,3560,345
Truck815482,1339,3121,3320,3560,240
Truck815866,2822,2437,3425,3560,135
Truck812341,1338,2224,2450,3561,1111
Truck814777,3238,2436,3125,3561,436
Truck815698,1339,2999,3380,3561,181
Truck816204,3239,2655,3520,3561,41
Truck812286,0,1338,2435,3562,1127
Truck815200,2822,1339,3240,3562,322
Truck815281,3238,3121,3265,3562,297
Truck815915,2224,3122,3440,3563,123
Truck816097,3331,1338,3490,3563,73
Truck815302,1339,2225,3270,3564,294
Truck815500,1339,3121,3325,3564,239
Truck815520,3239,3122,3330,3564,234
Truck815716,1339,2999,3385,3564,179
Truck815058,0,2224,3205,3565,360
Truck815109,2821,1339,3215,3565,350
Truck815638,2999,2821,3365,3565,200
Truck815978,2437,0,3460,3565,105
Truck816028,2822,3239,3470,3565,95
Truck814995,2436,1339,3185,3566,381
Truck815068,1339,2224,3205,3566,361
Truck815550,3122,3239,3340,3566,226
Truck815625,2436,2999,3360,3566,206
Truck816032,2437,3122,3475,3566,91
Truck816300,0,3122,3550,3566,16
Truck815933,2224,3122,3445,3567,122
Truck816098,2656,2999,3490,3567,77
Truck816115,3331,2655,3495,3567,72
Truck816259,3331,3239,3535,3567,32
Truck814923,2436,3331,3165,3568,403
Truck815256,0,2225,3260,3568,308
Truck816209,2998,3238,3520,3568,48
Truck815656,2999,2656,3370,3569,199
Truck815839,3238,2437,3420,3569,149
Truck815902,2822,1338,3435,3570,135
Truck816261,2821,2822,3535,3570,35
Truck812287,1338,1339,2435,3571,1136
Truck815262,3122,2822,3260,3571,311
Truck815318,2225,1339,3275,3571,296
Truck815793,2821,3121,3405,3571,166
Truck816043,3331,2821,3475,3571,96
Truck816062,2656,2998,3480,3571,91
Truck816262,2822,2821,3535,3571,36
Truck815120,2225,3238,3220,3572,352
Truck815855,3121,2437,3425,3572,147
Truck815951,2224,3238,3450,3572,122
Truck816133,3331,2436,3500,3572,72
Truck815673,2655,2999,3375,3573,198
Truck816074,2225,2436,3485,3573,88
Truck814813,3238,2436,3135,3574,439
Truck815484,3239,1339,3320,3574,254
Truck815746,2999,1339,3395,3574,179
Truck816058,1339,2437,3480,3574,94
Truck816227,2998,3121,3525,3574,49
Truck815092,2822,3238,3210,3575,365
Truck815969,2224,0,3455,3576,121
Truck816080,2656,2998,3485,3576,91
Truck815441,3121,2436,3310,3577,267
Truck815448,3239,0,3310,3577,267
Truck815292,0,2225,3270,3578,308
Truck815955,2821,3239,3450,3578,128
Truck816243,2821,2998,3530,3578,48
Truck812323,1338,2224,2445,3579,1134
Truck815477,3121,2821,3320,3579,259
Truck816245,2998,2656,3530,3579,49
Truck815406,3122,2656,3300,3580,280
Truck815414,2656,0,3300,3580,280
Truck815565,2655,3238,3345,3580,235
Truck815764,2999,1339,3400,3580,180
Truck816298,2822,2998,3545,3580,35
Truck812485,1338,2224,2490,3581,1091
Truck815136,3122,2224,3225,3581,356
Truck815508,0,3121,3330,3581,251
Truck815710,2999,2822,3385,3581,196
Truck816276,3239,1338,3540,3581,41
Truck812413,1338,1339,2470,3582,1112
Truck813079,1338,2999,2655,3582,927
Truck815674,2999,2436,3375,3582,207
Truck815987,2224,3121,3460,3582,122
Truck816106,2999,2437,3495,3582,87
Truck816152,2656,2437,3505,3582,77
Truck814977,2436,2655,3180,3583,403
Truck815572,1339,3121,3345,3583,238
Truck816014,2437,2224,3470,3583,113
Truck812503,1338,2224,2495,3584,1089
Truck815637,2655,3238,3365,3584,219
Truck816173,2998,2224,3510,3584,74
Truck816263,2998,1338,3535,3584,49
Truck816418,1339,3122,3580,3584,4
Truck815299,3238,3331,3270,3585,315
Truck815300,2225,2821,3270,3585,315
Truck815742,0,2655,3395,3585,190
Truck816122,2437,2999,3500,3585,85
Truck816005,2224,3238,3465,3586,121
Truck816187,3331,2999,3515,3587,72
Truck816294,3239,2655,3545,3587,42
Truck815364,0,2656,3290,3588,298
Truck815835,2655,2998,3420,3588,168
Truck816170,2656,1338,3510,3588,78
Truck816177,2655,3331,3515,3588,73
Truck812469,2655,1338,2485,3589,1104
Truck815847,2821,2225,3420,3589,169
Truck816191,2998,2224,3515,3589,74
Truck816281,2998,2999,3540,3589,49
Truck812149,3238,1338,2395,3590,1195
Truck815065,3238,2224,3205,3590,385
Truck815539,3331,3122,3335,3590,255
Truck815585,3121,1339,3350,3590,240
Truck815974,2822,2437,3455,3590,135
Truck815163,2821,3122,3230,3591,361
Truck815531,3121,2655,3335,3591,256
Truck815760,0,2999,3400,3591,191
Truck815865,2821,3121,3425,3591,166
Truck816023,2224,3239,3470,3591,121
Truck812395,1338,3122,2465,3592,1127
Truck812917,1338,3121,2610,3592,982
Truck813385,1338,2225,2740,3592,852
Truck815728,2999,2998,3390,3592,202
Truck816312,3239,2655,3550,3592,42
Truck812359,1338,3239,2455,3593,1138
Truck815013,2436,3331,3190,3593,403
Truck812311,3238,1338,2440,3594,1154
Truck815031,2436,3239,3195,3594,399
Truck815101,3238,2822,3215,3594,379
Truck815503,3331,0,3325,3594,269
Truck816203,2224,2998,3520,3594,74
Truck816299,2998,2821,3545,3594,49
Truck812683,1338,3122,2545,3596,1051
Truck815209,3238,2225,3245,3596,351
Truck816223,3331,3121,3525,3596,71
Truck816330,3239,2999,3555,3596,41
Truck815029,3238,2821,3195,3597,402
Truck815549,3121,2998,3340,3597,257
Truck815822,2225,3121,3415,3597,182
Truck816041,2224,3331,3475,3597,122
Truck815883,2821,3121,3430,3598,168
Truck816010,2822,2436,3465,3598,133
Truck812557,1338,2655,2510,3599,1089
Truck815049,2436,3239,3200,3599,399
Truck815354,2225,3331,3285,3599,314
Truck816315,2821,2998,3550,3599,49
Truck816317,2998,0,3550,3599,49
Truck815960,2437,3121,3455,3600,145
Truck816151,3331,2821,3505,3601,96
Truck816241,3331,2437,3530,3601,71
Truck816426,0,3122,3585,3601,16
Truck816468,3122,1339,3595,3601,6
Truck816476,2656,3331,3595,3601,6
Truck815486,2656,3122,3320,3602,282
Truck815901,2821,1338,3435,3602,167
Truck816059,2224,3121,3480,3602,122
Truck816166,1339,2437,3510,3603,93
Truck815782,2999,2821,3405,3604,199
Truck812629,1338,2437,2530,3605,1075
Truck815372,2225,2998,3290,3605,315
Truck815454,0,2656,3315,3605,290
Truck816335,2998,3121,3555,3605,50
Truck816366,3239,2437,3565,3605,40
Truck815157,2436,3122,3230,3606,376
Truck816486,3122,1339,3600,3606,6
Truck815190,3122,2821,3240,3607,367
Truck815194,1339,2821,3240,3607,367
Truck815246,2225,3238,3255,3607,352
Truck815662,1339,3121,3370,3607,237
Truck816077,2224,2225,3485,3607,122
Truck812215,1338,3238,2415,3608,1193
Truck815274,0,2822,3265,3608,343
Truck815390,2225,2656,3295,3608,313
Truck816186,3239,2822,3515,3608,93
Truck816242,2656,2225,3530,3608,78
Truck816289,3238,1339,3545,3608,63
Truck816353,2998,3121,3560,3608,48
Truck815236,2822,3238,3250,3609,359
Truck815675,3121,3122,3375,3609,234
Truck816046,2822,2225,3475,3609,134
Truck816176,2437,1339,3515,3609,94
Truck815119,3238,2998,3220,3610,390
Truck815800,2999,2821,3410,3610,200
Truck816384,3239,3121,3570,3610,40
Truck815175,2436,3122,3235,3611,376
Truck815263,3238,2225,3260,3611,351
Truck816190,2822,3239,3515,3611,96
Truck816277,3331,2225,3540,3611,71
Truck815079,2655,2436,3210,3612,402
Truck815785,3238,2655,3405,3612,207
Truck816078,3239,2821,3485,3612,127
Truck816088,2999,2225,3490,3612,122
Truck812449,1338,2656,2480,3613,1133
Truck815202,0,2224,3245,3613,368
Truck815603,3121,2821,3355,3613,258
Truck815937,2821,2437,3445,3613,168
Truck816095,2224,2437,3490,3613,123
Truck815103,2436,3239,3215,3614,399
Truck815172,3122,2436,3235,3614,379
Truck816371,2998,1338,3565,3614,49
Truck816064,2822,2437,3480,3615,135
Truck816304,2999,3121,3550,3615,65
Truck815408,2225,2821,3300,3616,316
Truck815521,3331,3238,3330,3616,286
Truck816522,3122,1339,3610,3616,6
Truck812251,1338,3331,2425,3617,1192
Truck815836,2999,2656,3420,3617,197
Truck816113,2224,2999,3495,3617,122
Truck816205,3331,2998,3520,3617,97
Truck815568,3122,2656,3345,3618,273
Truck816140,2437,2821,3505,3618,113
Truck816295,3331,2999,3545,3618,73
Truck816352,2822,2656,3560,3618,58
Truck815426,2225,2821,3305,3619,314
Truck815592,3239,3238,3350,3619,269
Truck816389,2998,2656,3570,3619,49
Truck815271,2821,3122,3260,3620,360
Truck815621,3121,3239,3360,3620,260
Truck815817,2655,3122,3415,3620,205
Truck816082,2822,2436,3485,3620,135
Truck815914,1339,2999,3440,3621,181
Truck816131,2224,1338,3500,3621,121
Truck816250,2999,2437,3535,3621,86
Truck815121,2436,2821,3220,3622,402
Truck815535,2436,2437,3335,3622,287
Truck815712,3122,3121,3385,3622,237
Truck815713,3238,2999,3385,3622,237
Truck815834,2437,2225,3420,3622,202
Truck815871,2655,1339,3430,3622,192
Truck815925,2655,3122,3445,3622,177
Truck815961,2655,2998,3455,3622,167
Truck816128,2225,2999,3500,3622,122
Truck816158,2437,3239,3510,3622,112
Truck816526,1339,0,3610,3622,12
Truck815495,3121,3238,3325,3623,298
Truck816407,2998,3121,3575,3624,49
Truck812538,0,1338,2505,3625,1120
Truck813277,1338,2436,2710,3625,915
Truck815526,0,3331,3335,3625,290
Truck815272,2822,0,3260,3626,366
Truck816149,2224,2225,3505,3626,121
Truck816146,2225,2999,3505,3627,122
Truck816331,3331,2999,3555,3627,72
Truck816475,3331,3239,3595,3627,32
Truck812539,1338,2224,2505,3628,1123
Truck815290,2822,0,3265,3628,363
Truck815472,0,2225,3320,3628,308
Truck815657,3121,2822,3370,3628,258
Truck815979,2655,2224,3460,3628,168
Truck816388,2822,2656,3570,3628,58
Truck816425,2998,3239,3580,3628,48
Truck816474,3239,3331,3595,3628,33
Truck815928,3122,2655,3445,3629,184
Truck815238,0,2224,3255,3630,375
Truck816050,2437,3238,3480,3630,150
Truck816358,2999,3121,3565,3630,65
Truck816456,3239,2655,3590,3630,40
Truck816379,3238,1339,3570,3631,61
Truck816382,1339,3238,3570,3631,61
Truck815436,0,2822,3310,3632,322
Truck815640,3122,2656,3365,3632,267
Truck815876,2225,2437,3430,3632,202
Truck816194,2437,2656,3520,3632,112
Truck816286,2999,2437,3545,3632,87
Truck816167,2224,2822,3510,3633,123
Truck816321,2655,2656,3555,3633,78
Truck816385,3331,2822,3570,3633,63
Truck816443,2998,2225,3585,3633,48
Truck815344,2822,3238,3280,3634,354
Truck815890,2999,2224,3435,3634,199
Truck815926,2999,0,3445,3634,189
Truck816136,2822,2225,3500,3634,134
Truck816406,2822,2656,3575,3634,59
Truck815554,1339,2225,3340,3635,295
Truck815634,0,3239,3365,3635,270
Truck816230,2437,0,3530,3635,105
Truck816296,2656,2821,3545,3635,90
Truck815616,0,2656,3360,3636,276
Truck815587,3238,3239,3350,3637,287
Truck816027,2821,3121,3470,3637,167
Truck816185,2224,1339,3515,3637,122
Truck816367,3331,2225,3565,3637,72
Truck816511,3331,3239,3605,3637,32
Truck815434,2822,0,3305,3638,333
Truck816212,2437,3239,3525,3638,113
Truck816350,2656,2436,3560,3638,78
Truck816461,2998,3331,3590,3638,48
Truck815289,2821,0,3265,3639,374
Truck815498,2225,2998,3325,3640,315
Truck815677,3238,3239,3375,3640,265
Truck816045,2821,3121,3475,3640,165
Truck816154,2822,2655,3505,3640,135
Truck816246,0,2437,3535,3640,105
Truck816320,2437,2999,3555,3640,85
Truck815629,3331,3238,3360,3641,281
Truck815693,3121,3331,3380,3641,261
Truck815781,2655,3238,3405,3641,236
Truck815907,2655,3122,3440,3641,201
Truck816104,2437,3121,3495,3641,146
Truck816492,3239,2225,3600,3641,41
Truck816570,0,3122,3625,3641,16
Truck816619,3331,2656,3635,3641,6
Truck815683,3331,0,3375,3642,267
Truck815709,2655,3121,3385,3642,257
Truck816326,2225,2436,3555,3642,87
Truck816368,2656,3121,3565,3642,77
Truck815211,2436,2656,3245,3644,399
Truck816479,2998,3331,3595,3644,49
Truck815562,0,2656,3345,3645,300
Truck815962,2999,0,3455,3645,190
Truck816412,2999,3121,3580,3645,65
Truck815783,3121,1339,3405,3646,241
Truck816248,2437,2224,3535,3646,111
Truck816501,2655,3239,3605,3646,41
Truck816532,2822,2224,3610,3646,36
Truck816638,2656,3331,3640,3646,6
Truck815944,2999,2655,3450,3647,197
Truck815964,3122,2655,3455,3647,192
Truck816221,2224,1338,3525,3647,122
Truck816439,3331,2822,3585,3647,62
Truck816547,3331,3239,3615,3647,32
Truck815534,2225,3331,3335,3649,314
Truck815856,3122,3239,3425,3650,225
Truck816034,2999,3122,3475,3650,175
Truck815818,2999,3238,3415,3651,236
Truck815980,2999,0,3460,3651,191
Truck816457,3331,2822,3590,3651,61
Truck815747,3121,2224,3395,3652,257
Truck816239,2224,2999,3530,3652,122
Truck816404,2656,2436,3575,3652,77
Truck816421,3331,2436,3580,3652,72
Truck816634,1339,0,3640,3652,12
Truck815622,3122,2225,3360,3653,293
Truck815624,2225,3122,3360,3653,293
Truck815942,2437,2225,3450,3653,203
Truck816515,2998,3121,3605,3653,48
Truck815374,1339,2224,3290,3654,364
Truck815552,2225,3331,3340,3654,314
Truck815844,3239,3122,3420,3654,234
Truck816208,2822,1338,3520,3654,134
Truck816348,3239,2822,3560,3654,94
Truck813062,2437,1338,2650,3655,1005
Truck815335,3238,2822,3280,3655,375
Truck816145,3238,2437,3505,3655,150
Truck816266,2437,3331,3540,3655,115
Truck816546,3239,2436,3615,3655,40
Truck816161,3121,2437,3510,3656,146
Truck815731,3238,3239,3390,3657,267
Truck816257,2224,2656,3535,3657,122
Truck816349,3331,2224,3560,3657,97
Truck816469,3238,1339,3595,3657,62
Truck816494,2656,2822,3600,3657,57
Truck815235,2821,3238,3250,3658,408
Truck815542,2822,1339,3335,3658,323
Truck815666,2656,1339,3370,3658,288
Truck815719,3331,3122,3385,3658,273
Truck816364,1339,2437,3565,3658,93
Truck816422,2656,2225,3580,3658,78
Truck816284,2437,2655,3545,3659,114
Truck816533,2998,0,3610,3659,49
Truck815464,1339,2821,3315,3660,345
Truck816087,2655,2821,3490,3660,170
Truck816099,2821,2437,3490,3660,170
Truck816303,2655,2437,3550,3660,110
Truck815265,2436,2655,3260,3661,401
Truck815346,0,2224,3285,3661,376
Truck815583,2655,2225,3350,3661,311
Truck816275,2224,2436,3540,3661,121
Truck816564,3239,2437,3620,3661,41
Truck816440,2656,2437,3585,3662,77
Truck815355,2436,3122,3285,3663,378
Truck815806,1339,3331,3410,3663,253
Truck816105,2655,2821,3495,3663,168
Truck816117,2821,2225,3495,3663,168
Truck812701,1338,2224,2550,3664,1114
Truck815588,2225,2655,3350,3664,314
Truck815824,1339,3239,3415,3664,249
Truck816244,2822,2437,3530,3664,134
Truck816258,3239,2821,3535,3664,129
Truck816551,2998,3331,3615,3664,49
Truck815352,3122,2436,3285,3665,380
Truck815765,3121,2436,3400,3666,266
Truck816396,3122,2437,3575,3666,91
Truck816505,3238,1339,3605,3666,61
Truck812881,1338,0,2600,3667,1067
Truck815460,3122,2821,3315,3668,353
Truck815802,3122,3239,3410,3668,258
Truck815857,3238,2655,3425,3668,243
Truck816016,2999,3331,3470,3668,198
Truck816090,3122,2999,3490,3668,178
Truck816249,2655,2822,3535,3668,133
Truck816293,2224,1338,3545,3668,123
Truck815370,3122,2436,3290,3669,379
Truck815837,3121,0,3420,3669,249
Truck816569,2998,2656,3620,3669,49
Truck812845,1338,1339,2590,3670,1080
Truck815606,2225,3331,3355,3671,316
Truck815451,2821,3122,3310,3672,362
Truck815642,2225,0,3365,3672,307
Truck815715,2436,2437,3385,3672,287
Truck816493,3331,2225,3600,3672,72
Truck815756,2656,3122,3395,3673,278
Truck815826,3239,0,3415,3673,258
Truck816092,2225,3121,3490,3673,183
Truck816311,2224,3239,3550,3673,123
Truck812611,1338,3239,2525,3674,1149
Truck815773,3331,1339,3400,3674,274
Truck816497,2998,2224,3600,3674,74
Truck816587,2998,0,3625,3674,49
Truck815319,2436,2822,3275,3675,400
Truck816410,2437,1339,3580,3675,95
Truck816618,3239,1338,3635,3675,40
Truck815397,2821,1339,3295,3676,381
Truck815911,3238,2999,3440,3676,236
Truck816171,2821,2437,3510,3676,166
Truck816329,2224,3331,3555,3676,121
Truck816640,2822,2224,3640,3676,36
Truck812521,1338,2224,2500,3677,1177
Truck815443,3238,2822,3310,3677,367
Truck816356,2437,3239,3565,3677,112
Truck816498,0,3238,3605,3677,72
Truck816357,2655,2437,3565,3678,113
Truck816541,3238,1339,3615,3678,63
Truck816605,2998,2821,3630,3678,48
Truck816235,3238,2437,3530,3679,149
Truck815909,3121,1339,3440,3680,240
Truck816390,0,2437,3575,3680,105
Truck815684,2656,0,3375,3681,306
Truck815819,3121,2436,3415,3681,266
Truck816052,2999,2821,3480,3681,201
Truck816565,3331,2822,3620,3681,61
Truck816627,2655,3239,3640,3681,41
Truck816658,2822,2998,3645,3681,36
Truck815832,0,3239,3420,3682,262
Truck816529,3331,2436,3610,3682,72
Truck816636,3239,1338,3640,3682,42
Truck816347,2224,2999,3560,3683,123
Truck816374,2437,2821,3570,3684,114
Truck816623,2998,1339,3635,3684,49
Truck815229,2436,3238,3250,3685,435
Truck815469,2821,3122,3315,3685,370
Truck816408,0,2437,3580,3685,105
Truck815518,1339,2821,3330,3686,356
Truck815523,2821,1339,3330,3686,356
Truck815632,2822,0,3360,3686,326
Truck815932,1339,3121,3445,3686,241
Truck815947,3238,2999,3450,3686,236
Truck815367,2655,2436,3290,3687,397
Truck815371,3238,2224,3290,3687,397
Truck815986,1339,3239,3460,3687,227
Truck816068,2437,2225,3485,3687,202
Truck816207,2821,2655,3520,3687,167
Truck812827,1338,2224,2585,3688,1103
Truck815461,3238,2998,3315,3688,373
Truck816022,1339,2655,3470,3688,218
Truck816365,2224,2656,3565,3688,123
Truck816530,2656,2225,3610,3688,78
Truck816094,1339,2655,3490,3689,199
Truck816545,2224,2998,3615,3689,74
Truck816641,2998,2437,3640,3689,49
Truck812665,1338,3238,2540,3690,1150
Truck816392,2437,2656,3575,3690,115
Truck816575,3121,2999,3625,3690,65
Truck815373,2436,2655,3290,3691,401
Truck815846,2656,3122,3420,3691,271
Truck815891,3121,2224,3435,3691,256
Truck816070,2999,2436,3485,3691,206
Truck816334,2822,1338,3555,3691,136
Truck816672,3239,2655,3650,3691,41
Truck815400,0,2436,3300,3692,392
Truck816164,2225,3121,3510,3692,182
Truck816383,2224,2999,3570,3692,122
Truck815749,3238,3331,3395,3693,298
Truck815578,2822,1339,3345,3694,349
Truck815506,2822,3238,3325,3695,370
Truck815696,2225,2224,3380,3695,315
Truck816213,2655,2998,3525,3695,170
Truck816525,2436,2225,3610,3695,85
Truck816659,2998,2655,3645,3695,50
Truck816712,2822,2998,3660,3695,35
Truck815391,2436,2656,3295,3697,402
Truck815427,2436,0,3305,3698,393
Truck816370,2822,2655,3565,3698,133
Truck816401,2224,2437,3575,3698,123
Truck816583,3331,2225,3625,3698,73
Truck812899,1338,2224,2605,3699,1094
Truck816024,3239,0,3470,3699,229
Truck816428,2437,2224,3585,3699,114
Truck816508,1339,2437,3605,3699,94
Truck816677,2998,3121,3650,3699,49
Truck815409,2436,2655,3300,3700,400
Truck812755,1338,2224,2565,3701,1136
Truck815499,2436,3122,3325,3701,376
Truck815714,2225,2821,3385,3701,316
Truck816124,2999,3239,3500,3701,201
Truck816419,2224,2225,3580,3701,121
Truck816730,2822,2224,3665,3701,36
Truck814033,1338,2225,2920,3702,782
Truck815838,3122,2656,3420,3702,282
Truck816804,0,1339,3690,3702,12
Truck812593,1338,3238,2520,3703,1183
Truck815767,3238,2656,3400,3703,303
Truck816447,2655,2437,3590,3703,113
Truck816584,2656,2437,3625,3703,78
Truck816695,2998,2821,3655,3703,48
Truck816446,2437,2822,3590,3704,114
Truck813532,2999,1338,2780,3705,925
Truck815496,3122,2224,3325,3705,380
Truck815982,3122,3331,3460,3705,245
Truck816528,3239,2822,3610,3705,95
Truck812971,1338,2822,2625,3706,1081
Truck816420,3239,2821,3580,3706,126
Truck816437,2224,2437,3585,3706,121
Truck815541,2821,0,3335,3707,372
Truck815732,2225,3239,3390,3707,317
Truck816279,2821,2437,3540,3707,167
Truck816606,0,3238,3635,3707,72
Truck815626,1339,2822,3360,3708,348
Truck816060,3239,1339,3480,3708,228
Truck816393,2655,2822,3575,3708,133
Truck816602,2656,2655,3630,3708,78
Truck816338,2437,3238,3560,3709,149
Truck816464,2437,2998,3595,3709,114
Truck816713,2998,2656,3660,3709,49
Truck815445,2436,2224,3310,3710,400
Truck816455,2224,2436,3590,3711,121
Truck816567,2821,2656,3620,3711,91
Truck816637,3331,2999,3640,3711,71
Truck816735,2655,3239,3670,3711,41
Truck816872,2656,3331,3705,3711,6
Truck812791,1338,2224,2575,3712,1137
Truck815750,2225,3331,3395,3712,317
Truck815968,1339,3331,3455,3712,257
Truck816574,2999,2437,3625,3712,87
Truck813043,1338,2821,2645,3713,1068
Truck815577,2821,0,3345,3713,368
Truck815768,2225,3239,3400,3713,313
Truck816620,2656,3121,3635,3713,78
Truck815457,2655,2436,3315,3714,399
Truck815481,2436,0,3320,3714,394
Truck815532,3122,2436,3335,3714,379
Truck816665,3121,2999,3650,3714,64
Truck816731,2998,3331,3665,3714,49
Truck816568,2822,3239,3620,3715,95
Truck816054,3122,3121,3480,3716,236
Truck816160,2999,2436,3510,3716,206
Truck816762,3239,2655,3675,3716,41
Truck815553,2436,3122,3340,3717,377
Truck816473,2224,2999,3595,3717,122
Truck816500,2437,2656,3605,3717,112
Truck816684,3122,3238,3655,3717,62
Truck815536,1339,2436,3335,3718,383
Truck815864,2656,3122,3425,3718,293
Truck816477,2821,2224,3595,3718,123
Truck816749,2998,2999,3670,3718,48
Truck815900,2656,1339,3435,3719,284
Truck816004,1339,2656,3465,3719,254
Truck816274,1339,2999,3540,3719,179
Truck816442,2822,2999,3585,3719,134
Truck816536,2437,0,3615,3719,104
Truck815560,2822,3238,3340,3720,380
Truck815668,2822,0,3370,3720,350
Truck815881,3331,3122,3430,3720,290
Truck816572,2437,1339,3625,3720,95
Truck816069,2655,3238,3485,3721,236
Truck816491,2224,3121,3600,3721,121
Truck816585,2821,3331,3625,3721,96
Truck815874,3122,2225,3430,3722,292
Truck815999,3121,2224,3465,3722,257
Truck813187,1338,2437,2685,3723,1038
Truck815794,2822,1339,3405,3723,318
Truck816518,2437,2998,3610,3723,113
Truck816728,2656,2822,3665,3723,58
Truck816816,3239,3331,3690,3723,33
Truck812989,1338,2821,2630,3724,1094
Truck815676,3122,2998,3375,3724,349
Truck816700,2999,3121,3660,3724,64
Truck815644,1339,2224,3365,3725,360
Truck815804,2225,2821,3410,3725,315
Truck816114,3239,3122,3495,3725,230
Truck816214,2999,2655,3525,3725,200
Truck816767,2998,3239,3675,3725,50
Truck816036,3122,3331,3475,3726,251
Truck816196,2999,2436,3520,3726,206
Truck816413,3121,2437,3580,3726,146
Truck816798,3239,2437,3685,3726,41
Truck816925,3331,2656,3720,3726,6
Truck812797,3238,1338,2575,3727,1152
Truck815678,2225,3238,3375,3727,352
Truck816267,2655,1339,3540,3727,187
Truck816351,2821,3121,3560,3727,167
Truck816502,2999,2225,3605,3727,122
Truck816509,2224,2655,3605,3727,122
Truck816727,3331,2822,3665,3727,62
Truck814094,2225,1338,2935,3728,793
Truck815658,3122,2998,3370,3728,358
Truck815724,0,2822,3390,3728,338
Truck815766,3122,2822,3400,3729,329
Truck815893,3238,3121,3435,3729,294
Truck816017,3121,2656,3470,3729,259
Truck816785,2998,2999,3680,3729,49
Truck815517,2436,2821,3330,3730,400
Truck816646,2999,2437,3645,3730,85
Truck812940,3122,1338,2615,3731,1116
Truck815605,3238,2998,3355,3731,376
Truck816369,2821,3121,3565,3731,166
Truck816554,2437,2656,3620,3731,111
Truck816639,2821,2656,3640,3731,91
Truck816943,3331,2656,3725,3731,6
Truck816264,0,2999,3540,3732,192
Truck816527,2224,1339,3610,3732,122
Truck816709,3331,2225,3660,3732,72
Truck816853,3331,3239,3700,3732,32
Truck815670,0,2998,3375,3733,358
Truck816035,3121,2998,3475,3733,258
Truck816510,3239,2224,3605,3733,128
Truck815613,2821,0,3355,3734,379
Truck815878,1339,2822,3430,3734,304
Truck815910,3122,2225,3440,3734,294
Truck816433,3238,2437,3585,3734,149
Truck815586,3122,2224,3350,3735,385
Truck816669,2436,2225,3650,3735,85
Truck816803,2998,2436,3685,3735,50
Truck815580,0,2224,3350,3736,386
Truck815840,2225,2224,3420,3736,316
Truck816912,0,3122,3720,3736,16
Truck812809,1338,1339,2580,3737,1157
Truck815972,2656,0,3455,3737,282
Truck812617,3238,1338,2525,3738,1213
Truck816026,2656,0,3470,3738,268
Truck816053,3121,2656,3480,3738,258
Truck816268,2999,2224,3540,3738,198
Truck816821,2998,1338,3690,3738,48
Truck815954,2656,3122,3450,3739,289
Truck816387,2821,2999,3570,3739,169
Truck815643,2436,3122,3365,3740,375
Truck816674,2656,2821,3650,3740,90
Truck816682,2999,2437,3655,3740,85
Truck815425,3238,2436,3305,3741,436
Truck816040,1339,2656,3475,3741,266
Truck816288,3122,2655,3545,3741,196
Truck816655,3331,2821,3645,3741,96
Truck815894,2225,0,3435,3742,307
Truck815989,3331,3122,3460,3742,282
Truck816341,3121,2225,3560,3742,182
Truck816563,2224,3238,3620,3742,122
Truck816745,3331,3121,3670,3742,72
Truck816775,3238,1339,3680,3742,62
Truck816948,0,1339,3730,3742,12
Truck816958,1339,0,3730,3742,12
Truck813511,1338,2437,2775,3743,968
Truck816138,0,3239,3505,3743,238
Truck816739,3238,0,3670,3743,73
Truck815598,0,2998,3355,3744,389
Truck816143,3121,1339,3505,3744,239
Truck816839,2998,2999,3695,3744,49
Truck815571,2436,2821,3345,3745,400
Truck815740,2822,3238,3390,3745,355
Truck816071,3121,2224,3485,3745,260
Truck816870,3239,2999,3705,3745,40
Truck815631,2821,0,3360,3746,386
Truck815945,3121,3238,3450,3746,296
Truck815948,2225,1339,3450,3746,296
Truck816423,2821,3121,3580,3746,166
Truck816590,2437,3331,3630,3746,116
Truck816608,2437,2821,3635,3746,111
Truck816675,2821,3331,3650,3746,96
Truck816763,3331,1338,3675,3746,71
Truck813313,1338,0,2720,3747,1027
Truck816966,0,1339,3735,3747,12
Truck816976,1339,0,3735,3747,12
Truck815533,3238,2821,3335,3748,413
Truck816362,2225,3121,3565,3748,183
Truck816581,2224,3238,3625,3748,123
Truck816746,2656,2655,3670,3748,78
Truck816906,3239,3331,3715,3748,33
Truck816550,2822,1338,3615,3749,134
Truck816857,2998,0,3700,3749,49
Truck815963,3121,3238,3455,3750,295
Truck816042,3239,3238,3475,3750,275
Truck816089,3121,3331,3490,3750,260
Truck816693,2821,3331,3655,3750,95
Truck815694,3122,2224,3380,3751,371
Truck816075,2436,3121,3485,3751,266
Truck816234,3122,2655,3530,3751,221
Truck816910,2822,2821,3715,3751,36
Truck814051,1338,2225,2925,3752,827
Truck815703,2821,1339,3380,3752,372
Truck815912,2225,2821,3440,3752,312
Truck816302,2437,2225,3550,3752,202
Truck816599,2224,2655,3630,3752,122
Truck816781,3331,2999,3680,3752,72
Truck816107,3121,2998,3495,3753,258
Truck816150,3239,3122,3505,3753,248
Truck816764,2656,3121,3675,3753,78
Truck816875,2998,3122,3705,3753,48
Truck815965,3238,2656,3455,3754,299
Truck816716,2437,3122,3665,3754,89
Truck816779,2224,2998,3680,3754,74
Truck813367,1338,2999,2735,3755,1020
Truck812863,1338,3239,2595,3756,1161
Truck816617,2224,2225,3635,3756,121
Truck816711,2821,3331,3660,3756,96
Truck817026,3122,1339,3750,3756,6
Truck815786,2225,3238,3405,3757,352
Truck816309,2436,2999,3550,3757,207
Truck816782,2656,2225,3680,3757,77
Truck816799,3331,2655,3685,3757,72
Truck813097,1338,2655,2660,3758,1098
Truck816125,3121,2822,3500,3758,258
Truck816644,2437,2224,3645,3758,113
Truck815721,2821,3122,3385,3759,374
Truck816430,2999,3122,3585,3759,174
Truck815659,3238,2821,3370,3760,390
Truck816600,3239,2224,3630,3760,130
Truck816827,3121,2999,3695,3760,65
Truck816891,2821,2998,3710,3760,50
Truck816893,2998,2821,3710,3760,50
Truck816946,2822,2821,3725,3760,35
Truck812851,3238,1338,2590,3761,1171
Truck815680,1339,2821,3375,3761,386
Truck815730,3122,2998,3390,3761,371
Truck816002,2225,1339,3465,3761,296
Truck816120,0,3239,3500,3761,261
Truck816635,2224,2437,3640,3761,121
Truck815706,0,2998,3385,3762,377
Truck816018,3122,2225,3470,3762,292
Truck816632,2225,2999,3640,3762,122
Truck816961,3331,3239,3730,3762,32
Truck816222,3239,3122,3525,3763,238
Truck816375,2655,3122,3570,3763,193
Truck815848,2822,0,3420,3764,344
Truck815860,1339,2821,3425,3764,339
Truck816604,2822,2437,3630,3764,134
Truck815770,1339,2821,3400,3765,365
Truck816232,2999,3238,3530,3765,235
Truck816747,2821,3331,3670,3765,95
Truck816748,2822,3239,3670,3765,95
Truck816845,3121,2999,3700,3765,65
Truck816865,3238,3122,3705,3765,60
Truck816911,2998,3121,3715,3765,50
Truck816963,2821,2822,3730,3765,35
Truck812847,2655,1338,2590,3766,1176
Truck813151,1338,2998,2675,3766,1091
Truck816653,2224,2821,3645,3766,121
Truck816942,3239,2436,3725,3766,41
Truck815984,2225,0,3460,3767,307
Truck816376,2999,2821,3570,3767,197
Truck816680,2437,3239,3655,3767,112
Truck816807,2655,2656,3690,3767,77
Truck815655,2655,2436,3370,3768,398
Truck816061,3331,3122,3480,3768,288
Truck816929,2998,2821,3720,3768,48
Truck816962,2656,3239,3730,3768,38
Truck815966,2225,3331,3455,3769,314
Truck816130,1339,3331,3500,3769,269
Truck816328,1339,2655,3555,3769,214
Truck816622,2822,2436,3635,3770,135
Truck816883,3238,3122,3710,3770,60
Truck816960,3239,2225,3730,3770,40
Truck815661,2436,2821,3370,3771,401
Truck816192,0,3121,3520,3771,251
Truck816256,1339,3239,3535,3771,236
Truck816657,2821,3239,3645,3772,127
Truck816671,2224,2999,3650,3772,122
Truck816908,2656,2822,3715,3772,57
Truck816144,3122,2656,3505,3773,268
Truck816179,3121,2998,3515,3773,258
Truck816978,3239,2656,3735,3773,38
Truck816947,2998,3122,3725,3774,49
Truck816813,2436,2225,3690,3775,85
Truck815679,2436,2822,3375,3776,401
Truck816086,2437,2436,3490,3776,286
Truck816195,2655,3121,3520,3776,256
Truck816215,3121,0,3525,3776,251
Truck816240,3239,1339,3530,3776,246
Truck816398,2225,2437,3575,3776,201
Truck816871,3331,2436,3705,3776,71
Truck816926,2656,2822,3720,3776,56
Truck817062,3122,0,3760,3776,16
Truck815641,3238,2821,3365,3777,412
Truck816056,2225,1339,3480,3777,297
Truck816394,2999,3331,3575,3777,202
Truck816689,2224,3238,3655,3777,122
Truck815997,2655,2225,3465,3778,313
Truck815811,2821,0,3410,3779,369
Truck816072,3122,2225,3485,3779,294
Truck816965,2998,2225,3730,3779,49
Truck813049,3238,1338,2645,3780,1135
Truck816531,2821,3121,3610,3780,170
Truck816802,2822,3239,3685,3780,95
Truck816826,2999,2437,3695,3780,85
Truck816831,2436,2225,3695,3780,85
Truck815697,2436,2655,3380,3781,401
Truck816228,0,3121,3530,3781,251
Truck817018,2822,2998,3745,3781,36
Truck815778,0,2224,3405,3782,377
Truck816111,2436,2437,3495,3782,287
Truck816197,3121,2656,3520,3782,262
Truck816549,2821,3121,3615,3782,167
Truck816707,2224,3331,3660,3782,122
Truck816015,2655,2225,3470,3783,313
Truck816537,2655,2224,3615,3783,168
Truck816734,2437,3331,3670,3783,113
Truck816861,2655,2656,3705,3783,78
Truck817014,3239,2656,3745,3783,38
Truck815875,3238,2225,3430,3784,354
Truck816162,3122,3331,3510,3784,274
Truck816676,2822,2655,3650,3784,134
Truck816690,3239,2998,3655,3784,129
Truck816983,2998,2436,3735,3784,49
Truck815775,2821,3238,3400,3786,386
Truck816472,1339,2655,3595,3786,191
Truck816836,2656,2998,3695,3786,91
Truck816134,2656,1339,3500,3787,287
Truck816169,3331,3122,3510,3787,277
Truck816708,3239,2998,3660,3787,127
Truck816725,2224,2656,3665,3787,122
Truck816020,2225,2656,3470,3788,318
Truck816752,2437,2655,3675,3788,113
Truck816901,3238,0,3715,3788,73
Truck816907,3331,2999,3715,3788,73
Truck815733,2436,2655,3390,3789,399
Truck816110,2225,1339,3495,3789,294
Truck816310,1339,3121,3550,3790,240
Truck816402,3239,1339,3575,3790,215
Truck816448,2999,2224,3590,3790,200
Truck816854,2656,2998,3700,3790,90
Truck816862,2999,2437,3705,3790,85
Truck816934,2999,3121,3725,3790,65
Truck817001,2998,1338,3740,3790,50
Truck817054,2822,2821,3755,3790,35
Truck813067,3238,1338,2650,3791,1141
Truck816233,3121,3331,3530,3791,261
Truck816694,2822,1338,3655,3791,136
Truck817032,3239,2225,3750,3791,41
Truck817152,3122,1339,3785,3791,6
Truck815884,2822,0,3430,3792,362
Truck816038,2225,2821,3475,3792,317
Truck816743,2224,2436,3670,3792,122
Truck817128,0,1339,3780,3792,12
Truck815820,3122,2436,3415,3793,378
Truck816466,2999,2822,3595,3793,198
Truck816729,2821,3239,3665,3793,128
Truck817019,2998,2437,3745,3793,48
Truck815823,2436,1339,3415,3794,379
Truck816251,3121,2821,3535,3794,259
Truck813258,0,1338,2705,3795,1090
Truck816066,0,2656,3485,3795,310
Truck816224,2656,1339,3525,3795,270
Truck816726,3239,2998,3665,3795,130
Truck817072,2822,2821,3760,3795,35
Truck815745,2655,2436,3395,3796,401
Truck815787,2436,0,3405,3796,391
Truck816761,2224,2437,3675,3796,121
Truck817170,3122,1339,3790,3796,6
Truck816342,3122,3121,3560,3797,237
Truck816973,3238,1339,3735,3797,62
Truck815751,2436,2998,3395,3798,403
Truck815769,2436,2224,3400,3798,398
Truck816603,2821,2225,3630,3798,168
Truck817037,2998,1338,3750,3798,48
Truck816269,3121,2821,3540,3799,259
Truck816484,2999,2656,3600,3799,199
Truck816519,2655,1339,3610,3799,189
Truck816591,2655,2821,3630,3799,169
Truck816788,2437,2821,3685,3799,114
Truck816148,1339,2225,3505,3800,295
Truck816260,2656,0,3535,3800,265
Truck816520,2999,0,3610,3800,190
Truck816890,2656,2998,3710,3800,90
Truck816994,1339,3238,3740,3800,60
Truck817068,3239,2655,3760,3800,40
Truck813861,2436,1338,2870,3801,931
Truck816188,2656,3122,3515,3801,286
Truck816360,3122,3121,3565,3801,236
Truck816765,2821,3239,3675,3801,126
Truck817090,2822,2821,3765,3801,36
Truck817195,3331,2656,3795,3801,6
Truck813403,1338,3239,2745,3802,1057
Truck816270,3122,3331,3540,3802,262
Truck816305,3121,0,3550,3802,252
Truck816991,3238,1339,3740,3802,62
Truck815904,0,2821,3440,3803,363
Truck816287,3121,2655,3545,3803,258
Truck816944,2656,2655,3725,3803,78
Truck817055,2998,2821,3755,3803,48
Truck817086,3239,2656,3765,3803,38
Truck813533,3121,1338,2780,3804,1024
Truck816806,2437,2998,3690,3804,114
Truck816888,3239,2822,3710,3804,94
Truck813439,1338,2822,2755,3805,1050
Truck815803,3238,2998,3410,3805,395
Truck815956,2822,0,3450,3805,355
Truck816201,2436,2437,3520,3807,287
Truck816783,2821,3239,3680,3807,127
Truck816797,2224,1339,3685,3807,122
Truck816979,3331,2437,3735,3807,72
Truck813259,1338,2998,2705,3808,1103
Truck814447,1338,2225,3035,3808,773
Truck815868,0,2821,3430,3808,378
Truck816377,3121,1339,3570,3809,239
Truck816896,2437,1339,3715,3809,94
Truck817073,2998,3239,3760,3809,49
Truck816698,2437,3238,3660,3810,150
Truck816766,2822,2655,3675,3810,135
Truck815805,2436,2656,3410,3811,401
Truck816019,3238,2822,3470,3811,341
Truck816465,2655,3122,3595,3811,216
Truck816336,0,3121,3560,3812,252
Truck816397,3238,2999,3575,3812,237
Truck816596,2225,3121,3630,3812,182
Truck816610,2999,3122,3635,3812,177
Truck816808,2999,2225,3690,3812,122
Truck816815,2224,3121,3690,3812,122
Truck816819,2821,2224,3690,3812,122
Truck816997,3331,2225,3740,3812,72
Truck813548,2437,1338,2785,3813,1028
Truck815841,2436,0,3420,3813,393
Truck816784,2822,2437,3680,3813,133
Truck816842,2437,2822,3700,3813,113
Truck815821,3238,2998,3415,3814,399
Truck816538,2999,2998,3615,3814,199
Truck817091,2998,2225,3765,3814,49
Truck815892,3122,2224,3435,3815,380
Truck816878,2437,0,3710,3815,105
Truck813713,3121,1338,2830,3816,986
Truck816323,3121,2224,3555,3816,261
Truck816339,2655,3121,3560,3816,256
Truck816395,3121,1339,3575,3816,241
Truck816833,2224,0,3695,3816,121
Truck817144,2822,2224,3780,3816,36
Truck816542,2225,2437,3615,3817,202
Truck816628,2999,3122,3640,3817,177
Truck816630,3122,2999,3640,3817,177
Truck816956,2225,2436,3730,3817,87
Truck816998,2656,2437,3740,3817,77
Truck817002,0,3238,3745,3817,72
Truck817142,2656,3239,3780,3818,38
Truck815850,0,2436,3425,3819,394
Truck816278,2656,0,3540,3819,279
Truck816313,3331,0,3550,3819,269
Truck817109,2998,2822,3770,3819,49
Truck817161,2821,2822,3785,3819,34
Truck816217,3238,3121,3525,3820,295
Truck816894,0,2437,3715,3820,105
Truck816950,2437,3122,3730,3820,90
Truck813223,1338,1339,2695,3821,1126
Truck817069,3331,2822,3760,3821,61
Truck817088,2656,2822,3765,3821,56
Truck816483,2655,3122,3600,3822,222
Truck816681,2655,2224,3655,3822,167
Truck816851,2224,3122,3700,3822,122
Truck817033,3331,1338,3750,3822,72
Truck817177,3331,3239,3790,3822,32
Truck816834,3239,2998,3695,3823,128
Truck817005,2655,2656,3745,3823,78
Truck815859,2436,3239,3425,3824,399
Truck816159,2655,2225,3510,3824,314
Truck816820,2822,2437,3690,3824,134
Truck817127,2998,0,3775,3824,49
Truck816436,1339,3121,3585,3825,240
Truck815983,3238,2821,3460,3826,366
Truck816200,2225,0,3520,3826,306
Truck816650,2225,3121,3645,3826,181
Truck816666,3122,2999,3650,3826,176
Truck816972,3122,2437,3735,3826,91
Truck816992,2225,2436,3740,3826,86
Truck817149,2655,3239,3785,3826,41
Truck816773,3121,2437,3680,3827,147
Truck816869,2224,2821,3705,3827,122
Truck817080,3122,3238,3765,3827,62
Truck813655,1338,2437,2815,3828,1013
Truck815949,2436,3122,3450,3828,378
Truck816292,1339,3331,3545,3828,283
Truck817143,2821,2998,3780,3828,48
Truck817145,2998,3238,3780,3828,48
Truck816100,2822,3122,3490,3829,339
Truck816838,2822,1338,3695,3829,134
Truck815877,2436,3331,3430,3830,400
Truck816182,2225,2224,3515,3830,315
Truck816467,3121,3122,3595,3830,235
Truck816592,2999,3239,3630,3830,200
Truck816887,2224,3121,3710,3831,121
Truck817059,2655,3331,3760,3831,71
Truck817105,3331,2822,3770,3831,61
Truck815950,1339,2436,3450,3832,382
Truck815967,2436,3122,3455,3832,377
Truck816314,2656,3122,3550,3832,282
Truck816363,2436,3121,3565,3832,267
Truck817163,2998,1338,3785,3833,48
Truck815895,2436,2822,3435,3835,400
Truck816411,2655,3121,3580,3836,256
Truck816432,3122,3239,3585,3836,251
Truck817185,2655,3239,3795,3836,41
Truck816091,3238,2822,3490,3837,347
Truck816905,2224,2822,3715,3837,122
Truck817116,3122,3238,3775,3837,62
Truck817216,2822,2224,3800,3837,37
Truck814069,1338,2436,2930,3838,908
Truck816555,2655,3238,3620,3838,218
Truck816932,2437,2821,3725,3838,113
Truck813475,1338,1339,2765,3839,1074
Truck815922,0,2436,3445,3839,394
Truck817070,2656,2225,3760,3839,79
Truck817181,2998,3121,3790,3839,49
Truck816001,3238,2998,3465,3840,375
Truck816218,2225,3331,3525,3840,315
Truck816386,2656,1339,3570,3840,270
Truck816490,1339,3121,3600,3840,240
Truck817234,2822,2821,3805,3840,35
Truck813529,1338,3239,2780,3841,1061
Truck815913,2436,2655,3440,3841,401
Truck816290,2225,1339,3545,3841,296
Truck816626,2437,2225,3640,3841,201
Truck816874,2822,3121,3705,3841,136
Truck816923,2224,3331,3720,3841,121
Truck817138,1339,3238,3780,3841,61
Truck813331,1338,0,2725,3842,1117
Truck816048,0,2821,3480,3842,362
Truck817015,3331,2821,3745,3842,97
Truck814310,2225,1338,2995,3843,848
Truck816236,2225,3239,3530,3843,313
Truck816720,3122,2999,3665,3843,178
Truck816753,2655,2821,3675,3843,168
Truck815931,2436,2822,3445,3844,399
Truck816372,0,3331,3570,3844,274
Truck816431,3121,2655,3585,3844,259
Truck816458,2656,3122,3590,3844,254
Truck816649,3238,2655,3645,3844,199
Truck817040,2437,3122,3755,3844,89
Truck813241,1338,3239,2700,3845,1145
Truck816216,3122,2822,3525,3845,320
Truck816724,1339,2999,3665,3845,180
Truck816892,2822,2999,3710,3845,135
Truck813349,1338,3331,2730,3846,1116
Truck816332,2656,3238,3555,3846,291
Truck817052,2656,2821,3755,3846,91
Truck817230,3239,2437,3805,3846,41
Truck817308,0,3122,3830,3846,16
Truck817357,3331,2656,3840,3846,6
Truck816063,2821,0,3480,3847,367
Truck816307,3238,3121,3550,3847,297
Truck816345,2436,2437,3560,3847,287
Truck816444,0,3331,3590,3847,257
Truck816523,3238,2999,3610,3847,237
Truck816941,2224,2656,3725,3847,122
Truck817123,3331,2225,3775,3847,72
Truck816678,0,2999,3655,3848,193
Truck816771,2655,2821,3680,3848,168
Truck817110,0,3238,3775,3848,73
Truck817217,2998,3331,3800,3848,48
Truck815929,3238,2821,3445,3849,404
Truck816449,3121,2821,3590,3849,259
Truck817106,2656,2655,3770,3849,79
Truck816485,3121,0,3600,3850,250
Truck816664,2999,3239,3650,3850,200
Truck816968,2437,2656,3735,3850,115
Truck813547,1338,3121,2785,3851,1066
Truck816801,2821,2437,3685,3851,166
Truck817051,3331,2821,3755,3851,96
Truck817076,2437,2999,3765,3851,86
Truck817135,3238,0,3780,3852,72
Truck813799,1338,3239,2855,3853,998
Truck816039,2436,3122,3475,3853,378
Truck816254,2225,3239,3535,3853,318
Truck816959,2224,3239,3730,3853,123
Truck817053,2821,3331,3755,3853,98
Truck816055,3238,2822,3480,3854,374
Truck816403,3331,1339,3575,3854,279
Truck813169,1338,2224,2680,3855,1175
Truck816163,3238,2822,3510,3855,345
Truck816272,2225,2821,3540,3855,315
Truck816282,0,2656,3545,3855,310
Truck816860,2437,3238,3705,3855,150
Truck816928,2822,2437,3720,3855,135
Truck817004,2437,2655,3745,3855,110
Truck816453,2436,3121,3590,3856,266
Truck816556,2999,3238,3620,3856,236
Truck816986,2437,3239,3740,3856,116
Truck817096,2999,2437,3770,3856,86
Truck817266,3239,2225,3815,3856,41
Truck815994,0,2436,3465,3857,392
Truck816558,3122,3121,3620,3857,237
Truck816977,2224,2437,3735,3857,122
Truck817303,3331,3239,3825,3857,32
Truck816118,2822,3238,3495,3859,364
Truck816354,0,2656,3565,3859,294
Truck816415,3238,3239,3580,3859,279
Truck817253,2998,2225,3810,3859,49
Truck814055,3121,1338,2925,3860,935
Truck817087,3331,2821,3765,3860,95
Truck817207,3238,3122,3800,3860,60
Truck816995,2224,3331,3740,3861,121
Truck817284,3239,2437,3820,3861,41
Truck817368,3122,0,3845,3861,16
Truck817411,3331,2656,3855,3861,6
Truck816325,3238,3331,3555,3862,307
Truck816837,2821,2225,3695,3862,167
Truck817023,2655,2437,3750,3862,112
Truck816717,2655,2999,3665,3863,198
Truck816280,2822,0,3540,3864,324
Truck816462,0,3331,3595,3864,269
Truck817271,2998,2999,3815,3864,49
Truck814382,2225,1338,3015,3865,850
Truck816081,2821,3122,3485,3865,380
Truck816663,2655,3122,3650,3865,215
Truck816102,0,2224,3495,3866,371
Truck816308,2225,3331,3550,3866,316
Truck817293,2655,3239,3825,3866,41
Truck816156,0,2822,3510,3867,357
Truck816736,2999,3331,3670,3867,197
Truck816917,3121,2437,3720,3867,147
Truck817013,2224,2436,3745,3867,122
Truck813709,1338,3121,2830,3868,1038
Truck816180,3122,2822,3515,3868,353
Truck816855,2821,2437,3700,3868,168
Truck816982,2822,2436,3735,3868,133
Truck817178,2656,3121,3790,3868,78
Truck816073,3238,2224,3485,3869,384
Truck816172,2822,3238,3510,3869,359
Truck816253,3238,2822,3535,3869,334
Truck816996,3239,2224,3740,3869,129
Truck817193,2224,2998,3795,3869,74
Truck817199,2998,2224,3795,3869,74
Truck817289,2998,2821,3820,3869,49
Truck816914,2437,3238,3720,3870,150
Truck813283,3238,1338,2710,3871,1161
Truck816438,3239,3238,3585,3871,286
Truck817031,2224,2656,3750,3871,121
Truck817155,2436,2225,3785,3871,86
Truck813997,1338,2437,2910,3872,962
Truck816754,2999,3239,3675,3872,197
Truck816873,2821,2225,3705,3872,167
Truck817213,3331,2999,3800,3873,73
Truck813384,0,1338,2740,3874,1134
Truck816414,3122,2225,3580,3874,294
Truck817240,2999,3121,3810,3874,64
Truck817307,2998,2437,3825,3874,49
Truck816566,2656,3122,3620,3875,255
Truck817173,2436,2225,3790,3875,85
Truck816318,0,2822,3555,3876,321
Truck816937,3238,2437,3725,3876,151
Truck817000,2822,1338,3740,3876,136
Truck817231,3331,2437,3805,3876,71
Truck817422,3122,0,3860,3876,16
Truck817042,2999,2225,3755,3877,122
Truck817049,2224,3239,3755,3877,122
Truck817338,3239,2437,3835,3877,42
Truck816037,3238,2821,3475,3878,403
Truck816540,3122,3331,3615,3878,263
Truck816879,2655,2821,3710,3878,168
Truck817158,3239,2822,3785,3878,93
Truck813552,3122,1338,2785,3879,1094
Truck814688,2225,1338,3100,3879,779
Truck816057,2436,3331,3480,3879,399
Truck817159,3331,2224,3785,3879,94
Truck817235,2998,2224,3805,3879,74
Truck817325,2998,3239,3830,3879,49
Truck816093,2436,0,3490,3880,390
Truck816557,3121,2822,3620,3880,260
Truck816772,2999,2655,3680,3880,200
Truck817279,3238,3122,3820,3880,60
Truck817356,3239,2999,3840,3880,40
Truck817347,2655,3239,3840,3881,41
Truck813727,1338,2821,2835,3882,1047
Truck816226,2822,3122,3525,3882,357
Truck816452,2225,3122,3590,3882,292
Truck816539,3121,2436,3615,3882,267
Truck816770,2437,2225,3680,3882,202
Truck817067,2224,2436,3760,3882,122
Truck816790,2999,2224,3685,3883,198
Truck817036,2822,2436,3750,3883,133
Truck817050,3239,2998,3755,3883,128
Truck817094,2437,2224,3770,3883,113
Truck817249,3331,2436,3810,3883,73
Truck817343,2998,2822,3835,3883,48
Truck816109,3238,2224,3495,3884,389
Truck816548,2656,1339,3615,3884,269
Truck816582,3239,3122,3625,3884,259
Truck817176,3239,2822,3790,3884,94
Truck817232,2656,2437,3805,3884,79
Truck816127,3238,2998,3500,3885,385
Truck816380,2225,2224,3570,3885,315
Truck816868,1339,2999,3705,3885,180
Truck817197,2821,2656,3795,3885,90
Truck817365,2655,3239,3845,3885,40
Truck816174,0,2224,3515,3886,371
Truck817113,2655,2437,3775,3886,111
Truck817208,2225,2436,3800,3886,86
Truck816927,2821,2436,3720,3887,167
Truck817085,2224,3121,3765,3887,122
Truck817196,2656,2821,3795,3887,92
Truck817267,3331,1338,3815,3887,72
Truck816886,1339,2999,3710,3888,178
Truck817041,2655,2822,3755,3888,133
Truck817324,2822,2656,3830,3888,58
Truck816593,3121,3331,3630,3889,259
Truck816629,3121,0,3640,3889,249
Truck816880,2999,1339,3710,3889,179
Truck817254,0,3238,3815,3889,74
Truck817361,2998,3239,3840,3889,49
Truck816552,0,3331,3620,3891,271
Truck816685,3238,2999,3655,3891,236
Truck816795,2436,2999,3685,3891,206
Truck817103,2224,0,3770,3891,121
Truck817214,2656,2998,3800,3891,91
Truck817295,3121,2999,3825,3891,66
Truck817392,3239,2655,3850,3891,41
Truck817470,0,3122,3875,3891,16
Truck817519,3331,2656,3885,3891,6
Truck816487,3238,3331,3600,3892,292
Truck816933,2655,2224,3725,3892,167
Truck817100,2225,2999,3770,3892,122
Truck817285,3331,2999,3820,3892,72
Truck813745,1338,3331,2840,3893,1053
Truck816611,3121,3331,3635,3893,258
Truck813457,1338,2821,2760,3894,1134
Truck816424,2822,1339,3580,3894,314
Truck817130,2437,2822,3780,3894,114
Truck816904,1339,2999,3715,3895,180
Truck817245,2436,2225,3810,3895,85
Truck814544,2225,1338,3060,3896,836
Truck814573,1338,2225,3070,3896,826
Truck815985,2436,3238,3460,3896,436
Truck816333,2821,1339,3555,3896,341
Truck817215,2821,3331,3800,3896,96
Truck817432,2822,2998,3860,3896,36
Truck817537,3331,2656,3890,3896,6
Truck813790,1339,1338,2850,3897,1047
Truck816601,3331,3122,3630,3897,267
Truck816789,2655,3238,3685,3897,212
Truck816951,2655,2821,3730,3897,167
Truck817286,2656,2999,3820,3897,77
Truck817333,3238,1339,3835,3897,62
Truck817447,3331,3239,3865,3897,32
Truck816702,3122,3121,3660,3898,238
Truck816899,3121,2225,3715,3898,183
Truck817121,2224,2655,3775,3898,123
Truck816129,2436,2822,3500,3899,399
Truck816189,2821,3238,3515,3899,384
Truck816844,2999,2998,3700,3899,199
Truck816850,1339,2655,3700,3899,199
Truck816003,2436,3238,3465,3900,435
Truck816324,3122,2998,3555,3900,345
Truck816343,3238,2822,3560,3900,340
Truck816692,2656,3122,3655,3900,245
Truck817251,2821,2656,3810,3900,90
Truck817397,2998,1339,3850,3900,50
Truck817450,2822,2224,3865,3900,35
Truck816434,2225,2656,3585,3901,316
Truck816645,2655,3121,3645,3901,256
Truck816969,2655,2998,3735,3901,166
Truck817167,2655,2437,3790,3901,111
Truck816202,1339,2436,3520,3902,382
Truck816652,1339,3239,3645,3902,257
Truck816656,2656,1339,3645,3902,257
Truck817139,2224,2821,3780,3902,122
Truck817250,2656,2998,3810,3902,92
Truck817428,3239,2655,3860,3902,42
Truck816451,3238,3331,3590,3903,313
Truck816744,3239,0,3670,3903,233
Truck817166,2437,2655,3790,3903,113
Truck816181,3238,2224,3515,3904,389
Truck817122,3239,2998,3775,3904,129
Truck817252,2822,3239,3810,3904,94
Truck816147,2436,2224,3505,3905,400
Truck817415,2998,0,3855,3905,50
Truck817468,2822,2998,3870,3905,35
Truck813736,1339,1338,2835,3906,1071
Truck816521,3121,3238,3610,3906,296
Truck816999,2821,2225,3740,3906,166
Truck817573,3331,2656,3900,3906,6
Truck817574,2656,3331,3900,3906,6
Truck813444,3122,1338,2755,3907,1152
Truck816699,2655,3238,3660,3907,247
Truck817157,2224,0,3785,3907,122
Truck817446,3239,2225,3865,3907,42
Truck817542,0,1339,3895,3907,12
Truck813637,1338,2821,2810,3908,1098
Truck816238,1339,2224,3530,3908,378
Truck816703,3238,2655,3660,3908,248
Truck817140,3239,2998,3780,3908,128
Truck813817,1338,3122,2860,3909,1049
Truck817433,2998,3121,3860,3909,49
Truck816165,2436,3239,3510,3910,400
Truck816742,1339,3121,3670,3910,240
Truck817184,2437,2822,3795,3911,116
Truck817202,2437,2655,3800,3911,111
Truck817464,3239,2437,3870,3911,41
Truck813583,1338,3331,2795,3912,1117
Truck816225,2821,0,3525,3912,387
Truck816470,2225,3331,3595,3912,317
Truck817175,2224,2656,3790,3912,122
Truck817560,0,1339,3900,3912,12
Truck816683,3121,2998,3655,3913,258
Truck816316,2822,3238,3550,3914,364
Truck816512,2656,3238,3605,3914,309
Truck816760,1339,3239,3675,3914,239
Truck816843,2655,1339,3700,3914,214
Truck817017,2821,2436,3745,3914,169
Truck816648,3122,3331,3645,3915,270
Truck816691,3331,0,3655,3915,260
Truck816898,2999,2224,3715,3915,200
Truck817451,2998,2437,3865,3915,50
Truck816297,2821,0,3545,3916,371
Truck817482,3239,3121,3875,3916,41
Truck816488,2225,2821,3600,3917,317
Truck816562,1339,2225,3620,3917,297
Truck816701,3121,3331,3660,3917,257
Truck816780,3239,1339,3680,3917,237
Truck817035,2821,2655,3750,3917,167
Truck817220,2437,2656,3805,3917,112
Truck817375,3331,2999,3845,3917,72
Truck816516,0,2225,3610,3918,308
Truck816612,3122,2656,3635,3918,283
Truck816714,0,3121,3665,3918,253
Truck816897,2655,0,3715,3918,203
Truck817469,2998,2822,3870,3918,48
Truck813853,1338,2822,2870,3919,1049
Truck816514,2822,1339,3605,3919,314
Truck816654,3239,0,3645,3919,274
Truck817379,2998,2224,3845,3919,74
Truck813421,1338,2822,2750,3920,1170
Truck816460,2822,1339,3590,3920,330
Truck816534,0,3331,3615,3920,305
Truck816273,2436,1339,3540,3921,381
Truck816706,1339,3331,3660,3921,261
Truck817211,2224,2655,3800,3921,121
Truck817322,2656,2224,3830,3921,91
Truck817335,2436,2225,3835,3921,86
Truck817393,3331,2436,3850,3921,71
Truck817429,3331,2822,3860,3921,61
Truck813854,2437,1338,2870,3922,1052
Truck816559,3238,3331,3620,3923,303
Truck817487,2998,2437,3875,3923,48
Truck816478,2822,1339,3595,3924,329
Truck817112,2437,3238,3775,3924,149
Truck816219,2436,2655,3525,3925,400
Truck816524,2225,2821,3610,3925,315
Truck816719,3121,2998,3665,3925,260
Truck817133,3121,2437,3780,3926,146
Truck817229,2224,2821,3805,3926,121
Truck817340,2656,2224,3835,3926,91
Truck817518,3239,2225,3885,3926,41
Truck816496,2822,1339,3600,3928,328
Truck817505,2998,3121,3880,3928,48
Truck816306,3122,2436,3550,3929,379
Truck816737,3121,2224,3670,3929,259
Truck817071,2821,3121,3760,3929,169
Truck817198,2822,2999,3795,3929,134
Truck817212,3239,2998,3800,3929,129
Truck817256,2437,2656,3815,3929,114
Truck817394,2656,2436,3850,3929,79
Truck817358,2656,2998,3840,3930,90
Truck816237,2436,2822,3530,3931,401
Truck816952,2999,2822,3730,3931,201
Truck817025,3121,2225,3750,3931,181
Truck817536,3239,2655,3890,3931,41
Truck813493,1338,3331,2770,3932,1162
Truck816416,2225,3238,3580,3932,352
Truck817089,2821,2437,3765,3932,167
Truck817247,2224,2999,3810,3932,122
Truck817274,2437,2998,3820,3932,112
Truck816755,3121,2656,3675,3933,258
Truck816814,1339,3239,3690,3933,243
Truck816970,2999,2821,3735,3933,198
Truck817310,2437,0,3830,3934,104
Truck817521,2821,2998,3885,3934,49
Truck817523,2998,2999,3885,3934,49
Truck816255,2436,2224,3535,3935,400
Truck816631,3238,3121,3640,3935,295
Truck817376,2656,2224,3845,3935,90
Truck817554,3239,2225,3895,3935,40
Truck813619,1338,2998,2805,3936,1131
Truck816459,2821,3122,3590,3937,347
Truck816588,0,2225,3630,3937,307
Truck816710,2656,1339,3660,3937,277
Truck816741,2436,3121,3670,3937,267
Truck816957,2436,2999,3730,3937,207
Truck817265,2224,2436,3815,3937,122
Truck813295,1338,3238,2715,3938,1223
Truck817248,3239,2998,3810,3938,128
Truck816480,0,2822,3600,3939,339
Truck816846,3122,3239,3700,3939,239
Truck816988,2999,2224,3740,3939,199
Truck817541,2998,2225,3890,3939,49
Truck816647,3121,3238,3645,3940,295
Truck817292,2437,2822,3825,3941,116
Truck817386,3122,2437,3850,3941,91
Truck817594,2822,2821,3905,3941,36
Truck816810,3122,3239,3690,3942,252
Truck817283,2224,0,3820,3942,122
Truck816759,2436,3121,3675,3943,268
Truck817448,2656,2436,3865,3943,78
Truck817559,2998,2436,3895,3943,48
Truck817006,2999,2224,3745,3944,199
Truck814537,1338,2436,3060,3945,885
Truck817346,2437,0,3840,3945,105
Truck817590,3239,3121,3905,3945,40
Truck817717,3331,2656,3940,3946,6
Truck816378,3122,2998,3570,3947,377
Truck816586,2822,3122,3625,3947,322
Truck816609,2655,2225,3635,3947,312
Truck816686,2225,3122,3655,3947,292
Truck817131,2655,2821,3780,3947,167
Truck817301,2224,2437,3825,3947,122
Truck817612,2822,2998,3910,3947,37
Truck816291,2436,2224,3545,3948,403
Truck816441,2821,0,3585,3948,363
Truck817610,2656,3239,3910,3948,38
Truck817577,2998,3122,3900,3949,49
Truck816183,2436,3238,3515,3950,435
Truck816809,3121,2822,3690,3950,260
Truck817270,2822,3121,3815,3950,135
Truck817430,2656,2998,3860,3950,90
Truck813763,1338,3239,2845,3951,1106
Truck816614,2225,2822,3635,3951,316
Truck816825,2655,3121,3695,3951,256
Truck816829,3238,3239,3695,3951,256
Truck817028,2225,2437,3750,3951,201
Truck817060,2999,0,3760,3951,191
Truck817302,3239,2998,3825,3951,126
Truck817608,3239,3121,3910,3951,41
Truck814034,2437,1338,2920,3952,1032
Truck817011,2436,2999,3745,3952,207
Truck817319,2224,3121,3830,3952,122
Truck817501,3331,1338,3880,3952,72
Truck817595,2998,2999,3905,3953,48
Truck816450,3122,2821,3590,3954,364
Truck814519,1338,2436,3055,3955,900
Truck816576,3122,2822,3625,3956,331
Truck816660,0,2225,3650,3956,306
Truck816668,2225,0,3650,3956,306
Truck816916,2999,3238,3720,3956,236
Truck817118,2225,3121,3775,3956,181
Truck817704,0,3122,3940,3956,16
Truck816327,2436,3239,3555,3957,402
Truck816955,3238,2655,3730,3957,227
Truck817320,3239,2821,3830,3957,127
Truck817337,2224,3239,3835,3957,122
Truck816417,2436,3122,3580,3958,378
Truck816506,2225,3238,3605,3958,353
Truck816852,3239,3122,3700,3958,258
Truck817179,2821,2655,3790,3958,168
Truck816832,1339,2656,3695,3959,264
Truck817436,2437,1339,3865,3959,94
Truck817238,2437,3238,3810,3960,150
Truck817306,2822,2225,3825,3961,136
Truck817635,2655,3239,3920,3961,41
Truck816817,3331,1339,3690,3962,272
Truck817355,2224,2822,3840,3962,122
Truck813565,1338,2998,2790,3963,1173
Truck816642,0,2822,3645,3963,318
Truck817078,2999,2655,3765,3963,198
Truck817662,3239,2656,3925,3963,38
Truck817382,2437,2655,3850,3964,114
Truck817631,2998,2822,3915,3964,49
Truck814231,1338,3121,2975,3965,990
Truck817418,2437,0,3860,3965,105
Truck816673,3331,3238,3650,3966,316
Truck816935,3121,1339,3725,3966,241
Truck817465,3331,2224,3870,3966,96
Truck817490,2437,2999,3880,3966,86
Truck816361,3238,2224,3565,3967,402
Truck817151,3121,2225,3785,3967,182
Truck817555,3331,1338,3895,3967,72
Truck817020,0,2655,3750,3968,218
Truck817373,2224,2999,3845,3968,123
Truck817527,2655,2656,3890,3968,78
Truck817649,2998,2822,3920,3968,48
Truck816405,2821,0,3575,3969,394
Truck817553,2224,2998,3895,3969,74
Truck816987,2655,0,3740,3970,230
Truck817342,2822,2999,3835,3970,135
Truck817400,2437,2821,3855,3970,115
Truck817502,2656,2821,3880,3970,90
Truck816863,3121,2436,3705,3971,266
Truck816881,3121,3331,3710,3971,261
Truck817483,3331,2998,3875,3971,96
Truck817680,3239,1338,3930,3971,41
Truck813691,1338,0,2825,3972,1147
Truck813781,1338,3122,2850,3972,1122
Truck816454,1339,2436,3590,3972,382
Truck816560,2225,3238,3620,3972,352
Truck817391,2224,2436,3850,3972,122
Truck817603,3238,1339,3910,3972,62
Truck816704,2225,2998,3660,3973,313
Truck816800,2656,3238,3685,3973,288
Truck816954,3122,3239,3730,3973,243
Truck817667,2998,3239,3925,3973,48
Truck816471,2436,1339,3595,3974,379
Truck817045,3238,2655,3755,3974,219
Truck817114,2999,3331,3775,3974,199
Truck817233,2821,3121,3805,3974,169
Truck817719,2821,2822,3940,3974,34
Truck814267,1338,2437,2985,3975,990
Truck816580,1339,2821,3625,3975,350
Truck817624,1339,3238,3915,3975,60
Truck817698,3239,2225,3935,3975,40
Truck816971,3121,1339,3735,3976,241
Truck816990,3122,3121,3740,3976,236
Truck817627,3331,2822,3915,3976,61
Truck816271,3238,2436,3540,3977,437
Truck816399,2436,2822,3575,3977,402
Truck817409,2224,0,3855,3977,122
Truck817563,2655,2656,3900,3977,77
Truck817591,3331,2999,3905,3977,72
Truck816578,2225,3238,3625,3978,353
Truck816722,2225,2821,3665,3978,313
Truck816835,3331,3238,3695,3978,283
Truck817239,2655,2998,3810,3978,168
Truck817685,2998,2656,3930,3979,49
Truck817222,2999,3122,3805,3980,175
Truck817716,3239,3121,3940,3980,40
Truck816513,2821,1339,3605,3981,376
Truck817427,2224,3238,3860,3981,121
Truck816507,2436,3122,3605,3982,377
Truck817224,3122,2999,3805,3982,177
Truck817592,2656,1338,3905,3982,77
Truck817609,3331,2437,3910,3982,72
Truck817753,3331,3239,3950,3982,32
Truck816740,2225,2998,3670,3983,313
Truck816750,0,2225,3675,3983,308
Truck816435,2436,2998,3585,3984,399
Truck816824,2437,2436,3695,3984,289
Truck817095,2655,3122,3770,3984,214
Truck817607,2224,2998,3910,3984,74
Truck817613,2998,2224,3910,3984,74
Truck817703,2998,2822,3935,3984,49
Truck814105,1338,3122,2940,3985,1045
Truck816495,2821,0,3600,3985,385
Truck816504,3122,2436,3605,3985,380
Truck817024,2999,3238,3750,3985,235
Truck816616,1339,2822,3635,3986,351
Truck816953,3121,2656,3730,3986,256
Truck817186,2999,0,3795,3986,191
Truck817445,2224,0,3865,3986,121
Truck817168,2999,2822,3790,3987,197
Truck817472,2437,2821,3875,3987,112
Truck817287,2821,3121,3820,3988,168
Truck817721,2998,3238,3940,3988,48
Truck816939,2436,3121,3725,3990,265
Truck817030,1339,3121,3750,3990,240
Truck817414,2822,3121,3855,3990,135
Truck816830,2225,1339,3695,3991,296
Truck817463,2224,3122,3870,3991,121
Truck817587,2436,2225,3905,3991,86
Truck817580,2437,2999,3905,3992,87
Truck817772,2656,3239,3955,3993,38
Truck816882,3122,3331,3710,3994,284
Truck817628,2656,1338,3915,3994,79
Truck817739,2998,2436,3945,3994,49
Truck816776,2225,2224,3680,3995,315
Truck817104,3239,3122,3770,3995,225
Truck816544,1339,2436,3615,3996,381
Truck817323,2821,2436,3830,3996,166
Truck817770,3239,2999,3955,3996,41
Truck814886,2225,1338,3155,3997,842
Truck816818,2656,0,3690,3997,307
Truck817481,2224,2999,3875,3997,122
Truck816794,2225,2655,3685,3998,313
Truck816989,3121,2822,3740,3998,258
Truck817720,2822,2656,3940,3998,58
Truck817508,2437,2822,3885,3999,114
Truck816924,3239,3238,3720,4000,280
Truck817602,3122,2437,3910,4000,90
Truck817757,2998,2225,3950,4000,50
Truck816489,2436,2656,3600,4001,401
Truck816621,2821,0,3635,4001,366
Truck817204,2999,2998,3800,4001,201
Truck817499,2224,3121,3880,4001,121
Truck817788,3239,2225,3960,4001,41
Truck813999,2655,1338,2910,4002,1092
Truck817280,2225,3121,3820,4002,182
Truck817485,2821,3239,3875,4002,127
Truck817681,3331,2437,3930,4002,72
Truck817710,3122,3238,3940,4002,62
Truck816930,0,2656,3725,4003,278
Truck817664,2656,2655,3925,4003,78
Truck817775,2998,3122,3955,4003,48
Truck817606,1339,2437,3910,4004,94
Truck817007,3121,2998,3745,4005,260
Truck817359,2821,2437,3840,4005,165
Truck816543,2436,0,3615,4006,391
Truck816812,2225,2656,3690,4006,316
Truck817620,3122,2437,3915,4006,91
Truck817890,3122,0,3990,4006,16
Truck815066,2225,1338,3205,4007,802
Truck816381,2436,3238,3570,4007,437
Truck817016,2656,1339,3745,4007,262
Truck817699,3331,2999,3935,4007,72
Truck817806,3239,2437,3965,4007,42
Truck816688,1339,2821,3655,4008,353
Truck817034,2656,3122,3750,4008,258
Truck817257,2655,1339,3815,4008,193
Truck817517,2224,3121,3885,4008,123
Truck817682,2656,2999,3930,4008,78
Truck816594,3122,2436,3630,4009,379
Truck817544,2437,2656,3895,4009,114
Truck817727,3121,2999,3945,4009,64
Truck817793,2998,1339,3960,4009,49
Truck817332,3122,2999,3835,4010,175
Truck817486,2822,1338,3875,4010,135
Truck816840,0,2656,3700,4011,311
Truck817535,2224,3331,3890,4011,121
Truck817815,2655,3239,3970,4011,41
Truck814663,1338,2999,3095,4012,917
Truck817043,3121,2224,3755,4012,257
Truck817316,2225,3121,3830,4012,182
Truck813673,1338,3331,2820,4013,1193
Truck813907,1338,2224,2885,4013,1128
Truck816598,1339,2436,3630,4013,383
Truck817066,1339,3239,3760,4013,253
Truck817377,2821,2225,3845,4013,168
Truck817811,2998,2821,3965,4013,48
Truck814684,2999,1338,3100,4014,914
Truck816889,3331,3238,3710,4014,304
Truck817258,2999,2821,3815,4014,199
Truck813925,1338,3122,2890,4015,1125
Truck816811,3238,2656,3690,4015,325
Truck817132,2999,3238,3780,4015,235
Truck817504,2822,2999,3880,4015,135
Truck816667,3238,2821,3650,4016,366
Truck816848,2225,2998,3700,4016,316
Truck817395,2821,2437,3850,4016,166
Truck817562,2437,2998,3900,4016,116
Truck817725,2655,3331,3945,4016,71
Truck817735,3331,2437,3945,4017,72
Truck817771,3331,2822,3955,4017,62
Truck817194,3239,0,3795,4018,223
Truck817276,2999,2821,3820,4018,198
Truck813754,1339,1338,2840,4019,1179
Truck814092,3122,1338,2935,4019,1084
Truck816856,2822,0,3700,4019,319
Truck817061,3121,2655,3760,4019,259
Truck817221,2655,1339,3805,4019,214
Truck817454,2437,3238,3870,4019,149
Truck817522,2822,2437,3885,4019,134
Truck817718,2656,2999,3940,4019,79
Truck817829,2998,3238,3970,4019,49
Truck813909,2655,1338,2885,4020,1135
Truck816561,2436,2656,3620,4020,400
Truck813979,1338,2655,2905,4021,1116
Truck817012,1339,2656,3745,4021,276
Truck817150,2999,3238,3785,4021,236
Truck817674,3122,2437,3930,4021,91
Truck817694,2225,2436,3935,4021,86
Truck816866,2225,2822,3705,4022,317
Truck817009,3238,3239,3745,4022,277
Truck817326,0,2655,3835,4022,187
Truck817571,2224,0,3900,4022,122
Truck817786,1339,3238,3960,4022,62
Truck817860,3239,2655,3980,4022,42
Truck813601,1338,2224,2800,4023,1223
Truck816579,2436,2224,3625,4023,398
Truck815085,2436,1338,3210,4024,814
Truck817598,2437,3239,3910,4024,114
Truck817847,2998,3239,3975,4024,49
Truck814035,2655,1338,2920,4025,1105
Truck815167,1338,2225,3235,4025,790
Truck816651,2436,1339,3645,4025,380
Truck817413,2821,2999,3855,4025,170
Truck817540,2822,2999,3890,4025,135
Truck817804,1339,3238,3965,4025,60
Truck817878,3239,2655,3985,4025,40
Truck817589,2224,3121,3905,4026,121
Truck814141,1338,2822,2950,4027,1077
Truck817367,3121,2225,3845,4027,182
Truck816758,2225,3238,3675,4028,353
Truck816902,2225,3239,3715,4028,313
Truck817572,3239,2998,3900,4028,128
Truck817865,2998,2656,3980,4028,48
Truck816756,3122,2821,3675,4029,354
Truck816980,2656,3238,3735,4029,294
Truck817312,2999,2998,3830,4029,199
Truck816974,2225,1339,3735,4030,295
Truck817652,2437,0,3925,4030,105
Truck816597,2436,2822,3630,4031,401
Truck816732,0,2998,3670,4031,361
Truck817558,2822,2436,3895,4031,136
Truck816624,0,2998,3640,4032,392
Truck817079,3121,2436,3765,4032,267
Truck816920,2225,2655,3720,4033,313
Truck817330,2999,2822,3835,4033,198
Truck817883,2998,2999,3985,4033,48
Truck816915,2655,2225,3720,4034,314
Truck813961,1338,3331,2900,4035,1135
Truck817008,3122,2225,3745,4036,291
Truck817101,2436,3121,3770,4036,266
Truck817728,3122,2437,3945,4036,91
Truck817936,2822,2998,4000,4036,36
Truck816615,2436,2656,3635,4037,402
Truck817146,0,3121,3785,4037,252
Truck817380,0,2655,3850,4037,187
Truck817467,2821,2225,3870,4037,167
Truck817625,2224,3122,3915,4037,122
Truck817736,2656,2998,3945,4037,92
Truck816633,2436,2655,3640,4038,398
Truck816864,3122,2822,3705,4038,333
Truck816696,0,2998,3660,4039,379
Truck816938,2225,2224,3725,4039,314
Truck817200,0,3239,3800,4039,239
Truck817210,1339,3121,3800,4039,239
Truck817901,2998,2822,3990,4039,49
Truck817855,3238,3122,3980,4040,60
Truck817348,2999,3239,3840,4041,201
Truck817526,2437,3238,3890,4041,151
Truck817825,3331,2437,3970,4041,71
Truck817115,3121,2436,3775,4042,267
Truck817424,2225,3121,3860,4042,182
Truck817626,3239,2224,3915,4042,127
Truck817670,2437,2656,3930,4042,112
Truck817366,2999,2656,3845,4043,198
Truck817643,2224,2437,3920,4043,123
Truck814617,2436,1338,3080,4044,964
Truck817228,1339,3239,3805,4044,239
Truck817752,3239,2822,3950,4044,94
Truck817919,2998,1338,3995,4045,50
Truck813625,3238,1338,2805,4046,1241
Truck817440,3122,2655,3865,4046,181
Truck817950,3239,2225,4005,4046,41
Truck817246,1339,3121,3810,4047,237
Truck817364,2437,2225,3845,4047,202
Truck817644,3239,2224,3920,4047,127
Truck817661,2224,3121,3925,4047,122
Truck817882,2822,3331,3985,4047,62
Truck813943,1338,0,2895,4048,1153
Truck816774,3122,2224,3680,4049,369
Truck817491,2655,2821,3880,4049,169
Truck817503,2821,2436,3880,4049,169
Truck817630,2822,2437,3915,4049,134
Truck817937,2998,3239,4000,4049,49
Truck814015,1338,2656,2915,4050,1135
Truck817384,2999,2656,3850,4050,200
Truck816918,3122,2822,3720,4051,331
Truck817990,2822,2998,4015,4051,36
Truck817679,2224,1338,3930,4052,122
Truck817844,2656,3121,3975,4052,77
Truck814959,2436,1338,3175,4053,878
Truck817402,2999,2656,3855,4053,198
Truck817648,2822,1338,3920,4053,133
Truck817706,2437,2655,3940,4053,113
Truck816738,3122,2998,3670,4054,384
Truck817187,3121,2998,3795,4054,259
Truck817264,1339,3121,3815,4054,239
Truck817955,2998,3239,4005,4054,49
Truck814177,1338,2998,2960,4055,1095
Truck814348,1339,1338,3005,4055,1050
Truck815210,2225,1338,3245,4055,810
Truck816687,2436,2998,3655,4055,400
Truck817124,2656,0,3775,4055,280
Truck816777,2436,3122,3680,4056,376
Truck817169,3121,2436,3790,4056,266
Truck817977,2655,3239,4015,4056,41
Truck818008,2822,2224,4020,4056,36
Truck818070,3122,0,4040,4056,16
Truck817205,3121,3239,3800,4057,257
Truck817879,3331,1338,3985,4057,72
Truck817010,2225,2821,3745,4058,313
Truck817099,3238,3331,3770,4058,288
Truck817203,2655,3121,3800,4058,258
Truck817278,3122,3121,3820,4058,238
Truck817697,2224,3121,3935,4058,123
Truck817724,2437,2822,3945,4058,113
Truck817820,2225,2436,3970,4058,88
Truck817862,2656,2436,3980,4058,78
Truck815293,1338,2225,3270,4059,789
Truck817419,2655,2999,3860,4059,199
Truck817973,2998,2436,4010,4059,49
Truck815480,2225,1338,3320,4060,740
Truck816705,2436,2822,3660,4060,400
Truck817160,2656,1339,3785,4060,275
Truck817420,2999,2998,3860,4060,200
Truck817666,2822,2655,3925,4060,135
Truck817437,2655,2999,3865,4061,196
Truck817557,2821,2655,3895,4061,166
Truck817715,2224,0,3940,4061,121
Truck817838,2225,2436,3975,4061,86
Truck816884,2225,3238,3710,4062,352
Truck817701,2821,3239,3935,4062,127
Truck817897,3331,2655,3990,4062,72
Truck817329,2655,0,3835,4063,228
Truck817438,2999,2656,3865,4063,198
Truck817684,2822,2436,3930,4063,133
Truck817880,2656,3121,3985,4063,78
Truck817991,2998,3122,4015,4064,49
Truck814194,0,1338,2965,4065,1100
Truck816595,3238,2436,3630,4066,436
Truck816721,3238,2224,3665,4066,401
Truck816792,3122,2821,3685,4066,381
Truck817315,3238,2999,3830,4066,236
Truck817455,2655,0,3870,4066,196
Truck817733,2224,2999,3945,4066,121
Truck817845,2821,2656,3975,4066,91
Truck816723,2436,3239,3665,4067,402
Truck816768,0,2998,3680,4067,387
Truck816900,3122,2998,3715,4067,352
Truck817064,2225,0,3760,4067,307
Truck817097,3121,3238,3770,4067,297
Truck817209,2436,3121,3800,4067,267
Truck817223,3121,2821,3805,4067,262
Truck817272,0,3239,3820,4067,247
Truck817046,2225,3331,3755,4068,313
Truck817141,3331,1339,3780,4068,288
Truck817915,3331,2225,3995,4068,73
Truck817506,0,2655,3885,4069,184
Truck817575,2821,3121,3900,4069,169
Truck816936,3122,2998,3725,4070,345
Truck817843,3331,2224,3975,4070,95
Truck818009,2998,3121,4020,4070,50
Truck818040,3239,3121,4030,4070,40
Truck814555,1338,3121,3065,4071,1006
Truck817241,3121,3239,3810,4071,261
Truck817969,3331,2822,4010,4071,61
Truck817134,3122,2225,3780,4072,292
Truck817443,2436,2999,3865,4072,207
Truck817916,2656,3121,3995,4072,77
Truck817933,3331,1338,4000,4072,72
Truck816828,3122,2436,3695,4073,378
Truck817751,2224,3121,3950,4073,123
Truck817778,2437,2655,3960,4073,113
Truck817707,2655,2822,3940,4074,134
Truck818182,1339,3122,4070,4074,4
Truck817474,2999,2822,3875,4075,200
Truck814240,1339,1338,2975,4076,1101
Truck816786,0,2224,3685,4076,391
Truck817611,2821,2436,3910,4076,166
Truck817769,2224,3122,3955,4076,121
Truck813835,1338,3238,2865,4077,1212
Truck817082,2225,2822,3765,4077,312
Truck817350,3122,3121,3840,4077,237
Truck817456,2999,2436,3870,4077,207
Truck817599,2655,2821,3910,4077,167
Truck817934,2656,2225,4000,4077,77
Truck816964,2822,0,3730,4078,348
Truck817492,2999,2822,3880,4078,198
Truck817796,2437,2655,3965,4078,113
Truck817797,2655,2437,3965,4078,113
Truck818078,2656,3239,4040,4078,38
Truck814915,1338,2436,3165,4079,914
Truck817349,3121,1339,3840,4079,239
Truck817564,2999,1339,3900,4079,179
Truck818200,1339,3122,4075,4079,4
Truck814087,1338,3239,2935,4080,1145
Truck814303,1338,1339,2995,4080,1085
Truck817369,3238,2999,3845,4080,235
Truck818045,2998,2655,4030,4080,50
Truck817156,1339,2225,3785,4081,296
Truck817242,3122,2656,3810,4081,271
Truck818076,3239,2999,4040,4081,41
Truck818154,0,3122,4065,4081,16
Truck814735,1338,2999,3115,4082,967
Truck817263,2436,3121,3815,4082,267
Truck817296,3122,3239,3825,4082,257
Truck817479,2436,2999,3875,4082,207
Truck817780,2999,2225,3960,4082,122
Truck817787,2224,3239,3960,4083,123
Truck817941,2655,2656,4005,4083,78
Truck817952,2656,2436,4005,4083,78
Truck818005,3331,2822,4020,4083,63
Truck818063,2998,2436,4035,4083,48
Truck815257,1338,2225,3260,4085,825
Truck817458,3122,2655,3870,4085,215
Truck817756,2822,2436,3950,4085,135
Truck817904,2437,3122,3995,4085,90
Truck817924,2999,2437,4000,4085,85
Truck818094,3239,2225,4045,4085,40
Truck814159,1338,1339,2955,4086,1131
Truck817172,2225,1339,3790,4086,296
Truck817987,3331,2999,4015,4086,71
Truck817277,3121,2436,3820,4087,267
Truck817805,2224,3121,3965,4087,122
Truck817313,3121,3331,3830,4088,258
Truck817647,2821,2655,3920,4088,168
Truck817832,2437,2224,3975,4088,113
Truck818114,2656,3239,4050,4088,38
Truck817774,2822,2999,3955,4089,134
Truck817868,2437,0,3985,4089,104
Truck817974,0,3238,4015,4089,74
Truck818044,2822,2656,4030,4089,59
Truck818081,2998,2822,4040,4090,50
Truck814195,1338,3239,2965,4091,1126
Truck817339,3331,3122,3835,4091,256
Truck817532,2225,2437,3890,4091,201
Truck817823,2224,0,3970,4091,121
Truck818112,3239,1338,4050,4091,41
Truck816922,1339,2224,3720,4092,372
Truck817405,3238,2999,3855,4092,237
Truck817546,2999,3331,3895,4092,197
Truck818149,3331,3239,4060,4092,32
Truck816793,3238,2821,3685,4093,408
Truck817331,3121,2998,3835,4093,258
Truck817344,0,3121,3840,4093,253
Truck817665,2821,1338,3925,4093,168
Truck817999,3238,0,4020,4093,73
Truck818099,2998,2821,4045,4093,48
Truck814321,1338,2224,3000,4094,1094
Truck816945,2821,1339,3725,4094,369
Truck817351,3238,3239,3840,4094,254
Truck817792,2822,2436,3960,4094,134
Truck817922,2437,1339,4000,4094,94
Truck816757,3238,2224,3675,4095,420
Truck817136,2225,2655,3780,4096,316
Truck817935,2821,3331,4000,4096,96
Truck817500,3239,3122,3880,4097,217
Truck817841,2224,3331,3975,4097,122
Truck818006,2656,2655,4020,4097,77
Truck818226,0,1339,4085,4097,12
Truck814411,1338,1339,3025,4098,1073
Truck815005,1338,2436,3190,4098,908
Truck816858,0,2436,3705,4098,393
Truck817120,1339,2822,3775,4098,323
Truck817683,2821,2225,3930,4098,168
Truck817995,2655,2656,4020,4098,78
Truck818117,2998,3331,4050,4098,48
Truck814645,1338,1339,3090,4099,1009
Truck817126,2822,1339,3775,4099,324
Truck817426,1339,3121,3860,4099,239
Truck818027,2998,2224,4025,4099,74
Truck817978,2999,2437,4015,4100,85
Truck817742,2437,3238,3950,4101,151
Truck817810,2822,3121,3965,4101,136
Truck817962,3122,2437,4010,4101,91
Truck818148,3239,2655,4060,4101,41
Truck818268,3122,1339,4095,4101,6
Truck816876,0,2436,3710,4102,392
Truck816921,2436,1339,3720,4102,382
Truck817304,2656,1339,3825,4102,277
Truck817578,0,2655,3905,4102,197
Truck817689,2655,2998,3935,4102,167
Truck817859,2224,2821,3980,4102,122
Truck818041,3331,2436,4030,4102,72
Truck814123,1338,3331,2945,4103,1158
Truck814954,2999,1338,3175,4103,928
Truck816984,0,2822,3740,4103,363
Truck817154,2225,2656,3785,4103,318
Truck817374,3239,0,3845,4103,258
Truck817596,0,2655,3910,4103,193
Truck817828,2822,3121,3970,4103,133
Truck817842,3239,2998,3975,4103,128
Truck817268,2656,1339,3815,4104,289
Truck817372,1339,3331,3845,4104,259
Truck818068,2999,3121,4040,4104,64
Truck818135,2998,2656,4055,4104,49
Truck816867,2436,3239,3705,4105,400
Truck817218,0,2656,3805,4105,300
Truck817403,3121,0,3855,4105,250
Truck813889,1338,2822,2880,4106,1226
Truck814429,1338,2998,3030,4106,1076
Truck817678,1339,2655,3930,4106,176
Truck817881,2821,2224,3985,4106,121
Truck818166,3239,2225,4065,4106,41
Truck818250,3122,0,4090,4106,16
Truck817877,2224,3122,3985,4107,122
Truck816981,2821,1339,3735,4108,373
Truck817600,2999,2655,3910,4108,198
Truck818042,2656,3121,4030,4108,78
Truck818053,3238,0,4035,4108,73
Truck818153,2998,3331,4060,4108,48
Truck818184,3239,2656,4070,4108,38
Truck818186,2656,3239,4070,4108,38
Truck816885,2436,2656,3710,4109,399
Truck816909,2821,3238,3715,4109,394
Truck817783,3238,2437,3960,4109,149
Truck817385,3121,3239,3850,4110,260
Truck817940,2437,0,4005,4110,105
Truck817162,2822,1339,3785,4111,326
Truck817190,2225,2822,3795,4111,316
Truck817321,3331,3122,3830,4111,281
Truck817371,2436,3121,3845,4111,266
Truck817509,2655,3238,3885,4111,226
Truck818067,2655,3331,4040,4111,71
Truck818077,3331,1338,4040,4111,71
Truck818206,2822,2224,4075,4111,36
Truck814213,1338,1339,2970,4112,1142
Truck817261,3238,3121,3815,4112,297
Truck817895,2224,2225,3990,4112,122
Truck817899,2821,2224,3990,4112,122
Truck814285,1338,3238,2990,4114,1124
Truck818171,2998,2436,4065,4114,49
Truck817027,3238,2998,3750,4115,365
Truck817737,2821,2437,3945,4115,170
Truck818012,2437,3122,4025,4115,90
Truck818024,2656,2224,4025,4115,90
Truck817913,2224,1338,3995,4116,121
Truck818202,3239,2999,4075,4116,41
Truck817618,2999,2822,3915,4117,202
Truck817743,2655,2224,3950,4117,167
Truck814284,0,1338,2990,4118,1128
Truck814681,1338,1339,3100,4118,1018
Truck817896,3239,2224,3990,4118,128
Truck818095,3331,2999,4045,4118,73
Truck818189,2998,1338,4070,4118,48
Truck817226,2225,2656,3805,4119,314
Truck817530,3122,3239,3890,4119,229
Truck818082,0,3238,4045,4119,74
Truck817636,2999,2998,3920,4120,200
Truck817125,2821,3122,3775,4121,346
Truck817421,3121,3239,3860,4121,261
Truck818023,3331,2224,4025,4121,96
Truck817510,2999,3238,3885,4122,237
Truck817531,3238,2655,3890,4122,232
Truck817914,3239,2998,3995,4122,127
Truck817931,2224,3122,4000,4122,122
Truck818113,3331,2225,4050,4122,72
Truck818146,1339,3238,4060,4122,62
Truck818326,1339,0,4110,4122,12
Truck817084,1339,2224,3765,4123,358
Truck817108,2822,1339,3770,4123,353
Truck817180,2822,3122,3790,4123,333
Truck817328,2437,2436,3835,4123,288
Truck817439,3121,3331,3865,4123,258
Truck817244,2225,2224,3810,4124,314
Truck817958,2437,2224,4010,4124,114
Truck818207,2998,2436,4075,4124,49
Truck815462,2225,1338,3315,4125,810
Truck817528,2999,3238,3890,4125,235
Truck817900,2822,2999,3990,4125,135
Truck817353,2436,2437,3840,4126,286
Truck817466,2656,3122,3870,4126,256
Truck818052,3122,2437,4035,4126,91
Truck818260,2822,2998,4090,4126,36
Truck817063,3238,2822,3760,4127,367
Truck818072,2225,2436,4040,4127,87
Truck813871,1338,3238,2875,4128,1253
Truck815026,2999,1338,3195,4128,933
Truck817457,3121,2821,3870,4128,258
Truck817477,3238,3239,3875,4128,253
Truck817791,2821,2437,3960,4128,168
Truck817932,3239,2998,4000,4128,128
Truck817949,2224,2999,4005,4128,123
Truck817976,2437,2822,4015,4128,113
Truck818125,3238,0,4055,4128,73
Truck818131,3331,3121,4055,4128,73
Truck818161,3238,1339,4065,4128,63
Truck817534,1339,3121,3890,4129,239
Truck817779,2655,2821,3960,4129,169
Truck818059,3331,2224,4035,4129,94
Truck818225,2998,3331,4080,4129,49
Truck814951,1338,2436,3175,4130,955
Truck817262,2225,2822,3815,4130,315
Truck817918,2822,1338,3995,4130,135
Truck818010,0,2437,4025,4130,105
Truck818062,2822,3239,4035,4130,95
Truck818158,2999,3121,4065,4131,66
Truck817809,2821,2437,3965,4132,167
Truck817960,2999,2225,4010,4132,122
Truck817994,2437,2821,4020,4132,112
Truck818179,3238,1339,4070,4132,62
Truck818362,1339,0,4120,4132,12
Truck817410,3239,3238,3855,4133,278
Truck817672,2999,3331,3930,4133,203
Truck817967,2224,2436,4010,4133,123
Truck818188,2822,3331,4070,4133,63
Truck816975,2436,2224,3735,4134,399
Truck817768,1339,2655,3955,4134,179
Truck818084,2437,3122,4045,4134,89
Truck818132,2656,2655,4055,4134,79
Truck818243,2998,2225,4085,4134,49
Truck817044,3122,2224,3755,4135,380
Truck817690,2999,2656,3935,4135,200
Truck815444,2225,1338,3310,4136,826
Truck817047,2436,1339,3755,4136,381
Truck817475,3121,2821,3875,4136,261
Truck817484,2656,3122,3875,4136,261
Truck818352,0,3122,4120,4136,16
Truck817688,2437,2225,3935,4137,202
Truck817985,2224,3239,4015,4137,122
Truck818097,2821,2656,4045,4137,92
Truck818197,3238,1339,4075,4137,62
Truck817370,2225,3122,3845,4138,293
Truck817827,2821,2437,3970,4138,168
Truck817968,3239,2224,4010,4138,128
Truck818139,2655,2656,4060,4138,78
Truck816993,2436,2998,3740,4139,399
Truck817298,2225,2656,3825,4139,314
Truck817493,3121,2656,3880,4139,259
Truck817708,2999,2655,3940,4139,199
Truck817617,2655,0,3915,4140,225
Truck818261,2998,1338,4090,4140,50
Truck814249,1338,2224,2980,4141,1161
Truck814392,0,1338,3020,4141,1121
Truck818115,2821,2656,4050,4141,91
Truck814933,1338,2999,3170,4142,972
Truck817056,0,2998,3760,4142,382
Truck817480,1339,2656,3875,4142,267
Truck818003,2224,3238,4020,4142,122
Truck818185,3331,3121,4070,4142,72
Truck817412,2656,3238,3855,4143,288
Truck818279,2998,1338,4095,4143,48
Truck818312,2656,3239,4105,4143,38
Truck817038,0,2998,3755,4144,389
Truck817511,3121,3331,3885,4144,259
Truck817972,2822,2225,4010,4144,134
Truck818030,2437,3239,4030,4144,114
Truck817726,2999,2998,3945,4145,200
Truck817387,3238,3121,3850,4146,296
Truck817495,3238,3239,3880,4146,266
Truck817762,2999,0,3955,4146,191
Truck817863,2821,2999,3980,4146,166
Truck818140,2999,2437,4060,4146,86
Truck817102,1339,2998,3770,4147,377
Truck818004,3239,2821,4020,4147,127
Truck818021,2224,1339,4025,4147,122
Truck817404,3122,2225,3855,4148,293
Truck817744,2999,2655,3950,4148,198
Truck818007,2821,3239,4020,4148,128
Truck817029,2436,3331,3750,4149,399
Truck817092,0,2821,3770,4149,379
Truck814375,1338,2655,3015,4150,1135
Truck814501,1338,2655,3050,4150,1100
Truck817334,2225,2998,3835,4150,315
Truck818150,2656,2821,4060,4150,90
Truck815707,1338,2225,3385,4151,766
Truck817529,3121,2998,3890,4151,261
Truck817545,2655,3121,3895,4151,256
Truck818022,3239,2821,4025,4151,126
Truck818456,2656,3331,4145,4151,6
Truck817098,3122,2998,3770,4152,382
Truck817288,2822,1339,3820,4152,332
Truck817556,2656,1339,3895,4152,257
Truck818036,2225,2999,4030,4152,122
Truck814793,3121,1338,3130,4153,1023
Truck817362,0,2225,3845,4153,308
Truck817761,2655,0,3955,4153,198
Truck818039,2224,2821,4030,4153,123
Truck818204,2656,2999,4075,4153,78
Truck818221,3331,2999,4080,4153,73
Truck818315,2998,1338,4105,4153,48
Truck818348,2656,3239,4115,4153,38
Truck814339,1338,3122,3005,4155,1150
Truck817548,3122,3331,3895,4155,260
Truck818367,2821,2822,4120,4155,35
Truck817225,3238,2225,3805,4156,351
Truck817352,2225,2655,3840,4156,316
Truck817836,3122,2655,3975,4156,181
Truck818057,2224,1338,4035,4156,121
Truck818168,2656,2998,4065,4156,91
Truck818430,3122,0,4140,4156,16
Truck814609,1338,2224,3080,4157,1077
Truck817388,2225,0,3850,4157,307
Truck818239,3331,2436,4085,4157,72
Truck817065,2436,3239,3760,4158,398
Truck817107,2821,0,3770,4158,388
Truck817565,3121,2998,3900,4158,258
Truck818026,2822,2436,4025,4158,133
Truck818382,3239,3331,4125,4158,33
Truck817074,0,2436,3765,4159,394
Truck817117,3238,2224,3775,4159,384
Truck818013,2655,2822,4025,4159,134
Truck818333,2998,3121,4110,4159,49
Truck817442,2225,1339,3865,4160,295
Truck817642,1339,3121,3920,4160,240
Truck817654,2999,3238,3925,4160,235
Truck817870,2999,3122,3985,4160,175
Truck818266,2999,3121,4095,4160,65
Truck817444,1339,2225,3865,4161,296
Truck817655,3121,3122,3925,4161,236
Truck818257,3331,2999,4090,4161,71
Truck814826,2437,1338,3140,4162,1022
Truck817434,0,2656,3865,4162,297
Truck817583,3121,2822,3905,4162,257
Truck818075,2224,1339,4040,4162,122
Truck818247,2655,3331,4090,4162,72
Truck814591,1338,3238,3075,4163,1088
Truck814897,1338,2437,3160,4163,1003
Truck817538,2656,3122,3890,4163,273
Truck817798,2999,3331,3965,4163,198
Truck817917,2821,2655,3995,4163,168
Truck818058,3239,2224,4035,4163,128
Truck818229,2655,2656,4085,4163,78
Truck817081,3238,2998,3765,4164,399
Truck817997,3121,2437,4020,4164,144
Truck818351,2998,3331,4115,4164,49
Truck814825,1338,2437,3140,4165,1025
Truck817077,2655,2436,3765,4166,401
Truck818275,3331,2999,4095,4166,71
Truck817083,2436,2655,3765,4167,402
Truck817601,3121,2655,3910,4167,257
Truck817816,2999,2822,3970,4167,197
Truck818093,2224,2822,4045,4167,122
Truck818369,2998,2822,4120,4168,48
Truck814456,1339,1338,3035,4169,1134
Truck817396,2822,1339,3850,4169,319
Truck817406,2225,2821,3855,4169,314
Truck817459,3238,2656,3870,4169,299
Truck817476,3122,2225,3875,4169,294
Truck817520,2656,0,3885,4169,284
Truck817686,0,3239,3935,4169,234
Truck818235,2436,2225,4085,4170,85
Truck817632,0,3121,3920,4171,251
Truck818222,2656,2821,4080,4171,91
Truck818527,3331,2656,4165,4171,6
Truck817174,1339,2436,3790,4172,382
Truck817619,3121,3331,3915,4172,257
Truck818111,2224,3121,4050,4172,122
Truck818293,3331,1338,4100,4172,72
Truck814842,0,1338,3145,4173,1028
Truck817137,2436,0,3780,4173,393
Truck817953,2821,3121,4005,4173,168
Truck817188,3122,2436,3795,4174,379
Truck817269,2821,3122,3815,4174,359
Truck817282,1339,2821,3820,4174,354
Truck817834,2999,2656,3975,4174,199
Truck817851,2655,1339,3980,4174,194
Truck817906,2999,1339,3995,4174,179
Truck818138,2437,2224,4060,4174,114
Truck818157,2655,2437,4065,4174,109
Truck818297,2998,2224,4100,4174,74
Truck818387,2998,3239,4125,4174,49
Truck814483,1338,0,3045,4175,1130
Truck817360,2822,0,3840,4175,335
Truck818080,2822,2436,4040,4175,135
Truck817354,1339,2998,3840,4176,336
Truck817660,1339,3331,3925,4176,251
Truck818129,2224,2225,4055,4176,121
Truck818232,3122,2437,4085,4176,91
Truck818440,2822,2821,4140,4176,36
Truck818514,0,1339,4165,4177,12
Truck814969,1338,3121,3180,4178,998
Truck817192,1339,2821,3795,4178,383
Truck818098,2822,2437,4045,4178,133
Truck818156,2437,2998,4065,4178,113
Truck818311,3331,2225,4105,4178,73
Truck818405,2998,1338,4130,4178,48
Truck814717,1338,0,3110,4179,1069
Truck817513,3238,3121,3885,4179,294
Truck817852,2999,3239,3980,4179,199
Truck817462,1339,2822,3870,4180,310
Truck817512,3122,2225,3885,4180,295
Truck817637,3121,2656,3920,4180,260
Truck817971,2821,2437,4010,4180,170
Truck818035,3238,2437,4030,4180,150
Truck818051,3121,2437,4035,4180,145
Truck818264,2437,2999,4095,4180,85
Truck818174,2437,3239,4070,4181,111
Truck818436,3239,2655,4140,4181,41
Truck818564,2656,3331,4175,4181,6
Truck814627,1338,2822,3085,4182,1097
Truck817314,3122,2998,3830,4182,352
Truck817623,2436,3121,3915,4182,267
Truck817646,2656,3122,3920,4182,262
Truck817856,2225,2437,3980,4182,202
Truck818147,2224,2655,4060,4182,122
Truck818358,3122,3238,4120,4182,62
Truck817638,3122,2656,3920,4183,263
Truck817989,2821,3121,4015,4183,168
Truck818421,2821,2998,4135,4183,48
Truck818454,3239,2656,4145,4183,38
Truck814393,1338,3238,3020,4184,1164
Truck817460,2225,2998,3870,4184,314
Truck814357,1338,3239,3010,4185,1175
Truck818130,3239,2821,4055,4185,130
Truck818423,2998,2436,4135,4185,50
Truck817378,2822,1339,3845,4186,341
Truck818116,2822,2436,4050,4186,136
Truck818347,3331,2437,4115,4186,71
Truck818402,2656,2822,4130,4186,56
Truck818475,2821,2822,4150,4186,36
Truck818582,2656,3331,4180,4186,6
Truck817496,2225,0,3880,4187,307
Truck818165,2224,3331,4065,4187,122
Truck818193,2655,2437,4075,4187,112
Truck818334,0,3238,4115,4187,72
Truck817673,3121,2822,3930,4188,258
Truck817819,3238,2655,3970,4188,218
Truck817887,2655,2999,3990,4188,198
Truck818272,1339,2437,4095,4188,93
Truck815081,3121,1338,3210,4189,979
Truck817182,0,2436,3795,4189,394
Truck817552,1339,2225,3895,4189,294
Truck817750,1339,3121,3950,4189,239
Truck818134,2822,2225,4055,4189,134
Truck818441,2998,3121,4140,4189,49
Truck817260,3122,2998,3815,4190,375
Truck817473,2655,2225,3875,4190,315
Truck817734,3239,1339,3945,4190,245
Truck817764,3122,3239,3955,4190,235
Truck817888,2999,2998,3990,4190,200
Truck818286,3122,2437,4100,4190,90
Truck817709,3121,0,3940,4192,252
Truck814546,1339,1338,3060,4193,1133
Truck814614,3122,1338,3080,4193,1113
Truck818183,2224,2656,4070,4193,123
Truck817776,0,3239,3960,4194,234
Truck818290,1339,2437,4100,4194,94
Truck818459,2998,1339,4145,4194,49
Truck817318,1339,2998,3830,4195,365
Truck817763,3121,1339,3955,4196,241
Truck817938,0,2999,4005,4196,191
Truck818152,2822,2436,4060,4196,136
Truck818205,2821,2224,4075,4196,121
Truck818392,2999,3121,4130,4196,66
Truck814453,3238,1338,3035,4197,1162
Truck817227,2436,0,3805,4197,392
Truck818201,2224,3331,4075,4197,122
Truck818366,2656,2437,4120,4197,77
Truck818031,2655,2224,4030,4198,168
Truck817567,3238,2656,3900,4199,299
Truck818228,2437,2822,4085,4199,114
Truck817514,2225,2656,3885,4200,315
Truck817516,1339,2822,3885,4200,315
Truck818170,2822,3121,4065,4200,135
Truck818499,2655,3239,4160,4200,40
Truck815337,2436,1338,3280,4201,921
Truck818401,3331,2437,4130,4201,71
Truck818592,3122,0,4185,4201,16
Truck817700,2656,3122,3935,4202,267
Truck817928,2225,2437,4000,4202,202
Truck817956,0,2655,4010,4202,192
Truck818049,2655,2224,4035,4202,167
Truck818219,2224,0,4080,4202,122
Truck817663,3331,3122,3925,4203,278
Truck818061,2821,1338,4035,4203,168
Truck818384,2656,2655,4125,4203,78
Truck817236,0,2436,3810,4204,394
Truck817305,2821,0,3825,4204,379
Truck817818,3122,3121,3970,4204,234
Truck817942,2999,2822,4005,4204,199
Truck818495,2998,2822,4155,4204,49
Truck817622,2225,3122,3915,4205,290
Truck818032,2999,3122,4030,4205,175
Truck817645,3331,3122,3920,4206,286
Truck818419,3331,2436,4135,4206,71
Truck818526,3239,2655,4165,4206,41
Truck817317,2436,3122,3830,4207,377
Truck818015,3121,2225,4025,4207,182
Truck818237,2224,2437,4085,4207,122
Truck818329,3331,2821,4110,4207,97
Truck818340,3122,2437,4115,4207,92
Truck817171,3238,2998,3790,4208,418
Truck817621,3238,3121,3915,4209,294
Truck817920,0,2655,4000,4209,209
Truck817119,2436,3238,3775,4210,435
Truck817408,1339,2998,3855,4210,355
Truck817550,2225,2822,3895,4210,315
Truck817745,3121,2998,3950,4210,260
Truck817336,1339,2998,3835,4211,376
Truck818033,3121,2225,4030,4211,181
Truck818085,2655,2224,4045,4211,166
Truck818255,2224,2655,4090,4211,121
Truck818349,2821,3331,4115,4211,96
Truck818566,2822,2224,4175,4211,36
Truck817431,2821,3122,3860,4212,352
Truck817659,2436,2437,3925,4212,287
Truck818544,3239,2436,4170,4212,42
Truck818282,2437,2224,4100,4213,113
Truck818224,2822,2999,4080,4214,134
Truck818283,2655,2437,4100,4214,114
Truck818420,2656,2999,4135,4214,79
Truck817568,2225,3331,3900,4215,315
Truck818464,2999,3121,4150,4215,65
Truck818531,2998,2999,4165,4215,50
Truck818491,3331,2822,4155,4216,61
Truck817341,2821,1339,3835,4217,382
Truck817930,1339,2655,4000,4217,217
Truck818273,2224,0,4095,4217,122
Truck817996,2999,2655,4020,4218,198
Truck818256,3239,2821,4090,4218,128
Truck818580,3239,2656,4180,4218,38
Truck817290,0,2436,3825,4219,394
Truck817452,0,2224,3870,4219,349
Truck817807,3331,1339,3965,4219,254
Truck817858,1339,3239,3980,4219,239
Truck818549,2998,2437,4170,4219,49
Truck817586,2225,2998,3905,4220,315
Truck818300,2437,2655,4105,4220,115
Truck817494,3122,2998,3880,4221,341
Truck818242,2822,3121,4085,4221,136
Truck818408,2437,2999,4135,4221,86
Truck818410,2999,2437,4135,4221,86
Truck814879,1338,1339,3155,4222,1067
Truck817449,2821,1339,3865,4222,357
Truck817614,0,2225,3915,4222,307
Truck817799,3121,2656,3965,4222,257
Truck818291,2224,3122,4100,4222,122
Truck818295,2821,2224,4100,4222,122
Truck814771,1338,2224,3125,4223,1098
Truck814794,3122,1338,3130,4223,1093
Truck818050,2999,0,4035,4224,189
Truck818192,2437,3238,4075,4224,149
Truck818210,2437,3121,4080,4224,144
Truck818477,2998,2224,4150,4224,74
Truck818567,2998,1338,4175,4224,49
Truck817297,3238,2224,3825,4225,400
Truck817524,0,2822,3890,4225,335
Truck817676,2225,1339,3930,4225,295
Truck817861,3331,1339,3980,4225,245
Truck818398,1339,2437,4130,4225,95
Truck817478,2225,3238,3875,4226,351
Truck817604,2225,2821,3910,4226,316
Truck817781,3121,2436,3960,4226,266
Truck818337,2655,2437,4115,4226,111
Truck818598,3239,2437,4185,4226,41
Truck817824,3239,3238,3970,4227,257
Truck817959,2655,1339,4010,4227,217
Truck818014,2999,2998,4025,4227,202
Truck818546,2656,2822,4170,4227,57
Truck817817,3121,2821,3970,4228,258
Truck818309,2224,2822,4105,4228,123
Truck818474,2656,2437,4150,4228,78
Truck818585,2998,2999,4180,4228,48
Truck818634,3239,3331,4195,4228,33
Truck818292,3239,2821,4100,4229,129
Truck818336,2437,2822,4115,4229,114
Truck817311,2655,2436,3830,4230,400
Truck817691,3121,3238,3935,4230,295
Truck818616,3239,2436,4190,4230,40
Truck817191,2436,3238,3795,4231,436
Truck818327,2224,3122,4110,4231,121
Truck818438,2656,2821,4140,4231,91
Truck818700,3122,0,4215,4231,16
Truck818743,3331,2656,4225,4231,6
Truck817640,2225,2822,3920,4232,312
Truck817789,3331,1339,3960,4232,272
Truck817894,1339,3121,3990,4232,242
Truck818320,2999,2225,4110,4232,122
Truck818509,3331,1338,4160,4232,72
Truck818722,1339,0,4220,4232,12
Truck817189,3238,2436,3795,4233,438
Truck817826,2656,0,3970,4233,263
Truck817905,2655,3238,3995,4233,238
Truck818313,2821,3239,4105,4233,128
Truck818492,2656,2225,4155,4233,78
Truck815563,1338,2436,3345,4234,889
Truck817835,3121,2224,3975,4234,259
Truck818310,3239,2998,4105,4234,129
Truck818354,2437,3331,4120,4234,114
Truck818513,2998,2224,4160,4234,74
Truck818603,2998,2822,4185,4234,49
Truck814789,1338,2224,3130,4235,1105
Truck818169,2821,2436,4065,4235,170
Truck818536,2999,3121,4170,4235,65
Truck818560,1339,3238,4175,4235,60
Truck818187,2821,2437,4070,4236,166
Truck818296,2822,2655,4100,4236,136
Truck818345,2224,1338,4115,4236,121
Truck818437,3331,2224,4140,4236,96
Truck818754,3122,1339,4230,4236,6
Truck814465,1338,0,3040,4237,1197
Truck814752,0,1338,3120,4237,1117
Truck818671,3331,3239,4205,4237,32
Truck817498,1339,2224,3880,4238,358
Truck818372,2437,3331,4125,4238,113
Truck818652,3239,2656,4200,4238,38
Truck814699,1338,3238,3105,4239,1134
Truck817808,2656,1339,3965,4239,274
Truck818314,2822,2999,4105,4239,134
Truck818525,2224,2998,4165,4239,74
Truck817390,1339,2821,3850,4240,390
Truck817853,3121,2821,3980,4240,260
Truck818621,2998,3121,4190,4240,50
Truck817658,2225,3239,3925,4241,316
Truck817754,2656,0,3950,4241,291
Truck818482,2999,2437,4155,4241,86
Truck817549,3238,2822,3895,4242,347
Truck817576,2822,0,3900,4242,342
Truck817650,0,2822,3925,4242,317
Truck817871,3121,2655,3985,4242,257
Truck818066,2437,2225,4040,4242,202
Truck818363,2224,1339,4120,4242,122
Truck818545,3331,1338,4170,4242,72
Truck818581,3331,2822,4180,4242,62
Truck818584,2822,3331,4180,4242,62
Truck818748,0,1339,4230,4242,12
Truck817566,3122,2821,3900,4243,343
Truck817760,2437,2436,3955,4243,288
Truck818332,2822,3121,4110,4243,133
Truck817671,2655,2225,3930,4244,314
Truck817872,3122,2656,3985,4244,259
Truck818390,2437,2655,4130,4245,115
Truck817423,3238,2998,3860,4246,386
Truck817441,3238,2224,3865,4246,381
Truck817790,2656,0,3960,4246,286
Truck817383,2655,2436,3850,4247,397
Truck818086,2999,2656,4045,4247,202
Truck818103,2655,2999,4050,4247,197
Truck818381,2224,2999,4125,4247,122
Truck814753,1338,2822,3120,4248,1128
Truck815225,3121,1338,3250,4248,998
Truck817243,3238,2436,3810,4248,438
Truck817416,0,2821,3860,4248,388
Truck818104,2999,2656,4050,4248,198
Truck818223,2821,1338,4080,4248,168
Truck818350,2822,2999,4115,4248,133
Truck818364,3239,2998,4120,4248,128
Truck818599,3331,2822,4185,4248,63
Truck817389,2436,2821,3850,4249,399
Truck818211,2655,2821,4080,4249,169
Truck817766,2225,1339,3955,4250,295
Truck817784,2225,3122,3960,4250,290
Truck817875,2436,3121,3985,4250,265
Truck817889,3121,2656,3990,4250,260
Truck818688,3239,2999,4210,4250,40
Truck818020,1339,3239,4025,4251,226
Truck814861,1338,2655,3150,4252,1102
Truck818122,2999,3239,4055,4253,198
Truck818399,2224,3121,4130,4253,123
Truck818575,3238,0,4180,4253,73
Truck818724,3239,3331,4220,4253,33
Truck817712,2225,3239,3940,4254,314
Truck818516,2437,3122,4165,4254,89
Truck817407,2436,2655,3855,4255,400
Truck818194,2999,1339,4075,4255,180
Truck818241,2821,2655,4085,4255,170
Truck818675,2998,2999,4205,4255,50
Truck817830,0,2656,3975,4256,281
Truck817907,3121,2655,3995,4256,261
Truck817951,3331,1339,4005,4256,251
Truck818417,2224,3122,4135,4256,121
Truck818511,2821,3331,4160,4256,96
Truck818706,3239,3121,4215,4256,41
Truck817281,2436,3238,3820,4257,437
Truck817585,3238,2225,3905,4257,352
Truck818120,2437,2225,4055,4257,202
Truck818593,3238,0,4185,4257,72
Truck817814,2437,2436,3970,4258,288
Truck817925,3121,3331,4000,4258,258
Truck818444,2437,2655,4145,4258,113
Truck818656,2822,2656,4200,4258,58
Truck818742,3239,3331,4225,4258,33
Truck818693,2998,3238,4210,4259,49
Truck817425,2436,3331,3860,4260,400
Truck817944,3122,3239,4005,4260,255
Truck818277,2821,2436,4095,4260,165
Truck817730,2225,2821,3945,4261,316
Truck818559,2436,2225,4175,4261,86
Truck818746,2822,2224,4225,4261,36
Truck818851,3331,2656,4255,4261,6
Truck817898,2656,1339,3990,4262,272
Truck818435,2224,3239,4140,4262,122
Truck817943,3121,2998,4005,4263,258
Truck818418,3239,2224,4135,4263,128
Truck818462,2437,2656,4150,4263,113
Truck818711,2998,2822,4215,4264,49
Truck814807,1338,2822,3135,4265,1130
Truck817746,3122,2822,3950,4265,315
Truck817986,3239,3238,4015,4265,250
Truck818341,3238,2437,4115,4265,150
Truck817748,2225,3239,3950,4266,316
Truck817929,2436,3121,4000,4266,266
Truck818404,2822,2225,4130,4266,136
Truck818453,2224,2437,4145,4266,121
Truck818572,2999,2437,4180,4266,86
Truck817533,2436,3122,3890,4267,377
Truck818176,2999,3239,4070,4267,197
Truck818635,3331,2655,4195,4267,72
Truck814996,1339,1338,3185,4268,1083
Truck818618,2656,1338,4190,4268,78
Truck818629,3238,0,4195,4268,73
Truck818729,2998,2822,4220,4268,48
Truck817461,2436,2655,3870,4269,399
Truck818639,2998,2224,4195,4269,74
Truck818422,2822,2436,4135,4270,135
Truck818038,1339,3121,4030,4271,241
Truck818301,2655,2998,4105,4271,166
Truck818471,2224,1338,4150,4271,121
Truck817961,3121,2656,4010,4272,262
Truck818427,2655,2822,4140,4272,132
Truck818563,3331,2998,4175,4272,97
Truck818653,3331,2655,4200,4272,72
Truck818797,3331,3239,4240,4272,32
Truck818208,0,2655,4080,4273,193
Truck818636,2656,2436,4195,4273,78
Truck817979,3121,2998,4015,4274,259
Truck818657,2998,2224,4200,4274,74
Truck818747,2998,2437,4225,4274,49
Truck814924,1339,1338,3165,4275,1110
Truck817488,0,2436,3880,4275,395
Truck817992,0,3239,4020,4275,255
Truck818230,2999,0,4085,4275,190
Truck818331,2821,1338,4110,4275,165
Truck818701,3238,3122,4215,4275,60
Truck817584,3122,2821,3905,4276,371
Truck817702,2822,0,3935,4276,341
Truck818489,2224,3121,4155,4276,121
Truck818778,3239,1338,4235,4276,41
Truck818707,3331,2822,4215,4277,62
Truck818769,2655,3239,4235,4277,42
Truck818665,3238,0,4205,4278,73
Truck817876,1339,2225,3985,4279,294
Truck818765,2998,2437,4230,4279,49
Truck818817,2821,2822,4245,4279,34
Truck817593,2821,0,3905,4280,375
Truck817802,2225,2998,3965,4280,315
Truck817873,3238,3121,3985,4280,295
Truck818212,2999,2822,4080,4280,200
Truck818610,3122,2437,4190,4280,90
Truck817570,1339,2998,3900,4281,381
Truck817656,3122,2224,3925,4281,356
Truck818507,2224,3121,4160,4281,121
Truck818924,2656,3331,4275,4281,6
Truck817675,3238,2225,3930,4282,352
Truck817988,2656,1339,4015,4282,267
Truck818630,2225,2436,4195,4282,87
Truck817892,2225,3122,3990,4283,293
Truck818689,3331,2655,4210,4283,73
Truck815043,2655,1338,3200,4284,1084
Truck817629,2821,0,3915,4284,369
Truck818783,2998,0,4235,4284,49
Truck817515,2436,3239,3885,4285,400
Truck818175,2655,1339,4070,4285,215
Truck818476,2822,2655,4150,4285,135
Truck818490,3239,2821,4155,4285,130
Truck817833,2655,2225,3975,4286,311
Truck818306,2225,3121,4105,4286,181
Truck818624,2437,3122,4195,4286,91
Truck818836,2822,2224,4250,4286,36
Truck817551,2436,0,3895,4287,392
Truck818001,2436,3121,4020,4287,267
Truck818552,2437,3331,4175,4287,112
Truck818617,3331,2998,4190,4287,97
Truck818762,2656,2822,4230,4287,57
Truck815858,2225,1338,3425,4288,863
Truck818632,1339,2437,4195,4288,93
Truck818690,2656,2999,4210,4288,78
Truck818801,2998,2821,4240,4288,48
Truck814719,2655,1338,3110,4289,1179
Truck817758,0,2822,3955,4289,334
Truck818248,2999,2656,4090,4289,199
Truck818494,2822,2999,4155,4289,134
Truck817668,0,2822,3930,4290,360
Truck818385,2821,2655,4125,4291,166
Truck818654,2656,2821,4200,4291,91
Truck818761,3331,2822,4230,4291,61
Truck818960,2656,3331,4285,4291,6
Truck817854,3122,2822,3980,4292,312
Truck818725,3331,2437,4220,4292,72
Truck817846,2822,1339,3975,4293,318
Truck818246,2437,2225,4090,4293,203
Truck818543,2224,2821,4170,4293,123
Truck818708,2656,2999,4215,4293,78
Truck818712,0,3238,4220,4293,73
Truck818719,3238,0,4220,4293,73
Truck817927,3238,3121,4000,4294,294
Truck818819,2998,1338,4245,4294,49
Truck817696,1339,2998,3935,4295,360
Truck818403,2821,2437,4130,4296,166
Truck818773,3238,1339,4235,4296,61
Truck818776,1339,3238,4235,4296,61
Truck818143,3238,2999,4060,4297,237
Truck818561,2224,2655,4175,4297,122
Truck818726,2656,2999,4220,4297,77
Truck818772,3122,3238,4235,4297,62
Truck818850,3239,2225,4255,4297,42
Truck818956,1339,0,4285,4297,12
Truck814843,1338,3238,3145,4298,1153
Truck818589,2655,2437,4185,4298,113
Truck818660,2437,1339,4205,4298,93
Truck818782,2822,3331,4235,4298,63
Truck818837,2998,3239,4250,4298,48
Truck815620,2999,1338,3360,4299,939
Truck818124,3122,3239,4055,4299,244
Truck818284,2999,2821,4100,4299,199
Truck818889,2821,2822,4265,4299,34
Truck815185,1338,3239,3240,4300,1060
Truck817569,2436,2655,3900,4300,400
Truck817874,2225,3239,3985,4300,315
Truck818069,3121,2998,4040,4300,260
Truck818376,3122,2999,4125,4300,175
Truck818588,2437,3239,4185,4300,115
Truck818868,3239,2655,4260,4301,41
Truck818105,3121,0,4050,4302,252
Truck818579,2224,3239,4180,4302,122
Truck817539,2821,3238,3890,4303,413
Truck818562,3239,2224,4175,4303,128
Truck818744,2656,3121,4225,4303,78
Truck818800,2822,3331,4240,4303,63
Truck818888,2656,3239,4265,4303,38
Truck818172,0,2655,4070,4304,234
Truck818548,2822,3121,4170,4304,134
Truck818606,2437,2822,4190,4304,114
Truck818855,2998,3121,4255,4304,49
Truck817738,2822,0,3945,4305,360
Truck817773,2821,3122,3955,4305,350
Truck818812,1339,3238,4245,4305,60
Truck817864,2822,0,3980,4306,326
Truck817964,2225,1339,4010,4306,296
Truck818439,2821,1338,4140,4306,166
Truck818886,3239,2655,4265,4306,41
Truck819014,2656,3331,4300,4306,6
Truck818087,3121,2656,4045,4307,262
Truck818498,2437,3121,4160,4307,147
Truck818597,2224,3238,4185,4307,122
Truck815010,3122,1338,3190,4308,1118
Truck818254,1339,2655,4090,4308,218
Truck818906,2656,3239,4270,4308,38
Truck817910,2225,3331,3995,4310,315
Truck818714,2437,3122,4220,4310,90
Truck818806,2999,3121,4245,4310,65
Truck818873,2998,2436,4260,4310,50
Truck817605,2436,3239,3910,4311,401
Truck817641,2436,0,3920,4311,391
Truck817970,2656,0,4010,4311,301
Truck819024,3122,1339,4305,4311,6
Truck818064,0,3239,4040,4312,272
Truck818302,2999,2436,4105,4312,207
Truck818318,2437,2225,4110,4312,202
Truck818338,2999,2224,4115,4312,197
Truck818601,2821,3239,4185,4312,127
Truck818615,2224,2437,4190,4312,122
Truck817692,3122,2436,3935,4313,378
Truck817639,3238,2224,3920,4314,394
Truck818391,2655,0,4130,4314,184
Truck818891,2998,1338,4265,4314,49
Truck817497,2436,3238,3880,4315,435
Truck818002,1339,2225,4020,4315,295
Truck818128,1339,2656,4055,4315,260
Truck818728,2822,3239,4220,4315,95
Truck817908,3122,2822,3995,4316,321
Truck818123,3121,2821,4055,4316,261
Truck818109,2436,3121,4050,4317,267
Truck818325,2436,2999,4110,4317,207
Truck818414,2225,3121,4135,4317,182
Truck819028,1339,0,4305,4317,12
Truck815041,1338,3238,3200,4318,1118
Truck817912,1339,2822,3995,4318,323
Truck818633,2224,0,4195,4318,123
Truck818909,2998,2436,4270,4318,48
Truck818940,3239,2656,4280,4318,38
Truck818096,2656,0,4045,4319,274
Truck818141,3121,2822,4060,4319,259
Truck818602,2822,2436,4185,4319,134
Truck815203,1338,2998,3245,4320,1075
Truck818018,2225,1339,4025,4320,295
Truck818233,3238,2999,4085,4320,235
Truck818305,3238,2655,4105,4320,215
Truck818770,2999,2437,4235,4320,85
Truck817653,2655,2436,3925,4321,396
Truck817714,1339,2436,3940,4321,381
Truck817982,2225,0,4015,4321,306
Truck818637,2821,3239,4195,4321,126
Truck817812,0,2224,3970,4322,352
Truck818071,3238,3239,4040,4322,282
Truck818833,3331,2437,4250,4322,72
Truck818890,2822,2656,4265,4322,57
Truck818651,2224,2437,4200,4323,123
Truck818750,2437,1339,4230,4323,93
Truck818927,2998,3239,4275,4323,48
Truck815510,2437,1338,3330,4324,994
Truck815671,1338,3121,3375,4324,949
Truck817722,0,2821,3945,4324,379
Truck818048,2437,2436,4035,4324,289
Truck818159,3121,2224,4065,4324,259
Truck818319,2655,3122,4110,4324,214
Truck818374,2999,3239,4125,4324,199
Truck818481,2655,2224,4155,4324,169
Truck818203,3331,3122,4075,4325,250
Truck818249,3121,3122,4090,4325,235
Truck818557,3238,2437,4175,4325,150
Truck818780,2656,2224,4235,4325,90
Truck818958,3239,2436,4285,4325,40
Truck817732,1339,2436,3945,4326,381
Truck818620,2822,3121,4190,4326,136
Truck818231,3121,1339,4085,4327,242
Truck818238,3239,3122,4085,4327,242
Truck818678,2437,2224,4210,4327,117
Truck818378,2225,2437,4125,4328,203
Truck818655,2821,3239,4200,4328,128
Truck818669,2224,1339,4205,4328,123
Truck818834,2656,3121,4250,4328,78
Truck818177,3121,2656,4070,4330,260
Truck818879,3121,2999,4265,4330,65
Truck818945,2998,0,4280,4330,50
Truck817677,2436,2656,3930,4331,401
Truck817767,2436,3122,3955,4331,376
Truck818696,2437,2656,4215,4331,116
Truck818998,2822,2224,4295,4331,36
Truck818517,2655,2224,4165,4332,167
Truck818529,2821,2999,4165,4332,167
Truck818810,2225,2436,4245,4332,87
Truck815833,1338,2999,3420,4333,913
Truck818394,3122,2655,4130,4333,203
Truck818687,2224,2656,4210,4333,123
Truck817695,2436,3331,3935,4334,399
Truck818000,2225,2998,4020,4334,314
Truck818328,3239,1339,4110,4334,224
Truck818670,3239,2821,4205,4334,129
Truck818786,2437,1339,4240,4334,94
Truck818841,2655,2656,4255,4334,79
Truck818963,2998,1339,4285,4334,49
Truck819118,1339,3122,4330,4334,4
Truck815149,1338,2655,3230,4335,1105
Truck818195,3121,2998,4075,4335,260
Truck818796,3239,2822,4240,4335,95
Truck818824,2999,2437,4250,4335,85
Truck817657,3238,2224,3925,4336,411
Truck818691,2821,3239,4210,4336,126
Truck818709,2821,2224,4215,4336,121
Truck818816,2656,2998,4245,4336,91
Truck818994,3239,2436,4295,4336,41
Truck818502,3122,2999,4160,4337,177
Truck818705,2224,3122,4215,4337,122
Truck818829,2436,2225,4250,4337,87
Truck815347,1338,3121,3285,4338,1053
Truck818870,2656,2999,4260,4338,78
Truck818981,2998,3239,4290,4338,48
Truck817713,2436,2655,3940,4339,399
Truck818213,3121,3239,4080,4339,259
Truck818804,2437,1339,4245,4339,94
Truck818915,3121,2999,4275,4339,64
Truck817693,3238,2821,3935,4340,405
Truck818090,2225,1339,4045,4340,295
Truck818167,3331,3122,4065,4340,275
Truck818428,2999,2655,4140,4340,200
Truck818815,3331,2821,4245,4340,95
Truck818822,2437,3122,4250,4340,90
Truck818504,2225,3121,4160,4341,181
Truck818674,2822,2437,4205,4341,136
Truck817740,0,2436,3950,4342,392
Truck817891,3238,2822,3990,4342,352
Truck818054,2225,0,4035,4342,307
Truck818553,2655,2821,4175,4342,167
Truck818723,2224,0,4220,4342,122
Truck818846,2225,2436,4255,4342,87
Truck818905,3331,2437,4270,4342,72
Truck819034,2822,2821,4305,4342,37
Truck818046,0,2225,4035,4343,308
Truck818092,1339,2656,4045,4343,298
Truck818346,3239,3122,4115,4343,228
Truck818426,2437,2225,4140,4343,203
Truck814903,3238,1338,3160,4344,1184
Truck817800,3122,2436,3965,4344,379
Truck818852,2656,2821,4255,4344,89
Truck818999,2998,2822,4295,4344,49
Truck817731,2436,2224,3945,4345,400
Truck818321,3121,3122,4110,4345,235
Truck818446,2999,3331,4145,4345,200
Truck818741,2224,2822,4225,4346,121
Truck816409,1338,2225,3580,4347,767
Truck818583,2821,1338,4180,4347,167
Truck818734,2999,2225,4225,4347,122
Truck819030,3239,2437,4305,4347,42
Truck815023,1338,2224,3195,4348,1153
Truck815311,1338,0,3275,4348,1073
Truck818373,2655,0,4125,4348,223
Truck814975,3238,1338,3180,4349,1169
Truck818463,2655,2999,4150,4349,199
Truck818768,2437,2655,4235,4349,114
Truck818854,2822,3239,4255,4349,94
Truck817749,2436,2655,3950,4350,400
Truck817866,0,2224,3985,4350,365
Truck817954,2822,3238,4005,4350,345
Truck818285,3121,0,4100,4350,250
Truck818642,2437,3238,4200,4350,150
Truck819017,2998,3331,4300,4350,50
Truck818406,0,2655,4135,4351,216
Truck818710,2822,3121,4215,4351,136
Truck818759,2224,2436,4230,4351,121
Truck818862,3122,2437,4260,4351,91
Truck819175,3331,2656,4345,4351,6
Truck817822,1339,2998,3970,4352,382
Truck818142,3122,2225,4060,4352,292
Truck818240,2656,0,4085,4353,268
Truck818935,3238,0,4280,4353,73
Truck817747,3238,2821,3950,4354,404
Truck819035,2998,2822,4305,4354,49
Truck817948,1339,2224,4005,4355,350
Truck818267,3121,2224,4095,4355,260
Truck819087,2821,2822,4320,4355,35
Truck817945,3238,2822,4005,4356,351
Truck818486,2225,2437,4155,4356,201
Truck819186,3122,1339,4350,4356,6
Truck814987,1338,1339,3185,4357,1172
Truck817794,0,2436,3965,4357,392
Truck818607,2655,2821,4190,4357,167
Truck818777,2224,2999,4235,4357,122
Truck818942,2656,2436,4280,4357,77
Truck817946,2225,3238,4005,4358,353
Truck818060,2656,3238,4035,4358,323
Truck818500,2999,3331,4160,4358,198
Truck818959,3331,2437,4285,4358,73
Truck819053,2998,1338,4310,4358,48
Truck819084,3239,2656,4320,4358,38
Truck815166,0,1338,3235,4359,1124
Truck817755,2821,3238,3950,4360,410
Truck817785,2436,2821,3960,4360,400
Truck818619,2821,1338,4190,4360,170
Truck819007,3238,3122,4300,4360,60
Truck815191,3238,1338,3240,4361,1121
Truck818180,2225,3122,4070,4361,291
Truck818274,3239,0,4095,4361,266
Truck818795,2224,2225,4240,4361,121
Truck818887,3331,2998,4265,4361,96
Truck818912,2437,2999,4275,4362,87
Truck819180,0,1339,4350,4362,12
Truck817801,3238,2224,3965,4363,398
Truck817963,3238,2225,4010,4363,353
Truck815113,1338,3238,3220,4364,1144
Truck818303,3121,2655,4105,4364,259
Truck818518,2999,2656,4165,4364,199
Truck819071,2998,2225,4315,4364,49
Truck816344,2225,1338,3560,4365,805
Truck818330,2656,3122,4110,4365,255
Truck818590,2999,1339,4185,4365,180
Truck817803,2436,2656,3965,4366,401
Truck818220,3239,3238,4080,4366,286
Truck818380,1339,3121,4125,4366,241
Truck818813,2224,2999,4245,4366,121
Truck819102,3239,2655,4325,4366,41
Truck819230,2656,3331,4360,4366,6
Truck818608,2999,3122,4190,4367,177
Truck818840,2437,2656,4255,4367,112
Truck819124,2822,2998,4330,4367,37
Truck817966,1339,2224,4010,4368,358
Truck818393,3121,1339,4130,4368,238
Truck818978,2656,2999,4290,4368,78
Truck818995,3331,2436,4295,4368,73
Truck815131,1338,3238,3225,4369,1144
Truck818922,3239,2822,4275,4369,94
Truck818926,2822,3239,4275,4369,94
Truck819089,2998,0,4320,4369,49
Truck818126,2225,2998,4055,4370,315
Truck818484,3122,2655,4155,4370,215
Truck818934,3122,2437,4280,4370,90
Truck818943,2821,2656,4280,4370,90
Truck817821,2436,3239,3970,4371,401
Truck817893,2436,1339,3990,4371,381
Truck818556,3122,2655,4175,4371,196
Truck818925,2821,3331,4275,4371,96
Truck819120,3239,2655,4330,4371,41
Truck819248,2656,3331,4365,4371,6
Truck818276,2656,1339,4095,4372,277
Truck818534,2437,2225,4170,4372,202
Truck818732,2437,3121,4225,4372,147
Truck817980,3122,2821,4015,4373,358
Truck818831,2224,2999,4250,4373,123
Truck819107,2998,3121,4325,4373,48
Truck815567,3121,1338,3345,4374,1029
Truck817998,3122,2224,4020,4374,354
Truck818258,2656,3122,4090,4374,284
Truck818554,2999,2822,4175,4374,199
Truck818944,2822,3239,4280,4374,94
Truck818571,2655,2999,4180,4375,195
Truck819040,2999,3121,4310,4375,65
Truck818144,2225,3331,4060,4376,316
Truck818234,2225,3122,4085,4376,291
Truck818262,0,2656,4095,4376,281
Truck818344,1339,3239,4115,4376,261
Truck818646,3122,2999,4200,4376,176
Truck818849,2224,3122,4255,4376,121
Truck819129,2655,3239,4335,4376,41
Truck819266,2656,3331,4370,4376,6
Truck815927,3121,1338,3445,4377,932
Truck818558,2225,2437,4175,4377,202
Truck818679,2655,2224,4210,4377,167
Truck815639,3121,1338,3365,4378,1013
Truck818448,3122,3239,4145,4378,233
Truck819031,3331,2437,4305,4378,73
Truck815743,1338,2437,3395,4379,984
Truck818162,2225,2822,4065,4379,314
Truck818771,3121,2437,4235,4380,145
Truck818818,2822,3121,4245,4380,135
Truck819125,2998,2656,4330,4380,50
Truck818160,3122,2822,4065,4381,316
Truck818316,0,3239,4110,4381,271
Truck819156,3239,2436,4340,4381,41
Truck817837,3238,2224,3975,4382,407
Truck817857,2436,2821,3980,4382,402
Truck817947,2436,3122,4005,4382,377
Truck818252,2225,3122,4090,4382,292
Truck818269,3238,3239,4095,4382,287
Truck818867,2224,2655,4260,4382,122
Truck818871,2821,2224,4260,4382,122
Truck818986,2999,2437,4295,4382,87
Truck817729,3238,2436,3945,4383,438
Truck819032,2656,2436,4305,4383,78
Truck819036,0,3238,4310,4383,73
Truck819143,2998,2821,4335,4383,48
Truck815059,1338,3238,3205,4384,1179
Truck817884,0,2436,3990,4384,394
Truck818375,3121,2655,4125,4384,259
Truck818930,2437,0,4280,4384,104
Truck818727,2821,1338,4220,4385,165
Truck818966,2437,1339,4290,4385,95
Truck818885,2224,2655,4265,4386,121
Truck819174,3239,2999,4345,4386,41
Truck815205,2655,1338,3245,4387,1142
Truck817984,1339,2998,4015,4387,372
Truck818361,2436,3121,4120,4387,267
Truck819067,3331,2437,4315,4387,72
Truck817902,0,2436,3995,4388,393
Truck818357,3121,2436,4120,4388,268
Truck818715,2655,2224,4220,4388,168
Truck819161,2998,2999,4340,4388,48
Truck815095,1338,3239,3215,4389,1174
Truck818034,3122,2998,4030,4389,359
Truck819095,3121,2999,4325,4390,65
Truck815022,0,1338,3195,4391,1196
Truck815365,1338,3238,3290,4391,1101
Truck818365,3331,3122,4120,4391,271
Truck818409,2655,3121,4135,4391,256
Truck818412,3122,2656,4135,4391,256
Truck818903,2224,3239,4270,4391,121
Truck818383,3331,1339,4125,4392,267
Truck818411,3121,2655,4135,4392,257
Truck818745,2821,2437,4225,4392,167
Truck819114,3122,3238,4330,4392,62
Truck815329,1338,2998,3280,4393,1113
Truck818017,3238,2998,4025,4393,368
Truck818198,2225,2655,4075,4393,318
Truck818625,2655,2999,4195,4393,198
Truck819012,3239,2822,4300,4393,93
Truck819228,3239,3331,4360,4393,33
Truck815635,1338,2224,3365,4394,1029
Truck818214,3122,2822,4080,4394,314
Truck819016,2822,3239,4300,4394,94
Truck819068,2656,2655,4315,4394,79
Truck817909,3238,2821,3995,4395,400
Truck818216,2225,2821,4080,4395,315
Truck818503,3238,2999,4160,4395,235
Truck815077,1338,3238,3210,4396,1186
Truck818028,0,2224,4030,4396,366
Truck818397,2436,3121,4130,4396,266
Truck819112,2999,3121,4330,4396,66
Truck819330,3122,1339,4390,4396,6
Truck815328,0,1338,3280,4397,1117
Truck818921,2224,2656,4275,4397,122
Truck819232,2822,2998,4360,4397,37
Truck819247,3331,3239,4365,4397,32
Truck817911,2436,2224,3995,4398,403
Truck818196,3122,2822,4075,4398,323
Truck819093,2655,3331,4325,4398,73
Truck818043,2821,3122,4030,4399,369
Truck818751,2655,2224,4230,4399,169
Truck819033,2821,3331,4305,4399,94
Truck819086,2656,1338,4320,4399,79
Truck819197,2998,2225,4350,4399,49
Truck816067,1338,2999,3485,4400,915
Truck818016,3122,2224,4025,4400,375
Truck818445,2655,3121,4145,4400,255
Truck815112,0,1338,3220,4401,1181
Truck818429,3121,2655,4140,4401,261
Truck818781,2821,2225,4235,4401,166
Truck818939,2224,3122,4280,4401,121
Truck819176,2656,2822,4345,4401,56
Truck818400,3239,3238,4130,4402,272
Truck818521,3238,2999,4165,4402,237
Truck818107,3238,2822,4050,4403,353
Truck818251,3238,3331,4090,4403,313
Truck818447,3121,2655,4145,4403,258
Truck818628,3122,2655,4195,4403,208
Truck818662,2999,2822,4205,4404,199
Truck818908,2822,2436,4270,4404,134
Truck819046,1339,2437,4310,4404,94
Truck819215,2998,3122,4355,4404,49
Truck819051,2821,3331,4310,4405,95
Truck818537,3121,3122,4170,4406,236
Truck818644,2999,2436,4200,4406,206
Truck818957,2224,3121,4285,4406,121
Truck819139,3331,1338,4335,4406,71
Truck819169,3238,1339,4345,4406,61
Truck819246,3239,1338,4365,4406,41
Truck818388,0,2656,4130,4407,277
Truck818984,2437,2655,4295,4407,112
Truck818465,3121,3239,4150,4408,258
Truck818542,1339,3121,4170,4408,238
Truck818640,0,2655,4200,4408,208
Truck819196,2822,2656,4350,4408,58
Truck818025,2821,0,4025,4409,384
Truck815419,1338,2655,3305,4410,1105
Truck818118,0,2998,4055,4410,355
Truck819069,2821,3331,4315,4410,95
Truck819233,2998,2999,4360,4410,50
Truck819255,2655,3239,4370,4410,40
Truck817839,2436,3238,3975,4411,436
Truck817965,2436,2821,4010,4411,401
Truck818270,2225,3331,4095,4411,316
Truck818294,2656,3238,4100,4411,311
Truck818680,2999,3239,4210,4411,201
Truck815491,1338,2821,3325,4412,1087
Truck818164,1339,2821,4065,4412,347
Truck818975,2224,0,4290,4412,122
Truck818151,2821,0,4060,4413,353
Truck818555,3121,1339,4175,4413,238
Truck817981,3238,2998,4015,4414,399
Truck817983,2436,2998,4015,4414,399
Truck818288,2225,2821,4100,4414,314
Truck818483,3121,3239,4155,4414,259
Truck818698,2999,2822,4215,4414,199
Truck819002,2437,2821,4300,4414,114
Truck815545,1338,1339,3340,4415,1075
Truck819088,2822,3239,4320,4415,95
Truck819104,2656,2821,4325,4415,90
Truck819205,3238,3122,4355,4415,60
Truck818056,1339,2436,4035,4416,381
Truck819304,2822,2821,4380,4416,36
Truck818110,1339,2998,4050,4417,367
Truck818508,3239,3238,4160,4417,257
Truck818520,3122,2656,4165,4417,252
Truck818976,3239,2821,4290,4417,127
Truck819020,2437,2224,4305,4417,112
Truck818079,2821,3122,4040,4418,378
Truck818136,0,2822,4060,4418,358
Truck818501,3121,2998,4160,4418,258
Truck818716,2999,3239,4220,4418,198
Truck818835,2821,2655,4250,4418,168
Truck818993,2224,3239,4295,4418,123
Truck818697,2655,1339,4215,4419,204
Truck818894,2437,3238,4270,4419,149
Truck819179,2998,2224,4345,4419,74
Truck818962,2822,2437,4285,4420,135
Truck819103,3331,2224,4325,4420,95
Truck819269,2998,2999,4370,4420,50
Truck819300,3239,2436,4380,4420,40
Truck818073,2436,1339,4040,4421,381
Truck818088,3122,2436,4045,4421,376
Truck818591,3121,3122,4185,4421,236
Truck818788,2999,1339,4240,4421,181
Truck818472,3239,0,4150,4422,272
Truck818853,2821,2999,4255,4422,167
Truck819011,2224,2437,4300,4422,122
Truck819250,2822,2656,4365,4422,57
Truck818488,1339,2656,4155,4423,268
Truck819121,3331,2224,4330,4424,94
Truck818019,2436,3331,4025,4425,400
Truck818733,2655,0,4225,4425,200
Truck819140,2656,2224,4335,4425,90
Truck819287,2998,1339,4375,4425,50
Truck819309,2655,3239,4385,4425,40
Truck815734,1339,1338,3390,4426,1036
Truck818324,2225,3239,4110,4426,316
Truck818395,3238,3121,4130,4426,296
Truck818519,3121,2655,4165,4426,261
Truck818535,2655,3121,4170,4426,256
Truck819446,2656,3331,4420,4426,6
Truck819194,2656,2225,4350,4427,77
Truck819240,3122,3238,4365,4427,62
Truck818377,3238,3331,4125,4428,303
Truck819029,2224,3331,4305,4428,123
Truck819305,2998,3238,4380,4428,48
Truck815527,1338,0,3335,4429,1094
Truck818528,2656,1339,4165,4429,264
Truck819238,2999,3121,4365,4429,64
Truck818127,2436,3122,4055,4430,375
Truck818752,2999,2998,4230,4430,200
Truck819141,2821,3331,4335,4430,95
Truck819262,1339,3238,4370,4430,60
Truck818455,3331,3238,4145,4431,286
Truck818573,3121,0,4180,4431,251
Truck818730,0,2655,4225,4431,206
Truck819056,2437,2224,4315,4431,116
Truck819229,3331,2999,4360,4431,71
Truck819420,3122,0,4415,4431,16
Truck815221,1338,0,3250,4432,1182
Truck818106,3122,2224,4050,4432,382
Truck818342,2225,3239,4115,4432,317
Truck818510,2656,1339,4160,4432,272
Truck818948,2437,3121,4285,4432,147
Truck819047,2224,2437,4310,4432,122
Truck819336,3239,2437,4390,4432,42
Truck815608,1339,1338,3355,4433,1078
Truck816142,2999,1338,3505,4433,928
Truck816229,1338,2436,3530,4433,903
Truck818100,0,2224,4050,4433,383
Truck818236,1339,2998,4085,4433,348
Truck819323,2998,2437,4385,4433,48
Truck815275,1338,2998,3265,4434,1169
Truck818431,3238,3121,4140,4434,294
Truck815401,1338,0,3300,4436,1136
Truck818586,0,3121,4185,4436,251
Truck818895,2655,2224,4270,4436,166
Truck819065,2224,2436,4315,4436,121
Truck819074,2437,2655,4320,4436,116
Truck819354,3239,2225,4395,4436,41
Truck818055,2436,2998,4035,4437,402
Truck818089,3238,2821,4045,4437,392
Truck818784,0,2655,4240,4437,197
Truck819092,2437,3239,4325,4438,113
Truck819341,2998,2822,4390,4438,48
Truck818907,2821,2437,4270,4439,169
Truck819195,2821,2656,4350,4439,89
Truck819251,2998,2224,4365,4439,74
Truck818145,2436,1339,4060,4440,380
Truck818452,1339,2225,4145,4440,295
Truck819110,2437,3239,4330,4440,110
Truck815383,1338,3238,3295,4441,1146
Truck819450,0,3122,4425,4441,16
Truck818473,3331,3238,4150,4442,292
Truck818480,2437,2436,4155,4442,287
Truck819083,2224,0,4320,4442,122
Truck819363,2655,3239,4400,4442,42
Truck819372,3239,2437,4400,4442,42
Truck815617,1338,2224,3360,4443,1083
Truck818091,2436,3331,4045,4443,398
Truck818396,2225,2224,4130,4443,313
Truck819295,3238,1339,4380,4443,63
Truck818826,3122,2655,4250,4444,194
Truck819263,2224,2998,4370,4444,74
Truck819144,0,2437,4340,4445,105
Truck819316,1339,3238,4385,4445,60
Truck815509,1338,1339,3330,4446,1116
Truck818989,3238,2437,4295,4446,151
Truck819101,2224,2225,4325,4446,121
Truck819273,2655,3331,4375,4446,71
Truck819283,3331,3121,4375,4446,71
Truck818178,3122,2436,4070,4447,377
Truck818278,2822,3238,4095,4447,352
Truck818467,3238,3121,4150,4447,297
Truck818627,3121,0,4195,4447,252
Truck819212,2656,2998,4355,4447,92
Truck816322,2999,1338,3555,4448,893
Truck818386,2822,3122,4125,4449,324
Truck818609,3121,3239,4190,4449,259
Truck818791,3238,2655,4240,4449,209
Truck819128,2437,2656,4335,4449,114
Truck819377,2998,1339,4400,4449,49
Truck815599,1338,2656,3355,4450,1095
Truck815797,1338,0,3410,4450,1040
Truck818694,0,3239,4215,4450,235
Truck819211,3331,2224,4355,4450,95
Truck819231,2821,2656,4360,4450,90
Truck819408,3239,3121,4410,4450,40
Truck819430,2822,2821,4415,4450,35
Truck818442,0,2225,4145,4451,306
Truck818496,0,2656,4160,4451,291
Truck818961,2821,2436,4285,4451,166
Truck819119,2224,2656,4330,4452,122
Truck819242,2225,2436,4365,4452,87
Truck819284,2656,2225,4375,4452,77
Truck819301,3331,2436,4380,4452,72
Truck815455,1338,3238,3315,4453,1138
Truck819340,2822,3331,4390,4454,64
Truck819395,2998,3331,4405,4454,49
Truck815590,1339,1338,3350,4455,1105
Truck818877,2655,3122,4265,4455,190
Truck818932,2999,3122,4280,4455,175
Truck819146,2437,2655,4340,4455,115
Truck819426,3239,2436,4415,4455,40
Truck818133,2821,3238,4055,4456,401
Truck818541,2436,2437,4170,4456,286
Truck815239,1338,3238,3255,4457,1202
Truck818842,2999,2656,4255,4457,202
Truck818914,2999,1339,4275,4457,182
Truck819123,2821,3239,4330,4457,127
Truck819137,2224,0,4335,4457,122
Truck818190,0,2224,4075,4458,383
Truck818460,0,2225,4150,4458,308
Truck819313,3238,0,4385,4458,73
Truck819413,2998,2999,4410,4458,48
Truck818860,2999,2655,4260,4459,199
Truck819200,2437,0,4355,4459,104
Truck819306,0,3238,4385,4459,74
Truck818643,2655,3121,4200,4460,260
Truck819106,2822,2436,4325,4460,135
Truck818892,0,2999,4270,4461,191
Truck819267,2821,2656,4370,4461,91
Truck819278,2225,2436,4375,4461,86
Truck819444,3239,2999,4420,4461,41
Truck818244,0,2821,4090,4462,372
Truck818681,3121,0,4210,4462,252
Truck818997,2821,2225,4295,4462,167
Truck819148,2999,2225,4340,4462,122
Truck819155,2224,2821,4340,4462,122
Truck819159,2821,2224,4340,4462,122
Truck819367,3238,1339,4400,4462,62
Truck819481,3331,3239,4430,4462,32
Truck818468,2225,2822,4150,4463,313
Truck818661,2655,3121,4205,4463,258
Truck818736,3122,3239,4225,4463,238
Truck819320,2656,1338,4385,4463,78
Truck819431,2998,3238,4415,4463,48
Truck815873,3121,1338,3430,4464,1034
Truck818218,1339,2998,4080,4464,384
Truck818760,3239,3122,4230,4464,234
Truck818878,2999,2822,4265,4464,199
Truck819138,3239,2998,4335,4464,129
Truck819264,3239,2822,4370,4464,94
Truck815473,1338,3122,3320,4465,1145
Truck818686,1339,3331,4210,4465,255
Truck818755,3238,2999,4230,4465,235
Truck819218,2437,0,4360,4465,105
Truck818540,2225,1339,4170,4466,296
Truck818645,3121,2436,4200,4466,266
Truck818663,3121,2655,4205,4466,261
Truck819077,3121,2437,4320,4466,146
Truck819177,2821,2224,4345,4466,121
Truck819546,3122,0,4450,4466,16
Truck818037,2436,3238,4030,4467,437
Truck818163,2436,2655,4065,4467,402
Truck818368,2822,1339,4120,4467,347
Truck819173,2224,2821,4345,4467,122
Truck819338,2656,2999,4390,4467,77
Truck819568,1339,0,4455,4467,12
Truck818322,3122,2998,4110,4468,358
Truck818951,3121,2225,4285,4468,183
Truck819142,2822,2437,4335,4468,133
Truck819449,2998,2655,4420,4468,48
Truck819359,2998,2224,4395,4469,74
Truck818181,2436,2998,4070,4470,400
Truck818280,0,2998,4100,4470,370
Truck818298,0,2998,4105,4470,365
Truck818570,2437,2436,4180,4470,290
Truck819015,2821,2655,4300,4470,170
Truck819234,0,2437,4365,4470,105
Truck819303,2821,2656,4380,4470,90
Truck819302,2656,2224,4380,4471,91
Truck819480,3239,2225,4430,4471,41
Truck819314,2225,2436,4385,4472,87
Truck819403,3238,1339,4410,4472,62
Truck818600,2656,1339,4185,4473,288
Truck818805,2655,3238,4245,4473,228
Truck818823,2655,3238,4250,4473,223
Truck819191,2224,2655,4350,4473,123
Truck819290,2437,1339,4380,4473,93
Truck819373,3331,2437,4400,4473,73
Truck819467,2998,2821,4425,4473,48
Truck818506,1339,2822,4160,4474,314
Truck818699,3121,2821,4215,4474,259
Truck819356,2656,2655,4395,4474,79
Truck819412,2822,3331,4410,4474,64
Truck818859,2655,3238,4260,4475,215
Truck819160,2822,2436,4340,4475,135
Truck819520,2822,2224,4440,4475,35
Truck818199,2436,2224,4075,4476,401
Truck818289,2436,3122,4100,4476,376
Truck819192,3239,2224,4350,4476,126
Truck819498,3239,2999,4435,4476,41
Truck815801,3121,1338,3410,4477,1067
Truck818304,3122,2224,4105,4477,372
Truck818594,2225,3122,4185,4477,292
Truck818901,2436,2999,4270,4477,207
Truck819391,3331,2436,4405,4477,72
Truck818522,2225,2224,4165,4478,313
Truck818532,0,2225,4170,4478,308
Truck818832,3239,1339,4250,4478,228
Truck819209,2224,3121,4355,4478,123
Truck818458,2822,3122,4145,4479,334
Truck819178,2822,2225,4345,4479,134
Truck819318,3239,2822,4385,4479,94
Truck819485,2998,3331,4430,4479,49
Truck815940,0,1338,3450,4480,1030
Truck819321,2821,3331,4385,4480,95
Truck818217,2436,3331,4080,4481,401
Truck818416,1339,2998,4135,4481,346
Truck818753,3121,0,4230,4481,251
Truck819022,2999,3122,4305,4481,176
Truck818919,2436,2999,4275,4482,207
Truck819236,2437,2656,4365,4482,117
Truck819270,0,2437,4375,4482,107
Truck819392,2656,2655,4405,4482,77
Truck819516,3239,2999,4440,4482,42
Truck816178,2999,1338,3515,4483,968
Truck818370,0,2821,4125,4483,358
Truck819227,2224,1339,4360,4483,123
Truck819133,3238,2437,4335,4484,149
Truck819210,3239,2998,4355,4484,129
Truck819334,1339,2437,4390,4484,94
Truck819503,2998,2821,4435,4484,49
Truck815515,3238,1338,3330,4485,1155
Truck818735,3121,2998,4225,4485,260
Truck818814,3239,1339,4245,4485,240
Truck819254,2437,3239,4370,4485,115
Truck816340,2999,1338,3560,4486,926
Truck819245,2224,2999,4365,4486,121
Truck819249,2821,2224,4365,4486,121
Truck819337,3331,2998,4390,4486,96
Truck819618,3122,0,4470,4486,16
Truck819661,3331,2656,4480,4486,6
Truck818359,3238,2224,4120,4487,367
Truck819556,2822,2224,4450,4487,37
Truck819640,1339,0,4475,4487,12
Truck816517,1338,2436,3610,4488,878
Truck818308,1339,2436,4105,4488,383
Truck818950,2999,2655,4285,4488,203
Truck819521,2998,3238,4440,4488,48
Truck818512,2822,1339,4160,4489,329
Truck818827,3238,2655,4250,4489,239
Truck819214,2822,3121,4355,4489,134
Truck819676,1339,3122,4485,4489,4
Truck818253,2436,2224,4090,4490,400
Truck818789,3121,0,4240,4490,250
Truck819574,2822,2821,4455,4491,36
Truck818265,2655,2436,4095,4492,397
Truck819105,2821,2437,4325,4492,167
Truck819445,3331,3121,4420,4492,72
Truck819589,3331,3239,4460,4492,32
Truck816049,1338,3121,3480,4493,1013
Truck818432,2225,3238,4140,4493,353
Truck819572,2656,3239,4455,4493,38
Truck818843,3121,1339,4255,4494,239
Truck819694,1339,3122,4490,4494,4
Truck818271,2436,2655,4095,4495,400
Truck818650,1339,2225,4200,4495,295
Truck819539,2998,3239,4445,4495,50
Truck818457,2821,1339,4145,4496,351
Truck819076,2999,3122,4320,4496,176
Truck819111,2655,2821,4330,4496,166
Truck819182,2437,3121,4350,4496,146
Truck819570,3239,2436,4455,4496,41
Truck819592,2822,2821,4460,4496,36
Truck819690,3122,1339,4490,4496,6
Truck819308,2437,2655,4385,4497,112
Truck818259,2821,3238,4090,4498,408
Truck818287,3238,2998,4100,4498,398
Truck818450,2225,3238,4145,4498,353
Truck819082,1339,2655,4320,4498,178
Truck819281,2224,3331,4375,4498,123
Truck819463,3331,2655,4425,4498,73
Truck819004,2999,2224,4300,4499,199
Truck819390,3239,2822,4405,4499,94
Truck819557,2998,2436,4450,4499,49
Truck819394,2822,3239,4405,4500,95
Truck818530,2822,0,4165,4501,336
Truck819402,3122,2437,4410,4501,91
Truck819410,2656,2224,4410,4501,91
Truck818307,2436,3331,4105,4502,397
Truck818596,1339,2822,4185,4502,317
Truck818612,2225,2998,4190,4502,312
Truck818704,1339,2656,4215,4502,287
Truck818825,3121,0,4250,4502,252
Truck819299,2224,0,4380,4502,122
Truck819326,2437,3239,4390,4502,112
Truck819464,2656,2225,4425,4502,77
Truck819536,2656,2822,4445,4502,57
Truck815788,1339,1338,3405,4504,1099
Truck818672,2656,3238,4205,4504,299
Truck819575,2998,2821,4455,4504,49
Truck815779,1338,3239,3405,4506,1101
Truck815851,1338,2224,3425,4506,1081
Truck818899,3238,2999,4270,4507,237
Truck819317,2224,2225,4385,4507,122
Truck819532,1339,3238,4445,4507,62
Truck819606,3239,2437,4465,4507,42
Truck815437,1338,3239,3310,4508,1198
Truck818779,3331,3122,4235,4508,273
Truck819042,3122,2655,4310,4508,198
Truck819554,2656,2822,4450,4508,58
Truck815869,1338,2437,3430,4509,1079
Truck818790,3122,3331,4240,4510,270
Truck819593,2998,3121,4460,4510,50
Truck815497,3238,1338,3325,4511,1186
Truck818666,2225,0,4205,4511,306
Truck818702,2225,1339,4215,4511,296
Truck818949,2655,3238,4285,4511,226
Truck819021,2655,1339,4305,4511,206
Truck819624,3239,2436,4470,4511,41
Truck819752,2656,3331,4505,4511,6
Truck818343,2436,2821,4115,4512,397
Truck818478,0,2821,4155,4512,357
Truck818807,3121,2436,4245,4512,267
Truck819132,3122,2655,4335,4512,177
Truck819335,2224,2225,4390,4512,122
Truck818658,0,2225,4205,4513,308
Truck819116,2225,3121,4330,4513,183
Truck818415,2436,1339,4135,4514,379
Truck818648,2225,2822,4200,4514,314
Truck819057,2655,2999,4315,4514,199
Truck819515,2224,2998,4440,4514,74
Truck819611,2998,2655,4465,4514,49
Truck818538,3122,2998,4170,4515,345
Truck819398,2437,0,4410,4515,105
Truck818684,2225,0,4210,4516,306
Truck818881,3238,3239,4265,4516,251
Truck819058,2999,2224,4315,4516,201
Truck819642,3239,2999,4475,4516,41
Truck819353,2224,3122,4395,4517,122
Truck819380,2437,3239,4405,4517,112
Truck819590,2656,2822,4460,4517,57
Truck818676,0,2225,4210,4518,308
Truck819518,2656,3121,4440,4518,78
Truck819629,2998,0,4470,4518,48
Truck818933,3121,1339,4280,4519,239
Truck818985,2655,0,4295,4519,224
Truck819322,2822,2436,4385,4519,134
Truck819533,2224,2998,4445,4519,74
Truck815695,3238,1338,3380,4520,1140
Truck818434,1339,2436,4140,4520,380
Truck818861,3121,3239,4260,4520,260
Truck818880,3122,2656,4265,4520,255
Truck815815,1338,2822,3415,4521,1106
Truck819213,2821,2999,4355,4521,166
Truck819375,2821,2224,4400,4521,121
Truck815887,1338,3122,3435,4522,1087
Truck819371,2224,3122,4400,4522,122
Truck819756,0,1339,4510,4522,12
Truck818379,2436,2655,4125,4523,398
Truck818967,2655,0,4290,4523,233
Truck819152,2225,3121,4340,4523,183
Truck818547,2821,1339,4170,4524,354
Truck818968,2999,3238,4290,4524,234
Truck819094,2999,3331,4325,4524,199
Truck819399,2655,2437,4410,4524,114
Truck819501,2821,2656,4435,4524,89
Truck819802,1339,3122,4520,4524,4
Truck818809,3238,3331,4245,4525,280
Truck818904,3239,3122,4270,4525,255
Truck819500,2656,2998,4435,4525,90
Truck819647,2998,2436,4475,4525,50
Truck819669,2655,3239,4485,4525,40
Truck818524,1339,2224,4165,4527,362
Truck819389,2224,0,4405,4527,122
Truck819416,2437,2655,4415,4527,112
Truck816301,1338,2999,3550,4528,978
Truck818413,3238,2998,4135,4528,393
Truck818897,3121,2655,4270,4528,258
Truck819565,3238,0,4455,4528,73
Truck819714,3239,3331,4495,4528,33
Truck818720,2225,0,4220,4529,309
Truck818913,2655,3121,4275,4529,254
Truck819663,2821,2998,4480,4529,49
Truck819665,2998,2655,4480,4529,49
Truck819820,1339,3122,4525,4529,4
Truck818974,1339,3121,4290,4530,240
Truck819190,1339,2999,4350,4530,180
Truck818449,3238,2998,4145,4531,386
Truck819696,3239,3121,4490,4531,41
Truck815725,1338,2821,3390,4532,1142
Truck819625,3331,2822,4470,4532,62
Truck818466,3122,2224,4150,4533,383
Truck819407,2224,2655,4410,4533,123
Truck818987,3121,1339,4295,4534,239
Truck819208,1339,2999,4355,4534,179
Truck819681,2821,2998,4485,4534,49
Truck819683,2998,3121,4485,4534,49
Truck819130,2999,2655,4335,4535,200
Truck819376,2822,2436,4400,4535,135
Truck819517,3331,2998,4440,4535,95
Truck818424,0,2224,4140,4536,396
Truck819425,2224,2655,4415,4536,121
Truck819607,3331,2225,4465,4536,71
Truck818493,2821,3238,4155,4537,382
Truck818931,2655,3121,4280,4537,257
Truck819162,0,2999,4345,4537,192
Truck819201,2655,1339,4355,4537,182
Truck819453,2655,2437,4425,4537,112
Truck815905,1338,2821,3440,4538,1098
Truck818433,2436,2656,4140,4538,398
Truck819701,2998,2656,4490,4538,48
Truck818738,2225,2655,4225,4539,314
Truck818798,2656,0,4240,4539,299
Truck818964,0,3121,4290,4540,250
Truck816359,3121,1338,3565,4541,976
Truck819184,2999,0,4350,4541,191
Truck818574,3122,2998,4180,4542,362
Truck818977,3331,3122,4290,4542,252
Truck819443,2224,3331,4420,4542,122
Truck819470,2437,2224,4430,4542,112
Truck816643,1338,2436,3645,4543,898
Truck818766,0,2656,4235,4543,308
Truck819090,0,2655,4325,4543,218
Truck819285,2821,2437,4375,4543,168
Truck815689,1338,3238,3380,4545,1165
Truck818451,2436,2656,4145,4545,400
Truck818756,2225,2998,4230,4545,315
Truck818910,0,3239,4275,4545,270
Truck819166,2999,3239,4345,4545,200
Truck819344,2437,3238,4395,4545,150
Truck819750,3239,2225,4505,4545,40
Truck819698,2656,2822,4490,4546,56
Truck818638,2822,3238,4195,4547,352
Truck819164,2437,2225,4345,4547,202
Truck819258,3122,2999,4370,4547,177
Truck819461,2224,2821,4425,4547,122
Truck819488,2437,2821,4435,4547,112
Truck819626,2656,2225,4470,4547,77
Truck819633,2655,3331,4475,4547,72
Truck815761,1338,2224,3400,4548,1148
Truck815977,1338,2656,3460,4548,1088
Truck818550,0,2821,4175,4548,373
Truck818858,2437,2436,4260,4548,288
Truck818869,3331,3238,4260,4548,288
Truck819737,2998,2437,4500,4548,48
Truck818323,3238,2436,4110,4549,439
Truck819096,3122,3239,4325,4549,224
Truck819220,2999,0,4360,4549,189
Truck819671,3121,2999,4485,4549,64
Truck816503,3121,1338,3605,4550,945
Truck818469,2436,2821,4150,4550,400
Truck818774,2225,2998,4235,4550,315
Truck819075,2655,3238,4320,4550,230
Truck815581,1338,2656,3350,4551,1201
Truck819005,3121,0,4300,4551,251
Truck819188,2225,2437,4350,4551,201
Truck819462,3239,2821,4425,4551,126
Truck819479,2224,1339,4430,4551,121
Truck819598,2999,2437,4465,4551,86
Truck815889,2655,1338,3435,4552,1117
Truck815941,1338,2821,3450,4552,1102
Truck818487,2436,2656,4155,4552,397
Truck818876,2437,2436,4265,4552,287
Truck819506,2437,2656,4440,4552,112
Truck819522,0,2437,4445,4552,107
Truck819700,2822,3331,4490,4552,62
Truck818787,2655,2225,4240,4553,313
Truck818916,3122,3331,4275,4553,278
Truck819237,2655,1339,4365,4553,188
Truck819507,2655,2437,4440,4553,113
Truck819786,3239,2656,4515,4553,38
Truck819066,3239,0,4315,4554,239
Truck819755,2998,2437,4505,4554,49
Truck818923,3331,0,4275,4555,280
Truck816121,1338,3331,3500,4556,1056
Truck818740,1339,2822,4225,4556,331
Truck818792,2225,2224,4240,4556,316
Truck819339,2821,2437,4390,4556,166
Truck819734,2656,2822,4500,4556,56
Truck818577,2436,3122,4180,4557,377
Truck819219,2655,2999,4360,4557,197
Truck819600,3122,2437,4465,4557,92
Truck815653,1338,3238,3370,4558,1188
Truck818505,2436,2655,4160,4558,398
Truck818682,3122,2224,4210,4558,348
Truck818863,3238,3331,4260,4558,298
Truck819466,2822,3121,4425,4558,133
Truck819497,2224,1339,4435,4558,123
Truck819679,3331,2436,4485,4558,73
Truck815763,2655,1338,3400,4559,1159
Truck816031,1338,2224,3475,4559,1084
Truck819610,2822,3239,4465,4559,94
Truck819773,2998,2822,4510,4559,49
Truck816718,2999,1338,3665,4560,895
Truck816849,2436,1338,3700,4560,860
Truck818568,0,2224,4180,4560,380
Truck818941,3331,3238,4280,4560,280
Truck819524,2437,3331,4445,4560,115
Truck819183,2655,3238,4350,4561,211
Truck819634,2999,2437,4475,4561,86
Truck819697,3331,2999,4490,4561,71
Truck819924,3122,1339,4555,4561,6
Truck818485,3238,2821,4155,4562,407
Truck819310,2999,3122,4385,4562,177
Truck815814,0,1338,3415,4563,1148
Truck818565,2821,3122,4175,4563,388
Truck819357,2821,2437,4395,4563,168
Truck818523,2436,3239,4165,4564,399
Truck819542,2437,2656,4450,4564,114
Truck819791,2998,2822,4515,4564,49
Truck818673,2821,0,4205,4565,360
Truck818692,2822,0,4210,4565,355
Truck818988,3122,3331,4295,4565,270
Truck819100,1339,3121,4325,4565,240
Truck819632,2437,3122,4475,4565,90
Truck819725,3121,2999,4500,4565,65
Truck818808,3122,2822,4245,4566,321
Truck818992,1339,3331,4295,4566,271
Truck819576,0,2437,4460,4566,106
Truck819822,3239,1338,4525,4566,41
Truck818828,2225,2224,4250,4567,317
Truck819048,3239,3122,4310,4567,257
Truck819256,2999,3331,4370,4567,197
Truck816193,1338,2822,3520,4568,1048
Truck818539,3238,2998,4170,4568,398
Truck819039,2655,3121,4310,4568,258
Truck819489,2655,2822,4435,4568,133
Truck819754,2822,3331,4505,4568,63
Truck819662,2656,2224,4480,4569,89
Truck819719,2998,2224,4495,4569,74
Truck819809,2998,2656,4520,4569,49
Truck819434,2437,3238,4420,4570,150
Truck819650,2437,3122,4480,4571,91
Truck819840,3239,2999,4530,4571,41
Truck819018,0,3239,4305,4572,267
Truck819551,2224,3239,4450,4572,122
Truck819716,2656,3121,4495,4572,77
Truck818611,3238,2998,4190,4573,383
Truck819023,3121,2436,4305,4573,268
Truck819393,2821,2655,4405,4573,168
Truck815886,0,1338,3435,4574,1139
Truck819578,2437,2998,4460,4574,114
Truck819664,2822,3239,4480,4574,94
Truck819827,2998,3122,4525,4574,49
Truck819274,2999,2224,4375,4575,200
Truck819781,3238,3122,4515,4575,60
Truck818864,2225,2822,4260,4576,316
Truck819261,2436,2999,4370,4576,206
Truck819411,2821,2655,4410,4576,166
Truck819150,3122,3121,4340,4577,237
Truck819569,2224,2655,4455,4577,122
Truck819738,0,3238,4505,4577,72
Truck819751,3331,2655,4505,4577,72
Truck816103,1338,2822,3495,4578,1083
Truck818952,3122,2225,4285,4578,293
Truck819013,3331,3122,4300,4578,278
Truck818664,3122,2821,4205,4579,374
Truck819223,3238,2655,4360,4579,219
Truck819382,2999,3122,4405,4579,174
Truck819845,2998,3238,4530,4579,49
Truck819292,2999,2822,4380,4580,200
Truck819867,2655,3239,4540,4580,40
Truck816108,3122,1338,3495,4581,1086
Truck818882,2225,2998,4265,4581,316
Truck818996,2656,3122,4295,4581,286
Truck819167,3121,3122,4345,4581,236
Truck819368,2225,3121,4400,4582,182
Truck819429,2821,2655,4415,4582,167
Truck819584,2225,2999,4460,4582,122
Truck819759,2655,3331,4510,4582,72
Truck819826,2822,2656,4525,4582,57
Truck819913,3331,3239,4550,4582,32
Truck819972,0,1339,4570,4582,12
Truck815923,1338,2822,3445,4583,1138
Truck818972,2225,3122,4290,4583,293
Truck819108,0,3121,4330,4583,253
Truck819587,2224,1338,4460,4583,123
Truck819614,2437,2655,4470,4583,113
Truck818622,0,2998,4195,4584,389
Truck818900,2225,2998,4270,4584,314
Truck819863,2998,3122,4535,4584,49
Truck818595,2436,2224,4185,4585,400
Truck818668,1339,2436,4205,4585,380
Truck818763,2821,3122,4230,4585,355
Truck818969,3121,3238,4290,4585,295
Truck819686,2437,1339,4490,4585,95
Truck819915,2821,2822,4550,4585,35
Truck818647,3238,2998,4200,4586,386
Truck818928,0,2225,4280,4586,306
Truck819447,2821,2437,4420,4586,166
Truck819605,2224,2225,4465,4586,121
Truck818683,3238,2998,4210,4587,377
Truck819722,2437,2999,4500,4587,87
Truck819816,3122,3238,4525,4587,62
Truck819842,2656,2822,4530,4587,57
Truck819216,0,2655,4360,4588,228
Truck819774,0,3238,4515,4588,73
Truck819787,3331,2999,4515,4588,73
Truck819588,3239,2998,4460,4589,129
Truck819881,2998,3122,4540,4589,49
Truck816482,2437,1338,3600,4590,990
Truck819113,3121,2656,4330,4590,260
Truck819185,3121,1339,4350,4590,240
Truck819328,2999,2656,4390,4590,200
Truck818613,2436,2998,4190,4591,401
Truck818758,1339,2998,4230,4591,361
Truck819049,3331,3238,4310,4591,281
Truck819348,3122,2655,4395,4591,196
Truck819404,2225,3121,4410,4591,181
Truck819623,2224,3121,4470,4591,121
Truck819912,3239,2436,4550,4591,41
Truck818946,0,2225,4285,4592,307
Truck819027,2436,2437,4305,4592,287
Truck819291,2655,0,4380,4592,212
Truck819899,2998,3121,4545,4593,48
Truck819948,3239,3331,4560,4593,33
Truck819126,0,3239,4335,4594,259
Truck819346,2999,3239,4395,4594,199
Truck819732,3239,2822,4500,4594,94
Truck818631,2436,2656,4195,4595,400
Truck819050,2656,0,4310,4595,285
Truck819930,3239,3121,4555,4595,40
Truck819952,2822,2998,4560,4595,35
Truck816076,1339,1338,3485,4596,1111
Truck818848,1339,2224,4255,4596,341
Truck818898,3122,2822,4270,4596,326
Truck818936,2225,3331,4280,4596,316
Truck819147,2655,3121,4340,4596,256
Truck819435,2655,3122,4420,4596,176
Truck819641,2224,2655,4475,4596,121
Truck819823,3331,3121,4525,4596,71
Truck819856,1339,3238,4535,4596,61
Truck816157,1338,3239,3510,4597,1087
Truck818764,2822,3238,4230,4597,367
Truck819810,0,3238,4525,4597,72
Truck819149,3121,3239,4340,4598,258
Truck819157,3331,1339,4340,4598,258
Truck819424,1339,2655,4415,4598,183
Truck819483,2821,2225,4430,4598,168
Truck819806,2656,2436,4520,4598,78
Truck818830,1339,2998,4250,4599,349
Truck819038,2437,2436,4310,4599,289
Truck819079,3238,3331,4320,4599,279
Truck819364,2999,2822,4400,4599,199
Truck819817,3238,0,4525,4599,74
Truck819917,2998,3331,4550,4599,49
Truck818718,3122,2436,4220,4600,380
Truck818794,1339,2998,4240,4600,360
Truck818954,2225,2655,4285,4600,315
Truck819668,2437,2655,4485,4600,115
Truck819770,2656,2821,4510,4600,90
Truck819063,2436,2437,4315,4601,286
Truck819362,2437,2225,4400,4601,201
Truck819659,2224,2656,4480,4601,121
Truck819778,2999,2437,4515,4601,86
Truck819851,3121,2999,4535,4601,66
Truck816231,2655,1338,3530,4603,1073
Truck818799,2821,0,4240,4603,363
Truck819460,1339,2999,4425,4604,179
Truck819824,2656,2655,4525,4604,79
Truck819935,2998,2822,4555,4604,49
Truck819085,3331,0,4320,4605,285
Truck819158,2656,0,4340,4605,265
Truck819345,2655,3238,4395,4605,210
Truck819957,2655,3239,4565,4605,40
Truck818685,2436,2998,4210,4606,396
Truck819153,2436,3121,4340,4606,266
Truck819788,2656,2998,4515,4606,91
Truck819859,3331,2999,4535,4606,71
Truck819282,3239,3122,4375,4607,232
Truck819704,2437,2656,4495,4607,112
Truck815959,1338,3331,3455,4608,1153
Truck818667,2436,3239,4205,4608,403
Truck819660,3239,2998,4480,4608,128
Truck819677,2224,3238,4485,4608,123
Truck819776,2437,1339,4515,4608,93
Truck816553,1338,2999,3620,4609,989
Truck819953,2998,3239,4560,4609,49
Truck818866,1339,2821,4260,4610,350
Truck818721,2436,0,4220,4611,391
Truck819003,2655,2225,4300,4611,311
Truck819259,3238,2655,4370,4611,241
Truck819984,3239,2436,4570,4611,41
Truck819695,2224,3239,4490,4612,122
Truck816877,1338,2999,3710,4613,903
Truck819417,2655,2999,4415,4613,198
Truck819418,2999,2821,4415,4613,198
Truck819875,2224,2998,4540,4614,74
Truck816139,1338,3331,3505,4615,1110
Truck818703,2436,2998,4215,4615,400
Truck819008,2225,3239,4300,4615,315
Truck819596,2437,3238,4465,4615,150
Truck819971,2998,1338,4565,4615,50
Truck819805,3331,2998,4520,4616,96
Truck819832,2999,2437,4530,4616,86
Truck819837,2436,2225,4530,4616,86
Truck816391,1338,0,3575,4617,1042
Truck819098,2225,3122,4325,4617,292
Truck819436,2999,3331,4420,4618,198
Truck819713,2224,3331,4495,4618,123
Truck818793,2436,1339,4240,4619,379
Truck819682,2822,1338,4485,4619,134
Truck819989,2998,2436,4570,4619,49
Truck820144,1339,3122,4615,4619,4
Truck819026,2225,2821,4305,4620,315
Truck819221,3121,2655,4360,4620,260
Truck819555,2821,2437,4450,4620,170
Truck816175,1338,3122,3515,4621,1106
Truck819472,2999,0,4430,4621,191
Truck820098,0,3122,4605,4621,16
Truck818757,2436,0,4230,4622,392
Truck819062,2225,0,4315,4622,307
Truck819207,2436,3121,4355,4622,267
Truck819573,2821,2437,4455,4622,167
Truck819043,3238,3331,4310,4623,313
Truck819203,3121,2436,4355,4623,268
Truck819454,2999,2821,4425,4623,198
Truck819731,2224,2436,4500,4623,123
Truck819758,2437,3239,4510,4623,113
Truck820007,2998,3238,4575,4623,48
Truck816346,1339,1338,3560,4624,1064
Truck819239,3121,2998,4365,4624,259
Truck818938,1339,2224,4280,4625,345
Truck819044,2225,3239,4310,4626,316
Truck819471,2655,2999,4430,4626,196
Truck820060,2822,2224,4590,4626,36
Truck819122,2656,0,4330,4627,297
Truck819385,3238,2655,4405,4627,222
Truck819749,2224,2821,4505,4627,122
Truck819753,2821,2224,4505,4627,122
Truck819931,3331,2225,4555,4627,72
Truck816985,1338,2436,3740,4628,888
Truck818739,2436,2224,4225,4628,403
Truck819257,3121,2998,4370,4628,258
Truck819591,2821,2436,4460,4628,168
Truck819914,2656,2655,4550,4628,78
Truck818874,0,2998,4265,4629,364
Truck819848,2437,1339,4535,4629,94
Truck820025,2998,1338,4580,4629,49
Truck819131,3121,3238,4335,4630,295
Truck819718,2822,2437,4495,4630,135
Truck820056,3239,2999,4590,4630,40
Truck816715,1338,2437,3665,4631,966
Truck817039,1338,2436,3755,4631,876
Truck819136,1339,2225,4335,4631,296
Truck819349,3238,2999,4395,4631,236
Truck819548,2225,3121,4450,4632,182
Truck819764,2225,2999,4510,4632,122
Truck819767,2224,3121,4510,4632,122
Truck819870,3122,2437,4540,4632,92
Truck816211,1338,3239,3525,4633,1108
Truck819490,2999,2224,4435,4633,198
Truck819932,2656,2225,4555,4633,78
Truck820043,2998,2822,4585,4633,48
Truck820074,3239,2656,4595,4633,38
Truck819080,2225,3239,4320,4634,314
Truck818775,2436,2998,4235,4635,400
Truck819193,3331,3238,4350,4635,285
Truck819736,2822,2225,4500,4635,135
Truck819794,2437,3239,4520,4635,115
Truck819977,3121,2999,4570,4635,65
Truck816012,0,1338,3470,4636,1166
Truck816013,1338,3238,3470,4636,1166
Truck816085,1338,2821,3490,4636,1146
Truck816859,1338,2436,3705,4636,931
Truck819526,2999,0,4445,4636,191
Truck819785,2224,3238,4515,4636,121
Truck819812,2437,3331,4525,4636,111
Truck820096,2822,2224,4600,4636,36
Truck818649,2436,3238,4200,4637,437
Truck819566,2225,3121,4455,4637,182
Truck819967,3331,2999,4565,4637,72
Truck820000,1339,3238,4575,4637,62
Truck820170,0,1339,4625,4637,12
Truck818802,0,2436,4245,4638,393
Truck819550,1339,2655,4450,4638,188
Truck819615,2655,2821,4470,4638,168
Truck819627,2821,2655,4470,4638,168
Truck819950,2656,1338,4560,4638,78
Truck818872,2822,3238,4260,4639,379
Truck819293,3121,2656,4380,4639,259
Truck819508,2999,3239,4440,4639,199
Truck819768,3239,2998,4510,4639,129
Truck818970,3122,2224,4290,4640,350
Truck820092,3239,2655,4600,4640,40
Truck819187,3238,3239,4350,4641,291
Truck819830,2437,2655,4530,4641,111
Truck816265,1338,2822,3540,4642,1102
Truck818820,0,2821,4250,4642,392
Truck819172,1339,2225,4345,4642,297
Truck819803,2224,2821,4520,4642,122
Truck819895,3331,2998,4545,4642,97
Truck819311,3121,2821,4385,4643,258
Truck818920,1339,2998,4275,4644,369
Truck819772,2822,1338,4510,4644,134
Truck820079,2998,2999,4595,4644,49
Truck820234,1339,3122,4640,4644,4
Truck819916,2822,3239,4550,4645,95
Truck819938,2437,2999,4560,4645,85
Truck818979,2821,0,4290,4646,356
Truck819558,0,2999,4455,4646,191
Truck819562,2999,0,4455,4646,191
Truck819821,2224,2656,4525,4646,121
Truck820230,3122,1339,4640,4646,6
Truck819070,2822,1339,4315,4647,332
Truck819986,2656,3121,4570,4647,77
Truck819997,3238,0,4575,4647,72
Truck820003,3331,2655,4575,4647,72
Truck819265,3331,1339,4370,4648,278
Truck819381,2655,3238,4405,4648,243
Truck819790,2822,2999,4515,4649,134
Truck819329,3121,2822,4390,4650,260
Truck819884,2437,0,4545,4650,105
Truck820128,3239,2437,4610,4650,40
Truck819134,2225,2821,4335,4651,316
Truck819839,2224,1338,4530,4651,121
Truck820150,2822,2821,4615,4651,36
Truck819347,3121,2821,4395,4652,257
Truck820021,3331,2225,4580,4652,72
Truck820054,1339,3238,4590,4652,62
Truck819370,1339,3239,4400,4653,253
Truck819808,2822,3121,4520,4653,133
Truck820004,2656,2999,4575,4654,79
Truck820115,2998,2821,4605,4654,49
Truck820270,1339,3122,4650,4654,4
Truck816319,1338,3122,3555,4655,1100
Truck820167,2821,2822,4620,4655,35
Truck819025,3238,2225,4305,4656,351
Truck819226,1339,2225,4360,4656,296
Truck819687,2655,2821,4490,4656,166
Truck819857,2224,2822,4535,4656,121
Truck820146,3239,1338,4615,4656,41
Truck819000,0,2822,4300,4657,357
Truck819549,2436,2999,4450,4657,207
Truck819949,3331,2224,4560,4657,97
Truck820022,2656,3121,4580,4657,77
Truck820039,3331,3121,4585,4657,72
Truck818865,2436,2821,4260,4658,398
Truck818902,1339,2821,4270,4658,388
Truck818953,3238,2821,4285,4658,373
Truck819365,3121,3331,4400,4658,258
Truck819427,3331,3122,4415,4658,243
Truck819580,2999,3331,4460,4658,198
Truck819699,2821,1338,4490,4658,168
Truck819813,2655,2822,4525,4658,133
Truck816247,1338,2656,3535,4659,1124
Truck819654,3122,2999,4480,4659,179
Truck820133,2998,2436,4610,4659,49
Truck819241,3238,3121,4365,4660,295
Truck819396,0,3121,4410,4660,250
Truck819170,2225,2655,4345,4661,316
Truck819918,0,2437,4555,4661,106
Truck819999,2436,2225,4575,4661,86
Truck820284,3122,1339,4655,4661,6
Truck819355,3331,3122,4395,4662,267
Truck819872,2225,2999,4540,4662,122
Truck816823,1338,2437,3695,4663,968
Truck819717,2821,2225,4495,4663,168
Truck819831,2655,2822,4530,4663,133
Truck820040,2656,3121,4585,4663,78
Truck816283,1338,3331,3545,4664,1119
Truck819383,3121,2822,4405,4664,259
Truck820061,2998,2224,4590,4664,74
Truck815995,1338,2822,3465,4665,1200
Truck819985,3331,2821,4570,4665,95
Truck820203,2821,2822,4630,4665,35
Truck818883,2436,2822,4265,4666,401
Truck818980,2822,3238,4290,4666,376
Truck819844,2822,2655,4530,4666,136
Truck819876,3239,2998,4540,4666,126
Truck820309,3331,2656,4660,4666,6
Truck820310,2656,3331,4660,4666,6
Truck819401,3121,3239,4410,4667,257
Truck819890,2225,2999,4545,4667,122
Truck819893,2224,2436,4545,4667,122
Truck819061,3238,2225,4315,4668,353
Truck819920,2437,2821,4555,4668,113
Truck820075,3331,1338,4595,4668,73
Truck816903,2436,1338,3715,4669,954
Truck819206,2225,2821,4355,4669,314
Truck819862,2822,2999,4535,4669,134
Truck819648,0,2999,4480,4670,190
Truck819735,2821,2655,4500,4670,170
Truck819616,2999,2224,4470,4672,202
Truck819911,2224,0,4550,4672,122
Truck820132,2822,3331,4610,4672,62
Truck820187,2998,3238,4625,4673,48
Truck819296,2225,1339,4380,4674,294
Truck819319,3331,1339,4385,4674,289
Truck820097,2998,2224,4600,4674,74
Truck819419,3121,2998,4415,4675,260
Truck819894,3239,2821,4545,4675,130
Truck819224,2225,3239,4360,4676,316
Truck819880,2822,2655,4540,4676,136
Truck819974,2437,0,4570,4676,106
Truck820218,3239,2225,4635,4676,41
Truck820239,2821,2822,4640,4676,36
Truck819437,3121,2655,4420,4677,257
Truck819929,2224,3239,4555,4677,122
Truck819405,2436,3121,4410,4678,268
Truck819428,2656,1339,4415,4678,263
Truck819771,2821,3121,4510,4678,168
Truck820094,2656,2999,4600,4678,78
Truck819010,1339,2998,4300,4679,379
Truck820109,2224,2998,4605,4679,74
Truck820205,2998,3331,4630,4679,49
Truck818937,2436,2224,4280,4680,400
Truck816337,1338,3238,3560,4681,1121
Truck816355,1338,1339,3565,4681,1116
Truck819052,2822,3238,4310,4681,371
Truck820236,3239,2437,4640,4681,41
Truck820257,2821,2822,4645,4681,36
Truck820258,2822,2224,4645,4681,36
Truck816791,3121,1338,3685,4682,997
Truck819652,2999,2656,4480,4682,202
Truck819742,2999,3122,4505,4682,177
Truck819947,2224,0,4560,4682,122
Truck819438,3122,2656,4420,4683,263
Truck819777,2655,2224,4515,4683,168
Truck820129,3331,3121,4610,4683,73
Truck820223,2998,3121,4635,4683,48
Truck819491,3121,0,4435,4684,249
Truck820186,2822,2656,4625,4684,59
Truck819260,2225,2821,4370,4685,315
Truck819409,3331,3238,4410,4685,275
Truck820064,2437,3122,4595,4685,90
Truck820245,2655,3239,4645,4685,40
Truck818955,2436,2655,4285,4686,401
Truck819544,2999,3238,4450,4686,236
Truck819670,2999,2821,4485,4686,201
Truck819706,2999,0,4495,4686,191
Truck819807,2821,2999,4520,4686,166
Truck819965,2224,3331,4565,4686,121
Truck820076,2656,2821,4595,4686,91
Truck820057,3331,2224,4590,4687,97
Truck820147,3331,2437,4615,4687,72
Truck818973,2436,2224,4290,4688,398
Truck818982,0,2436,4295,4688,393
Truck820130,2656,2437,4610,4688,78
Truck819552,3239,3122,4450,4689,239
Truck819934,2822,1338,4555,4689,134
Truck820151,2998,2224,4615,4689,74
Truck820241,2998,2437,4640,4689,49
Truck820293,2821,2822,4655,4689,34
Truck817201,1338,2436,3800,4690,890
Truck819511,3238,3239,4440,4690,250
Truck819866,2437,3238,4540,4690,150
Truck820082,2437,3122,4600,4690,90
Truck820195,3238,3122,4630,4690,60
Truck819688,2999,2655,4490,4691,201
Truck819983,2224,3121,4570,4691,121
Truck818845,3238,2436,4255,4692,437
Truck819360,0,2656,4400,4692,292
Truck816373,1338,2821,3570,4693,1123
Truck816805,1338,3122,3690,4693,1003
Truck819384,3122,2656,4405,4693,288
Truck819540,0,3239,4450,4693,243
Truck820010,2437,2998,4580,4693,113
Truck820148,2656,1338,4615,4693,78
Truck820155,2655,3331,4620,4693,73
Truck820290,3239,2656,4655,4693,38
Truck818991,2436,3239,4295,4694,399
Truck819510,3122,3239,4440,4694,254
Truck820169,2998,2224,4620,4694,74
Truck820192,2999,3121,4630,4694,64
Truck820259,2998,3331,4645,4694,49
Truck819268,2822,3122,4370,4695,325
Truck816445,1338,3331,3590,4696,1106
Truck816463,1338,2656,3595,4696,1101
Truck819060,3122,2821,4315,4696,381
Truck820093,3331,2821,4600,4696,96
Truck820183,3331,2437,4625,4696,71
Truck816481,1338,2998,3600,4697,1097
Truck816535,1338,3331,3615,4697,1082
Truck819064,1339,2436,4315,4697,382
Truck819534,3239,1339,4445,4697,252
Truck820001,2224,0,4575,4697,122
Truck820396,1339,0,4685,4697,12
Truck819009,2436,2821,4300,4698,398
Truck819475,3238,3239,4430,4698,268
Truck820277,2998,3238,4650,4698,48
Truck816427,1338,2822,3585,4699,1114
Truck819970,2822,1338,4565,4699,134
Truck820166,2656,1338,4620,4699,79
Truck819724,2999,2224,4500,4700,200
Truck820131,2821,2656,4610,4700,90
Truck819499,3331,3122,4435,4702,267
Truck820019,2224,2655,4580,4702,122
Truck820111,3331,2821,4605,4702,97
Truck820138,2999,2437,4615,4702,87
Truck820184,2656,3121,4625,4702,77
Truck820344,3239,3331,4670,4703,33
Truck819072,0,2821,4320,4704,384
Truck819527,3121,2821,4445,4704,259
Truck819988,2822,2999,4570,4704,134
Truck816499,1338,2656,3605,4705,1100
Truck819312,3122,2822,4385,4705,320
Truck819332,2225,3331,4390,4705,315
Truck819514,1339,2656,4440,4705,265
Truck819528,3122,3331,4445,4705,260
Truck820136,2437,3122,4615,4705,90
Truck820295,2998,3122,4655,4705,50
Truck819204,3122,2998,4355,4706,351
Truck819545,3121,2656,4450,4706,256
Truck819599,3121,1339,4465,4706,241
Truck820037,2224,3121,4585,4706,121
Truck820046,2437,2656,4590,4706,116
Truck820219,3331,2999,4635,4706,71
Truck820410,3122,0,4690,4706,16
Truck819740,2437,2225,4505,4707,202
Truck819834,3122,2655,4530,4707,177
Truck820213,3238,0,4635,4707,72
Truck820248,3122,3238,4645,4707,62
Truck820276,2822,2656,4650,4707,57
Truck819760,2999,3331,4510,4708,198
Truck819815,3121,2225,4525,4708,183
Truck819879,2821,3121,4540,4708,168
Truck820020,3239,2998,4580,4708,128
Truck820202,2656,2437,4630,4708,78
Truck820313,2998,3239,4660,4709,49
Truck819045,2436,3239,4310,4710,400
Truck819350,2225,2224,4395,4710,315
Truck819852,3122,2999,4535,4710,175
Truck820006,2822,2655,4575,4710,135
Truck819482,2656,3238,4430,4711,281
Truck820038,3239,2821,4585,4711,126
Truck819452,2437,2436,4425,4712,287
Truck819723,2655,3122,4500,4712,212
Truck820055,2224,3238,4590,4712,122
Truck820178,2225,2436,4625,4712,87
Truck818917,3238,2436,4275,4713,438
Truck819277,3238,2822,4375,4713,338
Truck819563,3121,2655,4455,4713,258
Truck819897,2821,2655,4545,4713,168
Truck820024,2822,2436,4580,4713,133
Truck820220,2656,2436,4635,4713,78
Truck820331,2998,2437,4665,4713,48
Truck817255,1338,3121,3815,4714,899
Truck819198,0,2224,4355,4714,359
Truck819795,2655,2999,4520,4714,194
Truck816199,3238,1338,3520,4715,1195
Truck816285,2655,1338,3545,4715,1170
Truck819099,2436,0,4325,4715,390
Truck819168,3122,2998,4345,4715,370
Truck820362,3239,2225,4675,4715,40
Truck816662,2437,1338,3650,4716,1066
Truck819868,2999,3122,4540,4716,176
Truck820077,2821,2224,4595,4716,121
Truck820165,3331,2998,4620,4716,96
Truck820227,2655,2656,4640,4717,77
Truck820238,2656,2655,4640,4717,77
Truck820073,2224,0,4595,4718,123
Truck819478,1339,2656,4430,4719,289
Truck819796,2999,2224,4520,4719,199
Truck820100,2437,2821,4605,4719,114
Truck819455,3121,3238,4425,4720,295
Truck819581,3121,3239,4460,4720,260
Truck819673,3238,2999,4485,4720,235
Truck820042,2822,2225,4585,4720,135
Truck820180,1339,2437,4625,4720,95
Truck820215,2436,2225,4635,4720,85
Truck820349,2998,2999,4670,4720,50
Truck819081,2436,2656,4320,4721,401
Truck819495,2436,2437,4435,4721,286
Truck816573,2655,1338,3625,4722,1097
Truck819386,2225,2998,4405,4722,317
Truck819869,3121,2225,4540,4722,182
Truck820091,2224,1339,4600,4722,122
Truck820273,3331,3121,4650,4722,72
Truck816400,1339,1338,3575,4723,1148
Truck819849,2655,3122,4535,4723,188
Truck820256,2656,3121,4645,4723,78
Truck820367,2998,3238,4675,4723,48
Truck819294,3122,2224,4380,4724,344
Truck819374,2656,3238,4400,4724,324
Truck819421,3238,3331,4415,4724,309
Truck819476,2225,1339,4430,4724,294
Truck819933,2821,2436,4555,4724,169
Truck819846,0,2999,4535,4725,190
Truck820204,2822,3239,4630,4725,95
Truck819814,2999,2822,4525,4726,201
Truck820113,2821,2224,4605,4726,121
Truck820420,2822,2224,4690,4726,36
Truck820526,2656,3331,4720,4726,6
Truck819513,2436,2437,4440,4727,287
Truck819689,3121,3122,4490,4727,237
Truck820291,3331,2655,4655,4727,72
Truck818971,3238,2436,4290,4728,438
Truck819492,3122,2225,4435,4728,293
Truck820222,2822,3239,4635,4729,94
Truck820274,2656,2999,4650,4729,79
Truck820385,2998,2821,4680,4729,49
Truck820437,2821,2822,4695,4729,34
Truck819422,2225,2655,4415,4730,315
Truck819678,3239,1339,4485,4730,245
Truck819708,3122,3121,4495,4730,235
Truck819324,0,2822,4390,4731,341
Truck819553,3331,3238,4450,4731,281
Truck819850,2999,2224,4535,4731,196
Truck819922,2999,3122,4555,4731,176
Truck820127,2224,2822,4610,4731,121
Truck820244,2437,2999,4645,4731,86
Truck820494,0,3122,4715,4731,16
Truck819617,3121,2656,4470,4732,262
Truck819653,3121,0,4480,4732,252
Truck820110,3239,2224,4605,4732,127
Truck820124,2225,2999,4610,4732,122
Truck820154,2437,3331,4620,4732,112
Truck819097,3238,2224,4325,4733,408
Truck819603,2436,3121,4465,4733,268
Truck819117,2436,2224,4330,4734,404
Truck820240,2822,3239,4640,4734,94
Truck819439,3238,2656,4420,4735,315
Truck819440,2225,2224,4420,4735,315
Truck820028,2437,3238,4585,4735,150
Truck820403,2998,2436,4685,4735,50
Truck817299,2436,1338,3825,4736,911
Truck819135,2436,2998,4335,4736,401
Truck819741,2655,0,4505,4736,231
Truck819763,3238,2655,4510,4736,226
Truck820149,2821,2224,4615,4736,121
Truck820554,3122,1339,4730,4736,6
Truck819535,3331,0,4445,4737,292
Truck819651,2655,3121,4480,4737,257
Truck819987,2821,2436,4570,4737,167
Truck820145,2224,2999,4615,4737,122
Truck816577,3238,1338,3625,4738,1113
Truck820299,2655,2656,4660,4739,79
Truck820421,2998,2821,4690,4739,49
Truck819286,2822,3238,4375,4740,365
Truck819458,2225,2224,4425,4740,315
Truck820114,2822,2655,4605,4740,135
Truck819225,2436,1339,4360,4741,381
Truck819331,3238,2225,4390,4741,351
Truck819560,2437,2436,4455,4742,287
Truck819960,3122,2999,4565,4742,177
Truck820163,2224,1338,4620,4742,122
Truck820345,3331,2999,4670,4742,72
Truck819643,3331,1339,4475,4743,268
Truck819874,1339,2655,4540,4743,203
Truck820439,2998,2225,4695,4743,48
Truck820488,3239,3331,4710,4743,33
Truck819244,1339,2436,4365,4744,379
Truck819762,3122,3239,4510,4744,234
Truck820373,3121,2999,4680,4744,64
Truck819571,3331,1339,4455,4745,290
Truck819702,0,3121,4495,4745,250
Truck816429,2655,1338,3585,4747,1162
Truck819171,2436,2998,4345,4747,402
Truck820181,2224,1339,4625,4747,122
Truck820305,2436,2225,4660,4747,87
Truck820402,2822,3331,4685,4747,62
Truck820164,3239,2998,4620,4748,128
Truck820346,2656,2655,4670,4748,78
Truck820363,3331,3121,4675,4748,73
Truck819612,0,2656,4470,4749,279
Truck819976,2999,1339,4570,4749,179
Truck820023,2821,2225,4580,4749,169
Truck820208,2437,2998,4635,4749,114
Truck820457,2998,2821,4700,4749,49
Truck816571,1338,2821,3625,4750,1125
Truck816670,1339,1338,3650,4750,1100
Truck816769,1338,3239,3680,4750,1070
Truck817615,1338,2436,3915,4750,835
Truck819761,3121,1339,4510,4750,240
Truck820294,2822,3239,4655,4750,95
Truck820316,2437,2999,4665,4750,85
Truck820390,2999,3121,4685,4750,65
Truck820414,1339,3238,4690,4750,60
Truck819151,3238,2998,4340,4751,411
Truck819432,0,2822,4420,4751,331
Truck819928,1339,2655,4555,4751,196
Truck820029,2655,2224,4585,4751,166
Truck820226,2437,3331,4640,4751,111
Truck817022,2437,1338,3750,4752,1002
Truck819858,3239,1339,4535,4752,217
Truck819921,2655,2999,4555,4752,197
Truck820182,3239,2998,4625,4752,127
Truck820199,2224,3238,4630,4752,122
Truck820364,2656,2436,4675,4752,77
Truck819707,3121,3331,4495,4753,258
Truck820508,2656,3239,4715,4753,38
Truck820475,2998,3238,4705,4754,49
Truck819366,3122,2998,4400,4755,355
Truck820059,2821,2437,4590,4755,165
Truck820168,2822,2436,4620,4755,135
Truck820298,2437,1339,4660,4755,95
Truck820408,2999,3121,4690,4755,65
Truck816661,1338,2822,3650,4756,1106
Truck816733,1338,3122,3670,4756,1086
Truck819456,3122,2822,4425,4756,331
Truck819512,2225,2821,4440,4756,316
Truck820217,2224,2822,4635,4756,121
Truck819280,1339,2224,4375,4757,382
Truck819720,0,3239,4500,4757,257
Truck816679,1338,2656,3655,4758,1103
Truck819352,1339,2224,4395,4758,363
Truck819530,2225,3239,4445,4758,313
Truck820200,3239,2821,4630,4758,128
Truck820382,2656,2225,4680,4758,78
Truck820399,3331,3121,4685,4758,73
Truck820493,2998,2656,4710,4758,48
Truck817294,2999,1338,3825,4760,935
Truck819940,2999,2224,4560,4760,200
Truck820235,2224,3121,4640,4761,121
Truck817021,1338,2437,3750,4762,1012
Truck819448,2822,0,4420,4762,342
Truck819608,2656,3238,4465,4762,297
Truck819252,0,2436,4370,4763,393
Truck819298,1339,2436,4380,4763,383
Truck819406,1339,2998,4410,4763,353
Truck819711,2436,3121,4495,4763,268
Truck820400,2656,2225,4685,4763,78
Truck820417,3331,1338,4690,4763,73
Truck820544,2656,3239,4725,4763,38
Truck816751,1338,3122,3675,4764,1089
Truck819637,3238,2656,4475,4764,289
Truck820511,2998,3331,4715,4764,49
Truck816613,3238,1338,3635,4765,1130
Truck819442,1339,2998,4420,4765,345
Truck819484,2822,0,4430,4765,335
Truck819780,3122,3331,4515,4765,250
Truck819543,2655,2225,4450,4766,316
Truck819744,3122,3239,4505,4766,261
Truck819958,2999,2656,4565,4766,201
Truck819990,0,2999,4575,4766,191
Truck820262,2437,2998,4650,4766,116
Truck820620,0,3122,4750,4766,16
Truck819115,3238,2436,4330,4767,437
Truck820095,2821,1338,4600,4767,167
Truck820253,2224,2436,4645,4767,122
Truck820280,2437,2656,4655,4767,112
Truck820435,3331,2436,4695,4767,72
Truck817259,3121,1338,3815,4768,953
Truck819638,2225,3122,4475,4768,293
Truck820529,2998,2436,4720,4768,48
Truck817058,2437,1338,3760,4769,1009
Truck819243,2436,2224,4365,4769,404
Truck819358,2822,3238,4395,4769,374
Truck820366,2822,3239,4675,4770,95
Truck819680,2656,1339,4485,4771,286
Truck819804,3239,3122,4520,4771,251
Truck819980,2225,2437,4570,4771,201
Truck820049,3121,2225,4590,4771,181
Truck820271,2224,2822,4650,4771,121
Truck820374,3122,2437,4680,4771,91
Truck819903,2655,0,4550,4772,222
Truck819993,2655,2999,4575,4772,197
Truck820254,3239,2224,4645,4772,127
Truck820656,0,1339,4760,4772,12
Truck817129,1338,3121,3780,4773,993
Truck819342,0,2998,4395,4773,378
Truck819378,0,2821,4405,4773,368
Truck819579,2655,2225,4460,4773,313
Truck820436,2656,1338,4695,4773,78
Truck820492,2822,3331,4710,4774,64
Truck820547,2998,2436,4725,4774,49
Truck819656,2225,1339,4480,4775,295
Truck819994,2999,2998,4575,4775,200
Truck820066,2999,1339,4595,4775,180
Truck819465,2821,1339,4425,4776,351
Truck819882,0,3239,4545,4776,231
Truck819885,2655,0,4545,4776,231
Truck820705,3331,2656,4770,4776,6
Truck819538,2822,3122,4445,4777,332
Truck819644,2656,3238,4475,4777,302
Truck819674,2225,3122,4485,4777,292
Truck819745,3238,3239,4505,4777,272
Truck819992,2437,2225,4575,4777,202
Truck820011,2655,2999,4580,4777,197
Truck820289,2224,3122,4655,4777,122
Truck820471,3331,1338,4705,4777,72
Truck820510,2822,3331,4715,4777,62
Truck816822,0,1338,3695,4778,1083
Truck819297,2436,2821,4380,4778,398
Truck820454,2656,2999,4700,4778,78
Truck820465,3238,0,4705,4778,73
Truck820528,2822,2656,4720,4778,58
Truck820598,2656,3239,4740,4778,38
Truck819279,2436,2998,4375,4779,404
Truck819666,0,3331,4485,4779,294
Truck819797,3121,3239,4520,4779,259
Truck820190,2437,3238,4630,4779,149
Truck820565,2998,2437,4730,4779,49
Truck820617,2821,2822,4745,4779,34
Truck819602,2225,2224,4465,4781,316
Truck819886,2999,3238,4545,4781,236
Truck820674,0,3122,4765,4781,16
Truck819692,2225,3122,4490,4782,292
Truck819733,3331,1339,4500,4782,282
Truck819888,3122,3239,4545,4782,237
Truck819939,2655,3238,4560,4782,222
Truck820307,2224,3122,4660,4782,122
Truck820426,2999,2437,4695,4782,87
Truck816796,1339,1338,3685,4783,1098
Truck820583,2998,2822,4735,4783,48
Truck820632,3239,3331,4750,4783,33
Truck820137,2655,2821,4615,4784,169
Truck819315,2436,2998,4385,4785,400
Truck819905,3121,3122,4550,4785,235
Truck818108,2225,1338,4050,4786,736
Truck819189,2436,3238,4350,4786,436
Truck819388,1339,2436,4405,4786,381
Truck819691,3238,3121,4490,4786,296
Truck820012,2999,2436,4580,4786,206
Truck820353,2655,2437,4675,4786,111
Truck819493,3238,2225,4435,4787,352
Truck820325,2224,3239,4665,4787,122
Truck820507,3331,1338,4715,4787,72
Truck820434,3239,2822,4695,4788,93
Truck820490,2656,3121,4710,4788,78
Truck820534,2999,3121,4725,4789,64
Truck820601,2998,3239,4740,4789,49
Truck819594,0,2822,4465,4790,325
Truck819925,3238,2999,4555,4790,235
Truck820185,2821,1338,4625,4790,165
Truck819710,2225,1339,4495,4791,296
Truck819923,3121,3122,4555,4791,236
Truck820343,2224,2436,4670,4791,121
Truck820623,2655,3239,4750,4791,41
Truck816847,3238,1338,3700,4792,1092
Truck820326,3239,2224,4665,4792,127
Truck820329,2821,3239,4665,4792,127
Truck820515,2655,3331,4720,4792,72
Truck819726,3122,2225,4500,4793,293
Truck820030,2999,2436,4585,4793,208
Truck819474,3122,2224,4430,4795,365
Truck819833,3121,2436,4530,4795,265
Truck820047,2655,0,4590,4795,205
Truck820619,2998,1338,4745,4795,50
Truck816697,1338,3239,3660,4796,1136
Truck820312,2822,2437,4660,4796,136
Truck820370,2437,3331,4680,4796,116
Truck820404,0,2437,4690,4796,106
Truck820472,2656,2821,4705,4796,91
Truck820478,2437,2999,4710,4796,86
Truck820650,3239,2999,4755,4796,41
Truck820347,2821,3239,4670,4797,127
Truck820354,2999,2225,4675,4797,122
Truck820361,2224,2225,4675,4797,122
Truck820365,2821,2224,4675,4797,122
Truck820543,3331,1338,4725,4797,72
Truck816787,1338,2821,3685,4798,1113
Truck819351,2436,2655,4395,4798,403
Truck819871,3238,3239,4540,4798,258
Truck820048,2999,2436,4590,4798,208
Truck820388,2437,2655,4685,4798,113
Truck820530,0,3238,4725,4798,73
Truck820637,2998,1339,4750,4798,48
Truck816607,1338,3238,3635,4799,1164
Truck817669,1338,2436,3930,4799,869
Truck819715,3331,3238,4495,4799,304
Truck819504,0,2224,4440,4800,360
Truck819743,3121,3238,4505,4800,295
Truck820162,1339,2999,4620,4800,180
Truck820474,2822,3239,4705,4800,95
Truck819943,3238,2655,4560,4801,241
Truck820174,2999,3122,4625,4801,176
Truck820283,3121,2437,4655,4801,146
Truck820422,0,2437,4695,4801,106
Truck820561,3331,2436,4730,4801,71
Truck820668,3239,2655,4760,4801,41
Truck819502,2822,3238,4435,4802,367
Truck819628,2822,1339,4470,4802,332
Truck820090,1339,2655,4600,4802,202
Truck820101,2655,0,4605,4802,197
Truck820379,2224,3239,4680,4802,122
Truck820407,2655,2437,4690,4802,112
Truck820659,2655,3239,4760,4802,42
Truck820157,3121,2225,4620,4803,183
Truck820221,2821,2437,4635,4804,169
Truck817148,2437,1338,3785,4805,1020
Truck819887,3121,3331,4545,4805,260
Truck820102,2999,3239,4605,4805,200
Truck820301,3121,2437,4660,4805,145
Truck820655,2998,2655,4755,4805,50
Truck819582,3122,2821,4460,4806,346
Truck820397,2224,0,4685,4806,121
Truck820440,0,2437,4700,4806,106
Truck820489,3331,2224,4710,4806,96
Truck820491,2821,3331,4710,4806,96
Truck820677,2655,3239,4765,4806,41
Truck820686,3239,2437,4765,4806,41
Truck820708,2822,2821,4770,4806,36
Truck819477,2436,3122,4430,4807,377
Truck820401,2821,2224,4685,4807,122
Truck819878,2656,3122,4540,4808,268
Truck820380,3239,2821,4680,4808,128
Truck820562,2656,2437,4730,4808,78
Truck820673,2998,2437,4760,4808,48
Truck820706,2656,3239,4770,4808,38
Truck819792,0,3331,4520,4809,289
Truck819486,0,2821,4435,4810,375
Truck819705,2655,2225,4495,4810,315
Truck819779,3121,3238,4515,4810,295
Truck819906,3122,3331,4550,4811,261
Truck819966,3239,0,4565,4811,246
Truck820415,2224,1338,4690,4811,121
Truck820424,2437,2655,4695,4811,116
Truck820726,2822,2821,4775,4811,36
Truck817327,1338,2437,3835,4812,977
Truck819564,3122,2821,4455,4812,357
Truck820597,3331,3121,4740,4812,72
Truck816589,1338,3122,3630,4813,1183
Truck819728,2225,2224,4500,4813,313
Truck820152,0,2999,4620,4813,193
Truck820580,2656,2999,4735,4813,78
Truck819423,2436,2655,4415,4814,399
Truck820068,3122,3239,4595,4814,219
Truck820384,2822,2225,4680,4814,134
Truck820595,2224,2998,4740,4814,74
Truck819496,1339,2436,4435,4815,380
Truck819877,3331,0,4540,4815,275
Truck820228,2999,3122,4640,4815,175
Truck820442,2437,2822,4700,4815,115
Truck820722,3239,2437,4775,4815,40
Truck819818,2225,3122,4525,4816,291
Truck820120,2999,2436,4610,4816,206
Truck820433,2224,3239,4695,4816,121
Truck820545,2821,2656,4725,4816,91
Truck819459,2436,0,4425,4817,392
Truck820615,3331,2225,4745,4817,72
Truck819601,3238,2822,4465,4818,353
Truck820275,2821,2436,4650,4818,168
Truck819746,2225,3239,4505,4819,314
Truck820540,1339,2437,4725,4819,94
Truck817741,1338,2436,3950,4820,870
Truck819841,3331,3122,4530,4820,290
Truck820709,2998,2437,4770,4820,50
Truck816841,1338,2998,3700,4821,1121
Truck819441,2436,2655,4420,4821,401
Truck819855,2436,2437,4535,4821,286
Truck819941,3121,2224,4560,4821,261
Truck820156,2999,3239,4620,4821,201
Truck820188,0,2999,4630,4821,191
Truck820032,3122,3121,4585,4822,237
Truck820448,2225,2999,4700,4822,122
Truck820570,2999,2437,4735,4822,87
Truck820451,2224,2999,4700,4823,123
Truck820727,2998,3121,4775,4823,48
Truck819730,1339,2822,4500,4824,324
Truck820616,2656,2437,4745,4824,79
Truck817507,1338,2436,3885,4825,940
Truck819959,3121,2655,4565,4825,260
Truck820564,2822,3239,4730,4825,95
Truck820687,3331,2822,4765,4826,61
Truck820452,3239,2821,4700,4827,127
Truck820469,2224,2225,4705,4827,122
Truck819769,3331,3238,4510,4828,318
Truck819782,2225,2822,4515,4828,313
Truck819853,3238,3331,4535,4828,293
Truck820311,2821,1338,4660,4828,168
Truck820438,2822,3121,4695,4828,133
Truck820743,2821,2998,4780,4828,48
Truck819978,3122,3331,4570,4829,259
Truck820649,2224,2998,4755,4829,74
Truck820745,2998,2656,4780,4829,49
Truck820900,1339,3122,4825,4829,4
Truck817381,1338,2999,3850,4830,980
Truck819646,2822,0,4475,4830,355
Truck819892,1339,2656,4545,4830,285
Truck820797,2821,2822,4795,4830,35
Truck820798,2822,2821,4795,4830,35
Truck819864,0,3331,4540,4831,291
Truck820317,2655,2224,4665,4831,166
Truck820579,3331,2821,4735,4831,96
Truck819537,2821,0,4445,4832,387
Truck820487,2224,1339,4710,4832,122
Truck820599,2821,2656,4740,4832,92
Truck820652,2656,2655,4755,4832,77
Truck820663,3238,0,4760,4832,72
Truck820724,2656,2822,4775,4832,57
Truck819995,3121,2998,4575,4833,258
Truck820210,2999,3331,4635,4833,198
Truck820763,2998,2225,4785,4833,48
Truck820812,3239,3331,4800,4833,33
Truck816625,1338,0,3640,4834,1194
Truck820282,2999,1339,4655,4834,179
Truck820594,1339,2437,4740,4834,94
Truck820456,2822,3121,4700,4835,135
Truck820815,2821,2822,4800,4835,35
Truck819519,2821,3238,4440,4836,396
Truck819655,3238,2822,4480,4836,356
Truck819800,2225,2822,4520,4837,317
Truck819828,0,2225,4530,4837,307
Truck820026,0,3121,4585,4837,252
Truck820505,2224,2225,4715,4838,123
Truck820781,2998,3331,4790,4838,48
Truck819609,2821,1339,4465,4839,374
Truck819838,1339,2822,4530,4839,309
Truck819896,2656,3238,4545,4839,294
Truck820086,3122,3121,4600,4839,239
Truck820532,2437,2822,4725,4839,114
Truck820691,2998,2224,4765,4839,74
Truck819645,2821,0,4475,4840,365
Truck819968,2656,1339,4565,4840,275
Truck820834,2822,2998,4805,4840,35
Truck819908,2225,3122,4550,4841,291
Truck820264,2999,0,4650,4841,191
Truck820551,2655,2437,4730,4841,111
Truck819531,2436,2822,4445,4842,397
Truck819927,2436,2437,4555,4842,287
Truck820173,2655,0,4625,4842,217
Truck820263,2655,1339,4650,4842,192
Truck820506,3239,2821,4715,4842,127
Truck820849,3331,3239,4810,4842,32
Truck819604,1339,2821,4465,4843,378
Truck820104,3122,3121,4605,4843,238
Truck820246,2999,2998,4645,4843,198
Truck820523,2224,2225,4720,4843,123
Truck820848,3239,3331,4810,4843,33
Truck820031,3121,2821,4585,4844,259
Truck820550,2437,3331,4730,4844,114
Truck820002,3239,0,4575,4845,270
Truck820633,3331,2224,4750,4845,95
Truck820799,2998,2225,4795,4845,50
Truck819709,3238,2225,4495,4846,351
Truck819836,2225,2656,4530,4846,316
Truck820568,2437,2656,4735,4846,111
Truck820723,3331,1338,4775,4846,71
Truck820538,2225,2999,4725,4847,122
Truck820541,2224,1338,4725,4847,122
Truck819854,2225,2656,4535,4848,313
Truck820524,3239,2998,4720,4848,128
Truck820058,2656,3122,4590,4849,259
Truck820497,2655,2822,4715,4849,134
Truck819672,3122,2998,4485,4850,365
Truck820336,2999,1339,4670,4850,180
Truck820670,2656,2821,4760,4850,90
Truck820676,2437,2999,4765,4850,85
Truck820817,2998,3122,4800,4850,50
Truck819547,3238,2821,4450,4851,401
Truck819621,2436,1339,4470,4851,381
Truck820080,0,3121,4600,4851,251
Truck820356,3122,2999,4675,4851,176
Truck820839,2655,3239,4810,4851,41
Truck819622,1339,2821,4470,4852,382
Truck819636,3122,2436,4475,4852,377
Truck819712,1339,2821,4495,4852,357
Truck820140,3122,3121,4615,4852,237
Truck820542,3239,2998,4725,4852,127
Truck820559,2224,3121,4730,4852,122
Truck819956,2437,2436,4565,4853,288
Truck820460,2437,3121,4705,4853,148
Truck817003,1338,3122,3745,4854,1109
Truck819860,2656,3238,4535,4854,319
Truck820103,3121,0,4605,4854,249
Truck820835,2998,3239,4805,4854,49
Truck820990,1339,3122,4850,4854,4
Truck819657,2436,3122,4480,4855,375
Truck820087,3238,3239,4600,4855,255
Truck819630,0,2224,4475,4856,381
Truck820281,2655,3122,4655,4856,201
Truck820604,2437,2822,4745,4856,111
Truck820866,3239,3121,4815,4856,41
Truck819567,2436,2821,4455,4857,402
Truck820269,2436,2999,4650,4857,207
Truck820560,3239,2821,4730,4857,127
Truck820577,2224,2822,4735,4857,122
Truck820700,2225,2436,4770,4857,87
Truck820742,2656,2999,4780,4857,77
Truck816895,1338,2224,3715,4858,1143
Truck817651,1338,2436,3925,4858,933
Truck820085,3121,3331,4600,4858,258
Truck820176,3122,3239,4625,4858,233
Truck817111,1338,2655,3775,4859,1084
Truck820267,3238,2655,4650,4859,209
Truck820533,2655,2822,4725,4859,134
Truck819619,3238,2224,4470,4860,390
Truck820300,2999,3331,4660,4860,200
Truck820546,2822,2225,4725,4860,135
Truck820853,2998,3239,4810,4860,50
Truck820209,2655,3238,4635,4861,226
Truck820288,1339,2655,4655,4861,206
Truck820884,3239,1338,4820,4861,41
Truck819457,3238,2436,4425,4862,437
Truck819583,3238,2998,4460,4862,402
Truck820777,3331,3121,4790,4862,72
Truck820810,1339,3238,4800,4862,62
Truck817057,1338,2821,3760,4863,1103
Truck817525,1338,2437,3890,4863,973
Truck820212,3122,3239,4635,4863,228
Truck820816,2822,3331,4800,4863,63
Truck819597,2655,2436,4465,4864,399
Truck820775,2224,2998,4790,4864,74
Truck820804,2999,3121,4800,4864,64
Truck818083,1338,2225,4045,4865,820
Truck819982,1339,2225,4570,4865,295
Truck820318,2999,2822,4665,4865,200
Truck820501,3238,2437,4715,4865,150
Truck820871,2998,2656,4815,4865,50
Truck817048,1339,1338,3755,4866,1111
Truck819936,0,2656,4560,4866,306
Truck820613,2224,1338,4745,4866,121
Truck820850,2656,2822,4810,4866,56
Truck817399,1338,3121,3855,4867,1012
Truck817687,1338,2999,3935,4867,932
Truck820782,0,3238,4795,4867,72
Truck820902,3239,2437,4825,4867,42
Truck817183,1338,2656,3795,4868,1073
Truck820455,2821,1338,4700,4868,168
Truck820640,2437,2655,4755,4868,113
Truck820920,3239,2656,4830,4868,38
Truck820112,2656,3122,4605,4869,264
Truck820582,2822,2437,4735,4869,134
Truck820778,2656,2437,4790,4869,79
Truck820887,2821,2998,4820,4869,49
Truck820121,3121,2822,4610,4870,260
Truck820272,3239,3122,4650,4870,220
Truck820889,2998,2822,4820,4870,50
Truck817489,1338,2437,3880,4871,991
Truck820323,2436,2999,4665,4872,207
Truck820631,2224,2655,4750,4872,122
Truck820754,2225,2436,4785,4872,87
Truck820807,3238,0,4800,4872,72
Truck820868,2656,2822,4815,4872,57
Truck816778,1339,1338,3680,4873,1193
Truck819926,2225,2822,4555,4873,318
Truck820473,2821,1338,4705,4873,168
Truck820730,2437,1339,4780,4873,93
Truck820796,2656,2437,4795,4873,78
Truck820600,2822,3121,4740,4874,134
Truck820907,2998,2656,4825,4874,49
Truck820658,2437,2821,4760,4875,115
Truck819639,2436,3239,4475,4876,401
Truck819962,2225,2224,4565,4876,311
Truck820371,2655,1339,4680,4876,196
Truck820427,3121,2225,4695,4876,181
Truck820013,3121,3238,4580,4877,297
Truck820814,2656,2655,4800,4877,77
Truck821034,0,1339,4865,4877,12
Truck820139,3121,3331,4615,4878,263
Truck820618,2822,2999,4745,4879,134
Truck820925,2998,3122,4830,4879,49
Truck820249,3238,2999,4645,4880,235
Truck820372,2999,2998,4680,4880,200
Truck820879,3238,3122,4820,4880,60
Truck820445,3121,2225,4700,4881,181
Truck820667,2224,3331,4760,4881,121
Truck821084,2656,3331,4875,4881,6
Truck819975,2655,2225,4570,4882,312
Truck820941,2821,2998,4835,4883,48
Truck820943,2998,3238,4835,4883,48
Truck819748,1339,2436,4505,4884,379
Truck820175,3121,2224,4625,4884,259
Truck818101,1338,2225,4050,4885,835
Truck820252,1339,3121,4645,4885,240
Truck820636,2822,3121,4750,4885,135
Truck820996,2822,2998,4850,4885,35
Truck819675,2436,2998,4485,4886,401
Truck820466,2225,3121,4705,4886,181
Truck819898,2822,1339,4545,4887,342
Truck821080,1339,0,4875,4887,12
Truck817237,1338,2656,3810,4888,1078
Truck819693,2436,2656,4490,4888,398
Truck819998,2225,2821,4575,4888,313
Truck820527,2821,2436,4720,4888,168
Truck820685,2224,2437,4765,4888,123
Truck820712,2437,3239,4775,4888,113
Truck816949,1338,3122,3730,4889,1159
Truck819766,1339,2821,4510,4889,379
Truck819789,2821,1339,4515,4889,374
Truck820480,2999,1339,4710,4889,179
Truck820641,2655,2822,4755,4889,134
Truck820961,2998,0,4840,4889,49
Truck820191,2655,3121,4630,4890,260
Truck820746,0,2437,4785,4890,105
Truck820894,2999,3121,4825,4890,65
Truck821013,2821,2822,4855,4890,35
Truck816913,1338,3238,3720,4891,1171
Truck820406,2437,2225,4690,4891,201
Truck820703,2224,2655,4770,4891,121
Truck821120,2656,3331,4885,4891,6
Truck817582,2999,1338,3905,4892,987
Truck820069,3238,3121,4595,4892,297
Truck820826,2225,2436,4805,4892,87
Truck817153,3238,1338,3785,4894,1109
Truck818137,1338,2225,4060,4894,834
Truck820979,2998,2822,4845,4894,49
Truck820672,2822,2437,4760,4895,135
Truck817147,1338,2821,3785,4896,1111
Truck819585,2436,3238,4460,4896,436
Truck820118,2437,2436,4610,4896,286
Truck820123,3238,2656,4610,4896,286
Truck820193,3121,2436,4630,4896,266
Truck820430,2225,2437,4695,4896,201
Truck820468,1339,2655,4705,4896,191
Truck820486,1339,2655,4710,4896,186
Truck820832,2656,2821,4805,4896,91
Truck821010,3239,2436,4855,4896,41
Truck819784,1339,2436,4515,4897,382
Truck820016,2225,2998,4580,4897,317
Truck820721,2224,1339,4775,4897,122
Truck821106,0,1339,4885,4897,12
Truck820034,2225,3239,4585,4898,313
Truck820389,2655,0,4685,4898,213
Truck820444,2999,3331,4700,4898,198
Truck820997,2998,3331,4850,4898,48
Truck816967,1338,2655,3735,4899,1164
Truck818360,2225,1338,4120,4899,779
Truck820690,2822,2437,4765,4899,134
Truck820886,2656,3121,4820,4899,79
Truck816940,1339,1338,3725,4900,1175
Truck820357,3238,2655,4675,4900,225
Truck820863,2436,2225,4815,4900,85
Truck821028,3239,2225,4860,4900,40
Truck817561,1338,3121,3900,4901,1001
Truck820443,2655,2999,4700,4901,201
Truck820622,2437,3238,4750,4901,151
Truck819729,2436,2821,4500,4902,402
Truck820052,2225,2224,4590,4902,312
Truck820581,2821,2436,4735,4902,167
Truck820739,2224,2822,4780,4902,122
Truck816931,1338,2656,3725,4903,1178
Truck817795,1338,2436,3965,4903,938
Truck820766,2437,2998,4790,4903,113
Truck820904,2656,2436,4825,4903,78
Truck820921,3331,1338,4830,4903,73
Truck821015,2998,0,4855,4904,49
Truck819747,2436,2656,4505,4905,400
Truck819964,1339,2822,4565,4905,340
Truck820247,3121,2655,4645,4905,260
Truck820852,2822,3239,4810,4905,95
Truck819799,3238,2821,4520,4906,386
Truck820229,3121,2436,4640,4906,266
Truck820296,0,3239,4660,4906,246
Truck820757,2224,2999,4785,4906,121
Truck820876,2999,2437,4820,4906,86
Truck820350,0,2655,4675,4907,232
Truck821083,3331,3239,4875,4907,32
Truck819765,2436,2656,4510,4908,398
Truck821033,2998,2656,4860,4908,48
Truck817273,1338,1339,3820,4909,1089
Truck817616,2437,1338,3915,4909,994
Truck820201,3331,1339,4630,4909,279
Truck820479,2655,2999,4710,4909,199
Truck820740,3239,2821,4780,4909,129
Truck819944,2225,3238,4560,4910,350
Truck820078,2822,3122,4595,4910,315
Truck820255,3331,3122,4645,4910,265
Truck820569,2655,1339,4735,4910,175
Truck821064,3239,2225,4870,4910,40
Truck820265,3121,2656,4650,4911,261
Truck820308,3239,1339,4660,4911,251
Truck820784,2437,2822,4795,4911,116
Truck820940,2656,3121,4835,4912,77
Truck819969,2821,1339,4565,4913,348
Truck820070,2225,2998,4595,4913,318
Truck820158,3122,2225,4620,4913,293
Truck820462,2999,2436,4705,4913,208
Truck820744,2822,3121,4780,4914,134
Truck820951,3238,0,4840,4914,74
Truck821051,2998,2821,4865,4914,49
Truck816919,3238,1338,3720,4915,1195
Truck820088,2225,3239,4600,4915,315
Truck820498,2999,2655,4715,4915,200
Truck820985,3121,2999,4850,4915,65
Truck821005,3238,3122,4855,4915,60
Truck820975,3331,2655,4845,4916,71
Truck820320,3122,3331,4665,4917,252
Truck820485,2436,2999,4710,4917,207
Truck820776,3239,2224,4790,4917,127
Truck820790,2225,2999,4795,4917,122
Truck820793,2224,1339,4795,4917,122
Truck821004,3122,3238,4855,4917,62
Truck821119,3331,3239,4885,4917,32
Truck817164,0,1338,3790,4918,1128
Truck819783,2436,3239,4515,4918,403
Truck819946,1339,2998,4560,4918,358
Truck821069,2998,0,4870,4918,48
Truck817723,1338,2999,3945,4919,974
Truck819825,2821,0,4525,4919,394
Truck819873,2436,1339,4540,4919,379
Truck820762,2822,2999,4785,4919,134
Truck817093,1338,2224,3770,4920,1150
Truck820914,3122,2437,4830,4920,90
Truck819801,2436,2656,4520,4921,401
Truck819835,3238,2998,4530,4921,391
Truck820106,2225,2655,4605,4921,316
Truck820516,2999,2224,4720,4921,201
Truck820572,3122,2655,4735,4922,187
Truck820811,2224,2656,4800,4922,122
Truck817075,1338,2998,3765,4923,1158
Truck820005,2821,3122,4575,4923,348
Truck820319,3121,2822,4665,4923,258
Truck820976,2656,3121,4845,4923,78
Truck819861,2821,3238,4535,4924,389
Truck820237,3331,3238,4640,4924,284
Truck820838,2437,2998,4810,4924,114
Truck821087,2998,2821,4875,4924,49
Truck820119,2655,2225,4610,4925,315
Truck820780,2822,2437,4790,4925,135
Truck819819,2436,2656,4525,4926,401
Truck820521,2436,2999,4720,4926,206
Truck820327,3331,0,4665,4927,262
Truck820822,2999,2225,4805,4927,122
Truck820829,2224,1339,4805,4927,122
Truck817547,3121,1338,3895,4928,1033
Truck820566,0,2655,4735,4928,193
Truck820671,2821,2436,4760,4928,168
Truck821105,2998,3121,4880,4928,48
Truck820292,2656,0,4655,4929,274
Truck820605,2655,3122,4745,4929,184
Truck820856,2437,3239,4815,4929,114
Truck817633,1338,3121,3920,4930,1010
Truck819954,0,2224,4565,4930,365
Truck820142,2225,2656,4615,4930,315
Truck820216,1339,2225,4635,4930,295
Truck821136,3239,3121,4890,4930,40
Truck820211,3121,3238,4635,4931,296
Truck820428,3122,3121,4695,4931,236
Truck820847,2224,2436,4810,4931,121
Truck820890,0,2437,4825,4931,106
Truck820950,3122,2437,4840,4931,91
Truck820958,2656,2821,4840,4931,91
Truck820874,2437,2821,4820,4932,112
Truck821029,3331,1338,4860,4932,72
Truck820552,2999,3331,4730,4933,203
Truck820946,2437,1339,4840,4933,93
Truck821016,0,3238,4860,4933,73
Truck821086,2822,2656,4875,4933,58
Truck819843,2821,3238,4530,4934,404
Truck819907,3238,2224,4550,4934,384
Truck819910,1339,2998,4550,4934,384
Truck819942,3122,2821,4560,4934,374
Truck820033,3238,2822,4585,4934,349
Truck821121,2821,2998,4885,4934,49
Truck817579,1338,2437,3905,4935,1030
Truck820908,0,2437,4830,4935,105
Truck821154,3239,2655,4895,4935,40
Truck817309,1338,3239,3830,4936,1106
Truck820959,2821,3331,4840,4936,96
Truck821047,3331,1338,4865,4936,71
Truck820231,3238,3121,4640,4937,297
Truck820865,2224,3121,4815,4937,122
Truck820957,3331,2998,4840,4937,97
Truck820989,2436,2225,4850,4937,87
Truck819996,3122,2998,4575,4938,363
Truck820014,3122,2998,4580,4938,358
Truck820892,2437,2655,4825,4938,113
Truck821141,2998,3122,4890,4938,48
Truck821172,3239,2656,4900,4938,38
Truck817165,1338,1339,3790,4939,1149
Truck819727,3238,2436,4500,4939,439
Truck820588,2999,2656,4740,4939,199
Truck820994,2656,2821,4850,4939,89
Truck819900,0,2436,4550,4941,391
Truck820680,3122,2999,4765,4941,176
Truck820725,2821,2655,4775,4941,166
Truck820391,3121,2656,4685,4942,257
Truck820883,2224,1339,4820,4942,122
Truck821065,3331,2655,4870,4942,72
Truck820278,0,3331,4655,4943,288
Truck820910,2437,2822,4830,4943,113
Truck821208,3239,3331,4910,4943,33
Truck821093,3121,2999,4880,4944,64
Truck821159,2998,2655,4895,4944,49
Truck820072,1339,2821,4595,4945,350
Truck820196,2225,2655,4630,4945,315
Truck820590,3122,2655,4740,4945,205
Truck820901,2224,3121,4825,4946,121
Truck820993,3331,2821,4850,4946,96
Truck821138,2656,2822,4890,4946,56
Truck820928,2437,2821,4835,4947,112
Truck821190,3239,2225,4905,4947,42
Truck819961,3238,2822,4565,4948,383
Truck821008,1339,2437,4855,4948,93
Truck821012,2656,2821,4855,4948,93
Truck821070,0,3238,4875,4948,73
Truck817300,1339,1338,3825,4949,1124
Truck819891,2436,3239,4545,4949,404
Truck821011,3331,2998,4855,4949,94
Truck821066,2656,2225,4870,4949,79
Truck819889,3238,2998,4545,4950,405
Truck819909,2436,2822,4550,4950,400
Truck820409,3121,3239,4690,4950,260
Truck820500,3122,3121,4715,4950,235
Truck820702,1339,2999,4770,4950,180
Truck821177,2998,1339,4900,4950,50
Truck821199,2655,3239,4910,4950,40
Truck817206,3122,1338,3800,4951,1151
Truck819979,3238,2998,4570,4951,381
Truck820242,0,2225,4645,4951,306
Truck820611,2436,2999,4745,4951,206
Truck820624,2999,3239,4750,4951,201
Truck820660,2999,0,4760,4951,191
Truck821286,0,3122,4935,4951,16
Truck818533,1338,2225,4170,4952,782
Truck820214,2225,2656,4635,4952,317
Truck820919,2224,3121,4830,4952,122
Truck819951,2821,0,4560,4953,393
Truck820232,2225,2655,4640,4953,313
Truck820606,2999,2436,4745,4953,208
Truck821195,2998,3121,4905,4953,48
Truck817850,2437,1338,3980,4954,974
Truck820888,2822,2436,4820,4954,134
Truck817291,1338,1339,3825,4955,1130
Truck818576,2225,1338,4180,4955,775
Truck820398,3239,0,4685,4955,270
Truck820548,0,2655,4730,4955,225
Truck820980,0,2437,4850,4955,105
Truck821036,2437,3122,4865,4955,90
Truck821048,2656,2224,4865,4955,90
Truck820937,2224,3121,4835,4956,121
Truck821040,3122,2437,4865,4956,91
Truck821304,0,3122,4940,4956,16
Truck820432,1339,3331,4695,4957,262
Truck820779,2821,2437,4790,4957,167
Truck821056,2999,2437,4870,4957,87
Truck821332,1339,0,4945,4957,12
Truck820321,3238,3121,4665,4958,293
Truck820393,3238,3331,4685,4958,273
Truck821046,3239,2822,4865,4958,93
Truck821113,3238,0,4885,4958,73
Truck820332,0,3331,4670,4959,289
Truck820713,2655,1339,4775,4959,184
Truck821123,2998,2224,4885,4959,74
Truck820015,3238,2822,4580,4960,380
Truck820062,0,2821,4595,4960,365
Truck820122,3122,2224,4610,4960,350
Truck820481,3121,0,4710,4960,250
Truck820964,2437,2655,4845,4960,115
Truck821213,2998,0,4910,4960,50
Truck821265,2821,2822,4925,4960,35
Truck818515,1338,2225,4165,4961,796
Truck820250,2225,3331,4645,4961,316
Truck820286,2225,0,4655,4961,306
Truck820416,3239,3238,4690,4961,271
Truck820463,3121,2822,4705,4961,256
Truck821137,3331,2436,4890,4961,71
Truck821170,1339,3238,4900,4961,61
Truck817219,1338,0,3805,4962,1157
Truck819945,2436,2224,4560,4962,402
Truck820536,3122,3121,4725,4962,237
Truck820948,2999,2225,4840,4962,122
Truck820955,2224,2821,4840,4962,122
Truck821176,2822,3331,4900,4962,62
Truck820314,0,3331,4665,4963,298
Truck820678,2999,2821,4765,4963,198
Truck820911,2655,2822,4830,4963,133
Truck820982,2437,2821,4850,4963,113
Truck820018,1339,2436,4580,4964,384
Truck821231,2998,2436,4915,4964,49
Truck820684,1339,2655,4765,4965,200
Truck821001,2655,2437,4855,4965,110
Truck821262,3239,2437,4925,4965,40
Truck820141,3238,2225,4615,4966,351
Truck820268,2225,2821,4650,4966,316
Truck820499,3121,0,4715,4966,251
Truck820973,2224,0,4845,4966,121
Truck821191,3331,2822,4905,4966,61
Truck820803,2655,2821,4800,4967,167
Truck820050,3122,2436,4590,4968,378
Truck820337,3121,3238,4670,4968,298
Truck820418,2656,3122,4690,4968,278
Truck820929,2655,2822,4835,4968,133
Truck821149,3238,0,4895,4968,73
Truck821249,2998,2656,4920,4968,48
Truck821282,2656,3239,4930,4968,38
Truck817597,1338,0,3910,4969,1059
Truck820942,2822,2437,4835,4969,134
Truck820036,1339,2224,4585,4970,385
Truck820044,0,2821,4590,4970,380
Truck820360,1339,2225,4675,4970,295
Truck820553,3121,1339,4730,4970,240
Truck821203,3238,3122,4910,4970,60
Truck819981,2436,2224,4570,4971,401
Truck820041,2821,1339,4585,4971,386
Truck820614,3239,3122,4745,4971,226
Truck820991,2224,3121,4850,4971,121
Truck821280,3239,2225,4930,4971,41
Truck820821,2655,2224,4805,4972,167
Truck821018,2437,3239,4860,4972,112
Truck818263,1338,2436,4095,4973,878
Truck820108,1339,2821,4605,4973,368
Truck820160,2225,3238,4620,4973,353
Truck821114,2225,2436,4885,4973,88
Truck821156,2656,2999,4895,4973,78
Truck821173,3331,2225,4900,4973,73
Truck820714,2999,2998,4775,4974,199
Truck821267,2998,2999,4925,4974,49
Truck820035,2436,0,4585,4975,390
Truck820806,3122,2999,4800,4976,176
Truck821320,2822,2224,4940,4976,36
Truck821376,0,3122,4960,4976,16
Truck820470,3239,3238,4705,4977,272
Truck820589,3121,3122,4740,4977,237
Truck820731,2655,2999,4780,4977,197
Truck821009,2224,3238,4855,4977,122
Truck820008,0,2224,4580,4978,398
Truck820198,1339,2822,4630,4978,348
Truck820304,2225,2656,4660,4978,318
Truck820517,3121,2822,4720,4978,258
Truck820732,2999,3331,4780,4979,199
Truck820931,3121,2437,4835,4979,144
Truck821285,2998,2225,4930,4979,49
Truck821440,1339,3122,4975,4979,4
Truck817417,1338,3331,3860,4980,1120
Truck817939,1338,2999,4005,4980,975
Truck820017,2436,2655,4580,4980,400
Truck820322,2225,2822,4665,4980,315
Truck820450,1339,3331,4700,4980,280
Truck820851,2821,2999,4810,4980,170
Truck820915,3238,2437,4830,4980,150
Truck820089,2436,1339,4600,4981,381
Truck820335,2655,2225,4670,4981,311
Truck820381,3331,3238,4680,4981,301
Truck820749,2655,2999,4785,4981,196
Truck821027,2224,2999,4860,4981,121
Truck817398,0,1338,3855,4982,1127
Truck820051,3238,2224,4590,4982,392
Truck820053,2436,0,4590,4982,392
Truck820105,3238,2821,4605,4982,377
Truck820328,2656,3238,4665,4982,317
Truck821412,0,1339,4970,4982,12
Truck821422,1339,0,4970,4982,12
Truck820483,3238,3331,4710,4983,273
Truck820535,3121,3331,4725,4983,258
Truck820750,2999,2821,4785,4984,199
Truck820933,3238,2437,4835,4984,149
Truck821054,2437,3239,4870,4984,114
Truck821207,2224,2998,4910,4984,74
Truck821303,2998,0,4935,4984,49
Truck820340,2225,2656,4670,4985,315
Truck820368,0,2656,4680,4985,305
Truck821072,2437,2656,4875,4985,110
Truck821157,2821,2656,4895,4985,90
Truck817435,1338,2655,3865,4986,1121
Truck820107,2436,1339,4605,4986,381
Truck821045,2224,0,4865,4986,121
Truck821325,2655,3239,4945,4986,41
Truck821454,3122,1339,4980,4986,6
Truck817634,2437,1338,3920,4987,1067
Truck821042,2225,2999,4865,4987,122
Truck821210,2656,2655,4910,4987,77
Truck820429,3238,3121,4695,4989,294
Truck821091,2655,2437,4880,4989,109
Truck821321,2998,2999,4940,4989,49
Truck820358,2225,2822,4675,4990,315
Truck820578,3239,0,4735,4990,255
Truck820266,3122,2822,4650,4991,341
Truck820584,0,3121,4740,4991,251
Truck820642,2999,3238,4755,4991,236
Truck817363,1338,0,3845,4992,1147
Truck817401,2655,1338,3855,4992,1137
Truck820065,2655,2436,4595,4992,397
Truck820143,2436,3122,4615,4992,377
Truck820453,3331,3238,4700,4992,292
Truck817588,1339,1338,3905,4993,1088
Truck820126,1339,2436,4610,4993,383
Truck820134,0,2998,4615,4993,378
Truck820376,2225,2655,4680,4993,313
Truck820558,1339,2656,4730,4993,263
Truck820596,3239,0,4740,4993,253
Truck821063,2224,3239,4870,4993,123
Truck817759,1338,2437,3955,4994,1039
Truck820206,0,2822,4635,4994,359
Truck820571,3121,3239,4735,4994,259
Truck821339,2998,1339,4945,4994,49
Truck820661,3121,3122,4760,4995,235
Truck820785,2655,2999,4795,4995,200
Truck820864,1339,2999,4815,4995,180
Truck821370,3239,2437,4955,4995,40
Truck818356,2999,1338,4120,4996,876
Truck820348,2822,3122,4670,4996,326
Truck820525,3331,1339,4720,4996,276
Truck821175,2821,3331,4900,4996,96
Truck821448,0,3122,4980,4996,16
Truck820587,2655,3121,4740,4997,257
Truck820768,2999,2436,4790,4997,207
Truck821081,2224,2656,4875,4997,122
Truck821108,2437,2821,4885,4997,112
Truck821263,3331,2437,4925,4997,72
Truck821361,2655,3239,4955,4997,42
Truck820818,0,2999,4805,4998,193
Truck820394,2225,2655,4685,4999,314
Truck821050,2822,2655,4865,4999,134
Truck821357,2998,2822,4950,4999,49
Truck820330,2822,0,4665,5000,335
Truck820987,3238,2437,4850,5000,150
Truck821216,2437,2999,4915,5000,85
Truck820681,3238,2999,4765,5001,236
Truck821281,3331,2999,4930,5001,71
Truck820496,2437,2436,4715,5002,287
Truck821099,2224,2821,4880,5002,122
Truck821264,2656,2437,4925,5002,77
Truck817782,3122,1338,3960,5003,1043
Truck821275,3238,0,4930,5003,73
Truck821424,3239,3331,4970,5003,33
Truck821068,2822,2655,4870,5004,134
Truck821375,2998,2436,4955,5004,49
Truck821211,2821,3331,4910,5005,95
Truck820484,2225,1339,4710,5006,296
Truck820758,3239,1339,4785,5006,221
Truck821299,3331,2655,4935,5006,71
Truck817345,1338,3331,3840,5007,1167
Truck820514,2437,2436,4720,5007,287
Truck820608,3122,3331,4745,5007,262
Truck820820,2437,2225,4805,5007,202
Truck821100,3239,2998,4880,5007,127
Truck821117,2224,1338,4885,5007,122
Truck821209,3331,2821,4910,5007,97
Truck820645,3238,3239,4755,5008,253
Truck817275,2655,1338,3820,5009,1189
Truck821144,2437,2822,4895,5009,114
Truck821227,3331,2821,4915,5009,94
Truck821393,2998,2999,4960,5009,49
Truck820625,3121,2822,4750,5010,260
Truck820738,1339,3239,4780,5010,230
Truck820840,2999,2224,4810,5010,200
Truck820932,3122,2655,4835,5011,176
Truck821118,3239,2821,4885,5011,126
Truck821246,2656,2998,4920,5011,91
Truck821326,2999,3121,4945,5011,66
Truck817886,2437,1338,3990,5012,1022
Truck820502,2225,1339,4715,5012,297
Truck820827,2436,2999,4805,5012,207
Truck820858,2999,3331,4815,5012,197
Truck820977,2821,1338,4845,5012,167
Truck821135,2224,2656,4890,5012,122
Truck821162,2437,2656,4900,5012,112
Truck817885,1338,2437,3990,5013,1023
Truck820643,3121,2655,4755,5013,258
Truck820720,1339,3121,4775,5013,238
Truck821411,2998,2822,4965,5013,48
Truck821442,3239,2656,4975,5013,38
Truck821409,2821,2998,4965,5014,49
Truck817711,3238,1338,3940,5015,1075
Truck821247,2821,3331,4920,5015,95
Truck821256,3122,2437,4925,5015,90
Truck820733,3121,3122,4780,5016,236
Truck821057,3121,2437,4870,5016,146
Truck821245,3331,2224,4920,5016,96
Truck821562,3122,1339,5010,5016,6
Truck821569,3331,2656,5010,5016,6
Truck817471,1338,3331,3875,5017,1142
Truck820666,1339,3239,4760,5017,257
Truck820845,2436,2999,4810,5017,207
Truck820995,2821,2999,4850,5017,167
Truck821153,2224,2822,4895,5017,122
Truck821335,3331,3121,4945,5017,72
Truck820159,3238,2821,4620,5018,398
Truck821318,2656,3121,4940,5018,78
Truck820378,1339,2822,4680,5019,339
Truck820461,2655,2225,4705,5019,314
Truck820697,3121,0,4770,5019,249
Truck821333,2224,2998,4945,5019,74
Truck821374,2822,3331,4955,5019,64
Truck821429,2998,2225,4970,5019,49
Truck820161,2436,2655,4620,5020,400
Truck821122,2822,2655,4885,5020,135
Truck820626,3122,3331,4750,5021,271
Truck820669,3331,1339,4760,5021,261
Truck820882,1339,2655,4820,5021,201
Truck821460,3239,2437,4980,5021,41
Truck818461,1338,2436,4150,5022,872
Truck820197,2436,0,4630,5022,392
Truck820692,0,3121,4770,5022,252
Truck820966,2999,3122,4845,5022,177
Truck820968,3122,2999,4845,5022,177
Truck821180,2437,2821,4905,5022,117
Truck821353,3331,2225,4950,5022,72
Truck821382,3122,3238,4960,5022,62
Truck821171,2224,1339,4900,5023,123
Truck821389,3331,2822,4960,5023,63
Truck820679,3121,2224,4765,5024,259
Truck820846,1339,3239,4810,5024,214
Truck821447,2998,0,4975,5024,49
Truck820648,1339,2656,4755,5025,270
Truck820710,0,3121,4775,5025,250
Truck820756,1339,3121,4785,5025,240
Truck821198,2437,2821,4910,5025,115
Truck821380,2999,3121,4960,5025,65
Truck821499,2821,2822,4990,5025,35
Truck821500,2822,2821,4990,5025,35
Truck820179,2436,2224,4625,5026,401
Truck820651,3331,0,4755,5026,271
Truck820715,3121,0,4775,5026,251
Truck820930,2999,0,4835,5026,191
Truck821189,2224,3239,4905,5026,121
Truck821371,3331,2436,4955,5026,71
Truck821478,3239,1338,4985,5026,41
Truck820609,3238,2656,4745,5027,282
Truck820752,3122,3239,4785,5027,242
Truck820794,3239,1339,4795,5027,232
Truck820800,0,2655,4800,5027,227
Truck821300,2656,2821,4935,5027,92
Truck820695,2655,3121,4770,5028,258
Truck820912,2999,2998,4830,5028,198
Truck821031,2821,2655,4860,5028,168
Truck821354,2656,1338,4950,5028,78
Truck821498,2656,3239,4990,5028,38
Truck821019,2655,2224,4860,5029,169
Truck821095,3238,2437,4880,5029,149
Truck821158,2822,2655,4895,5029,134
Truck821250,0,2437,4925,5031,106
Truck821310,3122,2437,4940,5031,91
Truck821379,2655,3331,4960,5031,71
Truck820634,2656,1339,4750,5032,282
Truck820071,2436,3238,4595,5033,438
Truck821037,2655,2998,4865,5033,168
Truck821234,2437,3331,4920,5033,113
Truck821372,2656,2436,4955,5033,78
Truck821514,3239,2656,4995,5033,38
Truck818569,1338,2999,4180,5035,855
Truck820383,2821,1339,4680,5035,355
Truck820520,2225,2224,4720,5035,315
Truck821483,2998,2437,4985,5035,50
Truck821641,3331,2656,5030,5036,6
Truck820303,3238,2822,4660,5037,377
Truck820591,3238,3121,4740,5037,297
Truck821218,2999,2225,4915,5037,122
Truck821222,2225,2999,4915,5037,122
Truck821407,3331,2225,4965,5037,72
Truck821620,1339,0,5025,5037,12
Truck820629,2436,2437,4750,5038,288
Truck821225,2224,3239,4915,5038,123
Truck821390,2656,2655,4960,5038,78
Truck821501,2998,0,4990,5038,48
Truck820260,0,2821,4650,5039,389
Truck820302,3122,2436,4660,5039,379
Truck820764,0,3121,4790,5039,249
Truck821020,2999,1339,4860,5039,179
Truck817543,1338,3239,3895,5040,1145
Truck818281,1338,2437,4100,5040,940
Truck820233,2436,2656,4640,5040,400
Truck821338,2822,3239,4945,5040,95
Truck821434,2999,3121,4975,5040,65
Truck817926,3122,1338,4000,5041,1041
Truck820770,3122,3331,4790,5041,251
Truck820825,3238,2999,4805,5041,236
Truck821194,2822,2225,4905,5041,136
Truck821425,3331,2225,4970,5041,71
Truck817581,2655,1338,3905,5042,1137
Truck820306,1339,2998,4660,5042,382
Truck820935,2436,2999,4835,5042,207
Truck820952,2225,2437,4840,5042,202
Truck821243,2224,3239,4920,5042,122
Truck821270,2437,2998,4930,5042,112
Truck821397,2655,2656,4965,5042,77
Truck820556,2225,2655,4730,5043,313
Truck821226,3239,2224,4915,5043,128
Truck821419,3238,0,4970,5043,73
Truck821568,3239,3331,5010,5043,33
Truck820386,0,2822,4685,5044,359
Truck820828,1339,3239,4805,5044,239
Truck821519,2998,2822,4995,5044,49
Truck820251,2436,2224,4645,5045,400
Truck821212,2822,2655,4910,5045,135
Truck821306,2437,0,4940,5045,105
Truck821356,2822,3239,4950,5045,95
Truck821261,2224,3238,4925,5046,121
Truck821288,2437,2655,4935,5046,111
Truck820125,2436,3238,4610,5047,437
Truck821103,2821,2655,4880,5047,167
Truck821244,3239,2821,4920,5047,127
Truck821258,2225,2999,4925,5047,122
Truck821384,2225,2436,4960,5047,87
Truck821550,3239,2437,5005,5047,42
Truck820324,1339,2436,4665,5048,383
Truck820741,3331,0,4780,5048,268
Truck820769,3121,2655,4790,5048,258
Truck820854,0,3239,4815,5048,233
Truck821415,2655,2656,4970,5048,78
Truck821537,2998,2821,5000,5048,48
Truck820574,2225,3239,4735,5049,314
Truck820704,3239,3238,4770,5049,279
Truck821378,2437,3122,4960,5049,89
Truck820342,1339,2224,4670,5050,380
Truck821230,2822,3121,4915,5050,135
Truck820612,1339,2822,4745,5051,306
Truck820788,3122,2656,4795,5051,256
Truck820860,3122,3121,4815,5051,236
Truck821461,3331,3121,4980,5051,71
Truck817848,0,1338,3980,5052,1072
Truck821002,2999,2655,4855,5052,197
Truck821279,2224,2821,4930,5052,122
Truck821555,2998,2436,5005,5053,48
Truck820592,2225,2655,4740,5054,314
Truck821248,2822,2655,4920,5054,134
Truck821465,2998,2224,4980,5054,74
Truck820688,2656,1339,4765,5055,290
Truck820983,2655,1339,4850,5055,205
Truck820805,3121,2656,4800,5056,256
Truck821094,3122,2999,4880,5056,176
Truck821297,2224,0,4935,5056,121
Truck821342,2437,0,4950,5056,106
Truck821000,2437,2225,4855,5057,202
Truck821283,2821,3239,4930,5057,127
Truck821290,2999,2225,4935,5057,122
Truck818918,2225,1338,4275,5058,783
Truck820694,2437,2436,4770,5058,288
Truck820759,3331,1339,4785,5058,273
Truck821127,2655,2998,4890,5058,168
Truck820419,2821,0,4690,5059,369
Truck821266,2822,3121,4925,5059,134
Truck821573,2998,3238,5010,5059,49
Truck817975,1338,2437,4015,5060,1045
Truck820610,2225,2821,4745,5060,315
Truck820897,3238,2999,4825,5061,236
Truck821315,2224,3331,4940,5061,121
Truck821427,2821,2656,4970,5061,91
Truck821487,2655,3331,4990,5061,71
Truck821604,3239,2999,5020,5061,41
Truck817453,1338,3238,3870,5062,1192
Truck821426,2656,2998,4970,5062,92
Truck820411,3238,2821,4690,5063,373
Truck821038,2999,3239,4865,5063,198
Truck817831,1338,1339,3975,5064,1089
Truck818119,1338,2437,4055,5064,1009
Truck818713,1338,2999,4220,5064,844
Truck821480,2656,3121,4985,5064,79
Truck821591,2998,2437,5015,5064,49
Truck818227,1338,2436,4085,5065,980
Truck820392,3122,2436,4685,5065,380
Truck821284,2822,1338,4930,5065,135
Truck820965,2655,3238,4845,5066,221
Truck820628,2225,3239,4750,5067,317
Truck820830,3239,0,4805,5067,262
Truck821316,3239,2998,4940,5067,127
Truck818102,2437,1338,4050,5068,1018
Truck821545,3238,1339,5005,5068,63
Truck820646,2225,2656,4755,5069,314
Truck821289,2655,2822,4935,5069,134
Truck821513,2224,2998,4995,5069,74
Truck821609,2998,1338,5020,5069,49
Truck820885,3331,1339,4820,5070,250
Truck821302,2822,3121,4935,5070,135
Truck820813,3331,0,4800,5071,271
Truck821443,3331,2821,4975,5071,96
Truck820878,3122,3331,4820,5072,252
Truck821252,2437,3121,4925,5072,147
Truck821351,2224,2225,4950,5072,122
Truck821533,3331,1338,5000,5072,72
Truck817813,1338,2822,3970,5073,1103
Truck820341,2436,2655,4670,5073,403
Truck820748,2437,2436,4785,5073,288
Truck821516,2656,2999,4995,5073,78
Truck820859,3121,2822,4815,5074,259
Truck821627,2998,2999,5025,5074,49
Truck821782,1339,3122,5070,5074,4
Truck820359,2436,2998,4675,5076,401
Truck821273,3121,2437,4930,5076,146
Truck821362,2999,2225,4955,5077,122
Truck821369,2224,2822,4955,5077,122
Truck817777,1338,3331,3960,5078,1118
Truck820375,3238,2998,4680,5078,398
Truck820482,3122,2998,4710,5078,368
Truck820522,1339,2224,4720,5078,358
Truck820664,2225,3331,4760,5078,318
Truck820836,0,2656,4810,5078,268
Truck820875,2655,3121,4820,5078,258
Truck820877,3121,2224,4820,5078,258
Truck821534,2656,2225,5000,5078,78
Truck821606,2656,2822,5020,5078,58
Truck821092,2999,2821,4880,5079,199
Truck821549,2224,2998,5005,5079,74
Truck821645,2998,1338,5030,5079,49
Truck820751,3121,3238,4785,5080,295
Truck820903,3331,1339,4825,5080,255
Truck820682,2225,2821,4765,5081,316
Truck820760,2656,3122,4785,5081,296
Truck821164,2999,1339,4900,5081,181
Truck821479,3331,2821,4985,5081,96
Truck821481,2821,3331,4985,5081,96
Truck821559,2655,3331,5010,5081,71
Truck821602,1339,3238,5020,5081,61
Truck821387,2224,2999,4960,5082,122
Truck821414,2437,2655,4970,5082,112
Truck820476,0,2224,4710,5083,373
Truck820867,3331,1339,4815,5083,268
Truck821110,2999,3239,4885,5083,198
Truck820512,0,2998,4720,5084,364
Truck820918,1339,3331,4830,5084,254
Truck821229,2821,2437,4915,5084,169
Truck821293,3238,2437,4935,5084,149
Truck821663,2998,2821,5035,5085,50
Truck820395,2436,2821,4685,5086,401
Truck820464,3122,2436,4705,5086,381
Truck820872,0,2656,4820,5086,266
Truck821097,2436,2999,4880,5086,206
Truck821128,2999,2656,4890,5086,196
Truck821694,3239,2225,5045,5086,41
Truck820956,3239,1339,4840,5087,247
Truck820967,3121,1339,4845,5087,242
Truck821405,2224,1339,4965,5087,122
Truck821623,3331,2822,5025,5087,62
Truck820913,3121,3331,4830,5088,258
Truck821577,2655,3331,5015,5088,73
Truck821681,2998,2437,5040,5088,48
Truck820413,2436,2822,4690,5090,400
Truck820602,0,2822,4745,5090,345
Truck820895,3121,2436,4825,5090,265
Truck820287,2436,3238,4655,5091,436
Truck820718,2225,3239,4775,5091,316
Truck820787,3121,3238,4795,5091,296
Truck820944,0,3121,4840,5091,251
Truck821126,2437,2225,4890,5091,201
Truck821712,3239,2437,5050,5091,41
Truck820431,2436,2822,4695,5092,397
Truck820518,3122,2821,4720,5092,372
Truck821109,2655,0,4885,5092,207
Truck821416,2999,2225,4970,5092,122
Truck821423,2224,2436,4970,5092,122
Truck821588,2656,1338,5015,5092,77
Truck821592,0,3238,5020,5092,72
Truck821605,3331,2655,5020,5092,72
Truck821818,1339,0,5080,5092,12
Truck821163,2655,1339,4900,5093,193
Truck820425,2655,2436,4695,5094,399
Truck820563,2821,1339,4730,5094,364
Truck820654,2822,3238,4755,5094,339
Truck820795,3331,0,4795,5094,299
Truck821329,3238,2437,4945,5094,149
Truck821392,2822,2437,4960,5094,134
Truck821540,2437,3122,5005,5094,89
Truck821699,2998,3122,5045,5094,49
Truck820736,2225,3239,4780,5095,315
Truck817765,3238,1338,3955,5096,1141
Truck817903,1338,2655,3995,5096,1101
Truck820509,2821,1339,4715,5096,381
Truck821146,2999,2656,4895,5096,201
Truck821178,0,2999,4905,5096,191
Truck821730,3239,1338,5055,5096,41
Truck818990,2225,1338,4295,5097,802
Truck820753,3238,2656,4785,5097,312
Truck821073,2655,0,4875,5097,222
Truck821150,2225,2437,4895,5097,202
Truck821680,2822,2656,5040,5097,57
Truck820458,0,2821,4705,5098,393
Truck820537,3238,2822,4725,5098,373
Truck821441,2224,3239,4975,5098,123
Truck821551,3331,2224,5005,5099,94
Truck821717,2998,3238,5050,5099,49
Truck821872,1339,3122,5095,5099,4
Truck817921,1338,3239,4000,5100,1100
Truck818173,1338,2999,4070,5100,1030
Truck818339,3121,1338,4115,5100,985
Truck820842,3122,2656,4810,5100,290
Truck820992,3239,0,4850,5100,250
Truck821026,1339,3121,4860,5100,240
Truck821570,2656,2224,5010,5100,90
Truck820823,3121,3238,4805,5101,296
Truck821055,2655,0,4870,5101,231
Truck821770,2822,2224,5065,5101,36
Truck821182,2999,2821,4905,5102,197
Truck821486,2437,2821,4990,5102,112
Truck821671,3238,1339,5040,5102,62
Truck821739,2655,3239,5060,5102,42
Truck821459,2224,1338,4980,5103,123
Truck821768,2656,3239,5065,5103,38
Truck820998,0,3121,4855,5104,249
Truck821735,2998,2656,5055,5104,49
Truck818626,2999,1338,4195,5105,910
Truck821428,2822,2999,4970,5105,135
Truck821580,3122,2437,5015,5105,90
Truck818074,1339,1338,4040,5106,1066
Truck820808,2225,0,4800,5106,306
Truck821360,2437,3238,4955,5106,151
Truck821477,2224,3239,4985,5107,122
Truck821659,3331,2436,5035,5107,72
Truck817840,1339,1338,3975,5108,1133
Truck820949,3121,2436,4840,5108,268
Truck821200,2999,2224,4910,5108,198
Truck821319,2821,3121,4940,5108,168
Truck821504,2437,2655,4995,5108,113
Truck821786,2656,3239,5070,5108,38
Truck820644,3122,2224,4755,5109,354
Truck821062,1339,3121,4870,5109,239
Truck821278,1339,2999,4930,5109,179
Truck821399,3121,2437,4965,5110,145
Truck821446,2822,2225,4975,5110,135
Truck821074,2999,3238,4875,5111,236
Truck821495,2224,3238,4990,5111,121
Truck821587,3331,2821,5015,5111,96
Truck821677,3331,2655,5040,5111,71
Truck821784,3239,2437,5070,5111,41
Truck821806,2822,2224,5075,5111,36
Truck821868,3122,0,5095,5111,16
Truck820899,2436,2437,4825,5112,287
Truck821076,3122,3121,4875,5113,238
Truck821464,2822,2655,4980,5113,133
Truck821771,2998,0,5065,5113,48
Truck818731,1338,2999,4225,5114,889
Truck821337,2821,1338,4945,5114,169
Truck821396,2437,3238,4965,5114,149
Truck821660,2656,2436,5035,5114,79
Truck818811,2436,1338,4245,5115,870
Truck820377,2436,3238,4680,5115,435
Truck820503,2436,2656,4715,5115,400
Truck821522,2437,3239,5000,5115,115
Truck820576,1339,2436,4735,5116,381
Truck821003,3121,2655,4855,5116,261
Truck821077,3238,3239,4875,5116,241
Truck821802,3239,2225,5075,5116,41
Truck820938,3239,3238,4835,5117,282
Truck820986,3122,3331,4850,5117,267
Truck821021,3121,3239,4860,5117,257
Truck821355,2821,2655,4950,5117,167
Truck821496,3239,2821,4990,5117,127
Truck820831,3331,3238,4805,5118,313
Truck820917,2436,2437,4830,5118,288
Truck820939,3331,1339,4835,5118,283
Truck821075,3121,1339,4875,5118,243
Truck817705,1338,2224,3940,5119,1179
Truck821235,2655,3122,4920,5119,199
Truck821789,2998,0,5070,5119,49
Truck817993,1338,2656,4020,5120,1100
Truck820974,3239,3238,4845,5120,275
Truck821044,1339,3331,4865,5121,256
Truck821124,0,3239,4890,5121,231
Truck821236,2999,3331,4920,5121,201
Truck821482,2822,2436,4985,5121,136
Truck821531,2224,2436,5000,5121,121
Truck821642,2656,2821,5030,5121,91
Truck820954,1339,2656,4840,5122,282
Truck821640,3239,2822,5030,5123,93
Truck821039,3121,3331,4865,5124,259
Truck821254,2999,3239,4925,5124,199
Truck820539,2436,2822,4725,5125,400
Truck820844,2225,2821,4810,5125,315
Truck821805,2821,2998,5075,5125,50
Truck821025,2436,3121,4860,5126,266
Truck821666,2437,2999,5040,5126,86
Truck821721,2655,3331,5055,5126,71
Truck821838,3239,2999,5085,5126,41
Truck820843,3238,3331,4810,5127,317
Truck821271,2655,2999,4930,5127,197
Truck821391,2821,3121,4960,5127,167
Truck821643,2821,3331,5030,5127,97
Truck821788,2822,2656,5070,5127,57
Truck820630,1339,2224,4750,5128,378
Truck820922,2656,0,4830,5128,298
Truck821272,2999,3239,4930,5128,198
Truck821714,2656,2225,5050,5128,78
Truck821678,2656,2821,5040,5129,89
Truck821729,2224,2998,5055,5129,74
Truck820862,2225,2998,4815,5131,316
Truck821148,3122,3121,4895,5131,236
Truck818847,2436,1338,4255,5132,877
Truck820557,2436,2822,4730,5132,402
Truck820627,3238,2821,4750,5132,382
Truck820653,2821,3122,4755,5132,377
Truck821732,2656,1338,5055,5132,77
Truck821749,3331,1338,5060,5132,72
Truck821778,3122,3238,5070,5132,62
Truck821785,3331,2822,5070,5132,62
Truck820635,2821,3122,4750,5133,383
Truck821112,3122,3331,4885,5133,248
Truck821567,2224,2999,5010,5133,123
Truck820880,2225,3239,4820,5134,314
Truck821052,0,3331,4870,5134,264
Truck821364,3122,2655,4955,5134,179
Truck821536,2822,2225,5000,5134,134
Truck821696,2656,2821,5045,5134,89
Truck821753,2998,2224,5060,5134,74
Truck821843,2998,2999,5085,5134,49
Truck821895,2821,2822,5100,5134,34
Truck820575,2436,3239,4735,5135,400
Truck821167,3238,2999,4900,5135,235
Truck820449,2436,3238,4700,5136,436
Truck820698,3122,2224,4770,5136,366
Truck821874,3239,2655,5095,5136,41
Truck821082,3239,3238,4875,5137,262
Truck821253,2655,3238,4925,5137,212
Truck821582,2225,2999,5015,5137,122
Truck821612,2437,2224,5025,5137,112
Truck821708,2225,2436,5050,5137,87
Truck820906,2822,3122,4825,5138,313
Truck821308,2999,3331,4940,5138,198
Truck821571,2821,3239,5010,5138,128
Truck821585,2224,3331,5015,5138,123
Truck821754,0,3238,5065,5138,73
Truck820447,3238,2436,4700,5139,439
Truck820593,2436,2224,4740,5139,399
Truck820898,2225,3239,4825,5139,314
Truck821554,2822,3121,5005,5139,134
Truck821861,2998,3121,5090,5140,50
Truck817867,1338,3331,3985,5141,1156
Truck820969,3238,3121,4845,5141,296
Truck821603,2224,1339,5020,5141,121
Truck821596,2999,2225,5020,5142,122
Truck821600,2225,2999,5020,5142,122
Truck821607,2821,2224,5020,5142,122
Truck821695,3331,2821,5045,5142,97
Truck821722,2999,2437,5055,5142,87
Truck821772,0,3238,5070,5142,72
Truck821824,2822,3331,5080,5142,62
Truck821155,3331,1339,4895,5143,248
Truck821630,2437,2656,5030,5143,113
Truck820555,3238,2821,4730,5144,414
Truck820896,3122,2822,4825,5144,319
Truck821111,3121,2656,4885,5144,259
Truck821296,1339,2655,4935,5144,209
Truck821586,3239,2224,5015,5144,129
Truck821879,2998,2436,5095,5144,49
Truck817869,2655,1338,3985,5145,1160
Truck818011,1338,3122,4025,5145,1120
Truck821088,0,3331,4880,5145,265
Truck821720,2437,3122,5055,5145,90
Truck821910,3239,3121,5105,5145,40
Truck819019,1338,2225,4305,5146,841
Truck821313,2436,2999,4940,5146,206
Truck821836,1339,3238,5085,5146,61
Truck820761,2821,0,4785,5147,362
Truck821129,3121,2655,4890,5147,257
Truck821324,2437,2225,4945,5147,202
Truck821463,2821,2225,4980,5147,167
Truck821621,2224,2225,5025,5147,122
Truck821803,3331,2437,5075,5147,72
Truck820728,0,2224,4780,5148,368
Truck821648,2437,2224,5035,5148,113
Truck821649,2655,2437,5035,5148,113
Truck821946,3239,3331,5115,5148,33
Truck820638,0,2436,4755,5149,394
Truck820934,2225,2655,4835,5149,314
Truck821350,1339,2655,4950,5149,199
Truck821807,2998,2224,5075,5149,74
Truck821897,2998,0,5100,5149,49
Truck820707,2821,3238,4770,5150,380
Truck821344,2999,2655,4950,5150,200
Truck821731,3331,2998,5055,5150,95
Truck820662,3122,2821,4760,5151,391
Truck820792,1339,2998,4795,5151,356
Truck821590,2822,2437,5015,5151,136
Truck821763,2436,2225,5065,5151,86
Truck821928,3239,2437,5110,5151,41
Truck821639,2224,2999,5030,5152,122
Truck821756,2437,2999,5065,5152,87
Truck818121,2655,1338,4055,5153,1098
Truck820719,2436,1339,4775,5153,378
Truck820734,3122,2224,4780,5153,373
Truck821469,2655,2998,4985,5153,168
Truck820647,2436,2656,4755,5154,399
Truck821147,3121,2656,4895,5154,259
Truck821804,2656,2655,5075,5154,79
Truck821825,2998,2224,5080,5154,74
Truck821024,2225,1339,4860,5155,295
Truck821608,2822,2437,5020,5155,135
Truck820960,2822,1339,4840,5156,316
Truck821657,2224,3238,5035,5157,122
Truck821760,3122,2437,5065,5157,92
Truck821875,3331,2822,5095,5157,62
Truck821133,2436,3121,4890,5158,268
Truck821174,2656,3122,4900,5158,258
Truck821451,2655,3122,4980,5158,178
Truck821822,2656,2999,5080,5158,78
Truck821839,3331,2437,5085,5158,73
Truck821188,1339,2656,4905,5159,254
Truck821933,2998,0,5110,5159,49
Truck820970,2225,2655,4845,5160,315
Truck821558,2437,3238,5010,5160,150
Truck821931,2821,2998,5110,5160,50
Truck820665,2436,2656,4760,5161,401
Truck820689,2821,3238,4765,5161,396
Truck820870,2822,3238,4815,5161,346
Truck821165,3121,2821,4900,5161,261
Truck821626,2822,2437,5025,5161,136
Truck821658,3239,2224,5035,5161,126
Truck821675,2224,3239,5040,5161,121
Truck821684,2437,2998,5045,5161,116
Truck821847,2655,3331,5090,5161,71
Truck821955,2655,3239,5120,5161,41
Truck820962,0,2822,4845,5162,317
Truck821298,3239,3122,4935,5162,227
Truck821767,3331,2224,5065,5162,97
Truck821857,3331,1338,5090,5162,72
Truck822070,1339,0,5150,5162,12
Truck821058,3122,2225,4870,5163,293
Truck821131,3238,3331,4890,5163,273
Truck821181,2655,3121,4905,5163,258
Truck821517,2821,3121,4995,5163,168
Truck821851,3238,0,5090,5163,73
Truck821102,2656,0,4880,5164,284
Truck821183,3121,2655,4905,5164,259
Truck821398,2999,2656,4965,5164,199
Truck821433,2655,3122,4975,5164,189
Truck821951,2998,1338,5115,5164,49
Truck820683,2436,2656,4765,5165,400
Truck821576,2437,3238,5015,5165,150
Truck821255,3121,1339,4925,5166,241
Truck821676,3239,2821,5040,5166,126
Truck821973,2655,3239,5125,5166,41
Truck821982,3239,1338,5125,5166,41
Truck818155,1338,3331,4065,5167,1102
Truck821904,3122,3238,5105,5167,62
Truck821914,2822,3331,5105,5167,62
Truck820701,2436,2655,4770,5168,398
Truck820717,3238,2821,4775,5168,393
Truck821030,2656,0,4860,5168,308
Truck821166,3122,2656,4900,5168,268
Truck821490,3122,2999,4990,5168,178
Truck821679,2821,3239,5040,5168,128
Truck821693,2224,2822,5045,5168,123
Truck821858,2656,3121,5090,5168,78
Truck821969,2998,3122,5120,5169,49
Truck821006,2225,2224,4855,5170,315
Truck821835,2436,2225,5085,5170,85
Truck821201,3121,3331,4910,5171,261
Truck821711,2224,3238,5050,5171,121
Truck817957,1338,2224,4010,5172,1162
Truck821217,2655,3121,4915,5172,257
Truck821541,2655,2821,5005,5172,167
Truck821893,3331,2225,5100,5172,72
Truck822106,1339,0,5160,5172,12
Truck821130,3122,2656,4890,5174,284
Truck821891,2224,2998,5100,5174,74
Truck821987,2998,3121,5125,5174,49
Truck817849,1338,2656,3980,5175,1195
Truck821553,2821,2437,5005,5175,170
Truck821840,2656,2821,5085,5175,90
Truck820824,3122,2821,4805,5176,371
Truck820926,0,2822,4835,5176,341
Truck820936,1339,2821,4835,5176,341
Truck821358,0,2655,4955,5176,221
Truck822018,3239,3121,5135,5176,41
Truck820833,2821,0,4805,5177,372
Truck821432,2437,2225,4975,5177,202
Truck821726,2225,2999,5055,5177,122
Truck821911,3331,2655,5105,5177,72
Truck820735,3238,2821,4780,5178,398
Truck822038,2656,3239,5140,5178,38
Truck820737,2436,3331,4780,5179,399
Truck821452,2999,2655,4980,5179,199
Truck821915,2998,2224,5105,5179,74
Truck822005,2998,3238,5130,5179,49
Truck818047,1338,1339,4035,5180,1145
Truck821698,2822,2225,5045,5180,135
Truck818896,2999,1338,4270,5181,911
Truck820699,3238,2224,4770,5181,411
Truck820916,2225,3238,4830,5181,351
Truck822156,3122,1339,5175,5181,6
Truck822163,3331,2656,5175,5181,6
Truck821032,2822,1339,4860,5182,322
Truck821219,3121,2436,4915,5182,267
Truck821470,2999,2998,4985,5182,197
Truck821589,2821,2436,5015,5182,167
Truck821744,2225,2999,5060,5182,122
Truck821919,2655,3331,5110,5182,72
Truck821747,2224,2822,5060,5183,123
Truck821968,2822,3331,5120,5183,63
Truck822023,2998,3121,5135,5183,48
Truck821192,2656,1339,4905,5184,279
Truck821876,2656,2224,5095,5185,90
Truck822054,3239,2655,5145,5185,40
Truck821060,2225,3331,4870,5186,316
Truck821237,3121,2436,4920,5186,266
Truck821334,3239,3238,4945,5186,241
Truck821888,2225,2436,5100,5186,86
Truck818245,1338,2822,4090,5187,1097
Truck821232,0,3331,4920,5187,267
Truck821765,2224,2437,5065,5187,122
Truck821202,3122,3331,4910,5188,278
Truck821595,2655,2998,5020,5188,168
Truck821734,2822,2437,5055,5188,133
Truck821930,2656,2999,5110,5188,78
Truck820767,2655,2436,4790,5189,399
Truck821343,2655,3238,4950,5189,239
Truck822041,2998,2436,5140,5189,49
Truck822196,1339,3122,5185,5189,4
Truck818355,2655,1338,4120,5190,1070
Truck820869,2821,3238,4815,5190,375
Truck821078,2225,2998,4875,5190,315
Truck821792,2437,2656,5075,5190,115
Truck821894,2656,2821,5100,5190,90
Truck821187,2436,2437,4905,5191,286
Truck821268,0,3239,4930,5191,261
Truck821488,2999,3331,4990,5191,201
Truck822093,2821,2822,5155,5191,36
Truck820791,2436,2822,4795,5192,397
Truck821291,3121,2821,4935,5192,257
Truck821783,2224,1338,5070,5192,122
Truck821965,3331,1338,5120,5192,72
Truck822178,1339,0,5180,5192,12
Truck818029,1338,3122,4030,5193,1163
Truck820773,2436,2822,4790,5193,403
Truck821014,2822,0,4855,5193,338
Truck821101,3331,3238,4880,5193,313
Truck821625,2821,2225,5025,5193,168
Truck820978,2822,3238,4845,5194,349
Truck821096,2225,2998,4880,5194,314
Truck821406,3239,3122,4965,5194,229
Truck822059,2998,3121,5145,5194,49
Truck821168,2225,1339,4900,5195,295
Truck821752,2822,2437,5060,5195,135
Truck821810,2437,2655,5080,5195,115
Truck821844,0,2437,5090,5195,105
Truck821912,2656,2821,5105,5195,90
Truck822090,3239,2437,5155,5196,41
Truck822168,0,3122,5180,5196,16
Truck818470,1339,1338,4150,5197,1047
Truck818767,1338,2436,4235,5197,962
Truck821132,2225,0,4890,5197,307
Truck821524,2999,2656,5000,5197,197
Truck821801,2224,3239,5075,5197,122
Truck821828,2437,2998,5085,5197,112
Truck821983,3331,3121,5125,5197,72
Truck821505,2655,3238,4995,5198,203
Truck821966,2656,2999,5120,5198,78
Truck821309,3121,2656,4940,5199,259
Truck821616,3122,2999,5025,5200,175
Truck822010,2999,3121,5135,5200,65
Truck822077,2998,2999,5150,5200,50
Truck820881,2436,1339,4820,5201,381
Truck820988,2225,3238,4850,5201,351
Truck821819,2224,2656,5080,5201,121
Truck822037,3331,2822,5140,5201,61
Truck822108,3239,2999,5160,5201,41
Truck822130,2822,2998,5165,5201,36
Truck818299,1338,2998,4105,5202,1097
Truck820809,2436,3239,4800,5202,402
Truck821142,0,2656,4895,5202,307
Truck821400,3122,3239,4965,5202,237
Truck822001,3331,2436,5130,5202,72
Truck822204,0,1339,5190,5202,12
Truck821228,2656,1339,4915,5203,288
Truck821317,3331,1339,4940,5203,263
Truck821352,3239,0,4950,5203,253
Truck821542,2999,3331,5005,5203,198
Truck821846,2437,2655,5090,5203,113
Truck821984,2656,2225,5125,5203,78
Truck822095,2998,2655,5155,5203,48
Truck822128,2656,3239,5165,5203,38
Truck822144,3239,3331,5170,5203,33
Truck821140,2822,1339,4890,5204,314
Truck821738,2437,3121,5060,5204,144
Truck821918,2437,1339,5110,5204,94
Truck819397,1338,2225,4410,5205,795
Truck821274,3122,2656,4930,5206,276
Truck821327,3121,3331,4945,5206,261
Truck821345,3121,2821,4950,5206,256
Truck821837,2224,1339,5085,5206,121
Truck821882,2437,0,5100,5206,106
Truck820924,2822,3238,4830,5207,377
Truck821634,3122,2999,5030,5207,177
Truck821841,2821,2224,5085,5207,122
Truck822049,3238,1339,5145,5207,62
Truck821823,2821,3239,5080,5208,128
Truck818965,1338,2436,4290,5209,919
Truck821560,2999,2656,5010,5209,199
Truck821743,3238,2437,5060,5209,149
Truck821793,2655,2822,5075,5209,134
Truck821947,3331,2821,5115,5209,94
Truck822113,2998,3238,5160,5209,49
Truck821368,1339,3331,4955,5210,255
Truck822166,2822,2224,5175,5210,35
Truck818717,3121,1338,4220,5211,991
Truck821023,3238,2225,4860,5211,351
Truck821864,2437,3239,5095,5211,116
Truck817923,2655,1338,4000,5212,1212
Truck821855,2224,2999,5090,5212,122
Truck821859,2821,2224,5090,5212,122
Truck822092,2656,2822,5155,5212,57
Truck818065,1338,3238,4040,5213,1173
Truck821578,2999,2822,5015,5213,198
Truck821613,2655,1339,5025,5213,188
Truck821697,2821,2225,5045,5213,168
Truck821978,2225,2436,5125,5213,88
Truck822020,2656,2437,5135,5213,78
Truck820861,3238,2224,4815,5214,399
Truck820905,2821,3238,4825,5214,389
Truck822131,2998,2225,5165,5214,49
Truck822286,1339,3122,5210,5214,4
Truck821242,1339,2656,4920,5215,295
Truck822162,3239,2999,5175,5215,40
Truck821774,2437,3121,5070,5216,146
Truck821972,2437,3122,5125,5216,91
Truck822282,3122,1339,5210,5216,6
Truck821873,2224,2822,5095,5217,122
Truck821877,2821,2224,5095,5217,122
Truck821509,3238,2655,4995,5218,223
Truck821532,3239,1339,5000,5218,218
Truck821715,2821,2225,5050,5218,168
Truck822055,3331,2437,5145,5218,73
Truck822112,2822,2656,5160,5218,58
Truck822149,2998,2656,5170,5218,48
Truck821386,1339,2656,4960,5219,259
Truck821779,3238,2437,5070,5219,149
Truck821900,2437,2822,5105,5219,114
Truck820755,2436,3238,4785,5220,435
Truck820923,2821,0,4830,5220,390
Truck821186,2225,3239,4905,5220,315
Truck821936,2437,0,5115,5220,105
Truck821594,2437,2225,5020,5221,201
Truck821628,0,2999,5030,5221,191
Truck822180,3239,2655,5180,5221,41
Truck818209,1338,2656,4080,5222,1142
Truck821669,3121,2225,5040,5222,182
Truck822073,3331,2436,5150,5223,73
Truck822200,2656,3239,5185,5223,38
Truck821204,2225,2655,4910,5224,314
Truck821471,3121,1339,4985,5224,239
Truck821733,2821,3121,5055,5224,169
Truck821860,2822,1338,5090,5224,134
Truck822167,2998,0,5175,5224,49
Truck818425,1338,2822,4140,5226,1086
Truck820971,2436,1339,4845,5226,381
Truck821098,1339,2224,4880,5226,346
Truck822091,3331,1338,5155,5226,71
Truck822101,3121,2999,5160,5226,66
Truck821909,2224,3239,5105,5227,122
Truck822063,2655,2656,5150,5228,78
Truck820771,3238,2436,4790,5229,439
Truck821224,1339,2822,4915,5229,314
Truck821417,3121,2656,4970,5229,259
Truck822185,2998,1339,5180,5229,49
Truck818839,1338,3121,4255,5230,975
Truck821506,2999,3238,4995,5230,235
Truck821632,2999,2822,5030,5230,200
Truck821878,2822,2225,5095,5231,136
Truck821927,2224,0,5110,5231,121
Truck822039,2821,2656,5140,5231,91
Truck818587,1338,3331,4185,5232,1047
Truck821388,3239,3238,4960,5232,272
Truck821757,2655,2821,5065,5232,167
Truck822216,3239,1338,5190,5232,42
Truck821954,2437,3239,5120,5233,113
Truck820789,3238,2436,4795,5234,439
Truck821435,3121,3239,4975,5234,259
Truck821896,2822,2436,5100,5234,134
Truck822203,2998,2999,5185,5234,49
Truck821085,2821,1339,4875,5235,360
Truck821408,2656,1339,4965,5235,270
Truck821444,2656,3122,4975,5235,260
Truck821650,2999,2224,5035,5235,200
Truck822234,3239,2655,5195,5235,40
Truck821421,2436,3121,4970,5236,266
Truck822312,0,3122,5220,5236,16
Truck818389,1338,0,4130,5237,1107
Truck821240,2225,3239,4920,5237,317
Truck821945,2224,2436,5115,5237,122
Truck820947,2655,2436,4840,5238,398
Truck821220,3122,2822,4915,5238,323
Truck821336,2656,0,4945,5238,293
Truck822044,2437,1339,5145,5238,93
Truck822127,3331,2655,5165,5238,73
Truck820953,2436,2655,4840,5239,399
Truck821775,2655,2998,5070,5239,169
Truck821787,2821,1338,5070,5239,169
Truck822125,2224,2998,5165,5239,74
Truck822221,2998,3331,5190,5239,49
Truck821484,0,3121,4990,5240,250
Truck822074,2656,2998,5150,5240,90
Truck821104,2822,3238,4880,5241,361
Truck821453,3121,2656,4980,5241,261
Truck821668,2999,3239,5040,5241,201
Truck822330,0,3122,5225,5241,16
Truck818317,1338,3238,4110,5242,1132
Truck819333,2436,1338,4390,5242,852
Truck821404,1339,2656,4965,5242,277
Truck821963,2224,2999,5120,5242,122
Truck822174,3122,3238,5180,5242,62
Truck822252,3239,2999,5200,5242,42
Truck818353,1338,2655,4120,5243,1123
Truck821134,1339,2821,4890,5243,353
Truck821758,2999,1339,5065,5243,178
Truck821990,2437,2655,5130,5243,113
Truck822132,0,3238,5170,5243,73
Truck822239,2998,0,5195,5243,48
Truck822270,3239,2656,5205,5243,38
Truck822026,2437,0,5140,5244,104
Truck822076,2822,3239,5150,5244,94
Truck818578,1339,1338,4180,5245,1065
Truck821932,2822,2225,5110,5245,135
Truck821489,3121,3239,4990,5246,256
Truck821530,1339,3239,5000,5246,246
Truck821686,2999,2822,5045,5246,201
Truck821981,2224,2999,5125,5246,121
Truck822366,0,1339,5235,5247,12
Truck818614,1339,1338,4190,5248,1058
Truck821811,2655,2224,5080,5248,168
Truck821964,3239,2224,5120,5248,128
Truck822008,2437,3331,5135,5248,113
Truck822146,2656,2999,5170,5248,78
Truck818479,1338,2998,4155,5249,1094
Truck821497,3331,1339,4990,5249,259
Truck821704,2999,2224,5050,5249,199
Truck822088,1339,2437,5155,5249,94
Truck822161,2224,2998,5175,5249,74
Truck821829,2655,2224,5085,5250,165
Truck821950,2822,2999,5115,5250,135
Truck822257,2998,2999,5200,5250,50
Truck818551,1338,2437,4175,5251,1076
Truck821049,2821,0,4865,5251,386
Truck821067,2821,0,4870,5251,381
Truck821475,2436,3121,4985,5251,266
Truck822110,2656,2821,5160,5251,91
Truck822217,3331,2822,5190,5251,61
Truck822288,3239,2437,5210,5251,41
Truck821330,2225,0,4945,5252,307
Truck821702,2437,2225,5050,5252,202
Truck821999,2224,2999,5130,5252,122
Truck822181,3331,2225,5180,5252,72
Truck821312,2225,2821,4940,5253,313
Truck822275,2998,2822,5205,5253,48
Truck821685,2655,3238,5045,5254,209
Truck821381,3121,3238,4960,5255,295
Truck821507,3121,2656,4995,5255,260
Truck822134,2437,2999,5170,5255,85
Truck818844,3122,1338,4255,5256,1001
Truck821921,3121,2437,5110,5256,146
Truck822021,2821,2224,5135,5256,121
Truck822306,3239,2225,5215,5256,41
Truck821814,3122,2999,5080,5257,177
Truck822000,3239,2224,5130,5257,127
Truck822017,2224,2437,5135,5257,122
Truck821523,2655,3121,5000,5258,258
Truck821525,3121,3239,5000,5258,258
Truck822293,2998,0,5210,5258,48
Truck818443,1338,2655,4145,5259,1114
Truck821214,0,2822,4915,5259,344
Truck821746,1339,2655,5060,5259,199
Truck819001,1338,3121,4300,5260,960
Truck821420,2225,3122,4970,5260,290
Truck821986,2822,2436,5125,5260,135
Truck822315,2655,3239,5220,5260,40
Truck822324,3239,3121,5220,5260,40
Truck819202,2999,1338,4355,5261,906
Truck821115,2436,3122,4885,5261,376
Truck821439,2436,2437,4975,5261,286
Truck821622,3239,1339,5025,5261,236
Truck821865,2655,2821,5095,5261,166
Truck822035,2224,2999,5140,5261,121
Truck821543,3121,2998,5005,5262,257
Truck822420,0,1339,5250,5262,12
Truck821598,3122,3239,5020,5263,243
Truck821043,2436,3239,4865,5264,399
Truck822311,2998,3331,5215,5264,49
Truck821116,1339,2436,4885,5266,381
Truck821348,2225,2224,4950,5266,316
Truck821692,1339,3239,5045,5266,221
Truck822057,2821,2224,5145,5266,121
Truck822145,3331,2998,5170,5266,96
Truck822177,2436,2225,5180,5266,86
Truck822426,3122,0,5250,5266,16
Truck821548,1339,3331,5005,5267,262
Truck822379,3331,3239,5235,5267,32
Truck818335,1338,3331,4115,5268,1153
Truck821450,2437,2436,4980,5268,288
Truck822053,2224,2656,5145,5268,123
Truck822207,2655,2656,5190,5268,78
Truck822218,2656,2437,5190,5268,78
Truck822329,2998,3239,5220,5268,48
Truck819369,2436,1338,4400,5269,869
Truck821437,3238,3121,4975,5269,294
Truck821776,2999,2822,5070,5269,199
Truck822036,3239,2998,5140,5269,129
Truck822182,2656,2821,5180,5269,89
Truck821366,2225,3239,4955,5270,315
Truck821561,3121,2655,5010,5270,260
Truck821633,3121,1339,5030,5270,240
Truck818191,1338,2224,4075,5271,1196
Truck821430,0,2656,4975,5271,296
Truck821652,3122,3121,5035,5271,236
Truck821796,3122,2655,5075,5271,196
Truck822360,3239,1338,5230,5271,41
Truck818623,1338,3122,4195,5272,1077
Truck821462,2656,3122,4980,5272,292
Truck821238,3122,2998,4920,5273,353
Truck822071,2224,3238,5150,5273,123
Truck822098,2437,2998,5160,5273,113
Truck822281,3121,2999,5210,5274,64
Truck822347,2998,2437,5225,5274,49
Truck822301,3238,3122,5215,5275,60
Truck821260,1339,2822,4925,5276,351
Truck822261,2655,3331,5205,5276,71
Truck822378,3239,2999,5235,5276,41
Truck822498,3122,1339,5270,5276,6
Truck821152,1339,2436,4895,5277,382
Truck821455,3238,3121,4980,5277,297
Truck822089,2224,3122,5155,5277,122
Truck822116,2437,2224,5165,5277,112
Truck822254,2656,2655,5200,5277,77
Truck818407,1338,2821,4135,5278,1143
Truck821193,2821,1339,4905,5278,373
Truck822396,3239,2656,5240,5278,38
Truck821041,3238,2998,4865,5279,414
Truck821515,3331,3238,4995,5279,284
Truck822365,2998,3238,5230,5279,49
Truck818695,1338,2822,4215,5280,1065
Truck819494,2225,1338,4435,5281,846
Truck821196,0,2224,4910,5281,371
Truck821937,2655,2224,5115,5281,166
Truck822058,2822,2655,5145,5281,136
Truck822210,3122,2437,5190,5281,91
Truck821491,3238,2656,4990,5282,292
Truck821794,2999,2436,5075,5282,207
Truck822107,2224,3122,5160,5282,122
Truck821276,2225,3238,4930,5283,353
Truck821314,1339,2998,4940,5283,343
Truck821949,2821,2437,5115,5283,168
Truck822272,2656,2999,5205,5283,78
Truck822381,2821,2998,5235,5283,48
Truck819163,1338,2999,4345,5284,939
Truck822383,2998,3238,5235,5284,49
Truck822538,1339,3122,5280,5284,4
Truck821160,0,2224,4900,5285,385
Truck821206,1339,2821,4910,5285,375
Truck821615,3121,2656,5025,5285,260
Truck821902,2999,1339,5105,5285,180
Truck821294,2225,3238,4935,5286,351
Truck821674,1339,3331,5040,5286,246
Truck821766,3239,3122,5065,5286,221
Truck822405,2655,3239,5245,5286,41
Truck821883,2655,0,5100,5287,187
Truck822236,2656,2224,5195,5287,92
Truck822307,3331,1338,5215,5287,72
Truck822362,2656,2822,5230,5287,57
Truck822451,3331,3239,5255,5287,32
Truck821410,2822,1339,4965,5288,323
Truck821552,2656,3122,5005,5288,283
Truck821922,3122,2655,5110,5288,178
Truck821438,2225,2656,4975,5289,314
Truck821748,3239,3122,5060,5289,229
Truck821848,2999,2655,5090,5289,199
Truck821884,2999,0,5100,5289,189
Truck822401,2998,2656,5240,5289,49
Truck818641,1338,2998,4200,5290,1090
Truck821967,2821,2999,5120,5290,170
Truck822031,3238,2437,5140,5290,150
Truck822432,3239,1338,5250,5290,40
Truck818215,3238,1338,4080,5291,1211
Truck821184,3122,2224,4905,5291,386
Truck821510,2225,1339,4995,5291,296
Truck822454,2822,2998,5255,5291,36
Truck821830,2999,2436,5085,5292,207
Truck821920,2999,1339,5110,5292,182
Truck822143,2224,2822,5170,5292,122
Truck818497,1338,3238,4160,5293,1133
Truck821311,3238,2225,4940,5293,353
Truck821328,3122,2998,4945,5293,348
Truck821456,2225,3239,4980,5293,313
Truck821728,1339,3121,5055,5293,238
Truck822126,3239,2821,5165,5293,128
Truck821139,2821,3238,4890,5294,404
Truck821581,3238,3331,5015,5294,279
Truck821651,3121,2224,5035,5294,259
Truck821723,3121,1339,5055,5294,239
Truck822419,2998,1338,5245,5294,49
Truck821151,2436,2821,4895,5295,400
Truck821223,2436,1339,4915,5295,380
Truck822189,2655,2437,5185,5295,110
Truck822256,2822,3239,5200,5295,95
Truck818371,1338,2224,4125,5296,1171
Truck821742,3122,3121,5060,5296,236
Truck821145,2655,2436,4895,5297,402
Truck821241,2436,3122,4920,5297,377
Truck821939,3121,2225,5115,5297,182
Truck822343,3331,2225,5225,5297,72
Truck822003,2821,3121,5130,5298,168
Truck819041,3121,1338,4310,5299,989
Truck821820,3239,1339,5080,5299,219
Truck821991,2655,2821,5130,5299,169
Truck822326,2656,1338,5220,5299,79
Truck821169,2436,2822,4900,5300,400
Truck822274,2822,3239,5205,5300,95
Truck822437,2998,2436,5250,5300,50
Truck822179,2224,2822,5180,5301,121
Truck822271,3331,2224,5205,5301,96
Truck822552,3122,0,5285,5301,16
Truck821687,3121,2224,5045,5302,257
Truck821713,3331,3122,5050,5302,252
Truck821862,0,2655,5095,5302,207
Truck821960,2225,3121,5120,5302,182
Truck822574,1339,0,5290,5302,12
Truck821492,2225,3239,4990,5303,313
Truck822361,3331,1338,5230,5303,73
Truck822080,2437,3238,5155,5304,149
Truck822135,2655,2822,5170,5304,134
Truck822507,2821,2822,5270,5304,34
Truck818604,0,1338,4190,5305,1115
Truck822148,2822,2655,5170,5305,135
Truck822455,2998,2655,5255,5305,50
Truck821373,2821,1339,4955,5306,351
Truck821563,3238,3121,5010,5306,296
Truck822197,2224,1339,5185,5306,121
Truck822614,2656,3331,5300,5306,6
Truck818605,1338,3331,4190,5307,1117
Truck822224,2437,2822,5195,5307,112
Truck822289,3331,2224,5210,5307,97
Truck822369,2655,3331,5235,5307,72
Truck822508,2822,2998,5270,5307,37
Truck819620,2225,1338,4470,5308,838
Truck821705,3121,2655,5050,5308,258
Truck821061,2436,3238,4870,5309,439
Truck822418,2822,3331,5245,5309,64
Truck822473,2998,2999,5260,5309,49
Truck821205,2436,2822,4910,5310,400
Truck821301,2821,3122,4935,5310,375
Truck821579,3121,3238,5015,5310,295
Truck821656,1339,3331,5035,5311,276
Truck821996,2225,3121,5130,5311,181
Truck822407,3121,2999,5245,5311,66
Truck822631,3331,2656,5305,5311,6
Truck821938,2999,2656,5115,5312,197
Truck822384,0,3238,5240,5312,72
Truck822391,3238,0,5240,5312,72
Truck822397,3331,2437,5240,5312,72
Truck821597,3121,3238,5020,5313,293
Truck822171,2655,2822,5180,5313,133
Truck822215,2224,3121,5190,5313,123
Truck822522,3239,2656,5275,5313,38
Truck821670,3122,3331,5040,5314,274
Truck822198,3239,2224,5185,5314,129
Truck822395,2224,2998,5240,5314,74
Truck822491,2998,1339,5265,5314,49
Truck821292,3122,2436,4935,5315,380
Truck821856,3239,3122,5090,5315,225
Truck822243,2655,2437,5200,5315,115
Truck822344,2656,2998,5225,5315,90
Truck821812,2999,3238,5080,5316,236
Truck821942,2225,2437,5115,5316,201
Truck822276,0,2437,5210,5316,106
Truck822415,3331,2999,5245,5316,71
Truck821239,3238,2998,4920,5317,397
Truck821637,2436,2437,5030,5317,287
Truck822233,2224,2225,5195,5317,122
Truck822356,2225,2436,5230,5317,87
Truck821546,2225,3331,5005,5318,313
Truck821750,2656,3122,5060,5318,258
Truck822260,2437,2822,5205,5318,113
Truck822542,2656,3239,5280,5318,38
Truck819473,3121,1338,4430,5319,889
Truck819703,1338,2225,4495,5319,824
Truck822075,2821,2436,5150,5319,169
Truck822152,2437,3121,5175,5319,144
Truck822398,2656,3121,5240,5319,79
Truck822509,2998,1339,5270,5319,49
Truck818875,1338,3122,4265,5320,1055
Truck819059,3121,1338,4315,5320,1005
Truck821741,3121,2224,5060,5320,260
Truck818677,1338,2821,4210,5321,1111
Truck822433,3331,2437,5250,5321,71
Truck822624,3122,0,5305,5321,16
Truck821850,3122,3239,5090,5322,232
Truck821974,2999,2822,5125,5322,197
Truck822251,2224,2999,5200,5323,123
Truck821259,2436,3331,4925,5324,399
Truck821759,3121,3331,5065,5324,259
Truck822012,3122,2655,5135,5324,189
Truck822278,2437,2822,5210,5324,114
Truck818983,1338,2437,4295,5325,1030
Truck821764,1339,2656,5065,5325,260
Truck822460,2999,3121,5260,5325,65
Truck822580,2822,2224,5290,5325,35
Truck819505,1338,2999,4440,5326,886
Truck821436,3122,2822,4975,5326,351
Truck821564,2225,2224,5010,5326,316
Truck822269,2224,2436,5205,5326,121
Truck822368,2437,3122,5235,5326,91
Truck822558,3239,2436,5285,5326,41
Truck821331,2436,1339,4945,5327,382
Truck821346,3122,2436,4950,5327,377
Truck821349,2436,3122,4950,5327,377
Truck821394,0,2821,4965,5327,362
Truck821706,3122,3331,5050,5327,277
Truck822006,0,2655,5135,5327,192
Truck822111,2821,2437,5160,5327,167
Truck822296,2437,2821,5215,5327,112
Truck822664,1339,0,5315,5327,12
Truck821777,3121,3331,5070,5328,258
Truck821956,2999,2436,5120,5328,208
Truck822545,2998,2999,5280,5328,48
Truck821476,1339,2822,4985,5329,344
Truck821866,2999,3238,5095,5329,234
Truck821624,2656,0,5025,5330,305
Truck821992,2999,3239,5130,5330,200
Truck822191,3121,2437,5185,5330,145
Truck822576,3239,2436,5290,5330,40
Truck822524,2656,2822,5275,5331,56
Truck822703,3331,2656,5325,5331,6
Truck821295,2436,2998,4935,5332,397
Truck821572,2822,3122,5010,5332,322
Truck821664,0,3331,5040,5332,292
Truck822129,2821,2999,5165,5332,167
Truck822287,2224,3239,5210,5333,123
Truck822563,2998,2821,5285,5333,48
Truck821277,2436,3239,4930,5334,404
Truck821474,2225,3238,4985,5335,350
Truck821617,3238,3331,5025,5335,310
Truck821795,3121,2656,5075,5335,260
Truck821813,3121,3239,5080,5335,255
Truck822102,3122,2655,5160,5335,175
Truck822305,2224,3331,5215,5336,121
Truck822348,0,2437,5230,5336,106
Truck822678,3122,0,5320,5336,16
Truck818659,1338,3239,4205,5337,1132
Truck822487,3331,2655,5265,5337,72
Truck821556,0,2822,5010,5338,328
Truck821781,2436,3121,5070,5338,268
Truck822470,2656,3121,5260,5338,78
Truck821988,0,2655,5130,5339,209
Truck822028,2999,3331,5140,5339,199
Truck822332,2437,3239,5225,5339,114
Truck822581,2998,3238,5290,5339,49
Truck821322,0,2436,4945,5340,395
Truck821383,3238,2821,4960,5340,380
Truck821445,2821,3122,4975,5340,365
Truck821618,2225,2224,5025,5340,315
Truck822009,2655,0,5135,5340,205
Truck821403,2436,3122,4965,5341,376
Truck821831,3121,2224,5085,5341,256
Truck822165,2821,2655,5175,5341,166
Truck822740,2656,3331,5335,5341,6
Truck821654,2225,0,5035,5342,307
Truck821690,2225,1339,5045,5342,297
Truck822015,2436,2999,5135,5342,207
Truck822316,2999,2225,5220,5342,122
Truck822323,2224,3121,5220,5342,122
Truck822442,2999,2437,5255,5342,87
Truck819387,2436,1338,4405,5343,938
Truck821473,3238,2822,4985,5343,358
Truck822153,2655,2224,5175,5343,168
Truck821631,2655,2225,5030,5344,314
Truck821636,2225,2655,5030,5344,314
Truck822046,2999,2224,5145,5344,199
Truck822599,2998,0,5295,5344,49
Truck821340,0,2436,4950,5345,395
Truck821821,3331,1339,5080,5345,265
Truck821849,3121,2224,5090,5345,255
Truck821903,3121,1339,5105,5345,240
Truck822533,3121,2999,5280,5345,65
Truck822553,3238,3122,5285,5345,60
Truck822630,3239,3121,5305,5345,40
Truck818821,1338,2998,4250,5346,1096
Truck821689,3238,3331,5045,5346,301
Truck822183,2821,1338,5180,5346,166
Truck822578,2656,2822,5290,5346,56
Truck822341,2224,2225,5225,5347,122
Truck822350,2437,2822,5230,5347,117
Truck822513,2655,3331,5275,5347,72
Truck822562,2822,3331,5285,5347,62
Truck821418,3122,2436,4970,5348,378
Truck821707,3238,3121,5050,5348,298
Truck822327,2821,3239,5220,5349,129
Truck822527,2998,2224,5275,5349,74
Truck822617,2998,3121,5300,5349,49
Truck822242,2437,3238,5200,5350,150
Truck822310,2822,2655,5215,5350,135
Truck822670,2822,2821,5315,5350,35
Truck821508,3122,2998,4995,5351,356
Truck822064,2999,3239,5150,5351,201
Truck822359,2224,1338,5230,5351,121
Truck822648,3239,3121,5310,5351,41
Truck821221,3238,2436,4915,5352,437
Truck821466,0,2224,4985,5352,367
Truck821528,2225,3238,5000,5352,352
Truck821926,1339,3121,5110,5352,242
Truck822154,2999,3122,5175,5352,177
Truck822201,2821,3121,5185,5352,167
Truck822541,3331,2225,5280,5352,72
Truck821672,2225,2998,5040,5353,313
Truck822635,2998,2656,5305,5353,48
Truck821367,2436,2656,4955,5354,399
Truck822386,2437,2822,5240,5354,114
Truck822790,1339,3122,5350,5354,4
Truck821518,2822,3238,4995,5355,360
Truck821682,0,2225,5045,5355,310
Truck821762,2225,3122,5065,5356,291
Truck822082,2999,2821,5155,5356,201
Truck822377,2224,0,5235,5356,121
Truck822100,2999,2822,5160,5357,197
Truck822469,3331,2998,5260,5357,97
Truck821584,1339,2822,5015,5358,343
Truck822045,2655,0,5145,5358,213
Truck822219,2821,2436,5190,5358,168
Truck822598,2822,3331,5295,5358,63
Truck821908,1339,3331,5105,5359,254
Truck822557,2224,2998,5285,5359,74
Truck822653,2998,2822,5310,5359,49
Truck821854,1339,2656,5090,5360,270
Truck822346,2822,2225,5225,5360,135
Truck822610,1339,3238,5300,5360,60
Truck822684,3239,2655,5320,5360,40
Truck821385,2436,2655,4960,5361,401
Truck821544,3122,2998,5005,5361,356
Truck822081,2655,1339,5155,5361,206
Truck821458,1339,2821,4980,5362,382
Truck821867,3121,2436,5095,5362,267
Truck821976,3122,3121,5125,5362,237
Truck822225,2655,2998,5195,5362,167
Truck819006,3122,1338,4300,5363,1063
Truck821494,1339,2224,4990,5363,373
Truck821885,3121,2821,5100,5363,263
Truck821916,0,3121,5110,5363,253
Truck821980,1339,3121,5125,5363,238
Truck822192,3122,2999,5185,5363,178
Truck822237,2821,2655,5195,5363,168
Truck822671,2998,3239,5315,5363,48
Truck822702,3239,2656,5325,5363,38
Truck819275,3121,1338,4375,5364,989
Truck821892,3239,3238,5100,5364,264
Truck822117,2655,2999,5165,5364,199
Truck822422,2437,3331,5250,5364,114
Truck821662,2822,3122,5035,5365,330
Truck821994,3122,3121,5130,5365,235
Truck822364,2822,2437,5230,5365,135
Truck822190,2999,1339,5185,5366,181
Truck822194,2225,3121,5185,5366,181
Truck822595,3331,2437,5295,5366,71
Truck822780,0,3122,5350,5366,16
Truck822830,2656,3331,5360,5366,6
Truck821736,0,2225,5060,5367,307
Truck821798,2225,3122,5075,5367,292
Truck822413,2224,1338,5245,5367,122
Truck818857,1338,2822,4260,5369,1109
Truck822523,3331,2224,5275,5369,94
Truck822689,2998,3239,5320,5369,49
Truck818929,1338,2821,4280,5370,1090
Truck819963,2436,1338,4565,5370,805
Truck821526,3122,2224,5000,5370,370
Truck822382,2822,1338,5235,5370,135
Truck821472,3122,2998,4985,5371,386
Truck822431,2224,1338,5250,5371,121
Truck821890,1339,3331,5100,5374,274
Truck822072,3239,3122,5150,5374,224
Truck822705,2821,2998,5325,5374,49
Truck822707,2998,2999,5325,5374,49
Truck819272,2437,1338,4375,5375,1000
Truck821527,3238,2821,5000,5375,375
Truck822099,2655,3122,5160,5375,215
Truck822400,2822,2436,5240,5375,135
Truck822661,3238,3122,5315,5375,60
Truck822136,2999,2436,5170,5376,206
Truck822453,2821,2224,5255,5376,121
Truck822738,3239,2436,5335,5376,41
Truck822822,3122,0,5360,5376,16
Truck821957,3121,2224,5120,5377,257
Truck822030,3122,3121,5140,5377,237
Truck821512,1339,2436,4995,5378,383
Truck822449,2224,2437,5255,5378,123
Truck822291,2821,2436,5210,5379,169
Truck822725,2998,0,5330,5379,49
Truck818803,1338,3239,4245,5380,1135
Truck821535,2821,3122,5000,5380,380
Truck822279,2655,2998,5210,5380,170
Truck822659,3121,2999,5315,5380,65
Truck821661,2821,3122,5035,5381,346
Truck822170,2437,2225,5180,5381,201
Truck822450,3239,2224,5255,5381,126
Truck822510,0,2437,5275,5381,106
Truck822649,3331,2225,5310,5381,71
Truck822756,3239,1338,5340,5381,41
Truck822778,2822,2998,5345,5381,36
Truck818838,0,1338,4255,5382,1127
Truck822464,2225,2999,5260,5382,122
Truck818749,1338,2656,4230,5383,1153
Truck821502,0,2224,4995,5383,388
Truck822467,2224,2225,5260,5383,123
Truck822494,2437,2655,5270,5383,113
Truck822632,2656,2436,5305,5383,78
Truck822774,3239,2656,5345,5383,38
Truck821975,3121,2821,5125,5384,259
Truck822309,2821,2437,5215,5384,169
Truck822423,2655,2822,5250,5384,134
Truck822436,2822,2225,5250,5384,134
Truck822743,2998,1339,5335,5384,49
Truck822268,1339,2999,5205,5385,180
Truck822577,3331,2224,5290,5385,95
Truck818737,3238,1338,4225,5386,1161
Truck822188,2437,2225,5185,5386,201
Truck822222,0,2999,5195,5386,191
Truck822596,2656,2821,5295,5386,91
Truck822608,2225,2436,5300,5386,86
Truck822468,3239,2998,5260,5387,127
Truck822485,2224,3122,5265,5387,122
Truck821347,3238,2436,4950,5388,438
Truck821566,1339,2998,5010,5388,378
Truck821929,3331,0,5110,5388,278
Truck822208,2999,3239,5190,5388,198
Truck822471,2821,3239,5260,5388,128
Truck819145,1338,2822,4340,5389,1049
Truck821998,1339,3331,5130,5389,259
Truck822029,3121,0,5140,5389,249
Truck822512,2437,2656,5275,5389,114
Truck822694,2999,3121,5325,5389,64
Truck822258,0,2655,5205,5390,185
Truck822761,2998,3122,5340,5390,50
Truck819055,1338,3238,4315,5391,1076
Truck821493,2436,2822,4990,5391,401
Truck821869,3238,3121,5095,5391,296
Truck822503,2224,2656,5270,5391,121
Truck819400,2999,1338,4410,5392,982
Truck821646,0,2224,5035,5392,357
Truck822195,2436,2999,5185,5392,207
Truck822714,3122,3238,5330,5392,62
Truck821365,3238,2436,4955,5393,438
Truck821520,0,2436,5000,5393,393
Truck821718,0,2822,5055,5393,338
Truck821923,3238,3331,5110,5393,283
Truck822668,2656,2655,5315,5393,78
Truck819165,2655,1338,4345,5394,1049
Truck822226,2999,2822,5195,5394,199
Truck822298,2999,1339,5215,5394,179
Truck822404,2437,3238,5245,5394,149
Truck822779,2998,2821,5345,5394,49
Truck822934,1339,3122,5390,5394,4
Truck821852,2225,0,5090,5395,305
Truck822472,2822,2436,5260,5395,135
Truck821948,2656,3122,5115,5396,281
Truck822613,3331,2998,5300,5396,96
Truck822521,2224,2436,5275,5397,122
Truck818785,1338,3239,4240,5398,1158
Truck821816,2225,3239,5080,5398,318
Truck821934,0,3331,5115,5398,283
Truck822066,3122,3239,5150,5398,248
Truck822477,2655,2822,5265,5398,133
Truck822548,2437,3239,5285,5398,113
Truck822675,2655,2656,5320,5398,78
Truck822797,2998,2656,5350,5398,48
Truck822828,3239,2656,5360,5398,38
Truck821538,0,2436,5005,5399,394
Truck821834,2225,2822,5085,5399,314
Truck822119,3121,3122,5165,5399,234
Truck822490,2822,2437,5265,5399,134
Truck822121,3238,2655,5165,5400,235
Truck821653,3238,2822,5035,5401,366
Truck822232,1339,2655,5195,5401,206
Truck822443,3121,2437,5255,5401,146
Truck822543,2821,2224,5280,5401,121
Truck822638,2437,3122,5310,5401,91
Truck822651,2821,2656,5310,5401,91
Truck822663,2436,2225,5315,5401,86
Truck822721,3331,2225,5330,5401,71
Truck822906,0,3122,5385,5401,16
Truck819523,1338,3121,4445,5402,957
Truck822248,2225,2437,5200,5402,202
Truck821529,2436,2655,5000,5403,403
Truck822262,2999,2821,5205,5403,198
Truck822539,2224,3331,5280,5403,123
Truck822566,2437,2224,5290,5403,113
Truck822815,2998,3122,5355,5403,48
Truck822864,3239,3331,5370,5403,33
Truck822047,3121,2821,5145,5404,259
Truck822704,2656,2999,5325,5404,79
Truck821635,3238,2822,5030,5405,375
Truck821574,0,2224,5015,5406,391
Truck821710,1339,2998,5050,5406,356
Truck822138,3122,3121,5170,5406,236
Truck822340,1339,2655,5225,5406,181
Truck821547,2436,3239,5005,5407,402
Truck822083,3121,0,5155,5407,252
Truck822244,2999,2436,5200,5407,207
Truck822249,2436,2999,5200,5407,207
Truck822540,3239,2821,5280,5407,127
Truck822561,2821,2224,5285,5407,122
Truck821638,1339,2821,5030,5408,378
Truck822084,3122,3331,5155,5408,253
Truck822280,2999,3239,5210,5408,198
Truck822833,2998,2437,5360,5409,49
Truck822988,1339,3122,5405,5409,4
Truck819509,3121,1338,4440,5410,970
Truck821565,2436,2998,5010,5410,400
Truck821940,3122,2656,5115,5410,295
Truck822352,2999,1339,5230,5410,180
Truck822526,2822,2655,5275,5410,135
Truck822766,2999,3121,5345,5410,65
Truck821941,3238,3121,5115,5411,296
Truck822370,2999,3122,5235,5411,176
Truck822757,3331,2655,5340,5411,71
Truck821716,2822,3238,5050,5412,362
Truck821870,2225,2822,5095,5412,317
Truck822575,2224,3238,5290,5412,122
Truck822579,2821,2224,5290,5412,122
Truck822886,2822,2998,5375,5412,37
Truck822970,1339,0,5400,5412,12
Truck822531,2655,2822,5280,5413,133
Truck822602,2437,2821,5300,5413,113
Truck822019,3331,3122,5135,5414,279
Truck822692,2437,3122,5325,5414,89
Truck822814,2822,2656,5355,5414,59
Truck822851,2998,3331,5365,5414,49
Truck821644,2822,3238,5030,5415,385
Truck821797,3238,2822,5075,5415,340
Truck821905,3238,2656,5105,5415,310
Truck822390,3122,2999,5240,5416,176
Truck822593,2224,3122,5295,5416,121
Truck822685,3331,2821,5320,5416,96
Truck822775,3331,2999,5345,5416,71
Truck819541,1338,2437,4450,5417,967
Truck821619,2436,0,5025,5417,392
Truck822716,2225,2436,5330,5417,87
Truck821688,3122,2998,5045,5418,373
Truck821769,2821,3122,5065,5418,353
Truck822762,0,3238,5345,5418,73
Truck818911,1338,3331,4275,5419,1144
Truck821610,0,2436,5025,5419,394
Truck821906,2225,2821,5105,5419,314
Truck822620,2437,2655,5305,5419,114
Truck822700,1339,2437,5325,5419,94
Truck822758,2656,2436,5340,5419,79
Truck822832,2822,2656,5360,5419,59
Truck822869,2998,2225,5370,5419,49
Truck822351,2655,1339,5230,5420,190
Truck821601,2436,2821,5020,5421,401
Truck822611,2224,2655,5300,5421,121
Truck822722,2656,2998,5330,5421,91
Truck821599,3238,2821,5020,5422,402
Truck822096,0,3331,5160,5422,262
Truck822314,2437,2225,5220,5422,202
Truck822387,2655,3122,5240,5422,182
Truck822776,2656,2999,5345,5422,77
Truck822793,3331,2225,5350,5422,72
Truck819271,1338,2822,4375,5423,1048
Truck821800,1339,2822,5075,5423,348
Truck821842,2822,3238,5085,5423,338
Truck822441,2655,2224,5255,5423,168
Truck822597,2821,3239,5295,5423,128
Truck822765,2655,2656,5345,5423,78
Truck822887,2998,2436,5375,5424,49
Truck822334,2999,3331,5225,5425,200
Truck819222,3122,1338,4360,5426,1066
Truck822297,2655,3238,5215,5426,211
Truck822459,2655,2998,5260,5426,166
Truck822811,3331,3121,5355,5426,71
Truck822847,3331,2822,5365,5426,61
Truck822940,2822,2998,5390,5426,36
Truck822321,2436,2999,5220,5427,207
Truck822629,2224,2822,5305,5427,122
Truck822794,2656,1338,5350,5428,78
Truck819635,3121,1338,4475,5429,954
Truck821700,0,2224,5050,5429,379
Truck823060,1339,3122,5425,5429,4
Truck822013,3238,3121,5135,5430,295
Truck822014,2225,1339,5135,5430,295
Truck822530,2437,3238,5280,5430,150
Truck822739,3331,2224,5335,5430,95
Truck822958,2822,2998,5395,5430,35
Truck821826,0,2822,5085,5431,346
Truck822011,3121,3238,5135,5431,296
Truck822042,0,3331,5145,5431,286
Truck822376,1339,2655,5235,5431,196
Truck822936,3239,2437,5390,5431,41
Truck821511,2436,3238,4995,5432,437
Truck821970,0,2225,5125,5432,307
Truck822032,2225,3122,5140,5432,292
Truck822859,3238,1339,5370,5432,62
Truck822884,2656,2822,5375,5432,57
Truck822304,1339,3239,5215,5433,218
Truck822647,2224,3122,5310,5433,123
Truck818856,0,1338,4260,5434,1174
Truck821655,2436,2656,5035,5434,399
Truck822373,3238,2655,5235,5434,199
Truck822827,2224,2998,5360,5434,74
Truck822923,2998,3122,5385,5434,49
Truck819078,3122,1338,4320,5435,1115
Truck819793,1338,2436,4520,5435,915
Truck821724,3122,2436,5055,5435,380
Truck822002,2656,3238,5130,5435,305
Truck822155,3121,2998,5175,5435,260
Truck818884,1339,1338,4265,5436,1171
Truck821725,3238,2998,5055,5436,381
Truck822388,2999,2822,5240,5436,196
Truck822674,2437,2655,5320,5436,116
Truck822954,3239,2437,5395,5436,41
Truck823074,3122,1339,5430,5436,6
Truck821667,2655,2436,5040,5437,397
Truck821691,2436,0,5045,5437,392
Truck822246,3122,3121,5200,5437,237
Truck822665,2224,2999,5315,5437,122
Truck823050,0,1339,5425,5437,12
Truck821833,3238,2822,5085,5438,353
Truck822048,3122,2225,5145,5438,293
Truck822056,2656,0,5145,5438,293
Truck822062,2437,2436,5150,5438,288
Truck822941,2998,2821,5390,5438,48
Truck818893,1338,0,4270,5440,1170
Truck821745,2436,1339,5060,5440,380
Truck822621,2655,2822,5305,5440,135
Truck822993,2821,2822,5405,5440,35
Truck819109,1338,3331,4330,5441,1111
Truck819181,1338,3122,4350,5441,1091
Truck819757,1338,2999,4510,5441,931
Truck822333,2655,3238,5225,5441,216
Truck822634,2822,1338,5305,5442,137
Truck822683,2224,2437,5320,5442,122
Truck822837,2655,2656,5365,5442,77
Truck822855,2655,3331,5370,5442,72
Truck823068,0,1339,5430,5442,12
Truck821673,2436,2998,5040,5443,403
Truck822406,2999,2998,5245,5443,198
Truck822848,2656,2437,5365,5443,78
Truck822865,3331,2999,5370,5443,73
Truck822922,2822,2656,5385,5443,58
Truck823008,3239,3331,5410,5443,33
Truck821751,2821,0,5060,5444,384
Truck822710,2437,2822,5330,5444,114
Truck822959,2998,1339,5395,5444,49
Truck821880,0,2822,5100,5445,345
Truck822065,3121,3238,5150,5445,295
Truck822086,2225,3122,5155,5445,290
Truck822173,3121,2436,5180,5445,265
Truck822209,3121,2821,5190,5445,255
Truck822800,2437,3122,5355,5445,90
Truck819235,1338,2822,4365,5446,1081
Truck822482,2225,3121,5265,5446,181
Truck822584,2437,3238,5295,5446,151
Truck822701,2224,0,5325,5446,121
Truck819415,1338,2437,4415,5447,1032
Truck819613,1338,3121,4470,5447,977
Truck823012,2822,2224,5410,5447,37
Truck819361,1338,2821,4400,5449,1049
Truck822424,2999,2822,5250,5449,199
Truck822977,2998,2225,5400,5449,49
Truck821709,2436,2655,5050,5450,400
Truck822103,3238,2656,5160,5451,291
Truck822719,2224,2999,5330,5452,122
Truck822027,2655,2225,5140,5453,313
Truck822199,3331,3122,5185,5453,268
Truck822227,3121,3239,5195,5453,258
Truck822901,3331,2225,5380,5453,73
Truck822123,2436,2437,5165,5454,289
Truck822905,2998,2224,5380,5454,74
Truck822995,2998,2436,5405,5454,49
Truck821727,2436,2224,5055,5456,401
Truck821886,3122,2998,5100,5456,356
Truck822440,2437,2225,5255,5456,201
Truck822688,2822,2437,5320,5456,136
Truck822737,2224,2656,5335,5456,121
Truck822952,1339,3238,5395,5456,61
Truck822955,3331,2822,5395,5456,61
Truck823146,3122,1339,5450,5456,6
Truck822567,2655,2821,5290,5457,167
Truck822720,3239,2821,5330,5457,127
Truck822913,3238,0,5385,5457,72
Truck822060,0,2225,5150,5458,308
Truck822902,2656,3121,5380,5458,78
Truck821832,3122,2821,5085,5459,374
Truck822245,3121,2224,5200,5459,259
Truck822849,2821,3331,5365,5459,94
Truck823013,2998,2822,5410,5459,49
Truck822050,2225,3331,5145,5460,315
Truck822706,2822,2225,5325,5460,135
Truck822866,2656,2224,5370,5460,90
Truck819037,1338,2998,4310,5461,1151
Truck819091,1338,2822,4325,5461,1136
Truck822253,3331,3122,5200,5461,261
Truck822447,2436,2999,5255,5461,206
Truck823044,3239,1338,5420,5461,41
Truck820045,1338,2436,4590,5462,872
Truck822755,2224,3239,5340,5462,122
Truck822920,2656,3121,5385,5462,77
Truck822937,3331,2999,5390,5462,72
Truck822966,3122,3238,5400,5462,62
Truck823081,3331,3239,5430,5462,32
Truck822067,3238,3331,5150,5463,313
Truck822164,2656,3238,5175,5463,288
Truck823031,2998,3121,5415,5463,48
Truck819054,0,1338,4315,5464,1149
Truck822724,2822,1338,5330,5464,134
Truck822862,1339,2437,5370,5464,94
Truck819127,1338,0,4335,5465,1130
Truck822068,2225,2998,5150,5465,315
Truck822478,2999,3239,5265,5465,200
Truck822656,2437,3238,5315,5465,150
Truck823084,2822,2224,5430,5465,35
Truck822109,3331,3238,5160,5466,306
Truck822137,3121,3238,5170,5466,296
Truck822354,3122,3121,5230,5466,236
Truck822782,2437,2998,5350,5466,116
Truck821853,2436,3122,5090,5467,377
Truck822158,2225,3122,5175,5467,292
Truck822342,3239,1339,5225,5467,242
Truck822773,2224,2437,5345,5467,122
Truck822876,3122,2437,5375,5467,92
Truck820412,2225,1338,4690,5468,778
Truck822355,3238,2655,5230,5469,239
Truck823049,2998,3239,5420,5469,49
Truck822267,2436,3121,5205,5470,265
Truck822318,3122,3331,5220,5470,250
Truck819276,3122,1338,4375,5471,1096
Truck822157,3238,3121,5175,5471,296
Truck822263,3121,2436,5205,5471,266
Truck822568,2999,1339,5290,5471,181
Truck822569,3121,2225,5290,5471,181
Truck822742,2822,2999,5335,5471,136
Truck822894,3122,2437,5380,5471,91
Truck822908,2437,2999,5385,5471,86
Truck823003,3238,1339,5410,5471,61
Truck823080,3239,2436,5430,5471,41
Truck823102,2822,2821,5435,5471,36
Truck822235,3331,3238,5195,5472,277
Truck822633,2821,3121,5305,5472,167
Truck822791,2224,1339,5350,5472,122
Truck820405,1338,2225,4690,5473,783
Truck821808,0,2821,5080,5473,393
Truck821815,3238,2998,5080,5473,393
Truck821952,0,2821,5120,5473,353
Truck822004,2822,3122,5130,5473,343
Truck822514,2999,2655,5275,5473,198
Truck822777,2821,3239,5345,5473,128
Truck822973,3331,3121,5400,5473,73
Truck823067,2998,2656,5425,5473,48
Truck822104,2225,2655,5160,5474,314
Truck822414,3239,0,5245,5474,229
Truck822819,2655,2437,5360,5474,114
Truck822898,1339,2437,5380,5474,94
Truck821799,2436,2998,5075,5475,400
Truck821913,2821,3238,5105,5475,370
Truck822760,2822,2225,5340,5475,135
Truck819667,1338,3121,4485,5476,991
Truck822299,3121,3239,5215,5476,261
Truck822809,2224,2821,5355,5476,121
Truck821871,2436,1339,5095,5477,382
Truck822501,2436,2999,5270,5477,207
Truck822991,3331,2225,5405,5477,72
Truck823098,3239,2436,5435,5477,42
Truck822122,2225,2821,5165,5478,313
Truck819154,1339,1338,4340,5479,1139
Truck821889,2436,1339,5100,5479,379
Truck822294,0,3239,5215,5479,264
Truck822317,3121,2998,5220,5479,259
Truck822836,2437,2822,5365,5479,114
Truck821985,2821,1339,5125,5480,355
Truck822358,1339,3331,5230,5480,250
Truck822532,2999,3239,5280,5480,200
Truck823116,3239,3121,5440,5480,40
Truck819327,2655,1338,4390,5481,1091
Truck822308,2656,1339,5215,5481,266
Truck822657,2655,2224,5315,5481,166
Truck822810,3239,2224,5355,5481,126
Truck823138,2822,2224,5445,5481,36
Truck819937,1338,2999,4560,5482,922
Truck821962,1339,2998,5120,5482,362
Truck818947,1338,2821,4285,5483,1198
Truck822796,2822,3121,5350,5483,133
Truck822040,2822,1339,5140,5484,344
Truck822094,2822,3122,5155,5484,329
Truck822335,3121,2655,5225,5484,259
Truck822412,1339,3239,5245,5484,239
Truck822550,2999,2655,5285,5484,199
Truck822669,2821,2437,5315,5484,169
Truck823103,2998,2821,5435,5484,49
Truck822140,2225,3331,5170,5485,315
Truck822124,1339,2822,5165,5486,321
Truck822687,2821,2225,5320,5486,166
Truck823254,3122,1339,5480,5486,6
Truck819288,0,1338,4380,5487,1107
Truck822325,3331,0,5220,5487,267
Truck822554,2225,2437,5285,5487,202
Truck822626,2225,3121,5305,5487,182
Truck822845,2224,1338,5365,5487,122
Truck822956,2656,2821,5395,5487,92
Truck823010,2656,1338,5410,5487,77
Truck819343,1338,2224,4395,5488,1093
Truck822034,1339,2821,5140,5488,348
Truck822872,2437,2822,5375,5488,113
Truck823121,2998,3331,5440,5488,48
Truck819073,1338,2998,4320,5489,1169
Truck819199,1338,2998,4355,5489,1134
Truck823025,2224,2998,5415,5489,74
Truck822022,2822,0,5135,5490,355
Truck822229,3238,3121,5195,5490,295
Truck822585,2655,2999,5295,5490,195
Truck822658,2999,3122,5315,5491,176
Truck822863,2224,2437,5370,5491,121
Truck822867,2821,2224,5370,5491,121
Truck820207,1338,2999,4635,5492,857
Truck822445,3238,2999,5255,5492,237
Truck822466,1339,3239,5260,5492,232
Truck822586,2999,2224,5295,5492,197
Truck822860,2225,2999,5370,5492,122
Truck823078,1339,3238,5430,5492,62
Truck822890,2437,2655,5380,5493,113
Truck823139,2998,2225,5445,5493,48
Truck820084,2999,1338,4600,5494,894
Truck822176,2225,2656,5180,5494,314
Truck820099,1338,2999,4605,5495,890
Truck821887,3238,2998,5100,5495,395
Truck822972,3239,2822,5400,5495,95
Truck821959,3238,2822,5120,5496,376
Truck822247,3238,3121,5200,5496,296
Truck822764,2437,3238,5345,5496,151
Truck823063,3331,2436,5425,5496,71
Truck823290,3122,1339,5490,5496,6
Truck821944,1339,2436,5115,5497,382
Truck822723,2821,2999,5330,5497,167
Truck822881,2224,2436,5375,5497,122
Truck823207,3331,3239,5465,5497,32
Truck822549,2655,3122,5285,5498,213
Truck819253,1338,3239,4370,5499,1129
Truck821958,3122,2436,5120,5499,379
Truck822479,3121,3122,5265,5499,234
Truck822711,2655,2821,5330,5499,169
Truck823157,2998,0,5450,5499,49
Truck822850,2822,2655,5365,5500,135
Truck821901,2655,2436,5105,5501,396
Truck822211,3238,2656,5190,5501,311
Truck822604,2999,2821,5300,5501,201
Truck823188,3239,3121,5460,5501,41
Truck821761,3238,2436,5065,5502,437
Truck822212,2225,2224,5190,5502,312
Truck822636,0,2999,5310,5502,192
Truck822882,3239,2821,5375,5502,127
Truck822899,2224,3238,5380,5502,122
Truck823284,0,1339,5490,5502,12
Truck822389,3121,2655,5240,5503,263
Truck822680,2225,3121,5320,5503,183
Truck822926,2437,2822,5390,5503,113
Truck823111,3238,1339,5440,5503,63
Truck819973,1338,2999,4570,5504,934
Truck822016,1339,2224,5135,5504,369
Truck823016,2437,3122,5415,5504,89
Truck823085,2998,2224,5430,5504,74
Truck823175,2998,3239,5455,5504,49
Truck822868,2822,2436,5370,5505,135
Truck823028,2656,2821,5415,5505,90
Truck822052,1339,2224,5145,5506,361
Truck822290,2656,0,5210,5506,296
Truck822747,2655,2224,5340,5506,166
Truck822917,2224,2821,5385,5506,121
Truck823099,3331,1338,5435,5506,71
Truck822504,3239,1339,5270,5507,237
Truck823009,3331,2998,5410,5507,97
Truck823135,3331,2822,5445,5507,62
Truck823197,2655,3239,5465,5507,42
Truck823206,3239,2436,5465,5507,42
Truck822193,3238,2656,5185,5508,323
Truck822425,3121,2655,5250,5508,258
Truck822944,2437,2998,5395,5508,113
Truck821907,2436,3239,5105,5509,404
Truck822486,3239,3122,5265,5509,244
Truck823024,1339,2437,5415,5509,94
Truck823034,2437,3122,5420,5509,89
Truck823193,2998,3122,5460,5510,50
Truck823245,2821,2822,5475,5510,35
Truck821925,2436,2224,5110,5511,401
Truck822302,2225,1339,5215,5511,296
Truck822935,2224,2437,5390,5511,121
Truck823117,3331,2999,5440,5511,71
Truck821943,2436,2224,5115,5512,397
Truck823224,3239,2999,5470,5512,42
Truck822394,1339,3331,5240,5513,273
Truck822918,3239,2998,5385,5513,128
Truck822962,2437,2655,5400,5513,113
Truck822380,2656,3122,5235,5514,279
Truck822904,2822,2225,5380,5514,134
Truck823211,2998,2821,5465,5514,49
Truck819902,2437,1338,4550,5515,965
Truck822142,1339,2998,5170,5515,345
Truck823045,3331,2998,5420,5515,95
Truck821817,2436,3238,5080,5516,436
Truck822266,2225,3239,5205,5516,311
Truck822795,2821,2655,5350,5516,166
Truck823064,2656,2998,5425,5516,91
Truck823168,1339,3238,5455,5516,61
Truck822953,2224,1339,5395,5517,122
Truck822461,3121,3331,5260,5519,259
Truck823229,2998,2821,5470,5519,49
Truck822492,0,3121,5270,5520,250
Truck822980,2437,2822,5405,5520,115
Truck823082,2656,2224,5430,5520,90
Truck820297,1338,2436,4660,5521,861
Truck821961,2436,2656,5120,5521,401
Truck822220,2822,1339,5190,5521,331
Truck823186,1339,3238,5460,5521,61
Truck823344,3122,0,5505,5521,16
Truck822160,1339,2822,5175,5522,347
Truck822693,2655,2999,5325,5522,197
Truck822971,2224,2821,5400,5522,122
Truck819433,1338,3239,4420,5523,1103
Truck819468,0,1338,4430,5523,1093
Truck819487,1338,2655,4435,5523,1088
Truck819904,2999,1338,4550,5523,973
Truck822139,3238,2225,5170,5523,353
Truck822416,2656,0,5245,5523,278
Truck822484,1339,2656,5265,5523,258
Truck822639,2655,0,5310,5523,213
Truck822998,2437,3331,5410,5523,113
Truck823125,2655,2656,5445,5523,78
Truck819217,1338,3239,4360,5524,1164
Truck821979,2436,2224,5125,5525,400
Truck822069,2436,3122,5150,5525,375
Truck822570,3122,3121,5290,5525,235
Truck823247,2998,2437,5475,5525,50
Truck822120,3122,2998,5165,5526,361
Truck822353,3121,3238,5230,5526,296
Truck823100,2656,2224,5435,5526,91
Truck823278,3239,3121,5485,5526,41
Truck823300,2822,2224,5490,5526,36
Truck823362,3122,0,5510,5526,16
Truck822676,2999,2436,5320,5527,207
Truck822681,2436,2999,5320,5527,207
Truck822831,2821,2999,5360,5527,167
Truck822989,2224,1339,5405,5527,122
Truck819325,1338,3331,4390,5528,1138
Truck822147,2821,1339,5170,5528,358
Truck822497,3121,2822,5270,5529,259
Truck823088,2437,1339,5435,5529,94
Truck823265,2998,0,5480,5529,49
Truck819577,1338,3121,4460,5530,1070
Truck822506,2656,3122,5270,5530,260
Truck823296,3239,2655,5490,5530,40
Truck823007,2224,3238,5410,5531,121
Truck823130,2225,2436,5445,5531,86
Truck823287,2655,3239,5490,5531,41
Truck823374,0,3122,5515,5531,16
Truck819586,1339,1338,4460,5532,1072
Truck821997,2436,2998,5130,5532,402
Truck822371,3121,3238,5235,5532,297
Truck822434,2656,1339,5250,5532,282
Truck822699,2436,2999,5325,5532,207
Truck822712,2999,2224,5330,5532,202
Truck822788,2225,3121,5350,5532,182
Truck823176,0,3238,5460,5532,72
Truck822087,2436,3122,5155,5533,378
Truck822202,2822,1339,5185,5533,348
Truck823183,3238,0,5460,5533,73
Truck822024,0,2436,5140,5534,394
Truck822320,2225,2656,5220,5534,314
Truck822976,2822,2225,5400,5534,134
Truck820459,1338,2225,4705,5535,830
Truck820477,1338,2225,4710,5535,825
Truck822184,2822,3238,5180,5535,355
Truck822730,2999,2821,5335,5535,200
Truck822963,2655,2822,5400,5535,135
Truck823283,2998,2822,5485,5535,50
Truck822594,3239,3122,5295,5536,241
Truck823142,2437,2999,5450,5536,86
Truck823144,2999,2437,5450,5536,86
Truck819559,1338,2998,4455,5537,1082
Truck823179,2655,2656,5460,5537,77
Truck823351,3331,3239,5505,5537,32
Truck823137,2821,2656,5445,5538,93
Truck823190,2656,1338,5460,5538,78
Truck823301,2998,2822,5490,5538,48
Truck819865,1338,2437,4540,5539,999
Truck822078,0,2998,5155,5539,384
Truck822338,2225,2822,5225,5539,314
Truck822994,2822,3121,5405,5539,134
Truck822838,2999,3122,5365,5540,175
Truck823052,2437,2998,5425,5540,115
Truck823332,3239,2225,5500,5541,41
Truck821977,3238,2821,5125,5542,417
Truck822885,2821,2655,5375,5542,167
Truck823154,2656,2821,5450,5542,92
Truck819414,0,1338,4415,5543,1128
Truck822033,2436,2822,5140,5543,403
Truck823026,3239,2821,5415,5543,128
Truck823043,2224,2436,5420,5543,123
Truck823208,2656,3121,5465,5543,78
Truck822551,3121,2655,5285,5544,259
Truck823152,3239,2822,5450,5544,94
Truck823319,2998,2436,5495,5544,49
Truck822051,2436,2821,5145,5545,400
Truck822230,2225,3238,5195,5545,350
Truck822754,1339,2655,5340,5545,205
Truck823153,3331,2998,5450,5545,95
Truck823172,2656,2821,5455,5545,90
Truck819529,3238,1338,4445,5546,1101
Truck823061,2224,3121,5425,5546,121
Truck823243,3331,1338,5475,5546,71
Truck819379,1338,3122,4405,5547,1142
Truck822458,2437,2436,5260,5547,287
Truck823370,2656,3239,5510,5548,38
Truck822264,3122,2821,5205,5549,344
Truck822646,1339,3239,5310,5549,239
Truck822903,2821,2437,5380,5549,169
Truck822967,3238,2437,5400,5549,149
Truck823337,2998,2655,5500,5549,49
Truck823492,1339,3122,5545,5549,4
Truck819525,2655,1338,4445,5550,1105
Truck820189,1338,2999,4630,5550,920
Truck822452,2656,3238,5255,5550,295
Truck822588,3122,3239,5295,5550,255
Truck819685,1338,1339,4490,5551,1061
Truck822250,1339,2821,5200,5552,352
Truck822402,0,2225,5245,5552,307
Truck822476,2437,2436,5265,5552,287
Truck822921,2821,3121,5385,5552,167
Truck823079,2224,2437,5430,5552,122
Truck823244,2656,2655,5475,5552,77
Truck823261,3331,1338,5480,5552,72
Truck823297,3331,2822,5490,5552,62
Truck823355,2998,3122,5505,5553,48
Truck822488,2656,1339,5265,5554,289
Truck822559,3331,0,5285,5554,269
Truck819307,1338,2655,4385,5555,1170
Truck822392,2225,2998,5240,5555,315
Truck823106,2437,3239,5440,5555,115
Truck822587,3121,3239,5295,5556,261
Truck822802,2999,3331,5355,5556,201
Truck822939,2821,3121,5390,5556,166
Truck823001,3121,2437,5410,5556,146
Truck823470,3122,0,5540,5556,16
Truck822114,0,2436,5165,5557,392
Truck822255,2821,1339,5200,5557,357
Truck822927,2655,2224,5390,5557,167
Truck819631,1338,3331,4475,5558,1083
Truck822292,2822,1339,5210,5558,348
Truck822480,3122,2225,5265,5558,293
Truck823097,2224,1338,5435,5558,123
Truck823373,2998,2436,5510,5558,48
Truck822105,2436,2656,5160,5559,399
Truck822410,2225,2656,5245,5559,314
Truck823204,1339,2437,5465,5559,94
Truck823262,2656,2437,5480,5559,79
Truck822856,2999,0,5370,5560,190
Truck823425,2821,2822,5525,5560,35
Truck822238,2822,0,5195,5561,366
Truck822910,2999,3122,5385,5561,176
Truck822945,2655,2821,5395,5561,166
Truck823066,2822,2436,5425,5561,136
Truck823404,3239,3121,5520,5561,41
Truck822228,3122,2224,5195,5562,367
Truck822273,2821,0,5205,5562,357
Truck822336,3122,2822,5225,5562,337
Truck822818,2437,2225,5360,5562,202
Truck822957,2821,2999,5395,5562,167
Truck823112,2225,2999,5440,5562,122
Truck823115,2224,3121,5440,5562,122
Truck822623,3121,2998,5305,5563,258
Truck822186,0,2224,5185,5564,379
Truck819289,1338,2821,4380,5565,1185
Truck823021,3238,2437,5415,5565,150
Truck823391,2998,3238,5515,5565,50
Truck823443,2821,2822,5530,5565,35
Truck822428,2225,2821,5250,5566,316
Truck822605,3121,2436,5300,5566,266
Truck823225,3331,2998,5470,5566,96
Truck823422,3239,2999,5525,5566,41
Truck823133,2224,2437,5445,5567,122
Truck823348,1339,3238,5505,5567,62
Truck820225,1338,2436,4640,5568,928
Truck822141,2436,2821,5170,5568,398
Truck822600,0,3331,5300,5568,268
Truck822612,3239,3238,5300,5568,268
Truck822975,2821,1338,5400,5568,168
Truck819901,1338,2822,4550,5569,1019
Truck822337,3238,2822,5225,5569,344
Truck822446,2225,2655,5255,5569,314
Truck822666,3239,1339,5315,5569,254
Truck823409,2998,2437,5520,5569,49
Truck822641,3121,3331,5310,5570,260
Truck822319,3238,2225,5220,5571,351
Truck822729,2655,3238,5335,5571,236
Truck822854,2437,2225,5370,5571,201
Truck823342,2999,3121,5505,5571,66
Truck823388,2656,2822,5515,5571,56
Truck823568,2656,3331,5565,5571,6
Truck822213,2436,1339,5190,5572,382
Truck822214,1339,2436,5190,5572,382
Truck822874,2999,3331,5375,5572,197
Truck823148,2225,2999,5450,5572,122
Truck823151,2224,2225,5450,5572,122
Truck823316,2656,2999,5495,5572,77
Truck823440,3239,1338,5530,5572,42
Truck823477,3331,3239,5540,5572,32
Truck823546,1339,0,5560,5572,12
Truck822231,2436,1339,5195,5573,378
Truck822328,2822,0,5220,5573,353
Truck822515,3121,3238,5275,5573,298
Truck822618,0,2656,5305,5573,268
Truck822981,2655,2998,5405,5573,168
Truck822792,3239,3122,5350,5574,224
Truck822946,2999,1339,5395,5574,179
Truck823305,2655,2656,5495,5574,79
Truck819561,2655,1338,4455,5575,1120
Truck822751,3238,2999,5340,5575,235
Truck823120,2822,2655,5440,5575,135
Truck819595,1338,2655,4465,5576,1111
Truck822690,0,3121,5325,5576,251
Truck823341,2655,3331,5505,5576,71
Truck823384,1339,3238,5515,5576,61
Truck822322,1339,2821,5220,5577,357
Truck822650,2656,0,5310,5577,267
Truck822748,2999,3238,5340,5577,237
Truck823169,2224,2656,5455,5577,122
Truck822560,2656,3122,5285,5578,293
Truck822677,3121,2822,5320,5578,258
Truck822783,2655,0,5350,5578,228
Truck822947,3121,2225,5395,5578,183
Truck823011,2821,2655,5410,5578,168
Truck823334,2656,2437,5500,5578,78
Truck823445,2998,1339,5530,5578,48
Truck822892,2999,2656,5380,5579,199
Truck823196,2437,2655,5465,5579,114
Truck823279,3331,2821,5485,5579,94
Truck823378,2999,3121,5515,5579,64
Truck822769,3238,2999,5345,5580,235
Truck823282,2822,3239,5485,5580,95
Truck822708,0,3239,5330,5581,251
Truck823369,3331,2436,5510,5581,71
Truck819451,1338,2224,4425,5582,1157
Truck822682,1339,3331,5320,5582,262
Truck823476,3239,2437,5540,5582,42
Truck822909,2655,2999,5385,5583,198
Truck823187,2224,1338,5460,5583,123
Truck823352,2656,2999,5505,5583,78
Truck823156,2822,3121,5450,5584,134
Truck823463,2998,0,5535,5584,49
Truck822500,2225,3331,5270,5585,315
Truck823214,2437,2822,5470,5585,115
Truck823294,1339,2437,5490,5585,95
Truck823494,3239,2655,5545,5585,40
Truck822787,3238,2999,5350,5586,236
Truck822942,0,2999,5395,5586,191
Truck823205,2224,3239,5465,5586,121
Truck823232,2437,3331,5475,5586,111
Truck823322,2437,2999,5500,5586,86
Truck823328,2225,2436,5500,5586,86
Truck822374,2225,3238,5235,5587,352
Truck822713,3121,2998,5330,5587,257
Truck822914,2225,2437,5385,5587,202
Truck819658,1339,1338,4480,5588,1108
Truck823359,2655,2656,5510,5589,79
Truck820711,1338,2225,4775,5590,815
Truck822505,3331,3238,5270,5590,320
Truck822590,2225,1339,5295,5590,295
Truck823174,2822,2225,5455,5590,135
Truck819649,1338,2224,4480,5591,1111
Truck822285,2436,1339,5210,5591,381
Truck822928,2999,2224,5390,5591,201
Truck823223,2224,2999,5470,5591,121
Truck822518,2225,3239,5275,5592,317
Truck823250,2437,2822,5480,5592,112
Truck823405,3331,1338,5520,5592,72
Truck820423,1338,2999,4695,5593,898
Truck822672,0,2656,5320,5593,273
Truck819883,1338,3122,4545,5594,1049
Truck823336,2822,3239,5500,5594,94
Truck822536,2225,2822,5280,5595,315
Truck822240,0,2436,5200,5596,396
Truck822520,1339,2822,5275,5596,321
Truck822686,2656,3122,5320,5596,276
Truck822916,1339,2655,5385,5596,211
Truck823453,3238,1339,5535,5596,61
Truck823530,3239,2999,5555,5596,41
Truck823038,3122,2999,5420,5597,177
Truck823083,2821,2655,5430,5597,167
Truck823241,2224,2821,5475,5597,122
Truck823423,3331,2225,5525,5597,72
Truck820369,1338,2999,4680,5598,918
Truck822964,2999,2998,5400,5598,198
Truck823478,2656,2822,5540,5598,58
Truck823517,2998,2436,5550,5598,48
Truck823268,2437,2821,5485,5599,114
Truck823406,2656,3121,5520,5599,79
Truck823427,2998,2224,5525,5599,74
Truck823054,2999,3122,5425,5600,175
Truck823353,2821,3331,5505,5600,95
Truck823101,2821,1338,5435,5601,166
Truck823210,2822,1338,5465,5601,136
Truck823286,2437,2656,5490,5601,111
Truck823304,2437,0,5495,5601,106
Truck823441,3331,3121,5530,5601,71
Truck820355,3121,1338,4675,5602,927
Truck822427,3238,2225,5250,5602,352
Truck822448,1339,2821,5255,5603,348
Truck822767,3121,3331,5345,5603,258
Truck823259,2224,3122,5480,5603,123
Truck819847,1338,3331,4535,5604,1069
Truck822982,2999,3239,5405,5604,199
Truck823535,2998,2436,5555,5604,49
Truck822572,2225,2822,5290,5605,315
Truck823160,2437,3238,5455,5605,150
Truck823588,2822,2821,5570,5605,35
Truck823000,2999,2655,5410,5606,196
Truck823107,2655,2821,5440,5606,166
Truck823119,2821,2436,5440,5606,166
Truck823277,2224,2656,5485,5606,121
Truck823449,2655,3331,5535,5606,71
Truck822667,3331,3238,5315,5607,292
Truck822999,2655,2999,5410,5607,197
Truck823228,2822,2225,5470,5607,137
Truck823371,2821,3331,5510,5607,97
Truck822785,3121,2656,5350,5608,258
Truck823246,2822,2436,5475,5608,133
Truck822877,3238,2999,5375,5610,235
Truck823553,2998,3122,5560,5610,50
Truck822159,2436,3238,5175,5611,436
Truck823575,2655,3239,5570,5611,41
Truck822462,3122,2822,5260,5612,352
Truck822603,2655,2225,5300,5612,312
Truck823288,2999,2225,5490,5612,122
Truck823295,2224,2436,5490,5612,122
Truck823414,2999,2437,5525,5612,87
Truck823460,2656,2225,5535,5612,77
Truck823513,3331,2822,5550,5612,62
Truck823584,3239,2437,5570,5612,42
Truck822444,3122,2224,5255,5613,358
Truck823571,2998,2436,5565,5613,48
Truck820351,1338,2436,4675,5614,939
Truck822303,2436,3331,5215,5614,399
Truck822408,3122,2224,5245,5614,369
Truck823018,2999,2656,5415,5614,199
Truck823358,2437,0,5510,5614,104
Truck823481,2998,2224,5540,5614,74
Truck822409,3238,2821,5245,5615,370
Truck822643,3238,2656,5310,5615,305
Truck822839,3121,0,5365,5615,250
Truck823356,0,2437,5510,5615,105
Truck823424,2656,2224,5525,5615,90
Truck823624,2822,2821,5580,5615,35
Truck822393,2436,3122,5240,5616,376
Truck822744,0,2656,5340,5616,276
Truck823686,3122,0,5600,5616,16
Truck822544,2822,1339,5280,5617,337
Truck822654,0,3331,5315,5617,302
Truck823005,2436,2999,5410,5617,207
Truck823053,2655,0,5425,5617,192
Truck823708,1339,0,5605,5617,12
Truck819721,1338,1339,4500,5618,1118
Truck823155,2821,3121,5450,5618,168
Truck823313,2224,2655,5495,5618,123
Truck823482,0,3238,5545,5618,73
Truck819469,1338,3238,4430,5619,1189
Truck822417,2821,3122,5245,5619,374
Truck823499,2998,2224,5545,5619,74
Truck820772,2225,1338,4790,5620,830
Truck822695,3121,3238,5325,5620,295
Truck822846,3239,1339,5365,5620,255
Truck823340,2437,2998,5505,5620,115
Truck823587,2821,2998,5570,5620,50
Truck823589,2998,3331,5570,5620,50
Truck820172,2437,1338,4625,5621,996
Truck822345,2821,3238,5225,5621,396
Truck822803,3121,2436,5355,5621,266
Truck822852,0,3121,5370,5621,251
Truck823036,2999,2224,5420,5621,201
Truck823314,3239,2998,5495,5621,126
Truck823331,2224,3331,5500,5621,121
Truck822411,2436,3122,5245,5622,377
Truck823161,2655,2821,5455,5622,167
Truck822399,2821,3122,5240,5623,383
Truck822812,2656,3122,5355,5623,268
Truck823173,2821,1338,5455,5623,168
Truck822592,1339,2822,5295,5624,329
Truck822912,3122,3121,5385,5624,239
Truck822929,3121,3122,5390,5624,234
Truck823110,3122,2655,5440,5624,184
Truck823496,2656,1338,5545,5624,79
Truck823607,2998,3239,5575,5624,49
Truck822481,3238,2822,5265,5625,360
Truck822644,2225,2224,5310,5625,315
Truck823448,2437,3122,5535,5625,90
Truck819739,1338,0,4505,5626,1121
Truck822429,2436,3122,5250,5626,376
Truck822718,1339,2225,5330,5626,296
Truck820067,3121,1338,4595,5627,1032
Truck822732,3122,2225,5335,5627,292
Truck822900,3239,3122,5380,5627,247
Truck823349,2224,2999,5505,5627,122
Truck823472,2225,2436,5540,5627,87
Truck823531,3331,2436,5555,5627,72
Truck823638,3239,2655,5585,5627,42
Truck823514,2656,2999,5550,5628,78
Truck822489,2821,1339,5265,5629,364
Truck822746,2437,2436,5340,5629,289
Truck823017,2655,3122,5415,5629,214
Truck823255,3238,2437,5480,5629,149
Truck822474,0,2224,5265,5630,365
Truck822662,2225,2656,5315,5630,315
Truck822715,3238,3331,5330,5630,300
Truck823108,2999,0,5440,5630,190
Truck823318,2822,2655,5495,5630,135
Truck823376,2437,2998,5515,5630,115
Truck823625,2998,2655,5580,5630,50
Truck822357,2436,2224,5230,5631,401
Truck822829,3331,3122,5360,5631,271
Truck823367,2224,3239,5510,5631,121
Truck822430,1339,2436,5250,5632,382
Truck823350,3239,2821,5505,5633,128
Truck822375,2436,3331,5235,5634,399
Truck823035,2655,0,5420,5634,214
Truck823532,2656,2999,5555,5634,79
Truck823643,2998,2436,5585,5634,49
Truck823323,2655,2822,5500,5635,135
Truck823674,3239,2225,5595,5635,40
Truck823215,2655,2224,5470,5636,166
Truck823385,2224,2656,5515,5636,121
Truck823412,2437,2224,5525,5636,111
Truck823484,2437,3122,5545,5636,91
Truck823603,3331,2822,5575,5636,61
Truck819798,3122,1338,4520,5637,1117
Truck820467,2436,1338,4705,5637,932
Truck822857,3121,2436,5370,5637,267
Truck822990,3239,3122,5405,5637,232
Truck823567,3331,2437,5565,5637,72
Truck822698,2225,2822,5325,5638,313
Truck823163,3121,2225,5455,5638,183
Truck823354,2822,2999,5505,5638,133
Truck822893,3121,2822,5380,5639,259
Truck822965,3121,1339,5400,5639,239
Truck823661,2998,2437,5590,5639,49
Truck822772,1339,2225,5345,5640,295
Truck822807,2436,2437,5355,5640,285
Truck819684,0,1338,4490,5641,1151
Truck822438,0,2224,5255,5641,386
Truck822465,2436,1339,5260,5641,381
Truck822770,2225,1339,5345,5641,296
Truck823090,2999,2436,5435,5641,206
Truck823430,2437,2656,5530,5641,111
Truck823770,0,3122,5625,5641,16
Truck822628,1339,2822,5305,5642,337
Truck823400,2225,2999,5520,5642,122
Truck823403,2224,3331,5520,5642,122
Truck823585,3331,1338,5570,5642,72
Truck822265,3238,2436,5205,5643,438
Truck822363,2821,3238,5230,5644,414
Truck823126,2999,2656,5445,5644,199
Truck823372,2822,2655,5510,5644,134
Truck823679,2998,3239,5595,5644,49
Truck822911,3121,3239,5385,5645,260
Truck823633,3238,3122,5585,5645,60
Truck820693,1338,2436,4770,5646,876
Truck822534,3122,2224,5280,5646,366
Truck823089,2655,3238,5435,5646,211
Truck823162,2999,0,5455,5646,191
Truck823732,2822,2998,5610,5646,36
Truck822435,2821,3238,5250,5647,397
Truck822589,3238,2225,5295,5647,352
Truck823124,2437,2225,5445,5647,202
Truck823421,2224,3239,5525,5647,122
Truck823590,0,3238,5575,5647,72
Truck823639,3331,2822,5585,5647,62
Truck823158,0,2655,5455,5648,193
Truck823697,2998,3122,5600,5648,48
Truck822525,2821,0,5275,5649,374
Truck822734,2225,2656,5335,5649,314
Truck823062,3239,3122,5425,5649,224
Truck823390,2822,2655,5515,5649,134
Truck823528,1339,2437,5555,5649,94
Truck823534,2822,3239,5555,5649,94
Truck823852,1339,3122,5645,5649,4
Truck822499,3238,2224,5270,5650,380
Truck822535,3238,2224,5280,5650,370
Truck823019,3121,3122,5415,5650,235
Truck822463,3238,2821,5260,5651,391
Truck822502,1339,2436,5270,5651,381
Truck822516,3122,2998,5275,5651,376
Truck823281,2821,2437,5485,5651,166
Truck823439,2224,2656,5530,5651,121
Truck823558,2999,2437,5565,5651,86
Truck823562,2225,2436,5565,5651,86
Truck823728,3239,2437,5610,5651,41
Truck822616,2822,1339,5300,5652,352
Truck823143,2655,3122,5450,5652,202
Truck823621,3331,2225,5580,5652,72
Truck822556,1339,2224,5285,5653,368
Truck822805,3238,3331,5355,5653,298
Truck823715,2998,0,5605,5653,48
Truck823345,3238,2437,5505,5654,149
Truck823408,2822,1338,5520,5654,134
Truck823870,1339,3122,5650,5654,4
Truck822652,2822,0,5310,5655,345
Truck822752,2225,2224,5340,5655,315
Truck822861,2436,2437,5370,5655,285
Truck823549,3331,2821,5560,5655,95
Truck822456,0,2436,5260,5656,396
Truck822821,3121,3238,5360,5656,296
Truck823361,3121,2437,5510,5656,146
Truck823551,2821,3331,5560,5656,96
Truck823746,3239,2655,5615,5656,41
Truck823830,3122,0,5640,5656,16
Truck823873,3331,2656,5650,5656,6
Truck822840,3122,2225,5365,5657,292
Truck823006,1339,3331,5410,5657,247
Truck823457,2224,3122,5535,5657,122
Truck823782,3239,3331,5625,5658,33
Truck819775,1338,2998,4515,5659,1144
Truck823258,1339,2999,5480,5659,179
Truck823622,2656,2655,5580,5659,79
Truck823733,2998,1339,5610,5659,49
Truck819919,1338,2821,4555,5660,1105
Truck823180,2999,2656,5460,5660,200
Truck823272,3122,2999,5485,5660,175
Truck823520,2437,0,5555,5660,105
Truck823569,2821,3331,5565,5660,95
Truck823586,2656,2224,5570,5660,90
Truck822517,3238,2821,5275,5661,386
Truck822736,1339,2822,5335,5661,326
Truck822806,2225,0,5355,5661,306
Truck822951,2436,3121,5395,5661,266
Truck823256,2225,3121,5480,5661,181
Truck823690,1339,3238,5600,5661,61
Truck822339,2436,3238,5225,5662,437
Truck822798,0,2225,5355,5662,307
Truck823027,3331,1339,5415,5662,247
Truck823458,3239,2998,5535,5662,127
Truck823475,2224,3239,5540,5662,122
Truck822786,3122,2822,5350,5663,313
Truck823317,2821,1338,5495,5663,168
Truck823696,2822,3331,5600,5663,63
Truck823784,2656,3239,5625,5663,38
Truck822983,3121,3331,5405,5664,259
Truck823574,2437,1339,5570,5664,94
Truck822895,3238,3239,5380,5665,285
Truck823394,2437,3121,5520,5665,145
Truck823444,2822,2436,5530,5665,135
Truck823751,2998,3239,5615,5665,50
Truck823073,3121,3122,5430,5666,236
Truck823521,2655,2437,5555,5666,111
Truck823909,3331,2656,5660,5666,6
Truck822984,3122,2656,5405,5667,262
Truck823274,2225,3121,5485,5667,182
Truck819811,1338,0,4525,5668,1143
Truck823462,2822,2999,5535,5668,133
Truck823493,2224,2437,5545,5668,123
Truck823216,2999,2656,5470,5669,199
Truck823600,1339,2437,5575,5669,94
Truck823673,2224,2998,5595,5669,74
Truck823769,2998,3121,5620,5670,50
Truck822883,3331,3238,5375,5671,296
Truck823056,3122,3239,5425,5671,246
Truck823399,3238,2437,5520,5671,151
Truck822495,2655,2436,5270,5672,402
Truck822875,3121,3238,5375,5672,297
Truck823134,3239,3122,5445,5672,227
Truck823511,2224,2821,5550,5672,122
Truck823538,2437,3331,5560,5672,112
Truck823634,2225,2436,5585,5672,87
Truck822919,3331,1339,5385,5673,288
Truck823248,0,2999,5480,5673,193
Truck823676,2656,1338,5595,5673,78
Truck820194,3122,1338,4630,5674,1044
Truck823233,2655,0,5475,5674,199
Truck823787,2998,2822,5625,5674,49
Truck822824,2225,2998,5360,5675,315
Truck822938,2656,0,5390,5675,285
Truck823234,2999,3331,5475,5675,200
Truck823480,2822,2655,5540,5676,136
Truck823640,2656,2821,5585,5676,91
Truck823818,3239,3121,5635,5676,41
Truck823945,3331,2656,5670,5676,6
Truck822625,3238,2821,5305,5677,372
Truck822642,3122,2821,5310,5677,367
Truck822733,3238,2822,5335,5677,342
Truck822960,0,2656,5400,5677,277
Truck823529,2224,1338,5555,5677,122
Truck823556,2437,2655,5565,5677,112
Truck823694,2656,2655,5600,5677,77
Truck822537,2436,2224,5280,5678,398
Truck822974,2656,3122,5400,5678,278
Truck823498,2822,2655,5545,5678,133
Truck823636,1339,2437,5585,5678,93
Truck823512,3239,2998,5550,5679,129
Truck823960,1339,3122,5675,5679,4
Truck822842,2225,3239,5365,5680,315
Truck823324,2999,1339,5500,5680,180
Truck823805,2998,1339,5630,5680,50
Truck822696,3122,2224,5325,5681,356
Truck823729,3331,2436,5610,5681,71
Truck822930,3122,2225,5390,5682,292
Truck823020,3122,2656,5415,5682,267
Truck823547,2224,2437,5560,5682,122
Truck820607,3121,1338,4745,5683,938
Truck822555,2436,2224,5285,5683,398
Truck823055,3121,2655,5425,5684,259
Truck823389,2821,1338,5515,5684,169
Truck823712,2656,3121,5605,5684,79
Truck823757,3121,2999,5620,5684,64
Truck823240,1339,2655,5475,5685,210
Truck823516,2822,2225,5550,5685,135
Truck823664,2437,3122,5595,5685,90
Truck823689,2436,2225,5600,5685,85
Truck823823,2998,2225,5635,5685,50
Truck822615,2821,1339,5300,5686,386
Truck823002,3122,3331,5410,5686,276
Truck823270,2999,3239,5485,5686,201
Truck823565,2224,2437,5565,5686,121
Truck823657,3331,2998,5590,5686,96
Truck823932,0,3122,5670,5686,16
Truck822573,2436,2822,5290,5687,397
Truck822582,0,2998,5295,5687,392
Truck823407,2821,2225,5520,5687,167
Truck823548,3239,2224,5560,5687,127
Truck823734,0,3238,5615,5688,73
Truck823804,2822,2656,5630,5688,58
Truck823841,2998,1338,5640,5688,48
Truck820513,1338,2436,4720,5689,969
Truck822726,0,2822,5335,5690,355
Truck823128,3122,3331,5445,5690,245
Truck823592,2437,2821,5575,5690,115
Truck823863,2655,3239,5650,5690,40
Truck820009,1338,0,4580,5691,1111
Truck822660,3122,2436,5315,5691,376
Truck822741,2821,1339,5335,5691,356
Truck822878,2225,3331,5375,5691,316
Truck822968,2225,3122,5400,5691,291
Truck823611,2655,2437,5580,5691,111
Truck823872,3239,2655,5650,5691,41
Truck823894,2822,2998,5655,5691,36
Truck823566,3239,2998,5565,5692,127
Truck823583,2224,2437,5570,5692,122
Truck823968,0,1339,5680,5692,12
Truck820696,2999,1338,4770,5693,923
Truck823306,2999,2822,5495,5693,198
Truck820786,2999,1338,4795,5694,899
Truck822858,3122,2822,5370,5695,325
Truck823859,2998,2437,5645,5695,50
Truck820027,1338,3239,4585,5696,1111
Truck822591,2436,3331,5295,5696,401
Truck823091,3121,2998,5435,5696,261
Truck823628,2437,3239,5585,5696,111
Truck823629,2655,2437,5585,5696,111
Truck823816,1339,3238,5635,5696,61
Truck822896,2225,3331,5380,5697,317
Truck822986,2225,3122,5405,5697,292
Truck823431,2655,2821,5530,5697,167
Truck823601,2224,2656,5575,5697,122
Truck823693,3331,2998,5600,5697,97
Truck822609,2436,3331,5300,5698,398
Truck822759,2821,3122,5340,5698,358
Truck823096,1339,3331,5435,5698,263
Truck823109,3121,2656,5440,5698,258
Truck823502,2437,3121,5550,5698,148
Truck823766,2656,2999,5620,5698,78
Truck822750,3122,2224,5340,5699,359
Truck823570,2822,2655,5565,5699,134
Truck823710,3239,2822,5605,5699,94
Truck823877,2998,2999,5650,5699,49
Truck819955,1338,2655,4565,5700,1135
Truck820334,2437,1338,4670,5700,1030
Truck823360,2999,0,5510,5700,190
Truck823402,1339,2999,5520,5700,180
Truck823461,2821,2436,5535,5700,165
Truck822483,2436,3238,5265,5701,436
Truck822985,3238,3121,5405,5701,296
Truck823619,2224,2655,5580,5701,121
Truck823801,3331,2436,5630,5701,71
Truck823908,3239,2436,5660,5701,41
Truck823930,2822,2821,5665,5701,36
Truck824028,3122,1339,5695,5701,6
Truck820117,1338,1339,4610,5702,1092
Truck823122,0,3331,5445,5703,258
Truck823858,2822,2656,5645,5703,58
Truck822931,3238,2656,5390,5704,314
Truck823895,2998,2656,5655,5704,49
Truck822607,3238,2821,5300,5705,405
Truck823127,3121,2656,5445,5705,260
Truck823682,2437,0,5600,5705,105
Truck822627,2436,2998,5305,5706,401
Truck822808,1339,2821,5355,5706,351
Truck822950,2225,2822,5395,5706,311
Truck823041,2436,2437,5420,5706,286
Truck823754,2437,2999,5620,5706,86
Truck822768,3122,2998,5345,5707,362
Truck823637,2224,2437,5585,5707,122
Truck823819,3331,2437,5635,5707,72
Truck823948,2822,2224,5670,5707,37
Truck822932,2225,2998,5390,5708,318
Truck822717,2436,3122,5330,5709,379
Truck823046,2656,0,5420,5709,289
Truck823217,3121,1339,5470,5709,239
Truck823606,2822,2437,5575,5709,134
Truck820586,2437,1338,4740,5710,970
Truck823145,3121,2656,5450,5710,260
Truck823913,2998,0,5660,5710,50
Truck819829,1338,3331,4530,5711,1181
Truck820116,0,1338,4610,5711,1101
Truck822645,2436,2998,5310,5711,401
Truck823433,3121,2225,5530,5711,181
Truck823452,3122,2999,5535,5711,176
Truck823655,2224,2436,5590,5711,121
Truck823700,2437,0,5605,5711,106
Truck823944,3239,2999,5670,5711,41
Truck823966,2822,2998,5675,5711,36
Truck823648,2999,2225,5590,5712,122
Truck823652,2225,2999,5590,5712,122
Truck823683,2655,2437,5600,5712,112
Truck823809,2655,2656,5635,5712,77
Truck824050,1339,0,5700,5712,12
Truck819991,1338,2821,4575,5714,1139
Truck820315,1338,2822,4665,5714,1049
Truck822519,2436,3238,5275,5714,439
Truck823377,2655,3122,5515,5714,199
Truck823762,1339,2437,5620,5714,94
Truck823835,2224,2998,5640,5714,74
Truck822992,2656,0,5405,5715,310
Truck823170,3239,3238,5455,5715,260
Truck823768,2822,3239,5620,5715,95
Truck823931,2998,3331,5665,5715,50
Truck823004,2225,0,5410,5716,306
Truck823765,3331,2998,5620,5716,96
Truck823962,3239,2225,5675,5716,41
Truck823164,3122,3239,5455,5717,262
Truck823395,2655,2999,5520,5717,197
Truck823656,3239,2821,5590,5717,127
Truck823515,2821,2225,5550,5718,168
Truck823396,2999,2224,5520,5719,199
Truck823579,3238,2437,5570,5719,149
Truck823949,2998,0,5670,5719,49
Truck822679,3238,2821,5320,5720,400
Truck823136,2656,0,5445,5720,275
Truck823181,3121,2656,5460,5720,260
Truck823642,2822,2437,5585,5720,135
Truck823980,3239,2225,5680,5720,40
Truck820063,1338,3122,4595,5721,1126
Truck823140,0,2656,5450,5721,271
Truck822826,1339,2224,5360,5722,362
Truck823446,0,2655,5535,5722,187
Truck823533,2821,1338,5555,5722,167
Truck823677,2821,3239,5595,5722,127
Truck823118,2656,3122,5440,5723,283
Truck823691,2224,1339,5600,5723,123
Truck823856,2656,2437,5645,5723,78
Truck820352,2437,1338,4675,5724,1049
Truck823660,2822,2436,5590,5724,134
Truck823718,2437,2998,5610,5724,114
Truck823871,2224,2998,5650,5724,74
Truck823967,2998,2656,5675,5724,49
Truck823039,3238,2656,5420,5725,305
Truck823075,3238,3121,5430,5726,296
Truck823242,3239,3122,5475,5726,251
Truck823713,2821,2224,5605,5726,121
Truck823924,1339,3238,5665,5726,61
Truck823610,2437,3121,5580,5727,147
Truck823695,2821,3239,5600,5727,127
Truck823891,3331,2999,5655,5727,72
Truck823432,2999,3239,5530,5728,198
Truck823709,2224,2437,5605,5728,123
Truck823985,2998,2821,5680,5728,48
Truck822571,3238,2436,5290,5729,439
Truck823022,2225,2821,5415,5729,314
Truck823736,2437,2821,5615,5729,114
Truck823678,2822,2436,5595,5730,135
Truck823808,2437,1339,5635,5730,95
Truck823057,3238,2656,5425,5731,306
Truck823131,2436,2437,5445,5731,286
Truck822880,1339,2224,5375,5732,357
Truck823727,2224,3238,5610,5732,122
Truck823850,2225,2436,5645,5732,87
Truck823368,3239,1339,5510,5733,223
Truck822735,2436,2822,5335,5734,399
Truck823040,2225,2998,5420,5734,314
Truck823450,2999,3331,5535,5734,199
Truck824003,2998,2822,5685,5734,49
Truck821035,1338,2436,4865,5735,870
Truck824034,3239,2436,5695,5735,40
Truck822834,0,2821,5365,5736,371
Truck823226,2656,1339,5470,5736,266
Truck823927,3331,2655,5665,5736,71
Truck823076,2225,0,5430,5737,307
Truck823171,3331,3122,5455,5737,282
Truck823189,3331,3238,5460,5737,277
Truck823745,2224,2821,5615,5737,122
Truck822813,2821,3122,5355,5738,383
Truck823218,3122,2656,5470,5738,268
Truck823649,3121,2437,5590,5738,148
Truck823910,2656,2225,5660,5738,78
Truck824054,2656,3239,5700,5738,38
Truck820153,1338,2655,4620,5739,1119
Truck823468,2999,2655,5540,5739,199
Truck823646,2437,3238,5590,5739,149
Truck824021,2998,2999,5690,5739,49
Truck824073,2821,2822,5705,5739,34
Truck823253,3121,2655,5480,5740,260
Truck823772,2437,2655,5625,5740,115
Truck820177,3238,1338,4625,5741,1116
Truck823315,3331,1339,5495,5741,246
Truck823466,2437,2225,5540,5741,201
Truck823560,3122,2999,5565,5741,176
Truck823714,2822,1338,5605,5741,136
Truck823855,3331,2998,5645,5741,96
Truck823874,2656,2821,5650,5741,91
Truck824052,3239,1338,5700,5741,41
Truck822825,2436,1339,5360,5742,382
Truck823058,2225,3331,5425,5742,317
Truck823093,3238,3331,5435,5742,307
Truck823182,3122,3331,5460,5742,282
Truck823269,2655,3121,5485,5742,257
Truck823327,3238,3239,5500,5742,242
Truck823435,3238,2655,5530,5742,212
Truck823763,2224,1339,5620,5742,122
Truck823791,2655,2437,5630,5742,112
Truck824074,2822,2998,5705,5742,37
Truck821007,2436,1338,4855,5743,888
Truck822753,2436,3331,5340,5743,403
Truck822771,2436,2224,5345,5743,398
Truck823260,3239,3238,5480,5743,263
Truck823790,2437,3239,5630,5743,113
Truck823928,2656,2655,5665,5743,78
Truck820783,1338,2999,4795,5744,949
Truck823071,2655,2225,5430,5744,314
Truck823464,0,2655,5540,5744,204
Truck824039,2998,3239,5695,5744,49
Truck823363,3238,2999,5510,5745,235
Truck822816,0,2224,5360,5746,386
Truck823486,2999,2998,5545,5746,201
Truck823522,2999,0,5555,5746,191
Truck824197,3331,2656,5740,5746,6
Truck823150,1339,2225,5450,5747,297
Truck823219,3238,3239,5470,5747,277
Truck823623,2821,1338,5580,5747,167
Truck823781,2224,2655,5625,5747,122
Truck823178,2437,2436,5460,5748,288
Truck823893,2821,2656,5655,5748,93
Truck823946,2656,2655,5670,5748,78
Truck823950,0,3238,5675,5748,73
Truck824057,2998,2655,5700,5748,48
Truck820083,2655,1338,4600,5749,1149
Truck820171,1338,3331,4625,5749,1124
Truck823289,3121,2998,5490,5749,259
Truck823504,2999,2655,5550,5749,199
Truck823737,2655,2822,5615,5749,134
Truck823890,3239,2822,5655,5749,94
Truck823991,3121,2999,5685,5750,65
Truck824088,3239,2999,5710,5750,40
Truck823094,2225,2655,5435,5751,316
Truck823641,2821,2437,5585,5751,166
Truck824014,1339,3238,5690,5751,61
Truck821079,2436,1338,4875,5752,877
Truck823271,3121,2436,5485,5752,267
Truck823799,2224,3239,5630,5752,122
Truck824036,2656,2822,5695,5752,57
Truck823536,0,2999,5560,5753,193
Truck824075,2998,2225,5705,5753,48
Truck823032,0,2822,5420,5754,334
Truck823320,0,3121,5500,5754,254
Truck822843,2436,0,5365,5755,390
Truck824106,3239,2999,5715,5755,40
Truck820285,3238,1338,4655,5756,1101
Truck823817,2224,0,5635,5756,121
Truck823999,3331,2437,5685,5756,71
Truck822948,3122,2821,5395,5757,362
Truck823485,2655,3238,5545,5757,212
Truck823659,2821,2655,5590,5757,167
Truck823845,2655,2437,5645,5757,112
Truck823920,3122,2437,5665,5757,92
Truck823982,2656,2436,5680,5757,77
Truck822888,0,2998,5380,5758,378
Truck823325,3121,2655,5500,5758,258
Truck823786,2822,2225,5625,5758,133
Truck823800,3239,2821,5630,5758,128
Truck823844,2437,2821,5645,5758,113
Truck823926,3239,2822,5665,5758,93
Truck820441,1338,2821,4700,5759,1059
Truck824093,2998,1339,5710,5759,49
Truck823307,3121,2436,5495,5760,265
Truck824047,3238,3122,5700,5760,60
Truck824124,3239,2437,5720,5761,41
Truck822697,3238,2436,5325,5762,437
Truck823048,2822,1339,5420,5762,342
Truck823280,2656,0,5485,5762,277
Truck823828,2999,2225,5640,5762,122
Truck824000,2656,2999,5685,5763,78
Truck824053,3331,2822,5700,5763,63
Truck823415,3121,1339,5525,5764,239
Truck824111,2998,0,5715,5764,49
Truck823593,2655,1339,5575,5765,190
Truck823972,2999,2437,5680,5765,85
Truck824142,3239,2436,5725,5765,40
Truck824035,3331,2225,5695,5766,71
Truck823298,2656,3122,5490,5767,277
Truck823853,2224,1338,5645,5767,122
Truck823880,2437,2656,5655,5767,112
Truck822924,0,2224,5390,5768,378
Truck823166,2225,3331,5455,5768,313
Truck823576,2999,2821,5570,5768,198
Truck824018,2656,2437,5690,5768,78
Truck824129,2998,2436,5720,5768,48
Truck824033,2224,2998,5695,5769,74
Truck823822,2822,2225,5635,5770,135
Truck823963,3331,2998,5675,5770,95
Truck823333,3331,3122,5500,5771,271
Truck823666,2999,3122,5595,5771,176
Truck822823,3238,2224,5360,5772,412
Truck823194,0,2225,5465,5772,307
Truck824040,0,3238,5700,5772,72
Truck823104,0,2822,5440,5773,333
Truck823184,2225,2998,5460,5773,313
Truck823343,3121,2436,5505,5773,268
Truck823594,2999,2998,5575,5773,198
Truck823978,1339,2437,5680,5773,93
Truck823014,0,2998,5415,5774,359
Truck823326,3122,2656,5500,5774,274
Truck823840,2822,2225,5640,5774,134
Truck824147,2998,2437,5725,5774,49
Truck823065,2821,1339,5425,5775,350
Truck823898,2437,2656,5660,5775,115
Truck824008,2999,2437,5690,5775,85
Truck824101,3238,3122,5715,5775,60
Truck824200,2822,2821,5740,5775,35
Truck821125,1338,2999,4890,5776,886
Truck823889,2224,2822,5655,5776,121
Truck824178,3239,2436,5735,5776,41
Truck824306,2656,3331,5770,5776,6
Truck823202,2225,3239,5465,5777,312
Truck824284,1339,0,5765,5777,12
Truck820999,1338,2999,4855,5778,923
Truck822891,2655,2436,5380,5778,398
Truck820081,1338,2655,4600,5779,1179
Truck823612,2999,2821,5580,5779,199
Truck823731,2821,2655,5610,5779,169
Truck823916,2437,3331,5665,5779,114
Truck824165,2998,3239,5730,5779,49
Truck820243,1338,3122,4645,5780,1135
Truck822996,0,2821,5410,5780,370
Truck823042,1339,2224,5420,5780,360
Truck823413,2655,3121,5525,5780,255
Truck824217,2821,2822,5745,5780,35
Truck822897,2436,3239,5380,5781,401
Truck823379,3121,2436,5515,5781,266
Truck824196,3239,1338,5740,5781,41
Truck824274,0,3122,5765,5781,16
Truck823647,2655,0,5590,5782,192
Truck823907,2224,3331,5660,5782,122
Truck823934,2437,2656,5670,5782,112
Truck824118,3122,3238,5720,5782,62
Truck823630,2999,3239,5585,5783,198
Truck824214,3239,2656,5745,5783,38
Truck823220,2225,2998,5470,5784,314
Truck824017,3331,2998,5690,5784,94
Truck824020,2822,3239,5690,5784,94
Truck823826,2437,3121,5640,5785,145
Truck824183,2998,2655,5735,5785,50
Truck823702,2999,1339,5605,5786,181
Truck823925,2224,2225,5665,5786,121
Truck824019,2821,3331,5690,5786,96
Truck822915,2436,2821,5385,5787,402
Truck823701,2655,3122,5605,5787,182
Truck824107,3331,3121,5715,5787,72
Truck822789,2436,3238,5350,5788,438
Truck823236,3122,2822,5475,5788,313
Truck823767,2821,2225,5620,5788,168
Truck824201,2998,1339,5740,5788,48
Truck822933,2436,2656,5390,5789,399
Truck823386,3239,3238,5515,5789,274
Truck822978,0,2998,5405,5790,385
Truck823310,2225,1339,5495,5790,295
Truck824254,2822,2224,5755,5790,35
Truck820621,1338,2821,4750,5791,1041
Truck820837,1338,3121,4810,5791,981
Truck823238,2225,2998,5475,5791,316
Truck823635,2436,2999,5585,5791,206
Truck824158,1339,3238,5730,5791,61
Truck824232,3239,2436,5750,5791,41
Truck824310,0,3122,5775,5791,16
Truck820135,1338,2998,4615,5792,1177
Truck820387,1338,2224,4685,5792,1107
Truck822969,2436,0,5400,5792,392
Truck823392,0,3331,5520,5792,272
Truck823503,2655,3238,5550,5792,242
Truck823943,2224,0,5670,5792,122
Truck824125,3331,2437,5720,5792,72
Truck824180,2656,2822,5735,5792,57
Truck823785,2821,1338,5625,5793,168
Truck823970,2437,3331,5680,5793,113
Truck824108,2656,2999,5715,5793,78
Truck823451,3121,3331,5535,5794,259
Truck824219,2998,3331,5745,5794,49
Truck824374,1339,3122,5790,5794,4
Truck824271,2821,2822,5760,5795,35
Truck823961,2224,3122,5675,5796,121
Truck824060,2437,3122,5705,5796,91
Truck824378,2656,3331,5790,5796,6
Truck821402,2225,1338,4965,5797,832
Truck823346,2225,3122,5505,5797,292
Truck823755,2655,3122,5620,5797,177
Truck823803,2821,2436,5630,5797,167
Truck823954,2999,2225,5675,5797,122
Truck824250,3239,2655,5755,5797,42
Truck824272,2822,2821,5760,5797,37
Truck820504,1339,1338,4715,5798,1083
Truck824268,3239,2656,5760,5798,38
Truck820549,1338,3122,4730,5799,1069
Truck823129,3238,2225,5445,5799,354
Truck823192,2822,1339,5460,5799,339
Truck823366,1339,2656,5510,5799,289
Truck824237,2998,3238,5750,5799,49
Truck823030,2822,3238,5415,5800,385
Truck824090,2656,2224,5710,5800,90
Truck824022,0,2437,5695,5801,106
Truck824071,3331,2821,5705,5801,96
Truck824290,2822,2821,5765,5801,36
Truck823979,2224,2436,5680,5802,122
Truck820333,1338,3239,4670,5803,1133
Truck823387,3331,3122,5515,5803,288
Truck823543,3238,2655,5560,5803,243
Truck823495,3331,0,5545,5804,259
Truck824255,2998,1338,5755,5804,49
Truck823086,0,2998,5435,5805,370
Truck823292,2225,2822,5490,5806,316
Truck823684,2999,2436,5600,5806,206
Truck823827,2655,2998,5640,5806,166
Truck824286,3239,2436,5765,5806,41
Truck823077,2436,3122,5430,5807,377
Truck822987,2436,3331,5405,5808,403
Truck823505,3121,3239,5550,5808,258
Truck823719,2655,2999,5610,5808,198
Truck823997,2224,2436,5685,5808,123
Truck824089,3331,2998,5710,5808,98
Truck823595,3121,3122,5575,5809,234
Truck823839,2821,1338,5640,5809,169
Truck824273,2998,1339,5760,5809,49
Truck823539,2655,3238,5560,5810,250
Truck823608,0,3239,5580,5810,230
Truck824126,2656,2821,5720,5810,90
Truck824326,2822,2821,5775,5810,35
Truck820984,2999,1338,4850,5811,961
Truck822879,2436,3238,5375,5811,436
Truck823720,2999,2822,5610,5811,201
Truck824024,2437,2656,5695,5811,116
Truck823132,1339,2998,5445,5813,368
Truck823998,3239,2821,5685,5813,128
Truck824015,2224,2821,5690,5813,123
Truck824042,2437,2224,5700,5813,113
Truck824291,2998,2437,5765,5813,48
Truck820339,3238,1338,4670,5814,1144
Truck823523,3121,2998,5555,5814,259
Truck823984,2822,2437,5680,5815,135
Truck823023,2436,3331,5415,5816,401
Truck823364,2225,0,5510,5816,306
Truck824144,2656,2998,5725,5816,91
Truck824215,3331,2436,5745,5816,71
Truck824322,3239,1338,5775,5816,41
Truck820224,0,1338,4640,5817,1177
Truck820338,3122,1338,4670,5817,1147
Truck823875,2821,2225,5650,5817,167
Truck824016,3239,2821,5690,5817,127
Truck823222,1339,2998,5470,5818,348
Truck823814,2225,3121,5635,5818,183
Truck824198,2656,2436,5740,5818,78
Truck823092,3122,2224,5435,5819,384
Truck823264,2822,1339,5480,5819,339
Truck823541,3121,2998,5560,5819,259
Truck824309,2998,2822,5770,5819,49
Truck820279,1338,3238,4655,5820,1165
Truck823527,2436,3121,5555,5820,265
Truck823756,2999,3239,5620,5820,200
Truck823952,2437,3121,5675,5820,145
Truck824143,3331,2998,5725,5820,95
Truck824340,3239,2436,5780,5820,40
Truck823848,3122,2999,5645,5821,176
Truck824146,2822,3239,5725,5821,96
Truck824288,2656,2822,5765,5821,56
Truck824460,3122,1339,5815,5821,6
Truck820603,1338,3122,4745,5822,1077
Truck823557,2655,3121,5565,5822,257
Truck823738,2999,2436,5615,5822,207
Truck823832,2225,3121,5640,5822,182
Truck823846,2999,3122,5645,5822,177
Truck824051,2224,3331,5700,5822,122
Truck824055,2821,2224,5700,5822,122
Truck824079,2655,2437,5710,5822,112
Truck824094,0,2437,5715,5822,107
Truck824233,3331,3121,5750,5822,72
Truck823029,2821,3238,5415,5823,408
Truck823047,2821,3238,5420,5823,403
Truck823114,1339,2998,5440,5823,383
Truck824078,2437,2821,5710,5823,113
Truck824327,2998,2821,5775,5823,48
Truck823559,3121,3331,5565,5824,259
Truck823680,0,2655,5600,5824,224
Truck823774,2999,2822,5625,5824,199
Truck824007,2655,2822,5690,5824,134
Truck824251,3331,1338,5755,5826,71
Truck824478,3122,1339,5820,5826,6
Truck823561,3238,3239,5565,5827,262
Truck824234,2656,2225,5750,5827,77
Truck824380,2822,2998,5790,5827,37
Truck823209,2821,0,5465,5828,363
Truck823459,3331,0,5535,5828,293
Truck824025,2655,2822,5695,5828,133
Truck824069,2224,2655,5705,5828,123
Truck823577,3121,2998,5570,5829,259
Truck824345,2998,3331,5780,5829,49
Truck823149,2436,1339,5450,5830,380
Truck823382,2225,2821,5515,5830,315
Truck823620,3239,3122,5580,5830,250
Truck823792,2999,3331,5630,5830,200
Truck821924,2225,1338,5110,5831,721
Truck824087,2224,2437,5710,5831,121
Truck824130,0,2437,5725,5831,106
Truck824181,2821,3331,5735,5831,96
Truck824269,3331,2225,5760,5831,71
Truck823200,3122,2224,5465,5832,367
Truck823230,0,2224,5475,5832,357
Truck823602,3239,0,5575,5832,257
Truck823824,0,2999,5640,5832,192
Truck824080,2999,2225,5710,5832,122
Truck824114,2437,2656,5720,5832,112
Truck824199,2821,2656,5740,5832,92
Truck824256,0,3238,5760,5832,72
Truck823212,0,2821,5470,5833,363
Truck823604,2656,3122,5575,5833,258
Truck823929,2821,2437,5665,5833,168
Truck822949,3238,2436,5395,5834,439
Truck823442,2656,3238,5530,5834,304
Truck824009,3121,2437,5690,5834,144
Truck824363,2998,2655,5785,5834,49
Truck823988,2437,3238,5685,5835,150
Truck823886,2225,3121,5655,5836,181
Truck824105,2224,2999,5715,5836,121
Truck824287,3331,2999,5765,5836,71
Truck824522,2656,3331,5830,5836,6
Truck820446,3122,1338,4700,5837,1137
Truck823469,3121,3238,5540,5837,297
Truck823810,2999,2224,5635,5837,202
Truck824270,2656,2437,5760,5837,77
Truck824394,3239,2436,5795,5837,42
Truck823488,3122,2225,5545,5838,293
Truck823935,2655,2821,5670,5838,168
Truck824132,2437,2822,5725,5838,113
Truck821090,2437,1338,4880,5839,959
Truck823418,2225,2998,5525,5839,314
Truck823613,3121,2998,5580,5839,259
Truck824151,2655,2437,5730,5839,109
Truck823113,2436,2998,5440,5840,400
Truck824381,2998,1339,5790,5840,50
Truck824305,3331,2436,5770,5841,71
Truck824314,2999,3121,5775,5841,66
Truck820801,1338,3122,4800,5842,1042
Truck823631,3121,2656,5585,5842,257
Truck823705,3238,2999,5605,5842,237
Truck823899,2655,3122,5660,5842,182
Truck824123,2224,1339,5720,5842,122
Truck824338,1339,3238,5780,5842,62
Truck824412,3239,1338,5800,5842,42
Truck820573,3238,1338,4735,5843,1108
Truck824092,2822,2225,5710,5843,133
Truck824399,2998,3238,5795,5843,48
Truck823426,2822,1339,5525,5844,319
Truck824554,1339,3122,5840,5844,4
Truck823227,2821,1339,5470,5845,375
Truck823237,3238,2998,5475,5845,370
Truck823191,2821,3238,5460,5846,386
Truck823330,1339,2224,5500,5846,346
Truck824141,2224,2436,5725,5846,121
Truck824430,3239,2655,5805,5846,41
Truck820639,1338,2998,4755,5847,1092
Truck820841,3121,1338,4810,5847,1037
Truck821053,1338,2437,4870,5847,977
Truck823436,2225,2822,5530,5847,317
Truck824467,3331,3239,5815,5847,32
Truck823263,2821,1339,5480,5848,368
Truck824168,2437,2655,5735,5848,113
Truck824353,3238,1339,5785,5848,63
Truck824417,2998,3331,5800,5848,48
Truck820675,1338,2998,4765,5849,1084
Truck823438,1339,2822,5530,5849,319
Truck823864,2999,2224,5650,5849,199
Truck820729,1338,1339,4780,5850,1070
Truck823936,2999,1339,5670,5850,180
Truck824202,0,2437,5745,5850,105
Truck823454,2225,2224,5535,5851,316
Truck824110,2822,3121,5715,5851,136
Truck824159,2224,0,5730,5851,121
Truck823266,0,2821,5485,5852,367
Truck823739,3121,3122,5615,5852,237
Truck823881,2655,2999,5655,5852,197
Truck824001,2821,1338,5685,5852,167
Truck824341,3331,3121,5780,5852,72
Truck824470,2822,2998,5815,5852,37
Truck823467,2655,2225,5540,5853,313
Truck823665,2655,3121,5595,5853,258
Truck824435,2998,2822,5805,5853,48
Truck820531,1338,2998,4725,5856,1131
Truck824359,3331,2436,5785,5856,71
Truck824466,3239,2999,5815,5856,41
Truck824593,3331,2656,5850,5856,6
Truck823698,0,3121,5605,5857,252
Truck824177,2224,2656,5735,5857,122
Truck824342,2656,2437,5780,5857,77
Truck823490,2225,2821,5545,5858,313
Truck823692,3239,3238,5600,5858,258
Truck824453,2998,2999,5810,5858,48
Truck823201,3238,2224,5465,5859,394
Truck823524,3122,2822,5555,5859,304
Truck823900,2999,2656,5660,5859,199
Truck824357,2224,2998,5785,5859,74
Truck824416,2822,2656,5800,5859,59
Truck823059,2436,3238,5425,5860,435
Truck823165,3238,2998,5455,5860,405
Truck824222,2437,2656,5750,5860,110
Truck824289,2821,3331,5765,5860,95
Truck823550,2656,3238,5560,5861,301
Truck824377,3331,2436,5790,5861,71
Truck824568,3122,0,5845,5861,16
Truck820657,1338,3239,4760,5862,1102
Truck823185,2436,3331,5460,5862,402
Truck823599,2436,2437,5575,5862,287
Truck823904,2225,2437,5660,5862,202
Truck823976,2225,3121,5680,5862,182
Truck824195,2224,3239,5740,5862,122
Truck824590,1339,0,5850,5862,12
Truck823203,2436,2224,5465,5863,398
Truck823703,3121,2822,5605,5863,258
Truck823918,2999,3331,5665,5863,198
Truck824294,2437,1339,5770,5863,93
Truck824371,3238,0,5790,5863,73
Truck821899,1338,2225,5105,5864,759
Truck823489,3238,2656,5545,5864,319
Truck823508,2225,2821,5550,5864,314
Truck823888,1339,2655,5655,5864,209
Truck824164,2822,1338,5730,5864,134
Truck824304,3239,2822,5770,5864,94
Truck824324,2656,2224,5775,5864,89
Truck824360,2656,1338,5785,5864,79
Truck824471,2998,3122,5815,5864,49
Truck820261,1338,3239,4650,5865,1215
Truck824312,2437,3122,5775,5865,90
Truck824523,2821,2822,5830,5865,35
Truck820765,1338,0,4790,5866,1076
Truck824010,3122,2999,5690,5866,176
Truck824117,3121,2437,5720,5866,146
Truck824395,3331,2655,5795,5866,71
Truck824425,3238,1339,5805,5866,61
Truck824428,1339,3238,5805,5866,61
Truck824502,3239,2437,5825,5866,41
Truck823276,1339,2436,5485,5867,382
Truck824450,2656,2822,5810,5867,57
Truck823798,1339,3121,5630,5868,238
Truck823953,2655,1339,5675,5868,193
Truck824213,2224,3122,5745,5868,123
Truck824489,2998,2655,5820,5868,48
Truck823526,2225,2224,5555,5869,314
Truck823726,1339,3331,5610,5869,259
Truck823764,3239,3238,5620,5869,249
Truck823917,2655,3122,5665,5869,204
Truck823221,2436,2998,5470,5870,400
Truck823716,0,3239,5610,5870,260
Truck824240,2437,2822,5755,5870,115
Truck820855,1338,2437,4815,5871,1056
Truck823650,3122,3331,5590,5871,281
Truck824182,2822,1338,5735,5871,136
Truck820802,2437,1338,4800,5872,1072
Truck823299,2821,1339,5490,5872,382
Truck823675,3331,3122,5595,5872,277
Truck824231,2224,3122,5750,5872,122
Truck824323,3331,2224,5775,5872,97
Truck824626,1339,0,5860,5872,12
Truck823308,3122,2436,5495,5873,378
Truck823434,3122,2224,5530,5873,343
Truck823544,2225,2656,5560,5873,313
Truck824330,2437,1339,5780,5873,93
Truck820585,1338,2224,4740,5874,1134
Truck823658,2656,3122,5590,5874,284
Truck823668,3122,2656,5595,5874,279
Truck824411,2224,2998,5800,5874,74
Truck824507,2998,3121,5825,5874,49
Truck823836,3239,3122,5640,5875,235
Truck824538,3239,2655,5835,5875,40
Truck824249,2224,2822,5755,5876,121
Truck824258,2437,2655,5760,5876,116
Truck824352,3122,2437,5785,5876,91
Truck824366,2437,2999,5790,5876,86
Truck824431,3331,2999,5805,5876,71
Truck823632,3122,2225,5585,5877,292
Truck823721,3121,2436,5610,5877,267
Truck824044,2999,3122,5700,5877,177
Truck824091,2821,2437,5710,5877,167
Truck824414,2656,2437,5800,5878,78
Truck824525,2998,1339,5830,5878,48
Truck823956,3122,2655,5675,5879,204
Truck824276,2437,2655,5765,5879,114
Truck824358,3239,2822,5785,5879,94
Truck820567,1338,2224,4735,5880,1145
Truck821457,2436,1338,4980,5880,900
Truck823942,1339,2655,5670,5880,210
Truck824155,3238,2437,5730,5880,150
Truck824218,2822,2436,5745,5880,135
Truck824479,3238,3122,5820,5880,60
Truck824578,2822,2224,5845,5880,35
Truck820774,1339,1338,4790,5881,1091
Truck824547,2655,3239,5840,5881,41
Truck820495,1338,2998,4715,5882,1167
Truck824260,2999,2225,5760,5882,122
Truck824267,2224,0,5760,5882,122
Truck824488,2822,3331,5820,5882,62
Truck823847,3121,1339,5645,5883,238
Truck823273,3238,2224,5485,5884,399
Truck823335,2821,0,5500,5884,384
Truck824186,2437,3121,5740,5884,144
Truck824543,2998,3331,5835,5884,49
Truck823990,2999,2224,5685,5885,200
Truck824173,3238,2437,5735,5885,150
Truck824236,2822,2225,5750,5885,135
Truck824404,2999,2437,5800,5885,85
Truck824541,2821,2998,5835,5885,50
Truck824574,3239,2437,5845,5885,40
Truck824189,3121,2437,5740,5886,146
Truck824082,3122,2999,5710,5887,177
Truck824285,2224,3238,5765,5887,122
Truck821431,1338,2436,4975,5888,913
Truck823302,0,2224,5495,5888,393
Truck823580,2225,3239,5570,5888,318
Truck824561,2998,2821,5840,5889,49
Truck823293,2436,2998,5490,5890,400
Truck823329,2436,0,5500,5890,390
Truck823882,2999,3238,5655,5890,235
Truck824331,2655,2437,5780,5890,110
Truck824515,3238,3122,5830,5890,60
Truck823669,3238,3121,5595,5891,296
Truck823793,3121,3239,5630,5891,261
Truck824145,2821,2225,5725,5891,166
Truck824303,2224,3122,5770,5891,121
Truck824720,2656,3331,5885,5891,6
Truck823747,3331,1339,5615,5892,277
Truck824133,2655,2821,5725,5892,167
Truck824485,3331,1338,5820,5892,72
Truck823775,3121,2436,5625,5893,268
Truck823811,3121,2655,5635,5893,258
Truck823883,3121,1339,5655,5893,238
Truck824058,0,2655,5705,5893,188
Truck824457,2655,2656,5815,5893,78
Truck823380,3122,2436,5515,5894,379
Truck823479,2821,1339,5540,5894,354
Truck823598,2225,2822,5575,5894,319
Truck823616,2225,2655,5580,5894,314
Truck823974,3122,2655,5680,5894,214
Truck824026,2999,2656,5695,5894,199
Truck824410,1339,2437,5800,5894,94
Truck824579,2998,0,5845,5894,49
Truck824432,2656,2224,5805,5895,90
Truck823685,3121,3238,5600,5896,296
Truck824100,3122,2655,5715,5896,181
Truck824413,3331,2224,5800,5896,96
Truck824610,3239,2225,5855,5896,41
Truck824632,2822,2224,5860,5896,36
Truck823831,3238,3239,5640,5897,257
Truck824321,2224,2999,5775,5897,122
Truck824486,2656,2225,5820,5897,77
Truck823311,2436,2224,5495,5898,403
Truck823398,3122,2436,5520,5898,378
Truck823842,0,3121,5645,5898,253
Truck824043,2655,2999,5700,5898,198
Truck823921,3238,2999,5665,5899,234
Truck824597,2998,2822,5850,5899,49
Truck820819,1338,3122,4805,5900,1095
Truck821467,1338,2999,4985,5900,915
Truck823410,0,2224,5525,5900,375
Truck823552,2822,1339,5560,5900,340
Truck823829,3121,2224,5640,5900,260
Truck824169,2655,2821,5735,5900,165
Truck824463,2436,2225,5815,5900,85
Truck824756,2656,3331,5895,5901,6
Truck824339,2224,1338,5780,5902,122
Truck824521,3331,3121,5830,5902,72
Truck823401,2436,1339,5520,5903,383
Truck823730,2656,0,5610,5903,293
Truck824504,2656,2436,5825,5903,78
Truck824615,2998,1338,5855,5903,48
Truck824646,3239,2656,5865,5903,38
Truck823838,2656,1339,5640,5904,264
Truck824770,1339,3122,5900,5904,4
Truck823381,3238,2821,5515,5905,390
Truck823416,3122,2436,5525,5905,380
Truck824308,2822,2999,5770,5905,135
Truck824468,2656,2821,5815,5905,90
Truck823383,2436,0,5515,5906,391
Truck824261,3121,2437,5760,5906,146
Truck824766,3122,1339,5900,5906,6
Truck820747,1338,1339,4785,5907,1122
Truck823347,2436,2822,5505,5907,402
Truck823938,3122,3121,5670,5907,237
Truck824097,2655,3122,5715,5907,192
Truck824354,2225,2999,5785,5907,122
Truck824480,2225,2436,5820,5907,87
Truck824533,3238,0,5835,5907,72
Truck823711,3331,3238,5605,5908,303
Truck824511,2655,2656,5830,5908,78
Truck824633,2998,3122,5860,5908,48
Truck823474,1339,2224,5540,5909,369
Truck823783,3331,0,5625,5909,284
Truck824631,2821,2998,5860,5909,49
Truck823365,2436,2655,5510,5910,400
Truck823670,2225,3239,5595,5910,315
Truck824492,2437,2999,5825,5910,85
Truck823578,3122,2998,5570,5911,341
Truck823760,2225,3122,5620,5911,291
Truck824140,1339,2655,5725,5911,186
Truck824791,3331,2656,5905,5911,6
Truck823455,2436,3122,5535,5912,377
Truck824375,2224,3238,5790,5912,122
Truck824498,2225,2436,5825,5912,87
Truck824540,2656,2999,5835,5912,77
Truck823758,3122,2225,5620,5913,293
Truck824344,2822,1338,5780,5913,133
Truck824402,2437,2224,5800,5913,113
Truck824614,2822,2656,5855,5913,58
Truck824682,3239,2656,5875,5913,38
Truck824684,2656,3239,5875,5913,38
Truck823688,2225,3331,5600,5914,314
Truck824651,2998,3239,5865,5914,49
Truck820716,3122,1338,4775,5915,1140
Truck821215,1338,2437,4915,5915,1000
Truck823257,2436,3238,5480,5915,435
Truck823865,3121,2436,5650,5915,265
Truck823955,3121,1339,5675,5915,240
Truck823564,1339,2224,5565,5916,351
Truck824098,2999,2822,5715,5916,201
Truck824393,2224,2656,5795,5916,121
Truck824704,2822,2821,5880,5916,36
Truck820891,1338,3122,4825,5917,1092
Truck821583,2436,1338,5015,5917,902
Truck823654,1339,2822,5590,5917,327
Truck823748,2656,0,5615,5917,302
Truck824116,2999,2224,5720,5917,197
Truck824223,2655,2998,5750,5917,167
Truck824235,2821,2436,5750,5917,167
Truck824604,3122,3238,5855,5917,62
Truck823605,2821,3122,5575,5918,343
Truck823776,3122,2225,5625,5918,293
Truck824379,2821,3239,5790,5918,128
Truck824575,3331,2225,5845,5918,73
Truck824669,2998,2999,5870,5918,48
Truck823582,1339,2822,5570,5919,349
Truck823901,3121,2821,5660,5919,259
Truck824667,2821,2998,5870,5919,49
Truck820927,1338,2998,4835,5920,1085
Truck821363,3121,1338,4955,5920,965
Truck823500,0,2224,5550,5920,370
Truck823706,2225,2998,5605,5920,315
Truck824362,2822,2655,5785,5920,135
Truck824420,2437,2655,5805,5920,115
Truck823815,2436,2437,5635,5921,286
Truck824241,2655,2821,5755,5921,166
Truck824503,3331,2821,5825,5921,96
Truck824629,3331,2822,5860,5921,61
Truck821233,1338,3121,4920,5922,1002
Truck823854,3239,3238,5645,5922,277
Truck824070,3239,3122,5705,5922,217
Truck823802,2656,3238,5630,5923,293
Truck823820,2656,3238,5635,5923,288
Truck823919,3121,2998,5665,5923,258
Truck824112,0,2655,5720,5923,203
Truck823419,2436,3239,5525,5924,399
Truck823837,3331,3238,5640,5924,284
Truck823971,2655,3238,5680,5924,244
Truck824134,2999,3331,5725,5924,199
Truck824253,2821,1338,5755,5924,169
Truck824687,2998,0,5875,5924,49
Truck823428,0,2436,5530,5925,395
Truck824206,2999,1339,5745,5925,180
Truck824546,2437,2999,5840,5925,85
Truck824170,2999,0,5735,5926,191
Truck824429,2224,3239,5805,5926,121
Truck823291,3238,2436,5490,5927,437
Truck823497,2821,1339,5545,5927,382
Truck823752,0,2225,5620,5927,307
Truck824076,0,2655,5710,5927,217
Truck824433,2821,2224,5805,5927,122
Truck824594,2656,2655,5850,5927,77
Truck824611,3331,1338,5855,5927,72
Truck824641,3238,1339,5865,5927,62
Truck823892,2656,3122,5655,5928,273
Truck824398,2822,2437,5795,5928,133
Truck824456,2437,2998,5815,5928,113
Truck824583,2655,2656,5850,5928,78
Truck824705,2998,3122,5880,5928,48
Truck824738,2656,3239,5890,5928,38
Truck824152,2999,2998,5730,5929,199
Truck824703,2821,2998,5880,5929,49
Truck823437,2436,2655,5530,5930,400
Truck824539,3331,2998,5835,5930,95
Truck824558,2656,2998,5840,5930,90
Truck824659,3238,3122,5870,5930,60
Truck823506,3122,2436,5550,5931,381
Truck824758,2822,2224,5895,5931,36
Truck823309,3238,2436,5495,5932,437
Truck823510,1339,2436,5550,5932,382
Truck823525,3238,2821,5555,5932,377
Truck823662,0,2822,5595,5932,337
Truck824277,2655,2821,5765,5932,167
Truck824447,2224,2999,5810,5932,122
Truck824570,2225,2436,5845,5932,87
Truck820519,3238,1338,4720,5934,1214
Truck823471,3238,2998,5540,5934,394
Truck820893,2655,1338,4825,5935,1110
Truck824187,2655,0,5740,5935,195
Truck824348,2437,3238,5785,5935,150
Truck824723,2998,2999,5885,5935,50
Truck820945,1338,2656,4840,5936,1096
Truck821780,2225,1338,5070,5936,866
Truck824262,3122,2999,5760,5936,176
Truck824465,2224,3331,5815,5936,121
Truck824576,2656,2821,5845,5936,91
Truck823741,3238,2656,5615,5937,322
Truck824630,2656,2437,5860,5937,77
Truck824434,2822,1338,5805,5938,133
Truck824448,3239,2821,5810,5938,128
Truck824702,2656,2822,5880,5938,58
Truck823750,2822,1339,5615,5939,324
Truck823806,0,3331,5635,5939,304
Truck824307,2821,2655,5770,5939,169
Truck824674,2999,3121,5875,5939,64
Truck824188,2999,3239,5740,5940,200
Truck824526,0,2437,5835,5940,105
Truck824586,3122,2437,5850,5940,90
Truck824741,2998,3238,5890,5940,50
Truck823778,2225,3239,5625,5941,316
Truck824205,2655,2999,5745,5941,196
Truck824483,2224,2999,5820,5941,121
Truck823759,3238,2656,5620,5942,322
Truck823868,2225,3122,5650,5942,292
Truck824325,2821,3121,5775,5942,167
Truck824439,2655,2822,5810,5942,132
Truck824648,2656,1338,5865,5942,77
Truck823989,2655,3121,5685,5943,258
Truck823491,2436,2655,5545,5944,399
Truck823614,3122,2821,5580,5944,364
Truck824452,2822,3121,5810,5944,134
Truck824510,2437,2821,5830,5944,114
Truck824759,2998,3239,5895,5944,49
Truck823687,3238,2822,5600,5945,345
Truck823964,2656,0,5675,5945,270
Truck824230,1339,2655,5750,5946,196
Truck823906,1339,2656,5660,5947,287
Truck824501,2224,3238,5825,5947,122
Truck824655,2655,2656,5870,5947,77
Truck824827,3331,3239,5915,5947,32
Truck821503,1338,2437,4995,5948,953
Truck823597,3238,2224,5575,5948,373
Truck823796,2225,2656,5630,5948,318
Truck823992,3122,2656,5685,5948,263
Truck824081,3121,3122,5710,5948,238
Truck824086,1339,3121,5710,5948,238
Truck824343,2821,2225,5780,5948,168
Truck824777,2998,3122,5900,5948,48
Truck820857,2655,1338,4815,5949,1134
Truck821017,1338,3331,4860,5949,1089
Truck823644,0,2998,5590,5949,359
Truck824295,2655,1339,5770,5950,180
Truck824710,2999,3121,5885,5950,65
Truck824830,2822,2224,5915,5950,35
Truck823849,3238,3331,5645,5951,306
Truck824224,2999,2224,5750,5951,201
Truck824808,3239,2437,5910,5951,41
Truck823509,2436,2998,5550,5952,402
Truck823581,2436,1339,5570,5952,382
Truck823596,3122,2821,5575,5952,377
Truck824211,2436,2999,5745,5952,207
Truck824242,2999,2998,5755,5952,197
Truck824914,1339,0,5940,5952,12
Truck823923,2436,2437,5665,5953,288
Truck824519,2224,2999,5830,5953,123
Truck824795,2998,3239,5905,5953,48
Truck824027,3121,2822,5695,5954,259
Truck824361,2821,2225,5785,5954,169
Truck824104,1339,3121,5715,5955,240
Truck824649,2821,2656,5865,5955,90
Truck824826,3239,1338,5915,5955,40
Truck823672,1339,2224,5595,5956,361
Truck824367,2655,2224,5790,5956,166
Truck824580,0,2437,5850,5956,106
Truck823626,0,2998,5585,5957,372
Truck824537,2224,2437,5835,5957,122
Truck824755,3331,2822,5895,5957,62
Truck824863,3331,3239,5925,5957,32
Truck823554,0,2436,5565,5958,393
Truck824506,2822,2437,5825,5958,133
Truck824438,2437,3238,5810,5959,149
Truck824813,2998,3239,5910,5959,49
Truck823618,1339,2224,5580,5960,380
Truck824137,3238,2655,5725,5960,235
Truck824844,3239,2999,5920,5960,40
Truck823940,2225,3122,5670,5961,291
Truck824443,3238,2437,5810,5961,151
Truck824866,2822,2821,5925,5961,36
Truck823545,2436,2655,5560,5962,402
Truck824552,2225,2999,5840,5962,122
Truck824555,2224,1339,5840,5962,122
Truck824582,2437,2224,5850,5962,112
Truck824678,2225,2436,5875,5962,87
Truck823563,2436,3239,5565,5963,398
Truck824278,2999,2655,5765,5963,198
Truck824397,2821,1338,5795,5963,168
Truck824831,2998,3121,5915,5963,48
Truck822007,1338,2225,5135,5964,829
Truck824385,2655,2821,5795,5964,169
Truck824524,2822,2999,5830,5964,134
Truck823903,3238,3331,5660,5965,305
Truck823937,3121,3238,5670,5966,296
Truck824616,0,2437,5860,5966,106
Truck821468,2437,1338,4985,5967,982
Truck824573,2224,2225,5845,5967,122
Truck824958,0,1339,5955,5967,12
Truck823896,0,2225,5660,5968,308
Truck824296,2999,2656,5770,5968,198
Truck824880,3239,2656,5930,5968,38
Truck823981,3331,3122,5680,5969,289
Truck823957,3238,3331,5675,5970,295
Truck824313,2655,2999,5775,5970,195
Truck824600,2437,2998,5855,5970,115
Truck824690,2437,3122,5880,5970,90
Truck821593,1338,2437,5020,5971,951
Truck823922,2225,0,5665,5971,306
Truck824591,2224,3238,5850,5971,121
Truck824683,3331,2224,5875,5971,96
Truck824685,2821,3331,5875,5971,96
Truck824806,1339,3238,5910,5971,61
Truck823617,2436,0,5580,5972,392
Truck824063,3121,2436,5705,5972,267
Truck823914,0,2225,5665,5974,309
Truck824701,3331,2224,5880,5974,94
Truck824867,2998,1339,5925,5974,49
Truck823975,3238,3121,5680,5975,295
Truck824700,3239,2822,5880,5975,95
Truck823473,2436,3238,5540,5976,436
Truck823996,1339,2656,5685,5976,291
Truck824387,3121,2225,5795,5976,181
Truck824609,2224,3122,5855,5977,122
Truck824636,2437,2821,5865,5977,112
Truck823744,1339,2821,5615,5978,363
Truck824332,2999,3239,5780,5978,198
Truck824778,0,3238,5905,5978,73
Truck821665,1338,3121,5040,5979,939
Truck824006,2437,2436,5690,5979,289
Truck824194,1339,3239,5740,5980,240
Truck824422,2999,3122,5805,5980,175
Truck824751,2436,2225,5895,5980,85
Truck824885,2998,1339,5930,5980,50
Truck824160,3239,0,5730,5981,251
Truck824916,3239,1338,5940,5981,41
Truck821197,1338,2224,4910,5982,1072
Truck823723,3238,2998,5610,5982,372
Truck824099,3121,2436,5715,5982,267
Truck820981,1338,2655,4850,5983,1133
Truck823821,2821,1339,5635,5983,348
Truck824350,2999,2821,5785,5983,198
Truck824627,2224,3239,5860,5983,123
Truck824654,2437,2998,5870,5983,113
Truck824792,2656,2436,5905,5983,78
Truck823704,3122,2436,5605,5984,379
Truck823749,2821,3122,5615,5984,369
Truck824903,2998,2821,5935,5984,49
Truck825058,1339,3122,5980,5984,4
Truck823651,3238,2224,5590,5985,395
Truck824135,3121,3239,5725,5985,260
Truck824956,2822,2224,5950,5985,35
Truck823725,2436,3122,5610,5987,377
Truck824487,2821,2436,5820,5987,167
Truck824638,2999,2225,5865,5987,122
Truck824645,2224,2999,5865,5987,122
Truck824810,2656,2225,5910,5987,77
Truck823507,3238,2436,5550,5988,438
Truck823788,0,2822,5630,5988,358
Truck824179,3331,3122,5735,5988,253
Truck821863,1338,2225,5095,5989,894
Truck823653,2436,2822,5590,5989,399
Truck823722,3122,2436,5610,5989,379
Truck824225,3121,1339,5750,5989,239
Truck824672,2437,2655,5875,5989,114
Truck824921,2998,3122,5940,5989,49
Truck820972,1339,1338,4845,5990,1145
Truck824030,2225,1339,5695,5990,295
Truck821377,1338,0,4960,5991,1031
Truck823958,2225,2655,5675,5991,316
Truck824032,1339,2225,5695,5991,296
Truck824320,1339,2655,5775,5991,216
Truck825036,3122,0,5975,5991,16
Truck823994,2225,0,5685,5992,307
Truck824660,2225,2999,5870,5992,122
Truck824845,3331,2655,5920,5992,72
Truck823671,2436,2822,5595,5993,398
Truck824171,3121,3239,5735,5993,258
Truck824493,2655,2998,5825,5993,168
Truck824663,2224,2225,5870,5993,123
Truck824939,2998,3238,5945,5993,48
Truck821089,1338,2998,4880,5994,1114
Truck824505,2821,2436,5825,5994,169
Truck824849,2998,2224,5920,5994,74
Truck824045,3121,3238,5700,5995,295
Truck824065,3238,3331,5705,5996,291
Truck824390,2225,2437,5795,5996,201
Truck824664,3239,2821,5870,5996,126
Truck824681,2224,3121,5875,5996,121
Truck824773,3331,2224,5900,5996,96
Truck824793,2821,2656,5905,5996,91
Truck822079,1338,2225,5155,5997,842
Truck823794,3122,2224,5630,5997,367
Truck824459,3121,2225,5815,5997,182
Truck824846,2656,3121,5920,5997,77
Truck824970,3239,2655,5955,5997,42
Truck824709,2655,2437,5885,5998,113
Truck824857,3238,0,5925,5998,73
Truck824957,2998,2822,5950,5998,48
Truck824403,2655,2999,5800,5999,199
Truck821071,1338,2656,4875,6000,1125
Truck824891,3121,2999,5935,6000,65
Truck824699,2224,2437,5880,6001,121
Truck824881,3331,2225,5930,6001,71
Truck824979,2655,3239,5960,6001,41
Truck825072,3122,0,5985,6001,16
Truck824172,3122,2656,5735,6002,267
Truck824650,2822,1338,5865,6002,137
Truck824818,2999,2437,5915,6002,87
Truck823780,1339,2998,5625,6003,378
Truck824012,2225,2822,5690,6003,313
Truck825008,2656,3239,5965,6003,38
Truck823866,3122,2998,5650,6004,354
Truck824048,2225,0,5700,6005,305
Truck824207,3121,2655,5745,6005,260
Truck824668,2822,2999,5870,6005,135
Truck824809,3331,2998,5910,6005,95
Truck824975,2998,2437,5955,6005,50
Truck820873,1338,2822,4820,6006,1186
Truck824512,2999,3122,5830,6006,176
Truck824717,2224,3331,5885,6006,121
Truck824811,2821,3331,5910,6006,96
Truck824834,2437,2999,5920,6006,86
Truck825006,3239,2436,5965,6006,41
Truck823876,2822,3122,5650,6007,357
Truck824298,3122,3121,5770,6007,237
Truck824744,2437,2998,5895,6007,112
Truck824882,2656,2999,5930,6007,77
Truck824899,3331,2999,5935,6007,72
Truck825043,3331,3239,5975,6007,32
Truck823912,2822,1339,5660,6008,348
Truck824184,0,2656,5740,6008,268
Truck824886,0,3238,5935,6008,73
Truck822061,1338,2436,5150,6009,859
Truck824072,2656,0,5705,6009,304
Truck824302,1339,3121,5770,6009,239
Truck824559,2821,3121,5840,6009,169
Truck824993,2998,0,5960,6009,49
Truck823860,0,2224,5650,6010,360
Truck824066,2225,0,5705,6010,305
Truck825024,3239,2999,5970,6010,40
Truck823857,2821,3122,5645,6011,366
Truck824139,2436,2437,5725,6011,286
Truck824440,2999,3331,5810,6011,201
Truck824721,2821,3239,5885,6011,126
Truck825151,3331,2656,6005,6011,6
Truck821701,1338,2437,5050,6012,962
Truck824577,2821,3121,5845,6012,167
Truck824728,2999,2225,5890,6012,122
Truck824735,2224,0,5890,6012,122
Truck824739,2821,2224,5890,6012,122
Truck824917,3331,1338,5940,6013,73
Truck824536,1339,2999,5835,6014,179
Truck824798,2437,0,5910,6014,104
Truck824915,2224,2998,5940,6014,74
Truck825011,2998,2655,5965,6014,49
Truck825063,2821,2822,5980,6014,34
Truck823615,3238,2436,5580,6015,435
Truck823812,3122,2436,5635,6015,380
Truck824494,2999,0,5825,6015,190
Truck820909,1338,2655,4830,6016,1186
Truck821251,1338,3238,4925,6016,1091
Truck823743,2436,2821,5615,6016,401
Truck824162,2656,3238,5730,6016,286
Truck824259,2655,3121,5760,6016,256
Truck824376,3239,3122,5790,6016,226
Truck824753,2224,1338,5895,6016,121
Truck824864,2656,2998,5925,6016,91
Truck824876,2225,2436,5930,6016,86
Truck825033,2655,3239,5975,6016,41
Truck825064,2822,2998,5980,6016,36
Truck824068,1339,2822,5705,6017,312
Truck824122,1339,2225,5720,6017,297
Truck821485,1338,1339,4990,6018,1028
Truck824150,2437,2436,5730,6018,288
Truck824243,3121,3331,5755,6018,263
Truck823761,2436,3331,5620,6019,399
Truck824780,2437,2656,5905,6019,114
Truck825029,2998,0,5970,6019,49
Truck822284,2225,1338,5210,6020,810
Truck823834,1339,2998,5640,6020,380
Truck824595,2821,2999,5850,6020,170
Truck825027,2821,2998,5970,6020,50
Truck825060,3239,1338,5980,6020,40
Truck824156,2225,3122,5730,6021,291
Truck824458,2999,2436,5815,6021,206
Truck824476,2999,2656,5820,6021,201
Truck824771,2224,3331,5900,6021,121
Truck824865,2821,3331,5925,6021,96
Truck821614,2999,1338,5025,6022,997
Truck824084,2225,2224,5710,6022,312
Truck824316,3122,2656,5775,6022,247
Truck824613,2821,2655,5855,6022,167
Truck824894,2225,2436,5935,6022,87
Truck824953,3331,2225,5950,6022,72
Truck823773,2655,2436,5625,6023,398
Truck823851,2436,1339,5645,6023,378
Truck824757,2821,3239,5895,6023,128
Truck825047,2998,2656,5975,6023,48
Truck825078,3239,2656,5985,6023,38
Truck821022,3122,1338,4860,6024,1164
Truck823779,2436,2998,5625,6024,399
Truck823911,2821,0,5660,6024,364
Truck824368,2999,3238,5790,6024,234
Truck824740,2822,1338,5890,6024,134
Truck825100,2822,2821,5990,6026,36
Truck823939,3238,2822,5670,6027,357
Truck824789,2224,2822,5905,6027,122
Truck824908,2999,2437,5940,6027,87
Truck824954,2656,2225,5950,6027,77
Truck823902,3122,2821,5660,6028,368
Truck824297,3121,2655,5770,6028,258
Truck825010,2822,3331,5965,6028,63
Truck825065,2998,0,5980,6028,48
Truck823833,2436,0,5640,6029,389
Truck824102,2225,2655,5715,6029,314
Truck824161,3331,0,5730,6029,299
Truck824816,2437,2998,5915,6029,114
Truck824209,3238,2656,5745,6030,285
Truck824619,2655,2821,5860,6030,170
Truck821359,1338,2821,4955,6031,1076
Truck823797,2436,2998,5630,6031,401
Truck824386,2999,3238,5795,6031,236
Truck824421,2655,3238,5805,6031,226
Truck824584,2999,1339,5850,6031,181
Truck824910,3122,2437,5940,6031,91
Truck825223,3331,2656,6025,6031,6
Truck825224,2656,3331,6025,6031,6
Truck821323,1338,3122,4945,6032,1087
Truck824807,2224,2999,5910,6032,122
Truck825133,3331,3239,6000,6032,32
Truck821287,1338,1339,4935,6033,1098
Truck823884,3122,2436,5655,6033,378
Truck824120,2225,3239,5720,6033,313
Truck824405,3121,3122,5800,6033,233
Truck824530,2999,2224,5835,6033,198
Truck824790,3239,2224,5905,6033,128
Truck824930,2225,2436,5945,6033,88
Truck824204,2437,2436,5745,6034,289
Truck824216,2656,1339,5745,6034,289
Truck824776,2822,2655,5900,6035,135
Truck825083,2998,2225,5985,6035,50
Truck821740,2999,1338,5060,6036,976
Truck825007,3331,2655,5965,6036,71
Truck825136,2822,2821,6000,6036,36
Truck825241,3331,2656,6030,6036,6
Truck824252,2656,0,5755,6037,282
Truck824622,3122,2999,5860,6037,177
Truck821179,1338,2224,4905,6038,1133
Truck822118,2999,1338,5165,6038,873
Truck824038,2822,3238,5695,6038,343
Truck824825,2224,2436,5915,6038,123
Truck824990,2656,2437,5960,6038,78
Truck825101,2998,3238,5990,6038,48
Truck825134,2656,3239,6000,6038,38
Truck820963,1338,2224,4845,6039,1194
Truck824726,2437,3238,5890,6039,149
Truck825005,2224,2998,5965,6039,74
Truck825034,2999,3121,5975,6039,64
Truck825046,2822,3331,5975,6039,64
Truck824333,3121,2821,5780,6040,260
Truck824548,2999,3239,5840,6040,200
Truck824852,2437,3239,5925,6040,115
Truck824938,2822,3239,5945,6040,95
Truck824138,2225,2224,5725,6041,316
Truck825132,3239,2655,6000,6041,41
Truck824601,2655,1339,5855,6042,187
Truck824843,2224,2999,5920,6042,122
Truck821161,1338,2821,4900,6043,1143
Truck824423,3121,3122,5805,6043,238
Truck825117,2821,2998,5995,6043,48
Truck825119,2998,1339,5995,6043,48
Truck824749,3238,2437,5895,6044,149
Truck824950,1339,2437,5950,6044,94
Truck825052,2999,3121,5980,6044,64
Truck824369,3121,2821,5790,6045,255
Truck825171,2821,2822,6010,6045,35
Truck824553,2436,2999,5840,6046,206
Truck824691,2655,2224,5880,6046,166
Truck824812,2822,2436,5910,6046,136
Truck824870,2437,2655,5930,6046,116
Truck824972,2656,2224,5955,6046,91
Truck825150,3239,2225,6005,6046,41
Truck821059,3238,1338,4870,6047,1177
Truck824002,2822,3238,5685,6047,362
Truck824056,2822,0,5700,6047,347
Truck824299,3238,3331,5770,6047,277
Truck824861,2224,3239,5925,6047,122
Truck825137,2998,2821,6000,6048,48
Truck824888,2437,2998,5935,6049,114
Truck822655,1338,2225,5315,6050,735
Truck824174,2225,2656,5735,6050,315
Truck824974,2822,3239,5955,6050,95
Truck822331,1338,2225,5225,6051,826
Truck824351,3121,2436,5785,6051,266
Truck824566,2999,2436,5845,6051,206
Truck824906,2437,2655,5940,6051,111
Truck824971,3331,2998,5955,6051,96
Truck825061,3331,2225,5980,6051,71
Truck825071,3121,2999,5985,6051,66
Truck821269,1338,2998,4930,6052,1122
Truck823813,3238,2998,5635,6052,417
Truck823869,2436,2656,5650,6052,402
Truck824283,2436,2437,5765,6052,287
Truck824835,2655,2822,5920,6052,132
Truck824879,2224,2656,5930,6052,122
Truck825090,3122,3238,5990,6052,62
Truck824245,3238,3121,5755,6053,298
Truck824992,2822,3239,5960,6054,94
Truck825048,0,3238,5980,6054,74
Truck825155,2998,3238,6005,6054,49
Truck825310,1339,3122,6050,6054,4
Truck824263,3238,3121,5760,6055,295
Truck824680,1339,2999,5875,6055,180
Truck825016,2999,2437,5970,6055,85
Truck823885,3238,2224,5655,6056,401
Truck824848,2822,1338,5920,6056,136
Truck824897,2224,3238,5935,6056,121
Truck821305,1338,2821,4940,6057,1117
Truck823887,2436,3331,5655,6057,402
Truck824924,2437,2998,5945,6057,112
Truck825073,3238,0,5985,6057,72
Truck821143,1338,2822,4895,6058,1163
Truck821395,1338,0,4965,6058,1093
Truck823983,2821,3238,5680,6058,378
Truck824210,2225,2224,5745,6058,313
Truck824620,2999,2224,5860,6058,198
Truck825173,2998,3239,6010,6058,48
Truck821107,1338,2998,4885,6059,1174
Truck824692,2999,1339,5880,6059,179
Truck825062,2656,1338,5980,6059,79
Truck821307,2655,1338,4940,6060,1120
Truck824279,3121,3238,5765,6060,295
Truck825127,3238,3122,6000,6060,60
Truck823993,3238,2224,5685,6061,376
Truck824391,2436,3121,5795,6061,266
Truck825026,2656,2821,5970,6061,91
Truck824602,2999,2436,5855,6062,207
Truck825300,0,1339,6050,6062,12
Truck824495,3121,1339,5825,6063,238
Truck824727,2655,1339,5890,6063,173
Truck825080,2656,2655,5985,6063,78
Truck824244,3122,2822,5755,6064,309
Truck824942,2437,3331,5950,6064,114
Truck825191,2998,1338,6015,6064,49
Truck824004,0,2821,5690,6065,375
Truck824228,2225,2822,5750,6065,315
Truck824500,1339,3121,5825,6065,240
Truck824565,2655,3238,5845,6065,220
Truck825044,2656,2821,5975,6065,90
Truck824730,3122,2999,5890,6066,176
Truck824837,3121,2437,5920,6066,146
Truck824884,2822,2999,5930,6066,136
Truck824919,2821,3239,5940,6066,126
Truck825222,3239,2999,6025,6066,41
Truck825342,3122,1339,6060,6066,6
Truck824013,2436,3122,5690,6067,377
Truck824046,3122,2224,5700,6067,367
Truck824441,3121,2998,5810,6067,257
Truck824464,1339,3239,5815,6067,252
Truck824933,2224,2821,5945,6067,122
Truck825105,2655,3331,5995,6067,72
Truck825115,3331,3121,5995,6067,72
Truck824246,2225,2998,5755,6068,313
Truck824356,1339,3331,5785,6068,283
Truck824128,2822,0,5720,6069,349
Truck824775,2821,2225,5900,6069,169
Truck824902,2822,2655,5935,6069,134
Truck825040,1339,2437,5975,6069,94
Truck825209,2998,3122,6020,6069,49
Truck822277,1338,2999,5210,6070,860
Truck824396,2656,3238,5795,6070,275
Truck824656,2999,3331,5870,6070,200
Truck824855,3121,2437,5925,6070,145
Truck825045,2821,3331,5975,6070,95
Truck825240,3239,2655,6030,6070,40
Truck824282,2225,0,5765,6071,306
Truck824951,2224,2436,5950,6071,121
Truck823941,2436,2656,5670,6072,402
Truck824477,3121,0,5820,6072,252
Truck823959,2436,3331,5675,6073,398
Truck824334,3122,2225,5780,6073,293
Truck824920,2822,2436,5940,6073,133
Truck824934,3239,2821,5945,6073,128
Truck824978,2437,2656,5960,6073,113
Truck825227,2998,2655,6025,6073,48
Truck824264,2225,2998,5760,6075,315
Truck824335,3238,3121,5780,6075,295
Truck824336,2225,1339,5780,6075,295
Truck821413,1338,3238,4970,6076,1106
Truck824490,0,3121,5825,6076,251
Truck825014,2437,0,5970,6076,106
Truck825258,3239,2655,6035,6076,41
Truck825280,2822,2224,6040,6076,36
Truck821557,1338,2821,5010,6077,1067
Truck823965,2821,3238,5675,6077,402
Truck824292,0,2225,5770,6077,307
Truck824662,1339,2655,5870,6077,207
Truck824969,2224,1339,5955,6077,122
Truck824996,2437,3239,5965,6078,113
Truck825245,2998,2436,6030,6078,48
Truck823986,0,2436,5685,6079,394
Truck824520,3239,1339,5830,6079,249
Truck825098,2656,2224,5990,6080,90
Truck825298,2822,2821,6045,6080,35
Truck824154,3122,2224,5730,6081,351
Truck824991,2821,2224,5960,6081,121
Truck825169,3331,1338,6010,6081,71
Truck825202,1339,3238,6020,6081,61
Truck823947,2821,3238,5670,6082,412
Truck823977,2436,2998,5680,6082,402
Truck824679,2436,2999,5875,6082,207
Truck824987,2224,0,5960,6082,122
Truck824829,2821,2436,5915,6083,168
Truck825263,2998,2822,6035,6083,48
Truck824300,2225,2224,5770,6084,314
Truck824556,3239,3238,5840,6084,244
Truck824067,2436,1339,5705,6085,380
Truck824449,3331,0,5810,6086,276
Truck825177,2655,3331,6015,6086,71
Truck825187,3331,2999,6015,6086,71
Truck824436,0,2656,5810,6087,277
Truck824988,3239,2998,5960,6087,127
Truck825390,0,1339,6075,6087,12
Truck824484,3239,0,5820,6088,268
Truck824497,3238,3239,5825,6088,263
Truck824513,3121,2822,5830,6088,258
Truck824783,3121,2225,5905,6088,183
Truck825170,2656,2225,6010,6088,78
Truck825244,2822,2656,6030,6088,58
Truck825330,3239,3331,6055,6088,33
Truck824109,2821,1339,5715,6089,374
Truck824847,2821,2436,5920,6089,169
Truck824961,2655,2822,5955,6089,134
Truck825032,2437,2821,5975,6089,114
Truck825226,2822,3331,6025,6089,64
Truck824461,3238,3331,5815,6090,275
Truck825281,2998,2437,6040,6090,50
Truck825312,3239,3121,6050,6090,40
Truck821449,1338,2821,4980,6091,1111
Truck824192,2225,3238,5740,6091,351
Truck824318,2225,2224,5775,6091,316
Truck824499,2436,3121,5825,6091,266
Truck825439,3331,2656,6085,6091,6
Truck824531,3121,2224,5835,6092,257
Truck825023,2224,1338,5970,6092,122
Truck825188,2656,2225,6015,6092,77
Truck824031,2436,3331,5695,6093,398
Truck824544,0,3239,5840,6093,253
Truck824746,2999,3239,5895,6093,198
Truck825050,2437,2656,5980,6093,113
Truck824716,1339,2655,5885,6094,209
Truck825232,2999,3121,6030,6094,64
Truck825299,2998,2821,6045,6094,49
Truck825144,3122,2437,6005,6095,90
Truck825152,2656,2821,6005,6095,90
Truck824592,3239,0,5850,6096,246
Truck825408,0,3122,6080,6096,16
Truck825458,2656,3331,6090,6096,6
Truck824424,3122,2656,5805,6097,292
Truck824482,1339,3331,5820,6097,277
Truck824871,2655,2821,5930,6097,167
Truck824163,2821,1339,5730,6098,368
Truck825041,2224,1339,5975,6098,123
Truck825217,3238,0,6025,6098,73
Truck821257,3238,1338,4925,6099,1174
Truck824190,3122,2821,5740,6099,359
Truck824549,3121,3239,5840,6099,259
Truck825068,2437,3239,5985,6099,114
Truck825369,2821,2822,6065,6099,34
Truck825104,2437,0,5995,6100,105
Truck825370,2822,2821,6065,6100,35
Truck821185,3238,1338,4905,6101,1196
Truck824127,2821,1339,5720,6101,381
Truck824166,0,2224,5735,6101,366
Truck824208,3122,2821,5745,6101,356
Truck824628,3239,0,5860,6101,241
Truck825086,2437,2821,5990,6101,111
Truck825476,2656,3331,6095,6101,6
Truck824442,3122,2225,5810,6102,292
Truck824764,2999,2822,5900,6102,202
Truck825059,2224,2999,5980,6102,122
Truck825385,3331,3239,6070,6102,32
Truck824061,2655,2436,5705,6103,398
Truck824085,2436,0,5710,6103,393
Truck824212,1339,2998,5745,6103,358
Truck824372,2225,2998,5790,6103,313
Truck824901,2821,3121,5935,6103,168
Truck824238,0,2822,5755,6104,349
Truck824567,3121,2822,5845,6104,259
Truck825028,2822,2655,5970,6104,134
Truck825335,2998,3121,6055,6104,49
Truck824037,2821,3238,5695,6105,410
Truck824446,1339,2225,5810,6105,295
Truck824965,3238,2437,5955,6105,150
Truck824418,0,2656,5805,6106,301
Truck824557,3331,3122,5840,6106,266
Truck825077,2224,2655,5985,6106,121
Truck825081,2821,2224,5985,6106,121
Truck825180,3122,2437,6015,6106,91
Truck825388,2822,2224,6070,6106,36
Truck822097,1338,3121,5160,6107,947
Truck824280,3122,2224,5765,6107,342
Truck825366,3239,2999,6065,6107,42
Truck825402,3239,3331,6075,6108,33
Truck825353,2998,2655,6060,6109,49
Truck821341,1338,2655,4950,6110,1160
Truck825307,3238,3122,6050,6110,60
Truck825384,3239,1338,6070,6111,41
Truck824603,3121,2224,5855,6112,257
Truck824937,2821,1338,5945,6112,167
Truck825088,2999,2225,5990,6112,122
Truck825095,2224,1339,5990,6112,122
Truck821401,3238,1338,4965,6113,1148
Truck824585,3121,2656,5850,6113,263
Truck825260,2656,1338,6035,6113,78
Truck825277,3331,2655,6040,6113,73
Truck825371,2998,2821,6065,6113,48
Truck824408,2225,3331,5800,6114,314
Truck824817,2655,2999,5915,6114,199
Truck825122,2437,2655,6000,6114,114
Truck821683,1338,3122,5045,6115,1070
Truck824103,2436,3239,5715,6115,400
Truck824176,1339,2224,5735,6115,380
Truck824800,2999,2436,5910,6116,206
Truck824850,0,2999,5925,6116,191
Truck825140,2437,2656,6005,6116,111
Truck825156,0,2437,6010,6116,106
Truck825285,2655,3331,6045,6116,71
Truck825295,3331,2225,6045,6116,71
Truck824220,0,2224,5750,6117,367
Truck824517,2436,2437,5830,6117,287
Truck824621,3121,2224,5860,6117,257
Truck825096,3239,2821,5990,6117,127
Truck824836,2999,2822,5920,6118,198
Truck825099,2821,3239,5990,6118,128
Truck825113,2224,2656,5995,6118,123
Truck825236,2225,2436,6030,6118,88
Truck824647,3331,1339,5865,6119,254
Truck825019,3238,2437,5970,6119,149
Truck825082,2822,2436,5985,6119,134
Truck825389,2998,3331,6070,6119,49
Truck822172,2999,1338,5180,6120,940
Truck824121,2436,2224,5720,6120,400
Truck824426,2225,3239,5805,6120,315
Truck824698,1339,3121,5880,6120,240
Truck824955,2821,2655,5950,6120,170
Truck825220,1339,2437,6025,6120,95
Truck825255,2436,2225,6035,6120,85
Truck825343,3238,3122,6060,6120,60
Truck824370,3122,2822,5790,6121,331
Truck824752,1339,3239,5895,6121,226
Truck824973,2821,1338,5955,6121,166
Truck825248,2437,2999,6035,6121,86
Truck825313,3331,2999,6050,6121,71
Truck825420,3239,3121,6080,6121,41
Truck822349,1338,2436,5230,6122,892
Truck824454,0,2225,5815,6122,307
Truck824639,3121,3331,5865,6122,257
Truck824868,0,2999,5930,6122,192
Truck825128,2225,2999,6000,6122,122
Truck825131,2224,3121,6000,6122,122
Truck825243,2821,2656,6030,6122,92
Truck824607,2436,3121,5855,6123,268
Truck825114,3239,2998,5995,6123,128
Truck825296,2656,2436,6045,6123,78
Truck825456,3239,3331,6090,6123,33
Truck825194,2437,0,6020,6124,104
Truck825317,2998,2224,6050,6124,74
Truck825405,2821,2998,6075,6124,49
Truck825407,2998,2225,6075,6124,49
Truck824444,2225,2821,5810,6126,316
Truck824841,2436,2999,5920,6126,206
Truck824932,1339,2999,5945,6126,181
Truck825438,3239,2225,6085,6126,41
Truck824191,3238,2821,5740,6127,387
Truck824534,2225,3122,5835,6127,292
Truck821521,1338,2224,5000,6128,1128
Truck824011,3238,2436,5690,6128,438
Truck824754,3239,3122,5895,6128,233
Truck824872,2999,2821,5930,6128,198
Truck825149,2224,2822,6005,6128,123
Truck825176,2437,2656,6015,6128,113
Truck824157,2436,3239,5730,6129,399
Truck825118,2822,2436,5995,6129,134
Truck825425,2998,1339,6080,6129,49
Truck824462,2225,2998,5815,6130,315
Truck824747,3121,3122,5895,6130,235
Truck825291,2436,2225,6045,6130,85
Truck821647,1338,2998,5035,6131,1096
Truck824657,3121,3331,5870,6131,261
Truck824670,0,3331,5875,6131,256
Truck824693,3121,0,5880,6131,251
Truck825153,2821,3239,6005,6131,126
Truck825534,0,3122,6115,6131,16
Truck824821,3238,2655,5915,6132,217
Truck825167,2224,1339,6010,6132,122
Truck825349,3331,1338,6060,6132,72
Truck825404,2656,2822,6075,6132,57
Truck825552,0,1339,6120,6132,12
Truck824247,2436,3122,5755,6133,378
Truck824675,3121,3239,5875,6133,258
Truck824718,3239,1339,5885,6133,248
Truck824889,2655,2999,5935,6133,198
Truck824175,2436,3239,5735,6134,399
Truck824612,2656,1339,5855,6134,279
Truck824890,2999,3239,5935,6134,199
Truck825266,2437,1339,6040,6134,94
Truck824049,2436,3238,5700,6135,435
Truck825443,2998,3239,6085,6135,50
Truck824475,2655,2225,5820,6136,316
Truck824676,3122,2656,5875,6136,261
Truck825367,3331,2655,6065,6136,71
Truck821539,1338,2821,5005,6137,1132
Truck824922,0,2999,5945,6137,192
Truck825015,2655,2821,5970,6137,167
Truck824562,0,3331,5845,6138,293
Truck825185,2224,3121,6015,6138,123
Truck825212,2437,2822,6025,6138,113
Truck825461,2998,3239,6090,6138,48
Truck824745,2655,3238,5895,6139,244
Truck824796,0,3239,5910,6139,229
Truck825292,1339,2437,6045,6139,94
Truck824389,3238,2822,5795,6140,345
Truck824940,0,2999,5950,6140,190
Truck825091,3238,2437,5990,6140,150
Truck825294,3239,2822,6045,6140,95
Truck825203,2224,2656,6020,6141,121
Truck821993,3121,1338,5130,6142,1012
Truck824532,3122,2822,5835,6142,307
Truck824711,3121,3239,5885,6142,257
Truck825588,0,1339,6130,6142,12
Truck825314,2656,2224,6050,6143,93
Truck825479,2998,2655,6095,6143,48
Truck824193,2436,2655,5740,6144,404
Truck824772,3239,0,5900,6144,244
Truck825186,3239,2821,6015,6144,129
Truck825302,2437,1339,6050,6144,94
Truck824853,2655,3238,5925,6145,220
Truck824926,2999,3239,5945,6145,200
Truck825230,2437,2822,6030,6145,115
Truck821629,1338,2998,5030,6146,1116
Truck824083,3238,2436,5710,6146,436
Truck824606,2225,3122,5855,6146,291
Truck824625,2436,2437,5860,6146,286
Truck825172,2822,2225,6010,6146,136
Truck825204,3239,2821,6020,6146,126
Truck825332,2656,2821,6055,6146,91
Truck825510,3239,2225,6105,6146,41
Truck824729,3121,3239,5890,6147,257
Truck824736,3239,1339,5890,6147,257
Truck825018,3122,2999,5970,6147,177
Truck825051,2655,2998,5980,6147,167
Truck825221,2224,3239,6025,6147,122
Truck825386,2656,2655,6070,6147,77
Truck824529,2655,2225,5835,6149,314
Truck824618,2437,2436,5860,6149,289
Truck824944,2999,2821,5950,6149,199
Truck821809,1338,3122,5080,6150,1070
Truck824608,1339,2225,5855,6150,295
Truck824799,2655,3238,5910,6150,240
Truck824878,1339,3239,5930,6150,220
Truck825497,2998,1338,6100,6150,50
Truck825550,2822,2998,6115,6150,35
Truck824986,1339,2655,5960,6151,191
Truck825190,2822,2225,6015,6151,136
Truck825362,2225,2436,6065,6151,86
Truck822115,1338,2999,5165,6152,987
Truck824518,1339,2822,5830,6152,322
Truck824229,2436,2998,5750,6153,403
Truck825239,2224,2999,6030,6153,123
Truck825564,3239,3331,6120,6153,33
Truck824227,3238,2224,5750,6154,404
Truck824962,2999,2656,5955,6154,199
Truck825460,2822,3331,6090,6154,64
Truck825515,2998,2656,6105,6154,49
Truck821790,0,1338,5075,6155,1080
Truck825346,1339,2437,6060,6155,95
Truck824407,3238,2822,5800,6156,356
Truck824551,3238,3331,5840,6156,316
Truck824765,3121,2821,5900,6156,256
Truck825208,2822,1338,6020,6156,136
Truck825257,2224,3121,6035,6156,121
Truck821881,1338,2656,5100,6157,1057
Truck824661,2436,2437,5870,6157,287
Truck824998,2999,0,5965,6157,192
Truck825158,2437,3121,6010,6157,147
Truck825368,2656,2821,6065,6157,92
Truck825652,1339,0,6145,6157,12
Truck824119,3238,2436,5720,6158,438
Truck825533,2998,2822,6110,6158,48
Truck824415,2821,3122,5800,6159,359
Truck824980,2999,2822,5960,6159,199
Truck825070,2999,3122,5985,6159,174
Truck825087,2655,2998,5990,6159,169
Truck825356,2437,1339,6065,6159,94
Truck825688,1339,3122,6155,6159,4
Truck824854,2999,3238,5925,6160,235
Truck825487,3238,3122,6100,6160,60
Truck821611,1338,0,5025,6161,1136
Truck821791,1338,1339,5075,6161,1086
Truck824328,0,2224,5780,6161,381
Truck824317,3238,2821,5775,6162,387
Truck824719,3331,3122,5885,6162,277
Truck825275,2224,0,6040,6162,122
Truck825601,3331,3239,6130,6162,32
Truck824400,0,2224,5800,6163,363
Truck825551,2998,3239,6115,6163,48
Truck824588,2225,2822,5850,6164,314
Truck824694,3122,2656,5880,6164,284
Truck824281,3238,2998,5765,6165,400
Truck824925,2655,0,5945,6165,220
Truck825181,3238,2437,6015,6165,150
Truck825582,3239,2437,6125,6165,40
Truck825293,2224,2656,6045,6166,121
Truck825297,2821,2224,6045,6166,121
Truck824388,3122,2998,5795,6167,372
Truck824666,2656,3238,5870,6167,297
Truck824737,3331,1339,5890,6167,277
Truck825135,2821,2999,6000,6168,168
Truck824677,3238,2656,5875,6169,294
Truck825569,2998,1338,6120,6169,49
Truck825724,1339,3122,6165,6169,4
Truck824364,0,2998,5790,6170,380
Truck825406,2822,3239,6075,6170,95
Truck825622,2822,2998,6135,6170,35
Truck825728,2656,3331,6165,6171,6
Truck824514,3122,2821,5830,6172,342
Truck825311,2224,3239,6050,6172,122
Truck825465,2655,2656,6095,6172,77
Truck825493,3331,1338,6100,6172,72
Truck825522,3122,3238,6110,6172,62
Truck824301,2436,2224,5770,6173,403
Truck825267,2655,2822,6040,6173,133
Truck825403,3331,2224,6075,6173,98
Truck825587,2998,2999,6125,6173,48
Truck824898,3239,1339,5935,6174,239
Truck824355,2436,0,5785,6175,390
Truck825338,2437,2998,6060,6175,115
Truck824319,2436,2224,5775,6176,401
Truck824665,3331,3238,5870,6176,306
Truck825329,2224,2821,6055,6176,121
Truck825421,3331,2998,6080,6176,96
Truck824624,2225,2822,5860,6177,317
Truck825432,3122,2437,6085,6177,92
Truck824346,0,2821,5785,6178,393
Truck824392,1339,2436,5795,6178,383
Truck824952,3239,1339,5950,6178,228
Truck825494,2656,2437,6100,6178,78
Truck825603,2821,2998,6130,6178,48
Truck825605,2998,2436,6130,6179,49
Truck821575,1338,1339,5015,6180,1165
Truck824832,0,3239,5920,6180,260
Truck824946,3122,3239,5950,6180,230
Truck825539,3121,2999,6115,6180,65
Truck825658,2822,2821,6145,6180,35
Truck824337,2436,2821,5780,6181,401
Truck824732,2225,3122,5890,6181,291
Truck825446,2437,3122,6090,6181,91
Truck825471,2436,2225,6095,6181,86
Truck824406,3122,2821,5800,6182,382
Truck824642,2225,3239,5865,6182,317
Truck824997,2655,1339,5965,6182,217
Truck825347,2224,2437,6060,6182,122
Truck825512,2656,2655,6105,6182,77
Truck824516,2225,3238,5830,6183,353
Truck825316,2822,2225,6050,6183,133
Truck825621,2821,2998,6135,6183,48
Truck825189,2821,2655,6015,6184,169
Truck824696,2225,0,5880,6185,305
Truck824788,1339,2656,5905,6185,280
Truck825207,2821,2655,6020,6185,165
Truck825623,2998,2822,6135,6185,50
Truck825675,2821,2822,6150,6185,35
Truck824734,1339,2225,5890,6186,296
Truck825365,2224,3239,6065,6186,121
Truck825459,2821,3331,6090,6186,96
Truck824427,2436,1339,5805,6187,382
Truck824472,0,2224,5820,6187,367
Truck824688,0,2225,5880,6187,307
Truck825530,2656,2225,6110,6187,77
Truck824760,0,3331,5900,6188,288
Truck825672,3239,2656,6150,6188,38
Truck824373,2436,2998,5790,6189,399
Truck824445,2436,3122,5810,6189,379
Truck824762,2437,2436,5900,6189,289
Truck824873,3121,3239,5930,6189,259
Truck825334,2822,1338,6055,6189,134
Truck825641,2998,1339,6140,6189,49
Truck821773,1338,3239,5070,6190,1120
Truck825284,2437,3121,6045,6190,145
Truck825225,2821,2225,6025,6191,166
Truck821719,1338,3239,5055,6192,1137
Truck824695,3238,2656,5880,6192,312
Truck825213,2655,2224,6025,6192,167
Truck825383,2224,2225,6070,6192,122
Truck825565,3331,2655,6120,6192,72
Truck825106,2999,3239,5995,6193,198
Truck825659,2998,2437,6145,6193,48
Truck825496,2822,3239,6100,6194,94
Truck824451,2821,0,5810,6195,385
Truck824542,2822,3238,5835,6195,360
Truck825352,2822,2436,6060,6195,135
Truck825690,3239,1338,6155,6195,40
Truck824265,2436,3238,5760,6196,436
Truck824968,1339,3121,5955,6196,241
Truck824983,3238,2999,5960,6196,236
Truck825182,2225,3121,6015,6196,181
Truck825387,2821,3239,6070,6196,126
Truck825513,2821,2656,6105,6196,91
Truck824560,2822,3238,5840,6197,357
Truck825401,2224,3331,6075,6197,122
Truck824550,3122,2998,5840,6198,358
Truck824909,3121,2998,5940,6198,258
Truck825566,2656,2999,6120,6198,78
Truck825638,2656,2822,6140,6198,58
Truck821755,1338,2822,5065,6199,1134
Truck824481,2436,3122,5820,6199,379
Truck825320,2437,3121,6055,6199,144
Truck825428,2437,2656,6085,6199,114
Truck825581,2224,2998,6125,6199,74
Truck824714,2225,3239,5885,6200,315
Truck825124,2999,2656,6000,6200,200
Truck825518,2437,3122,6110,6200,90
Truck825419,2224,3121,6080,6201,121
Truck825511,3331,2821,6105,6201,96
Truck825708,3239,3121,6160,6201,41
Truck825828,3122,1339,6195,6201,6
Truck824774,2656,3238,5900,6202,302
Truck824823,2436,2437,5915,6202,287
Truck824862,3239,3238,5925,6202,277
Truck825196,2999,1339,6020,6202,182
Truck825412,2999,2225,6080,6202,122
Truck822622,2999,1338,5305,6203,898
Truck824409,2436,2998,5800,6203,403
Truck825595,3238,0,6130,6203,73
Truck825695,2998,2437,6155,6203,48
Truck825726,3239,2656,6165,6203,38
Truck824596,2822,3238,5850,6204,354
Truck824856,3122,2656,5925,6204,279
Truck825261,2821,2437,6035,6204,169
Truck825584,2656,2999,6125,6204,79
Truck824508,0,2224,5830,6205,375
Truck824904,0,2656,5940,6205,265
Truck825548,2656,2224,6115,6205,90
Truck825649,3238,3122,6145,6205,60
Truck824496,3122,2998,5825,6206,381
Truck825159,2655,2999,6010,6206,196
Truck825437,2224,2656,6085,6206,121
Truck825549,2821,2656,6115,6206,91
Truck825846,3122,1339,6200,6206,6
Truck824572,1339,2998,5845,6207,362
Truck825142,2999,3239,6005,6207,202
Truck825619,3331,2999,6135,6207,72
Truck824469,2821,0,5815,6208,393
Truck825279,2821,2225,6040,6208,168
Truck825713,2998,3331,6160,6208,48
Truck825022,1339,3121,5970,6209,239
Truck825464,2437,2224,6095,6209,114
Truck825602,2656,2437,6130,6209,79
Truck821953,1338,2822,5120,6210,1090
Truck824819,3121,3238,5915,6210,295
Truck825547,3331,2998,6115,6210,95
Truck824658,3122,2822,5870,6211,341
Truck824731,3238,3331,5890,6211,321
Truck824750,2225,2822,5895,6211,316
Truck824822,2225,1339,5915,6211,296
Truck821703,2655,1338,5050,6212,1162
Truck825192,0,2999,6020,6212,192
Truck825455,2224,2656,6090,6212,122
Truck825620,2656,2655,6135,6212,77
Truck825637,3331,1338,6140,6212,72
Truck825178,2999,2655,6015,6213,198
Truck825609,2655,2656,6135,6213,78
Truck825631,3238,0,6140,6213,73
Truck825042,3239,3122,5975,6214,239
Truck825424,2822,2655,6080,6214,134
Truck825731,2998,2822,6165,6214,49
Truck824763,2655,2225,5900,6215,315
Truck824768,2225,3331,5900,6215,315
Truck824839,3238,3121,5920,6215,295
Truck825374,2437,3121,6070,6215,145
Truck825482,2437,2821,6100,6215,115
Truck825568,2822,3239,6120,6215,95
Truck824840,2225,1339,5920,6216,296
Truck825500,2437,2656,6105,6216,111
Truck825516,0,2437,6110,6216,106
Truck825655,3331,2436,6145,6216,71
Truck824945,3121,2436,5950,6217,267
Truck824963,3121,2821,5955,6217,262
Truck824981,3121,3239,5960,6217,257
Truck825473,2224,3239,6095,6217,122
Truck825315,2821,1338,6050,6218,168
Truck825442,2822,2436,6085,6219,134
Truck825749,2998,2656,6170,6220,50
Truck825780,3239,3121,6180,6220,40
Truck824828,2656,0,5915,6221,306
Truck825333,2821,2655,6055,6221,166
Truck825477,2821,3239,6095,6221,126
Truck825491,2224,2655,6100,6221,121
Truck825907,3331,2656,6215,6221,6
Truck825488,2225,2999,6100,6222,122
Truck824804,2225,2224,5910,6223,313
Truck824918,2656,3238,5940,6223,283
Truck825583,3331,2821,6125,6223,98
Truck825673,3331,2436,6150,6223,73
Truck822385,1338,2437,5240,6224,984
Truck824874,3122,2225,5930,6224,294
Truck825677,2998,2224,6150,6224,74
Truck824803,3238,3331,5910,6225,315
Truck825767,2998,3331,6175,6225,50
Truck825820,2822,2224,6190,6225,35
Truck824605,3238,2998,5855,6226,371
Truck825509,2224,2437,6105,6226,121
Truck825798,3239,2999,6185,6226,41
Truck825918,3122,1339,6220,6226,6
Truck824892,3122,2225,5935,6227,292
Truck825789,2655,3239,6185,6227,42
Truck821845,1338,1339,5090,6228,1138
Truck825017,3121,2656,5970,6228,258
Truck825674,2656,3121,6150,6228,78
Truck825478,2822,2225,6095,6229,134
Truck825572,2437,0,6125,6229,104
Truck825685,3238,0,6155,6229,74
Truck825785,2998,2225,6180,6229,49
Truck825940,1339,3122,6225,6229,4
Truck821737,1338,2821,5060,6230,1170
Truck822025,1338,2822,5140,6230,1090
Truck824686,2822,1339,5875,6230,355
Truck825094,1339,3121,5990,6230,240
Truck824900,2656,1339,5935,6231,296
Truck825324,3122,2999,6055,6231,176
Truck825527,2224,3331,6110,6231,121
Truck825816,3239,1338,6190,6231,41
Truck825195,2655,0,6020,6232,212
Truck825214,2999,2436,6025,6232,207
Truck825807,2655,3239,6190,6232,42
Truck825912,0,1339,6220,6232,12
Truck824999,3121,2436,5965,6233,268
Truck825803,2998,2225,6185,6233,48
Truck821827,1338,2224,5085,6234,1149
Truck825126,3122,3121,6000,6234,234
Truck825250,2999,3331,6035,6234,199
Truck825264,0,2655,6040,6234,194
Truck824912,2225,1339,5940,6235,295
Truck825035,3121,3331,5975,6235,260
Truck825760,1339,3238,6175,6235,60
Truck825834,3239,2437,6195,6235,40
Truck824535,2436,3331,5835,6236,401
Truck824644,1339,2224,5865,6236,371
Truck824722,2822,3122,5885,6236,351
Truck824936,2656,0,5945,6236,291
Truck825053,3121,2998,5980,6236,256
Truck825727,3331,2225,6165,6236,71
Truck825856,2822,2224,6200,6236,36
Truck822151,1338,3122,5175,6237,1062
Truck824935,3331,3238,5945,6237,292
Truck824976,0,3331,5960,6237,277
Truck825268,2999,2821,6040,6237,197
Truck825542,2225,2999,6115,6237,122
Truck825545,2224,2821,6115,6237,122
Truck824858,2225,2821,5925,6238,313
Truck825163,3238,2655,6010,6238,228
Truck825528,3239,2224,6110,6238,128
Truck825531,2821,3239,6110,6238,128
Truck825710,2656,2999,6160,6238,78
Truck825870,3239,3331,6205,6238,33
Truck821989,1338,3122,5130,6239,1109
Truck825079,3331,1339,5985,6239,254
Truck825304,2999,0,6050,6239,189
Truck825654,3239,2822,6145,6239,94
Truck825821,2998,3239,6190,6239,49
Truck825514,2822,2437,6105,6240,135
Truck825563,2224,3331,6120,6241,121
Truck825745,3331,2437,6170,6241,71
Truck825039,2436,3121,5975,6242,267
Truck825546,3239,2998,6115,6243,128
Truck825732,0,3238,6170,6243,73
Truck825004,1339,2656,5965,6244,279
Truck825249,2655,3122,6035,6244,209
Truck825773,3121,2999,6180,6244,64
Truck825839,2998,3121,6195,6244,49
Truck824640,3122,2821,5865,6245,380
Truck825411,2655,2821,6080,6245,165
Truck825532,2822,3121,6110,6245,135
Truck824571,2436,3331,5845,6246,401
Truck824964,3122,2225,5955,6246,291
Truck825328,1339,2655,6055,6246,191
Truck825997,3331,2656,6240,6246,6
Truck825025,3331,0,5970,6247,277
Truck825692,2656,2998,6155,6247,92
Truck825792,3122,3238,6185,6247,62
Truck822206,2437,1338,5190,6248,1058
Truck824948,2225,1339,5950,6248,298
Truck825423,2821,2655,6080,6248,168
Truck825746,2656,2437,6170,6248,78
Truck825857,2998,2822,6200,6248,48
Truck824634,0,2998,5865,6249,384
Truck825089,3121,3239,5990,6249,259
Truck825608,2437,2822,6135,6249,114
Truck824589,2436,2224,5850,6250,400
Truck824748,3122,2224,5895,6251,356
Truck824907,2655,2225,5940,6251,311
Truck825336,0,2999,6060,6251,191
Truck825441,2821,3121,6085,6251,166
Truck821971,1338,2822,5125,6252,1127
Truck825321,2655,2999,6055,6252,197
Truck825322,2999,2656,6055,6252,197
Truck825396,3122,2999,6075,6252,177
Truck825592,2999,2225,6130,6252,122
Truck825599,2224,2436,6130,6252,122
Truck825838,2822,2656,6195,6252,57
Truck821898,0,1338,5105,6253,1148
Truck825768,0,3238,6180,6253,73
Truck824652,0,2821,5870,6254,384
Truck824724,0,2821,5890,6254,364
Truck825107,3121,3239,5995,6254,259
Truck825303,2655,3122,6050,6254,204
Truck825875,2998,1338,6205,6254,49
Truck826030,1339,3122,6250,6254,4
Truck824643,2436,0,5865,6255,390
Truck824623,3238,2224,5860,6256,396
Truck825829,3238,1339,6195,6256,61
Truck825984,0,3122,6240,6256,16
Truck825097,3331,3122,5990,6257,267
Truck825614,2225,2999,6135,6257,122
Truck825617,2224,2999,6135,6257,122
Truck825897,2655,3239,6215,6257,42
Truck825644,2437,2224,6145,6258,113
Truck825782,2656,2999,6180,6258,78
Truck825793,3238,0,6185,6258,73
Truck825893,2998,1338,6210,6258,48
Truck825926,2656,3239,6220,6258,38
Truck825125,3121,3331,6000,6259,259
Truck825168,3239,3238,6010,6259,249
Truck826048,1339,3122,6255,6259,4
Truck821917,1338,2224,5110,6260,1150
Truck822835,1338,2436,5365,6260,895
Truck825216,3122,3121,6025,6260,235
Truck825340,2999,2998,6060,6260,200
Truck824712,3122,2821,5885,6261,376
Truck825357,2655,2999,6065,6261,196
Truck826002,0,3122,6245,6261,16
Truck826044,3122,1339,6255,6261,6
Truck821935,1338,2822,5115,6262,1147
Truck825800,2656,2999,6185,6262,77
Truck822421,1338,2437,5250,6263,1013
Truck825148,1339,2656,6005,6263,258
Truck825270,3122,2655,6040,6263,223
Truck825635,2224,3121,6140,6263,123
Truck822640,2999,1338,5310,6264,954
Truck824943,2655,2225,5950,6264,314
Truck825001,3238,3121,5965,6264,299
Truck825752,2437,3122,6175,6264,89
Truck825184,1339,2656,6015,6265,250
Truck825696,0,2437,6160,6265,105
Truck825911,2998,2821,6215,6265,50
Truck825942,3239,2999,6225,6265,40
Truck825963,2821,2822,6230,6265,35
Truck825143,3121,2655,6005,6266,261
Truck825376,2999,2224,6070,6266,196
Truck825636,3239,2224,6140,6266,126
Truck825653,2224,2821,6145,6266,121
Truck825764,2656,2998,6175,6266,91
Truck826069,3331,2656,6260,6266,6
Truck822784,2999,1338,5350,6267,917
Truck824794,2822,3238,5905,6267,362
Truck825431,3121,2225,6085,6267,182
Truck824989,3331,3238,5960,6268,308
Truck825161,3121,3239,6010,6268,258
Truck825364,1339,2655,6065,6268,203
Truck825495,2821,3121,6100,6268,168
Truck825765,2821,2656,6175,6268,93
Truck825680,2437,3239,6155,6269,114
Truck825716,2437,0,6165,6269,104
Truck825929,2998,1339,6220,6269,49
Truck824697,2436,0,5880,6271,391
Truck824966,2225,2998,5955,6271,316
Truck825863,3121,2999,6205,6271,66
Truck825671,2224,2822,6150,6272,122
Truck822496,2999,1338,5270,6273,1003
Truck825102,0,3331,5995,6273,278
Truck825394,2999,3331,6075,6273,198
Truck825698,2437,2822,6160,6273,113
Truck825836,2656,2225,6195,6273,78
Truck824673,2655,2436,5875,6274,399
Truck825947,2998,2656,6225,6274,49
Truck824984,2225,2655,5960,6275,315
Truck825978,3239,2655,6235,6275,40
Truck826000,2822,2821,6240,6275,35
Truck825640,2822,2437,6140,6276,136
Truck825689,2224,2437,6155,6276,121
Truck825783,2821,3331,6180,6276,96
Truck825901,3238,1339,6215,6276,61
Truck824715,2436,0,5885,6277,392
Truck825871,3331,3121,6205,6277,72
Truck822300,3122,1338,5215,6278,1063
Truck824706,0,2436,5885,6278,393
Truck825854,2656,2999,6200,6278,78
Truck825865,3238,0,6205,6278,73
Truck825965,2998,2656,6230,6278,48
Truck825998,2656,3239,6240,6278,38
Truck825198,3122,3331,6020,6279,259
Truck824787,2436,3122,5905,6280,375
Truck825002,2225,2821,5965,6280,315
Truck825286,2999,3238,6045,6280,235
Truck824896,1339,2822,5935,6281,346
Truck825504,3122,2999,6105,6281,176
Truck825707,2224,2437,6160,6281,121
Truck825735,2655,2437,6170,6281,111
Truck825889,3331,1338,6210,6281,71
Truck825922,1339,3238,6220,6281,61
Truck825076,1339,2225,5985,6282,297
Truck825693,2821,3239,6155,6282,127
Truck825996,3239,2655,6240,6282,42
Truck825030,0,2225,5975,6283,308
Truck825410,2437,2225,6080,6283,203
Truck825537,2655,2224,6115,6283,168
Truck825872,2656,2655,6205,6283,78
Truck825946,2822,2656,6225,6283,58
Truck825983,2998,2225,6235,6283,48
Truck826016,2656,3239,6245,6283,38
Truck825116,2656,0,5995,6284,289
Truck825215,3121,2998,6025,6284,259
Truck825430,2999,2998,6085,6284,199
Truck824784,3122,2436,5905,6285,380
Truck825129,2436,2437,6000,6285,285
Truck825502,2999,1339,6105,6285,180
Truck825734,2437,2655,6170,6285,115
Truck826035,2821,2822,6250,6285,35
Truck822133,1338,3331,5170,6286,1116
Truck824805,2436,3122,5910,6286,376
Truck825503,3121,2225,6105,6286,181
Truck825844,2999,2437,6200,6286,86
Truck825020,2225,2655,5970,6287,317
Truck825242,2656,3122,6030,6287,257
Truck825348,3239,1339,6060,6287,227
Truck825448,2999,3331,6090,6287,197
Truck825725,2224,1339,6165,6287,122
Truck825937,3238,1339,6225,6287,62
Truck822187,1338,2998,5185,6288,1103
Truck822283,3238,1338,5210,6288,1078
Truck825555,2655,2224,6120,6288,168
Truck825890,2656,3121,6210,6288,78
Truck825567,2821,2436,6120,6289,169
Truck825694,2822,2655,6155,6289,134
Truck826001,2998,2999,6240,6289,49
Truck826156,1339,3122,6285,6289,4
Truck825429,2655,0,6085,6290,205
Truck825219,2436,3121,6025,6291,266
Truck825323,3121,3122,6055,6291,236
Truck825925,3331,2655,6220,6291,71
Truck825037,3238,2656,5975,6292,317
Truck825147,2436,2437,6005,6292,287
Truck825501,2655,3122,6105,6292,187
Truck825743,2224,2999,6170,6292,122
Truck825259,3331,0,6035,6293,258
Truck825982,2822,2656,6235,6293,58
Truck825056,2225,2998,5980,6294,314
Truck825466,2999,3331,6095,6294,199
Truck825712,2822,2437,6160,6294,134
Truck825908,2656,2225,6215,6294,79
Truck825964,2822,3331,6230,6294,64
Truck826019,2998,2999,6245,6294,49
Truck822313,1338,2998,5220,6295,1075
Truck825130,1339,2225,6000,6295,295
Truck825853,3331,2224,6200,6295,95
Truck824802,3122,2821,5910,6296,386
Truck824824,1339,2224,5915,6296,381
Truck825069,2655,2225,5985,6296,311
Truck825662,2437,3121,6150,6296,146
Truck825761,2224,2821,6175,6296,121
Truck825770,2437,3331,6180,6296,116
Truck825873,2821,2656,6205,6296,91
Truck822799,1338,2999,5355,6297,942
Truck824838,3122,2224,5920,6297,377
Truck825238,1339,2656,6030,6297,267
Truck825758,2225,2999,6175,6297,122
Truck825288,3122,3331,6045,6298,253
Truck825591,2655,2821,6130,6298,168
Truck825730,2822,2437,6165,6298,133
Truck825744,3239,2224,6170,6298,128
Truck824928,3122,2224,5945,6299,354
Truck825084,0,2225,5990,6299,309
Truck825145,3238,3121,6005,6299,294
Truck826037,2998,3331,6250,6299,49
Truck822241,1338,2821,5200,6300,1100
Truck825874,2822,3239,6205,6300,95
Truck822493,1338,2437,5270,6301,1031
Truck822820,2999,1338,5360,6301,941
Truck824769,2436,3331,5900,6301,401
Truck824842,1339,2436,5920,6301,381
Truck825902,2225,2436,6215,6301,86
Truck826068,3239,2655,6260,6301,41
Truck826196,2656,3331,6295,6301,6
Truck822728,2437,1338,5335,6302,967
Truck824875,3238,2224,5930,6302,372
Truck825074,2225,3331,5985,6302,317
Truck825483,2655,3122,6100,6302,202
Truck825779,2224,3238,6180,6302,122
Truck825361,3238,2655,6065,6303,238
Truck825762,3239,2821,6175,6303,128
Truck825748,2822,2999,6170,6304,134
Truck825806,2437,2821,6190,6304,114
Truck825955,3238,0,6230,6304,74
Truck825627,2655,2224,6140,6306,166
Truck825797,2224,2437,6185,6306,121
Truck824860,1339,2436,5925,6307,382
Truck825484,2999,2436,6100,6307,207
Truck825520,2999,2655,6110,6307,197
Truck825578,2225,3121,6125,6307,182
Truck825639,2821,2225,6140,6307,167
Truck825979,3331,3121,6235,6307,72
Truck822367,1338,2998,5235,6308,1073
Truck824814,0,2436,5915,6308,393
Truck825276,3239,3238,6040,6308,268
Truck825305,3121,2655,6050,6308,258
Truck825962,2656,2655,6230,6308,78
Truck826073,2998,1339,6260,6308,48
Truck822150,0,1338,5175,6309,1134
Truck825112,1339,2822,5995,6310,315
Truck825179,3121,3238,6015,6310,295
Truck825382,1339,3121,6070,6310,240
Truck826007,3121,2999,6245,6310,65
Truck824883,2821,3122,5930,6311,381
Truck825146,2225,0,6005,6311,306
Truck825815,2224,2999,6190,6311,121
Truck825819,2821,2224,6190,6311,121
Truck826224,3122,1339,6305,6311,6
Truck826027,3238,1339,6250,6312,62
Truck822259,1338,1339,5205,6313,1108
Truck824895,2436,3122,5935,6313,378
Truck825138,0,2225,6005,6313,308
Truck825538,2999,2998,6115,6313,198
Truck825596,2225,3121,6130,6313,183
Truck825842,2437,2822,6200,6313,113
Truck825924,3239,2822,6220,6313,93
Truck826140,3239,3331,6280,6313,33
Truck822731,3121,1338,5335,6314,979
Truck825393,2655,3238,6075,6314,239
Truck825415,3238,2655,6080,6314,234
Truck825454,1339,3239,6090,6314,224
Truck825914,2437,1339,6220,6314,94
Truck826089,2821,2998,6265,6314,49
Truck826091,2998,1339,6265,6314,49
Truck825205,3331,0,6020,6315,295
Truck825928,2822,3239,6220,6315,95
Truck825950,2437,2999,6230,6315,85
Truck825218,2225,3122,6025,6316,291
Truck825278,2656,0,6040,6316,276
Truck825200,2225,1339,6020,6317,297
Truck825359,3121,0,6065,6317,252
Truck825339,2655,3121,6060,6318,258
Truck825519,2655,1339,6110,6318,208
Truck825802,2822,2436,6185,6318,133
Truck825833,2224,2655,6195,6318,123
Truck826109,2998,2822,6270,6318,48
Truck825341,3121,2998,6060,6319,259
Truck825556,2999,2821,6120,6319,199
Truck822205,1338,3239,5190,6320,1130
Truck825598,1339,2655,6130,6320,190
Truck825943,3331,2998,6225,6320,95
Truck825554,2437,2225,6120,6321,201
Truck825580,1339,2655,6125,6322,197
Truck825851,2224,3238,6200,6322,122
Truck826063,3238,1339,6260,6322,62
Truck822871,1338,2999,5375,6323,948
Truck825681,2655,2998,6155,6323,168
Truck826127,2998,3238,6275,6323,48
Truck822403,1338,3331,5245,6324,1079
Truck825379,3238,3239,6070,6324,254
Truck825009,2821,3122,5965,6325,360
Truck825233,3121,3238,6030,6325,295
Truck826158,3239,2655,6285,6325,40
Truck825164,2225,2656,6010,6326,316
Truck825869,2224,2822,6205,6326,121
Truck825980,2656,2998,6235,6326,91
Truck826180,2822,2821,6290,6326,36
Truck824893,3238,2224,5935,6327,392
Truck824949,2436,3122,5950,6327,377
Truck825544,1339,3239,6115,6327,212
Truck825574,2999,3331,6125,6327,202
Truck825852,3239,2998,6200,6327,127
Truck826051,3331,3121,6255,6327,72
Truck824733,2436,3238,5890,6328,438
Truck824877,2436,2656,5930,6328,398
Truck825492,3239,0,6100,6328,228
Truck825711,2821,3121,6160,6328,168
Truck825896,2437,2821,6215,6329,114
Truck826034,2656,1338,6250,6329,79
Truck826049,2224,2998,6255,6329,74
Truck826055,2998,2224,6255,6329,74
Truck826145,2998,0,6280,6329,49
Truck825628,2999,0,6140,6330,190
Truck825253,3238,3121,6035,6331,296
Truck822043,1338,3239,5145,6332,1187
Truck826272,0,1339,6320,6332,12
Truck825395,3121,2822,6075,6333,258
Truck825887,2224,2225,6210,6333,123
Truck826052,2656,1338,6255,6333,78
Truck821995,3238,1338,5130,6334,1204
Truck825350,2656,0,6060,6334,274
Truck825354,0,2656,6065,6334,269
Truck826163,2998,2436,6285,6334,49
Truck825486,3122,3121,6100,6335,235
Truck822169,1338,2822,5180,6336,1156
Truck825413,3121,2998,6080,6336,256
Truck825610,2999,2998,6135,6336,201
Truck826194,3239,2999,6295,6336,41
Truck822175,3238,1338,5180,6337,1157
Truck825235,3238,2656,6030,6337,307
Truck825426,0,3121,6085,6337,252
Truck825485,3121,3122,6100,6337,237
Truck825648,3122,2655,6145,6337,192
Truck825888,3239,2224,6210,6337,127
Truck825905,2224,2999,6215,6337,122
Truck825909,2821,2224,6215,6337,122
Truck826081,3238,0,6265,6337,72
Truck825206,2656,3238,6020,6338,318
Truck825377,3121,2436,6070,6338,268
Truck826087,3331,2999,6265,6338,73
Truck826181,2998,2821,6290,6338,48
Truck826212,3239,2656,6300,6338,38
Truck824913,2436,2821,5940,6339,399
Truck824982,3122,2436,5960,6339,379
Truck825472,1339,3331,6095,6339,244
Truck822749,3121,1338,5340,6340,1000
Truck825327,2436,2437,6055,6340,285
Truck826022,2437,3122,6250,6340,90
Truck826105,3331,2225,6270,6341,71
Truck825287,3121,3238,6045,6342,297
Truck825923,2224,0,6220,6342,122
Truck825000,3122,2821,5965,6343,378
Truck825092,2225,3238,5990,6343,353
Truck826230,3239,2656,6305,6343,38
Truck826248,3239,3331,6310,6343,33
Truck825120,0,2822,6000,6344,344
Truck825475,3331,3122,6095,6344,249
Truck825753,2655,2998,6175,6344,169
Truck823072,2999,1338,5430,6345,915
Truck825400,1339,3331,6075,6345,270
Truck825646,2999,2224,6145,6345,200
Truck825892,2822,3121,6210,6345,135
Truck826199,2998,2999,6295,6345,50
Truck822223,1338,2224,5195,6346,1151
Truck824931,2436,2224,5945,6346,401
Truck825110,2225,3238,5995,6346,351
Truck825521,3121,3122,6110,6347,237
Truck825941,2224,2655,6225,6347,122
Truck826106,2656,2225,6270,6347,77
Truck826162,2822,3331,6285,6347,62
Truck825474,3239,1339,6095,6348,253
Truck825927,2821,3239,6220,6348,128
Truck823167,2436,1338,5455,6349,894
Truck823252,2999,1338,5480,6349,869
Truck825447,2655,3121,6090,6349,259
Truck825771,2655,2998,6180,6349,169
Truck825968,2437,2821,6235,6349,114
Truck826217,2998,1338,6300,6349,49
Truck824911,3238,2998,5940,6350,410
Truck825289,3238,3331,6045,6350,305
Truck825700,2999,0,6160,6350,190
Truck825986,2437,2822,6240,6350,110
Truck826151,3121,2999,6285,6350,65
Truck822372,3122,1338,5235,6351,1116
Truck825055,3238,2821,5980,6351,371
Truck825577,3238,2655,6125,6351,226
Truck825664,2999,3331,6150,6351,201
Truck826368,3122,1339,6345,6351,6
Truck825254,2225,3331,6035,6352,317
Truck825959,2224,2656,6230,6352,122
Truck823105,1338,2436,5440,6353,913
Truck825272,2225,2224,6040,6353,313
Truck825467,3121,2224,6095,6353,258
Truck825331,3331,3238,6055,6354,299
Truck825682,2999,2224,6155,6354,199
Truck826169,3121,2999,6290,6354,64
Truck826235,2998,2225,6305,6354,49
Truck824967,2436,2655,5955,6355,400
Truck826072,2822,3239,6260,6355,95
Truck823239,2436,1338,5475,6356,881
Truck825772,2999,3122,6180,6356,176
Truck825860,2437,3238,6205,6356,151
Truck825960,3239,2821,6230,6356,126
Truck825977,2224,2655,6235,6356,121
Truck825669,2436,2999,6150,6357,207
Truck826004,2437,2821,6245,6357,112
Truck826159,3331,2436,6285,6357,72
Truck826266,3239,1338,6315,6357,42
Truck824929,3238,2224,5945,6358,413
Truck825449,3121,2436,6090,6358,268
Truck826216,2822,2656,6300,6358,58
Truck826253,2998,1338,6310,6358,48
Truck823095,2436,1338,5435,6359,924
Truck825108,3122,2821,5995,6359,364
Truck825600,3239,1339,6130,6360,230
Truck826040,2437,0,6255,6360,105
Truck824985,2436,3331,5960,6361,401
Truck825262,2822,0,6035,6361,326
Truck825290,2225,3331,6045,6361,316
Truck825878,2437,3238,6210,6361,151
Truck825399,2436,2437,6075,6362,287
Truck825326,2225,0,6055,6363,308
Truck825718,2999,2224,6165,6363,198
Truck825995,2224,2437,6240,6363,123
Truck826104,3239,2822,6270,6363,93
Truck826271,2998,2999,6315,6363,48
Truck826304,2656,3239,6325,6363,38
Truck825166,1339,2998,6010,6364,354
Truck825392,2437,2436,6075,6364,289
Truck825756,3122,2655,6175,6364,189
Truck826323,2821,2822,6330,6364,34
Truck822475,1338,2224,5265,6365,1100
Truck823249,1338,2999,5480,6365,885
Truck825003,2436,2822,5965,6365,400
Truck825012,0,2436,5970,6365,395
Truck825398,2225,3122,6075,6366,291
Truck825825,2655,2998,6195,6366,171
Truck826013,2224,3239,6245,6366,121
Truck826302,3239,2655,6325,6366,41
Truck822295,1338,2655,5215,6367,1152
Truck825529,3331,1339,6110,6367,257
Truck825855,2821,2225,6200,6367,167
Truck825736,2999,2655,6170,6368,198
Truck826289,2998,2225,6320,6368,48
Truck825066,0,2998,5985,6369,384
Truck825422,2656,0,6080,6369,289
Truck826076,2437,0,6265,6369,104
Truck826178,2656,2437,6290,6369,79
Truck825021,2436,3239,5970,6371,401
Truck825440,2656,0,6085,6371,286
Truck825809,3121,2225,6190,6371,181
Truck825932,2437,3121,6225,6371,146
Truck826213,3331,2225,6300,6371,71
Truck825154,2822,3238,6005,6372,367
Truck825416,2225,3122,6080,6372,292
Truck826014,3239,2821,6245,6372,127
Truck826252,2822,3331,6310,6372,62
Truck825754,2999,2224,6175,6373,198
Truck826031,2224,0,6250,6373,123
Truck826203,2655,3331,6300,6373,73
Truck826307,2998,2655,6325,6373,48
Truck822529,1338,1339,5280,6374,1094
Truck825174,0,2821,6015,6374,359
Truck825234,3122,2822,6030,6374,344
Truck825344,2225,3331,6060,6374,314
Truck826130,2437,1339,6280,6374,94
Truck826160,2656,2224,6285,6375,90
Truck822546,0,1338,5285,6376,1091
Truck825699,2655,0,6160,6376,216
Truck823645,1338,2225,5590,6377,787
Truck826231,3331,2225,6305,6377,72
Truck826338,3239,2999,6335,6377,42
Truck826444,1339,0,6365,6377,12
Truck822565,1338,2821,5290,6378,1088
Truck826032,3239,2224,6250,6378,128
Truck826214,2656,2437,6300,6378,78
Truck825879,2655,2998,6210,6379,169
Truck826258,2999,3121,6315,6379,64
Truck826325,2998,2655,6330,6379,49
Truck822085,3238,1338,5155,6380,1225
Truck825057,2436,2998,5980,6380,400
Truck825612,3122,3331,6135,6380,245
Truck825450,3122,2225,6090,6381,291
Truck826071,2821,2224,6260,6381,121
Truck826184,2437,2999,6295,6381,86
Truck826249,3331,2655,6310,6382,72
Truck826285,3331,2822,6320,6382,62
Truck825210,0,2224,6025,6383,358
Truck826067,2224,3331,6260,6383,123
Truck826343,2998,0,6335,6383,48
Truck825318,0,2822,6055,6384,329
Truck825380,2225,2998,6070,6384,314
Truck825717,2655,0,6165,6384,219
Truck826094,2437,2655,6270,6384,114
Truck826177,3331,2998,6290,6384,94
Truck826247,2224,2998,6310,6384,74
Truck826498,1339,3122,6380,6384,4
Truck825075,2436,2655,5985,6385,400
Truck825790,2999,2656,6185,6385,200
Truck825480,0,3331,6100,6386,286
Truck825611,3121,0,6135,6386,251
Truck826276,2999,3121,6320,6386,66
Truck822511,1338,0,5275,6387,1112
Truck826085,2224,2436,6265,6387,122
Truck825111,2436,0,5995,6388,393
Truck825866,2225,3121,6205,6388,183
Truck826250,2656,1338,6310,6388,78
Truck826361,2998,2821,6340,6388,48
Truck826392,3239,2656,6350,6388,38
Truck825093,2436,3239,5990,6389,399
Truck823275,2436,1338,5485,6390,905
Truck826054,2822,2437,6255,6390,135
Truck826112,2437,3239,6275,6390,115
Truck826198,2822,3239,6295,6390,95
Truck822439,1338,0,5255,6391,1136
Truck825629,3121,0,6140,6391,251
Truck825808,2999,2224,6190,6391,201
Truck825826,2999,2224,6195,6392,197
Truck825945,2821,2436,6225,6392,167
Truck826103,2224,3238,6270,6392,122
Truck826146,0,2437,6285,6392,107
Truck822528,0,1338,5280,6393,1113
Truck826059,2655,2822,6260,6393,133
Truck826410,3239,2656,6355,6393,38
Truck825434,2225,0,6085,6394,309
Truck825739,3238,2655,6170,6394,224
Truck826086,3239,2821,6265,6394,129
Truck826534,1339,3122,6390,6394,4
Truck825246,0,2224,6035,6395,360
Truck826379,2998,3238,6345,6395,50
Truck826432,2822,2821,6360,6395,35
Truck823198,2999,1338,5465,6396,931
Truck825252,3122,2821,6035,6396,361
Truck825862,2999,0,6205,6396,191
Truck826009,3238,2437,6245,6396,151
Truck825824,2437,2225,6195,6397,202
Truck825951,2655,2998,6230,6397,167
Truck826121,2224,2437,6275,6397,122
Truck826286,2656,1338,6320,6397,77
Truck826303,3331,2437,6325,6397,72
Truck822709,1338,3239,5330,6398,1068
Truck825523,3238,3331,6110,6398,288
Truck826090,2822,2436,6265,6398,133
Truck826107,2821,3239,6270,6398,128
Truck826430,2656,3239,6360,6398,38
Truck825123,2655,2436,6000,6399,399
Truck825469,3238,3331,6095,6399,304
Truck826148,2437,2655,6285,6399,114
Truck826397,2998,2999,6350,6399,49
Truck823015,1338,3121,5415,6400,985
Truck825666,3122,3239,6150,6400,250
Truck826182,0,2437,6295,6401,106
Truck826428,3239,2999,6360,6401,41
Truck825536,2437,2436,6115,6402,287
Truck825656,2656,1339,6145,6402,257
Truck826350,3122,3238,6340,6402,62
Truck826139,2224,2656,6280,6403,123
Truck826321,3331,2436,6330,6403,73
Truck826415,2998,2999,6355,6403,48
Truck822804,3122,1338,5355,6404,1049
Truck823070,2437,1338,5430,6404,974
Truck825618,3239,0,6135,6404,269
Truck825934,2999,1339,6225,6404,179
Truck826166,2437,2822,6290,6404,114
Truck826268,2656,2821,6315,6404,89
Truck825141,2655,2436,6005,6405,400
Truck825524,2225,1339,6110,6405,295
Truck825647,3121,2655,6145,6405,260
Truck826108,2822,2999,6270,6405,135
Truck825452,2225,2821,6090,6406,316
Truck826157,2224,3122,6285,6406,121
Truck826372,1339,3238,6345,6406,61
Truck825457,3331,3238,6090,6407,317
Truck825526,1339,2225,6110,6407,297
Truck825540,3122,2225,6115,6407,292
Truck825880,2999,3331,6210,6407,197
Truck822583,1338,2655,5295,6408,1113
Truck825468,3122,2822,6095,6408,313
Truck825616,1339,3331,6135,6408,273
Truck825935,3121,2225,6225,6408,183
Truck825987,2655,2998,6240,6408,168
Truck825360,3122,2822,6065,6409,344
Truck826126,2822,2225,6275,6409,134
Truck826433,2998,1339,6360,6409,49
Truck825165,2436,2224,6010,6411,401
Truck826202,2437,2655,6300,6411,111
Truck826464,3239,2999,6370,6411,41
Truck822547,1338,2656,5285,6412,1127
Truck826168,2999,2225,6290,6412,122
Truck826175,2224,1338,6290,6412,122
Truck825470,2225,2224,6095,6413,318
Truck825560,2225,3122,6120,6413,293
Truck826340,2656,2655,6335,6413,78
Truck825683,3121,3239,6155,6414,259
Truck825691,3331,0,6155,6414,259
Truck826355,2224,2998,6340,6414,74
Truck826451,2998,2655,6365,6414,49
Truck825665,3121,2436,6150,6415,265
Truck826504,2822,2821,6380,6415,35
Truck823724,2225,1338,5610,6416,806
Truck825256,1339,2436,6035,6416,381
Truck825562,1339,2225,6120,6416,296
Truck825898,2999,3239,6215,6416,201
Truck826221,2655,2437,6305,6416,111
Truck825701,3121,2656,6160,6417,257
Truck826023,2655,2998,6250,6417,167
Truck826190,2225,2999,6295,6417,122
Truck826482,3239,2436,6375,6417,42
Truck822606,3122,1338,5300,6418,1118
Truck825709,3331,0,6160,6418,258
Truck825868,1339,2655,6205,6418,213
Truck826193,2224,3121,6295,6418,123
Truck826220,2437,2655,6305,6418,113
Truck826358,2656,3121,6340,6418,78
Truck826518,3239,3331,6385,6418,33
Truck825916,2999,2822,6220,6419,199
Truck825933,2655,3122,6225,6419,194
Truck826469,2998,2436,6370,6419,49
Truck825201,2436,3331,6020,6420,400
Truck825506,2225,2224,6105,6420,315
Truck826292,2437,1339,6325,6420,95
Truck826500,3239,3121,6380,6420,40
Truck825274,1339,2436,6040,6421,381
Truck825706,1339,2656,6160,6421,261
Truck825861,2655,1339,6205,6421,216
Truck826211,2224,1339,6300,6421,121
Truck826256,2437,0,6315,6421,106
Truck826393,3331,2655,6350,6421,71
Truck826522,2822,2998,6385,6421,36
Truck826328,2437,2999,6335,6422,87
Truck826448,2656,2822,6365,6422,57
Truck825397,3238,2822,6075,6423,348
Truck826322,2656,2224,6330,6423,93
Truck826450,2822,2656,6365,6423,58
Truck826041,2655,2821,6255,6424,169
Truck826487,2998,3121,6375,6424,49
Truck825593,3121,3238,6130,6425,295
Truck825642,0,2656,6145,6425,280
Truck825719,3121,2224,6165,6425,260
Truck825309,2436,3122,6050,6426,376
Truck825351,2821,0,6060,6427,367
Truck826229,2224,2655,6305,6427,122
Truck825237,2436,3239,6030,6428,398
Truck825414,3122,2998,6080,6428,348
Truck825490,1339,2822,6100,6428,328
Truck823231,1338,3121,5475,6429,954
Truck825418,1339,2998,6080,6429,349
Truck825952,2999,2998,6230,6429,199
Truck826439,3121,2999,6365,6429,64
Truck825702,3122,3331,6160,6430,270
Truck826341,2821,3331,6335,6430,95
Truck826342,2822,3239,6335,6430,95
Truck826505,2998,3122,6380,6430,50
Truck825306,3122,2436,6050,6431,381
Truck825737,3121,2998,6170,6431,261
Truck826025,3121,2225,6250,6431,181
Truck826042,2999,3122,6255,6431,176
Truck826339,3331,2224,6335,6431,96
Truck826558,2822,2998,6395,6431,36
Truck826663,3331,2656,6425,6431,6
Truck823235,3121,1338,5475,6432,957
Truck825271,3238,2224,6040,6433,393
Truck822873,2655,1338,5375,6434,1059
Truck825109,3238,2436,5995,6434,439
Truck826523,2998,0,6385,6434,49
Truck825634,1339,2225,6140,6435,295
Truck825970,2999,3239,6235,6436,201
Truck826357,3331,2998,6340,6436,96
Truck826376,2656,2224,6345,6436,91
Truck826554,3239,2225,6395,6436,41
Truck826026,3122,2655,6250,6437,187
Truck826265,2224,1338,6315,6437,122
Truck826447,3331,2225,6365,6437,72
Truck826660,1339,0,6425,6437,12
Truck826572,3239,2656,6400,6438,38
Truck826574,2656,3239,6400,6438,38
Truck826590,3239,3331,6405,6438,33
Truck822457,1338,2655,5260,6439,1179
Truck825721,3238,3331,6165,6439,274
Truck826060,2999,1339,6260,6439,179
Truck826541,2998,3238,6390,6439,49
Truck826251,2821,3239,6310,6440,130
Truck822673,1338,2656,5320,6441,1121
Truck825498,0,2822,6105,6441,336
Truck826234,2822,2999,6305,6441,136
Truck826283,2224,3121,6320,6441,121
Truck826310,2437,2822,6330,6441,111
Truck826375,3331,2224,6345,6441,96
Truck826394,2656,2224,6350,6441,91
Truck826501,3331,2822,6380,6441,61
Truck825273,2436,2655,6040,6442,402
Truck825763,3331,0,6175,6442,267
Truck826125,2821,2436,6275,6442,167
Truck826465,3331,2999,6370,6442,72
Truck823037,3121,1338,5420,6443,1023
Truck825992,2225,2437,6240,6443,203
Truck825670,1339,2225,6150,6444,294
Truck826395,2821,3331,6350,6444,94
Truck822564,0,1338,5290,6445,1155
Truck825363,2436,1339,6065,6445,380
Truck825372,0,2998,6070,6445,375
Truck826513,3238,3122,6385,6445,60
Truck825444,0,2998,6090,6446,356
Truck826301,2224,3238,6325,6446,121
Truck826483,3331,2225,6375,6446,71
Truck826010,2225,2437,6245,6447,202
Truck826412,2656,2821,6355,6447,92
Truck826425,2436,2225,6360,6447,87
Truck826470,0,3238,6375,6447,72
Truck825462,0,2998,6095,6448,353
Truck825604,2822,1339,6130,6448,318
Truck826270,2822,2999,6315,6449,134
Truck826577,2998,2436,6400,6449,49
Truck822801,2655,1338,5355,6451,1096
Truck823321,1338,2437,5500,6451,951
Truck826024,2999,3239,6250,6451,201
Truck826608,3239,2655,6410,6451,41
Truck825183,2436,3238,6015,6452,437
Truck825508,1339,2822,6105,6452,347
Truck826319,2224,0,6330,6452,122
Truck825742,1339,3331,6170,6453,283
Truck826305,2821,3239,6325,6453,128
Truck825827,3121,2998,6195,6454,259
Truck825906,3239,1339,6215,6454,239
Truck826120,1339,2999,6275,6454,179
Truck826346,2437,3239,6340,6454,114
Truck826595,2998,3122,6405,6454,49
Truck825822,0,3239,6195,6455,260
Truck826440,3122,2437,6365,6455,90
Truck822745,1338,3239,5340,6456,1116
Truck825703,3238,3121,6160,6456,296
Truck825843,2655,3121,6200,6456,256
Truck826337,2224,2655,6335,6456,121
Truck826429,3331,2998,6360,6456,96
Truck826461,2436,2225,6370,6456,86
Truck826519,3331,2437,6385,6456,71
Truck825632,2225,2821,6140,6457,317
Truck825668,2225,0,6150,6457,307
Truck825858,0,3121,6205,6457,252
Truck826364,2437,2655,6345,6457,112
Truck825199,3238,2436,6020,6458,438
Truck826320,3239,2224,6330,6458,128
Truck826502,2656,2225,6380,6458,78
Truck826613,2998,3121,6410,6458,48
Truck825645,2655,2225,6145,6459,314
Truck825650,2225,3331,6145,6459,314
Truck826306,2822,2437,6325,6459,134
Truck822844,1339,1338,5365,6461,1096
Truck825345,2436,2998,6060,6461,401
Truck825417,2436,1339,6080,6461,381
Truck825738,3122,2225,6170,6461,291
Truck825775,3238,3331,6180,6461,281
Truck825796,1339,2656,6185,6461,276
Truck825845,3121,2821,6200,6461,261
Truck826573,3331,2822,6400,6461,61
Truck826772,2656,3331,6455,6461,6
Truck823199,3121,1338,5465,6462,997
Truck825433,3238,2821,6085,6462,377
Truck826197,2821,2999,6295,6462,167
Truck826524,0,3238,6390,6462,72
Truck826537,3331,2655,6390,6462,72
Truck826566,3122,3238,6400,6462,62
Truck826681,3331,3239,6430,6462,32
Truck825436,1339,2224,6085,6463,378
Truck826664,2656,3239,6425,6463,38
Truck822727,1338,3122,5335,6464,1129
Truck823141,1338,3121,5450,6464,1014
Truck825799,3331,0,6185,6464,279
Truck826535,2224,2998,6390,6464,74
Truck826631,2998,0,6415,6464,49
Truck822907,1338,2821,5385,6465,1080
Truck825804,0,3331,6190,6465,275
Truck822763,1338,2822,5345,6466,1121
Truck826382,2437,2656,6350,6466,116
Truck826484,2656,2998,6375,6466,91
Truck826492,2999,2437,6380,6466,86
Truck825704,2225,0,6160,6467,307
Truck826373,2224,3122,6345,6467,122
Truck826538,2656,3121,6390,6467,77
Truck826555,3331,2436,6395,6467,72
Truck825381,2436,2822,6070,6468,398
Truck826356,3239,2821,6340,6468,128
Truck826649,2998,2437,6420,6468,48
Truck826215,2821,2437,6300,6469,169
Truck826472,2437,1339,6375,6469,94
Truck826553,2224,2998,6395,6469,74
Truck826559,2998,2224,6395,6469,74
Truck826594,2822,3331,6405,6469,64
Truck825795,2436,2437,6185,6470,285
Truck825864,3122,2656,6205,6470,265
Truck825881,3121,2998,6210,6470,260
Truck826095,2655,0,6270,6470,200
Truck826078,2999,2436,6265,6471,206
Truck826374,3239,2821,6345,6471,126
Truck826391,2224,1339,6350,6471,121
Truck826400,2437,2224,6355,6471,116
Truck826680,3239,1338,6430,6471,41
Truck826800,3122,1339,6465,6471,6
Truck825788,2437,2436,6185,6472,287
Truck826077,2655,3238,6265,6472,207
Truck826100,2225,2437,6270,6472,202
Truck826188,3122,2999,6295,6472,177
Truck826602,3122,3238,6410,6472,62
Truck823707,2436,1338,5605,6473,868
Truck825586,2822,0,6125,6473,348
Truck825686,2225,2821,6155,6473,318
Truck825899,3121,3239,6215,6473,258
Truck826233,2821,2437,6305,6473,168
Truck826418,2437,2998,6360,6473,113
Truck826556,2656,2436,6395,6473,78
Truck826667,2998,1339,6425,6474,49
Truck822637,1338,3122,5310,6475,1165
Truck823540,2999,1338,5560,6475,915
Truck825558,3122,2224,6120,6475,355
Truck826360,2822,2655,6340,6475,135
Truck823393,1338,2999,5520,6476,956
Truck825990,3122,3121,6240,6476,236
Truck826698,3239,2225,6435,6476,41
Truck825817,3331,3238,6190,6477,287
Truck826005,2655,0,6245,6477,232
Truck826101,2436,2999,6270,6477,207
Truck826406,2225,2999,6355,6477,122
Truck826520,2656,2821,6385,6477,92
Truck826627,3331,2822,6415,6477,62
Truck826132,2999,2998,6280,6478,198
Truck826409,2224,3238,6355,6478,123
Truck826591,3331,2437,6405,6478,73
Truck826630,2822,3331,6415,6478,63
Truck826685,2998,2436,6430,6478,48
Truck825835,3331,1339,6195,6479,284
Truck825917,3121,2998,6220,6479,259
Truck826436,2437,2656,6365,6479,114
Truck823487,3121,1338,5545,6480,935
Truck825613,3238,2822,6135,6480,345
Truck825818,2656,3122,6190,6480,290
Truck826006,2999,3238,6245,6480,235
Truck826378,2822,3121,6345,6480,135
Truck826544,2437,2999,6395,6480,85
Truck825576,3122,2821,6125,6481,356
Truck826136,2225,2437,6280,6481,201
Truck826152,3122,2655,6285,6481,196
Truck826716,3239,2437,6440,6481,41
Truck822889,1338,0,5380,6482,1102
Truck825722,2225,2998,6165,6482,317
Truck825740,2225,2821,6170,6482,312
Truck825791,3121,3238,6185,6482,297
Truck826167,2655,1339,6290,6482,192
Truck826427,2224,1338,6360,6482,122
Truck822943,1338,2822,5395,6483,1088
Truck826581,2655,2656,6405,6483,78
Truck825971,3121,0,6235,6484,249
Truck826396,2822,2437,6350,6484,134
Truck826703,2998,0,6435,6484,49
Truck822781,1338,1339,5350,6485,1135
Truck825525,2436,3122,6110,6485,375
Truck826454,2437,2656,6370,6485,115
Truck826734,3239,2225,6445,6485,40
Truck826445,2224,2822,6365,6486,121
Truck826562,2437,2999,6400,6486,86
Truck826275,2655,2998,6320,6487,167
Truck826438,2999,2225,6365,6487,122
Truck826599,2655,2656,6410,6487,77
Truck825435,2436,2656,6085,6488,403
Truck826192,1339,2655,6295,6488,193
Truck826552,1339,2437,6395,6488,93
Truck823915,1338,2225,5665,6489,824
Truck826287,2821,2436,6320,6489,169
Truck826351,3238,2437,6340,6489,149
Truck826721,2998,2225,6440,6489,49
Truck822997,1338,2655,5410,6490,1080
Truck823555,1338,2999,5565,6490,925
Truck825453,2436,3331,6090,6490,400
Truck825781,3331,3238,6180,6490,310
Truck825850,1339,3331,6200,6490,290
Truck826045,3238,2999,6255,6490,235
Truck826135,3238,2655,6280,6491,211
Truck826150,2999,2436,6285,6491,206
Truck826155,2436,2999,6285,6491,206
Truck826414,2822,1338,6355,6492,137
Truck826463,2224,3122,6370,6492,122
Truck826645,3331,2437,6420,6492,72
Truck822691,1338,2655,5325,6493,1168
Truck822979,1338,2821,5405,6493,1088
Truck826015,3331,1339,6245,6493,248
Truck826200,0,2999,6300,6493,193
Truck826446,3239,2998,6365,6493,128
Truck826628,2656,2437,6415,6493,78
Truck826737,2821,2998,6445,6493,48
Truck822601,1338,3238,5300,6494,1194
Truck825776,2225,2224,6180,6494,314
Truck825847,3238,3121,6200,6494,294
Truck825976,1339,3331,6235,6494,259
Truck825325,3238,2436,6055,6495,440
Truck826526,2437,0,6390,6495,105
Truck826592,2656,2224,6405,6495,90
Truck826673,3121,2999,6430,6495,65
Truck826739,2998,2655,6445,6495,50
Truck826186,2999,3239,6295,6496,201
Truck826508,2437,2822,6385,6496,111
Truck825812,2225,0,6190,6497,307
Truck826481,2224,1338,6375,6497,122
Truck826604,2225,2436,6410,6497,87
Truck826866,0,1339,6485,6497,12
Truck823303,1338,3121,5495,6498,1003
Truck825624,0,2998,6140,6498,358
Truck826757,2998,3239,6450,6498,48
Truck822817,1338,2656,5360,6499,1139
Truck825989,3121,3239,6240,6499,259
Truck826050,3239,1339,6255,6499,244
Truck825489,2436,2821,6100,6500,400
Truck826204,2999,2656,6300,6500,200
Truck826711,3238,3122,6440,6500,60
Truck822870,0,1338,5375,6501,1126
Truck826222,2999,3331,6305,6501,196
Truck826611,2821,2656,6410,6501,91
Truck825944,2656,3122,6225,6502,277
Truck826185,2655,3238,6295,6502,207
Truck826294,2999,3122,6325,6502,177
Truck826499,2224,2436,6380,6502,122
Truck826542,0,2437,6395,6502,107
Truck826618,2999,2437,6415,6502,87
Truck826671,2655,3331,6430,6502,72
Truck825507,2436,2655,6105,6503,398
Truck825882,3122,2225,6210,6503,293
Truck826079,3121,1339,6265,6503,238
Truck826485,2821,3239,6375,6503,128
Truck826720,2822,3331,6440,6503,63
Truck826775,2998,2655,6455,6503,48
Truck826806,3239,2656,6465,6503,38
Truck823123,1338,3121,5445,6504,1059
Truck823742,2225,1338,5615,6504,889
Truck825794,2225,2655,6185,6504,319
Truck825936,3122,2656,6225,6504,279
Truck825961,3331,0,6230,6504,274
Truck826149,2655,0,6285,6504,219
Truck825994,1339,3331,6240,6505,265
Truck826239,2655,2999,6310,6505,195
Truck826609,3331,2998,6410,6505,95
Truck826629,2821,2656,6415,6505,90
Truck826517,2224,3122,6385,6506,121
Truck825840,0,2225,6200,6507,307
Truck826359,2821,2437,6340,6507,167
Truck826682,2656,2999,6430,6507,77
Truck826699,3331,2225,6435,6508,73
Truck825559,3238,2821,6120,6509,389
Truck825606,0,2998,6135,6509,374
Truck825729,2821,1339,6165,6509,344
Truck826164,0,2655,6290,6509,219
Truck826545,2655,2437,6395,6509,114
Truck826793,2998,2999,6460,6509,49
Truck825585,2821,3238,6125,6510,385
Truck826486,2822,2436,6375,6510,135
Truck826646,2656,2224,6420,6510,90
Truck822619,1338,2822,5305,6511,1206
Truck823267,1338,3122,5485,6511,1026
Truck825830,2225,2822,6195,6511,316
Truck826240,2999,3331,6310,6511,201
Truck826377,2821,3121,6345,6512,167
Truck826700,2656,1338,6435,6512,77
Truck826717,3331,2999,6440,6512,72
Truck825667,3238,2822,6150,6513,363
Truck826238,2437,2225,6310,6513,203
Truck826313,3121,2225,6330,6513,183
Truck826689,2655,2656,6435,6513,78
Truck823397,3121,1338,5520,6514,994
Truck825543,2436,2655,6115,6514,399
Truck826811,2998,1339,6465,6514,49
Truck825848,2225,2822,6200,6515,315
Truck825883,3238,3331,6210,6515,305
Truck826768,1339,3238,6455,6515,60
Truck826863,2821,2822,6480,6515,35
Truck825684,3122,2224,6155,6516,361
Truck826043,3121,3331,6255,6516,261
Truck825630,3122,2436,6140,6517,377
Truck825660,0,2224,6150,6517,367
Truck825784,2822,0,6180,6517,337
Truck826061,3121,3239,6260,6517,257
Truck826134,3122,3121,6280,6517,237
Truck826580,2437,2656,6405,6517,112
Truck823033,1338,2656,5420,6518,1098
Truck826020,0,3331,6250,6518,268
Truck826718,2656,3121,6440,6518,78
Truck826878,3239,3331,6485,6518,33
Truck823087,1338,3331,5435,6519,1084
Truck825561,2436,2821,6120,6519,399
Truck826354,1339,2999,6340,6519,179
Truck826383,2655,2998,6350,6519,169
Truck826536,3239,2224,6390,6519,129
Truck826829,2998,2822,6470,6519,49
Truck825720,3122,2998,6165,6520,355
Truck825676,2822,3238,6150,6521,371
Truck825958,1339,2656,6230,6521,291
Truck826047,2436,3121,6255,6521,266
Truck826980,3122,1339,6515,6521,6
Truck825948,0,3331,6230,6522,292
Truck826571,2224,2822,6400,6522,122
Truck822853,1338,3239,5370,6523,1153
Truck826352,2225,3121,6340,6523,183
Truck826413,2821,2437,6355,6523,168
Truck823375,1338,2999,5515,6524,1009
Truck825573,2655,2436,6125,6525,400
Truck826847,2998,3331,6475,6525,50
Truck825884,2225,2998,6210,6526,316
Truck826257,2655,3122,6315,6526,211
Truck825953,3121,3238,6230,6527,297
Truck826431,2821,2999,6360,6527,167
Truck826589,2224,3122,6405,6527,122
Truck826712,2225,2436,6440,6527,87
Truck826771,3331,2437,6455,6527,72
Truck823177,1338,2437,5460,6528,1068
Truck826131,2655,3238,6280,6528,248
Truck826743,2655,2656,6450,6528,78
Truck826898,2656,3239,6490,6528,38
Truck826097,3121,3239,6270,6529,259
Truck826495,3238,2437,6380,6529,149
Truck826617,2655,2437,6415,6529,114
Truck826769,2224,2998,6455,6529,74
Truck826865,2998,2655,6480,6529,49
Truck826113,2655,3121,6275,6530,255
Truck826312,2999,2224,6330,6530,200
Truck826798,2999,3121,6465,6530,65
Truck826917,2821,2822,6495,6530,35
Truck823905,2436,1338,5660,6531,871
Truck825973,3238,3121,6235,6531,296
Truck826218,0,2655,6305,6531,226
Truck826116,3122,3239,6275,6532,257
Truck826449,2821,2437,6365,6532,167
Truck826607,2224,2225,6410,6532,122
Truck826779,2655,3331,6460,6532,72
Truck825657,2821,0,6145,6533,388
Truck826011,2436,2437,6245,6533,288
Truck826437,2655,2998,6365,6533,168
Truck826634,2437,2822,6420,6533,113
Truck826883,2998,3121,6485,6533,48
Truck826365,2655,3122,6345,6534,189
Truck826419,2655,1339,6360,6534,174
Truck825651,2436,0,6145,6535,390
Truck825920,2225,2822,6220,6535,315
Truck826115,3121,2656,6275,6535,260
Truck826386,3122,2655,6350,6535,185
Truck826467,2821,2436,6370,6536,166
Truck826576,2822,3121,6400,6536,136
Truck827042,2656,3331,6530,6536,6
Truck822925,1338,2998,5390,6537,1147
Truck823159,1338,2822,5455,6537,1082
Truck825678,0,2821,6155,6537,382
Truck825747,2821,1339,6170,6537,367
Truck826122,3239,3238,6275,6537,262
Truck826625,2224,1339,6415,6537,122
Truck826801,3238,0,6465,6537,72
Truck825633,2436,3331,6140,6538,398
Truck825774,3122,2224,6180,6538,358
Truck826088,2656,3122,6265,6538,273
Truck825750,0,2822,6175,6539,364
Truck825938,2225,3239,6225,6539,314
Truck826133,3121,2821,6280,6539,259
Truck826348,2999,2822,6340,6539,199
Truck826652,2437,2655,6425,6539,114
Truck826735,3331,2998,6445,6539,94
Truck826794,0,3238,6465,6539,74
Truck826864,2822,2656,6480,6539,59
Truck823861,1338,2436,5650,6540,890
Truck822841,3238,1338,5365,6541,1176
Truck825714,0,2821,6165,6541,376
Truck826754,2656,2821,6450,6541,91
Truck826825,3331,2999,6470,6541,71
Truck826643,2224,2822,6420,6542,122
Truck826670,2437,3239,6430,6542,112
Truck822961,1338,2224,5400,6543,1143
Truck825505,3238,2436,6105,6543,438
Truck826329,2655,3122,6335,6543,208
Truck826380,0,2999,6350,6543,193
Truck826919,2998,2225,6495,6543,48
Truck823312,1339,1338,5495,6544,1049
Truck826612,2822,2999,6410,6544,134
Truck826706,2437,0,6440,6544,104
Truck826808,2656,2437,6465,6544,79
Truck826366,2999,2655,6345,6545,200
Truck826626,3239,2224,6415,6545,130
Truck825741,2436,3122,6170,6546,376
Truck826456,2999,3122,6370,6546,176
Truck826647,2821,3239,6420,6546,126
Truck826843,3331,3121,6475,6546,71
Truck826873,3238,1339,6485,6546,61
Truck825766,2822,3238,6175,6547,372
Truck825801,2821,0,6185,6547,362
Truck825969,2655,2225,6235,6547,312
Truck826070,2656,1339,6260,6547,287
Truck826228,1339,3121,6305,6547,242
Truck826458,3122,2999,6370,6547,177
Truck826503,2821,1338,6380,6547,167
Truck826661,2224,1338,6425,6547,122
Truck826879,3331,2822,6485,6547,62
Truck825974,2225,2224,6235,6548,313
Truck826384,2999,2656,6350,6548,198
Truck826937,2998,1338,6500,6548,48
Truck826970,2656,3239,6510,6548,38
Truck826791,2821,2656,6460,6549,89
Truck825663,2655,2436,6150,6550,400
Truck826261,3238,2999,6315,6550,235
Truck825954,3122,2822,6230,6551,321
Truck826679,2224,2999,6430,6551,121
Truck826683,2821,2224,6430,6551,121
Truck826897,3331,2822,6490,6551,61
Truck827095,3331,2656,6545,6551,6
Truck826174,1339,2656,6290,6552,262
Truck826388,2225,2437,6350,6552,202
Truck826844,2656,2999,6475,6552,77
Truck826900,2822,3331,6490,6552,62
Truck826968,3239,2225,6510,6552,42
Truck825910,2822,0,6215,6553,338
Truck826521,2821,3121,6385,6553,168
Truck823051,1338,3239,5425,6554,1129
Truck826066,1339,2225,6260,6554,294
Truck826264,1339,3121,6315,6554,239
Truck826648,2822,2225,6420,6554,134
Truck826955,2998,3331,6505,6554,49
Truck827110,1339,3122,6550,6554,4
Truck825814,1339,2224,6190,6555,365
Truck826123,3331,3122,6275,6555,280
Truck826326,0,2655,6335,6555,220
Truck826585,3238,2437,6405,6555,150
Truck826598,2437,3121,6410,6555,145
Truck826889,3121,2999,6490,6555,65
Truck826986,3239,2999,6515,6555,40
Truck826064,2225,1339,6260,6556,296
Truck826697,2224,2821,6435,6556,121
Truck824167,1338,2436,5735,6557,822
Truck825723,2436,0,6165,6557,392
Truck826124,2656,3122,6275,6557,282
Truck825687,2436,2822,6155,6558,403
Truck826195,3331,0,6295,6558,263
Truck826666,2822,2999,6425,6558,133
Truck826080,3122,2225,6265,6559,294
Truck826724,2437,2224,6445,6559,114
Truck826918,2822,3331,6495,6559,64
Truck826973,2998,2656,6510,6559,49
Truck825705,2436,2822,6160,6560,400
Truck825837,2821,3122,6195,6560,365
Truck826176,3239,3238,6290,6560,270
Truck826539,2821,2437,6390,6560,170
Truck826758,0,2437,6455,6560,105
Truck826814,2437,3122,6470,6560,90
Truck826420,2999,2224,6360,6561,201
Truck826715,2224,2225,6440,6561,121
Truck826742,2437,2821,6450,6561,111
Truck825778,1339,2436,6180,6562,382
Truck825579,2436,3238,6125,6563,438
Truck826028,2225,2821,6250,6563,313
Truck826038,0,2225,6255,6563,308
Truck826187,3121,2436,6295,6563,268
Truck826557,2821,2436,6395,6563,168
Truck826887,2655,3331,6490,6563,73
Truck826684,2822,1338,6430,6564,134
Truck826901,2998,2224,6490,6564,74
Truck826991,2998,2821,6515,6564,49
Truck825597,2436,3238,6130,6565,435
Truck826033,3331,3238,6250,6565,315
Truck826315,3238,2999,6330,6565,235
Truck826616,2437,3238,6415,6565,150
Truck825900,3122,2821,6215,6566,351
Truck826241,3121,2656,6310,6566,256
Truck826563,2655,2224,6400,6566,166
Truck826760,2437,2998,6455,6566,111
Truck825786,0,2821,6185,6567,382
Truck826141,3331,1339,6280,6567,287
Truck826514,2225,3121,6385,6567,182
Truck826575,2821,2436,6400,6567,167
Truck826733,2224,3331,6445,6567,122
Truck826845,2821,2656,6475,6567,92
Truck827128,1339,0,6555,6567,12
Truck825811,3238,2822,6190,6568,378
Truck826314,3122,3121,6330,6568,238
Truck826719,2821,3239,6440,6568,128
Truck827009,2998,2225,6520,6568,48
Truck827058,3239,3331,6535,6568,33
Truck823195,1338,2998,5465,6569,1104
Truck826639,3238,2437,6420,6569,149
Truck826702,2822,2436,6435,6569,134
Truck823519,1338,2437,5555,6570,1015
Truck825886,1339,2821,6210,6570,360
Truck825894,0,2822,6215,6570,355
Truck826046,2225,2998,6255,6570,315
Truck826207,3238,3239,6300,6570,270
Truck826333,3238,2999,6335,6570,235
Truck823251,2655,1338,5480,6571,1091
Truck825615,2436,3238,6135,6571,436
Truck825810,3122,2436,6190,6571,381
Truck826153,3238,3239,6285,6571,286
Truck825831,2436,3122,6195,6572,377
Truck826330,2999,3238,6335,6572,237
Truck826751,2224,3121,6450,6572,122
Truck826963,3238,1339,6510,6572,62
Truck825759,2436,2821,6175,6573,398
Truck826171,3238,2656,6290,6573,283
Truck827027,2998,3122,6525,6573,48
Truck827076,3239,3331,6540,6573,33
Truck826916,2656,2999,6495,6574,79
Truck825832,1339,2998,6195,6575,380
Truck826142,2656,1339,6280,6575,295
Truck826284,3239,3122,6320,6575,255
Truck826277,3121,3331,6320,6576,256
Truck826349,3121,3122,6340,6576,236
Truck826778,2437,2821,6460,6576,116
Truck826478,2225,2437,6375,6577,202
Truck827006,2656,2822,6520,6577,57
Truck826752,3239,2224,6450,6578,128
Truck827008,2822,2656,6520,6578,58
Truck825777,2436,2998,6180,6579,399
Truck826570,1339,2999,6400,6579,179
Truck826938,0,3238,6505,6579,74
Truck826876,1339,2437,6485,6580,95
Truck827045,2998,2436,6530,6580,50
Truck826082,2225,3239,6265,6581,316
Truck827097,2821,2822,6545,6581,36
Truck827196,3122,1339,6575,6581,6
Truck825904,1339,2821,6215,6582,367
Truck826293,2655,3121,6325,6582,257
Truck826318,1339,2656,6330,6582,252
Truck826784,2225,2999,6460,6582,122
Truck826787,2224,3331,6460,6582,122
Truck826999,3238,1339,6520,6582,62
Truck823147,3238,1338,5450,6583,1133
Truck826308,0,3121,6330,6583,253
Truck826509,2655,1339,6385,6583,198
Truck826295,3121,3239,6325,6584,259
Truck826896,3239,2822,6490,6584,94
Truck826510,2999,2656,6385,6585,200
Truck827063,2998,2821,6535,6585,50
Truck823338,0,1338,5505,6586,1081
Truck826172,2225,1339,6290,6586,296
Truck826387,3238,2999,6350,6586,236
Truck826788,3239,2224,6460,6586,126
Truck826805,2224,3238,6465,6586,121
Truck827221,3331,2656,6580,6586,6
Truck825891,2821,1339,6210,6587,377
Truck826189,3238,3331,6295,6587,292
Truck823213,1338,2821,5470,6588,1118
Truck826833,2655,2437,6475,6588,113
Truck826118,2225,3331,6275,6589,314
Truck826311,2655,3121,6330,6589,259
Truck826344,0,3121,6340,6589,249
Truck825885,2436,1339,6210,6590,380
Truck825999,2821,3122,6240,6590,350
Truck826008,3122,2821,6245,6590,345
Truck826018,2822,3238,6245,6590,345
Truck826398,0,3239,6355,6590,235
Truck826403,3121,3122,6355,6590,235
Truck826528,2999,2822,6390,6590,200
Truck826832,2437,3331,6475,6590,115
Truck826915,3331,2224,6495,6590,95
Truck827081,2998,0,6540,6590,50
Truck827134,2822,2224,6555,6590,35
Truck823951,1338,2999,5675,6591,916
Truck826823,2224,3238,6470,6591,121
Truck827112,3239,2655,6550,6591,41
Truck826206,3122,2225,6300,6592,292
Truck826665,2821,2437,6425,6592,167
Truck826820,2225,2999,6470,6592,122
Truck827218,1339,0,6580,6592,12
Truck826282,1339,3331,6320,6593,273
Truck826850,2437,2656,6480,6593,113
Truck827005,3331,2999,6520,6593,73
Truck826491,2655,3238,6380,6594,214
Truck826546,2999,2655,6395,6594,199
Truck826940,2437,3122,6505,6594,89
Truck827099,2998,2822,6545,6594,49
Truck823447,1338,3122,5535,6596,1061
Truck826232,2656,3238,6305,6596,291
Truck826473,2655,3238,6375,6596,221
Truck827023,3331,2225,6525,6596,71
Truck827208,0,3122,6580,6596,16
Truck826331,3121,2998,6335,6597,262
Truck826841,2224,2437,6475,6598,123
Truck827010,0,3238,6525,6598,73
Truck826154,2225,2998,6285,6599,314
Truck826296,3122,2656,6325,6599,274
Truck826868,2437,3331,6485,6600,115
Truck826962,3122,2437,6510,6600,90
Truck827071,3238,3122,6540,6600,60
Truck827170,2822,2224,6565,6600,35
Truck826335,2436,3121,6335,6601,266
Truck826421,3121,1339,6360,6601,241
Truck826701,2821,2436,6435,6601,166
Truck826976,2437,2999,6515,6601,86
Truck827148,3239,1338,6560,6601,41
Truck823456,1339,1338,5535,6602,1067
Truck825849,2436,2821,6200,6602,402
Truck826459,3238,2655,6370,6602,232
Truck826842,3239,2821,6475,6602,127
Truck827041,3331,2655,6530,6602,72
Truck825876,0,2436,6210,6603,393
Truck826859,2224,2999,6480,6603,123
Truck826367,3121,2656,6345,6604,259
Truck826369,3238,3239,6345,6604,259
Truck827135,2998,1338,6555,6604,49
Truck825867,2436,3239,6205,6605,400
Truck826765,3238,2437,6455,6605,150
Truck826966,1339,2437,6510,6605,95
Truck827157,2655,3239,6565,6605,40
Truck824365,1338,2225,5790,6606,816
Truck826036,2822,3122,6250,6606,356
Truck826144,2822,1339,6280,6606,326
Truck826274,2437,2436,6320,6606,286
Truck826385,3121,2655,6350,6606,256
Truck826582,2999,3331,6405,6606,201
Truck826877,2224,3331,6485,6606,121
Truck826988,2656,2998,6515,6606,91
Truck827059,3331,2655,6535,6606,71
Truck827089,3238,1339,6545,6606,61
Truck826102,1339,2822,6270,6607,337
Truck826600,2999,2821,6410,6607,197
Truck826658,2225,3121,6425,6607,182
Truck825930,0,2821,6225,6608,383
Truck825903,2436,0,6215,6609,394
Truck827151,2821,2998,6560,6609,49
Truck827153,2998,3238,6560,6609,49
Truck826267,3331,1339,6315,6610,295
Truck826390,1339,2656,6350,6610,260
Truck826725,2655,2998,6445,6610,165
Truck826846,2822,2225,6475,6610,135
Truck823069,1338,3238,5430,6611,1181
Truck826062,3122,2821,6260,6611,351
Truck823735,1338,2999,5615,6612,997
Truck826416,0,3121,6360,6612,252
Truck826584,3122,2655,6405,6612,207
Truck826987,3331,2224,6515,6612,97
Truck827077,3331,2436,6540,6612,72
Truck825757,3238,2436,6175,6613,438
Truck826895,2224,3121,6490,6613,123
Truck827060,2656,2437,6535,6613,78
Truck827171,2998,2999,6565,6613,48
Truck823667,3121,1338,5595,6614,1019
Truck826053,2821,1339,6255,6614,359
Truck826796,2437,3238,6465,6614,149
Truck826922,2437,2655,6500,6614,114
Truck825972,3122,2436,6235,6615,380
Truck826654,2999,0,6425,6615,190
Truck827016,3122,2437,6525,6615,90
Truck826290,0,3331,6325,6616,291
Truck826434,0,3121,6365,6616,251
Truck827037,2436,2225,6530,6616,86
Truck825981,2821,3238,6235,6617,382
Truck827078,2656,2999,6540,6617,77
Truck823420,1339,1338,5525,6618,1093
Truck826913,2224,0,6495,6618,123
Truck826017,2821,1339,6245,6619,374
Truck826636,2999,2656,6420,6619,199
Truck827189,2998,3122,6570,6619,49
Truck826012,1339,2821,6245,6620,375
Truck826411,3331,3122,6355,6620,265
Truck826882,2822,2225,6485,6620,135
Truck825921,2436,2998,6220,6621,401
Truck826226,2225,2224,6305,6621,316
Truck827220,3239,2436,6580,6621,41
Truck827242,2822,2998,6585,6621,36
Truck826407,2436,3121,6355,6622,267
Truck826728,3122,2999,6445,6622,177
Truck826773,2821,2655,6455,6622,167
Truck827025,2821,3331,6525,6622,97
Truck827113,3331,3121,6550,6622,72
Truck826170,3122,2822,6290,6623,333
Truck826527,2655,3238,6390,6623,233
Truck826931,2224,2225,6500,6623,123
Truck826958,2437,2822,6510,6623,113
Truck826244,2225,2998,6310,6624,314
Truck827117,2998,2224,6550,6624,74
Truck825939,2436,2656,6225,6625,400
Truck826362,0,3331,6345,6625,280
Truck827260,2822,2998,6590,6625,35
Truck823537,1338,2656,5560,6626,1066
Truck827238,3239,2436,6585,6626,41
Truck825975,2436,0,6235,6627,392
Truck826949,2224,3238,6505,6627,122
Truck826678,1339,2655,6430,6628,198
Truck826332,3122,2225,6335,6629,294
Truck826672,2999,3239,6430,6629,199
Truck826905,2655,2822,6495,6629,134
Truck827225,2998,2437,6580,6629,49
Truck825966,0,2436,6235,6630,395
Truck826336,1339,2225,6335,6630,295
Truck827256,3239,2437,6590,6630,40
Truck827278,2822,2821,6595,6631,36
Truck825957,2436,3331,6230,6632,402
Truck826298,2225,0,6325,6632,307
Truck826797,2655,2224,6465,6632,167
Truck826967,2224,3122,6510,6632,122
Truck827149,3331,2437,6560,6632,72
Truck827178,3122,3238,6570,6632,62
Truck826635,2655,0,6420,6633,213
Truck826809,2821,2225,6465,6634,169
Truck827243,2998,3238,6585,6634,49
Truck823285,1338,3122,5490,6635,1145
Truck826475,3121,2656,6375,6635,260
Truck826827,2821,2225,6470,6635,165
Truck826886,2437,3121,6490,6635,145
Truck826936,2822,2655,6500,6635,135
Truck827104,2999,2437,6550,6636,86
Truck827177,3121,2999,6570,6636,66
Truck824095,1338,2999,5715,6637,922
Truck826117,3238,2822,6275,6637,362
Truck826316,2225,0,6330,6637,307
Truck826389,2436,2437,6350,6637,287
Truck826493,3121,2821,6380,6637,257
Truck826722,0,2999,6445,6637,192
Truck826985,2224,0,6515,6637,122
Truck823542,3122,1338,5560,6638,1078
Truck823572,0,1338,5570,6638,1068
Truck825993,2436,2655,6240,6638,398
Truck826423,3238,3239,6360,6638,278
Truck826567,3238,2999,6400,6638,238
Truck826488,0,3331,6380,6639,259
Truck826653,2655,0,6425,6639,214
Truck826708,2999,2821,6440,6639,199
Truck827150,2656,2999,6560,6639,79
Truck824149,1338,2436,5730,6640,910
Truck826954,2822,2225,6505,6640,135
Truck827102,2437,3122,6550,6640,90
Truck827261,2998,0,6590,6640,50
Truck827003,2224,2437,6520,6641,121
Truck827175,2655,3331,6570,6641,71
Truck826161,2821,1339,6285,6642,357
Truck826279,3238,2656,6320,6642,322
Truck827000,2225,2999,6520,6642,122
Truck827215,3238,1339,6580,6642,62
Truck823995,2436,1338,5685,6643,958
Truck826511,3121,2656,6385,6643,258
Truck827168,2656,2999,6565,6643,78
Truck827030,2437,3239,6530,6644,114
Truck827279,2998,2822,6595,6644,49
Truck826084,1339,2436,6265,6646,381
Truck826138,1339,2224,6280,6646,366
Truck826972,2822,2655,6510,6646,136
Truck827203,3331,1338,6575,6646,71
Truck823699,1338,2437,5605,6647,1042
Truck826851,2655,2998,6480,6647,167
Truck827004,3239,2998,6520,6647,127
Truck827021,2224,3238,6525,6647,122
Truck827347,3331,3239,6615,6647,32
Truck823339,1338,2656,5505,6648,1143
Truck823357,1338,2821,5510,6648,1138
Truck826029,2436,2656,6250,6648,398
Truck826098,3122,2436,6270,6648,378
Truck826606,1339,3121,6410,6648,238
Truck826744,2999,2998,6450,6648,198
Truck827297,2998,2999,6600,6648,48
Truck826452,0,3331,6370,6649,279
Truck826977,2655,2822,6515,6649,134
Truck827048,2437,2822,6535,6649,114
Truck827207,2998,2224,6575,6649,74
Truck826288,2822,1339,6320,6650,330
Truck826334,2225,2655,6335,6650,315
Truck826529,3121,2821,6390,6650,260
Truck826650,0,2655,6425,6650,225
Truck827251,3238,3122,6590,6650,60
Truck827328,3239,2655,6610,6650,40
Truck827350,2822,2821,6615,6650,35
Truck826179,2821,1339,6290,6651,361
Truck826370,2225,0,6345,6651,306
Truck826466,2656,3122,6370,6651,281
Truck826644,3239,1339,6420,6651,231
Truck826662,3239,0,6425,6651,226
Truck826761,2655,2999,6455,6651,196
Truck827043,2821,2224,6530,6651,121
Truck827131,3331,2821,6555,6651,96
Truck827448,3122,1339,6645,6651,6
Truck826128,0,2998,6280,6652,372
Truck826208,2225,3238,6300,6652,352
Truck827039,2224,1338,6530,6652,122
Truck827133,2821,3331,6555,6652,97
Truck826881,2821,2655,6485,6653,168
Truck827315,2998,2821,6605,6653,48
Truck827348,2656,3239,6615,6653,38
Truck826762,2999,2821,6455,6654,199
Truck823465,1338,3331,5540,6655,1115
Truck825919,3238,2436,6220,6655,435
Truck826074,0,2224,6265,6655,390
Truck826092,0,2821,6270,6655,385
Truck826637,3121,3122,6420,6655,235
Truck827269,3238,3122,6595,6655,60
Truck826638,3122,3121,6420,6656,236
Truck827174,2437,2999,6570,6656,86
Truck827368,2822,2998,6620,6656,36
Truck826424,2225,1339,6360,6657,297
Truck826560,0,3239,6400,6657,257
Truck826225,3238,2225,6305,6658,353
Truck826548,3122,2656,6395,6658,263
Truck827040,3239,2821,6530,6658,128
Truck827057,2224,2999,6535,6658,123
Truck827333,2998,3121,6610,6659,49
Truck826065,2436,3239,6260,6660,400
Truck826143,2821,1339,6280,6660,380
Truck826899,2821,2436,6490,6660,170
Truck827026,2822,3121,6525,6660,135
Truck827084,2437,2656,6545,6660,115
Truck827186,2656,2821,6570,6660,90
Truck827194,2999,2437,6575,6660,85
Truck826056,0,2998,6260,6661,401
Truck826812,0,2999,6470,6661,191
Truck827079,2821,2224,6540,6661,121
Truck827167,3331,2224,6565,6661,96
Truck826565,3121,3239,6400,6662,262
Truck826707,2655,3238,6440,6662,222
Truck826740,0,2655,6450,6662,212
Truck827068,2999,2225,6540,6662,122
Truck827075,2224,2656,6540,6662,122
Truck823501,1338,2822,5550,6663,1113
Truck826830,0,2655,6475,6663,188
Truck827257,3331,2999,6590,6663,73
Truck827400,3239,3331,6630,6663,33
Truck826260,3122,2821,6315,6664,349
Truck826441,3238,3331,6365,6664,299
Truck826457,3121,3238,6370,6664,294
Truck827351,2998,3238,6615,6664,49
Truck823807,1338,3121,5635,6665,1030
Truck826460,2225,1339,6370,6665,295
Truck826583,3121,2998,6405,6665,260
Truck826815,2655,0,6470,6665,195
Truck826656,3122,3239,6425,6666,241
Truck827311,3331,2822,6605,6666,61
Truck827510,2656,3331,6660,6666,6
Truck826746,3122,3239,6450,6667,217
Truck827185,3331,2821,6570,6667,97
Truck823483,1338,1339,5545,6668,1123
Truck826490,2437,2436,6380,6668,288
Truck827093,2224,3122,6545,6668,123
Truck827369,2998,2821,6620,6668,48
Truck826816,2999,2655,6470,6669,199
Truck827062,2822,2437,6535,6669,134
Truck827120,2437,3331,6555,6669,114
Truck827202,3239,2822,6575,6669,94
Truck826280,2225,3238,6320,6670,350
Truck826690,2999,3238,6435,6670,235
Truck823518,0,1338,5555,6671,1116
Truck823862,2437,1338,5650,6671,1021
Truck823969,1338,3121,5680,6671,991
Truck827230,2999,2437,6585,6671,86
Truck823740,3122,1338,5615,6672,1057
Truck826110,0,2821,6275,6672,397
Truck826494,3122,2656,6380,6672,292
Truck826892,2225,3121,6490,6672,182
Truck827111,2224,2821,6550,6672,122
Truck827276,2656,2655,6595,6672,77
Truck827437,3331,3239,6640,6672,32
Truck826953,2821,2436,6505,6673,168
Truck827265,2655,2656,6595,6673,78
Truck827293,3331,2225,6600,6673,73
Truck826191,2436,1339,6295,6674,379
Truck827067,2655,2822,6540,6674,134
Truck826119,2436,2224,6275,6675,400
Truck827387,2998,1339,6625,6675,50
Truck826278,3122,2821,6320,6676,356
Truck826601,3121,2436,6410,6676,266
Truck827080,2822,2436,6540,6676,136
Truck827138,2437,3239,6560,6676,116
Truck827156,2437,2656,6565,6676,111
Truck827129,2224,2821,6555,6677,122
Truck827294,2656,2999,6600,6677,77
Truck826236,0,2821,6310,6678,368
Truck826655,3121,0,6425,6678,253
Truck826971,2821,2999,6510,6678,168
Truck826137,2436,3239,6280,6679,399
Truck826324,2822,3122,6330,6679,349
Truck826442,2225,2655,6365,6679,314
Truck826726,2999,3238,6445,6679,234
Truck827228,2437,1339,6585,6679,94
Truck827236,1339,2437,6585,6679,94
Truck827405,2998,2655,6630,6679,49
Truck826619,3121,2436,6415,6680,265
Truck826852,2999,2224,6480,6680,200
Truck826869,2655,2999,6485,6680,195
Truck823843,1338,2437,5645,6681,1036
Truck826227,2436,3122,6305,6681,376
Truck826243,3238,2224,6310,6681,371
Truck826632,0,3331,6420,6681,261
Truck827264,2437,2999,6595,6681,86
Truck826173,2436,0,6290,6682,392
Truck826888,2999,0,6490,6682,192
Truck827147,2224,1339,6560,6682,122
Truck827456,2656,3239,6645,6683,38
Truck827312,2656,2655,6605,6684,79
Truck827323,3238,0,6610,6684,74
Truck823681,1338,2821,5600,6685,1085
Truck826269,2821,3122,6315,6685,370
Truck827066,2437,3121,6540,6685,145
Truck827423,2998,1339,6635,6685,50
Truck824153,3121,1338,5730,6686,956
Truck826550,2225,3122,6395,6686,291
Truck826691,3121,0,6435,6686,251
Truck826902,0,2999,6495,6686,191
Truck827116,2822,3121,6550,6686,136
Truck827165,2224,2436,6565,6686,121
Truck827268,3122,2437,6595,6686,91
Truck827454,3239,2999,6645,6686,41
Truck824329,1338,2999,5780,6687,907
Truck826641,2436,3121,6420,6687,267
Truck826870,2999,2224,6485,6688,203
Truck826995,2655,2998,6520,6688,168
Truck827259,2821,3331,6590,6688,98
Truck827272,1339,2437,6595,6688,93
Truck823973,3121,1338,5680,6689,1009
Truck826547,3121,3238,6395,6689,294
Truck827192,2437,2998,6575,6689,114
Truck827441,2998,3238,6640,6689,49
Truck827596,1339,3122,6685,6689,4
Truck823411,1338,3238,5525,6690,1165
Truck826530,3122,2656,6390,6690,300
Truck826960,2999,1339,6510,6690,180
Truck827087,3121,2437,6545,6690,145
Truck827286,3122,2437,6600,6691,91
Truck827365,3331,2999,6620,6691,71
Truck827395,3238,1339,6630,6691,61
Truck826246,1339,2436,6310,6692,382
Truck826920,0,2999,6500,6692,192
Truck826924,2999,0,6500,6692,192
Truck827166,3239,2224,6565,6692,127
Truck827176,2999,2225,6570,6692,122
Truck827210,2437,2655,6580,6692,112
Truck827472,3239,2436,6650,6692,42
Truck826824,3239,1339,6470,6693,223
Truck827183,2224,3122,6570,6693,123
Truck827352,0,3238,6620,6693,73
Truck827404,2822,3331,6630,6693,63
Truck827459,2998,1338,6645,6693,48
Truck827152,2822,2436,6560,6694,134
Truck826906,2999,2224,6495,6695,200
Truck823627,1338,2998,5585,6696,1111
Truck826532,2225,0,6390,6696,306
Truck826736,2656,3122,6445,6696,251
Truck827031,2655,2224,6530,6696,166
Truck826624,1339,3331,6415,6697,282
Truck826770,3239,3122,6455,6697,242
Truck827184,3239,2821,6570,6697,127
Truck827201,2224,2436,6575,6697,122
Truck827477,2998,3238,6650,6698,48
Truck824833,1338,2225,5920,6700,780
Truck826209,2436,2821,6300,6700,400
Truck827508,3239,2437,6660,6700,40
Truck823417,3238,1338,5525,6701,1176
Truck826480,1339,2822,6375,6701,326
Truck827219,2224,2225,6580,6701,121
Truck827343,2436,2225,6615,6701,86
Truck827401,3331,2999,6630,6701,71
Truck826709,3121,2822,6440,6702,262
Truck827246,2437,3239,6590,6702,112
Truck826610,2656,3122,6410,6703,293
Truck826692,3122,2656,6435,6703,268
Truck824041,1338,2437,5700,6704,1004
Truck826254,0,2998,6315,6704,389
Truck826789,3331,3122,6460,6704,244
Truck827495,2998,0,6655,6704,49
Truck824419,1338,2436,5805,6705,900
Truck826099,3238,2436,6270,6706,436
Truck826263,2436,0,6315,6706,391
Truck826727,3121,3239,6445,6706,261
Truck826959,2655,2999,6510,6706,196
Truck827329,3331,2224,6610,6706,96
Truck827526,3239,2437,6665,6706,41
Truck826942,2999,2822,6505,6707,202
Truck827237,2224,2225,6585,6707,122
Truck826540,2822,1339,6390,6708,318
Truck827193,2655,2822,6575,6708,133
Truck827336,2437,1339,6615,6708,93
Truck823717,1338,2656,5610,6709,1099
Truck826884,0,2655,6490,6709,219
Truck827458,2822,3331,6645,6709,64
Truck827513,2998,3239,6660,6709,49
Truck824786,2225,1338,5905,6710,805
Truck826834,2999,3238,6475,6710,235
Truck827544,3239,3121,6670,6710,40
Truck823591,1338,3122,5575,6711,1136
Truck826245,2436,2655,6310,6711,401
Truck826281,2436,0,6320,6711,391
Truck826781,3121,0,6460,6711,251
Truck827036,2225,3121,6530,6711,181
Truck827255,2224,1339,6590,6711,121
Truck827366,2656,2224,6620,6711,91
Truck827467,3238,1339,6650,6711,61
Truck827473,3331,2822,6650,6711,61
Truck827535,2655,3239,6670,6711,41
Truck827622,0,3122,6695,6711,16
Truck826731,2436,3121,6445,6713,268
Truck827362,1339,2437,6620,6713,93
Truck823663,1338,2655,5595,6714,1119
Truck827282,2437,2822,6600,6714,114
Truck827364,3239,2822,6620,6714,94
Truck827531,2998,2656,6665,6714,49
Truck823609,1338,3122,5580,6715,1135
Truck826763,3121,2224,6455,6715,260
Truck826786,1339,3239,6460,6715,255
Truck827224,2822,2999,6580,6715,135
Truck827584,2822,2821,6680,6715,35
Truck827273,2224,2821,6595,6716,121
Truck827562,3239,2436,6675,6716,41
Truck826568,2225,2998,6400,6717,317
Truck827013,2655,0,6525,6717,192
Truck827438,2656,3121,6640,6717,77
Truck827455,3331,2437,6645,6717,72
Truck823789,1338,2224,5630,6718,1088
Truck823987,1338,0,5685,6718,1033
Truck826468,2822,3122,6370,6718,348
Truck827115,2821,2436,6550,6718,168
Truck827372,2437,1339,6625,6718,93
Truck827549,2998,2656,6670,6718,48
Truck826299,2436,0,6325,6719,394
Truck826807,3331,1339,6465,6719,254
Truck827229,2655,2822,6585,6719,134
Truck823429,1338,1339,5530,6720,1190
Truck827086,2999,3122,6545,6720,175
Truck827383,3331,2821,6625,6720,95
Truck823825,1338,2224,5640,6721,1081
Truck826353,2436,1339,6340,6721,381
Truck826586,2225,3331,6405,6721,316
Truck826799,3121,3331,6465,6721,256
Truck827032,2999,0,6530,6721,191
Truck827334,0,2437,6615,6721,106
Truck826688,2437,2436,6435,6722,287
Truck826704,0,3331,6440,6722,282
Truck827274,3239,2821,6595,6722,127
Truck827402,2656,2224,6630,6722,92
Truck827502,3122,3238,6660,6722,62
Truck827503,3238,1339,6660,6722,62
Truck827291,2224,3331,6600,6723,123
Truck827565,2821,2998,6675,6723,48
Truck826818,3122,3331,6470,6724,254
Truck827567,2998,2225,6675,6724,49
Truck827500,2999,3121,6660,6725,65
Truck827598,3239,3121,6685,6725,40
Truck827014,2999,2821,6525,6726,201
Truck827092,1339,2999,6545,6726,181
Truck827432,2225,2436,6640,6726,86
Truck827485,3238,0,6655,6727,72
Truck827530,2822,3331,6665,6727,62
Truck824062,2999,1338,5705,6728,1023
Truck826817,3121,2656,6470,6728,258
Truck827012,2437,2225,6525,6728,203
Truck827309,2224,2437,6605,6728,123
Truck827474,2656,2437,6650,6728,78
Truck827491,3331,3121,6655,6728,73
Truck827616,3239,2656,6690,6728,38
Truck826317,2436,2656,6330,6729,399
Truck826622,2225,2822,6415,6729,314
Truck826790,2656,1339,6460,6729,269
Truck827489,2224,2998,6655,6729,74
Truck827585,2998,3121,6680,6729,49
Truck827169,2821,2437,6565,6731,166
Truck827327,2224,3331,6610,6731,121
Truck827354,2437,2998,6620,6731,111
Truck826710,3122,2225,6440,6732,292
Truck826826,2656,3122,6470,6732,262
Truck827103,2655,1339,6550,6732,182
Truck827446,2999,2437,6645,6732,87
Truck827653,3331,3239,6700,6732,32
Truck826297,3238,2224,6325,6733,408
Truck826496,2225,3238,6380,6733,353
Truck827603,2998,2437,6685,6733,48
Truck826944,3122,3239,6505,6734,229
Truck826404,3122,2998,6355,6735,380
Truck826835,3121,2822,6475,6735,260
Truck826927,3238,2999,6500,6735,235
Truck827434,1339,2437,6640,6735,95
Truck827655,2821,2822,6700,6735,35
Truck826408,1339,2998,6355,6736,381
Truck826640,2225,2822,6420,6736,316
Truck827296,2822,3121,6600,6736,136
Truck827464,2999,2437,6650,6736,86
Truck827345,2224,2436,6615,6737,122
Truck827527,3331,2655,6665,6737,72
Truck827566,2822,3331,6675,6737,62
Truck826347,2655,2436,6340,6738,398
Truck826512,3122,2998,6385,6738,353
Truck827621,2998,0,6690,6738,48
Truck823879,1338,2656,5655,6739,1084
Truck824941,1338,2225,5950,6739,789
Truck826422,3122,2436,6360,6739,379
Truck826891,3238,2655,6490,6739,249
Truck826476,3122,2224,6375,6740,365
Truck826516,1339,2224,6385,6740,355
Truck826853,3121,2822,6480,6740,260
Truck827408,2437,0,6635,6740,105
Truck827674,2822,2821,6705,6740,35
Truck826426,1339,2224,6360,6741,381
Truck826848,0,3331,6480,6741,261
Truck827367,2821,2224,6620,6741,121
Truck827575,3238,1339,6680,6741,61
Truck826914,3239,1339,6495,6742,247
Truck827144,2225,3121,6560,6742,182
Truck827346,3239,2998,6615,6742,127
Truck827363,2224,2821,6620,6742,122
Truck827528,2656,2655,6665,6742,77
Truck827545,3331,2437,6670,6742,72
Truck826753,3331,1339,6450,6743,293
Truck827205,2821,2655,6575,6743,168
Truck827390,2437,3331,6630,6743,113
Truck827639,2998,2999,6695,6743,48
Truck823878,0,1338,5655,6744,1089
Truck826371,2436,3331,6345,6744,399
Truck826405,3238,2821,6355,6744,389
Truck826676,2225,2998,6430,6744,314
Truck826714,1339,2822,6440,6744,304
Truck827121,2655,3122,6555,6744,189
Truck826745,3121,3238,6450,6745,295
Truck827670,3239,2436,6705,6745,40
Truck827118,0,2999,6555,6746,191
Truck827211,2655,2224,6580,6746,166
Truck827332,2822,2655,6610,6746,136
Truck827563,3331,1338,6675,6746,71
Truck827798,2656,3331,6740,6746,6
Truck823573,1338,3239,5570,6747,1177
Truck826932,3239,0,6500,6747,247
Truck827073,2436,2999,6540,6747,207
Truck827381,2224,2999,6625,6747,122
Truck827692,2822,2821,6710,6747,37
Truck826694,2225,2224,6435,6748,313
Truck826593,2821,1339,6405,6749,344
Truck827085,2655,0,6545,6749,204
Truck827657,2998,2225,6700,6749,49
Truck823777,3238,1338,5625,6750,1125
Truck827590,2999,3121,6685,6750,65
Truck827709,2821,2822,6715,6750,35
Truck827399,2224,3122,6630,6751,121
Truck827498,2437,3122,6660,6751,91
Truck824528,2437,1338,5835,6752,917
Truck826978,2999,3238,6515,6752,237
Truck827581,3331,2437,6680,6752,72
Truck824064,3122,1338,5705,6753,1048
Truck826930,1339,3239,6500,6753,253
Truck827241,2821,2225,6585,6753,168
Truck826860,3239,3238,6480,6754,274
Truck826907,3121,2655,6495,6754,259
Truck827426,2437,2822,6640,6754,114
Truck827673,2821,2998,6705,6754,49
Truck827460,0,2437,6650,6755,105
Truck827509,3331,2998,6660,6755,95
Truck826893,2436,3121,6490,6756,266
Truck826926,3122,3239,6500,6756,256
Truck826996,2999,3238,6520,6756,236
Truck827417,2224,2436,6635,6756,121
Truck827790,3122,0,6740,6756,16
Truck824315,3121,1338,5775,6757,982
Truck826821,2436,2437,6470,6757,287
Truck827035,3238,2655,6530,6757,227
Truck827582,2656,2225,6680,6757,77
Truck827599,3331,2655,6685,6757,72
Truck827706,3239,2655,6715,6757,42
Truck827728,2822,2224,6720,6757,37
Truck826862,2656,3238,6480,6758,278
Truck827693,2998,3331,6710,6758,48
Truck826961,3121,0,6510,6759,249
Truck826730,2225,3239,6445,6760,315
Truck827546,2656,2821,6670,6760,90
Truck827650,1339,3238,6700,6760,60
Truck826861,3331,0,6480,6761,281
Truck826925,3121,2821,6500,6761,261
Truck826943,3121,2655,6505,6761,256
Truck827140,2999,3239,6560,6761,201
Truck827844,3122,1339,6755,6761,6
Truck827277,2821,2437,6595,6762,167
Truck827435,2224,0,6640,6762,122
Truck827439,2821,2224,6640,6762,122
Truck826506,0,2224,6385,6763,378
Truck826620,3122,2224,6415,6763,348
Truck827462,2437,3239,6650,6763,113
Truck827744,2656,3239,6725,6763,38
Truck826531,3238,2821,6390,6764,374
Truck827645,3121,2999,6700,6764,64
Truck827158,2999,2998,6565,6765,200
Truck827711,2998,3239,6715,6765,50
Truck827094,3239,1339,6545,6766,221
Truck827231,3121,2225,6585,6766,181
Truck827250,3122,2999,6590,6766,176
Truck827295,2821,2436,6600,6766,166
Truck827496,0,2437,6660,6766,106
Truck827742,3239,1338,6725,6766,41
Truck826748,2225,3331,6450,6767,317
Truck827453,2224,2999,6645,6767,122
Truck827635,3331,3121,6695,6767,72
Truck827838,0,1339,6755,6767,12
Truck827618,2656,2436,6690,6768,78
Truck827038,1339,3121,6530,6769,239
Truck827212,2999,0,6580,6769,189
Truck827729,2998,2999,6720,6769,49
Truck827053,3238,2999,6535,6770,235
Truck827480,2437,3239,6655,6770,115
Truck826856,2225,3122,6480,6771,291
Truck827022,3239,3122,6525,6771,246
Truck827050,2999,3238,6535,6771,236
Truck827422,2822,2999,6635,6771,136
Truck827471,2224,3238,6650,6771,121
Truck827782,2822,2224,6735,6771,36
Truck824384,2437,1338,5795,6772,977
Truck827574,3122,2437,6680,6772,92
Truck826766,2225,3239,6455,6773,318
Truck827747,2998,2225,6725,6773,48
Truck826614,0,2998,6415,6774,359
Truck826979,3121,2822,6515,6774,259
Truck827636,2656,2999,6695,6774,79
Truck824096,2437,1338,5715,6775,1060
Truck827440,2822,2655,6640,6775,135
Truck827534,2437,0,6670,6775,105
Truck827583,2821,3331,6680,6775,95
Truck826855,3238,3121,6480,6776,296
Truck827778,3239,2225,6735,6776,41
Truck826969,3331,3122,6510,6777,267
Truck827319,2655,2998,6610,6777,167
Truck827516,2437,2656,6665,6777,112
Truck827884,1339,0,6765,6777,12
Truck826756,2822,3122,6450,6778,328
Truck826871,3121,3238,6485,6778,293
Truck827331,2821,2437,6610,6778,168
Truck827765,2998,3239,6730,6778,48
Truck826497,2436,2998,6380,6779,399
Truck826802,2225,2821,6465,6779,314
Truck827654,2656,2999,6700,6779,79
Truck827675,2998,2224,6705,6779,74
Truck826950,3239,0,6505,6780,275
Truck826997,3121,3331,6520,6780,260
Truck827088,3122,3121,6545,6780,235
Truck826983,2436,3121,6515,6781,266
Truck827507,2224,2822,6660,6781,121
Truck827552,2437,0,6675,6781,106
Truck827874,0,3122,6765,6781,16
Truck827923,3331,2656,6775,6781,6
Truck826933,3331,3238,6500,6782,282
Truck827411,3121,2437,6635,6782,147
Truck823753,1338,3239,5620,6783,1163
Truck826515,2436,2224,6385,6784,399
Truck827490,3239,2998,6655,6784,129
Truck827687,2224,2998,6710,6784,74
Truck827938,1339,3122,6780,6784,4
Truck823897,1338,3122,5660,6785,1125
Truck826578,0,2821,6405,6785,380
Truck826956,0,3239,6510,6785,275
Truck827015,3121,2821,6525,6785,260
Truck827619,2821,3331,6690,6785,95
Truck827637,2821,2656,6695,6785,90
Truck827783,2998,2437,6735,6785,50
Truck826951,3331,3238,6505,6786,281
Truck827617,3331,2821,6690,6786,96
Truck827814,3239,3121,6745,6786,41
Truck825013,1338,2225,5970,6787,817
Truck826551,2436,0,6395,6787,392
Truck827525,2224,3121,6665,6787,122
Truck827628,3122,2437,6695,6787,92
Truck824859,2436,1338,5925,6788,863
Truck827690,2656,2655,6710,6788,78
Truck827850,3239,3331,6755,6788,33
Truck823795,3238,1338,5630,6789,1159
Truck826952,2656,0,6505,6789,284
Truck827130,3239,3122,6555,6789,234
Truck823771,1338,2224,5625,6790,1165
Truck826603,3238,2821,6410,6790,380
Truck827122,2999,3238,6555,6790,235
Truck827832,3239,2999,6750,6790,40
Truck826533,2436,2821,6390,6791,401
Truck826732,1339,2822,6445,6791,346
Truck827033,3121,2822,6530,6791,261
Truck827052,3122,3239,6535,6791,256
Truck827074,1339,3331,6540,6791,251
Truck827179,3238,2655,6570,6791,221
Truck827494,2822,2225,6655,6791,136
Truck827069,3121,0,6540,6792,252
Truck827543,2224,2655,6670,6792,122
Truck827571,2655,2437,6680,6792,112
Truck827708,2656,3121,6715,6792,77
Truck826810,2822,0,6465,6793,328
Truck827266,2999,2998,6595,6793,198
Truck827570,2437,2821,6680,6793,113
Truck827819,2998,0,6745,6793,48
Truck826549,3238,2821,6395,6794,399
Truck827051,3121,2998,6535,6794,259
Truck827123,3121,1339,6555,6794,239
Truck827512,2822,2225,6660,6794,134
Truck827697,2655,2656,6715,6794,79
Truck827444,2437,3238,6645,6795,150
Truck827449,3238,2437,6645,6795,150
Truck827672,2656,2224,6705,6795,90
Truck827872,2822,2821,6760,6795,35
Truck827143,3238,2999,6560,6796,236
Truck827561,2224,2822,6675,6796,121
Truck827743,3331,2655,6725,6796,71
Truck827753,3121,2999,6730,6796,66
Truck826729,3238,2822,6445,6797,352
Truck826934,2656,0,6500,6797,297
Truck827082,0,3121,6545,6797,252
Truck827253,2436,2999,6590,6797,207
Truck827342,2225,3121,6615,6797,182
Truck827588,2437,3331,6685,6797,112
Truck827772,3122,3238,6735,6797,62
Truck826828,2822,1339,6470,6798,328
Truck827391,2655,2998,6630,6798,168
Truck827403,2821,2999,6630,6798,168
Truck827726,2656,2655,6720,6798,78
Truck826792,2822,3122,6460,6799,339
Truck826981,3238,3331,6515,6799,284
Truck827284,2999,2655,6600,6799,199
Truck827837,2998,1339,6750,6799,49
Truck826443,2436,3238,6365,6800,435
Truck826642,1339,2998,6420,6800,380
Truck826945,3238,3121,6505,6800,295
Truck827868,3239,3121,6760,6800,40
Truck826587,2436,2998,6405,6801,396
Truck826874,2225,2998,6485,6801,316
Truck826964,2225,3122,6510,6801,291
Truck827579,2224,3121,6680,6801,121
Truck827770,2999,3121,6735,6801,66
Truck827794,1339,3238,6740,6801,61
Truck827952,3122,0,6785,6801,16
Truck826569,2436,2655,6400,6802,402
Truck827572,2999,2225,6680,6802,122
Truck827606,2437,2656,6690,6802,112
Truck826948,1339,2225,6505,6803,298
Truck827733,2655,2656,6725,6803,78
Truck827548,2822,2436,6670,6804,134
Truck827748,0,3238,6730,6804,74
Truck826686,0,2224,6435,6805,370
Truck827283,2655,3122,6600,6805,205
Truck827855,2998,2436,6755,6805,50
Truck826657,3238,2822,6425,6806,381
Truck827427,2655,2224,6640,6806,166
Truck827597,2224,2999,6685,6806,121
Truck827689,3331,2224,6710,6806,96
Truck827970,3122,0,6790,6806,16
Truck823933,1338,2821,5670,6807,1137
Truck827105,3121,3239,6550,6807,257
Truck827300,2437,2225,6605,6807,202
Truck827625,2655,2437,6695,6807,112
Truck827769,2655,3331,6735,6807,72
Truck826696,1339,2998,6435,6808,373
Truck826910,2225,3239,6495,6808,313
Truck827818,2822,3331,6745,6808,63
Truck826880,2656,3238,6485,6809,324
Truck827873,2998,3121,6760,6809,49
Truck826605,2436,3331,6410,6810,400
Truck827320,2999,2821,6610,6810,200
Truck827392,2999,1339,6630,6810,180
Truck827718,3122,2437,6720,6810,90
Truck826477,3238,2436,6375,6811,436
Truck827410,2999,3122,6635,6811,176
Truck827445,2655,2224,6645,6811,166
Truck827612,2225,2999,6690,6812,122
Truck827615,2224,3331,6690,6812,122
Truck827642,2437,3239,6700,6812,112
Truck827707,3331,2821,6715,6812,97
Truck827797,3331,1338,6740,6812,72
Truck826923,2655,2225,6500,6813,313
Truck826928,2225,2821,6500,6813,313
Truck826998,3122,2225,6520,6813,293
Truck826621,3238,2224,6415,6814,399
Truck827233,3238,2655,6585,6814,229
Truck827338,2999,2822,6615,6814,199
Truck827801,2998,2224,6740,6814,74
Truck827463,2655,2224,6650,6815,165
Truck827724,3239,2822,6720,6815,95
Truck827891,2998,2821,6765,6815,50
Truck824266,1339,1338,5760,6816,1056
Truck826713,2436,3122,6440,6816,376
Truck827922,3239,2999,6775,6816,41
Truck827944,2822,2821,6780,6816,36
Truck828000,0,3122,6800,6816,16
Truck824383,1338,2224,5795,6817,1022
Truck827247,2655,0,6590,6817,227
Truck827370,0,2999,6625,6817,192
Truck827633,2224,3238,6695,6817,122
Truck827725,3331,2998,6720,6817,97
Truck824474,2437,1338,5820,6818,998
Truck825038,2225,1338,5975,6818,843
Truck826755,2821,3122,6450,6818,368
Truck824995,1338,2436,5965,6819,854
Truck827024,2656,0,6525,6819,294
Truck827301,2655,1339,6605,6819,214
Truck827602,2822,2436,6685,6819,134
Truck827746,2822,3239,6725,6819,94
Truck827909,2998,3121,6770,6819,49
Truck826738,2822,3238,6445,6820,375
Truck826774,2822,3238,6455,6820,365
Truck826836,3122,2998,6475,6820,345
Truck827020,1339,2225,6525,6820,295
Truck827141,3121,2224,6560,6820,260
Truck827232,3122,3121,6585,6820,235
Truck827356,2999,2821,6620,6820,200
Truck827762,2656,2998,6730,6820,90
Truck824221,1338,3239,5750,6821,1071
Truck826946,2225,2998,6505,6821,316
Truck827018,2225,1339,6525,6821,296
Truck827034,3122,2656,6530,6821,291
Truck827651,2224,3122,6700,6821,121
Truck827775,2436,2225,6735,6821,86
Truck827843,3121,2999,6755,6821,66
Truck827940,3239,1338,6780,6821,41
Truck823867,3238,1338,5650,6822,1172
Truck827866,1339,3238,6760,6822,62
Truck824023,1338,3331,5695,6823,1128
Truck827002,1339,2822,6520,6823,303
Truck827159,3121,3331,6565,6823,258
Truck827679,2655,2437,6710,6823,113
Truck827833,3331,2437,6750,6823,73
Truck827890,2822,2656,6765,6823,58
Truck827164,1339,2656,6565,6824,259
Truck827374,2999,2655,6625,6824,199
Truck827860,2999,3121,6760,6824,64
Truck827927,2998,1338,6775,6824,49
Truck826659,2436,2821,6425,6825,400
Truck827620,2822,2436,6690,6825,135
Truck827678,2437,2822,6710,6825,115
Truck827980,2822,2821,6790,6825,35
Truck826668,0,2224,6430,6826,396
Truck827780,2656,2224,6735,6826,91
Truck828078,3122,1339,6820,6826,6
Truck824059,1338,0,5705,6827,1122
Truck826782,3122,2821,6460,6827,367
Truck826838,2225,3238,6475,6827,352
Truck827669,2224,3238,6705,6827,122
Truck827834,2656,1338,6750,6827,77
Truck827841,2655,3331,6755,6827,72
Truck827851,3331,2225,6755,6827,72
Truck828064,1339,0,6815,6827,12
Truck826858,1339,2998,6480,6828,348
Truck827511,2821,2999,6660,6828,168
Truck827945,2998,2436,6780,6828,48
Truck827994,3239,3331,6795,6828,33
Truck826677,2436,2821,6430,6829,399
Truck826776,0,2998,6460,6829,369
Truck827499,2655,2821,6660,6829,169
Truck827779,3331,2821,6735,6829,94
Truck827638,2822,2655,6695,6830,135
Truck827899,3238,3122,6770,6830,60
Truck824005,1338,3122,5690,6831,1141
Truck826982,2225,3331,6515,6831,316
Truck827529,2821,2999,6665,6831,166
Truck827976,3239,1338,6790,6831,41
Truck826990,2822,3122,6515,6832,317
Truck827852,2656,3121,6755,6832,77
Truck827869,3331,2655,6760,6833,73
Truck827963,2998,2436,6785,6833,48
Truck827517,2655,2821,6665,6834,169
Truck827816,2656,2821,6745,6835,90
Truck827822,2437,2999,6750,6835,85
Truck824113,1338,2821,5720,6836,1116
Truck827732,2437,3239,6725,6836,111
Truck827985,2655,3239,6795,6836,41
Truck828121,3331,2656,6830,6836,6
Truck826908,3122,2998,6495,6837,342
Truck827705,2224,2437,6715,6837,122
Truck827870,2656,2999,6760,6837,77
Truck827942,2656,2822,6780,6837,57
Truck827096,2656,1339,6545,6838,293
Truck827397,2436,2999,6630,6838,208
Truck827981,2998,3238,6790,6838,48
Truck827213,3121,2655,6580,6839,259
Truck827547,2821,2436,6670,6839,169
Truck827914,2999,3121,6775,6840,65
Truck824226,3122,1338,5750,6841,1091
Truck827108,2225,3122,6550,6841,291
Truck827466,3122,2655,6650,6841,191
Truck827723,2224,2999,6720,6841,121
Truck827815,3331,2998,6745,6841,96
Truck828012,3239,2999,6800,6841,41
Truck827114,2656,0,6550,6842,292
Truck827132,2656,0,6555,6842,287
Truck827302,2999,3238,6605,6842,237
Truck827046,0,2225,6535,6843,308
Truck827751,2655,2437,6730,6843,113
Truck827888,2656,2225,6765,6843,78
Truck824869,1338,3121,5930,6844,914
Truck826804,1339,2998,6465,6844,379
Truck827239,3331,1339,6585,6844,259
Truck827750,2437,3239,6730,6844,114
Truck827999,2998,0,6795,6844,49
Truck826822,1339,2998,6470,6845,375
Truck826909,3238,2225,6495,6845,350
Truck827482,2999,0,6655,6845,190
Truck828030,3239,3121,6805,6845,40
Truck826872,3122,2224,6485,6846,361
Truck827536,2999,3122,6670,6846,176
Truck827741,2224,2999,6725,6846,121
Truck824131,1338,3122,5725,6847,1122
Truck826749,2436,2656,6450,6847,397
Truck827734,2999,2225,6725,6847,122
Truck827953,3238,1339,6785,6847,62
Truck828052,2822,2821,6810,6847,37
Truck828017,2998,2999,6800,6848,48
Truck825049,1338,2436,5980,6849,869
Truck827049,2655,2225,6535,6849,314
Truck827125,3238,3121,6555,6849,294
Truck824115,2655,1338,5720,6850,1130
Truck824311,1338,2821,5775,6851,1076
Truck826912,1339,2998,6495,6851,356
Truck827310,3239,1339,6605,6851,246
Truck827326,1339,3121,6610,6851,241
Truck827341,3238,2655,6615,6851,236
Truck827768,2437,3331,6735,6851,116
Truck827977,3331,2822,6790,6851,61
Truck826623,2436,3238,6415,6852,437
Truck827142,3122,2225,6560,6852,292
Truck827524,1339,2655,6665,6852,187
Truck827756,2225,2999,6730,6852,122
Truck827759,2224,3239,6730,6852,122
Truck828144,0,1339,6840,6852,12
Truck827072,2225,2656,6540,6853,313
Truck826747,3238,2998,6450,6854,404
Truck827339,3121,1339,6615,6854,239
Truck828035,2998,3238,6805,6854,49
Truck824136,3122,1338,5725,6855,1130
Truck827357,3121,3122,6620,6855,235
Truck826767,2436,3239,6455,6856,401
Truck826840,1339,2436,6475,6856,381
Truck826894,1339,2821,6490,6856,366
Truck827249,3121,2436,6590,6856,266
Truck827298,0,3239,6605,6856,251
Truck827760,3239,2821,6730,6856,126
Truck827777,2224,3121,6735,6856,121
Truck827959,3331,3121,6785,6856,71
Truck827308,1339,3239,6605,6858,253
Truck828053,2998,1339,6810,6858,48
Truck826854,3122,2436,6480,6859,379
Truck827804,2437,2655,6745,6859,114
Truck827906,2656,2821,6770,6859,89
Truck826785,2436,2998,6460,6860,400
Truck827285,3121,2822,6600,6860,260
Truck827382,3239,1339,6625,6860,235
Truck824077,1338,2821,5710,6861,1151
Truck827799,2821,2224,6740,6861,121
Truck827795,2224,3331,6740,6862,122
Truck827887,3331,2821,6765,6862,97
Truck827244,0,3331,6590,6863,273
Truck827292,3239,0,6600,6863,263
Truck827960,2656,2436,6785,6863,78
Truck828071,2998,3331,6815,6863,48
Truck828120,3239,3331,6830,6863,33
Truck826819,3238,2821,6470,6864,394
Truck824185,1338,2998,5740,6865,1125
Truck824203,1338,3331,5745,6865,1120
Truck825139,1338,2436,6005,6865,860
Truck826783,3238,2998,6460,6866,406
Truck827303,3121,2656,6605,6866,261
Truck827554,2999,0,6675,6866,191
Truck827924,2656,2224,6775,6866,91
Truck828102,3239,2225,6825,6866,41
Truck826803,2436,2655,6465,6867,402
Truck827518,2999,2224,6665,6867,202
Truck827813,2224,2437,6745,6867,122
Truck828208,1339,0,6855,6867,12
Truck827978,2656,2225,6790,6868,78
Truck827995,3331,2999,6795,6868,73
Truck827719,3238,2437,6720,6869,149
Truck827796,3239,2224,6740,6869,129
Truck827912,2437,1339,6775,6869,94
Truck827926,2822,3239,6775,6869,94
Truck828089,2998,1339,6820,6869,49
Truck824248,1339,1338,5755,6870,1115
Truck827393,3121,1339,6630,6870,240
Truck827714,2437,3238,6720,6870,150
Truck826935,2821,3122,6500,6871,371
Truck827258,2656,0,6590,6871,281
Truck827337,2655,3121,6615,6871,256
Truck827430,3122,3239,6640,6871,231
Truck827126,2225,2656,6555,6872,317
Truck827139,2655,2225,6560,6872,312
Truck828157,3331,3239,6840,6872,32
Truck828226,1339,0,6860,6872,12
Truck826693,3238,2436,6435,6873,438
Truck827416,1339,3121,6635,6873,238
Truck827831,2224,3121,6750,6873,123
Truck827859,2655,2437,6760,6873,113
Truck824801,3121,1338,5910,6874,964
Truck828070,2822,2656,6815,6874,59
Truck828262,1339,3122,6870,6874,4
Truck824782,2999,1338,5905,6875,970
Truck827275,3331,0,6595,6875,280
Truck827800,2822,2225,6740,6875,135
Truck827876,2437,2224,6765,6875,110
Truck828107,2998,1339,6825,6875,50
Truck828138,3239,3121,6835,6875,40
Truck826839,2436,2998,6475,6876,401
Truck826857,2436,3239,6480,6876,396
Truck827355,2655,3121,6620,6876,256
Truck827941,3331,2998,6780,6876,96
Truck826929,2436,3122,6500,6877,377
Truck827428,2999,3238,6640,6877,237
Truck827842,2999,2225,6755,6877,122
Truck828061,3238,1339,6815,6877,62
Truck824473,1338,3331,5820,6878,1058
Truck824564,2437,1338,5845,6878,1033
Truck824797,1338,3121,5910,6878,968
Truck827557,3238,2655,6675,6878,203
Truck827849,2224,2655,6755,6878,123
Truck827322,3122,2656,6610,6879,269
Truck827376,3122,3239,6625,6879,254
Truck828029,2224,2998,6805,6879,74
Truck824148,0,1338,5730,6880,1150
Truck827962,2822,3239,6785,6880,95
Truck828125,2998,1339,6830,6880,50
Truck827204,2656,0,6575,6881,306
Truck827576,2225,2437,6680,6881,201
Truck827632,1339,2655,6695,6881,186
Truck827648,2225,3121,6700,6881,181
Truck827991,2436,2225,6795,6881,86
Truck828147,2655,3239,6840,6881,41
Truck827044,2822,0,6530,6882,352
Truck827358,3122,2656,6620,6882,262
Truck827436,3239,0,6640,6882,242
Truck827867,2224,2656,6760,6882,122
Truck828049,3331,2655,6810,6882,72
Truck827375,3121,3331,6625,6883,258
Truck828143,2998,2999,6835,6883,48
Truck827061,2821,3122,6535,6884,349
Truck827190,0,2225,6575,6884,309
Truck827222,2656,0,6580,6884,304
Truck827662,2999,1339,6705,6884,179
Truck827007,2821,1339,6520,6885,365
Truck827054,2225,3238,6535,6885,350
Truck827136,0,2822,6560,6885,325
Truck827180,2225,3331,6570,6885,315
Truck827607,2655,3122,6690,6885,195
Truck827836,2822,2655,6750,6885,135
Truck827894,2437,2655,6770,6885,115
Truck826875,2436,2821,6485,6886,401
Truck826989,2821,1339,6515,6886,371
Truck827290,1339,3331,6600,6886,286
Truck827727,2821,2225,6720,6886,166
Truck827885,2224,2999,6765,6886,121
Truck827928,0,2437,6780,6886,106
Truck828122,2656,2822,6830,6887,57
Truck828050,2656,2437,6810,6888,78
Truck828161,2998,2225,6840,6889,49
Truck827198,2225,2655,6575,6890,315
Truck828006,3122,2437,6800,6890,90
Truck827267,3121,3238,6595,6891,296
Truck827288,2225,3122,6600,6891,291
Truck827409,2655,3121,6635,6891,256
Truck827608,2999,3239,6690,6891,201
Truck827854,2822,2225,6755,6891,136
Truck827997,2821,3331,6795,6891,96
Truck828002,2437,3122,6800,6891,91
Truck828015,2821,2656,6800,6891,91
Truck828027,2436,2225,6805,6891,86
Truck828140,2656,2822,6835,6891,56
Truck828192,3239,3121,6850,6891,41
Truck827100,0,2822,6550,6892,342
Truck827240,2656,0,6585,6892,307
Truck827481,2655,3238,6655,6892,237
Truck827900,2225,2999,6770,6892,122
Truck827903,2224,2999,6770,6892,122
Truck828020,2437,2999,6805,6892,87
Truck828288,0,1339,6880,6892,12
Truck825308,2225,1338,6050,6893,843
Truck827226,0,2225,6585,6893,308
Truck827931,2655,2437,6780,6893,113
Truck828228,3239,3331,6860,6893,33
Truck827745,2821,2436,6725,6894,169
Truck828179,2998,2437,6845,6894,49
Truck828013,3331,2821,6800,6896,96
Truck828045,2436,2225,6810,6896,86
Truck826992,0,2821,6520,6897,377
Truck827452,1339,3239,6645,6897,252
Truck827921,2224,2999,6775,6897,122
Truck828132,3122,3238,6835,6897,62
Truck828316,1339,0,6885,6897,12
Truck824599,1338,3121,5855,6898,1043
Truck826911,2436,2822,6495,6898,403
Truck827234,2225,2822,6585,6898,313
Truck827506,1339,3121,6660,6899,239
Truck827644,2999,3239,6700,6899,199
Truck827763,2821,2225,6730,6899,169
Truck828197,2998,2656,6850,6899,49
Truck827429,3121,2656,6640,6900,260
Truck828051,2821,2656,6810,6900,90
Truck828063,2436,2225,6815,6900,85
Truck824293,1338,2998,5770,6901,1131
Truck827270,2225,0,6595,6901,306
Truck827377,3238,3239,6625,6901,276
Truck828355,3331,2656,6895,6901,6
Truck827098,2822,3238,6545,6902,357
Truck827626,2999,2436,6695,6902,207
Truck827939,2224,2655,6780,6902,122
Truck827943,2821,2224,6780,6903,123
Truck828213,2821,2998,6855,6903,48
Truck828215,2998,2999,6855,6903,48
Truck827321,3121,3238,6610,6904,294
Truck827781,2821,2437,6735,6904,169
Truck827840,2437,3238,6755,6904,149
Truck827966,2437,2656,6790,6904,114
Truck828160,2822,3331,6840,6904,64
Truck828370,1339,3122,6900,6904,4
Truck827447,3121,2224,6645,6905,260
Truck827539,3238,2999,6670,6905,235
Truck827908,2822,2655,6770,6905,135
Truck827666,2225,2437,6705,6906,201
Truck828366,3122,1339,6900,6906,6
Truck826947,2436,2998,6505,6907,402
Truck827465,3121,2656,6650,6907,257
Truck827957,2224,2656,6785,6907,122
Truck827961,2821,2224,6785,6907,122
Truck827984,2437,3331,6795,6907,112
Truck828268,2822,2224,6870,6907,37
Truck826965,2436,2655,6510,6908,398
Truck828139,3331,2437,6835,6908,73
Truck828282,3239,3331,6875,6908,33
Truck827680,2999,2655,6710,6909,199
Truck828133,3238,0,6835,6909,74
Truck828233,2998,2999,6860,6909,49
Truck824029,3238,1338,5695,6910,1215
Truck827418,3239,3238,6635,6910,275
Truck827698,2999,2998,6715,6910,195
Truck826974,0,2821,6515,6911,396
Truck827384,2656,1339,6625,6911,286
Truck828067,3331,2998,6815,6911,96
Truck828086,2656,2998,6820,6911,91
Truck827055,2436,3122,6535,6912,377
Truck827817,2821,2225,6745,6912,167
Truck825679,1338,2225,6155,6913,758
Truck827805,2655,2998,6745,6913,168
Truck827975,2224,2437,6790,6913,123
Truck828129,2655,2656,6835,6913,78
Truck828251,2998,3239,6865,6913,48
Truck828300,3239,3331,6880,6913,33
Truck826837,3238,2436,6475,6914,439
Truck827360,2225,1339,6620,6914,294
Truck827419,3331,3238,6635,6914,279
Truck828084,3239,2822,6820,6914,94
Truck827730,0,2999,6725,6915,190
Truck828104,2656,2821,6825,6915,90
Truck827573,3121,3122,6680,6916,236
Truck828230,2656,2822,6860,6916,56
Truck828304,2822,2998,6880,6916,36
Truck827162,2225,3238,6565,6917,352
Truck828175,3331,2437,6845,6917,72
Truck828378,0,1339,6905,6917,12
Truck824239,1338,2656,5755,6918,1163
Truck827001,2436,2656,6520,6918,398
Truck827064,0,2998,6540,6918,378
Truck827106,3122,2224,6550,6918,368
Truck827716,2999,2655,6720,6918,198
Truck827774,2225,3121,6735,6918,183
Truck827835,2821,2436,6750,6918,168
Truck827993,2224,2821,6795,6918,123
Truck828318,3239,3331,6885,6918,33
Truck824927,3121,1338,5945,6919,974
Truck827070,3122,2436,6540,6919,379
Truck827501,3121,2224,6660,6919,259
Truck828269,2998,3122,6870,6919,49
Truck827200,1339,2822,6575,6920,345
Truck827578,1339,3121,6680,6920,240
Truck828103,3331,2821,6825,6920,95
Truck827056,1339,2224,6535,6921,386
Truck827330,2656,3238,6610,6921,311
Truck827580,3239,1339,6680,6921,241
Truck827788,2999,1339,6740,6921,181
Truck828291,2655,3239,6880,6921,41
Truck828428,2656,3331,6915,6921,6
Truck828011,2224,2822,6800,6922,122
Truck827182,1339,2821,6570,6923,353
Truck828287,2998,2821,6875,6923,48
Truck828180,0,3238,6850,6924,74
Truck824491,1338,0,5825,6925,1100
Truck827124,3122,2224,6555,6925,370
Truck827492,2656,0,6655,6925,270
Truck828038,2437,2655,6810,6925,115
Truck824257,1338,2822,5760,6926,1166
Truck827146,1339,2224,6560,6926,366
Truck827324,2225,2998,6610,6926,316
Truck827398,1339,2225,6630,6926,296
Truck827520,3122,3239,6665,6926,261
Truck827752,2999,2998,6730,6926,196
Truck828148,2999,2437,6840,6926,86
Truck827019,2436,2822,6525,6927,402
Truck827519,3121,2821,6665,6927,262
Truck827609,3121,1339,6690,6927,237
Truck827611,3238,2999,6690,6927,237
Truck827715,2655,3238,6720,6927,207
Truck827871,2821,1338,6760,6927,167
Truck828026,2225,2999,6805,6927,122
Truck828056,2437,2656,6815,6927,112
Truck828424,1339,0,6915,6927,12
Truck827223,2821,1339,6580,6928,348
Truck824887,1338,2999,5935,6929,994
Truck828158,2656,2998,6840,6929,89
Truck828305,2998,2225,6880,6929,49
Truck827537,3121,3239,6670,6930,260
Truck828336,3239,2999,6890,6930,40
Truck825103,1338,2999,5995,6931,936
Truck827787,2655,0,6740,6932,192
Truck828047,2224,2437,6810,6932,122
Truck824708,2437,1338,5885,6934,1049
Truck827187,2821,0,6570,6934,364
Truck827555,3121,2998,6675,6934,259
Truck828323,2998,2999,6885,6934,49
Truck827254,1339,2821,6590,6935,345
Truck828016,2822,2225,6800,6935,135
Truck828256,2999,3121,6870,6935,65
Truck828354,3239,1338,6895,6935,40
Truck828375,2821,2822,6900,6935,35
Truck827646,3122,3121,6700,6936,236
Truck828176,2656,2998,6845,6936,91
Truck828277,3238,1339,6875,6936,61
Truck828376,2822,2998,6900,6936,36
Truck828481,3331,2656,6930,6936,6
Truck827802,0,2999,6745,6937,192
Truck828065,2224,3238,6815,6937,122
Truck828188,2225,2436,6850,6937,87
Truck828247,3331,2655,6865,6937,72
Truck827017,3238,2821,6525,6938,413
Truck827661,2655,3238,6705,6938,233
Truck827907,2821,2436,6770,6938,168
Truck828390,3239,3331,6905,6938,33
Truck824401,1338,2998,5800,6939,1139
Truck828048,3239,2224,6810,6939,129
Truck828341,2998,2656,6890,6939,49
Truck827683,3238,2655,6710,6940,230
Truck828182,2437,3122,6850,6940,90
Truck827163,2436,3122,6565,6941,376
Truck827252,2225,3238,6590,6941,351
Truck827378,2225,2655,6625,6941,316
Truck828066,3239,2821,6815,6941,126
Truck828083,2224,2999,6820,6941,121
Truck827589,2655,3121,6685,6942,257
Truck827634,3239,3238,6695,6942,247
Truck828177,2821,3331,6845,6942,97
Truck828248,2656,2437,6865,6942,77
Truck828409,3331,3239,6910,6942,32
Truck827925,2821,2655,6775,6943,168
Truck828110,2437,2998,6830,6943,113
Truck828320,2656,2822,6885,6943,58
Truck827591,3121,2224,6685,6944,259
Truck827688,3239,3122,6710,6944,234
Truck827396,2225,2822,6630,6945,315
Truck828193,3331,2224,6850,6945,95
Truck828212,2656,2821,6855,6945,90
Truck828359,2998,3122,6895,6945,50
Truck828412,2822,2821,6910,6945,35
Truck827564,2656,0,6675,6946,271
Truck828510,3122,1339,6940,6946,6
Truck827556,3122,2656,6675,6947,272
Truck828319,3331,2822,6885,6947,62
Truck827109,2436,2822,6550,6948,398
Truck828101,2224,3331,6825,6948,123
Truck828283,3331,2999,6875,6948,73
Truck828408,3239,2656,6910,6948,38
Truck827107,3238,2821,6550,6949,399
Truck827913,2655,3122,6775,6949,174
Truck828128,2437,2224,6835,6949,114
Truck828266,2656,2436,6870,6949,79
Truck827206,2822,3238,6575,6950,375
Truck827483,3121,3238,6655,6950,295
Truck827652,3239,1339,6700,6950,250
Truck827896,2999,1339,6770,6950,180
Truck828377,2998,3331,6900,6950,50
Truck827214,3122,2224,6580,6951,371
Truck827414,2225,3239,6635,6951,316
Truck827450,2225,0,6645,6951,306
Truck827806,2999,2436,6745,6951,206
Truck827949,2655,2821,6785,6951,166
Truck828310,2999,3121,6885,6951,66
Truck828535,3331,2656,6945,6951,6
Truck827188,2822,3238,6570,6952,382
Truck827484,3122,2656,6655,6952,297
Truck827897,3121,2225,6770,6952,182
Truck824275,1338,0,5765,6953,1188
Truck824527,1338,0,5835,6953,1118
Truck828105,2821,3239,6825,6953,128
Truck828119,2224,2822,6830,6953,123
Truck828146,2437,3239,6840,6953,113
Truck828273,2655,2656,6875,6953,78
Truck828284,2656,2225,6875,6953,78
Truck828444,3239,3331,6920,6953,33
Truck827154,0,2998,6565,6954,389
Truck827627,3121,2821,6695,6954,259
Truck827700,3122,3121,6715,6954,239
Truck827892,0,2655,6770,6954,184
Truck828025,3238,2437,6805,6954,149
Truck828395,2998,2822,6905,6954,49
Truck827127,2436,2822,6555,6955,400
Truck827522,2225,3122,6665,6955,290
Truck827538,3122,2656,6670,6955,285
Truck827717,3121,3122,6720,6955,235
Truck827979,2821,2436,6790,6956,166
Truck828261,2436,2225,6870,6956,86
Truck828426,3239,2655,6915,6956,41
Truck827386,2822,1339,6625,6957,332
Truck827758,1339,3239,6730,6957,227
Truck828137,2224,3122,6835,6957,122
Truck828522,0,1339,6945,6957,12
Truck827145,2436,2655,6560,6958,398
Truck827306,2225,3238,6605,6958,353
Truck827420,2656,3238,6635,6959,324
Truck828106,2822,2436,6825,6959,134
Truck828413,2998,2655,6910,6959,49
Truck827521,3238,3121,6665,6960,295
Truck828164,2437,2224,6845,6960,115
Truck828249,2821,3331,6865,6960,95
Truck827610,3122,3331,6690,6961,271
Truck828465,2821,2822,6925,6961,36
Truck827736,3122,3121,6725,6962,237
Truck828155,2224,1338,6840,6962,122
Truck824689,1338,2822,5880,6963,1083
Truck824545,1338,2822,5840,6964,1124
Truck827468,2225,3331,6650,6964,314
Truck827663,3121,2224,6705,6964,259
Truck827877,2655,2999,6765,6964,199
Truck828111,2655,2822,6830,6964,134
Truck828272,2437,3122,6875,6964,89
Truck828431,2998,3121,6915,6964,49
Truck824637,2655,1338,5865,6965,1100
Truck827681,3121,3239,6710,6965,255
Truck827686,1339,3239,6710,6965,255
Truck827878,2999,2655,6765,6965,200
Truck828218,2437,0,6860,6965,105
Truck824437,1338,1339,5810,6966,1156
Truck827951,3121,2225,6785,6966,181
Truck828173,2224,2656,6845,6966,121
Truck828285,2821,2656,6875,6966,91
Truck828170,2225,2999,6845,6967,122
Truck828142,2822,2436,6835,6968,133
Truck828159,2821,3239,6840,6968,128
Truck828338,2656,2436,6890,6968,78
Truck824959,1338,2437,5955,6969,1014
Truck827181,2436,2821,6570,6969,399
Truck827486,2225,2998,6655,6969,314
Truck827895,2655,2999,6770,6969,199
Truck828074,2437,3238,6820,6969,149
Truck828342,0,3238,6895,6969,74
Truck828449,2998,2437,6920,6969,49
Truck827262,0,2998,6595,6970,375
Truck827600,2656,1339,6685,6970,285
Truck827671,3331,3122,6705,6970,265
Truck828079,3238,2437,6820,6970,150
Truck828403,3238,3122,6910,6970,60
Truck824382,0,1338,5795,6971,1176
Truck824742,0,1338,5895,6971,1076
Truck827712,0,3121,6720,6971,251
Truck828608,2656,3331,6965,6971,6
Truck828402,3122,3238,6910,6972,62
Truck828021,2655,2998,6805,6973,168
Truck828033,2821,3121,6805,6973,168
Truck828191,2224,0,6850,6973,123
Truck828373,3331,2225,6900,6973,73
Truck827699,3121,2821,6715,6974,259
Truck827934,3122,2655,6780,6974,194
Truck824509,1338,2224,5830,6975,1145
Truck827504,2225,3239,6660,6975,315
Truck828254,2437,0,6870,6975,105
Truck828467,2998,1338,6925,6975,50
Truck827359,3238,2822,6620,6976,356
Truck827613,2436,2437,6690,6976,286
Truck828113,3121,2437,6830,6976,146
Truck828520,2822,2998,6940,6976,36
Truck827199,2436,3239,6575,6977,402
Truck827776,1339,3121,6735,6977,242
Truck827946,0,2999,6785,6977,192
Truck828039,2655,2821,6810,6977,167
Truck828209,2224,3238,6855,6977,122
Truck828332,2225,2436,6890,6977,87
Truck828374,2656,2437,6900,6977,77
Truck828391,3331,3121,6905,6977,72
Truck828420,3122,3238,6915,6977,62
Truck827314,2822,3238,6605,6978,373
Truck827614,1339,2656,6690,6978,288
Truck828004,2999,1339,6800,6978,178
Truck828178,2822,1338,6845,6978,133
Truck828236,2437,2224,6865,6978,113
Truck828518,2656,3239,6940,6978,38
Truck827722,1339,2656,6720,6979,259
Truck827809,3238,2999,6745,6979,234
Truck827932,2999,2821,6780,6979,199
Truck828195,2821,3239,6850,6979,129
Truck828485,2998,3239,6930,6979,49
Truck827280,0,2821,6600,6980,380
Truck825355,1338,2436,6065,6981,916
Truck827287,3238,2821,6600,6981,381
Truck827936,2225,2437,6780,6981,201
Truck828594,0,3122,6965,6981,16
Truck824455,1338,3239,5815,6982,1167
Truck827091,2436,3238,6545,6982,437
Truck827217,2436,2998,6580,6982,402
Truck827550,0,2225,6675,6982,307
Truck827950,2999,2822,6785,6982,197
Truck828024,3122,2999,6805,6982,177
Truck828227,2224,2655,6860,6982,122
Truck828392,2656,2225,6905,6982,77
Truck828553,3331,3239,6950,6982,32
Truck828612,0,1339,6970,6982,12
Truck827304,3122,2436,6605,6983,378
Truck827235,2436,3239,6585,6984,399
Truck827540,2225,3239,6670,6984,314
Truck827735,3121,2655,6725,6984,259
Truck827898,3122,2655,6770,6984,214
Truck828503,2998,2225,6935,6984,49
Truck828210,3239,2998,6855,6985,130
Truck828340,2822,3239,6890,6985,95
Truck828437,3121,2999,6920,6985,65
Truck824587,3238,1338,5850,6986,1136
Truck827948,2437,2225,6785,6986,201
Truck828457,3238,1339,6925,6986,61
Truck827476,2822,3238,6650,6987,337
Truck827937,2436,2999,6780,6987,207
Truck827968,2999,2656,6790,6987,197
Truck828238,2999,2225,6865,6987,122
Truck828482,2656,2822,6930,6987,57
Truck828556,2822,2821,6950,6987,37
Truck827313,2821,3122,6605,6988,383
Truck827394,3122,2821,6630,6988,358
Truck828087,2821,2999,6820,6988,168
Truck828245,2224,1338,6865,6988,123
Truck828410,2656,2655,6910,6988,78
Truck828414,0,3238,6915,6988,73
Truck828484,2822,2656,6930,6988,58
Truck828521,2998,1338,6940,6988,48
Truck824713,3238,1338,5885,6989,1104
Truck825160,2999,1338,6010,6989,979
Truck825251,3121,1338,6035,6989,954
Truck827825,3121,1339,6750,6990,240
Truck828214,2822,2999,6855,6990,135
Truck828475,3238,3122,6930,6990,60
Truck825358,2999,1338,6065,6991,926
Truck827431,3238,2225,6640,6991,351
Truck827789,3121,0,6740,6991,251
Truck828382,2999,2437,6905,6991,86
Truck827586,0,2225,6685,6992,307
Truck828263,2224,3121,6870,6992,122
Truck824347,1338,2998,5785,6993,1208
Truck827771,3121,2656,6735,6993,258
Truck828219,2655,2822,6860,6993,133
Truck828290,2437,2821,6880,6993,113
Truck828572,2656,3239,6955,6993,38
Truck824653,1338,2822,5870,6994,1124
Truck827271,2436,2822,6595,6994,399
Truck827647,3238,2656,6700,6994,294
Truck828380,2437,3122,6905,6994,89
Truck828539,2998,2999,6945,6994,49
Truck827197,3238,2821,6575,6996,421
Truck827349,2821,3238,6615,6996,381
Truck827380,1339,2821,6625,6996,371
Truck827457,2821,1339,6645,6996,351
Truck828232,2822,2999,6860,6996,136
Truck828324,0,2437,6890,6996,106
Truck828570,3239,2436,6955,6996,41
Truck828654,3122,0,6980,6996,16
Truck827421,2821,1339,6635,6997,362
Truck827658,0,3331,6705,6997,292
Truck827990,2225,2437,6795,6997,202
Truck828123,2821,2437,6830,6997,167
Truck828463,3331,3121,6925,6997,72
Truck828493,3238,1339,6935,6997,62
Truck828561,2655,3239,6955,6997,42
Truck828281,2224,2822,6875,6998,123
Truck828308,2437,2998,6885,6998,113
Truck828588,3239,2656,6960,6998,38
Truck827594,2225,2821,6685,6999,314
Truck828491,3121,2999,6935,6999,64
Truck827740,1339,3331,6725,7000,275
Truck828344,2437,0,6895,7000,105
Truck824581,1338,2821,5850,7001,1151
Truck827737,3238,3239,6725,7001,276
Truck828299,2224,3121,6880,7001,121
Truck824563,1338,2822,5845,7002,1157
Truck824725,1338,3238,5890,7002,1112
Truck827161,3238,2436,6565,7002,437
Truck827316,0,2821,6610,7002,392
Truck828022,2999,2656,6805,7002,197
Truck828418,2999,2437,6915,7002,87
Truck828471,2655,3331,6930,7002,72
Truck824781,2655,1338,5905,7003,1098
Truck825956,2225,1338,6230,7003,773
Truck827696,2437,2436,6715,7003,288
Truck828077,3121,2225,6820,7003,183
Truck828141,2821,2225,6835,7003,168
Truck827307,2436,2224,6605,7005,400
Truck827886,3239,3238,6765,7005,240
Truck828094,2999,1339,6825,7005,180
Truck828326,2437,2821,6890,7005,115
Truck828360,0,2437,6900,7005,105
Truck828436,2999,2437,6920,7005,85
Truck828575,2998,3331,6955,7005,50
Truck828317,2224,1338,6885,7006,121
Truck828434,2437,2999,6920,7006,86
Truck828499,3331,1338,6935,7006,71
Truck828628,2822,2821,6970,7006,36
Truck824960,2437,1338,5955,7007,1052
Truck827902,1339,3239,6770,7007,237
Truck828003,2655,3122,6800,7007,207
Truck828606,3239,2437,6965,7007,42
Truck824761,1338,3122,5900,7008,1108
Truck827385,2821,3238,6625,7008,383
Truck827862,3122,3239,6760,7008,248
Truck828486,0,3238,6935,7008,73
Truck828626,2656,3239,6970,7008,38
Truck827325,2436,2998,6610,7009,399
Truck828593,2998,2656,6960,7009,49
Truck827630,2225,2656,6695,7010,315
Truck828040,2999,3239,6810,7010,200
Truck828286,2822,2437,6875,7010,135
Truck828427,3331,2998,6915,7010,95
Truck825269,3121,1338,6040,7011,971
Truck827811,2436,3121,6745,7011,266
Truck827826,3122,3239,6750,7011,261
Truck828624,3239,2999,6970,7011,41
Truck828708,3122,0,6995,7011,16
Truck827807,3121,2436,6745,7012,267
Truck824994,0,1338,5965,7013,1048
Truck828335,2224,3238,6890,7013,123
Truck828500,2656,2436,6935,7013,78
Truck828517,3331,1338,6940,7013,73
Truck828611,2998,2655,6965,7013,48
Truck824779,1338,2655,5905,7014,1109
Truck828018,0,2655,6805,7014,209
Truck828057,2655,2999,6815,7014,199
Truck827412,3122,2224,6635,7015,380
Truck827761,3331,0,6730,7015,285
Truck827879,3121,0,6765,7015,250
Truck828642,3239,2655,6975,7015,40
Truck827470,1339,2998,6650,7017,367
Truck827757,2436,2437,6730,7017,287
Truck828150,3122,2999,6840,7017,177
Truck828464,2656,2821,6925,7017,92
Truck828738,0,1339,7005,7017,12
Truck828353,2224,3238,6895,7018,123
Truck828629,2998,2656,6970,7018,48
Truck824743,1338,1339,5895,7019,1124
Truck827406,0,2998,6635,7019,384
Truck828076,2999,2998,6820,7019,199
Truck824349,2655,1338,5785,7020,1235
Truck828183,2655,2998,6850,7020,170
Truck828462,3239,2822,6925,7020,95
Truck828563,3121,2999,6955,7020,65
Truck824671,1338,3239,5875,7021,1146
Truck827656,2822,1339,6700,7021,321
Truck828058,2999,2436,6815,7021,206
Truck828166,2999,3122,6845,7021,176
Truck828371,2224,2655,6900,7021,121
Truck828788,2656,3331,7015,7021,6
Truck828275,3121,2437,6875,7022,147
Truck828756,0,1339,7010,7022,12
Truck827388,0,2436,6630,7023,393
Truck827413,3238,2821,6635,7023,388
Truck827904,3239,3238,6770,7023,253
Truck828399,2655,2437,6910,7023,113
Truck828536,2656,2655,6945,7023,78
Truck828540,0,3238,6950,7023,73
Truck828647,2998,2821,6975,7023,48
Truck827379,2436,2656,6625,7024,399
Truck828398,2437,3239,6910,7024,114
Truck828557,2998,2224,6950,7024,74
Truck824617,1338,3331,5860,7025,1165
Truck824635,1338,3239,5865,7025,1160
Truck825535,1338,2999,6115,7025,910
Truck827373,2655,2436,6625,7026,401
Truck827684,2225,2655,6710,7026,316
Truck828700,2822,2998,6990,7026,36
Truck828805,3331,2656,7020,7026,6
Truck827442,0,2224,6645,7027,382
Truck828231,2821,2437,6860,7027,167
Truck828389,2224,2655,6905,7027,122
Truck828571,3331,2655,6955,7027,72
Truck828715,3331,3239,6995,7027,32
Truck824569,3238,1338,5845,7028,1183
Truck827754,3122,2656,6730,7028,298
Truck828372,3239,2821,6900,7028,128
Truck828416,2437,2821,6915,7028,113
Truck828554,2656,1338,6950,7028,78
Truck828665,2998,2656,6980,7028,48
Truck828714,3239,3331,6995,7028,33
Truck824851,1338,3239,5925,7029,1104
Truck824707,1338,3122,5885,7030,1145
Truck827808,3122,3331,6745,7030,285
Truck828108,0,2655,6830,7030,200
Truck827989,3238,2655,6795,7031,236
Truck828407,2224,2821,6910,7031,121
Truck825197,3121,1338,6020,7032,1012
Truck828450,0,2437,6925,7032,107
Truck827915,3121,2998,6775,7034,259
Truck827987,3121,1339,6795,7034,239
Truck828683,2998,3122,6985,7034,49
Truck825175,1338,3239,6015,7035,1020
Truck827720,2225,2822,6720,7035,315
Truck828100,1339,2655,6825,7035,210
Truck828255,2655,2821,6870,7035,165
Truck827593,3238,2225,6685,7036,351
Truck828267,2821,1338,6870,7036,166
Truck828792,0,3122,7020,7036,16
Truck824815,1338,2224,5915,7037,1122
Truck827488,1339,2436,6655,7037,382
Truck827542,1339,2821,6670,7037,367
Truck827933,3121,2224,6780,7037,257
Truck828422,2225,2999,6915,7037,122
Truck828425,2224,3121,6915,7037,122
Truck827845,3238,3331,6755,7038,283
Truck827958,3239,3238,6785,7038,253
Truck828590,2656,2655,6960,7038,78
Truck828607,3331,2655,6965,7038,73
Truck825247,1338,2437,6035,7039,1004
Truck828394,2822,2655,6905,7039,134
Truck828452,2437,2822,6925,7039,114
Truck828555,2821,2656,6950,7039,89
Truck825319,1338,2437,6055,7040,985
Truck827433,2436,2656,6640,7040,400
Truck827475,2821,0,6650,7040,390
Truck827514,0,2998,6665,7040,375
Truck828732,3239,2437,7000,7041,41
Truck828130,2999,2436,6835,7042,207
Truck828443,2224,2436,6920,7042,122
Truck828224,2225,3121,6860,7043,183
Truck828470,2437,2821,6930,7043,113
Truck828625,3331,3121,6970,7043,73
Truck828750,3239,2656,7005,7043,38
Truck824598,0,1338,5855,7044,1189
Truck828552,3239,2822,6950,7044,94
Truck828719,2998,3121,6995,7044,49
Truck827827,3238,3121,6750,7045,295
Truck828573,2821,2656,6955,7045,90
Truck824820,3122,1338,5915,7046,1131
Truck827830,1339,2225,6750,7046,296
Truck827858,2437,2436,6760,7046,286
Truck828198,0,2655,6855,7046,191
Truck828242,2225,3121,6865,7046,181
Truck828365,3121,2437,6900,7046,146
Truck827469,2436,2822,6650,7047,397
Truck828046,1339,3121,6810,7047,237
Truck828093,2655,1339,6825,7047,222
Truck828461,2224,0,6925,7047,122
Truck828643,3331,3121,6975,7047,72
Truck828672,3122,3238,6985,7047,62
Truck827451,2436,2821,6645,7048,403
Truck827478,0,2436,6655,7048,393
Truck827668,1339,2998,6705,7048,343
Truck827784,0,2225,6740,7048,308
Truck828184,2999,2655,6850,7048,198
Truck828488,2437,2822,6935,7048,113
Truck824785,3238,1338,5905,7049,1144
Truck827493,2821,0,6655,7049,394
Truck828165,2655,0,6845,7049,204
Truck828524,2437,0,6945,7049,104
Truck828737,2998,1338,7000,7049,49
Truck825265,1338,3121,6040,7050,1010
Truck828202,2999,2656,6855,7050,195
Truck828430,2822,2655,6915,7050,135
Truck828447,2821,3239,6920,7050,130
Truck828041,3121,1339,6810,7051,241
Truck828059,3121,3122,6815,7051,236
Truck828309,2655,2998,6885,7051,166
Truck828479,2224,3239,6930,7051,121
Truck828598,2999,2437,6965,7051,86
Truck828768,3239,2999,7010,7051,41
Truck828506,2437,3331,6940,7052,112
Truck827863,3238,3331,6760,7053,293
Truck828644,2656,2225,6975,7053,78
Truck828804,3239,3331,7020,7053,33
Truck828753,2821,2998,7005,7054,49
Truck828755,2998,2656,7005,7054,49
Truck827861,3121,3238,6760,7055,295
Truck827905,3331,0,6770,7055,285
Truck828339,2821,1338,6890,7056,166
Truck828497,2224,1338,6935,7056,121
Truck827766,0,2822,6735,7057,322
Truck827901,2436,2437,6770,7057,287
Truck828043,3238,3239,6810,7057,247
Truck828786,3239,2436,7015,7057,42
Truck827880,3122,2225,6765,7058,293
Truck825715,1338,2436,6165,7059,894
Truck828005,3121,3239,6800,7059,259
Truck828466,2822,3121,6925,7059,134
Truck828483,2821,3239,6930,7059,129
Truck828773,2998,2821,7010,7059,49
Truck828204,3122,2655,6855,7060,205
Truck828220,2999,2822,6860,7060,200
Truck828558,0,2437,6955,7061,106
Truck827810,2225,2224,6745,7062,317
Truck828207,2436,2999,6855,7062,207
Truck828515,2224,3121,6940,7062,122
Truck828697,3331,2999,6990,7062,72
Truck824977,1338,2656,5960,7063,1103
Truck827691,2821,0,6710,7063,353
Truck828345,2655,2998,6895,7063,168
Truck828357,2821,2999,6895,7063,168
Truck828498,3239,2821,6935,7063,128
Truck828680,2656,2436,6985,7063,78
Truck828791,2998,3238,7015,7063,48
Truck827505,2436,3239,6660,7064,404
Truck827592,3122,2436,6685,7064,379
Truck827964,0,2656,6790,7064,274
Truck828701,2998,2224,6990,7064,74
Truck825301,1338,2437,6050,7065,1015
Truck827828,2225,3331,6750,7065,315
Truck828578,2437,0,6960,7065,105
Truck828632,2437,3122,6975,7065,90
Truck828650,2437,2999,6980,7065,85
Truck828844,2822,2821,7030,7065,35
Truck827823,2655,2225,6750,7066,316
Truck828330,3122,2999,6890,7066,176
Truck828533,2224,2822,6945,7066,121
Truck827930,2437,2436,6780,7067,287
Truck828112,2999,3238,6830,7067,237
Truck828652,2999,2437,6980,7067,87
Truck827710,2822,0,6715,7068,353
Truck828516,3239,2821,6940,7068,128
Truck828698,2656,2436,6990,7068,78
Truck826147,1338,2225,6285,7069,784
Truck827523,2436,2821,6665,7069,404
Truck828809,2998,0,7020,7069,49
Truck824767,3238,1338,5900,7070,1170
Truck827920,1339,2225,6775,7070,295
Truck828023,3121,2436,6805,7070,265
Truck828292,2999,0,6880,7070,190
Truck828662,2656,2998,6980,7070,90
Truck827541,2436,2224,6670,7071,401
Truck827664,3122,2224,6705,7071,366
Truck827881,3238,3331,6765,7071,306
Truck828393,2821,1338,6905,7071,166
Truck828733,3331,2436,7000,7072,72
Truck827553,2655,2436,6675,7073,398
Truck827601,2821,3238,6685,7073,388
Truck828274,2999,2224,6875,7073,198
Truck828534,3239,2224,6945,7073,128
Truck828551,2224,2822,6950,7073,123
Truck828763,3238,1339,7010,7073,63
Truck827415,2436,3238,6635,7074,439
Truck828075,2655,3121,6820,7074,254
Truck828660,3239,2822,6980,7074,94
Truck828827,2998,1338,7025,7074,49
Truck827764,2822,3238,6730,7075,345
Truck828411,2821,2655,6910,7075,165
Truck827559,2436,3239,6675,7076,401
Truck827568,0,2998,6680,7076,396
Truck827864,2225,3239,6760,7076,316
Truck827935,3238,3121,6780,7076,296
Truck828781,3238,1339,7015,7076,61
Truck828858,3239,2436,7035,7076,41
Truck828936,0,3122,7060,7076,16
Truck828986,2656,3331,7070,7076,6
Truck828569,2224,2655,6955,7077,122
Truck828751,3331,2655,7005,7077,72
Truck828790,2822,3331,7015,7077,62
Truck828216,0,2655,6860,7078,218
Truck828306,0,2999,6885,7078,193
Truck828668,2437,1339,6985,7078,93
Truck828734,2656,3121,7000,7078,78
Truck828745,3238,0,7005,7078,73
Truck825813,2436,1338,6190,7079,889
Truck828149,3121,1339,6840,7079,239
Truck828201,2655,0,6855,7079,224
Truck828538,2822,2999,6945,7079,134
Truck828596,2437,3239,6965,7079,114
Truck828845,2998,2655,7030,7079,49
Truck828096,3122,2656,6825,7080,255
Truck827604,0,2436,6690,7081,391
Truck827882,2225,2821,6765,7081,316
Truck828614,2437,2998,6970,7081,111
Truck828679,3331,2998,6985,7081,96
Truck828876,3239,1338,7040,7081,41
Truck829003,3331,2656,7075,7081,6
Truck827682,3122,2998,6710,7082,372
Truck827755,3238,2225,6730,7082,352
Truck828429,2821,2437,6915,7082,167
Truck828584,2225,2999,6960,7082,122
Truck828587,2224,2655,6960,7082,122
Truck828769,3331,1338,7010,7082,72
Truck828014,2656,1339,6800,7083,283
Truck828863,2998,1339,7035,7083,48
Truck827856,0,2822,6760,7084,324
Truck828696,3239,2822,6990,7084,94
Truck828716,2656,2224,6995,7084,89
Truck828717,2821,2656,6995,7084,89
Truck825085,1338,2655,5990,7085,1095
Truck825481,1338,2437,6100,7085,985
Truck827812,1339,2822,6745,7085,340
Truck828605,2224,2655,6965,7086,121
Truck827917,3238,2656,6775,7087,312
Truck828817,3238,1339,7025,7087,62
Truck828916,2822,2224,7050,7087,37
Truck825031,1338,3331,5975,7088,1113
Truck827640,0,2821,6700,7088,388
Truck827996,2656,0,6795,7088,293
Truck828823,3331,2822,7025,7088,63
Truck827694,0,2821,6715,7089,374
Truck828118,1339,3331,6830,7089,259
Truck828770,2656,2436,7010,7089,79
Truck828881,2998,2822,7040,7090,50
Truck824905,1338,2224,5940,7091,1151
Truck827792,2225,3238,6740,7091,351
Truck829032,3122,1339,7085,7091,6
Truck827918,2225,2656,6775,7092,317
Truck828328,2999,3331,6890,7092,202
Truck828949,3331,3239,7060,7092,32
Truck827487,2436,3238,6655,7093,438
Truck828246,3239,0,6865,7093,228
Truck828334,1339,2655,6890,7093,203
Truck828453,2655,2224,6925,7093,168
Truck828623,2224,2225,6970,7093,123
Truck828722,2437,1339,7000,7093,93
Truck825229,1338,1339,6030,7094,1064
Truck828592,2822,1338,6960,7094,134
Truck828899,2998,2655,7045,7094,49
Truck825211,1338,2656,6025,7096,1071
Truck828131,3121,2656,6835,7096,261
Truck828223,3238,2999,6860,7096,236
Truck828438,3122,2999,6920,7096,176
Truck827676,0,2821,6710,7097,387
Truck828364,2999,2822,6900,7098,198
Truck828641,2224,2999,6975,7098,123
Truck828806,2656,2436,7020,7098,78
Truck824947,3238,1338,5950,7099,1149
Truck827649,2436,2822,6700,7099,399
Truck828085,3331,1339,6820,7099,279
Truck828610,2822,3121,6965,7099,134
Truck828915,2821,2998,7050,7099,49
Truck828917,2998,2999,7050,7099,49
Truck827820,0,2822,6750,7100,350
Truck828704,2437,0,6995,7100,105
Truck828948,3239,2655,7060,7100,40
Truck827954,2225,3239,6785,7101,316
Truck828442,1339,2999,6920,7101,181
Truck828501,2821,2655,6935,7101,166
Truck828659,2224,2225,6980,7101,121
Truck828754,2822,3239,7005,7101,96
Truck825121,1338,3239,6000,7102,1102
Truck827739,2436,3122,6725,7102,377
Truck828028,1339,2225,6805,7102,297
Truck828135,2436,3121,6835,7102,267
Truck828841,3331,2655,7030,7102,72
Truck828237,2655,3238,6865,7103,238
Truck828167,3121,3239,6845,7104,259
Truck828935,2998,2437,7055,7104,49
Truck825985,1338,2436,6240,7105,865
Truck827667,2436,2224,6705,7105,400
Truck827972,2225,2821,6790,7105,315
Truck828032,2656,3238,6805,7105,300
Truck828565,3238,2437,6955,7105,150
Truck828868,2999,3121,7040,7105,65
Truck827889,2821,3122,6765,7106,341
Truck827910,0,2822,6775,7106,331
Truck828185,3121,2822,6850,7106,256
Truck828686,2437,2224,6990,7106,116
Truck829086,3122,1339,7100,7106,6
Truck827846,2225,3238,6755,7107,352
Truck828211,3331,3122,6855,7107,252
Truck828458,2225,3121,6925,7107,182
Truck828519,2821,2225,6940,7107,167
Truck828677,2224,3331,6985,7107,122
Truck828966,3239,1338,7065,7107,42
Truck829062,0,1339,7095,7107,12
Truck828681,2821,2224,6985,7108,123
Truck828953,2998,3331,7060,7108,48
Truck825378,3122,1338,6070,7109,1039
Truck827685,2436,2655,6710,7109,399
Truck828857,2224,2998,7035,7109,74
Truck825751,1338,2999,6175,7110,935
Truck828787,3331,2821,7015,7110,95
Truck828203,3121,2655,6855,7111,256
Truck828525,2655,2224,6945,7111,166
Truck828092,2437,2436,6825,7112,287
Truck828186,3122,3331,6850,7112,262
Truck828476,2225,3121,6930,7112,182
Truck828692,2225,2999,6990,7112,122
Truck828695,2224,3331,6990,7112,122
Truck828877,3331,2225,7040,7112,72
Truck829021,3331,3239,7080,7112,32
Truck828664,2822,3121,6980,7113,133
Truck828678,3239,2224,6985,7113,128
Truck828971,2998,3331,7065,7113,48
Truck825877,1338,3121,6210,7114,904
Truck828280,1339,3121,6875,7114,239
Truck828537,2821,2999,6945,7114,169
Truck828860,2656,2437,7035,7114,79
Truck828808,2822,3239,7020,7115,95
Truck827703,2436,2821,6715,7116,401
Truck827853,2821,0,6755,7116,361
Truck828008,2225,3239,6800,7116,316
Truck827577,2436,3238,6680,7117,437
Truck828189,2436,3121,6850,7117,267
Truck828400,2999,2436,6910,7117,207
Truck828713,2224,3331,6995,7117,122
Truck828807,2821,3331,7020,7117,97
Truck828878,2656,2225,7040,7117,77
Truck828895,3331,1338,7045,7117,72
Truck828934,2822,3331,7055,7117,62
Truck825805,1338,2999,6190,7118,928
Truck828264,3239,3122,6870,7118,248
Truck828822,3239,2822,7025,7118,93
Truck824923,1338,2822,5945,7119,1174
Truck828174,3239,3238,6845,7119,274
Truck828830,2437,3122,7030,7119,89
Truck828893,2224,2998,7045,7119,74
Truck828923,3121,2999,7055,7119,64
Truck828989,2998,0,7070,7119,49
Truck827721,2436,2656,6720,7120,400
Truck827793,2436,1339,6740,7120,380
Truck828234,0,3239,6865,7120,255
Truck827848,1339,2821,6755,7121,366
Truck828259,3238,3239,6870,7121,251
Truck828312,3122,3121,6885,7121,236
Truck828731,2224,3239,7000,7121,121
Truck828842,2656,2224,7030,7121,91
Truck827595,2436,3238,6685,7122,437
Truck828068,2656,3238,6815,7122,307
Truck828854,2225,2436,7035,7122,87
Truck828454,2999,2224,6925,7123,198
Truck828896,2656,2437,7045,7123,78
Truck829007,2998,2225,7075,7123,48
Truck828911,2224,2998,7050,7124,74
Truck827998,2822,3122,6795,7125,330
Truck828156,3239,3238,6840,7125,285
Truck828381,2655,1339,6905,7125,220
Truck828044,2225,2822,6810,7126,316
Truck828967,3331,2822,7065,7126,61
Truck828229,3331,3122,6860,7127,267
Truck828257,3121,2998,6870,7127,257
Truck828276,3122,3331,6875,7127,252
Truck828749,2224,2225,7005,7127,122
Truck828918,0,3238,7055,7127,72
Truck828031,3331,3238,6805,7128,323
Truck828062,2225,3331,6815,7128,313
Truck828931,3331,2437,7055,7128,73
Truck828961,3238,1339,7065,7128,63
Truck828298,1339,3239,6880,7129,249
Truck828313,3238,2655,6885,7129,244
Truck828591,2821,2999,6960,7129,169
Truck829025,2998,2655,7080,7129,49
Truck828239,3121,2436,6865,7130,265
Truck828244,1339,3331,6865,7130,265
Truck828346,2999,3238,6895,7130,235
Truck828544,2999,1339,6950,7130,180
Truck828862,2822,3239,7035,7130,95
Truck829056,3239,2999,7090,7130,40
Truck828010,1339,2822,6800,7131,331
Truck828562,2999,3122,6955,7131,176
Truck828776,2437,2656,7015,7131,116
Truck827629,3238,2436,6695,7132,437
Truck828190,1339,2656,6850,7132,282
Truck828514,1339,2655,6940,7132,192
Truck828767,2224,1339,7010,7132,122
Truck829152,0,1339,7120,7132,12
Truck825499,1338,2437,6105,7133,1028
Truck828794,2437,2998,7020,7133,113
Truck826262,2225,1338,6315,7134,819
Truck827791,3238,2998,6740,7134,394
Truck828363,2655,3238,6900,7134,234
Truck828943,3238,0,7060,7134,74
Truck829043,2998,2436,7085,7134,49
Truck825557,3121,1338,6120,7135,1015
Truck828490,2999,2821,6935,7135,200
Truck828736,2822,3121,7000,7135,135
Truck828888,3122,2437,7045,7135,90
Truck825157,1338,2224,6010,7136,1126
Truck828472,2999,2436,6930,7136,206
Truck828785,2224,3331,7015,7136,121
Truck826039,1338,2436,6255,7137,882
Truck828098,2225,3239,6825,7137,312
Truck828222,3122,3331,6860,7137,277
Truck825162,3122,1338,6010,7138,1128
Truck825590,2437,1338,6130,7138,1008
Truck828168,3122,2225,6845,7138,293
Truck828627,2821,3121,6970,7138,168
Truck828812,2437,2822,7025,7138,113
Truck829061,2998,2656,7090,7138,48
Truck825231,2655,1338,6030,7140,1110
Truck827865,2436,1339,6760,7141,381
Truck828134,2225,0,6835,7141,306
Truck828293,3121,3331,6880,7141,261
Truck828803,2224,2656,7020,7141,121
Truck828898,2822,3239,7045,7141,96
Truck828789,2821,3239,7015,7142,127
Truck828985,3331,2436,7070,7142,72
Truck828200,2437,2436,6855,7143,288
Truck828352,1339,2656,6895,7143,248
Truck828968,2656,3121,7065,7143,78
Truck829112,2656,3239,7105,7143,38
Truck829079,2998,3239,7095,7144,49
Truck825193,1338,2822,6020,7145,1125
Truck828492,3122,2655,6935,7145,210
Truck828772,2822,2999,7010,7145,135
Truck829131,2821,2822,7110,7145,35
Truck828116,2225,2998,6830,7146,316
Truck829101,2655,3239,7105,7146,41
Truck829238,2656,3331,7140,7146,6
Truck825626,2437,1338,6140,7147,1007
Truck828329,3121,2998,6890,7147,257
Truck828821,2224,2656,7025,7147,122
Truck827829,2436,2822,6750,7148,398
Truck828327,2655,3121,6890,7148,258
Truck828582,3122,2655,6960,7148,188
Truck828663,2821,1338,6980,7148,168
Truck828651,2655,2998,6980,7149,169
Truck829097,2998,3122,7100,7149,49
Truck828187,3238,2656,6850,7150,300
Truck828950,2656,2821,7060,7150,90
Truck827974,1339,2224,6790,7151,361
Truck828526,2999,2436,6945,7151,206
Truck829128,3239,3121,7110,7151,41
Truck827701,3238,2436,6715,7152,437
Truck828419,3121,3122,6915,7152,237
Truck828839,2224,1339,7030,7152,122
Truck827847,2436,2655,6755,7153,398
Truck828162,0,2225,6845,7153,308
Truck828337,3331,0,6890,7153,263
Truck828946,1339,2437,7060,7153,93
Truck828347,3121,2822,6895,7154,259
Truck828568,1339,2655,6955,7154,199
Truck829004,2656,2437,7075,7154,79
Truck829115,2998,2999,7105,7154,49
Truck825067,1338,2224,5985,7155,1170
Truck828169,3238,2656,6845,7155,310
Truck829146,3239,2655,7115,7155,40
Truck828194,2656,3238,6850,7156,306
Truck828543,2655,3238,6950,7156,206
Truck828902,2437,0,7050,7156,106
Truck828974,2437,2999,7070,7156,86
Truck829168,2822,2224,7120,7156,36
Truck828152,2225,2821,6840,7157,317
Truck828579,2655,2999,6960,7157,197
Truck829039,3331,2655,7085,7157,72
Truck828301,3331,0,6880,7158,278
Truck828580,2999,2224,6960,7158,198
Truck829022,2656,2655,7080,7158,78
Truck829133,2998,0,7110,7158,48
Truck825283,1338,2656,6045,7159,1114
Truck828564,3122,2655,6955,7159,204
Truck828813,2655,2822,7025,7159,134
Truck828826,2822,2655,7025,7159,134
Truck828956,2437,1339,7065,7159,94
Truck828970,2822,3239,7065,7160,95
Truck827955,2436,3122,6785,7161,376
Truck828383,3121,2224,6905,7161,256
Truck828875,2224,3238,7040,7162,122
Truck827883,2436,2821,6765,7163,398
Truck829040,2656,2437,7085,7163,78
Truck829200,3239,3331,7130,7163,33
Truck828982,1339,2437,7070,7164,94
Truck829151,2998,2225,7115,7164,49
Truck825575,3121,1338,6125,7165,1040
Truck829005,2821,2656,7075,7165,90
Truck828735,2821,2655,7000,7166,166
Truck829310,2656,3331,7160,7166,6
Truck825589,1338,3239,6130,7167,1037
Truck828297,2436,2437,6880,7167,287
Truck829075,3331,2655,7095,7167,72
Truck829104,3122,3238,7105,7167,62
Truck826291,1338,2436,6325,7168,843
Truck827988,3122,2998,6795,7168,373
Truck828480,3239,3122,6930,7168,238
Truck829058,2656,2437,7090,7168,78
Truck829169,2998,1338,7120,7168,48
Truck825228,0,1338,6030,7169,1139
Truck825427,1338,3122,6085,7169,1084
Truck825988,2999,1338,6240,7169,929
Truck827956,1339,2436,6785,7169,384
Truck828920,2437,2821,7055,7169,114
Truck828034,2822,3238,6805,7170,365
Truck828206,2225,2655,6855,7170,315
Truck828474,3122,3121,6930,7170,240
Truck828723,2655,2224,7000,7170,170
Truck829222,2822,2224,7135,7170,35
Truck828387,2436,3121,6905,7171,266
Truck828597,2655,0,6965,7171,206
Truck829014,3122,2437,7080,7171,91
Truck825054,3122,1338,5980,7172,1192
Truck827773,3238,2436,6735,7172,437
Truck828938,2437,3331,7060,7172,112
Truck829080,0,3238,7100,7172,72
Truck829132,2822,3331,7110,7172,62
Truck828042,3122,2998,6810,7173,363
Truck828894,3239,2224,7045,7173,128
Truck829076,2656,1338,7095,7173,78
Truck827919,2436,2224,6775,7174,399
Truck828880,2822,2655,7040,7174,134
Truck829187,2998,2656,7125,7174,49
Truck828196,2822,0,6850,7175,325
Truck829041,2821,2656,7085,7175,90
Truck829048,2999,2437,7090,7175,85
Truck829141,3238,3122,7115,7175,60
Truck828007,3238,2224,6800,7176,376
Truck828252,0,2225,6870,7176,306
Truck827992,1339,2436,6795,7177,382
Truck828260,2225,0,6870,7177,307
Truck828710,2225,3121,6995,7177,182
Truck828929,2224,2822,7055,7177,122
Truck829046,2437,2999,7090,7177,87
Truck829150,2822,3331,7115,7177,62
Truck828669,2655,1339,6985,7178,193
Truck828771,2821,2999,7010,7178,168
Truck829254,3239,3331,7145,7178,33
Truck825391,1338,1339,6075,7179,1104
Truck828509,3121,1339,6940,7179,239
Truck829094,2656,1338,7100,7179,79
Truck829205,2998,2436,7130,7179,49
Truck825337,1338,3239,6060,7180,1120
Truck827982,0,2224,6795,7180,385
Truck828036,0,2224,6810,7180,370
Truck829236,3239,2436,7140,7180,40
Truck825463,1338,2998,6095,7181,1086
Truck826183,1338,2436,6295,7181,886
Truck828124,2822,0,6830,7181,351
Truck829320,3122,0,7165,7181,16
Truck825375,2655,1338,6070,7182,1112
Truck828265,3331,3238,6870,7182,312
Truck828930,3239,2821,7055,7182,127
Truck828947,2224,2225,7060,7182,122
Truck829273,3331,3239,7150,7182,32
Truck827973,2436,0,6790,7184,394
Truck828777,2655,2224,7015,7184,169
Truck828848,2437,3238,7035,7184,149
Truck829057,3331,2998,7090,7184,94
Truck829223,2998,2225,7135,7184,49
Truck828455,3121,2998,6925,7185,260
Truck828527,3121,1339,6945,7185,240
Truck828547,3238,2999,6950,7185,235
Truck828670,2999,2656,6985,7185,200
Truck828853,3238,2437,7035,7185,150
Truck828866,2437,3121,7040,7185,145
Truck829276,2822,2821,7150,7186,36
Truck828446,2656,1339,6920,7187,267
Truck828545,3121,3122,6950,7187,237
Truck828674,2225,2437,6985,7187,202
Truck828965,2224,1339,7065,7187,122
Truck828302,2656,0,6880,7189,309
Truck828348,3122,2225,6895,7189,294
Truck828388,1339,2656,6905,7189,284
Truck828688,2999,3331,6990,7189,199
Truck828278,2225,2224,6875,7190,315
Truck828356,2656,0,6895,7190,295
Truck828748,1339,2655,7005,7190,185
Truck829198,1339,3238,7130,7190,60
Truck829241,2998,0,7140,7190,50
Truck826083,2436,1338,6265,7191,926
Truck828550,1339,3121,6950,7191,241
Truck828983,2224,3331,7070,7191,121
Truck828992,2437,3239,7075,7191,116
Truck829107,2436,2225,7105,7191,86
Truck829356,3122,0,7175,7191,16
Truck829165,3331,2437,7120,7192,72
Truck828082,1339,2998,6820,7193,373
Truck828088,2822,3238,6820,7193,373
Truck828154,1339,2224,6840,7193,353
Truck828459,2436,3121,6925,7193,268
Truck828432,0,2656,6920,7194,274
Truck829259,2998,1338,7145,7194,49
Truck828473,3121,2436,6930,7195,265
Truck829096,2822,3239,7100,7195,95
Truck828477,2436,3121,6930,7196,266
Truck828528,3122,3331,6945,7196,251
Truck828581,3121,3122,6960,7196,236
Truck828724,2999,3331,7000,7196,196
Truck829093,3331,2998,7100,7196,96
Truck829183,3331,2225,7125,7196,71
Truck829290,3239,2437,7155,7196,41
Truck828296,2225,3331,6880,7197,317
Truck828759,2655,1339,7010,7197,187
Truck829001,2224,2999,7075,7197,122
Truck825373,1338,0,6070,7198,1128
Truck825769,1338,2437,6180,7198,1018
Truck828507,2655,3121,6940,7198,258
Truck829240,2822,2656,7140,7198,58
Truck825282,0,1338,6045,7199,1154
Truck825517,1338,1339,6110,7199,1089
Truck828009,2436,2822,6800,7199,399
Truck829277,2998,2821,7150,7199,49
