truck_id,source_id,sink_id,generated_at_step,removed_at_step,total_driving_time
Truck138278,2567,1339,10,16,6
Truck138262,2567,0,5,21,16
Truck138280,1339,0,10,22,12
Truck138312,1339,2567,20,24,4
Truck138254,2943,2942,0,33,33
Truck138250,2684,2443,0,39,39
Truck138286,2943,2942,10,43,33
Truck138267,2776,2684,5,48,43
Truck138302,2943,2942,15,48,33
Truck138271,3119,2942,5,51,46
Truck138358,2567,0,35,51,16
Truck138318,2943,2942,20,53,33
Truck138406,2567,1339,50,56,6
Truck138392,1339,0,45,57,12
Truck138299,2776,2684,15,58,43
Truck138334,2943,2942,25,58,33
Truck138248,1339,2683,0,59,59
Truck138270,2943,2777,5,60,55
Truck138384,0,2567,45,61,16
Truck138422,2567,1339,55,61,6
Truck138349,2942,2943,30,62,32
Truck138244,2444,2566,0,63,63
Truck138263,2683,2567,5,65,60
Truck138400,0,2567,50,66,16
Truck138366,2943,2942,35,68,33
Truck138346,2684,2443,30,69,39
Truck138255,3119,2943,0,71,71
Truck138382,2943,2942,40,73,33
Truck138316,2777,2943,20,74,54
Truck138362,2684,2443,35,74,39
Truck138351,3119,2942,30,76,46
Truck138294,2567,2683,15,77,62
Truck138448,0,1339,65,77,12
Truck138387,2443,2684,45,83,38
Truck138414,2943,2942,50,83,33
Truck138281,2224,3119,10,84,74
Truck138252,2777,2942,0,85,85
Truck138430,2943,2942,55,88,33
Truck138297,2224,3119,15,89,74
Truck138410,2684,2443,50,89,39
Truck138268,2777,2942,5,90,85
Truck138399,3119,2942,45,91,46
Truck138480,0,2567,75,91,16
Truck138258,2225,2567,5,93,88
Truck138446,2943,2942,60,93,33
Truck138284,2777,2942,10,95,85
Truck138285,2942,2777,10,95,85
Truck138335,3119,2943,25,96,71
Truck138496,0,2567,80,96,16
Truck138534,2567,1339,90,96,6
Truck138462,2943,2942,65,98,33
Truck138442,2684,2443,60,99,39
Truck138266,2684,2942,5,100,95
Truck138398,2943,2777,45,100,55
Truck138350,2943,3119,30,102,72
Truck138478,2943,2942,70,103,33
Truck138242,2225,2443,0,104,104
Truck138458,2684,2443,65,104,39
Truck138391,2683,2567,45,105,60
Truck138331,2776,2443,25,106,81
Truck138301,2942,2684,15,109,94
Truck138367,3119,2224,35,109,74
Truck138474,2684,2443,70,109,39
Truck138298,2684,2942,15,110,95
Truck138332,2777,2942,25,110,85
Truck138272,0,2225,10,113,103
Truck138322,2225,2567,25,113,88
Truck138348,2777,2942,30,115,85
Truck138363,2776,2443,35,116,81
Truck138338,2225,2567,30,118,88
Truck138526,2943,2942,85,118,33
Truck138290,2225,2443,15,119,104
Truck138506,2684,2443,80,119,39
Truck138253,2942,2224,0,120,120
Truck138330,2684,2942,25,120,95
Truck138364,2777,2942,35,120,85
Truck138306,2225,0,20,123,103
Truck138507,2776,2684,80,123,43
Truck138542,2943,2942,90,123,33
Truck138409,2224,3119,50,124,74
Truck138476,2777,2943,70,124,54
Truck138256,0,2443,5,125,120
Truck138265,2224,2942,5,125,120
Truck138380,2777,2942,40,125,85
Truck138360,1339,2225,35,127,92
Truck138323,2443,2225,25,128,103
Truck138558,2943,2942,95,128,33
Truck138425,2224,3119,55,129,74
Truck138310,2567,2443,20,130,110
Truck138396,2777,2942,45,130,85
Truck138339,2443,2225,30,133,103
Truck138468,2444,2566,70,133,63
Truck138574,2943,2942,100,133,33
Truck138412,2777,2942,50,135,85
Truck138251,2776,2942,0,136,136
Truck138427,2776,2443,55,136,81
Truck138259,2443,2942,5,137,132
Truck138269,2942,2443,5,137,132
Truck138243,2443,2683,0,138,138
Truck138590,2943,2942,105,138,33
Truck138354,2225,2443,35,139,104
Truck138570,2684,2443,100,139,39
Truck138300,2777,3119,15,140,125
Truck138428,2777,2942,55,140,85
Truck138443,2776,2443,60,141,81
Truck138640,0,2567,125,141,16
Truck138275,2443,2942,10,142,132
Truck138370,2225,0,40,143,103
Truck138444,2777,2942,60,145,85
Truck138487,2683,0,75,145,70
Truck138283,2776,2942,10,146,136
Truck138494,2943,3119,75,147,72
Truck138386,2225,2443,45,149,104
Truck138438,2567,2225,60,149,89
Truck138345,2224,2942,30,150,120
Truck138460,2777,2942,65,150,85
Truck138264,1339,2684,5,151,146
Truck138274,2225,2566,10,151,141
Truck138591,3119,2942,105,151,46
Truck138510,2943,3119,80,152,72
Truck138638,2943,2942,120,153,33
Truck138402,2225,2443,50,154,104
Truck138315,2776,2942,20,156,136
Truck138491,2776,2443,75,156,81
Truck138333,2942,2443,25,157,132
Truck138456,1339,2225,65,157,92
Truck138654,2943,2942,125,158,33
Truck138418,2225,2443,55,159,104
Truck138470,2567,2225,70,159,89
Truck138492,2777,2942,75,160,85
Truck138296,1339,2684,15,161,146
Truck138621,2942,3119,115,161,46
Truck138434,2225,2443,60,164,104
Truck138508,2777,2942,80,165,85
Truck138314,2684,1339,20,166,146
Truck138325,2566,2225,25,166,141
Truck138282,2684,0,10,167,157
Truck138355,2443,2942,35,167,132
Truck138482,2225,1339,75,167,92
Truck138435,2443,1339,60,168,108
Truck138498,2225,2567,80,168,88
Truck138686,2943,2942,135,168,33
Truck138776,1339,2567,165,169,4
Truck138524,2777,2942,85,170,85
Truck138702,2943,2942,140,173,33
Truck138415,3119,2777,50,174,124
Truck138419,2443,0,55,174,119
Truck138540,2777,2942,90,175,85
Truck138547,2443,2776,95,176,81
Truck138752,0,2567,160,176,16
Truck138397,2942,2443,45,177,132
Truck138371,2443,2683,40,178,138
Truck138683,2776,2684,135,178,43
Truck138718,2943,2942,145,178,33
Truck138432,0,2443,60,180,120
Truck138556,2777,2942,95,180,85
Truck138373,2566,2225,40,181,141
Truck138592,0,2683,110,181,71
Truck138806,2567,1339,175,181,6
Truck138606,2943,3119,110,182,72
Truck138733,2942,2943,150,182,32
Truck138483,2443,1339,75,183,108
Truck138707,2443,2684,145,183,38
Truck138734,2943,2942,150,183,33
Truck138451,2443,0,65,184,119
Truck138670,2943,2777,130,185,55
Truck138376,1339,2684,40,186,146
Truck138587,2776,2443,105,186,81
Truck138701,2942,3119,140,186,46
Truck138429,2942,2443,55,187,132
Truck138622,2943,3119,115,187,72
Truck138403,2443,2683,50,188,138
Truck138750,2943,2942,155,188,33
Truck138514,2225,2443,85,189,104
Truck138246,2567,2776,0,190,190
Truck138464,0,2443,70,190,120
Truck138473,2224,2942,70,190,120
Truck138554,2684,2942,95,190,95
Truck138588,2777,2942,105,190,85
Truck138260,2444,2443,5,191,186
Truck138308,2444,2567,20,191,171
Truck138562,2225,1339,100,192,92
Truck138303,3119,2443,15,193,178
Truck138394,2684,2567,45,193,148
Truck138520,1339,2443,85,193,108
Truck138594,2225,2444,110,193,83
Truck138766,2943,2942,160,193,33
Truck138530,2225,2443,90,194,104
Truck138639,3119,2224,120,194,74
Truck138746,2684,2443,155,194,39
Truck138604,2777,2942,110,195,85
Truck138647,2683,0,125,195,70
Truck138276,2444,2443,10,196,186
Truck138311,2683,2684,20,196,176
Truck138408,1339,2684,50,196,146
Truck138619,2776,2443,115,196,81
Truck138735,3119,2942,150,196,46
Truck138854,2567,1339,190,196,6
Truck138326,2567,2444,25,197,172
Truck138677,2566,2444,135,197,62
Truck138781,2942,2943,165,197,32
Truck138307,2443,3119,20,198,178
Truck138319,3119,2443,20,198,178
Truck138439,2683,2443,60,198,138
Truck138782,2943,2942,165,198,33
Truck138612,2444,2225,115,199,84
Truck138324,2444,1339,25,200,175
Truck138620,2777,2942,115,200,85
Truck138291,2443,2444,15,201,186
Truck138292,2444,2443,15,201,186
Truck138635,2776,2443,120,201,81
Truck138749,2942,3119,155,201,46
Truck138477,2942,2443,70,202,132
Truck138552,1339,2443,95,203,108
Truck138778,2684,2443,165,204,39
Truck138463,3119,2684,65,205,140
Truck138521,2224,2942,85,205,120
Truck138636,2777,2942,120,205,85
Truck138711,2683,2567,145,205,60
Truck138475,2776,2942,70,206,136
Truck138651,2776,2443,125,206,81
Truck138767,3119,2942,160,206,46
Truck138576,0,2225,105,208,103
Truck138814,2943,2942,175,208,33
Truck138531,2443,0,90,209,119
Truck138794,2684,2443,170,209,39
Truck138528,0,2443,90,210,120
Truck138652,2777,2942,125,210,85
Truck138703,3119,2943,140,211,71
Truck138864,0,2567,195,211,16
Truck138347,2776,3119,30,212,182
Truck138726,2567,2683,150,212,62
Truck138830,2943,2942,180,213,33
Truck138634,2684,2942,120,215,95
Truck138668,2777,2942,130,215,85
Truck138340,2444,2443,30,216,186
Truck138704,0,2683,145,216,71
Truck138525,2942,2443,85,217,132
Truck138499,2443,2683,80,218,138
Truck138846,2943,2942,185,218,33
Truck138653,2942,2684,125,219,94
Truck138826,2684,2443,180,219,39
Truck138650,2684,2942,125,220,95
Truck138684,2777,2942,135,220,85
Truck138727,2683,0,150,220,70
Truck138356,2444,2443,35,221,186
Truck138541,2942,2443,90,222,132
Truck138757,2566,2444,160,222,62
Truck138674,2225,2567,135,223,88
Truck138626,2225,2443,120,224,104
Truck138729,2224,3119,150,224,74
Truck138842,2684,2443,185,224,39
Truck138572,2777,3119,100,225,125
Truck138589,2942,2224,105,225,120
Truck138614,2567,2443,115,225,110
Truck138700,2777,2942,140,225,85
Truck138395,2776,3119,45,227,182
Truck138843,2776,2684,185,228,43
Truck138878,2943,2942,195,228,33
Truck138424,1339,2444,55,229,174
Truck138642,2225,2443,125,229,104
Truck138601,2224,2942,110,230,120
Truck138682,2684,2942,135,230,95
Truck138716,2777,2942,145,230,85
Truck138717,2942,2777,145,230,85
Truck138731,2776,2443,150,231,81
Truck138573,2942,2443,100,232,132
Truck138522,2684,2567,85,233,148
Truck138722,2225,2444,150,233,83
Truck138788,2444,2566,170,233,63
Truck138894,2943,2942,200,233,33
Truck138658,2225,2443,130,234,104
Truck138828,2777,2943,180,234,54
Truck138646,2567,2443,125,235,110
Truck138732,2777,2942,150,235,85
Truck138404,2444,2443,50,236,186
Truck138452,2444,2567,65,236,171
Truck138747,2776,2443,155,236,81
Truck138768,0,2683,165,236,71
Truck138824,1339,2683,180,239,59
Truck139000,1339,2567,235,239,4
Truck138575,3119,2684,100,240,140
Truck138748,2777,2942,155,240,85
Truck138420,2444,2443,55,241,186
Truck138565,2566,2225,100,241,141
Truck138966,2567,0,225,241,16
Truck138798,2943,3119,170,242,72
Truck138546,2225,2683,95,243,148
Truck138688,0,2225,140,243,103
Truck138690,2225,0,140,243,103
Truck138926,2943,2942,210,243,33
Truck138245,2566,2443,0,244,244
Truck138756,2444,2225,160,244,84
Truck138906,2684,2443,205,244,39
Truck138764,2777,2942,160,245,85
Truck138436,2444,2443,60,246,186
Truck138603,2776,2942,110,246,136
Truck138779,2776,2443,165,246,81
Truck138815,3119,2943,175,246,71
Truck138538,2684,0,90,247,157
Truck138467,2443,3119,70,248,178
Truck138479,3119,2443,70,248,178
Truck138915,2443,2684,210,248,38
Truck138942,2943,2942,215,248,33
Truck138261,2566,2443,5,249,244
Truck138488,1339,2444,75,249,174
Truck138691,2443,2567,140,249,109
Truck138706,2225,2443,145,249,104
Truck138876,2777,2943,195,249,54
Truck138922,2684,2443,210,249,39
Truck138607,3119,2684,110,250,140
Truck138780,2777,2942,165,250,85
Truck138240,0,2942,0,251,251
Truck138502,2567,2444,80,252,172
Truck138637,2942,2443,120,252,132
Truck138495,3119,2443,75,253,178
Truck138544,0,2684,95,253,158
Truck138578,2225,2683,105,253,148
Truck138583,2683,2225,105,253,148
Truck138923,2776,2684,210,253,43
Truck138378,2684,2224,40,254,214
Truck138459,2776,2567,65,254,189
Truck138825,2224,3119,180,254,74
Truck138938,2684,2443,215,254,39
Truck138796,2777,2942,170,255,85
Truck138602,2684,1339,110,256,146
Truck138610,2225,2566,115,256,141
Truck138811,2776,2443,175,256,81
Truck138379,2776,2683,40,258,218
Truck138511,3119,2443,80,258,178
Truck138293,2566,2443,15,259,244
Truck138738,2225,2443,155,259,104
Truck138804,2444,2225,175,259,84
Truck138887,2683,1339,200,259,59
Truck138954,2684,2443,220,259,39
Truck138910,2943,2777,205,260,55
Truck138484,2444,2443,75,261,186
Truck138659,2443,2942,130,262,132
Truck138862,2943,3119,190,262,72
Truck138744,1339,2443,155,263,108
Truck138884,2444,2566,200,263,63
Truck138990,2943,2942,230,263,33
Truck138304,0,2566,20,264,244
Truck138309,2566,2443,20,264,244
Truck138739,2443,2567,155,264,109
Truck138754,2225,2443,160,264,104
Truck138797,2942,2684,170,264,94
Truck138288,0,2942,15,266,251
Truck138500,2444,2443,80,266,186
Truck138667,2776,2942,130,266,136
Truck139078,2567,1339,260,266,6
Truck138527,3119,2776,85,267,182
Truck138685,2942,2443,135,267,132
Truck138808,1339,2225,175,267,92
Truck139005,2942,2943,235,267,32
Truck138411,2776,2683,50,268,218
Truck138818,2225,2567,180,268,88
Truck138834,2225,2444,185,268,83
Truck139006,2943,2942,235,268,33
Truck138426,2684,2224,55,269,214
Truck138770,2225,2443,165,269,104
Truck138873,2224,3119,195,269,74
Truck138247,2683,2942,0,270,270
Truck138844,2777,2942,185,270,85
Truck138512,0,2444,85,271,186
Truck138515,2443,2444,85,271,186
Truck138516,2444,2443,85,271,186
Truck138661,2566,2225,130,271,141
Truck138859,2776,2443,190,271,81
Truck138566,2567,2444,100,272,172
Truck138559,3119,2443,95,273,178
Truck139022,2943,2942,240,273,33
Truck138341,2566,2443,30,274,244
Truck138852,2444,2225,190,274,84
Truck138889,2224,3119,200,274,74
Truck138986,2684,2776,230,274,44
Truck139002,2684,2443,235,274,39
Truck138736,0,2443,155,275,120
Truck138860,2777,2942,190,275,85
Truck138958,2943,2777,220,275,55
Truck138313,2224,2776,20,276,256
Truck138329,2224,2443,25,276,251
Truck138532,2444,2443,90,276,186
Truck138699,2776,2942,140,276,136
Truck138875,2776,2443,195,276,81
Truck139037,2942,2943,245,277,32
Truck138662,2567,2684,130,278,148
Truck138850,2225,2567,190,278,88
Truck138932,2444,2566,215,278,63
Truck138357,2566,2443,35,279,244
Truck138751,3119,2777,155,279,124
Truck139018,2684,2443,240,279,39
Truck138765,2942,2224,160,280,120
Truck138548,2444,0,95,281,186
Truck138374,2567,2942,40,282,242
Truck138421,2566,2567,55,283,228
Truck138678,2567,2684,135,283,148
Truck139027,2443,2684,245,283,38
Truck139054,2943,2942,250,283,33
Truck138967,2683,1339,225,284,59
Truck138295,2683,2942,15,285,270
Truck138365,2942,0,35,285,250
Truck138423,2683,2444,55,285,230
Truck138892,2777,2942,200,285,85
Truck138361,2224,2443,35,286,251
Truck138564,2444,2443,100,286,186
Truck138390,2567,2942,45,287,242
Truck138872,1339,2225,195,287,92
Truck139070,2943,2942,255,288,33
Truck138389,2566,2443,45,289,244
Truck138490,2684,2224,75,289,214
Truck138877,2942,2684,195,289,94
Truck139050,2684,2443,250,289,39
Truck138317,2942,2683,20,290,270
Truck138874,2684,2942,195,290,95
Truck138908,2777,2942,205,290,85
Truck138368,0,2942,40,291,251
Truck138580,2444,2443,105,291,186
Truck138618,2684,2683,115,292,177
Truck138755,2443,2942,160,292,132
Truck138882,2225,1339,200,292,92
Truck138623,3119,2443,115,293,178
Truck138851,2443,2225,190,293,103
Truck139086,2943,2942,260,293,33
Truck138405,2566,2443,50,294,244
Truck138287,3119,2567,10,296,286
Truck138393,2224,2443,45,296,251
Truck138596,2444,2443,110,296,186
Truck138631,2683,2684,120,296,176
Truck138730,2684,1339,150,296,146
Truck138763,2776,2942,160,296,136
Truck138771,2443,2942,165,297,132
Truck138974,2943,3119,225,297,72
Truck139160,1339,0,285,297,12
Truck138866,2225,0,195,298,103
Truck139102,2943,2942,265,298,33
Truck138571,2776,0,100,299,199
Truck138413,2942,0,50,300,250
Truck138812,2777,3119,175,300,125
Truck138940,2777,2942,215,300,85
Truck139038,2943,2777,245,300,55
Truck138787,2443,2942,170,302,132
Truck138930,2225,2567,215,303,88
Truck138437,2566,2443,60,304,244
Truck138985,2224,3119,230,304,74
Truck138359,2683,2942,35,305,270
Truck138660,2444,1339,130,305,175
Truck138956,2777,2942,220,305,85
Truck138627,2443,2444,120,306,186
Truck138992,0,2683,235,306,71
Truck138454,2567,2942,65,307,242
Truck138813,2942,2443,175,307,132
Truck138553,2224,2684,95,308,213
Truck138671,3119,2443,130,308,178
Truck138898,2225,0,205,308,103
Truck138962,2225,2444,225,308,83
Truck139134,2943,2942,275,308,33
Truck139001,2224,3119,235,309,74
Truck139048,1339,2683,250,309,59
Truck138375,2683,2942,40,310,270
Truck138381,2942,2683,40,310,270
Truck138472,1339,2942,70,310,240
Truck138630,2567,2776,120,310,190
Truck138886,2567,2443,200,310,110
Truck138644,2444,2443,125,311,186
Truck138786,2225,2566,170,311,141
Truck138829,2942,2443,180,312,132
Truck138555,2776,2683,95,313,218
Truck138687,3119,2443,135,313,178
Truck138774,2567,2684,165,313,148
Truck139150,2943,2942,280,313,33
Truck138469,2566,2443,70,314,244
Truck138957,2942,2684,220,314,94
Truck139130,2684,2443,275,314,39
Truck138519,2683,2444,85,315,230
Truck138988,2777,2942,230,315,85
Truck138802,2225,2566,175,316,141
Truck138342,2567,3119,30,317,287
Truck138845,2942,2443,185,317,132
Truck139224,1339,0,305,317,12
Truck138343,2683,2566,30,318,288
Truck138791,2683,2225,170,318,148
Truck139131,2776,2684,275,318,43
Truck139166,2943,2942,285,318,33
Truck138586,2684,2224,105,319,214
Truck138982,2567,2225,230,319,89
Truck139033,2224,3119,245,319,74
Truck139146,2684,2443,280,319,39
Truck138624,0,2776,120,320,200
Truck139004,2777,2942,235,320,85
Truck139011,2443,2776,240,321,81
Truck139135,3119,2942,275,321,46
Truck138978,2225,1339,230,322,92
Truck138807,2683,2225,175,323,148
Truck138931,2443,1339,215,323,108
Truck139076,2444,2566,260,323,63
Truck139182,2943,2942,290,323,33
Truck138501,2566,2443,80,324,244
Truck138946,2225,2443,220,324,104
Truck139096,1339,2683,265,324,59
Truck139116,2777,2943,270,324,54
Truck138493,2942,0,75,325,250
Truck139020,2777,2942,240,325,85
Truck138383,3119,2567,40,326,286
Truck138692,2444,2443,140,326,186
Truck138837,2566,2225,185,326,141
Truck138518,2567,2942,85,327,242
Truck138855,2683,2443,190,328,138
Truck139092,2444,2566,265,328,63
Truck139198,2943,2942,295,328,33
Truck138517,2566,2443,85,329,244
Truck139178,2684,2443,290,329,39
Truck138445,2942,2683,60,330,270
Truck138509,2942,0,80,330,250
Truck138921,2224,2942,210,330,120
Truck139036,2777,2942,245,330,85
Truck138708,2444,2443,145,331,186
Truck139248,0,2567,315,331,16
Truck138883,2443,2942,200,332,132
Truck138893,2942,2443,200,332,132
Truck139272,1339,0,320,332,12
Truck138800,0,2684,175,333,158
Truck138839,2683,2225,185,333,148
Truck138871,2683,2443,195,333,138
Truck138455,2683,2942,65,335,270
Truck138461,2942,2683,65,335,270
Truck138879,3119,2684,195,335,140
Truck138924,2777,3119,210,335,125
Truck139052,2777,2942,250,335,85
Truck138723,2443,2444,150,336,186
Truck138724,2444,2443,150,336,186
Truck139302,2567,1339,330,336,6
Truck138899,2443,2942,205,337,132
Truck138549,2566,0,95,338,243
Truck139230,2943,2942,305,338,33
Truck139194,2684,2776,295,339,44
Truck138431,3119,1339,55,340,285
Truck139068,2777,2942,255,340,85
Truck139143,2683,2567,280,340,60
Truck138523,2776,2224,85,341,256
Truck138537,2224,2443,90,341,251
Truck138740,2444,2443,155,341,186
Truck138597,2566,1339,110,342,232
Truck139118,2943,3119,270,342,72
Truck139010,2225,0,240,343,103
Truck139246,2943,2942,310,343,33
Truck138666,2684,2224,130,344,214
Truck138715,2776,0,145,344,199
Truck138440,1339,3119,60,345,285
Truck138447,3119,1339,60,345,285
Truck138742,2567,2776,155,345,190
Truck139084,2777,2942,260,345,85
Truck138539,2776,2224,90,346,256
Truck138890,2684,1339,200,346,146
Truck139334,2567,1339,340,346,6
Truck138858,2684,0,190,347,157
Truck138941,2942,2443,215,347,132
Truck139320,1339,0,335,347,12
Truck138663,2683,2776,130,348,218
Truck139227,2776,2684,305,348,43
Truck139262,2943,2942,315,348,33
Truck139226,2684,2776,305,349,44
Truck139242,2684,2443,310,349,39
Truck138600,1339,2942,110,350,240
Truck138605,2942,2567,110,350,240
Truck138972,2777,3119,225,350,125
Truck138569,2224,2443,100,351,251
Truck138772,2444,2443,165,351,186
Truck138799,3119,2776,170,352,182
Truck139278,2943,2942,320,353,33
Truck138595,2443,2566,110,354,244
Truck138698,2684,2224,140,354,214
Truck138995,2443,0,235,354,119
Truck139042,2225,2443,250,354,104
Truck139094,2567,2225,265,354,89
Truck139258,2684,2443,315,354,39
Truck138616,1339,2942,115,355,240
Truck139082,2684,2942,260,355,95
Truck139189,2566,2444,295,357,62
Truck138249,2224,1339,0,358,358
Truck138831,3119,2443,180,358,178
Truck138918,2567,2684,210,358,148
Truck139294,2943,2942,325,358,33
Truck138608,0,2566,115,359,244
Truck138714,2684,2224,145,359,214
Truck139058,2225,2443,255,359,104
Truck138535,2683,2942,90,360,270
Truck138632,1339,2942,120,360,240
Truck138585,2224,2776,105,361,256
Truck138847,3119,2443,185,363,178
Truck138896,0,2684,205,363,158
Truck138963,2443,2683,225,363,138
Truck139310,2943,2942,330,363,33
Truck138629,2566,2443,120,364,244
Truck139074,2225,2443,260,364,104
Truck139126,2567,2225,275,364,89
Truck139244,2777,2943,310,364,54
Truck139400,1339,2567,360,364,4
Truck138407,2683,3119,50,365,315
Truck138557,2942,2683,95,365,270
Truck139024,0,2443,245,365,120
Truck139148,2777,2942,280,365,85
Truck138819,2443,2444,180,366,186
Truck138820,2444,2443,180,366,186
Truck138952,1339,2684,220,366,146
Truck138965,2566,2225,225,366,141
Truck139360,0,2567,350,366,16
Truck138863,3119,2443,190,368,178
Truck139326,2943,2942,335,368,33
Truck138645,2566,2443,125,369,244
Truck138669,2942,1339,130,369,239
Truck138827,2776,2567,180,369,189
Truck138567,2683,2942,100,370,270
Truck138664,1339,2942,130,370,240
Truck139040,0,2443,250,370,120
Truck139164,2777,2942,285,370,85
Truck138836,2444,2443,185,371,186
Truck139214,2943,3119,300,372,72
Truck139307,2776,2684,330,373,43
Truck139342,2943,2942,340,373,33
Truck138762,2684,2224,160,374,214
Truck139106,2225,2443,270,374,104
Truck138536,1339,3119,90,375,285
Truck139007,3119,2684,235,375,140
Truck139069,2942,2224,255,375,120
Truck138643,2443,2224,125,376,251
Truck139195,2776,2443,295,376,81
Truck139398,2567,0,360,376,16
Truck139430,2567,1339,370,376,6
Truck139253,2566,2444,315,377,62
Truck138759,2683,2776,160,378,218
Truck139358,2943,2942,345,378,33
Truck139122,2225,2443,275,379,104
Truck139338,2684,2443,340,379,39
Truck138696,1339,2942,140,380,240
Truck139196,2777,2942,295,380,85
Truck139197,2942,2777,295,380,85
Truck138656,0,2942,130,381,251
Truck138665,2224,2443,130,381,251
Truck138868,2444,2443,195,381,186
Truck138916,2444,2567,210,381,171
Truck139211,2776,2443,300,381,81
Truck139446,2567,1339,375,381,6
Truck138970,2684,0,225,382,157
Truck139374,2943,2942,350,383,33
Truck138693,2566,2443,140,384,244
Truck138920,1339,2444,210,384,174
Truck139138,2225,2443,280,384,104
Truck139287,2683,1339,325,384,59
Truck138471,2683,3119,70,385,315
Truck138615,2683,2942,115,385,270
Truck138712,1339,2942,145,385,240
Truck138832,0,2776,185,385,200
Truck139212,2777,2942,300,385,85
Truck138672,0,2942,135,386,251
Truck138675,2443,2224,135,386,251
Truck138681,2224,2443,135,386,251
Truck139029,2566,2225,245,386,141
Truck138710,2567,2942,145,387,242
Truck138911,3119,2776,205,387,182
Truck138795,2776,2683,170,388,218
Truck139047,2683,2443,250,388,138
Truck139144,1339,2443,280,388,108
Truck139218,2225,2444,305,388,83
Truck138344,1339,2224,30,389,359
Truck138709,2566,2443,145,389,244
Truck138810,2684,2224,175,389,214
Truck139154,2225,2443,285,389,104
Truck139220,2444,2225,305,389,84
Truck139100,2777,3119,265,390,125
Truck139142,2567,2443,280,390,110
Truck139228,2777,2942,305,390,85
Truck138697,2224,2443,140,391,251
Truck138900,2444,0,205,391,186
Truck139067,2776,2942,255,391,136
Truck138950,2567,2444,220,392,172
Truck139075,2443,2942,260,392,132
Truck139085,2942,2443,260,392,132
Truck139234,2225,2444,310,393,83
Truck138725,2566,2443,150,394,244
Truck139279,3119,2224,320,394,74
Truck138320,0,2224,25,395,370
Truck139120,0,2443,275,395,120
Truck138713,2224,2443,145,396,251
Truck139083,2776,2942,260,396,136
Truck138773,2566,1339,165,397,232
Truck138377,2224,1339,40,398,358
Truck138741,2566,0,155,398,243
Truck138823,2683,2776,180,398,218
Truck138959,3119,2443,220,398,178
Truck139176,1339,2443,290,398,108
Truck139422,2943,2942,365,398,33
Truck139229,2942,2684,305,399,94
Truck139402,2684,2443,360,399,39
Truck138336,0,2224,30,400,370
Truck139132,2777,3119,275,400,125
Truck139260,2777,2942,315,400,85
Truck138720,0,2942,150,401,251
Truck139275,2776,2443,320,401,81
Truck139107,2443,2942,270,402,132
Truck138613,2566,2683,115,403,288
Truck138939,2776,1339,215,403,188
Truck138975,3119,2443,225,403,178
Truck139066,2684,2567,255,403,148
Truck139187,2443,1339,295,403,108
Truck139438,2943,2942,370,403,33
Truck139202,2225,2443,300,404,104
Truck138543,3119,2683,90,405,315
Truck138679,2683,2942,135,405,270
Truck139103,3119,2684,265,405,140
Truck139276,2777,2942,320,405,85
Truck138745,2224,2443,155,406,251
Truck138983,2683,2684,230,406,176
Truck139090,2225,2566,265,406,141
Truck139098,2684,3119,265,406,141
Truck139291,2776,2443,325,406,81
Truck139312,0,2683,335,406,71
Truck138805,2566,1339,175,407,232
Truck138971,2776,3119,225,407,182
Truck139133,2942,2443,275,407,132
Truck139266,2225,2567,320,408,88
Truck139454,2943,2942,375,408,33
Truck138955,2776,2567,220,409,189
Truck139167,3119,2777,285,409,124
Truck139544,1339,2567,405,409,4
Truck138648,1339,3119,125,410,285
Truck138761,2224,2443,160,411,251
Truck138964,2444,2443,225,411,186
Truck139421,2942,3119,365,411,46
Truck139510,2567,0,395,411,16
Truck139014,2567,2444,240,412,172
Truck139139,2443,2942,280,412,132
Truck139470,2943,2942,380,413,33
Truck138327,2683,2224,25,414,389
Truck138789,2566,2443,170,414,244
Truck139277,2942,2684,320,414,94
Truck139383,2683,1339,355,414,59
Truck139180,2777,3119,290,415,125
Truck139308,2777,2942,330,415,85
Truck138777,2224,2443,165,416,251
Truck138980,2444,2443,230,416,186
Truck138840,1339,2566,185,417,232
Truck139155,2443,2942,285,417,132
Truck139023,3119,2443,240,418,178
Truck138803,2443,2566,175,419,244
Truck138987,2776,2567,230,419,189
Truck139250,2225,2443,315,419,104
Truck139353,2224,3119,345,419,74
Truck138441,2224,2567,60,420,360
Truck139213,2942,2224,300,420,120
Truck139290,2684,2942,325,420,95
Truck139324,2777,2942,335,420,85
Truck138655,3119,0,125,421,296
Truck138996,2444,2443,235,421,186
Truck139141,2566,2225,280,421,141
Truck139339,2776,2443,340,421,81
Truck138822,2567,2942,180,422,242
Truck139034,2684,2683,245,422,177
Truck139181,2942,2443,290,422,132
Truck139502,2943,2942,390,423,33
Truck138821,2566,2443,180,424,244
Truck139003,2776,2567,235,424,189
Truck138416,0,2224,55,425,370
Truck138599,2683,3119,110,425,315
Truck138743,2683,2942,155,425,270
Truck139340,2777,2942,340,425,85
Truck138793,2224,2776,170,426,256
Truck138809,2224,2443,175,426,251
Truck139012,2444,2443,240,426,186
Truck139162,2684,3119,285,426,141
Truck139179,2776,2942,290,426,136
Truck139552,0,2567,410,426,16
Truck138838,2567,2942,185,427,242
Truck139390,2943,3119,355,427,72
Truck139517,2942,2943,395,427,32
Truck138919,2683,2776,210,428,218
Truck139055,3119,2443,250,428,178
Truck139171,2443,2683,290,428,138
Truck139518,2943,2942,395,428,33
Truck139019,2776,2567,240,429,189
Truck139282,2225,2443,325,429,104
Truck139348,2444,2225,345,429,84
Truck139498,2684,2443,390,429,39
Truck139431,2683,2567,370,430,60
Truck138816,0,2942,180,431,251
Truck139371,2776,2443,350,431,81
Truck139406,2943,3119,360,432,72
Truck139032,1339,2776,245,433,188
Truck139534,2943,2942,400,433,33
Truck138457,2224,0,65,434,369
Truck139298,2225,2443,330,434,104
Truck139514,2684,2443,395,434,39
Truck138728,1339,3119,150,435,285
Truck138903,2683,2444,205,435,230
Truck139199,3119,2684,295,435,140
Truck139372,2777,2942,350,435,85
Truck139044,2444,2443,250,436,186
Truck139387,2776,2443,355,436,81
Truck139590,2567,0,420,436,16
Truck138372,2444,1338,40,437,397
Truck138870,2567,2942,195,437,242
Truck139219,2443,2942,305,437,132
Truck139445,2566,2444,375,437,62
Truck138951,2683,2776,220,438,218
Truck139314,2225,0,335,438,103
Truck138504,1339,2224,80,439,359
Truck138867,2443,2566,195,439,244
Truck138869,2566,2443,195,439,244
Truck139354,2684,2942,345,440,95
Truck139486,2943,2777,385,440,55
Truck138719,3119,0,145,441,296
Truck138841,2224,2776,185,441,256
Truck139403,2776,2443,360,441,81
Truck138388,2444,1338,45,442,397
Truck138917,2566,1339,210,442,232
Truck139087,3119,2776,260,442,182
Truck139235,2443,2942,310,442,132
Truck139566,2943,2942,410,443,33
Truck138489,2224,0,75,444,369
Truck138885,2566,2443,200,444,244
Truck138934,2567,2566,215,444,229
Truck139035,2776,0,245,444,199
Truck139433,2224,3119,370,444,74
Truck138904,1339,2942,205,445,240
Truck138909,2942,2567,205,445,240
Truck139293,2942,2224,325,445,120
Truck139370,2684,2942,350,445,95
Truck139404,2777,2942,360,445,85
Truck139111,2683,2684,270,446,176
Truck139124,2444,2567,275,446,171
Truck139245,2942,2776,310,446,136
Truck139419,2776,2443,365,446,81
Truck139440,0,2683,375,446,71
Truck138758,2567,3119,160,447,287
Truck139114,2684,2683,270,447,177
Truck139251,2443,2942,315,447,132
Truck139119,3119,2443,270,448,178
Truck139476,2444,2566,385,448,63
Truck139582,2943,2942,415,448,33
Truck138505,2224,0,80,449,369
Truck138901,2566,2443,205,449,244
Truck139331,2443,2567,340,449,109
Truck139346,2225,2443,345,449,104
Truck139449,2224,3119,375,449,74
Truck138925,2942,2567,210,450,240
Truck139292,2777,3119,325,450,125
Truck138880,0,2942,200,451,251
Truck138948,2444,2683,220,451,231
Truck139088,0,2444,265,451,186
Truck139091,2443,2444,265,451,186
Truck139259,2776,2942,315,451,136
Truck139099,2776,1339,265,453,188
Truck139184,0,2684,295,453,158
Truck139222,2567,2684,305,453,148
Truck138912,0,2566,210,454,244
Truck139362,2225,2443,350,454,104
Truck139465,2224,3119,380,454,74
Truck139532,2777,2943,400,454,54
Truck138695,2683,3119,140,455,315
Truck139436,2777,2942,370,455,85
Truck138550,2567,2224,95,456,361
Truck138891,2776,2224,200,456,256
Truck139451,2776,2443,375,456,81
Truck138790,2567,3119,170,457,287
Truck139210,2684,0,300,457,157
Truck139283,2443,2942,325,457,132
Truck139151,3119,2443,280,458,178
Truck139614,2943,2942,425,458,33
Truck138568,1339,2224,100,459,359
Truck138933,2566,2443,215,459,244
Truck139115,2776,2567,270,459,189
Truck139363,2443,2567,350,459,109
Truck139378,2225,2443,355,459,104
Truck139578,2684,2776,415,459,44
Truck138861,2942,2683,190,460,270
Truck139418,2684,2942,365,460,95
Truck139452,2777,2942,375,460,85
Truck138907,2776,2224,205,461,256
Truck139299,2443,2942,330,462,132
Truck139309,2942,2443,330,462,132
Truck139392,0,2225,360,463,103
Truck139630,2943,2942,430,463,33
Truck138277,2566,1338,10,464,454
Truck138584,1339,2224,105,464,359
Truck138947,2443,2566,220,464,244
Truck138973,2942,1339,225,464,239
Truck139394,2225,2443,360,464,104
Truck139497,2224,3119,390,464,74
Truck139468,2777,2942,380,465,85
Truck139511,2683,0,395,465,70
Truck138928,0,2942,215,466,251
Truck139140,2444,2443,280,466,186
Truck139483,2776,2443,385,466,81
Truck139315,2443,2942,335,467,132
Truck139271,2683,2225,320,468,148
Truck139274,2684,2567,320,468,148
Truck139646,2943,2942,435,468,33
Truck138289,1338,2566,15,469,454
Truck138503,2683,2224,80,469,389
Truck138960,0,2566,225,469,244
Truck139410,2225,2443,365,469,104
Truck139580,2777,2943,415,469,54
Truck138989,2942,2567,230,470,240
Truck139104,0,2776,270,470,200
Truck139356,2777,3119,345,470,125
Truck139484,2777,2942,385,470,85
Truck138598,2567,2224,110,471,361
Truck138937,2224,2776,215,471,256
Truck138944,0,2942,220,471,251
Truck139156,2444,2443,285,471,186
Truck139191,2683,2684,295,471,176
Truck139306,2684,3119,330,471,141
Truck139341,2942,2443,340,472,132
Truck138617,2224,1339,115,473,358
Truck139426,2225,0,370,473,103
Truck139474,2225,2567,385,473,88
Truck139662,2943,2942,440,473,33
Truck138979,2443,2566,230,474,244
Truck138981,2566,2443,230,474,244
Truck139575,2683,1339,415,474,59
Truck138856,1339,3119,190,475,285
Truck139327,3119,2684,335,475,140
Truck139500,2777,2942,390,475,85
Truck139028,2444,2683,245,476,231
Truck139172,2444,2443,290,476,186
Truck139629,2942,3119,430,476,46
Truck139712,0,2567,460,476,16
Truck139750,2567,1339,470,476,6
Truck139347,2443,2942,345,477,132
Truck139550,2943,3119,405,477,72
Truck139677,2942,2943,445,477,32
Truck138853,2566,2683,190,478,288
Truck139215,3119,2443,300,478,178
Truck139678,2943,2942,445,478,33
Truck138997,2566,2443,235,479,244
Truck139046,2567,2566,250,479,229
Truck139147,2776,0,280,479,199
Truck139592,1339,2683,420,479,59
Truck138775,2683,3119,165,480,315
Truck138783,3119,2683,165,480,315
Truck139388,2777,3119,355,480,125
Truck139401,2224,2942,360,480,120
Truck139516,2777,2942,395,480,85
Truck138976,0,2942,230,481,251
Truck139188,2444,2443,295,481,186
Truck139322,2684,1339,335,481,146
Truck139330,2225,2566,340,481,141
Truck139531,2776,2443,400,481,81
Truck139231,3119,2443,305,483,178
Truck139694,2943,2942,450,483,33
Truck139013,2566,2443,240,484,244
Truck139458,2225,2443,380,484,104
Truck138649,2224,2567,125,485,360
Truck139533,2942,2777,400,485,85
Truck139204,2444,2443,300,486,186
Truck139349,2566,2225,345,486,141
Truck139568,0,2683,415,486,71
Truck139744,0,2567,470,486,16
Truck139030,2567,2942,245,487,242
Truck139064,1339,2566,255,487,232
Truck139760,0,1339,475,487,12
Truck139296,0,2684,330,488,158
Truck139710,2943,2942,455,488,33
Truck138353,1338,2566,35,489,454
Truck139053,2942,1339,250,489,239
Truck139526,2567,2225,400,489,89
Truck139577,2224,3119,415,489,74
Truck139168,0,2776,290,490,200
Truck139420,2777,3119,365,490,125
Truck139008,0,2942,240,491,251
Truck139563,2776,2443,410,491,81
Truck139599,3119,2943,420,491,71
Truck139243,2776,3119,310,492,182
Truck139247,3119,2776,310,492,182
Truck139395,2443,2942,360,492,132
Truck139598,2943,3119,420,492,72
Truck139093,2566,2567,265,493,228
Truck139127,2683,2776,275,493,218
Truck139488,0,2225,390,493,103
Truck139726,2943,2942,460,493,33
Truck138680,1339,2224,135,494,359
Truck139045,2566,2443,250,494,244
Truck139564,2777,2942,410,495,85
Truck139607,2683,0,425,495,70
Truck138895,3119,0,200,496,296
Truck138927,3119,2567,210,496,286
Truck139236,2444,2443,310,496,186
Truck139411,2443,2942,365,497,132
Truck139061,2566,0,255,498,243
Truck139267,2443,3119,320,498,178
Truck139742,2943,2942,465,498,33
Truck139056,0,2566,255,499,244
Truck139491,2443,2567,390,499,109
Truck139546,2684,2942,405,500,95
Truck138943,3119,2567,215,501,286
Truck139043,2443,2224,250,501,251
Truck139112,1339,2566,270,502,232
Truck139437,2942,2443,370,502,132
Truck139159,2683,2776,285,503,218
Truck139758,2943,2942,470,503,33
Truck139077,2566,2443,260,504,244
Truck139101,2942,1339,265,504,239
Truck139522,2225,2443,400,504,104
Truck139672,1339,2683,445,504,59
Truck139738,2684,2443,465,504,39
Truck139216,0,2776,305,505,200
Truck139596,2777,2942,420,505,85
Truck139639,2683,0,435,505,70
Truck139051,2776,2224,250,506,256
Truck139065,2224,2443,255,506,251
Truck139268,2444,2443,320,506,186
Truck139128,1339,2566,275,507,232
Truck139443,2443,2942,375,507,132
Truck139311,3119,2443,330,508,178
Truck139427,2443,2683,370,508,138
Truck139747,2443,2684,470,508,38
Truck139774,2943,2942,475,508,33
Truck138633,2224,2683,120,509,389
Truck139117,2942,1339,270,509,239
Truck139021,2942,2683,240,510,270
Truck139612,2777,2942,425,510,85
Truck139081,2224,2443,260,511,251
Truck139284,2444,2443,325,511,186
Truck139453,2942,2776,375,511,136
Truck139627,2776,2443,430,511,81
Truck139459,2443,2942,380,512,132
Truck139469,2942,2443,380,512,132
Truck139109,2566,0,270,513,243
Truck139554,2225,0,410,513,103
Truck139755,2776,2684,470,513,43
Truck139790,2943,2942,480,513,33
Truck139158,2567,2566,285,514,229
Truck139663,3119,2224,440,514,74
Truck139770,2684,2443,475,514,39
Truck139594,2684,2942,420,515,95
Truck139628,2777,2942,430,515,85
Truck139671,2683,0,445,515,70
Truck139703,2683,2567,455,515,60
Truck139097,2224,2443,265,516,251
Truck139300,2444,2443,330,516,186
Truck139467,2776,2942,380,516,136
Truck138628,2444,1338,120,517,397
Truck139475,2443,2942,385,517,132
Truck139485,2942,2443,385,517,132
Truck139806,2943,2942,485,518,33
Truck138449,1338,2566,65,519,454
Truck138453,2566,1338,65,519,454
Truck138760,1339,2224,160,519,359
Truck139125,2566,2443,275,519,244
Truck139570,2225,2443,415,519,104
Truck139613,2942,2684,425,519,94
Truck139636,2444,2225,435,519,84
Truck139149,2942,2567,280,520,240
Truck139264,0,2776,320,520,200
Truck139659,2776,2443,440,521,81
Truck139366,2567,2444,350,522,172
Truck139880,1339,0,510,522,12
Truck139450,2684,2567,375,523,148
Truck139165,2942,1339,285,524,239
Truck139323,2776,2567,335,524,189
Truck139368,1339,2444,350,524,174
Truck139586,2225,2443,420,524,104
Truck139802,2684,2443,485,524,39
Truck139016,1339,3119,240,525,285
Truck139063,2683,2942,255,525,270
Truck139318,2567,2776,335,525,190
Truck139660,2777,2942,440,525,85
Truck138991,3119,0,230,526,296
Truck139129,2224,2443,275,526,251
Truck139332,2444,2443,340,526,186
Truck139380,2444,2567,355,526,171
Truck139192,1339,2566,295,527,232
Truck139359,3119,2776,345,527,182
Truck139382,2567,2444,355,527,172
Truck139507,2443,2942,395,527,132
Truck139733,2566,2444,465,527,62
Truck139424,0,2684,370,528,158
Truck139466,2684,2567,380,528,148
Truck139603,2443,2225,425,528,103
Truck139838,2943,2942,495,528,33
Truck138485,2566,1338,75,529,454
Truck139555,2443,0,410,529,119
Truck139705,2224,3119,455,529,74
Truck139751,2683,1339,470,529,59
Truck139818,2684,2443,490,529,39
Truck139079,2683,2942,260,530,270
Truck139548,2777,3119,405,530,125
Truck139565,2942,2224,410,530,120
Truck139642,2684,2942,435,530,95
Truck139676,2777,2942,445,530,85
Truck139039,3119,2567,245,531,286
Truck139136,0,2942,280,531,251
Truck139145,2224,2443,280,531,251
Truck139482,2684,1339,385,531,146
Truck139515,2776,2942,395,531,136
Truck139691,2776,2443,450,531,81
Truck139888,0,2567,515,531,16
Truck138676,2444,1338,135,532,397
Truck139174,2567,2942,290,532,242
Truck139523,2443,2942,400,532,132
Truck139656,1339,2225,440,532,92
Truck139173,2566,0,290,533,243
Truck139608,1339,2443,425,533,108
Truck139618,2225,0,430,533,103
Truck139819,2776,2684,490,533,43
Truck139854,2943,2942,500,533,33
Truck139355,2776,2567,345,534,189
Truck139571,2443,0,415,534,119
Truck139658,2684,2942,440,535,95
Truck139692,2777,2942,450,535,85
Truck139152,0,2942,285,536,251
Truck139823,3119,2942,490,536,46
Truck139190,2567,2942,295,537,242
Truck139539,2443,2942,405,537,132
Truck139407,3119,2443,360,538,178
Truck139527,2683,2443,400,538,138
Truck139870,2943,2942,505,538,33
Truck139416,1339,2444,365,539,174
Truck139784,1339,2683,480,539,59
Truck139850,2684,2443,500,539,39
Truck139071,3119,1339,255,540,285
Truck139208,1339,2942,300,540,240
Truck139622,2567,2443,430,540,110
Truck139674,2684,2942,445,540,95
Truck139708,2777,2942,455,540,85
Truck138450,2225,1338,65,541,476
Truck139163,2776,2224,285,541,256
Truck139376,0,2444,355,541,186
Truck139547,2776,2942,405,541,136
Truck139206,2567,2942,300,542,242
Truck139237,2566,1339,310,542,232
Truck139885,2942,2943,510,542,32
Truck139936,0,1339,530,542,12
Truck139640,1339,2443,435,543,108
Truck139650,2225,0,440,543,103
Truck139886,2943,2942,510,543,33
Truck138533,2566,1338,90,544,454
Truck139205,2566,2443,300,544,244
Truck139693,2942,2684,450,544,94
Truck139866,2684,2443,505,544,39
Truck139724,2777,2942,460,545,85
Truck139822,2943,2777,490,545,55
Truck138466,2225,1338,70,546,476
Truck139396,2444,2443,360,546,186
Truck139538,2225,2566,405,546,141
Truck139739,2776,2443,465,546,81
Truck139855,3119,2942,500,546,46
Truck139434,2684,2683,370,547,177
Truck139581,2942,2443,415,547,132
Truck139952,0,1339,535,547,12
Truck139221,2566,0,305,548,243
Truck139303,2683,2776,330,548,218
Truck139439,3119,2443,370,548,178
Truck139559,2683,2443,410,548,138
Truck139875,2443,2684,510,548,38
Truck139902,2943,2942,515,548,33
Truck138545,1338,2566,95,549,454
Truck139882,2684,2443,510,549,39
Truck139240,1339,2942,310,550,240
Truck139706,2684,2942,455,550,95
Truck139740,2777,2942,465,550,85
Truck139203,2443,2224,300,551,251
Truck139209,2224,2443,300,551,251
Truck139412,2444,2443,365,551,186
Truck139958,2567,0,535,551,16
Truck139238,2567,2942,310,552,242
Truck139435,2776,3119,370,552,182
Truck139597,2942,2443,420,552,132
Truck139976,1339,0,540,552,12
Truck139319,2683,2776,335,553,218
Truck139455,3119,2443,375,553,178
Truck139918,2943,2942,520,553,33
Truck139261,2942,1339,315,554,239
Truck139682,2225,2443,450,554,104
Truck139722,2684,2942,460,555,95
Truck139225,2224,2443,305,556,251
Truck139428,2444,2443,370,556,186
Truck139254,2567,2942,315,557,242
Truck139530,2684,0,400,557,157
Truck139736,1339,2225,465,557,92
Truck139992,1339,0,545,557,12
Truck139471,3119,2443,380,558,178
Truck139562,2684,2567,410,558,148
Truck139699,2443,2225,455,558,103
Truck139934,2943,2942,525,558,33
Truck138581,2566,1338,105,559,454
Truck138857,2224,0,190,559,369
Truck139698,2225,2443,455,559,104
Truck138848,0,2224,190,560,370
Truck139031,2683,3119,245,560,315
Truck139644,2777,3119,435,560,125
Truck139772,2777,2942,475,560,85
Truck139232,0,2942,310,561,251
Truck139241,2224,2443,310,561,251
Truck139589,2566,2225,420,561,141
Truck139611,2776,2942,425,561,136
Truck139270,2567,2942,320,562,242
Truck139494,2567,2444,390,562,172
Truck139845,2566,2444,500,562,62
Truck139269,2566,0,320,563,243
Truck139351,2683,2776,345,563,218
Truck139487,3119,2443,385,563,178
Truck139714,2225,0,460,563,103
Truck138593,1338,2566,110,564,454
Truck139754,2684,2942,470,565,95
Truck139788,2777,2942,480,565,85
Truck139316,2444,2683,335,566,231
Truck139610,2684,3119,425,566,141
Truck139803,2776,2443,485,566,81
Truck139824,0,2683,495,566,71
Truck139285,2566,0,325,568,243
Truck139966,2943,2942,535,568,33
Truck139386,2684,2224,355,569,214
Truck139730,2225,2443,465,569,104
Truck139207,2683,2942,300,570,270
Truck139462,2567,2776,380,570,190
Truck139804,2777,2942,485,570,85
Truck139257,2224,2776,315,571,256
Truck139524,2444,2567,400,571,171
Truck139651,2443,2942,440,572,132
Truck139661,2942,2443,440,572,132
Truck139519,3119,2443,395,573,178
Truck139602,2225,2683,425,573,148
Truck139982,2943,2942,540,573,33
Truck138936,1339,2224,215,574,359
Truck139301,2566,2443,330,574,244
Truck139746,2225,2443,470,574,104
Truck139820,2777,2942,490,575,85
Truck139183,3119,2567,290,576,286
Truck139280,0,2942,325,576,251
Truck139289,2224,2443,325,576,251
Truck139634,2225,2566,435,576,141
Truck139637,2566,2225,435,576,141
Truck140032,0,2567,560,576,16
Truck140038,2567,0,560,576,16
Truck138241,1338,2443,0,578,578
Truck138953,2224,1339,220,578,358
Truck139998,2943,2942,545,578,33
Truck139317,2566,2443,335,579,244
Truck139762,2225,2443,475,579,104
Truck139978,2684,2443,540,579,39
Truck138577,1338,2225,105,580,475
Truck139721,2224,2942,460,580,120
Truck139836,2777,2942,495,580,85
Truck139305,2224,2443,330,581,251
Truck139364,2444,2683,350,581,231
Truck139508,2444,2443,395,581,186
Truck139675,2776,2942,445,581,136
Truck139851,2776,2443,500,581,81
Truck139810,2225,1339,490,582,92
Truck138257,1338,2443,5,583,578
Truck138305,1338,2567,20,583,563
Truck138969,2224,1339,225,583,358
Truck139551,3119,2443,405,583,178
Truck139638,2567,2684,435,583,148
Truck139908,2444,2566,520,583,63
Truck140014,2943,2942,550,583,33
Truck138968,1339,2224,225,584,359
Truck139333,2566,2443,340,584,244
Truck139357,2942,1339,345,584,239
Truck139778,2225,2443,480,584,104
Truck139881,2224,3119,510,584,74
Truck139255,2683,2942,315,585,270
Truck139325,2942,0,335,585,250
Truck139352,1339,2942,345,585,240
Truck139741,2942,2224,465,585,120
Truck139852,2777,2942,500,585,85
Truck139666,2225,2566,445,586,141
Truck139859,2443,2776,505,586,81
Truck139626,2684,0,430,587,157
Truck139826,2225,1339,495,587,92
Truck138273,1338,2443,10,588,578
Truck139567,3119,2443,410,588,178
Truck139616,0,2684,430,588,158
Truck139655,2683,2225,440,588,148
Truck140003,2443,2684,550,588,38
Truck140030,2943,2942,555,588,33
Truck139499,2776,0,390,589,199
Truck139794,2225,2443,485,589,104
Truck139897,2224,3119,515,589,74
Truck140010,2684,2443,550,589,39
Truck139868,2777,2942,505,590,85
Truck139321,2224,2776,335,591,256
Truck139337,2224,2443,340,591,251
Truck139540,2444,2443,405,591,186
Truck139685,2566,2225,450,591,141
Truck139707,2776,2942,455,591,136
Truck139709,2942,2776,455,591,136
Truck138328,1339,1338,25,592,567
Truck139632,0,2684,435,593,158
Truck139811,2443,2225,490,593,103
Truck139874,2225,2444,510,593,83
Truck140046,2943,2942,560,593,33
Truck138905,2224,2683,205,594,389
Truck139913,2224,3119,520,594,74
Truck139980,2777,2943,540,594,54
Truck140026,2684,2443,555,594,39
Truck139384,1339,2942,355,595,240
Truck139542,2567,2776,405,595,190
Truck139756,2777,3119,470,595,125
Truck139884,2777,2942,510,595,85
Truck139344,0,2942,345,596,251
Truck139556,2444,2443,410,596,186
Truck139688,1339,2684,450,596,146
Truck139648,0,2684,440,598,158
Truck139687,2683,2225,450,598,148
Truck139715,2443,2683,460,598,138
Truck140062,2943,2942,565,598,33
Truck139381,2566,2443,355,599,244
Truck139405,2942,1339,360,599,239
Truck139935,3119,2224,525,599,74
Truck139017,2224,2567,240,600,360
Truck139256,1339,3119,315,600,285
Truck139814,2567,2443,490,600,110
Truck139900,2777,2942,515,600,85
Truck139263,3119,2567,315,601,286
Truck139369,2224,2443,350,601,251
Truck139572,2444,2443,415,601,186
Truck139757,2942,2443,470,602,132
Truck139950,2943,3119,530,602,72
Truck139974,2567,2683,540,602,62
Truck138321,1338,2443,25,603,578
Truck138935,2683,2224,215,604,389
Truck139397,2566,2443,360,604,244
Truck139579,2776,2567,415,604,189
Truck139842,2225,2443,500,604,104
Truck140058,2684,2443,565,604,39
Truck139574,2567,2776,415,605,190
Truck139830,2567,2443,495,605,110
Truck139916,2777,2942,520,605,85
Truck139379,2443,2224,355,606,251
Truck139587,2443,2444,420,606,186
Truck139931,2776,2443,525,606,81
Truck139414,2567,2942,365,607,242
Truck139763,2443,2942,475,607,132
Truck139773,2942,2443,475,607,132
Truck139989,2566,2444,545,607,62
Truck138337,1338,2443,30,608,578
Truck139049,2224,1339,250,608,358
Truck139906,2225,2567,520,608,88
Truck139922,2225,2444,525,608,83
Truck140094,2943,2942,575,608,33
Truck139413,2566,2443,365,609,244
Truck139858,2225,2443,505,609,104
Truck139288,1339,3119,325,610,285
Truck139432,1339,2942,370,610,240
Truck139821,2942,2224,490,610,120
Truck139932,2777,2942,525,610,85
Truck139975,2683,0,540,610,70
Truck139286,2567,3119,325,612,287
Truck139779,2443,2942,480,612,132
Truck139789,2942,2443,480,612,132
Truck138352,0,1338,35,613,578
Truck140110,2943,2942,580,613,33
Truck139429,2566,2443,370,614,244
Truck140090,2684,2443,575,614,39
Truck139448,1339,2942,375,615,240
Truck139914,2684,2942,520,615,95
Truck139948,2777,2942,530,615,85
Truck139062,2567,2224,255,616,361
Truck139408,0,2942,365,616,251
Truck139417,2224,2443,365,616,251
Truck139619,2443,2444,430,616,186
Truck139620,2444,2443,430,616,186
Truck139963,2776,2443,535,616,81
Truck139805,2942,2443,485,617,132
Truck138369,1338,2443,40,618,578
Truck139783,2683,2443,480,618,138
Truck139890,2225,0,515,618,103
Truck140126,2943,2942,585,618,33
Truck139595,2776,0,420,619,199
Truck139223,2683,3119,305,620,315
Truck139367,2683,2942,350,620,270
Truck139373,2942,2683,350,620,270
Truck139878,2567,2443,510,620,110
Truck139964,2777,2942,535,620,85
Truck139781,2566,2225,480,621,141
Truck138961,1338,2444,225,622,397
Truck138385,1338,2443,45,623,578
Truck138433,1338,2567,60,623,563
Truck138999,2683,2224,235,624,389
Truck139461,2566,2443,380,624,244
Truck139643,2776,2567,435,624,189
Truck140056,1339,2683,565,624,59
Truck140122,2684,2443,585,624,39
Truck139239,2683,3119,310,625,315
Truck139343,3119,1339,340,625,285
Truck139389,2942,2683,355,625,270
Truck139684,2444,1339,450,625,175
Truck139865,2224,2942,505,625,120
Truck139869,2942,2224,505,625,120
Truck139946,2684,2942,530,625,95
Truck139652,2444,2443,440,626,186
Truck139690,2684,2683,450,627,177
Truck139827,2443,2942,495,627,132
Truck138401,1338,2443,50,628,578
Truck139683,2443,3119,450,628,178
Truck139695,3119,2443,450,628,178
Truck139912,1339,2443,520,628,108
Truck139970,2225,2567,540,628,88
Truck139015,2683,2224,240,629,389
Truck139477,2566,2443,385,629,244
Truck139704,1339,2444,455,629,174
Truck140071,2683,1339,570,629,59
Truck140072,1339,2683,570,629,59
Truck140138,2684,2443,590,629,39
Truck139496,1339,2942,390,630,240
Truck139962,2684,2942,535,630,95
Truck139996,2777,2942,545,630,85
Truck139110,2567,2224,270,631,361
Truck139667,2443,2444,445,631,186
Truck139668,2444,2443,445,631,186
Truck139800,1339,2684,485,631,146
Truck140011,2776,2443,550,631,81
Truck140125,2942,3119,585,631,46
Truck139350,2567,3119,345,632,287
Truck138279,2683,1338,10,633,623
Truck138417,1338,2443,55,633,578
Truck139831,2683,2443,495,633,138
Truck140174,2943,2942,600,633,33
Truck139493,2566,2443,390,634,244
Truck139887,3119,2777,510,634,124
Truck139938,2225,2443,530,634,104
Truck139512,1339,2942,395,635,240
Truck140012,2777,2942,550,635,85
Truck139472,0,2942,385,636,251
Truck139481,2224,2443,385,636,251
Truck139816,1339,2684,490,636,146
Truck139834,2684,3119,495,636,141
Truck139727,3119,2443,460,638,178
Truck139776,0,2684,480,638,158
Truck139944,1339,2443,530,638,108
Truck140163,2443,2684,600,638,38
Truck140190,2943,2942,605,638,33
Truck138486,2567,1338,75,639,564
Truck139954,2225,2443,535,639,104
Truck140020,2444,2225,555,639,84
Truck140154,2684,2776,595,639,44
Truck139295,3119,2683,325,640,315
Truck139528,1339,2942,400,640,240
Truck139994,2684,2942,545,640,95
Truck140028,2777,2942,555,640,85
Truck139700,2444,2443,455,641,186
Truck140035,2443,2776,560,641,81
Truck140043,2776,2443,560,641,81
Truck140078,2943,3119,570,642,72
Truck139743,3119,2443,465,643,178
Truck140018,2225,2567,555,643,88
Truck140034,2225,2444,560,643,83
Truck140206,2943,2942,610,643,33
Truck139520,0,2566,400,644,244
Truck139525,2566,2443,400,644,244
Truck140013,2942,2684,550,644,94
Truck139161,2224,2567,285,645,360
Truck139447,2683,2942,375,645,270
Truck140142,2943,2777,590,645,55
Truck139504,0,2942,395,646,251
Truck139716,2444,2443,460,646,186
Truck140059,2776,2443,565,646,81
Truck140256,0,2567,630,646,16
Truck138465,1338,0,70,647,577
Truck139901,2942,2443,515,647,132
Truck139399,2683,2566,360,648,288
Truck139723,2776,1339,460,648,188
Truck139759,3119,2443,470,648,178
Truck140222,2943,2942,615,648,33
Truck139536,0,2566,405,649,244
Truck140089,2224,3119,575,649,74
Truck139560,1339,2942,410,650,240
Truck140060,2777,2942,565,650,85
Truck139391,3119,0,355,651,296
Truck139588,2444,2683,420,651,231
Truck140075,2776,2443,570,651,81
Truck139060,2444,1338,255,652,397
Truck139558,2567,2942,410,652,242
Truck139917,2942,2443,520,652,132
Truck138481,1338,2443,75,653,578
Truck139657,2224,2684,440,653,213
Truck139891,2443,2683,515,653,138
Truck140238,2943,2942,620,653,33
Truck139095,2683,2224,265,654,389
Truck139557,2566,2443,410,654,244
Truck139955,2443,0,535,654,119
Truck140045,2942,2684,560,654,94
Truck140105,2224,3119,580,654,74
Truck140218,2684,2443,615,654,39
Truck139479,2683,2942,385,655,270
Truck139576,1339,2942,415,655,240
Truck140042,2684,2942,560,655,95
Truck140076,2777,2942,570,655,85
Truck139529,2224,2776,400,656,256
Truck139545,2224,2443,405,656,251
Truck139748,2444,2443,470,656,186
Truck140083,2443,2776,575,656,81
Truck140127,3119,2943,585,656,71
Truck139771,2776,3119,475,657,182
Truck139775,3119,2776,475,657,182
Truck139840,0,2684,500,658,158
Truck140066,2225,2567,570,658,88
Truck140254,2943,2942,625,658,33
Truck139113,2224,2683,270,659,389
Truck139177,2224,0,290,659,369
Truck139573,2566,2443,415,659,244
Truck140167,2683,1339,600,659,59
Truck139501,2942,2683,390,660,270
Truck139968,0,2443,540,660,120
Truck139981,2942,2224,540,660,120
Truck140006,2567,2443,550,660,110
Truck140092,2777,2942,575,660,85
Truck140093,2942,2777,575,660,85
Truck140135,2683,0,590,660,70
Truck139561,2224,2443,410,661,251
Truck139764,2444,2443,475,661,186
Truck139896,1339,2684,515,661,146
Truck139898,2684,1339,515,661,146
Truck140223,3119,2942,615,661,46
Truck139939,2443,2942,530,662,132
Truck140270,2943,2942,630,663,33
Truck140100,2444,2225,580,664,84
Truck140360,1339,2567,660,664,4
Truck139375,3119,2683,350,665,315
Truck139997,2942,2224,545,665,120
Truck140108,2777,2942,580,665,85
Truck139780,2444,2443,480,666,186
Truck139947,2776,2942,530,666,136
Truck139108,2444,1338,270,667,397
Truck139807,3119,2776,485,667,182
Truck139965,2942,2443,535,667,132
Truck140158,2943,3119,595,667,72
Truck138529,1338,2443,90,668,578
Truck139605,2566,0,425,668,243
Truck140050,2225,0,565,668,103
Truck138582,2567,1338,105,669,564
Truck140116,2444,2225,585,669,84
Truck140153,2224,3119,595,669,74
Truck139624,1339,2942,430,670,240
Truck140124,2777,2942,585,670,85
Truck139593,2224,2443,420,671,251
Truck139792,0,2444,485,671,186
Truck139795,2443,2444,485,671,186
Truck139796,2444,2443,485,671,186
Truck139478,2567,3119,385,672,287
Truck140301,2942,2943,640,672,32
Truck139839,3119,2443,495,673,178
Truck140302,2943,2942,640,673,33
Truck138949,2566,1338,220,674,454
Truck140051,2443,2567,565,674,109
Truck140216,1339,2683,615,674,59
Truck139549,2942,2683,405,675,270
Truck140029,2942,2224,555,675,120
Truck140140,2777,2942,590,675,85
Truck139609,2224,2443,425,676,251
Truck139808,0,2444,490,676,186
Truck139812,2444,0,490,676,186
Truck139847,2683,2684,500,676,176
Truck139860,2444,2567,505,676,171
Truck139979,2776,2942,540,676,136
Truck140176,0,2683,605,676,71
Truck140269,2942,3119,630,676,46
Truck139987,2443,2942,545,677,132
Truck138560,0,1338,100,678,578
Truck138561,1338,2443,100,678,578
Truck138563,2443,1338,100,678,578
Truck139273,2224,1339,320,678,358
Truck139942,2567,2684,530,678,148
Truck139971,2443,2683,540,678,138
Truck140318,2943,2942,645,678,33
Truck139175,2683,2224,290,679,389
Truck139787,2776,0,480,679,199
Truck140082,2225,2443,575,679,104
Truck139423,3119,2683,365,680,315
Truck140156,2777,2942,595,680,85
Truck139625,2224,2443,430,681,251
Truck139828,2444,2443,495,681,186
Truck139995,2776,2942,545,681,136
Truck140171,2776,2443,600,681,81
Truck140368,0,2567,665,681,16
Truck139930,2684,0,525,682,157
Truck140130,2225,1339,590,682,92
Truck138579,2443,1338,105,683,578
Truck138625,1338,2567,120,683,563
Truck139653,2566,0,440,683,243
Truck139871,3119,2443,505,683,178
Truck140162,2225,2444,600,683,83
Truck140334,2943,2942,650,683,33
Truck139193,2224,2683,295,684,389
Truck140098,2225,2443,580,684,104
Truck140201,2224,3119,610,684,74
Truck140314,2684,2443,645,684,39
Truck140044,2777,3119,560,685,125
Truck138914,2225,1338,210,686,476
Truck139503,3119,0,390,686,296
Truck139635,2443,2224,435,686,251
Truck139986,2225,2566,545,686,141
Truck140208,0,2683,615,686,71
Truck140246,2567,2683,625,687,62
Truck140112,0,2225,585,688,103
Truck140114,2225,0,585,688,103
Truck140350,2943,2942,655,688,33
Truck139304,1339,2224,330,689,359
Truck139664,0,2566,445,689,244
Truck139669,2566,2443,445,689,244
Truck139718,2567,2566,460,689,229
Truck140263,2683,1339,630,689,59
Truck140284,2777,2943,635,689,54
Truck139591,2683,2942,420,690,270
Truck140188,2777,2942,605,690,85
Truck140286,2943,2777,635,690,55
Truck139641,2224,2776,435,691,256
Truck140002,2225,2566,550,691,141
Truck140195,2443,2776,610,691,81
Truck140203,2776,2443,610,691,81
Truck138609,1338,2443,115,693,578
Truck138611,2443,1338,115,693,578
Truck139543,2683,2566,405,693,288
Truck139767,2683,2776,475,693,218
Truck139991,2683,2225,545,693,148
Truck140366,2943,2942,660,693,33
Truck139786,2684,2224,480,694,214
Truck139463,2683,3119,380,695,315
Truck140247,2683,0,625,695,70
Truck139673,2224,2443,445,696,251
Truck139732,2444,2683,465,696,231
Truck139876,2444,2443,510,696,186
Truck139702,2567,2942,455,697,242
Truck140061,2942,2443,565,697,132
Truck139883,2776,1339,510,698,188
Truck139919,3119,2443,520,698,178
Truck140131,2443,1339,590,698,108
Truck140382,2943,2942,665,698,33
Truck139701,2566,2443,455,699,244
Truck140146,2225,2443,595,699,104
Truck140255,3119,2224,625,699,74
Truck139720,1339,2942,460,700,240
Truck139725,2942,2567,460,700,240
Truck139924,2444,1339,525,700,175
Truck140220,2777,2942,615,700,85
Truck139680,0,2942,450,701,251
Truck139892,2444,0,515,701,186
Truck138641,1338,0,125,702,577
Truck140067,2443,2942,570,702,132
Truck140077,2942,2443,570,702,132
Truck138497,1338,2683,80,703,623
Truck138694,2567,1338,140,704,564
Truck139717,2566,2443,460,704,244
Truck139867,2776,0,505,704,199
Truck140312,1339,2683,645,704,59
Truck139645,2942,2683,435,705,270
Truck139856,0,2776,505,705,200
Truck140236,2777,2942,620,705,85
Truck140237,2942,2777,620,705,85
Truck139696,0,2942,455,706,251
Truck139907,2443,2444,520,706,186
Truck140486,2567,1339,700,706,6
Truck139734,2567,2942,465,707,242
Truck138513,1338,2683,85,708,623
Truck138657,1338,2443,130,708,578
Truck138705,1338,2567,145,708,563
Truck140178,2225,0,605,708,103
Truck140414,2943,2942,675,708,33
Truck139960,1339,2444,535,709,174
Truck139328,0,2224,340,710,370
Truck139615,3119,1339,425,710,285
Truck139752,1339,2942,470,710,240
Truck140252,2777,2942,625,710,85
Truck138994,2225,1338,235,711,476
Truck139249,1338,2444,315,712,397
Truck139252,2444,1338,315,712,397
Truck140109,2942,2443,580,712,132
Truck140429,2942,2943,680,712,32
Truck138673,1338,2443,135,713,578
Truck139835,2776,2683,495,713,218
Truck139967,3119,2443,535,713,178
Truck140087,2683,2443,575,713,138
Truck139749,2566,2443,470,714,244
Truck140194,2225,2443,610,714,104
Truck139535,3119,2683,400,715,315
Truck140234,2684,2942,620,715,95
Truck140268,2777,2942,630,715,85
Truck139940,2444,2443,530,716,186
Truck139988,2444,2567,545,716,171
Truck140518,2567,1339,710,716,6
Truck139584,0,3119,420,717,297
Truck139797,2566,1339,485,717,232
Truck139990,2567,2444,545,717,172
Truck138551,2683,1338,95,718,623
Truck138689,1338,2443,140,718,578
Truck139621,2566,2683,430,718,288
Truck139983,3119,2443,540,718,178
Truck140258,2225,2567,630,718,88
Truck140446,2943,2942,685,718,33
Truck139765,2566,2443,475,719,244
Truck139647,3119,1339,435,720,285
Truck140160,0,2443,600,720,120
Truck139026,2225,1338,245,721,476
Truck139956,2444,2443,535,721,186
Truck140004,2444,2567,550,721,171
Truck140299,2776,2443,640,721,81
Truck140226,2225,0,620,723,103
Truck140290,2225,2444,640,723,83
Truck140462,2943,2942,690,723,33
Truck139385,2224,0,355,724,369
Truck139920,0,2776,525,725,200
Truck140172,2777,3119,600,725,125
Truck140300,2777,2942,640,725,85
Truck140139,2776,2942,590,726,136
Truck140351,3119,2943,655,726,71
Truck139829,2566,1339,495,727,232
Truck139832,1339,2566,495,727,232
Truck140074,2684,0,570,727,157
Truck140274,2225,1339,635,727,92
Truck140536,1339,0,715,727,12
Truck138721,1338,2443,150,728,578
Truck140064,0,2684,570,728,158
Truck140240,0,2225,625,728,103
Truck140242,2225,0,625,728,103
Truck140478,2943,2942,695,728,33
Truck139335,2683,2224,340,729,389
Truck139583,3119,2683,415,730,315
Truck139679,3119,1339,445,730,285
Truck139719,2683,2942,460,730,270
Truck140192,0,2443,610,730,120
Truck140282,2684,2942,635,730,95
Truck140316,2777,2942,645,730,85
Truck139785,2224,2443,480,731,251
Truck139844,2444,2683,500,731,231
Truck140120,1339,2684,585,731,146
Truck140157,2942,2776,595,731,136
Truck140528,0,2567,715,731,16
Truck139670,2567,3119,445,732,287
Truck139848,1339,2566,500,732,232
Truck140173,2942,2443,600,732,132
Truck140493,2942,2943,700,732,32
Truck138737,1338,2443,155,733,578
Truck140019,2443,3119,555,733,178
Truck140459,2776,2684,690,733,43
Truck140494,2943,2942,700,733,33
Truck139813,2566,2443,490,734,244
Truck140310,2567,2225,645,734,89
Truck140361,2224,3119,660,734,74
Truck140474,2684,2443,695,734,39
Truck139735,2683,2942,465,735,270
Truck139837,2942,2567,495,735,240
Truck140204,2777,3119,610,735,125
Truck140217,2224,2942,615,735,120
Truck140221,2942,2224,615,735,120
Truck140332,2777,2942,650,735,85
Truck140383,3119,2943,665,736,71
Truck138753,1338,0,160,737,577
Truck138792,1339,1338,170,737,567
Truck140106,2684,0,580,737,157
Truck140189,2942,2443,605,737,132
Truck139929,2224,2684,525,738,213
Truck140047,3119,2443,560,738,178
Truck140322,2225,2567,650,738,88
Truck140338,2225,2444,655,738,83
Truck140510,2943,2942,705,738,33
Truck139157,2566,1338,285,739,454
Truck139464,1339,2224,380,739,359
Truck139711,3119,1339,455,740,285
Truck139853,2942,2567,500,740,240
Truck140348,2777,2942,655,740,85
Truck140363,2776,2443,660,741,81
Truck140477,2942,3119,695,741,46
Truck139846,2567,2942,500,742,242
Truck139877,2566,1339,510,742,232
Truck140328,1339,2225,650,742,92
Truck140398,2943,3119,670,742,72
Truck140063,3119,2443,565,743,178
Truck140179,2443,2683,605,743,138
Truck140499,2443,2684,705,743,38
Truck140526,2943,2942,710,743,33
Truck139480,1339,2224,385,744,359
Truck140027,2776,2567,555,744,189
Truck140393,2224,3119,670,744,74
Truck139631,3119,2683,430,745,315
Truck139864,1339,2942,505,745,240
Truck140364,2777,2942,660,745,85
Truck139833,2224,2443,495,746,251
Truck140186,2684,3119,605,746,141
Truck140379,2776,2443,665,746,81
Truck140211,2443,2942,615,747,132
Truck138784,0,1338,170,748,578
Truck138785,1338,2443,170,748,578
Truck140170,2684,2567,600,748,148
Truck140542,2943,2942,715,748,33
Truck139861,2566,2443,505,749,244
Truck140259,2443,0,630,749,119
Truck139121,1338,2225,275,750,475
Truck139456,0,2224,380,750,370
Truck140380,2777,2942,665,750,85
Truck140381,2942,2777,665,750,85
Truck140052,2444,0,565,751,186
Truck140395,2776,2443,670,751,81
Truck140630,2567,1339,745,751,6
Truck140227,2443,2942,620,752,132
Truck140430,2943,3119,680,752,72
Truck140616,1339,0,740,752,12
Truck138801,1338,2443,175,753,578
Truck140323,2443,2225,650,753,103
Truck140531,2443,2684,715,753,38
Truck140558,2943,2942,720,753,33
Truck139513,2224,2567,395,755,360
Truck139799,2683,2942,485,755,270
Truck140396,2777,2942,670,755,85
Truck140471,2683,2567,695,755,60
Truck138849,1338,1339,190,756,566
Truck139849,2224,2776,500,756,256
Truck140068,2444,2443,570,756,186
Truck140411,2776,2443,675,756,81
Truck140432,0,2683,685,756,71
Truck139928,1339,2566,525,757,232
Truck140095,3119,2776,575,757,182
Truck140243,2443,2942,625,757,132
Truck138817,1338,2443,180,758,578
Truck139893,2566,0,515,758,243
Truck139941,2566,2567,530,758,228
Truck139993,2224,2684,545,758,213
Truck140574,2943,2942,725,758,33
Truck140554,2684,2443,720,759,39
Truck139815,2683,2942,490,760,270
Truck140378,2684,2942,665,760,95
Truck140084,2444,2443,575,761,186
Truck140119,2683,2684,585,761,176
Truck140251,2776,2942,625,761,136
Truck140253,2942,2776,625,761,136
Truck140541,2942,3119,715,761,46
Truck138833,1338,0,185,762,577
Truck139766,2567,3119,475,762,287
Truck140485,2566,2444,700,762,62
Truck138835,2443,1338,185,763,578
Truck140418,2225,2444,680,763,83
Truck140590,2943,2942,730,763,33
Truck139909,2566,2443,520,764,244
Truck140354,2225,2443,660,764,104
Truck140504,1339,2683,705,764,59
Truck140132,2444,1339,590,765,175
Truck140394,2684,2942,670,765,95
Truck140428,2777,2942,680,765,85
Truck139170,2225,1338,290,766,476
Truck140096,0,2444,580,766,186
Truck140443,2776,2443,685,766,81
Truck140464,0,2683,695,766,71
Truck140678,2567,1339,760,766,6
Truck138888,1339,1338,200,767,567
Truck140285,2942,2443,635,767,132
Truck140143,3119,2443,590,768,178
Truck140606,2943,2942,735,768,33
Truck138902,2567,1338,205,769,564
Truck139923,2443,2566,525,769,244
Truck139925,2566,2443,525,769,244
Truck140370,2225,2443,665,769,104
Truck139949,2942,2567,530,770,240
Truck140410,2684,2942,675,770,95
Truck140444,2777,2942,685,770,85
Truck140487,2683,0,700,770,70
Truck139186,2225,1338,295,771,476
Truck139899,2776,2224,515,771,256
Truck140266,2684,3119,630,771,141
Truck140283,2776,2942,635,771,136
Truck139444,2444,1338,375,772,397
Truck139798,2567,3119,485,772,287
Truck138865,1338,2443,195,773,578
Truck140159,3119,2443,595,773,178
Truck140622,2943,2942,740,773,33
Truck140123,2776,2567,585,774,189
Truck140386,2225,2443,670,774,104
Truck140489,2224,3119,700,774,74
Truck139933,2942,0,525,775,250
Truck140460,2777,2942,690,775,85
Truck139791,3119,0,480,776,296
Truck139915,2776,2224,520,776,256
Truck139460,2444,1338,380,777,397
Truck140155,2776,3119,595,777,182
Truck140307,2443,2942,645,777,132
Truck140317,2942,2443,645,777,132
Truck138881,1338,2443,200,778,578
Truck140175,3119,2443,600,778,178
Truck140450,2225,2567,690,778,88
Truck140638,2943,2942,745,778,33
Truck139495,2683,2224,390,779,389
Truck139957,2566,2443,535,779,244
Truck140402,2225,2443,675,779,104
Truck140572,2777,2943,725,779,54
Truck139879,2683,2942,510,780,270
Truck140365,2942,2224,660,780,120
Truck140442,2684,2942,685,780,95
Truck140476,2777,2942,695,780,85
Truck140147,2443,2444,595,781,186
Truck140148,2444,2443,595,781,186
Truck140315,2776,2942,645,781,136
Truck140250,2684,0,625,782,157
Truck140333,2942,2443,650,782,132
Truck138897,1338,2443,205,783,578
Truck140191,3119,2443,605,783,178
Truck140278,2567,2684,635,783,148
Truck140408,1339,2443,675,783,108
Truck140419,2443,2225,680,783,103
Truck140654,2943,2942,750,783,33
Truck139895,2683,2942,515,785,270
Truck140406,2567,2443,675,785,110
Truck140492,2777,2942,700,785,85
Truck140567,2683,2567,725,785,60
Truck139606,2567,2224,425,786,361
Truck139961,2224,2443,535,786,251
Truck140164,2444,2443,600,786,186
Truck140704,0,2567,770,786,16
Truck139492,2444,1338,390,787,397
Truck140187,2776,3119,605,787,182
Truck140214,2567,2444,615,787,172
Truck140339,2443,2942,655,787,132
Truck140349,2942,2443,655,787,132
Truck138769,1338,2683,165,788,623
Truck138913,1338,2443,210,788,578
Truck140207,3119,2443,610,788,178
Truck140434,2225,0,685,788,103
Truck140670,2943,2942,755,788,33
Truck139911,2683,2942,520,790,270
Truck140008,1339,2942,550,790,240
Truck140166,2567,2776,600,790,190
Truck140508,2777,2942,705,790,85
Truck140180,2444,2443,605,791,186
Truck140347,2776,2942,655,791,136
Truck140040,1339,2566,560,792,232
Truck138929,1338,2443,215,793,578
Truck140091,2776,2683,575,793,218
Truck140306,2225,2683,645,793,148
Truck140686,2943,2942,760,793,33
Truck139329,1338,2566,340,794,454
Truck140005,2566,2443,550,794,244
Truck140666,2684,2443,755,794,39
Truck139600,0,2224,425,795,370
Truck139927,2683,2942,525,795,270
Truck140524,2777,2942,710,795,85
Truck140599,2683,2567,735,795,60
Truck139984,0,2942,545,796,251
Truck140196,2444,2443,610,796,186
Truck138984,1339,1338,230,797,567
Truck140022,2567,2942,555,797,242
Truck140298,2684,0,640,797,157
Truck138945,1338,2443,220,798,578
Truck140069,2566,2567,570,798,228
Truck140451,2443,1339,690,798,108
Truck140702,2943,2942,765,798,33
Truck138998,2567,1338,235,799,564
Truck140021,2566,2443,555,799,244
Truck140466,2225,2443,695,799,104
Truck140636,2777,2943,745,799,54
Truck140682,2684,2443,760,799,39
Truck140412,2777,3119,675,800,125
Truck140540,2777,2942,715,800,85
Truck139654,2567,2224,440,801,361
Truck139903,3119,2567,515,801,286
Truck140009,2224,2443,550,801,251
Truck140212,2444,2443,615,801,186
Truck140555,2776,2443,720,801,81
Truck140752,0,2567,785,801,16
Truck140387,2443,2942,670,802,132
Truck140397,2942,2443,670,802,132
Truck140514,2225,1339,710,802,92
Truck140776,1339,0,790,802,12
Truck139009,1338,2567,240,803,563
Truck140219,2776,1339,615,803,188
Truck140304,0,2684,645,803,158
Truck140546,2225,2444,720,803,83
Truck140691,2443,2684,765,803,38
Truck140718,2943,2942,770,803,33
Truck139365,2566,1338,350,804,454
Truck140037,2566,2443,560,804,244
Truck140086,2567,2566,575,804,229
Truck140482,2225,2443,700,804,104
Truck140652,2777,2943,750,804,54
Truck140698,2684,2443,765,804,39
Truck139959,2683,2942,535,805,270
Truck140556,2777,2942,720,805,85
Truck140016,0,2942,555,806,251
Truck140228,2444,2443,620,806,186
Truck139553,1338,2444,410,807,397
Truck140054,2567,2942,565,807,242
Truck140403,2443,2942,675,807,132
Truck140413,2942,2443,675,807,132
Truck138977,1338,2443,230,808,578
Truck139025,1338,2567,245,808,563
Truck140235,2776,1339,620,808,188
Truck140359,2683,2225,660,808,148
Truck140362,2684,2567,660,808,148
Truck140498,2225,0,705,808,103
Truck139377,1338,2566,355,809,454
Truck140053,2566,2443,565,809,244
Truck140102,2567,2566,580,809,229
Truck140447,3119,2777,685,809,124
Truck140714,2684,2443,770,809,39
Truck139689,2224,2567,450,810,360
Truck140103,2683,2444,580,810,230
Truck140230,2567,2776,620,810,190
Truck140448,0,2443,690,810,120
Truck140461,2942,2224,690,810,120
Truck140538,2684,2942,715,810,95
Truck139686,2567,2224,450,811,361
Truck140244,2444,2443,625,811,186
Truck140389,2566,2225,670,811,141
Truck140070,2567,2942,570,812,242
Truck140646,2567,2683,750,812,62
Truck138993,1338,2443,235,813,578
Truck140151,2683,2776,595,813,218
Truck140275,2443,3119,635,813,178
Truck140750,2943,2942,780,813,33
Truck140617,2224,3119,740,814,74
Truck140730,2684,2443,775,814,39
Truck139951,3119,1339,530,815,285
Truck140588,2777,2942,730,815,85
Truck140260,2444,2443,630,816,186
Truck140295,2683,2684,640,816,176
Truck140624,0,2683,745,816,71
Truck139904,0,3119,520,817,297
Truck140117,2566,1339,585,817,232
Truck140435,2443,2942,685,817,132
Truck140445,2942,2443,685,817,132
Truck140303,3119,2443,640,818,178
Truck140391,2683,2225,670,818,148
Truck140530,2225,0,715,818,103
Truck140766,2943,2942,785,818,33
Truck140134,2567,2566,590,819,229
Truck140267,2776,2567,630,819,189
Truck140633,2224,3119,745,819,74
Truck140700,2777,2943,765,819,54
Truck140007,2683,2942,550,820,270
Truck140604,2777,2942,735,820,85
Truck140647,2683,0,750,820,70
Truck140073,2224,2443,570,821,251
Truck140276,2444,2443,635,821,186
Truck140619,2776,2443,740,821,81
Truck140640,0,2683,750,821,71
Truck139604,2444,1338,425,822,397
Truck139073,1338,2567,260,823,563
Truck140782,2943,2942,790,823,33
Truck140202,2684,2224,610,824,214
Truck140495,3119,2777,700,824,124
Truck140649,2224,3119,750,824,74
Truck139361,1338,2225,350,825,475
Truck139737,2224,2567,465,825,360
Truck140023,2683,2942,555,825,270
Truck140620,2777,2942,740,825,85
Truck140695,2683,2567,765,825,60
Truck140327,2683,2684,650,826,176
Truck140424,1339,2684,680,826,146
Truck139080,1339,1338,260,827,567
Truck140118,2567,2942,585,827,242
Truck140467,2443,2942,695,827,132
Truck140693,2566,2444,765,827,62
Truck139753,2224,1339,470,828,358
Truck140798,2943,2942,795,828,33
Truck140141,2942,1339,590,829,239
Truck140562,2225,2443,725,829,104
Truck140665,2224,3119,755,829,74
Truck140778,2684,2443,790,829,39
Truck140136,1339,2942,590,830,240
Truck140602,2684,2942,735,830,95
Truck140637,2942,2777,745,830,85
Truck140711,2683,2567,770,830,60
Truck139999,3119,2567,545,831,286
Truck140346,2684,2683,655,832,177
Truck139057,1338,2443,255,833,578
Truck139059,2443,1338,255,833,578
Truck140215,2683,2776,615,833,218
Truck140400,0,2684,675,833,158
Truck140568,1339,2443,725,833,108
Truck140814,2943,2942,800,833,33
Truck140527,3119,2777,710,834,124
Truck140578,2225,2443,730,834,104
Truck140728,1339,2683,775,834,59
Truck140055,2683,2942,565,835,270
Truck140152,1339,2942,595,835,240
Truck140015,3119,2567,550,836,286
Truck140107,2776,2224,580,836,256
Truck140324,2444,0,650,836,186
Truck140456,1339,2684,690,836,146
Truck140667,2776,2443,755,836,81
Truck140726,2567,2683,775,837,62
Truck139072,0,1338,260,838,578
Truck140355,2443,3119,660,838,178
Truck140367,3119,2443,660,838,178
Truck140830,2943,2942,805,838,33
Truck140144,0,2566,595,839,244
Truck140149,2566,2443,595,839,244
Truck140331,2776,2567,650,839,189
Truck140579,2443,2567,730,839,109
Truck140594,2225,2443,735,839,104
Truck140697,2224,3119,765,839,74
Truck140024,1339,3119,555,840,285
Truck140668,2777,2942,755,840,85
Truck139782,2567,2224,480,841,361
Truck140137,2224,2443,590,841,251
Truck140340,2444,2443,655,841,186
Truck140683,2776,2443,760,841,81
Truck140525,2942,2443,710,842,132
Truck139089,1338,2443,265,843,578
Truck140165,2566,0,600,843,243
Truck140846,2943,2942,810,843,33
Truck140392,1339,2444,670,844,174
Truck140713,2224,3119,770,844,74
Truck140650,2684,2942,750,845,95
Truck140352,0,2444,660,846,186
Truck140356,2444,2443,660,846,186
Truck140490,2684,1339,700,846,146
Truck140523,2776,2942,710,846,136
Truck139105,1338,0,270,847,577
Truck140000,0,3119,550,847,297
Truck140734,2943,3119,775,847,72
Truck140519,2683,2443,710,848,138
Truck140674,2225,2567,760,848,88
Truck140835,2443,2684,810,848,38
Truck140862,2943,2942,815,848,33
Truck139509,2566,1338,395,849,454
Truck140181,2566,2443,605,849,244
Truck140729,2224,3119,775,849,74
Truck140200,1339,2942,610,850,240
Truck140576,0,2443,730,850,120
Truck139442,2225,1338,375,851,476
Truck140371,2443,2444,665,851,186
Truck140736,0,2683,780,851,71
Truck140950,2567,1339,845,851,6
Truck140198,2567,2942,610,852,242
Truck140557,2942,2443,720,852,132
Truck139123,2443,1338,275,853,578
Truck140415,3119,2443,675,853,178
Truck140535,2683,2443,715,853,138
Truck140772,2444,2566,790,853,63
Truck140878,2943,2942,820,853,33
Truck139801,2224,0,485,854,369
Truck140694,2567,2225,765,854,89
Truck140858,2684,2443,815,854,39
Truck140336,0,2776,655,855,200
Truck140716,2777,2942,770,855,85
Truck140185,2224,2443,605,856,251
Truck140520,1339,2684,710,856,146
Truck139713,1338,2444,460,857,397
Truck140248,1339,2566,625,857,232
Truck140426,2684,2683,680,857,177
Truck140573,2942,2443,725,857,132
Truck140893,2942,2943,825,857,32
Truck139137,1338,2443,280,858,578
Truck140313,2224,2684,645,858,213
Truck140859,2776,2684,815,858,43
Truck140894,2943,2942,825,858,33
Truck139541,2566,1338,405,859,454
Truck139817,2224,0,490,859,369
Truck140213,2566,2443,615,859,244
Truck140440,1339,2444,685,859,174
Truck140643,2443,2567,750,859,109
Truck140874,2684,2443,820,859,39
Truck140088,1339,3119,575,860,285
Truck140732,2777,2942,775,860,85
Truck140775,2683,0,790,860,70
Truck140404,2444,2443,675,861,186
Truck140261,2566,1339,630,862,232
Truck139153,1338,2443,285,863,578
Truck140910,2943,2942,830,863,33
Truck139769,2224,2683,475,864,389
Truck140229,2566,2443,620,864,244
Truck140330,2684,2224,650,864,214
Truck140627,2443,0,745,864,119
Truck140659,2443,2567,755,864,109
Truck140890,2684,2443,825,864,39
Truck140104,1339,3119,580,865,285
Truck140452,2444,1339,690,865,175
Truck140748,2777,2942,780,865,85
Truck139490,2225,1338,390,866,476
Truck140416,0,2444,680,866,186
Truck140420,2444,2443,680,866,186
Truck140587,2776,2942,730,866,136
Truck140605,2942,2443,735,867,132
Truck140976,0,1339,855,867,12
Truck140926,2943,2942,835,868,33
Truck140639,3119,2777,745,869,124
Truck140742,2567,2225,780,869,89
Truck140756,2444,2225,785,869,84
Truck140793,2224,3119,795,869,74
Truck140031,3119,2683,555,870,315
Truck140264,1339,2942,630,870,240
Truck139506,2225,1338,395,871,476
Truck140224,0,2942,620,871,251
Truck140436,2444,2443,685,871,186
Truck140262,2567,2942,630,872,242
Truck140992,0,1339,860,872,12
Truck139041,1338,2683,250,873,623
Truck139185,1338,2443,295,873,578
Truck140595,2443,2683,735,873,138
Truck140942,2943,2942,840,873,33
Truck140706,2225,2443,770,874,104
Truck140809,2224,3119,800,874,74
Truck140922,2684,2443,835,874,39
Truck140280,1339,2942,635,875,240
Truck140780,2777,2942,790,875,85
Truck139894,2567,2224,515,876,361
Truck140249,2224,2443,625,876,251
Truck140795,2776,2443,795,876,81
Truck140911,3119,2942,830,876,46
Truck139200,0,1338,300,878,578
Truck139201,1338,2443,300,878,578
Truck140723,2443,2225,775,878,103
Truck140786,2225,2444,795,878,83
Truck140958,2943,2942,845,878,33
Truck139601,1338,2566,425,879,454
Truck140277,2566,2443,635,879,244
Truck140427,2776,0,680,879,199
Truck140675,2443,0,760,879,119
Truck140707,2443,2567,770,879,109
Truck140722,2225,2443,775,879,104
Truck139872,0,2224,510,880,370
Truck140205,2942,2683,610,880,270
Truck140454,2567,2776,690,880,190
Truck140685,2942,2224,760,880,120
Truck140796,2777,2942,795,880,85
Truck139910,2567,2224,520,881,361
Truck140265,2224,2443,630,881,251
Truck140468,2444,2443,695,881,186
Truck140811,2776,2443,800,881,81
Truck140294,2567,2942,640,882,242
Truck140506,2684,2683,705,882,177
Truck140570,2684,0,725,882,157
Truck140653,2942,2443,750,882,132
Truck139217,1338,2443,305,883,578
Truck140511,3119,2443,705,883,178
Truck140974,2943,2942,850,883,33
Truck140293,2566,2443,640,884,244
Truck140738,2225,2443,780,884,104
Truck140841,2224,3119,810,884,74
Truck140888,1339,2683,825,884,59
Truck140954,2684,2443,845,884,39
Truck141064,1339,2567,880,884,4
Truck140079,3119,2683,570,885,315
Truck140684,2777,3119,760,885,125
Truck140688,0,2443,765,885,120
Truck140812,2777,2942,800,885,85
Truck140813,2942,2777,800,885,85
Truck140855,2683,0,815,885,70
Truck140887,2683,2567,825,885,60
Truck140484,2444,2443,700,886,186
Truck140618,2684,1339,740,886,146
Truck140651,2776,2942,750,886,136
Truck141024,0,2567,870,886,16
Truck140341,2566,1339,655,887,232
Truck140586,2684,0,730,887,157
Truck139233,1338,2443,310,888,578
Truck139281,1338,2567,325,888,563
Truck140491,2776,1339,700,888,188
Truck140610,2225,2683,740,888,148
Truck140309,2566,2443,645,889,244
Truck140754,2225,2443,785,889,104
Truck140863,3119,2224,815,889,74
Truck140231,2683,2942,620,890,270
Truck140794,2684,2942,795,890,95
Truck140828,2777,2942,805,890,85
Truck140291,2443,2224,640,891,251
Truck140548,2444,2567,720,891,171
Truck140634,2684,1339,745,891,146
Truck140642,2225,2566,750,891,141
Truck140843,2776,2443,810,891,81
Truck140182,2567,3119,605,892,287
Truck140808,1339,2225,800,892,92
Truck140902,2567,2683,830,892,62
Truck140373,2566,2567,665,893,228
Truck140543,3119,2443,715,893,178
Truck140626,2225,2683,745,893,148
Truck141006,2943,2942,860,893,33
Truck139649,1338,2566,440,894,454
Truck140770,2225,2443,790,894,104
Truck140822,2567,2225,805,894,89
Truck140111,3119,2683,580,895,315
Truck140810,2684,2942,800,895,95
Truck140844,2777,2942,810,895,85
Truck140297,2224,2776,640,896,256
Truck140516,2444,2443,710,896,186
Truck141056,0,2567,880,896,16
Truck140701,2942,2443,765,897,132
Truck140824,1339,2225,805,897,92
Truck139265,1338,2443,320,898,578
Truck140197,2566,2683,610,898,288
Truck140995,2443,2684,860,898,38
Truck141022,2943,2942,865,898,33
Truck140480,0,2776,700,900,200
Truck140687,3119,2684,760,900,140
Truck140826,2684,2942,805,900,95
Truck140935,2683,2567,840,900,60
Truck140388,2444,2683,670,901,231
Truck140532,2444,2443,715,901,186
Truck140875,2776,2443,820,901,81
Truck140991,3119,2942,855,901,46
Truck140358,2567,2942,660,902,242
Truck140717,2942,2443,770,902,132
Truck140658,2225,2683,755,903,148
Truck141038,2943,2942,870,903,33
Truck140458,2684,2224,690,904,214
Truck140802,2225,2443,800,904,104
Truck140376,1339,2942,665,905,240
Truck140534,2567,2776,715,905,190
Truck140842,2684,2942,810,905,95
Truck140239,3119,2567,620,906,286
Truck140715,2776,2942,770,906,136
Truck140891,2776,2443,825,906,81
Truck141126,2567,1339,900,906,6
Truck139336,1339,1338,340,907,567
Truck140575,3119,2776,725,907,182
Truck140733,2942,2443,775,907,132
Truck140949,2566,2444,845,907,62
Truck139297,1338,2443,330,908,578
Truck140552,1339,2776,720,908,188
Truck140818,2225,0,805,908,103
Truck141054,2943,2942,875,908,33
Truck140870,2567,2225,820,909,89
Truck140423,2683,2444,680,910,230
Truck140764,2777,3119,785,910,125
Truck140768,0,2443,790,910,120
Truck140892,2777,2942,825,910,85
Truck140564,2444,2443,725,911,186
Truck140390,2567,2942,670,912,242
Truck140591,3119,2776,730,912,182
Truck140739,2443,2942,780,912,132
Truck139169,1338,2683,290,913,623
Truck139313,1338,2443,335,913,578
Truck140245,2566,2683,625,913,288
Truck140571,2776,1339,725,913,188
Truck140607,3119,2443,735,913,178
Truck141070,2943,2942,880,913,33
Truck140834,2225,2443,810,914,104
Truck140943,3119,2224,840,914,74
Truck140983,2683,1339,855,914,59
Truck141034,2684,2776,870,914,44
Truck140784,0,2443,795,915,120
Truck140908,2777,2942,830,915,85
Truck140271,3119,2567,630,916,286
Truck140377,2224,2443,665,916,251
Truck140580,2444,2443,730,916,186
Truck140437,2566,1339,685,917,232
Truck140603,2776,3119,735,917,182
Truck140041,2224,1339,560,918,358
Truck140453,2566,2567,690,918,228
Truck141086,2943,2942,885,918,33
Truck139729,1338,2566,465,919,454
Truck139945,2224,2683,530,919,389
Truck140405,2566,2443,675,919,244
Truck140803,2443,0,800,919,119
Truck140850,2225,2443,815,919,104
Truck140953,2224,3119,845,919,74
Truck140999,2683,1339,860,919,59
Truck140183,2683,3119,605,920,315
Truck140287,3119,1339,635,920,285
Truck140384,0,2942,670,921,251
Truck140596,2444,2443,735,921,186
Truck140763,2776,2942,785,921,136
Truck140781,2942,2443,790,922,132
Truck140998,2567,2683,860,922,62
Truck139345,1338,2443,345,923,578
Truck140279,2683,2566,635,923,288
Truck140507,2776,2683,705,923,218
Truck140727,2683,2225,775,923,148
Truck141102,2943,2942,890,923,33
Truck140025,2224,0,555,924,369
Truck140522,2684,2224,710,924,214
Truck140866,2225,2443,820,924,104
Truck140975,3119,2224,850,924,74
Truck141082,2684,2443,885,924,39
Truck140057,2224,2567,565,925,360
Truck140906,2684,2942,830,925,95
Truck140940,2777,2942,840,925,85
Truck140409,2224,2443,675,926,251
Truck140438,2567,2942,685,927,242
Truck140920,1339,2225,835,927,92
Truck140990,2943,3119,855,927,72
Truck141013,2566,2444,865,927,62
Truck140537,2224,2684,715,928,213
Truck140743,2683,2225,780,928,148
Truck140867,2443,1339,820,928,108
Truck141118,2943,2942,895,928,33
Truck139977,2224,2683,540,929,389
Truck140882,2225,2443,825,929,104
Truck140614,2567,2776,740,930,190
Truck140660,2444,1339,755,930,175
Truck140628,2444,2443,745,931,186
Truck140663,2683,2684,755,931,176
Truck140797,2942,2776,795,931,136
Truck140272,0,3119,635,932,297
Truck140488,1339,2566,700,932,232
Truck140671,3119,2443,755,933,178
Truck140787,2443,2683,795,933,138
Truck141007,3119,2224,860,934,74
Truck140472,1339,2942,695,935,240
Truck140861,2942,2224,815,935,120
Truck140886,2567,2443,825,935,110
Truck140972,2777,2942,850,935,85
Truck140644,2444,2443,750,936,186
Truck140987,2776,2443,855,936,81
Truck141184,0,2567,920,936,16
Truck139972,2444,1338,540,937,397
Truck140326,2567,3119,650,937,287
Truck140470,2567,2942,695,937,242
Truck140746,2684,0,780,937,157
Truck140829,2942,2443,805,937,132
Truck140551,2683,2776,720,938,218
Truck141150,2943,2942,905,938,33
Truck140469,2566,2443,695,939,244
Truck140914,2225,2443,835,939,104
Truck141017,2224,3119,865,939,74
Truck140344,1339,3119,655,940,285
Truck140860,2777,3119,815,940,125
Truck140319,3119,0,645,941,296
Truck141003,2776,2443,860,941,81
Truck139409,1338,0,365,942,577
Truck140517,2566,1339,710,942,232
Truck140845,2942,2443,810,942,132
Truck140343,2683,2566,655,943,288
Truck140585,2224,2684,730,943,213
Truck140703,3119,2443,765,943,178
Truck141166,2943,2942,910,943,33
Truck140483,2443,2566,700,944,244
Truck140509,2942,1339,705,944,239
Truck140930,2225,2443,840,944,104
Truck140982,2567,2225,855,944,89
Truck140876,2777,3119,820,945,125
Truck141079,2683,2567,885,945,60
Truck139457,1338,1339,380,946,566
Truck140676,2444,0,760,946,186
Truck140851,2443,2942,815,947,132
Truck139425,1338,2443,370,948,578
Truck139473,1338,2567,385,948,563
Truck140357,2566,2683,660,948,288
Truck140719,3119,2443,770,948,178
Truck140931,2443,1339,840,948,108
Truck141076,2444,2566,885,948,63
Truck141182,2943,2942,915,948,33
Truck139825,1338,2566,495,949,454
Truck140501,2566,2443,705,949,244
Truck140946,2225,2443,845,949,104
Truck141162,2684,2443,910,949,39
Truck141272,1339,2567,945,949,4
Truck140905,2224,2942,830,950,120
Truck140986,2684,2942,855,950,95
Truck140473,2224,2776,695,951,256
Truck140475,2776,2224,695,951,256
Truck140692,2444,2443,765,951,186
Truck141027,2443,2776,870,951,81
Truck141198,2943,2942,920,953,33
Truck140121,2224,0,585,954,369
Truck140515,2443,2566,710,954,244
Truck141028,2444,2225,870,954,84
Truck140399,3119,1339,670,955,285
Truck141036,2777,2942,870,955,85
Truck140505,2224,2443,705,956,251
Truck140708,2444,2443,770,956,186
Truck141087,3119,2943,885,956,71
Truck140036,2444,1338,560,957,397
Truck140731,2776,3119,775,957,182
Truck141110,2567,2683,895,957,62
Truck140751,3119,2443,780,958,178
Truck141214,2943,2942,925,958,33
Truck139857,1338,2566,505,959,454
Truck140533,2566,2443,715,959,244
Truck141194,2684,2443,920,959,39
Truck140128,0,2224,590,960,370
Truck140583,2683,2444,730,960,230
Truck140924,2777,3119,835,960,125
Truck141052,2777,2942,875,960,85
Truck140521,2224,2443,710,961,251
Truck140724,2444,2443,775,961,186
Truck141059,2443,2776,880,961,81
Truck141067,2776,2443,880,961,81
Truck140550,2567,2942,720,962,242
Truck140584,1339,2566,730,962,232
Truck140762,2684,2683,785,962,177
Truck140774,2567,2444,790,962,172
Truck140899,2443,2942,830,962,132
Truck141288,1339,0,950,962,12
Truck140407,2683,2566,675,963,288
Truck141230,2943,2942,930,963,33
Truck140549,2566,2443,720,964,244
Truck140994,2225,2443,860,964,104
Truck141097,2224,3119,890,964,74
Truck140335,3119,2683,650,965,315
Truck141068,2777,2942,880,965,85
Truck141143,2683,2567,905,965,60
Truck140740,2444,2443,780,966,186
Truck140909,2942,2776,830,966,136
Truck141083,2776,2443,885,966,81
Truck141199,3119,2942,920,966,46
Truck141318,2567,1339,960,966,6
Truck139489,1338,0,390,967,577
Truck140566,2567,2942,725,967,242
Truck140767,3119,2776,785,967,182
Truck140790,2567,2444,795,967,172
Truck140925,2942,2443,835,967,132
Truck141142,2567,2683,905,967,62
Truck140565,2566,0,725,968,243
Truck140783,3119,2443,790,968,178
Truck141008,0,2225,865,968,103
Truck141058,2225,2567,880,968,88
Truck140792,1339,2444,795,969,174
Truck140959,3119,2777,845,969,124
Truck141010,2225,2443,865,969,104
Truck141113,2224,3119,895,969,74
Truck141159,2683,1339,910,969,59
Truck141160,1339,2683,910,969,59
Truck141336,1339,2567,965,969,4
Truck140589,2942,2567,730,970,240
Truck140956,2777,3119,845,970,125
Truck141084,2777,2942,885,970,85
Truck140539,2776,2224,715,971,256
Truck140544,0,2942,720,971,251
Truck140547,2443,2224,720,971,251
Truck140553,2224,2443,720,971,251
Truck140755,2443,2444,785,971,186
Truck141099,2776,2443,890,971,81
Truck140613,2566,1339,740,972,232
Truck140779,2776,3119,790,972,182
Truck140941,2942,2443,840,972,132
Truck141134,2943,3119,900,972,72
Truck139505,1338,2443,395,973,578
Truck140439,2683,2566,685,973,288
Truck141262,2943,2942,940,973,33
Truck140581,2566,2443,730,974,244
Truck140979,2443,0,855,974,119
Truck141026,2225,2443,870,974,104
Truck141092,2444,2225,890,974,84
Truck141176,1339,2683,915,974,59
Truck140463,3119,1339,690,975,285
Truck140503,2683,2942,705,975,270
Truck141100,2777,2942,890,975,85
Truck141101,2942,2777,890,975,85
Truck140629,2566,1339,745,977,232
Truck140632,1339,2566,745,977,232
Truck140947,2443,2942,845,977,132
Truck139521,1338,2443,400,978,578
Truck140455,2683,2566,690,978,288
Truck141032,1339,2443,870,978,108
Truck141278,2943,2942,945,978,33
Truck140232,1339,2224,620,979,359
Truck140597,2566,2443,735,979,244
Truck140621,2942,1339,740,979,239
Truck141042,2225,2443,875,979,104
Truck141368,1339,2567,975,979,4
Truck140233,2224,2567,620,980,360
Truck140375,2683,3119,665,980,315
Truck140988,2777,3119,855,980,125
Truck141116,2777,2942,895,980,85
Truck140938,2684,3119,840,981,141
Truck141123,2443,2776,900,981,81
Truck141334,2567,0,965,981,16
Truck140963,2443,2942,850,982,132
Truck140973,2942,2443,850,982,132
Truck141090,2225,1339,890,982,92
Truck139393,1338,2683,360,983,623
Truck139537,1338,2443,405,983,578
Truck141267,2443,2684,945,983,38
Truck141294,2943,2942,950,983,33
Truck139937,1338,2566,530,984,454
Truck140611,2443,2566,740,984,244
Truck141011,2443,0,865,984,119
Truck141043,2443,2567,875,984,109
Truck141004,2777,3119,860,985,125
Truck141132,2777,2942,900,985,85
Truck141133,2942,2777,900,985,85
Truck140592,0,2942,735,986,251
Truck140601,2224,2443,735,986,251
Truck140800,0,2444,800,986,186
Truck140804,2444,2443,800,986,186
Truck141344,0,2567,970,986,16
Truck140989,2942,2443,855,987,132
Truck139415,2683,1338,365,988,623
Truck141310,2943,2942,955,988,33
Truck140169,2224,2683,600,989,389
Truck141074,2225,2443,885,989,104
Truck141290,2684,2443,950,989,39
Truck141020,2777,3119,865,990,125
Truck141114,2684,2942,895,990,95
Truck141148,2777,2942,905,990,85
Truck141246,2943,2777,935,990,55
Truck140479,3119,0,695,991,296
Truck140820,2444,2443,805,991,186
Truck140962,2225,2566,850,991,141
Truck140502,2567,3119,705,992,287
Truck141005,2942,2443,860,992,132
Truck141384,1339,0,980,992,12
Truck139569,1338,2443,415,993,578
Truck140281,2224,1339,635,993,358
Truck140745,2224,2684,780,993,213
Truck140827,2776,1339,805,993,188
Truck141326,2943,2942,960,993,33
Truck139973,2566,1338,540,994,454
Truck140645,2566,2443,750,994,244
Truck141039,3119,2777,870,994,124
Truck141240,1339,2683,935,994,59
Truck140431,3119,2683,680,995,315
Truck140669,2942,2567,755,995,240
Truck140868,2444,1339,820,995,175
Truck141130,2684,2942,900,995,95
Truck141164,2777,2942,910,995,85
Truck140836,2444,2443,810,996,186
Truck141295,3119,2942,950,996,46
Truck140161,1338,2444,600,997,397
Truck139441,1338,2683,375,998,623
Truck139585,1338,2443,420,998,578
Truck140747,2776,2683,780,998,218
Truck141154,2225,2567,910,998,88
Truck141342,2943,2942,965,998,33
Truck140199,2683,2224,610,999,389
Truck140296,1339,2224,640,999,359
Truck140661,2566,2443,755,999,244
Truck141106,2225,2443,895,999,104
Truck141256,1339,2683,940,999,59
Truck140680,1339,2942,760,1000,240
Truck141146,2684,2942,905,1000,95
Truck141181,2942,2777,915,1000,85
Truck140635,2776,2224,745,1001,256
Truck140852,2444,0,815,1001,186
Truck140496,0,3119,705,1002,297
Truck140895,3119,2443,825,1003,178
Truck140944,0,2684,845,1003,158
Truck141358,2943,2942,970,1003,33
Truck140001,1338,2566,550,1004,454
Truck140677,2566,2443,760,1004,244
Truck140696,1339,2942,765,1005,240
Truck141196,2777,2942,920,1005,85
Truck140916,2444,2567,835,1006,171
Truck141211,2776,2443,925,1006,81
Truck141446,2567,1339,1000,1006,6
Truck140970,2684,0,850,1007,157
Truck141374,2943,2942,975,1008,33
Truck141138,2225,2443,905,1009,104
Truck141247,3119,2224,935,1009,74
Truck140615,2683,2942,740,1010,270
Truck141212,2777,2942,925,1010,85
Truck140681,2224,2443,760,1011,251
Truck140884,2444,2443,825,1011,186
Truck141029,2566,2225,870,1011,141
Truck141227,2776,2443,930,1011,81
Truck140710,2567,2942,770,1012,242
Truck141389,2942,2943,980,1012,32
Truck139633,1338,2443,435,1013,578
Truck140345,2224,1339,655,1013,358
Truck140927,3119,2443,835,1013,178
Truck141390,2943,2942,980,1013,33
Truck140033,1338,2566,560,1014,454
Truck140709,2566,2443,770,1014,244
Truck141370,2684,2443,975,1014,39
Truck140631,2683,2942,745,1015,270
Truck140759,2683,2444,785,1015,230
Truck141228,2777,2942,930,1015,85
Truck141303,2683,2567,955,1015,60
Truck140900,2444,2443,830,1016,186
Truck141069,2942,2776,880,1016,136
Truck141002,2684,0,860,1017,157
Truck141075,2443,2942,885,1017,132
Truck141085,2942,2443,885,1017,132
Truck141030,2567,2684,870,1018,148
Truck141406,2943,2942,985,1018,33
Truck140329,2224,0,650,1019,369
Truck140744,1339,2942,780,1020,240
Truck141319,2683,2567,960,1020,60
Truck140699,2776,2224,765,1021,256
Truck140915,2443,2444,835,1021,186
Truck141091,2443,2942,890,1022,132
Truck141472,0,1339,1010,1022,12
Truck139665,1338,2443,445,1023,578
Truck140923,2776,1339,835,1023,188
Truck140065,1338,2566,570,1024,454
Truck140741,2566,2443,780,1024,244
Truck141186,2225,2443,920,1024,104
Truck140918,2567,2776,835,1025,190
Truck141226,2684,2942,930,1025,95
Truck141260,2777,2942,940,1025,85
Truck140932,2444,2443,840,1026,186
Truck141275,2776,2443,945,1026,81
Truck139681,1338,0,450,1027,577
Truck140758,2567,2942,785,1027,242
Truck141107,2443,2942,895,1027,132
Truck141117,2942,2443,895,1027,132
Truck140936,1339,2776,840,1028,188
Truck141066,2684,2567,880,1028,148
Truck141187,2443,1339,920,1028,108
Truck141438,2943,2942,995,1028,33
Truck140085,2566,1338,575,1029,454
Truck140757,2566,2443,785,1029,244
Truck140907,2776,0,830,1029,199
Truck141155,2443,0,910,1029,119
Truck141202,2225,2443,925,1029,104
Truck141402,2684,2776,985,1029,44
Truck140679,2683,2942,760,1030,270
Truck140749,2942,0,780,1030,250
Truck140980,2444,1339,855,1030,175
Truck141276,2777,2942,945,1030,85
Truck140948,2444,2443,845,1031,186
Truck141349,2566,2444,970,1032,62
Truck139697,1338,2443,455,1033,578
Truck140821,2566,2567,805,1033,228
Truck141208,1339,2443,925,1033,108
Truck141419,2776,2684,990,1033,43
Truck141454,2943,2942,1000,1033,33
Truck140101,2566,1338,580,1034,454
Truck140311,2683,2224,645,1034,389
Truck141218,2225,2443,930,1034,104
Truck141270,2567,2225,945,1034,89
Truck141434,2684,2443,995,1034,39
Truck140559,3119,2683,720,1035,315
Truck140765,2942,0,785,1035,250
Truck141292,2777,2942,950,1035,85
Truck140655,3119,2567,750,1036,286
Truck140964,2444,2443,850,1036,186
Truck141109,2566,2225,895,1036,141
Truck140292,2444,1338,640,1037,397
Truck141149,2942,2443,905,1037,132
Truck141095,2683,2225,890,1038,148
Truck141224,1339,2443,930,1038,108
Truck141470,2943,2942,1005,1038,33
Truck140789,2566,2443,795,1039,244
Truck141183,3119,2777,915,1039,124
Truck141234,2225,2443,935,1039,104
Truck140839,2683,2444,810,1040,230
Truck141180,2777,3119,915,1040,125
Truck141197,2942,2224,920,1040,120
Truck141308,2777,2942,955,1040,85
Truck141383,2683,2567,980,1040,60
Truck140761,2224,2776,785,1041,256
Truck141112,1339,2684,895,1041,146
Truck141323,2776,2443,960,1041,81
Truck139768,1339,1338,475,1042,567
Truck140308,2444,1338,645,1042,397
Truck140806,2567,2942,800,1042,242
Truck141018,2684,2683,865,1042,177
Truck141165,2942,2443,910,1042,132
Truck139728,0,1338,465,1043,578
Truck139731,2443,1338,465,1043,578
Truck140441,2224,1339,685,1043,358
Truck141023,3119,2443,865,1043,178
Truck141072,0,2684,885,1043,158
Truck141486,2943,2942,1010,1043,33
Truck140133,2566,1338,590,1044,454
Truck140955,2776,0,845,1044,199
Truck141235,2443,2567,935,1044,109
Truck141466,2684,2443,1005,1044,39
Truck141213,2942,2224,925,1045,120
Truck141324,2777,2942,960,1045,85
Truck141422,2943,2777,990,1045,55
Truck140996,2444,2443,860,1046,186
Truck141163,2776,2942,910,1046,136
Truck141171,2443,2942,915,1047,132
Truck139745,1338,2443,470,1048,578
Truck139793,1338,2567,485,1048,563
Truck140457,2224,1339,690,1048,358
Truck141000,1339,2776,860,1048,188
Truck141502,2943,2942,1015,1048,33
Truck140425,2224,0,680,1049,369
Truck140816,0,2566,805,1049,244
Truck141416,1339,2683,990,1049,59
Truck141592,1339,2567,1045,1049,4
Truck140871,2683,2444,820,1050,230
Truck141167,3119,2684,910,1050,140
Truck141306,2684,2942,955,1050,95
Truck141340,2777,2942,965,1050,85
Truck141012,2444,2443,865,1051,186
Truck140838,2567,2942,810,1052,242
Truck141050,2684,2683,875,1052,177
Truck141320,1339,2225,960,1052,92
Truck141568,0,1339,1040,1052,12
Truck141576,1339,0,1040,1052,12
Truck139617,1338,2683,430,1053,623
Truck139623,2683,1338,430,1053,623
Truck139761,1338,2443,475,1053,578
Truck141019,2776,1339,865,1053,188
Truck141055,3119,2443,875,1053,178
Truck141518,2943,2942,1020,1053,33
Truck140837,2566,2443,810,1054,244
Truck141282,2225,2443,950,1054,104
Truck141452,2777,2943,1000,1054,54
Truck141498,2684,2443,1015,1054,39
Truck140623,3119,2683,740,1055,315
Truck140856,1339,2942,815,1055,240
Truck141014,2567,2776,865,1055,190
Truck141356,2777,2942,970,1055,85
Truck140825,2224,2443,805,1056,251
Truck141170,2225,2566,915,1056,141
Truck141178,2684,3119,915,1056,141
Truck141195,2776,2942,920,1056,136
Truck141485,2942,3119,1010,1056,46
Truck141606,2567,1339,1050,1056,6
Truck141203,2443,2942,925,1057,132
Truck139777,1338,2443,480,1058,578
Truck140939,2776,2683,840,1058,218
Truck141035,2776,1339,870,1058,188
Truck141071,3119,2443,880,1058,178
Truck141507,2443,2684,1020,1058,38
Truck141534,2943,2942,1025,1058,33
Truck141298,2225,2443,955,1059,104
Truck141401,2224,3119,985,1059,74
Truck141514,2684,2443,1020,1059,39
Truck141624,1339,2567,1055,1059,4
Truck140872,1339,2942,820,1060,240
Truck141244,2777,3119,935,1060,125
Truck141372,2777,2942,975,1060,85
Truck140735,3119,2567,775,1061,286
Truck140832,0,2942,810,1061,251
Truck141040,0,2444,875,1061,186
Truck141044,2444,2443,875,1061,186
Truck141387,2776,2443,980,1061,81
Truck141408,0,2683,990,1061,71
Truck141590,2567,0,1045,1061,16
Truck140372,2444,1338,665,1062,397
Truck141219,2443,2942,930,1062,132
Truck141346,2225,1339,970,1062,92
Truck141549,2942,2943,1030,1062,32
Truck140869,2566,0,820,1063,243
Truck140917,2566,2567,835,1063,228
Truck140951,2683,2776,845,1063,218
Truck141312,0,2225,960,1063,103
Truck141550,2943,2942,1030,1063,33
Truck141314,2225,2443,960,1064,104
Truck141530,2684,2443,1025,1064,39
Truck140791,2683,2942,795,1065,270
Truck141273,2224,2942,945,1065,120
Truck141388,2777,2942,980,1065,85
Truck141060,2444,0,880,1066,186
Truck141205,2566,2225,925,1066,141
Truck141403,2776,2443,985,1066,81
Truck141638,2567,1339,1060,1066,6
Truck141098,2684,2683,890,1067,177
Truck139809,1338,2443,490,1068,578
Truck140971,2776,2683,850,1068,218
Truck141103,3119,2443,890,1068,178
Truck139862,2567,1338,505,1069,564
Truck140885,2566,2443,825,1069,244
Truck141315,2443,2567,960,1069,109
Truck140807,2683,2942,800,1070,270
Truck140877,2942,0,820,1070,250
Truck141280,0,2443,950,1070,120
Truck141404,2777,2942,985,1070,85
Truck140857,2224,2776,815,1071,256
Truck141261,2942,2443,940,1072,132
Truck141640,1339,0,1060,1072,12
Truck141119,3119,2443,895,1073,178
Truck141582,2943,2942,1040,1073,33
Truck140901,2566,2443,830,1074,244
Truck141051,2776,0,875,1074,199
Truck141299,2443,0,955,1074,119
Truck141331,2443,2567,965,1074,109
Truck141386,2684,2942,980,1075,95
Truck141420,2777,2942,990,1075,85
Truck140880,0,2942,825,1076,251
Truck140883,2443,2224,825,1076,251
Truck141127,2683,2684,900,1076,176
Truck141259,2776,2942,940,1076,136
Truck141551,3119,2942,1030,1076,46
Truck139841,1338,0,500,1077,577
Truck141277,2942,2443,945,1077,132
Truck139843,2443,1338,500,1078,578
Truck141598,2943,2942,1045,1078,33
Truck141362,2225,2443,975,1079,104
Truck141405,2942,2684,985,1079,94
Truck141428,2444,2225,995,1079,84
Truck141532,2777,2943,1025,1079,54
Truck140512,0,2224,710,1080,370
Truck140799,3119,1339,795,1080,285
Truck141094,2567,2776,890,1080,190
Truck141436,2777,2942,995,1080,85
Truck140896,0,2942,830,1081,251
Truck141108,2444,2443,895,1081,186
Truck141654,2567,0,1065,1081,16
Truck141614,2943,2942,1050,1083,33
Truck141378,2225,2443,980,1084,104
Truck141421,2942,2684,990,1084,94
Truck141548,2777,2943,1030,1084,54
Truck140952,1339,2942,845,1085,240
Truck141328,0,2443,965,1085,120
Truck141418,2684,2942,990,1085,95
Truck139905,1338,1339,520,1086,566
Truck141124,2444,0,900,1086,186
Truck141467,2776,2443,1005,1086,81
Truck141503,3119,2943,1015,1086,71
Truck141583,3119,2942,1040,1086,46
Truck141147,2776,3119,905,1087,182
Truck141309,2942,2443,955,1087,132
Truck141688,1339,0,1075,1087,12
Truck139873,1338,2443,510,1088,578
Truck141049,2224,2684,875,1088,213
Truck141287,2683,2443,950,1088,138
Truck139926,2567,1338,525,1089,564
Truck140831,3119,1339,805,1090,285
Truck140968,1339,2942,850,1090,240
Truck141357,2942,2224,970,1090,120
Truck141468,2777,2942,1005,1090,85
Truck141566,2943,2777,1035,1090,55
Truck140210,2225,1338,615,1091,476
Truck141274,2684,1339,945,1091,146
Truck141307,2776,2942,955,1091,136
Truck140966,2567,2942,850,1092,242
Truck141325,2942,2443,960,1092,132
Truck139889,1338,2443,515,1093,578
Truck141646,2943,2942,1060,1093,33
Truck140965,2566,2443,850,1094,244
Truck141192,1339,2444,920,1094,174
Truck141363,2443,0,975,1094,119
Truck141410,2225,2443,990,1094,104
Truck140840,1339,3119,810,1095,285
Truck140957,2942,0,845,1095,250
Truck141484,2777,2942,1010,1095,85
Truck140815,3119,0,800,1096,296
Truck140937,2224,2776,840,1096,256
Truck141156,2444,2443,910,1096,186
Truck141499,2776,2443,1015,1096,81
Truck141179,2776,3119,915,1097,182
Truck141206,2567,2444,925,1097,172
Truck141341,2942,2443,965,1097,132
Truck139953,1338,2567,535,1098,563
Truck141627,2776,2684,1055,1098,43
Truck141662,2943,2942,1065,1098,33
Truck140981,2566,2443,855,1099,244
Truck141529,2224,3119,1025,1099,74
Truck140903,2683,2942,830,1100,270
Truck141500,2777,2942,1015,1100,85
Truck141172,2444,2443,915,1101,186
Truck141515,2776,2443,1020,1101,81
Truck140500,2444,1338,705,1102,397
Truck139921,1338,2443,525,1103,578
Truck141215,3119,2443,925,1103,178
Truck141678,2943,2942,1070,1103,33
Truck140325,2566,1338,650,1104,454
Truck140997,2566,2443,860,1104,244
Truck141021,2942,1339,865,1104,239
Truck141046,2567,2566,875,1104,229
Truck141442,2225,2443,1000,1104,104
Truck141508,2444,2225,1020,1104,84
Truck140879,3119,1339,820,1105,285
Truck140919,2683,2942,835,1105,270
Truck141343,3119,2684,965,1105,140
Truck141392,0,2443,985,1105,120
Truck141430,2567,2443,995,1105,110
Truck141516,2777,2942,1020,1105,85
Truck140985,2224,2443,855,1106,251
Truck141188,2444,2443,920,1106,186
Truck141552,0,2683,1035,1106,71
Truck141048,1339,2566,875,1107,232
Truck141373,2942,2443,975,1107,132
Truck141061,2566,2567,880,1108,228
Truck141231,3119,2443,930,1108,178
Truck141347,2443,2683,970,1108,138
Truck141443,2443,1339,1000,1108,108
Truck141459,2443,2225,1005,1108,103
Truck140648,1339,2224,750,1109,359
Truck141037,2942,1339,870,1109,239
Truck141062,2567,2566,880,1109,229
Truck141510,2567,2225,1020,1109,89
Truck141524,2444,2225,1025,1109,84
Truck141561,2224,3119,1035,1109,74
Truck140608,0,2224,740,1110,370
Truck141190,2567,2776,920,1110,190
Truck141204,2444,0,925,1111,186
Truck140848,0,3119,815,1112,297
Truck141254,2567,2444,940,1112,172
Truck141330,2225,2683,965,1113,148
Truck141710,2943,2942,1080,1113,33
Truck140569,2224,2683,725,1114,389
Truck140664,1339,2224,755,1114,359
Truck141427,2443,0,995,1114,119
Truck141474,2225,2443,1010,1114,104
Truck141690,2684,2443,1075,1114,39
Truck141433,2224,2942,995,1115,120
Truck141220,2444,2443,930,1116,186
Truck139969,1338,0,540,1117,577
Truck141080,1339,2566,885,1117,232
Truck141243,2776,3119,935,1117,182
Truck141258,2684,2683,940,1117,177
Truck141263,3119,2443,940,1118,178
Truck141354,2684,2567,970,1118,148
Truck141379,2443,2683,980,1118,138
Truck141726,2943,2942,1085,1118,33
Truck141490,2225,2443,1015,1119,104
Truck141706,2684,2443,1080,1119,39
Truck141453,2942,2224,1000,1120,120
Truck141564,2777,2942,1035,1120,85
Truck141033,2224,2443,870,1121,251
Truck141579,2776,2443,1040,1121,81
Truck141411,2443,2942,990,1122,132
Truck139985,1338,2443,545,1123,578
Truck141366,2567,2684,975,1123,148
Truck141506,2225,2443,1020,1124,104
Truck141676,2777,2943,1070,1124,54
Truck141722,2684,2443,1085,1124,39
Truck140847,3119,2683,810,1125,315
Truck141053,2942,0,875,1125,250
Truck141655,2683,2567,1065,1125,60
Truck141251,2443,2444,940,1126,186
Truck141252,2444,2443,940,1126,186
Truck141437,2942,2443,995,1127,132
Truck141630,2943,3119,1055,1127,72
Truck139863,2683,1338,505,1128,623
Truck140933,2566,2683,840,1128,288
Truck141758,2943,2942,1095,1128,33
Truck141077,2566,2443,885,1129,244
Truck141522,2225,2443,1025,1129,104
Truck141692,2777,2943,1075,1129,54
Truck140672,0,2224,760,1130,370
Truck141096,1339,2942,890,1130,240
Truck141423,3119,2684,990,1130,140
Truck141671,2683,2567,1070,1130,60
Truck141694,2943,2777,1075,1130,55
Truck141065,2224,2443,880,1131,251
Truck141268,2444,2443,945,1131,186
Truck141435,2776,2942,995,1131,136
Truck141125,2566,1339,900,1132,232
Truck141670,2567,2683,1070,1132,62
Truck140017,1338,2443,555,1133,578
Truck141394,2225,2683,985,1133,148
Truck141774,2943,2942,1100,1133,33
Truck140421,2566,1338,680,1134,454
Truck141088,0,2566,890,1134,244
Truck141093,2566,2443,890,1134,244
Truck141647,3119,2224,1060,1134,74
Truck141754,2684,2443,1095,1134,39
Truck141612,2777,2942,1050,1135,85
Truck141081,2224,2443,885,1136,251
Truck141284,2444,2443,950,1136,186
Truck140612,2444,1338,740,1137,397
Truck141291,2776,1339,950,1138,188
Truck141327,3119,2443,960,1138,178
Truck141376,0,2684,980,1138,158
Truck141555,2443,2225,1035,1138,103
Truck141790,2943,2942,1105,1138,33
Truck141210,2684,2224,925,1139,214
Truck141554,2225,2443,1035,1139,104
Truck141770,2684,2443,1100,1139,39
Truck140984,1339,3119,855,1140,285
Truck141031,2683,2942,870,1140,270
Truck141128,1339,2942,900,1140,240
Truck141628,2777,2942,1055,1140,85
Truck141300,2444,2443,955,1141,186
Truck141450,2684,3119,1000,1141,141
Truck141338,2684,2683,965,1142,177
Truck140048,0,1338,565,1143,578
Truck140049,1338,2443,565,1143,578
Truck141225,2224,2684,930,1143,213
Truck141570,2225,0,1040,1143,103
Truck141806,2943,2942,1110,1143,33
Truck141047,2683,2942,875,1145,270
Truck141644,2777,2942,1060,1145,85
Truck141316,2444,2443,960,1146,186
Truck141351,2683,2684,970,1146,176
Truck141458,2225,2566,1005,1146,141
Truck141483,2776,2942,1010,1146,136
Truck140641,1338,2444,750,1147,397
Truck140960,0,3119,850,1147,297
Truck141491,2443,2942,1015,1147,132
Truck141501,2942,2443,1015,1147,132
Truck141359,3119,2443,970,1148,178
Truck141447,2683,2225,1000,1148,148
Truck141475,2443,2683,1010,1148,138
Truck141479,2683,2443,1010,1148,138
Truck141822,2943,2942,1115,1148,33
Truck141139,2443,2566,905,1149,244
Truck141141,2566,2443,905,1149,244
Truck141242,2684,2224,935,1149,214
Truck141586,2225,2443,1045,1149,104
Truck141629,2942,2684,1055,1149,94
Truck141660,2777,2942,1065,1150,85
Truck141703,2683,0,1080,1150,70
Truck141115,2776,2224,895,1151,256
Truck141120,0,2942,900,1151,251
Truck141129,2224,2443,900,1151,251
Truck141332,2444,0,965,1151,186
Truck141791,3119,2942,1105,1151,46
Truck141878,2567,0,1135,1151,16
Truck141158,2567,2942,910,1152,242
Truck139943,2683,1338,530,1153,623
Truck140080,0,1338,575,1153,578
Truck140081,1338,2443,575,1153,578
Truck141015,2683,2566,865,1153,288
Truck141838,2943,2942,1120,1153,33
Truck141157,2566,2443,910,1154,244
Truck141339,2776,2567,965,1154,189
Truck141602,2225,2443,1050,1154,104
Truck141705,2224,3119,1080,1154,74
Truck141677,2942,2777,1070,1155,85
Truck141131,2776,2224,900,1156,256
Truck141136,0,2942,905,1156,251
Truck141145,2224,2443,905,1156,251
Truck141480,1339,2684,1010,1156,146
Truck141691,2776,2443,1075,1156,81
Truck140673,1338,2444,760,1157,397
Truck141371,2776,3119,975,1157,182
Truck141523,2443,2942,1025,1157,132
Truck141533,2942,2443,1025,1157,132
Truck140097,1338,2443,580,1158,578
Truck140099,2443,1338,580,1158,578
Truck141255,2683,2776,940,1158,218
Truck141355,2776,1339,970,1158,188
Truck141391,3119,2443,980,1158,178
Truck141482,2684,2567,1010,1158,148
Truck141618,2225,0,1055,1158,103
Truck141619,2443,2225,1055,1158,103
Truck141854,2943,2942,1125,1158,33
Truck140150,2567,1338,595,1159,564
Truck141168,0,2566,915,1159,244
Truck141173,2566,2443,915,1159,244
Truck141571,2443,0,1040,1159,119
Truck141603,2443,2567,1050,1159,109
Truck141834,2684,2443,1120,1159,39
Truck141658,2684,2942,1065,1160,95
Truck141735,2683,0,1090,1160,70
Truck140145,1338,1339,595,1161,566
Truck141161,2224,2443,910,1161,251
Truck141364,2444,2443,975,1161,186
Truck141666,2225,1339,1070,1162,92
Truck141742,2943,3119,1090,1162,72
Truck140113,1338,2443,585,1163,578
Truck140115,2443,1338,585,1163,578
Truck141045,2566,2683,875,1163,288
Truck141527,2683,2443,1025,1163,138
Truck141870,2943,2942,1130,1163,33
Truck141634,2225,2443,1060,1164,104
Truck141737,2224,3119,1090,1164,74
Truck141850,2684,2443,1125,1164,39
Truck140967,2683,3119,850,1165,315
Truck141580,2777,3119,1040,1165,125
Truck141674,2684,2942,1070,1165,95
Truck141708,2777,2942,1080,1165,85
Truck141380,2444,2443,980,1166,186
Truck141525,2566,2225,1025,1166,141
Truck141547,2776,2942,1030,1166,136
Truck140168,1339,1338,600,1167,567
Truck141237,2566,1339,935,1167,232
Truck141407,3119,2776,985,1167,182
Truck141682,2225,1339,1075,1167,92
Truck140129,1338,2443,590,1168,578
Truck141859,2443,2684,1130,1168,38
Truck141886,2943,2942,1135,1168,33
Truck141650,2225,2443,1065,1169,104
Truck141229,2942,2567,930,1170,240
Truck141382,2567,2776,980,1170,190
Truck141596,2777,3119,1045,1170,125
Truck141724,2777,2942,1085,1170,85
Truck141193,2224,2443,920,1171,251
Truck141396,2444,2443,985,1171,186
Truck141546,2684,3119,1030,1171,141
Truck140184,1339,1338,605,1172,567
Truck141581,2942,2443,1040,1172,132
Truck141952,0,1339,1160,1172,12
Truck140193,1338,2567,610,1173,563
Truck141221,2566,0,930,1173,243
Truck141269,2566,2567,945,1173,228
Truck141439,3119,2443,995,1173,178
Truck141902,2943,2942,1140,1173,33
Truck141322,2684,2224,960,1174,214
Truck141866,2684,2776,1130,1174,44
Truck141271,2683,2444,945,1175,230
Truck141740,2777,2942,1090,1175,85
Truck140854,2567,2224,815,1176,361
Truck141200,0,2942,925,1176,251
Truck141412,2444,2443,990,1176,186
Truck141562,2684,3119,1035,1176,141
Truck141238,2567,2942,935,1177,242
Truck141587,2443,2942,1045,1177,132
Truck141918,2943,2942,1145,1178,33
Truck140777,2224,2683,790,1179,389
Truck141734,2567,2225,1090,1179,89
Truck141785,2224,3119,1105,1179,74
Truck141898,2684,2443,1140,1179,39
Truck141756,2777,2942,1095,1180,85
Truck141216,0,2942,930,1181,251
Truck141478,2567,2444,1010,1182,172
Truck140039,2683,1338,560,1183,623
Truck140177,1338,2443,605,1183,578
Truck141335,2683,2776,965,1183,218
Truck141353,2224,2684,970,1183,213
Truck141934,2943,2942,1150,1183,33
Truck141253,2566,2443,940,1184,244
Truck141698,2225,2443,1080,1184,104
Truck141914,2684,2443,1145,1184,39
Truck140889,2224,2567,825,1185,360
Truck141175,2683,2942,915,1185,270
Truck141245,2942,0,935,1185,250
Truck141772,2777,2942,1100,1185,85
Truck141232,0,2942,935,1186,251
Truck141241,2224,2443,935,1186,251
Truck141444,2444,2443,1000,1186,186
Truck141492,2444,2567,1015,1186,171
Truck141578,2684,1339,1040,1186,146
Truck141611,2776,2942,1050,1186,136
Truck141779,2443,2776,1105,1186,81
Truck141787,2776,2443,1105,1186,81
Truck141984,0,2567,1170,1186,16
Truck141494,2567,2444,1015,1187,172
Truck142008,1339,0,1175,1187,12
Truck141536,0,2684,1030,1188,158
Truck141915,2776,2684,1145,1188,43
Truck141950,2943,2942,1155,1188,33
Truck140873,2224,0,820,1189,369
Truck141293,2942,1339,950,1189,239
Truck141714,2225,2443,1085,1189,104
Truck141817,2224,3119,1115,1189,74
Truck141930,2684,2443,1150,1189,39
Truck141702,2567,2443,1080,1190,110
Truck141788,2777,2942,1105,1190,85
Truck141831,2683,0,1120,1190,70
Truck141248,0,2942,940,1191,251
Truck141460,2444,2443,1005,1191,186
Truck142006,2567,0,1175,1191,16
Truck140788,2444,1338,795,1192,397
Truck141645,2942,2443,1060,1192,132
Truck140209,1338,2443,615,1193,578
Truck141730,2225,0,1090,1193,103
Truck141939,2443,2684,1155,1193,38
Truck140823,2683,2224,805,1194,389
Truck141283,2443,2566,950,1194,244
Truck141285,2566,2443,950,1194,244
Truck141900,2777,2943,1140,1194,54
Truck140921,2224,2567,835,1195,360
Truck141207,2683,2942,925,1195,270
Truck141804,2777,2942,1110,1195,85
Truck141135,3119,0,900,1196,296
Truck141476,2444,2443,1010,1196,186
Truck141819,2776,2443,1115,1196,81
Truck142054,2567,1339,1190,1196,6
Truck141661,2942,2443,1065,1197,132
Truck140225,1338,2443,620,1198,578
Truck141519,3119,2443,1020,1198,178
Truck141810,2225,2444,1115,1198,83
Truck141982,2943,2942,1165,1198,33
Truck141301,2566,2443,955,1199,244
Truck141849,2224,3119,1125,1199,74
Truck141820,2777,2942,1115,1200,85
Truck141151,3119,0,905,1201,296
Truck141289,2224,2443,950,1201,251
Truck141540,2444,2567,1030,1201,171
Truck141626,2684,1339,1055,1201,146
Truck141594,2684,0,1045,1202,157
Truck141794,2225,1339,1110,1202,92
Truck140241,1338,2443,625,1203,578
Truck141535,3119,2443,1025,1203,178
Truck141998,2943,2942,1170,1203,33
Truck141762,2225,2443,1100,1204,104
Truck141911,2683,1339,1145,1204,59
Truck140912,0,2224,835,1205,370
Truck141239,2683,2942,935,1205,270
Truck141802,2684,2942,1110,1205,95
Truck141836,2777,2942,1120,1205,85
Truck141296,0,2942,955,1206,251
Truck141305,2224,2443,955,1206,251
Truck141556,2444,2567,1035,1206,171
Truck141675,2776,2942,1070,1206,136
Truck141843,2443,2776,1125,1206,81
Truck141851,2776,2443,1125,1206,81
Truck141967,3119,2942,1160,1206,46
Truck141693,2942,2443,1075,1207,132
Truck140257,1338,2443,630,1208,578
Truck141189,2566,2683,920,1208,288
Truck141191,2683,2566,920,1208,288
Truck141642,2684,2567,1060,1208,148
Truck142014,2943,2942,1175,1208,33
Truck141333,2566,2443,965,1209,244
Truck141778,2225,2443,1105,1209,104
Truck141830,2567,2225,1120,1209,89
Truck141844,2444,2225,1125,1209,84
Truck140928,0,2224,840,1210,370
Truck141818,2684,2942,1115,1210,95
Truck141852,2777,2942,1125,1210,85
Truck141350,2567,2942,970,1212,242
Truck141699,2443,2942,1080,1212,132
Truck141709,2942,2443,1080,1212,132
Truck141528,1339,2776,1025,1213,188
Truck141995,2776,2684,1170,1213,43
Truck142030,2943,2942,1180,1213,33
Truck141398,2567,2566,985,1214,229
Truck142010,2684,2443,1175,1214,39
Truck140609,1338,2225,740,1215,475
Truck141399,2683,2444,985,1215,230
Truck141868,2777,2942,1130,1215,85
Truck141337,2224,2443,965,1216,251
Truck141707,2776,2942,1080,1216,136
Truck141875,2443,2776,1135,1216,81
Truck142080,0,2567,1200,1216,16
Truck141222,2567,3119,930,1217,287
Truck141567,3119,2776,1035,1217,182
Truck141715,2443,2942,1085,1217,132
Truck141848,1339,2225,1125,1217,92
Truck140288,0,1338,640,1218,578
Truck140289,1338,2443,640,1218,578
Truck141223,2683,2566,930,1218,288
Truck142046,2943,2942,1185,1218,33
Truck140342,2567,1338,655,1219,564
Truck141365,2566,2443,975,1219,244
Truck141588,2444,1339,1045,1220,175
Truck141884,2777,2942,1135,1220,85
Truck141591,2683,2684,1045,1221,176
Truck141723,2776,2942,1085,1221,136
Truck141920,0,2683,1150,1221,71
Truck142013,2942,3119,1175,1221,46
Truck141741,2942,2443,1090,1222,132
Truck142112,0,1339,1210,1222,12
Truck140305,1338,2443,645,1223,578
Truck141560,1339,2776,1035,1223,188
Truck141563,2776,1339,1035,1223,188
Truck141599,3119,2443,1045,1223,178
Truck141824,0,2225,1120,1223,103
Truck142062,2943,2942,1190,1223,33
Truck141381,2566,2443,980,1224,244
Truck141369,2224,2443,975,1226,251
Truck141757,2942,2443,1095,1227,132
Truck140320,0,1338,650,1228,578
Truck140321,1338,2443,650,1228,578
Truck141445,2566,2567,1000,1228,228
Truck141731,2443,2683,1090,1228,138
Truck141906,2225,2444,1145,1228,83
Truck142051,2443,2684,1190,1228,38
Truck140374,2567,1338,665,1229,564
Truck140725,2566,1338,775,1229,454
Truck141397,2566,2443,985,1229,244
Truck141842,2225,2443,1125,1229,104
Truck142058,2684,2443,1190,1229,39
Truck140657,1338,2225,755,1230,475
Truck141574,2567,2776,1040,1230,190
Truck141916,2777,2942,1145,1230,85
Truck141917,2942,2777,1145,1230,85
Truck141385,2224,2443,980,1231,251
Truck141448,1339,2566,1000,1232,232
Truck141966,2943,3119,1160,1232,72
Truck140337,1338,2443,655,1233,578
Truck141595,2776,1339,1045,1233,188
Truck142067,2443,2684,1195,1233,38
Truck142094,2943,2942,1200,1233,33
Truck141413,2566,2443,990,1234,244
Truck141910,2567,2225,1145,1234,89
Truck142007,2683,1339,1175,1234,59
Truck141932,2777,2942,1150,1235,85
Truck141604,2444,2443,1050,1236,186
Truck141773,2942,2776,1100,1236,136
Truck141947,2776,2443,1155,1236,81
Truck141789,2942,2443,1105,1237,132
Truck141912,1339,2225,1145,1237,92
Truck140353,1338,2443,660,1238,578
Truck141608,1339,2776,1050,1238,188
Truck141767,2683,2443,1100,1238,138
Truck141938,2225,2444,1155,1238,83
Truck142110,2943,2942,1205,1238,33
Truck140969,2224,2683,850,1239,389
Truck141429,2566,2443,995,1239,244
Truck140689,1338,2225,765,1240,475
Truck141948,2777,2942,1155,1240,85
Truck140690,2225,1338,765,1241,476
Truck141279,3119,0,945,1241,296
Truck141311,3119,2567,955,1241,286
Truck141417,2224,2443,990,1241,251
Truck141620,2444,2443,1055,1241,186
Truck141752,1339,2684,1095,1241,146
Truck141963,2776,2443,1160,1241,81
Truck141302,2567,3119,955,1242,287
Truck141643,2776,3119,1060,1242,182
Truck141805,2942,2443,1110,1242,132
Truck142021,2566,2444,1180,1242,62
Truck142022,2567,2683,1180,1242,62
Truck140369,1338,2443,665,1243,578
Truck141663,3119,2443,1065,1243,178
Truck142126,2943,2942,1210,1243,33
Truck140422,2567,1338,680,1244,564
Truck140773,2566,1338,790,1244,454
Truck141890,2225,2443,1140,1244,104
Truck141993,2224,3119,1170,1244,74
Truck142039,2683,1339,1185,1244,59
Truck141622,2567,2776,1055,1245,190
Truck141668,2444,1339,1070,1245,175
Truck141964,2777,2942,1160,1245,85
Truck141636,2444,2443,1060,1246,186
Truck142000,0,2683,1175,1246,71
Truck141496,1339,2566,1015,1247,232
Truck141659,2776,3119,1065,1247,182
Truck141738,2684,0,1090,1247,157
Truck141821,2942,2443,1115,1247,132
Truck140385,1338,2443,670,1248,578
Truck141679,3119,2443,1070,1248,178
Truck141896,1339,2443,1140,1248,108
Truck142142,2943,2942,1215,1248,33
Truck141001,2224,2683,860,1249,389
Truck141855,3119,2777,1125,1249,124
Truck141807,3119,2684,1110,1250,140
Truck141980,2777,2942,1165,1250,85
Truck140433,1338,1339,685,1251,566
Truck141651,2443,2444,1065,1251,186
Truck140977,1338,2444,855,1252,397
Truck141827,2443,2942,1120,1252,132
Truck141837,2942,2443,1120,1252,132
Truck141960,1339,2225,1160,1252,92
Truck142053,2566,2444,1190,1252,62
Truck140401,1338,2443,675,1253,578
Truck141695,3119,2443,1075,1253,178
Truck142158,2943,2942,1220,1253,33
Truck140805,2566,1338,800,1254,454
Truck141477,2566,2443,1010,1254,244
Truck141922,2225,2443,1150,1254,104
Truck142122,2684,2776,1210,1254,44
Truck141352,1339,3119,970,1255,285
Truck141469,2942,0,1005,1255,250
Truck141996,2777,2942,1170,1255,85
Truck141451,2776,2224,1000,1256,256
Truck141456,0,2942,1005,1256,251
Truck141667,2443,2444,1070,1256,186
Truck141835,2776,2942,1120,1256,136
Truck142011,2776,2443,1175,1256,81
Truck142127,3119,2942,1210,1256,46
Truck140417,1338,0,680,1257,577
Truck140273,1338,2683,635,1258,623
Truck141575,2683,2776,1040,1258,218
Truck141711,3119,2443,1080,1258,178
Truck141923,2443,1339,1150,1258,108
Truck142139,2776,2684,1215,1258,43
Truck142174,2943,2942,1225,1258,33
Truck141488,0,2566,1015,1259,244
Truck141493,2566,2443,1015,1259,244
Truck141517,2942,1339,1020,1259,239
Truck141542,2567,2566,1030,1259,229
Truck142012,2777,2942,1175,1260,85
Truck141684,2444,2443,1075,1261,186
Truck141541,2566,1339,1030,1262,232
Truck141869,2942,2443,1130,1262,132
Truck141992,1339,2225,1170,1262,92
Truck141727,3119,2443,1085,1263,178
Truck141776,0,2684,1105,1263,158
Truck142002,2225,2567,1175,1263,88
Truck142190,2943,2942,1230,1263,33
Truck140833,1338,2566,810,1264,454
Truck141144,1339,2224,905,1264,359
Truck141509,2566,2443,1020,1264,244
Truck141610,2684,2224,1050,1264,214
Truck141736,1339,2444,1090,1264,174
Truck141907,2443,0,1145,1264,119
Truck141954,2225,2443,1160,1264,104
Truck141994,2684,2942,1170,1265,95
Truck142028,2777,2942,1180,1265,85
Truck141700,2444,2443,1080,1266,186
Truck141526,2567,2942,1025,1267,242
Truck141885,2942,2443,1135,1267,132
Truck142078,2943,3119,1195,1267,72
Truck140449,1338,2443,690,1268,578
Truck141826,2225,2683,1120,1268,148
Truck142206,2943,2942,1235,1268,33
Truck140853,2566,1338,815,1269,454
Truck141063,2683,2224,880,1269,389
Truck141970,2225,2443,1165,1269,104
Truck142036,2444,2225,1185,1269,84
Truck141400,1339,3119,985,1270,285
Truck142044,2777,2942,1185,1270,85
Truck141497,2224,2776,1015,1271,256
Truck141504,0,2942,1020,1271,251
Truck141712,0,2444,1085,1271,186
Truck141751,2683,2684,1095,1271,176
Truck141858,2225,2566,1130,1271,141
Truck141883,2776,2942,1135,1271,136
Truck142262,2567,0,1255,1271,16
Truck141901,2942,2443,1140,1272,132
Truck140465,1338,2443,695,1273,578
Truck141641,2224,2684,1060,1273,213
Truck141720,1339,2776,1085,1273,188
Truck141808,0,2684,1115,1273,158
Truck142195,2443,2684,1235,1273,38
Truck142222,2943,2942,1240,1273,33
Truck140865,1338,2566,820,1274,454
Truck141971,2443,2567,1165,1274,109
Truck141986,2225,2443,1170,1274,104
Truck141177,2224,2567,915,1275,360
Truck141565,2942,2567,1035,1275,240
Truck141680,0,2776,1075,1275,200
Truck142060,2777,2942,1190,1275,85
Truck141174,2567,2224,915,1276,361
Truck142310,2567,1339,1270,1276,6
Truck141755,2776,3119,1095,1277,182
Truck141782,2567,2444,1105,1277,172
Truck140481,1338,2443,700,1278,578
Truck141775,3119,2443,1100,1278,178
Truck141862,2567,2684,1130,1278,148
Truck142238,2943,2942,1245,1278,33
Truck141557,2566,2443,1035,1279,244
Truck141152,0,2224,910,1280,370
Truck141607,2683,2444,1050,1280,230
Truck141696,0,2776,1080,1280,200
Truck142042,2684,2942,1185,1280,95
Truck142076,2777,2942,1195,1280,85
Truck140529,1338,1339,715,1281,566
Truck141531,2776,2224,1025,1281,256
Truck141545,2224,2443,1030,1281,251
Truck141748,2444,2443,1095,1281,186
Truck141893,2566,2225,1140,1281,141
Truck142205,2942,3119,1235,1281,46
Truck140497,1338,2443,705,1283,578
Truck141209,2224,1339,925,1283,358
Truck141874,2225,2683,1135,1283,148
Truck142254,2943,2942,1250,1283,33
Truck141111,2683,2224,895,1284,389
Truck141573,2566,2443,1040,1284,244
Truck142003,2443,2567,1175,1284,109
Truck142018,2225,2443,1180,1284,104
Truck142168,1339,2683,1225,1284,59
Truck141495,2683,2942,1015,1285,270
Truck142092,2777,2942,1200,1285,85
Truck142167,2683,2567,1225,1285,60
Truck141764,2444,2443,1100,1286,186
Truck141812,2444,2567,1115,1286,171
Truck142107,2776,2443,1205,1286,81
Truck141949,2942,2443,1155,1287,132
Truck140513,1338,2443,710,1288,578
Truck140561,1338,2567,725,1288,563
Truck141795,2443,3119,1110,1288,178
Truck142270,2943,2942,1255,1288,33
Truck141589,2566,2443,1045,1289,244
Truck141739,2776,0,1090,1289,199
Truck141983,3119,2777,1165,1289,124
Truck141375,3119,2683,975,1290,315
Truck141511,2683,2942,1020,1290,270
Truck141639,2683,2444,1060,1290,230
Truck141935,3119,2684,1150,1290,140
Truck142108,2777,2942,1205,1290,85
Truck141780,2444,2443,1105,1291,186
Truck142320,0,2567,1275,1291,16
Truck142326,2567,0,1275,1291,16
Truck141424,0,3119,995,1292,297
Truck141823,3119,2443,1115,1293,178
Truck142048,0,2225,1190,1293,103
Truck142050,2225,0,1190,1293,103
Truck140582,2567,1338,730,1294,564
Truck141605,2566,2443,1050,1294,244
Truck141999,3119,2777,1170,1294,124
Truck142153,2224,3119,1220,1294,74
Truck141597,2942,0,1045,1295,250
Truck142124,2777,2942,1210,1295,85
Truck141455,3119,0,1000,1296,296
Truck141577,2224,2776,1040,1296,256
Truck141584,0,2942,1045,1296,251
Truck141593,2224,2443,1045,1296,251
Truck141796,2444,0,1110,1296,186
Truck141981,2942,2443,1165,1297,132
Truck142301,2942,2943,1265,1297,32
Truck142360,1339,0,1285,1297,12
Truck140545,1338,2443,720,1298,578
Truck141257,2224,1339,940,1298,358
Truck141803,2776,1339,1110,1298,188
Truck142302,2943,2942,1265,1298,33
Truck140598,2567,1338,735,1299,564
Truck142106,2684,2942,1205,1300,95
Truck141609,2224,2443,1050,1301,251
Truck141811,2443,2444,1115,1301,186
Truck141847,2683,2684,1125,1301,176
Truck140600,1339,1338,735,1302,567
Truck141140,2444,1338,905,1302,397
Truck141997,2942,2443,1170,1302,132
Truck142317,2942,2943,1270,1302,32
Truck140560,0,1338,725,1303,578
Truck140563,2443,1338,725,1303,578
Truck141635,2443,2566,1060,1304,244
Truck141864,1339,2444,1130,1304,174
Truck142082,2225,2443,1200,1304,104
Truck142298,2684,2443,1265,1304,39
Truck141415,2683,3119,990,1305,315
Truck141814,2567,2776,1115,1305,190
Truck142032,0,2443,1185,1305,120
Truck142156,2777,2942,1220,1305,85
Truck140898,2225,1338,830,1306,476
Truck141616,0,2942,1055,1306,251
Truck141625,2224,2443,1055,1306,251
Truck141828,2444,2443,1120,1306,186
Truck141978,2684,3119,1165,1306,141
Truck142171,2776,2443,1225,1306,81
Truck140625,1338,2567,745,1308,563
Truck142146,2225,2567,1220,1308,88
Truck142334,2943,2942,1275,1308,33
Truck141653,2566,2443,1065,1309,244
Truck142098,2225,2443,1205,1309,104
Truck142314,2684,2443,1270,1309,39
Truck141792,0,2776,1110,1310,200
Truck142172,2777,2942,1225,1310,85
Truck141989,2566,2225,1170,1311,141
Truck142223,3119,2943,1240,1311,71
Truck141169,1338,2444,915,1312,397
Truck142019,2443,2942,1180,1312,132
Truck142246,2567,2683,1250,1312,62
Truck141717,2566,2567,1085,1313,228
Truck141769,2224,2684,1100,1313,213
Truck141304,1339,2224,955,1314,359
Truck141669,2566,2443,1070,1314,244
Truck142099,2443,2567,1205,1314,109
Truck141719,2683,2444,1085,1315,230
Truck142154,2684,2942,1220,1315,95
Truck142286,2943,2777,1260,1315,55
Truck141657,2224,2443,1065,1316,251
Truck141716,2444,2683,1085,1316,231
Truck141856,0,2444,1130,1316,186
Truck141860,2444,2443,1130,1316,186
Truck141962,2684,0,1160,1317,157
Truck142045,2942,2443,1185,1317,132
Truck142365,2942,2943,1285,1317,32
Truck142424,1339,0,1305,1317,12
Truck141321,2224,1339,960,1318,358
Truck141771,2776,2683,1100,1318,218
Truck142130,2225,0,1215,1318,103
Truck142366,2943,2942,1285,1318,33
Truck140662,2567,1338,755,1319,564
Truck141683,2443,2566,1075,1319,244
Truck141685,2566,2443,1075,1319,244
Truck141786,2684,2224,1105,1319,214
Truck142182,2567,2225,1230,1319,89
Truck142196,2444,2225,1235,1319,84
Truck141463,2683,3119,1005,1320,315
Truck141471,3119,2683,1005,1320,315
Truck141613,2942,2683,1050,1320,270
Truck142170,2684,2942,1225,1320,95
Truck142204,2777,2942,1235,1320,85
Truck142247,2683,0,1250,1320,70
Truck141664,0,2942,1070,1321,251
Truck141876,2444,2443,1135,1321,186
Truck142335,3119,2942,1275,1321,46
Truck141520,0,3119,1025,1322,297
Truck142184,1339,2225,1230,1322,92
Truck142278,2567,2683,1260,1322,62
Truck141559,2683,2566,1035,1323,288
Truck141880,1339,2776,1135,1323,188
Truck142035,2443,2683,1185,1323,138
Truck142144,0,2225,1220,1323,103
Truck142147,2443,2225,1220,1323,103
Truck142276,2444,2566,1260,1323,63
Truck142382,2943,2942,1290,1323,33
Truck141701,2566,2443,1080,1324,244
Truck142212,2444,2225,1240,1324,84
Truck141487,3119,2683,1010,1325,315
Truck141623,2683,2942,1055,1325,270
Truck142318,2943,2777,1270,1325,55
Truck141689,2224,2443,1075,1326,251
Truck141891,2443,2444,1140,1326,186
Truck141892,2444,0,1140,1326,186
Truck142024,1339,2684,1180,1326,146
Truck142235,2776,2443,1245,1326,81
Truck142256,0,2683,1255,1326,71
Truck142351,3119,2942,1280,1326,46
Truck142026,2684,2567,1180,1328,148
Truck142152,1339,2443,1220,1328,108
Truck142226,2225,2444,1245,1328,83
Truck142398,2943,2942,1295,1328,33
Truck142063,3119,2684,1190,1330,140
Truck142202,2684,2942,1235,1330,95
Truck140978,2225,1338,855,1331,476
Truck141956,2444,2567,1160,1331,171
Truck142075,2776,2942,1195,1331,136
Truck141236,2444,1338,935,1332,397
Truck141946,2684,2683,1155,1332,177
Truck142083,2443,2942,1200,1332,132
Truck142309,2566,2444,1270,1332,62
Truck140656,0,1338,755,1333,578
Truck141951,3119,2443,1155,1333,178
Truck142034,2225,2683,1185,1333,148
Truck142414,2943,2942,1300,1333,33
Truck141733,2566,2443,1090,1334,244
Truck142131,2443,0,1215,1334,119
Truck142178,2225,2443,1230,1334,104
Truck141615,3119,1339,1050,1335,285
Truck141783,2683,2444,1105,1335,230
Truck142252,2777,2942,1250,1335,85
Truck140705,1338,1339,770,1336,566
Truck141924,2444,0,1150,1336,186
Truck142056,1339,2684,1190,1336,146
Truck142267,2776,2443,1255,1336,81
Truck140712,1339,1338,770,1337,567
Truck141974,2567,2444,1165,1337,172
Truck140721,1338,2567,775,1338,563
Truck142430,2943,2942,1305,1338,33
Truck141747,2443,2566,1095,1339,244
Truck141749,2566,2443,1095,1339,244
Truck141798,2567,2566,1110,1339,229
Truck142179,2443,2567,1230,1339,109
Truck142237,2942,2684,1245,1339,94
Truck142297,2224,3119,1265,1339,74
Truck142344,1339,2683,1280,1339,59
Truck141009,1338,2225,865,1340,475
Truck141631,3119,1339,1055,1340,285
Truck142140,2777,3119,1215,1340,125
Truck142268,2777,2942,1255,1340,85
Truck142343,2683,2567,1280,1340,60
Truck141728,0,2942,1090,1341,251
Truck141940,2444,2443,1155,1341,186
Truck141988,2444,2567,1170,1341,171
Truck142397,2942,3119,1295,1341,46
Truck141766,2567,2942,1100,1342,242
Truck141800,1339,2566,1110,1342,232
Truck142115,2443,2942,1210,1342,132
Truck142125,2942,2443,1210,1342,132
Truck142445,2942,2943,1310,1342,32
Truck141621,2566,2683,1055,1343,288
Truck141765,2566,0,1100,1343,243
Truck142103,2683,2443,1205,1343,138
Truck142274,2225,2444,1260,1343,83
Truck142446,2943,2942,1310,1343,33
Truck141763,2443,2566,1100,1344,244
Truck142210,2225,2443,1240,1344,104
Truck142253,2942,2684,1250,1344,94
Truck142313,2224,3119,1270,1344,74
Truck142426,2684,2443,1305,1344,39
Truck141784,1339,2942,1105,1345,240
Truck142173,2942,2224,1225,1345,120
Truck142284,2777,2942,1260,1345,85
Truck142285,2942,2777,1260,1345,85
Truck141979,2776,3119,1165,1347,182
Truck142141,2942,2443,1215,1347,132
Truck142357,2566,2444,1285,1347,62
Truck141881,2224,2684,1135,1348,213
Truck141987,2443,3119,1170,1348,178
Truck142462,2943,2942,1315,1348,33
Truck141882,2684,2224,1135,1349,214
Truck141958,2567,2776,1160,1350,190
Truck142176,0,2443,1230,1350,120
Truck142266,2684,2942,1255,1350,95
Truck142300,2777,2942,1265,1350,85
Truck141414,2567,2224,990,1351,361
Truck141760,0,2942,1100,1351,251
Truck141972,2444,2443,1165,1351,186
Truck142307,2443,2776,1270,1351,81
Truck142315,2776,2443,1270,1351,81
Truck142336,0,2683,1280,1351,71
Truck140760,1339,1338,785,1352,567
Truck142157,2942,2443,1220,1352,132
Truck142280,1339,2225,1260,1352,92
Truck142350,2943,3119,1280,1352,72
Truck140577,1338,2683,730,1353,623
Truck140720,0,1338,775,1353,578
Truck142242,2225,2443,1250,1354,104
Truck142442,2684,2776,1310,1354,44
Truck141057,1338,2225,880,1355,475
Truck141672,1339,3119,1070,1355,285
Truck141725,2942,2683,1085,1355,270
Truck141816,1339,2942,1115,1355,240
Truck142188,2777,3119,1230,1355,125
Truck142316,2777,2942,1270,1355,85
Truck142023,2683,2684,1180,1356,176
Truck142155,2776,2942,1220,1356,136
Truck142015,3119,2776,1175,1357,182
Truck140593,1338,2683,735,1358,623
Truck140737,1338,2443,780,1358,578
Truck140785,1338,2567,795,1358,563
Truck141899,2776,2683,1140,1358,218
Truck142031,3119,2443,1180,1358,178
Truck142114,2225,2683,1210,1358,148
Truck142243,2443,1339,1250,1358,108
Truck142259,2443,2225,1255,1358,103
Truck141137,1338,2566,905,1359,454
Truck141813,2566,2443,1115,1359,244
Truck142258,2225,2443,1255,1359,104
Truck141801,2224,2443,1110,1361,251
Truck142004,2444,2443,1175,1361,186
Truck142138,2684,1339,1215,1361,146
Truck141648,0,3119,1065,1362,297
Truck141861,2566,1339,1130,1362,232
Truck140753,1338,2443,785,1363,578
Truck142135,2683,2225,1215,1363,148
Truck142475,2776,2684,1320,1363,43
Truck142483,2443,2684,1325,1363,38
Truck141367,2683,2224,975,1364,389
Truck141464,1339,2224,1005,1364,359
Truck141829,2566,2443,1120,1364,244
Truck141704,1339,3119,1080,1365,285
Truck142220,2777,3119,1240,1365,125
Truck142348,2777,2942,1280,1365,85
Truck142016,0,2444,1180,1366,186
Truck142189,2942,2776,1230,1366,136
Truck142363,2776,2443,1285,1366,81
Truck141348,2444,1338,970,1367,397
Truck142047,3119,2776,1185,1367,182
Truck140769,1338,2443,790,1368,578
Truck140771,2443,1338,790,1368,578
Truck142526,2943,2942,1335,1368,33
Truck141449,2224,0,1000,1369,369
Truck141845,2566,2443,1125,1369,244
Truck142275,2443,2567,1260,1369,109
Truck142290,2225,2443,1265,1369,104
Truck142490,2684,2776,1325,1369,44
Truck141481,2224,2567,1010,1370,360
Truck142236,2777,3119,1245,1370,125
Truck142249,2224,2942,1250,1370,120
Truck142330,2684,2942,1275,1370,95
Truck142364,2777,2942,1285,1370,85
Truck140817,1338,1339,805,1371,566
Truck142071,2683,2684,1195,1371,176
Truck142203,2776,2942,1235,1371,136
Truck142371,2443,2776,1290,1371,81
Truck142379,2776,2443,1290,1371,81
Truck142074,2684,2683,1195,1372,177
Truck142211,2443,2942,1240,1372,132
Truck142542,2943,2942,1340,1373,33
Truck141465,2224,0,1005,1374,369
Truck142043,2776,2567,1185,1374,189
Truck142306,2225,2443,1270,1374,104
Truck142409,2224,3119,1300,1374,74
Truck142522,2684,2443,1335,1374,39
Truck141743,3119,1339,1090,1375,285
Truck141853,2942,0,1125,1375,250
Truck141122,2225,1338,900,1376,476
Truck141833,2224,2776,1120,1376,256
Truck141840,0,2942,1125,1376,251
Truck141908,2444,2683,1145,1376,231
Truck142052,2444,2443,1190,1376,186
Truck142087,2683,2684,1200,1376,176
Truck142219,2776,2942,1240,1376,136
Truck142090,2684,2683,1200,1377,177
Truck142453,2566,2444,1315,1377,62
Truck140801,1338,2443,800,1378,578
Truck142059,2776,1339,1190,1378,188
Truck142095,3119,2443,1200,1378,178
Truck142523,2776,2684,1335,1378,43
Truck141512,1339,2224,1020,1379,359
Truck141877,2566,2443,1135,1379,244
Truck142322,2225,2443,1275,1379,104
Truck142538,2684,2443,1340,1379,39
Truck141513,2224,2567,1020,1380,360
Truck141927,2683,2444,1150,1380,230
Truck142396,2777,2942,1295,1380,85
Truck142494,2943,2777,1325,1380,55
Truck141865,2224,2443,1130,1381,251
Truck142068,2444,2443,1195,1381,186
Truck142614,2567,0,1365,1381,16
Truck141750,2567,3119,1095,1382,287
Truck142470,2567,2683,1320,1382,62
Truck140819,2443,1338,805,1383,578
Truck142072,1339,2776,1195,1383,188
Truck142111,3119,2443,1205,1383,178
Truck142194,2225,2683,1235,1383,148
Truck142574,2943,2942,1350,1383,33
Truck141217,1338,2566,930,1384,454
Truck141431,2683,2224,995,1384,389
Truck141888,0,2566,1140,1384,244
Truck141942,2567,2566,1155,1384,229
Truck142287,3119,2777,1260,1384,124
Truck142338,2225,2443,1280,1384,104
Truck142508,2777,2943,1330,1384,54
Truck142554,2684,2443,1345,1384,39
Truck141815,2683,2942,1115,1385,270
Truck142288,0,2443,1265,1385,120
Truck142412,2777,2942,1300,1385,85
Truck141867,2776,2224,1130,1386,256
Truck142084,2444,0,1200,1386,186
Truck142427,2776,2443,1305,1386,81
Truck142624,0,2567,1370,1386,16
Truck142269,2942,2443,1255,1387,132
Truck142214,2567,2684,1240,1388,148
Truck142590,2943,2942,1355,1388,33
Truck141544,1339,2224,1030,1389,359
Truck141909,2566,2443,1145,1389,244
Truck142136,1339,2444,1215,1389,174
Truck142354,2225,2443,1285,1389,104
Truck142457,2224,3119,1315,1389,74
Truck142504,1339,2683,1330,1389,59
Truck141687,2683,3119,1075,1390,315
Truck141928,1339,2942,1150,1390,240
Truck142394,2684,2942,1295,1390,95
Truck142428,2777,2942,1305,1390,85
Truck141759,3119,0,1095,1391,296
Truck141897,2224,2443,1140,1391,251
Truck142100,2444,2443,1205,1391,186
Truck142443,2776,2443,1310,1391,81
Truck142150,2567,2444,1220,1392,172
Truck142478,2943,3119,1320,1392,72
Truck140849,1338,2443,815,1393,578
Truck141973,2566,2567,1165,1393,228
Truck142370,2225,0,1290,1393,103
Truck142606,2943,2942,1360,1393,33
Truck141925,2566,2443,1150,1394,244
Truck142444,2777,2942,1310,1395,85
Truck141558,2567,2224,1035,1396,361
Truck141904,0,2942,1145,1396,251
Truck141913,2224,2443,1145,1396,251
Truck142116,2444,2443,1210,1396,186
Truck142283,2776,2942,1260,1396,136
Truck140904,1339,1338,830,1397,567
Truck142143,3119,2776,1215,1397,182
Truck140864,0,1338,820,1398,578
Truck141797,2566,2683,1110,1398,288
Truck142159,3119,2443,1220,1398,178
Truck141941,2566,2443,1155,1399,244
Truck142091,2776,0,1200,1399,199
Truck142386,2225,2443,1295,1399,104
Truck141933,2942,0,1150,1400,250
Truck142332,2777,3119,1275,1400,125
Truck142345,2224,2942,1280,1400,120
Truck142460,2777,2942,1315,1400,85
Truck142132,2444,2443,1215,1401,186
Truck142299,2776,2942,1265,1401,136
Truck142710,2567,1339,1395,1401,6
Truck142234,2684,0,1245,1402,157
Truck142510,2943,3119,1330,1402,72
Truck140881,1338,2443,825,1403,578
Truck142224,0,2684,1245,1403,158
Truck142291,2443,2683,1265,1403,138
Truck142403,2443,2225,1300,1403,103
Truck142611,2443,2684,1365,1403,38
Truck140934,2567,1338,840,1404,564
Truck141957,2566,2443,1160,1404,244
Truck142402,2225,2443,1300,1404,104
Truck141976,1339,2942,1165,1405,240
Truck142180,2444,1339,1230,1405,175
Truck142476,2777,2942,1320,1405,85
Truck142519,2683,0,1335,1405,70
Truck141839,3119,2567,1120,1406,286
Truck141931,2776,2224,1150,1406,256
Truck141936,0,2942,1155,1406,251
Truck141945,2224,2443,1155,1406,251
Truck142148,2444,2443,1220,1406,186
Truck142491,2776,2443,1325,1406,81
Truck142527,3119,2943,1335,1406,71
Truck142688,0,2567,1390,1406,16
Truck142250,2684,0,1250,1407,157
Truck142549,2566,2444,1345,1407,62
Truck140897,1338,2443,830,1408,578
Truck142654,2943,2942,1375,1408,33
Truck142123,2776,0,1210,1409,199
Truck142200,1339,2444,1235,1409,174
Truck142418,2225,2443,1305,1409,104
Truck142634,2684,2443,1370,1409,39
Truck141895,2683,2942,1140,1410,270
Truck141965,2942,0,1160,1410,250
Truck142377,2224,2942,1290,1410,120
Truck142492,2777,2942,1325,1410,85
Truck141955,2443,2224,1160,1411,251
Truck142020,2444,2683,1180,1411,231
Truck142164,2444,2443,1225,1411,186
Truck142199,2683,2684,1235,1411,176
Truck142704,0,2567,1395,1411,16
Truck142339,2443,2942,1280,1412,132
Truck140913,1338,2443,835,1413,578
Truck140961,1338,2567,850,1413,563
Truck142564,2444,2566,1350,1413,63
Truck142670,2943,2942,1380,1413,33
Truck141317,2566,1338,960,1414,454
Truck142387,2443,0,1295,1414,119
Truck142650,2684,2443,1375,1414,39
Truck142380,2777,3119,1290,1415,125
Truck142422,2567,2443,1305,1415,110
Truck141250,2225,1338,940,1416,476
Truck141968,0,2942,1165,1416,251
Truck142347,2776,2942,1280,1416,136
Truck142282,2684,0,1260,1417,157
Truck142558,2943,3119,1345,1417,72
Truck140929,1338,2443,840,1418,578
Truck142187,2776,1339,1230,1418,188
Truck142686,2943,2942,1385,1418,33
Truck142399,3119,2777,1295,1419,124
Truck142450,2225,2443,1315,1419,104
Truck142524,2777,2942,1335,1420,85
Truck142525,2942,2777,1335,1420,85
Truck141266,2225,1338,945,1421,476
Truck140945,1338,0,845,1422,577
Truck141879,2683,2566,1135,1423,288
Truck142239,3119,2443,1245,1423,178
Truck142355,2443,2683,1285,1423,138
Truck142456,1339,2443,1315,1423,108
Truck142702,2943,2942,1390,1423,33
Truck141656,1339,2224,1065,1424,359
Truck142466,2225,2443,1320,1424,104
Truck142682,2684,2443,1385,1424,39
Truck142040,1339,2942,1185,1425,240
Truck142198,2567,2776,1235,1425,190
Truck142583,2683,0,1355,1425,70
Truck141871,3119,0,1130,1426,296
Truck141903,3119,2567,1140,1426,286
Truck142009,2224,2443,1175,1426,251
Truck142260,2444,2567,1255,1426,171
Truck142362,2684,3119,1285,1426,141
Truck142555,2776,2443,1345,1426,81
Truck141894,2567,3119,1140,1427,287
Truck142514,2225,1339,1335,1427,92
Truck142346,2684,2567,1280,1428,148
Truck142472,1339,2443,1320,1428,108
Truck142530,2225,2567,1340,1428,88
Truck142718,2943,2942,1395,1428,33
Truck142037,2566,2443,1185,1429,244
Truck142482,2225,2443,1325,1429,104
Truck142591,3119,2224,1355,1429,74
Truck142698,2684,2443,1390,1429,39
Truck141632,0,2224,1060,1430,370
Truck141919,3119,1339,1145,1430,285
Truck141959,2683,2942,1160,1430,270
Truck142556,2777,2942,1345,1430,85
Truck141887,3119,0,1135,1431,296
Truck142025,2224,2443,1180,1431,251
Truck142228,2444,2443,1245,1431,186
Truck142571,2776,2443,1350,1431,81
Truck141016,1339,1338,865,1432,567
Truck142085,2566,1339,1200,1432,232
Truck142255,3119,2776,1250,1432,182
Truck142271,3119,2443,1255,1433,178
Truck142562,2225,2444,1350,1433,83
Truck142734,2943,2942,1400,1433,33
Truck142102,2567,2566,1205,1434,229
Truck141686,2567,2224,1075,1436,361
Truck142027,2776,2224,1180,1436,256
Truck142292,2444,2567,1265,1436,171
Truck142376,1339,2684,1290,1436,146
Truck142587,2776,2443,1355,1436,81
Truck141572,2444,1338,1040,1437,397
Truck142104,1339,2566,1205,1437,232
Truck142419,2443,2942,1305,1437,132
Truck142552,1339,2225,1345,1437,92
Truck142622,2943,3119,1365,1437,72
Truck140993,1338,2443,860,1438,578
Truck142374,2567,2684,1290,1438,148
Truck142750,2943,2942,1405,1438,33
Truck141673,2224,0,1070,1439,369
Truck142069,2566,2443,1195,1439,244
Truck142623,3119,2224,1365,1439,74
Truck142714,2684,2776,1395,1439,44
Truck141944,1339,3119,1155,1440,285
Truck141991,2683,2942,1170,1440,270
Truck142061,2942,0,1190,1440,250
Truck142088,1339,2942,1200,1440,240
Truck142464,0,2443,1320,1440,120
Truck142473,2224,2942,1320,1440,120
Truck142588,2777,2942,1355,1440,85
Truck142603,2776,2443,1360,1441,81
Truck142717,2942,3119,1395,1441,46
Truck141585,1338,2444,1045,1442,397
Truck142086,2567,2942,1200,1442,242
Truck142638,2943,3119,1370,1442,72
Truck142765,2942,2943,1410,1442,32
Truck142824,1339,0,1430,1442,12
Truck141943,2683,2566,1155,1443,288
Truck142766,2943,2942,1410,1443,33
Truck142109,2942,1339,1205,1444,239
Truck142186,2684,2224,1230,1444,214
Truck142746,2684,2443,1405,1444,39
Truck141863,2683,3119,1130,1445,315
Truck142077,2942,0,1195,1445,250
Truck142489,2224,2942,1325,1445,120
Truck142679,2683,2567,1385,1445,60
Truck141718,2567,2224,1085,1446,361
Truck142057,2224,2776,1190,1446,256
Truck142064,0,2942,1195,1446,251
Truck142073,2224,2443,1195,1446,251
Truck142410,2684,1339,1300,1446,146
Truck142451,2443,2942,1315,1447,132
Truck142461,2942,2443,1315,1447,132
Truck141025,1338,2443,870,1448,578
Truck142531,2443,1339,1340,1448,108
Truck142536,1339,2443,1340,1448,108
Truck142747,2776,2684,1405,1448,43
Truck142782,2943,2942,1415,1448,33
Truck141078,2567,1338,885,1449,564
Truck142101,2566,2443,1205,1449,244
Truck142495,3119,2777,1325,1449,124
Truck142546,2225,2443,1345,1449,104
Truck142695,2683,1339,1390,1449,59
Truck142762,2684,2443,1410,1449,39
Truck142029,2942,2683,1180,1450,270
Truck142240,0,2776,1250,1450,200
Truck142620,2777,2942,1365,1450,85
Truck142621,2942,2777,1365,1450,85
Truck142434,2225,2566,1310,1451,141
Truck142656,0,2683,1380,1451,71
Truck142118,2567,2942,1210,1452,242
Truck142342,2567,2444,1280,1452,172
Truck142467,2443,2942,1320,1452,132
Truck142477,2942,2443,1320,1452,132
Truck141041,1338,2443,875,1453,578
Truck141753,2224,1339,1095,1453,358
Truck142323,2443,3119,1275,1453,178
Truck142626,2225,2444,1370,1453,83
Truck142798,2943,2942,1420,1453,33
Truck141721,2224,0,1085,1454,369
Truck142218,2684,2224,1240,1454,214
Truck142628,2444,2225,1370,1454,84
Truck142602,2684,2942,1360,1455,95
Truck142636,2777,2942,1370,1455,85
Truck142096,0,2942,1205,1456,251
Truck142105,2224,2443,1205,1456,251
Truck142643,2443,2776,1375,1456,81
Truck141990,2567,3119,1170,1457,287
Truck142439,2683,2225,1310,1458,148
Truck142708,2444,2566,1395,1458,63
Truck141461,2566,1338,1005,1459,454
Truck141768,1339,2224,1100,1459,359
Truck142133,2566,2443,1215,1459,244
Truck142578,2225,2443,1355,1459,104
Truck142687,3119,2224,1385,1459,74
Truck142748,2777,2943,1405,1459,54
Truck142794,2684,2443,1420,1459,39
Truck142904,1339,2567,1455,1459,4
Truck142055,2683,2942,1190,1460,270
Truck142183,2683,2444,1230,1460,230
Truck142618,2684,2942,1365,1460,95
Truck142652,2777,2942,1375,1460,85
Truck141105,1338,1339,895,1461,566
Truck142121,2224,2443,1210,1461,251
Truck142324,2444,2443,1275,1461,186
Truck142667,2776,2443,1380,1461,81
Truck142870,2567,0,1445,1461,16
Truck141652,2444,1338,1065,1462,397
Truck142499,2443,2942,1330,1462,132
Truck141073,1338,2443,885,1463,578
Truck142005,2566,2683,1175,1463,288
Truck142149,2566,0,1220,1463,243
Truck142367,3119,2443,1285,1463,178
Truck142458,2684,2567,1315,1463,148
Truck142658,2225,2444,1380,1463,83
Truck142830,2943,2942,1430,1463,33
Truck142579,2443,2567,1355,1464,109
Truck142594,2225,2443,1360,1464,104
Truck142697,2224,3119,1390,1464,74
Truck142810,2684,2443,1425,1464,39
Truck141744,0,2224,1095,1465,370
Truck142540,2777,3119,1340,1465,125
Truck142544,0,2443,1345,1465,120
Truck142668,2777,2942,1380,1465,85
Truck142137,2224,2443,1215,1466,251
Truck142340,2444,2443,1280,1466,186
Truck142507,2776,2942,1330,1466,136
Truck142675,2443,2776,1385,1466,81
Truck142880,0,2567,1450,1466,16
Truck142886,2567,0,1450,1466,16
Truck142515,2443,2942,1335,1467,132
Truck141089,1338,2443,890,1468,578
Truck142251,2776,2683,1250,1468,218
Truck142265,2224,2684,1255,1468,213
Truck142471,2683,2225,1320,1468,148
Truck142846,2943,2942,1435,1468,33
Truck142160,0,2566,1225,1469,244
Truck142163,2443,2566,1225,1469,244
Truck142165,2566,2443,1225,1469,244
Truck142392,1339,2444,1295,1469,174
Truck142563,2443,0,1350,1469,119
Truck142610,2225,2443,1365,1469,104
Truck142676,2444,2225,1385,1469,84
Truck142093,2942,2683,1200,1470,270
Truck142573,2942,2224,1350,1470,120
Truck142684,2777,2942,1385,1470,85
Truck141426,2225,1338,995,1471,476
Truck142356,2444,2443,1285,1471,186
Truck142541,2942,2443,1340,1472,132
Truck141104,0,1338,895,1473,578
Truck142674,2225,2567,1385,1473,88
Truck142862,2943,2942,1440,1473,33
Truck142331,2776,0,1275,1474,199
Truck142842,2684,2443,1435,1474,39
Truck142231,2683,2444,1245,1475,230
Truck142572,2777,3119,1350,1475,125
Truck142666,2684,2942,1380,1475,95
Truck142700,2777,2942,1390,1475,85
Truck142743,2683,0,1405,1475,70
Truck142372,2444,2443,1290,1476,186
Truck142506,2684,1339,1330,1476,146
Truck142232,1339,2566,1245,1477,232
Truck141121,1338,2443,900,1478,578
Truck142197,2566,0,1235,1478,243
Truck142502,2567,2684,1330,1478,148
Truck142878,2943,2942,1445,1478,33
Truck142595,2443,0,1360,1479,119
Truck142642,2225,2443,1375,1479,104
Truck142745,2224,3119,1405,1479,74
Truck142079,3119,1339,1195,1480,285
Truck142119,2683,2942,1210,1480,270
Truck142221,2942,2567,1240,1480,240
Truck142716,2777,2942,1395,1480,85
Truck142814,2943,2777,1425,1480,55
Truck142244,2444,2683,1250,1481,231
Truck142388,2444,2443,1295,1481,186
Truck142752,0,2683,1410,1481,71
Truck142415,3119,2776,1300,1482,182
Truck142696,1339,2225,1390,1482,92
Truck142790,2567,2683,1420,1482,62
Truck141185,1338,2567,920,1483,563
Truck142295,2683,2776,1265,1483,218
Truck142395,2776,1339,1295,1483,188
Truck142480,0,2684,1325,1483,158
Truck142551,2683,2443,1345,1483,138
Truck142648,1339,2443,1375,1483,108
Truck142867,2443,2684,1445,1483,38
Truck142894,2943,2942,1450,1483,33
Truck142213,2566,2443,1240,1484,244
Truck142761,2224,3119,1410,1484,74
Truck142874,2684,2443,1445,1484,39
Truck142604,2777,3119,1360,1485,125
Truck142617,2224,2942,1365,1485,120
Truck142646,2567,2443,1375,1485,110
Truck142732,2777,2942,1400,1485,85
Truck141846,2567,2224,1125,1486,361
Truck141732,2444,1338,1090,1487,397
Truck142230,2567,2942,1245,1487,242
Truck142805,2566,2444,1425,1487,62
Truck141153,1338,2443,910,1488,578
Truck142910,2943,2942,1455,1488,33
Truck142229,2566,2443,1245,1489,244
Truck142411,2776,2567,1300,1489,189
Truck142627,2443,0,1370,1489,119
Truck142726,2567,2225,1400,1489,89
Truck142823,2683,1339,1430,1489,59
Truck142248,1339,2942,1250,1490,240
Truck142208,0,2942,1240,1491,251
Truck142420,2444,2443,1305,1491,186
Truck142755,2443,2776,1410,1491,81
Truck142447,3119,2776,1310,1492,182
Truck142605,2942,2443,1360,1492,132
Truck142722,2225,1339,1400,1492,92
Truck142728,1339,2225,1400,1492,92
Truck142512,0,2684,1335,1493,158
Truck142550,2567,2684,1345,1493,148
Truck142690,2225,2443,1390,1494,104
Truck142742,2567,2225,1405,1494,89
Truck141505,1338,2225,1020,1495,475
Truck142468,2444,1339,1320,1495,175
Truck142764,2777,2942,1410,1495,85
Truck142227,2443,2224,1245,1496,251
Truck142233,2224,2443,1245,1496,251
Truck142436,2444,2443,1310,1496,186
Truck142296,1339,2566,1265,1497,232
Truck142440,1339,2776,1310,1498,188
Truck142479,3119,2443,1320,1498,178
Truck142570,2684,2567,1350,1498,148
Truck141799,2683,2224,1110,1499,389
Truck142261,2566,2443,1255,1499,244
Truck142659,2443,0,1380,1499,119
Truck142706,2225,2443,1395,1499,104
Truck142772,2444,2225,1415,1499,84
Truck142922,2684,2443,1460,1499,39
Truck142780,2777,2942,1415,1500,85
Truck142308,2444,2683,1270,1501,231
Truck142452,2444,2443,1315,1501,186
Truck142637,2942,2443,1370,1502,132
Truck142760,1339,2225,1410,1502,92
Truck141201,1338,2443,925,1503,578
Truck142586,2684,2567,1355,1503,148
Truck142712,1339,2443,1395,1503,108
Truck142770,2225,2567,1415,1503,88
Truck142378,2684,2224,1290,1504,214
Truck142872,1339,2683,1445,1504,59
Truck141872,0,2224,1135,1505,370
Truck142454,2567,2776,1315,1505,190
Truck142685,2942,2224,1385,1505,120
Truck141538,2225,1338,1030,1506,476
Truck142635,2776,2942,1370,1506,136
Truck142847,3119,2943,1435,1506,71
Truck143014,2567,0,1490,1506,16
Truck142802,2225,2444,1425,1508,83
Truck142293,2566,2443,1265,1509,244
Truck142738,2225,2443,1405,1509,104
Truck142804,2444,2225,1425,1509,84
Truck142908,2777,2943,1455,1509,54
Truck143064,1339,2567,1505,1509,4
Truck141929,2224,2567,1150,1510,360
Truck142175,3119,1339,1225,1510,285
Truck142215,2683,2942,1240,1510,270
Truck142516,2444,1339,1335,1510,175
Truck142778,2684,2942,1415,1510,95
Truck141265,1338,1339,945,1511,566
Truck141926,2567,2224,1150,1511,361
Truck142272,0,2942,1260,1511,251
Truck142281,2224,2443,1260,1511,251
Truck142653,2942,2776,1375,1511,136
Truck142166,2567,3119,1225,1512,287
Truck141233,1338,2443,935,1513,578
Truck141281,1338,2567,950,1513,563
Truck142884,2444,2566,1450,1513,63
Truck142990,2943,2942,1480,1513,33
Truck141286,2567,1338,950,1514,564
Truck141637,2566,1338,1060,1514,454
Truck142304,0,2566,1270,1514,244
Truck142333,2942,1339,1275,1514,239
Truck142754,2225,2443,1410,1514,104
Truck142328,1339,2942,1275,1515,240
Truck142829,2942,2777,1430,1515,85
Truck142500,2444,2443,1330,1516,186
Truck142535,2683,2684,1340,1516,176
Truck142843,2776,2443,1435,1516,81
Truck142959,3119,2942,1470,1516,46
Truck142901,2566,2444,1455,1517,62
Truck141249,1338,2443,940,1518,578
Truck142181,2566,2683,1230,1518,288
Truck142425,2224,2684,1305,1518,213
Truck142771,2443,2225,1415,1518,103
Truck142818,2225,2567,1430,1518,88
Truck143006,2943,2942,1485,1518,33
Truck142325,2566,2443,1275,1519,244
Truck142349,2942,1339,1280,1519,239
Truck142920,1339,2683,1460,1519,59
Truck142970,2684,2776,1475,1519,44
Truck142207,3119,1339,1235,1520,285
Truck142844,2777,2942,1435,1520,85
Truck142859,2776,2443,1440,1521,81
Truck142373,2566,1339,1290,1522,232
Truck142539,2776,3119,1340,1522,182
Truck142566,2567,2444,1350,1522,172
Truck141264,0,1338,945,1523,578
Truck142547,2443,3119,1345,1523,178
Truck142559,3119,2443,1345,1523,178
Truck142647,2683,2225,1375,1523,148
Truck142786,2225,0,1420,1523,103
Truck142787,2443,2225,1420,1523,103
Truck143022,2943,2942,1490,1523,33
Truck142889,2224,3119,1450,1524,74
Truck143002,2684,2443,1485,1524,39
Truck142216,1339,3119,1240,1525,285
Truck142736,0,2443,1405,1525,120
Truck142860,2777,2942,1440,1525,85
Truck142958,2943,2777,1470,1525,55
Truck142329,2224,2443,1275,1526,251
Truck142528,0,2444,1340,1526,186
Truck142664,1339,2684,1380,1526,146
Truck142875,2776,2443,1445,1526,81
Truck142575,3119,2443,1350,1528,178
Truck142866,2225,2444,1445,1528,83
Truck143011,2443,2684,1490,1528,38
Truck143038,2943,2942,1495,1528,33
Truck141961,2224,0,1160,1529,369
Truck142584,1339,2444,1355,1529,174
Truck143018,2684,2443,1490,1529,39
Truck142279,2683,2942,1260,1530,270
Truck142534,2567,2776,1340,1530,190
Truck142876,2777,2942,1445,1530,85
Truck142548,2444,2443,1345,1531,186
Truck142192,0,3119,1235,1532,297
Truck142926,2943,3119,1460,1532,72
Truck141297,1338,2443,955,1533,578
Truck142459,2776,2683,1315,1533,218
Truck142882,2225,2444,1450,1533,83
Truck143054,2943,2942,1500,1533,33
Truck141977,2224,0,1165,1534,369
Truck142474,2684,2224,1320,1534,214
Truck142921,2224,3119,1460,1534,74
Truck142151,2683,3119,1220,1535,315
Truck142596,2444,1339,1360,1535,175
Truck142719,3119,2684,1395,1535,140
Truck142892,2777,2942,1450,1535,85
Truck142352,0,2942,1285,1536,251
Truck142361,2224,2443,1285,1536,251
Truck142731,2776,2942,1400,1536,136
Truck142907,2776,2443,1455,1536,81
Truck142390,2567,2942,1295,1537,242
Truck142749,2942,2443,1405,1537,132
Truck142942,2943,3119,1465,1537,72
Truck141313,1338,2443,960,1538,578
Truck142245,2566,2683,1250,1538,288
Truck143070,2943,2942,1505,1538,33
Truck142389,2566,2443,1295,1539,244
Truck143050,2684,2443,1500,1539,39
Truck142311,2683,2942,1270,1540,270
Truck142381,2942,0,1290,1540,250
Truck142408,1339,2942,1300,1540,240
Truck142413,2942,2567,1300,1540,240
Truck142368,0,2942,1290,1541,251
Truck142615,2683,2684,1365,1541,176
Truck142406,2567,2942,1300,1542,242
Truck141329,1338,2443,965,1543,578
Truck142505,2224,2684,1330,1543,213
Truck142739,2443,2683,1405,1543,138
Truck143086,2943,2942,1510,1543,33
Truck142405,2566,2443,1300,1544,244
Truck142632,1339,2444,1370,1544,174
Truck142850,2225,2443,1440,1544,104
Truck143000,1339,2683,1485,1544,59
Truck143066,2684,2443,1505,1544,39
Truck142191,3119,2683,1230,1545,315
Truck142327,2683,2942,1275,1545,270
Truck142429,2942,2567,1305,1545,240
Truck142455,2683,2444,1315,1545,230
Truck142796,2777,3119,1420,1545,125
Truck142393,2224,2443,1295,1546,251
Truck142939,2776,2443,1465,1546,81
Truck141345,1338,0,970,1547,577
Truck142974,2943,3119,1475,1547,72
Truck142639,3119,2443,1370,1548,178
Truck143102,2943,2942,1515,1548,33
Truck142421,2566,2443,1305,1549,244
Truck142598,2567,2776,1360,1550,190
Truck142812,2777,3119,1425,1550,125
Truck142983,2683,0,1480,1550,70
Truck141393,1338,1339,985,1551,566
Truck142303,3119,2567,1265,1551,286
Truck142612,2444,2443,1365,1551,186
Truck142955,2776,2443,1470,1551,81
Truck141361,1338,0,975,1552,577
Truck142294,2567,3119,1265,1552,287
Truck142797,2942,2443,1420,1552,132
Truck141360,0,1338,975,1553,578
Truck142883,2443,2225,1450,1553,103
Truck143118,2943,2942,1520,1553,33
Truck142041,2224,0,1185,1554,369
Truck142432,0,2566,1310,1554,244
Truck142435,2443,2566,1310,1554,244
Truck142437,2566,2443,1310,1554,244
Truck142312,1339,3119,1270,1555,285
Truck142828,2777,3119,1430,1555,125
Truck142841,2224,2942,1435,1555,120
Truck142956,2777,2942,1470,1555,85
Truck142416,0,2942,1305,1556,251
Truck142795,2776,2942,1420,1556,136
Truck142971,2776,2443,1475,1556,81
Truck143206,2567,1339,1550,1556,6
Truck142813,2942,2443,1425,1557,132
Truck143192,1339,0,1545,1557,12
Truck141377,1338,2443,980,1558,578
Truck142671,3119,2443,1380,1558,178
Truck143134,2943,2942,1525,1558,33
Truck141781,2566,1338,1105,1559,454
Truck142898,2225,2443,1455,1559,104
Truck142503,2683,2444,1330,1560,230
Truck142861,2942,2224,1440,1560,120
Truck142972,2777,2942,1475,1560,85
Truck142644,2444,2443,1375,1561,186
Truck142811,2776,2942,1425,1561,136
Truck142987,2776,2443,1480,1561,81
Truck141432,1339,1338,995,1562,567
Truck142819,2443,2942,1430,1562,132
Truck141395,2443,1338,985,1563,578
Truck141441,1338,2567,1000,1563,563
Truck142978,2225,2444,1480,1563,83
Truck143150,2943,2942,1530,1563,33
Truck142914,2225,2443,1460,1564,104
Truck142391,2683,2942,1295,1565,270
Truck142493,2942,2567,1325,1565,240
Truck142954,2684,2942,1470,1565,95
Truck142988,2777,2942,1480,1565,85
Truck142441,2224,2776,1310,1566,256
Truck142827,2776,2942,1430,1566,136
Truck143117,2942,3119,1520,1566,46
Truck141409,1338,2443,990,1568,578
Truck142703,3119,2443,1390,1568,178
Truck142791,2683,2225,1420,1568,148
Truck143166,2943,2942,1535,1568,33
Truck141462,2567,1338,1005,1569,564
Truck142120,1339,2224,1210,1569,359
Truck142485,2566,2443,1325,1569,244
Truck142879,3119,2777,1445,1569,124
Truck142915,2443,2567,1460,1569,109
Truck142930,2225,2443,1465,1569,104
Truck142973,2942,2684,1475,1569,94
Truck142982,2567,2225,1480,1569,89
Truck143004,2777,2942,1485,1570,85
Truck141746,2225,1338,1095,1571,476
Truck142699,2776,3119,1390,1572,182
Truck141425,1338,2443,995,1573,578
Truck142359,2683,2566,1285,1573,288
Truck142807,2683,2225,1425,1573,148
Truck143182,2943,2942,1540,1573,33
Truck142501,2566,2443,1330,1574,244
Truck142946,2225,2443,1470,1574,104
Truck142423,2683,2942,1305,1575,270
Truck142520,1339,2942,1335,1575,240
Truck142640,0,2776,1375,1575,200
Truck143020,2777,2942,1490,1575,85
Truck142692,2444,2443,1390,1576,186
Truck142727,2683,2684,1400,1576,176
Truck143270,2567,1339,1570,1576,6
Truck141440,0,1338,1000,1578,578
Truck141489,1338,2567,1015,1578,563
Truck142375,2683,2566,1290,1578,288
Truck142735,3119,2443,1400,1578,178
Truck142952,1339,2443,1470,1578,108
Truck142963,2443,2225,1475,1578,103
Truck143198,2943,2942,1545,1578,33
Truck142517,2566,2443,1335,1579,244
Truck142962,2225,2443,1475,1579,104
Truck143065,2224,3119,1505,1579,74
Truck143162,2684,2776,1535,1579,44
Truck143036,2777,2942,1495,1580,85
Truck143037,2942,2777,1495,1580,85
Truck143079,2683,0,1510,1580,70
Truck142707,2443,2444,1395,1581,186
Truck142568,1339,2566,1350,1582,232
Truck142893,2942,2443,1450,1582,132
Truck143272,1339,0,1570,1582,12
Truck142619,2776,2683,1365,1583,218
Truck142751,3119,2443,1405,1583,178
Truck142968,1339,2443,1475,1583,108
Truck143214,2943,2942,1550,1583,33
Truck142533,2566,2443,1340,1584,244
Truck142927,3119,2777,1460,1584,124
Truck143081,2224,3119,1510,1584,74
Truck143127,2683,1339,1525,1584,59
Truck143148,2777,2943,1530,1584,54
Truck143178,2684,2776,1540,1584,44
Truck143194,2684,2443,1545,1584,39
Truck141793,1338,2225,1110,1585,475
Truck142319,3119,2683,1270,1585,315
Truck142924,2777,3119,1460,1585,125
Truck143052,2777,2942,1500,1585,85
Truck142521,2224,2443,1335,1586,251
Truck142720,0,2444,1400,1586,186
Truck142724,2444,2443,1400,1586,186
Truck142891,2776,2942,1450,1586,136
Truck143183,3119,2942,1540,1586,46
Truck142899,2443,2942,1455,1587,132
Truck143125,2566,2444,1525,1587,62
Truck141473,1338,2443,1010,1588,578
Truck142185,2224,1339,1230,1588,358
Truck143230,2943,2942,1555,1588,33
Truck142089,2224,2683,1200,1589,389
Truck142776,1339,2444,1415,1589,174
Truck143046,2567,2225,1500,1589,89
Truck142940,2777,3119,1465,1590,125
Truck143034,2684,2942,1495,1590,95
Truck143068,2777,2942,1505,1590,85
Truck142740,2444,2443,1405,1591,186
Truck143083,2776,2443,1510,1591,81
Truck142384,0,3119,1295,1592,297
Truck142767,3119,2776,1410,1592,182
Truck143142,2567,2683,1530,1592,62
Truck142201,2224,1339,1235,1593,358
Truck142651,2776,2683,1375,1593,218
Truck142665,2224,2684,1380,1593,213
Truck142783,3119,2443,1415,1593,178
Truck143058,2225,2567,1505,1593,88
Truck143246,2943,2942,1560,1593,33
Truck142169,2224,0,1225,1594,369
Truck142589,2942,1339,1355,1594,239
Truck143010,2225,2443,1490,1594,104
Truck143226,2684,2443,1555,1594,39
Truck142998,2567,2443,1485,1595,110
Truck142537,2224,2776,1340,1596,256
Truck142553,2224,2443,1345,1596,251
Truck142756,2444,2443,1410,1596,186
Truck142890,2684,1339,1450,1596,146
Truck142582,2567,2942,1355,1597,242
Truck142629,2566,2567,1370,1598,228
Truck142681,2224,2684,1385,1598,213
Truck142763,2776,1339,1410,1598,188
Truck143235,2443,2684,1560,1598,38
Truck143262,2943,2942,1565,1598,33
Truck142576,0,2566,1355,1599,244
Truck142581,2566,2443,1355,1599,244
Truck142979,2443,0,1480,1599,119
Truck143026,2225,2443,1495,1599,104
Truck143242,2684,2443,1560,1599,39
Truck142509,2942,2683,1330,1600,270
Truck142600,1339,2942,1360,1600,240
Truck143100,2777,2942,1515,1600,85
Truck142463,3119,2567,1315,1601,286
Truck142560,0,2942,1350,1601,251
Truck142799,3119,2776,1420,1602,182
Truck141521,1338,2443,1025,1603,578
Truck142683,2776,2683,1385,1603,218
Truck142815,3119,2443,1425,1603,178
Truck142906,2684,2567,1455,1603,148
Truck143278,2943,2942,1570,1603,33
Truck142597,2566,2443,1360,1604,244
Truck143042,2225,2443,1500,1604,104
Truck142383,3119,2683,1290,1605,315
Truck142616,1339,2942,1365,1605,240
Truck142992,0,2443,1485,1605,120
Truck143116,2777,2942,1520,1605,85
Truck142569,2224,2776,1350,1606,256
Truck142585,2224,2443,1355,1606,251
Truck143152,0,2683,1535,1606,71
Truck141537,1338,0,1030,1607,577
Truck141539,2443,1338,1030,1608,578
Truck142469,2566,2683,1320,1608,288
Truck142831,3119,2443,1430,1608,178
Truck143294,2943,2942,1575,1608,33
Truck142217,2224,0,1240,1609,369
Truck141873,1338,2225,1135,1610,475
Truck143132,2777,2942,1525,1610,85
Truck142592,0,2942,1360,1611,251
Truck142938,2684,1339,1465,1611,146
Truck143168,0,2683,1540,1611,71
Truck143263,3119,2942,1565,1611,46
Truck143344,0,2567,1595,1611,16
Truck142448,0,3119,1315,1612,297
Truck142630,2567,2942,1370,1612,242
Truck143310,2943,2942,1580,1613,33
Truck142730,2684,2224,1400,1614,214
Truck142779,2776,0,1415,1614,199
Truck143074,2225,2443,1510,1614,104
Truck142407,2683,3119,1300,1615,315
Truck142557,2942,2683,1345,1615,270
Truck141601,1338,1339,1050,1616,566
Truck142816,0,2444,1430,1616,186
Truck142820,2444,0,1430,1616,186
Truck142855,2683,2684,1440,1616,176
Truck142868,2444,2567,1445,1616,171
Truck143163,2776,2443,1535,1616,81
Truck142145,1338,2444,1220,1617,397
Truck143005,2942,2443,1485,1617,132
Truck142693,2566,2567,1390,1618,228
Truck142863,3119,2443,1440,1618,178
Truck143299,2443,2684,1580,1618,38
Truck143326,2943,2942,1585,1618,33
Truck142645,2566,2443,1375,1619,244
Truck142669,2942,1339,1380,1619,239
Truck143090,2225,2443,1515,1619,104
Truck142431,3119,2683,1305,1620,315
Truck143164,2777,2942,1535,1620,85
Truck142633,2224,2443,1370,1621,251
Truck142836,2444,2443,1435,1621,186
Truck142871,2683,2684,1445,1621,176
Truck142986,2684,3119,1480,1621,141
Truck143003,2776,2942,1485,1621,136
Truck142161,1338,2444,1225,1622,397
Truck142518,2567,3119,1335,1622,287
Truck142662,2567,2942,1380,1622,242
Truck143342,2943,2942,1590,1623,33
Truck142661,2566,2443,1380,1624,244
Truck143059,2443,0,1505,1624,119
Truck143091,2443,2567,1515,1624,109
Truck143106,2225,2443,1520,1624,104
Truck143209,2224,3119,1550,1624,74
Truck143215,3119,2224,1550,1624,74
Truck142680,1339,2942,1385,1625,240
Truck143056,0,2443,1505,1625,120
Truck143180,2777,2942,1540,1625,85
Truck142511,3119,0,1330,1626,296
Truck142852,2444,2443,1440,1626,186
Truck142994,2225,2566,1485,1626,141
Truck143187,2443,2776,1545,1626,81
Truck143231,3119,2943,1555,1626,71
Truck142177,1338,2444,1230,1627,397
Truck142678,2567,2942,1385,1627,242
Truck141457,1338,2683,1005,1628,623
Truck141600,0,1338,1050,1628,578
Truck142944,0,2684,1470,1628,158
Truck143123,2443,2225,1525,1628,103
Truck143358,2943,2942,1595,1628,33
Truck142677,2566,2443,1385,1629,244
Truck143122,2225,2443,1525,1629,104
Truck143023,3119,2684,1490,1630,140
Truck143085,2942,2224,1510,1630,120
Truck143196,2777,2942,1545,1630,85
Truck143013,2566,2225,1490,1631,141
Truck143035,2776,2942,1495,1631,136
Truck143211,2776,2443,1550,1631,81
Truck142193,1338,2444,1235,1632,397
Truck141617,1338,2443,1055,1633,578
Truck143186,2225,2567,1545,1633,88
Truck143374,2943,2942,1600,1633,33
Truck141953,1338,2225,1160,1635,475
Truck143084,2777,3119,1510,1635,125
Truck143212,2777,2942,1550,1635,85
Truck143213,2942,2777,1550,1635,85
Truck141665,1338,1339,1070,1636,566
Truck142672,0,2942,1385,1636,251
Truck143029,2566,2225,1495,1636,141
Truck143053,2942,2776,1500,1636,136
Truck141633,1338,2443,1060,1638,578
Truck142567,2683,2566,1350,1638,288
Truck143144,1339,2443,1530,1638,108
Truck143390,2943,2942,1605,1638,33
Truck142709,2566,2443,1395,1639,244
Truck143220,2444,2225,1555,1639,84
Truck142701,2942,0,1390,1640,250
Truck142733,2942,2567,1400,1640,240
Truck143055,3119,2684,1500,1640,140
Truck143228,2777,2942,1555,1640,85
Truck143032,1339,2684,1495,1641,146
Truck143045,2566,2225,1500,1641,141
Truck143243,2776,2443,1560,1641,81
Truck142950,2567,2444,1470,1642,172
Truck141649,1338,2443,1065,1643,578
Truck143160,1339,2443,1535,1643,108
Truck143406,2943,2942,1610,1643,33
Truck142263,2683,2224,1255,1644,389
Truck142723,2443,2566,1400,1644,244
Truck142725,2566,2443,1400,1644,244
Truck142826,2684,2224,1430,1644,214
Truck143155,2443,2567,1535,1644,109
Truck143273,2224,3119,1570,1644,74
Truck143319,2683,1339,1585,1644,59
Truck143386,2684,2443,1605,1644,39
Truck142744,1339,2942,1405,1645,240
Truck143210,2684,2942,1550,1645,95
Truck143244,2777,2942,1560,1645,85
Truck142358,2567,2224,1285,1646,361
Truck142607,3119,2567,1360,1646,286
Truck142713,2224,2443,1395,1646,251
Truck142916,2444,2443,1460,1646,186
Truck143259,2776,2443,1565,1646,81
Truck142966,2567,2444,1475,1647,172
Truck143176,1339,2443,1540,1648,108
Truck143422,2943,2942,1615,1648,33
Truck142741,2566,2443,1405,1649,244
Truck143295,3119,2224,1575,1649,74
Truck142663,2683,2942,1380,1650,270
Truck143260,2777,2942,1565,1650,85
Truck141713,1338,1339,1085,1651,566
Truck142715,2776,2224,1395,1651,256
Truck142729,2224,2443,1400,1651,251
Truck142932,2444,2443,1465,1651,186
Truck143099,2776,2942,1515,1651,136
Truck143101,2942,2776,1515,1651,136
Truck143391,3119,2942,1605,1651,46
Truck142758,2567,2942,1410,1652,242
Truck143240,1339,2225,1560,1652,92
Truck143334,2567,2683,1590,1652,62
Truck141543,2683,1338,1030,1653,623
Truck141681,1338,2443,1075,1653,578
Truck142839,2683,2776,1435,1653,218
Truck142857,2224,2684,1440,1653,213
Truck143063,2683,2225,1505,1653,148
Truck143403,2776,2684,1610,1653,43
Truck142757,2566,2443,1410,1654,244
Truck142858,2684,2224,1440,1654,214
Truck142984,1339,2444,1480,1654,174
Truck143202,2225,2443,1550,1654,104
Truck143402,2684,2776,1610,1654,44
Truck143528,1339,2567,1650,1654,4
Truck142543,3119,2683,1340,1655,315
Truck142781,2942,2567,1415,1655,240
Truck143161,2224,2942,1535,1655,120
Truck143165,2942,2224,1535,1655,120
Truck143276,2777,2942,1570,1655,85
Truck142947,2443,2444,1470,1656,186
Truck142948,2444,2443,1470,1656,186
Truck143098,2684,3119,1515,1656,141
Truck143115,2776,2942,1520,1656,136
Truck143291,2776,2443,1575,1656,81
Truck143312,0,2683,1585,1656,71
Truck142774,2567,2942,1415,1657,242
Truck142975,3119,2776,1475,1657,182
Truck143453,2942,2943,1625,1657,32
Truck141553,1338,2683,1035,1658,623
Truck141697,1338,2443,1080,1658,578
Truck142991,3119,2443,1480,1658,178
Truck143078,2567,2684,1510,1658,148
Truck143218,2225,0,1555,1658,103
Truck143419,2776,2684,1615,1658,43
Truck143454,2943,2942,1625,1658,33
Truck142773,2566,2443,1415,1659,244
Truck142923,2776,0,1460,1659,199
Truck143321,2224,3119,1585,1659,74
Truck143418,2684,2776,1615,1659,44
Truck143177,2224,2942,1540,1660,120
Truck143258,2684,2942,1565,1660,95
Truck142964,2444,2443,1475,1661,186
Truck143307,2776,2443,1580,1661,81
Truck143139,2443,2942,1530,1662,132
Truck143149,2942,2443,1530,1662,132
Truck141569,1338,2683,1040,1663,623
Truck143007,3119,2443,1485,1663,178
Truck143470,2943,2942,1630,1663,33
Truck142117,2566,1338,1210,1664,454
Truck142789,2566,2443,1420,1664,244
Truck143234,2225,2443,1560,1664,104
Truck142711,2683,2942,1395,1665,270
Truck143193,2224,2942,1545,1665,120
Truck143308,2777,2942,1580,1665,85
Truck143309,2942,2777,1580,1665,85
Truck142777,2224,2443,1415,1666,251
Truck142980,2444,2443,1480,1666,186
Truck143323,2776,2443,1585,1666,81
Truck143439,3119,2942,1620,1666,46
Truck143558,2567,1339,1660,1666,6
Truck143082,2684,0,1510,1667,157
Truck143485,2942,2943,1635,1667,32
Truck141729,1338,2443,1090,1668,578
Truck143248,0,2225,1565,1668,103
Truck143250,2225,0,1565,1668,103
Truck143251,2443,2225,1565,1668,103
Truck143486,2943,2942,1635,1668,33
Truck142400,0,2224,1300,1670,370
Truck143290,2684,2942,1575,1670,95
Truck143324,2777,2942,1585,1670,85
Truck142066,2225,1338,1195,1671,476
Truck142438,2567,2224,1310,1671,361
Truck142793,2224,2443,1420,1671,251
Truck142996,2444,2443,1485,1671,186
Truck143031,2683,2684,1495,1671,176
Truck141745,1338,0,1095,1672,577
Truck142822,2567,2942,1430,1672,242
Truck143019,2776,3119,1490,1672,182
Truck143171,2443,2942,1540,1672,132
Truck143130,2684,2567,1525,1673,148
Truck143256,1339,2443,1565,1673,108
Truck142821,2566,2443,1430,1674,244
Truck143369,2224,3119,1600,1674,74
Truck143416,1339,2683,1615,1674,59
Truck142599,2683,3119,1360,1675,315
Truck143167,3119,2684,1535,1675,140
Truck143340,2777,2942,1590,1675,85
Truck143438,2943,2777,1620,1675,55
Truck142800,0,2942,1425,1676,251
Truck142803,2443,2224,1425,1676,251
Truck142809,2224,2443,1425,1676,251
Truck143012,2444,0,1490,1676,186
Truck143154,2225,2566,1535,1676,141
Truck143179,2776,2942,1540,1676,136
Truck143355,2776,2443,1595,1676,81
Truck142869,2566,1339,1445,1677,232
Truck143114,2684,0,1520,1677,157
Truck143197,2942,2443,1545,1677,132
Truck143320,1339,2225,1585,1677,92
Truck141761,1338,2443,1100,1678,578
Truck143267,2443,1339,1570,1678,108
Truck143280,0,2225,1575,1678,103
Truck142832,0,2566,1435,1679,244
Truck142837,2566,2443,1435,1679,244
Truck143282,2225,2443,1575,1679,104
Truck142759,2683,2942,1410,1680,270
Truck143356,2777,2942,1595,1680,85
Truck143431,2683,2567,1620,1680,60
Truck142825,2224,2443,1430,1681,251
Truck143028,2444,2443,1495,1681,186
Truck143051,2776,3119,1500,1682,182
Truck143336,1339,2225,1590,1682,92
Truck141777,1338,2443,1105,1683,578
Truck143071,3119,2443,1505,1683,178
Truck143288,1339,2443,1575,1683,108
Truck143499,2776,2684,1640,1683,43
Truck143534,2943,2942,1650,1683,33
Truck142848,0,2566,1440,1684,244
Truck142853,2566,2443,1440,1684,244
Truck143247,3119,2777,1560,1684,124
Truck143298,2225,2443,1580,1684,104
Truck143514,2684,2443,1645,1684,39
Truck142845,2942,0,1435,1685,250
Truck143030,2567,2776,1495,1685,190
Truck143338,2684,2942,1590,1685,95
Truck143372,2777,2942,1600,1685,85
Truck142486,2567,2224,1325,1686,361
Truck142835,2443,2224,1435,1686,251
Truck143044,2444,2443,1500,1686,186
Truck143387,2776,2443,1605,1686,81
Truck143408,0,2683,1615,1686,71
Truck141832,1339,1338,1120,1687,567
Truck143229,2942,2443,1555,1687,132
Truck143048,1339,2776,1500,1688,188
Truck143075,2443,3119,1510,1688,178
Truck143314,2225,2443,1585,1689,104
Truck143640,1339,2567,1685,1689,4
Truck142655,3119,2683,1375,1690,315
Truck142919,2683,2444,1460,1690,230
Truck143388,2777,2942,1605,1690,85
Truck143389,2942,2777,1605,1690,85
Truck143463,2683,2567,1630,1690,60
Truck142851,2443,2224,1440,1691,251
Truck143060,2444,2443,1505,1691,186
Truck143424,0,2683,1620,1691,71
Truck143517,2942,3119,1645,1691,46
Truck143600,0,2567,1675,1691,16
Truck143087,3119,2776,1510,1692,182
Truck143245,2942,2443,1560,1692,132
Truck141809,1338,2443,1115,1693,578
Truck143067,2776,1339,1505,1693,188
Truck143103,3119,2443,1515,1693,178
Truck143330,2225,0,1590,1693,103
Truck143566,2943,2942,1660,1693,33
Truck142885,2566,2443,1450,1694,244
Truck142934,2567,2566,1465,1694,229
Truck143404,2777,2942,1610,1695,85
Truck142864,0,2942,1445,1696,251
Truck143076,2444,2443,1510,1696,186
Truck143208,1339,2684,1550,1696,146
Truck143440,0,2683,1625,1696,71
Truck143455,3119,2943,1625,1696,71
Truck143616,0,2567,1680,1696,16
Truck142404,2444,1338,1300,1697,397
Truck142902,2567,2942,1455,1697,242
Truck141825,1338,2443,1120,1698,578
Truck143347,2443,2225,1595,1698,103
Truck143547,2776,2684,1655,1698,43
Truck143582,2943,2942,1665,1698,33
Truck143346,2225,2443,1595,1699,104
Truck142496,0,2224,1330,1700,370
Truck142925,2942,2567,1460,1700,240
Truck143292,2777,3119,1575,1700,125
Truck143420,2777,2942,1615,1700,85
Truck142162,2225,1338,1225,1701,476
Truck142873,2224,2776,1445,1701,256
Truck143092,2444,0,1515,1701,186
Truck143435,2776,2443,1620,1701,81
Truck141841,1338,2443,1125,1703,578
Truck141889,1338,2567,1140,1703,563
Truck143135,3119,2443,1525,1703,178
Truck143598,2943,2942,1670,1703,33
Truck142241,1338,2566,1250,1704,454
Truck142917,2566,2443,1460,1704,244
Truck143362,2225,2443,1600,1704,104
Truck143578,2684,2443,1665,1704,39
Truck142967,2683,2444,1475,1705,230
Truck143094,2567,2776,1515,1705,190
Truck142896,0,2942,1455,1706,251
Truck142905,2224,2443,1455,1706,251
Truck143156,2444,2567,1535,1706,171
Truck141857,1338,2443,1130,1708,578
Truck143378,2225,0,1605,1708,103
Truck143614,2943,2942,1675,1708,33
Truck142928,0,2566,1465,1709,244
Truck142931,2443,2566,1465,1709,244
Truck143363,2443,2567,1600,1709,109
Truck143421,2942,2684,1615,1709,94
Truck143594,2684,2443,1670,1709,39
Truck142808,1339,3119,1425,1710,285
Truck143328,0,2443,1590,1710,120
Truck143452,2777,2942,1625,1710,85
Truck143527,2683,2567,1650,1710,60
Truck143550,2943,2777,1655,1710,55
Truck143266,2225,2566,1570,1711,141
Truck143702,2567,1339,1705,1711,6
Truck142806,2567,3119,1425,1712,287
Truck143502,2943,3119,1640,1712,72
Truck143216,0,2684,1555,1713,158
Truck143630,2943,2942,1680,1713,33
Truck142277,2566,1338,1260,1714,454
Truck142949,2566,2443,1470,1714,244
Truck143131,2776,2567,1525,1714,189
Truck143394,2225,2443,1610,1714,104
Truck143497,2224,3119,1640,1714,74
Truck143503,3119,2224,1640,1714,74
Truck142877,2942,2683,1445,1715,270
Truck143511,2683,0,1645,1715,70
Truck142937,2224,2443,1465,1716,251
Truck143136,0,2444,1530,1716,186
Truck143140,2444,2443,1530,1716,186
Truck143483,2776,2443,1635,1716,81
Truck143597,2942,3119,1670,1716,46
Truck143442,2225,1339,1625,1717,92
Truck143518,2943,3119,1645,1717,72
Truck143232,0,2684,1560,1718,158
Truck143271,2683,2225,1570,1718,148
Truck143410,2225,0,1615,1718,103
Truck143619,2443,2684,1680,1718,38
Truck143646,2943,2942,1685,1718,33
Truck142960,0,2566,1475,1719,244
Truck142965,2566,2443,1475,1719,244
Truck143610,2684,2776,1675,1719,44
Truck142957,2942,0,1470,1720,250
Truck143360,0,2443,1600,1720,120
Truck142953,2224,2443,1470,1721,251
Truck143734,2567,1339,1715,1721,6
Truck142481,1338,2444,1325,1722,397
Truck142484,2444,1338,1325,1722,397
Truck143341,2942,2443,1590,1722,132
Truck143458,2225,1339,1630,1722,92
Truck143720,1339,0,1710,1722,12
Truck141905,1338,2443,1145,1723,578
Truck143315,2443,2683,1585,1723,138
Truck143662,2943,2942,1690,1723,33
Truck142981,2566,2443,1480,1724,244
Truck143411,2443,2567,1615,1724,109
Truck143426,2225,2443,1620,1724,104
Truck143626,2684,2776,1680,1724,44
Truck142909,2942,2683,1455,1725,270
Truck143466,2684,2942,1630,1725,95
Truck143500,2777,2942,1640,1725,85
Truck143172,2444,2443,1540,1726,186
Truck143195,2776,3119,1545,1727,182
Truck143357,2942,2443,1595,1727,132
Truck141921,1338,2443,1150,1728,578
Truck143427,2443,1339,1620,1728,108
Truck143443,2443,2225,1625,1728,103
Truck143678,2943,2942,1695,1728,33
Truck142997,2566,2443,1485,1729,244
Truck143494,2567,2225,1640,1729,89
Truck142257,1338,2225,1255,1730,475
Truck142775,2683,3119,1415,1730,315
Truck143021,2942,2567,1490,1730,240
Truck143405,2942,2224,1610,1730,120
Truck143516,2777,2942,1645,1730,85
Truck143591,2683,2567,1670,1730,60
Truck141969,1338,1339,1165,1731,566
Truck142985,2224,2443,1480,1731,251
Truck143188,2444,2443,1545,1731,186
Truck143647,3119,2942,1685,1731,46
Truck142513,1338,2444,1335,1732,397
Truck141937,1338,2443,1155,1733,578
Truck143061,2566,2567,1505,1733,228
Truck143113,2224,2684,1520,1733,213
Truck142341,2566,1338,1280,1734,454
Truck143608,1339,2683,1675,1734,59
Truck142273,1338,2225,1260,1735,475
Truck142608,0,2224,1365,1735,370
Truck142941,2942,2683,1465,1735,270
Truck143190,2567,2776,1545,1735,190
Truck143236,2444,1339,1560,1735,175
Truck143359,3119,2684,1595,1735,140
Truck143532,2777,2942,1650,1735,85
Truck143204,2444,2443,1550,1736,186
Truck143373,2942,2776,1600,1736,136
Truck143568,0,2683,1665,1736,71
Truck143782,2567,1339,1730,1736,6
Truck142532,2444,1338,1340,1737,397
Truck143227,2776,3119,1555,1737,182
Truck143512,1339,2225,1645,1737,92
Truck143768,1339,0,1725,1737,12
Truck143474,2225,2443,1635,1739,104
Truck143583,3119,2224,1665,1739,74
Truck143375,3119,2684,1600,1740,140
Truck143548,2777,2942,1655,1740,85
Truck143017,2224,2443,1490,1741,251
Truck143255,2683,2684,1565,1741,176
Truck142903,2683,2566,1455,1743,288
Truck143480,1339,2443,1635,1743,108
Truck143699,2443,2684,1705,1743,38
Truck143726,2943,2942,1710,1743,33
Truck142649,2224,0,1375,1744,369
Truck143069,2942,1339,1505,1744,239
Truck143146,2684,2224,1530,1744,214
Truck143490,2225,2443,1640,1744,104
Truck143593,2224,3119,1670,1744,74
Truck143706,2684,2443,1705,1744,39
Truck143436,2777,3119,1620,1745,125
Truck143564,2777,2942,1660,1745,85
Truck143565,2942,2777,1660,1745,85
Truck143639,2683,2567,1685,1745,60
Truck142895,3119,0,1450,1746,296
Truck143024,0,2942,1495,1746,251
Truck143027,2443,2224,1495,1746,251
Truck143033,2224,2443,1495,1746,251
Truck143814,2567,1339,1740,1746,6
Truck143062,2567,2942,1505,1747,242
Truck143274,2684,2683,1570,1747,177
Truck141985,1338,2443,1170,1748,578
Truck143147,2776,2683,1530,1748,218
Truck142038,2567,1338,1185,1749,564
Truck142601,2224,2683,1360,1749,389
Truck143110,2567,2566,1520,1749,229
Truck143722,2684,2443,1710,1749,39
Truck142989,2942,2683,1480,1750,270
Truck143580,2777,2942,1665,1750,85
Truck143581,2942,2777,1665,1750,85
Truck142911,3119,0,1455,1751,296
Truck143040,0,2942,1500,1751,251
Truck143043,2443,2224,1500,1751,251
Truck143049,2224,2443,1500,1751,251
Truck143108,2444,2683,1520,1751,231
Truck143252,2444,2443,1565,1751,186
Truck143711,3119,2942,1705,1751,46
Truck142580,2444,1338,1355,1752,397
Truck143302,2567,2444,1580,1752,172
Truck143354,2684,0,1595,1752,157
Truck143437,2942,2443,1620,1752,132
Truck143816,1339,0,1740,1752,12
Truck143382,2567,2684,1605,1753,148
Truck143522,2225,0,1650,1753,103
Truck143758,2943,2942,1720,1753,33
Truck143077,2566,2443,1510,1754,244
Truck143126,2567,2566,1525,1754,229
Truck143507,2443,2567,1645,1754,109
Truck143625,2224,3119,1680,1754,74
Truck143096,1339,2942,1515,1755,240
Truck143300,2444,1339,1580,1755,175
Truck143468,2777,3119,1630,1755,125
Truck143596,2777,2942,1670,1755,85
Truck143306,2684,2683,1580,1757,177
Truck143773,2942,2943,1725,1757,32
Truck142017,1338,2443,1180,1758,578
Truck142070,2567,1338,1195,1759,564
Truck143093,2566,2443,1515,1759,244
Truck143538,2225,2443,1655,1759,104
Truck143604,2444,2225,1675,1759,84
Truck143015,2683,2942,1490,1760,270
Truck143143,2683,2444,1530,1760,230
Truck143484,2777,3119,1635,1760,125
Truck143488,0,2443,1640,1760,120
Truck143612,2777,2942,1675,1760,85
Truck143072,0,2942,1510,1761,251
Truck143451,2776,2942,1625,1761,136
Truck143627,2776,2443,1680,1761,81
Truck142609,1338,2444,1365,1762,397
Truck143459,2443,2942,1630,1762,132
Truck142033,1338,2443,1185,1763,578
Truck143191,2683,2776,1545,1763,218
Truck143327,3119,2443,1585,1763,178
Truck143552,0,2225,1660,1763,103
Truck143554,2225,0,1660,1763,103
Truck143109,2566,2443,1520,1764,244
Truck143628,2777,2942,1680,1765,85
Truck143088,0,2942,1515,1766,251
Truck143097,2224,2443,1515,1766,251
Truck143635,2443,2776,1685,1766,81
Truck142097,1338,2567,1205,1768,563
Truck143343,3119,2443,1590,1768,178
Truck143806,2943,2942,1735,1768,33
Truck143570,2225,2443,1665,1769,104
Truck143770,2684,2776,1725,1769,44
Truck143786,2684,2443,1730,1769,39
Truck143047,2683,2942,1500,1770,270
Truck143644,2777,2942,1685,1770,85
Truck143742,2943,2777,1715,1770,55
Truck143104,0,2942,1520,1771,251
Truck143316,2444,2443,1585,1771,186
Truck143680,0,2683,1700,1771,71
Truck143501,2942,2443,1640,1772,132
Truck143618,2225,1339,1680,1772,92
Truck143694,2943,3119,1700,1772,72
Truck142065,1338,2443,1195,1773,578
Truck143223,2683,2776,1555,1773,218
Truck143450,2684,2567,1625,1773,148
Truck143586,2225,0,1670,1773,103
Truck143689,2224,3119,1700,1774,74
Truck143802,2684,2443,1735,1774,39
Truck143487,3119,2684,1635,1775,140
Truck143660,2777,2942,1690,1775,85
Truck143120,0,2942,1525,1776,251
Truck143129,2224,2443,1525,1776,251
Truck143332,2444,0,1590,1776,186
Truck143367,2683,2684,1600,1776,176
Truck142660,2444,1338,1380,1777,397
Truck142976,0,3119,1480,1777,297
Truck143158,2567,2942,1535,1777,242
Truck143434,2684,0,1620,1777,157
Truck143710,2943,3119,1705,1777,72
Truck142081,1338,2443,1200,1778,578
Truck143239,2683,2776,1560,1778,218
Truck142134,2567,1338,1215,1779,564
Truck142792,1339,2224,1420,1779,359
Truck143602,2225,2443,1675,1779,104
Truck143705,2224,3119,1705,1779,74
Truck143818,2684,2443,1740,1779,39
Truck142935,2683,3119,1465,1780,315
Truck142943,3119,2683,1465,1780,315
Truck143039,3119,1339,1495,1780,285
Truck143181,2942,2567,1540,1780,240
Truck143751,2683,2567,1720,1780,60
Truck143145,2224,2443,1530,1781,251
Truck143348,2444,0,1595,1781,186
Truck143383,2683,2684,1605,1781,176
Truck143396,2444,2567,1610,1781,171
Truck143515,2776,2942,1645,1781,136
Truck143712,0,2683,1710,1781,71
Truck143174,2567,2942,1540,1782,242
Truck143523,2443,2942,1650,1782,132
Truck143750,2567,2683,1720,1782,62
Truck143482,2684,2567,1635,1783,148
Truck143173,2566,2443,1540,1784,244
Truck143222,2567,2566,1555,1784,229
Truck142768,0,2224,1415,1785,370
Truck143350,2567,2776,1595,1785,190
Truck143519,3119,2684,1645,1785,140
Truck143658,2684,2942,1690,1785,95
Truck143692,2777,2942,1700,1785,85
Truck143364,2444,2443,1600,1786,186
Truck143498,2684,1339,1640,1786,146
Truck143549,2942,2443,1655,1787,132
Truck143666,2225,1339,1695,1787,92
Truck141975,2683,1338,1165,1788,623
Truck143698,2225,2444,1705,1788,83
Truck143764,2444,2566,1725,1788,63
Truck143870,2943,2942,1755,1788,33
Truck143189,2566,2443,1545,1789,244
Truck143850,2684,2443,1750,1789,39
Truck143111,2683,2942,1520,1790,270
Truck143366,2567,2776,1600,1790,190
Truck143412,2444,1339,1615,1790,175
Truck143708,2777,2942,1705,1790,85
Truck143709,2942,2777,1705,1790,85
Truck143380,2444,2443,1605,1791,186
Truck143723,2776,2443,1710,1791,81
Truck143920,0,2567,1775,1791,16
Truck143407,3119,2776,1610,1792,182
Truck142128,0,1338,1215,1793,578
Truck142129,1338,2443,1215,1793,578
Truck143506,2225,2683,1645,1793,148
Truck143543,2683,2443,1655,1793,138
Truck143714,2225,2444,1710,1793,83
Truck142840,1339,2224,1435,1794,359
Truck143205,2566,2443,1550,1794,244
Truck143603,2443,0,1675,1794,119
Truck143693,2942,2684,1700,1794,94
Truck143866,2684,2443,1755,1794,39
Truck143080,1339,3119,1510,1795,285
Truck143133,2942,2683,1525,1795,270
Truck143724,2777,2942,1710,1795,85
Truck142838,2567,2224,1435,1796,361
Truck143395,2443,2444,1610,1796,186
Truck143855,3119,2942,1750,1796,46
Truck143774,2943,3119,1725,1797,72
Truck142001,1338,2683,1175,1798,623
Truck143303,2683,2776,1580,1798,218
Truck143902,2943,2942,1765,1798,33
Truck143221,2566,2443,1555,1799,244
Truck143322,2684,2224,1585,1799,214
Truck143371,2776,0,1600,1799,199
Truck143769,2224,3119,1725,1799,74
Truck143836,2777,2943,1745,1799,54
Truck143882,2684,2443,1760,1799,39
Truck143567,3119,2684,1660,1800,140
Truck143740,2777,2942,1715,1800,85
Truck143838,2943,2777,1745,1800,55
Truck143546,2684,1339,1655,1801,146
Truck143238,2567,2942,1560,1802,242
Truck143790,2943,3119,1730,1802,72
Truck143337,2224,2684,1590,1803,213
Truck143667,2443,1339,1695,1803,108
Truck143891,2443,2684,1765,1803,38
Truck143918,2943,2942,1770,1803,33
Truck142565,2566,1338,1350,1804,454
Truck143237,2566,2443,1560,1804,244
Truck143261,2942,1339,1565,1804,239
Truck143831,2683,1339,1745,1804,59
Truck143898,2684,2443,1765,1804,39
Truck143112,1339,3119,1520,1805,285
Truck143159,2683,2942,1535,1805,270
Truck143756,2777,2942,1720,1805,85
Truck142498,2225,1338,1330,1806,476
Truck143428,2444,0,1620,1806,186
Truck143763,2443,2776,1725,1806,81
Truck143254,2567,2942,1565,1807,242
Truck143613,2942,2443,1675,1807,132
Truck143934,2943,2942,1775,1808,33
Truck143175,2683,2942,1540,1810,270
Truck143277,2942,2567,1570,1810,240
Truck143392,0,2776,1610,1810,200
Truck143430,2567,2776,1620,1810,190
Truck143738,2684,2942,1715,1810,95
Truck143772,2777,2942,1725,1810,85
Truck143444,2444,2443,1625,1811,186
Truck143589,2566,2225,1670,1811,141
Truck143787,2776,2443,1730,1811,81
Truck143823,3119,2943,1740,1811,71
Truck143901,2942,3119,1765,1811,46
Truck143903,3119,2942,1765,1811,46
Truck143822,2943,3119,1740,1812,72
Truck143949,2942,2943,1780,1812,32
Truck142049,1338,2683,1190,1813,623
Truck143317,2566,2567,1585,1813,228
Truck143351,2683,2776,1595,1813,218
Truck143448,1339,2776,1625,1813,188
Truck143607,2683,2443,1675,1813,138
Truck143704,1339,2443,1705,1813,108
Truck143950,2943,2942,1780,1813,33
Truck143264,0,2566,1570,1814,244
Truck143269,2566,2443,1570,1814,244
Truck143370,2684,2224,1600,1814,214
Truck143780,2444,2225,1730,1814,84
Truck143293,2942,2567,1575,1815,240
Truck143615,3119,2684,1675,1815,140
Truck143754,2684,2942,1720,1815,95
Truck143788,2777,2942,1730,1815,85
Truck143241,2224,2776,1560,1816,256
Truck143460,2444,2443,1630,1816,186
Truck143495,2683,2684,1640,1816,176
Truck142788,2444,1338,1420,1817,397
Truck142209,1338,2443,1240,1818,578
Truck143385,2224,2684,1605,1818,213
Truck143491,2443,3119,1640,1818,178
Truck143590,2567,2684,1670,1818,148
Truck143715,2443,1339,1710,1818,108
Truck143966,2943,2942,1785,1818,33
Truck142613,2566,1338,1365,1819,454
Truck143283,2443,2566,1575,1819,244
Truck143285,2566,2443,1575,1819,244
Truck143679,3119,2777,1695,1819,124
Truck143730,2225,2443,1715,1819,104
Truck143833,2224,3119,1745,1819,74
Truck143946,2684,2443,1780,1819,39
Truck143304,1339,2942,1580,1820,240
Truck143508,2444,1339,1645,1820,175
Truck143676,2777,3119,1695,1820,125
Truck143804,2777,2942,1735,1820,85
Truck143475,2443,2444,1635,1821,186
Truck143811,2443,2776,1740,1821,81
Truck143819,2776,2443,1740,1821,81
Truck142264,1339,1338,1255,1822,567
Truck142801,1338,2444,1425,1822,397
Truck143333,2566,1339,1590,1822,232
Truck143854,2943,3119,1750,1822,72
Truck142225,1338,2443,1245,1823,578
Truck143982,2943,2942,1790,1823,33
Truck142936,1339,2224,1465,1824,359
Truck143301,2566,2443,1580,1824,244
Truck143746,2225,2443,1720,1824,104
Truck143962,2684,2443,1785,1824,39
Truck143820,2777,2942,1740,1825,85
Truck143275,2776,2224,1570,1826,256
Truck143289,2224,2443,1575,1826,251
Truck143492,2444,2443,1640,1826,186
Truck143661,2942,2776,1690,1826,136
Truck144032,0,2567,1810,1826,16
Truck144038,2567,0,1810,1826,16
Truck143318,2567,2942,1585,1827,242
Truck144056,1339,0,1815,1827,12
Truck143535,3119,2443,1650,1828,178
Truck143998,2943,2942,1795,1828,33
Truck143467,2776,0,1630,1829,199
Truck143762,2225,2443,1725,1829,104
Truck143865,2224,3119,1755,1829,74
Truck143978,2684,2443,1790,1829,39
Truck143095,2683,3119,1515,1830,315
Truck143879,2683,0,1760,1830,70
Truck143199,3119,2567,1545,1831,286
Truck143305,2224,2443,1580,1831,251
Truck143650,2225,2566,1690,1831,141
Truck143675,2776,2942,1695,1831,136
Truck143851,2776,2443,1750,1831,81
Truck142833,1338,2444,1435,1832,397
Truck143368,1339,2566,1600,1832,232
Truck143531,2776,3119,1650,1832,182
Truck143886,2943,3119,1760,1832,72
Truck142113,1338,2683,1210,1833,623
Truck142969,2224,1339,1475,1833,358
Truck143551,3119,2443,1655,1833,178
Truck143642,2684,2567,1685,1833,148
Truck144014,2943,2942,1800,1833,33
Truck143331,2443,2566,1590,1834,244
Truck143948,2777,2943,1780,1834,54
Truck143119,3119,2683,1520,1835,315
Truck143352,1339,2942,1595,1835,240
Truck143472,0,2776,1635,1835,200
Truck143691,2776,2942,1700,1836,136
Truck143867,2776,2443,1755,1836,81
Truck143381,2566,1339,1605,1837,232
Truck143562,2684,2683,1660,1837,177
Truck142321,1338,2567,1275,1838,563
Truck143555,2443,3119,1660,1838,178
Truck143784,1339,2443,1730,1838,108
Truck143794,2225,0,1735,1838,103
Truck144003,2443,2684,1800,1838,38
Truck144030,2943,2942,1805,1838,33
Truck142887,2683,2224,1450,1839,389
Truck143349,2566,2443,1595,1839,244
Truck143964,2777,2943,1785,1839,54
Truck143399,2683,2444,1610,1840,230
Truck143868,2777,2942,1755,1840,85
Truck143539,2443,2444,1655,1841,186
Truck143540,2444,2443,1655,1841,186
Truck143575,2683,2684,1665,1841,176
Truck143674,2684,1339,1695,1841,146
Truck143682,2225,2566,1700,1841,141
Truck143563,2776,3119,1660,1842,182
Truck143725,2942,2443,1710,1842,132
Truck143671,2683,2225,1695,1843,148
Truck143810,2225,0,1740,1843,103
Truck144046,2943,2942,1810,1843,33
Truck143365,2566,2443,1600,1844,244
Truck143414,2567,2566,1615,1844,229
Truck143876,2444,2225,1760,1844,84
Truck144010,2684,2776,1800,1844,44
Truck143151,3119,2683,1530,1845,315
Truck143885,2942,2777,1760,1845,85
Truck143339,2776,2224,1590,1846,256
Truck143556,2444,2443,1660,1846,186
Truck143701,2566,2225,1705,1846,141
Truck143899,2776,2443,1765,1846,81
Truck143741,2942,2443,1715,1847,132
Truck142305,1338,2443,1270,1848,578
Truck143686,2567,2684,1700,1848,148
Truck143824,0,2225,1745,1848,103
Truck144062,2943,2942,1815,1848,33
Truck143376,0,2566,1605,1849,244
Truck143779,2443,0,1730,1849,119
Truck143826,2225,2443,1745,1849,104
Truck143929,2224,3119,1775,1849,74
Truck144042,2684,2443,1810,1849,39
Truck142641,1338,2225,1375,1850,475
Truck143400,1339,2942,1610,1850,240
Truck143785,2224,2942,1730,1850,120
Truck143900,2777,2942,1765,1850,85
Truck143572,2444,2443,1665,1851,186
Truck143915,2776,2443,1770,1851,81
Truck143951,3119,2943,1780,1851,71
Truck142900,2444,1338,1455,1852,397
Truck143595,2776,3119,1670,1852,182
Truck143599,3119,2776,1670,1852,182
Truck143747,2443,2942,1720,1852,132
Truck144077,2942,2943,1820,1852,32
Truck143579,2776,1339,1665,1853,188
Truck143827,2443,1339,1745,1853,108
Truck144043,2776,2684,1810,1853,43
Truck144078,2943,2942,1820,1853,33
Truck143842,2225,2443,1750,1854,104
Truck143908,2444,2225,1770,1854,84
Truck144058,2684,2443,1815,1854,39
Truck143325,2942,2683,1585,1855,270
Truck143379,2443,2224,1605,1856,251
Truck143588,2444,2443,1670,1856,186
Truck143755,2776,2942,1720,1856,136
Truck143923,2443,2776,1775,1856,81
Truck144166,2567,1339,1850,1856,6
Truck143611,2776,3119,1675,1857,182
Truck143990,2567,2683,1795,1857,62
Truck142337,1338,2443,1280,1858,578
Truck143719,2683,2225,1710,1858,148
Truck144067,2443,2684,1820,1858,38
Truck142951,2683,2224,1470,1859,389
Truck143413,2566,2443,1615,1859,244
Truck143462,2567,2566,1630,1859,229
Truck143858,2225,2443,1755,1859,104
Truck143961,2224,3119,1785,1859,74
Truck144074,2684,2443,1820,1859,39
Truck144184,1339,2567,1855,1859,4
Truck143008,0,2224,1490,1860,370
Truck143335,2683,2942,1590,1860,270
Truck143932,2777,2942,1775,1860,85
Truck143401,2224,2443,1610,1861,251
Truck143947,2776,2443,1780,1861,81
Truck142353,1338,0,1285,1862,577
Truck143631,3119,2776,1680,1862,182
Truck143789,2942,2443,1730,1862,132
Truck144005,2566,2444,1800,1862,62
Truck143287,2683,2566,1575,1863,288
Truck143735,2683,2225,1715,1863,148
Truck144110,2943,2942,1830,1863,33
Truck143429,2566,2443,1620,1864,244
Truck143530,2684,2224,1650,1864,214
Truck144200,1339,2567,1860,1864,4
Truck143207,2683,3119,1550,1865,315
Truck143991,2683,0,1795,1865,70
Truck143620,2444,2443,1680,1866,186
Truck143963,2776,2443,1785,1866,81
Truck144198,2567,1339,1860,1866,6
Truck142369,1338,2443,1290,1868,578
Truck143663,3119,2443,1690,1868,178
Truck143888,0,2225,1765,1868,103
Truck143938,2225,2567,1780,1868,88
Truck144126,2943,2942,1835,1868,33
Truck143445,2566,2443,1625,1869,244
Truck143890,2225,2443,1765,1869,104
Truck143464,1339,2942,1630,1870,240
Truck143636,2444,2443,1685,1871,186
Truck143803,2776,2942,1735,1871,136
Truck144095,3119,2942,1825,1871,46
Truck143944,1339,2225,1780,1872,92
Truck142385,1338,2443,1295,1873,578
Truck143906,2225,0,1770,1873,103
Truck144142,2943,2942,1840,1873,33
Truck143001,2224,2683,1485,1874,389
Truck143461,2566,2443,1630,1874,244
Truck143958,2567,2225,1785,1874,89
Truck143972,2444,2225,1790,1874,84
Truck144106,2684,2776,1830,1874,44
Truck143852,2777,3119,1750,1875,125
Truck143980,2777,2942,1790,1875,85
Truck143311,3119,0,1580,1876,296
Truck143449,2224,2443,1625,1876,251
Truck143652,2444,2443,1690,1876,186
Truck144111,3119,2942,1830,1876,46
Truck144192,0,2567,1860,1876,16
Truck142401,1338,0,1300,1877,577
Truck143296,0,3119,1580,1877,297
Truck143478,2567,2942,1635,1877,242
Truck143659,2776,1339,1690,1878,188
Truck143695,3119,2443,1700,1878,178
Truck143778,2225,2683,1730,1878,148
Truck144158,2943,2942,1845,1878,33
Truck143526,2567,2566,1650,1879,229
Truck143922,2225,2443,1775,1879,104
Truck143469,2942,0,1630,1880,250
Truck143496,1339,2942,1640,1880,240
Truck144094,2943,2777,1825,1880,55
Truck143456,0,2942,1630,1881,251
Truck143668,2444,2443,1695,1881,186
Truck142417,1338,0,1305,1882,577
Truck143843,2443,2942,1750,1882,132
Truck144070,2567,2683,1820,1882,62
Truck143760,0,2684,1725,1883,158
Truck143936,0,2225,1780,1883,103
Truck144174,2943,2942,1850,1883,33
Truck143128,1339,2224,1525,1884,359
Truck143493,2566,2443,1640,1884,244
Truck143643,2776,0,1685,1884,199
Truck144047,3119,2224,1810,1884,74
Truck143279,3119,2683,1570,1885,315
Truck143415,2683,2942,1615,1885,270
Truck143716,2444,1339,1710,1885,175
Truck143884,2777,3119,1760,1885,125
Truck144012,2777,2942,1800,1885,85
Truck144013,2942,2777,1800,1885,85
Truck143683,2443,2444,1700,1886,186
Truck143834,2684,3119,1745,1886,141
Truck143510,2567,2942,1645,1887,242
Truck143869,2942,2443,1755,1887,132
Truck142289,1338,2683,1265,1888,623
Truck142433,1338,2443,1310,1888,578
Truck144190,2943,2942,1855,1888,33
Truck143509,2566,2443,1645,1889,244
Truck143954,2225,2443,1785,1889,104
Truck144103,2683,1339,1830,1889,59
Truck144104,1339,2683,1830,1889,59
Truck143994,2684,2942,1795,1890,95
Truck144028,2777,2942,1805,1890,85
Truck143481,2224,2776,1635,1891,256
Truck143700,2444,0,1705,1891,186
Truck142488,1339,1338,1325,1892,567
Truck144205,2942,2943,1860,1892,32
Truck142449,1338,2443,1315,1893,578
Truck143743,3119,2443,1715,1893,178
Truck144100,2444,2566,1830,1893,63
Truck143525,2566,2443,1650,1894,244
Truck144186,2684,2443,1855,1894,39
Truck143544,1339,2942,1655,1895,240
Truck143916,2777,3119,1770,1895,125
Truck144044,2777,2942,1810,1895,85
Truck143883,2776,2942,1760,1896,136
Truck144173,2942,3119,1850,1896,46
Truck143542,2567,2942,1655,1897,242
Truck144018,2225,1339,1805,1897,92
Truck142465,1338,2443,1320,1898,578
Truck143397,2566,2683,1610,1898,288
Truck143541,2566,0,1655,1898,243
Truck143759,3119,2443,1720,1898,178
Truck143986,2225,0,1795,1898,103
Truck144060,2777,2942,1815,1900,85
Truck143513,2224,2776,1645,1901,256
Truck143731,2443,2444,1715,1901,186
Truck143732,2444,2443,1715,1901,186
Truck144310,2567,1339,1895,1901,6
Truck143907,2443,2942,1770,1902,132
Truck143917,2942,2443,1770,1902,132
Truck143739,2776,1339,1715,1903,188
Truck143987,2443,1339,1795,1903,108
Truck144066,2225,2444,1820,1903,83
Truck144238,2943,2942,1870,1903,33
Truck142881,1338,2566,1450,1904,454
Truck143557,2566,2443,1660,1904,244
Truck144218,2684,2443,1865,1904,39
Truck143432,1339,3119,1620,1905,285
Truck143576,1339,2942,1665,1905,240
Truck144076,2777,2942,1820,1905,85
Truck143536,0,2942,1655,1906,251
Truck143545,2224,2443,1655,1906,251
Truck143748,2444,2443,1720,1906,186
Truck143574,2567,2942,1665,1907,242
Truck142497,1338,2443,1330,1908,578
Truck143621,2566,2567,1680,1908,228
Truck143752,1339,2776,1720,1908,188
Truck143874,2225,2683,1760,1908,148
Truck144008,1339,2443,1800,1908,108
Truck144254,2943,2942,1875,1908,33
Truck143573,2566,2443,1665,1909,244
Truck144234,2684,2443,1870,1909,39
Truck144344,1339,2567,1905,1909,4
Truck143592,1339,2942,1670,1910,240
Truck144092,2777,2942,1825,1910,85
Truck142834,2225,1338,1435,1911,476
Truck143423,3119,0,1615,1911,296
Truck143914,2684,3119,1770,1911,141
Truck144221,2942,3119,1865,1911,46
Truck143939,2443,2942,1780,1912,132
Truck143225,2224,1339,1555,1913,358
Truck143447,2683,2566,1625,1913,288
Truck144082,2225,2567,1825,1913,88
Truck144270,2943,2942,1880,1913,33
Truck143584,0,2566,1670,1914,244
Truck143690,2684,2224,1700,1914,214
Truck144034,2225,2443,1810,1914,104
Truck144143,3119,2224,1840,1914,74
Truck144183,2683,1339,1855,1914,59
Truck143184,0,2224,1545,1915,370
Truck144108,2777,2942,1830,1915,85
Truck143471,3119,2567,1630,1916,286
Truck143561,2224,2776,1660,1916,256
Truck143930,2684,3119,1775,1916,141
Truck143807,3119,2776,1735,1917,182
Truck143965,2942,2443,1785,1917,132
Truck142529,1338,2443,1340,1918,578
Truck143605,2566,0,1675,1918,243
Truck143653,2566,2567,1690,1918,228
Truck143687,2683,2776,1700,1918,218
Truck144286,2943,2942,1885,1918,33
Truck142933,2566,1338,1465,1919,454
Truck143629,2942,1339,1680,1919,239
Truck144050,2225,2443,1815,1919,104
Truck144153,2224,3119,1845,1919,74
Truck144266,2684,2443,1880,1919,39
Truck143200,0,2224,1550,1920,370
Truck143533,2942,2683,1650,1920,270
Truck143624,1339,2942,1680,1920,240
Truck143996,2777,3119,1795,1920,125
Truck144090,2684,2942,1825,1920,95
Truck144124,2777,2942,1835,1920,85
Truck143796,2444,2443,1735,1921,186
Truck143124,2444,1338,1525,1922,397
Truck143656,1339,2566,1690,1922,232
Truck144197,2566,2444,1860,1922,62
Truck144301,2942,2943,1890,1922,32
Truck142545,1338,2443,1345,1923,578
Truck143839,3119,2443,1745,1923,178
Truck144267,2776,2684,1880,1923,43
Truck144302,2943,2942,1890,1923,33
Truck143771,2776,0,1725,1924,199
Truck143848,1339,2444,1750,1924,174
Truck143645,2942,2567,1685,1925,240
Truck143798,2567,2776,1735,1925,190
Truck144140,2777,2942,1840,1925,85
Truck144215,2683,2567,1865,1925,60
Truck143609,2224,2443,1675,1926,251
Truck143812,2444,2443,1740,1926,186
Truck143979,2776,2942,1790,1926,136
Truck144155,2776,2443,1845,1926,81
Truck143137,1338,2444,1530,1927,397
Truck143997,2942,2443,1795,1927,132
Truck142561,1338,2443,1350,1928,578
Truck143637,2566,0,1685,1928,243
Truck144072,1339,2443,1820,1928,108
Truck144122,2684,2942,1835,1930,95
Truck144156,2777,2942,1845,1930,85
Truck143828,2444,2443,1745,1931,186
Truck142577,1338,0,1355,1932,577
Truck143654,2567,2942,1690,1932,242
Truck143688,1339,2566,1700,1932,232
Truck144206,2943,3119,1860,1932,72
Truck143835,2776,1339,1745,1933,188
Truck144146,2225,2567,1845,1933,88
Truck144334,2943,2942,1900,1933,33
Truck143257,2224,0,1565,1934,369
Truck143648,0,2566,1690,1934,244
Truck143651,2443,2566,1690,1934,244
Truck144098,2225,2443,1830,1934,104
Truck143672,1339,2942,1695,1935,240
Truck144086,2567,2443,1825,1935,110
Truck143844,2444,2443,1750,1936,186
Truck143976,1339,2684,1790,1936,146
Truck144179,2443,2776,1855,1936,81
Truck144187,2776,2443,1855,1936,81
Truck143670,2567,2942,1695,1937,242
Truck143871,3119,2776,1755,1937,182
Truck144222,2943,3119,1865,1937,72
Truck142593,1338,2443,1360,1938,578
Truck143887,3119,2443,1760,1938,178
Truck144350,2943,2942,1905,1938,33
Truck143669,2566,2443,1695,1939,244
Truck144114,2225,2443,1835,1939,104
Truck144330,2684,2443,1900,1939,39
Truck144188,2777,2942,1855,1940,85
Truck143641,2224,2776,1685,1941,256
Truck143856,0,2444,1755,1941,186
Truck143860,2444,2443,1755,1941,186
Truck144002,2225,2566,1800,1941,141
Truck144027,2776,2942,1805,1941,136
Truck144239,3119,2943,1870,1941,71
Truck144045,2942,2443,1810,1942,132
Truck142657,1338,2567,1380,1943,563
Truck143685,2566,0,1700,1943,243
Truck144131,2443,2225,1840,1943,103
Truck144178,2225,2567,1855,1943,88
Truck144366,2943,2942,1910,1943,33
Truck144280,1339,2683,1885,1944,59
Truck144346,2684,2443,1905,1944,39
Truck144204,2777,2942,1860,1945,85
Truck143664,0,2942,1695,1946,251
Truck143673,2224,2443,1695,1946,251
Truck143201,1338,2444,1550,1947,397
Truck142487,2683,1338,1325,1948,623
Truck142625,1338,2443,1370,1948,578
Truck143919,3119,2443,1770,1948,178
Truck144006,2567,2684,1800,1948,148
Truck144035,2443,2683,1810,1948,138
Truck144382,2943,2942,1915,1948,33
Truck144099,2443,0,1830,1949,119
Truck144362,2684,2443,1910,1949,39
Truck143479,2683,3119,1635,1950,315
Truck143878,2567,2776,1760,1950,190
Truck143924,2444,1339,1775,1950,175
Truck144096,0,2443,1830,1950,120
Truck144220,2777,2942,1865,1950,85
Truck144263,2683,0,1880,1950,70
Truck142673,1338,1339,1385,1951,566
Truck143892,2444,2443,1765,1951,186
Truck144061,2942,2776,1815,1951,136
Truck144432,0,2567,1935,1951,16
Truck143718,2567,2942,1710,1952,242
Truck144022,2567,2684,1805,1953,148
Truck144026,2684,2567,1805,1953,148
Truck144163,2443,2225,1850,1953,103
Truck144398,2943,2942,1920,1953,33
Truck142694,2567,1338,1390,1954,564
Truck143717,2566,2443,1710,1954,244
Truck144162,2225,2443,1850,1954,104
Truck144312,1339,2683,1895,1954,59
Truck143353,2224,2567,1595,1955,360
Truck144121,2224,2942,1835,1955,120
Truck144236,2777,2942,1870,1955,85
Truck142689,1338,1339,1390,1956,566
Truck144053,2566,2225,1815,1956,141
Truck143233,1338,2444,1560,1957,397
Truck144083,2443,2942,1825,1957,132
Truck143912,1339,2776,1770,1958,188
Truck144168,1339,2443,1850,1958,108
Truck144414,2943,2942,1925,1958,33
Truck143733,2566,2443,1715,1959,244
Truck144328,1339,2683,1900,1959,59
Truck143783,2683,2444,1730,1960,230
Truck143910,2567,2776,1770,1960,190
Truck144252,2777,2942,1875,1960,85
Truck143707,2776,2224,1705,1961,256
Truck143721,2224,2443,1710,1961,251
Truck143959,2683,2684,1785,1961,176
Truck144091,2776,2942,1825,1961,136
Truck144464,0,2567,1945,1961,16
Truck143749,2566,0,1720,1963,243
Truck143955,2443,3119,1785,1963,178
Truck144395,2776,2684,1920,1963,43
Truck144430,2943,2942,1930,1963,33
Truck144147,2443,0,1845,1964,119
Truck144194,2225,2443,1860,1964,104
Truck144246,2567,2225,1875,1964,89
Truck144297,2224,3119,1890,1964,74
Truck143677,2942,2683,1695,1965,270
Truck144268,2777,2942,1880,1965,85
Truck143728,0,2942,1715,1966,251
Truck143737,2224,2443,1715,1966,251
Truck143940,2444,2443,1780,1966,186
Truck144107,2776,2942,1830,1966,136
Truck144283,2776,2443,1885,1966,81
Truck143268,2444,1338,1570,1967,397
Truck143766,2567,2942,1725,1967,242
Truck143800,1339,2566,1735,1967,232
Truck144248,1339,2225,1875,1967,92
Truck144318,2943,3119,1895,1967,72
Truck142691,2443,1338,1390,1968,578
Truck143623,2683,2566,1680,1968,288
Truck143847,2683,2776,1750,1968,218
Truck143971,2443,3119,1790,1968,178
Truck143983,3119,2443,1790,1968,178
Truck144071,2683,2225,1820,1968,148
Truck144195,2443,2567,1860,1969,109
Truck144210,2225,2443,1865,1969,104
Truck144319,3119,2224,1895,1969,74
Truck143757,2942,0,1720,1970,250
Truck143815,2683,2444,1740,1970,230
Truck144284,2777,2942,1885,1970,85
Truck143398,2567,2224,1610,1971,361
Truck143753,2224,2443,1720,1971,251
Truck143956,2444,2443,1785,1971,186
Truck144534,2567,1339,1965,1971,6
Truck143284,2444,1338,1575,1972,397
Truck144358,2567,2683,1910,1972,62
Truck142705,1338,2443,1395,1973,578
Truck144087,2683,2225,1825,1973,148
Truck144226,2225,0,1870,1973,103
Truck144356,2444,2566,1910,1973,63
Truck144462,2943,2942,1940,1973,33
Truck143781,2566,2443,1730,1974,244
Truck144442,2684,2443,1935,1974,39
Truck143559,2683,3119,1660,1975,315
Truck143703,2683,2942,1705,1975,270
Truck144172,2777,3119,1850,1975,125
Truck144300,2777,2942,1890,1975,85
Truck144141,2942,2776,1840,1976,136
Truck144315,2776,2443,1895,1976,81
Truck143832,1339,2566,1745,1977,232
Truck143995,2776,3119,1795,1977,182
Truck144157,2942,2443,1845,1977,132
Truck142721,1338,2443,1400,1978,578
Truck143433,2224,1339,1620,1978,358
Truck143797,2566,2443,1735,1979,244
Truck143821,2942,1339,1740,1979,239
Truck143846,2567,2566,1750,1979,229
Truck144242,2225,2443,1875,1979,104
Truck144316,2777,2942,1895,1980,85
Truck144317,2942,2777,1895,1980,85
Truck142769,1338,1339,1415,1981,566
Truck143776,0,2942,1730,1981,251
Truck143988,2444,2443,1795,1981,186
Truck144036,2444,2567,1810,1981,171
Truck144130,2225,2566,1840,1981,141
Truck144331,2776,2443,1900,1981,81
Truck144552,1339,0,1970,1982,12
Truck142737,1338,2443,1405,1983,578
Truck143813,2566,0,1740,1983,243
Truck143992,1339,2776,1795,1983,188
Truck144019,2443,3119,1805,1983,178
Truck144119,2683,2225,1835,1983,148
Truck144388,2444,2566,1920,1983,63
Truck144494,2943,2942,1950,1983,33
Truck143141,2566,1338,1530,1984,454
Truck143417,2224,0,1615,1984,369
Truck143808,0,2566,1740,1984,244
Truck144258,2225,2443,1880,1984,104
Truck143837,2942,2567,1745,1985,240
Truck144332,2777,2942,1900,1985,85
Truck144004,2444,2443,1800,1986,186
Truck144339,2443,2776,1905,1986,81
Truck144347,2776,2443,1905,1986,81
Truck142753,1338,2443,1410,1988,578
Truck143465,2224,1339,1630,1988,358
Truck144510,2943,2942,1955,1988,33
Truck143157,2566,1338,1535,1989,454
Truck143853,2942,1339,1750,1989,239
Truck144011,2776,2567,1800,1989,189
Truck144274,2225,2443,1885,1989,104
Truck144314,2684,2942,1895,1990,95
Truck144348,2777,2942,1905,1990,85
Truck144020,2444,2443,1805,1991,186
Truck144152,1339,2684,1845,1991,146
Truck144363,2776,2443,1910,1991,81
Truck142631,2683,1338,1370,1993,623
Truck144063,3119,2443,1815,1993,178
Truck144526,2943,2942,1960,1993,33
Truck143845,2566,2443,1750,1994,244
Truck143894,2567,2566,1765,1994,229
Truck144243,2443,0,1875,1994,119
Truck144275,2443,2567,1885,1994,109
Truck143105,1338,2225,1520,1995,475
Truck144364,2777,2942,1910,1995,85
Truck143727,3119,2567,1710,1996,286
Truck144203,2776,2942,1860,1996,136
Truck144379,2776,2443,1915,1996,81
Truck144415,3119,2943,1925,1996,71
Truck144614,2567,1339,1990,1996,6
Truck144211,2443,2942,1865,1997,132
Truck142784,0,1338,1420,1998,578
Truck142785,1338,2443,1420,1998,578
Truck144079,3119,2443,1820,1998,178
Truck144170,2684,2567,1850,1998,148
Truck144354,2225,2567,1910,1998,88
Truck143861,2566,2443,1755,1999,244
Truck144306,2225,2443,1895,1999,104
Truck144522,2684,2443,1960,1999,39
Truck144380,2777,2942,1915,2000,85
Truck143849,2224,2443,1750,2001,251
Truck144219,2776,2942,1865,2001,136
Truck144227,2443,2942,1870,2002,132
Truck144307,2443,1339,1895,2003,108
Truck144558,2943,2942,1970,2003,33
Truck142854,2567,1338,1440,2004,564
Truck143875,2443,2566,1760,2004,244
Truck143877,2566,2443,1760,2004,244
Truck143926,2567,2566,1775,2004,229
Truck143655,2683,3119,1690,2005,315
Truck143799,2683,2942,1735,2005,270
Truck143805,2942,2683,1735,2005,270
Truck143896,1339,2942,1765,2005,240
Truck143927,2683,2444,1775,2005,230
Truck144016,0,2776,1805,2005,200
Truck144054,2567,2776,1815,2005,190
Truck144396,2777,2942,1920,2005,85
Truck144397,2942,2777,1920,2005,85
Truck143138,2225,1338,1530,2006,476
Truck143859,2443,2224,1755,2006,251
Truck144068,2444,2443,1820,2006,186
Truck144202,2684,1339,1860,2006,146
Truck144213,2566,2225,1865,2006,141
Truck142856,1339,1338,1440,2007,567
Truck144446,2943,3119,1935,2007,72
Truck142817,1338,2443,1430,2008,578
Truck144160,0,2684,1850,2008,158
Truck144402,2225,2444,1925,2008,83
Truck144539,2776,2684,1965,2008,43
Truck144287,3119,2777,1885,2009,124
Truck144323,2443,2567,1900,2009,109
Truck143153,1338,2225,1535,2010,475
Truck143529,2224,2567,1650,2010,360
Truck144412,2777,2942,1925,2010,85
Truck144455,2683,0,1940,2010,70
Truck144251,2776,2942,1875,2011,136
Truck144486,2567,2683,1950,2012,62
Truck143765,2566,2683,1725,2013,288
Truck144355,2443,2225,1910,2013,103
Truck144590,2943,2942,1980,2013,33
Truck144136,1339,2444,1840,2014,174
Truck143504,0,2224,1645,2015,370
Truck143933,2942,2567,1775,2015,240
Truck144394,2684,2942,1920,2015,95
Truck144428,2777,2942,1930,2015,85
Truck143170,2225,1338,1540,2016,476
Truck143897,2224,2443,1765,2016,251
Truck144232,1339,2684,1870,2016,146
Truck144678,2567,1339,2010,2016,6
Truck142849,1338,0,1440,2017,577
Truck142888,1339,1338,1450,2017,567
Truck143960,1339,2566,1785,2017,232
Truck144138,2684,2683,1840,2017,177
Truck144478,2943,3119,1945,2017,72
Truck144025,2224,2684,1805,2018,213
Truck144571,2776,2684,1975,2018,43
Truck144606,2943,2942,1985,2018,33
Truck143253,2566,1338,1565,2019,454
Truck143560,1339,2224,1660,2019,359
Truck143925,2566,2443,1775,2019,244
Truck144370,2225,2443,1915,2019,104
Truck144586,2684,2443,1980,2019,39
Truck143520,0,2224,1650,2020,370
Truck144444,2777,2942,1935,2020,85
Truck144542,2943,2777,1965,2020,55
Truck143775,3119,0,1725,2021,296
Truck144112,0,2444,1835,2021,186
Truck144285,2942,2776,1885,2021,136
Truck144459,2776,2443,1940,2021,81
Truck144575,3119,2942,1975,2021,46
Truck143942,2567,2942,1780,2022,242
Truck142865,1338,2443,1445,2023,578
Truck143577,2224,1339,1665,2023,358
Truck144159,3119,2443,1845,2023,178
Truck142918,2567,1338,1460,2024,564
Truck143941,2566,2443,1780,2024,244
Truck144386,2225,2443,1920,2024,104
Truck143863,2683,2942,1755,2025,270
Truck144426,2684,2942,1930,2025,95
Truck142913,1338,1339,1460,2026,566
Truck143791,3119,0,1730,2026,296
Truck144132,2444,2443,1840,2026,186
Truck144182,2567,2444,1855,2027,172
Truck144533,2566,2444,1965,2027,62
Truck144175,3119,2443,1850,2028,178
Truck144387,2443,1339,1920,2028,108
Truck144532,2444,2566,1965,2028,63
Truck144603,2776,2684,1985,2028,43
Truck144638,2943,2942,1995,2028,33
Truck143957,2566,2443,1785,2029,244
Truck144139,2776,2567,1840,2029,189
Truck144519,2683,0,1960,2030,70
Truck144551,2683,2567,1970,2030,60
Truck143931,2776,2224,1775,2031,256
Truck144148,2444,0,1845,2031,186
Truck144282,2684,1339,1885,2031,146
Truck143476,2444,1338,1635,2032,397
Truck143830,2567,3119,1745,2032,287
Truck143974,2567,2942,1790,2032,242
Truck144333,2942,2443,1900,2032,132
Truck144191,3119,2443,1855,2033,178
Truck144654,2943,2942,2000,2033,33
Truck143973,2566,2443,1790,2034,244
Truck144568,1339,2683,1975,2034,59
Truck144458,2684,2942,1940,2035,95
Truck144492,2777,2942,1950,2035,85
Truck144493,2942,2777,1950,2035,85
Truck144535,2683,0,1965,2035,70
Truck143606,2567,2224,1675,2036,361
Truck143945,2224,2776,1780,2036,256
Truck144164,2444,2443,1850,2036,186
Truck144298,2684,1339,1890,2036,146
Truck144499,2443,2776,1955,2036,81
Truck144021,2566,1339,1805,2037,232
Truck144472,1339,2225,1945,2037,92
Truck142912,0,1338,1460,2038,578
Truck144075,2776,2683,1820,2038,218
Truck144089,2224,2684,1825,2038,213
Truck144171,2776,1339,1850,2038,188
Truck144207,3119,2443,1860,2038,178
Truck144294,2567,2684,1890,2038,148
Truck144327,2683,2443,1900,2038,138
Truck144498,2225,2444,1955,2038,83
Truck144670,2943,2942,2005,2038,33
Truck143984,0,2566,1795,2039,244
Truck143989,2566,2443,1795,2039,244
Truck144216,1339,2444,1865,2039,174
Truck144537,2224,3119,1965,2039,74
Truck144604,2777,2943,1985,2039,54
Truck144335,3119,2684,1900,2040,140
Truck144180,2444,2443,1855,2041,186
Truck144322,2225,2566,1900,2041,141
Truck144349,2942,2776,1905,2041,136
Truck144523,2776,2443,1960,2041,81
Truck144720,0,2567,2025,2041,16
Truck144365,2942,2443,1910,2042,132
Truck142929,1338,2443,1465,2043,578
Truck144450,2225,2443,1940,2044,104
Truck144516,2444,2225,1960,2044,84
Truck144666,2684,2443,2005,2044,39
Truck144029,2942,2567,1805,2045,240
Truck144144,0,2776,1845,2045,200
Truck144524,2777,2942,1960,2045,85
Truck144052,2444,2683,1815,2046,231
Truck144196,2444,2443,1860,2046,186
Truck143524,2444,1338,1650,2047,397
Truck144371,2443,2942,1915,2047,132
Truck144381,2942,2443,1915,2047,132
Truck144574,2943,3119,1975,2047,72
Truck142945,1338,2443,1470,2048,578
Truck142993,1338,2567,1485,2048,563
Truck144702,2943,2942,2015,2048,33
Truck144466,2225,2443,1945,2049,104
Truck144615,2683,1339,1990,2049,59
Truck144040,1339,2942,1810,2050,240
Truck144506,2684,2942,1955,2050,95
Truck144540,2777,2942,1965,2050,85
Truck144000,0,2942,1800,2051,251
Truck144212,2444,2443,1865,2051,186
Truck144357,2566,2225,1910,2051,141
Truck144758,2567,0,2035,2051,16
Truck142961,1338,0,1475,2052,577
Truck143537,1338,2444,1655,2052,397
Truck144250,2684,2683,1875,2052,177
Truck143893,2566,2683,1765,2053,288
Truck143895,2683,2566,1765,2053,288
Truck144255,3119,2443,1875,2053,178
Truck144718,2943,2942,2020,2053,33
Truck144037,2566,2443,1810,2054,244
Truck144482,2225,2443,1950,2054,104
Truck144631,2683,1339,1995,2054,59
Truck144808,1339,2567,2050,2054,4
Truck143632,0,2224,1685,2055,370
Truck144556,2777,2942,1970,2055,85
Truck143009,1338,1339,1490,2056,566
Truck144084,2444,2683,1825,2056,231
Truck144276,2444,2567,1885,2056,171
Truck143016,1339,1338,1490,2057,567
Truck144085,2566,1339,1825,2057,232
Truck144413,2942,2443,1925,2057,132
Truck144101,2566,2567,1830,2058,228
Truck144259,2443,3119,1880,2058,178
Truck144271,3119,2443,1880,2058,178
Truck144496,0,2225,1955,2058,103
Truck144562,2225,2444,1975,2058,83
Truck144628,2444,2566,1995,2058,63
Truck143657,2224,0,1690,2059,369
Truck144154,2684,2224,1845,2059,214
Truck144824,1339,2567,2055,2059,4
Truck143935,3119,1339,1775,2060,285
Truck143981,2942,2683,1790,2060,270
Truck144230,2567,2776,1870,2060,190
Truck144572,2777,2942,1975,2060,85
Truck144573,2942,2777,1975,2060,85
Truck144244,2444,2443,1875,2061,186
Truck144292,2444,2567,1890,2061,171
Truck144419,2443,2942,1930,2062,132
Truck144622,2943,3119,1990,2062,72
Truck142995,2443,1338,1485,2063,578
Truck144336,0,2684,1905,2063,158
Truck144403,2443,2683,1925,2063,138
Truck144069,2566,2443,1820,2064,244
Truck144296,1339,2444,1890,2064,174
Truck144514,2225,2443,1960,2064,104
Truck144557,2942,2684,1970,2064,94
Truck144088,1339,2942,1825,2065,240
Truck144093,2942,2567,1825,2065,240
Truck144460,2777,3119,1940,2065,125
Truck144554,2684,2942,1970,2065,95
Truck144588,2777,2942,1980,2065,85
Truck144686,2943,2777,2010,2065,55
Truck144048,0,2942,1815,2066,251
Truck144057,2224,2443,1815,2066,251
Truck144116,2444,2683,1835,2066,231
Truck144260,2444,2443,1880,2066,186
Truck144639,3119,2943,1995,2066,71
Truck144117,2566,1339,1835,2067,232
Truck144120,1339,2566,1835,2067,232
Truck144766,2943,2942,2035,2068,33
Truck144633,2224,3119,1995,2069,74
Truck144109,2942,2567,1830,2070,240
Truck144476,2777,3119,1945,2070,125
Truck144647,2683,0,2000,2070,70
Truck144679,2683,2567,2010,2070,60
Truck144059,2776,2224,1815,2071,256
Truck144064,0,2942,1820,2071,251
Truck144418,2225,2566,1930,2071,141
Truck144445,2942,2776,1935,2071,136
Truck143025,1338,0,1495,2072,577
Truck144102,2567,2942,1830,2072,242
Truck144451,2443,2942,1940,2072,132
Truck144461,2942,2443,1940,2072,132
Truck144410,2684,2567,1925,2073,148
Truck144531,2443,1339,1965,2073,108
Truck144594,2225,2567,1985,2073,88
Truck144610,2225,2444,1990,2073,83
Truck144782,2943,2942,2040,2073,33
Truck143425,1338,2566,1620,2074,454
Truck144125,2942,1339,1835,2074,239
Truck144546,2225,2443,1970,2074,104
Truck144649,2224,3119,2000,2074,74
Truck144716,2777,2943,2020,2074,54
Truck144762,2684,2443,2035,2074,39
Truck143696,0,2224,1705,2075,370
Truck144023,2683,2942,1805,2075,270
Truck144509,2942,2224,1955,2075,120
Truck144620,2777,2942,1990,2075,85
Truck144291,2443,2444,1890,2076,186
Truck144671,3119,2943,2005,2076,71
Truck144118,2567,2942,1835,2077,242
Truck144467,2443,2942,1945,2077,132
Truck144477,2942,2443,1945,2077,132
Truck142897,1338,2683,1455,2078,623
Truck143041,1338,2443,1500,2078,578
Truck143975,2683,2566,1790,2078,288
Truck144217,2224,2684,1865,2078,213
Truck144384,0,2684,1920,2078,158
Truck144115,2443,2566,1835,2079,244
Truck144511,3119,2777,1955,2079,124
Truck143999,3119,1339,1795,2080,285
Truck144508,2777,3119,1955,2080,125
Truck144602,2684,2942,1985,2080,95
Truck143967,3119,0,1785,2081,296
Truck144651,2776,2443,2000,2081,81
Truck144767,3119,2942,2035,2081,46
Truck143952,0,3119,1785,2082,297
Truck144134,2567,2942,1840,2082,242
Truck143057,1338,2443,1505,2083,578
Truck144351,3119,2443,1905,2083,178
Truck144438,2567,2684,1935,2083,148
Truck144814,2943,2942,2050,2083,33
Truck144133,2566,2443,1840,2084,244
Truck144578,2225,2443,1980,2084,104
Truck144681,2224,3119,2010,2084,74
Truck144794,2684,2443,2045,2084,39
Truck143911,2683,3119,1770,2085,315
Truck144015,3119,1339,1800,2085,285
Truck144479,3119,2684,1945,2085,140
Truck144528,0,2443,1965,2085,120
Truck144618,2684,2942,1990,2085,95
Truck144652,2777,2942,2000,2085,85
Truck144750,2943,2777,2030,2085,55
Truck144324,2444,2443,1900,2086,186
Truck144474,2684,3119,1945,2086,141
Truck144703,3119,2943,2015,2086,71
Truck144725,2566,2444,2025,2087,62
Truck143073,1338,2443,1510,2088,578
Truck144235,2776,2683,1870,2088,218
Truck144367,3119,2443,1910,2088,178
Truck144579,2443,1339,1980,2088,108
Truck144830,2943,2942,2055,2088,33
Truck143473,1338,2566,1635,2089,454
Truck143477,2566,1338,1635,2089,454
Truck144646,2567,2225,2000,2089,89
Truck143744,0,2224,1720,2090,370
Truck144288,0,2776,1890,2090,200
Truck144668,2777,2942,2005,2090,85
Truck144123,2776,2224,1835,2091,256
Truck144128,0,2942,1840,2091,251
Truck144137,2224,2443,1840,2091,251
Truck144340,2444,2443,1905,2091,186
Truck144378,2684,2683,1915,2092,177
Truck144525,2942,2443,1960,2092,132
Truck143089,1338,2443,1515,2093,578
Truck144846,2943,2942,2060,2093,33
Truck144165,2566,2443,1850,2094,244
Truck144559,3119,2777,1970,2094,124
Truck144826,2684,2443,2055,2094,39
Truck144189,2942,2567,1855,2095,240
Truck144699,2776,2443,2015,2096,81
Truck143684,2444,1338,1700,2097,397
Truck144734,2943,3119,2025,2097,72
Truck143107,2443,1338,1520,2098,578
Truck144039,2683,2566,1810,2098,288
Truck144490,2684,2567,1950,2098,148
Truck144611,2443,1339,1990,2098,108
Truck144862,2943,2942,2065,2098,33
Truck144176,0,2566,1855,2099,244
Truck144181,2566,2443,1855,2099,244
Truck144626,2225,2443,1995,2099,104
Truck144952,1339,2567,2095,2099,4
Truck143817,2224,2567,1740,2100,360
Truck144031,3119,0,1805,2101,296
Truck144228,2444,2683,1870,2101,231
Truck144372,2444,0,1915,2101,186
Truck144407,2683,2684,1925,2101,176
Truck144707,2443,2776,2020,2101,81
Truck144399,3119,2776,1920,2102,182
Truck142977,1338,2683,1480,2103,623
Truck143121,1338,2443,1525,2103,578
Truck143169,1338,2567,1540,2103,563
Truck144055,2683,2566,1815,2103,288
Truck144706,2225,2444,2020,2103,83
Truck143801,2224,0,1735,2104,369
Truck144642,2225,2443,2000,2104,104
Truck144751,3119,2224,2030,2104,74
Truck144759,2683,0,2035,2105,70
Truck144214,2567,2942,1865,2107,242
Truck144690,2225,1339,2015,2107,92
Truck142999,2683,1338,1485,2108,623
Truck144431,3119,2443,1930,2108,178
Truck144859,2776,2684,2065,2108,43
Truck144894,2943,2942,2075,2108,33
Truck144237,2942,1339,1870,2109,239
Truck144658,2225,2443,2005,2109,104
Truck144701,2942,2684,2015,2109,94
Truck144874,2684,2443,2070,2109,39
Truck144732,2777,2942,2025,2110,85
Truck144404,2444,2443,1925,2111,186
Truck144739,2443,2776,2030,2111,81
Truck144264,1339,2566,1880,2112,232
Truck144427,2776,3119,1930,2112,182
Truck144805,2566,2444,2050,2112,62
Truck144411,2776,1339,1925,2113,188
Truck144435,2443,3119,1935,2113,178
Truck144530,2225,2683,1965,2113,148
Truck144910,2943,2942,2080,2113,33
Truck143767,2683,2224,1725,2114,389
Truck144229,2566,2443,1870,2114,244
Truck144278,2567,2566,1885,2114,229
Truck144777,2224,3119,2040,2114,74
Truck144823,2683,1339,2055,2114,59
Truck144890,2684,2443,2075,2114,39
Truck144151,2683,2942,1845,2115,270
Truck144748,2777,2942,2030,2115,85
Truck144201,2224,2776,1860,2116,256
Truck144420,2444,2443,1930,2116,186
Truck144589,2942,2776,1980,2116,136
Truck144763,2776,2443,2035,2116,81
Truck144443,2776,3119,1935,2117,182
Truck144605,2942,2443,1985,2117,132
Truck144798,2943,3119,2045,2117,72
Truck144583,2683,2443,1980,2118,138
Truck144691,2443,2225,2015,2118,103
Truck144820,2444,2566,2055,2118,63
Truck144926,2943,2942,2085,2118,33
Truck144245,2566,2443,1875,2119,244
Truck144269,2942,1339,1880,2119,239
Truck144799,3119,2224,2045,2119,74
Truck144860,2777,2943,2065,2119,54
Truck143840,0,2224,1750,2120,370
Truck143881,2224,2567,1760,2120,360
Truck144636,2777,3119,1995,2120,125
Truck144730,2684,2942,2025,2120,95
Truck144764,2777,2942,2035,2120,85
Truck144127,3119,2567,1835,2121,286
Truck144436,2444,2443,1935,2121,186
Truck144779,2776,2443,2040,2121,81
Truck143224,1339,1338,1555,2122,567
Truck144262,2567,2942,1880,2122,242
Truck144538,2684,0,1965,2122,157
Truck144621,2942,2443,1990,2122,132
Truck143185,1338,2443,1545,2123,578
Truck144261,2566,2443,1880,2124,244
Truck144856,1339,2683,2065,2124,59
Truck144780,2777,2942,2040,2125,85
Truck144878,2943,2777,2070,2125,55
Truck144249,2224,2443,1875,2126,251
Truck144308,2444,2683,1895,2126,231
Truck144452,2444,2443,1940,2126,186
Truck144637,2942,2443,1995,2127,132
Truck143203,2443,1338,1550,2128,578
Truck143913,2224,1339,1770,2128,358
Truck144135,2683,2566,1840,2128,288
Truck144495,3119,2443,1950,2128,178
Truck144786,2225,2444,2045,2128,83
Truck144277,2566,2443,1885,2129,244
Truck144938,2684,2443,2090,2129,39
Truck143872,0,2224,1760,2130,370
Truck144199,2683,2942,1860,2130,270
Truck144796,2777,2942,2045,2130,85
Truck144256,0,2942,1880,2131,251
Truck144468,2444,2443,1945,2131,186
Truck144150,2567,3119,1845,2132,287
Truck144643,2443,2942,2000,2132,132
Truck143217,1338,2443,1555,2133,578
Truck143219,2443,1338,1555,2133,578
Truck144149,2566,2683,1845,2133,288
Truck144475,2776,1339,1945,2133,188
Truck144974,2943,2942,2100,2133,33
Truck143928,1339,2224,1775,2134,359
Truck144293,2566,2443,1890,2134,244
Truck144520,1339,2444,1960,2134,174
Truck144841,2224,3119,2060,2134,74
Truck144954,2684,2443,2095,2134,39
Truck144684,2777,3119,2010,2135,125
Truck144688,0,2443,2015,2135,120
Truck144778,2684,2942,2040,2135,95
Truck144812,2777,2942,2050,2135,85
Truck144484,2444,2443,1950,2136,186
Truck144848,0,2683,2065,2136,71
Truck145062,2567,1339,2130,2136,6
Truck144341,2566,1339,1905,2137,232
Truck145048,1339,0,2125,2137,12
Truck144515,2443,3119,1960,2138,178
Truck144755,2443,2225,2035,2138,103
Truck144990,2943,2942,2105,2138,33
Truck143286,2567,1338,1575,2139,564
Truck144309,2566,2443,1895,2139,244
Truck144754,2225,2443,2035,2139,104
Truck144924,2777,2943,2085,2139,54
Truck144970,2684,2443,2100,2139,39
Truck144700,2777,3119,2015,2140,125
Truck144828,2777,2942,2055,2140,85
Truck144281,2224,2776,1885,2141,256
Truck144500,2444,2443,1955,2141,186
Truck144548,2444,2567,1970,2141,171
Truck144667,2776,2942,2005,2141,136
Truck144326,2567,2942,1900,2142,242
Truck144675,2443,2942,2010,2142,132
Truck144685,2942,2443,2010,2142,132
Truck143249,1338,2443,1565,2143,578
Truck144504,1339,2776,1955,2143,188
Truck144507,2776,1339,1955,2143,188
Truck144543,3119,2443,1965,2143,178
Truck144592,0,2684,1985,2143,158
Truck144630,2567,2684,1995,2143,148
Truck144634,2684,2567,1995,2143,148
Truck145006,2943,2942,2110,2143,33
Truck144325,2566,2443,1900,2144,244
Truck144374,2567,2566,1915,2144,229
Truck144770,2225,2443,2040,2144,104
Truck144813,2942,2684,2050,2144,94
Truck144873,2224,3119,2070,2144,74
Truck144253,2942,2683,1875,2145,270
Truck144844,2777,2942,2060,2145,85
Truck144299,2776,2224,1890,2146,256
Truck144304,0,2942,1895,2146,251
Truck144313,2224,2443,1895,2146,251
Truck144851,2443,2776,2065,2146,81
Truck144975,3119,2942,2100,2146,46
Truck144818,2225,1339,2055,2147,92
Truck143265,1338,2443,1570,2148,578
Truck143977,2224,1339,1790,2148,358
Truck144547,2443,3119,1970,2148,178
Truck144784,0,2225,2045,2148,103
Truck145022,2943,2942,2115,2148,33
Truck144223,3119,1339,1865,2150,285
Truck144518,2567,2776,1960,2150,190
Truck144687,3119,2684,2010,2150,140
Truck144736,0,2443,2030,2150,120
Truck144774,2567,2443,2040,2150,110
Truck144674,2225,2566,2010,2151,141
Truck144682,2684,3119,2010,2151,141
Truck144875,2776,2443,2070,2151,81
Truck144989,2942,3119,2105,2151,46
Truck144392,1339,2566,1920,2152,232
Truck144555,2776,3119,1970,2152,182
Truck145037,2942,2943,2120,2152,32
Truck145088,0,1339,2140,2152,12
Truck143281,1338,2443,1575,2153,578
Truck144439,2683,2776,1935,2153,218
Truck144624,0,2684,1995,2153,158
Truck145003,2776,2684,2110,2153,43
Truck145038,2943,2942,2120,2153,33
Truck144406,2567,2566,1925,2154,229
Truck144845,2942,2684,2060,2154,94
Truck144279,2683,2942,1885,2155,270
Truck144376,1339,2942,1915,2155,240
Truck144761,2224,2942,2035,2155,120
Truck144842,2684,2942,2060,2155,95
Truck144876,2777,2942,2070,2155,85
Truck144329,2224,2776,1900,2156,256
Truck144596,2444,2567,1985,2156,171
Truck144717,2942,2776,2020,2156,136
Truck143873,1338,2444,1760,2157,397
Truck144650,2684,0,2000,2157,157
Truck144723,2443,2942,2025,2157,132
Truck144733,2942,2443,2025,2157,132
Truck144850,2225,1339,2065,2157,92
Truck143297,1338,2443,1580,2158,578
Truck145054,2943,2942,2125,2158,33
Truck144373,2566,2443,1915,2159,244
Truck144771,2443,0,2040,2159,119
Truck144803,2443,2567,2050,2159,109
Truck144861,2942,2684,2065,2159,94
Truck144884,2444,2225,2075,2159,84
Truck145144,1339,2567,2155,2159,4
Truck143633,1338,2225,1685,2160,475
Truck144295,2683,2942,1890,2160,270
Truck144512,0,2776,1960,2160,200
Truck144892,2777,2942,2075,2160,85
Truck143345,1338,1339,1595,2161,566
Truck143634,2225,1338,1685,2161,476
Truck144352,0,2942,1910,2161,251
Truck144563,2443,2444,1975,2161,186
Truck144564,2444,2443,1975,2161,186
Truck144696,1339,2684,2015,2161,146
Truck145021,2942,3119,2115,2161,46
Truck144390,2567,2942,1920,2162,242
Truck144749,2942,2443,2030,2162,132
Truck144872,1339,2225,2070,2162,92
Truck144942,2943,3119,2090,2162,72
Truck144965,2566,2444,2100,2162,62
Truck145120,0,1339,2150,2162,12
Truck143313,1338,2443,1585,2163,578
Truck144819,2443,1339,2055,2163,108
Truck144832,0,2225,2060,2163,103
Truck145035,2776,2684,2120,2163,43
Truck145070,2943,2942,2130,2163,33
Truck143993,2224,0,1795,2164,369
Truck144389,2566,2443,1920,2164,244
Truck144834,2225,2443,2060,2164,104
Truck144886,2567,2225,2075,2164,89
Truck145160,1339,2567,2160,2164,4
Truck144908,2777,2942,2080,2165,85
Truck144368,0,2942,1915,2166,251
Truck144377,2224,2443,1915,2166,251
Truck144576,0,2444,1980,2166,186
Truck144580,2444,2443,1980,2166,186
Truck144712,1339,2684,2020,2166,146
Truck144747,2776,2942,2030,2166,136
Truck145158,2567,1339,2160,2166,6
Truck144958,2943,3119,2095,2167,72
Truck143329,1338,2443,1590,2168,578
Truck144672,0,2684,2010,2168,158
Truck144714,2684,2567,2020,2168,148
Truck144840,1339,2443,2060,2168,108
Truck144980,2444,2566,2105,2168,63
Truck145086,2943,2942,2135,2168,33
Truck143729,1338,2566,1715,2169,454
Truck144835,2443,2567,2060,2169,109
Truck145066,2684,2443,2130,2169,39
Truck144041,2224,2567,1810,2170,360
Truck144393,2224,2443,1920,2171,251
Truck144939,2776,2443,2090,2171,81
Truck143384,1339,1338,1605,2172,567
Truck144240,0,3119,1875,2172,297
Truck144456,1339,2566,1940,2172,232
Truck144698,2684,0,2015,2172,157
Truck144781,2942,2443,2040,2172,132
Truck145102,2943,2942,2140,2173,33
Truck144815,3119,2777,2050,2174,124
Truck144866,2225,2443,2070,2174,104
Truck144909,2942,2684,2080,2174,94
Truck145082,2684,2443,2135,2174,39
Truck144343,2683,2942,1905,2175,270
Truck144560,0,2776,1975,2175,200
Truck144906,2684,2942,2080,2175,95
Truck144940,2777,2942,2090,2175,85
Truck144409,2224,2443,1925,2176,251
Truck144787,2443,2942,2045,2177,132
Truck144914,2225,1339,2085,2177,92
Truck143361,1338,2443,1600,2178,578
Truck144616,1339,2776,1990,2178,188
Truck144619,2776,1339,1990,2178,188
Truck144655,3119,2443,2000,2178,178
Truck144746,2684,2567,2030,2178,148
Truck144437,2566,2443,1935,2179,244
Truck144882,2225,2443,2075,2179,104
Truck144948,2444,2225,2095,2179,84
Truck144991,3119,2224,2105,2179,74
Truck144073,2224,2567,1820,2180,360
Truck144870,2567,2443,2070,2180,110
Truck144956,2777,2942,2095,2180,85
Truck144795,2776,2942,2045,2181,136
Truck144485,2566,1339,1950,2182,232
Truck143377,1338,2443,1605,2183,578
Truck145134,2943,2942,2150,2183,33
Truck145068,2777,2943,2130,2184,54
Truck144231,2683,3119,1870,2185,315
Truck144972,2777,2942,2100,2185,85
Truck145047,2683,2567,2125,2185,60
Truck144441,2224,2443,1935,2186,251
Truck144644,2444,0,2000,2186,186
Truck144987,2776,2443,2105,2186,81
Truck145103,3119,2942,2140,2186,46
Truck145222,2567,1339,2180,2186,6
Truck144829,2942,2443,2055,2187,132
Truck143393,1338,2443,1610,2188,578
Truck144105,2224,1339,1830,2188,358
Truck144469,2566,0,1945,2188,243
Truck144517,2566,2567,1960,2188,228
Truck144899,2443,1339,2080,2188,108
Truck145150,2943,2942,2155,2188,33
Truck143446,2567,1338,1625,2189,564
Truck144007,2683,2224,1800,2189,389
Truck144009,2224,2683,1800,2189,389
Truck144570,2684,2224,1975,2189,214
Truck145130,2684,2443,2150,2189,39
Truck144391,2683,2942,1920,2190,270
Truck144608,0,2776,1990,2190,200
Truck144988,2777,2942,2105,2190,85
Truck144448,0,2942,1940,2191,251
Truck144457,2224,2443,1940,2191,251
Truck144659,2443,2444,2005,2191,186
Truck144660,2444,2443,2005,2191,186
Truck144810,2684,3119,2050,2191,141
Truck144827,2776,2942,2055,2191,136
Truck143409,1338,2443,1615,2193,578
Truck144483,2443,2566,1950,2194,244
Truck144883,2443,0,2075,2194,119
Truck144930,2225,2443,2090,2194,104
Truck145033,2224,3119,2120,2194,74
Truck145080,1339,2683,2135,2194,59
Truck144360,1339,3119,1910,2195,285
Truck145004,2777,2942,2110,2195,85
Truck144676,2444,2443,2010,2196,186
Truck145019,2776,2443,2115,2196,81
Truck144502,2567,2942,1955,2197,242
Truck145232,0,1339,2185,2197,12
Truck144359,2683,2566,1910,2198,288
Truck144719,3119,2443,2020,2198,178
Truck145182,2943,2942,2165,2198,33
Truck143825,1338,2566,1745,2199,454
Truck143829,2566,1338,1745,2199,454
Truck144683,2776,2567,2010,2199,189
Truck145096,1339,2683,2140,2199,59
Truck144423,2683,2942,1930,2200,270
Truck144429,2942,2683,1930,2200,270
Truck144934,2567,2443,2090,2200,110
Truck144986,2684,2942,2105,2200,95
Truck145020,2777,2942,2115,2200,85
Truck145118,2943,2777,2145,2200,55
Truck144480,0,2942,1950,2201,251
Truck144489,2224,2443,1950,2201,251
Truck144692,2444,2443,2015,2201,186
Truck145270,2567,1339,2195,2201,6
Truck145000,1339,2225,2110,2202,92
Truck143489,1338,2567,1640,2203,563
Truck145198,2943,2942,2170,2203,33
Truck145065,2224,3119,2130,2204,74
Truck144303,3119,2683,1890,2205,315
Truck144694,2567,2776,2015,2205,190
Truck145036,2777,2942,2120,2205,85
Truck144491,2776,2224,1950,2206,256
Truck144505,2224,2443,1955,2206,251
Truck144708,2444,2443,2020,2206,186
Truck144743,2683,2684,2030,2206,176
Truck144756,2444,2567,2035,2206,171
Truck145051,2776,2443,2125,2206,81
Truck144033,1338,2444,1810,2207,397
Truck144735,3119,2776,2025,2207,182
Truck145010,2225,1339,2115,2207,92
Truck143457,1338,2443,1630,2208,578
Truck144169,2224,1339,1850,2208,358
Truck144867,2443,2683,2070,2208,138
Truck144963,2443,1339,2100,2208,108
Truck144968,1339,2443,2100,2208,108
Truck145214,2943,2942,2175,2208,33
Truck144760,1339,2444,2035,2209,174
Truck144978,2225,2443,2105,2209,104
Truck145178,2684,2776,2165,2209,44
Truck145194,2684,2443,2170,2209,39
Truck144937,2224,2942,2090,2210,120
Truck145052,2777,2942,2125,2210,85
Truck143505,1338,1339,1645,2211,566
Truck144521,2224,2443,1960,2211,251
Truck144724,2444,2443,2025,2211,186
Truck145059,2443,2776,2130,2211,81
Truck145264,0,2567,2195,2211,16
Truck144550,2567,2942,1970,2212,242
Truck144405,2566,2683,1925,2213,288
Truck144635,2776,2683,1995,2213,218
Truck144984,1339,2443,2105,2213,108
Truck144994,2225,0,2110,2213,103
Truck143809,1338,2225,1740,2215,475
Truck144471,2683,2942,1945,2215,270
Truck145034,2684,2942,2120,2215,95
Truck144740,2444,2443,2030,2216,186
Truck144907,2776,2942,2080,2216,136
Truck145197,2942,3119,2170,2216,46
Truck144915,2443,2942,2085,2217,132
Truck145245,2942,2943,2185,2217,32
Truck145246,2943,2942,2185,2218,33
Truck144565,2566,2443,1975,2219,244
Truck144998,2567,2443,2110,2220,110
Truck145084,2777,2942,2135,2220,85
Truck145085,2942,2777,2135,2220,85
Truck145159,2683,2567,2160,2220,60
Truck144447,3119,2567,1935,2221,286
Truck145099,2776,2443,2140,2221,81
Truck144806,2567,2444,2050,2222,172
Truck144581,2566,0,1980,2223,243
Truck143909,2566,1338,1770,2224,454
Truck144185,2224,0,1855,2224,369
Truck144731,2776,0,2025,2224,199
Truck145026,2225,2443,2120,2224,104
Truck145092,2444,2225,2140,2224,84
Truck145352,1339,2567,2220,2224,4
Truck145100,2777,2942,2140,2225,85
Truck144569,2224,2443,1975,2226,251
Truck144772,2444,0,2040,2226,186
Truck144941,2942,2776,2090,2226,136
Truck145115,2776,2443,2145,2226,81
Truck144598,2567,2942,1985,2227,242
Truck144822,2567,2444,2055,2227,172
Truck144947,2443,2942,2095,2227,132
Truck144957,2942,2443,2095,2227,132
Truck145277,2942,2943,2195,2227,32
Truck143521,1338,2443,1650,2228,578
Truck144453,2566,2683,1940,2228,288
Truck144697,2224,2684,2015,2228,213
Truck144776,1339,2776,2040,2228,188
Truck144902,2567,2684,2080,2228,148
Truck145278,2943,2942,2195,2228,33
Truck144597,2566,2443,1985,2229,244
Truck145042,2225,2443,2125,2229,104
Truck145192,1339,2683,2170,2229,59
Truck145212,2777,2943,2175,2229,54
Truck144375,2683,3119,1915,2230,315
Truck144383,3119,2683,1915,2230,315
Truck145001,2224,2942,2110,2230,120
Truck145116,2777,2942,2145,2230,85
Truck145131,2776,2443,2150,2231,81
Truck145167,3119,2943,2160,2231,71
Truck144811,2776,3119,2050,2232,182
Truck145166,2943,3119,2160,2232,72
Truck145344,0,1339,2220,2232,12
Truck144661,2566,2567,2005,2233,228
Truck144831,3119,2443,2055,2233,178
Truck144918,2567,2684,2085,2233,148
Truck145294,2943,2942,2200,2233,33
Truck144613,2566,2443,1990,2234,244
Truck144662,2567,2566,2005,2234,229
Truck145058,2225,2443,2130,2234,104
Truck145274,2684,2443,2195,2234,39
Truck144541,2942,2683,1965,2235,270
Truck145017,2224,2942,2115,2235,120
Truck144463,3119,0,1940,2236,296
Truck144587,2776,2224,1980,2236,256
Truck144601,2224,2443,1985,2236,251
Truck144804,2444,0,2050,2236,186
Truck144852,2444,2567,2065,2236,171
Truck144971,2776,2942,2100,2236,136
Truck145147,2776,2443,2155,2236,81
Truck144854,2567,2444,2065,2237,172
Truck144979,2443,2942,2105,2237,132
Truck143553,1338,2443,1660,2238,578
Truck145074,2225,0,2135,2238,103
Truck145075,2443,2225,2135,2238,103
Truck145310,2943,2942,2205,2238,33
Truck144167,2683,2224,1850,2239,389
Truck145290,2684,2443,2200,2239,39
Truck145400,1339,2567,2235,2239,4
Truck144224,0,2224,1870,2240,370
Truck144265,2224,2567,1880,2240,360
Truck144648,1339,2942,2000,2240,240
Truck145024,0,2443,2120,2240,120
Truck145148,2777,2942,2155,2240,85
Truck144962,2225,2566,2100,2241,141
Truck145163,2776,2443,2160,2241,81
Truck145398,2567,1339,2235,2241,6
Truck144843,2776,3119,2060,2242,182
Truck143569,1338,2443,1665,2243,578
Truck143571,2443,1338,1665,2243,578
Truck144501,2566,2683,1955,2243,288
Truck144503,2683,2566,1955,2243,288
Truck144727,2683,2776,2025,2243,218
Truck144951,2683,2225,2095,2243,148
Truck145138,2225,2567,2155,2243,88
Truck145326,2943,2942,2210,2243,33
Truck143622,2567,1338,1680,2244,564
Truck144640,0,2566,2000,2244,244
Truck144645,2566,2443,2000,2244,244
Truck145239,2683,1339,2185,2244,59
Truck144664,1339,2942,2005,2245,240
Truck144669,2942,2567,2005,2245,240
Truck145053,2942,2224,2125,2245,120
Truck145164,2777,2942,2160,2245,85
Truck145262,2943,2777,2190,2245,55
Truck144527,3119,2567,1960,2246,286
Truck144617,2224,2776,1990,2246,256
Truck143441,1338,2683,1625,2248,623
Truck143585,1338,2443,1670,2248,578
Truck143587,2443,1338,1670,2248,578
Truck145342,2943,2942,2215,2248,33
Truck143638,2567,1338,1685,2249,564
Truck143985,1338,2566,1795,2249,454
Truck144888,1339,2444,2075,2249,174
Truck143921,1338,2225,1775,2250,475
Truck144536,1339,3119,1965,2250,285
Truck144680,1339,2942,2010,2250,240
Truck145180,2777,2942,2165,2250,85
Truck144997,2566,2225,2110,2251,141
Truck145027,2443,2942,2120,2252,132
Truck145230,2943,3119,2180,2252,72
Truck145254,2567,2683,2190,2252,62
Truck143601,1338,2443,1675,2253,578
Truck144895,3119,2443,2075,2253,178
Truck144944,0,2684,2095,2253,158
Truck145358,2943,2942,2220,2253,33
Truck145122,2225,2443,2150,2254,104
Truck145272,1339,2683,2195,2254,59
Truck145448,1339,2567,2250,2254,4
Truck144272,0,2224,1885,2255,370
Truck144665,2224,2443,2005,2256,251
Truck144868,2444,2443,2070,2256,186
Truck145043,2443,2942,2125,2257,132
Truck143617,1338,2443,1680,2258,578
Truck144549,2566,2683,1970,2258,288
Truck144911,3119,2443,2080,2258,178
Truck145002,2684,2567,2110,2258,148
Truck145374,2943,2942,2225,2258,33
Truck144233,2224,2683,1870,2259,389
Truck144693,2566,2443,2015,2259,244
Truck145354,2684,2443,2220,2259,39
Truck145016,1339,2684,2115,2261,146
Truck144710,2567,2942,2020,2262,242
Truck145069,2942,2443,2130,2262,132
Truck144709,2566,0,2020,2263,243
Truck144927,3119,2443,2085,2263,178
Truck145018,2684,2567,2115,2263,148
Truck144247,2683,2224,1875,2264,389
Truck143969,1338,2225,1790,2265,475
Truck144345,2224,2567,1905,2265,360
Truck144487,2683,3119,1950,2265,315
Truck144584,1339,3119,1980,2265,285
Truck144591,3119,1339,1980,2265,285
Truck144728,1339,2942,2025,2265,240
Truck145228,2777,2942,2180,2265,85
Truck143970,2225,1338,1790,2266,476
Truck144900,2444,2443,2080,2266,186
Truck144935,2683,2684,2090,2266,176
Truck144582,2567,3119,1980,2267,287
Truck144726,2567,2942,2025,2267,242
Truck144950,2567,2444,2095,2267,172
Truck145208,1339,2225,2175,2267,92
Truck143649,1338,2443,1690,2268,578
Truck144931,2443,3119,2090,2268,178
Truck145171,2443,2225,2165,2268,103
Truck145170,2225,2443,2165,2269,104
Truck145273,2224,3119,2195,2269,74
Truck145386,2684,2443,2230,2269,39
Truck144320,0,2224,1900,2270,370
Truck144361,2224,2567,1910,2270,360
Truck144607,3119,1339,1985,2270,285
Truck144653,2942,2683,2000,2270,270
Truck144744,1339,2942,2030,2270,240
Truck145071,3119,2684,2130,2270,140
Truck145244,2777,2942,2185,2270,85
Truck144704,0,2942,2020,2271,251
Truck144713,2224,2443,2020,2271,251
Truck144916,2444,2443,2085,2271,186
Truck145083,2776,2942,2135,2271,136
Truck145259,2776,2443,2190,2271,81
Truck145375,3119,2942,2225,2271,46
Truck144943,3119,2776,2090,2272,182
Truck143665,1338,2443,1695,2273,578
Truck145422,2943,2942,2240,2273,33
Truck144765,2942,1339,2035,2274,239
Truck144923,2776,2567,2085,2274,189
Truck145289,2224,3119,2200,2274,74
Truck144623,3119,1339,1990,2275,285
Truck144791,2683,2444,2045,2275,230
Truck145132,2777,3119,2150,2275,125
Truck145149,2942,2224,2155,2275,120
Truck145260,2777,2942,2190,2275,85
Truck144715,2776,2224,2020,2276,256
Truck145101,2942,2776,2140,2276,136
Truck145275,2776,2443,2195,2276,81
Truck144959,3119,2776,2095,2277,182
Truck145117,2942,2443,2145,2277,132
Truck143681,1338,2443,1700,2278,578
Truck144839,2683,2776,2060,2278,218
Truck145438,2943,2942,2245,2278,33
Truck144757,2566,2443,2035,2279,244
Truck144858,2684,2224,2065,2279,214
Truck145187,2443,2567,2170,2279,109
Truck145305,2224,3119,2205,2279,74
Truck144632,1339,3119,1995,2280,285
Truck145276,2777,2942,2195,2280,85
Truck143736,1339,1338,1715,2282,567
Truck145133,2942,2443,2150,2282,132
Truck145350,2567,2683,2220,2282,62
Truck145453,2942,2943,2250,2282,32
Truck143697,1338,2443,1705,2283,578
Truck144629,2566,2683,1995,2283,288
Truck145078,2567,2684,2135,2283,148
Truck145107,2443,2683,2145,2283,138
Truck145454,2943,2942,2250,2283,33
Truck144097,1338,2566,1830,2284,454
Truck144408,1339,2224,1925,2284,359
Truck144773,2566,2443,2040,2284,244
Truck145218,2225,2443,2180,2284,104
Truck145434,2684,2443,2245,2284,39
Truck144792,1339,2942,2045,2285,240
Truck144797,2942,2567,2045,2285,240
Truck144996,2444,1339,2110,2285,175
Truck145258,2684,2942,2190,2285,95
Truck145292,2777,2942,2200,2285,85
Truck145390,2943,2777,2230,2285,55
Truck144752,0,2942,2035,2286,251
Truck144964,2444,2443,2100,2286,186
Truck145098,2684,1339,2140,2286,146
Truck145106,2225,2566,2145,2286,141
Truck144790,2567,2942,2045,2287,242
Truck143713,1338,2443,1710,2288,578
Truck145056,0,2684,2130,2288,158
Truck145470,2943,2942,2255,2288,33
Truck144789,2566,2443,2045,2289,244
Truck145234,2225,2443,2185,2289,104
Truck145286,2567,2225,2200,2289,89
Truck145384,1339,2683,2230,2289,59
Truck145450,2684,2443,2250,2289,39
Truck144928,0,2776,2090,2290,200
Truck145406,2943,2777,2235,2290,55
Truck143761,1338,1339,1725,2291,566
Truck144422,2567,2224,1930,2291,361
Truck144976,0,2444,2105,2291,186
Truck145323,2776,2443,2210,2291,81
Truck144837,2566,1339,2060,2292,232
Truck145030,2567,2444,2120,2292,172
Truck145155,2443,2942,2160,2292,132
Truck145165,2942,2443,2160,2292,132
Truck145382,2567,2683,2230,2292,62
Truck144853,2566,2567,2065,2293,228
Truck144887,2683,2776,2075,2293,218
Truck145011,2443,3119,2115,2293,178
Truck145023,3119,2443,2115,2293,178
Truck145314,2225,2444,2210,2293,83
Truck145196,2777,3119,2170,2295,125
Truck144793,2224,2443,2045,2296,251
Truck144992,0,2444,2110,2296,186
Truck144995,2443,2444,2110,2296,186
Truck145339,2776,2443,2215,2296,81
Truck145574,2567,1339,2290,2296,6
Truck143745,1338,0,1720,2297,577
Truck144321,1338,2444,1900,2297,397
Truck145181,2942,2443,2165,2297,132
Truck144677,2566,2683,2010,2298,288
Truck144869,2566,2567,2070,2298,228
Truck145039,3119,2443,2120,2298,178
Truck145396,2444,2566,2235,2298,63
Truck145502,2943,2942,2265,2298,33
Truck144821,2566,2443,2055,2299,244
Truck144922,2684,2224,2085,2299,214
Truck145266,2225,2443,2195,2299,104
Truck144416,0,2224,1930,2300,370
Truck144599,2683,3119,1985,2300,315
Truck145340,2777,2942,2215,2300,85
Truck144800,0,2942,2050,2301,251
Truck145008,0,2444,2115,2301,186
Truck145012,2444,0,2115,2301,186
Truck145060,2444,2567,2130,2301,171
Truck145179,2776,2942,2165,2301,136
Truck144656,0,3119,2005,2302,297
Truck145414,2567,2683,2240,2302,62
Truck145055,3119,2443,2125,2303,178
Truck145175,2683,2443,2165,2303,138
Truck145518,2943,2942,2270,2303,33
Truck145282,2225,2443,2200,2304,104
Truck145432,1339,2683,2245,2304,59
Truck145322,2684,2942,2210,2305,95
Truck145356,2777,2942,2220,2305,85
Truck144470,2567,2224,1945,2306,361
Truck144816,0,2942,2055,2306,251
Truck145028,2444,2443,2120,2306,186
Truck145162,2684,1339,2160,2306,146
Truck145173,2566,2225,2165,2306,141
Truck145203,2443,2942,2175,2307,132
Truck143777,1338,2443,1730,2308,578
Truck144711,2683,2566,2020,2308,288
Truck145154,2225,2683,2160,2308,148
Truck144488,1339,2224,1950,2309,359
Truck145298,2225,2443,2205,2309,104
Truck145364,2444,2225,2225,2309,84
Truck144775,2683,2942,2040,2310,270
Truck145248,0,2443,2190,2310,120
Truck145257,2224,2942,2190,2310,120
Truck145338,2684,2942,2215,2310,95
Truck145372,2777,2942,2225,2310,85
Truck145044,2444,2443,2125,2311,186
Truck145186,2225,2566,2170,2311,141
Truck145211,2776,2942,2175,2311,136
Truck144901,2566,1339,2080,2312,232
Truck145229,2942,2443,2180,2312,132
Truck143792,0,1338,1735,2313,578
Truck143793,1338,2443,1735,2313,578
Truck143795,2443,1338,1735,2313,578
Truck143841,1338,2567,1750,2313,563
Truck144955,2776,2683,2095,2313,218
Truck145515,2776,2684,2270,2313,43
Truck144473,2224,0,1945,2314,369
Truck145530,2684,2443,2275,2314,39
Truck145388,2777,2942,2230,2315,85
Truck144857,2224,2443,2065,2316,251
Truck145210,2684,3119,2175,2316,141
Truck145403,2776,2443,2235,2316,81
Truck145519,3119,2942,2270,2316,46
Truck144920,1339,2566,2085,2317,232
Truck145219,2443,2683,2180,2318,138
Truck145566,2943,2942,2285,2318,33
Truck143862,2567,1338,1755,2319,564
Truck144425,2224,2683,1930,2319,389
Truck144885,2566,2443,2075,2319,244
Truck145330,2225,2443,2215,2319,104
Truck144663,2683,3119,2005,2320,315
Truck144807,2683,2942,2050,2320,270
Truck144877,2942,0,2070,2320,250
Truck145293,2942,2224,2200,2320,120
Truck145370,2684,2942,2225,2320,95
Truck145404,2777,2942,2235,2320,85
Truck143857,1338,1339,1755,2321,566
Truck144864,0,2942,2070,2321,251
Truck144932,2444,2683,2090,2321,231
Truck145076,2444,0,2135,2321,186
Truck145124,2444,2567,2150,2321,171
Truck145221,2566,2225,2180,2321,141
Truck143864,1339,1338,1755,2322,567
Truck145114,2684,2683,2145,2322,177
Truck145251,2443,2942,2190,2322,132
Truck145261,2942,2443,2190,2322,132
Truck145119,3119,2443,2145,2323,178
Truck145207,2683,2225,2175,2323,148
Truck145582,2943,2942,2290,2323,33
Truck145346,2225,2443,2220,2324,104
Truck145546,2684,2776,2280,2324,44
Truck144783,3119,1339,2040,2325,285
Truck145420,2777,2942,2240,2325,85
Truck144880,0,2942,2075,2326,251
Truck145226,2684,1339,2180,2326,146
Truck145435,2776,2443,2245,2326,81
Truck143880,1339,1338,1760,2327,567
Truck145267,2443,2942,2195,2327,132
Truck145597,2942,2943,2295,2327,32
Truck144553,2224,1339,1970,2328,358
Truck145135,3119,2443,2150,2328,178
Truck145426,2225,2444,2245,2328,83
Truck145598,2943,2942,2295,2328,33
Truck144917,2566,2443,2085,2329,244
Truck145362,2225,2443,2225,2329,104
Truck145428,2444,2225,2245,2329,84
Truck145140,2444,1339,2155,2330,175
Truck145308,2777,3119,2205,2330,125
Truck145436,2777,2942,2245,2330,85
Truck145534,2943,2777,2275,2330,55
Truck144891,2776,2224,2075,2331,256
Truck144896,0,2942,2080,2331,251
Truck145108,2444,2443,2145,2331,186
Truck145143,2683,2684,2155,2331,176
Truck145242,2684,1339,2185,2331,146
Truck145486,2943,3119,2260,2332,72
Truck145151,3119,2443,2155,2333,178
Truck145379,2443,2225,2230,2333,103
Truck145614,2943,2942,2300,2333,33
Truck144933,2566,2443,2090,2334,244
Truck145378,2225,2443,2230,2334,104
Truck144855,2683,2942,2065,2335,270
Truck144925,2942,0,2085,2335,250
Truck145324,2777,3119,2210,2335,125
Truck145452,2777,2942,2250,2335,85
Truck145550,2943,2777,2280,2335,55
Truck144566,2567,2224,1975,2336,361
Truck145172,2444,2567,2165,2336,171
Truck145291,2776,2942,2200,2336,136
Truck144768,0,3119,2040,2337,297
Truck145309,2942,2443,2205,2337,132
Truck145688,1339,0,2325,2337,12
Truck144949,2566,0,2095,2338,243
Truck145395,2443,2225,2235,2338,103
Truck145458,2225,2444,2255,2338,83
Truck145603,2443,2684,2300,2338,38
Truck145630,2943,2942,2305,2338,33
Truck144273,1338,2566,1885,2339,454
Truck145050,2684,2224,2125,2339,214
Truck145347,2443,0,2220,2339,119
Truck145394,2225,2443,2235,2339,104
Truck144544,0,2224,1970,2340,370
Truck144973,2942,2567,2100,2340,240
Truck144999,2683,2444,2110,2340,230
Truck145353,2224,2942,2220,2340,120
Truck145139,2443,2444,2155,2341,186
Truck145325,2942,2443,2210,2342,132
Truck143889,1338,2443,1765,2343,578
Truck145646,2943,2942,2310,2343,33
Truck144600,1339,2224,1985,2344,359
Truck145410,2225,2443,2240,2344,104
Truck144893,2942,2683,2075,2345,270
Truck145142,2567,2776,2155,2345,190
Truck145311,3119,2684,2205,2345,140
Truck144847,3119,2567,2060,2346,286
Truck144953,2224,2443,2095,2346,251
Truck145156,2444,2443,2160,2346,186
Truck145191,2683,2684,2170,2346,176
Truck145734,2567,1339,2340,2346,6
Truck143904,0,1338,1770,2348,578
Truck143905,1338,2443,1770,2348,578
Truck145199,3119,2443,2170,2348,178
Truck145662,2943,2942,2315,2348,33
Truck144585,2224,0,1980,2349,369
Truck145529,2224,3119,2275,2349,74
Truck145642,2684,2443,2310,2349,39
Truck144903,2683,2942,2080,2350,270
Truck145031,2683,2444,2120,2350,230
Truck145204,2444,1339,2175,2350,175
Truck145543,2683,0,2280,2350,70
Truck144969,2224,2443,2100,2351,251
Truck145304,1339,2684,2205,2351,146
Truck145335,2683,2443,2215,2353,138
Truck145440,0,2225,2250,2353,103
Truck145678,2943,2942,2320,2353,33
Truck145508,2444,2225,2270,2354,84
Truck144919,2683,2942,2085,2355,270
Truck144985,2224,2443,2105,2356,251
Truck145184,0,2444,2170,2356,186
Truck145188,2444,2443,2170,2356,186
Truck145355,2776,2942,2220,2356,136
Truck145357,2942,2776,2220,2356,136
Truck145215,3119,2776,2175,2357,182
Truck145490,2225,1339,2265,2357,92
Truck143937,1338,2443,1780,2358,578
Truck145522,2225,2444,2275,2358,83
Truck145667,2443,2684,2320,2358,38
Truck145694,2943,2942,2325,2358,33
Truck144337,1338,2566,1905,2359,454
Truck145013,2566,2443,2115,2359,244
Truck145524,2444,2225,2275,2359,84
Truck145674,2684,2443,2320,2359,39
Truck145032,1339,2942,2120,2360,240
Truck145532,2777,2942,2275,2360,85
Truck145547,2776,2443,2280,2361,81
Truck145389,2942,2443,2230,2362,132
Truck145506,2225,1339,2270,2362,92
Truck143953,1338,2443,1785,2363,578
Truck145247,3119,2443,2185,2363,178
Truck145464,1339,2443,2255,2363,108
Truck145029,2566,2443,2120,2364,244
Truck145548,2777,2942,2280,2365,85
Truck144290,2225,1338,1890,2366,476
Truck144879,3119,0,2070,2366,296
Truck145365,2566,2225,2225,2366,141
Truck145387,2776,2942,2230,2366,136
Truck145760,0,2567,2350,2366,16
Truck145046,2567,2942,2125,2367,242
Truck145405,2942,2443,2235,2367,132
Truck145622,2567,2683,2305,2367,62
Truck143968,0,1338,1790,2368,578
Truck145554,2225,2444,2285,2368,83
Truck145045,2566,2443,2125,2369,244
Truck145146,2684,2224,2155,2369,214
Truck145816,1339,2567,2365,2369,4
Truck144305,1338,2225,1895,2370,475
Truck145064,1339,2942,2130,2370,240
Truck145564,2777,2942,2285,2370,85
Truck145235,2443,2444,2185,2371,186
Truck145381,2566,2225,2230,2371,141
Truck145600,0,2683,2300,2371,71
Truck144024,1339,1338,1805,2372,567
Truck145411,2443,2942,2240,2372,132
Truck145421,2942,2443,2240,2372,132
Truck145367,2683,2225,2225,2373,148
Truck145491,2443,1339,2265,2373,108
Truck145061,2566,2443,2130,2374,244
Truck145243,2776,2567,2185,2374,189
Truck145706,2684,2776,2330,2374,44
Truck145111,2683,2444,2145,2375,230
Truck145238,2567,2776,2185,2375,190
Truck145284,2444,1339,2200,2375,175
Truck145580,2777,2942,2290,2375,85
Truck145252,2444,2443,2190,2376,186
Truck145402,2684,3119,2235,2376,141
Truck145653,2566,2444,2315,2377,62
Truck144001,1338,2443,1800,2378,578
Truck145731,2443,2684,2340,2378,38
Truck145758,2943,2942,2345,2378,33
Truck145077,2566,2443,2135,2379,244
Truck145471,3119,2777,2255,2379,124
Truck145631,3119,2224,2305,2379,74
Truck145692,2777,2943,2325,2379,54
Truck145738,2684,2443,2340,2379,39
Truck144863,3119,2683,2065,2380,315
Truck145005,2942,2683,2110,2380,270
Truck145468,2777,3119,2255,2380,125
Truck145562,2684,2942,2285,2380,95
Truck144338,2225,1338,1905,2381,476
Truck145268,2444,2443,2195,2381,186
Truck145443,2443,2942,2250,2382,132
Truck144017,1338,2443,1805,2383,578
Truck145523,2443,1339,2275,2383,108
Truck145774,2943,2942,2350,2383,33
Truck144421,2566,1338,1930,2384,454
Truck145093,2566,2443,2140,2384,244
Truck145538,2225,2443,2280,2384,104
Truck145754,2684,2443,2345,2384,39
Truck144729,2224,2567,2025,2385,360
Truck144871,2683,3119,2070,2385,315
Truck145015,2683,2942,2115,2385,270
Truck145484,2777,3119,2260,2385,125
Truck145578,2684,2942,2290,2385,95
Truck145612,2777,2942,2300,2385,85
Truck145613,2942,2777,2300,2385,85
Truck145710,2943,2777,2330,2385,55
Truck145067,2776,2224,2130,2386,256
Truck145081,2224,2443,2135,2386,251
Truck145418,2684,1339,2240,2386,146
Truck145451,2776,2942,2250,2386,136
Truck145627,2776,2443,2305,2386,81
Truck145862,2567,1339,2380,2386,6
Truck144609,1338,2444,1990,2387,397
Truck144612,2444,1338,1990,2387,397
Truck145195,2776,2683,2170,2388,218
Truck145327,3119,2443,2210,2388,178
Truck145539,2443,1339,2280,2388,108
Truck145790,2943,2942,2355,2388,33
Truck145109,2566,2443,2145,2389,244
Truck145336,1339,2444,2215,2389,174
Truck145770,2684,2443,2350,2389,39
Truck145128,1339,2942,2150,2390,240
Truck145500,2777,3119,2265,2390,125
Truck145513,2224,2942,2270,2390,120
Truck145628,2777,2942,2305,2390,85
Truck145726,2943,2777,2335,2390,55
Truck144742,2567,2224,2030,2391,361
Truck145091,2443,2224,2140,2391,251
Truck145300,2444,2443,2205,2391,186
Truck145467,2776,2942,2255,2391,136
Truck145469,2942,2776,2255,2391,136
Truck145878,2567,1339,2385,2391,6
Truck145126,2567,2942,2150,2392,242
Truck145485,2942,2443,2260,2392,132
Truck144049,1338,2443,1815,2393,578
Truck144051,2443,1338,1815,2393,578
Truck145343,3119,2443,2215,2393,178
Truck145771,2776,2684,2350,2393,43
Truck145806,2943,2942,2360,2393,33
Truck144449,1338,2566,1940,2394,454
Truck145570,2225,2443,2290,2394,104
Truck145636,2444,2225,2310,2394,84
Truck145673,2224,3119,2320,2394,74
Truck145516,2777,3119,2270,2395,125
Truck145644,2777,2942,2310,2395,85
Truck145104,0,2942,2145,2396,251
Truck145113,2224,2443,2145,2396,251
Truck145316,2444,2443,2210,2396,186
Truck145351,2683,2684,2220,2396,176
Truck145461,2566,2225,2255,2396,141
Truck145483,2776,2942,2260,2396,136
Truck144641,1338,2444,2000,2397,397
Truck144960,0,3119,2100,2397,297
Truck145501,2942,2443,2265,2397,132
Truck145717,2566,2444,2335,2397,62
Truck144065,1338,2443,1820,2398,578
Truck144113,1338,2567,1835,2398,563
Truck145227,2776,2683,2180,2398,218
Truck145359,3119,2443,2220,2398,178
Truck145479,2683,2443,2260,2398,138
Truck145576,1339,2443,2290,2398,108
Truck145586,2225,0,2295,2398,103
Truck145587,2443,2225,2295,2398,103
Truck145795,2443,2684,2360,2398,38
Truck145822,2943,2942,2365,2398,33
Truck145141,2566,2443,2155,2399,244
Truck145660,2777,2942,2315,2400,85
Truck145129,2224,2443,2150,2401,251
Truck145332,2444,2443,2215,2401,186
Truck145474,2225,2566,2260,2401,141
Truck145482,2684,3119,2260,2401,141
Truck145675,2776,2443,2320,2401,81
Truck145507,2443,2942,2270,2402,132
Truck143943,2683,1338,1780,2403,623
Truck144080,0,1338,1825,2403,578
Truck144081,1338,2443,1825,2403,578
Truck145466,2684,2567,2255,2403,148
Truck145838,2943,2942,2370,2403,33
Truck145157,2566,2443,2160,2404,244
Truck145307,2776,0,2205,2404,199
Truck145602,2225,2443,2300,2404,104
Truck145677,2942,2777,2320,2405,85
Truck144129,1338,1339,1840,2406,566
Truck145007,3119,0,2110,2406,296
Truck145145,2224,2443,2155,2406,251
Truck145493,2566,2225,2265,2406,141
Truck145691,2776,2443,2325,2406,81
Truck145807,3119,2942,2360,2406,46
Truck145174,2567,2942,2165,2407,242
Truck145533,2942,2443,2275,2407,132
Truck145391,3119,2443,2230,2408,178
Truck145608,1339,2443,2300,2408,108
Truck145827,2443,2684,2370,2408,38
Truck145854,2943,2942,2375,2408,33
Truck145618,2225,2443,2305,2409,104
Truck145581,2942,2224,2290,2410,120
Truck145606,2567,2443,2300,2410,110
Truck144434,2225,1338,1935,2411,476
Truck145152,0,2942,2160,2411,251
Truck145161,2224,2443,2160,2411,251
Truck145220,2444,2683,2180,2411,231
Truck145360,0,2444,2225,2411,186
Truck145399,2683,2684,2235,2411,176
Truck145514,2684,3119,2270,2411,141
Truck145823,3119,2942,2365,2411,46
Truck145190,2567,2942,2170,2412,242
Truck145549,2942,2443,2280,2412,132
Truck145742,2943,3119,2340,2412,72
Truck145407,3119,2443,2235,2413,178
Truck145870,2943,2942,2380,2413,33
Truck145189,2566,2443,2170,2414,244
Truck145583,3119,2777,2290,2414,124
Truck145634,2225,2443,2310,2414,104
Truck144825,2224,2567,2055,2415,360
Truck145708,2777,2942,2330,2415,85
Truck145177,2224,2443,2165,2416,251
Truck145380,2444,2443,2230,2416,186
Truck145415,2683,2684,2240,2416,176
Truck145759,3119,2943,2345,2416,71
Truck145651,2443,2225,2315,2418,103
Truck144745,2224,2683,2030,2419,389
Truck144809,2224,0,2050,2419,369
Truck145205,2566,2443,2175,2419,244
Truck145306,2684,2224,2205,2419,214
Truck145650,2225,2443,2315,2419,104
Truck145702,2567,2225,2330,2419,89
Truck145753,2224,3119,2345,2419,74
Truck145224,1339,2942,2180,2420,240
Truck145596,2777,3119,2295,2420,125
Truck145724,2777,2942,2335,2420,85
Truck144838,2567,2224,2060,2421,361
Truck145563,2776,2942,2285,2421,136
Truck145853,2942,3119,2375,2421,46
Truck145855,3119,2942,2375,2421,46
Truck145974,2567,1339,2415,2421,6
Truck145419,2776,3119,2240,2422,182
Truck145498,2684,0,2265,2422,157
Truck145704,1339,2225,2330,2422,92
Truck144145,1338,2443,1845,2423,578
Truck145079,2683,2566,2135,2423,288
Truck145427,2443,3119,2245,2423,178
Truck145714,2225,2567,2335,2423,88
Truck145867,2776,2684,2380,2423,43
Truck145902,2943,2942,2390,2423,33
Truck145371,2776,0,2225,2424,199
Truck145666,2225,2443,2320,2424,104
Truck145444,2444,1339,2250,2425,175
Truck145200,0,2942,2175,2426,251
Truck145209,2224,2443,2175,2426,251
Truck145412,2444,2443,2240,2426,186
Truck145579,2776,2942,2290,2426,136
Truck145869,2942,3119,2380,2426,46
Truck145871,3119,2942,2380,2426,46
Truck145094,2567,3119,2140,2427,287
Truck145462,2567,2444,2255,2427,172
Truck144161,1338,2443,1850,2428,578
Truck145237,2566,0,2185,2428,243
Truck145918,2943,2942,2395,2428,33
Truck145785,2224,3119,2355,2429,74
Truck145112,1339,3119,2145,2430,285
Truck145256,1339,2942,2190,2430,240
Truck145287,2683,2444,2200,2430,230
Truck145756,2777,2942,2345,2430,85
Truck145216,0,2942,2180,2431,251
Truck145560,1339,2684,2285,2431,146
Truck145595,2776,2942,2295,2431,136
Truck145455,3119,2776,2250,2432,182
Truck144177,1338,2443,1855,2433,578
Truck144889,2224,1339,2075,2433,358
Truck145591,2683,2443,2295,2433,138
Truck145934,2943,2942,2400,2433,33
Truck145253,2566,2443,2190,2434,244
Truck145698,2225,2443,2330,2434,104
Truck145661,2942,2224,2315,2435,120
Truck145772,2777,2942,2350,2435,85
Truck145241,2224,2443,2185,2436,251
Truck145787,2776,2443,2355,2436,81
Truck145903,3119,2942,2390,2436,46
Truck144193,1338,0,1860,2437,577
Truck145487,3119,2443,2260,2438,178
Truck145950,2943,2942,2405,2438,33
Truck144904,1339,2224,2080,2439,359
Truck145269,2566,2443,2195,2439,244
Truck144529,1338,2225,1965,2440,475
Truck145319,2683,2444,2210,2440,230
Truck145788,2777,2942,2355,2440,85
Truck145460,2444,2443,2255,2441,186
Truck145803,2776,2443,2360,2441,81
Truck144788,2444,1338,2045,2442,397
Truck145645,2942,2443,2310,2442,132
Truck144208,0,1338,1865,2443,578
Truck144209,1338,2443,1865,2443,578
Truck144921,2224,1339,2085,2443,358
Truck145623,2683,2443,2305,2443,138
Truck145715,2443,1339,2335,2443,108
Truck145728,0,2225,2340,2443,103
Truck145966,2943,2942,2410,2443,33
Truck145283,2443,2566,2200,2444,244
Truck145285,2566,2443,2200,2444,244
Truck145730,2225,2443,2340,2444,104
Truck145773,2942,2684,2350,2444,94
Truck145900,2777,2943,2390,2444,54
Truck145063,2683,3119,2130,2445,315
Truck145213,2942,2683,2175,2445,270
Truck145424,0,2776,2245,2445,200
Truck145676,2777,3119,2320,2445,125
Truck145804,2777,2942,2360,2445,85
Truck145819,2776,2443,2365,2446,81
Truck146022,2567,0,2430,2446,16
Truck144225,1338,2443,1870,2448,578
Truck144625,1338,2566,1995,2449,454
Truck144905,2224,0,2080,2449,369
Truck145296,0,2566,2205,2449,244
Truck145299,2443,2566,2205,2449,244
Truck145301,2566,2443,2205,2449,244
Truck145699,2443,0,2330,2449,119
Truck145746,2225,2443,2345,2449,104
Truck145849,2224,3119,2375,2449,74
Truck145962,2684,2443,2410,2449,39
Truck145087,3119,2683,2135,2450,315
Truck145176,1339,3119,2165,2450,285
Truck145223,2683,2942,2180,2450,270
Truck145320,1339,2942,2210,2450,240
Truck145183,3119,2567,2165,2451,286
Truck145492,2444,2443,2265,2451,186
Truck145626,2684,1339,2305,2451,146
Truck145856,0,2683,2380,2451,71
Truck145136,0,3119,2155,2452,297
Truck145318,2567,2942,2210,2452,242
Truck145794,2225,1339,2360,2452,92
Truck146056,1339,0,2440,2452,12
Truck144241,1338,2443,1875,2453,578
Truck144289,1338,2567,1890,2453,563
Truck145417,2224,2684,2240,2453,213
Truck145535,3119,2443,2275,2453,178
Truck145763,2443,2225,2350,2453,103
Truck145998,2943,2942,2420,2453,33
Truck145317,2566,2443,2210,2454,244
Truck145762,2225,2443,2350,2454,104
Truck145932,2777,2943,2400,2454,54
Truck145494,2567,2776,2265,2455,190
Truck145836,2777,2942,2370,2455,85
Truck145658,2684,3119,2315,2456,141
Truck144836,2444,1338,2060,2457,397
Truck145531,2776,3119,2275,2457,182
Truck145886,2943,3119,2385,2457,72
Truck144257,1338,2443,1880,2458,578
Truck145551,3119,2443,2280,2458,178
Truck145638,2567,2684,2310,2458,148
Truck145768,1339,2443,2350,2458,108
Truck145776,0,2225,2355,2458,103
Truck146014,2943,2942,2425,2458,33
Truck145821,2942,2684,2365,2459,94
Truck145881,2224,3119,2385,2459,74
Truck145994,2684,2443,2420,2459,39
Truck145255,2683,2942,2190,2460,270
Truck145818,2684,2942,2365,2460,95
Truck145852,2777,2942,2375,2460,85
Truck144966,2567,2224,2100,2461,361
Truck145312,0,2942,2210,2461,251
Truck145315,2443,2224,2210,2461,251
Truck145888,0,2683,2390,2461,71
Truck145981,2942,3119,2415,2461,46
Truck145983,3119,2942,2415,2461,46
Truck144849,1338,2444,2065,2462,397
Truck145206,2567,3119,2175,2462,287
Truck145709,2942,2443,2330,2462,132
Truck146029,2942,2943,2430,2462,32
Truck146030,2943,2942,2430,2463,33
Truck144673,1338,2566,2010,2464,454
Truck145349,2566,2443,2220,2464,244
Truck145499,2776,0,2265,2464,199
Truck145779,2443,2567,2355,2464,109
Truck145897,2224,3119,2390,2464,74
Truck145271,2683,2942,2195,2465,270
Truck145740,2777,3119,2340,2465,125
Truck145868,2777,2942,2380,2465,85
Truck144982,2567,2224,2105,2466,361
Truck145331,2443,2224,2215,2466,251
Truck145337,2224,2443,2215,2466,251
Truck145540,2444,2443,2280,2466,186
Truck145575,2683,2684,2290,2466,176
Truck145588,2444,2567,2295,2466,171
Truck145707,2776,2942,2330,2466,136
Truck145883,2776,2443,2385,2466,81
Truck146086,2567,0,2450,2466,16
Truck145366,2567,2942,2225,2467,242
Truck145725,2942,2443,2335,2467,132
Truck145447,2683,2776,2250,2468,218
Truck145811,2443,2225,2365,2468,103
Truck146046,2943,2942,2435,2468,33
Truck144342,2567,1338,1905,2469,564
Truck145592,1339,2444,2295,2469,174
Truck145810,2225,2443,2365,2469,104
Truck145850,2684,2942,2375,2470,95
Truck145982,2943,2777,2415,2470,55
Truck145555,2443,2444,2285,2471,186
Truck145556,2444,2443,2285,2471,186
Truck145690,2684,1339,2325,2471,146
Truck145701,2566,2225,2330,2471,141
Truck145935,3119,2943,2400,2471,71
Truck144881,1338,2444,2075,2472,397
Truck145957,2566,2444,2410,2472,62
Truck146061,2942,2943,2440,2472,32
Truck146112,0,1339,2460,2472,12
Truck145599,3119,2443,2295,2473,178
Truck145719,2683,2443,2335,2473,138
Truck145826,2225,0,2370,2473,103
Truck146062,2943,2942,2440,2473,33
Truck145775,3119,2777,2350,2474,124
Truck145929,2224,3119,2400,2474,74
Truck145789,2942,2224,2355,2475,120
Truck145866,2684,2942,2380,2475,95
Truck144353,1338,1339,1910,2476,566
Truck145572,2444,0,2290,2476,186
Truck145620,2444,2567,2305,2476,171
Truck145429,2566,1339,2245,2477,232
Truck145610,2684,2683,2300,2477,177
Truck145757,2942,2443,2345,2477,132
Truck145880,1339,2225,2385,2477,92
Truck146136,1339,0,2465,2477,12
Truck145497,2224,2684,2265,2478,213
Truck145615,3119,2443,2300,2478,178
Truck146078,2943,2942,2445,2478,33
Truck145397,2566,2443,2235,2479,244
Truck145791,3119,2777,2355,2479,124
Truck145842,2225,2443,2375,2479,104
Truck145882,2684,2942,2385,2480,95
Truck145916,2777,2942,2395,2480,85
Truck145376,0,2942,2230,2481,251
Truck145385,2224,2443,2230,2481,251
Truck145733,2566,2225,2340,2481,141
Truck145931,2776,2443,2400,2481,81
Truck145751,2683,2443,2345,2483,138
Truck145843,2443,1339,2375,2483,108
Truck144741,2566,1338,2030,2484,454
Truck145413,2566,2443,2240,2484,244
Truck145858,2225,2443,2380,2484,104
Truck146074,2684,2443,2445,2484,39
Truck145288,1339,3119,2200,2485,285
Truck145295,3119,1339,2200,2485,285
Truck145341,2942,2683,2215,2485,270
Truck145552,0,2776,2285,2485,200
Truck145590,2567,2776,2295,2485,190
Truck145392,0,2942,2235,2486,251
Truck145401,2224,2443,2235,2486,251
Truck145604,2444,2443,2300,2486,186
Truck145639,2683,2684,2310,2486,176
Truck145947,2776,2443,2405,2486,81
Truck145511,2683,2776,2270,2488,218
Truck145922,2225,2567,2400,2488,88
Truck146110,2943,2942,2455,2488,33
Truck144967,2683,2224,2100,2489,389
Truck145611,2776,2567,2300,2489,189
Truck145656,1339,2444,2315,2489,174
Truck145820,2777,3119,2365,2490,125
Truck145837,2942,2224,2370,2490,120
Truck145948,2777,2942,2405,2490,85
Truck145408,0,2942,2240,2491,251
Truck145476,2444,2683,2260,2491,231
Truck145477,2566,1339,2260,2492,232
Truck145647,3119,2776,2310,2492,182
Truck144369,1338,2443,1915,2493,578
Truck145663,3119,2443,2315,2493,178
Truck145938,2225,2567,2405,2493,88
Truck146126,2943,2942,2460,2493,33
Truck144983,2683,2224,2105,2494,389
Truck145231,3119,2683,2180,2495,315
Truck145373,2942,2683,2225,2495,270
Truck145437,2942,0,2245,2495,250
Truck145668,2444,1339,2320,2495,175
Truck145964,2777,2942,2410,2495,85
Truck145778,2225,2566,2355,2496,141
Truck144424,1339,1338,1930,2497,567
Truck145496,1339,2566,2265,2497,232
Truck144385,1338,2443,1920,2498,578
Truck145643,2776,1339,2310,2498,188
Truck145679,3119,2443,2320,2498,178
Truck145906,2225,0,2395,2498,103
Truck146107,2776,2684,2455,2498,43
Truck146142,2943,2942,2465,2498,33
Truck145459,2443,2566,2255,2499,244
Truck146076,2777,2943,2445,2499,54
Truck145480,1339,2942,2260,2500,240
Truck145946,2684,2942,2405,2500,95
Truck145980,2777,2942,2415,2500,85
Truck144722,2225,1338,2025,2501,476
Truck145449,2224,2443,2250,2501,251
Truck145652,2444,2443,2315,2501,186
Truck144440,1339,1338,1935,2502,567
Truck145334,2567,3119,2215,2502,287
Truck145954,2225,1339,2410,2502,92
Truck144400,0,1338,1925,2503,578
Truck145333,2566,2683,2215,2503,288
Truck145525,2566,2567,2275,2503,228
Truck145559,2683,2776,2285,2503,218
Truck145695,3119,2443,2325,2503,178
Truck146158,2943,2942,2470,2503,33
Truck144454,2567,1338,1940,2504,564
Truck145875,2443,0,2385,2504,119
Truck145965,2942,2684,2410,2504,94
Truck146071,2683,1339,2445,2504,59
Truck145072,0,2224,2135,2505,370
Truck145263,3119,2683,2190,2505,315
Truck145996,2777,2942,2420,2505,85
Truck144738,2225,1338,2030,2506,476
Truck145802,2684,1339,2360,2506,146
Truck145835,2776,2942,2370,2506,136
Truck146011,2776,2443,2425,2506,81
Truck144417,1338,0,1930,2507,577
Truck146070,2567,2683,2445,2507,62
Truck145711,3119,2443,2330,2508,178
Truck145798,2567,2684,2360,2508,148
Truck145799,2683,2225,2360,2508,148
Truck146174,2943,2942,2475,2508,33
Truck144817,1338,2566,2055,2509,454
Truck145517,2942,1339,2270,2509,239
Truck145594,2684,2224,2295,2509,214
Truck145720,1339,2444,2335,2509,174
Truck145891,2443,0,2390,2509,119
Truck145279,3119,2683,2195,2510,315
Truck145884,2777,3119,2385,2510,125
Truck145978,2684,2942,2415,2510,95
Truck146012,2777,2942,2425,2510,85
Truck145465,2224,2776,2255,2511,256
Truck145481,2224,2443,2260,2511,251
Truck145684,2444,2443,2325,2511,186
Truck146027,2776,2443,2430,2511,81
Truck145009,1338,2444,2115,2512,397
Truck145328,0,3119,2215,2512,297
Truck145722,2684,2683,2335,2512,177
Truck145786,2684,0,2355,2512,157
Truck144433,1338,2443,1935,2513,578
Truck145509,2566,0,2270,2513,243
Truck145952,0,2225,2410,2513,103
Truck146190,2943,2942,2480,2513,33
Truck145049,2224,2683,2125,2514,389
Truck145504,0,2566,2270,2514,244
Truck145659,2776,0,2315,2514,199
Truck145528,1339,2942,2275,2515,240
Truck145648,0,2776,2315,2515,200
Truck145732,2444,1339,2340,2515,175
Truck146028,2777,2942,2430,2515,85
Truck145488,0,2942,2265,2516,251
Truck145696,0,2444,2330,2516,186
Truck145700,2444,2443,2330,2516,186
Truck145748,2444,2567,2345,2516,171
Truck145845,2566,2225,2375,2516,141
Truck145526,2567,2942,2275,2517,242
Truck144311,2683,1338,1895,2518,623
Truck145383,2683,2566,2230,2518,288
Truck145792,0,2684,2360,2518,158
Truck145834,2684,2567,2370,2518,148
Truck145971,2443,2225,2415,2518,103
Truck146018,2225,2567,2430,2518,88
Truck145970,2225,2443,2415,2519,104
Truck146140,2777,2943,2465,2519,54
Truck145303,2683,3119,2205,2520,315
Truck145544,1339,2942,2280,2520,240
Truck146045,2942,2777,2435,2520,85
Truck145716,2444,0,2335,2521,186
Truck146059,2776,2443,2440,2521,81
Truck146095,3119,2943,2450,2521,71
Truck146175,3119,2942,2475,2521,46
Truck145573,2566,1339,2290,2522,232
Truck145901,2942,2443,2390,2522,132
Truck146094,2943,3119,2450,2522,72
Truck146117,2566,2444,2460,2522,62
Truck146118,2567,2683,2460,2522,62
Truck144465,1338,2443,1945,2523,578
Truck144513,1338,2567,1960,2523,563
Truck145987,2443,2225,2420,2523,103
Truck146195,2443,2684,2485,2523,38
Truck146222,2943,2942,2490,2523,33
Truck145536,0,2566,2280,2524,244
Truck145541,2566,2443,2280,2524,244
Truck145986,2225,2443,2420,2524,104
Truck146038,2567,2225,2435,2524,89
Truck145718,2567,2776,2335,2525,190
Truck146060,2777,2942,2440,2525,85
Truck144802,2225,1338,2050,2526,476
Truck146075,2776,2443,2445,2526,81
Truck144481,1338,0,1950,2527,577
Truck145907,2443,2942,2395,2527,132
Truck145917,2942,2443,2395,2527,132
Truck146134,2567,2683,2465,2527,62
Truck145193,2224,1339,2170,2528,358
Truck146238,2943,2942,2495,2528,33
Truck145097,2224,2683,2140,2529,389
Truck145557,2566,2443,2285,2529,244
Truck146002,2225,2443,2425,2529,104
Truck146152,1339,2683,2470,2529,59
Truck146218,2684,2443,2490,2529,39
Truck145439,3119,1339,2245,2530,285
Truck146042,2684,2942,2435,2530,95
Truck145545,2224,2443,2280,2531,251
Truck145915,2776,2942,2395,2531,136
Truck144497,1338,2443,1955,2533,578
Truck145874,2225,2683,2385,2533,148
Truck146254,2943,2942,2500,2533,33
Truck145723,2776,0,2335,2534,199
Truck145967,3119,2777,2410,2534,124
Truck146344,1339,2567,2530,2534,4
Truck145168,0,2224,2165,2535,370
Truck145495,2683,2942,2265,2535,270
Truck145565,2942,0,2285,2535,250
Truck146092,2777,2942,2450,2535,85
Truck146167,2683,2567,2475,2535,60
Truck145423,3119,0,2240,2536,296
Truck145764,2444,2443,2350,2536,186
Truck145939,2443,2942,2405,2537,132
Truck145225,2224,1339,2180,2538,358
Truck145589,2566,0,2295,2538,243
Truck146270,2943,2942,2505,2538,33
Truck145127,2683,2224,2150,2539,389
Truck146034,2225,2443,2435,2539,104
Truck146250,2684,2443,2500,2539,39
Truck146108,2777,2942,2455,2540,85
Truck146183,2683,2567,2480,2540,60
Truck145561,2224,2776,2285,2541,256
Truck145568,0,2942,2290,2541,251
Truck145780,2444,2443,2355,2541,186
Truck146237,2942,3119,2495,2541,46
Truck145105,1338,2444,2145,2542,397
Truck145943,2683,2443,2405,2543,138
Truck146040,1339,2443,2435,2543,108
Truck146286,2943,2942,2510,2543,33
Truck145240,1339,2224,2185,2544,359
Truck145605,2566,2443,2300,2544,244
Truck145832,1339,2444,2370,2544,174
Truck146050,2225,2443,2440,2544,104
Truck146153,2224,3119,2470,2544,74
Truck145527,2683,2942,2275,2545,270
Truck145629,2942,2567,2305,2545,240
Truck145655,2683,2444,2315,2545,230
Truck145782,2567,2776,2355,2545,190
Truck146124,2777,2942,2460,2545,85
Truck145584,0,2942,2295,2546,251
Truck145478,2567,3119,2260,2547,287
Truck145898,2684,0,2390,2547,157
Truck146360,1339,0,2535,2547,12
Truck144401,1338,2683,1925,2548,623
Truck144545,1338,2443,1970,2548,578
Truck145619,2443,2566,2305,2549,244
Truck145621,2566,2443,2305,2549,244
Truck145670,2567,2566,2320,2549,229
Truck145848,1339,2444,2375,2549,174
Truck146066,2225,2443,2445,2549,104
Truck146109,2942,2684,2455,2549,94
Truck146216,1339,2683,2490,2549,59
Truck145503,3119,1339,2265,2550,285
Truck146106,2684,2942,2455,2550,95
Truck146141,2942,2777,2465,2550,85
Truck145812,2444,2443,2365,2551,186
Truck145979,2776,2942,2415,2551,136
Truck146318,2943,2942,2520,2553,33
Truck146252,2777,2943,2500,2554,54
Truck146298,2684,2443,2515,2554,39
Truck146122,2684,2942,2460,2555,95
Truck144898,2225,1338,2080,2556,476
Truck145616,0,2942,2305,2556,251
Truck145625,2224,2443,2305,2556,251
Truck145828,2444,2443,2370,2556,186
Truck145995,2776,2942,2420,2556,136
Truck144577,1338,0,1980,2557,577
Truck145930,2684,0,2400,2557,157
Truck146003,2443,2942,2425,2557,132
Truck146013,2942,2443,2425,2557,132
Truck146206,2943,3119,2485,2557,72
Truck146229,2566,2444,2495,2557,62
Truck145991,2683,2443,2420,2558,138
Truck146099,2443,2225,2455,2558,103
Truck146162,2225,2444,2475,2558,83
Truck146334,2943,2942,2525,2558,33
Truck144981,2566,1338,2105,2559,454
Truck146047,3119,2777,2435,2559,124
Truck146247,2683,1339,2500,2559,59
Truck145431,2683,3119,2245,2560,315
Truck146044,2777,3119,2435,2560,125
Truck146172,2777,2942,2475,2560,85
Truck145632,0,2942,2310,2561,251
Truck145635,2443,2224,2310,2561,251
Truck145844,2444,2443,2375,2561,186
Truck146146,2225,1339,2470,2562,92
Truck146245,2566,2444,2500,2562,62
Truck146400,0,1339,2550,2562,12
Truck144593,1338,2443,1985,2563,578
Truck144595,2443,1338,1985,2563,578
Truck145755,2776,2683,2345,2563,218
Truck145887,3119,2443,2385,2563,178
Truck146350,2943,2942,2530,2563,33
Truck145669,2566,2443,2320,2564,244
Truck146114,2225,2443,2460,2564,104
Truck146180,2444,2225,2480,2564,84
Truck146330,2684,2443,2525,2564,39
Truck145892,2444,1339,2390,2565,175
Truck146188,2777,2942,2480,2565,85
Truck145302,2567,2224,2205,2566,361
Truck145657,2224,2443,2315,2566,251
Truck145860,2444,2443,2380,2566,186
Truck146035,2443,2942,2435,2567,132
Truck146424,1339,0,2555,2567,12
Truck145990,2567,2684,2420,2568,148
Truck146130,2225,0,2465,2568,103
Truck145683,2443,2566,2325,2569,244
Truck145912,1339,2444,2395,2569,174
Truck146079,3119,2777,2445,2569,124
Truck146346,2684,2443,2530,2569,39
Truck145280,0,2224,2200,2570,370
Truck146170,2684,2942,2475,2570,95
Truck144946,2225,1338,2095,2571,476
Truck145876,2444,2443,2385,2571,186
Truck145558,2567,3119,2285,2572,287
Truck145914,2684,2683,2395,2572,177
Truck145926,2567,2444,2400,2572,172
Truck146051,2443,2942,2440,2572,132
Truck144627,2443,1338,1995,2573,578
Truck146382,2943,2942,2540,2573,33
Truck146255,3119,2224,2500,2574,74
Truck145693,2942,0,2325,2575,250
Truck145689,2224,2443,2325,2576,251
Truck146077,2942,2443,2445,2577,132
Truck146293,2566,2444,2515,2577,62
Truck146026,2684,2567,2430,2578,148
Truck146398,2943,2942,2545,2578,33
Truck145321,2224,0,2210,2579,369
Truck146378,2684,2443,2540,2579,39
Truck145741,2942,2567,2340,2580,240
Truck145894,2567,2776,2390,2580,190
Truck146150,2567,2443,2470,2580,110
Truck146202,2684,2942,2485,2580,95
Truck146236,2777,2942,2495,2580,85
Truck146311,2683,2567,2520,2580,60
Truck145908,2444,2443,2395,2581,186
Truck146367,3119,2942,2535,2581,46
Truck145236,2444,1338,2185,2582,397
Truck146010,2684,0,2425,2582,157
Truck146093,2942,2443,2450,2582,132
Truck146413,2942,2943,2550,2582,32
Truck144657,1338,2443,2005,2583,578
Truck146168,1339,2443,2475,2583,108
Truck146178,2225,0,2480,2583,103
Truck145057,1338,2566,2130,2584,454
Truck146131,2443,0,2465,2584,119
Truck145924,2444,2443,2400,2586,186
Truck145972,2444,2567,2415,2586,171
Truck146267,2776,2443,2505,2586,81
Truck145750,2567,2942,2345,2587,242
Truck145784,1339,2566,2355,2587,232
Truck146302,2943,3119,2515,2587,72
Truck145955,2443,3119,2410,2588,178
Truck146054,2567,2684,2440,2588,148
Truck146430,2943,2942,2555,2588,33
Truck145749,2566,2443,2345,2589,244
Truck146179,2443,2567,2480,2589,109
Truck146410,2684,2443,2550,2589,39
Truck145624,1339,3119,2305,2590,285
Truck145671,2683,2942,2320,2590,270
Truck146182,2567,2443,2480,2590,110
Truck146268,2777,2942,2505,2590,85
Truck145737,2224,2443,2340,2591,251
Truck145796,2444,2683,2360,2591,231
Truck146283,2776,2443,2510,2591,81
Truck146125,2942,2443,2460,2592,132
Truck146248,1339,2225,2500,2592,92
Truck146504,1339,0,2580,2592,12
Truck144689,1338,2443,2015,2593,578
Truck146103,2683,2443,2455,2593,138
Truck146446,2943,2942,2560,2593,33
Truck145765,2566,2443,2350,2594,244
Truck145992,1339,2444,2420,2594,174
Truck146210,2225,2443,2490,2594,104
Truck146276,2444,2225,2510,2594,84
Truck146426,2684,2443,2555,2594,39
Truck145687,2683,2942,2325,2595,270
Truck145815,2683,2444,2365,2595,230
Truck146156,2777,3119,2470,2595,125
Truck146284,2777,2942,2510,2595,85
Truck145739,2776,2224,2340,2596,256
Truck145744,0,2942,2345,2596,251
Truck145747,2443,2224,2345,2596,251
Truck145956,2444,2443,2410,2596,186
Truck146058,2684,0,2440,2597,157
Truck144561,1338,2683,1975,2598,623
Truck144567,2683,1338,1975,2598,623
Truck145637,2566,2683,2310,2598,288
Truck145960,1339,2776,2410,2598,188
Truck145963,2776,1339,2410,2598,188
Truck145999,3119,2443,2420,2598,178
Truck146082,2225,2683,2450,2598,148
Truck146090,2684,2567,2450,2598,148
Truck146211,2443,1339,2490,2598,108
Truck146462,2943,2942,2565,2598,33
Truck145416,1339,2224,2240,2599,359
Truck145781,2566,2443,2355,2599,244
Truck145830,2567,2566,2370,2599,229
Truck146226,2225,2443,2495,2599,104
Truck146269,2942,2684,2505,2599,94
Truck146442,2684,2443,2560,2599,39
Truck145567,3119,2683,2285,2600,315
Truck145703,2683,2942,2330,2600,270
Truck145800,1339,2942,2360,2600,240
Truck146214,2567,2443,2490,2600,110
Truck146300,2777,2942,2515,2600,85
Truck146301,2942,2777,2515,2600,85
Truck145968,0,2444,2415,2601,186
Truck146139,2776,2942,2465,2601,136
Truck146307,2443,2776,2520,2601,81
Truck145654,2567,3119,2315,2602,287
Truck145829,2566,1339,2370,2602,232
Truck146157,2942,2443,2470,2602,132
Truck145433,2224,1339,2245,2603,358
Truck146015,3119,2443,2425,2603,178
Truck146227,2443,1339,2495,2603,108
Truck146478,2943,2942,2570,2603,33
Truck145125,2566,1338,2150,2604,454
Truck145797,2566,2443,2360,2604,244
Truck146242,2225,2443,2500,2604,104
Truck145936,0,2776,2405,2605,200
Truck146316,2777,2942,2520,2605,85
Truck146414,2943,2777,2550,2605,55
Truck145988,2444,2443,2420,2606,186
Truck146331,2776,2443,2525,2606,81
Truck145814,2567,2942,2365,2607,242
Truck146366,2943,3119,2535,2607,72
Truck146390,2567,2683,2545,2607,62
Truck144737,1338,2443,2030,2608,578
Truck145861,2566,2567,2380,2608,228
Truck145899,2776,2683,2390,2608,218
Truck146119,2683,2225,2460,2608,148
Truck146494,2943,2942,2575,2608,33
Truck146258,2225,2443,2505,2609,104
Truck146584,1339,2567,2605,2609,4
Truck146204,2777,3119,2485,2610,125
Truck146332,2777,2942,2525,2610,85
Truck146375,2683,0,2540,2610,70
Truck145446,2567,2224,2250,2611,361
Truck146004,2444,0,2425,2611,186
Truck146171,2776,2942,2475,2611,136
Truck146368,0,2683,2540,2611,71
Truck145686,2567,3119,2325,2612,287
Truck146031,3119,2776,2430,2612,182
Truck146189,2942,2443,2480,2612,132
Truck144753,1338,2443,2035,2613,578
Truck145685,2566,2683,2325,2613,288
Truck145911,2683,2776,2395,2613,218
Truck146510,2943,2942,2580,2613,33
Truck145369,2224,2683,2225,2614,389
Truck146274,2225,2443,2510,2614,104
Truck146377,2224,3119,2540,2614,74
Truck146490,2684,2443,2575,2614,39
Truck145879,2683,2444,2385,2615,230
Truck146220,2777,3119,2490,2615,125
Truck146314,2684,2942,2520,2615,95
Truck146348,2777,2942,2530,2615,85
Truck145090,2225,1338,2140,2616,476
Truck146019,2443,2444,2430,2616,186
Truck146020,2444,2443,2430,2616,186
Truck146154,2684,1339,2470,2616,146
Truck146187,2776,2942,2480,2616,136
Truck146363,2776,2443,2535,2616,81
Truck146399,3119,2943,2545,2616,71
Truck145348,2444,1338,2220,2617,397
Truck146205,2942,2443,2485,2617,132
Truck144769,1338,2443,2040,2618,578
Truck145893,2566,2567,2390,2618,228
Truck146291,2443,2225,2515,2618,103
Truck146526,2943,2942,2585,2618,33
Truck146239,3119,2777,2495,2619,124
Truck146290,2225,2443,2515,2619,104
Truck146356,2444,2225,2535,2619,84
Truck145767,2683,2942,2350,2620,270
Truck145864,1339,2942,2380,2620,240
Truck146249,2224,2942,2500,2620,120
Truck146364,2777,2942,2535,2620,85
Truck145727,3119,2567,2335,2621,286
Truck145833,2224,2443,2370,2621,251
Truck146036,2444,2443,2435,2621,186
Truck146186,2684,3119,2480,2621,141
Truck145680,0,3119,2325,2622,297
Truck145896,1339,2566,2390,2622,232
Truck144785,1338,2443,2045,2623,578
Truck146128,0,2684,2465,2623,158
Truck146304,0,2225,2520,2623,103
Truck145185,1338,2566,2170,2624,454
Truck145859,2443,2566,2380,2624,244
Truck145910,2567,2566,2395,2624,229
Truck146043,2776,2567,2435,2624,189
Truck146259,2443,0,2505,2624,119
Truck146306,2225,2443,2520,2624,104
Truck146372,2444,2225,2540,2624,84
Truck146409,2224,3119,2550,2624,74
Truck146522,2684,2443,2585,2624,39
Truck146380,2777,2942,2540,2625,85
Truck146455,2683,2567,2565,2625,60
Truck145840,0,2942,2375,2626,251
Truck146052,2444,2443,2440,2626,186
Truck146431,3119,2943,2555,2626,71
Truck144801,1338,2443,2050,2628,578
Truck145735,2683,2566,2340,2628,288
Truck146558,2943,2942,2595,2628,33
Truck145512,1339,2224,2270,2629,359
Truck145877,2566,2443,2385,2629,244
Truck146425,2224,3119,2555,2629,74
Truck145805,2942,2683,2360,2630,270
Truck146100,2444,1339,2455,2630,175
Truck146396,2777,2942,2545,2630,85
Truck145851,2776,2224,2375,2631,256
Truck145865,2224,2443,2380,2631,251
Truck146067,2443,2444,2445,2631,186
Truck146068,2444,2443,2445,2631,186
Truck146200,1339,2684,2485,2631,146
Truck146624,0,1339,2620,2632,12
Truck146198,2567,2684,2485,2633,148
Truck146323,2443,1339,2525,2633,108
Truck145942,2567,2566,2405,2634,229
Truck146338,2225,2443,2530,2634,104
Truck146538,2684,2776,2590,2634,44
Truck145885,2942,0,2385,2635,250
Truck146412,2777,2942,2550,2635,85
Truck145872,0,2942,2385,2636,251
Truck146083,2443,2444,2450,2636,186
Truck146084,2444,2443,2450,2636,186
Truck146251,2776,2942,2500,2636,136
Truck145944,1339,2566,2405,2637,232
Truck144695,2683,1338,2015,2638,623
Truck144833,1338,2443,2060,2638,578
Truck146091,2776,1339,2450,2638,188
Truck145904,0,2566,2395,2639,244
Truck145909,2566,2443,2395,2639,244
Truck146354,2225,2443,2535,2639,104
Truck146570,2684,2443,2600,2639,39
Truck146428,2777,2942,2555,2640,85
Truck146285,2942,2443,2510,2642,132
Truck146656,0,1339,2630,2642,12
Truck144705,1338,2683,2020,2643,623
Truck146230,2567,2684,2495,2643,148
Truck146606,2943,2942,2610,2643,33
Truck145923,2443,2566,2400,2644,244
Truck145925,2566,2443,2400,2644,244
Truck146370,2225,2443,2540,2644,104
Truck146586,2684,2443,2605,2644,39
Truck145520,0,2224,2275,2645,370
Truck146064,0,2776,2445,2645,200
Truck146358,2567,2443,2535,2645,110
Truck146444,2777,2942,2560,2645,85
Truck146542,2943,2777,2590,2645,55
Truck145913,2224,2443,2395,2646,251
Truck146115,2443,2444,2460,2646,186
Truck146116,2444,2443,2460,2646,186
Truck146266,2684,3119,2505,2646,141
Truck146459,2776,2443,2565,2646,81
Truck144721,1338,2683,2025,2648,623
Truck144865,1338,2443,2070,2648,578
Truck145577,2224,1339,2290,2648,358
Truck146041,2224,2684,2435,2648,213
Truck146159,3119,2443,2470,2648,178
Truck146246,2567,2684,2500,2648,148
Truck146376,1339,2443,2540,2648,108
Truck146587,2776,2684,2605,2648,43
Truck146622,2943,2942,2615,2648,33
Truck146123,2776,2567,2460,2649,189
Truck146386,2225,2443,2545,2649,104
Truck145863,2683,2942,2380,2650,270
Truck146460,2777,2942,2565,2650,85
Truck146535,2683,2567,2590,2650,60
Truck145202,2225,1338,2175,2651,476
Truck146132,2444,2443,2465,2651,186
Truck146511,3119,2943,2580,2651,71
Truck146591,3119,2942,2605,2651,46
Truck145958,2567,2942,2410,2652,242
Truck146317,2942,2443,2520,2652,132
Truck146057,2224,2684,2440,2653,213
Truck146638,2943,2942,2620,2653,33
Truck146184,1339,2444,2480,2654,174
Truck146402,2225,2443,2550,2654,104
Truck145593,2224,2567,2295,2655,360
Truck145743,3119,2683,2340,2655,315
Truck145839,3119,1339,2370,2655,285
Truck146303,3119,2684,2515,2655,140
Truck146476,2777,2942,2570,2655,85
Truck146574,2943,2777,2600,2655,55
Truck145945,2224,2443,2405,2656,251
Truck146148,2444,2443,2470,2656,186
Truck146315,2776,2942,2520,2656,136
Truck146491,2776,2443,2575,2656,81
Truck146605,2942,3119,2610,2656,46
Truck144936,1339,1338,2090,2657,567
Truck145473,1338,2444,2260,2657,397
Truck146333,2942,2443,2525,2657,132
Truck144897,1338,2443,2080,2658,578
Truck146155,2776,1339,2470,2658,188
Truck146654,2943,2942,2625,2658,33
Truck145973,2566,2443,2415,2659,244
Truck145997,2942,1339,2420,2659,239
Truck146634,2684,2443,2620,2659,39
Truck145609,2224,2567,2300,2660,360
Truck146492,2777,2942,2575,2660,85
Truck146164,2444,2443,2475,2661,186
Truck146212,2444,2567,2490,2661,171
Truck146507,2776,2443,2580,2661,81
Truck146543,3119,2943,2590,2661,71
Truck145846,2567,3119,2375,2662,287
Truck146339,2443,2942,2530,2662,132
Truck146349,2942,2443,2530,2662,132
Truck146466,2225,1339,2570,2662,92
Truck144912,0,1338,2085,2663,578
Truck144913,1338,2443,2085,2663,578
Truck145989,2566,0,2420,2663,243
Truck146037,2566,2567,2435,2663,228
Truck146294,2567,2684,2515,2663,148
Truck146670,2943,2942,2630,2663,33
Truck145984,0,2566,2420,2664,244
Truck146383,3119,2777,2540,2664,124
Truck146434,2225,2443,2560,2664,104
Truck146500,2444,2225,2580,2664,84
Truck146760,1339,2567,2660,2664,4
Truck146008,1339,2942,2425,2665,240
Truck144961,1338,1339,2100,2666,566
Truck145250,2225,1338,2190,2666,476
Truck146523,2776,2443,2585,2666,81
Truck146203,2776,3119,2485,2667,182
Truck146282,2684,0,2510,2667,157
Truck146355,2443,2942,2535,2667,132
Truck146365,2942,2443,2535,2667,132
Truck146685,2942,2943,2635,2667,32
Truck144929,1338,2443,2090,2668,578
Truck145641,2224,1339,2310,2668,358
Truck146087,2683,2776,2450,2668,218
Truck146435,2443,1339,2560,2668,108
Truck146448,0,2225,2565,2668,103
Truck146686,2943,2942,2635,2668,33
Truck146450,2225,2443,2565,2669,104
Truck146493,2942,2684,2575,2669,94
Truck145933,2942,2683,2400,2670,270
Truck146144,0,2776,2470,2670,200
Truck146524,2777,2942,2585,2670,85
Truck145993,2224,2443,2420,2671,251
Truck146196,2444,2443,2485,2671,186
Truck146231,2683,2684,2495,2671,176
Truck146655,3119,2942,2625,2671,46
Truck146381,2942,2443,2540,2672,132
Truck146701,2942,2943,2640,2672,32
Truck146752,0,1339,2660,2672,12
Truck144945,1338,2443,2095,2673,578
Truck146121,2224,2684,2460,2673,213
Truck146322,2225,2683,2525,2673,148
Truck146451,2443,1339,2565,2673,108
Truck146702,2943,2942,2640,2673,33
Truck146021,2566,2443,2430,2674,244
Truck146569,2224,3119,2600,2674,74
Truck145949,2942,2683,2405,2675,270
Truck146540,2777,2942,2590,2675,85
Truck146555,2776,2443,2595,2676,81
Truck146072,1339,2566,2445,2677,232
Truck146397,2942,2443,2545,2677,132
Truck146590,2943,3119,2605,2677,72
Truck146717,2942,2943,2645,2677,32
Truck146472,1339,2443,2570,2678,108
Truck146718,2943,2942,2645,2678,33
Truck145014,2567,1338,2115,2679,564
Truck145672,1339,2224,2320,2679,359
Truck146138,2684,2224,2465,2679,214
Truck146482,2225,2443,2575,2679,104
Truck145959,2683,2942,2410,2680,270
Truck146176,0,2776,2480,2680,200
Truck146016,0,2942,2430,2681,251
Truck146228,2444,2443,2495,2681,186
Truck146362,2684,1339,2535,2681,146
Truck146395,2776,2942,2545,2681,136
Truck146571,2776,2443,2600,2681,81
Truck146278,2567,2444,2510,2682,172
Truck146403,2443,2942,2550,2682,132
Truck146271,3119,2443,2505,2683,178
Truck146734,2943,2942,2650,2683,33
Truck146235,2776,2567,2495,2684,189
Truck146280,1339,2444,2510,2684,174
Truck146550,2567,2225,2595,2684,89
Truck145928,1339,3119,2400,2685,285
Truck146572,2777,2942,2600,2685,85
Truck146032,0,2942,2435,2686,251
Truck146243,2443,2444,2500,2686,186
Truck146244,2444,2443,2500,2686,186
Truck146579,2443,2776,2605,2686,81
Truck146790,2567,0,2670,2686,16
Truck146419,2443,2942,2555,2687,132
Truck146429,2942,2443,2555,2687,132
Truck144993,1338,2443,2110,2688,578
Truck146287,3119,2443,2510,2688,178
Truck146374,2567,2684,2540,2688,148
Truck146723,2443,2684,2650,2688,38
Truck146750,2943,2942,2655,2688,33
Truck145607,2683,2224,2300,2689,389
Truck146069,2566,2443,2445,2689,244
Truck146514,2225,2443,2585,2689,104
Truck145329,1338,2225,2215,2690,475
Truck145041,1338,1339,2125,2691,566
Truck146260,2444,2443,2505,2691,186
Truck146445,2942,2443,2560,2692,132
Truck146816,0,1339,2680,2692,12
Truck145721,2224,1339,2335,2693,358
Truck145941,2566,2683,2405,2693,288
Truck146085,2566,0,2450,2693,243
Truck146185,2224,2684,2480,2693,213
Truck146394,2684,2567,2545,2693,148
Truck146766,2943,2942,2660,2693,33
Truck146746,2684,2443,2655,2694,39
Truck146104,1339,2942,2455,2695,240
Truck146604,2777,2942,2610,2695,85
Truck146275,2443,2444,2510,2696,186
Truck146619,2776,2443,2615,2696,81
Truck146102,2567,2942,2455,2697,242
Truck146133,2566,1339,2465,2697,232
Truck146461,2942,2443,2565,2697,132
Truck145025,1338,2443,2120,2698,578
Truck146319,3119,2443,2520,2698,178
Truck146782,2943,2942,2665,2698,33
Truck145705,2224,0,2330,2699,369
Truck146096,0,2566,2455,2699,244
Truck146101,2566,2443,2455,2699,244
Truck146546,2225,2443,2595,2699,104
Truck146612,2444,2225,2615,2699,84
Truck146649,2224,3119,2625,2699,74
Truck145361,1338,2225,2225,2700,475
Truck145976,1339,3119,2415,2700,285
Truck146023,2683,2942,2430,2700,270
Truck146120,1339,2942,2460,2700,240
Truck146324,2444,1339,2525,2700,175
Truck146447,3119,2684,2560,2700,140
Truck146620,2777,2942,2615,2700,85
Truck146695,2683,2567,2640,2700,60
Truck146073,2224,2776,2445,2701,256
Truck146080,0,2942,2450,2701,251
Truck146292,2444,0,2515,2701,186
Truck146627,2443,2776,2620,2701,81
Truck146635,2776,2443,2620,2701,81
Truck146600,1339,2225,2610,2702,92
Truck145040,0,1338,2125,2703,578
Truck146335,3119,2443,2525,2703,178
Truck146798,2943,2942,2670,2703,33
Truck145445,2566,1338,2250,2704,454
Truck145752,1339,2224,2345,2704,359
Truck146671,3119,2224,2630,2704,74
Truck146039,2683,2942,2435,2705,270
Truck146508,2777,3119,2580,2705,125
Truck146636,2777,2942,2620,2705,85
Truck145089,1338,1339,2140,2706,566
Truck146308,2444,0,2520,2706,186
Truck146453,2566,2225,2565,2706,141
Truck146219,2776,2683,2490,2708,218
Truck146568,1339,2443,2600,2708,108
Truck146814,2943,2942,2675,2708,33
Truck145110,2567,1338,2145,2709,564
Truck146234,2684,2224,2495,2709,214
Truck146578,2225,2443,2605,2709,104
Truck146778,2684,2776,2665,2709,44
Truck146794,2684,2443,2670,2709,39
Truck145919,3119,2683,2395,2710,315
Truck146310,2567,2776,2520,2710,190
Truck146618,2684,2942,2615,2710,95
Truck146105,2224,2776,2455,2711,256
Truck146347,2776,3119,2530,2712,182
Truck145073,1338,2443,2135,2713,578
Truck146458,2684,2567,2565,2713,148
Truck146483,2443,2683,2575,2713,138
Truck146795,2776,2684,2670,2713,43
Truck146830,2943,2942,2680,2713,33
Truck146147,2443,2566,2470,2714,244
Truck146149,2566,2443,2470,2714,244
Truck146299,2776,0,2515,2714,199
Truck146547,2443,0,2595,2714,119
Truck146594,2225,2443,2610,2714,104
Truck146637,2942,2684,2620,2714,94
Truck146024,1339,3119,2430,2715,285
Truck146173,2942,2567,2475,2715,240
Truck146675,2443,2776,2635,2716,81
Truck146704,0,2683,2645,2716,71
Truck146918,2567,1339,2710,2716,6
Truck146904,1339,0,2705,2717,12
Truck146165,2566,0,2475,2718,243
Truck146470,2567,2684,2570,2718,148
Truck146846,2943,2942,2685,2718,33
Truck145769,2224,0,2350,2719,369
Truck145801,2224,2567,2360,2720,360
Truck145951,3119,2683,2405,2720,315
Truck146556,2777,3119,2595,2720,125
Truck146684,2777,2942,2635,2720,85
Truck146506,2684,3119,2580,2721,141
Truck146541,2942,2443,2590,2722,132
Truck145817,2224,1339,2365,2723,358
Truck146181,2566,0,2480,2723,243
Truck146387,2443,3119,2545,2723,178
Truck146862,2943,2942,2690,2723,33
Truck146729,2224,3119,2650,2724,74
Truck146735,3119,2224,2650,2724,74
Truck146700,2777,2942,2640,2725,85
Truck145442,2225,1338,2250,2726,476
Truck146539,2776,2942,2590,2726,136
Truck146751,3119,2943,2655,2726,71
Truck146877,2942,2943,2695,2727,32
Truck144977,1338,2683,2105,2728,623
Truck145121,1338,2443,2150,2728,578
Truck145123,2443,1338,2150,2728,578
Truck146053,2566,2683,2440,2728,288
Truck146055,2683,2566,2440,2728,288
Truck146379,2776,1339,2540,2728,188
Truck146415,3119,2443,2550,2728,178
Truck146498,2225,2683,2580,2728,148
Truck146878,2943,2942,2695,2728,33
Truck146197,2566,2443,2485,2729,244
Truck146694,2567,2225,2640,2729,89
Truck146588,2777,3119,2605,2730,125
Truck146682,2684,2942,2635,2730,95
Truck146716,2777,2942,2645,2730,85
Truck146388,2444,2443,2545,2731,186
Truck146423,2683,2684,2555,2731,176
Truck146731,2776,2443,2650,2731,81
Truck145137,1338,2443,2155,2733,578
Truck146480,0,2684,2575,2733,158
Truck146551,2683,2443,2595,2733,138
Truck146894,2943,2942,2700,2733,33
Truck146643,2443,2567,2625,2734,109
Truck146658,2225,2443,2630,2734,104
Truck145808,0,2224,2365,2735,370
Truck146088,1339,3119,2450,2735,285
Truck146232,1339,2942,2495,2735,240
Truck146352,0,2776,2535,2735,200
Truck146732,2777,2942,2650,2735,85
Truck146192,0,2942,2485,2736,251
Truck146404,2444,2443,2550,2736,186
Truck146747,2776,2443,2655,2736,81
Truck145153,1338,2443,2160,2738,578
Truck146664,1339,2443,2630,2738,108
Truck146910,2943,2942,2705,2738,33
Truck146253,2942,1339,2500,2739,239
Truck146674,2225,2443,2635,2739,104
Truck146890,2684,2443,2700,2739,39
Truck147000,1339,2567,2735,2739,4
Truck146151,2683,2942,2470,2740,270
Truck146221,2942,0,2490,2740,250
Truck146279,2683,2444,2510,2740,230
Truck146748,2777,2942,2655,2740,85
Truck146791,2683,0,2670,2740,70
Truck146201,2224,2776,2485,2741,256
Truck146208,0,2942,2490,2741,251
Truck146217,2224,2443,2490,2741,251
Truck146420,2444,2443,2555,2741,186
Truck146966,2567,0,2725,2741,16
Truck146443,2776,3119,2560,2742,182
Truck146595,2443,2942,2610,2742,132
Truck146722,2225,1339,2650,2742,92
Truck146728,1339,2225,2650,2742,92
Truck145169,1338,2443,2165,2743,578
Truck146427,2776,1339,2555,2743,188
Truck146554,2684,2567,2595,2743,148
Truck146583,2683,2443,2605,2743,138
Truck146754,2225,2444,2660,2743,83
Truck146926,2943,2942,2710,2743,33
Truck145783,2683,2224,2355,2744,389
Truck146690,2225,2443,2640,2744,104
Truck146860,2777,2943,2690,2744,54
Truck146264,1339,2942,2505,2745,240
Truck146384,0,2776,2545,2745,200
Truck146839,2683,2567,2685,2745,60
Truck146127,3119,2567,2460,2746,286
Truck146224,0,2942,2495,2746,251
Truck146233,2224,2443,2495,2746,251
Truck146436,2444,2443,2560,2746,186
Truck146603,2776,2942,2610,2746,136
Truck146779,2776,2443,2665,2746,81
Truck146262,2567,2942,2505,2747,242
Truck146296,1339,2566,2515,2747,232
Truck146474,2684,2683,2570,2747,177
Truck146837,2566,2444,2685,2747,62
Truck146343,2683,2776,2530,2748,218
Truck146467,2443,3119,2570,2748,178
Truck146479,3119,2443,2570,2748,178
Truck146562,2225,2683,2600,2748,148
Truck146567,2683,2225,2600,2748,148
Truck146691,2443,1339,2640,2748,108
Truck146942,2943,2942,2715,2748,33
Truck146261,2566,2443,2505,2749,244
Truck145521,1338,2225,2275,2750,475
Truck146438,2567,2776,2560,2750,190
Truck146652,2777,3119,2625,2750,125
Truck146780,2777,2942,2665,2750,85
Truck146111,3119,0,2455,2751,296
Truck146143,3119,2567,2465,2751,286
Truck146240,0,2942,2500,2751,251
Truck146602,2684,3119,2610,2751,141
Truck146611,2443,2683,2615,2753,138
Truck146958,2943,2942,2720,2753,33
Truck146277,2566,2443,2510,2754,244
Truck146707,2443,2567,2645,2754,109
Truck146831,3119,2224,2680,2754,74
Truck146063,3119,2683,2440,2755,315
Truck146327,2683,2444,2525,2755,230
Truck146668,2777,3119,2630,2755,125
Truck146796,2777,2942,2670,2755,85
Truck146256,0,2942,2505,2756,251
Truck146468,2444,2443,2570,2756,186
Truck146811,2776,2443,2675,2756,81
Truck146653,2942,2443,2625,2757,132
Truck145217,1338,2443,2180,2758,578
Truck146341,2566,2567,2530,2758,228
Truck146736,0,2225,2655,2758,103
Truck146974,2943,2942,2725,2758,33
Truck145831,2683,2224,2370,2759,389
Truck146520,1339,2444,2585,2759,174
Truck147064,1339,2567,2755,2759,4
Truck145553,1338,2225,2285,2760,475
Truck146215,2683,2942,2490,2760,270
Truck146272,0,2942,2510,2761,251
Truck146281,2224,2443,2510,2761,251
Truck146519,2683,2684,2585,2761,176
Truck146827,2776,2443,2680,2761,81
Truck146848,0,2683,2690,2761,71
Truck145233,1338,0,2185,2762,577
Truck146669,2942,2443,2630,2762,132
Truck145095,2683,1338,2140,2763,623
Truck146527,3119,2443,2585,2763,178
Truck146576,0,2684,2605,2763,158
Truck146755,2443,2225,2660,2763,103
Truck146955,2776,2684,2720,2763,43
Truck146963,2443,2684,2725,2763,38
Truck145847,2683,2224,2375,2764,389
Truck146309,2566,2443,2520,2764,244
Truck146924,2777,2943,2710,2764,54
Truck146970,2684,2443,2725,2764,39
Truck146328,1339,2942,2525,2765,240
Truck145281,1338,1339,2200,2766,566
Truck146191,3119,2567,2480,2766,286
Truck146642,2225,2566,2625,2766,141
Truck147005,2942,2943,2735,2767,32
Truck145249,1338,2443,2190,2768,578
Truck146411,2776,2683,2550,2768,218
Truck146771,2443,2225,2665,2768,103
Truck146834,2225,2444,2685,2768,83
Truck146552,1339,2444,2595,2769,174
Truck146770,2225,2443,2665,2769,104
Truck145961,2224,2567,2410,2770,360
Truck146810,2684,2942,2675,2770,95
Truck146844,2777,2942,2685,2770,85
Truck146313,2224,2443,2520,2771,251
Truck146516,2444,2443,2585,2771,186
Truck146683,2776,2942,2635,2771,136
Truck147062,2567,0,2755,2771,16
Truck146160,0,3119,2475,2772,297
Truck146917,2566,2444,2710,2772,62
Truck145265,1338,2443,2195,2773,578
Truck145977,2224,1339,2415,2773,358
Truck146559,3119,2443,2595,2773,178
Truck147022,2943,2942,2740,2773,33
Truck146336,0,2566,2530,2774,244
Truck146786,2225,2443,2670,2774,104
Truck146852,2444,2225,2690,2774,84
Truck147002,2684,2443,2735,2774,39
Truck146263,2683,2942,2505,2775,270
Truck146749,2942,2224,2655,2775,120
Truck146826,2684,2942,2680,2775,95
Truck146935,2683,2567,2715,2775,60
Truck146223,3119,2567,2490,2776,286
Truck146320,0,2942,2525,2776,251
Truck146532,2444,2443,2590,2776,186
Truck146699,2776,2942,2640,2776,136
Truck146439,2683,2776,2560,2778,218
Truck146575,3119,2443,2600,2778,178
Truck146666,2684,2567,2630,2778,148
Truck147038,2943,2942,2745,2778,33
Truck145895,2683,2224,2390,2779,389
Truck146357,2566,2443,2535,2779,244
Truck146802,2225,2443,2675,2779,104
Truck147018,2684,2443,2740,2779,39
Truck146135,2683,3119,2465,2780,315
Truck146876,2777,2942,2695,2780,85
Truck146950,2567,2683,2720,2782,62
Truck145297,1338,2443,2205,2783,578
Truck146009,2224,1339,2425,2783,358
Truck146679,2683,2225,2635,2783,148
Truck146866,2225,2567,2695,2783,88
Truck146371,2443,2566,2540,2784,244
Truck146373,2566,2443,2540,2784,244
Truck146927,3119,2224,2710,2784,74
Truck147034,2684,2443,2745,2784,39
Truck146295,2683,2942,2515,2785,270
Truck146392,1339,2942,2545,2785,240
Truck146764,2777,3119,2660,2785,125
Truck146892,2777,2942,2700,2785,85
Truck145345,1338,1339,2220,2786,566
Truck146564,2444,2443,2600,2786,186
Truck146709,2566,2225,2645,2786,141
Truck146714,2684,3119,2645,2786,141
Truck145313,1338,2443,2210,2788,578
Truck146475,2776,2683,2570,2788,218
Truck147070,2943,2942,2755,2788,33
Truck145927,2683,2224,2400,2789,389
Truck146389,2566,2443,2545,2789,244
Truck147160,1339,2567,2785,2789,4
Truck146408,1339,2942,2550,2790,240
Truck146361,2224,2776,2535,2791,256
Truck146580,2444,0,2605,2791,186
Truck146615,2683,2684,2615,2791,176
Truck147039,3119,2942,2745,2791,46
Truck145368,1339,1338,2225,2792,567
Truck146765,2942,2443,2660,2792,132
Truck146888,1339,2225,2700,2792,92
Truck145377,1338,2567,2230,2793,563
Truck146835,2443,1339,2685,2793,108
Truck147086,2943,2942,2760,2793,33
Truck146454,2567,2566,2565,2794,229
Truck146850,2225,2443,2690,2794,104
Truck146959,3119,2224,2720,2794,74
Truck147020,2777,2943,2740,2794,54
Truck147176,1339,2567,2790,2794,4
Truck146544,0,2776,2595,2795,200
Truck146809,2224,2942,2675,2795,120
Truck146813,2942,2224,2675,2795,120
Truck146452,2444,2683,2565,2796,231
Truck146596,2444,2443,2610,2796,186
Truck146738,2225,2566,2655,2796,141
Truck147053,2942,3119,2750,2796,46
Truck146422,2567,2942,2555,2797,242
Truck146623,3119,2776,2615,2797,182
Truck146898,2225,1339,2705,2797,92
Truck145201,1338,2683,2175,2798,623
Truck146469,2566,2567,2570,2798,228
Truck146503,2683,2776,2580,2798,218
Truck146730,2684,2567,2650,2798,148
Truck146851,2443,1339,2690,2798,108
Truck146996,2444,2566,2735,2798,63
Truck147102,2943,2942,2765,2798,33
Truck146421,2566,2443,2555,2799,244
Truck146975,3119,2224,2725,2799,74
Truck146199,2683,3119,2485,2800,315
Truck146207,3119,2683,2485,2800,315
Truck146812,2777,3119,2675,2800,125
Truck146940,2777,2942,2715,2800,85
Truck145682,2225,1338,2325,2801,476
Truck145937,1338,2444,2405,2802,397
Truck145940,2444,1338,2405,2802,397
Truck146787,2443,2942,2670,2802,132
Truck146920,1339,2225,2710,2802,92
Truck146990,2943,3119,2730,2802,72
Truck145363,2443,1338,2225,2803,578
Truck146437,2566,0,2560,2803,243
Truck146742,2567,2684,2655,2803,148
Truck147118,2943,2942,2770,2803,33
Truck145975,2683,2224,2415,2804,389
Truck146934,2567,2225,2715,2804,89
Truck145697,1338,2225,2330,2805,475
Truck146359,2683,2942,2535,2805,270
Truck146614,2567,2776,2615,2805,190
Truck146828,2777,3119,2680,2805,125
Truck146922,2684,2942,2710,2805,95
Truck146956,2777,2942,2720,2805,85
Truck146628,2444,2443,2620,2806,186
Truck146762,2684,1339,2660,2806,146
Truck146797,2942,2776,2670,2806,136
Truck146971,2776,2443,2725,2806,81
Truck146803,2443,2942,2675,2807,132
Truck147006,2943,3119,2735,2807,72
Truck147030,2567,2683,2745,2807,62
Truck146553,2224,2684,2595,2808,213
Truck146758,2567,2684,2660,2808,148
Truck146883,2443,1339,2700,2808,108
Truck147134,2943,2942,2775,2808,33
Truck145430,2567,1338,2245,2809,564
Truck147114,2684,2443,2770,2809,39
Truck146048,0,2224,2440,2810,370
Truck146857,2224,2942,2690,2810,120
Truck146972,2777,2942,2725,2810,85
Truck146432,0,2942,2560,2811,251
Truck146644,2444,2443,2625,2811,186
Truck147222,2567,1339,2805,2811,6
Truck145393,1338,0,2235,2812,577
Truck146288,0,3119,2515,2812,297
Truck146501,2566,1339,2580,2812,232
Truck146819,2443,2942,2680,2812,132
Truck146829,2942,2443,2680,2812,132
Truck146687,3119,2443,2635,2813,178
Truck146775,2683,2225,2665,2813,148
Truck147115,2776,2684,2770,2813,43
Truck147150,2943,2942,2780,2813,33
Truck146899,2443,2567,2705,2814,109
Truck146914,2225,2443,2710,2814,104
Truck147023,3119,2224,2740,2814,74
Truck147130,2684,2443,2775,2814,39
Truck146488,1339,2942,2575,2815,240
Truck146988,2777,2942,2730,2815,85
Truck146351,3119,2567,2530,2816,286
Truck146441,2224,2776,2560,2816,256
Truck146457,2224,2443,2565,2816,251
Truck146660,2444,2443,2630,2816,186
Truck147003,2776,2443,2735,2816,81
Truck146342,2567,3119,2530,2817,287
Truck146698,2684,2683,2640,2817,177
Truck146845,2942,2443,2685,2817,132
Truck146703,3119,2443,2640,2818,178
Truck147166,2943,2942,2785,2818,33
Truck145813,2566,1338,2365,2819,454
Truck146025,2224,2683,2430,2819,389
Truck146089,2224,0,2450,2819,369
Truck146485,2566,2443,2575,2819,244
Truck146667,2776,2567,2630,2819,189
Truck146712,1339,2444,2645,2819,174
Truck146930,2225,2443,2715,2819,104
Truck147004,2777,2942,2735,2820,85
Truck146464,0,2942,2570,2821,251
Truck146473,2224,2443,2570,2821,251
Truck146676,2444,2443,2635,2821,186
Truck146818,2225,2566,2680,2821,141
Truck147019,2776,2443,2740,2821,81
Truck146861,2942,2443,2690,2822,132
Truck147054,2943,3119,2750,2822,72
Truck145425,1338,2443,2245,2823,578
Truck146806,2567,2684,2675,2823,148
Truck147182,2943,2942,2790,2823,33
Truck146946,2225,2443,2720,2824,104
Truck146548,2444,2683,2595,2826,231
Truck146692,2444,0,2640,2826,186
Truck146859,2776,2942,2690,2826,136
Truck147035,2776,2443,2745,2826,81
Truck147270,2567,1339,2820,2826,6
Truck146518,2567,2942,2585,2827,242
Truck145441,1338,2443,2250,2828,578
Truck146565,2566,2567,2600,2828,228
Truck146617,2224,2684,2615,2828,213
Truck146512,0,2566,2585,2829,244
Truck146517,2566,2443,2585,2829,244
Truck146962,2225,2443,2725,2829,104
Truck147132,2777,2943,2775,2829,54
Truck147162,2684,2776,2785,2829,44
Truck147178,2684,2443,2790,2829,39
Truck146536,1339,2942,2590,2830,240
Truck146908,2777,3119,2705,2830,125
Truck147036,2777,2942,2745,2830,85
Truck146499,2443,2224,2580,2831,251
Truck146708,2444,2443,2645,2831,186
Truck146842,2684,1339,2685,2831,146
Truck147043,2443,2776,2750,2831,81
Truck147051,2776,2443,2750,2831,81
Truck145457,1338,0,2255,2832,577
Truck146893,2942,2443,2700,2832,132
Truck145456,0,1338,2255,2833,578
Truck146533,2566,0,2590,2833,243
Truck147026,2225,2567,2745,2833,88
Truck145510,2567,1338,2270,2834,564
Truck146137,2224,0,2465,2834,369
Truck146528,0,2566,2590,2834,244
Truck146557,2942,1339,2595,2834,239
Truck146931,2443,0,2715,2834,119
Truck146978,2225,2443,2730,2834,104
Truck146937,2224,2942,2715,2835,120
Truck147052,2777,2942,2750,2835,85
Truck146166,2567,2224,2475,2836,361
Truck146515,2443,2224,2585,2836,251
Truck146521,2224,2443,2585,2836,251
Truck146891,2776,2942,2700,2836,136
Truck147067,2776,2443,2755,2836,81
Truck146406,2567,3119,2550,2837,287
Truck146909,2942,2443,2705,2837,132
Truck145472,0,1338,2260,2838,578
Truck145475,2443,1338,2260,2838,578
Truck146407,2683,2566,2550,2838,288
Truck147230,2943,2942,2805,2838,33
Truck146549,2566,2443,2595,2839,244
Truck146650,2684,2224,2625,2839,214
Truck147097,2224,3119,2765,2839,74
Truck147194,2684,2776,2795,2839,44
Truck147210,2684,2443,2800,2839,39
Truck147320,1339,2567,2835,2839,4
Truck146477,2942,2683,2570,2840,270
Truck146573,2942,2567,2600,2840,240
Truck146895,3119,2684,2700,2840,140
Truck146957,2942,2224,2720,2840,120
Truck147068,2777,2942,2755,2840,85
Truck146740,2444,2443,2655,2841,186
Truck146566,2567,2942,2600,2842,242
Truck145489,1338,2443,2265,2843,578
Truck147246,2943,2942,2810,2843,33
Truck145542,2567,1338,2280,2844,564
Truck146563,2443,2566,2600,2844,244
Truck147180,2777,2943,2790,2844,54
Truck147226,2684,2443,2805,2844,39
Truck145825,1338,2225,2370,2845,475
Truck146487,2683,2942,2575,2845,270
Truck146589,2942,2567,2605,2845,240
Truck147084,2777,2942,2760,2845,85
Truck146537,2224,2776,2590,2846,256
Truck146756,2444,2443,2660,2846,186
Truck146582,2567,2942,2605,2847,242
Truck146941,2942,2443,2715,2847,132
Truck146629,2566,2567,2620,2848,228
Truck146681,2224,2684,2635,2848,213
Truck147262,2943,2942,2815,2848,33
Truck146581,2566,2443,2605,2849,244
Truck146630,2567,2566,2620,2849,229
Truck146979,2443,0,2730,2849,119
Truck147135,3119,2224,2775,2849,74
Truck146456,1339,3119,2565,2850,285
Truck146509,2942,2683,2580,2850,270
Truck147100,2777,2942,2765,2850,85
Truck146560,0,2942,2600,2851,251
Truck146772,2444,2443,2665,2851,186
Truck146820,2444,2567,2680,2851,171
Truck146939,2776,2942,2715,2851,136
Truck147312,0,2567,2835,2851,16
Truck146416,0,3119,2555,2852,297
Truck146598,2567,2942,2610,2852,242
Truck146799,3119,2776,2670,2852,182
Truck147336,1339,0,2840,2852,12
Truck146645,2566,2567,2625,2853,228
Truck146697,2224,2684,2640,2853,213
Truck147172,2444,2566,2790,2853,63
Truck147278,2943,2942,2820,2853,33
Truck146592,0,2566,2610,2854,244
Truck146597,2566,2443,2610,2854,244
Truck146621,2942,1339,2615,2854,239
Truck146824,1339,2444,2680,2854,174
Truck147042,2225,2443,2750,2854,104
Truck147242,2684,2776,2810,2854,44
Truck146525,2942,2683,2585,2855,270
Truck147116,2777,2942,2770,2855,85
Truck146784,0,2444,2670,2856,186
Truck146788,2444,2443,2670,2856,186
Truck145537,1338,2443,2280,2858,578
Truck147058,2225,0,2755,2858,103
Truck147259,2776,2684,2815,2858,43
Truck147294,2943,2942,2825,2858,33
Truck146613,2566,2443,2615,2859,244
Truck146840,1339,2444,2685,2859,174
Truck147110,2567,2225,2770,2859,89
Truck146495,3119,1339,2575,2860,285
Truck146632,1339,2942,2620,2860,240
Truck147008,0,2443,2740,2860,120
Truck146585,2224,2776,2605,2861,256
Truck146938,2684,1339,2715,2861,146
Truck146854,2567,2444,2690,2862,172
Truck145409,1338,2683,2240,2863,623
Truck146715,2776,2683,2645,2863,218
Truck146847,3119,2443,2685,2863,178
Truck147122,2225,2567,2775,2863,88
Truck147275,2776,2684,2820,2863,43
Truck146169,2224,2683,2475,2864,389
Truck147074,2225,2443,2760,2864,104
Truck147223,2683,1339,2805,2864,59
Truck147290,2684,2443,2825,2864,39
Truck146648,1339,2942,2625,2865,240
Truck147148,2777,2942,2780,2865,85
Truck145890,2225,1338,2390,2866,476
Truck147163,2776,2443,2785,2866,81
Truck147360,0,2567,2850,2866,16
Truck146858,2684,2683,2690,2867,177
Truck147198,2943,3119,2795,2867,72
Truck145569,1338,2443,2290,2868,578
Truck145571,2443,1338,2290,2868,578
Truck146863,3119,2443,2690,2868,178
Truck147326,2943,2942,2835,2868,33
Truck147075,2443,2567,2760,2869,109
Truck147306,2684,2443,2830,2869,39
Truck146822,2567,2776,2680,2870,190
Truck147164,2777,2942,2785,2870,85
Truck146633,2224,2443,2620,2871,251
Truck146836,2444,2443,2685,2871,186
Truck147200,0,2683,2800,2871,71
Truck145585,1338,0,2295,2872,577
Truck146662,2567,2942,2630,2872,242
Truck146693,2566,1339,2640,2872,232
Truck146874,2684,2683,2695,2872,177
Truck147021,2942,2443,2740,2872,132
Truck147214,2943,3119,2800,2872,72
Truck146297,2224,1339,2515,2873,358
Truck146661,2566,0,2630,2873,243
Truck146879,3119,2443,2695,2873,178
Truck147106,2225,2443,2770,2874,104
Truck147209,2224,3119,2800,2874,74
Truck147215,3119,2224,2800,2874,74
Truck147322,2684,2443,2835,2874,39
Truck145921,1338,2225,2400,2875,475
Truck146680,1339,2942,2635,2875,240
Truck146838,2567,2776,2685,2875,190
Truck146900,2444,2567,2705,2876,171
Truck147195,2776,2443,2795,2876,81
Truck147311,3119,2942,2830,2876,46
Truck145640,1339,1338,2310,2877,567
Truck146496,0,3119,2580,2877,297
Truck146678,2567,2942,2635,2877,242
Truck145463,2683,1338,2255,2878,623
Truck146986,2684,2567,2730,2878,148
Truck147358,2943,2942,2845,2878,33
Truck146005,2566,1338,2425,2879,454
Truck146312,1339,2224,2520,2879,359
Truck147338,2684,2443,2840,2879,39
Truck146463,3119,2683,2565,2880,315
Truck146599,2683,2942,2610,2880,270
Truck146696,1339,2942,2640,2880,240
Truck146727,2683,2444,2650,2880,230
Truck147196,2777,2942,2795,2880,85
Truck146651,2776,2224,2625,2881,256
Truck146724,2444,2683,2650,2881,231
Truck146867,2443,2444,2695,2881,186
Truck146868,2444,2443,2695,2881,186
Truck147414,2567,0,2865,2881,16
Truck146906,2684,2683,2705,2882,177
Truck147424,0,1339,2870,2882,12
Truck145617,1338,2443,2305,2883,578
Truck146329,2224,1339,2525,2883,358
Truck147128,1339,2443,2775,2883,108
Truck147374,2943,2942,2850,2883,33
Truck146688,0,2566,2640,2884,244
Truck147138,2225,2443,2780,2884,104
Truck147247,3119,2224,2810,2884,74
Truck146471,2683,3119,2570,2885,315
Truck147088,0,2443,2765,2885,120
Truck147212,2777,2942,2800,2885,85
Truck146326,2567,2224,2525,2886,361
Truck146665,2224,2776,2630,2886,256
Truck146884,2444,2443,2700,2886,186
Truck147016,1339,2684,2740,2886,146
Truck147440,0,1339,2875,2887,12
Truck145633,1338,2443,2310,2888,578
Truck147010,2225,2683,2740,2888,148
Truck147152,0,2225,2785,2888,103
Truck147154,2225,0,2785,2888,103
Truck147390,2943,2942,2855,2888,33
Truck146733,2942,1339,2650,2889,239
Truck147220,2444,2225,2805,2889,84
Truck147370,2684,2443,2850,2889,39
Truck146886,2567,2776,2700,2890,190
Truck147228,2777,2942,2805,2890,85
Truck147271,2683,0,2820,2890,70
Truck147243,2776,2443,2810,2891,81
Truck147357,2942,3119,2845,2891,46
Truck147478,2567,1339,2885,2891,6
Truck145505,1338,2683,2270,2893,623
Truck145649,1338,2443,2315,2893,578
Truck146773,2566,2567,2665,2893,228
Truck146943,3119,2443,2715,2893,178
Truck147168,0,2225,2790,2893,103
Truck147406,2943,2942,2860,2893,33
Truck146265,2224,2683,2505,2894,389
Truck146875,2776,0,2695,2894,199
Truck147170,2225,2443,2790,2894,104
Truck147319,2683,1339,2835,2894,59
Truck147496,1339,2567,2890,2894,4
Truck146607,3119,1339,2610,2895,285
Truck146744,1339,2942,2655,2895,240
Truck147244,2777,2942,2810,2895,85
Truck146915,2443,2444,2710,2896,186
Truck146916,2444,2443,2710,2896,186
Truck147101,2942,2443,2765,2897,132
Truck147421,2942,2943,2865,2897,32
Truck145664,0,1338,2320,2898,578
Truck145665,1338,2443,2320,2898,578
Truck146841,2224,2684,2685,2898,213
Truck147186,2225,0,2795,2898,103
Truck147422,2943,2942,2865,2898,33
Truck146345,2224,0,2530,2899,369
Truck147289,2224,3119,2825,2899,74
Truck146001,1338,2225,2425,2900,475
Truck146616,1339,3119,2615,2900,285
Truck146880,0,2776,2700,2900,200
Truck146964,2444,1339,2725,2900,175
Truck147260,2777,2942,2815,2900,85
Truck146932,2444,0,2715,2901,186
Truck147310,2943,3119,2830,2902,72
Truck146393,2224,1339,2545,2903,358
Truck147438,2943,2942,2870,2903,33
Truck146757,2566,2443,2660,2904,244
Truck146907,2776,0,2705,2904,199
Truck147202,2225,2443,2800,2904,104
Truck147305,2224,3119,2830,2904,74
Truck147372,2777,2943,2850,2904,54
Truck146776,1339,2942,2665,2905,240
Truck146807,2683,2444,2675,2905,230
Truck147276,2777,2942,2820,2905,85
Truck146745,2224,2443,2655,2906,251
Truck147090,2225,2566,2765,2906,141
Truck147291,2776,2443,2825,2906,81
Truck145736,1339,1338,2340,2907,567
Truck147050,2684,0,2750,2907,157
Truck147133,2942,2443,2775,2907,132
Truck147082,2684,2567,2760,2908,148
Truck147216,0,2225,2805,2908,103
Truck147419,2776,2684,2865,2908,43
Truck147454,2943,2942,2875,2908,33
Truck146923,2776,0,2710,2909,199
Truck147203,2443,2567,2800,2909,109
Truck147218,2225,2443,2805,2909,104
Truck147284,2444,2225,2825,2909,84
Truck147292,2777,2942,2825,2910,85
Truck146960,0,2444,2725,2911,186
Truck147504,0,2567,2895,2911,16
Truck147542,2567,1339,2905,2911,6
Truck146289,1338,2444,2515,2912,397
Truck146608,0,3119,2615,2912,297
Truck146821,2566,1339,2680,2912,232
Truck146987,2776,3119,2730,2912,182
Truck146991,3119,2776,2730,2912,182
Truck147066,2684,0,2755,2912,157
Truck147149,2942,2443,2780,2912,132
Truck147342,2943,3119,2840,2912,72
Truck145712,0,1338,2335,2913,578
Truck145713,1338,2443,2335,2913,578
Truck145761,1338,2567,2350,2913,563
Truck147282,2225,2567,2825,2913,88
Truck147470,2943,2942,2880,2913,33
Truck145766,2567,1338,2350,2914,564
Truck147337,2224,3119,2840,2914,74
Truck147450,2684,2443,2875,2914,39
Truck146711,2683,2942,2645,2915,270
Truck146781,2942,0,2665,2915,250
Truck146808,1339,2942,2675,2915,240
Truck147012,2444,1339,2740,2915,175
Truck147274,2684,2942,2820,2915,95
Truck147308,2777,2942,2830,2915,85
Truck146639,3119,0,2620,2916,296
Truck146763,2776,2224,2660,2916,256
Truck146768,0,2942,2665,2916,251
Truck146777,2224,2443,2665,2916,251
Truck146980,2444,2443,2730,2916,186
Truck147015,2683,2684,2740,2916,176
Truck147147,2776,2942,2780,2916,136
Truck147323,2776,2443,2835,2916,81
Truck147359,3119,2943,2845,2916,71
Truck147165,2942,2443,2785,2917,132
Truck147288,1339,2225,2825,2917,92
Truck145729,1338,2443,2340,2918,578
Truck147486,2943,2942,2885,2918,33
Truck146440,1339,2224,2560,2919,359
Truck146805,2566,2443,2675,2919,244
Truck147250,2225,2443,2815,2919,104
Truck147420,2777,2943,2865,2919,54
Truck146855,2683,2444,2690,2920,230
Truck146944,0,2776,2720,2920,200
Truck147324,2777,2942,2835,2920,85
Truck147399,2683,2567,2860,2920,60
Truck146793,2224,2443,2670,2921,251
Truck147339,2776,2443,2840,2921,81
Truck147453,2942,3119,2875,2921,46
Truck145601,1338,2683,2300,2923,623
Truck145745,1338,2443,2345,2923,578
Truck145793,1338,2567,2360,2923,563
Truck147264,0,2225,2820,2923,103
Truck147502,2943,2942,2890,2923,33
Truck147266,2225,2443,2820,2924,104
Truck147229,2942,2224,2805,2925,120
Truck146800,0,2942,2675,2926,251
Truck147060,2444,2567,2755,2926,171
Truck146340,2444,1338,2530,2927,397
Truck146872,1339,2566,2695,2927,232
Truck147187,2443,2942,2795,2927,132
Truck147197,2942,2443,2795,2927,132
Truck147576,1339,0,2915,2927,12
Truck147055,3119,2443,2750,2928,178
Truck147283,2443,2225,2825,2928,103
Truck147518,2943,2942,2895,2928,33
Truck147325,2942,2684,2835,2929,94
Truck147452,2777,2943,2875,2929,54
Truck146759,2683,2942,2660,2930,270
Truck147245,2942,2224,2810,2930,120
Truck147356,2777,2942,2845,2930,85
Truck146098,2225,1338,2455,2931,476
Truck146719,3119,2567,2645,2931,286
Truck146825,2224,2443,2680,2931,251
Truck147028,2444,2443,2745,2931,186
Truck147173,2566,2225,2790,2931,141
Truck147371,2776,2443,2850,2931,81
Truck146672,0,3119,2635,2932,297
Truck145777,1338,2443,2355,2933,578
Truck147059,2443,3119,2755,2933,178
Truck147071,3119,2443,2755,2933,178
Truck147507,2443,2684,2895,2933,38
Truck147534,2943,2942,2900,2933,33
Truck146391,2683,2224,2545,2934,389
Truck146853,2566,2443,2690,2934,244
Truck146954,2684,2224,2720,2934,214
Truck147298,2225,2443,2830,2934,104
Truck147350,2567,2225,2845,2934,89
Truck147407,3119,2224,2860,2934,74
Truck147447,2683,1339,2875,2934,59
Truck147468,2777,2943,2880,2934,54
Truck147286,2567,2443,2825,2935,110
Truck147415,2683,0,2865,2935,70
Truck146486,2567,2224,2575,2936,361
Truck146832,0,2942,2685,2936,251
Truck147044,2444,2443,2750,2936,186
Truck147503,3119,2942,2890,2936,46
Truck146726,2567,3119,2650,2937,287
Truck147219,2443,2942,2805,2937,132
Truck146505,2224,1339,2580,2938,358
Truck146725,2566,2683,2650,2938,288
Truck146869,2566,0,2695,2938,243
Truck147550,2943,2942,2905,2938,33
Truck147314,2225,2443,2835,2939,104
Truck147530,2684,2443,2900,2939,39
Truck147388,2777,2942,2855,2940,85
Truck146502,2567,2224,2580,2941,361
Truck146843,2776,2224,2685,2941,256
Truck147403,2776,2443,2860,2941,81
Truck147600,0,2567,2925,2941,16
Truck147638,2567,1339,2935,2941,6
Truck145809,1338,0,2365,2942,577
Truck147565,2942,2943,2910,2942,32
Truck146741,2566,2683,2655,2943,288
Truck147103,3119,2443,2765,2943,178
Truck147566,2943,2942,2910,2943,33
Truck146213,2566,1338,2490,2944,454
Truck146885,2566,2443,2700,2944,244
Truck147330,2225,2443,2840,2944,104
Truck147479,2683,1339,2885,2944,59
Truck147546,2684,2443,2905,2944,39
Truck146145,1338,2225,2470,2945,475
Truck147024,0,2776,2745,2945,200
Truck147318,2567,2443,2835,2945,110
Truck147404,2777,2942,2860,2945,85
Truck146864,0,2942,2695,2946,251
Truck147076,2444,0,2760,2946,186
Truck147535,3119,2942,2900,2946,46
Truck147654,2567,1339,2940,2946,6
Truck146902,2567,2942,2705,2947,242
Truck147261,2942,2443,2815,2947,132
Truck147384,1339,2225,2855,2947,92
Truck145681,1338,2683,2325,2948,623
Truck145824,0,1338,2370,2948,578
Truck147080,1339,2776,2760,2948,188
Truck147107,2443,3119,2770,2948,178
Truck147206,2567,2684,2800,2948,148
Truck147582,2943,2942,2915,2948,33
Truck147331,2443,2567,2840,2949,109
Truck147398,2567,2225,2860,2949,89
Truck147449,2224,3119,2875,2949,74
Truck146823,2683,2942,2680,2950,270
Truck147040,0,2776,2750,2950,200
Truck147309,2942,2224,2830,2950,120
Truck146534,2567,2224,2590,2951,361
Truck146889,2224,2443,2700,2951,251
Truck146948,2444,2683,2720,2951,231
Truck147091,2443,2444,2765,2951,186
Truck147092,2444,2443,2765,2951,186
Truck146774,2567,3119,2665,2952,287
Truck147494,2567,2683,2890,2952,62
Truck145841,1338,2443,2375,2953,578
Truck147099,2776,1339,2765,2953,188
Truck147598,2943,2942,2920,2953,33
Truck147315,2443,0,2835,2954,119
Truck147362,2225,2443,2850,2954,104
Truck147405,2942,2684,2860,2954,94
Truck146967,2683,2444,2725,2955,230
Truck147056,0,2776,2755,2955,200
Truck147263,3119,2684,2815,2955,140
Truck147402,2684,2942,2860,2955,95
Truck147436,2777,2942,2870,2955,85
Truck146905,2224,2443,2705,2956,251
Truck147108,2444,2443,2770,2956,186
Truck147146,2684,2683,2780,2957,177
Truck147293,2942,2443,2825,2957,132
Truck147410,2225,1339,2865,2957,92
Truck145857,1338,2443,2380,2958,578
Truck146789,2566,2683,2670,2958,288
Truck147139,2443,3119,2780,2958,178
Truck147151,3119,2443,2780,2958,178
Truck147378,2225,0,2855,2958,103
Truck147614,2943,2942,2925,2958,33
Truck146925,2942,0,2710,2960,250
Truck146952,1339,2942,2720,2960,240
Truck146194,2225,1338,2485,2961,476
Truck146815,3119,2567,2675,2961,286
Truck146921,2224,2443,2710,2961,251
Truck147123,2443,2444,2775,2961,186
Truck147124,2444,2443,2775,2961,186
Truck147159,2683,2684,2785,2961,176
Truck147256,1339,2684,2815,2961,146
Truck145873,1338,0,2385,2962,577
Truck147049,2224,2684,2750,2963,213
Truck147258,2684,2567,2815,2963,148
Truck147394,2225,0,2860,2963,103
Truck147630,2943,2942,2930,2963,33
Truck146489,2224,2683,2575,2964,389
Truck146947,2443,2566,2720,2964,244
Truck146949,2566,2443,2720,2964,244
Truck147347,2443,0,2845,2964,119
Truck147594,2684,2776,2920,2964,44
Truck147610,2684,2443,2925,2964,39
Truck146871,2683,2942,2695,2965,270
Truck147340,2777,3119,2840,2965,125
Truck147353,2224,2942,2845,2965,120
Truck146928,0,2942,2715,2966,251
Truck147272,1339,2684,2820,2966,146
Truck145889,1338,2443,2390,2968,578
Truck146601,2224,1339,2610,2968,358
Truck147171,2443,3119,2790,2968,178
Truck147183,3119,2443,2790,2968,178
Truck147646,2943,2942,2935,2968,33
Truck146965,2566,2443,2725,2969,244
Truck147014,2567,2566,2740,2969,229
Truck147395,2443,2567,2860,2969,109
Truck147476,2444,2225,2885,2969,84
Truck146743,2683,3119,2655,2970,315
Truck147155,2443,2444,2785,2971,186
Truck147301,2566,2225,2830,2971,141
Truck147499,2776,2443,2890,2971,81
Truck147520,0,2683,2900,2971,71
Truck146481,1338,2444,2575,2972,397
Truck146484,2444,1338,2575,2972,397
Truck145905,1338,2443,2395,2973,578
Truck146981,2566,0,2730,2973,243
Truck147199,3119,2443,2795,2973,178
Truck147662,2943,2942,2940,2973,33
Truck147379,2443,0,2855,2974,119
Truck147426,2225,2443,2870,2974,104
Truck146767,3119,2683,2660,2975,315
Truck147500,2777,2942,2890,2975,85
Truck146969,2224,2443,2725,2976,251
Truck147515,2776,2443,2895,2976,81
Truck146998,2567,2942,2735,2977,242
Truck145920,0,1338,2400,2978,578
Truck147083,2776,2683,2760,2978,218
Truck147427,2443,1339,2870,2978,108
Truck147678,2943,2942,2945,2978,33
Truck146325,2566,1338,2525,2979,454
Truck146997,2566,2443,2735,2979,244
Truck147098,2684,2224,2765,2979,214
Truck147442,2225,2443,2875,2979,104
Truck147545,2224,3119,2905,2979,74
Truck146783,3119,2683,2665,2980,315
Truck146989,2942,0,2730,2980,250
Truck147174,2567,2776,2790,2980,190
Truck147516,2777,2942,2895,2980,85
Truck147734,2567,0,2965,2981,16
Truck147231,3119,2443,2805,2983,178
Truck147694,2943,2942,2950,2983,33
Truck147013,2566,2443,2740,2984,244
Truck147240,1339,2444,2810,2984,174
Truck147458,2225,2443,2880,2984,104
Truck147498,2684,2942,2890,2985,95
Truck147532,2777,2942,2900,2985,85
Truck147204,2444,0,2800,2986,186
Truck147605,2566,2444,2925,2987,62
Truck147709,2942,2943,2955,2987,32
Truck147768,1339,0,2975,2987,12
Truck145953,1338,2443,2410,2988,578
Truck147211,2776,1339,2800,2988,188
Truck147474,2225,0,2885,2988,103
Truck147683,2443,2684,2950,2988,38
Truck147710,2943,2942,2955,2988,33
Truck146006,2567,1338,2425,2989,564
Truck147027,2443,2566,2745,2989,244
Truck147029,2566,2443,2745,2989,244
Truck147674,2684,2776,2945,2989,44
Truck147048,1339,2942,2750,2990,240
Truck147433,2224,2942,2870,2990,120
Truck147514,2684,2942,2895,2990,95
Truck147548,2777,2942,2905,2990,85
Truck146911,3119,2567,2705,2991,286
Truck147011,2443,2224,2740,2991,251
Truck147017,2224,2443,2740,2991,251
Truck147354,2684,1339,2845,2991,146
Truck147563,2776,2443,2910,2991,81
Truck147677,2942,3119,2945,2991,46
Truck145969,1338,0,2415,2992,577
Truck147046,2567,2942,2750,2992,242
Truck146901,2566,2683,2705,2993,288
Truck147131,2776,2683,2775,2993,218
Truck147691,2776,2684,2950,2993,43
Truck147726,2943,2942,2960,2993,33
Truck147227,2776,2567,2805,2994,189
Truck147475,2443,2567,2885,2994,109
Truck147490,2225,2443,2890,2994,104
Truck147533,2942,2684,2900,2994,94
Truck147593,2224,3119,2920,2994,74
Truck147640,1339,2683,2935,2994,59
Truck147706,2684,2443,2955,2994,39
Truck146973,2942,2683,2725,2995,270
Truck147069,2942,2567,2755,2995,240
Truck146017,1338,1339,2430,2996,566
Truck147033,2224,2443,2745,2996,251
Truck147235,2443,2444,2810,2996,186
Truck147236,2444,2443,2810,2996,186
Truck147579,2776,2443,2915,2996,81
Truck146561,1338,2444,2600,2997,397
Truck147792,0,1339,2985,2997,12
Truck145985,1338,2443,2420,2998,578
Truck147279,3119,2443,2820,2998,178
Truck147506,2225,0,2895,2998,103
Truck147636,2444,2566,2935,2998,63
Truck147742,2943,2942,2965,2998,33
Truck147061,2566,2443,2755,2999,244
Truck147722,2684,2443,2960,2999,39
Truck147085,2942,2567,2760,3000,240
Truck147580,2777,2942,2915,3000,85
Truck147252,2444,2443,2815,3001,186
Truck147798,2567,0,2985,3001,16
Truck146000,0,1338,2425,3003,578
Truck146049,1338,2567,2440,3003,563
Truck146713,2224,1339,2645,3003,358
Truck146933,2566,2683,2715,3003,288
Truck147295,3119,2443,2825,3003,178
Truck147758,2943,2942,2970,3003,33
Truck146405,2566,1338,2550,3004,454
Truck147077,2566,2443,2760,3004,244
Truck147522,2225,2443,2900,3004,104
Truck147096,1339,2942,2765,3005,240
Truck147485,2942,2224,2885,3005,120
Truck147596,2777,2942,2920,3005,85
Truck146710,2567,2224,2645,3006,361
Truck147268,2444,2443,2820,3006,186
Truck146593,1338,2444,2610,3007,397
Truck147094,2567,2942,2765,3007,242
Truck147443,2443,2942,2875,3007,132
Truck147670,2567,2683,2945,3007,62
Truck147824,0,1339,2995,3007,12
Truck147539,2443,2225,2905,3008,103
Truck147774,2943,2942,2975,3008,33
Truck147093,2566,2443,2765,3009,244
Truck147538,2225,2443,2905,3009,104
Truck147641,2224,3119,2935,3009,74
Truck147864,1339,2567,3005,3009,4
Truck147112,1339,2942,2770,3010,240
Truck147117,2942,2567,2770,3010,240
Truck147484,2777,3119,2885,3010,125
Truck147578,2684,2942,2915,3010,95
Truck147612,2777,2942,2925,3010,85
Truck147072,0,2942,2760,3011,251
Truck147332,2444,2567,2840,3011,171
Truck147451,2776,2942,2875,3011,136
Truck146609,1338,2444,2615,3012,397
Truck147307,2776,3119,2830,3012,182
Truck147459,2443,2942,2880,3012,132
Truck146033,1338,2443,2435,3013,578
Truck147327,3119,2443,2835,3013,178
Truck147552,0,2225,2910,3013,103
Truck147555,2443,2225,2910,3013,103
Truck147790,2943,2942,2980,3013,33
Truck147109,2566,2443,2770,3014,244
Truck147554,2225,2443,2910,3014,104
Truck147663,3119,2224,2940,3014,74
Truck147770,2684,2443,2975,3014,39
Truck146887,2683,3119,2700,3015,315
Truck146984,1339,3119,2730,3015,285
Truck147031,2683,2942,2745,3015,270
Truck147037,2942,2683,2745,3015,270
Truck147517,2942,2224,2895,3015,120
Truck147628,2777,2942,2930,3015,85
Truck147081,2224,2776,2760,3016,256
Truck147299,2443,2444,2830,3016,186
Truck147300,2444,2443,2830,3016,186
Truck147643,2776,2443,2935,3016,81
Truck146625,1338,2444,2620,3017,397
Truck147157,2566,1339,2785,3017,232
Truck146761,2224,1339,2660,3018,358
Truck147343,3119,2443,2840,3018,178
Truck147806,2943,2942,2985,3018,33
Truck146663,2683,2224,2630,3019,389
Truck147120,0,2566,2775,3019,244
Truck147125,2566,2443,2775,3019,244
Truck147523,2443,0,2900,3019,119
Truck147570,2225,2443,2915,3019,104
Truck146903,2683,3119,2705,3020,315
Truck147047,2683,2942,2750,3020,270
Truck147644,2777,2942,2935,3020,85
Truck147645,2942,2777,2935,3020,85
Truck146097,1338,1339,2455,3021,566
Truck147104,0,2942,2770,3021,251
Truck147659,2776,2443,2940,3021,81
Truck147680,0,2683,2950,3021,71
Truck147418,2684,0,2865,3022,157
Truck146065,1338,2443,2445,3023,578
Truck147141,2566,0,2780,3023,243
Truck147587,2443,2225,2920,3023,103
Truck147822,2943,2942,2990,3023,33
Truck147586,2225,2443,2920,3024,104
Truck147629,2942,2684,2930,3024,94
Truck147695,3119,2224,2950,3024,74
Truck147736,1339,2683,2965,3024,59
Truck146919,2683,3119,2710,3025,315
Truck147063,2683,2942,2755,3025,270
Truck147626,2684,2942,2930,3025,95
Truck147660,2777,2942,2940,3025,85
Truck147703,2683,0,2955,3025,70
Truck147735,2683,2567,2965,3025,60
Truck147466,2684,1339,2880,3026,146
Truck147501,2942,2776,2890,3026,136
Truck147667,2443,2776,2945,3026,81
Truck147696,0,2683,2955,3026,71
Truck147158,2567,2942,2785,3027,242
Truck147434,2684,0,2870,3027,157
Truck147634,2225,1339,2935,3027,92
Truck147896,1339,0,3015,3027,12
Truck146129,1338,2567,2465,3028,563
Truck147239,2683,2776,2810,3028,218
Truck147838,2943,2942,2995,3028,33
Truck146792,1339,2224,2670,3029,359
Truck147602,2225,2443,2925,3029,104
Truck147668,2444,2225,2945,3029,84
Truck147818,2684,2443,2990,3029,39
Truck147032,1339,3119,2745,3030,285
Truck147207,2683,2444,2800,3030,230
Truck147676,2777,2942,2945,3030,85
Truck146418,2225,1338,2555,3031,476
Truck147136,0,2942,2780,3031,251
Truck147145,2224,2443,2780,3031,251
Truck147348,2444,2443,2845,3031,186
Truck147386,2684,2683,2855,3032,177
Truck147355,2776,1339,2845,3033,188
Truck147391,3119,2443,2855,3033,178
Truck147482,2684,2567,2885,3033,148
Truck147511,2683,2443,2895,3033,138
Truck147619,2443,2225,2930,3033,103
Truck147827,2443,2684,2995,3033,38
Truck147854,2943,2942,3000,3033,33
Truck147567,3119,2777,2910,3034,124
Truck147618,2225,2443,2930,3034,104
Truck147834,2684,2443,2995,3034,39
Truck147192,1339,2942,2795,3035,240
Truck147564,2777,3119,2910,3035,125
Truck147692,2777,2942,2950,3035,85
Truck147161,2224,2443,2785,3036,251
Truck147364,2444,2443,2850,3036,186
Truck147728,0,2683,2965,3036,71
Truck147387,2776,3119,2855,3037,182
Truck147869,2942,2943,3005,3037,32
Truck147928,1339,0,3025,3037,12
Truck146113,1338,2443,2460,3038,578
Truck147237,2566,2567,2810,3038,228
Truck147368,1339,2776,2850,3038,188
Truck147764,2444,2566,2975,3038,63
Truck147189,2566,2443,2795,3039,244
Truck147238,2567,2566,2810,3039,229
Truck147700,2444,2225,2955,3039,84
Truck147783,2683,1339,2980,3039,59
Truck147208,1339,2942,2800,3040,240
Truck147380,2444,2443,2855,3041,186
Truck147944,1339,0,3030,3042,12
Truck146177,1338,2567,2480,3043,563
Truck147472,0,2684,2885,3043,158
Truck147651,2443,2225,2940,3043,103
Truck147205,2566,2443,2800,3044,244
Truck147650,2225,2443,2940,3044,104
Truck147753,2224,3119,2970,3044,74
Truck147127,2683,2942,2775,3045,270
Truck147224,1339,2942,2805,3045,240
Truck147382,2567,2776,2855,3045,190
Truck147724,2777,2942,2960,3045,85
Truck147179,2776,2224,2790,3046,256
Truck147184,0,2942,2795,3046,251
Truck147193,2224,2443,2795,3046,251
Truck147853,2942,3119,3000,3046,46
Truck146007,2683,1338,2425,3048,623
Truck147321,2224,2684,2835,3048,213
Truck147439,3119,2443,2870,3048,178
Truck147527,2683,2225,2900,3048,148
Truck147221,2566,2443,2805,3049,244
Truck147666,2225,2443,2945,3049,104
Truck147007,3119,2683,2735,3050,315
Truck147143,2683,2942,2780,3050,270
Truck147213,2942,0,2800,3050,250
Truck147740,2777,2942,2965,3050,85
Truck147411,2443,2444,2865,3051,186
Truck147412,2444,2443,2865,3051,186
Truck147755,2776,2443,2970,3051,81
Truck147597,2942,2443,2920,3052,132
Truck146161,1338,2443,2475,3053,578
Truck146163,2443,1338,2475,3053,578
Truck146209,1338,2567,2490,3053,563
Truck147455,3119,2443,2875,3053,178
Truck147672,1339,2443,2945,3053,108
Truck147918,2943,2942,3020,3053,33
Truck147832,1339,2683,2995,3054,59
Truck146873,2224,2567,2695,3055,360
Truck147119,3119,1339,2770,3055,285
Truck147756,2777,2942,2970,3055,85
Truck146870,2567,2224,2695,3056,361
Truck147087,3119,0,2760,3056,296
Truck147225,2224,2443,2805,3056,251
Truck147428,2444,2443,2870,3056,186
Truck147573,2566,2225,2915,3056,141
Truck147595,2776,2942,2920,3056,136
Truck147771,2776,2443,2975,3056,81
Truck147254,2567,2942,2815,3057,242
Truck147111,2683,2566,2770,3058,288
Truck147934,2943,2942,3025,3058,33
Truck147253,2566,2443,2815,3059,244
Truck147750,2567,2225,2970,3059,89
Truck147801,2224,3119,2985,3059,74
Truck147914,2684,2443,3020,3059,39
Truck147175,2683,2942,2790,3060,270
Truck147181,2942,2683,2790,3060,270
Truck147661,2942,2224,2940,3060,120
Truck147738,2684,2942,2965,3060,95
Truck147772,2777,2942,2975,3060,85
Truck147773,2942,2777,2975,3060,85
Truck147444,2444,2443,2875,3061,186
Truck147787,2776,2443,2980,3061,81
Truck146769,1338,2444,2665,3062,397
Truck147752,1339,2225,2970,3062,92
Truck146193,1338,2443,2485,3063,578
Truck147603,2443,2683,2925,3063,138
Truck147715,2443,2225,2960,3063,103
Truck147950,2943,2942,3030,3063,33
Truck147267,2443,2566,2820,3064,244
Truck147269,2566,2443,2820,3064,244
Truck147714,2225,2443,2960,3064,104
Truck147886,2943,2777,3010,3065,55
Truck146530,2225,1338,2590,3066,476
Truck147257,2224,2443,2815,3066,251
Truck147316,2444,2683,2835,3066,231
Truck147803,2776,2443,2985,3066,81
Truck147919,3119,2942,3020,3066,46
Truck147142,2567,3119,2780,3067,287
Truck147464,1339,2776,2880,3068,188
Truck147491,2443,3119,2890,3068,178
Truck147939,2443,2684,3030,3068,38
Truck147966,2943,2942,3035,3068,33
Truck147730,2225,2443,2965,3069,104
Truck147946,2684,2443,3030,3069,39
Truck147167,3119,1339,2785,3070,285
Truck147462,2567,2776,2880,3070,190
Truck147804,2777,2942,2985,3070,85
Truck147273,2224,2443,2820,3071,251
Truck147819,2776,2443,2990,3071,81
Truck146804,2444,1338,2675,3072,397
Truck147778,2225,1339,2980,3072,92
Truck146081,1338,2683,2450,3073,623
Truck146225,1338,2443,2495,3073,578
Truck147519,3119,2443,2895,3073,178
Truck147639,2683,2443,2935,3073,138
Truck147982,2943,2942,3040,3073,33
Truck147746,2225,2443,2970,3074,104
Truck147079,2683,3119,2760,3075,315
Truck147786,2684,2942,2980,3075,95
Truck147820,2777,2942,2990,3075,85
Truck147642,2684,3119,2935,3076,141
Truck147856,0,2683,3005,3076,71
Truck148070,2567,1339,3070,3076,6
Truck147352,1339,2566,2845,3077,232
Truck147870,2943,3119,3005,3077,72
Truck146241,1338,2443,2500,3078,578
Truck146953,2224,1339,2720,3078,358
Truck147998,2943,2942,3045,3078,33
Truck147341,2942,1339,2840,3079,239
Truck147747,2443,2567,2970,3079,109
Truck147762,2225,2443,2975,3079,104
Truck147865,2224,3119,3005,3079,74
Truck147978,2684,2443,3040,3079,39
Truck147095,2683,3119,2765,3080,315
Truck147540,2444,1339,2905,3080,175
Truck147708,2777,3119,2955,3080,125
Truck147721,2224,2942,2960,3080,120
Truck147725,2942,2224,2960,3080,120
Truck147836,2777,2942,2995,3080,85
Truck147911,2683,2567,3020,3080,60
Truck147508,2444,2443,2895,3081,186
Truck146833,1338,2444,2685,3082,397
Truck147334,2567,2942,2840,3082,242
Truck146257,1338,2443,2505,3083,578
Truck147551,3119,2443,2905,3083,178
Truck148014,2943,2942,3050,3083,33
Truck146968,1339,2224,2725,3084,359
Truck147328,0,2566,2840,3084,244
Truck147763,2443,2567,2975,3084,109
Truck147844,2444,2225,3000,3084,84
Truck147994,2684,2443,3045,3084,39
Truck147852,2777,2942,3000,3085,85
Truck147524,2444,2443,2900,3086,186
Truck147572,2444,2567,2915,3086,171
Truck147658,2684,1339,2940,3086,146
Truck147867,2776,2443,3005,3086,81
Truck147699,2443,2942,2955,3087,132
Truck147902,2943,3119,3015,3087,72
Truck146273,1338,2443,2510,3088,578
Truck148030,2943,2942,3055,3088,33
Truck146677,2566,1338,2635,3089,454
Truck147349,2566,2443,2845,3089,244
Truck147794,2225,2443,2985,3089,104
Truck146985,2224,2567,2730,3090,360
Truck147277,2942,2683,2820,3090,270
Truck146610,2225,1338,2615,3091,476
Truck147396,2444,2683,2860,3091,231
Truck147690,2684,3119,2950,3091,141
Truck146865,1338,2444,2695,3092,397
Truck147001,2224,1339,2735,3093,358
Truck147940,2444,2566,3030,3093,63
Truck148046,2943,2942,3060,3093,33
Truck147363,2443,2566,2850,3094,244
Truck147365,2566,2443,2850,3094,244
Truck147389,2942,1339,2855,3094,239
Truck147810,2225,2443,2990,3094,104
Truck147862,2567,2225,3005,3094,89
Truck147960,1339,2683,3035,3094,59
Truck148026,2684,2443,3055,3094,39
Truck147287,2683,2942,2825,3095,270
Truck147884,2777,2942,3010,3095,85
Truck146626,2225,1338,2620,3096,476
Truck147556,2444,2443,2910,3096,186
Truck147698,2225,2566,2955,3096,141
Truck147899,2776,2443,3015,3096,81
Truck147416,1339,2566,2865,3097,232
Truck147741,2942,2443,2965,3097,132
Truck146305,1338,2443,2520,3098,578
Truck147816,1339,2443,2990,3098,108
Truck147890,2225,2444,3015,3098,83
Truck148062,2943,2942,3065,3098,33
Truck147381,2566,2443,2855,3099,244
Truck147430,2567,2566,2870,3099,229
Truck147531,2776,0,2900,3099,199
Truck147826,2225,2443,2995,3099,104
Truck147878,2567,2225,3010,3099,89
Truck147976,1339,2683,3040,3099,59
Truck146976,0,2224,2730,3100,370
Truck147303,2683,2942,2830,3100,270
Truck147776,0,2443,2980,3100,120
Truck147785,2224,2942,2980,3100,120
Truck147814,2567,2443,2990,3100,110
Truck147900,2777,2942,3015,3100,85
Truck147571,2443,2444,2915,3101,186
Truck147429,2566,1339,2870,3102,232
Truck147757,2942,2443,2970,3102,132
Truck146321,1338,2443,2525,3103,578
Truck147255,2683,2566,2815,3103,288
Truck147483,2776,2683,2885,3103,218
Truck148078,2943,2942,3070,3103,33
Truck147397,2566,2443,2860,3104,244
Truck147547,2776,0,2905,3104,199
Truck147842,2225,2443,3000,3104,104
Truck148058,2684,2443,3065,3104,39
Truck146992,0,2224,2735,3105,370
Truck147788,2777,3119,2980,3105,125
Truck147916,2777,2942,3020,3105,85
Truck147385,2224,2443,2855,3106,251
Truck147584,0,2444,2920,3106,186
Truck147588,2444,2443,2920,3106,186
Truck147448,1339,2566,2875,3107,232
Truck146337,1338,2443,2530,3108,578
Truck147631,3119,2443,2930,3108,178
Truck147848,1339,2443,3000,3108,108
Truck148094,2943,2942,3075,3108,33
Truck146951,2683,2224,2720,3109,389
Truck147413,2566,2443,2865,3109,244
Truck147437,2942,1339,2870,3109,239
Truck147858,2225,2443,3005,3109,104
Truck147432,1339,2942,2870,3110,240
Truck147817,2224,2942,2990,3110,120
Truck147932,2777,2942,3025,3110,85
Truck147392,0,2942,2860,3111,251
Truck147460,2444,2683,2880,3111,231
Truck147604,2444,2443,2925,3111,186
Truck147947,2776,2443,3030,3111,81
Truck147779,2443,2942,2980,3112,132
Truck148109,2942,2943,3080,3112,32
Truck146353,1338,2443,2535,3113,578
Truck147065,2224,1339,2755,3113,358
Truck147647,3119,2443,2935,3113,178
Truck148110,2943,2942,3080,3113,33
Truck148024,1339,2683,3055,3114,59
Truck148090,2684,2443,3075,3114,39
Truck147606,2567,2776,2925,3115,190
Truck147948,2777,2942,3030,3115,85
Truck147417,2224,2443,2865,3116,251
Truck147620,2444,2443,2930,3116,186
Truck147955,2443,2776,3035,3116,81
Truck147963,2776,2443,3035,3116,81
Truck147805,2942,2443,2985,3117,132
Truck148184,1339,0,3105,3117,12
Truck147624,1339,2776,2930,3118,188
Truck148020,2444,2566,3055,3118,63
Truck147445,2566,2443,2875,3119,244
Truck147627,2776,2567,2930,3119,189
Truck147993,2224,3119,3045,3119,74
Truck148106,2684,2443,3080,3119,39
Truck146705,1338,2225,2645,3120,475
Truck147367,2683,2942,2850,3120,270
Truck147373,2942,2683,2850,3120,270
Truck147469,2942,2567,2880,3120,240
Truck147964,2777,2942,3035,3120,85
Truck146706,2225,1338,2645,3121,476
Truck147492,2444,2683,2890,3121,231
Truck147979,2776,2443,3040,3121,81
Truck146961,1338,2444,2725,3122,397
Truck147811,2443,2942,2990,3122,132
Truck147821,2942,2443,2990,3122,132
Truck146385,1338,2443,2545,3123,578
Truck147317,2566,2683,2835,3123,288
Truck147766,2567,2684,2975,3123,148
Truck148142,2943,2942,3090,3123,33
Truck147461,2566,2443,2880,3124,244
Truck147562,2684,2224,2910,3124,214
Truck147906,2225,2443,3020,3124,104
Truck147480,1339,2942,2885,3125,240
Truck147980,2777,2942,3040,3125,85
Truck148023,2683,0,3055,3125,70
Truck147435,2776,2224,2870,3126,256
Truck147648,0,2444,2940,3126,186
Truck147797,2566,2225,2985,3126,141
Truck147296,0,3119,2830,3127,297
Truck148208,0,1339,3115,3127,12
Truck146401,1338,2443,2550,3128,578
Truck147333,2566,2683,2840,3128,288
Truck147335,2683,2566,2840,3128,288
Truck147907,2443,1339,3020,3128,108
Truck147986,2225,2444,3045,3128,83
Truck148158,2943,2942,3095,3128,33
Truck146801,1338,2566,2675,3129,454
Truck147477,2566,2443,2885,3129,244
Truck147526,2567,2566,2900,3129,229
Truck147704,1339,2444,2955,3129,174
Truck147922,2225,2443,3025,3129,104
Truck148031,3119,2224,3055,3129,74
Truck148071,2683,1339,3070,3129,59
Truck148138,2684,2443,3090,3129,39
Truck147113,2224,2567,2770,3130,360
Truck147868,2777,3119,3005,3130,125
Truck147910,2567,2443,3020,3130,110
Truck147996,2777,2942,3045,3130,85
Truck148039,2683,0,3060,3130,70
Truck147456,0,2942,2880,3131,251
Truck147843,2443,2942,3000,3132,132
Truck146417,1338,2443,2555,3133,578
Truck147711,3119,2443,2955,3133,178
Truck147799,2683,2225,2985,3133,148
Truck147938,2225,0,3030,3133,103
Truck148174,2943,2942,3100,3133,33
Truck147543,2683,2444,2905,3135,230
Truck147888,0,2443,3015,3135,120
Truck147126,2567,2224,2775,3136,361
Truck147375,3119,2567,2850,3136,286
Truck147467,2776,2224,2880,3136,256
Truck147684,2444,2443,2950,3136,186
Truck147851,2776,2942,3000,3136,136
Truck148063,3119,2943,3065,3136,71
Truck147366,2567,3119,2850,3137,287
Truck147510,2567,2942,2895,3137,242
Truck146433,1338,2443,2560,3138,578
Truck148190,2943,2942,3105,3138,33
Truck147509,2566,2443,2895,3139,244
Truck147997,2942,2684,3045,3139,94
Truck148057,2224,3119,3065,3139,74
Truck148103,2683,1339,3080,3139,59
Truck147528,1339,2942,2900,3140,240
Truck148028,2777,2942,3055,3140,85
Truck148029,2942,2777,3055,3140,85
Truck148126,2943,2777,3085,3140,55
Truck147497,2224,2443,2890,3141,251
Truck148043,2776,2443,3060,3141,81
Truck147727,3119,2776,2960,3142,182
Truck147885,2942,2443,3010,3142,132
Truck146449,1338,2443,2565,3143,578
Truck147731,2443,3119,2965,3143,178
Truck147743,3119,2443,2965,3143,178
Truck147859,2443,2683,3005,3143,138
Truck147863,2683,2443,3005,3143,138
Truck147129,2224,0,2775,3144,369
Truck147549,2942,1339,2905,3144,239
Truck148186,2684,2443,3105,3144,39
Truck147748,2444,1339,2970,3145,175
Truck148010,2684,2942,3050,3145,95
Truck148044,2777,2942,3060,3145,85
Truck148045,2942,2777,3060,3145,85
Truck147712,0,2444,2960,3146,186
Truck147716,2444,2443,2960,3146,186
Truck147754,2684,2683,2970,3147,177
Truck147891,2443,2942,3015,3147,132
Truck147901,2942,2443,3015,3147,132
Truck148221,2942,2943,3115,3147,32
Truck146465,1338,2443,2570,3148,578
Truck147177,2224,1339,2790,3148,358
Truck147541,2566,0,2905,3148,243
Truck147623,2683,2776,2930,3148,218
Truck147759,3119,2443,2970,3148,178
Truck147987,2443,2225,3045,3148,103
Truck148034,2225,2567,3060,3148,88
Truck148222,2943,2942,3115,3148,33
Truck148038,2567,2225,3060,3149,89
Truck147423,3119,1339,2865,3150,285
Truck148060,2777,2942,3065,3150,85
Truck147513,2224,2776,2895,3151,256
Truck147732,2444,2443,2965,3151,186
Truck147874,2225,2566,3010,3151,141
Truck148067,2443,2776,3070,3151,81
Truck147558,2567,2942,2910,3152,242
Truck147782,2567,2444,2980,3152,172
Truck148237,2942,2943,3120,3152,32
Truck147557,2566,0,2910,3153,243
Truck148203,2776,2684,3110,3153,43
Truck148238,2943,2942,3120,3153,33
Truck147784,1339,2444,2980,3154,174
Truck148002,2225,2443,3050,3154,104
Truck148218,2684,2443,3115,3154,39
Truck147581,2942,2567,2915,3155,240
Truck148076,2777,2942,3070,3155,85
Truck148083,2443,2776,3075,3156,81
Truck148091,2776,2443,3075,3156,81
Truck147608,1339,2566,2925,3157,232
Truck147775,3119,2776,2975,3157,182
Truck147933,2942,2443,3025,3157,132
Truck146497,1338,2443,2580,3158,578
Truck147655,2683,2776,2940,3158,218
Truck147673,2224,2684,2945,3158,213
Truck147882,2684,2567,3010,3158,148
Truck148219,2776,2684,3115,3158,43
Truck148254,2943,2942,3125,3158,33
Truck148121,2224,3119,3085,3159,74
Truck148188,2777,2943,3105,3159,54
Truck147495,2683,2942,2890,3160,270
Truck148006,2567,2443,3050,3160,110
Truck148092,2777,2942,3075,3160,85
Truck148167,2683,2567,3100,3160,60
Truck146513,1338,0,2585,3162,577
Truck147590,2567,2942,2920,3162,242
Truck147802,2684,2683,2985,3162,177
Truck147866,2684,0,3005,3162,157
Truck147949,2942,2443,3030,3162,132
Truck148066,2225,1339,3070,3162,92
Truck146369,1338,2683,2540,3163,623
Truck148098,2225,2444,3080,3163,83
Truck148270,2943,2942,3130,3163,33
Truck147589,2566,2443,2920,3164,244
Truck148250,2684,2443,3125,3164,39
Truck147984,0,2443,3045,3165,120
Truck148108,2777,2942,3080,3165,85
Truck147471,3119,2567,2880,3166,286
Truck147780,2444,2443,2980,3166,186
Truck148123,2776,2443,3085,3166,81
Truck148088,1339,2225,3075,3167,92
Truck148285,2942,2943,3135,3167,32
Truck146529,1338,2443,2590,3168,578
Truck146531,2443,1338,2590,3168,578
Truck147463,2683,2566,2880,3168,288
Truck147823,3119,2443,2990,3168,178
Truck148286,2943,2942,3135,3168,33
Truck148050,2225,2443,3065,3169,104
Truck148124,2777,2942,3085,3170,85
Truck147652,2444,2683,2940,3171,231
Truck147795,2443,2444,2985,3171,186
Truck147796,2444,2443,2985,3171,186
Truck147965,2942,2776,3035,3171,136
Truck148175,3119,2943,3100,3171,71
Truck147622,2567,2942,2930,3172,242
Truck147846,2567,2444,3000,3172,172
Truck147971,2443,2942,3040,3172,132
Truck146545,1338,2443,2595,3173,578
Truck147669,2566,2567,2945,3173,228
Truck147707,2776,2683,2955,3173,218
Truck147927,2683,2225,3025,3173,148
Truck147930,2684,2567,3025,3173,148
Truck148051,2443,1339,3065,3173,108
Truck148196,2444,2566,3110,3173,63
Truck148302,2943,2942,3140,3173,33
Truck148012,2777,3119,3050,3175,125
Truck148054,2567,2443,3065,3175,110
Truck148140,2777,2942,3090,3175,85
Truck146882,2225,1338,2700,3176,476
Truck147609,2224,2443,2925,3176,251
Truck147812,2444,2443,2990,3176,186
Truck147962,2684,3119,3035,3176,141
Truck148390,2567,1339,3170,3176,6
Truck147140,2444,1338,2780,3177,397
Truck147850,2684,2683,3000,3177,177
Truck148213,2566,2444,3115,3177,62
Truck147493,2566,2683,2890,3178,288
Truck147723,2776,2683,2960,3178,218
Truck147855,3119,2443,3000,3178,178
Truck148072,1339,2443,3070,3178,108
Truck148291,2443,2684,3140,3178,38
Truck148318,2943,2942,3145,3178,33
Truck147632,0,2566,2935,3179,244
Truck147635,2443,2566,2935,3179,244
Truck147637,2566,2443,2935,3179,244
Truck148082,2225,2443,3075,3179,104
Truck146897,1338,2225,2705,3180,475
Truck147232,0,2224,2810,3180,370
Truck148156,2777,2942,3095,3180,85
Truck147487,3119,0,2885,3181,296
Truck147611,2776,2224,2925,3181,256
Truck147828,2444,2443,2995,3181,186
Truck148163,2443,2776,3100,3181,81
Truck148171,2776,2443,3100,3181,81
Truck147156,2444,1338,2785,3182,397
Truck148003,2443,2942,3050,3182,132
Truck148013,2942,2443,3050,3182,132
Truck148206,2943,3119,3110,3182,72
Truck146577,1338,2443,2605,3183,578
Truck147739,2776,2683,2965,3183,218
Truck147871,3119,2443,3005,3183,178
Truck148334,2943,2942,3150,3183,33
Truck147191,2683,2224,2795,3184,389
Truck147653,2566,2443,2940,3184,244
Truck147835,2776,2567,2995,3184,189
Truck148047,3119,2777,3060,3184,124
Truck148201,2224,3119,3110,3184,74
Truck148247,2683,1339,3125,3184,59
Truck147431,2683,3119,2870,3185,315
Truck148172,2777,2942,3100,3185,85
Truck147625,2224,2776,2930,3186,256
Truck148187,2776,2443,3105,3186,81
Truck147488,0,3119,2890,3187,297
Truck147525,2566,2683,2900,3188,288
Truck147717,2566,2567,2960,3188,228
Truck147970,2225,2683,3040,3188,148
Truck148350,2943,2942,3155,3188,33
Truck146646,2567,1338,2625,3189,564
Truck148223,3119,2224,3115,3189,74
Truck147693,2942,2567,2950,3190,240
Truck148015,3119,2684,3050,3190,140
Truck146641,1338,1339,2625,3191,566
Truck147302,2567,2224,2830,3191,361
Truck147657,2224,2443,2940,3191,251
Truck147860,2444,0,3005,3191,186
Truck148224,0,2683,3120,3191,71
Truck147188,2444,1338,2795,3192,397
Truck148416,0,1339,3180,3192,12
Truck147733,2566,2567,2965,3193,228
Truck147952,0,2684,3035,3193,158
Truck148366,2943,2942,3160,3193,33
Truck147685,2566,2443,2950,3194,244
Truck148130,2225,2443,3090,3194,104
Truck148233,2224,3119,3120,3194,74
Truck147280,0,2224,2825,3195,370
Truck147613,2942,2683,2925,3195,270
Truck148170,2684,2942,3100,3195,95
Truck148204,2777,2942,3110,3195,85
Truck147664,0,2942,2945,3196,251
Truck147875,2443,2444,3010,3196,186
Truck147876,2444,0,3010,3196,186
Truck147924,2444,2567,3025,3196,171
Truck148211,2443,2776,3115,3196,81
Truck147702,2567,2942,2955,3197,242
Truck148381,2942,2943,3165,3197,32
Truck148432,0,1339,3185,3197,12
Truck147701,2566,0,2955,3198,243
Truck148382,2943,2942,3165,3198,33
Truck147241,2224,2683,2810,3199,389
Truck147720,1339,2942,2960,3200,240
Truck148220,2777,2942,3115,3200,85
Truck147583,3119,2567,2915,3201,286
Truck147675,2776,2224,2945,3201,256
Truck147689,2224,2443,2950,3201,251
Truck147892,2444,2443,3015,3201,186
Truck148037,2566,2225,3060,3201,141
Truck148059,2776,2942,3065,3201,136
Truck147915,2776,3119,3020,3202,182
Truck146640,0,1338,2625,3203,578
Truck147575,2683,2566,2915,3203,288
Truck147923,2443,3119,3025,3203,178
Truck148018,2225,2683,3055,3203,148
Truck148398,2943,2942,3170,3203,33
Truck147045,2566,1338,2750,3204,454
Truck148111,3119,2777,3080,3204,124
Truck148205,2942,2684,3110,3204,94
Truck148311,2683,1339,3145,3204,59
Truck148150,2567,2443,3095,3205,110
Truck148202,2684,2942,3110,3205,95
Truck146689,1338,1339,2640,3206,566
Truck147908,2444,2443,3020,3206,186
Truck147956,2444,2567,3035,3206,171
Truck148053,2566,2225,3065,3206,141
Truck146657,1338,0,2630,3207,577
Truck147765,2566,1339,2975,3207,232
Truck146659,2443,1338,2630,3208,578
Truck147815,2683,2776,2990,3208,218
Truck147951,3119,2443,3030,3208,178
Truck148000,0,2684,3050,3208,158
Truck148414,2943,2942,3175,3208,33
Truck148281,2224,3119,3135,3209,74
Truck148378,2684,2776,3165,3209,44
Truck148394,2684,2443,3170,3209,39
Truck148141,2942,2224,3090,3210,120
Truck146994,2225,1338,2735,3211,476
Truck148288,0,2683,3140,3211,71
Truck146673,1338,0,2635,3212,577
Truck147249,1338,2444,2815,3212,397
Truck146721,1338,2567,2650,3213,563
Truck147607,2683,2566,2925,3213,288
Truck147749,2566,2443,2970,3214,244
Truck148179,2443,2567,3105,3214,109
Truck148297,2224,3119,3140,3214,74
Truck147344,0,2224,2845,3215,370
Truck147926,2567,2776,3025,3215,190
Truck148268,2777,2942,3130,3215,85
Truck147599,3119,0,2920,3216,296
Truck147737,2224,2443,2965,3216,251
Truck147936,0,2444,3030,3216,186
Truck148480,0,2567,3200,3216,16
Truck148125,2942,2443,3085,3217,132
Truck148342,2567,2683,3155,3217,62
Truck148446,2943,2942,3185,3218,33
Truck147400,1339,2224,2860,3219,359
Truck148210,2225,2443,3115,3219,104
Truck148253,2942,2684,3125,3219,94
Truck148313,2224,3119,3145,3219,74
Truck148410,2684,2776,3175,3219,44
Truck147687,2683,2942,2950,3220,270
Truck147942,2567,2776,3030,3220,190
Truck148284,2777,2942,3135,3220,85
Truck146737,1338,1339,2655,3221,566
Truck147744,0,2942,2970,3221,251
Truck148004,2444,2567,3050,3221,171
Truck148299,2776,2443,3140,3221,81
Truck148461,2942,2943,3190,3222,32
Truck148087,2683,2225,3075,3223,148
Truck148462,2943,2942,3190,3223,33
Truck147781,2566,2443,2980,3224,244
Truck147931,2776,0,3025,3224,199
Truck148226,2225,2443,3120,3224,104
Truck147376,0,2224,2855,3225,370
Truck147559,2683,3119,2910,3225,315
Truck147800,1339,2942,2985,3225,240
Truck147958,2567,2776,3035,3225,190
Truck148300,2777,2942,3140,3225,85
Truck147760,0,2942,2975,3226,251
Truck147769,2224,2443,2975,3226,251
Truck147972,2444,2443,3040,3226,186
Truck148122,2684,3119,3085,3226,141
Truck148307,2443,2776,3145,3226,81
Truck147616,0,3119,2930,3227,297
Truck147995,2776,3119,3045,3227,182
Truck148147,2443,2942,3095,3227,132
Truck148157,2942,2443,3095,3227,132
Truck146720,0,1338,2650,3228,578
Truck147897,2224,2684,3015,3228,213
Truck148478,2943,2942,3195,3228,33
Truck147898,2684,2224,3015,3229,214
Truck148191,3119,2777,3105,3229,124
Truck148242,2225,2443,3125,3229,104
Truck148458,2684,2443,3190,3229,39
Truck147789,2942,0,2980,3230,250
Truck148143,3119,2684,3090,3230,140
Truck148282,2684,2942,3135,3230,95
Truck148316,2777,2942,3145,3230,85
Truck147988,2444,2443,3045,3231,186
Truck148155,2776,2942,3095,3231,136
Truck148296,1339,2225,3140,3232,92
Truck146739,2443,1338,2655,3233,578
Truck147671,2683,2566,2945,3233,288
Truck147913,2224,2684,3020,3233,213
Truck148080,0,2684,3075,3233,158
Truck148119,2683,2225,3085,3233,148
Truck148494,2943,2942,3200,3233,33
Truck147351,2683,2224,2845,3234,389
Truck147813,2566,2443,2990,3234,244
Truck148207,3119,2777,3110,3234,124
Truck148243,2443,2567,3125,3234,109
Truck148258,2225,2443,3130,3234,104
Truck148310,2567,2225,3145,3234,89
Truck147837,2942,2567,2995,3235,240
Truck148298,2684,2942,3140,3235,95
Truck148332,2777,2942,3150,3235,85
Truck148146,2225,2566,3095,3236,141
Truck148368,0,2683,3165,3236,71
Truck146753,1338,0,2660,3237,577
Truck148042,2684,2683,3060,3237,177
Truck148008,1339,2776,3050,3238,188
Truck148272,0,2225,3135,3238,103
Truck148510,2943,2942,3205,3238,33
Truck147369,2224,2683,2850,3239,389
Truck148274,2225,2443,3135,3239,104
Truck148474,2684,2776,3195,3239,44
Truck147465,2224,2567,2880,3240,360
Truck147615,3119,2683,2925,3240,315
Truck148348,2777,2942,3155,3240,85
Truck147679,3119,0,2945,3241,296
Truck148162,2225,2566,3100,3241,141
Truck148363,2776,2443,3160,3241,81
Truck148566,2567,0,3225,3241,16
Truck147345,1338,2444,2845,3242,397
Truck147877,2566,1339,3010,3242,232
Truck146631,2683,1338,2620,3243,623
Truck147893,2566,2567,3015,3243,228
Truck148280,1339,2443,3135,3243,108
Truck148420,2444,2566,3180,3243,63
Truck147383,2683,2224,2855,3244,389
Truck147845,2566,2443,3000,3244,244
Truck147894,2567,2566,3015,3244,229
Truck148027,2776,2567,3055,3244,189
Truck148275,2443,2567,3135,3244,109
Truck148290,2225,2443,3140,3244,104
Truck148333,2942,2684,3150,3244,94
Truck148506,2684,2443,3205,3244,39
Truck147481,2224,2567,2885,3245,360
Truck147767,2683,2942,2975,3245,270
Truck148236,2777,3119,3120,3245,125
Truck148240,0,2443,3125,3245,120
Truck148364,2777,2942,3160,3245,85
Truck147833,2224,2443,2995,3246,251
Truck148032,0,2444,3060,3246,186
Truck148036,2444,2443,3060,3246,186
Truck148074,2684,2683,3070,3247,177
Truck148541,2942,2943,3215,3247,32
Truck148600,1339,0,3235,3247,12
Truck146647,2683,1338,2625,3248,623
Truck146785,1338,2443,2670,3248,578
Truck148040,1339,2776,3060,3248,188
Truck148507,2776,2684,3205,3248,43
Truck148542,2943,2942,3215,3248,33
Truck147401,2224,2683,2860,3249,389
Truck147861,2566,2443,3005,3249,244
Truck148252,2777,3119,3125,3250,125
Truck148380,2777,2942,3165,3250,85
Truck148052,2444,2443,3065,3251,186
Truck148509,2942,3119,3205,3251,46
Truck148430,2943,3119,3180,3252,72
Truck148608,0,1339,3240,3252,12
Truck148095,3119,2443,3075,3253,178
Truck148558,2943,2942,3220,3253,33
Truck147512,1339,2224,2895,3254,359
Truck148104,1339,2444,3080,3254,174
Truck148322,2225,2443,3150,3254,104
Truck148374,2567,2225,3165,3254,89
Truck148396,2777,2942,3170,3255,85
Truck146849,1338,1339,2690,3256,566
Truck148403,2443,2776,3175,3256,81
Truck148411,2776,2443,3175,3256,81
Truck146856,1339,1338,2690,3257,567
Truck146817,1338,2443,2680,3258,578
Truck147975,2683,2776,3040,3258,218
Truck148075,2776,1339,3070,3258,188
Truck148099,2443,3119,3080,3258,178
Truck148194,2225,2683,3110,3258,148
Truck148338,2225,2443,3155,3259,104
Truck148488,1339,2683,3200,3259,59
Truck148554,2684,2443,3220,3259,39
Truck147912,1339,2942,3020,3260,240
Truck148412,2777,2942,3175,3260,85
Truck147872,0,2942,3010,3261,251
Truck147881,2224,2443,3010,3261,251
Truck148084,2444,2443,3075,3261,186
Truck148251,2776,2942,3125,3261,136
Truck148259,2443,2942,3130,3262,132
Truck148386,2225,1339,3170,3262,92
Truck148392,1339,2225,3170,3262,92
Truck148115,2443,3119,3085,3263,178
Truck148127,3119,2443,3085,3263,178
Truck148352,0,2225,3160,3263,103
Truck148590,2943,2942,3230,3263,33
Truck147544,1339,2224,2905,3264,359
Truck147909,2566,2443,3020,3264,244
Truck148339,2443,2567,3155,3264,109
Truck148354,2225,2443,3160,3264,104
Truck148463,3119,2224,3190,3264,74
Truck148255,3119,2684,3125,3265,140
Truck148428,2777,2942,3180,3265,85
Truck148429,2942,2777,3180,3265,85
Truck148503,2683,2567,3205,3265,60
Truck148526,2943,2777,3210,3265,55
Truck147883,2776,2224,3010,3266,256
Truck148100,2444,2443,3080,3266,186
Truck148269,2942,2776,3130,3266,136
Truck148664,1339,0,3255,3267,12
Truck148007,2683,2776,3050,3268,218
Truck148107,2776,1339,3080,3268,188
Truck148234,2684,2567,3120,3268,148
Truck148606,2943,2942,3235,3268,33
Truck147925,2566,2443,3025,3269,244
Truck148319,3119,2777,3145,3269,124
Truck148370,2225,2443,3165,3269,104
Truck147561,2224,2567,2910,3270,360
Truck147807,3119,1339,2985,3270,285
Truck148444,2777,2942,3185,3270,85
Truck148116,2444,2443,3085,3271,186
Truck148248,1339,2684,3125,3271,146
Truck148595,2443,2684,3235,3273,38
Truck148622,2943,2942,3240,3273,33
Truck148336,0,2443,3155,3275,120
Truck148426,2684,2942,3180,3275,95
Truck148460,2777,2942,3190,3275,85
Truck147791,3119,0,2980,3276,296
Truck147920,0,2942,3025,3276,251
Truck148132,2444,2443,3090,3276,186
Truck148180,2444,2567,3105,3276,171
Truck148277,2566,2225,3135,3276,141
Truck148475,2776,2443,3195,3276,81
Truck148589,2942,3119,3230,3276,46
Truck146881,1338,0,2700,3277,577
Truck148182,2567,2444,3105,3277,172
Truck148688,0,1339,3265,3277,12
Truck148696,1339,0,3265,3277,12
Truck148450,2225,2567,3190,3278,88
Truck148638,2943,2942,3245,3278,33
Truck147285,2566,1338,2825,3279,454
Truck147957,2566,2443,3035,3279,244
Truck147879,2683,2942,3010,3280,270
Truck148476,2777,2942,3195,3280,85
Truck148574,2943,2777,3225,3280,55
Truck147929,2224,2776,3025,3281,256
Truck148148,2444,2443,3095,3281,186
Truck146936,1339,1338,2715,3282,567
Truck147830,2567,3119,2995,3282,287
Truck147974,2567,2942,3040,3282,242
Truck146896,0,1338,2705,3283,578
Truck147829,2566,2683,2995,3283,288
Truck147831,2683,2566,2995,3283,288
Truck147973,2566,2443,3040,3284,244
Truck148418,2225,2443,3180,3284,104
Truck147568,0,2224,2915,3285,370
Truck147992,1339,2942,3045,3285,240
Truck148492,2777,2942,3200,3285,85
Truck147234,2225,1338,2810,3286,476
Truck148164,2444,2443,3100,3286,186
Truck148199,2683,2684,3110,3286,176
Truck148309,2566,2225,3145,3286,141
Truck148499,2443,2776,3205,3286,81
Truck148621,2942,3119,3240,3286,46
Truck146912,0,1338,2710,3288,578
Truck146913,1338,2443,2710,3288,578
Truck148089,2224,2684,3075,3288,213
Truck148323,2443,2683,3150,3288,138
Truck148670,2943,2942,3255,3288,33
Truck147529,2224,2683,2900,3289,389
Truck147989,2566,2443,3045,3289,244
Truck148537,2224,3119,3215,3289,74
Truck147917,2942,2683,3020,3290,270
Truck147981,2942,0,3040,3290,250
Truck148128,0,2776,3090,3290,200
Truck148166,2567,2776,3100,3290,190
Truck148508,2777,2942,3205,3290,85
Truck148314,2684,1339,3145,3291,146
Truck148330,2684,3119,3150,3291,141
Truck148349,2942,2776,3155,3291,136
Truck148523,2776,2443,3210,3291,81
Truck148726,2567,0,3275,3291,16
Truck148685,2942,2943,3260,3292,32
Truck146929,1338,2443,2715,3293,578
Truck148686,2943,2942,3260,3293,33
Truck146982,2567,1338,2730,3294,564
Truck148055,2683,2444,3065,3295,230
Truck148228,2444,1339,3120,3295,175
Truck148409,2224,2942,3175,3295,120
Truck148490,2684,2942,3200,3295,95
Truck148524,2777,2942,3210,3295,85
Truck147977,2224,2776,3040,3296,256
Truck148195,2443,2444,3110,3296,186
Truck148231,2683,2684,3120,3296,176
Truck148365,2942,2776,3160,3296,136
Truck146945,1338,2443,2720,3298,578
Truck148021,2566,0,3055,3298,243
Truck148227,2443,3119,3120,3298,178
Truck148327,2683,2225,3150,3298,148
Truck147656,1339,2224,2940,3299,359
Truck148466,2225,2443,3195,3299,104
Truck148615,2683,1339,3240,3299,59
Truck148540,2777,2942,3215,3300,85
Truck148068,2444,2683,3070,3301,231
Truck148212,2444,2443,3115,3301,186
Truck148357,2566,2225,3160,3301,141
Truck148555,2776,2443,3220,3301,81
Truck148069,2566,1339,3070,3302,232
Truck148387,2443,2942,3170,3302,132
Truck148718,2943,2942,3270,3303,33
Truck147577,2224,2683,2915,3304,389
Truck148467,2443,2567,3195,3304,109
Truck148482,2225,2443,3200,3304,104
Truck147959,2683,2942,3035,3305,270
Truck148056,1339,2942,3065,3305,240
Truck148383,3119,2684,3165,3305,140
Truck148445,2942,2224,3185,3305,120
Truck148556,2777,2942,3220,3305,85
Truck147887,3119,0,3010,3306,296
Truck148011,2776,2224,3050,3306,256
Truck148019,2443,2224,3055,3306,251
Truck148362,2684,1339,3160,3306,146
Truck148571,2776,2443,3225,3306,81
Truck148266,2684,2683,3130,3307,177
Truck146977,1338,2443,2730,3308,578
Truck148139,2776,2683,3090,3308,218
Truck148271,3119,2443,3130,3308,178
Truck148734,2943,2942,3275,3308,33
Truck147591,2683,2224,2920,3309,389
Truck147688,1339,2224,2950,3309,359
Truck148154,2684,2224,3095,3309,214
Truck148235,2776,2567,3120,3309,189
Truck148601,2224,3119,3235,3309,74
Truck147839,3119,2683,2995,3310,315
Truck148399,3119,2684,3170,3310,140
Truck148572,2777,2942,3225,3310,85
Truck147686,2567,2224,2950,3311,361
Truck147903,3119,0,3015,3311,296
Truck147935,3119,2567,3025,3311,286
Truck148025,2224,2776,3055,3311,256
Truck148244,2444,2443,3125,3311,186
Truck148413,2942,2776,3175,3311,136
Truck148701,2942,3119,3265,3311,46
Truck146993,1338,0,2735,3312,577
Truck148419,2443,2942,3180,3312,132
Truck146995,2443,1338,2735,3313,578
Truck147705,2224,1339,2955,3313,358
Truck148151,2683,2776,3095,3313,218
Truck148750,2943,2942,3280,3313,33
Truck148730,2684,2443,3275,3314,39
Truck148061,2942,0,3065,3315,250
Truck148093,2942,2567,3075,3315,240
Truck148588,2777,2942,3230,3315,85
Truck148260,2444,2443,3130,3316,186
Truck148402,2225,2566,3175,3316,141
Truck148624,0,2683,3245,3316,71
Truck147904,0,3119,3020,3317,297
Truck148086,2567,2942,3075,3317,242
Truck147009,1338,2443,2740,3318,578
Truck148185,2224,2684,3105,3318,213
Truck148391,2683,2225,3170,3318,148
Truck148423,2683,2443,3180,3318,138
Truck148739,2443,2684,3280,3318,38
Truck148766,2943,2942,3285,3318,33
Truck148085,2566,2443,3075,3319,244
Truck148312,1339,2444,3145,3319,174
Truck148530,2225,2443,3215,3319,104
Truck148493,2942,2224,3200,3320,120
Truck148604,2777,2942,3235,3320,85
Truck147346,2225,1338,2845,3321,476
Truck147967,3119,2567,3035,3321,286
Truck148064,0,2942,3070,3321,251
Truck148073,2224,2443,3070,3321,251
Truck148276,2444,2443,3135,3321,186
Truck148443,2776,2942,3185,3321,136
Truck148854,2567,1339,3315,3321,6
Truck148451,2443,2942,3190,3322,132
Truck148584,1339,2225,3230,3322,92
Truck148654,2943,3119,3250,3322,72
Truck147025,1338,2443,2745,3323,578
Truck148439,2683,2443,3185,3323,138
Truck148782,2943,2942,3290,3323,33
Truck147078,2567,1338,2760,3324,564
Truck148101,2566,2443,3080,3324,244
Truck148283,2776,2567,3135,3324,189
Truck148546,2225,2443,3220,3324,104
Truck148716,2777,2943,3270,3324,54
Truck147983,3119,1339,3040,3325,285
Truck148620,2777,2942,3240,3325,85
Truck148292,2444,2443,3140,3326,186
Truck148434,2225,2566,3185,3326,141
Truck148635,2776,2443,3245,3326,81
Truck148477,2942,2443,3195,3327,132
Truck147041,1338,2443,2750,3328,578
Truck148692,2444,2566,3265,3328,63
Truck148798,2943,2942,3295,3328,33
Truck148112,0,2566,3085,3329,244
Truck148117,2566,2443,3085,3329,244
Truck148511,3119,2777,3205,3329,124
Truck148562,2225,2443,3225,3329,104
Truck148614,2567,2225,3240,3329,89
Truck148665,2224,3119,3255,3329,74
Truck148712,1339,2683,3270,3329,59
Truck148732,2777,2943,3275,3329,54
Truck148294,2567,2776,3140,3330,190
Truck147089,1338,1339,2765,3331,566
Truck147999,3119,2567,3045,3331,286
Truck148096,0,2942,3080,3331,251
Truck148304,0,2444,3145,3331,186
Truck148308,2444,2443,3145,3331,186
Truck148709,2566,2444,3270,3332,62
Truck148864,0,1339,3320,3332,12
Truck148872,1339,0,3320,3332,12
Truck147057,1338,2443,2755,3333,578
Truck147105,1338,2567,2770,3333,563
Truck147991,2683,2566,3045,3333,288
Truck148787,2443,2684,3295,3333,38
Truck148814,2943,2942,3300,3333,33
Truck148133,2566,2443,3090,3334,244
Truck148360,1339,2444,3160,3334,174
Truck148904,1339,2567,3330,3334,4
Truck148183,2683,2444,3105,3335,230
Truck148652,2777,2942,3250,3335,85
Truck148320,0,2444,3150,3336,186
Truck148324,2444,2443,3150,3336,186
Truck148491,2776,2942,3200,3336,136
Truck148781,2942,3119,3290,3336,46
Truck148783,3119,2942,3290,3336,46
Truck148902,2567,1339,3330,3336,6
Truck147968,0,3119,3040,3337,297
Truck148702,2943,3119,3265,3337,72
Truck147073,1338,2443,2760,3338,578
Truck148005,2566,2683,3050,3338,288
Truck148830,2943,2942,3305,3338,33
Truck148149,2566,2443,3095,3339,244
Truck148331,2776,2567,3150,3339,189
Truck148579,2443,2567,3230,3339,109
Truck148594,2225,2443,3235,3339,104
Truck148077,2942,2683,3070,3340,270
Truck148553,2224,2942,3220,3340,120
Truck148668,2777,2942,3255,3340,85
Truck148131,2443,2224,3090,3341,251
Truck148137,2224,2443,3090,3341,251
Truck148340,2444,0,3155,3341,186
Truck148525,2942,2443,3210,3342,132
Truck148471,2683,2225,3195,3343,148
Truck148611,2443,2225,3240,3343,103
Truck148740,2444,2566,3280,3343,63
Truck148846,2943,2942,3310,3343,33
Truck148165,2566,2443,3100,3344,244
Truck148315,2776,0,3145,3344,199
Truck148610,2225,2443,3240,3344,104
Truck148826,2684,2443,3305,3344,39
Truck148189,2942,2567,3105,3345,240
Truck148573,2942,2224,3225,3345,120
Truck148650,2684,2942,3250,3345,95
Truck148684,2777,2942,3260,3345,85
Truck148727,2683,0,3275,3345,70
Truck148355,2443,2444,3160,3346,186
Truck148356,2444,2443,3160,3346,186
Truck147144,1339,1338,2780,3347,567
Truck148658,2225,1339,3255,3347,92
Truck148229,2566,2567,3120,3348,228
Truck148515,2443,2683,3210,3348,138
Truck148862,2943,2942,3315,3348,33
Truck147505,1338,2566,2895,3349,454
Truck148181,2566,2443,3105,3349,244
Truck148626,2225,2443,3245,3349,104
Truck148729,2224,3119,3275,3349,74
Truck148842,2684,2443,3310,3349,39
Truck148200,1339,2942,3110,3350,240
Truck148700,2777,2942,3265,3350,85
Truck148169,2224,2443,3100,3351,251
Truck148372,2444,2443,3165,3351,186
Truck148715,2776,2443,3270,3351,81
Truck148016,0,3119,3055,3352,297
Truck148198,2567,2942,3110,3352,242
Truck148232,1339,2566,3120,3352,232
Truck148547,2443,2942,3220,3352,132
Truck148773,2566,2444,3290,3352,62
Truck148928,0,1339,3340,3352,12
Truck146983,2683,1338,2730,3353,623
Truck147121,1338,2443,2775,3353,578
Truck148415,3119,2443,3175,3353,178
Truck148498,2225,2683,3205,3353,148
Truck148878,2943,2942,3320,3353,33
Truck148197,2566,2443,3110,3354,244
Truck148642,2225,2443,3250,3354,104
Truck148384,0,2444,3170,3356,186
Truck148388,2444,0,3170,3356,186
Truck148522,2684,1339,3210,3356,146
Truck148845,2942,3119,3310,3356,46
Truck148847,3119,2942,3310,3356,46
Truck148790,2567,2683,3295,3357,62
Truck146999,2683,1338,2735,3358,623
Truck147137,1338,2443,2780,3358,578
Truck148295,2683,2776,3140,3358,218
Truck148894,2943,2942,3325,3358,33
Truck147190,2567,1338,2795,3359,564
Truck148395,2776,2567,3170,3359,189
Truck148808,1339,2683,3300,3359,59
Truck147808,0,2224,2990,3360,370
Truck148263,2683,2444,3130,3360,230
Truck148698,2684,2942,3265,3360,95
Truck148192,0,2942,3110,3361,251
Truck148404,2444,2443,3175,3361,186
Truck148442,2684,2683,3185,3362,177
Truck148454,2567,2444,3190,3362,172
Truck147153,1338,2443,2785,3363,578
Truck148538,2684,2567,3215,3363,148
Truck148910,2943,2942,3330,3363,33
Truck148379,2776,0,3165,3364,199
Truck148674,2225,2443,3260,3364,104
Truck148777,2224,3119,3290,3364,74
Truck148714,2684,2942,3270,3365,95
Truck148748,2777,2942,3280,3365,85
Truck148079,3119,0,3070,3366,296
Truck148217,2224,2443,3115,3366,251
Truck148468,2444,2567,3195,3366,171
Truck148587,2776,2942,3230,3366,136
Truck148799,3119,2943,3295,3366,71
Truck148960,0,2567,3350,3366,16
Truck148246,2567,2942,3125,3367,242
Truck148605,2942,2443,3235,3367,132
Truck147169,1338,2443,2790,3368,578
Truck147849,2224,0,3000,3369,369
Truck148245,2566,2443,3125,3369,244
Truck148346,2684,2224,3155,3369,214
Truck148690,2225,2443,3265,3369,104
Truck148890,2684,2776,3325,3369,44
Truck148906,2684,2443,3330,3369,39
Truck148173,2942,2683,3100,3370,270
Truck148636,2777,3119,3245,3370,125
Truck148653,2942,2224,3250,3370,120
Truck148764,2777,2942,3285,3370,85
Truck148807,2683,0,3300,3370,70
Truck148436,2444,0,3185,3371,186
Truck148570,2684,1339,3225,3371,146
Truck148578,2225,2566,3230,3371,141
Truck148603,2776,2942,3235,3371,136
Truck148815,3119,2943,3300,3371,71
Truck148262,2567,2942,3130,3372,242
Truck148479,3119,2443,3195,3373,178
Truck148942,2943,2942,3340,3373,33
Truck148256,0,2566,3130,3374,244
Truck148261,2566,2443,3130,3374,244
Truck148706,2225,2443,3270,3374,104
Truck148758,2567,2225,3285,3374,89
Truck148780,2777,2942,3290,3375,85
Truck148249,2224,2443,3125,3376,251
Truck148452,2444,2443,3190,3376,186
Truck148487,2683,2684,3200,3376,176
Truck148586,2684,1339,3230,3376,146
Truck148134,2567,3119,3090,3377,287
Truck148760,1339,2225,3285,3377,92
Truck148135,2683,2566,3090,3378,288
Truck148456,1339,2776,3190,3378,188
Truck148483,2443,3119,3200,3378,178
Truck148495,3119,2443,3200,3378,178
Truck148582,2567,2684,3230,3378,148
Truck148583,2683,2225,3230,3378,148
Truck148958,2943,2942,3345,3378,33
Truck148301,2942,1339,3140,3379,239
Truck148459,2776,2567,3190,3379,189
Truck148722,2225,2443,3275,3379,104
Truck148765,2942,2684,3285,3379,94
Truck148938,2684,2443,3340,3379,39
Truck148159,3119,2567,3095,3381,286
Truck149014,2567,0,3365,3381,16
Truck149046,2567,1339,3375,3381,6
Truck147217,1338,2443,2805,3383,578
Truck148738,2225,0,3280,3383,103
Truck148974,2943,2942,3350,3383,33
Truck147621,2566,1338,2930,3384,454
Truck148293,2566,2443,3140,3384,244
Truck148317,2942,1339,3145,3384,239
Truck148168,1339,3119,3100,3385,285
Truck148215,2683,2942,3115,3385,270
Truck148778,2684,2942,3290,3385,95
Truck148812,2777,2942,3300,3385,85
Truck148887,2683,2567,3325,3385,60
Truck148267,2776,2224,3130,3386,256
Truck148484,2444,2443,3200,3386,186
Truck147233,1338,2443,2810,3388,578
Truck148744,1339,2443,3280,3388,108
Truck148990,2943,2942,3355,3388,33
Truck147847,2683,2224,3000,3389,389
Truck148754,2225,2443,3285,3389,104
Truck148924,2777,2943,3335,3389,54
Truck147569,1338,2225,2915,3390,475
Truck148328,1339,2942,3150,3390,240
Truck148359,2683,2444,3160,3390,230
Truck148532,2444,1339,3215,3390,175
Truck148828,2777,2942,3305,3390,85
Truck148829,2942,2777,3305,3390,85
Truck148645,2566,2225,3250,3391,141
Truck149064,1339,0,3380,3392,12
Truck147248,0,1338,2815,3393,578
Truck147251,2443,1338,2815,3393,578
Truck148373,2566,2567,3165,3393,228
Truck148531,2443,3119,3215,3393,178
Truck149006,2943,2942,3360,3393,33
Truck148325,2566,2443,3150,3394,244
Truck148719,3119,2777,3270,3394,124
Truck148770,2225,2443,3290,3394,104
Truck148344,1339,2942,3155,3395,240
Truck148844,2777,2942,3310,3395,85
Truck148512,0,2444,3210,3396,186
Truck148516,2444,2443,3210,3396,186
Truck148564,2444,2567,3225,3396,171
Truck148851,2443,2776,3315,3396,81
Truck148859,2776,2443,3315,3396,81
Truck148895,3119,2943,3325,3396,71
Truck147304,1339,1338,2830,3397,567
Truck148376,1339,2566,3165,3397,232
Truck148539,2776,3119,3215,3397,182
Truck148543,3119,2776,3215,3397,182
Truck147265,1338,2443,2820,3398,578
Truck147313,1338,2567,2835,3398,563
Truck148427,2776,2683,3180,3398,218
Truck148834,2225,2567,3310,3398,88
Truck149022,2943,2942,3365,3398,33
Truck147945,2224,0,3030,3399,369
Truck148341,2566,2443,3155,3399,244
Truck148786,2225,2443,3295,3399,104
Truck148852,2444,2225,3315,3399,84
Truck148889,2224,3119,3325,3399,74
Truck148749,2942,2224,3280,3400,120
Truck148699,2776,2942,3265,3401,136
Truck148875,2776,2443,3320,3401,81
Truck149078,2567,0,3385,3401,16
Truck147281,1338,0,2825,3402,577
Truck148214,2567,3119,3115,3402,287
Truck148634,2684,0,3245,3402,157
Truck148707,2443,2942,3270,3402,132
Truck148536,1339,2776,3215,3403,188
Truck148563,2443,3119,3225,3403,178
Truck148802,2225,0,3300,3403,103
Truck147895,2683,2224,3015,3404,389
Truck148406,2567,2566,3175,3404,229
Truck148972,2777,2943,3350,3404,54
Truck148407,2683,2444,3175,3405,230
Truck148876,2777,2942,3320,3405,85
Truck147990,2567,2224,3045,3406,361
Truck148239,3119,2567,3120,3406,286
Truck148345,2224,2443,3155,3406,251
Truck148548,2444,2443,3220,3406,186
Truck148230,2567,3119,3120,3407,287
Truck148723,2443,2942,3275,3407,132
Truck148733,2942,2443,3275,3407,132
Truck148850,2225,1339,3315,3407,92
Truck148926,2943,3119,3335,3407,72
Truck148949,2566,2444,3345,3407,62
Truck147297,1338,2443,2830,3408,578
Truck149054,2943,2942,3375,3408,33
Truck147697,1338,2566,2955,3409,454
Truck148818,2225,2443,3305,3409,104
Truck148892,2777,2942,3325,3410,85
Truck148347,2776,2224,3155,3411,256
Truck148361,2224,2443,3160,3411,251
Truck148591,3119,2776,3230,3412,182
Truck148602,2684,2683,3235,3412,177
Truck148819,2443,1339,3305,3413,108
Truck148882,2225,2567,3325,3413,88
Truck149070,2943,2942,3380,3413,33
Truck148389,2566,2443,3170,3414,244
Truck148937,2224,3119,3340,3414,74
Truck148822,2567,2443,3305,3415,110
Truck148908,2777,2942,3330,3415,85
Truck148022,2567,2224,3055,3416,361
Truck148377,2224,2443,3165,3416,251
Truck148580,2444,2443,3230,3416,186
Truck148747,2776,2942,3280,3416,136
Truck149037,2942,3119,3370,3416,46
Truck148607,3119,2776,3235,3417,182
Truck148755,2443,2942,3285,3417,132
Truck147185,1338,2683,2795,3418,623
Truck147329,1338,2443,2840,3418,578
Truck148405,2566,0,3175,3418,243
Truck149086,2943,2942,3385,3418,33
Truck147943,2683,2224,3030,3419,389
Truck148009,2224,0,3050,3419,369
Truck148632,1339,2444,3245,3419,174
Truck148835,2443,2567,3310,3419,109
Truck148953,2224,3119,3345,3419,74
Truck148287,3119,1339,3135,3420,285
Truck148397,2942,0,3170,3420,250
Truck148424,1339,2942,3180,3420,240
Truck148544,0,2776,3220,3420,200
Truck148796,2777,3119,3295,3420,125
Truck148939,2776,2443,3340,3421,81
Truck148623,3119,2776,3240,3422,182
Truck147201,1338,2683,2800,3423,623
Truck148866,2225,0,3320,3423,103
Truck147961,2224,2683,3035,3424,389
Truck148421,2566,2443,3180,3424,244
Truck149192,1339,2567,3420,3424,4
Truck148303,3119,1339,3140,3425,285
Truck148343,2683,2942,3155,3425,270
Truck148940,2777,2942,3340,3425,85
Truck147682,2225,1338,2950,3426,476
Truck148400,0,2942,3175,3426,251
Truck148746,2684,1339,3280,3426,146
Truck148757,2566,2225,3285,3426,141
Truck148779,2776,2942,3290,3426,136
Truck148955,2776,2443,3345,3426,81
Truck148472,1339,2566,3195,3427,232
Truck148797,2942,2443,3295,3427,132
Truck148437,2566,0,3185,3428,243
Truck148619,2776,1339,3240,3428,188
Truck148704,0,2684,3270,3428,158
Truck149118,2943,2942,3395,3428,33
Truck148041,2224,0,3060,3429,369
Truck148985,2224,3119,3355,3429,74
Truck149031,2683,1339,3370,3429,59
Truck148956,2777,2942,3345,3430,85
Truck148627,2443,2444,3245,3431,186
Truck148628,2444,2443,3245,3431,186
Truck148663,2683,2684,3255,3431,176
Truck149007,3119,2943,3360,3431,71
Truck147953,1338,2444,3035,3432,397
Truck148666,2684,2683,3255,3432,177
Truck148803,2443,2942,3300,3432,132
Truck149030,2567,2683,3370,3432,62
Truck147377,1338,2443,2855,3433,578
Truck148659,2443,3119,3255,3433,178
Truck148671,3119,2443,3255,3433,178
Truck148720,0,2684,3275,3433,158
Truck148762,2684,2567,3285,3433,148
Truck148899,2443,2225,3330,3433,103
Truck149028,2444,2566,3370,3433,63
Truck149134,2943,2942,3400,3433,33
Truck148453,2566,2443,3190,3434,244
Truck148898,2225,2443,3330,3434,104
Truck149098,2684,2776,3390,3434,44
Truck148335,3119,1339,3150,3435,285
Truck148630,2567,2776,3245,3435,190
Truck148886,2567,2443,3325,3435,110
Truck148435,2443,2224,3185,3436,251
Truck148500,2444,2683,3205,3436,231
Truck148644,2444,2443,3250,3436,186
Truck148694,2567,2444,3265,3437,172
Truck147393,1338,2443,2860,3438,578
Truck148687,3119,2443,3260,3438,178
Truck148978,2225,2444,3355,3438,83
Truck149044,2444,2566,3375,3438,63
Truck149150,2943,2942,3405,3438,33
Truck147446,2567,1338,2875,3439,564
Truck148651,2776,2567,3250,3439,189
Truck148914,2225,2443,3335,3439,104
Truck149063,2683,1339,3380,3439,59
Truck149130,2684,2443,3400,3439,39
Truck148105,2224,2567,3080,3440,360
Truck148860,2777,3119,3315,3440,125
Truck148988,2777,2942,3355,3440,85
Truck147441,1338,1339,2875,3441,566
Truck148660,2444,2443,3255,3441,186
Truck148827,2776,2942,3305,3441,136
Truck148517,2566,1339,3210,3442,232
Truck149038,2943,3119,3370,3442,72
Truck149224,1339,0,3430,3442,12
Truck147408,0,1338,2865,3443,578
Truck147409,1338,2443,2865,3443,578
Truck148794,2684,2567,3295,3443,148
Truck148823,2683,2443,3305,3443,138
Truck148915,2443,1339,3335,3443,108
Truck149166,2943,2942,3410,3443,33
Truck148120,1339,2224,3085,3444,359
Truck149146,2684,2443,3405,3444,39
Truck149256,1339,2567,3440,3444,4
Truck148504,1339,2942,3205,3445,240
Truck149004,2777,2942,3360,3445,85
Truck149047,2683,0,3375,3445,70
Truck149102,2943,2777,3390,3445,55
Truck147457,1338,1339,2880,3446,566
Truck148118,2567,2224,3085,3446,361
Truck148676,2444,2443,3260,3446,186
Truck149019,2776,2443,3365,3446,81
Truck148502,2567,2942,3205,3447,242
Truck149077,2566,2444,3385,3447,62
Truck147425,1338,2443,2870,3448,578
Truck148947,2443,2225,3345,3448,103
Truck148994,2225,2567,3360,3448,88
Truck149182,2943,2942,3415,3448,33
Truck148501,2566,2443,3205,3449,244
Truck148946,2225,2443,3345,3449,104
Truck149049,2224,3119,3375,3449,74
Truck149116,2777,2943,3395,3449,54
Truck149162,2684,2443,3410,3449,39
Truck149272,1339,2567,3445,3449,4
Truck148520,1339,2942,3210,3450,240
Truck148724,2444,1339,3275,3450,175
Truck148896,0,2443,3330,3450,120
Truck148909,2942,2224,3330,3450,120
Truck149020,2777,2942,3365,3450,85
Truck147473,1338,1339,2885,3451,566
Truck148691,2443,2444,3265,3451,186
Truck148518,2567,2942,3210,3452,242
Truck148877,2942,2443,3320,3452,132
Truck149094,2567,2683,3390,3452,62
Truck148375,2683,2566,3165,3453,288
Truck148617,2224,2684,3240,3453,213
Truck148735,3119,2443,3275,3453,178
Truck149198,2943,2942,3420,3453,33
Truck148618,2684,2224,3240,3454,214
Truck148667,2776,0,3255,3454,199
Truck149065,2224,3119,3380,3454,74
Truck149111,2683,1339,3395,3454,59
Truck148912,0,2443,3335,3455,120
Truck149036,2777,2942,3370,3455,85
Truck148367,3119,0,3160,3456,296
Truck148505,2224,2443,3205,3456,251
Truck148708,2444,0,3270,3456,186
Truck149167,3119,2942,3410,3456,46
Truck149248,0,2567,3440,3456,16
Truck148534,2567,2942,3215,3457,242
Truck148731,2776,3119,3275,3457,182
Truck148883,2443,2942,3325,3457,132
Truck148893,2942,2443,3325,3457,132
Truck148533,2566,0,3215,3458,243
Truck148751,3119,2443,3280,3458,178
Truck148839,2683,2225,3310,3458,148
Truck149214,2943,2942,3425,3458,33
Truck148683,2776,0,3260,3459,199
Truck149304,1339,2567,3455,3459,4
Truck148557,2942,2567,3220,3460,240
Truck148756,2444,1339,3285,3460,175
Truck149052,2777,2942,3375,3460,85
Truck148891,2776,2942,3325,3461,136
Truck149125,2566,2444,3400,3462,62
Truck148767,3119,2443,3285,3463,178
Truck148858,2684,2567,3315,3463,148
Truck149230,2943,2942,3430,3463,33
Truck148776,1339,2444,3290,3464,174
Truck148979,2443,2567,3355,3464,109
Truck149210,2684,2443,3425,3464,39
Truck148144,0,2224,3095,3465,370
Truck148568,1339,2942,3225,3465,240
Truck149068,2777,2942,3380,3465,85
Truck148431,3119,2567,3180,3466,286
Truck148521,2224,2776,3210,3466,256
Truck148736,0,2444,3280,3466,186
Truck148907,2776,2942,3330,3466,136
Truck149083,2776,2443,3385,3466,81
Truck147489,1338,2443,2890,3468,578
Truck148832,0,2684,3310,3468,158
Truck149246,2943,2942,3435,3468,33
Truck148565,2566,2443,3225,3469,244
Truck148963,2443,0,3350,3469,119
Truck149010,2225,2443,3365,3469,104
Truck149159,2683,1339,3410,3469,59
Truck149226,2684,2443,3430,3469,39
Truck148160,0,2224,3100,3470,370
Truck148351,3119,2683,3155,3470,315
Truck148440,1339,3119,3185,3470,285
Truck149050,2684,2942,3375,3470,95
Truck149084,2777,2942,3385,3470,85
Truck148447,3119,2567,3185,3471,286
Truck148612,2444,2683,3240,3471,231
Truck148791,2683,2684,3295,3471,176
Truck149213,2942,3119,3425,3471,46
Truck148081,1338,2444,3075,3472,397
Truck148438,2567,3119,3185,3472,287
Truck148806,2567,2444,3300,3472,172
Truck147361,1338,2683,2850,3473,623
Truck147553,1338,2567,2910,3473,563
Truck149262,2943,2942,3440,3473,33
Truck148216,1339,2224,3115,3474,359
Truck148576,0,2566,3230,3474,244
Truck148581,2566,2443,3230,3474,244
Truck148682,2684,2224,3260,3474,214
Truck148975,3119,2777,3350,3474,124
Truck149026,2225,2443,3370,3474,104
Truck149242,2684,2443,3435,3474,39
Truck148176,0,2224,3105,3475,370
Truck149100,2777,2942,3390,3475,85
Truck148569,2224,2443,3225,3476,251
Truck148772,2444,2443,3290,3476,186
Truck148922,2684,3119,3335,3476,141
Truck147560,1339,1338,2910,3477,567
Truck148598,2567,2942,3235,3477,242
Truck148629,2566,1339,3245,3477,232
Truck148810,2684,2683,3300,3477,177
Truck147521,1338,2443,2900,3478,578
Truck148935,2683,2443,3340,3478,138
Truck149106,2225,2444,3395,3478,83
Truck149278,2943,2942,3445,3478,33
Truck147574,2567,1338,2915,3479,564
Truck148597,2566,2443,3235,3479,244
Truck148824,1339,2444,3305,3479,174
Truck149145,2224,3119,3405,3479,74
Truck149258,2684,2443,3440,3479,39
Truck148774,2567,2776,3290,3480,190
Truck149082,2684,2942,3385,3480,95
Truck148585,2224,2443,3230,3481,251
Truck148788,2444,0,3295,3481,186
Truck148920,1339,2684,3335,3481,146
Truck148973,2942,2443,3350,3482,132
Truck147536,0,1338,2905,3483,578
Truck147537,1338,2443,2905,3483,578
Truck148792,1339,2776,3295,3483,188
Truck148918,2567,2684,3335,3483,148
Truck148919,2683,2225,3335,3483,148
Truck149122,2225,2444,3400,3483,83
Truck147941,2566,1338,3030,3484,454
Truck148153,2224,2683,3095,3484,389
Truck148613,2566,2443,3240,3484,244
Truck148763,2776,0,3285,3484,199
Truck149058,2225,2443,3380,3484,104
Truck148535,2683,2942,3215,3485,270
Truck148959,3119,2684,3345,3485,140
Truck149132,2777,2942,3400,3485,85
Truck148592,0,2942,3235,3486,251
Truck148800,0,2444,3300,3486,186
Truck148804,2444,0,3300,3486,186
Truck147592,1339,1338,2920,3487,567
Truck148486,2567,3119,3200,3487,287
Truck148831,3119,2776,3305,3487,182
Truck148930,2225,2683,3340,3488,148
Truck149310,2943,2942,3455,3488,33
Truck148678,2567,2566,3260,3489,229
Truck148811,2776,2567,3300,3489,189
Truck149074,2225,2443,3385,3489,104
Truck149126,2567,2225,3400,3489,89
Truck149177,2224,3119,3415,3489,74
Truck149290,2684,2443,3450,3489,39
Truck149114,2684,2942,3395,3490,95
Truck149148,2777,2942,3405,3490,85
Truck148820,2444,2443,3305,3491,186
Truck149155,2443,2776,3410,3491,81
Truck149398,2567,1339,3485,3491,6
Truck148646,2567,2942,3250,3492,242
Truck148995,2443,2942,3360,3492,132
Truck149005,2942,2443,3360,3492,132
Truck149128,1339,2225,3400,3492,92
Truck149325,2942,2943,3460,3492,32
Truck148745,2224,2684,3280,3493,213
Truck148983,2683,2443,3355,3493,138
Truck149075,2443,1339,3385,3493,108
Truck149291,2776,2684,3450,3493,43
Truck149299,2443,2684,3455,3493,38
Truck149326,2943,2942,3460,3493,33
Truck148795,2776,0,3295,3494,199
Truck149039,3119,2777,3370,3494,124
Truck149090,2225,2443,3390,3494,104
Truck149260,2777,2943,3440,3494,54
Truck148527,3119,1339,3210,3495,285
Truck148637,2942,0,3245,3495,250
Truck149164,2777,2942,3410,3495,85
Truck148633,2224,2443,3245,3496,251
Truck148836,2444,2443,3310,3496,186
Truck148871,2683,2684,3320,3496,176
Truck148874,2684,2683,3320,3497,177
Truck148879,3119,2443,3320,3498,178
Truck148962,2225,2683,3350,3498,148
Truck148970,2684,2567,3350,3498,148
Truck149342,2943,2942,3465,3498,33
Truck148265,2224,0,3130,3499,369
Truck148843,2776,2567,3310,3499,189
Truck147921,1338,2225,3025,3500,475
Truck148680,1339,2942,3260,3500,240
Truck149180,2777,2942,3415,3500,85
Truck148640,0,2942,3250,3501,251
Truck148643,2443,2224,3250,3501,251
Truck148649,2224,2443,3250,3501,251
Truck148986,2684,1339,3355,3501,146
Truck149195,2776,2443,3420,3501,81
Truck147601,1338,0,2925,3502,577
Truck148496,0,3119,3205,3502,297
Truck148677,2566,0,3260,3503,243
Truck149011,2443,2683,3365,3503,138
Truck149358,2943,2942,3470,3503,33
Truck148675,2443,2566,3260,3504,244
Truck148599,2683,2942,3235,3505,270
Truck149023,3119,2684,3365,3505,140
Truck149239,2683,0,3435,3505,70
Truck148656,0,2942,3255,3506,251
Truck148867,2443,2444,3320,3506,186
Truck148868,2444,2443,3320,3506,186
Truck148916,2444,2567,3335,3506,171
Truck149000,1339,2684,3360,3506,146
Truck149211,2776,2443,3425,3506,81
Truck149043,2443,2942,3375,3507,132
Truck149053,2942,2443,3375,3507,132
Truck149424,0,1339,3495,3507,12
Truck147617,1338,2443,2930,3508,578
Truck148549,2566,2683,3220,3508,288
Truck148551,2683,2566,3220,3508,288
Truck148911,3119,2443,3330,3508,178
Truck149374,2943,2942,3475,3508,33
Truck148693,2566,2443,3265,3509,244
Truck149123,2443,2567,3400,3509,109
Truck149241,2224,3119,3435,3509,74
Truck148575,3119,1339,3225,3510,285
Truck149212,2777,2942,3425,3510,85
Truck147954,2225,1338,3035,3511,476
Truck148681,2224,2443,3260,3511,251
Truck149051,2776,2942,3375,3511,136
Truck149069,2942,2443,3380,3512,132
Truck149286,2567,2683,3450,3512,62
Truck147633,1338,2443,2935,3513,578
Truck149018,2684,2567,3365,3513,148
Truck149390,2943,2942,3480,3513,33
Truck149263,3119,2224,3440,3514,74
Truck149303,2683,1339,3455,3514,59
Truck149370,2684,2443,3475,3514,39
Truck147969,1338,2225,3040,3515,475
Truck148631,2683,2942,3245,3515,270
Truck149194,2684,2942,3420,3515,95
Truck149228,2777,2942,3430,3515,85
Truck148559,3119,0,3220,3516,296
Truck148697,2224,2443,3265,3516,251
Truck148900,2444,2443,3330,3516,186
Truck149034,2684,1339,3370,3516,146
Truck149067,2776,2942,3380,3516,136
Truck149002,2684,0,3360,3517,157
Truck149085,2942,2443,3385,3517,132
Truck147649,1338,2443,2940,3518,578
Truck148943,3119,2443,3340,3518,178
Truck149170,2225,0,3415,3518,103
Truck149406,2943,2942,3485,3518,33
Truck148725,2566,2443,3275,3519,244
Truck149273,2224,3119,3445,3519,74
Truck149386,2684,2443,3480,3519,39
Truck148647,2683,2942,3250,3520,270
Truck149071,3119,2684,3380,3520,140
Truck149244,2777,2942,3435,3520,85
Truck148358,2567,2224,3160,3521,361
Truck148713,2224,2443,3270,3521,251
Truck149259,2776,2443,3440,3521,81
Truck148742,2567,2942,3280,3522,242
Truck148954,2684,2683,3345,3522,177
Truck149091,2443,2942,3390,3522,132
Truck149218,2225,1339,3430,3522,92
Truck149294,2943,3119,3450,3522,72
Truck147665,1338,2443,2945,3523,578
Truck148923,2776,1339,3335,3523,188
Truck147718,2567,1338,2960,3524,564
Truck148279,2683,2224,3135,3524,389
Truck148741,2566,2443,3280,3524,244
Truck149186,2225,2443,3420,3524,104
Truck149238,2567,2225,3435,3524,89
Truck149336,1339,2683,3465,3524,59
Truck148519,2683,3119,3210,3525,315
Truck148669,2942,2683,3255,3525,270
Truck149136,0,2443,3405,3525,120
Truck149149,2942,2224,3405,3525,120
Truck148932,2444,2443,3340,3526,186
Truck149066,2684,1339,3380,3526,146
Truck149099,2776,2942,3390,3526,136
Truck149275,2776,2443,3445,3526,81
Truck149437,2942,2943,3495,3527,32
Truck147681,1338,2443,2950,3528,578
Truck148393,2224,1339,3170,3528,358
Truck148805,2566,2567,3300,3528,228
Truck149332,2444,2566,3465,3528,63
Truck149438,2943,2942,3495,3528,33
Truck149202,2225,2443,3425,3529,104
Truck149418,2684,2443,3490,3529,39
Truck148679,2683,2942,3260,3530,270
Truck149152,0,2443,3410,3530,120
Truck149276,2777,2942,3445,3530,85
Truck148639,3119,2567,3245,3531,286
Truck148948,2444,2443,3345,3531,186
Truck149107,2443,2683,3395,3533,138
Truck149454,2943,2942,3500,3533,33
Truck149284,2444,2225,3450,3534,84
Truck148033,1338,2225,3060,3535,475
Truck148655,3119,1339,3250,3535,285
Truck148695,2683,2942,3265,3535,270
Truck149181,2942,2224,3415,3535,120
Truck149292,2777,2942,3450,3535,85
Truck148761,2224,2443,3285,3536,251
Truck148821,2566,1339,3305,3537,232
Truck147713,1338,2443,2960,3538,578
Truck149056,0,2684,3380,3538,158
Truck149282,2225,2567,3450,3538,88
Truck149470,2943,2942,3505,3538,33
Truck148329,2224,2683,3150,3539,389
Truck148789,2566,2443,3295,3539,244
Truck148971,2776,2567,3350,3539,189
Truck149219,2443,2567,3430,3539,109
Truck149234,2225,2443,3435,3539,104
Truck149337,2224,3119,3465,3539,74
Truck149343,3119,2224,3465,3539,74
Truck149384,1339,2683,3480,3539,59
Truck149404,2777,2943,3485,3539,54
Truck148425,2224,2567,3180,3540,360
Truck148711,2683,2942,3270,3540,270
Truck148717,2942,2683,3270,3540,270
Truck149274,2684,2942,3445,3540,95
Truck149308,2777,2942,3455,3540,85
Truck148980,2444,2443,3355,3541,186
Truck149112,1339,2684,3395,3541,146
Truck148837,2566,1339,3310,3542,232
Truck148840,1339,2566,3310,3542,232
Truck149382,2567,2683,3480,3542,62
Truck147585,1338,2683,2920,3543,623
Truck147729,1338,2443,2965,3543,578
Truck148661,2566,2683,3255,3543,288
Truck148984,1339,2776,3355,3543,188
Truck148987,2776,1339,3355,3543,188
Truck149143,2683,2443,3405,3543,138
Truck149486,2943,2942,3510,3543,33
Truck149250,2225,2443,3440,3544,104
Truck149466,2684,2443,3505,3544,39
Truck149196,2777,3119,3420,3545,125
Truck149324,2777,2942,3460,3545,85
Truck148793,2224,2443,3295,3546,251
Truck148996,2444,2443,3360,3546,186
Truck149138,2225,2566,3405,3546,141
Truck149360,0,2683,3475,3546,71
Truck149171,2443,2942,3415,3547,132
Truck147745,1338,2443,2970,3548,578
Truck148903,2683,2776,3330,3548,218
Truck149502,2943,2942,3515,3548,33
Truck149266,2225,2443,3445,3549,104
Truck148743,2683,2942,3280,3550,270
Truck148813,2942,0,3300,3550,250
Truck149225,2224,2942,3430,3550,120
Truck149340,2777,2942,3465,3550,85
Truck149590,2567,1339,3545,3551,6
Truck147761,1338,0,2975,3552,577
Truck149320,1339,2225,3460,3552,92
Truck148473,2224,1339,3195,3553,358
Truck149104,0,2684,3395,3553,158
Truck149518,2943,2942,3520,3553,33
Truck148161,1338,2566,3100,3554,454
Truck148856,1339,2942,3315,3555,240
Truck148976,0,2776,3355,3555,200
Truck149356,2777,2942,3470,3555,85
Truck148825,2224,2443,3305,3556,251
Truck149027,2443,2444,3370,3556,186
Truck149160,1339,2684,3410,3556,146
Truck149371,2776,2443,3475,3556,81
Truck149485,2942,3119,3510,3556,46
Truck148885,2566,1339,3325,3557,232
Truck149533,2942,2943,3525,3557,32
Truck149032,1339,2776,3370,3558,188
Truck149283,2443,1339,3450,3558,108
Truck149534,2943,2942,3525,3558,33
Truck148853,2566,2443,3315,3559,244
Truck149003,2776,0,3360,3559,199
Truck149298,2225,2443,3455,3559,104
Truck148448,0,2224,3190,3560,370
Truck148489,2224,2567,3200,3560,360
Truck148775,2683,2942,3290,3560,270
Truck148114,2225,1338,3085,3561,476
Truck148703,3119,0,3265,3561,296
Truck148841,2224,2443,3310,3561,251
Truck149387,2776,2443,3480,3561,81
Truck148870,2567,2942,3320,3562,242
Truck149422,2943,3119,3490,3562,72
Truck147793,1338,2443,2985,3563,578
Truck148917,2566,2567,3335,3563,228
Truck149087,3119,2443,3385,3563,178
Truck149550,2943,2942,3530,3563,33
Truck148869,2566,2443,3320,3564,244
Truck149314,2225,2443,3460,3564,104
Truck149484,2777,2943,3510,3564,54
Truck148464,0,2224,3195,3565,370
Truck148861,2942,0,3315,3565,250
Truck149388,2777,2942,3480,3565,85
Truck148848,0,2942,3315,3566,251
Truck149517,2942,3119,3520,3566,46
Truck147809,1338,0,2990,3567,577
Truck149235,2443,2942,3435,3567,132
Truck149245,2942,2443,3435,3567,132
Truck149368,1339,2225,3475,3567,92
Truck149190,2567,2684,3420,3568,148
Truck149328,0,2225,3465,3568,103
Truck149566,2943,2942,3535,3568,33
Truck149330,2225,2443,3465,3569,104
Truck149396,2444,2225,3485,3569,84
Truck149479,2683,1339,3510,3569,59
Truck149076,2444,2443,3385,3571,186
Truck149243,2776,2942,3435,3571,136
Truck149419,2776,2443,3490,3571,81
Truck147825,1338,0,2995,3572,577
Truck149261,2942,2443,3440,3572,132
Truck147873,1338,2567,3010,3573,563
Truck149168,0,2684,3415,3573,158
Truck149582,2943,2942,3540,3573,33
Truck148441,2224,2683,3185,3574,389
Truck148901,2566,2443,3330,3574,244
Truck148950,2567,2566,3345,3574,229
Truck149346,2225,2443,3470,3574,104
Truck149420,2777,2942,3490,3575,85
Truck148873,2224,2776,3320,3576,256
Truck149092,2444,0,3390,3576,186
Truck147880,1339,1338,3010,3577,567
Truck149400,1339,2225,3485,3577,92
Truck149493,2566,2444,3515,3577,62
Truck149597,2942,2943,3545,3577,32
Truck147840,0,1338,3000,3578,578
Truck147841,1338,2443,3000,3578,578
Truck149096,1339,2776,3390,3578,188
Truck149255,2683,2443,3440,3578,138
Truck149598,2943,2942,3545,3578,33
Truck148455,2683,2224,3190,3579,389
Truck148457,2224,2683,3190,3579,389
Truck148552,1339,2224,3220,3579,359
Truck148966,2567,2566,3350,3579,229
Truck149428,2444,2225,3495,3579,84
Truck149465,2224,3119,3505,3579,74
Truck149436,2777,2942,3495,3580,85
Truck148178,2225,1338,3105,3581,476
Truck149108,2444,2443,3395,3581,186
Truck148433,1338,2444,3185,3582,397
Truck149131,2776,3119,3400,3582,182
Truck147719,2683,1338,2960,3583,623
Truck147857,1338,2443,3005,3583,578
Truck148981,2566,2567,3355,3583,228
Truck149015,2683,2776,3365,3583,218
Truck149115,2776,1339,3395,3583,188
Truck149614,2943,2942,3550,3583,33
Truck148931,2443,2566,3340,3584,244
Truck148933,2566,2443,3340,3584,244
Truck148957,2942,1339,3345,3584,239
Truck149378,2225,2443,3480,3584,104
Truck149594,2684,2443,3545,3584,39
Truck148855,2683,2942,3315,3585,270
Truck148952,1339,2942,3345,3585,240
Truck149072,0,2776,3385,3585,200
Truck149279,3119,2684,3445,3585,140
Truck149452,2777,2942,3500,3585,85
Truck148905,2224,2776,3330,3586,256
Truck149309,2942,2443,3455,3587,132
Truck149035,2776,2683,3370,3588,218
Truck149630,2943,2942,3555,3588,33
Truck148944,0,2566,3345,3589,244
Truck149176,1339,2444,3415,3589,174
Truck149379,2443,2567,3480,3589,109
Truck149564,2777,2943,3535,3589,54
Truck149344,0,2443,3470,3590,120
Truck149468,2777,2942,3505,3590,85
Truck149140,2444,2443,3405,3591,186
Truck149504,0,2683,3520,3591,71
Truck149718,2567,1339,3585,3591,6
Truck149178,2684,2683,3415,3592,177
Truck147751,2683,1338,2970,3593,623
Truck147889,1338,2443,3015,3593,578
Truck149147,2776,1339,3405,3593,188
Truck149646,2943,2942,3560,3593,33
Truck149395,2443,2567,3485,3594,109
Truck149410,2225,2443,3490,3594,104
Truck149453,2942,2684,3500,3594,94
Truck149626,2684,2443,3555,3594,39
Truck149373,2942,2224,3475,3595,120
Truck149156,2444,2443,3410,3596,186
Truck149204,2444,2567,3425,3596,171
Truck149535,3119,2943,3525,3596,71
Truck149696,0,2567,3580,3596,16
Truck148982,2567,2942,3355,3597,242
Truck149331,2443,2942,3465,3597,132
Truck149341,2942,2443,3465,3597,132
Truck149458,2225,1339,3505,3597,92
Truck147905,1338,2443,3020,3598,578
Truck149662,2943,2942,3565,3598,33
Truck149208,1339,2444,3425,3599,174
Truck149426,2225,2443,3495,3599,104
Truck148759,2683,3119,3285,3600,315
Truck149372,2777,3119,3475,3600,125
Truck149414,2567,2443,3490,3600,110
Truck149500,2777,2942,3515,3600,85
Truck149501,2942,2777,3515,3600,85
Truck148863,3119,2567,3315,3601,286
Truck148969,2224,2443,3350,3601,251
Truck149515,2776,2443,3520,3601,81
Truck149536,0,2683,3530,3601,71
Truck148998,2567,2942,3360,3602,242
Truck149347,2443,2942,3470,3602,132
Truck149357,2942,2443,3470,3602,132
Truck147777,1338,2683,2980,3603,623
Truck149203,2443,3119,3425,3603,178
Truck149264,0,2684,3445,3603,158
Truck149306,2684,2567,3455,3603,148
Truck149506,2225,2444,3520,3603,83
Truck149572,2444,2566,3540,3603,63
Truck149678,2943,2942,3570,3603,33
Truck148992,0,2566,3360,3604,244
Truck148997,2566,2443,3360,3604,244
Truck149442,2225,2443,3500,3604,104
Truck149658,2684,2443,3565,3604,39
Truck148925,2942,2683,3335,3605,270
Truck149016,1339,2942,3365,3605,240
Truck149516,2777,2942,3520,3605,85
Truck149188,2444,2443,3420,3606,186
Truck149322,2684,1339,3460,3606,146
Truck149567,3119,2943,3535,3606,71
Truck149215,3119,2776,3425,3607,182
Truck149363,2443,2942,3475,3607,132
Truck149693,2942,2943,3575,3607,32
Truck147937,1338,2443,3030,3608,578
Truck149459,2443,2225,3505,3608,103
Truck149667,2443,2684,3570,3608,38
Truck149694,2943,2942,3575,3608,33
Truck148648,1339,2224,3250,3609,359
Truck149008,0,2566,3365,3609,244
Truck149013,2566,2443,3365,3609,244
Truck149163,2776,0,3410,3609,199
Truck149561,2224,3119,3535,3609,74
Truck149674,2684,2443,3570,3609,39
Truck148941,2942,2683,3340,3610,270
Truck149417,2224,2942,3490,3610,120
Truck149498,2684,2942,3515,3610,95
Truck149532,2777,2942,3525,3610,85
Truck149001,2224,2443,3360,3611,251
Truck149060,2444,2683,3380,3611,231
Truck149200,0,2444,3425,3611,186
Truck149338,2684,1339,3465,3611,146
Truck149354,2684,3119,3470,3611,141
Truck149661,2942,3119,3565,3611,46
Truck149061,2566,1339,3380,3612,232
Truck149247,3119,2443,3435,3613,178
Truck149296,0,2684,3455,3613,158
Truck149464,1339,2443,3505,3613,108
Truck148567,2683,2224,3225,3614,389
Truck149029,2566,2443,3370,3614,244
Truck149423,3119,2777,3490,3614,124
Truck149526,2567,2225,3525,3614,89
Truck149624,1339,2683,3555,3614,59
Truck149690,2684,2443,3575,3614,39
Truck149048,1339,2942,3375,3615,240
Truck149462,2567,2443,3505,3615,110
Truck149514,2684,2942,3520,3615,95
Truck149548,2777,2942,3530,3615,85
Truck149017,2224,2443,3365,3616,251
Truck149389,2942,2776,3480,3616,136
Truck149351,2683,2225,3470,3618,148
Truck149554,2225,2444,3535,3618,83
Truck149726,2943,2942,3585,3618,33
Truck149045,2566,2443,3375,3619,244
Truck149490,2225,2443,3515,3619,104
Truck149542,2567,2225,3530,3619,89
Truck148305,1338,2225,3145,3620,475
Truck148306,2225,1338,3145,3621,476
Truck149024,0,2942,3370,3621,251
Truck149033,2224,2443,3370,3621,251
Truck149236,2444,2443,3435,3621,186
Truck149405,2942,2776,3485,3621,136
Truck149421,2942,2443,3490,3622,132
Truck149792,0,1339,3610,3622,12
Truck149267,2443,3119,3445,3623,178
Truck149362,2225,2683,3475,3623,148
Truck149636,2444,2566,3560,3623,63
Truck149742,2943,2942,3590,3623,33
Truck149288,1339,2444,3450,3624,174
Truck149549,2942,2684,3530,3624,94
Truck149609,2224,3119,3550,3624,74
Truck149656,1339,2683,3565,3624,59
Truck149722,2684,2443,3585,3624,39
Truck148989,2942,2683,3355,3625,270
Truck149080,1339,2942,3385,3625,240
Truck149580,2777,2942,3540,3625,85
Truck149252,2444,2443,3440,3626,186
Truck149595,2776,2443,3545,3626,81
Truck149302,2567,2444,3455,3627,172
Truck148001,1338,2443,3050,3628,578
Truck148049,1338,2567,3065,3628,563
Truck149411,2443,2683,3490,3628,138
Truck149101,2942,1339,3390,3629,239
Truck149227,2776,0,3430,3629,199
Truck149522,2225,2443,3525,3629,104
Truck149625,2224,3119,3555,3629,74
Truck149738,2684,2443,3590,3629,39
Truck148672,0,2224,3260,3630,370
Truck149562,2684,2942,3535,3630,95
Truck149596,2777,2942,3545,3630,85
Truck149059,2443,2224,3380,3631,251
Truck149124,2444,2683,3400,3631,231
Truck149402,2684,1339,3485,3631,146
Truck149846,2567,1339,3625,3631,6
Truck148017,1338,0,3055,3632,577
Truck148596,2444,1338,3235,3632,397
Truck149295,3119,2776,3450,3632,182
Truck149832,1339,0,3620,3632,12
Truck149179,2776,2683,3415,3633,218
Truck148728,1339,2224,3275,3634,359
Truck149093,2566,2443,3390,3634,244
Truck149538,2225,2443,3530,3634,104
Truck149754,2684,2443,3595,3634,39
Truck149021,2942,2683,3365,3635,270
Truck149578,2684,2942,3540,3635,95
Truck149613,2942,2777,3550,3635,85
Truck149451,2776,2942,3500,3636,136
Truck149469,2942,2443,3505,3637,132
Truck149789,2942,2943,3605,3637,32
Truck148035,2443,1338,3060,3638,578
Truck148965,2566,2683,3350,3638,288
Truck149544,1339,2443,3530,3638,108
Truck149602,2225,2567,3550,3638,88
Truck149790,2943,2942,3605,3638,33
Truck149109,2566,2443,3395,3639,244
Truck149507,2443,0,3520,3639,119
Truck149657,2224,3119,3565,3639,74
Truck149770,2684,2443,3600,3639,39
Truck149133,2942,2567,3400,3640,240
Truck149628,2777,2942,3555,3640,85
Truck149081,2224,2776,3385,3641,256
Truck149088,0,2942,3390,3641,251
Truck149445,2566,2225,3500,3641,141
Truck149467,2776,2942,3505,3641,136
Truck149759,3119,2942,3595,3641,46
Truck149475,2443,2942,3510,3642,132
Truck149856,0,1339,3630,3642,12
Truck149864,1339,0,3630,3642,12
Truck148048,0,1338,3065,3643,578
Truck149463,2683,2443,3505,3643,138
Truck149806,2943,2942,3610,3643,33
Truck148102,2567,1338,3080,3644,564
Truck149307,2776,2567,3455,3644,189
Truck149786,2684,2443,3605,3644,39
Truck149117,2942,0,3395,3645,250
Truck149348,2444,1339,3470,3645,175
Truck149471,3119,2684,3505,3645,140
Truck149644,2777,2942,3560,3645,85
Truck148097,1338,1339,3080,3646,566
Truck149113,2224,2443,3395,3646,251
Truck149316,2444,0,3460,3646,186
Truck149448,1339,2684,3500,3646,146
Truck149461,2566,2225,3505,3646,141
Truck149680,0,2683,3575,3646,71
Truck149862,2567,0,3630,3646,16
Truck149142,2567,2942,3405,3647,242
Truck149366,2567,2444,3475,3647,172
Truck148065,1338,2443,3070,3648,578
Truck149323,2776,1339,3460,3648,188
Truck149450,2684,2567,3500,3648,148
Truck149584,0,2225,3545,3648,103
Truck149822,2943,2942,3615,3648,33
Truck148469,2566,1338,3195,3649,454
Truck149141,2566,2443,3405,3649,244
Truck149586,2225,2443,3545,3649,104
Truck149689,2224,3119,3575,3649,74
Truck148927,3119,2683,3335,3650,315
Truck149165,2942,2567,3410,3650,240
Truck149660,2777,2942,3565,3650,85
Truck149735,2683,2567,3590,3650,60
Truck148113,1338,1339,3085,3651,566
Truck148991,3119,0,3355,3651,296
Truck149120,0,2942,3400,3651,251
Truck149359,3119,2776,3470,3652,182
Truck149434,2684,0,3495,3652,157
Truck149710,2943,3119,3580,3652,72
Truck149838,2943,2942,3620,3653,33
Truck148485,2566,1338,3200,3654,454
Truck149157,2566,2443,3410,3654,244
Truck149551,3119,2777,3530,3654,124
Truck149705,2224,3119,3580,3654,74
Truck148752,0,2224,3285,3655,370
Truck149676,2777,2942,3570,3655,85
Truck149139,2443,2224,3405,3656,251
Truck149482,2684,1339,3510,3656,146
Truck148136,1339,1338,3090,3657,567
Truck149174,2567,2942,3415,3657,242
Truck149523,2443,2942,3525,3657,132
Truck149750,2567,2683,3595,3657,62
Truck148809,2224,1339,3300,3658,358
Truck149352,1339,2776,3470,3658,188
Truck149173,2566,2443,3415,3659,244
Truck149618,2225,2443,3555,3659,104
Truck149568,0,2443,3540,3660,120
Truck149692,2777,2942,3575,3660,85
Truck149161,2224,2443,3410,3661,251
Truck149220,2444,2683,3430,3661,231
Truck149364,2444,2443,3475,3661,186
Truck149496,1339,2684,3515,3661,146
Truck149531,2776,2942,3525,3661,136
Truck148152,1339,1338,3095,3662,567
Truck149391,3119,2776,3480,3662,182
Truck149407,3119,2443,3485,3663,178
Truck149835,2776,2684,3620,3663,43
Truck149870,2943,2942,3630,3663,33
Truck148513,1338,2566,3210,3664,454
Truck149189,2566,2443,3420,3664,244
Truck149634,2225,2443,3560,3664,104
Truck149850,2684,2443,3625,3664,39
Truck148967,2683,3119,3350,3665,315
Truck149708,2777,2942,3580,3665,85
Truck149380,2444,2443,3480,3666,186
Truck149547,2776,2942,3530,3666,136
Truck149926,2567,0,3650,3666,16
Truck149062,2567,3119,3380,3667,287
Truck149206,2567,2942,3425,3667,242
Truck149758,2943,3119,3595,3667,72
Truck149944,1339,0,3655,3667,12
Truck147985,1338,2683,3045,3668,623
Truck148129,1338,2443,3090,3668,578
Truck149205,2566,0,3425,3668,243
Truck149886,2943,2942,3635,3668,33
Truck149599,3119,2777,3545,3669,124
Truck149635,2443,2567,3560,3669,109
Truck149650,2225,2443,3565,3669,104
Truck149197,2942,0,3420,3670,250
Truck149229,2942,2567,3430,3670,240
Truck149724,2777,2942,3585,3670,85
Truck148177,1338,1339,3105,3671,566
Truck149055,3119,0,3375,3671,296
Truck149530,2684,1339,3525,3671,146
Truck149541,2566,2225,3530,3671,141
Truck149731,2443,2776,3590,3671,81
Truck149222,2567,2942,3430,3672,242
Truck149571,2443,2942,3540,3672,132
Truck149581,2942,2443,3540,3672,132
Truck149774,2943,3119,3600,3672,72
Truck148145,1338,2443,3095,3673,578
Truck149666,2225,0,3570,3673,103
Truck149270,2567,2566,3445,3674,229
Truck148816,0,2224,3305,3675,370
Truck149612,2777,3119,3550,3675,125
Truck149740,2777,2942,3590,3675,85
Truck149412,2444,2443,3490,3676,186
Truck149958,2567,0,3660,3676,16
Truck149435,2776,3119,3495,3677,182
Truck149439,3119,2776,3495,3677,182
Truck149682,2225,0,3575,3678,103
Truck149918,2943,2942,3645,3678,33
Truck149232,0,2566,3435,3679,244
Truck149237,2566,2443,3435,3679,244
Truck149785,2224,3119,3605,3679,74
Truck149670,2567,2443,3570,3680,110
Truck149831,2683,2567,3620,3680,60
Truck149119,3119,2567,3395,3681,286
Truck149216,0,2942,3430,3681,251
Truck149110,2567,3119,3395,3682,287
Truck149254,2567,2942,3440,3682,242
Truck149478,2567,2444,3510,3682,172
Truck149730,2225,1339,3590,3682,92
Truck149253,2566,0,3440,3683,243
Truck149934,2943,2942,3650,3683,33
Truck148857,2224,0,3315,3684,369
Truck148888,1339,2224,3325,3684,359
Truck149403,2776,0,3485,3684,199
Truck149848,1339,2683,3625,3684,59
Truck149772,2777,2942,3600,3685,85
Truck148514,2225,1338,3210,3686,476
Truck149135,3119,2567,3400,3686,286
Truck149444,2444,2443,3500,3686,186
Truck149546,2684,0,3530,3687,157
Truck149845,2566,2444,3625,3687,62
Truck148193,1338,2443,3110,3688,578
Truck149355,2776,2683,3470,3688,218
Truck149950,2943,2942,3655,3688,33
Truck149269,2566,2443,3445,3689,244
Truck149714,2225,2443,3585,3689,104
Truck149664,0,2443,3570,3690,120
Truck149788,2777,2942,3605,3690,85
Truck149460,2444,2443,3505,3691,186
Truck149610,2684,3119,3550,3691,141
Truck149839,3119,2943,3620,3691,71
Truck149487,3119,2776,3510,3692,182
Truck149645,2942,2443,3560,3692,132
Truck148209,1338,2443,3115,3693,578
Truck148921,2224,1339,3335,3693,358
Truck149491,2443,3119,3515,3693,178
Truck149720,1339,2443,3585,3693,108
Truck149778,2225,2567,3605,3693,88
Truck149966,2943,2942,3660,3693,33
Truck149285,2566,2443,3450,3694,244
Truck149946,2684,2443,3655,3694,39
Truck149631,3119,2684,3555,3695,140
Truck149804,2777,2942,3610,3695,85
Truck149476,2444,0,3510,3696,186
Truck149643,2776,2942,3560,3696,136
Truck149819,2776,2443,3615,3696,81
Truck150016,0,2567,3680,3696,16
Truck148264,1339,1338,3130,3697,567
Truck149854,2943,3119,3625,3697,72
Truck150032,0,1339,3685,3697,12
Truck148225,1338,2443,3120,3698,578
Truck149349,2566,2567,3470,3698,228
Truck149810,2225,2444,3615,3698,83
Truck149982,2943,2942,3665,3698,33
Truck148278,2567,1338,3135,3699,564
Truck149301,2566,2443,3455,3699,244
Truck149746,2225,2443,3595,3699,104
Truck149798,2567,2225,3610,3699,89
Truck149079,2683,3119,3385,3700,315
Truck149223,2683,2942,3430,3700,270
Truck149709,2942,2224,3580,3700,120
Truck149820,2777,2942,3615,3700,85
Truck148934,2567,2224,3340,3701,361
Truck149280,0,2942,3450,3701,251
Truck149289,2224,2443,3450,3701,251
Truck149488,0,2444,3515,3701,186
Truck149492,2444,2443,3515,3701,186
Truck149527,2683,2684,3525,3701,176
Truck149540,2444,2567,3530,3701,171
Truck149318,2567,2942,3460,3702,242
Truck148241,1338,2443,3125,3703,578
Truck149623,2683,2225,3555,3703,148
Truck149998,2943,2942,3670,3703,33
Truck149317,2566,2443,3460,3704,244
Truck149762,2225,2443,3600,3704,104
Truck149865,2224,3119,3630,3704,74
Truck149095,2683,3119,3390,3705,315
Truck149103,3119,2683,3390,3705,315
Truck149494,2567,2776,3515,3705,190
Truck149836,2777,2942,3620,3705,85
Truck149199,3119,2567,3420,3706,286
Truck149677,2942,2776,3570,3706,136
Truck149334,2567,2942,3465,3707,242
Truck148257,1338,2443,3130,3708,578
Truck149381,2566,2567,3480,3708,228
Truck149826,2225,2567,3620,3708,88
Truck148968,1339,2224,3350,3709,359
Truck149333,2566,2443,3465,3709,244
Truck149994,2684,2443,3670,3709,39
Truck149852,2777,2942,3625,3710,85
Truck149315,2443,2224,3460,3711,251
Truck149559,2683,2684,3535,3711,176
Truck149350,2567,2942,3470,3712,242
Truck149699,2443,2942,3580,3712,132
Truck149902,2943,3119,3640,3712,72
Truck149528,1339,2776,3525,3713,188
Truck149555,2443,3119,3535,3713,178
Truck149616,0,2684,3555,3713,158
Truck149842,2225,2567,3625,3713,88
Truck150030,2943,2942,3680,3713,33
Truck148326,2567,1338,3150,3714,564
Truck149499,2776,0,3515,3714,199
Truck149794,2225,2443,3610,3714,104
Truck149897,2224,3119,3640,3714,74
Truck149271,2683,2942,3445,3715,270
Truck149277,2942,2683,3445,3715,270
Truck149868,2777,2942,3630,3715,85
Truck149707,2776,2942,3580,3716,136
Truck149875,2443,2776,3635,3716,81
Truck150080,0,2567,3700,3716,16
Truck149715,2443,2942,3585,3717,132
Truck148289,1338,2443,3140,3718,578
Truck149221,2566,2683,3430,3718,288
Truck149808,0,2225,3615,3718,103
Truck150046,2943,2942,3685,3718,33
Truck149365,2566,2443,3475,3719,244
Truck149592,1339,2444,3545,3719,174
Truck149853,2942,2684,3625,3719,94
Truck149876,2444,2225,3635,3719,84
Truck150026,2684,2443,3680,3719,39
Truck149151,3119,2683,3405,3720,315
Truck149240,1339,3119,3435,3720,285
Truck149293,2942,2683,3450,3720,270
Truck149756,2777,3119,3595,3720,125
Truck149884,2777,2942,3635,3720,85
Truck149927,2683,0,3650,3720,70
Truck149339,2776,2224,3465,3721,256
Truck149556,2444,2443,3535,3721,186
Truck149688,1339,2684,3575,3721,146
Truck149725,2942,2776,3585,3721,136
Truck150134,2567,1339,3715,3721,6
Truck148884,2444,1338,3325,3722,397
Truck149741,2942,2443,3590,3722,132
Truck149816,1339,2443,3615,3723,108
Truck150062,2943,2942,3690,3723,33
Truck149811,2443,2567,3615,3724,109
Truck149776,0,2443,3605,3725,120
Truck149900,2777,2942,3640,3725,85
Truck149231,3119,0,3430,3726,296
Truck149353,2224,2776,3470,3726,256
Truck149757,2942,2443,3595,3727,132
Truck148321,1338,2443,3150,3728,578
Truck149397,2566,2443,3485,3729,244
Truck149579,2776,2567,3540,3729,189
Truck149827,2443,2567,3620,3729,109
Truck149945,2224,3119,3655,3729,74
Truck150058,2684,2443,3690,3729,39
Truck149183,3119,2683,3415,3730,315
Truck149916,2777,2942,3645,3730,85
Truck149385,2224,2443,3480,3731,251
Truck149587,2443,2444,3545,3731,186
Truck149588,2444,2443,3545,3731,186
Truck149931,2776,2443,3650,3731,81
Truck149952,0,2683,3660,3731,71
Truck150045,2942,3119,3685,3731,46
Truck149611,2776,3119,3550,3732,182
Truck149763,2443,2942,3600,3732,132
Truck149773,2942,2443,3600,3732,132
Truck150144,0,1339,3720,3732,12
Truck148337,1338,2443,3155,3733,578
Truck149413,2566,2443,3490,3734,244
Truck149858,2225,2443,3630,3734,104
Truck149901,2942,2684,3640,3734,94
Truck149961,2224,3119,3660,3734,74
Truck150074,2684,2443,3695,3734,39
Truck149191,2683,3119,3420,3735,315
Truck149335,2683,2942,3465,3735,270
Truck149817,2224,2942,3615,3735,120
Truck149604,2444,2443,3550,3736,186
Truck149430,2567,2942,3495,3737,242
Truck149706,2684,0,3580,3737,157
Truck150168,1339,0,3725,3737,12
Truck148353,1338,2443,3160,3738,578
Truck149529,2224,2684,3525,3738,213
Truck149647,3119,2443,3560,3738,178
Truck149734,2567,2684,3590,3738,148
Truck149922,2225,2567,3650,3738,88
Truck150004,2444,2566,3675,3738,63
Truck150110,2943,2942,3705,3738,33
Truck149429,2566,2443,3495,3739,244
Truck149874,2225,2443,3635,3739,104
Truck149940,2444,2225,3655,3739,84
Truck150090,2684,2443,3700,3739,39
Truck149948,2777,2942,3655,3740,85
Truck149311,3119,2567,3455,3741,286
Truck149408,0,2942,3490,3741,251
Truck149984,0,2683,3670,3741,71
Truck150077,2942,3119,3695,3741,46
Truck148408,1339,1338,3175,3742,567
Truck149795,2443,2942,3610,3742,132
Truck149805,2942,2443,3610,3742,132
Truck148369,1338,2443,3165,3743,578
Truck148371,2443,1338,3165,3743,578
Truck149627,2776,1339,3555,3743,188
Truck149712,0,2684,3585,3743,158
Truck149891,2443,2225,3640,3743,103
Truck150099,2443,2684,3705,3743,38
Truck150126,2943,2942,3710,3743,33
Truck148422,2567,1338,3180,3744,564
Truck149890,2225,2443,3640,3744,104
Truck150040,1339,2683,3685,3744,59
Truck150106,2684,2443,3705,3744,39
Truck149040,0,2224,3375,3745,370
Truck149327,3119,1339,3460,3745,285
Truck149367,2683,2942,3475,3745,270
Truck149495,2683,2444,3515,3745,230
Truck149622,2567,2776,3555,3745,190
Truck149930,2684,2942,3650,3745,95
Truck149964,2777,2942,3660,3745,85
Truck149427,2443,2224,3495,3746,251
Truck149803,2776,2942,3610,3746,136
Truck149979,2776,2443,3665,3746,81
Truck148964,2444,1338,3350,3747,397
Truck149659,2776,3119,3565,3747,182
Truck149686,2567,2444,3575,3747,172
Truck149821,2942,2443,3615,3747,132
Truck150014,2943,3119,3675,3747,72
Truck148385,1338,2443,3170,3748,578
Truck149543,2683,2776,3530,3748,218
Truck148999,2683,2224,3360,3749,389
Truck149906,2225,2443,3645,3749,104
Truck150009,2224,3119,3675,3749,74
Truck150015,3119,2224,3675,3749,74
Truck149097,2224,2567,3390,3750,360
Truck149869,2942,2224,3630,3750,120
Truck149980,2777,2942,3665,3750,85
Truck149433,2224,2776,3495,3751,256
Truck149440,0,2942,3500,3751,251
Truck149443,2443,2224,3500,3751,251
Truck149449,2224,2443,3500,3751,251
Truck149508,2444,2683,3520,3751,231
Truck149652,2444,2443,3565,3751,186
Truck150111,3119,2942,3705,3751,46
Truck149509,2566,1339,3520,3752,232
Truck149512,1339,2566,3520,3752,232
Truck149837,2942,2443,3620,3752,132
Truck148401,1338,2443,3175,3753,578
Truck150158,2943,2942,3720,3753,33
Truck149477,2566,2443,3510,3754,244
Truck150025,2224,3119,3680,3754,74
Truck149823,3119,2684,3615,3755,140
Truck149996,2777,2942,3670,3755,85
Truck150094,2943,2777,3700,3755,55
Truck149524,2444,2683,3525,3756,231
Truck149668,2444,2443,3570,3756,186
Truck149312,0,3119,3460,3757,297
Truck149695,3119,2776,3575,3757,182
Truck149843,2443,2942,3625,3757,132
Truck149976,1339,2225,3665,3757,92
Truck148273,1338,2683,3135,3758,623
Truck148417,1338,2443,3180,3758,578
Truck149675,2776,1339,3570,3758,188
Truck150174,2943,2942,3725,3758,33
Truck148470,2567,1338,3195,3759,564
Truck150087,2683,1339,3700,3759,59
Truck150138,2684,2776,3715,3759,44
Truck149129,2224,2567,3400,3760,360
Truck149375,3119,1339,3475,3760,285
Truck150012,2777,2942,3675,3760,85
Truck149683,2443,2444,3575,3761,186
Truck149684,2444,2443,3575,3761,186
Truck149012,2444,1338,3365,3762,397
Truck149859,2443,2942,3630,3762,132
Truck150086,2567,2683,3700,3762,62
Truck149691,2776,1339,3575,3763,188
Truck149727,3119,2443,3585,3763,178
Truck150190,2943,2942,3730,3763,33
Truck149903,3119,2777,3640,3764,124
Truck149954,2225,2443,3660,3764,104
Truck149997,2942,2684,3670,3764,94
Truck150057,2224,3119,3690,3764,74
Truck150170,2684,2443,3725,3764,39
Truck149648,0,2776,3565,3765,200
Truck149917,2942,2224,3645,3765,120
Truck150028,2777,2942,3680,3765,85
Truck150071,2683,0,3695,3765,70
Truck149483,2776,2224,3510,3766,256
Truck149497,2224,2443,3515,3766,251
Truck149700,2444,2443,3580,3766,186
Truck149867,2776,2942,3630,3766,136
Truck150043,2776,2443,3685,3766,81
Truck149885,2942,2443,3635,3767,132
Truck150078,2943,3119,3695,3767,72
Truck149743,3119,2443,3590,3768,178
Truck149834,2684,2567,3620,3768,148
Truck150206,2943,2942,3735,3768,33
Truck149447,2683,2942,3500,3770,270
Truck149748,2444,1339,3595,3770,175
Truck150044,2777,2942,3685,3770,85
Truck149513,2224,2443,3520,3771,251
Truck149716,2444,2443,3585,3771,186
Truck149883,2776,2942,3635,3771,136
Truck150059,2776,2443,3690,3771,81
Truck150095,3119,2943,3700,3771,71
Truck150024,1339,2225,3680,3772,92
Truck148465,1338,2443,3195,3773,578
Truck149723,2776,1339,3585,3773,188
Truck150222,2943,2942,3740,3773,33
Truck149642,2684,2224,3560,3774,214
Truck150202,2684,2443,3735,3774,39
Truck149591,2683,2444,3545,3775,230
Truck149932,2777,3119,3650,3775,125
Truck150060,2777,2942,3690,3775,85
Truck149520,0,2942,3525,3776,251
Truck149877,2566,2225,3635,3776,141
Truck149899,2776,2942,3640,3776,136
Truck149755,2776,3119,3595,3777,182
Truck148481,1338,2443,3200,3778,578
Truck149775,3119,2443,3600,3778,178
Truck149951,3119,2777,3655,3779,124
Truck149955,2443,0,3660,3779,119
Truck149987,2443,2567,3670,3779,109
Truck150002,2225,2443,3675,3779,104
Truck149432,1339,3119,3495,3780,285
Truck149576,1339,2942,3540,3780,240
Truck149780,2444,1339,3605,3780,175
Truck149990,2567,2443,3670,3780,110
Truck150076,2777,2942,3695,3780,85
Truck149539,2443,2224,3530,3781,251
Truck149545,2224,2443,3530,3781,251
Truck149796,2444,2567,3610,3781,171
Truck149915,2776,2942,3645,3781,136
Truck149574,2567,2942,3540,3782,242
Truck149933,2942,2443,3650,3782,132
Truck150050,2225,1339,3690,3782,92
Truck148497,1338,2443,3205,3783,578
Truck149779,2443,3119,3605,3783,178
Truck149882,2684,2567,3635,3783,148
Truck150003,2443,1339,3675,3783,108
Truck150254,2943,2942,3750,3783,33
Truck148550,2567,1338,3220,3784,564
Truck149573,2566,2443,3540,3784,244
Truck149971,2443,0,3665,3784,119
Truck150018,2225,2443,3680,3784,104
Truck149565,2942,0,3535,3785,250
Truck150006,2567,2443,3675,3785,110
Truck150092,2777,2942,3700,3785,85
Truck149552,0,2942,3535,3786,251
Truck149764,2444,2443,3600,3786,186
Truck150304,0,2567,3770,3786,16
Truck149791,3119,2776,3605,3787,182
Truck149939,2443,2942,3655,3787,132
Truck149949,2942,2443,3655,3787,132
Truck150142,2943,3119,3715,3787,72
Truck149807,3119,2443,3610,3788,178
Truck149923,2443,2683,3650,3788,138
Truck150243,2443,2684,3750,3788,38
Truck150270,2943,2942,3755,3788,33
Truck149193,2224,0,3420,3789,369
Truck149589,2566,2443,3545,3789,244
Truck150034,2225,2443,3685,3789,104
Truck149184,0,2224,3420,3790,370
Truck149728,0,2776,3590,3790,200
Truck149563,2776,2224,3535,3791,256
Truck149577,2224,2443,3540,3791,251
Truck149815,2683,2684,3615,3791,176
Truck149947,2776,2942,3655,3791,136
Truck150123,2776,2443,3710,3791,81
Truck149818,2684,2683,3615,3792,177
Truck150088,1339,2225,3700,3792,92
Truck150182,2567,2683,3730,3792,62
Truck148528,0,1338,3215,3793,578
Truck148529,1338,2443,3215,3793,578
Truck149784,1339,2776,3605,3793,188
Truck150286,2943,2942,3760,3793,33
Truck149209,2224,0,3425,3794,369
Truck149605,2566,2443,3550,3794,244
Truck150199,2683,1339,3735,3794,59
Truck150266,2684,2443,3755,3794,39
Truck149480,1339,3119,3510,3795,285
Truck150000,0,2443,3675,3795,120
Truck150124,2777,2942,3710,3795,85
Truck150167,2683,0,3725,3795,70
Truck149455,3119,0,3500,3796,296
Truck149593,2224,2443,3545,3796,251
Truck149938,2225,2566,3655,3796,141
Truck150131,2443,2776,3715,3796,81
Truck150139,2776,2443,3715,3796,81
Truck149981,2942,2443,3665,3797,132
Truck150104,1339,2225,3705,3797,92
Truck148545,1338,2443,3220,3798,578
Truck150114,2225,2567,3710,3798,88
Truck150302,2943,2942,3765,3798,33
Truck149619,2443,2566,3555,3799,244
Truck149771,2776,0,3600,3799,199
Truck150066,2225,2443,3695,3799,104
Truck150282,2684,2443,3760,3799,39
Truck149257,2224,2567,3440,3800,360
Truck149640,1339,2942,3560,3800,240
Truck150140,2777,2942,3715,3800,85
Truck149503,3119,2567,3515,3801,286
Truck149600,0,2942,3550,3801,251
Truck149812,2444,0,3615,3801,186
Truck149860,2444,2567,3630,3801,171
Truck149456,0,3119,3505,3802,297
Truck149638,2567,2942,3560,3802,242
Truck148560,0,1338,3225,3803,578
Truck150072,1339,2443,3695,3803,108
Truck150318,2943,2942,3770,3803,33
Truck149175,2683,2224,3415,3804,389
Truck149637,2566,2443,3560,3804,244
Truck150082,2225,2443,3700,3804,104
Truck149415,2683,3119,3490,3805,315
Truck150122,2684,2942,3710,3805,95
Truck150156,2777,2942,3720,3805,85
Truck149828,2444,2443,3620,3806,186
Truck149978,2684,3119,3665,3806,141
Truck150171,2776,2443,3725,3806,81
Truck148616,1339,1338,3240,3807,567
Truck149654,2567,2942,3565,3807,242
Truck149855,3119,2776,3625,3807,182
Truck149866,2684,2683,3630,3807,177
Truck150333,2942,2943,3775,3807,32
Truck149871,3119,2443,3630,3808,178
Truck150162,2225,2444,3725,3808,83
Truck150228,2444,2566,3745,3808,63
Truck150334,2943,2942,3775,3808,33
Truck149651,2443,2566,3565,3809,244
Truck149653,2566,2443,3565,3809,244
Truck150098,2225,2443,3705,3809,104
Truck149575,2683,2942,3540,3810,270
Truck149672,1339,2942,3570,3810,240
Truck150172,2777,2942,3725,3810,85
Truck150173,2942,2777,3725,3810,85
Truck149632,0,2942,3560,3811,251
Truck149844,2444,2443,3625,3811,186
Truck150187,2776,2443,3730,3811,81
Truck150301,2942,3119,3765,3811,46
Truck149172,2444,1338,3415,3812,397
Truck150029,2942,2443,3680,3812,132
Truck150246,2567,2683,3750,3812,62
Truck148449,1338,2683,3190,3813,623
Truck148593,1338,2443,3235,3813,578
Truck149525,2566,2683,3525,3813,288
Truck149717,2566,2567,3585,3813,228
Truck149887,3119,2443,3635,3813,178
Truck149970,2225,2683,3665,3813,148
Truck150323,2443,2684,3775,3813,38
Truck150350,2943,2942,3780,3813,33
Truck149669,2566,2443,3570,3814,244
Truck150440,1339,2567,3810,3814,4
Truck149305,2224,2567,3455,3815,360
Truck150188,2777,2942,3730,3815,85
Truck148641,1338,1339,3250,3816,566
Truck150010,2684,3119,3675,3816,141
Truck149898,2684,2683,3640,3817,177
Truck150238,2943,3119,3745,3817,72
Truck149986,2225,2683,3670,3818,148
Truck150366,2943,2942,3785,3818,33
Truck148662,2567,1338,3255,3819,564
Truck149685,2566,2443,3575,3819,244
Truck150079,3119,2777,3695,3819,124
Truck150456,1339,2567,3815,3819,4
Truck150204,2777,2942,3735,3820,85
Truck149673,2224,2443,3570,3821,251
Truck149732,2444,2683,3590,3821,231
Truck149911,2683,2684,3645,3821,176
Truck149558,2567,3119,3535,3822,287
Truck149736,1339,2566,3590,3822,232
Truck149914,2684,2683,3645,3822,177
Truck150051,2443,2942,3690,3822,132
Truck148625,1338,2443,3245,3823,578
Truck149557,2566,2683,3535,3823,288
Truck149968,0,2684,3665,3823,158
Truck150035,2443,2683,3685,3823,138
Truck150382,2943,2942,3790,3823,33
Truck149701,2566,2443,3580,3824,244
Truck149802,2684,2224,3610,3824,214
Truck149851,2776,0,3625,3824,199
Truck150146,2225,2443,3720,3824,104
Truck150316,2777,2943,3770,3824,54
Truck150362,2684,2443,3785,3824,39
Truck149629,2942,2683,3555,3825,270
Truck150220,2777,2942,3740,3825,85
Truck150221,2942,2777,3740,3825,85
Truck149888,0,2444,3640,3826,186
Truck150235,2776,2443,3745,3826,81
Truck150293,2566,2444,3765,3827,62
Truck149935,3119,2443,3650,3828,178
Truck150292,2444,2566,3765,3828,63
Truck149041,1338,2566,3375,3829,454
Truck149321,2224,0,3460,3829,369
Truck149639,2683,2942,3560,3830,270
Truck150108,2777,3119,3705,3830,125
Truck149907,2443,2444,3645,3831,186
Truck149908,2444,0,3645,3831,186
Truck150075,2776,2942,3695,3831,136
Truck150251,2776,2443,3750,3831,81
Truck150083,2443,2942,3700,3832,132
Truck150093,2942,2443,3700,3832,132
Truck148657,1338,2443,3255,3833,578
Truck150042,2684,2567,3685,3833,148
Truck150414,2943,2942,3800,3833,33
Truck148710,2567,1338,3270,3834,564
Truck149733,2566,2443,3590,3834,244
Truck149782,2567,2566,3605,3834,229
Truck150178,2225,2443,3730,3834,104
Truck150230,2567,2225,3745,3834,89
Truck150244,2444,2225,3750,3834,84
Truck150281,2224,3119,3760,3834,74
Truck149369,2224,2567,3475,3835,360
Truck149519,3119,2683,3520,3835,315
Truck149608,1339,3119,3550,3835,285
Truck149615,3119,1339,3550,3835,285
Truck150252,2777,2942,3750,3835,85
Truck149924,2444,2443,3650,3836,186
Truck150267,2776,2443,3755,3836,81
Truck149962,2684,2683,3660,3837,177
Truck148673,1338,2443,3260,3838,578
Truck149607,2683,2566,3550,3838,288
Truck149967,3119,2443,3660,3838,178
Truck150192,0,2225,3735,3838,103
Truck150430,2943,2942,3805,3838,33
Truck149744,0,2566,3595,3839,244
Truck149747,2443,2566,3595,3839,244
Truck150194,2225,2443,3735,3839,104
Truck150344,1339,2683,3780,3839,59
Truck150394,2684,2776,3795,3839,44
Truck150410,2684,2443,3800,3839,39
Truck149768,1339,2942,3600,3840,240
Truck149972,2444,1339,3665,3840,175
Truck150234,2684,2942,3745,3840,95
Truck150268,2777,2942,3755,3840,85
Truck150343,2683,2567,3780,3840,60
Truck149737,2224,2443,3590,3841,251
Truck150283,2776,2443,3760,3841,81
Truck149268,2444,1338,3445,3842,397
Truck149766,2567,2942,3600,3842,242
Truck149963,2776,3119,3660,3842,182
Truck150115,2443,2942,3710,3842,132
Truck150125,2942,2443,3710,3842,132
Truck148689,1338,2443,3265,3843,578
Truck149983,3119,2443,3665,3843,178
Truck150274,2225,2444,3760,3843,83
Truck150446,2943,2942,3810,3843,33
Truck149765,2566,2443,3600,3844,244
Truck150210,2225,2443,3740,3844,104
Truck149401,2224,2567,3485,3845,360
Truck150250,2684,2942,3750,3845,95
Truck150284,2777,2942,3760,3845,85
Truck149739,2776,2224,3590,3846,256
Truck149753,2224,2443,3595,3846,251
Truck149956,2444,2443,3660,3846,186
Truck150299,2776,2443,3765,3846,81
Truck150496,0,2567,3830,3846,16
Truck150141,2942,2443,3715,3847,132
Truck148561,1338,2683,3225,3848,623
Truck148705,1338,2443,3270,3848,578
Truck148753,1338,2567,3285,3848,563
Truck149999,3119,2443,3670,3848,178
Truck150224,0,2225,3745,3848,103
Truck150462,2943,2942,3815,3848,33
Truck150211,2443,2567,3740,3849,109
Truck150226,2225,2443,3745,3849,104
Truck149376,0,2224,3480,3850,370
Truck149800,1339,2942,3610,3850,240
Truck150300,2777,2942,3765,3850,85
Truck150398,2943,2777,3795,3850,55
Truck149042,2225,1338,3375,3851,476
Truck149769,2224,2443,3600,3851,251
Truck150307,2443,2776,3770,3851,81
Truck149300,2444,1338,3455,3852,397
Truck148577,1338,2683,3230,3853,623
Truck148721,1338,2443,3275,3853,578
Truck150102,2567,2684,3705,3853,148
Truck150478,2943,2942,3820,3853,33
Truck149797,2566,2443,3610,3854,244
Truck150191,3119,2777,3730,3854,124
Truck150227,2443,2567,3745,3854,109
Truck150242,2225,2443,3750,3854,104
Truck150391,2683,1339,3795,3854,59
Truck150458,2684,2443,3815,3854,39
Truck149583,3119,2683,3540,3855,315
Truck149988,2444,2443,3670,3856,186
Truck150367,3119,2943,3785,3856,71
Truck150163,2443,2942,3725,3857,132
Truck149671,2683,2566,3570,3858,288
Truck149813,2566,0,3615,3858,243
Truck150019,2443,3119,3680,3858,178
Truck150031,3119,2443,3680,3858,178
Truck150467,2443,2684,3820,3858,38
Truck150310,2567,2225,3770,3859,89
Truck150428,2777,2943,3805,3859,54
Truck149863,2683,2444,3630,3860,230
Truck150159,3119,2684,3720,3860,140
Truck150208,0,2443,3740,3860,120
Truck150298,2684,2942,3765,3860,95
Truck149446,2567,2224,3500,3861,361
Truck149787,2776,2224,3605,3861,256
Truck150039,2683,2684,3685,3861,176
Truck150154,2684,3119,3720,3861,141
Truck150550,2567,0,3845,3861,16
Truck149830,2567,2942,3620,3862,242
Truck150189,2942,2443,3730,3862,132
Truck148609,1338,2683,3240,3863,623
Truck150011,2776,1339,3675,3863,188
Truck150047,3119,2443,3685,3863,178
Truck150130,2225,2683,3715,3863,148
Truck150338,2225,2444,3780,3863,83
Truck150510,2943,2942,3830,3863,33
Truck149829,2566,2443,3620,3864,244
Truck150377,2224,3119,3790,3864,74
Truck150474,2684,2776,3820,3864,44
Truck150490,2684,2443,3825,3864,39
Truck150348,2777,2942,3780,3865,85
Truck150020,2444,2443,3680,3866,186
Truck150055,2683,2684,3690,3866,176
Truck148768,0,1338,3290,3868,578
Truck148769,1338,2443,3290,3868,578
Truck148771,2443,1338,3290,3868,578
Truck150526,2943,2942,3835,3868,33
Truck149383,2683,2224,3480,3869,389
Truck149894,2567,2566,3640,3869,229
Truck150027,2776,2567,3680,3869,189
Truck150290,2225,2443,3765,3869,104
Truck150356,2444,2225,3785,3869,84
Truck150393,2224,3119,3795,3869,74
Truck150506,2684,2443,3830,3869,39
Truck149481,2224,2567,3510,3870,360
Truck150236,2777,3119,3745,3870,125
Truck150364,2777,2942,3785,3870,85
Truck150407,2683,0,3800,3870,70
Truck149824,0,2942,3620,3871,251
Truck149833,2224,2443,3620,3871,251
Truck149892,2444,2683,3640,3871,231
Truck150036,2444,2443,3685,3871,186
Truck150438,2567,2683,3810,3872,62
Truck148784,0,1338,3295,3873,578
Truck148785,1338,2443,3295,3873,578
Truck150436,2444,2566,3810,3873,63
Truck150507,2776,2684,3830,3873,43
Truck150542,2943,2942,3840,3873,33
Truck148838,2567,1338,3310,3874,564
Truck149399,2683,2224,3485,3874,389
Truck150306,2225,2443,3770,3874,104
Truck150349,2942,2684,3780,3874,94
Truck149783,2683,2942,3605,3875,270
Truck149880,1339,2942,3635,3875,240
Truck150038,2567,2776,3685,3875,190
Truck150380,2777,2942,3790,3875,85
Truck150052,2444,0,3690,3876,186
Truck150219,2776,2942,3740,3876,136
Truck150509,2942,3119,3830,3876,46
Truck150237,2942,2443,3745,3877,132
Truck148801,1338,2443,3300,3878,578
Truck149959,2683,2776,3660,3878,218
Truck149977,2224,2684,3665,3878,213
Truck150186,2684,2567,3730,3878,148
Truck150215,2683,2443,3740,3878,138
Truck150312,1339,2443,3770,3878,108
Truck150452,2444,2566,3815,3878,63
Truck150558,2943,2942,3845,3878,33
Truck149201,1338,2566,3425,3879,454
Truck149872,0,2566,3635,3879,244
Truck150322,2225,2443,3775,3879,104
Truck150538,2684,2443,3840,3879,39
Truck149472,0,2224,3510,3880,370
Truck149663,3119,2683,3565,3880,315
Truck150411,2776,2443,3800,3881,81
Truck150432,0,2683,3810,3881,71
Truck148817,1338,0,3305,3882,577
Truck149925,2566,1339,3650,3882,232
Truck150253,2942,2443,3750,3882,132
Truck150370,2225,1339,3790,3882,92
Truck150386,2225,2567,3795,3883,88
Truck150574,2943,2942,3850,3883,33
Truck149431,2683,2224,3495,3884,389
Truck149893,2566,2443,3640,3884,244
Truck150291,2443,0,3765,3884,119
Truck149679,3119,2683,3570,3885,315
Truck150412,2777,2942,3800,3885,85
Truck149154,2225,1338,3410,3886,476
Truck149881,2224,2443,3635,3886,251
Truck150084,2444,2443,3700,3886,186
Truck150119,2683,2684,3710,3886,176
Truck150132,2444,2567,3715,3886,171
Truck150486,2567,2683,3825,3887,62
Truck150640,0,1339,3875,3887,12
Truck148833,1338,2443,3310,3888,578
Truck149991,2683,2776,3670,3888,218
Truck149995,2776,2683,3670,3888,218
Truck150218,2684,2567,3740,3888,148
Truck150590,2943,2942,3855,3888,33
Truck150354,2225,2443,3785,3889,104
Truck150504,1339,2683,3830,3889,59
Truck149687,2683,3119,3575,3890,315
Truck150048,0,2776,3690,3890,200
Truck150317,2942,2224,3770,3890,120
Truck150471,2683,0,3820,3890,70
Truck150100,2444,2443,3705,3891,186
Truck150443,2776,2443,3810,3891,81
Truck150557,2942,3119,3845,3891,46
Truck150605,2942,2943,3860,3892,32
Truck148849,1338,2443,3315,3893,578
Truck150371,2443,2225,3790,3893,103
Truck150606,2943,2942,3860,3893,33
Truck149560,1339,2224,3535,3894,359
Truck150570,2684,2776,3850,3894,44
Truck149711,3119,2683,3580,3895,315
Truck150444,2777,2942,3810,3895,85
Truck150116,2444,2443,3710,3896,186
Truck149760,0,3119,3600,3897,297
Truck150494,2943,3119,3825,3897,72
Truck148865,1338,2443,3320,3898,578
Truck150376,1339,2443,3790,3898,108
Truck150622,2943,2942,3865,3898,33
Truck149941,2566,2443,3655,3899,244
Truck149965,2942,1339,3660,3899,239
Truck150339,2443,0,3780,3899,119
Truck150287,3119,2684,3760,3900,140
Truck150332,2777,3119,3775,3900,125
Truck150460,2777,2942,3815,3900,85
Truck149920,0,2942,3650,3901,251
Truck150678,2567,0,3885,3901,16
Truck149989,2566,1339,3670,3902,232
Truck150533,2566,2444,3840,3902,62
Truck150637,2942,2943,3870,3902,32
Truck148737,1338,2683,3280,3903,623
Truck148880,0,1338,3325,3903,578
Truck148881,1338,2443,3325,3903,578
Truck148929,1338,2567,3340,3903,563
Truck150258,2225,2683,3755,3903,148
Truck150638,2943,2942,3870,3903,33
Truck149957,2566,2443,3660,3904,244
Truck150107,2776,0,3705,3904,199
Truck150402,2225,2443,3800,3904,104
Truck150511,3119,2224,3830,3904,74
Truck150618,2684,2443,3865,3904,39
Truck149879,2683,2942,3635,3905,270
Truck150007,2683,2444,3675,3905,230
Truck150365,2942,2224,3785,3905,120
Truck149936,0,2942,3655,3906,251
Truck150147,2443,2444,3720,3906,186
Truck150148,2444,2443,3720,3906,186
Truck150183,2683,2684,3730,3906,176
Truck150491,2776,2443,3825,3906,81
Truck150512,0,2683,3835,3906,71
Truck150726,2567,1339,3900,3906,6
Truck148936,1339,1338,3340,3907,567
Truck149974,2567,2942,3665,3907,242
Truck150704,0,1339,3895,3907,12
Truck148897,1338,2443,3330,3908,578
Truck149511,2683,2224,3520,3909,389
Truck149973,2566,2443,3665,3909,244
Truck150418,2225,2443,3805,3909,104
Truck150492,2777,2942,3825,3910,85
Truck150164,2444,2443,3725,3911,186
Truck150314,2684,3119,3770,3911,141
Truck150623,3119,2942,3865,3911,46
Truck148913,1338,2443,3335,3913,578
Truck150089,2224,2684,3700,3913,213
Truck150195,2443,3119,3735,3913,178
Truck150207,3119,2443,3735,3913,178
Truck150327,2683,2443,3775,3913,138
Truck150670,2943,2942,3880,3913,33
Truck150216,1339,2444,3740,3914,174
Truck150387,2443,0,3795,3914,119
Truck150434,2225,2443,3810,3914,104
Truck150650,2684,2443,3875,3914,39
Truck150008,1339,2942,3675,3915,240
Truck150422,2567,2443,3805,3915,110
Truck150508,2777,2942,3830,3915,85
Truck150347,2776,2942,3780,3916,136
Truck150223,3119,2443,3740,3918,178
Truck150005,2566,2443,3675,3919,244
Truck150450,2225,2443,3815,3919,104
Truck150396,2777,3119,3795,3920,125
Truck150524,2777,2942,3835,3920,85
Truck150599,2683,2567,3860,3920,60
Truck150196,2444,2443,3735,3921,186
Truck150653,2942,3119,3875,3921,46
Truck148945,1338,0,3345,3922,577
Truck149840,0,3119,3625,3922,297
Truck149878,2567,3119,3635,3922,287
Truck150381,2942,2443,3790,3922,132
Truck150239,3119,2443,3745,3923,178
Truck150702,2943,2942,3890,3923,33
Truck150021,2566,2443,3680,3924,244
Truck150248,1339,2444,3750,3924,174
Truck150466,2225,2443,3820,3924,104
Truck150532,2444,2225,3840,3924,84
Truck149281,1338,2225,3450,3925,475
Truck150013,2942,0,3675,3925,250
Truck150540,2777,2942,3840,3925,85
Truck150068,2444,2683,3695,3926,231
Truck150346,2684,1339,3780,3926,146
Truck150379,2776,2942,3790,3926,136
Truck150547,2443,2776,3845,3926,81
Truck150397,2942,2443,3795,3927,132
Truck150717,2942,2943,3895,3927,32
Truck148961,1338,2443,3350,3928,578
Truck150342,2567,2684,3780,3928,148
Truck150483,2443,2225,3825,3928,103
Truck150718,2943,2942,3895,3928,33
Truck149641,2224,0,3560,3929,369
Truck150037,2566,2443,3685,3929,244
Truck150061,2942,1339,3690,3929,239
Truck150482,2225,2443,3825,3929,104
Truck150176,0,2776,3730,3930,200
Truck150214,2567,2776,3740,3930,190
Truck150441,2224,2942,3810,3930,120
Truck150556,2777,2942,3845,3930,85
Truck150631,2683,2567,3870,3930,60
Truck150395,2776,2942,3795,3931,136
Truck150685,2942,3119,3885,3931,46
Truck150054,2567,2942,3690,3932,242
Truck150413,2942,2443,3800,3932,132
Truck148977,1338,2443,3355,3933,578
Truck150232,1339,2776,3745,3933,188
Truck150271,3119,2443,3755,3933,178
Truck150359,2683,2225,3785,3933,148
Truck150734,2943,2942,3900,3933,33
Truck150053,2566,2443,3690,3934,244
Truck150498,2225,2443,3830,3934,104
Truck150601,2224,3119,3860,3934,74
Truck149928,1339,3119,3650,3935,285
Truck150572,2777,2942,3850,3935,85
Truck150041,2224,2443,3685,3936,251
Truck150070,2567,2942,3695,3937,242
Truck150800,0,1339,3925,3937,12
Truck148993,1338,2443,3360,3938,578
Truck150069,2566,0,3695,3938,243
Truck150499,2443,1339,3830,3938,108
Truck150750,2943,2942,3905,3938,33
Truck150514,2225,2443,3835,3939,104
Truck150730,2684,2443,3900,3939,39
Truck150588,2777,2942,3855,3940,85
Truck150589,2942,2777,3855,3940,85
Truck150259,2443,2444,3755,3941,186
Truck150260,2444,2443,3755,3941,186
Truck150603,2776,2443,3860,3941,81
Truck149009,1338,0,3365,3942,577
Truck149904,0,3119,3645,3942,297
Truck149942,2567,3119,3655,3942,287
Truck150824,1339,0,3930,3942,12
Truck149943,2683,2566,3655,3943,288
Truck150303,3119,2443,3765,3943,178
Truck150352,0,2684,3785,3943,158
Truck150423,2683,2443,3805,3943,138
Truck150766,2943,2942,3910,3943,33
Truck150633,2224,3119,3870,3944,74
Truck150109,2942,2567,3705,3945,240
Truck150476,2777,3119,3820,3945,125
Truck150480,0,2443,3825,3945,120
Truck150493,2942,2224,3825,3945,120
Truck150604,2777,2942,3860,3945,85
Truck150064,0,2942,3695,3946,251
Truck150067,2443,2224,3695,3946,251
Truck150276,2444,2443,3760,3946,186
Truck150408,1339,2684,3800,3946,146
Truck150654,2943,3119,3875,3947,72
Truck150832,0,1339,3935,3947,12
Truck149025,1338,2443,3370,3948,578
Truck150319,3119,2443,3770,3948,178
Truck150531,2443,1339,3840,3948,108
Truck150594,2225,2567,3860,3948,88
Truck150782,2943,2942,3915,3948,33
Truck150101,2566,2443,3705,3949,244
Truck150546,2225,2443,3845,3949,104
Truck150762,2684,2443,3910,3949,39
Truck150534,2567,2443,3840,3950,110
Truck150620,2777,2942,3865,3950,85
Truck149620,2444,1338,3555,3952,397
Truck150118,2567,2942,3710,3952,242
Truck150152,1339,2566,3720,3952,232
Truck150335,3119,2443,3775,3953,178
Truck150451,2443,2683,3815,3953,138
Truck150798,2943,2942,3920,3953,33
Truck149721,2224,0,3585,3954,369
Truck149752,1339,2224,3595,3954,359
Truck150117,2566,2443,3710,3954,244
Truck150562,2225,2443,3850,3954,104
Truck150711,2683,1339,3895,3954,59
Truck150712,1339,2683,3895,3954,59
Truck149992,1339,3119,3670,3955,285
Truck150256,0,2776,3755,3955,200
Truck150521,2224,2942,3835,3955,120
Truck150602,2684,2942,3860,3955,95
Truck150636,2777,2942,3870,3955,85
Truck150091,2776,2224,3700,3956,256
Truck150105,2224,2443,3705,3956,251
Truck150475,2776,2942,3820,3956,136
Truck150686,2943,3119,3885,3957,72
Truck149057,1338,2443,3380,3958,578
Truck150351,3119,2443,3780,3958,178
Truck150814,2943,2942,3925,3958,33
Truck150133,2566,2443,3715,3959,244
Truck150315,2776,2567,3770,3959,189
Truck150578,2225,2443,3855,3959,104
Truck150681,2224,3119,3885,3959,74
Truck150794,2684,2443,3920,3959,39
Truck149919,3119,2683,3645,3960,315
Truck150479,3119,2684,3820,3960,140
Truck150541,2942,2224,3840,3960,120
Truck150652,2777,2942,3875,3960,85
Truck149394,2225,1338,3485,3961,476
Truck150112,0,2942,3710,3961,251
Truck150121,2224,2443,3710,3961,251
Truck150180,2444,2683,3730,3961,231
Truck150324,2444,2443,3775,3961,186
Truck150703,3119,2943,3890,3961,71
Truck149073,1338,0,3385,3962,577
Truck150355,2443,3119,3785,3963,178
Truck150795,2776,2684,3920,3963,43
Truck150830,2943,2942,3930,3963,33
Truck150149,2566,2443,3720,3964,244
Truck150198,2567,2566,3735,3964,229
Truck150660,2444,2225,3880,3964,84
Truck150810,2684,2443,3925,3964,39
Truck149409,1338,2225,3490,3965,475
Truck150128,0,2942,3715,3966,251
Truck150137,2224,2443,3715,3966,251
Truck150340,2444,2443,3780,3966,186
Truck150442,2684,0,3810,3967,157
Truck150515,2443,2942,3835,3967,132
Truck148951,2683,1338,3345,3968,623
Truck149089,1338,2443,3390,3968,578
Truck150023,2683,2566,3680,3968,288
Truck150247,2683,2776,3750,3968,218
Truck150595,2443,1339,3860,3968,108
Truck150846,2943,2942,3935,3968,33
Truck150165,2566,2443,3725,3969,244
Truck150563,2443,0,3850,3969,119
Truck150826,2684,2443,3930,3969,39
Truck150157,2942,0,3720,3970,250
Truck150184,1339,2942,3730,3970,240
Truck150684,2777,2942,3885,3970,85
Truck150153,2224,2443,3720,3971,251
Truck150523,2776,2942,3835,3971,136
Truck150699,2776,2443,3890,3971,81
Truck149144,1339,1338,3405,3972,567
Truck150406,2567,2444,3800,3972,172
Truck149105,1338,2443,3395,3973,578
Truck150674,2225,2567,3885,3973,88
Truck150862,2943,2942,3940,3973,33
Truck149158,2567,1338,3410,3974,564
Truck149719,2683,2224,3585,3974,389
Truck150179,2443,2566,3730,3974,244
Truck150205,2942,1339,3735,3974,239
Truck150363,2776,2567,3785,3974,189
Truck150611,2443,2567,3865,3974,109
Truck150692,2444,2225,3890,3974,84
Truck150729,2224,3119,3900,3974,74
Truck150103,2683,2942,3705,3975,270
Truck150063,3119,2567,3690,3976,286
Truck150155,2776,2224,3720,3976,256
Truck150160,0,2942,3725,3976,251
Truck150169,2224,2443,3725,3976,251
Truck150372,2444,2443,3790,3976,186
Truck150715,2776,2443,3895,3976,81
Truck150736,0,2683,3905,3976,71
Truck149121,1338,2443,3400,3978,578
Truck150706,2225,2444,3895,3978,83
Truck150878,2943,2942,3945,3978,33
Truck150197,2566,2443,3735,3979,244
Truck150642,2225,2443,3875,3979,104
Truck150694,2567,2225,3890,3979,89
Truck150708,2444,2225,3895,3979,84
Truck150858,2684,2443,3940,3979,39
Truck150716,2777,2942,3895,3980,85
Truck150185,2224,2443,3730,3981,251
Truck150384,0,2444,3795,3981,186
Truck150388,2444,2443,3795,3981,186
Truck150530,2225,2566,3840,3981,141
Truck149137,1338,2443,3405,3983,578
Truck150431,3119,2443,3805,3983,178
Truck150522,2684,2567,3835,3983,148
Truck150894,2943,2942,3950,3983,33
Truck150213,2566,2443,3740,3984,244
Truck150808,1339,2683,3925,3984,59
Truck150984,1339,2567,3980,3984,4
Truck150135,2683,2942,3715,3985,270
Truck150646,2567,2443,3875,3985,110
Truck150732,2777,2942,3900,3985,85
Truck149474,2225,1338,3510,3986,476
Truck150201,2224,2443,3735,3986,251
Truck150404,2444,2443,3800,3986,186
Truck150579,2443,2942,3855,3987,132
Truck150805,2566,2444,3925,3987,62
Truck149153,1338,2443,3410,3988,578
Truck150535,2683,2225,3840,3988,148
Truck150722,2225,2567,3900,3988,88
Truck150883,2443,2684,3950,3988,38
Truck150910,2943,2942,3955,3988,33
Truck150229,2566,2443,3745,3989,244
Truck150330,2684,2224,3775,3989,214
Truck150777,2224,3119,3915,3989,74
Truck150890,2684,2443,3950,3989,39
Truck149489,1338,2225,3515,3990,475
Truck150203,2776,2224,3735,3991,256
Truck150217,2224,2443,3740,3991,251
Truck150419,2443,2444,3805,3991,186
Truck150420,2444,2443,3805,3991,186
Truck150554,2684,1339,3845,3991,146
Truck150587,2776,2942,3855,3991,136
Truck150763,2776,2443,3910,3991,81
Truck149169,1338,0,3415,3992,577
Truck150976,0,1339,3980,3992,12
Truck150245,2566,0,3750,3993,243
Truck150331,2776,2683,3775,3993,218
Truck150424,1339,2776,3805,3993,188
Truck150691,2443,2225,3890,3993,103
Truck150926,2943,2942,3960,3993,33
Truck149849,2224,0,3625,3994,369
Truck150269,2942,1339,3755,3994,239
Truck150294,2567,2566,3765,3994,229
Truck150120,1339,3119,3710,3995,285
Truck150264,1339,2942,3755,3995,240
Truck150807,2683,0,3925,3995,70
Truck150233,2224,2443,3745,3996,251
Truck150568,1339,2684,3850,3996,146
Truck150262,2567,2942,3755,3997,242
Truck150459,2776,3119,3815,3997,182
Truck149185,1338,2443,3420,3998,578
Truck149187,2443,1338,3420,3998,578
Truck150754,2225,2567,3910,3998,88
Truck150942,2943,2942,3965,3998,33
Truck149799,2683,2224,3610,3999,389
Truck149801,2224,2683,3610,3999,389
Truck150261,2566,2443,3755,3999,244
Truck150136,1339,3119,3715,4000,285
Truck150656,0,2443,3880,4000,120
Truck150669,2942,2224,3880,4000,120
Truck150746,2684,2942,3905,4000,95
Truck150308,2444,2683,3770,4001,231
Truck150584,1339,2684,3855,4001,146
Truck150619,2776,2942,3865,4001,136
Truck150096,0,3119,3705,4002,297
Truck150278,2567,2942,3760,4002,242
Truck149913,2224,1339,3645,4003,358
Truck150495,3119,2443,3825,4003,178
Truck150544,0,2684,3845,4003,158
Truck150707,2443,1339,3895,4003,108
Truck150958,2943,2942,3970,4003,33
Truck149601,1338,2566,3550,4004,454
Truck149912,1339,2224,3645,4004,359
Truck150277,2566,2443,3760,4004,244
Truck150378,2684,2224,3790,4004,214
Truck150427,2776,0,3805,4004,199
Truck150825,2224,3119,3930,4004,74
Truck149537,1338,2225,3530,4005,475
Truck150296,1339,2942,3765,4005,240
Truck150416,0,2776,3805,4005,200
Truck150668,2777,3119,3880,4005,125
Truck150796,2777,2942,3920,4005,85
Truck150839,2683,0,3935,4005,70
Truck149249,1338,1339,3440,4006,566
Truck150265,2224,2443,3755,4006,251
Truck150468,2444,2443,3820,4006,186
Truck149217,1338,2443,3430,4008,578
Truck150974,2943,2942,3975,4008,33
Truck149621,2566,1338,3555,4009,454
Truck150738,2225,2443,3905,4009,104
Truck150781,2942,2684,3915,4009,94
Truck151064,1339,2567,4005,4009,4
Truck150778,2684,2942,3915,4010,95
Truck150812,2777,2942,3925,4010,85
Truck150275,2443,2224,3760,4011,251
Truck150484,2444,0,3825,4011,186
Truck150616,1339,2684,3865,4011,146
Truck150651,2776,2942,3875,4011,136
Truck150586,2684,0,3855,4012,157
Truck150792,1339,2225,3920,4012,92
Truck150885,2566,2444,3950,4012,62
Truck149233,1338,2443,3435,4013,578
Truck150610,2225,2683,3865,4013,148
Truck150614,2567,2684,3865,4013,148
Truck150990,2943,2942,3980,4013,33
Truck149847,2683,2224,3625,4014,389
Truck150309,2566,2443,3770,4014,244
Truck150358,2567,2566,3785,4014,229
Truck150970,2684,2443,3975,4014,39
Truck150328,1339,2942,3775,4015,240
Truck150655,3119,2684,3875,4015,140
Truck150700,2777,3119,3890,4015,125
Truck150828,2777,2942,3930,4015,85
Truck150871,2683,0,3945,4015,70
Truck149570,2225,1338,3540,4016,476
Truck150288,0,2942,3765,4016,251
Truck150297,2224,2443,3765,4016,251
Truck150634,2684,1339,3870,4016,146
Truck150667,2776,2942,3880,4016,136
Truck150326,2567,2942,3775,4017,242
Truck150675,2443,2942,3885,4017,132
Truck151056,0,1339,4005,4017,12
Truck149251,2443,1338,3440,4018,578
Truck151006,2943,2942,3985,4018,33
Truck149929,2224,0,3650,4019,369
Truck150426,2684,2224,3805,4019,214
Truck150770,2225,2443,3915,4019,104
Truck150879,3119,2224,3945,4019,74
Truck150986,2684,2443,3980,4019,39
Truck150671,3119,2684,3880,4020,140
Truck150844,2777,2942,3935,4020,85
Truck150175,3119,0,3725,4021,296
Truck150516,2444,2443,3835,4021,186
Truck150551,2683,2684,3845,4021,176
Truck150658,2225,2566,3880,4021,141
Truck150859,2776,2443,3940,4021,81
Truck151062,2567,0,4005,4021,16
Truck150539,2776,3119,3840,4022,182
Truck150701,2942,2443,3890,4022,132
Truck151072,0,1339,4010,4022,12
Truck149127,2683,1338,3400,4023,623
Truck150647,2683,2225,3875,4023,148
Truck150786,2225,0,3920,4023,103
Truck151022,2943,2942,3990,4023,33
Truck150341,2566,2443,3780,4024,244
Truck150739,2443,0,3905,4024,119
Truck150889,2224,3119,3950,4024,74
Truck150935,2683,1339,3965,4024,59
Truck150127,3119,2683,3710,4025,315
Truck150360,1339,2942,3785,4025,240
Truck150518,2567,2776,3835,4025,190
Truck150860,2777,2942,3940,4025,85
Truck150861,2942,2777,3940,4025,85
Truck150555,2776,3119,3845,4027,182
Truck151088,0,1339,4015,4027,12
Truck149993,2224,1339,3670,4028,358
Truck150536,1339,2776,3840,4028,188
Truck150575,3119,2443,3850,4028,178
Truck150357,2566,2443,3785,4029,244
Truck150802,2225,2443,3925,4029,104
Truck150868,2444,2225,3945,4029,84
Truck151018,2684,2443,3990,4029,39
Truck150143,3119,2683,3715,4030,315
Truck150279,2683,2942,3760,4030,270
Truck150285,2942,2683,3760,4030,270
Truck150748,2777,3119,3905,4030,125
Truck150876,2777,2942,3945,4030,85
Truck150548,2444,2443,3845,4031,186
Truck150693,2566,2225,3890,4031,141
Truck150891,2776,2443,3950,4031,81
Truck151005,2942,3119,3985,4031,46
Truck150374,2567,2942,3790,4032,242
Truck150571,2776,3119,3850,4032,182
Truck150733,2942,2443,3900,4032,132
Truck149297,1338,2443,3455,4033,578
Truck150231,2683,2566,3745,4033,288
Truck150591,3119,2443,3855,4033,178
Truck150679,2683,2225,3885,4033,148
Truck150818,2225,0,3930,4033,103
Truck150882,2225,2444,3950,4033,83
Truck150368,0,2566,3790,4034,244
Truck150373,2566,2443,3790,4034,244
Truck150764,2777,3119,3910,4035,125
Truck150892,2777,2942,3950,4035,85
Truck150255,3119,2567,3750,4036,286
Truck150361,2224,2443,3785,4036,251
Truck150564,2444,2443,3850,4036,186
Truck150698,2684,1339,3890,4036,146
Truck149313,1338,0,3460,4037,577
Truck150390,2567,2942,3795,4037,242
Truck150749,2942,2443,3905,4037,132
Truck151070,2943,2942,4005,4038,33
Truck150389,2566,2443,3795,4039,244
Truck150783,3119,2777,3915,4039,124
Truck150787,2443,0,3920,4039,119
Truck150886,2567,2225,3950,4039,89
Truck150943,3119,2224,3965,4039,74
Truck150780,2777,3119,3915,4040,125
Truck150908,2777,2942,3955,4040,85
Truck150580,2444,2443,3855,4041,186
Truck150714,2684,1339,3895,4041,146
Truck150725,2566,2225,3900,4041,141
Truck149329,1338,2443,3465,4043,578
Truck151086,2943,2942,4010,4043,33
Truck150403,2443,2566,3800,4044,244
Truck150799,3119,2777,3920,4044,124
Truck150850,2225,2443,3940,4044,104
Truck150953,2224,3119,3970,4044,74
Truck150280,1339,3119,3760,4045,285
Truck150924,2777,2942,3960,4045,85
Truck150999,2683,2567,3985,4045,60
Truck149377,1338,1339,3480,4046,566
Truck150596,2444,2443,3860,4046,186
Truck150771,2443,2942,3915,4047,132
Truck149207,2683,1338,3425,4048,623
Truck149345,1338,2443,3470,4048,578
Truck150864,0,2225,3945,4048,103
Truck151102,2943,2942,4015,4048,33
Truck149749,2566,1338,3595,4049,454
Truck150819,2443,0,3930,4049,119
Truck151082,2684,2443,4010,4049,39
Truck150560,0,2776,3850,4050,200
Truck150940,2777,2942,3965,4050,85
Truck150400,0,2942,3800,4051,251
Truck150409,2224,2443,3800,4051,251
Truck150612,2444,2443,3865,4051,186
Truck150955,2776,2443,3970,4051,81
Truck149361,1338,2443,3475,4053,578
Truck151012,2444,2566,3990,4053,63
Truck151118,2943,2942,4020,4053,33
Truck149975,2683,2224,3665,4054,389
Truck150437,2566,2443,3810,4054,244
Truck150461,2942,1339,3815,4054,239
Truck150073,2224,2567,3695,4055,360
Truck150429,2942,0,3805,4055,250
Truck150922,2684,2942,3960,4055,95
Truck150956,2777,2942,3970,4055,85
Truck149698,2225,1338,3580,4056,476
Truck150425,2224,2443,3805,4056,251
Truck150624,0,2444,3870,4056,186
Truck150797,2942,2776,3920,4056,136
Truck149416,1339,1338,3490,4057,567
Truck150272,0,3119,3760,4057,297
Truck150454,2567,2942,3815,4057,242
Truck150666,2684,2683,3880,4057,177
Truck150803,2443,2942,3925,4057,132
Truck150659,2443,3119,3880,4058,178
Truck150962,2225,2444,3975,4058,83
Truck151134,2943,2942,4025,4058,33
Truck149781,2566,1338,3605,4059,454
Truck150453,2566,2443,3815,4059,244
Truck150847,3119,2777,3935,4059,124
Truck150851,2443,0,3940,4059,119
Truck150898,2225,2443,3955,4059,104
Truck150445,2942,0,3810,4060,250
Truck150472,1339,2942,3820,4060,240
Truck150938,2684,2942,3965,4060,95
Truck150972,2777,2942,3975,4060,85
Truck150435,2443,2224,3810,4061,251
Truck150644,2444,2443,3875,4061,186
Truck150987,2776,2443,3980,4061,81
Truck150470,2567,2942,3820,4062,242
Truck150501,2566,1339,3830,4062,232
Truck150682,2684,2683,3885,4062,177
Truck150829,2942,2443,3930,4062,132
Truck149392,0,1338,3485,4063,578
Truck149393,1338,2443,3485,4063,578
Truck150648,1339,2776,3875,4063,188
Truck150912,0,2225,3960,4063,103
Truck151150,2943,2942,4030,4063,33
Truck150469,2566,2443,3820,4064,244
Truck150914,2225,2443,3960,4064,104
Truck151130,2684,2443,4025,4064,39
Truck150448,0,2942,3815,4066,251
Truck151206,2567,0,4050,4066,16
Truck151238,2567,1339,4060,4066,6
Truck150835,2443,2942,3935,4067,132
Truck150845,2942,2443,3935,4067,132
Truck151038,2943,3119,3995,4067,72
Truck149265,1338,2683,3445,4068,623
Truck150752,0,2684,3910,4068,158
Truck150790,2567,2684,3920,4068,148
Truck151166,2943,2942,4035,4068,33
Truck149809,1338,2566,3615,4069,454
Truck150485,2566,2443,3825,4069,244
Truck150635,2776,0,3870,4069,199
Truck150930,2225,2443,3965,4069,104
Truck150477,2942,0,3820,4070,250
Truck151004,2777,2942,3985,4070,85
Truck150464,0,2942,3820,4071,251
Truck150473,2224,2443,3820,4071,251
Truck150676,2444,2443,3885,4071,186
Truck151254,2567,1339,4065,4071,6
Truck150502,2567,2942,3830,4072,242
Truck151054,2943,3119,4000,4072,72
Truck149287,2683,1338,3450,4073,623
Truck149425,1338,2443,3495,4073,578
Truck150719,3119,2443,3895,4073,178
Truck151076,2444,2566,4010,4073,63
Truck151182,2943,2942,4040,4073,33
Truck150728,1339,2444,3900,4074,174
Truck150899,2443,0,3955,4074,119
Truck150931,2443,2567,3965,4074,109
Truck151146,2684,2776,4030,4074,44
Truck151162,2684,2443,4035,4074,39
Truck150383,3119,1339,3790,4075,285
Truck150520,1339,2942,3835,4075,240
Truck150905,2224,2942,3955,4075,120
Truck151020,2777,2942,3990,4075,85
Truck151270,2567,1339,4070,4076,6
Truck150877,2942,2443,3945,4077,132
Truck149441,1338,2443,3500,4078,578
Truck150735,3119,2443,3900,4078,178
Truck150822,2567,2684,3930,4078,148
Truck150963,2443,2225,3975,4078,103
Truck151198,2943,2942,4045,4078,33
Truck150566,2567,2566,3850,4079,229
Truck150744,1339,2444,3905,4079,174
Truck150911,3119,2777,3955,4079,124
Truck151132,2777,2943,4025,4079,54
Truck150399,3119,1339,3795,4080,285
Truck150439,2683,2942,3810,4080,270
Truck150567,2683,2444,3850,4080,230
Truck150863,3119,2684,3940,4080,140
Truck150925,2942,2224,3960,4080,120
Truck151002,2684,2942,3985,4080,95
Truck151036,2777,2942,3995,4080,85
Truck150150,2567,2224,3720,4081,361
Truck151087,3119,2943,4010,4081,71
Truck150893,2942,2443,3950,4082,132
Truck151109,2566,2444,4020,4082,62
Truck149319,2683,1338,3460,4083,623
Truck149457,1338,2443,3505,4083,578
Truck150751,3119,2443,3905,4083,178
Truck150834,2225,2683,3935,4083,148
Truck151214,2943,2942,4050,4083,33
Truck149510,2567,1338,3520,4084,564
Truck149861,2566,1338,3630,4084,454
Truck151127,2683,1339,4025,4084,59
Truck151178,2684,2776,4040,4084,44
Truck151194,2684,2443,4045,4084,39
Truck150311,2683,3119,3770,4085,315
Truck150415,3119,1339,3800,4085,285
Truck150455,2683,2942,3815,4085,270
Truck150552,1339,2942,3845,4085,240
Truck150672,0,2776,3885,4085,200
Truck151052,2777,2942,4000,4085,85
Truck149505,1338,1339,3520,4086,566
Truck150724,2444,2443,3900,4086,186
Truck150866,2225,2566,3945,4086,141
Truck150909,2942,2443,3955,4087,132
Truck149473,1338,2443,3510,4088,578
Truck149521,1338,2567,3525,4088,563
Truck150405,2566,2683,3800,4088,288
Truck150731,2776,1339,3900,4088,188
Truck150767,3119,2443,3910,4088,178
Truck151230,2943,2942,4055,4088,33
Truck149873,1338,2566,3635,4089,454
Truck150573,2942,1339,3850,4089,239
Truck150598,2567,2566,3860,4089,229
Truck151046,2567,2225,4000,4089,89
Truck151210,2684,2443,4050,4089,39
Truck151111,2683,0,4020,4090,70
Truck150740,2444,2443,3905,4091,186
Truck151104,0,2683,4020,4091,71
Truck151048,1339,2225,4000,4092,92
Truck150665,2224,2684,3880,4093,213
Truck150874,2684,2567,3945,4093,148
Truck150565,2566,2443,3850,4094,244
Truck150995,2443,2567,3985,4094,109
Truck151119,3119,2224,4020,4094,74
Truck150487,2683,2942,3825,4095,270
Truck151084,2777,2942,4010,4095,85
Truck150447,3119,2567,3810,4096,286
Truck150756,2444,2443,3910,4096,186
Truck150923,2776,2942,3960,4096,136
Truck150582,2567,2942,3855,4097,242
Truck150613,2566,1339,3865,4097,232
Truck150941,2942,2443,3965,4097,132
Truck151156,2444,2566,4035,4098,63
Truck151262,2943,2942,4065,4098,33
Truck149909,2566,1338,3645,4099,454
Truck150630,2567,2566,3870,4099,229
Truck150979,2443,0,3980,4099,119
Truck151100,2777,2942,4015,4100,85
Truck150463,3119,2567,3815,4101,286
Truck150628,2444,2683,3870,4101,231
Truck150772,2444,0,3915,4101,186
Truck150957,2942,2443,3970,4102,132
Truck151080,1339,2225,4010,4102,92
Truck151336,1339,0,4090,4102,12
Truck151106,2225,2444,4020,4103,83
Truck151278,2943,2942,4070,4103,33
Truck150597,2566,2443,3860,4104,244
Truck150747,2776,0,3905,4104,199
Truck151042,2225,2443,4000,4104,104
Truck151108,2444,2225,4020,4104,84
Truck151258,2684,2443,4065,4104,39
Truck150525,2942,2683,3835,4105,270
Truck150820,2444,1339,3930,4105,175
Truck150988,2777,3119,3980,4105,125
Truck151116,2777,2942,4020,4105,85
Truck150576,0,2942,3855,4106,251
Truck150585,2224,2443,3855,4106,251
Truck150788,2444,2443,3920,4106,186
Truck150815,3119,2776,3925,4107,182
Truck151344,0,1339,4095,4107,12
Truck150249,2224,1339,3750,4108,358
Truck150831,3119,2443,3930,4108,178
Truck150947,2443,2683,3970,4108,138
Truck151294,2943,2942,4075,4108,33
Truck150151,2683,2224,3720,4109,389
Truck150608,0,2566,3865,4109,244
Truck151058,2225,2443,4005,4109,104
Truck151101,2942,2684,4015,4109,94
Truck151161,2224,3119,4035,4109,74
Truck150488,1339,3119,3825,4110,285
Truck150632,1339,2942,3870,4110,240
Truck150592,0,2942,3860,4111,251
Truck150804,2444,2443,3925,4111,186
Truck150946,2225,2566,3970,4111,141
Truck151168,0,2683,4040,4111,71
Truck150842,2684,2683,3935,4112,177
Truck149553,1338,2443,3535,4113,578
Truck151075,2443,2225,4010,4113,103
Truck151310,2943,2942,4080,4113,33
Truck149606,2567,1338,3550,4114,564
Truck150627,2443,2566,3870,4114,244
Truck150629,2566,2443,3870,4114,244
Truck151027,2443,0,3995,4114,119
Truck151074,2225,2443,4010,4114,104
Truck151140,2444,2225,4030,4114,84
Truck151183,3119,2224,4040,4114,74
Truck151224,1339,2683,4055,4114,59
Truck151290,2684,2443,4075,4114,39
Truck151024,0,2443,3995,4115,120
Truck151148,2777,2942,4030,4115,85
Truck150954,2684,1339,3970,4116,146
Truck150870,2567,2444,3945,4117,172
Truck149569,1338,2443,3540,4118,578
Truck150503,2683,2566,3830,4118,288
Truck151090,2225,0,4015,4118,103
Truck151326,2943,2942,4085,4118,33
Truck150643,2443,2566,3875,4119,244
Truck150645,2566,2443,3875,4119,244
Truck151306,2684,2443,4080,4119,39
Truck150664,1339,2942,3880,4120,240
Truck150836,2444,2443,3935,4121,186
Truck150978,2225,2566,3980,4121,141
Truck151003,2776,2942,3985,4121,136
Truck151179,2776,2443,4040,4121,81
Truck151021,2942,2443,3990,4122,132
Truck149585,1338,2443,3545,4123,578
Truck150517,2566,2683,3835,4123,288
Truck150761,2224,2684,3910,4123,213
Truck151342,2943,2942,4090,4123,33
Truck150661,2566,2443,3880,4124,244
Truck150811,2776,0,3925,4124,199
Truck151322,2684,2443,4085,4124,39
Truck150583,2683,2942,3855,4125,270
Truck150852,2444,2443,3940,4126,186
Truck150900,2444,2567,3955,4126,171
Truck150994,2225,2566,3985,4126,141
Truck151195,2776,2443,4045,4126,81
Truck150875,2776,3119,3945,4127,182
Truck151037,2942,2443,3995,4127,132
Truck149603,2443,1338,3550,4128,578
Truck151358,2943,2942,4095,4128,33
Truck150677,2566,2443,3885,4129,244
Truck150827,2776,0,3930,4129,199
Truck151165,2942,2684,4035,4129,94
Truck151225,2224,3119,4055,4129,74
Truck151231,3119,2224,4055,4129,74
Truck151338,2684,2443,4090,4129,39
Truck151068,2777,3119,4005,4130,125
Truck151196,2777,2942,4045,4130,85
Truck150527,3119,0,3835,4131,296
Truck150559,3119,2567,3845,4131,286
Truck150867,2443,2444,3945,4131,186
Truck150903,2683,2684,3955,4131,176
Truck151010,2225,2566,3990,4131,141
Truck151408,0,2567,4115,4131,16
Truck150906,2684,2683,3955,4132,177
Truck151043,2443,2942,4000,4132,132
Truck151246,2943,3119,4060,4132,72
Truck149617,1338,2443,3555,4133,578
Truck150329,2224,1339,3775,4133,358
Truck150549,2566,2683,3845,4133,288
Truck150775,2683,2776,3915,4133,218
Truck150779,2776,2683,3915,4133,218
Truck151374,2943,2942,4100,4133,33
Truck151138,2225,2443,4030,4134,104
Truck151204,2444,2225,4050,4134,84
Truck151241,2224,3119,4060,4134,74
Truck150615,2683,2942,3865,4135,270
Truck150621,2942,2683,3865,4135,270
Truck151212,2777,2942,4050,4135,85
Truck150543,3119,0,3840,4136,296
Truck151051,2776,2942,4000,4136,136
Truck151219,2443,2776,4055,4136,81
Truck150212,2444,1338,3740,4137,397
Truck151059,2443,2942,4005,4137,132
Truck149633,1338,2443,3560,4138,578
Truck150927,3119,2443,3960,4138,178
Truck151154,2225,0,4035,4138,103
Truck151390,2943,2942,4105,4138,33
Truck150313,2224,0,3770,4139,369
Truck150709,2566,2443,3895,4139,244
Truck151103,3119,2777,4015,4139,124
Truck151354,2684,2776,4095,4139,44
Truck151117,2942,2224,4020,4140,120
Truck151228,2777,2942,4055,4140,85
Truck150683,2776,2224,3885,4141,256
Truck150688,0,2942,3890,4141,251
Truck149649,1338,2443,3565,4143,578
Truck150581,2566,2683,3855,4143,288
Truck151026,2225,2683,3995,4143,148
Truck151034,2684,2567,3995,4143,148
Truck151300,2444,2566,4080,4143,63
Truck149702,2567,1338,3580,4144,564
Truck150263,2683,2224,3755,4144,389
Truck150720,0,2566,3900,4144,244
Truck151123,2443,0,4025,4144,119
Truck151386,2684,2443,4105,4144,39
Truck149985,1338,2225,3670,4145,475
Truck150600,1339,3119,3860,4145,285
Truck150607,3119,1339,3860,4145,285
Truck150902,2567,2776,3955,4145,190
Truck151244,2777,2942,4060,4145,85
Truck150713,2224,2443,3895,4146,251
Truck150915,2443,2444,3960,4146,186
Truck150916,2444,2443,3960,4146,186
Truck150964,2444,2567,3975,4146,171
Truck151083,2776,2942,4010,4146,136
Truck149704,1339,1338,3580,4147,567
Truck150773,2566,1339,3915,4147,232
Truck150939,2776,3119,3965,4147,182
Truck151091,2443,2942,4015,4147,132
Truck149665,1338,2443,3570,4148,578
Truck150959,3119,2443,3970,4148,178
Truck151176,1339,2443,4040,4148,108
Truck151250,2225,2444,4065,4148,83
Truck151422,2943,2942,4115,4148,33
Truck150741,2566,2443,3905,4149,244
Truck151135,3119,2777,4025,4149,124
Truck151186,2225,2443,4045,4149,104
Truck151512,1339,2567,4145,4149,4
Truck150336,0,2224,3780,4150,370
Truck150760,1339,2942,3910,4150,240
Truck151260,2777,2942,4065,4150,85
Truck150723,2443,2224,3900,4151,251
Truck150932,2444,2443,3965,4151,186
Truck151077,2566,2225,4010,4151,141
Truck151275,2776,2443,4070,4151,81
Truck149681,1338,2443,3575,4153,578
Truck150843,2776,2683,3935,4153,218
Truck150975,3119,2443,3975,4153,178
Truck151066,2684,2567,4005,4153,148
Truck151202,2225,0,4050,4153,103
Truck151438,2943,2942,4120,4153,33
Truck150085,2566,1338,3700,4154,454
Truck150295,2683,2224,3765,4154,389
Truck150757,2566,2443,3910,4154,244
Truck151418,2684,2443,4115,4154,39
Truck150934,2567,2776,3965,4155,190
Truck151242,2684,2942,4060,4155,95
Truck149729,1338,1339,3590,4156,566
Truck150639,3119,2567,3870,4156,286
Truck150745,2224,2443,3905,4156,251
Truck150948,2444,2443,3970,4156,186
Truck151115,2776,2942,4020,4156,136
Truck151405,2942,3119,4110,4156,46
Truck150774,2567,2942,3915,4157,242
Truck151050,2684,0,4000,4157,157
Truck149697,1338,2443,3580,4158,578
Truck150991,3119,2443,3980,4158,178
Truck151203,2443,1339,4050,4158,108
Truck151427,2443,2684,4120,4158,38
Truck151454,2943,2942,4125,4158,33
Truck150695,2683,2942,3890,4160,270
Truck151164,2777,3119,4035,4160,125
Truck151292,2777,2942,4075,4160,85
Truck151504,0,2567,4145,4161,16
Truck151139,2443,2942,4030,4162,132
Truck151469,2942,2943,4130,4162,32
Truck149713,1338,2443,3585,4163,578
Truck150971,2776,1339,3975,4163,188
Truck151007,3119,2443,3985,4163,178
Truck151094,2567,2684,4015,4163,148
Truck151098,2684,2567,4015,4163,148
Truck151234,2225,0,4060,4163,103
Truck151470,2943,2942,4130,4163,33
Truck150789,2566,2443,3920,4164,244
Truck150813,2942,1339,3925,4164,239
Truck150966,2567,2776,3975,4165,190
Truck151180,2777,3119,4040,4165,125
Truck151184,0,2443,4045,4165,120
Truck151308,2777,2942,4080,4165,85
Truck151406,2943,2777,4110,4165,55
Truck150662,2567,3119,3880,4167,287
Truck150806,2567,2942,3925,4167,242
Truck150840,1339,2566,3935,4167,232
Truck151155,2443,2942,4035,4167,132
Truck150887,2683,2776,3950,4168,218
Truck151023,3119,2443,3990,4168,178
Truck151114,2684,2567,4020,4168,148
Truck151486,2943,2942,4135,4168,33
Truck150345,2224,2683,3780,4169,389
Truck151400,1339,2683,4110,4169,59
Truck150065,1338,2225,3695,4170,475
Truck150680,1339,3119,3885,4170,285
Truck150727,2683,2942,3900,4170,270
Truck151324,2777,2942,4085,4170,85
Truck151163,2776,2942,4035,4171,136
Truck151181,2942,2443,4040,4172,132
Truck149745,1338,2443,3595,4173,578
Truck150457,2224,1339,3815,4173,358
Truck150907,2776,2683,3955,4173,218
Truck151000,1339,2776,3985,4173,188
Truck151039,3119,2443,3995,4173,178
Truck151502,2943,2942,4140,4173,33
Truck150821,2566,2443,3930,4174,244
Truck151482,2684,2443,4135,4174,39
Truck151340,2777,2942,4090,4175,85
Truck151383,2683,0,4105,4175,70
Truck149761,1338,2443,3600,4178,578
Truck151016,1339,2776,3990,4178,188
Truck151055,3119,2443,4000,4178,178
Truck151518,2943,2942,4145,4178,33
Truck149814,2567,1338,3615,4179,564
Truck150837,2566,2443,3935,4179,244
Truck151235,2443,0,4060,4179,119
Truck151267,2443,2567,4070,4179,109
Truck151282,2225,2443,4075,4179,104
Truck150759,2683,2942,3910,4180,270
Truck150765,2942,2683,3910,4180,270
Truck151356,2777,2942,4095,4180,85
Truck150687,3119,0,3885,4181,296
Truck150809,2224,2776,3925,4181,256
Truck150816,0,2942,3930,4181,251
Truck151170,2225,2566,4040,4181,141
Truck151363,2443,2776,4100,4181,81
Truck151574,2567,0,4165,4181,16
Truck150710,2567,3119,3895,4182,287
Truck150854,2567,2942,3940,4182,242
Truck151430,2567,2683,4120,4182,62
Truck149777,1338,2443,3605,4183,578
Truck151032,1339,2776,3995,4183,188
Truck151071,3119,2443,4005,4183,178
Truck151283,2443,1339,4075,4183,108
Truck151499,2776,2684,4140,4183,43
Truck151534,2943,2942,4150,4183,33
Truck150181,2566,1338,3730,4184,454
Truck150848,0,2566,3940,4184,244
Truck151247,3119,2777,4060,4184,124
Truck151251,2443,0,4065,4184,119
Truck151448,1339,2683,4125,4184,59
Truck151468,2777,2943,4130,4184,54
Truck151248,0,2443,4065,4185,120
Truck151372,2777,2942,4100,4185,85
Truck150841,2224,2443,3935,4186,251
Truck151044,2444,2443,4000,4186,186
Truck150901,2566,1339,3955,4187,232
Truck151229,2942,2443,4055,4187,132
Truck151600,0,1339,4175,4187,12
Truck149655,2683,1338,3565,4188,623
Truck149793,1338,2443,3610,4188,578
Truck150951,2683,2776,3970,4188,218
Truck151175,2683,2225,4040,4188,148
Truck151304,1339,2443,4080,4188,108
Truck151314,2225,0,4085,4188,103
Truck151550,2943,2942,4155,4188,33
Truck150918,2567,2566,3960,4189,229
Truck151464,1339,2683,4130,4189,59
Truck151514,2684,2776,4145,4189,44
Truck151530,2684,2443,4150,4189,39
Truck150888,1339,2942,3950,4190,240
Truck151008,0,2776,3990,4190,200
Truck151264,0,2443,4070,4190,120
Truck151388,2777,2942,4105,4190,85
Truck151060,2444,2443,4005,4191,186
Truck150742,2567,3119,3905,4192,287
Truck151067,2776,1339,4005,4193,188
Truck151223,2683,2443,4055,4193,138
Truck151328,0,2225,4090,4193,103
Truck151566,2943,2942,4160,4193,33
Truck150209,1338,2566,3740,4194,454
Truck151035,2776,0,3995,4194,199
Truck151330,2225,2443,4090,4194,104
Truck151276,2777,3119,4070,4195,125
Truck151370,2684,2942,4100,4195,95
Truck151404,2777,2942,4110,4195,85
Truck150873,2224,2443,3945,4196,251
Truck151218,2225,2566,4055,4196,141
Truck151243,2776,2942,4060,4196,136
Truck151245,2942,2776,4060,4196,136
Truck151616,0,2567,4180,4196,16
Truck150758,2567,3119,3910,4197,287
Truck150933,2566,1339,3965,4197,232
Truck149825,1338,2443,3620,4198,578
Truck151582,2943,2942,4165,4198,33
Truck151346,2225,2443,4095,4199,104
Truck151398,2567,2225,4110,4199,89
Truck150537,2224,2567,3840,4200,360
Truck150776,1339,3119,3915,4200,285
Truck150920,1339,2942,3960,4200,240
Truck151420,2777,2942,4115,4200,85
Truck151092,2444,2443,4015,4201,186
Truck151226,2684,1339,4055,4201,146
Truck151259,2776,2942,4065,4201,136
Truck151435,2776,2443,4120,4201,81
Truck151638,2567,0,4185,4201,16
Truck151142,2567,2444,4030,4202,172
Truck151648,0,1339,4190,4202,12
Truck149703,2683,1338,3580,4203,623
Truck149841,1338,2443,3625,4203,578
Truck149889,1338,2567,3640,4203,563
Truck151598,2943,2942,4170,4203,33
Truck150917,2566,2443,3960,4204,244
Truck151099,2776,2567,4015,4204,189
Truck151144,1339,2444,4030,4204,174
Truck151311,3119,2777,4080,4204,124
Truck151347,2443,2567,4095,4204,109
Truck151362,2225,2443,4100,4204,104
Truck151511,2683,1339,4145,4204,59
Truck150553,2224,2567,3845,4205,360
Truck150936,1339,2942,3965,4205,240
Truck151402,2684,2942,4110,4205,95
Truck150896,0,2942,3955,4206,251
Truck151253,2566,2225,4065,4206,141
Truck149896,1339,1338,3640,4207,567
Truck150965,2566,1339,3975,4207,232
Truck151131,2776,3119,4025,4207,182
Truck151293,2942,2443,4075,4207,132
Truck149857,1338,2443,3630,4208,578
Truck150569,2224,1339,3850,4208,358
Truck151019,2776,2683,3990,4208,218
Truck151378,2225,0,4105,4208,103
Truck151614,2943,2942,4175,4208,33
Truck149910,2567,1338,3645,4209,564
Truck151331,2443,0,4090,4209,119
Truck151594,2684,2443,4170,4209,39
Truck150528,0,2224,3840,4210,370
Truck150855,2683,2942,3940,4210,270
Truck150952,1339,2942,3970,4210,240
Truck151452,2777,2942,4125,4210,85
Truck150921,2224,2443,3960,4211,251
Truck150980,2444,2683,3980,4211,231
Truck151124,2444,2443,4025,4211,186
Truck151266,2225,2566,4070,4211,141
Truck151581,2942,3119,4165,4211,46
Truck150950,2567,2942,3970,4212,242
Truck150981,2566,1339,3980,4212,232
Truck151299,2443,2942,4080,4212,132
Truck151426,2225,1339,4120,4212,92
Truck151688,1339,0,4200,4212,12
Truck149921,1338,2567,3650,4213,563
Truck151167,3119,2443,4035,4213,178
Truck151630,2943,2942,4180,4213,33
Truck150489,2224,2683,3825,4214,389
Truck151379,2443,2567,4105,4214,109
Truck151394,2225,2443,4110,4214,104
Truck151544,1339,2683,4155,4214,59
Truck150968,1339,2942,3975,4215,240
Truck150973,2942,2567,3975,4215,240
Truck151382,2567,2443,4105,4215,110
Truck150937,2224,2443,3965,4216,251
Truck151519,3119,2943,4145,4216,71
Truck151718,2567,1339,4210,4216,6
Truck151325,2942,2443,4085,4217,132
Truck149751,2683,1338,3595,4218,623
Truck151274,2684,2567,4070,4218,148
Truck151646,2943,2942,4185,4218,33
Truck150505,2224,2683,3830,4219,389
Truck150989,2942,1339,3980,4219,239
Truck151410,2225,2443,4115,4219,104
Truck151559,2683,1339,4160,4219,59
Truck151369,2224,2942,4100,4220,120
Truck151484,2777,2942,4135,4220,85
Truck150944,0,2942,3970,4221,251
Truck151152,0,2444,4035,4221,186
Truck151288,1339,2684,4075,4221,146
Truck151298,2225,2566,4080,4221,141
Truck151301,2566,2225,4080,4221,141
Truck150838,2567,3119,3935,4222,287
Truck150982,2567,2942,3980,4222,242
Truck151341,2942,2443,4090,4222,132
Truck149767,2683,1338,3600,4223,623
Truck149905,1338,2443,3645,4223,578
Truck151199,3119,2443,4045,4223,178
Truck151662,2943,2942,4190,4223,33
Truck150305,1338,2566,3770,4224,454
Truck151576,1339,2683,4165,4224,59
Truck151466,2684,2942,4130,4225,95
Truck150969,2224,2443,3975,4226,251
Truck151171,2443,2444,4040,4226,186
Truck151339,2776,2942,4090,4226,136
Truck149960,1339,1338,3660,4227,567
Truck150500,2444,1338,3830,4227,397
Truck150998,2567,2942,3985,4227,242
Truck151357,2942,2443,4095,4227,132
Truck150853,2566,2683,3940,4228,288
Truck151215,3119,2443,4050,4228,178
Truck151443,2443,2225,4125,4228,103
Truck151678,2943,2942,4195,4228,33
Truck150325,2566,1338,3775,4229,454
Truck150997,2566,2443,3985,4229,244
Truck151485,2942,2684,4135,4229,94
Truck151392,0,2443,4110,4230,120
Truck151516,2777,2942,4145,4230,85
Truck151188,2444,2443,4045,4231,186
Truck151014,2567,2942,3990,4232,242
Truck151373,2942,2443,4100,4232,132
Truck149937,1338,2443,3655,4233,578
Truck150869,2566,2683,3945,4233,288
Truck151192,1339,2776,4045,4233,188
Truck151351,2683,2443,4095,4233,138
Truck151456,0,2225,4130,4233,103
Truck151694,2943,2942,4200,4233,33
Truck151011,2443,2566,3990,4234,244
Truck151013,2566,2443,3990,4234,244
Truck151411,2443,0,4115,4234,119
Truck151458,2225,2443,4130,4234,104
Truck151561,2224,3119,4160,4234,74
Truck151567,3119,2224,4160,4234,74
Truck151190,2567,2776,4045,4235,190
Truck151532,2777,2942,4150,4235,85
Truck151533,2942,2777,4150,4235,85
Truck150992,0,2942,3985,4236,251
Truck151568,0,2683,4165,4236,71
Truck149953,1338,2443,3660,4238,578
Truck151710,2943,2942,4205,4238,33
Truck151029,2566,2443,3995,4239,244
Truck151078,2567,2566,4010,4239,229
Truck151256,1339,2444,4065,4239,174
Truck151474,2225,2443,4135,4239,104
Truck151577,2224,3119,4165,4239,74
Truck150001,1338,1339,3675,4241,566
Truck151001,2224,2776,3985,4241,256
Truck151017,2224,2443,3990,4241,251
Truck151220,2444,2443,4055,4241,186
Truck151387,2776,2942,4105,4241,136
Truck151563,2776,2443,4160,4241,81
Truck151395,2443,2942,4110,4242,132
Truck149969,1338,2443,3665,4243,578
Truck151227,2776,1339,4055,4243,188
Truck151480,1339,2443,4135,4243,108
Truck151726,2943,2942,4210,4243,33
Truck150022,2567,1338,3680,4244,564
Truck150369,1338,2566,3790,4244,454
Truck151040,0,2566,4000,4244,244
Truck151045,2566,2443,4000,4244,244
Truck151490,2225,2443,4140,4244,104
Truck151639,2683,1339,4185,4244,59
Truck150823,2683,3119,3930,4245,315
Truck151436,2777,3119,4120,4245,125
Truck151453,2942,2224,4125,4245,120
Truck151564,2777,2942,4160,4245,85
Truck150895,3119,0,3950,4246,296
Truck151236,2444,2443,4060,4246,186
Truck151776,0,2567,4230,4246,16
Truck151096,1339,2566,4015,4247,232
Truck151741,2942,2943,4215,4247,32
Truck151279,3119,2443,4070,4248,178
Truck151367,2683,2225,4100,4248,148
Truck151491,2443,1339,4140,4248,108
Truck151742,2943,2942,4215,4248,33
Truck151061,2566,2443,4005,4249,244
Truck151211,2776,0,4050,4249,199
Truck151609,2224,3119,4175,4249,74
Truck151832,1339,2567,4245,4249,4
Truck150321,1338,2225,3775,4250,475
Truck150697,2224,2567,3890,4250,360
Truck151053,2942,0,4000,4250,250
Truck151085,2942,2567,4010,4250,240
Truck151494,2567,2443,4140,4250,110
Truck151580,2777,2942,4165,4250,85
Truck151049,2224,2443,4000,4251,251
Truck151252,2444,2443,4065,4251,186
Truck151419,2776,2942,4115,4251,136
Truck151595,2776,2443,4170,4251,81
Truck151830,2567,1339,4245,4251,6
Truck151560,1339,2225,4160,4252,92
Truck151295,3119,2443,4075,4253,178
Truck151758,2943,2942,4220,4253,33
Truck150617,2224,2683,3865,4254,389
Truck151565,2942,2684,4160,4254,94
Truck151625,2224,3119,4180,4254,74
Truck151671,2683,1339,4195,4254,59
Truck151069,2942,0,4005,4255,250
Truck151472,0,2443,4135,4255,120
Truck151596,2777,2942,4170,4255,85
Truck151268,2444,2443,4070,4256,186
Truck150056,1339,1338,3690,4257,567
Truck150017,1338,2443,3680,4258,578
Truck151093,2566,0,4015,4258,243
Truck151602,2225,2444,4175,4258,83
Truck150421,2566,1338,3805,4259,454
Truck151538,2225,2443,4155,4259,104
Truck151738,2684,2776,4215,4259,44
Truck151112,1339,2942,4020,4260,240
Truck151497,2224,2942,4140,4260,120
Truck151578,2684,2942,4165,4260,95
Truck151284,2444,2443,4075,4261,186
Truck151434,2684,3119,4120,4261,141
Truck151451,2776,2942,4125,4261,136
Truck151743,3119,2942,4215,4261,46
Truck150928,0,3119,3965,4262,297
Truck149895,2683,1338,3640,4263,623
Truck150033,1338,2443,3685,4263,578
Truck150967,2683,2566,3975,4263,288
Truck151327,3119,2443,4085,4263,178
Truck151376,0,2684,4105,4263,158
Truck151447,2683,2443,4125,4263,138
Truck150649,2224,2683,3875,4264,389
Truck151133,2942,1339,4025,4264,239
Truck151554,2225,2443,4160,4264,104
Truck151128,1339,2942,4025,4265,240
Truck151500,2777,3119,4140,4265,125
Truck151628,2777,2942,4180,4265,85
Truck151703,2683,2567,4205,4265,60
Truck150081,1338,1339,3700,4266,566
Truck151097,2224,2443,4015,4266,251
Truck151432,1339,2684,4120,4266,146
Truck151442,2225,2566,4125,4266,141
Truck151643,2776,2443,4185,4266,81
Truck151759,3119,2942,4220,4266,46
Truck151702,2567,2683,4205,4267,62
Truck150049,1338,2443,3690,4268,578
Truck151806,2943,2942,4235,4268,33
Truck151120,0,2566,4025,4269,244
Truck151125,2566,2443,4025,4269,244
Truck151523,2443,0,4150,4269,119
Truck151302,2567,2776,4080,4270,190
Truck151529,2224,2942,4150,4270,120
Truck151610,2684,2942,4175,4270,95
Truck151113,2224,2443,4020,4271,251
Truck151172,2444,2683,4040,4271,231
Truck151315,2443,2444,4085,4271,186
Truck151316,2444,2443,4085,4271,186
Truck151364,2444,2567,4100,4271,171
Truck151483,2776,2942,4135,4271,136
Truck151501,2942,2443,4140,4272,132
Truck151880,1339,0,4260,4272,12
Truck151359,3119,2443,4095,4273,178
Truck151475,2443,2683,4135,4273,138
Truck151822,2943,2942,4240,4273,33
Truck151323,2776,2567,4085,4274,189
Truck151586,2225,2443,4170,4274,104
Truck151689,2224,3119,4200,4274,74
Truck151802,2684,2443,4235,4274,39
Truck150919,2683,3119,3960,4275,315
Truck151191,2683,2444,4045,4275,230
Truck151536,0,2443,4155,4275,120
Truck151626,2684,2942,4180,4275,95
Truck151660,2777,2942,4190,4275,85
Truck151332,2444,2443,4090,4276,186
Truck151872,0,2567,4260,4276,16
Truck151838,2943,2942,4245,4278,33
Truck151307,2776,0,4080,4279,199
Truck151818,2684,2443,4240,4279,39
Truck151079,2683,2942,4010,4280,270
Truck151548,2777,3119,4155,4280,125
Truck151676,2777,2942,4195,4280,85
Truck151129,2224,2776,4025,4281,256
Truck151348,2444,2443,4095,4281,186
Truck151807,3119,2942,4235,4281,46
Truck150097,1338,0,3705,4282,577
Truck151450,2684,0,4125,4282,157
Truck151173,2566,0,4040,4283,243
Truck151221,2566,2567,4055,4283,228
Truck151255,2683,2776,4065,4283,218
Truck151273,2224,2684,4070,4283,213
Truck151391,3119,2443,4105,4283,178
Truck151440,0,2684,4125,4283,158
Truck151854,2943,2942,4250,4283,33
Truck151355,2776,2567,4095,4284,189
Truck151670,2567,2225,4195,4284,89
Truck151834,2684,2443,4245,4284,39
Truck150768,0,2224,3915,4285,370
Truck151095,2683,2942,4015,4285,270
Truck151197,2942,2567,4045,4285,240
Truck151692,2777,2942,4200,4285,85
Truck151693,2942,2777,4200,4285,85
Truck151147,2776,2224,4030,4286,256
Truck151531,2776,2942,4150,4286,136
Truck151823,3119,2942,4240,4286,46
Truck151549,2942,2443,4155,4287,132
Truck151765,2566,2444,4225,4287,62
Truck150113,1338,2443,3710,4288,578
Truck151289,2224,2684,4075,4288,213
Truck151371,2776,1339,4100,4288,188
Truck151407,3119,2443,4110,4288,178
Truck151624,1339,2443,4180,4288,108
Truck150166,2567,1338,3725,4289,564
Truck151187,2443,2566,4045,4289,244
Truck151189,2566,2443,4045,4289,244
Truck151213,2942,1339,4050,4289,239
Truck151416,1339,2444,4115,4289,174
Truck151850,2684,2443,4250,4289,39
Truck150449,1338,2225,3815,4290,475
Truck150784,0,2224,3920,4290,370
Truck151674,2684,2942,4195,4290,95
Truck151708,2777,2942,4205,4290,85
Truck151709,2942,2777,4205,4290,85
Truck151926,2567,0,4275,4291,16
Truck150705,1338,2444,3895,4292,397
Truck151237,2566,1339,4060,4292,232
Truck151240,1339,2566,4060,4292,232
Truck150129,1338,2443,3715,4293,578
Truck151291,2776,2683,4075,4293,218
Truck151635,2443,1339,4185,4293,108
Truck151886,2943,2942,4260,4293,33
Truck150743,2683,2224,3905,4294,389
Truck151200,0,2566,4050,4294,244
Truck151650,2225,2443,4190,4294,104
Truck150465,1338,2225,3820,4295,475
Truck151690,2684,2942,4200,4295,95
Truck151724,2777,2942,4210,4295,85
Truck151767,2683,0,4225,4295,70
Truck151193,2224,2443,4045,4296,251
Truck151396,2444,2443,4110,4296,186
Truck151444,2444,2567,4125,4296,171
Truck151775,3119,2943,4225,4296,71
Truck151942,2567,0,4280,4296,16
Truck151423,3119,2776,4115,4297,182
Truck151498,2684,0,4140,4297,157
Truck151774,2943,3119,4225,4297,72
Truck150857,2224,1339,3940,4298,358
Truck151439,3119,2443,4120,4298,178
Truck151488,0,2684,4140,4298,158
Truck151902,2943,2942,4265,4298,33
Truck151216,0,2566,4055,4299,244
Truck151651,2443,2567,4190,4299,109
Truck151666,2225,2443,4195,4299,104
Truck151882,2684,2443,4260,4299,39
Truck151143,2683,2942,4030,4300,270
Truck151149,2942,2683,4030,4300,270
Truck151612,2777,3119,4175,4300,125
Truck151740,2777,2942,4215,4300,85
Truck151209,2224,2443,4050,4301,251
Truck151412,2444,2443,4115,4301,186
Truck150161,1338,0,3725,4302,577
Truck150200,1339,1338,3735,4302,567
Truck151462,2567,2444,4130,4302,172
Truck151597,2942,2443,4170,4302,132
Truck151790,2943,3119,4230,4302,72
Truck151546,2684,2567,4155,4303,148
Truck151575,2683,2443,4165,4303,138
Truck151680,0,2225,4200,4303,103
Truck151918,2943,2942,4270,4303,33
Truck151682,2225,2443,4200,4304,104
Truck151725,2942,2684,4210,4304,94
Truck151785,2224,3119,4230,4304,74
Truck151261,2942,2567,4065,4305,240
Truck151287,2683,2444,4075,4305,230
Truck151583,3119,2684,4165,4305,140
Truck151632,0,2443,4185,4305,120
Truck151428,2444,2443,4120,4306,186
Truck151771,2776,2443,4225,4306,81
Truck151110,2567,3119,4020,4307,287
Truck151603,2443,2942,4175,4307,132
Truck151613,2942,2443,4175,4307,132
Truck150177,1338,2443,3730,4308,578
Truck151520,0,2684,4150,4308,158
Truck151746,2225,2567,4220,4308,88
Truck151934,2943,2942,4275,4308,33
Truck150791,2683,2224,3920,4309,389
Truck150793,2224,2683,3920,4309,389
Truck151277,2942,1339,4070,4309,239
Truck151403,2776,0,4110,4309,199
Truck151683,2443,2567,4200,4309,109
Truck151698,2225,2443,4205,4309,104
Truck151898,2684,2776,4265,4309,44
Truck151914,2684,2443,4270,4309,39
Truck151272,1339,2942,4070,4310,240
Truck151476,2444,1339,4135,4310,175
Truck151644,2777,3119,4185,4310,125
Truck151772,2777,2942,4225,4310,85
Truck151232,0,2942,4060,4311,251
Truck151611,2776,2942,4175,4311,136
Truck151779,2443,2776,4230,4311,81
Truck151787,2776,2443,4230,4311,81
Truck151629,2942,2443,4180,4312,132
Truck152000,0,1339,4300,4312,12
Truck150193,1338,2443,3735,4313,578
Truck151487,3119,2443,4135,4313,178
Truck151950,2943,2942,4280,4313,33
Truck150904,1339,2224,3955,4314,359
Truck151269,2566,2443,4070,4314,244
Truck151714,2225,2443,4210,4314,104
Truck151788,2777,2942,4230,4315,85
Truck151151,3119,2567,4030,4316,286
Truck151257,2224,2443,4065,4316,251
Truck151460,2444,2443,4130,4316,186
Truck150785,1338,2444,3920,4317,397
Truck151320,1339,2566,4085,4317,232
Truck151510,2567,2444,4145,4317,172
Truck151931,2776,2684,4275,4318,43
Truck151966,2943,2942,4285,4318,33
Truck151285,2566,2443,4075,4319,244
Truck151730,2225,2443,4215,4319,104
Truck151063,2683,3119,4005,4320,315
Truck151804,2777,2942,4235,4320,85
Truck152022,2567,0,4305,4321,16
Truck151526,2567,2444,4150,4322,172
Truck151778,2225,1339,4230,4322,92
Truck150225,1338,2443,3745,4323,578
Truck151157,2566,2683,4035,4323,288
Truck151731,2443,1339,4215,4323,108
Truck151982,2943,2942,4290,4323,33
Truck151962,2684,2443,4285,4324,39
Truck150561,1338,2225,3850,4325,475
Truck151786,2684,2942,4230,4325,95
Truck151820,2777,2942,4240,4325,85
Truck151492,2444,2443,4140,4326,186
Truck151642,2684,3119,4185,4326,141
Truck151659,2776,2942,4190,4326,136
Truck152032,0,2567,4310,4326,16
Truck151136,0,3119,4030,4327,297
Truck151174,2567,3119,4040,4327,287
Truck151318,2567,2942,4085,4327,242
Truck151542,2567,2444,4155,4327,172
Truck151677,2942,2443,4195,4327,132
Truck151870,2943,3119,4255,4327,72
Truck152048,0,1339,4315,4327,12
Truck150240,0,1338,3750,4328,578
Truck150241,1338,2443,3750,4328,578
Truck151496,1339,2776,4140,4328,188
Truck151535,3119,2443,4150,4328,178
Truck151584,0,2684,4170,4328,158
Truck151618,2225,2683,4180,4328,148
Truck151622,2567,2684,4180,4328,148
Truck151752,1339,2443,4220,4328,108
Truck151998,2943,2942,4295,4328,33
Truck151312,0,2566,4085,4329,244
Truck151317,2566,2443,4085,4329,244
Truck151978,2684,2443,4290,4329,39
Truck151239,2683,2942,4060,4330,270
Truck151836,2777,2942,4245,4330,85
Truck151305,2224,2443,4080,4331,251
Truck151507,2443,2444,4145,4331,186
Truck151508,2444,2443,4145,4331,186
Truck151658,2684,3119,4190,4331,141
Truck151675,2776,2942,4195,4331,136
Truck151851,2776,2443,4250,4331,81
Truck151551,3119,2443,4155,4333,178
Truck151667,2443,2683,4195,4333,138
Truck152014,2943,2942,4300,4333,33
Truck151208,1339,3119,4050,4335,285
Truck151352,1339,2942,4095,4335,240
Truck151852,2777,2942,4250,4335,85
Truck151380,2444,2683,4105,4336,231
Truck151524,2444,2443,4150,4336,186
Truck152102,2567,1339,4330,4336,6
Truck151562,2684,2683,4160,4337,177
Truck152080,0,1339,4325,4337,12
Truck150273,1338,2443,3760,4338,578
Truck151784,1339,2443,4230,4338,108
Truck152003,2443,2684,4300,4338,38
Truck152030,2943,2942,4305,4338,33
Truck151349,2566,2443,4095,4339,244
Truck151747,2443,0,4220,4339,119
Truck151794,2225,2443,4235,4339,104
Truck152010,2684,2443,4300,4339,39
Truck151271,2683,2942,4070,4340,270
Truck151368,1339,2942,4100,4340,240
Truck151868,2777,2942,4255,4340,85
Truck151869,2942,2777,4255,4340,85
Truck151321,2224,2776,4085,4341,256
Truck151883,2776,2443,4260,4341,81
Truck152118,2567,1339,4335,4341,6
Truck151222,2567,3119,4055,4342,287
Truck151366,2567,2942,4100,4342,242
Truck151715,2443,2942,4210,4342,132
Truck151842,2225,1339,4250,4342,92
Truck150145,1338,2683,3720,4343,623
Truck150289,1338,2443,3765,4343,578
Truck151800,1339,2443,4235,4343,108
Truck151360,0,2566,4100,4344,244
Truck151365,2566,2443,4100,4344,244
Truck151547,2776,2567,4155,4344,189
Truck151810,2225,2443,4240,4344,104
Truck151384,1339,2942,4105,4345,240
Truck151756,2777,3119,4220,4345,125
Truck150626,2225,1338,3870,4346,476
Truck151899,2776,2443,4265,4346,81
Truck150884,2444,1338,3950,4347,397
Truck151864,1339,2225,4255,4347,92
Truck152112,0,1339,4335,4347,12
Truck151816,1339,2443,4240,4348,108
Truck150985,2224,0,3980,4349,369
Truck151826,2225,2443,4245,4349,104
Truck151892,2444,2225,4265,4349,84
Truck151159,2683,3119,4035,4350,315
Truck151303,2683,2942,4080,4350,270
Truck151309,2942,2683,4080,4350,270
Truck151814,2567,2443,4240,4350,110
Truck151900,2777,2942,4265,4350,85
Truck151571,2443,2444,4165,4351,186
Truck151706,2684,1339,4205,4351,146
Truck152031,3119,2942,4305,4351,46
Truck151757,2942,2443,4220,4352,132
Truck151973,2566,2444,4290,4352,62
Truck151974,2567,2683,4290,4352,62
Truck150320,0,1338,3775,4353,578
Truck151033,2224,1339,3995,4353,358
Truck151579,2776,1339,4165,4353,188
Truck152078,2943,2942,4320,4353,33
Truck151446,2567,2566,4125,4354,229
Truck151795,2443,0,4235,4354,119
Truck151319,2683,2942,4085,4355,270
Truck151801,2224,2942,4235,4355,120
Truck151916,2777,2942,4270,4355,85
Truck151588,2444,2443,4170,4356,186
Truck151952,0,2683,4285,4356,71
Truck151414,2567,2942,4115,4357,242
Truck151615,3119,2776,4175,4357,182
Truck151763,2443,2942,4225,4357,132
Truck151773,2942,2443,4225,4357,132
Truck151989,2566,2444,4295,4357,62
Truck152093,2942,2943,4325,4357,32
Truck150337,1338,2443,3780,4358,578
Truck151631,3119,2443,4180,4358,178
Truck151922,2225,2444,4275,4358,83
Truck152059,2776,2684,4315,4358,43
Truck152094,2943,2942,4325,4358,33
Truck151413,2566,2443,4115,4359,244
Truck151858,2225,2443,4255,4359,104
Truck151961,2224,3119,4285,4359,74
Truck152074,2684,2443,4320,4359,39
Truck151335,2683,2942,4090,4360,270
Truck151932,2777,2942,4275,4360,85
Truck151604,2444,2443,4175,4361,186
Truck152144,0,2567,4345,4361,16
Truck150392,1339,1338,3795,4362,567
Truck150353,1338,2443,3785,4363,578
Truck151429,2566,0,4120,4363,243
Truck151515,2776,2683,4145,4363,218
Truck151647,3119,2443,4185,4363,178
Truck151734,2567,2684,4215,4363,148
Truck152110,2943,2942,4330,4363,33
Truck151874,2225,2443,4260,4364,104
Truck151977,2224,3119,4290,4364,74
Truck152200,1339,2567,4360,4364,4
Truck151421,2942,0,4115,4365,250
Truck151948,2777,2942,4280,4365,85
Truck150690,2225,1338,3890,4366,476
Truck151401,2224,2776,4110,4366,256
Truck151417,2224,2443,4115,4366,251
Truck151789,2942,2776,4230,4366,136
Truck151663,3119,2443,4190,4368,178
Truck151938,2225,2567,4280,4368,88
Truck152126,2943,2942,4335,4368,33
Truck150983,2683,2224,3980,4369,389
Truck151445,2566,2443,4125,4369,244
Truck151875,2443,2567,4260,4369,109
Truck151890,2225,2443,4265,4369,104
Truck152216,1339,2567,4365,4369,4
Truck151437,2942,0,4120,4370,250
Truck151668,2444,1339,4195,4370,175
Truck151964,2777,2942,4285,4370,85
Truck152007,2683,0,4300,4370,70
Truck152062,2943,2777,4315,4370,55
Truck151433,2224,2443,4120,4371,251
Truck151636,2444,2443,4185,4371,186
Truck151979,2776,2443,4290,4371,81
Truck151280,0,3119,4075,4372,297
Truck150385,1338,2443,3795,4373,578
Truck151640,1339,2776,4185,4373,188
Truck151679,3119,2443,4195,4373,178
Truck151728,0,2684,4215,4373,158
Truck151770,2684,2567,4225,4373,148
Truck151906,2225,0,4270,4373,103
Truck152142,2943,2942,4340,4373,33
Truck151459,2443,2566,4130,4374,244
Truck151461,2566,2443,4130,4374,244
Truck151389,2942,2683,4105,4375,270
Truck151684,2444,1339,4200,4375,175
Truck151894,2567,2443,4265,4375,110
Truck151980,2777,2942,4290,4375,85
Truck151449,2224,2443,4125,4376,251
Truck151652,2444,2443,4190,4376,186
Truck151797,2566,2225,4235,4376,141
Truck151334,2567,3119,4090,4377,287
Truck151478,2567,2942,4135,4377,242
Truck150257,1338,2683,3755,4378,623
Truck150401,1338,2443,3800,4378,578
Truck151333,2566,2683,4090,4378,288
Truck151695,3119,2443,4200,4378,178
Truck152158,2943,2942,4345,4378,33
Truck151015,2683,2224,3990,4379,389
Truck151081,2224,0,4010,4379,369
Truck151477,2566,2443,4135,4379,244
Truck152138,2684,2443,4340,4379,39
Truck151263,3119,2683,4065,4380,315
Truck151996,2777,2942,4295,4380,85
Truck151465,2224,2443,4130,4381,251
Truck152011,2776,2443,4300,4381,81
Truck152208,0,2567,4365,4381,16
Truck152214,2567,0,4365,4381,16
Truck150996,2444,1338,3985,4382,397
Truck151525,2566,1339,4150,4382,232
Truck151691,2776,3119,4200,4382,182
Truck151853,2942,2443,4250,4382,132
Truck152046,2943,3119,4310,4382,72
Truck150417,1338,2443,3805,4383,578
Truck151711,3119,2443,4205,4383,178
Truck152174,2943,2942,4350,4383,33
Truck150817,1338,2566,3930,4384,454
Truck151031,2683,2224,3995,4384,389
Truck151493,2566,2443,4140,4384,244
Truck151981,2942,2684,4290,4384,94
Truck152108,2777,2943,4330,4384,54
Truck151415,2683,2942,4115,4385,270
Truck151884,2777,3119,4260,4385,125
Truck152012,2777,2942,4300,4385,85
Truck151126,2567,2224,4025,4386,361
Truck151467,2776,2224,4130,4386,256
Truck152027,2776,2443,4305,4386,81
Truck152086,2567,2683,4325,4387,62
Truck150433,1338,2443,3810,4388,578
Truck151727,3119,2443,4210,4388,178
Truck151843,2443,2683,4250,4388,138
Truck152190,2943,2942,4355,4388,33
Truck151047,2683,2224,4000,4389,389
Truck151509,2566,2443,4145,4389,244
Truck151736,1339,2444,4215,4389,174
Truck151954,2225,2443,4285,4389,104
Truck152063,3119,2224,4315,4389,74
Truck152124,2777,2943,4335,4389,54
Truck152170,2684,2443,4350,4389,39
Truck151145,2224,2567,4030,4390,360
Truck151431,2683,2942,4120,4390,270
Truck152028,2777,2942,4305,4390,85
Truck151556,2444,2683,4160,4391,231
Truck151700,2444,0,4205,4391,186
Truck151735,2683,2684,4215,4391,176
Truck151845,2566,2225,4250,4391,141
Truck151025,1338,2444,3995,4392,397
Truck151028,2444,1338,3995,4392,397
Truck151885,2942,2443,4260,4392,132
Truck151955,2443,1339,4285,4393,108
Truck152206,2943,2942,4360,4393,33
Truck151065,2224,2683,4005,4394,389
Truck151923,2443,0,4275,4394,119
Truck151970,2225,2443,4290,4394,104
Truck152013,2942,2684,4300,4394,94
Truck152120,1339,2683,4335,4394,59
Truck151929,2224,2942,4275,4395,120
Truck152044,2777,2942,4310,4395,85
Truck151158,2567,2224,4035,4396,361
Truck151375,3119,0,4100,4396,296
Truck151572,2444,2683,4165,4396,231
Truck151866,2684,3119,4255,4396,141
Truck152175,3119,2942,4350,4396,46
Truck151573,2566,1339,4165,4397,232
Truck151754,2684,2683,4220,4397,177
Truck151891,2443,2942,4265,4397,132
Truck151901,2942,2443,4265,4397,132
Truck152024,1339,2225,4305,4397,92
Truck152117,2566,2444,4335,4397,62
Truck151879,2683,2443,4260,4398,138
Truck152222,2943,2942,4365,4398,33
Truck151986,2225,2443,4295,4399,104
Truck152038,2567,2225,4310,4399,89
Truck152186,2684,2776,4355,4399,44
Truck152202,2684,2443,4360,4399,39
Truck151591,2683,2444,4170,4400,230
Truck151949,2942,2224,4280,4400,120
Truck152060,2777,2942,4315,4400,85
Truck150513,1338,1339,3835,4401,566
Truck151732,2444,0,4215,4401,186
Truck152075,2776,2443,4320,4401,81
Truck151558,2567,2942,4160,4402,242
Truck152237,2942,2943,4370,4402,32
Truck150481,1338,2443,3825,4403,578
Truck151555,2443,2566,4160,4404,244
Truck151557,2566,2443,4160,4404,244
Truck151707,2776,0,4205,4404,199
Truck152002,2225,2443,4300,4404,104
Truck152218,2684,2443,4365,4404,39
Truck151343,3119,2683,4090,4405,315
Truck151607,2683,2444,4175,4405,230
Truck151696,0,2776,4205,4405,200
Truck152042,2684,2942,4310,4405,95
Truck152076,2777,2942,4320,4405,85
Truck151744,0,2444,4220,4406,186
Truck151748,2444,2443,4220,4406,186
Truck151915,2776,2942,4270,4406,136
Truck152091,2776,2443,4325,4406,81
Truck152127,3119,2943,4335,4406,71
Truck152205,2942,3119,4360,4406,46
Truck151798,2567,2444,4235,4407,172
Truck150497,1338,2443,3830,4408,578
Truck151655,2683,2776,4190,4408,218
Truck151878,2567,2684,4260,4408,148
Truck151907,2443,2683,4270,4408,138
Truck152254,2943,2942,4375,4408,33
Truck151177,2224,0,4040,4409,369
Truck151967,3119,2777,4285,4409,124
Truck151971,2443,0,4290,4409,119
Truck152018,2225,2443,4305,4409,104
Truck152121,2224,3119,4335,4409,74
Truck152234,2684,2443,4370,4409,39
Truck151495,2683,2942,4140,4410,270
Truck151592,1339,2942,4170,4410,240
Truck152092,2777,2942,4325,4410,85
Truck151455,3119,2567,4125,4411,286
Truck151620,2444,2683,4180,4411,231
Truck151764,2444,2443,4225,4411,186
Truck150375,2683,1338,3790,4413,623
Truck152082,2225,2567,4325,4413,88
Truck152270,2943,2942,4380,4413,33
Truck151589,2566,2443,4170,4414,244
Truck151739,2776,0,4215,4414,199
Truck152034,2225,2443,4310,4414,104
Truck152143,3119,2224,4340,4414,74
Truck151517,2942,2683,4145,4415,270
Truck151984,0,2443,4295,4415,120
Truck151993,2224,2942,4295,4415,120
Truck151780,2444,2443,4230,4416,186
Truck151424,0,3119,4120,4417,297
Truck151606,2567,2942,4175,4417,242
Truck151965,2942,2443,4285,4417,132
Truck152336,0,1339,4405,4417,12
Truck152180,2444,2566,4355,4418,63
Truck152286,2943,2942,4385,4418,33
Truck151605,2566,2443,4175,4419,244
Truck152050,2225,2443,4315,4419,104
Truck152153,2224,3119,4345,4419,74
Truck152159,3119,2224,4345,4419,74
Truck152090,2684,2942,4325,4420,95
Truck151796,2444,2443,4235,4421,186
Truck151928,1339,2684,4275,4421,146
Truck152360,1339,0,4410,4422,12
Truck150545,1338,2443,3845,4423,578
Truck151839,3119,2443,4245,4423,178
Truck151888,0,2684,4265,4423,158
Truck152302,2943,2942,4390,4423,33
Truck150949,2566,1338,3970,4424,454
Truck151619,2443,2566,4180,4424,244
Truck151645,2942,1339,4185,4424,239
Truck151722,2684,2224,4210,4424,214
Truck151803,2776,2567,4235,4424,189
Truck152169,2224,3119,4350,4424,74
Truck151760,0,2776,4225,4425,200
Truck152016,0,2443,4305,4425,120
Truck151471,3119,0,4130,4426,296
Truck151811,2443,2444,4240,4426,186
Truck151946,2684,1339,4280,4426,146
Truck151669,2566,1339,4195,4427,232
Truck151987,2443,2942,4295,4427,132
Truck151997,2942,2443,4295,4427,132
Truck151855,3119,2443,4250,4428,178
Truck152318,2943,2942,4395,4428,33
Truck151637,2566,2443,4185,4429,244
Truck152134,2567,2225,4340,4429,89
Truck152148,2444,2225,4345,4429,84
Truck151656,1339,2942,4190,4430,240
Truck151860,2444,1339,4255,4430,175
Truck152156,2777,2942,4345,4430,85
Truck152199,2683,0,4360,4430,70
Truck152231,2683,2567,4370,4430,60
Truck151828,2444,2443,4245,4431,186
Truck151654,2567,2942,4190,4432,242
Truck150577,1338,2443,3855,4433,578
Truck151859,2443,3119,4255,4433,178
Truck152098,2225,0,4330,4433,103
Truck152334,2943,2942,4400,4433,33
Truck151653,2566,2443,4190,4434,244
Truck152051,2443,0,4315,4434,119
Truck152172,2777,2942,4350,4435,85
Truck151286,2567,2224,4075,4436,361
Truck151503,3119,0,4140,4436,296
Truck151627,2776,2224,4180,4436,256
Truck151844,2444,2443,4250,4436,186
Truck151976,1339,2684,4290,4436,146
Truck152187,2776,2443,4355,4436,81
Truck152029,2942,2443,4305,4437,132
Truck150593,1338,2443,3860,4438,578
Truck151527,2683,2566,4150,4438,288
Truck151755,2776,2683,4220,4438,218
Truck151769,2224,2684,4225,4438,213
Truck151848,1339,2776,4250,4438,188
Truck151887,3119,2443,4260,4438,178
Truck151975,2683,2225,4290,4438,148
Truck152099,2443,1339,4330,4438,108
Truck151819,2776,0,4240,4439,199
Truck152114,2225,2443,4335,4439,104
Truck152217,2224,3119,4365,4439,74
Truck151661,2942,0,4190,4440,250
Truck152188,2777,2942,4355,4440,85
Truck151657,2224,2443,4190,4441,251
Truck151908,2444,2567,4270,4441,171
Truck152203,2776,2443,4360,4441,81
Truck152224,0,2683,4370,4441,71
Truck151686,2567,2942,4200,4442,242
Truck152045,2942,2443,4310,4442,132
Truck152238,2943,3119,4370,4442,72
Truck150609,1338,2443,3865,4443,578
Truck151903,3119,2443,4265,4443,178
Truck152194,2225,2444,4360,4443,83
Truck152366,2943,2942,4410,4443,33
Truck151685,2566,2443,4200,4444,244
Truck151867,2776,2567,4255,4444,189
Truck152279,2683,1339,4385,4444,59
Truck152346,2684,2443,4405,4444,39
Truck151704,1339,2942,4205,4445,240
Truck152204,2777,2942,4360,4445,85
Truck152247,2683,0,4375,4445,70
Truck151876,2444,2443,4260,4446,186
Truck152043,2776,2942,4310,4446,136
Truck152219,2776,2443,4365,4446,81
Truck152240,0,2683,4375,4446,71
Truck152422,2567,0,4430,4446,16
Truck152061,2942,2443,4315,4447,132
Truck151919,3119,2443,4270,4448,178
Truck152136,1339,2443,4340,4448,108
Truck152146,2225,0,4345,4448,103
Truck151701,2566,2443,4205,4449,244
Truck151750,2567,2566,4220,4449,229
Truck152131,2443,2567,4340,4449,109
Truck151337,2224,2567,4090,4450,360
Truck151720,1339,2942,4210,4450,240
Truck151751,2683,2444,4220,4450,230
Truck152109,2942,2224,4330,4450,120
Truck152220,2777,2942,4365,4450,85
Truck151927,2683,2684,4275,4451,176
Truck151930,2684,2683,4275,4452,177
Truck151994,2684,0,4295,4452,157
Truck150641,1338,2443,3875,4453,578
Truck152055,2683,2443,4315,4453,138
Truck152398,2943,2942,4420,4453,33
Truck151717,2566,2443,4210,4454,244
Truck150977,1338,2225,3980,4455,475
Truck151353,2224,2567,4095,4455,360
Truck151599,3119,1339,4170,4455,285
Truck152125,2942,2224,4335,4455,120
Truck152236,2777,2942,4370,4455,85
Truck151350,2567,2224,4095,4456,361
Truck151699,2443,2224,4205,4456,251
Truck151705,2224,2443,4205,4456,251
Truck152243,2443,2776,4375,4456,81
Truck150696,1339,1338,3890,4457,567
Truck151233,1338,2444,4060,4457,397
Truck151590,2567,3119,4170,4457,287
Truck152083,2443,2942,4325,4457,132
Truck150519,2683,1338,3835,4458,623
Truck150657,1338,2443,3880,4458,578
Truck152414,2943,2942,4425,4458,33
Truck151782,2567,2566,4230,4459,229
Truck152178,2225,2443,4355,4459,104
Truck152281,2224,3119,4385,4459,74
Truck152378,2684,2776,4415,4459,44
Truck151608,1339,3119,4175,4460,285
Truck151783,2683,2444,4230,4460,230
Truck152166,2567,2443,4350,4460,110
Truck152252,2777,2942,4375,4460,85
Truck152295,2683,0,4390,4460,70
Truck151712,0,2942,4210,4461,251
Truck151721,2224,2443,4210,4461,251
Truck151924,2444,2443,4275,4461,186
Truck152026,2684,0,4305,4462,157
Truck150529,1338,2683,3840,4463,623
Truck150673,1338,2443,3885,4463,578
Truck151835,2776,2683,4245,4463,218
Truck152058,2684,2567,4315,4463,148
Truck152395,2776,2684,4420,4463,43
Truck152430,2943,2942,4430,4463,33
Truck151749,2566,2443,4220,4464,244
Truck152343,2683,1339,4405,4464,59
Truck152410,2684,2443,4425,4464,39
Truck151385,2224,2567,4105,4465,360
Truck152095,3119,2684,4325,4465,140
Truck152140,2777,3119,4340,4465,125
Truck152268,2777,2942,4380,4465,85
Truck151723,2776,2224,4210,4466,256
Truck151737,2224,2443,4215,4466,251
Truck151940,2444,0,4280,4466,186
Truck152319,3119,2943,4395,4466,71
Truck151766,2567,2942,4225,4467,242
Truck151963,2776,3119,4285,4467,182
Truck152115,2443,2942,4335,4467,132
Truck152342,2567,2683,4405,4467,62
Truck150689,1338,2443,3890,4468,578
Truck152210,2225,2443,4365,4469,104
Truck152426,2684,2443,4430,4469,39
Truck151687,2683,2942,4200,4470,270
Truck151815,2683,2444,4240,4470,230
Truck151904,0,2776,4270,4470,200
Truck152250,2684,2942,4375,4470,95
Truck152284,2777,2942,4385,4470,85
Truck151753,2224,2443,4220,4471,251
Truck151956,2444,2443,4285,4471,186
Truck152106,2684,3119,4330,4471,141
Truck151999,3119,2443,4295,4473,178
Truck152462,2943,2942,4440,4473,33
Truck152329,2224,3119,4400,4474,74
Truck151041,1338,2225,4000,4475,475
Truck151805,2942,2567,4235,4475,240
Truck151920,0,2776,4275,4475,200
Truck152189,2942,2224,4355,4475,120
Truck152300,2777,2942,4390,4475,85
Truck151972,2444,2443,4290,4476,186
Truck152351,3119,2943,4405,4476,71
Truck152429,2942,3119,4430,4476,46
Truck152350,2943,3119,4405,4477,72
Truck150721,1338,2443,3900,4478,578
Truck150769,1338,2567,3915,4478,563
Truck152015,3119,2443,4300,4478,178
Truck152242,2225,0,4375,4478,103
Truck152478,2943,2942,4445,4478,33
Truck152458,2684,2443,4440,4479,39
Truck151821,2942,2567,4240,4480,240
Truck151847,2683,2444,4250,4480,230
Truck151936,0,2776,4280,4480,200
Truck152282,2684,2942,4385,4480,95
Truck152316,2777,2942,4395,4480,85
Truck151988,2444,2443,4295,4481,186
Truck152036,2444,2567,4310,4481,171
Truck152323,2443,2776,4400,4481,81
Truck152390,2567,2683,4420,4482,62
Truck152544,0,1339,4470,4482,12
Truck150737,1338,2443,3905,4483,578
Truck151861,2566,2567,4255,4483,228
Truck152256,0,2225,4380,4483,103
Truck152322,2225,2444,4400,4483,83
Truck152494,2943,2942,4450,4483,33
Truck151141,2566,1338,4030,4484,454
Truck151813,2566,2443,4240,4484,244
Truck151837,2942,1339,4245,4484,239
Truck151862,2567,2566,4255,4484,229
Truck152258,2225,2443,4380,4484,104
Truck152428,2777,2943,4430,4484,54
Truck152474,2684,2443,4445,4484,39
Truck152332,2777,2942,4400,4485,85
Truck152375,2683,0,4415,4485,70
Truck151792,0,2942,4235,4486,251
Truck152149,2566,2225,4345,4486,141
Truck152382,2943,3119,4415,4487,72
Truck150755,2443,1338,3910,4488,578
Truck152130,2225,2683,4340,4488,148
Truck152163,2443,2683,4350,4488,138
Truck152510,2943,2942,4455,4488,33
Truck151824,0,2566,4245,4489,244
Truck151829,2566,2443,4245,4489,244
Truck152274,2225,2443,4385,4489,104
Truck152490,2684,2443,4450,4489,39
Truck152348,2777,2942,4405,4490,85
Truck151808,0,2942,4240,4491,251
Truck152355,2443,2776,4410,4491,81
Truck152598,2567,1339,4485,4491,6
Truck152195,2443,2942,4360,4492,132
Truck152525,2942,2943,4460,4492,32
Truck150625,1338,2683,3870,4493,623
Truck151893,2566,2567,4265,4493,228
Truck152338,2225,2567,4405,4493,88
Truck152420,2444,2566,4430,4493,63
Truck152526,2943,2942,4460,4493,33
Truck151840,0,2566,4250,4494,244
Truck151995,2776,0,4295,4494,199
Truck152290,2225,2443,4390,4494,104
Truck152356,2444,2225,4410,4494,84
Truck152393,2224,3119,4420,4494,74
Truck152364,2777,2942,4410,4495,85
Truck151833,2224,2443,4245,4496,251
Truck152211,2443,2942,4365,4497,132
Truck152221,2942,2443,4365,4497,132
Truck152040,1339,2776,4310,4498,188
Truck152542,2943,2942,4465,4498,33
Truck151399,2683,2224,4110,4499,389
Truck152291,2443,2567,4390,4499,109
Truck152306,2225,2443,4395,4499,104
Truck152349,2942,2684,4405,4499,94
Truck152522,2684,2443,4460,4499,39
Truck152207,3119,2684,4360,4500,140
Truck152380,2777,2942,4415,4500,85
Truck151122,2225,1338,4025,4501,476
Truck151849,2224,2443,4250,4501,251
Truck152052,2444,2443,4315,4501,186
Truck150663,2683,1338,3880,4503,623
Truck150801,1338,2443,3925,4503,578
Truck151513,2224,1339,4145,4503,358
Truck151877,2566,0,4260,4503,243
Truck151959,2683,2776,4285,4503,218
Truck152386,2225,2444,4420,4503,83
Truck152558,2943,2942,4470,4503,33
Truck151205,2566,1338,4050,4504,454
Truck151896,1339,2942,4265,4505,240
Truck152310,2567,2443,4395,4505,110
Truck152396,2777,2942,4420,4505,85
Truck151856,0,2942,4255,4506,251
Truck151865,2224,2443,4255,4506,251
Truck152068,2444,2443,4320,4506,186
Truck150856,1339,1338,3940,4507,567
Truck152253,2942,2443,4375,4507,132
Truck152446,2943,3119,4435,4507,72
Truck152470,2567,2683,4445,4507,62
Truck152328,1339,2443,4400,4508,108
Truck152574,2943,2942,4475,4508,33
Truck151528,1339,2224,4150,4509,359
Truck152404,2444,2225,4425,4509,84
Truck152664,1339,2567,4505,4509,4
Truck151153,1338,2225,4035,4510,475
Truck151768,1339,3119,4225,4510,285
Truck152326,2567,2443,4400,4510,110
Truck152084,2444,2443,4325,4511,186
Truck152226,2225,2566,4370,4511,141
Truck152427,2776,2443,4430,4511,81
Truck150872,1339,1338,3945,4512,567
Truck152122,2684,2683,4335,4512,177
Truck152259,2443,2942,4380,4512,132
Truck152269,2942,2443,4380,4512,132
Truck152485,2566,2444,4450,4512,62
Truck150833,1338,2443,3935,4513,578
Truck151991,2683,2776,4295,4513,218
Truck152563,2443,2684,4475,4513,38
Truck152590,2943,2942,4480,4513,33
Truck151909,2566,2443,4270,4514,244
Truck152354,2225,2443,4410,4514,104
Truck152463,3119,2224,4440,4514,74
Truck152570,2684,2443,4475,4514,39
Truck151831,2683,2942,4245,4515,270
Truck151933,2942,2567,4275,4515,240
Truck152255,3119,2684,4375,4515,140
Truck151897,2224,2443,4265,4516,251
Truck152096,0,2444,4330,4516,186
Truck152100,2444,2443,4330,4516,186
Truck151960,1339,2566,4285,4517,232
Truck152150,2567,2444,4345,4517,172
Truck152285,2942,2443,4385,4517,132
Truck152501,2566,2444,4455,4517,62
Truck152605,2942,2943,4485,4517,32
Truck150849,1338,2443,3940,4518,578
Truck152107,2776,1339,4330,4518,188
Truck152230,2567,2684,4370,4518,148
Truck151463,2683,2224,4130,4519,389
Truck151925,2566,2443,4275,4519,244
Truck152436,2444,2225,4435,4519,84
Truck152473,2224,3119,4445,4519,74
Truck151944,1339,2942,4280,4520,240
Truck152358,2567,2443,4410,4520,110
Truck152444,2777,2942,4435,4520,85
Truck152116,2444,2443,4335,4521,186
Truck152139,2776,3119,4340,4522,182
Truck152301,2942,2443,4390,4522,132
Truck150865,1338,2443,3945,4523,578
Truck152275,2443,2683,4385,4523,138
Truck152622,2943,2942,4490,4523,33
Truck151479,2683,2224,4135,4524,389
Truck151481,2224,2683,4135,4524,389
Truck151545,2224,0,4155,4524,369
Truck151941,2566,2443,4280,4524,244
Truck152602,2684,2443,4485,4524,39
Truck151863,2683,2942,4255,4525,270
Truck152460,2777,2942,4440,4525,85
Truck152132,2444,2443,4340,4526,186
Truck152299,2776,2942,4390,4526,136
Truck151457,1338,2444,4130,4527,397
Truck151958,2567,2942,4285,4527,242
Truck152317,2942,2443,4395,4527,132
Truck152533,2566,2444,4465,4527,62
Truck150880,0,1338,3950,4528,578
Truck150881,1338,2443,3950,4528,578
Truck151593,2224,1339,4170,4528,358
Truck152611,2443,2684,4490,4528,38
Truck152402,2225,2443,4425,4529,104
Truck152445,2942,2684,4435,4529,94
Truck152442,2684,2942,4435,4530,95
Truck152476,2777,2942,4445,4530,85
Truck151945,2224,2443,4280,4531,251
Truck152183,2683,2684,4355,4531,176
Truck152196,2444,2567,4360,4531,171
Truck150753,1338,2683,3910,4533,623
Truck150897,1338,2443,3955,4533,578
Truck152191,3119,2443,4355,4533,178
Truck152307,2443,2683,4395,4533,138
Truck152654,2943,2942,4500,4533,33
Truck152418,2225,2443,4430,4534,104
Truck152744,1339,2567,4530,4534,4
Truck152023,2683,2444,4305,4535,230
Truck152492,2777,2942,4450,4535,85
Truck151947,2776,2224,4280,4536,256
Truck152164,2444,2443,4350,4536,186
Truck152499,2443,2776,4455,4536,81
Truck152266,2684,0,4380,4537,157
Truck150913,1338,2443,3960,4538,578
Truck150961,1338,2567,3975,4538,563
Truck152670,2943,2942,4505,4538,33
Truck152387,2443,0,4420,4539,119
Truck152434,2225,2443,4435,4539,104
Truck151917,2942,2683,4270,4540,270
Truck152008,1339,2942,4300,4540,240
Truck152508,2777,2942,4455,4540,85
Truck151968,0,2942,4290,4541,251
Truck152347,2776,2942,4405,4541,136
Truck152006,2567,2942,4300,4542,242
Truck150929,1338,2443,3965,4543,578
Truck151641,2224,1339,4185,4543,358
Truck152314,2684,2567,4395,4543,148
Truck152339,2443,2683,4405,4543,138
Truck152440,1339,2443,4435,4543,108
Truck151543,2683,2224,4155,4544,389
Truck152232,1339,2444,4370,4544,174
Truck152450,2225,2443,4440,4544,104
Truck152666,2684,2443,4505,4544,39
Truck151791,3119,2683,4230,4545,315
Truck152400,0,2443,4425,4545,120
Truck152341,2566,2225,4405,4546,141
Truck152246,2567,2444,4375,4547,172
Truck152298,2684,0,4390,4547,157
Truck152597,2566,2444,4485,4547,62
Truck150945,1338,2443,3970,4548,578
Truck152330,2684,2567,4400,4548,148
Truck152456,1339,2443,4440,4548,108
Truck152702,2943,2942,4515,4548,33
Truck152021,2566,2443,4305,4549,244
Truck152615,2683,1339,4490,4549,59
Truck151943,2683,2942,4280,4550,270
Truck152071,2683,2444,4320,4550,230
Truck152412,2777,3119,4425,4550,125
Truck152416,0,2443,4430,4550,120
Truck152425,2224,2942,4430,4550,120
Truck152540,2777,2942,4465,4550,85
Truck151871,3119,0,4255,4551,296
Truck152212,2444,2443,4365,4551,186
Truck152381,2942,2776,4415,4551,136
Truck152555,2776,2443,4470,4551,81
Truck152758,2567,0,4535,4551,16
Truck151540,2444,1338,4155,4552,397
Truck152397,2942,2443,4420,4552,132
Truck152514,2225,1339,4460,4552,92
Truck150960,0,1338,3975,4553,578
Truck151009,1338,2567,3990,4553,563
Truck152482,2225,0,4450,4553,103
Truck152483,2443,2225,4450,4553,103
Truck152683,2776,2684,4510,4553,43
Truck152718,2943,2942,4520,4553,33
Truck151672,1339,2224,4195,4554,359
Truck152585,2224,3119,4480,4554,74
Truck152698,2684,2443,4515,4554,39
Truck151673,2224,2567,4195,4555,360
Truck151912,1339,3119,4270,4555,285
Truck152432,0,2443,4435,4555,120
Truck152556,2777,2942,4470,4555,85
Truck152019,2443,2224,4305,4556,251
Truck152227,2443,2444,4370,4556,186
Truck152088,1339,2566,4325,4557,232
Truck152413,2942,2443,4425,4557,132
Truck152606,2943,3119,4485,4557,72
Truck152235,2776,1339,4370,4558,188
Truck151030,2567,1338,3995,4559,564
Truck151381,2566,1338,4105,4559,454
Truck152053,2566,2443,4315,4559,244
Truck152154,2684,2224,4345,4559,214
Truck152498,2225,2443,4455,4559,104
Truck152668,2777,2943,4505,4559,54
Truck151935,3119,1339,4275,4560,285
Truck152077,2942,2567,4320,4560,240
Truck152399,3119,2684,4420,4560,140
Truck152448,0,2443,4440,4560,120
Truck152572,2777,2942,4475,4560,85
Truck152647,2683,2567,4500,4560,60
Truck152041,2224,2443,4310,4561,251
Truck152244,2444,2443,4375,4561,186
Truck152411,2776,2942,4425,4561,136
Truck152587,2776,2443,4480,4561,81
Truck152623,3119,2943,4490,4561,71
Truck152070,2567,2942,4320,4562,242
Truck152104,1339,2566,4330,4562,232
Truck152419,2443,2942,4430,4562,132
Truck150993,1338,2443,3985,4563,578
Truck152155,2776,2683,4345,4563,218
Truck152251,2776,1339,4375,4563,188
Truck152750,2943,2942,4530,4563,33
Truck151397,2566,1338,4110,4564,454
Truck152069,2566,2443,4320,4564,244
Truck152588,2777,2942,4480,4565,85
Truck151951,3119,2567,4280,4566,286
Truck152603,2776,2443,4485,4566,81
Truck152362,2684,0,4410,4567,157
Truck152638,2943,3119,4495,4567,72
Truck152824,1339,0,4555,4567,12
Truck152303,3119,2443,4390,4568,178
Truck152766,2943,2942,4535,4568,33
Truck151409,1338,2566,4115,4569,454
Truck152085,2566,2443,4325,4569,244
Truck152639,3119,2224,4495,4569,74
Truck152730,2684,2776,4525,4569,44
Truck152604,2777,2942,4485,4570,85
Truck152276,2444,2443,4385,4571,186
Truck152324,2444,2567,4400,4571,171
Truck152619,2776,2443,4490,4571,81
Truck152822,2567,0,4555,4571,16
Truck152451,2443,2942,4440,4572,132
Truck152201,2224,2684,4360,4573,213
Truck152283,2776,1339,4385,4573,188
Truck152368,0,2684,4415,4573,158
Truck152101,2566,2443,4330,4574,244
Truck152589,2942,2684,4480,4574,94
Truck152695,2683,2567,4515,4575,60
Truck152089,2224,2443,4325,4576,251
Truck152292,2444,0,4390,4576,186
Truck152461,2942,2776,4440,4576,136
Truck152832,0,2567,4560,4576,16
Truck152394,2684,0,4420,4577,157
Truck152477,2942,2443,4445,4577,132
Truck152335,3119,2443,4400,4578,178
Truck152798,2943,2942,4545,4578,33
Truck152711,2683,1339,4520,4579,59
Truck151992,1339,3119,4295,4580,285
Truck152141,2942,2567,4340,4580,240
Truck152512,0,2443,4460,4580,120
Truck152636,2777,2942,4495,4580,85
Truck152854,2567,0,4565,4581,16
Truck152493,2942,2443,4450,4582,132
Truck152686,2943,3119,4510,4582,72
Truck152813,2942,2943,4550,4582,32
Truck151057,1338,2443,4005,4583,578
Truck152315,2776,1339,4395,4583,188
Truck152467,2443,2683,4445,4583,138
Truck152779,2776,2684,4540,4583,43
Truck152133,2566,2443,4340,4584,244
Truck152578,2225,2443,4480,4584,104
Truck152794,2684,2443,4545,4584,39
Truck151393,1338,2225,4110,4585,475
Truck151911,2683,3119,4270,4585,315
Truck152157,2942,2567,4345,4585,240
Truck152524,2777,3119,4460,4585,125
Truck152541,2942,2224,4465,4585,120
Truck152618,2684,2942,4490,4585,95
Truck152652,2777,2942,4500,4585,85
Truck152653,2942,2777,4500,4585,85
Truck151983,3119,0,4290,4586,296
Truck152667,2776,2443,4505,4586,81
Truck152688,0,2683,4515,4586,71
Truck152509,2942,2443,4455,4587,132
Truck151073,1338,2443,4010,4588,578
Truck152005,2566,2683,4300,4588,288
Truck152487,2683,2443,4450,4588,138
Truck152658,2225,2444,4505,4588,83
Truck152830,2943,2942,4555,4588,33
Truck152173,2942,1339,4350,4589,239
Truck152198,2567,2566,4360,4589,229
Truck152594,2225,2443,4485,4589,104
Truck152634,2684,2942,4495,4590,95
Truck152123,2776,2224,4335,4591,256
Truck152128,0,2942,4340,4591,251
Truck152137,2224,2443,4340,4591,251
Truck152340,2444,2443,4405,4591,186
Truck152363,2776,3119,4410,4592,182
Truck152515,2443,2942,4460,4592,132
Truck151089,1338,2443,4015,4593,578
Truck152165,2566,0,4350,4593,243
Truck152819,2443,2684,4555,4593,38
Truck152846,2943,2942,4560,4593,33
Truck152160,0,2566,4350,4594,244
Truck152392,1339,2444,4420,4594,174
Truck152610,2225,2443,4490,4594,104
Truck152810,2684,2776,4550,4594,44
Truck152184,1339,2942,4355,4595,240
Truck152304,0,2776,4395,4595,200
Truck152684,2777,2942,4510,4595,85
Truck152147,2443,2224,4345,4596,251
Truck152506,2684,3119,4455,4596,141
Truck152720,0,2683,4525,4596,71
Truck152531,2443,2942,4465,4597,132
Truck152734,2943,3119,4525,4597,72
Truck151105,1338,2443,4020,4598,578
Truck151107,2443,1338,4020,4598,578
Truck152037,2566,2683,4310,4598,288
Truck152267,2776,2683,4380,4598,218
Truck152835,2443,2684,4560,4598,38
Truck152862,2943,2942,4565,4598,33
Truck152179,2443,2566,4355,4599,244
Truck152181,2566,2443,4355,4599,244
Truck152331,2776,0,4400,4599,199
Truck152579,2443,0,4480,4599,119
Truck152626,2225,2443,4495,4599,104
Truck152842,2684,2443,4560,4599,39
Truck151817,2224,2567,4240,4600,360
Truck152700,2777,2942,4515,4600,85
Truck152228,2444,2683,4370,4601,231
Truck152407,2683,2684,4425,4601,176
Truck152539,2776,2942,4465,4601,136
Truck152736,0,2683,4530,4601,71
Truck151160,1339,1338,4035,4602,567
Truck152547,2443,2942,4470,4602,132
Truck151121,1338,2443,4025,4603,578
Truck152878,2943,2942,4570,4603,33
Truck152192,0,2566,4360,4604,244
Truck152197,2566,2443,4360,4604,244
Truck152642,2225,2443,4500,4604,104
Truck152685,2942,2684,4510,4604,94
Truck152119,2683,2942,4335,4605,270
Truck152592,0,2443,4485,4605,120
Truck152716,2777,2942,4520,4605,85
Truck152814,2943,2777,4550,4605,55
Truck152047,3119,0,4310,4606,296
Truck152171,2776,2224,4350,4606,256
Truck152176,0,2942,4355,4606,251
Truck152185,2224,2443,4355,4606,251
Truck152388,2444,2443,4420,4606,186
Truck152530,2225,2566,4465,4606,141
Truck152767,3119,2943,4535,4606,71
Truck151716,2444,1338,4210,4607,397
Truck152248,1339,2566,4375,4607,232
Truck152696,1339,2225,4515,4607,92
Truck152789,2566,2444,4545,4607,62
Truck151137,1338,2443,4030,4608,578
Truck152656,0,2225,4505,4608,103
Truck152894,2943,2942,4575,4608,33
Truck151541,2566,1338,4155,4609,454
Truck152213,2566,2443,4365,4609,244
Truck152724,2444,2225,4525,4609,84
Truck152807,2683,1339,4550,4609,59
Truck152874,2684,2443,4570,4609,39
Truck151473,1338,2225,4135,4610,475
Truck152646,2567,2443,4500,4610,110
Truck152732,2777,2942,4525,4610,85
Truck152260,2444,2683,4380,4611,231
Truck152439,2683,2684,4435,4611,176
Truck152538,2684,1339,4465,4611,146
Truck152549,2566,2225,4470,4611,141
Truck152863,3119,2942,4565,4611,46
Truck152431,3119,2776,4430,4612,182
Truck152782,2943,3119,4540,4612,72
Truck152087,2683,2566,4325,4613,288
Truck152229,2566,0,4370,4613,243
Truck152675,2443,2225,4510,4613,103
Truck152674,2225,2443,4510,4614,104
Truck152777,2224,3119,4540,4614,74
Truck152620,2777,3119,4490,4615,125
Truck152748,2777,2942,4530,4615,85
Truck152079,3119,0,4320,4616,296
Truck152111,3119,2567,4330,4616,286
Truck152277,2566,1339,4385,4617,232
Truck152447,3119,2776,4435,4617,182
Truck152728,1339,2225,4525,4617,92
Truck151169,1338,2443,4040,4618,578
Truck152551,2683,2225,4470,4618,148
Truck152554,2684,2567,4470,4618,148
Truck152820,2444,2566,4555,4618,63
Truck152926,2943,2942,4585,4618,33
Truck152245,2566,2443,4375,4619,244
Truck152690,2225,2443,4515,4619,104
Truck152890,2684,2776,4575,4619,44
Truck152906,2684,2443,4580,4619,39
Truck152591,3119,2684,4480,4620,140
Truck152764,2777,2942,4535,4620,85
Truck151506,2225,1338,4145,4621,476
Truck152435,2443,2444,4435,4621,186
Truck152471,2683,2684,4445,4621,176
Truck151761,1338,2444,4225,4622,397
Truck152459,2776,3119,4440,4622,182
Truck152621,2942,2443,4490,4622,132
Truck152941,2942,2943,4590,4622,32
Truck151185,1338,2443,4045,4623,578
Truck152479,3119,2443,4445,4623,178
Truck152562,2225,2683,4475,4623,148
Truck152942,2943,2942,4590,4623,33
Truck151799,2683,2224,4235,4624,389
Truck152261,2566,2443,4380,4624,244
Truck152749,2942,2684,4530,4624,94
Truck152280,1339,2942,4385,4625,240
Truck152780,2777,2942,4540,4625,85
Truck151522,2225,1338,4150,4626,476
Truck152249,2224,2443,4375,4626,251
Truck152308,2444,2683,4395,4626,231
Truck152909,2942,3119,4580,4626,46
Truck152278,2567,2942,4385,4627,242
Truck152309,2566,1339,4395,4627,232
Truck152957,2942,2943,4595,4627,32
Truck151201,1338,2443,4050,4628,578
Truck151913,2224,1339,4270,4628,358
Truck152135,2683,2566,4340,4628,288
Truck152723,2443,2225,4525,4628,103
Truck152852,2444,2566,4565,4628,63
Truck152958,2943,2942,4595,4628,33
Truck152722,2225,2443,4525,4629,104
Truck152765,2942,2684,4535,4629,94
Truck152872,1339,2683,4570,4629,59
Truck152938,2684,2443,4590,4629,39
Truck152710,2567,2443,4520,4630,110
Truck152796,2777,2942,4545,4630,85
Truck151910,2567,2224,4270,4631,361
Truck152468,2444,2443,4445,4631,186
Truck152637,2942,2776,4495,4631,136
Truck152294,2567,2942,4390,4632,242
Truck152495,3119,2776,4450,4632,182
Truck152770,2225,1339,4540,4632,92
Truck152151,2683,2566,4345,4633,288
Truck152379,2776,2683,4415,4633,218
Truck152511,3119,2443,4455,4633,178
Truck152599,2683,2225,4485,4633,148
Truck152974,2943,2942,4600,4633,33
Truck151621,2566,1338,4180,4634,454
Truck152293,2566,2443,4390,4634,244
Truck152781,2942,2684,4540,4634,94
Truck152790,2567,2225,4545,4634,89
Truck152954,2684,2443,4595,4634,39
Truck152701,2942,2224,4515,4635,120
Truck152778,2684,2942,4540,4635,95
Truck152812,2777,2942,4550,4635,85
Truck152272,0,2942,4385,4636,251
Truck152484,2444,2443,4450,4636,186
Truck152651,2776,2942,4500,4636,136
Truck152827,2776,2443,4555,4636,81
Truck151812,2444,1338,4240,4637,397
Truck152885,2566,2444,4575,4637,62
Truck152488,1339,2776,4450,4638,188
Truck152527,3119,2443,4460,4638,178
Truck152739,2443,1339,4530,4638,108
Truck152884,2444,2566,4575,4638,63
Truck152990,2943,2942,4605,4638,33
Truck152333,2942,1339,4400,4639,239
Truck152491,2776,2567,4450,4639,189
Truck152754,2225,2443,4535,4639,104
Truck152970,2684,2443,4600,4639,39
Truck152359,2683,2444,4410,4640,230
Truck152532,2444,1339,4465,4640,175
Truck151570,2225,1338,4165,4641,476
Truck152297,2224,2443,4390,4641,251
Truck152500,2444,0,4455,4641,186
Truck152535,2683,2684,4465,4641,176
Truck152548,2444,2567,4470,4641,171
Truck152843,2776,2443,4560,4641,81
Truck152864,0,2683,4570,4641,71
Truck153040,0,2567,4625,4641,16
Truck152523,2776,3119,4460,4642,182
Truck153064,1339,0,4630,4642,12
Truck151249,1338,2443,4065,4643,578
Truck152543,3119,2443,4465,4643,178
Truck152663,2683,2443,4505,4643,138
Truck153006,2943,2942,4610,4643,33
Truck152320,0,2566,4400,4644,244
Truck152325,2566,2443,4400,4644,244
Truck152879,3119,2224,4570,4644,74
Truck152986,2684,2443,4605,4644,39
Truck152464,0,2776,4445,4645,200
Truck152733,2942,2224,4525,4645,120
Truck152844,2777,2942,4560,4645,85
Truck152313,2224,2443,4395,4646,251
Truck152516,2444,2443,4460,4646,186
Truck152859,2776,2443,4565,4646,81
Truck152880,0,2683,4575,4646,71
Truck151265,1338,2443,4070,4648,578
Truck152559,3119,2443,4470,4648,178
Truck152650,2684,2567,4500,4648,148
Truck152786,2225,0,4545,4648,103
Truck152787,2443,2225,4545,4648,103
Truck152916,2444,2566,4585,4648,63
Truck153022,2943,2942,4615,4648,33
Truck151881,2224,2683,4260,4649,389
Truck153112,1339,2567,4645,4649,4
Truck152564,2444,1339,4475,4650,175
Truck152860,2777,2942,4565,4650,85
Truck152875,2776,2443,4570,4651,81
Truck152911,3119,2943,4580,4651,71
Truck152989,2942,3119,4605,4651,46
Truck152707,2443,2942,4520,4652,132
Truck152717,2942,2443,4520,4652,132
Truck152910,2943,3119,4580,4652,72
Truck151281,1338,2443,4075,4653,578
Truck152443,2776,2683,4435,4653,218
Truck152575,3119,2443,4475,4653,178
Truck152691,2443,2683,4515,4653,138
Truck152802,2225,0,4550,4653,103
Truck151895,2683,2224,4265,4654,389
Truck152357,2566,2443,4410,4654,244
Truck152507,2776,0,4455,4654,199
Truck152755,2443,0,4535,4654,119
Truck152972,2777,2943,4600,4654,54
Truck153018,2684,2443,4615,4654,39
Truck152534,2567,2776,4465,4655,190
Truck152876,2777,2942,4570,4655,85
Truck151329,1338,1339,4090,4656,566
Truck152596,2444,2567,4485,4656,171
Truck153007,3119,2942,4610,4656,46
Truck152586,2684,2683,4480,4657,177
Truck152856,1339,2225,4565,4657,92
Truck153104,0,1339,4645,4657,12
Truck151296,0,1338,4080,4658,578
Truck151297,1338,2443,4080,4658,578
Truck152009,2224,1339,4300,4658,358
Truck152455,2683,2776,4440,4658,218
Truck152682,2684,2567,4510,4658,148
Truck152803,2443,1339,4550,4658,108
Truck153054,2943,2942,4625,4658,33
Truck152373,2566,2443,4415,4659,244
Truck152818,2225,2443,4555,4659,104
Truck152988,2777,2943,4605,4659,54
Truck153034,2684,2443,4620,4659,39
Truck152892,2777,2942,4575,4660,85
Truck151634,2225,1338,4185,4661,476
Truck152223,3119,0,4365,4661,296
Truck152361,2224,2443,4410,4661,251
Truck152612,2444,2567,4490,4661,171
Truck152866,2225,1339,4570,4662,92
Truck151313,1338,2443,4085,4663,578
Truck151361,1338,2567,4100,4663,563
Truck152489,2224,2684,4450,4663,213
Truck152595,2443,3119,4485,4663,178
Truck152607,3119,2443,4485,4663,178
Truck153070,2943,2942,4630,4663,33
Truck152389,2566,2443,4420,4664,244
Truck152834,2225,2443,4560,4664,104
Truck152886,2567,2225,4575,4664,89
Truck152408,1339,2942,4425,4665,240
Truck152908,2777,2942,4580,4665,85
Truck152239,3119,0,4370,4666,296
Truck152271,3119,2567,4380,4666,286
Truck152377,2224,2443,4415,4666,251
Truck152580,2444,0,4480,4666,186
Truck151905,1338,2444,4270,4667,397
Truck152262,2567,3119,4380,4667,287
Truck152888,1339,2225,4575,4667,92
Truck152453,2566,2567,4440,4668,228
Truck152505,2224,2684,4455,4668,213
Truck152840,1339,2443,4560,4668,108
Truck153086,2943,2942,4635,4668,33
Truck151733,2566,1338,4215,4669,454
Truck152405,2566,2443,4425,4669,244
Truck152850,2225,2443,4565,4669,104
Truck152893,2942,2684,4575,4669,94
Truck152424,1339,2942,4430,4670,240
Truck152582,2567,2776,4480,4670,190
Truck152800,0,2443,4550,4670,120
Truck152924,2777,2942,4585,4670,85
Truck152925,2942,2777,4585,4670,85
Truck152738,2225,2566,4530,4671,141
Truck152763,2776,2942,4535,4671,136
Truck152931,2443,2776,4590,4671,81
Truck153053,2942,3119,4625,4671,46
Truck152771,2443,2942,4540,4672,132
Truck152898,2225,1339,4580,4672,92
Truck152904,1339,2225,4580,4672,92
Truck151207,2683,1338,4050,4673,623
Truck151345,1338,2443,4095,4673,578
Truck153067,2776,2684,4630,4673,43
Truck153075,2443,2684,4635,4673,38
Truck153102,2943,2942,4640,4673,33
Truck152969,2224,3119,4600,4674,74
Truck152975,3119,2224,4600,4674,74
Truck152057,2224,2567,4315,4675,360
Truck152940,2777,2942,4590,4675,85
Truck153038,2943,2777,4620,4675,55
Truck152409,2224,2443,4425,4676,251
Truck152746,2684,1339,4530,4676,146
Truck152662,2567,2444,4505,4677,172
Truck152714,2684,0,4520,4677,157
Truck152797,2942,2443,4545,4677,132
Truck151217,1338,2683,4055,4678,623
Truck152616,1339,2776,4490,4678,188
Truck152655,3119,2443,4500,4678,178
Truck152742,2567,2684,4530,4678,148
Truck153118,2943,2942,4645,4678,33
Truck152882,2225,2443,4575,4679,104
Truck153032,1339,2683,4620,4679,59
Truck152365,2942,2683,4410,4680,270
Truck152828,2777,3119,4555,4680,125
Truck152628,2444,2443,4495,4681,186
Truck152454,2567,2942,4440,4682,242
Truck152930,2225,1339,4590,4682,92
Truck153030,2567,2683,4620,4682,62
Truck153192,1339,0,4670,4682,12
Truck151377,1338,2443,4105,4683,578
Truck152659,2443,3119,4505,4683,178
Truck152899,2443,2225,4580,4683,103
Truck153134,2943,2942,4650,4683,33
Truck151781,2566,1338,4230,4684,454
Truck153098,2684,2776,4640,4684,44
Truck152472,1339,2942,4445,4685,240
Truck152441,2224,2443,4435,4686,251
Truck152643,2443,2444,4500,4686,186
Truck152811,2776,2942,4550,4686,136
Truck152829,2942,2443,4555,4687,132
Truck152946,2225,1339,4595,4687,92
Truck153149,2942,2943,4655,4687,32
Truck152105,2224,1339,4330,4688,358
Truck152469,2566,0,4445,4688,243
Truck152914,2225,0,4585,4688,103
Truck153123,2443,2684,4650,4688,38
Truck153017,2224,3119,4615,4689,74
Truck152064,0,2224,4320,4690,370
Truck152660,2444,2443,4505,4691,186
Truck153003,2776,2443,4610,4691,81
Truck152571,2776,2683,4475,4693,218
Truck152703,3119,2443,4515,4693,178
Truck152823,2683,2443,4555,4693,138
Truck153139,2443,2684,4655,4693,38
Truck152025,2224,2683,4305,4694,389
Truck152996,2444,2225,4610,4694,84
Truck153033,2224,3119,4620,4694,74
Truck153130,2684,2776,4650,4694,44
Truck152504,1339,2942,4455,4695,240
Truck153004,2777,2942,4610,4695,85
Truck152676,2444,2443,4510,4696,186
Truck152004,2444,1338,4300,4697,397
Truck152502,2567,2942,4455,4697,242
Truck152851,2443,2942,4565,4697,132
Truck153078,2567,2683,4635,4697,62
Truck153232,0,1339,4685,4697,12
Truck151425,1338,2443,4120,4698,578
Truck152944,0,2225,4595,4698,103
Truck153147,2776,2684,4655,4698,43
Truck152039,2683,2224,4310,4699,389
Truck152550,2567,2566,4470,4699,229
Truck152287,3119,2683,4385,4700,315
Truck152376,1339,3119,4415,4700,285
Truck151762,2225,1338,4225,4701,476
Truck152475,2776,2224,4445,4701,256
Truck152480,0,2942,4450,4701,251
Truck152692,2444,2443,4515,4701,186
Truck152826,2684,1339,4555,4701,146
Truck153035,2776,2443,4620,4701,81
Truck151441,1338,0,4125,4702,577
Truck152020,2444,1338,4305,4702,397
Truck152963,2443,2225,4600,4703,103
Truck153092,2444,2566,4640,4703,63
Truck153198,2943,2942,4670,4703,33
Truck152152,1339,2224,4345,4704,359
Truck152699,2776,2567,4515,4704,189
Truck153162,2684,2776,4660,4704,44
Truck153178,2684,2443,4665,4704,39
Truck152912,0,2443,4585,4705,120
Truck153036,2777,2942,4620,4705,85
Truck152496,0,2942,4455,4706,251
Truck152704,0,2444,4520,4706,186
Truck152708,2444,0,4520,4706,186
Truck152756,2444,2567,4535,4706,171
Truck152853,2566,2225,4565,4706,141
Truck153051,2776,2443,4625,4706,81
Truck153254,2567,0,4690,4706,16
Truck152352,0,3119,4410,4707,297
Truck152838,2567,2684,4560,4708,148
Truck152839,2683,2225,4560,4708,148
Truck153179,2776,2684,4665,4708,43
Truck153214,2943,2942,4675,4708,33
Truck152073,2224,2683,4320,4709,389
Truck152715,2776,2567,4520,4709,189
Truck152978,2225,2443,4605,4709,104
Truck153304,1339,2567,4705,4709,4
Truck152415,3119,1339,4425,4710,285
Truck152552,1339,2942,4470,4710,240
Truck153052,2777,2942,4625,4710,85
Truck152383,3119,0,4415,4711,296
Truck152521,2224,2443,4460,4711,251
Truck152858,2684,1339,4565,4711,146
Truck152891,2776,2942,4575,4711,136
Truck152584,1339,2566,4480,4712,232
Truck152762,2684,2683,4535,4712,177
Truck152774,2567,2444,4540,4712,172
Truck152631,2683,2776,4495,4713,218
Truck152883,2443,2683,4575,4713,138
Truck152984,1339,2443,4605,4713,108
Truck153042,2225,2567,4625,4713,88
Truck153230,2943,2942,4680,4713,33
Truck152731,2776,2567,4525,4714,189
Truck152568,1339,2942,4475,4715,240
Truck152953,2224,2942,4595,4715,120
Truck153068,2777,2942,4630,4715,85
Truck153166,2943,2777,4660,4715,55
Truck152182,2567,2224,4355,4716,361
Truck152528,0,2942,4465,4716,251
Truck152740,2444,2443,4530,4716,186
Truck152907,2776,2942,4580,4716,136
Truck153119,3119,2943,4645,4716,71
Truck152566,2567,2942,4475,4717,242
Truck153142,2567,2683,4655,4717,62
Truck153245,2942,2943,4685,4717,32
Truck151489,1338,2443,4140,4718,578
Truck152747,2776,1339,4530,4718,188
Truck152783,3119,2443,4540,4718,178
Truck153246,2943,2942,4685,4718,33
Truck153010,2225,2443,4615,4719,104
Truck151825,1338,2225,4245,4720,475
Truck152557,2942,0,4470,4720,250
Truck152956,2777,3119,4595,4720,125
Truck152998,2567,2443,4610,4720,110
Truck153084,2777,2942,4635,4720,85
Truck153182,2943,2777,4665,4720,55
Truck151537,1338,1339,4155,4721,566
Truck152553,2224,2443,4470,4721,251
Truck152752,0,2444,4535,4721,186
Truck152791,2683,2684,4545,4721,176
Truck153099,2776,2443,4640,4721,81
Truck151505,1338,2443,4145,4723,578
Truck152887,2683,2225,4575,4723,148
Truck153090,2225,2444,4640,4723,83
Truck153262,2943,2942,4690,4723,33
Truck152581,2566,2443,4480,4724,244
Truck153026,2225,2443,4620,4724,104
Truck152367,3119,2683,4410,4725,315
Truck152573,2942,0,4475,4725,250
Truck152600,1339,2942,4485,4725,240
Truck153066,2684,2942,4630,4725,95
Truck153100,2777,2942,4640,4725,85
Truck153175,2683,2567,4665,4725,60
Truck152569,2224,2443,4475,4726,251
Truck152768,0,2444,4540,4726,186
Truck152947,2443,2942,4595,4727,132
Truck153150,2943,3119,4655,4727,72
Truck151521,1338,2443,4150,4728,578
Truck152679,2683,2776,4510,4728,218
Truck153278,2943,2942,4695,4728,33
Truck153145,2224,3119,4655,4729,74
Truck152519,2683,2942,4460,4730,270
Truck153116,2777,2942,4645,4730,85
Truck152922,2684,1339,4585,4731,146
Truck152933,2566,2225,4590,4731,141
Truck152955,2776,2942,4595,4731,136
Truck153131,2776,2443,4650,4731,81
Truck152614,2567,2942,4490,4732,242
Truck152815,3119,2776,4550,4732,182
Truck151539,2443,1338,4155,4733,578
Truck152831,3119,2443,4555,4733,178
Truck152613,2566,2443,4490,4734,244
Truck153058,2225,2443,4630,4734,104
Truck153167,3119,2224,4660,4734,74
Truck153258,2684,2776,4690,4734,44
Truck153008,0,2443,4615,4735,120
Truck153132,2777,2942,4650,4735,85
Truck153344,0,2567,4720,4736,16
Truck152129,1338,2444,4340,4737,397
Truck152486,2567,3119,4450,4737,287
Truck152630,2567,2942,4495,4737,242
Truck151552,0,1338,4160,4738,578
Truck151553,1338,2443,4160,4738,578
Truck153310,2943,2942,4705,4738,33
Truck151957,2566,1338,4285,4739,454
Truck152167,2683,2224,4350,4739,389
Truck152264,1339,2224,4380,4739,359
Truck152624,0,2566,4495,4739,244
Truck152627,2443,2566,4495,4739,244
Truck152629,2566,2443,4495,4739,244
Truck152678,2567,2566,4510,4739,229
Truck153074,2225,2443,4635,4739,104
Truck153244,2777,2943,4685,4739,54
Truck153290,2684,2443,4700,4739,39
Truck152265,2224,2567,4380,4740,360
Truck153020,2777,3119,4615,4740,125
Truck153148,2777,2942,4655,4740,85
Truck152617,2224,2443,4490,4741,251
Truck152965,2566,2225,4600,4741,141
Truck152987,2776,2942,4605,4741,136
Truck153199,3119,2943,4670,4741,71
Truck153005,2942,2443,4610,4742,132
Truck153376,0,1339,4730,4742,12
Truck152983,2683,2443,4605,4743,138
Truck152645,2566,2443,4500,4744,244
Truck153039,3119,2777,4620,4744,124
Truck153193,2224,3119,4670,4744,74
Truck153416,1339,2567,4740,4744,4
Truck152669,2942,2567,4505,4745,240
Truck152784,0,2776,4545,4745,200
Truck152836,2444,2443,4560,4746,186
Truck152518,2567,3119,4460,4747,287
Truck153021,2942,2443,4615,4747,132
Truck153392,0,1339,4735,4747,12
Truck151585,1338,2443,4170,4748,578
Truck151587,2443,1338,4170,4748,578
Truck152709,2566,2567,4520,4748,228
Truck152867,2443,3119,4570,4748,178
Truck153154,2225,2567,4660,4748,88
Truck153342,2943,2942,4715,4748,33
Truck152661,2566,2443,4505,4749,244
Truck153106,2225,2443,4645,4749,104
Truck152536,1339,3119,4465,4750,285
Truck152583,2683,2942,4480,4750,270
Truck153065,2224,2942,4630,4750,120
Truck153094,2567,2443,4640,4750,110
Truck153180,2777,2942,4665,4750,85
Truck152633,2224,2776,4495,4751,256
Truck152635,2776,2224,4495,4751,256
Truck152640,0,2942,4500,4751,251
Truck153002,2684,3119,4610,4751,141
Truck153195,2776,2443,4670,4751,81
Truck153311,3119,2942,4705,4751,46
Truck153398,2567,0,4735,4751,16
Truck153037,2942,2443,4620,4752,132
Truck153408,0,1339,4740,4752,12
Truck151601,1338,2443,4175,4753,578
Truck152677,2566,0,4510,4753,243
Truck152895,3119,2443,4575,4753,178
Truck153358,2943,2942,4720,4753,33
Truck153231,3119,2224,4680,4754,74
Truck153271,2683,1339,4695,4754,59
Truck153196,2777,2942,4670,4755,85
Truck152665,2224,2443,4505,4756,251
Truck152868,2444,2443,4570,4756,186
Truck153211,2776,2443,4675,4756,81
Truck152193,1338,2444,4360,4757,397
Truck152694,2567,2942,4515,4757,242
Truck153170,2225,1339,4665,4757,92
Truck151617,1338,2443,4180,4758,578
Truck152775,2683,2776,4540,4758,218
Truck153374,2943,2942,4725,4758,33
Truck152233,2224,2683,4370,4759,389
Truck152693,2566,2443,4515,4759,244
Truck152920,1339,2444,4585,4759,174
Truck153087,3119,2777,4635,4759,124
Truck153138,2225,2443,4655,4759,104
Truck153190,2567,2225,4670,4759,89
Truck153354,2684,2443,4720,4759,39
Truck152288,0,2224,4390,4760,370
Truck153212,2777,2942,4675,4760,85
Truck153059,2443,2942,4630,4762,132
Truck153069,2942,2443,4630,4762,132
Truck153186,2225,1339,4670,4762,92
Truck151633,1338,2443,4185,4763,578
Truck152345,2224,1339,4405,4763,358
Truck152795,2776,2683,4545,4763,218
Truck153152,0,2225,4660,4763,103
Truck153390,2943,2942,4730,4763,33
Truck151969,1338,2225,4290,4765,475
Truck152759,2683,2444,4535,4765,230
Truck153113,2224,2942,4645,4765,120
Truck153117,2942,2224,4645,4765,120
Truck153228,2777,2942,4680,4765,85
Truck152900,2444,2443,4580,4766,186
Truck153050,2684,3119,4625,4766,141
Truck153243,2776,2443,4685,4766,81
Truck152726,2567,2942,4525,4767,242
Truck151649,1338,2443,4190,4768,578
Truck152943,3119,2443,4590,4768,178
Truck153406,2943,2942,4735,4768,33
Truck152725,2566,2443,4525,4769,244
Truck153155,2443,2567,4660,4769,109
Truck153273,2224,3119,4695,4769,74
Truck152503,2683,3119,4455,4770,315
Truck153083,2776,2942,4635,4771,136
Truck153251,2443,2776,4690,4771,81
Truck153259,2776,2443,4690,4771,81
Truck153494,2567,1339,4765,4771,6
Truck151665,1338,0,4195,4772,577
Truck153101,2942,2443,4640,4772,132
Truck153294,2943,3119,4700,4772,72
Truck151664,0,1338,4195,4773,578
Truck153422,2943,2942,4740,4773,33
Truck152741,2566,2443,4530,4774,244
Truck153238,2567,2225,4685,4774,89
Truck153289,2224,3119,4700,4774,74
Truck153402,2684,2443,4735,4774,39
Truck153512,1339,2567,4770,4774,4
Truck153226,2684,2942,4680,4775,95
Truck153261,2942,2777,4690,4775,85
Truck152374,2567,2224,4415,4776,361
Truck152729,2224,2443,4525,4776,251
Truck152932,2444,2443,4590,4776,186
Truck153077,2566,2225,4635,4776,141
Truck153275,2776,2443,4695,4776,81
Truck153391,3119,2942,4730,4776,46
Truck151681,1338,2443,4200,4778,578
Truck153063,2683,2225,4630,4778,148
Truck152757,2566,2443,4535,4779,244
Truck152939,2776,2567,4590,4779,189
Truck153202,2225,2443,4675,4779,104
Truck152776,1339,2942,4540,4780,240
Truck153276,2777,2942,4695,4780,85
Truck152948,2444,0,4595,4781,186
Truck153291,2776,2443,4700,4781,81
Truck153405,2942,3119,4735,4781,46
Truck152273,1338,2444,4385,4782,397
Truck153133,2942,2443,4650,4782,132
Truck153326,2943,3119,4710,4782,72
Truck153349,2566,2444,4720,4782,62
Truck151697,1338,2443,4205,4783,578
Truck152855,2683,2776,4565,4783,218
Truck152991,3119,2443,4605,4783,178
Truck153111,2683,2443,4645,4783,138
Truck153454,2943,2942,4750,4783,33
Truck152311,2683,2224,4395,4784,389
Truck152773,2566,2443,4540,4784,244
Truck153218,2225,2443,4680,4784,104
Truck153321,2224,3119,4710,4784,74
Truck153544,1339,2567,4780,4784,4
Truck152033,1338,2225,4310,4785,475
Truck153164,2777,3119,4660,4785,125
Truck153292,2777,2942,4700,4785,85
Truck152745,2224,2776,4530,4786,256
Truck152964,2444,0,4600,4786,186
Truck153423,3119,2942,4740,4786,46
Truck152608,0,3119,4490,4787,297
Truck151569,1338,2683,4165,4788,623
Truck151713,1338,2443,4210,4788,578
Truck153470,2943,2942,4755,4788,33
Truck153234,2225,2443,4685,4789,104
Truck152384,0,2224,4420,4790,370
Truck152567,2683,3119,4475,4790,315
Truck152671,3119,1339,4505,4790,285
Truck152808,1339,2942,4550,4790,240
Truck153197,2942,2224,4670,4790,120
Truck153274,2684,2942,4695,4790,95
Truck152761,2224,2776,4535,4791,256
Truck152979,2443,2444,4605,4791,186
Truck152980,2444,2443,4605,4791,186
Truck153315,2443,2776,4710,4791,81
Truck153439,3119,2942,4745,4791,46
Truck153082,2684,0,4635,4792,157
Truck153165,2942,2443,4660,4792,132
Truck153382,2567,2683,4730,4792,62
Truck151729,1338,2443,4215,4793,578
Truck151777,1338,2567,4230,4793,563
Truck153023,3119,2443,4615,4793,178
Truck153114,2684,2567,4645,4793,148
Truck153486,2943,2942,4760,4793,33
Truck152805,2566,2443,4550,4794,244
Truck153203,2443,0,4675,4794,119
Truck153250,2225,2443,4690,4794,104
Truck153302,2567,2225,4705,4794,89
Truck153353,2224,3119,4720,4794,74
Truck152065,1338,2225,4320,4795,475
Truck153324,2777,2942,4710,4795,85
Truck152066,2225,1338,4320,4796,476
Truck152438,2567,2224,4435,4796,361
Truck152793,2224,2443,4545,4796,251
Truck152321,1338,2444,4400,4797,397
Truck153298,2225,1339,4705,4797,92
Truck151745,1338,2443,4220,4798,578
Truck151793,1338,2567,4235,4798,563
Truck152457,2224,1339,4440,4798,358
Truck152869,2566,2567,4570,4798,228
Truck152903,2683,2776,4580,4798,218
Truck152921,2224,2684,4585,4798,213
Truck153088,0,2684,4640,4798,158
Truck153122,2225,2683,4650,4798,148
Truck153475,2443,2684,4760,4798,38
Truck153502,2943,2942,4765,4798,33
Truck152821,2566,2443,4555,4799,244
Truck152971,2776,0,4600,4799,199
Truck153266,2225,2443,4695,4799,104
Truck153369,2224,3119,4725,4799,74
Truck153482,2684,2443,4760,4799,39
Truck153306,2684,2942,4705,4800,95
Truck153340,2777,2942,4715,4800,85
Truck152809,2224,2443,4550,4801,251
Truck152337,1338,2444,4405,4802,397
Truck153062,2567,2444,4630,4802,172
Truck151623,2683,1338,4180,4803,623
Truck153019,2776,1339,4615,4803,188
Truck153055,3119,2443,4625,4803,178
Truck153146,2684,2567,4655,4803,148
Truck152837,2566,2443,4560,4804,244
Truck153282,2225,2443,4700,4804,104
Truck153183,3119,2684,4665,4805,140
Truck153322,2684,2942,4710,4805,95
Truck152687,3119,0,4510,4806,296
Truck152816,0,2942,4555,4806,251
Truck153028,2444,2443,4620,4806,186
Truck153371,2776,2443,4725,4806,81
Truck153430,2567,2683,4745,4807,62
Truck153507,2443,2684,4770,4808,38
Truck153534,2943,2942,4775,4808,33
Truck153401,2224,3119,4735,4809,74
Truck153514,2684,2443,4770,4809,39
Truck152735,3119,1339,4525,4810,285
Truck152845,2942,0,4560,4810,250
Truck152841,2224,2443,4560,4811,251
Truck153043,2443,2444,4625,4811,186
Truck153044,2444,2443,4625,4811,186
Truck152372,2444,1338,4415,4812,397
Truck152870,2567,2942,4570,4812,242
Truck152901,2566,1339,4580,4812,232
Truck153229,2942,2443,4680,4812,132
Truck153362,2225,2567,4725,4813,88
Truck153550,2943,2942,4780,4813,33
Truck151846,2567,1338,4250,4814,564
Truck153096,1339,2444,4640,4814,174
Truck153314,2225,2443,4710,4814,104
Truck152751,3119,1339,4530,4815,285
Truck152919,2683,2444,4585,4815,230
Truck153260,2777,3119,4690,4815,125
Truck153388,2777,2942,4730,4815,85
Truck152857,2224,2443,4565,4816,251
Truck153060,2444,0,4630,4816,186
Truck153606,2567,0,4800,4816,16
Truck153438,2943,3119,4745,4817,72
Truck151809,1338,2443,4240,4818,578
Truck153219,2443,2683,4680,4818,138
Truck152877,2942,0,4570,4820,250
Truck153108,2444,1339,4645,4820,175
Truck153280,0,2443,4700,4820,120
Truck153318,2567,2443,4710,4820,110
Truck153370,2684,2942,4725,4820,95
Truck153404,2777,2942,4735,4820,85
Truck153076,2444,2443,4635,4821,186
Truck153478,2567,2683,4760,4822,62
Truck151827,2443,1338,4245,4823,578
Truck153555,2443,2684,4785,4823,38
Truck152896,0,2566,4580,4824,244
Truck153346,2225,2443,4720,4824,104
Truck153495,2683,1339,4765,4824,59
Truck153562,2684,2443,4785,4824,39
Truck152951,2683,2444,4595,4825,230
Truck153420,2777,2942,4740,4825,85
Truck153518,2943,2777,4770,4825,55
Truck152162,2225,1338,4350,4826,476
Truck152889,2224,2443,4575,4826,251
Truck153435,2776,2443,4745,4826,81
Truck153456,0,2683,4755,4826,71
Truck153115,2776,3119,4645,4827,182
Truck153267,2443,2942,4695,4827,132
Truck153493,2566,2444,4765,4827,62
Truck151841,1338,2443,4250,4828,578
Truck152999,2683,2776,4610,4828,218
Truck153135,3119,2443,4650,4828,178
Truck153184,0,2684,4670,4828,158
Truck153598,2943,2942,4795,4828,33
Truck152917,2566,2443,4585,4829,244
Truck153532,2777,2943,4775,4829,54
Truck152936,1339,2942,4590,4830,240
Truck153056,0,2776,4630,4830,200
Truck153308,2777,3119,4705,4830,125
Truck153436,2777,2942,4745,4830,85
Truck153479,2683,0,4760,4830,70
Truck152905,2224,2443,4580,4831,251
Truck153107,2443,2444,4645,4831,186
Truck153210,2684,0,4675,4832,157
Truck151719,2683,1338,4210,4833,623
Truck151857,1338,2443,4255,4833,578
Truck152981,2566,2567,4605,4833,228
Truck153151,3119,2443,4655,4833,178
Truck153508,2444,2566,4770,4833,63
Truck153614,2943,2942,4800,4833,33
Truck153378,2225,2443,4730,4834,104
Truck153548,2777,2943,4780,4834,54
Truck152719,3119,2683,4520,4835,315
Truck152861,2942,2683,4565,4835,270
Truck153279,3119,2684,4695,4835,140
Truck153452,2777,2942,4750,4835,85
Truck152915,2443,2224,4585,4836,251
Truck153293,2942,2776,4700,4836,136
Truck152452,2444,1338,4440,4837,397
Truck152806,2567,3119,4550,4837,287
Truck151873,1338,2443,4260,4838,578
Truck152997,2566,2567,4610,4838,228
Truck153630,2943,2942,4805,4838,33
Truck152949,2566,2443,4595,4839,244
Truck153394,2225,2443,4735,4839,104
Truck153543,2683,1339,4780,4839,59
Truck153610,2684,2443,4800,4839,39
Truck152727,2683,3119,4525,4840,315
Truck152871,2683,2942,4570,4840,270
Truck152973,2942,2567,4600,4840,240
Truck153295,3119,2684,4700,4840,140
Truck153357,2942,2224,4720,4840,120
Truck153434,2684,2942,4745,4840,95
Truck153468,2777,2942,4755,4840,85
Truck152923,2776,2224,4585,4841,256
Truck152928,0,2942,4590,4841,251
Truck153307,2776,2942,4705,4841,136
Truck153504,0,2683,4770,4841,71
Truck152966,2567,2942,4600,4842,242
Truck151889,1338,2443,4265,4843,578
Truck151937,1338,2567,4280,4843,563
Truck153474,2225,2444,4760,4843,83
Truck153619,2443,2684,4805,4843,38
Truck153646,2943,2942,4810,4843,33
Truck153363,2443,0,4725,4844,119
Truck153410,2225,2443,4740,4844,104
Truck153626,2684,2443,4805,4844,39
Truck152743,2683,3119,4530,4845,315
Truck153356,2777,3119,4720,4845,125
Truck153373,2942,2224,4725,4845,120
Truck153484,2777,2942,4760,4845,85
Truck153012,2444,2683,4615,4846,231
Truck153156,2444,2443,4660,4846,186
Truck153288,1339,2684,4700,4846,146
Truck153499,2776,2443,4765,4846,81
Truck153016,1339,2566,4615,4847,232
Truck153194,2684,2683,4670,4847,177
Truck153712,0,1339,4835,4847,12
Truck153163,2776,1339,4660,4848,188
Truck153187,2443,3119,4670,4848,178
Truck153286,2567,2684,4700,4848,148
Truck153662,2943,2942,4815,4848,33
Truck153426,2225,2443,4745,4849,104
Truck153469,2942,2684,4755,4849,94
Truck152241,1338,2225,4375,4850,475
Truck153372,2777,3119,4725,4850,125
Truck153389,2942,2224,4730,4850,120
Truck153466,2684,2942,4755,4850,95
Truck153500,2777,2942,4765,4850,85
Truck152960,0,2942,4600,4851,251
Truck153168,0,2444,4665,4851,186
Truck153172,2444,2443,4665,4851,186
Truck153317,2566,2225,4710,4851,141
Truck153339,2776,2942,4715,4851,136
Truck153515,2776,2443,4770,4851,81
Truck153480,1339,2225,4760,4852,92
Truck151921,1338,2443,4275,4853,578
Truck153215,3119,2443,4675,4853,178
Truck153264,0,2684,4695,4853,158
Truck153443,2443,2225,4750,4853,103
Truck153651,2443,2684,4815,4853,38
Truck153678,2943,2942,4820,4853,33
Truck152537,2224,2683,4465,4854,389
Truck152601,2224,0,4485,4854,369
Truck153442,2225,2443,4750,4854,104
Truck153343,3119,2684,4715,4855,140
Truck153516,2777,2942,4770,4855,85
Truck152976,0,2942,4605,4856,251
Truck152985,2224,2443,4605,4856,251
Truck153355,2776,2942,4720,4856,136
Truck153566,2943,3119,4785,4857,72
Truck151939,2443,1338,4280,4858,578
Truck152649,2224,1339,4500,4858,358
Truck153013,2566,0,4615,4858,243
Truck153095,2683,2776,4640,4858,218
Truck153458,2225,0,4755,4858,103
Truck153694,2943,2942,4825,4858,33
Truck151990,2567,1338,4295,4859,564
Truck152648,1339,2224,4500,4859,359
Truck153524,2444,2225,4775,4859,84
Truck153561,2224,3119,4785,4859,74
Truck153608,1339,2683,4800,4859,59
Truck152799,3119,2683,4545,4860,315
Truck152935,2683,2942,4590,4860,270
Truck153446,2567,2443,4750,4860,110
Truck153533,2942,2777,4775,4860,85
Truck153575,2683,0,4790,4860,70
Truck152995,2443,2224,4610,4861,251
Truck153200,0,2444,4675,4861,186
Truck153204,2444,2443,4675,4861,186
Truck153583,3119,2943,4790,4861,71
Truck153750,2567,0,4845,4861,16
Truck152848,0,3119,4565,4862,297
Truck153582,2943,3119,4790,4862,72
Truck153768,1339,0,4850,4862,12
Truck151953,1338,2443,4285,4863,578
Truck153029,2566,0,4620,4863,243
Truck153235,2443,3119,4685,4863,178
Truck153247,3119,2443,4685,4863,178
Truck153330,2225,2683,4715,4863,148
Truck153338,2684,2567,4715,4863,148
Truck153367,2683,2443,4725,4863,138
Truck153472,0,2225,4760,4863,103
Truck153683,2443,2684,4825,4863,38
Truck152353,1338,2566,4410,4864,454
Truck153690,2684,2443,4825,4864,39
Truck153048,1339,2942,4625,4865,240
Truck153433,2224,2942,4745,4865,120
Truck153011,2443,2224,4615,4866,251
Truck153387,2776,2942,4730,4866,136
Truck152681,2224,1339,4510,4868,358
Truck153127,2683,2776,4650,4868,218
Truck153263,3119,2443,4690,4868,178
Truck153699,2443,2684,4830,4868,38
Truck153045,2566,2443,4625,4869,244
Truck153490,2225,2443,4765,4869,104
Truck153706,2684,2443,4830,4869,39
Truck152967,2683,2942,4600,4870,270
Truck153268,2444,1339,4695,4870,175
Truck153530,2684,2942,4775,4870,95
Truck153564,2777,2942,4785,4870,85
Truck153024,0,2942,4620,4871,251
Truck153027,2443,2224,4620,4871,251
Truck153236,2444,2443,4685,4871,186
Truck153284,2444,2567,4700,4871,171
Truck153579,2776,2443,4790,4871,81
Truck153600,0,2683,4800,4871,71
Truck153776,0,2567,4855,4871,16
Truck153538,2225,1339,4780,4872,92
Truck151985,1338,2443,4295,4873,578
Truck153366,2567,2684,4725,4873,148
Truck153742,2943,2942,4840,4873,33
Truck152385,1338,2566,4420,4874,454
Truck153061,2566,2443,4630,4874,244
Truck153110,2567,2566,4645,4874,229
Truck153549,2942,2684,4780,4874,94
Truck153722,2684,2443,4835,4874,39
Truck152847,3119,2683,4560,4875,315
Truck153080,1339,2942,4635,4875,240
Truck153085,2942,2567,4635,4875,240
Truck153580,2777,2942,4790,4875,85
Truck153427,2443,2942,4745,4877,132
Truck153437,2942,2443,4745,4877,132
Truck152001,1338,2443,4300,4878,578
Truck152054,2567,1338,4315,4879,564
Truck153522,2225,2443,4775,4879,104
Truck153671,2683,1339,4820,4879,59
Truck153738,2684,2443,4840,4879,39
Truck152672,0,2224,4510,4880,370
Truck152713,2224,2567,4520,4880,360
Truck152952,1339,3119,4595,4880,285
Truck152959,3119,1339,4595,4880,285
Truck153596,2777,2942,4795,4880,85
Truck153597,2942,2777,4795,4880,85
Truck152049,1338,1339,4315,4881,566
Truck152927,3119,0,4585,4881,296
Truck152056,1339,1338,4315,4882,567
Truck152017,1338,2443,4305,4883,578
Truck153141,2566,2567,4655,4883,228
Truck153774,2943,2942,4850,4883,33
Truck152421,2566,1338,4430,4884,454
Truck152697,2224,0,4515,4884,369
Truck153091,2443,2566,4640,4884,244
Truck153093,2566,2443,4640,4884,244
Truck153487,3119,2777,4760,4884,124
Truck153581,2942,2684,4790,4884,94
Truck153641,2224,3119,4810,4884,74
Truck153754,2684,2443,4845,4884,39
Truck153864,1339,2567,4880,4884,4
Truck153015,2683,2942,4615,4885,270
Truck153578,2684,2942,4790,4885,95
Truck153710,2943,2777,4830,4885,55
Truck153072,0,2942,4635,4886,251
Truck153140,2444,2683,4655,4886,231
Truck153418,2684,1339,4740,4886,146
Truck153453,2942,2776,4750,4886,136
Truck153824,0,2567,4870,4886,16
Truck152072,1339,1338,4320,4887,567
Truck153334,2567,2444,4715,4887,172
Truck153459,2443,2942,4755,4887,132
Truck153686,2567,2683,4825,4887,62
Truck152035,2443,1338,4310,4888,578
Truck153327,3119,2443,4710,4888,178
Truck153790,2943,2942,4855,4888,33
Truck152437,2566,1338,4435,4889,454
Truck153539,2443,2567,4780,4889,109
Truck153031,2683,2942,4620,4890,270
Truck153128,1339,2942,4650,4890,240
Truck153159,2683,2444,4660,4890,230
Truck153332,2444,1339,4715,4890,175
Truck153628,2777,2942,4805,4890,85
Truck152370,2225,1338,4415,4891,476
Truck153097,2224,2443,4640,4891,251
Truck153299,2443,2444,4705,4891,186
Truck153300,2444,0,4705,4891,186
Truck153450,2684,3119,4750,4891,141
Truck153643,2776,2443,4810,4891,81
Truck153126,2567,2942,4650,4892,242
Truck153602,2225,1339,4800,4892,92
Truck153702,2567,2683,4830,4892,62
Truck153173,2566,2567,4665,4893,228
Truck153806,2943,2942,4860,4893,33
Truck153125,2566,2443,4650,4894,244
Truck153523,2443,0,4775,4894,119
Truck153622,2567,2225,4805,4894,89
Truck153673,2224,3119,4820,4894,74
Truck153720,1339,2683,4835,4894,59
Truck153740,2777,2943,4840,4894,54
Truck153000,1339,3119,4610,4895,285
Truck153644,2777,2942,4810,4895,85
Truck153316,2444,2443,4710,4896,186
Truck152644,2444,1338,4500,4897,397
Truck153501,2942,2443,4765,4897,132
Truck152067,2443,1338,4320,4898,578
Truck153241,2224,2684,4685,4898,213
Truck153822,2943,2942,4865,4898,33
Truck153242,2684,2224,4685,4899,214
Truck153323,2776,2567,4710,4899,189
Truck153535,3119,2777,4775,4899,124
Truck153586,2225,2443,4795,4899,104
Truck153652,2444,2225,4815,4899,84
Truck153735,2683,1339,4840,4899,59
Truck153802,2684,2443,4860,4899,39
Truck153160,1339,2942,4660,4900,240
Truck153660,2777,2942,4815,4900,85
Truck153120,0,2942,4650,4901,251
Truck153188,2444,2683,4670,4901,231
Truck153331,2443,2444,4715,4901,186
Truck153014,2567,3119,4615,4902,287
Truck152081,1338,2443,4325,4903,578
Truck153157,2566,0,4660,4903,243
Truck153375,3119,2443,4725,4903,178
Truck153811,2443,2684,4865,4903,38
Truck153838,2943,2942,4870,4903,33
Truck153206,2567,2566,4675,4904,229
Truck153587,2443,2567,4795,4904,109
Truck153654,2567,2225,4815,4904,89
Truck153176,1339,2942,4665,4905,240
Truck153676,2777,2942,4820,4905,85
Truck153347,2443,2444,4720,4906,186
Truck153348,2444,2443,4720,4906,186
Truck153650,2225,1339,4815,4907,92
Truck153726,2943,3119,4835,4907,72
Truck152097,1338,2443,4330,4908,578
Truck153221,2566,2567,4680,4908,228
Truck153379,2443,3119,4730,4908,178
Truck153440,0,2684,4750,4908,158
Truck153511,2683,2443,4770,4908,138
Truck153603,2443,1339,4800,4908,108
Truck153854,2943,2942,4875,4908,33
Truck153571,2443,0,4790,4909,119
Truck153721,2224,3119,4835,4909,74
Truck153818,2684,2776,4865,4909,44
Truck153396,2444,1339,4735,4910,175
Truck153692,2777,2942,4825,4910,85
Truck153220,2444,2683,4680,4911,231
Truck153364,2444,2443,4725,4911,186
Truck153531,2776,2942,4775,4911,136
Truck153414,2567,2444,4740,4912,172
Truck152113,1338,2443,4335,4913,578
Truck153624,1339,2443,4805,4913,108
Truck153870,2943,2942,4880,4913,33
Truck152517,2566,1338,4460,4914,454
Truck153634,2225,2443,4810,4914,104
Truck153783,2683,1339,4855,4914,59
Truck153784,1339,2683,4855,4914,59
Truck153850,2684,2443,4875,4914,39
Truck153208,1339,2942,4675,4915,240
Truck153708,2777,2942,4830,4915,85
Truck153380,2444,2443,4730,4916,186
Truck152168,1339,1338,4350,4917,567
Truck153407,3119,2776,4735,4917,182
Truck153758,2943,3119,4845,4917,72
Truck153782,2567,2683,4855,4917,62
Truck153510,2567,2684,4770,4918,148
Truck153714,2225,2444,4835,4918,83
Truck153205,2566,2443,4675,4919,244
Truck153820,2777,2943,4865,4919,54
Truck153724,2777,2942,4835,4920,85
Truck152466,2225,1338,4445,4921,476
Truck153177,2224,2776,4665,4921,256
Truck153252,2444,2683,4690,4921,231
Truck153395,2443,2444,4735,4921,186
Truck153528,1339,2684,4775,4921,146
Truck152145,1338,2443,4345,4923,578
Truck153269,2566,2567,4695,4923,228
Truck153403,2776,1339,4735,4923,188
Truck153526,2567,2684,4775,4923,148
Truck153875,2443,2684,4885,4923,38
Truck153902,2943,2942,4890,4923,33
Truck152825,2224,0,4555,4924,369
Truck153666,2225,2443,4820,4924,104
Truck153816,1339,2683,4865,4924,59
Truck153866,2684,2776,4880,4924,44
Truck153143,2683,2942,4655,4925,270
Truck153612,2777,3119,4800,4925,125
Truck153071,3119,0,4630,4926,296
Truck153412,2444,2443,4740,4926,186
Truck153419,2776,1339,4740,4928,188
Truck153455,3119,2443,4750,4928,178
Truck153918,2943,2942,4895,4928,33
Truck152565,2566,1338,4475,4929,454
Truck153237,2566,2443,4685,4929,244
Truck153682,2225,2443,4825,4929,104
Truck153256,1339,2942,4690,4930,240
Truck153756,2777,2942,4845,4930,85
Truck153216,0,2942,4680,4931,251
Truck153428,2444,2443,4745,4931,186
Truck153595,2776,2942,4795,4931,136
Truck153885,2942,3119,4885,4931,46
Truck153887,3119,2942,4885,4931,46
Truck153730,2225,1339,4840,4932,92
Truck152177,1338,2443,4355,4933,578
Truck153109,2566,2683,4645,4933,288
Truck153335,2683,2776,4715,4933,218
Truck153471,3119,2443,4755,4933,178
Truck153520,0,2684,4775,4933,158
Truck153554,2225,2683,4785,4933,148
Truck153934,2943,2942,4900,4933,33
Truck153253,2566,2443,4690,4934,244
Truck153277,2942,1339,4695,4934,239
Truck153698,2225,2443,4830,4934,104
Truck153741,2942,2684,4840,4934,94
Truck153801,2224,3119,4860,4934,74
Truck153181,2942,2683,4665,4935,270
Truck153772,2777,2942,4850,4935,85
Truck153225,2224,2776,4680,4936,256
Truck153227,2776,2224,4680,4936,256
Truck153444,2444,2443,4750,4936,186
Truck152772,2444,1338,4540,4937,397
Truck153546,2684,0,4780,4937,157
Truck153448,1339,2776,4750,4938,188
Truck153536,0,2684,4780,4938,158
Truck153607,2683,2443,4800,4938,138
Truck153788,2777,2942,4855,4940,85
Truck152902,2567,2224,4580,4941,361
Truck153248,0,2942,4690,4941,251
Truck153257,2224,2443,4690,4941,251
Truck153460,2444,2443,4755,4941,186
Truck153605,2566,2225,4800,4941,141
Truck153627,2776,2942,4805,4941,136
Truck152788,2444,1338,4545,4942,397
Truck153498,2684,2683,4765,4942,177
Truck153645,2942,2443,4810,4942,132
Truck152209,1338,2443,4365,4943,578
Truck153931,2776,2684,4900,4943,43
Truck153966,2943,2942,4910,4943,33
Truck153283,2443,2566,4700,4944,244
Truck153285,2566,2443,4700,4944,244
Truck153386,2684,2224,4730,4944,214
Truck153213,2942,2683,4675,4945,270
Truck153804,2777,2942,4860,4945,85
Truck152257,1338,1339,4380,4946,566
Truck152546,2225,1338,4470,4946,476
Truck153618,2225,2566,4805,4946,141
Truck153935,3119,2942,4900,4946,46
Truck152804,2444,1338,4550,4947,397
Truck153661,2942,2443,4815,4947,132
Truck153568,0,2684,4790,4948,158
Truck153747,2443,2225,4845,4948,103
Truck153301,2566,2443,4705,4949,244
Truck153746,2225,2443,4845,4949,104
Truck153786,2684,2942,4855,4950,95
Truck152934,2567,2224,4590,4951,361
Truck153492,2444,2443,4765,4951,186
Truck153659,2776,2942,4815,4951,136
Truck153835,2776,2443,4870,4951,81
Truck152103,2683,1338,4330,4953,623
Truck153763,2443,2225,4850,4953,103
Truck153998,2943,2942,4920,4953,33
Truck153312,0,2566,4710,4954,244
Truck153467,2776,0,4755,4954,199
Truck153762,2225,2443,4850,4954,104
Truck153911,2683,1339,4895,4954,59
Truck153103,3119,2683,4640,4955,315
Truck153239,2683,2942,4685,4955,270
Truck153309,2942,0,4705,4955,250
Truck153336,1339,2942,4715,4955,240
Truck153836,2777,2942,4870,4955,85
Truck153837,2942,2777,4870,4955,85
Truck153305,2224,2443,4705,4956,251
Truck153675,2776,2942,4820,4956,136
Truck153851,2776,2443,4875,4956,81
Truck152296,1339,1338,4390,4957,567
Truck153886,2943,3119,4885,4957,72
Truck153381,2566,2567,4730,4958,228
Truck153551,3119,2443,4780,4958,178
Truck154014,2943,2942,4925,4958,33
Truck152873,2224,2683,4570,4959,389
Truck153333,2566,2443,4715,4959,244
Truck153731,2443,0,4840,4959,119
Truck153778,2225,2443,4855,4959,104
Truck153830,2567,2225,4870,4959,89
Truck153881,2224,3119,4885,4959,74
Truck153994,2684,2443,4920,4959,39
Truck153255,2683,2942,4690,4960,270
Truck153325,2942,0,4710,4960,250
Truck153383,2683,2444,4730,4960,230
Truck153852,2777,2942,4875,4960,85
Truck153559,2683,2684,4785,4961,176
Truck152312,1339,1338,4395,4962,567
Truck153350,2567,2942,4720,4962,242
Truck153547,2776,3119,4780,4962,182
Truck153574,2567,2444,4790,4962,172
Truck153709,2942,2443,4830,4962,132
Truck153658,2684,2567,4815,4963,148
Truck154030,2943,2942,4930,4963,33
Truck153860,2444,2225,4880,4964,84
Truck153897,2224,3119,4890,4964,74
Truck154010,2684,2443,4925,4964,39
Truck153368,1339,2942,4725,4965,240
Truck153868,2777,2942,4880,4965,85
Truck152982,2567,2224,4605,4966,361
Truck153328,0,2942,4715,4966,251
Truck153337,2224,2443,4715,4966,251
Truck153540,2444,2443,4780,4966,186
Truck153999,3119,2942,4920,4966,46
Truck153222,2567,3119,4680,4967,287
Truck153590,2567,2444,4795,4967,172
Truck153941,2566,2444,4905,4967,62
Truck152289,1338,2443,4390,4968,578
Truck153223,2683,2566,4680,4968,288
Truck153670,2567,2684,4820,4968,148
Truck154046,2943,2942,4935,4968,33
Truck153365,2566,2443,4725,4969,244
Truck153919,3119,2224,4895,4969,74
Truck153980,2777,2943,4915,4969,54
Truck153240,1339,3119,4685,4970,285
Truck153287,2683,2942,4700,4970,270
Truck153384,1339,2942,4730,4970,240
Truck153884,2777,2942,4885,4970,85
Truck153552,0,2444,4785,4971,186
Truck153723,2776,2942,4835,4971,136
Truck153725,2942,2776,4835,4971,136
Truck153899,2776,2443,4890,4971,81
Truck154015,3119,2942,4925,4971,46
Truck152344,1339,1338,4405,4972,567
Truck153957,2566,2444,4910,4972,62
Truck152161,1338,2683,4350,4973,623
Truck153599,3119,2443,4795,4973,178
Truck153715,2443,2683,4835,4973,138
Truck154062,2943,2942,4940,4973,33
Truck154026,2684,2776,4930,4974,44
Truck154042,2684,2443,4935,4974,39
Truck153303,2683,2942,4705,4975,270
Truck153901,2942,2777,4890,4975,85
Truck153360,0,2942,4725,4976,251
Truck153572,2444,2443,4790,4976,186
Truck153704,1339,2684,4830,4976,146
Truck153739,2776,2942,4840,4976,136
Truck153915,2776,2443,4895,4976,81
Truck153950,2943,3119,4905,4977,72
Truck153664,0,2684,4820,4978,158
Truck154051,2443,2684,4940,4978,38
Truck154078,2943,2942,4945,4978,33
Truck152937,2224,2683,4590,4979,389
Truck153991,2683,1339,4920,4979,59
Truck154058,2684,2443,4940,4979,39
Truck152992,0,2224,4610,4980,370
Truck153916,2777,2942,4895,4980,85
Truck153385,2224,2443,4730,4981,251
Truck153588,2444,2443,4795,4981,186
Truck153623,2683,2684,4805,4981,176
Truck153967,3119,2943,4910,4981,71
Truck153631,3119,2443,4805,4983,178
Truck153718,2567,2684,4835,4983,148
Truck153856,0,2225,4880,4983,103
Truck154059,2776,2684,4940,4983,43
Truck154094,2943,2942,4950,4983,33
Truck153858,2225,2443,4880,4984,104
Truck153049,2224,2567,4625,4985,360
Truck153341,2942,2683,4715,4985,270
Truck153817,2224,2942,4865,4985,120
Truck153898,2684,2942,4890,4985,95
Truck153932,2777,2942,4900,4985,85
Truck153975,2683,0,4915,4985,70
Truck153604,2444,2443,4800,4986,186
Truck153639,2683,2684,4810,4986,176
Truck153939,2443,2776,4905,4986,81
Truck153789,2942,2443,4855,4987,132
Truck153982,2943,3119,4915,4987,72
Truck152215,2683,1338,4365,4988,623
Truck153611,2776,1339,4800,4988,188
Truck153635,2443,3119,4810,4988,178
Truck153767,2683,2443,4850,4988,138
Truck154110,2943,2942,4955,4988,33
Truck152406,2567,1338,4425,4989,564
Truck153424,0,2566,4745,4989,244
Truck153656,1339,2444,4815,4989,174
Truck153874,2225,2443,4885,4989,104
Truck154023,2683,1339,4930,4989,59
Truck154090,2684,2443,4950,4989,39
Truck153948,2777,2942,4905,4990,85
Truck153411,2443,2224,4740,4991,251
Truck153476,2444,2683,4760,4991,231
Truck153616,0,2444,4805,4991,186
Truck153620,2444,2443,4805,4991,186
Truck153963,2776,2443,4910,4991,81
Truck154198,2567,1339,4985,4991,6
Truck153795,2443,2942,4860,4992,132
Truck154176,0,1339,4980,4992,12
Truck152225,1338,2683,4370,4993,623
Truck152371,2443,1338,4415,4993,578
Truck153545,2224,2684,4780,4993,213
Truck153890,2225,0,4890,4993,103
Truck153445,2566,2443,4750,4994,244
Truck153956,2444,2225,4910,4994,84
Truck154106,2684,2443,4955,4994,39
Truck153584,0,2776,4795,4995,200
Truck154007,2683,0,4925,4995,70
Truck152706,2225,1338,4520,4996,476
Truck153979,2776,2443,4915,4996,81
Truck153674,2684,2683,4820,4997,177
Truck153766,2567,2684,4850,4998,148
Truck153001,2224,2683,4610,4999,389
Truck153461,2566,2443,4755,4999,244
Truck153906,2225,2443,4895,4999,104
Truck154122,2684,2443,4960,4999,39
Truck153485,2942,2567,4760,5000,240
Truck153946,2684,2942,4905,5000,95
Truck153797,2566,2225,4860,5001,141
Truck153827,2443,2942,4870,5002,132
Truck152263,2683,1338,4380,5003,623
Truck152401,1338,2443,4425,5003,578
Truck152403,2443,1338,4425,5003,578
Truck153912,1339,2443,4895,5003,108
Truck153399,2683,2942,4735,5005,270
Truck153700,2444,1339,4830,5005,175
Truck153962,2684,2942,4910,5005,95
Truck153996,2777,2942,4920,5005,85
Truck153997,2942,2777,4920,5005,85
Truck153359,3119,2567,4720,5006,286
Truck153451,2776,2224,4750,5006,256
Truck153465,2224,2443,4755,5006,251
Truck153668,2444,2443,4820,5006,186
Truck153716,2444,2567,4835,5006,171
Truck153695,3119,2776,4825,5007,182
Truck153770,2684,0,4850,5007,157
Truck152417,1338,2443,4430,5008,578
Truck153672,1339,2776,4820,5008,188
Truck153711,3119,2443,4830,5008,178
Truck153760,0,2684,4850,5008,158
Truck153794,2225,2683,4860,5008,148
Truck154002,2225,2444,4925,5008,83
Truck154068,2444,2566,4945,5008,63
Truck154174,2943,2942,4975,5008,33
Truck153517,2942,1339,4770,5009,239
Truck153594,2684,2224,4795,5009,214
Truck153938,2225,2443,4905,5009,104
Truck154138,2684,2776,4965,5009,44
Truck154154,2684,2443,4970,5009,39
Truck153421,2942,2683,4740,5010,270
Truck154012,2777,2942,4925,5010,85
Truck153684,2444,2443,4825,5011,186
Truck153829,2566,2225,4870,5011,141
Truck153853,2942,2776,4875,5011,136
Truck154027,2776,2443,4930,5011,81
Truck152433,1338,0,4435,5012,577
Truck153734,2567,2444,4840,5012,172
Truck153869,2942,2443,4880,5012,132
Truck153727,3119,2443,4835,5013,178
Truck153843,2443,2683,4875,5013,138
Truck154190,2943,2942,4980,5013,33
Truck153047,2683,2224,4625,5014,389
Truck153144,1339,2224,4655,5014,359
Truck153509,2566,2443,4770,5014,244
Truck153558,2567,2566,4785,5014,229
Truck153907,2443,0,4895,5014,119
Truck153954,2225,2443,4910,5014,104
Truck153431,2683,2942,4745,5015,270
Truck153648,0,2776,4815,5015,200
Truck153900,2777,3119,4890,5015,125
Truck153904,0,2443,4895,5015,120
Truck154028,2777,2942,4930,5015,85
Truck154126,2943,2777,4960,5015,55
Truck153483,2776,2224,4760,5016,256
Truck153488,0,2942,4765,5016,251
Truck153497,2224,2443,4765,5016,251
Truck153842,2225,2566,4875,5016,141
Truck154043,2776,2443,4935,5016,81
Truck154240,0,2567,5000,5016,16
Truck152449,1338,0,4440,5017,577
Truck154256,0,1339,5005,5017,12
Truck152305,1338,2683,4395,5018,623
Truck153743,3119,2443,4840,5018,178
Truck153826,2225,2683,4870,5018,148
Truck153834,2684,2567,4870,5018,148
Truck152849,1338,2566,4565,5019,454
Truck153525,2566,2443,4775,5019,244
Truck153970,2225,2443,4915,5019,104
Truck154013,2942,2684,4925,5019,94
Truck154186,2684,2443,4980,5019,39
Truck153161,2224,2567,4660,5020,360
Truck154142,2943,2777,4965,5020,55
Truck153158,2567,2224,4660,5021,361
Truck152465,1338,0,4445,5022,577
Truck153542,2567,2942,4780,5022,242
Truck153576,1339,2566,4790,5022,232
Truck153891,2443,2942,4890,5022,132
Truck154018,2225,1339,4930,5022,92
Truck154024,1339,2225,4930,5022,92
Truck154272,0,1339,5010,5022,12
Truck152327,2683,1338,4400,5023,623
Truck153397,2566,2683,4735,5023,288
Truck153846,2567,2684,4875,5023,148
Truck153879,2683,2443,4885,5023,138
Truck153986,2225,0,4920,5023,103
Truck153987,2443,2225,4920,5023,103
Truck154195,2443,2684,4985,5023,38
Truck154222,2943,2942,4990,5023,33
Truck153081,2224,2683,4635,5024,389
Truck153541,2566,2443,4780,5024,244
Truck153565,2942,1339,4785,5024,239
Truck153642,2684,2224,4810,5024,214
Truck154089,2224,3119,4950,5024,74
Truck153560,1339,2942,4785,5025,240
Truck154060,2777,2942,4940,5025,85
Truck154135,2683,2567,4965,5025,60
Truck154158,2943,2777,4970,5025,55
Truck153174,2567,2224,4665,5026,361
Truck153732,2444,2443,4840,5026,186
Truck152520,1339,1338,4460,5027,567
Truck153592,1339,2566,4795,5027,232
Truck152481,1338,2443,4450,5028,578
Truck153413,2566,2683,4740,5028,288
Truck153415,2683,2566,4740,5028,288
Truck154003,2443,2225,4925,5028,103
Truck154238,2943,2942,4995,5028,33
Truck153557,2566,2443,4785,5029,244
Truck153707,2776,0,4830,5029,199
Truck154054,2567,2225,4940,5029,89
Truck154202,2684,2776,4985,5029,44
Truck154076,2777,2942,4945,5030,85
Truck153748,2444,2443,4845,5031,186
Truck154091,2776,2443,4950,5031,81
Truck152497,1338,0,4455,5032,577
Truck153923,2443,2942,4900,5032,132
Truck153209,2224,1339,4675,5033,358
Truck153429,2566,2683,4745,5033,288
Truck153621,2566,2567,4805,5033,228
Truck154008,1339,2443,4925,5033,108
Truck154082,2225,2444,4950,5033,83
Truck154254,2943,2942,5000,5033,33
Truck153573,2566,2443,4790,5034,244
Truck153964,2777,3119,4910,5035,125
Truck153764,2444,2443,4850,5036,186
Truck154107,2776,2443,4955,5036,81
Truck153787,2776,3119,4855,5037,182
Truck153949,2942,2443,4905,5037,132
Truck152369,1338,2683,4415,5038,623
Truck152513,1338,2443,4460,5038,578
Truck153447,2683,2566,4750,5038,288
Truck153807,3119,2443,4860,5038,178
Truck153895,2683,2225,4890,5038,148
Truck154034,2225,0,4935,5038,103
Truck154270,2943,2942,5005,5038,33
Truck153129,2224,2683,4650,5039,389
Truck153224,1339,2224,4680,5039,359
Truck153589,2566,2443,4795,5039,244
Truck154100,2444,2225,4955,5039,84
Truck154108,2777,2942,4955,5040,85
Truck153563,2776,2224,4785,5041,256
Truck153577,2224,2443,4790,5041,251
Truck153636,2444,2683,4810,5041,231
Truck153780,2444,2443,4855,5041,186
Truck154144,0,2683,4970,5041,71
Truck154320,0,2567,5025,5041,16
Truck153965,2942,2443,4910,5042,132
Truck152391,2683,1338,4420,5043,623
Truck152529,1338,2443,4465,5043,578
Truck153463,2683,2566,4755,5043,288
Truck154098,2225,2567,4955,5043,88
Truck154180,2444,2566,4980,5043,63
Truck154251,2776,2684,5000,5043,43
Truck154153,2224,3119,4970,5044,74
Truck153629,2942,2567,4805,5045,240
Truck153951,3119,2684,4905,5045,140
Truck154124,2777,2942,4960,5045,85
Truck153796,2444,2443,4860,5046,186
Truck153124,2444,1338,4650,5047,397
Truck153971,2443,2942,4915,5047,132
Truck154352,0,1339,5035,5047,12
Truck154360,1339,0,5035,5047,12
Truck152545,1338,2443,4470,5048,578
Truck153803,2776,1339,4860,5048,188
Truck153839,3119,2443,4870,5048,178
Truck153888,0,2684,4890,5048,158
Truck154302,2943,2942,5015,5048,33
Truck154118,2567,2225,4960,5049,89
Truck154175,3119,2224,4975,5049,74
Truck153613,2942,0,4800,5050,250
Truck154140,2777,2942,4965,5050,85
Truck153609,2224,2443,4800,5051,251
Truck153812,2444,2443,4865,5051,186
Truck153638,2567,2942,4810,5052,242
Truck153914,2684,0,4895,5052,157
Truck152423,2683,1338,4430,5053,623
Truck152560,0,1338,4475,5053,578
Truck152561,1338,2443,4475,5053,578
Truck153719,2683,2776,4835,5053,218
Truck154212,2444,2566,4990,5053,63
Truck154291,2443,2684,5015,5053,38
Truck154318,2943,2942,5020,5053,33
Truck153819,2776,2567,4865,5054,189
Truck154134,2567,2225,4965,5054,89
Truck154156,2777,2942,4970,5055,85
Truck154199,2683,0,4985,5055,70
Truck153828,2444,2443,4870,5056,186
Truck153995,2776,2942,4920,5056,136
Truck154171,2776,2443,4975,5056,81
Truck152577,1338,0,4480,5057,577
Truck154206,2943,3119,4985,5057,72
Truck152576,0,1338,4480,5058,578
Truck152625,1338,2567,4495,5058,563
Truck153871,3119,2443,4880,5058,178
Truck153920,0,2684,4900,5058,158
Truck153959,2683,2225,4910,5058,148
Truck153191,2683,2224,4670,5059,389
Truck153653,2566,2443,4815,5059,244
Truck154201,2224,3119,4985,5059,74
Truck154044,2777,3119,4935,5060,125
Truck154172,2777,2942,4975,5060,85
Truck153632,0,2942,4810,5061,251
Truck153844,2444,2443,4875,5061,186
Truck153978,2684,1339,4915,5061,146
Truck154011,2776,2942,4925,5061,136
Truck154187,2776,2443,4980,5061,81
Truck152632,1339,1338,4495,5062,567
Truck153894,2567,2444,4890,5062,172
Truck154408,1339,0,5050,5062,12
Truck152593,1338,2443,4485,5063,578
Truck153769,2224,2684,4850,5063,213
Truck154099,2443,1339,4955,5063,108
Truck154350,2943,2942,5030,5063,33
Truck153207,2683,2224,4675,5064,389
Truck153669,2566,2443,4820,5064,244
Truck154114,2225,2443,4960,5064,104
Truck154157,2942,2684,4970,5064,94
Truck154188,2777,2942,4980,5065,85
Truck152641,1338,1339,4500,5066,566
Truck153519,3119,0,4770,5066,296
Truck153657,2224,2443,4815,5066,251
Truck154029,2942,2776,4930,5066,136
Truck154203,2776,2443,4985,5066,81
Truck152609,1338,0,4490,5067,577
Truck154045,2942,2443,4935,5067,132
Truck153867,2776,1339,4880,5068,188
Truck153952,0,2684,4910,5068,158
Truck154019,2443,2683,4930,5068,138
Truck154131,2443,2225,4965,5068,103
Truck154366,2943,2942,5035,5068,33
Truck153685,2566,2443,4825,5069,244
Truck154130,2225,2443,4965,5069,104
Truck154182,2567,2225,4980,5069,89
Truck154280,1339,2683,5010,5069,59
Truck154204,2777,2942,4985,5070,85
Truck153876,2444,2443,4885,5071,186
Truck153924,2444,2567,4900,5071,171
Truck153903,3119,2776,4890,5072,182
Truck153926,2567,2444,4900,5072,172
Truck154061,2942,2443,4940,5072,132
Truck154382,2943,2942,5040,5073,33
Truck154346,2684,2776,5030,5074,44
Truck154362,2684,2443,5035,5074,39
Truck153296,0,2224,4705,5075,370
Truck153693,2942,0,4825,5075,250
Truck154092,2777,3119,4950,5075,125
Truck154096,0,2443,4955,5075,120
Truck154220,2777,2942,4990,5075,85
Truck152962,2225,1338,4600,5076,476
Truck153892,2444,2443,4890,5076,186
Truck152680,1339,1338,4510,5077,567
Truck154077,2942,2443,4945,5077,132
Truck152689,1338,2567,4515,5078,563
Truck153984,0,2684,4920,5078,158
Truck154152,1339,2443,4970,5078,108
Truck153352,1339,2224,4720,5079,359
Truck153717,2566,2443,4835,5079,244
Truck154162,2225,2443,4975,5079,104
Truck154214,2567,2225,4990,5079,89
Truck153503,3119,2683,4765,5080,315
Truck154236,2777,2942,4995,5080,85
Truck154334,2943,2777,5025,5080,55
Truck153567,3119,0,4785,5081,296
Truck153689,2224,2776,4825,5081,256
Truck153691,2776,2224,4825,5081,256
Truck153908,2444,2443,4895,5081,186
Truck154050,2225,2566,4940,5081,141
Truck154053,2566,2225,4940,5081,141
Truck154286,2943,3119,5010,5082,72
Truck152657,1338,2443,4505,5083,578
Truck153057,1338,2566,4630,5084,454
Truck153883,2776,0,4885,5084,199
Truck154127,3119,2777,4960,5084,124
Truck154230,2567,2225,4995,5084,89
Truck154378,2684,2776,5040,5084,44
Truck153655,2683,2942,4815,5085,270
Truck153752,1339,2942,4845,5085,240
Truck154252,2777,2942,5000,5085,85
Truck152994,2225,1338,4610,5086,476
Truck154066,2225,2566,4945,5086,141
Truck152712,1339,1338,4520,5087,567
Truck152673,1338,2443,4510,5088,578
Truck154430,2943,2942,5055,5088,33
Truck153749,2566,2443,4845,5089,244
Truck153773,2942,1339,4850,5089,239
Truck153009,1338,2225,4615,5090,475
Truck153677,2942,2683,4820,5090,270
Truck153972,2444,1339,4915,5090,175
Truck154095,3119,2684,4950,5090,140
Truck154268,2777,2942,5005,5090,85
Truck153265,1338,2444,4695,5092,397
Truck154125,2942,2443,4960,5092,132
Truck154496,0,1339,5080,5092,12
Truck153847,2683,2776,4875,5093,218
Truck153947,2776,1339,4905,5093,188
Truck154074,2684,2567,4945,5093,148
Truck154258,2225,2567,5005,5093,88
Truck153400,1339,2224,4735,5094,359
Truck153765,2566,2443,4850,5094,244
Truck154426,2684,2443,5055,5094,39
Truck154536,1339,2567,5090,5094,4
Truck153687,2683,2942,4825,5095,270
Truck153757,2942,0,4845,5095,250
Truck153615,3119,0,4800,5096,296
Truck153647,3119,2567,4810,5096,286
Truck153737,2224,2776,4840,5096,256
Truck153744,0,2942,4845,5096,251
Truck153753,2224,2443,4845,5096,251
Truck152705,1338,0,4520,5097,577
Truck154006,2567,2444,4925,5097,172
Truck152753,1338,2567,4535,5098,563
Truck154086,2567,2684,4950,5098,148
Truck154226,2225,0,4995,5098,103
Truck154462,2943,2942,5065,5098,33
Truck153319,2683,2224,4710,5099,389
Truck153781,2566,2443,4855,5099,244
Truck153805,2942,1339,4860,5099,239
Truck153882,2684,2224,4885,5099,214
Truck154329,2224,3119,5025,5099,74
Truck154335,3119,2224,5025,5099,74
Truck154552,1339,2567,5095,5099,4
Truck153703,2683,2942,4830,5100,270
Truck154004,2444,1339,4925,5100,175
Truck154266,2684,2942,5005,5100,95
Truck154300,2777,2942,5015,5100,85
Truck153755,2776,2224,4845,5101,256
Truck154512,0,2567,5085,5101,16
Truck152760,1339,1338,4535,5102,567
Truck153297,1338,2444,4705,5102,397
Truck154147,2443,2942,4970,5102,132
Truck154477,2942,2943,5070,5102,32
Truck152721,1338,2443,4525,5103,578
Truck153821,2942,1339,4865,5104,239
Truck154242,2225,2443,5000,5104,104
Truck154285,2942,2684,5010,5104,94
Truck154020,2444,1339,4930,5105,175
Truck154316,2777,2942,5020,5105,85
Truck154317,2942,2777,5020,5105,85
Truck154414,2943,2777,5050,5105,55
Truck153771,2776,2224,4850,5106,256
Truck153779,2443,2224,4855,5106,251
Truck153785,2224,2443,4855,5106,251
Truck153814,2567,2942,4865,5107,242
Truck154038,2567,2444,4935,5107,172
Truck154163,2443,2942,4975,5107,132
Truck152737,1338,2443,4530,5108,578
Truck153449,2224,1339,4750,5108,358
Truck154031,3119,2443,4930,5108,178
Truck154151,2683,2443,4970,5108,138
Truck154494,2943,2942,5075,5108,33
Truck153351,2683,2224,4720,5109,389
Truck153417,2224,0,4740,5109,369
Truck153813,2566,2443,4865,5109,244
Truck154458,2684,2776,5065,5109,44
Truck154474,2684,2443,5070,5109,39
Truck154298,2684,2942,5015,5110,95
Truck154332,2777,2942,5025,5110,85
Truck153663,3119,0,4815,5111,296
Truck154146,2225,2566,4970,5111,141
Truck154347,2776,2443,5030,5111,81
Truck152792,1339,1338,4545,5112,567
Truck153329,1338,2444,4715,5112,397
Truck154179,2443,2942,4980,5112,132
Truck154189,2942,2443,4980,5112,132
Truck154274,2225,0,5010,5113,103
Truck153930,2684,2224,4900,5114,214
Truck153751,2683,2942,4845,5115,270
Truck153848,1339,2942,4875,5115,240
Truck154348,2777,2942,5030,5115,85
Truck153679,3119,0,4820,5116,296
Truck154016,0,2444,4930,5116,186
Truck154560,0,2567,5100,5116,16
Truck154398,2943,3119,5045,5117,72
Truck153701,2566,2683,4830,5118,288
Truck154526,2943,2942,5085,5118,33
Truck153845,2566,2443,4875,5119,244
Truck154290,2225,2443,5015,5119,104
Truck154364,2777,2942,5035,5120,85
Truck154035,2443,2444,4935,5121,186
Truck154036,2444,2443,4935,5121,186
Truck154379,2776,2443,5040,5121,81
Truck153680,0,3119,4825,5122,297
Truck153862,2567,2942,4880,5122,242
Truck153896,1339,2566,4890,5122,232
Truck154221,2942,2443,4990,5122,132
Truck152785,1338,2443,4545,5123,578
Truck154067,2443,3119,4945,5123,178
Truck154542,2943,2942,5090,5123,33
Truck153189,2566,1338,4670,5124,454
Truck153859,2443,2566,4880,5124,244
Truck153861,2566,2443,4880,5124,244
Truck153910,2567,2566,4895,5124,229
Truck154306,2225,2443,5020,5124,104
Truck154349,2942,2684,5030,5124,94
Truck153880,1339,2942,4885,5125,240
Truck154294,2567,2443,5015,5125,110
Truck154380,2777,2942,5040,5125,85
Truck153840,0,2942,4875,5126,251
Truck153849,2224,2443,4875,5126,251
Truck154052,2444,2443,4940,5126,186
Truck154395,2776,2443,5045,5126,81
Truck154592,0,2567,5110,5126,16
Truck153878,2567,2942,4885,5127,242
Truck152801,1338,2443,4550,5128,578
Truck153513,2224,1339,4770,5128,358
Truck154370,2225,2567,5040,5128,88
Truck154558,2943,2942,5095,5128,33
Truck153481,2224,0,4760,5129,369
Truck154322,2225,2443,5025,5129,104
Truck154431,3119,2224,5055,5129,74
Truck154648,1339,2567,5125,5129,4
Truck154396,2777,2942,5045,5130,85
Truck153759,3119,2567,4845,5131,286
Truck153865,2224,2443,4880,5131,251
Truck154064,0,2444,4945,5131,186
Truck154210,2225,2566,4990,5131,141
Truck154411,2776,2443,5050,5131,81
Truck154170,2684,0,4975,5132,157
Truck154253,2942,2443,5000,5132,132
Truck154446,2943,3119,5060,5132,72
Truck152817,1338,2443,4555,5133,578
Truck154111,3119,2443,4955,5133,178
Truck154574,2943,2942,5100,5133,33
Truck153893,2566,2443,4890,5134,244
Truck153917,2942,1339,4895,5134,239
Truck154120,1339,2444,4960,5134,174
Truck154323,2443,2567,5025,5134,109
Truck153775,3119,1339,4850,5135,285
Truck154284,2777,3119,5010,5135,125
Truck154301,2942,2224,5015,5135,120
Truck154412,2777,2942,5050,5135,85
Truck154083,2443,2444,4950,5136,186
Truck154216,1339,2684,4990,5136,146
Truck154234,2684,3119,4995,5136,141
Truck154259,2443,2942,5005,5137,132
Truck154269,2942,2443,5005,5137,132
Truck152833,1338,2443,4560,5138,578
Truck154590,2943,2942,5105,5138,33
Truck153909,2566,2443,4895,5139,244
Truck154303,3119,2777,5015,5139,124
Truck154354,2225,2443,5035,5139,104
Truck153831,2683,2942,4870,5140,270
Truck153928,1339,2942,4900,5140,240
Truck153933,2942,2567,4900,5140,240
Truck154394,2684,2942,5045,5140,95
Truck154428,2777,2942,5055,5140,85
Truck153791,3119,2567,4855,5141,286
Truck154640,0,2567,5125,5141,16
Truck153425,1338,2444,4745,5142,397
Truck154275,2443,2942,5010,5142,132
Truck154478,2943,3119,5070,5142,72
Truck154502,2567,2683,5080,5142,62
Truck154143,3119,2443,4965,5143,178
Truck154231,2683,2225,4995,5143,148
Truck154368,0,2225,5040,5143,103
Truck154434,2225,2444,5060,5143,83
Truck154606,2943,2942,5110,5143,33
Truck153529,2224,0,4775,5144,369
Truck153925,2566,2443,4900,5144,244
Truck154413,2942,2684,5050,5144,94
Truck154586,2684,2443,5105,5144,39
Truck153800,1339,3119,4860,5145,285
Truck153944,1339,2942,4905,5145,240
Truck154410,2684,2942,5050,5145,95
Truck154444,2777,2942,5060,5145,85
Truck154115,2443,2444,4960,5146,186
Truck154116,2444,2443,4960,5146,186
Truck154283,2776,2942,5010,5146,136
Truck154459,2776,2443,5065,5146,81
Truck153973,2566,1339,4915,5147,232
Truck152865,1338,2443,4570,5148,578
Truck154123,2776,1339,4960,5148,188
Truck154159,3119,2443,4970,5148,178
Truck154250,2684,2567,5000,5148,148
Truck154622,2943,2942,5115,5148,33
Truck152918,2567,1338,4585,5149,564
Truck154386,2225,2443,5045,5149,104
Truck154164,2444,1339,4975,5150,175
Truck154374,2567,2443,5040,5150,110
Truck154460,2777,2942,5065,5150,85
Truck153823,3119,2567,4865,5151,286
Truck154132,2444,2443,4965,5151,186
Truck154510,2943,3119,5080,5152,72
Truck152881,1338,2443,4575,5153,578
Truck153593,2224,1339,4795,5153,358
Truck154603,2776,2684,5110,5153,43
Truck154638,2943,2942,5120,5153,33
Truck154402,2225,2443,5050,5154,104
Truck153832,1339,3119,4870,5155,285
Truck153976,1339,2942,4915,5155,240
Truck154361,2224,2942,5035,5155,120
Truck154476,2777,2942,5070,5155,85
Truck154148,2444,2443,4970,5156,186
Truck154315,2776,2942,5020,5156,136
Truck154688,0,2567,5140,5156,16
Truck153974,2567,2942,4915,5157,242
Truck154456,1339,2225,5065,5157,92
Truck154549,2566,2444,5095,5157,62
Truck152897,1338,2443,4580,5158,578
Truck154155,2776,1339,4970,5158,188
Truck154191,3119,2443,4980,5158,178
Truck154654,2943,2942,5125,5158,33
Truck152950,2567,1338,4595,5159,564
Truck154418,2225,2443,5055,5159,104
Truck153855,3119,1339,4875,5160,285
Truck153992,1339,2942,4920,5160,240
Truck154196,2444,1339,4985,5160,175
Truck154492,2777,2942,5075,5160,85
Truck153955,2443,2224,4910,5161,251
Truck154309,2566,2225,5020,5161,141
Truck154333,2942,2776,5025,5161,136
Truck154499,2443,2776,5080,5161,81
Truck154507,2776,2443,5080,5161,81
Truck153808,0,3119,4865,5162,297
Truck153990,2567,2942,4920,5162,242
Truck154339,2443,2942,5030,5162,132
Truck152769,1338,2683,4540,5163,623
Truck152913,1338,2443,4585,5163,578
Truck154207,3119,2443,4985,5163,178
Truck154670,2943,2942,5130,5163,33
Truck153527,2683,2224,4775,5164,389
Truck153989,2566,2443,4920,5164,244
Truck154387,2443,0,5045,5164,119
Truck154650,2684,2443,5125,5164,39
Truck154166,2567,2776,4975,5165,190
Truck154397,2942,2224,5045,5165,120
Truck154583,2683,2567,5105,5165,60
Truck153961,2224,2776,4910,5166,256
Truck153977,2224,2443,4915,5166,251
Truck154330,2684,3119,5025,5166,141
Truck154758,2567,1339,5160,5166,6
Truck152968,1339,1338,4600,5167,567
Truck154365,2942,2443,5035,5167,132
Truck152929,1338,2443,4590,5168,578
Truck154087,2683,2776,4950,5168,218
Truck154223,3119,2443,4990,5168,178
Truck154686,2943,2942,5135,5168,33
Truck154005,2566,2443,4925,5169,244
Truck154450,2225,2443,5065,5169,104
Truck154553,2224,3119,5095,5169,74
Truck154524,2777,2942,5085,5170,85
Truck154363,2776,2942,5035,5171,136
Truck152945,1338,0,4595,5172,577
Truck154022,2567,2942,4930,5172,242
Truck154597,2566,2444,5110,5172,62
Truck153877,2566,2683,4885,5173,288
Truck154021,2566,0,4930,5173,243
Truck154121,2224,2684,4960,5173,213
Truck154326,2567,2684,5025,5173,148
Truck154451,2443,1339,5065,5173,108
Truck154466,2225,0,5070,5173,103
Truck154702,2943,2942,5140,5173,33
Truck154419,2443,0,5055,5174,119
Truck154666,2684,2776,5130,5174,44
Truck154244,2444,1339,5000,5175,175
Truck154506,2684,2942,5080,5175,95
Truck154540,2777,2942,5090,5175,85
Truck153993,2224,2776,4920,5176,256
Truck154000,0,2942,4925,5176,251
Truck154790,2567,1339,5170,5176,6
Truck154768,0,1339,5165,5177,12
Truck152961,1338,2443,4600,5178,578
Truck154243,2443,3119,5000,5178,178
Truck154255,3119,2443,5000,5178,178
Truck154375,2683,2443,5040,5178,138
Truck154718,2943,2942,5145,5178,33
Truck154467,2443,2567,5070,5179,109
Truck154482,2225,2443,5075,5179,104
Truck154056,1339,2942,4940,5180,240
Truck154556,2777,2942,5095,5180,85
Truck154025,2224,2443,4930,5181,251
Truck154228,2444,2443,4995,5181,186
Truck153556,2444,1338,4785,5182,397
Truck154630,2567,2683,5120,5182,62
Truck154139,2776,2683,4965,5183,218
Truck154734,2943,2942,5150,5183,33
Truck153688,1339,2224,4825,5184,359
Truck154235,2776,2567,4995,5184,189
Truck154498,2225,2443,5080,5184,104
Truck154601,2224,3119,5110,5184,74
Truck153313,1338,2225,4710,5185,475
Truck153981,2942,2683,4915,5185,270
Truck154072,1339,2942,4945,5185,240
Truck154538,2684,2942,5090,5185,95
Truck154572,2777,2942,5100,5185,85
Truck154041,2224,2443,4935,5186,251
Truck154822,2567,1339,5180,5186,6
Truck154070,2567,2942,4945,5187,242
Truck154282,2684,2683,5010,5187,177
Truck154800,0,1339,5175,5187,12
Truck152993,1338,2443,4610,5188,578
Truck153705,2224,1339,4830,5188,358
Truck154514,2225,0,5085,5188,103
Truck153046,2567,1338,4625,5189,564
Truck154069,2566,2443,4945,5189,244
Truck154617,2224,3119,5115,5189,74
Truck154088,1339,2942,4950,5190,240
Truck154588,2777,2942,5105,5190,85
Truck154260,2444,2443,5005,5191,186
Truck154308,2444,2567,5020,5191,171
Truck154427,2776,2942,5055,5191,136
Truck154624,0,2683,5120,5191,71
Truck154838,2567,1339,5185,5191,6
Truck153942,2567,3119,4905,5192,287
Truck154287,3119,2776,5010,5192,182
Truck154445,2942,2443,5060,5192,132
Truck154578,2225,2567,5105,5193,88
Truck154766,2943,2942,5160,5193,33
Truck153625,2224,2683,4805,5194,389
Truck154085,2566,2443,4950,5194,244
Truck154530,2225,2443,5090,5194,104
Truck154633,2224,3119,5120,5194,74
Truck154746,2684,2443,5155,5194,39
Truck154856,1339,2567,5190,5194,4
Truck154104,1339,2942,4955,5195,240
Truck154109,2942,2567,4955,5195,240
Truck154493,2942,2224,5075,5195,120
Truck154570,2684,2942,5100,5195,95
Truck154604,2777,2942,5110,5195,85
Truck154073,2224,2443,4945,5196,251
Truck154276,2444,0,5010,5196,186
Truck154443,2776,2942,5060,5196,136
Truck154619,2776,2443,5115,5196,81
Truck154816,0,2567,5180,5196,16
Truck154314,2684,2683,5020,5197,177
Truck154678,2567,2683,5135,5197,62
Truck153025,1338,2443,4620,5198,578
Truck154319,3119,2443,5020,5198,178
Truck154782,2943,2942,5165,5198,33
Truck153736,1339,2224,4840,5199,359
Truck154101,2566,2443,4955,5199,244
Truck153361,1338,2225,4725,5200,475
Truck153696,0,2224,4830,5200,370
Truck154093,2942,0,4950,5200,250
Truck154620,2777,2942,5115,5200,85
Truck154075,2776,2224,4945,5201,256
Truck154080,0,2942,4950,5201,251
Truck154292,2444,2443,5015,5201,186
Truck154635,2776,2443,5120,5201,81
Truck154751,3119,2942,5155,5201,46
Truck153041,1338,2443,4625,5203,578
Truck154626,2225,2444,5120,5203,83
Truck154798,2943,2942,5170,5203,33
Truck154218,2684,2224,4990,5204,214
Truck154267,2776,0,5005,5204,199
Truck154562,2225,2443,5100,5204,104
Truck154665,2224,3119,5130,5204,74
Truck154711,2683,1339,5145,5204,59
Truck154778,2684,2443,5165,5204,39
Truck154141,2942,2567,4965,5205,240
Truck154167,2683,2444,4975,5205,230
Truck154508,2777,3119,5080,5205,125
Truck154636,2777,2942,5120,5205,85
Truck154105,2224,2443,4955,5206,251
Truck154304,0,2444,5020,5206,186
Truck154343,2683,2684,5030,5206,176
Truck154453,2566,2225,5065,5206,141
Truck154651,2776,2443,5125,5206,81
Truck154165,2566,1339,4975,5207,232
Truck154133,2566,0,4965,5208,243
Truck154219,2776,2683,4990,5208,218
Truck154576,0,2225,5105,5208,103
Truck154687,3119,2224,5135,5209,74
Truck154794,2684,2443,5170,5209,39
Truck154055,2683,2942,4940,5210,270
Truck154652,2777,2942,5125,5210,85
Truck153983,3119,0,4915,5211,296
Truck154112,0,2942,4960,5211,251
Truck154324,2444,2443,5025,5211,186
Truck154469,2566,2225,5070,5211,141
Truck154783,3119,2942,5165,5211,46
Truck154150,2567,2942,4970,5212,242
Truck153073,1338,2443,4635,5213,578
Truck154328,1339,2776,5025,5213,188
Truck154367,3119,2443,5035,5213,178
Truck154830,2943,2942,5180,5213,33
Truck153477,2566,1338,4760,5214,454
Truck154543,3119,2777,5090,5214,124
Truck154594,2225,2443,5110,5214,104
Truck154703,3119,2224,5140,5214,74
Truck154810,2684,2443,5175,5214,39
Truck154495,3119,2684,5075,5215,140
Truck154634,2684,2942,5120,5215,95
Truck154668,2777,2942,5130,5215,85
Truck154128,0,2942,4965,5216,251
Truck154340,2444,2443,5030,5216,186
Truck154472,1339,2684,5070,5216,146
Truck154525,2942,2443,5085,5217,132
Truck154642,2225,1339,5125,5217,92
Truck153089,1338,2443,4640,5218,578
Truck154265,2224,2684,5005,5218,213
Truck154383,3119,2443,5040,5218,178
Truck154470,2567,2684,5070,5218,148
Truck154846,2943,2942,5185,5218,33
Truck154759,2683,1339,5160,5219,59
Truck153943,2683,3119,4905,5220,315
Truck154184,1339,2942,4980,5220,240
Truck154342,2567,2776,5030,5220,190
Truck154684,2777,2942,5135,5220,85
Truck153798,2567,2224,4860,5221,361
Truck154047,3119,2567,4935,5221,286
Truck154356,2444,0,5035,5221,186
Truck154934,2567,1339,5215,5221,6
Truck154213,2566,1339,4990,5222,232
Truck153105,1338,2443,4645,5223,578
Truck154037,2566,2683,4935,5223,288
Truck154039,2683,2566,4935,5223,288
Truck154263,2683,2776,5005,5223,218
Truck154515,2443,2683,5085,5223,138
Truck154674,2225,2567,5135,5223,88
Truck154862,2943,2942,5190,5223,33
Truck154181,2566,2443,4980,5224,244
Truck154173,2942,0,4975,5225,250
Truck154200,1339,2942,4985,5225,240
Truck154700,2777,2942,5140,5225,85
Truck154063,3119,2567,4940,5226,286
Truck154160,0,2942,4975,5226,251
Truck154372,2444,2443,5040,5226,186
Truck154912,0,2567,5210,5226,16
Truck154547,2443,2942,5095,5227,132
Truck154557,2942,2443,5095,5227,132
Truck154750,2943,3119,5155,5227,72
Truck152977,1338,2683,4605,5228,623
Truck154772,2444,2566,5165,5228,63
Truck154843,2776,2684,5185,5228,43
Truck154878,2943,2942,5195,5228,33
Truck154197,2566,2443,4985,5229,244
Truck154685,2942,2684,5135,5229,94
Truck154745,2224,3119,5155,5229,74
Truck154812,2777,2943,5175,5229,54
Truck154119,2683,2942,4960,5230,270
Truck154716,2777,2942,5145,5230,85
Truck154185,2224,2443,4980,5231,251
Truck154388,2444,2443,5045,5231,186
Truck154555,2776,2942,5095,5231,136
Truck154438,2567,2444,5060,5232,172
Truck154563,2443,2942,5100,5232,132
Truck154573,2942,2443,5100,5232,132
Truck154944,0,1339,5220,5232,12
Truck153136,0,1338,4655,5233,578
Truck153137,1338,2443,4655,5233,578
Truck154894,2943,2942,5200,5233,33
Truck153537,1338,2566,4780,5234,454
Truck154262,2567,2566,5005,5234,229
Truck154658,2225,2443,5130,5234,104
Truck154205,2942,0,4985,5235,250
Truck154232,1339,2942,4995,5235,240
Truck154698,2684,2942,5140,5235,95
Truck154732,2777,2942,5150,5235,85
Truck154404,2444,0,5050,5236,186
Truck154439,2683,2684,5060,5236,176
Truck154747,2776,2443,5155,5236,81
Truck154579,2443,2942,5105,5237,132
Truck154806,2567,2683,5175,5237,62
Truck153153,1338,2443,4660,5238,578
Truck154659,2443,1339,5130,5238,108
Truck154229,2566,2443,4995,5239,244
Truck154627,2443,0,5120,5239,119
Truck154874,2684,2776,5195,5239,44
Truck154748,2777,2942,5155,5240,85
Truck154208,0,2942,4990,5241,251
Truck154211,2443,2224,4990,5241,251
Truck154420,2444,2443,5055,5241,186
Truck154455,2683,2684,5065,5241,176
Truck154587,2776,2942,5105,5241,136
Truck154763,2776,2443,5160,5241,81
Truck154879,3119,2942,5195,5241,46
Truck154960,0,2567,5225,5241,16
Truck154246,2567,2942,5000,5242,242
Truck154522,2684,0,5085,5242,157
Truck154821,2566,2444,5180,5242,62
Truck153169,1338,2443,4665,5243,578
Truck153171,2443,1338,4665,5243,578
Truck154546,2225,2683,5095,5243,148
Truck154554,2684,2567,5095,5243,148
Truck154680,1339,2443,5135,5243,108
Truck154926,2943,2942,5210,5243,33
Truck154245,2566,2443,5000,5244,244
Truck154690,2225,2443,5140,5244,104
Truck154756,2444,2225,5160,5244,84
Truck154793,2224,3119,5170,5244,74
Truck154840,1339,2683,5185,5244,59
Truck154906,2684,2443,5205,5244,39
Truck154237,2942,0,4995,5245,250
Truck154264,1339,2942,5005,5245,240
Truck154468,2444,1339,5070,5245,175
Truck154591,3119,2684,5105,5245,140
Truck154764,2777,2942,5160,5245,85
Truck153506,2225,1338,4770,5246,476
Truck154224,0,2942,4995,5246,251
Truck154436,2444,2443,5060,5246,186
Truck154621,2942,2443,5115,5247,132
Truck154738,2225,1339,5155,5247,92
Truck154814,2943,3119,5175,5247,72
Truck154992,0,1339,5235,5247,12
Truck154117,2566,2683,4960,5248,288
Truck154479,3119,2443,5070,5248,178
Truck154567,2683,2225,5100,5248,148
Truck154942,2943,2942,5215,5248,33
Truck153799,2683,2224,4860,5249,389
Truck154706,2225,2443,5145,5249,104
Truck154809,2224,3119,5175,5249,74
Truck154876,2777,2943,5195,5249,54
Truck154922,2684,2443,5210,5249,39
Truck155032,1339,2567,5245,5249,4
Truck154136,1339,3119,4965,5250,285
Truck154249,2224,2443,5000,5251,251
Truck154452,2444,2443,5065,5251,186
Truck154500,2444,2567,5080,5251,171
Truck154998,2567,0,5235,5251,16
Truck154490,2684,2683,5075,5252,177
Truck153201,1338,2443,4675,5253,578
Truck154483,2443,3119,5075,5253,178
Truck154958,2943,2942,5220,5253,33
Truck154277,2566,2443,5010,5254,244
Truck154722,2225,2443,5150,5254,104
Truck154871,2683,1339,5195,5254,59
Truck154762,2684,2942,5160,5255,95
Truck154796,2777,2942,5170,5255,85
Truck154925,2942,3119,5210,5256,46
Truck154653,2942,2443,5125,5257,132
Truck153079,2683,1338,4635,5258,623
Truck154149,2566,2683,4970,5258,288
Truck154475,2776,1339,5070,5258,188
Truck154511,3119,2443,5080,5258,178
Truck154602,2684,2567,5110,5258,148
Truck154974,2943,2942,5225,5258,33
Truck153270,2567,1338,4695,5259,564
Truck153833,2224,2683,4870,5259,389
Truck154293,2566,2443,5015,5259,244
Truck154781,2942,2684,5165,5259,94
Truck154908,2777,2943,5205,5259,54
Truck154954,2684,2443,5220,5259,39
Truck153929,2224,2567,4900,5260,360
Truck154079,3119,2683,4945,5260,315
Truck154168,1339,3119,4975,5260,285
Truck154516,2444,1339,5085,5260,175
Truck154855,2683,0,5190,5260,70
Truck154910,2943,2777,5205,5260,55
Truck153272,1339,1338,4695,5262,567
Truck154786,2225,1339,5170,5262,92
Truck153233,1338,2443,4685,5263,578
Truck154491,2776,1339,5075,5263,188
Truck154527,3119,2443,5085,5263,178
Truck154615,2683,2225,5115,5263,148
Truck154618,2684,2567,5115,5263,148
Truck154754,2225,0,5160,5263,103
Truck154990,2943,2942,5230,5263,33
Truck153637,2566,1338,4810,5264,454
Truck154307,2443,2566,5020,5264,244
Truck154359,2683,2444,5035,5265,230
Truck154828,2777,2942,5180,5265,85
Truck153570,2225,1338,4790,5266,476
Truck154297,2224,2443,5015,5266,251
Truck154669,2942,2776,5130,5266,136
Truck155046,2567,0,5250,5266,16
Truck153249,1338,2443,4690,5268,578
Truck154979,2443,2684,5230,5268,38
Truck155006,2943,2942,5235,5268,33
Truck153960,1339,2224,4910,5269,359
Truck154770,2225,2443,5165,5269,104
Truck154986,2684,2443,5230,5269,39
Truck154344,1339,2942,5030,5270,240
Truck154671,3119,2684,5130,5270,140
Truck154844,2777,2942,5185,5270,85
Truck153958,2567,2224,4910,5271,361
Truck154299,2776,2224,5015,5271,256
Truck155056,0,2567,5255,5271,16
Truck155062,2567,0,5255,5271,16
Truck154373,2566,1339,5040,5272,232
Truck154376,1339,2566,5040,5272,232
Truck154701,2942,2443,5140,5272,132
Truck153121,1338,2683,4650,5273,623
Truck154441,2224,2684,5060,5273,213
Truck154523,2776,1339,5085,5273,188
Truck154559,3119,2443,5095,5273,178
Truck154850,2225,2444,5190,5273,83
Truck155022,2943,2942,5240,5273,33
Truck154341,2566,2443,5030,5274,244
Truck154442,2684,2224,5060,5274,214
Truck154568,1339,2444,5100,5274,174
Truck154735,3119,2777,5150,5274,124
Truck154889,2224,3119,5200,5274,74
Truck153936,0,2224,4905,5275,370
Truck154480,0,2776,5075,5275,200
Truck154860,2777,2942,5190,5275,85
Truck154532,2444,2443,5090,5276,186
Truck154875,2776,2443,5195,5276,81
Truck153320,1339,1338,4710,5277,567
Truck154933,2566,2444,5215,5277,62
Truck153281,1338,2443,4700,5278,578
Truck154357,2566,0,5035,5278,243
Truck154575,3119,2443,5100,5278,178
Truck154663,2683,2225,5130,5278,148
Truck154691,2443,2683,5140,5278,138
Truck154866,2225,2444,5195,5278,83
Truck155038,2943,2942,5245,5278,33
Truck154802,2225,2443,5175,5279,104
Truck154765,2942,2224,5160,5280,120
Truck154331,2776,2224,5025,5281,256
Truck154336,0,2942,5030,5281,251
Truck154345,2224,2443,5030,5281,251
Truck154544,0,2444,5095,5281,186
Truck154548,2444,2443,5095,5281,186
Truck154891,2776,2443,5200,5281,81
Truck154192,0,3119,4985,5282,297
Truck154405,2566,1339,5050,5282,232
Truck154598,2567,2444,5110,5282,172
Truck153345,1338,2567,4720,5283,563
Truck155054,2943,2942,5250,5283,33
Truck153913,2224,2683,4895,5284,389
Truck154371,2443,2566,5040,5284,244
Truck154818,2225,2443,5180,5284,104
Truck154892,2777,2942,5200,5285,85
Truck154733,2942,2776,5150,5286,136
Truck155110,2567,0,5270,5286,16
Truck154390,2567,2942,5045,5287,242
Truck154424,1339,2566,5055,5287,232
Truck154965,2566,2444,5225,5287,62
Truck154247,2683,2566,5000,5288,288
Truck154595,2443,3119,5110,5288,178
Truck154656,0,2684,5130,5288,158
Truck154694,2567,2684,5140,5288,148
Truck154723,2443,2683,5150,5288,138
Truck154834,2225,0,5185,5288,103
Truck155070,2943,2942,5255,5288,33
Truck154389,2566,2443,5045,5289,244
Truck154616,1339,2444,5115,5289,174
Truck154943,3119,2224,5215,5289,74
Truck154311,2683,2942,5020,5290,270
Truck154780,2777,3119,5165,5290,125
Truck154909,2942,2777,5205,5290,85
Truck154951,2683,0,5220,5290,70
Truck154271,3119,2567,5005,5291,286
Truck154580,2444,2443,5105,5291,186
Truck154406,2567,2942,5050,5292,242
Truck154882,2225,1339,5200,5292,92
Truck155085,2942,2943,5260,5292,32
Truck153185,1338,2683,4670,5293,623
Truck154261,2566,2683,5005,5293,288
Truck154505,2224,2684,5080,5293,213
Truck154611,2443,3119,5115,5293,178
Truck154739,2443,2683,5155,5293,138
Truck154835,2443,1339,5185,5293,108
Truck155086,2943,2942,5260,5293,33
Truck153733,2566,1338,4840,5294,454
Truck153945,2224,2683,4905,5294,389
Truck154009,2224,0,4925,5294,369
Truck154040,1339,2224,4935,5294,359
Truck154429,2942,1339,5055,5294,239
Truck154632,1339,2444,5120,5294,174
Truck155050,2684,2776,5250,5294,44
Truck154327,2683,2942,5025,5295,270
Truck154924,2777,2942,5210,5295,85
Truck154393,2224,2443,5045,5296,251
Truck154939,2776,2443,5215,5296,81
Truck155055,3119,2942,5250,5296,46
Truck154422,2567,2942,5055,5297,242
Truck154503,2683,2776,5080,5298,218
Truck154600,1339,2776,5110,5298,188
Truck154730,2684,2567,5150,5298,148
Truck155102,2943,2942,5265,5298,33
Truck154416,0,2566,5055,5299,244
Truck154421,2566,2443,5055,5299,244
Truck154571,2776,0,5100,5299,199
Truck154815,3119,2777,5175,5299,124
Truck154851,2443,2567,5190,5299,109
Truck154932,2444,2225,5215,5299,84
Truck154296,1339,3119,5015,5300,285
Truck154825,2224,2942,5180,5300,120
Truck154400,0,2942,5050,5301,251
Truck154403,2443,2224,5050,5301,251
Truck154409,2224,2443,5050,5301,251
Truck154744,1339,2684,5155,5301,146
Truck154779,2776,2942,5165,5301,136
Truck153940,2444,1338,4905,5302,397
Truck154662,2567,2444,5130,5302,172
Truck154797,2942,2443,5170,5302,132
Truck153217,1338,2683,4680,5303,623
Truck154485,2566,2567,5075,5303,228
Truck154537,2224,2684,5090,5303,213
Truck154643,2443,3119,5125,5303,178
Truck154867,2443,1339,5195,5303,108
Truck154872,1339,2443,5195,5303,108
Truck154946,2225,2444,5220,5303,83
Truck155118,2943,2942,5270,5303,33
Truck154437,2566,2443,5060,5304,244
Truck155052,2777,2943,5250,5304,54
Truck155098,2684,2443,5265,5304,39
Truck154032,0,2224,4935,5305,370
Truck154312,1339,3119,5020,5305,285
Truck154487,2683,2444,5075,5305,230
Truck154841,2224,2942,5185,5305,120
Truck154956,2777,2942,5220,5305,85
Truck154957,2942,2777,5220,5305,85
Truck154425,2224,2443,5055,5306,251
Truck154795,2776,2942,5170,5306,136
Truck154971,2776,2443,5225,5306,81
Truck154936,1339,2225,5215,5307,92
Truck153377,1338,2443,4730,5308,578
Truck154791,2683,2443,5170,5308,138
Truck155134,2943,2942,5275,5308,33
Truck154898,2225,2443,5205,5309,104
Truck155114,2684,2443,5270,5309,39
Truck154048,0,2224,4940,5310,370
Truck154239,3119,2683,4995,5310,315
Truck154381,2942,2683,5040,5310,270
Truck154938,2684,2942,5215,5310,95
Truck154432,0,2942,5060,5311,251
Truck154435,2443,2224,5060,5311,251
Truck154692,2444,2567,5140,5311,171
Truck153432,1339,1338,4745,5312,567
Truck154288,0,3119,5015,5312,297
Truck154682,2684,2683,5135,5312,177
Truck155045,2566,2444,5250,5312,62
Truck155149,2942,2943,5280,5312,32
Truck154325,2566,2683,5025,5313,288
Truck154899,2443,1339,5205,5313,108
Truck154914,2225,0,5210,5313,103
Truck155150,2943,2942,5280,5313,33
Truck154863,3119,2777,5190,5314,124
Truck155017,2224,3119,5240,5314,74
Truck154351,3119,1339,5030,5315,285
Truck154608,0,2776,5115,5315,200
Truck154988,2777,2942,5230,5315,85
Truck155031,2683,0,5245,5315,70
Truck155063,2683,2567,5255,5315,60
Truck154448,0,2942,5065,5316,251
Truck154457,2224,2443,5065,5316,251
Truck154660,2444,2443,5130,5316,186
Truck153409,1338,0,4740,5317,577
Truck153988,2444,1338,4920,5317,397
Truck154486,2567,2942,5075,5317,242
Truck154520,1339,2566,5085,5317,232
Truck154845,2942,2443,5185,5317,132
Truck154664,1339,2776,5130,5318,188
Truck154920,1339,2443,5210,5318,108
Truck155131,2776,2684,5275,5318,43
Truck155166,2943,2942,5285,5318,33
Truck153462,2567,1338,4755,5319,564
Truck153809,1338,2566,4865,5319,454
Truck154982,2567,2225,5230,5319,89
Truck155100,2777,2943,5265,5319,54
Truck155146,2684,2443,5280,5319,39
Truck153745,1338,2225,4845,5320,475
Truck154504,1339,2942,5080,5320,240
Truck154535,2683,2444,5090,5320,230
Truck154708,2444,1339,5145,5320,175
Truck155004,2777,2942,5235,5320,85
Truck154672,0,2444,5135,5321,186
Truck154676,2444,2443,5135,5321,186
Truck154808,1339,2684,5175,5321,146
Truck155216,0,2567,5305,5321,16
Truck153464,1339,1338,4755,5322,567
Truck154358,2567,3119,5035,5322,287
Truck154714,2684,2683,5145,5322,177
Truck155232,0,1339,5310,5322,12
Truck154931,2443,1339,5215,5323,108
Truck155182,2943,2942,5290,5323,33
Truck154501,2566,2443,5080,5324,244
Truck154137,2224,2567,4965,5325,360
Truck154551,2683,2444,5095,5325,230
Truck154847,3119,2684,5185,5325,140
Truck155020,2777,2942,5240,5325,85
Truck154727,2683,2684,5150,5326,176
Truck154859,2776,2942,5190,5326,136
Truck154877,2942,2443,5195,5327,132
Truck153441,1338,2443,4750,5328,578
Truck154826,2684,2567,5180,5328,148
Truck154947,2443,1339,5220,5328,108
Truck155198,2943,2942,5295,5328,33
Truck154057,2224,2683,4940,5329,389
Truck154517,2566,2443,5085,5329,244
Truck154667,2776,0,5130,5329,199
Truck155178,2684,2443,5290,5329,39
Truck154295,2683,3119,5015,5330,315
Truck154399,3119,1339,5045,5330,285
Truck154541,2942,2567,5090,5330,240
Truck154740,2444,1339,5155,5330,175
Truck155002,2684,2942,5235,5330,95
Truck155036,2777,2942,5245,5330,85
Truck154842,2684,1339,5185,5331,146
Truck154853,2566,2225,5190,5331,141
Truck155051,2776,2443,5250,5331,81
Truck153496,1339,1338,4765,5332,567
Truck154534,2567,2942,5090,5332,242
Truck153457,1338,2443,4755,5333,578
Truck154581,2566,2567,5105,5333,228
Truck154715,2776,1339,5145,5333,188
Truck154976,0,2225,5230,5333,103
Truck155214,2943,2942,5300,5333,33
Truck153857,1338,2566,4880,5334,454
Truck154071,2683,2224,4945,5334,389
Truck154531,2443,2566,5090,5334,244
Truck154533,2566,2443,5090,5334,244
Truck154683,2776,0,5135,5334,199
Truck154978,2225,2443,5230,5334,104
Truck155030,2567,2225,5245,5334,89
Truck154169,2224,2567,4975,5335,360
Truck154415,3119,1339,5050,5335,285
Truck154461,2942,2683,5065,5335,270
Truck155018,2684,2942,5240,5335,95
Truck154724,2444,2443,5150,5336,186
Truck153473,1338,2443,4760,5338,578
Truck154407,2683,2566,5050,5338,288
Truck154854,2567,2684,5190,5338,148
Truck154858,2684,2567,5190,5338,148
Truck155230,2943,2942,5305,5338,33
Truck154731,2776,2567,5150,5339,189
Truck154994,2225,2443,5235,5339,104
Truck155143,2683,1339,5280,5339,59
Truck154471,2683,2942,5070,5340,270
Truck154940,2777,3119,5215,5340,125
Truck155068,2777,2942,5255,5340,85
Truck153810,2225,1338,4865,5341,476
Truck154767,3119,2776,5160,5342,182
Truck153489,1338,2443,4765,5343,578
Truck153491,2443,1338,4765,5343,578
Truck154792,1339,2444,5170,5344,174
Truck154584,1339,2942,5105,5345,240
Truck154589,2942,2567,5105,5345,240
Truck155084,2777,2942,5260,5345,85
Truck154539,2776,2224,5090,5346,256
Truck154612,2444,2683,5115,5346,231
Truck154752,0,2444,5160,5346,186
Truck154890,2684,1339,5200,5346,146
Truck155099,2776,2443,5265,5346,81
Truck154084,2444,1338,4950,5347,397
Truck154613,2566,1339,5115,5347,232
Truck154787,2443,3119,5170,5348,178
Truck155262,2943,2942,5315,5348,33
Truck155026,2225,2443,5245,5349,104
Truck155352,1339,2567,5345,5349,4
Truck154509,2942,2683,5080,5350,270
Truck154972,2777,3119,5225,5350,125
Truck155066,2684,2942,5255,5350,95
Truck154771,2443,2444,5165,5351,186
Truck154454,2567,3119,5065,5352,287
Truck155074,2225,1339,5260,5352,92
Truck153521,1338,2443,4775,5353,578
Truck154645,2566,2567,5125,5353,228
Truck154679,2683,2776,5135,5353,218
Truck154935,2683,2443,5215,5353,138
Truck155172,2444,2566,5290,5353,63
Truck154519,2683,2942,5085,5355,270
Truck155001,2224,2942,5235,5355,120
Truck155116,2777,2942,5270,5355,85
Truck154447,3119,0,5060,5356,296
Truck154930,2225,2566,5215,5356,141
Truck155167,3119,2943,5285,5356,71
Truck154113,1338,2444,4960,5357,397
Truck154973,2942,2443,5225,5357,132
Truck155189,2566,2444,5295,5357,62
Truck155344,0,1339,5345,5357,12
Truck153393,1338,2683,4735,5358,623
Truck154699,2776,2683,5140,5358,218
Truck155294,2943,2942,5325,5358,33
Truck153937,1338,2566,4905,5359,454
Truck154217,2224,0,4990,5359,369
Truck155011,2443,0,5240,5359,119
Truck155058,2225,2443,5255,5359,104
Truck155274,2684,2443,5320,5359,39
Truck154605,2942,0,5110,5360,250
Truck155132,2777,2942,5275,5360,85
Truck155175,2683,0,5290,5360,70
Truck154463,3119,0,5065,5361,296
Truck154989,2942,2443,5230,5362,132
Truck155112,1339,2225,5270,5362,92
Truck155309,2942,2943,5330,5362,32
Truck155360,0,1339,5350,5362,12
Truck153553,1338,2443,4785,5363,578
Truck155310,2943,2942,5330,5363,33
Truck153953,1338,2566,4910,5364,454
Truck154629,2566,2443,5120,5364,244
Truck154811,2776,2567,5175,5364,189
Truck155140,2444,2225,5280,5364,84
Truck155037,2942,2224,5245,5365,120
Truck155148,2777,2942,5280,5365,85
Truck154819,2443,2444,5180,5366,186
Truck154820,2444,2443,5180,5366,186
Truck154970,2684,3119,5225,5366,141
Truck155163,2776,2443,5285,5366,81
Truck155005,2942,2443,5235,5367,132
Truck153569,1338,2443,4790,5368,578
Truck155090,2225,0,5265,5368,103
Truck154183,2683,2224,4980,5369,389
Truck155416,1339,2567,5365,5369,4
Truck154637,2942,0,5120,5370,250
Truck154784,0,2776,5170,5370,200
Truck155164,2777,2942,5285,5370,85
Truck154832,0,2444,5185,5371,186
Truck154836,2444,2443,5185,5371,186
Truck155179,2776,2443,5290,5371,81
Truck155376,0,2567,5355,5371,16
Truck153585,1338,0,4795,5372,577
Truck154696,1339,2566,5140,5372,232
Truck154743,2683,2776,5155,5373,218
Truck154962,2225,2683,5225,5373,148
Truck154995,2443,2683,5235,5373,138
Truck155342,2943,2942,5340,5373,33
Truck154661,2566,2443,5130,5374,244
Truck155106,2225,2443,5270,5374,104
Truck155094,2567,2443,5265,5375,110
Truck155180,2777,2942,5290,5375,85
Truck155278,2943,2777,5320,5375,55
Truck153922,2225,1338,4900,5376,476
Truck155195,2776,2443,5295,5376,81
Truck155430,2567,1339,5370,5376,6
Truck153640,1339,1338,4810,5377,567
Truck154709,2566,1339,5145,5377,232
Truck153601,1338,2443,4800,5378,578
Truck154883,2443,3119,5200,5378,178
Truck155323,2776,2684,5335,5378,43
Truck155358,2943,2942,5345,5378,33
Truck154281,2224,0,5010,5379,369
Truck155122,2225,2443,5275,5379,104
Truck155174,2567,2225,5290,5379,89
Truck155196,2777,2942,5295,5380,85
Truck153649,1338,1339,4815,5381,566
Truck154310,2567,2224,5020,5381,361
Truck154649,2224,2776,5125,5381,256
Truck154868,2444,2443,5195,5381,186
Truck155000,1339,2684,5235,5381,146
Truck155010,2225,2566,5240,5381,141
Truck155035,2776,2942,5245,5381,136
Truck154550,2567,3119,5095,5382,287
Truck155043,2443,2942,5250,5382,132
Truck155053,2942,2443,5250,5382,132
Truck155246,2943,3119,5310,5382,72
Truck153617,1338,2443,4805,5383,578
Truck153665,1338,2567,4820,5383,563
Truck154911,3119,2443,5205,5383,178
Truck154233,2224,2683,4995,5384,389
Truck154693,2566,2443,5140,5384,244
Truck154717,2942,1339,5145,5384,239
Truck155087,3119,2777,5260,5384,124
Truck155138,2225,2443,5280,5384,104
Truck155354,2684,2443,5345,5384,39
Truck154712,1339,2942,5145,5385,240
Truck155039,3119,2684,5245,5385,140
Truck154675,2443,2224,5135,5386,251
Truck154681,2224,2443,5135,5386,251
Truck154884,2444,2443,5200,5386,186
Truck154919,2683,2684,5210,5386,176
Truck155341,2942,3119,5340,5386,46
Truck154566,2567,3119,5100,5387,287
Truck155059,2443,2942,5255,5387,132
Truck155186,2225,1339,5295,5387,92
Truck155286,2567,2683,5325,5387,62
Truck154565,2566,2683,5100,5388,288
Truck154927,3119,2443,5210,5388,178
Truck155218,2225,2444,5305,5388,83
Truck155355,2776,2684,5345,5388,43
Truck155390,2943,2942,5355,5388,33
Truck154313,2224,0,5020,5389,369
Truck155154,2225,2443,5285,5389,104
Truck155370,2684,2443,5350,5389,39
Truck154728,1339,2942,5150,5390,240
Truck155142,2567,2443,5280,5390,110
Truck155194,2684,2942,5295,5390,95
Truck155228,2777,2942,5305,5390,85
Truck155229,2942,2777,5305,5390,85
Truck155326,2943,2777,5335,5390,55
Truck154697,2224,2443,5140,5391,251
Truck154900,2444,2443,5205,5391,186
Truck155034,2684,1339,5245,5391,146
Truck155243,2776,2443,5310,5391,81
Truck155359,3119,2942,5345,5391,46
Truck155440,0,2567,5375,5391,16
Truck155478,2567,1339,5385,5391,6
Truck154726,2567,2942,5150,5392,242
Truck155075,2443,2942,5260,5392,132
Truck153505,1338,2683,4770,5393,623
Truck154907,2776,1339,5205,5393,188
Truck155234,2225,2444,5310,5393,83
Truck155406,2943,2942,5360,5393,33
Truck155170,2225,2443,5290,5394,104
Truck155386,2684,2443,5355,5394,39
Truck154647,2683,2942,5125,5395,270
Truck155133,2942,2224,5275,5395,120
Truck155210,2684,2942,5300,5395,95
Truck155319,2683,2567,5335,5395,60
Truck154916,2444,2443,5210,5396,186
Truck155280,0,2683,5325,5396,71
Truck155091,2443,2942,5265,5397,132
Truck155224,1339,2225,5305,5397,92
Truck153667,2443,1338,4820,5398,578
Truck154827,2776,2683,5180,5398,218
Truck154959,3119,2443,5220,5398,178
Truck155316,2444,2566,5335,5398,63
Truck155422,2943,2942,5365,5398,33
Truck154279,2683,2224,5010,5399,389
Truck154741,2566,2443,5155,5399,244
Truck155289,2224,3119,5325,5399,74
Truck155145,2224,2942,5280,5400,120
Truck155226,2684,2942,5305,5400,95
Truck155260,2777,2942,5315,5400,85
Truck154623,3119,2567,5115,5401,286
Truck154729,2224,2443,5150,5401,251
Truck154788,2444,2683,5170,5401,231
Truck155064,1339,2684,5255,5401,146
Truck154955,2776,3119,5220,5402,182
Truck155117,2942,2443,5270,5402,132
Truck153681,1338,2443,4825,5403,578
Truck154975,3119,2443,5225,5403,178
Truck155438,2943,2942,5370,5403,33
Truck154081,1338,2566,4950,5404,454
Truck155268,2444,2225,5320,5404,84
Truck154749,2942,0,5155,5405,250
Truck154776,1339,2942,5165,5405,240
Truck154807,2683,2444,5175,5405,230
Truck155165,2942,2224,5285,5405,120
Truck155242,2684,2942,5310,5405,95
Truck155276,2777,2942,5320,5405,85
Truck155374,2943,2777,5350,5405,55
Truck154607,3119,0,5110,5406,296
Truck154736,0,2942,5155,5406,251
Truck154804,2444,2683,5175,5406,231
Truck154948,2444,2443,5220,5406,186
Truck155082,2684,1339,5260,5406,146
Truck153697,1338,0,4830,5407,577
Truck154774,2567,2942,5165,5407,242
Truck154631,2683,2566,5120,5408,288
Truck154991,3119,2443,5230,5408,178
Truck154773,2566,2443,5165,5409,244
Truck155321,2224,3119,5335,5409,74
Truck154695,2683,2942,5140,5410,270
Truck154823,2683,2444,5180,5410,230
Truck155258,2684,2942,5315,5410,95
Truck155292,2777,2942,5325,5410,85
Truck154655,3119,2567,5125,5411,286
Truck154755,2443,2224,5160,5411,251
Truck154761,2224,2443,5160,5411,251
Truck154964,2444,2443,5225,5411,186
Truck155307,2776,2443,5330,5411,81
Truck155014,2567,2444,5240,5412,172
Truck153713,1338,2443,4835,5413,578
Truck154789,2566,0,5170,5413,243
Truck155470,2943,2942,5380,5413,33
Truck155384,1339,2683,5355,5414,59
Truck154839,2683,2444,5185,5415,230
Truck154928,0,2776,5215,5415,200
Truck155308,2777,2942,5330,5415,85
Truck154639,3119,0,5120,5416,296
Truck154777,2224,2443,5165,5416,251
Truck155028,2444,2567,5245,5416,171
Truck155147,2776,2942,5280,5416,136
Truck155007,3119,2776,5235,5417,182
Truck153591,2683,1338,4795,5418,623
Truck153728,0,1338,4840,5418,578
Truck153729,1338,2443,4840,5418,578
Truck154887,2683,2776,5200,5418,218
Truck154984,1339,2776,5230,5418,188
Truck155139,2443,2683,5280,5418,138
Truck155486,2943,2942,5385,5418,33
Truck154440,1339,2224,5060,5419,359
Truck154987,2776,2567,5230,5419,189
Truck155250,2225,2443,5315,5419,104
Truck155466,2684,2443,5380,5419,39
Truck154824,1339,2942,5180,5420,240
Truck155324,2777,2942,5335,5420,85
Truck155130,2684,1339,5275,5421,146
Truck154321,1338,2444,5025,5422,397
Truck155171,2443,2942,5290,5422,132
Truck155181,2942,2443,5290,5422,132
Truck155027,2443,3119,5245,5423,178
Truck155502,2943,2942,5390,5423,33
Truck155003,2776,2567,5235,5424,189
Truck155266,2225,2443,5320,5424,104
Truck155332,2444,2225,5340,5424,84
Truck155482,2684,2443,5385,5424,39
Truck154813,2942,0,5175,5425,250
Truck155212,2777,3119,5300,5425,125
Truck155254,2567,2443,5315,5425,110
Truck155306,2684,2942,5330,5425,95
Truck155340,2777,2942,5340,5425,85
Truck155012,2444,2443,5240,5426,186
Truck155144,1339,2684,5280,5426,146
Truck155197,2942,2443,5295,5427,132
Truck153761,1338,2443,4850,5428,578
Truck154837,2566,0,5185,5428,243
Truck155016,1339,2776,5240,5428,188
Truck155518,2943,2942,5395,5428,33
Truck154161,1338,2566,4975,5429,454
Truck154377,2224,2683,5040,5429,389
Truck155282,2225,2443,5325,5429,104
Truck155334,2567,2225,5340,5429,89
Truck155498,2684,2443,5390,5429,39
Truck154829,2942,0,5180,5430,250
Truck155183,3119,2684,5290,5430,140
Truck155322,2684,2942,5335,5430,95
Truck155356,2777,2942,5345,5430,85
Truck154719,3119,2567,5145,5431,286
Truck155162,2684,1339,5285,5431,146
Truck154710,2567,3119,5145,5432,287
Truck155203,2443,2942,5300,5432,132
Truck155213,2942,2443,5300,5432,132
Truck153633,1338,2683,4810,5433,623
Truck153777,1338,2443,4855,5433,578
Truck155071,3119,2443,5255,5433,178
Truck155187,2443,2683,5295,5433,138
Truck155296,0,2225,5330,5433,103
Truck155534,2943,2942,5400,5433,33
Truck154391,2683,2224,5045,5434,389
Truck154488,1339,2224,5075,5434,359
Truck155283,2443,2567,5325,5434,109
Truck155514,2684,2443,5395,5434,39
Truck155076,2444,1339,5260,5435,175
Truck155244,2777,3119,5310,5435,125
Truck155372,2777,2942,5350,5435,85
Truck155447,2683,2567,5375,5435,60
Truck155044,2444,2443,5250,5436,186
Truck155079,2683,2684,5260,5436,176
Truck155211,2776,2942,5300,5436,136
Truck155219,2443,2942,5305,5437,132
Truck153792,0,1338,4860,5438,578
Truck154725,2566,2683,5150,5438,288
Truck155550,2943,2942,5405,5438,33
Truck154473,2224,0,5070,5439,369
Truck154869,2566,2443,5195,5439,244
Truck155314,2225,2443,5335,5439,104
Truck155423,3119,2224,5365,5439,74
Truck154861,2942,0,5190,5440,250
Truck154888,1339,2942,5200,5440,240
Truck155273,2224,2942,5320,5440,120
Truck155388,2777,2942,5355,5440,85
Truck155389,2942,2777,5355,5440,85
Truck154848,0,2942,5190,5441,251
Truck154857,2224,2443,5190,5441,251
Truck155060,2444,2443,5255,5441,186
Truck155095,2683,2684,5265,5441,176
Truck155202,2225,2566,5300,5441,141
Truck155205,2566,2225,5300,5441,141
Truck155519,3119,2942,5395,5441,46
Truck155600,0,2567,5425,5441,16
Truck154742,2567,3119,5155,5442,287
Truck154521,2224,1339,5085,5443,358
Truck155103,3119,2443,5265,5443,178
Truck155152,0,2684,5285,5443,158
Truck155223,2683,2443,5305,5443,138
Truck155394,2225,2444,5360,5443,83
Truck155566,2943,2942,5410,5443,33
Truck154423,2683,2224,5055,5444,389
Truck154885,2566,2443,5200,5444,244
Truck155330,2225,2443,5340,5444,104
Truck154904,1339,2942,5205,5445,240
Truck155024,0,2776,5245,5445,200
Truck155293,2942,2224,5325,5445,120
Truck155404,2777,2942,5360,5445,85
Truck154518,2567,2224,5085,5446,361
Truck154873,2224,2443,5195,5446,251
Truck155111,2683,2684,5270,5446,176
Truck154401,1338,2444,5050,5447,397
Truck155261,2942,2443,5315,5447,132
Truck155454,2943,3119,5375,5447,72
Truck153825,1338,2443,4870,5448,578
Truck154757,2566,2683,5160,5448,288
Truck155119,3119,2443,5270,5448,178
Truck155168,0,2684,5290,5448,158
Truck155331,2443,1339,5340,5448,108
Truck155336,1339,2443,5340,5448,108
Truck155582,2943,2942,5415,5448,33
Truck154901,2566,2443,5205,5449,244
Truck155346,2225,2443,5345,5449,104
Truck155412,2444,2225,5365,5449,84
Truck155562,2684,2443,5410,5449,39
Truck154893,2942,0,5200,5450,250
Truck155305,2224,2942,5330,5450,120
Truck155420,2777,2942,5365,5450,85
Truck155463,2683,0,5380,5450,70
Truck154880,0,2942,5200,5451,251
Truck155092,2444,2443,5265,5451,186
Truck155549,2942,3119,5405,5451,46
Truck154918,2567,2942,5210,5452,242
Truck155277,2942,2443,5320,5452,132
Truck153841,1338,2443,4875,5453,578
Truck153889,1338,2567,4890,5453,563
Truck155096,1339,2776,5265,5453,188
Truck155135,3119,2443,5275,5453,178
Truck155251,2443,2683,5315,5453,138
Truck155598,2943,2942,5420,5453,33
Truck154917,2566,2443,5210,5454,244
Truck155405,2942,2684,5360,5454,94
Truck155402,2684,2942,5360,5455,95
Truck155436,2777,2942,5370,5455,85
Truck154178,2225,1338,4980,5456,476
Truck154799,3119,2567,5170,5456,286
Truck154896,0,2942,5205,5456,251
Truck155443,2443,2776,5375,5456,81
Truck155451,2776,2443,5375,5456,81
Truck154433,1338,2444,5060,5457,397
Truck155019,2776,2683,5240,5458,218
Truck155151,3119,2443,5280,5458,178
Truck155368,1339,2443,5350,5458,108
Truck155378,2225,0,5355,5458,103
Truck155614,2943,2942,5425,5458,33
Truck155083,2776,0,5260,5459,199
Truck155481,2224,3119,5385,5459,74
Truck154193,1338,2225,4985,5460,475
Truck154569,2224,2567,5100,5460,360
Truck155418,2684,2942,5365,5460,95
Truck155452,2777,2942,5375,5460,85
Truck154194,2225,1338,4985,5461,476
Truck154980,2444,2683,5230,5461,231
Truck155124,2444,2443,5275,5461,186
Truck155256,1339,2684,5315,5461,146
Truck155291,2776,2942,5325,5461,136
Truck155299,2443,2942,5330,5462,132
Truck153872,0,1338,4885,5463,578
Truck153873,1338,2443,4885,5463,578
Truck155395,2443,2225,5360,5463,103
Truck155442,2225,2567,5375,5463,88
Truck155630,2943,2942,5430,5463,33
Truck154489,2224,2683,5075,5464,389
Truck155610,2684,2443,5425,5464,39
Truck154585,2224,2567,5105,5465,360
Truck154941,2942,0,5215,5465,250
Truck154968,1339,2942,5225,5465,240
Truck155088,0,2776,5265,5465,200
Truck155468,2777,2942,5380,5465,85
Truck153921,1338,1339,4900,5466,566
Truck154582,2567,2224,5105,5466,361
Truck154923,2776,2224,5210,5466,256
Truck155483,2776,2443,5385,5466,81
Truck155325,2942,2443,5335,5467,132
Truck155704,1339,0,5455,5467,12
Truck155047,2683,2776,5250,5468,218
Truck155065,2224,2684,5255,5468,213
Truck155271,2683,2225,5320,5468,148
Truck155458,2225,2567,5380,5468,88
Truck155646,2943,2942,5435,5468,33
Truck155626,2684,2443,5430,5469,39
Truck155104,0,2776,5270,5470,200
Truck155450,2684,2942,5375,5470,95
Truck155484,2777,2942,5385,5470,85
Truck154953,2224,2443,5220,5471,251
Truck155156,2444,2443,5285,5471,186
Truck155204,2444,2567,5300,5471,171
Truck155298,2225,2566,5330,5471,141
Truck155702,2567,0,5455,5471,16
Truck154484,2444,1338,5075,5472,397
Truck153905,1338,2443,4895,5473,578
Truck154981,2566,0,5230,5473,243
Truck155199,3119,2443,5295,5473,178
Truck155287,2683,2225,5325,5473,148
Truck155426,2225,2443,5370,5474,104
Truck155469,2942,2684,5380,5474,94
Truck155535,3119,2224,5400,5474,74
Truck154903,2683,2942,5205,5475,270
Truck155120,0,2776,5275,5475,200
Truck155500,2777,2942,5390,5475,85
Truck154831,3119,0,5180,5476,296
Truck154963,2443,2224,5225,5476,251
Truck154969,2224,2443,5225,5476,251
Truck155515,2776,2443,5395,5476,81
Truck155347,2443,2942,5345,5477,132
Truck155264,0,2684,5320,5478,158
Truck155427,2443,1339,5370,5478,108
Truck155651,2443,2684,5440,5478,38
Truck155678,2943,2942,5445,5478,33
Truck154997,2566,2443,5235,5479,244
Truck155021,2942,1339,5240,5479,239
Truck155642,2684,2776,5435,5479,44
Truck155658,2684,2443,5440,5479,39
Truck155136,0,2776,5280,5480,200
Truck155401,2224,2942,5360,5480,120
Truck155516,2777,2942,5395,5480,85
Truck155517,2942,2777,5395,5480,85
Truck154985,2224,2443,5230,5481,251
Truck155531,2776,2443,5400,5481,81
Truck155567,3119,2943,5410,5481,71
Truck154870,2567,3119,5195,5482,287
Truck155373,2942,2443,5350,5482,132
Truck155496,1339,2225,5390,5482,92
Truck155752,1339,0,5470,5482,12
Truck153793,1338,2683,4860,5483,623
Truck155113,2224,2684,5270,5483,213
Truck155231,3119,2443,5305,5483,178
Truck155659,2776,2684,5440,5483,43
Truck155013,2566,2443,5240,5484,244
Truck155501,2942,2684,5390,5484,94
Truck154895,3119,1339,5200,5485,285
Truck155532,2777,2942,5400,5485,85
Truck155252,2444,2567,5315,5486,171
Truck155371,2776,2942,5350,5486,136
Truck153815,2683,1338,4865,5488,623
Truck155115,2776,2683,5270,5488,218
Truck155208,1339,2776,5300,5488,188
Truck155338,2684,2567,5340,5488,148
Truck155363,2443,2683,5350,5488,138
Truck155710,2943,2942,5455,5488,33
Truck154353,1338,2566,5035,5489,454
Truck155029,2566,2443,5245,5489,244
Truck155474,2225,2443,5385,5489,104
Truck155623,2683,1339,5430,5489,59
Truck155674,2684,2776,5445,5489,44
Truck155548,2777,2942,5405,5490,85
Truck155220,2444,2443,5305,5491,186
Truck155599,3119,2943,5420,5491,71
Truck154902,2567,3119,5205,5492,287
Truck153968,0,1338,4915,5493,578
Truck153969,1338,2443,4915,5493,578
Truck155263,3119,2443,5315,5493,178
Truck155312,0,2684,5335,5493,158
Truck155726,2943,2942,5460,5493,33
Truck155069,2942,1339,5255,5494,239
Truck155227,2776,2567,5305,5494,189
Truck155490,2225,2443,5390,5494,104
Truck155542,2567,2225,5405,5494,89
Truck155593,2224,3119,5420,5494,74
Truck154967,2683,2942,5225,5495,270
Truck155565,2942,2777,5410,5495,85
Truck155236,2444,2443,5310,5496,186
Truck155579,2776,2443,5415,5496,81
Truck154564,2444,1338,5100,5497,397
Truck153985,1338,2443,4920,5498,578
Truck155240,1339,2776,5310,5498,188
Truck155279,3119,2443,5320,5498,178
Truck155362,2225,2683,5350,5498,148
Truck155507,2443,2225,5395,5498,103
Truck155636,2444,2566,5435,5498,63
Truck155742,2943,2942,5465,5498,33
Truck155061,2566,2443,5255,5499,244
Truck155572,2444,2225,5415,5499,84
Truck155656,1339,2683,5440,5499,59
Truck155706,2684,2776,5455,5499,44
Truck155722,2684,2443,5460,5499,39
Truck155080,1339,2942,5260,5500,240
Truck155580,2777,2942,5415,5500,85
Truck155040,0,2942,5250,5501,251
Truck155587,2443,2776,5420,5501,81
Truck155595,2776,2443,5420,5501,81
Truck155290,2684,2683,5325,5502,177
Truck155437,2942,2443,5370,5502,132
Truck153863,2683,1338,4880,5503,623
Truck155411,2443,2683,5365,5503,138
Truck155758,2943,2942,5470,5503,33
Truck155522,2225,2443,5400,5504,104
Truck154713,2224,2567,5145,5505,360
Truck154952,1339,3119,5220,5505,285
Truck154999,2683,2942,5235,5505,270
Truck155596,2777,2942,5420,5505,85
Truck154338,2225,1338,5030,5506,476
Truck155267,2443,2444,5320,5506,186
Truck155303,2683,2684,5330,5506,176
Truck155410,2225,2566,5365,5506,141
Truck154596,2444,1338,5110,5507,397
Truck155128,1339,2566,5275,5507,232
Truck155773,2942,2943,5475,5507,32
Truck154949,2566,2683,5220,5508,288
Truck155311,3119,2443,5330,5508,178
Truck155275,2776,2567,5320,5509,189
Truck155538,2225,2443,5405,5509,104
Truck155754,2684,2443,5470,5509,39
Truck155612,2777,2942,5425,5510,85
Truck155613,2942,2777,5425,5510,85
Truck155067,2776,2224,5255,5511,256
Truck155072,0,2942,5260,5511,251
Truck155284,2444,2443,5325,5511,186
Truck155627,2776,2443,5430,5511,81
Truck154966,2567,3119,5225,5512,287
Truck155662,2943,3119,5440,5512,72
Truck154033,1338,2443,4935,5513,578
Truck155327,3119,2443,5335,5513,178
Truck155790,2943,2942,5480,5513,33
Truck155109,2566,2443,5270,5514,244
Truck155259,2776,0,5315,5514,199
Truck155554,2225,2443,5410,5514,104
Truck155770,2684,2443,5475,5514,39
Truck155513,2224,2942,5395,5515,120
Truck155628,2777,2942,5430,5515,85
Truck155097,2224,2443,5265,5516,251
Truck155467,2776,2942,5380,5516,136
Truck155878,2567,1339,5510,5516,6
Truck154049,1338,0,4940,5517,577
Truck154625,1338,2444,5120,5517,397
Truck154628,2444,1338,5120,5517,397
Truck155126,2567,2942,5275,5517,242
Truck155160,1339,2566,5285,5517,232
Truck155602,2225,1339,5425,5517,92
Truck155608,1339,2225,5425,5517,92
Truck155805,2942,2943,5485,5517,32
Truck155434,2684,2567,5370,5518,148
Truck155806,2943,2942,5485,5518,33
Truck154102,2567,1338,4955,5519,564
Truck155123,2443,2566,5275,5519,244
Truck155679,3119,2224,5445,5519,74
Truck155786,2684,2443,5480,5519,39
Truck155302,2567,2776,5330,5520,190
Truck155520,0,2443,5400,5520,120
Truck155533,2942,2224,5400,5520,120
Truck155644,2777,2942,5435,5520,85
Truck154097,1338,1339,4955,5521,566
Truck154641,1338,2444,5125,5522,397
Truck154644,2444,1338,5125,5522,397
Truck155491,2443,2942,5390,5522,132
Truck155694,2943,3119,5450,5522,72
Truck155718,2567,2683,5460,5522,62
Truck155872,0,1339,5510,5522,12
Truck153927,2683,1338,4900,5523,623
Truck154065,1338,2443,4945,5523,578
Truck155446,2567,2684,5375,5523,148
Truck155822,2943,2942,5490,5523,33
Truck155141,2566,2443,5280,5524,244
Truck155586,2225,2443,5420,5524,104
Truck155318,2567,2776,5335,5525,190
Truck155735,2683,2567,5465,5525,60
Truck155129,2224,2443,5275,5526,251
Truck155188,2444,2683,5295,5526,231
Truck155464,1339,2684,5380,5526,146
Truck155789,2942,3119,5480,5526,46
Truck155603,2443,2225,5425,5528,103
Truck155838,2943,2942,5495,5528,33
Truck155157,2566,2443,5285,5529,244
Truck155818,2684,2443,5490,5529,39
Truck155676,2777,2942,5445,5530,85
Truck155348,2444,2443,5345,5531,186
Truck155480,1339,2684,5385,5531,146
Truck155888,0,2567,5515,5531,16
Truck155173,2566,0,5290,5533,243
Truck155379,2443,3119,5355,5533,178
Truck155391,3119,2443,5355,5533,178
Truck155748,2444,2566,5470,5533,63
Truck155854,2943,2942,5500,5533,33
Truck154497,1338,2566,5080,5534,454
Truck155618,2225,2443,5430,5534,104
Truck155101,2942,2683,5265,5535,270
Truck155564,2777,3119,5410,5535,125
Truck155692,2777,2942,5450,5535,85
Truck155364,2444,2443,5350,5536,186
Truck155506,2225,2566,5395,5536,141
Truck155707,2776,2443,5455,5536,81
Truck155539,2443,2942,5405,5537,132
Truck155407,3119,2443,5360,5538,178
Truck155682,2225,2567,5450,5538,88
Truck155835,2776,2684,5495,5538,43
Truck155870,2943,2942,5505,5538,33
Truck154513,1338,2566,5085,5539,454
Truck155184,0,2566,5295,5539,244
Truck155634,2225,2443,5435,5539,104
Truck155737,2224,3119,5465,5539,74
Truck155239,2683,2444,5310,5540,230
Truck155751,2683,0,5470,5540,70
Truck155958,2567,1339,5535,5541,6
Truck155555,2443,2942,5410,5542,132
Truck154129,1338,2443,4965,5543,578
Truck155200,0,2566,5300,5544,244
Truck155650,2225,2443,5440,5544,104
Truck155866,2684,2443,5505,5544,39
Truck155690,2684,2942,5450,5545,95
Truck155724,2777,2942,5460,5545,85
Truck155396,2444,2443,5360,5546,186
Truck155431,2683,2684,5370,5546,176
Truck155974,2567,1339,5540,5546,6
Truck155222,2567,2942,5305,5547,242
Truck155419,2776,3119,5365,5547,182
Truck155774,2943,3119,5475,5547,72
Truck154001,1338,2683,4925,5548,623
Truck154145,1338,2443,4970,5548,578
Truck155077,2566,2683,5260,5548,288
Truck155902,2943,2942,5515,5548,33
Truck155221,2566,2443,5305,5549,244
Truck155666,2225,2443,5445,5549,104
Truck155769,2224,3119,5475,5549,74
Truck155992,1339,2567,5545,5549,4
Truck155755,2776,2443,5470,5551,81
Truck155238,2567,2942,5310,5552,242
Truck155813,2566,2444,5490,5552,62
Truck154017,1338,2683,4930,5553,623
Truck155093,2566,2683,5265,5553,288
Truck155455,3119,2443,5375,5553,178
Truck155730,2225,2567,5465,5553,88
Truck155918,2943,2942,5520,5553,33
Truck154775,2683,2224,5165,5554,389
Truck155235,2443,2566,5310,5554,244
Truck155237,2566,2443,5310,5554,244
Truck155023,3119,2683,5240,5555,315
Truck155460,2444,1339,5380,5555,175
Truck155756,2777,2942,5470,5555,85
Truck155799,2683,0,5485,5555,70
Truck155209,2224,2776,5300,5556,256
Truck155428,2444,2443,5370,5556,186
Truck155771,2776,2443,5475,5556,81
Truck154177,1338,2443,4980,5558,578
Truck155335,2683,2776,5340,5558,218
Truck155471,3119,2443,5380,5558,178
Truck155683,2443,1339,5450,5558,108
Truck155899,2776,2684,5515,5558,43
Truck155934,2943,2942,5525,5558,33
Truck155253,2566,2443,5315,5559,244
Truck155435,2776,2567,5370,5559,189
Truck155698,2225,2443,5455,5559,104
Truck155914,2684,2443,5520,5559,39
Truck155245,2942,0,5310,5560,250
Truck155772,2777,2942,5475,5560,85
Truck154225,1338,1339,4995,5561,566
Truck154886,2567,2224,5200,5561,361
Truck155576,1339,2684,5415,5561,146
Truck155578,2684,1339,5415,5561,146
Truck155611,2776,2942,5425,5561,136
Truck155787,2776,2443,5480,5561,81
Truck155270,2567,2942,5320,5562,242
Truck155301,2566,1339,5330,5562,232
Truck155619,2443,2942,5430,5562,132
Truck156008,1339,0,5550,5562,12
Truck155125,2566,2683,5275,5563,288
Truck155269,2566,0,5320,5563,243
Truck155475,2443,3119,5385,5563,178
Truck155570,2225,2683,5415,5563,148
Truck155574,2567,2684,5415,5563,148
Truck155575,2683,2225,5415,5563,148
Truck155699,2443,1339,5455,5563,108
Truck155714,2225,0,5460,5563,103
Truck155950,2943,2942,5530,5563,33
Truck154905,2224,2567,5205,5565,360
Truck155191,2683,2942,5295,5565,270
Truck155660,2777,3119,5440,5565,125
Truck155673,2224,2942,5445,5565,120
Truck154241,1338,1339,5000,5566,566
Truck155594,2684,1339,5420,5566,146
Truck155605,2566,2225,5425,5566,141
Truck155803,2776,2443,5485,5566,81
Truck154248,1339,1338,5000,5567,567
Truck155487,3119,2776,5385,5567,182
Truck155635,2443,2942,5435,5567,132
Truck155762,2225,1339,5475,5567,92
Truck154209,1338,2443,4990,5568,578
Truck155385,2224,2684,5355,5568,213
Truck155503,3119,2443,5390,5568,178
Truck155590,2567,2684,5420,5568,148
Truck155720,1339,2443,5460,5568,108
Truck155966,2943,2942,5535,5568,33
Truck155285,2566,2443,5325,5569,244
Truck155930,2684,2776,5525,5569,44
Truck154921,2224,2567,5210,5570,360
Truck155207,2683,2942,5300,5570,270
Truck155304,1339,2942,5330,5570,240
Truck155424,0,2776,5370,5570,200
Truck155804,2777,2942,5485,5570,85
Truck155621,2566,2225,5430,5571,141
Truck155643,2776,2942,5435,5571,136
Truck156032,0,1339,5560,5572,12
Truck154227,2443,1338,4995,5573,578
Truck155383,2683,2776,5355,5573,218
Truck155568,0,2684,5415,5573,158
Truck155876,2444,2566,5510,5573,63
Truck155955,2443,2684,5535,5573,38
Truck155982,2943,2942,5540,5573,33
Truck154278,2567,1338,5010,5574,564
Truck155746,2225,2443,5470,5574,104
Truck155962,2684,2443,5535,5574,39
Truck154937,2224,2567,5215,5575,360
Truck155320,1339,2942,5335,5575,240
Truck155820,2777,2942,5490,5575,85
Truck155492,2444,0,5390,5576,186
Truck155871,3119,2943,5505,5576,71
Truck156038,2567,0,5560,5576,16
Truck155677,2942,2443,5445,5577,132
Truck155894,2567,2683,5515,5577,62
Truck154103,2683,1338,4955,5578,623
Truck155317,2566,0,5335,5578,243
Truck155584,0,2684,5420,5578,158
Truck155963,2776,2684,5535,5578,43
Truck155998,2943,2942,5545,5578,33
Truck155315,2443,2566,5335,5579,244
Truck155708,2777,3119,5455,5580,125
Truck155836,2777,2942,5495,5580,85
Truck155837,2942,2777,5495,5580,85
Truck155879,2683,0,5510,5580,70
Truck155508,2444,2443,5395,5581,186
Truck155851,2776,2443,5500,5581,81
Truck155887,3119,2943,5510,5581,71
Truck155886,2943,3119,5510,5582,72
Truck154257,1338,2443,5005,5583,578
Truck155551,3119,2443,5405,5583,178
Truck155667,2443,2683,5445,5583,138
Truck156014,2943,2942,5550,5583,33
Truck155328,0,2566,5340,5584,244
Truck155333,2566,2443,5340,5584,244
Truck155560,1339,2444,5410,5584,174
Truck155731,2443,0,5465,5584,119
Truck155778,2225,2443,5480,5584,104
Truck155881,2224,3119,5510,5584,74
Truck155927,2683,1339,5525,5584,59
Truck155994,2684,2443,5545,5584,39
Truck155255,2683,2942,5315,5585,270
Truck155853,2942,2777,5500,5585,85
Truck155215,3119,2567,5300,5586,286
Truck154852,2444,1338,5190,5587,397
Truck155350,2567,2942,5345,5587,242
Truck155547,2776,3119,5405,5587,182
Truck156080,0,1339,5575,5587,12
Truck155349,2566,0,5345,5588,243
Truck155654,2567,2684,5440,5588,148
Truck155795,2443,2225,5485,5588,103
Truck156030,2943,2942,5555,5588,33
Truck154673,1338,2566,5135,5589,454
Truck154677,2566,1338,5135,5589,454
Truck155127,2683,3119,5275,5590,315
Truck155740,2777,3119,5465,5590,125
Truck155753,2224,2942,5470,5590,120
Truck154610,2225,1338,5115,5591,476
Truck155337,2224,2443,5340,5591,251
Truck155540,2444,2443,5405,5591,186
Truck155588,2444,2567,5420,5591,171
Truck155875,2443,2776,5510,5591,81
Truck155883,2776,2443,5510,5591,81
Truck155366,2567,2942,5350,5592,242
Truck155725,2942,2443,5460,5592,132
Truck154289,1338,2443,5015,5593,578
Truck155571,2443,3119,5415,5593,178
Truck156046,2943,2942,5560,5593,33
Truck155365,2566,2443,5350,5594,244
Truck155592,1339,2444,5420,5594,174
Truck155810,2225,2443,5490,5594,104
Truck155980,2777,2943,5540,5594,54
Truck155339,2776,2224,5340,5596,256
Truck155353,2224,2443,5345,5596,251
Truck155556,2444,2443,5410,5596,186
Truck155723,2776,2942,5460,5596,136
Truck156013,2942,3119,5550,5596,46
Truck155741,2942,2443,5465,5597,132
Truck154305,1338,2443,5020,5598,578
Truck155811,2443,1339,5490,5598,108
Truck156027,2776,2684,5555,5598,43
Truck156035,2443,2684,5560,5598,38
Truck156062,2943,2942,5565,5598,33
Truck155381,2566,2443,5355,5599,244
Truck155775,3119,2777,5475,5599,124
Truck155826,2225,2443,5495,5599,104
Truck156042,2684,2443,5560,5599,39
Truck155400,1339,2942,5360,5600,240
Truck155558,2567,2776,5410,5600,190
Truck155900,2777,2942,5515,5600,85
Truck155901,2942,2777,5515,5600,85
Truck155398,2567,2942,5360,5602,242
Truck155747,2443,2942,5470,5602,132
Truck155757,2942,2443,5470,5602,132
Truck155615,3119,2443,5425,5603,178
Truck155664,0,2684,5445,5603,158
Truck156078,2943,2942,5570,5603,33
Truck155397,2566,2443,5360,5604,244
Truck155421,2942,1339,5365,5604,239
Truck154657,1338,2225,5130,5605,475
Truck155536,0,2776,5405,5605,200
Truck155788,2777,3119,5480,5605,125
Truck155916,2777,2942,5520,5605,85
Truck155991,2683,2567,5545,5605,60
Truck155247,3119,0,5310,5606,296
Truck155444,2444,2683,5375,5606,231
Truck156134,2567,0,5590,5606,16
Truck155414,2567,2942,5365,5607,242
Truck155448,1339,2566,5375,5607,232
Truck155631,3119,2443,5430,5608,178
Truck156094,2943,2942,5575,5608,33
Truck155413,2566,2443,5365,5609,244
Truck155563,2776,0,5410,5609,199
Truck155910,2567,2225,5520,5609,89
Truck155961,2224,3119,5535,5609,74
Truck156007,2683,1339,5550,5609,59
Truck156058,2684,2776,5565,5609,44
Truck156074,2684,2443,5570,5609,39
Truck155008,0,2224,5240,5610,370
Truck155932,2777,2942,5525,5610,85
Truck155387,2776,2224,5355,5611,256
Truck155604,2444,0,5425,5611,186
Truck155652,2444,2567,5440,5611,171
Truck155947,2776,2443,5530,5611,81
Truck154392,1339,1338,5045,5612,567
Truck155248,0,3119,5315,5612,297
Truck154215,2683,1338,4990,5613,623
Truck154355,2443,1338,5035,5613,578
Truck155647,3119,2443,5435,5613,178
Truck155734,2567,2684,5465,5613,148
Truck156083,2443,2684,5575,5613,38
Truck155033,2224,0,5245,5614,369
Truck155429,2566,2443,5370,5614,244
Truck155530,2684,2224,5400,5614,214
Truck155874,2225,2443,5510,5614,104
Truck155357,2942,2683,5345,5615,270
Truck155453,2942,2567,5375,5615,240
Truck155403,2776,2224,5360,5616,256
Truck155408,0,2942,5365,5616,251
Truck155476,2444,2683,5385,5616,231
Truck155620,2444,0,5430,5616,186
Truck155984,0,2683,5545,5616,71
Truck154369,1338,2443,5040,5618,578
Truck155527,2683,2776,5400,5618,218
Truck155545,2224,2684,5405,5618,213
Truck155624,1339,2776,5430,5618,188
Truck155663,3119,2443,5440,5618,178
Truck156099,2443,2684,5580,5618,38
Truck156126,2943,2942,5585,5618,33
Truck155445,2566,2443,5375,5619,244
Truck155546,2684,2224,5405,5619,214
Truck155890,2225,2443,5515,5619,104
Truck155999,3119,2224,5545,5619,74
Truck155964,2777,2942,5535,5620,85
Truck155078,2567,2224,5260,5621,361
Truck155295,3119,0,5325,5621,296
Truck155433,2224,2443,5370,5621,251
Truck155979,2776,2443,5540,5621,81
Truck156176,0,2567,5605,5621,16
Truck155738,2684,0,5465,5622,157
Truck155821,2942,2443,5490,5622,132
Truck154384,0,1338,5045,5623,578
Truck154385,1338,2443,5045,5623,578
Truck156142,2943,2942,5590,5623,33
Truck155510,2567,2566,5395,5624,229
Truck155859,2443,0,5505,5624,119
Truck155906,2225,2443,5520,5624,104
Truck156009,2224,3119,5550,5624,74
Truck156106,2684,2776,5580,5624,44
Truck155343,3119,1339,5340,5625,285
Truck155485,2942,2567,5385,5625,240
Truck155684,2444,1339,5450,5625,175
Truck155852,2777,3119,5500,5625,125
Truck155802,2684,3119,5485,5626,141
Truck154977,1338,2444,5230,5627,397
Truck155512,1339,2566,5395,5627,232
Truck156158,2943,2942,5595,5628,33
Truck154805,2566,1338,5175,5629,454
Truck155472,0,2566,5385,5629,244
Truck155477,2566,2443,5385,5629,244
Truck155922,2225,2443,5525,5629,104
Truck155965,2942,2684,5535,5629,94
Truck156138,2684,2443,5590,5629,39
Truck155399,2683,2942,5360,5630,270
Truck155868,2777,3119,5505,5630,125
Truck155996,2777,2942,5545,5630,85
Truck155449,2224,2776,5375,5631,256
Truck155459,2443,2224,5380,5631,251
Truck155465,2224,2443,5380,5631,251
Truck156011,2776,2443,5550,5631,81
Truck154417,1338,0,5055,5632,577
Truck154996,2444,1338,5235,5632,397
Truck155528,1339,2566,5400,5632,232
Truck154273,1338,2683,5010,5633,623
Truck155711,3119,2443,5455,5633,178
Truck155794,2225,2683,5485,5633,148
Truck155923,2443,1339,5525,5633,108
Truck155938,2225,0,5530,5633,103
Truck156147,2443,2684,5595,5633,38
Truck156174,2943,2942,5600,5633,33
Truck155493,2566,2443,5390,5634,244
Truck156154,2684,2443,5595,5634,39
Truck155415,2683,2942,5365,5635,270
Truck155632,0,2776,5435,5635,200
Truck155884,2777,3119,5510,5635,125
Truck156012,2777,2942,5550,5635,85
Truck156055,2683,0,5565,5635,70
Truck155375,3119,2567,5350,5636,286
Truck155609,2224,2684,5425,5638,213
Truck156190,2943,2942,5605,5638,33
Truck155049,2224,2683,5250,5639,389
Truck155509,2566,2443,5395,5639,244
Truck155907,2443,0,5520,5639,119
Truck155954,2225,2443,5535,5639,104
Truck155904,0,2443,5520,5640,120
Truck156028,2777,2942,5555,5640,85
Truck155488,0,2942,5390,5641,251
Truck155700,2444,2443,5455,5641,186
Truck155869,2942,2776,5505,5641,136
Truck156278,2567,1339,5635,5641,6
Truck155526,2567,2942,5400,5642,242
Truck155885,2942,2443,5510,5642,132
Truck155525,2566,0,5400,5643,243
Truck155743,3119,2443,5465,5643,178
Truck156206,2943,2942,5610,5643,33
Truck155970,2225,2443,5540,5644,104
Truck156186,2684,2443,5605,5644,39
Truck156296,1339,2567,5640,5644,4
Truck154785,1338,2225,5170,5645,475
Truck155161,2224,2567,5285,5645,360
Truck155544,1339,2942,5405,5645,240
Truck156044,2777,2942,5560,5645,85
Truck155499,2776,2224,5390,5646,256
Truck155504,0,2942,5395,5646,251
Truck154465,1338,0,5070,5647,577
Truck155573,2566,1339,5415,5647,232
Truck156221,2942,2943,5615,5647,32
Truck156280,1339,0,5635,5647,12
Truck154464,0,1338,5070,5648,578
Truck155541,2566,0,5405,5648,243
Truck155842,2225,2683,5500,5648,148
Truck155081,2224,2683,5260,5649,389
Truck155971,2443,2567,5540,5649,109
Truck155986,2225,2443,5545,5649,104
Truck156089,2224,3119,5575,5649,74
Truck156060,2777,2942,5565,5650,85
Truck156103,2683,0,5580,5650,70
Truck155523,2443,2224,5400,5651,251
Truck155529,2224,2443,5400,5651,251
Truck155732,2444,2443,5465,5651,186
Truck156067,2443,2776,5570,5651,81
Truck156075,2776,2443,5570,5651,81
Truck156310,2567,1339,5645,5651,6
Truck155759,3119,2776,5470,5652,182
Truck156110,2943,3119,5580,5652,72
Truck154337,1338,2683,5030,5653,623
Truck154481,1338,2443,5075,5653,578
Truck156238,2943,2942,5620,5653,33
Truck155192,1339,2224,5295,5654,359
Truck155557,2566,2443,5410,5654,244
Truck156002,2225,2443,5550,5654,104
Truck156218,2684,2443,5615,5654,39
Truck155432,1339,3119,5370,5655,285
Truck155948,2777,3119,5530,5655,125
Truck156076,2777,2942,5570,5655,85
Truck155190,2567,2224,5295,5656,361
Truck155439,3119,2567,5370,5656,286
Truck155917,2942,2776,5520,5656,136
Truck156207,3119,2942,5610,5656,46
Truck156326,2567,1339,5650,5656,6
Truck156312,1339,0,5645,5657,12
Truck154545,1338,2567,5095,5658,563
Truck155840,0,2684,5500,5658,158
Truck156066,2225,2567,5570,5658,88
Truck156254,2943,2942,5625,5658,33
Truck154897,1338,2566,5205,5659,454
Truck155597,2942,1339,5420,5659,239
Truck156003,2443,2567,5550,5659,109
Truck156018,2225,2443,5555,5659,104
Truck155552,0,2942,5410,5661,251
Truck155561,2224,2443,5410,5661,251
Truck155764,2444,0,5475,5661,186
Truck155898,2684,1339,5515,5661,146
Truck155931,2776,2942,5525,5661,136
Truck156342,2567,1339,5655,5661,6
Truck155807,3119,2443,5485,5663,178
Truck155193,2224,0,5295,5664,369
Truck155589,2566,2443,5420,5664,244
Truck155816,1339,2444,5490,5664,174
Truck156019,2443,2567,5555,5664,109
Truck156077,2942,2684,5570,5664,94
Truck156184,1339,2683,5605,5664,59
Truck156250,2684,2443,5625,5664,39
Truck155639,2683,2444,5435,5665,230
Truck156108,2777,2942,5580,5665,85
Truck155779,2443,2444,5480,5666,186
Truck155780,2444,2443,5480,5666,186
Truck156123,2776,2443,5585,5666,81
Truck156239,3119,2942,5620,5666,46
Truck155108,2444,1338,5270,5667,397
Truck155462,2567,3119,5380,5667,287
Truck156088,1339,2225,5575,5667,92
Truck154528,0,1338,5090,5668,578
Truck154529,1338,2443,5090,5668,578
Truck155461,2566,2683,5380,5668,288
Truck155691,2776,2683,5450,5668,218
Truck155823,3119,2443,5490,5668,178
Truck156040,1339,2443,5560,5668,108
Truck156286,2943,2942,5635,5668,33
Truck156050,2225,2443,5565,5669,104
Truck156266,2684,2443,5630,5669,39
Truck155241,2224,2567,5310,5670,360
Truck156124,2777,2942,5585,5670,85
Truck155796,2444,2443,5485,5671,186
Truck155946,2684,3119,5530,5671,141
Truck156139,2776,2443,5590,5671,81
Truck156336,0,2567,5655,5671,16
Truck155622,2567,2942,5430,5672,242
Truck155653,2566,1339,5440,5672,232
Truck155834,2684,2683,5495,5672,177
Truck156360,1339,0,5660,5672,12
Truck155839,3119,2443,5495,5673,178
Truck156056,1339,2443,5565,5673,108
Truck156196,2444,2566,5610,5673,63
Truck156302,2943,2942,5640,5673,33
Truck155159,2683,2224,5285,5674,389
Truck155225,2224,0,5305,5674,369
Truck155616,0,2566,5430,5674,244
Truck155670,2567,2566,5445,5674,229
Truck156132,2444,2225,5590,5674,84
Truck156169,2224,3119,5600,5674,74
Truck155645,2942,2567,5435,5675,240
Truck155760,0,2776,5475,5675,200
Truck156029,2942,2224,5555,5675,120
Truck156140,2777,2942,5590,5675,85
Truck156183,2683,0,5605,5675,70
Truck155808,0,2444,5490,5676,186
Truck155812,2444,2443,5490,5676,186
Truck155860,2444,2567,5505,5676,171
Truck156155,2776,2443,5595,5676,81
Truck154561,1338,0,5100,5677,577
Truck155456,0,3119,5380,5677,297
Truck155494,2567,3119,5390,5677,287
Truck155638,2567,2942,5435,5677,242
Truck155850,2684,2683,5500,5677,177
Truck155862,2567,2444,5505,5677,172
Truck155637,2566,0,5435,5678,243
Truck156318,2943,2942,5645,5678,33
Truck154614,2567,1338,5115,5679,564
Truck155177,2224,2683,5290,5679,389
Truck155272,1339,2224,5320,5679,359
Truck155864,1339,2444,5505,5679,174
Truck156082,2225,2443,5575,5679,104
Truck156185,2224,3119,5605,5679,74
Truck156298,2684,2443,5640,5679,39
Truck155559,2683,2942,5410,5680,270
Truck155629,2942,0,5430,5680,250
Truck155661,2942,2567,5440,5680,240
Truck155687,2683,2444,5450,5680,230
Truck156122,2684,2942,5585,5680,95
Truck156156,2777,2942,5595,5680,85
Truck155625,2224,2443,5430,5681,251
Truck155828,2444,0,5495,5681,186
Truck156374,2567,0,5665,5681,16
Truck155855,3119,2776,5500,5682,182
Truck154577,1338,2443,5105,5683,578
Truck156096,0,2225,5580,5683,103
Truck156146,2225,2567,5595,5683,88
Truck156334,2943,2942,5650,5683,33
Truck156098,2225,2443,5580,5684,104
Truck155581,2942,2683,5415,5685,270
Truck155672,1339,2942,5445,5685,240
Truck156086,2567,2443,5575,5685,110
Truck156172,2777,2942,5600,5685,85
Truck155641,2224,2443,5435,5686,251
Truck156187,2776,2443,5605,5686,81
Truck155882,2684,2683,5510,5687,177
Truck156222,2943,3119,5615,5687,72
Truck154449,1338,2683,5065,5688,623
Truck154593,1338,2443,5110,5688,578
Truck155669,2566,0,5445,5688,243
Truck155717,2566,2567,5460,5688,228
Truck154646,2567,1338,5125,5689,564
Truck156114,2225,2443,5585,5689,104
Truck155591,2683,2942,5420,5690,270
Truck156188,2777,2942,5605,5690,85
Truck155648,0,2942,5440,5691,251
Truck155657,2224,2443,5440,5691,251
Truck155716,2444,2683,5460,5691,231
Truck156203,2776,2443,5610,5691,81
Truck155686,2567,2942,5450,5692,242
Truck155543,2683,2566,5405,5693,288
Truck156366,2943,2942,5660,5693,33
Truck155685,2566,2443,5450,5694,244
Truck156079,3119,2777,5570,5694,124
Truck156130,2225,2443,5590,5694,104
Truck156279,2683,1339,5635,5694,59
Truck156346,2684,2443,5655,5694,39
Truck155607,2683,2942,5425,5695,270
Truck155908,2444,1339,5520,5695,175
Truck155201,1338,2444,5300,5697,397
Truck156051,2443,2942,5565,5697,132
Truck155783,2683,2776,5480,5698,218
Truck155919,3119,2443,5520,5698,178
Truck156382,2943,2942,5665,5698,33
Truck155701,2566,2443,5455,5699,244
Truck156249,2224,3119,5625,5699,74
Truck156362,2684,2443,5660,5699,39
Truck155924,2444,1339,5525,5700,175
Truck156092,2777,3119,5575,5700,125
Truck156220,2777,2942,5615,5700,85
Truck155675,2776,2224,5445,5701,256
Truck155891,2443,2444,5515,5701,186
Truck155892,2444,2443,5515,5701,186
Truck156026,2684,1339,5555,5701,146
Truck156034,2225,2566,5560,5701,141
Truck156061,2942,2776,5565,5701,136
Truck156432,0,2567,5685,5701,16
Truck156270,2943,3119,5630,5702,72
Truck156448,0,1339,5690,5702,12
Truck155765,2566,2567,5475,5703,228
Truck155817,2224,2684,5490,5703,213
Truck155935,3119,2443,5525,5703,178
Truck156398,2943,2942,5670,5703,33
Truck155041,1338,2566,5250,5704,454
Truck155257,2224,2683,5315,5704,389
Truck156265,2224,3119,5630,5704,74
Truck155736,1339,2942,5465,5705,240
Truck156236,2777,2942,5620,5705,85
Truck156237,2942,2777,5620,5705,85
Truck155696,0,2942,5455,5706,251
Truck156251,2776,2443,5625,5706,81
Truck156093,2942,2443,5575,5707,132
Truck156309,2566,2444,5645,5707,62
Truck155369,2224,1339,5350,5708,358
Truck155915,2776,1339,5520,5708,188
Truck155939,2443,3119,5530,5708,178
Truck156242,2225,2444,5625,5708,83
Truck156414,2943,2942,5675,5708,33
Truck155728,0,2566,5465,5709,244
Truck155733,2566,2443,5465,5709,244
Truck156178,2225,2443,5605,5709,104
Truck156327,2683,1339,5650,5709,59
Truck154993,1338,2225,5235,5710,475
Truck155655,2683,2942,5440,5710,270
Truck156252,2777,2942,5625,5710,85
Truck155249,1338,2444,5315,5712,397
Truck155784,1339,2566,5480,5712,232
Truck156109,2942,2443,5580,5712,132
Truck156430,2943,2942,5680,5713,33
Truck155976,1339,2444,5540,5714,174
Truck156303,3119,2224,5640,5714,74
Truck155671,2683,2942,5445,5715,270
Truck155768,1339,2942,5475,5715,240
Truck156268,2777,2942,5630,5715,85
Truck155940,2444,2443,5530,5716,186
Truck156399,3119,2942,5670,5716,46
Truck156480,0,2567,5700,5716,16
Truck156518,2567,1339,5710,5716,6
Truck154689,1338,0,5140,5717,577
Truck155766,2567,2942,5475,5717,242
Truck156125,2942,2443,5585,5717,132
Truck154737,1338,2567,5155,5718,563
Truck155847,2683,2776,5500,5718,218
Truck155983,3119,2443,5540,5718,178
Truck156380,2777,2943,5665,5719,54
Truck156426,2684,2443,5680,5719,39
Truck155693,2942,2683,5450,5720,270
Truck156284,2777,2942,5635,5720,85
Truck156285,2942,2777,5635,5720,85
Truck155739,2776,2224,5465,5721,256
Truck155952,0,2444,5535,5721,186
Truck155956,2444,2443,5535,5721,186
Truck156090,2684,1339,5575,5721,146
Truck156141,2942,2443,5590,5722,132
Truck156264,1339,2225,5630,5722,92
Truck154704,0,1338,5145,5723,578
Truck154705,1338,2443,5145,5723,578
Truck154707,2443,1338,5145,5723,578
Truck154753,1338,2567,5160,5723,563
Truck155417,2224,1339,5365,5723,358
Truck155867,2776,2683,5505,5723,218
Truck156462,2943,2942,5690,5723,33
Truck155781,2566,2443,5480,5724,244
Truck156179,2443,0,5605,5724,119
Truck156226,2225,2443,5620,5724,104
Truck156329,2224,3119,5650,5724,74
Truck155709,2942,2683,5455,5725,270
Truck155800,1339,2942,5485,5725,240
Truck156214,2567,2443,5615,5725,110
Truck156300,2777,2942,5640,5725,85
Truck156301,2942,2777,5640,5725,85
Truck155042,2225,1338,5250,5726,476
Truck155763,2443,2224,5475,5726,251
Truck154760,1339,1338,5160,5727,567
Truck155300,2444,1338,5330,5727,397
Truck156010,2684,2683,5550,5727,177
Truck156350,2943,3119,5655,5727,72
Truck154720,0,1338,5150,5728,578
Truck154721,1338,2443,5150,5728,578
Truck155845,2566,2567,5500,5728,228
Truck155897,2224,2684,5515,5728,213
Truck156015,3119,2443,5550,5728,178
Truck156240,0,2225,5625,5728,103
Truck156478,2943,2942,5695,5728,33
Truck155797,2566,2443,5485,5729,244
Truck156195,2443,0,5610,5729,119
Truck156227,2443,2567,5620,5729,109
Truck156458,2684,2443,5690,5729,39
Truck155583,3119,2683,5415,5730,315
Truck155719,2683,2942,5460,5730,270
Truck155936,0,2776,5530,5730,200
Truck156230,2567,2443,5620,5730,110
Truck156316,2777,2942,5645,5730,85
Truck155776,0,2942,5480,5731,251
Truck155844,2444,2683,5500,5731,231
Truck155987,2443,2444,5545,5731,186
Truck156331,2776,2443,5650,5731,81
Truck156163,2443,2942,5600,5732,132
Truck156173,2942,2443,5600,5732,132
Truck154599,2683,1338,5110,5733,623
Truck156118,2567,2684,5585,5733,148
Truck156248,1339,2443,5625,5733,108
Truck156467,2443,2684,5695,5733,38
Truck156494,2943,2942,5700,5733,33
Truck155137,1338,2566,5280,5734,454
Truck155351,2683,2224,5345,5734,389
Truck155995,2776,2567,5545,5734,189
Truck155688,1339,3119,5450,5735,285
Truck155832,1339,2942,5495,5735,240
Truck156204,2777,3119,5610,5735,125
Truck156375,2683,0,5665,5735,70
Truck155792,0,2942,5485,5736,251
Truck155801,2224,2443,5485,5736,251
Truck156004,2444,2443,5550,5736,186
Truck156347,2776,2443,5655,5736,81
Truck156461,2942,3119,5690,5736,46
Truck154609,1338,2683,5115,5738,623
Truck156272,0,2225,5635,5738,103
Truck156510,2943,2942,5705,5738,33
Truck155367,2683,2224,5350,5739,389
Truck155829,2566,2443,5495,5739,244
Truck156274,2225,2443,5635,5739,104
Truck156424,1339,2683,5680,5739,59
Truck155089,1338,2225,5265,5740,475
Truck156348,2777,2942,5655,5740,85
Truck156446,2943,2777,5685,5740,55
Truck156020,2444,2443,5555,5741,186
Truck156363,2776,2443,5660,5741,81
Truck155846,2567,2942,5500,5742,242
Truck155893,2566,2567,5515,5743,228
Truck156063,3119,2443,5565,5743,178
Truck156151,2683,2225,5595,5743,148
Truck156491,2776,2684,5700,5743,43
Truck156526,2943,2942,5710,5743,33
Truck155843,2443,2566,5500,5744,244
Truck156072,1339,2444,5570,5744,174
Truck156506,2684,2443,5705,5744,39
Truck155767,2683,2942,5475,5745,270
Truck155895,2683,2444,5515,5745,230
Truck156364,2777,2942,5660,5745,85
Truck154817,1338,1339,5180,5746,566
Truck155695,3119,0,5450,5746,296
Truck155819,2776,2224,5490,5746,256
Truck155827,2443,2224,5495,5746,251
Truck156036,2444,2443,5560,5746,186
Truck156379,2776,2443,5665,5746,81
Truck156211,2443,2942,5615,5747,132
Truck156600,1339,0,5735,5747,12
Truck156515,2443,2684,5710,5748,38
Truck155856,0,2566,5505,5749,244
Truck155861,2566,2443,5505,5749,244
Truck156043,2776,2567,5560,5749,189
Truck156255,3119,2777,5625,5749,124
Truck156306,2225,2443,5645,5749,104
Truck156349,2942,2684,5655,5749,94
Truck156409,2224,3119,5675,5749,74
Truck156456,1339,2683,5690,5749,59
Truck156522,2684,2443,5710,5749,39
Truck155121,1338,2225,5275,5750,475
Truck155497,2224,2567,5390,5750,360
Truck155880,1339,2942,5510,5750,240
Truck156052,2444,2443,5565,5751,186
Truck156194,2225,2566,5610,5751,141
Truck156202,2684,3119,5610,5751,141
Truck155380,2444,1338,5355,5752,397
Truck154801,1338,2443,5175,5753,578
Truck154803,2443,1338,5175,5753,578
Truck156452,2444,2566,5690,5753,63
Truck156558,2943,2942,5720,5753,33
Truck155877,2566,2443,5510,5754,244
Truck155978,2684,2224,5540,5754,214
Truck156538,2684,2443,5715,5754,39
Truck155896,1339,2942,5515,5755,240
Truck156396,2777,2942,5670,5755,85
Truck155727,3119,0,5460,5756,296
Truck155865,2224,2443,5505,5756,251
Truck156068,2444,2443,5570,5756,186
Truck156235,2776,2942,5620,5756,136
Truck156403,2443,2776,5675,5756,81
Truck156614,2567,0,5740,5756,16
Truck155750,2567,3119,5470,5757,287
Truck156243,2443,2942,5625,5757,132
Truck155749,2566,2683,5470,5758,288
Truck156111,3119,2443,5580,5758,178
Truck156323,2443,1339,5650,5758,108
Truck156547,2443,2684,5720,5758,38
Truck156574,2943,2942,5725,5758,33
Truck156441,2224,3119,5685,5759,74
Truck156488,1339,2683,5700,5759,59
Truck156508,2777,2943,5705,5759,54
Truck156554,2684,2443,5720,5759,39
Truck155815,2683,2942,5490,5760,270
Truck156378,2684,2942,5665,5760,95
Truck156412,2777,2942,5675,5760,85
Truck156084,2444,0,5575,5761,186
Truck156234,2684,3119,5620,5761,141
Truck156427,2776,2443,5680,5761,81
Truck156485,2566,2444,5700,5762,62
Truck154833,1338,2443,5185,5763,578
Truck156210,2225,2683,5615,5763,148
Truck156354,2225,0,5660,5763,103
Truck156590,2943,2942,5730,5763,33
Truck155909,2566,2443,5520,5764,244
Truck156059,2776,0,5565,5764,199
Truck156503,2683,1339,5705,5764,59
Truck155831,2683,2942,5495,5765,270
Truck155928,1339,2942,5525,5765,240
Truck156428,2777,2942,5680,5765,85
Truck154881,1338,1339,5200,5766,566
Truck156100,2444,0,5580,5766,186
Truck156148,2444,2567,5595,5766,171
Truck156245,2566,2225,5625,5766,141
Truck155782,2567,3119,5480,5767,287
Truck155926,2567,2942,5525,5767,242
Truck156127,3119,2776,5585,5767,182
Truck154849,1338,2443,5190,5768,578
Truck156143,3119,2443,5590,5768,178
Truck156606,2943,2942,5735,5768,33
Truck156370,2225,2443,5665,5769,104
Truck156519,2683,1339,5710,5769,59
Truck155944,1339,2942,5530,5770,240
Truck155949,2942,2567,5530,5770,240
Truck156410,2684,2942,5675,5770,95
Truck156444,2777,2942,5685,5770,85
Truck155913,2224,2443,5520,5771,251
Truck155972,2444,2683,5540,5771,231
Truck156112,0,2444,5585,5771,186
Truck156116,2444,2443,5585,5771,186
Truck155942,2567,2942,5530,5772,242
Truck156291,2443,2942,5640,5772,132
Truck154864,0,1338,5195,5773,578
Truck154865,1338,2443,5195,5773,578
Truck156159,3119,2443,5595,5773,178
Truck156386,2225,0,5670,5773,103
Truck156622,2943,2942,5740,5773,33
Truck155941,2566,2443,5530,5774,244
Truck156091,2776,0,5575,5774,199
Truck155577,2224,2567,5415,5775,360
Truck155933,2942,0,5525,5775,250
Truck156332,2777,3119,5650,5775,125
Truck155791,3119,0,5480,5776,296
Truck155929,2224,2443,5525,5776,251
Truck155988,2444,2683,5545,5776,231
Truck156299,2776,2942,5640,5776,136
Truck156307,2443,2942,5645,5777,132
Truck156317,2942,2443,5645,5777,132
Truck156637,2942,2943,5745,5777,32
Truck156258,2225,2683,5630,5778,148
Truck156263,2683,2225,5630,5778,148
Truck156638,2943,2942,5745,5778,33
Truck155495,2683,2224,5390,5779,389
Truck155957,2566,2443,5535,5779,244
Truck156402,2225,2443,5675,5779,104
Truck156445,2942,2684,5685,5779,94
Truck156552,1339,2683,5720,5779,59
Truck155981,2942,2567,5540,5780,240
Truck156442,2684,2942,5685,5780,95
Truck156551,2683,2567,5720,5780,60
Truck155945,2224,2443,5530,5781,251
Truck156315,2776,2942,5645,5781,136
Truck156607,3119,2942,5735,5781,46
Truck156712,1339,0,5770,5782,12
Truck156191,3119,2443,5605,5783,178
Truck156282,2684,2567,5635,5783,148
Truck156416,0,2225,5680,5783,103
Truck156654,2943,2942,5750,5783,33
Truck154950,2567,1338,5220,5784,564
Truck155973,2566,2443,5540,5784,244
Truck156418,2225,2443,5680,5784,104
Truck155233,1338,2225,5310,5785,475
Truck156492,2777,2942,5700,5785,85
Truck156164,2444,0,5600,5786,186
Truck156314,2684,3119,5645,5786,141
Truck156704,0,2567,5770,5786,16
Truck156542,2943,3119,5715,5787,72
Truck154769,1338,2683,5165,5788,623
Truck154913,1338,2443,5210,5788,578
Truck154915,2443,1338,5210,5788,578
Truck154961,1338,2567,5225,5788,563
Truck156670,2943,2942,5755,5788,33
Truck155989,2566,2443,5545,5789,244
Truck156434,2225,2443,5685,5789,104
Truck156537,2224,3119,5715,5789,74
Truck156543,3119,2224,5715,5789,74
Truck156650,2684,2443,5750,5789,39
Truck155911,2683,2942,5520,5790,270
Truck156212,2444,1339,5615,5790,175
Truck156422,2567,2443,5680,5790,110
Truck156474,2684,2942,5695,5790,95
Truck156583,2683,2567,5730,5790,60
Truck156180,2444,2443,5605,5791,186
Truck156322,2225,2566,5650,5791,141
Truck156523,2776,2443,5710,5791,81
Truck154929,1338,2443,5215,5793,578
Truck156223,3119,2443,5615,5793,178
Truck156498,2225,2567,5705,5793,88
Truck156686,2943,2942,5760,5793,33
Truck156005,2566,2443,5550,5794,244
Truck156024,1339,2942,5555,5795,240
Truck156228,2444,1339,5620,5795,175
Truck156490,2684,2942,5700,5795,95
Truck156524,2777,2942,5710,5795,85
Truck156338,2225,2566,5655,5796,141
Truck155524,2444,1338,5400,5797,397
Truck156381,2942,2443,5665,5797,132
Truck154945,1338,2443,5220,5798,578
Truck156107,2776,2683,5580,5798,218
Truck156359,2683,2443,5660,5798,138
Truck156021,2566,2443,5555,5799,244
Truck156171,2776,0,5600,5799,199
Truck156466,2225,2443,5695,5799,104
Truck156682,2684,2443,5760,5799,39
Truck156045,2942,2567,5560,5800,240
Truck156367,3119,2684,5660,5800,140
Truck156540,2777,2942,5715,5800,85
Truck156344,1339,2684,5655,5801,146
Truck156576,0,2683,5730,5801,71
Truck156397,2942,2443,5670,5802,132
Truck156216,1339,2776,5615,5803,188
Truck156718,2943,2942,5770,5803,33
Truck155361,1338,2566,5350,5804,454
Truck156037,2566,2443,5560,5804,244
Truck156219,2776,2567,5615,5804,189
Truck156482,2225,2443,5700,5804,104
Truck156652,2777,2943,5750,5804,54
Truck155912,1339,3119,5520,5805,285
Truck156556,2777,2942,5720,5805,85
Truck156016,0,2942,5555,5806,251
Truck156395,2776,2942,5670,5806,136
Truck156054,2567,2942,5565,5807,242
Truck156330,2684,0,5650,5807,157
Truck156413,2942,2443,5675,5807,132
Truck155689,2224,1339,5450,5808,358
Truck156153,2224,2684,5595,5808,213
Truck156271,3119,2443,5630,5808,178
Truck156699,2776,2684,5765,5808,43
Truck156734,2943,2942,5775,5808,33
Truck156714,2684,2443,5770,5809,39
Truck156824,1339,2567,5805,5809,4
Truck156572,2777,2942,5725,5810,85
Truck155903,3119,0,5515,5811,296
Truck156411,2776,2942,5675,5811,136
Truck156822,2567,1339,5805,5811,6
Truck156070,2567,2942,5570,5812,242
Truck156546,2225,1339,5720,5812,92
Truck156808,1339,0,5800,5812,12
Truck156287,3119,2443,5635,5813,178
Truck156514,2225,0,5710,5813,103
Truck156562,2225,2567,5725,5813,88
Truck156750,2943,2942,5780,5813,33
Truck155393,1338,2566,5360,5814,454
Truck156069,2566,2443,5570,5814,244
Truck156170,2684,2224,5600,5814,214
Truck155997,2942,2683,5545,5815,270
Truck156246,2567,2776,5625,5815,190
Truck156460,2777,3119,5690,5815,125
Truck156588,2777,2942,5730,5815,85
Truck156048,0,2942,5565,5816,251
Truck156057,2224,2443,5565,5816,251
Truck156260,2444,2443,5630,5816,186
Truck156308,2444,2567,5645,5816,171
Truck156624,0,2683,5745,5816,71
Truck155048,1339,1338,5250,5817,567
Truck156661,2566,2444,5755,5817,62
Truck155009,1338,2443,5240,5818,578
Truck155943,2683,2566,5530,5818,288
Truck156267,2776,1339,5630,5818,188
Truck156739,2443,2684,5780,5818,38
Truck156085,2566,2443,5575,5819,244
Truck156483,2443,0,5700,5819,119
Truck156582,2567,2225,5730,5819,89
Truck156633,2224,3119,5745,5819,74
Truck156730,2684,2776,5775,5819,44
Truck155863,2683,3119,5505,5820,315
Truck155960,1339,3119,5535,5820,285
Truck155967,3119,1339,5535,5820,285
Truck156476,2777,3119,5695,5820,125
Truck156604,2777,2942,5735,5820,85
Truck156702,2943,2777,5765,5820,55
Truck156064,0,2942,5570,5821,251
Truck156073,2224,2443,5570,5821,251
Truck156619,2776,2443,5740,5821,81
Truck156854,2567,1339,5815,5821,6
Truck155920,0,3119,5525,5822,297
Truck156102,2567,2942,5580,5822,242
Truck155025,1338,2443,5245,5823,578
Truck156319,3119,2443,5645,5823,178
Truck156406,2567,2684,5675,5823,148
Truck156536,1339,2443,5715,5823,108
Truck156782,2943,2942,5790,5823,33
Truck156101,2566,2443,5580,5824,244
Truck156150,2567,2566,5595,5824,229
Truck156762,2684,2443,5785,5824,39
Truck156586,2684,2942,5730,5825,95
Truck156620,2777,2942,5740,5825,85
Truck156292,2444,2443,5640,5826,186
Truck156459,2776,2942,5690,5826,136
Truck156394,2684,0,5670,5827,157
Truck156477,2942,2443,5695,5827,132
Truck156594,2225,1339,5735,5827,92
Truck156563,2443,2225,5725,5828,103
Truck156798,2943,2942,5795,5828,33
Truck155721,2224,0,5460,5829,369
Truck156115,2443,2566,5585,5829,244
Truck156711,2683,1339,5770,5829,59
Truck156039,2683,2942,5560,5830,270
Truck156136,1339,2942,5590,5830,240
Truck156636,2777,2942,5745,5830,85
Truck156105,2224,2443,5580,5831,251
Truck156651,2776,2443,5750,5831,81
Truck156848,0,2567,5815,5831,16
Truck156335,3119,2776,5650,5832,182
Truck156493,2942,2443,5700,5832,132
Truck156710,2567,2683,5770,5832,62
Truck155057,1338,2443,5255,5833,578
Truck156438,2567,2684,5685,5833,148
Truck155457,1338,2566,5380,5834,454
Truck156133,2566,2443,5590,5834,244
Truck156182,2567,2566,5605,5834,229
Truck156531,2443,0,5715,5834,119
Truck156578,2225,2443,5730,5834,104
Truck156644,2444,2225,5750,5834,84
Truck156687,3119,2224,5760,5834,74
Truck156324,2444,2443,5650,5836,186
Truck156902,2567,1339,5830,5836,6
Truck156509,2942,2443,5705,5837,132
Truck156626,2225,1339,5745,5837,92
Truck155785,2224,1339,5480,5838,358
Truck156197,2566,2567,5610,5838,228
Truck156149,2566,2443,5595,5839,244
Truck156697,2224,3119,5765,5839,74
Truck155744,0,2224,5470,5840,370
Truck156031,3119,1339,5555,5840,285
Truck156199,2683,2444,5610,5840,230
Truck156288,0,2776,5640,5840,200
Truck156128,0,2942,5590,5841,251
Truck156131,2443,2224,5590,5841,251
Truck156137,2224,2443,5590,5841,251
Truck155665,1338,2444,5445,5842,397
Truck155668,2444,1338,5445,5842,397
Truck156166,2567,2942,5600,5842,242
Truck156525,2942,2443,5710,5842,132
Truck156023,2683,2566,5555,5843,288
Truck156846,2943,2942,5810,5843,33
Truck155703,2683,2224,5455,5844,389
Truck155705,2224,2683,5455,5844,389
Truck156165,2566,2443,5600,5844,244
Truck156610,2225,2443,5740,5844,104
Truck155951,3119,2683,5530,5845,315
Truck156047,3119,1339,5560,5845,285
Truck156087,2683,2942,5575,5845,270
Truck156388,2444,1339,5670,5845,175
Truck156511,3119,2684,5705,5845,140
Truck156727,2683,0,5775,5845,70
Truck155798,2567,2224,5485,5846,361
Truck156355,2443,2444,5660,5846,186
Truck156356,2444,0,5660,5846,186
Truck156383,3119,2776,5665,5847,182
Truck155105,1338,2443,5270,5848,578
Truck155107,2443,1338,5270,5848,578
Truck156862,2943,2942,5815,5848,33
Truck155158,2567,1338,5285,5849,564
Truck156181,2566,2443,5605,5849,244
Truck156205,2942,1339,5610,5849,239
Truck156200,1339,2942,5610,5850,240
Truck156404,2444,1339,5675,5850,175
Truck156527,3119,2684,5710,5850,140
Truck156700,2777,2942,5765,5850,85
Truck155814,2567,2224,5490,5851,361
Truck156372,2444,2443,5665,5851,186
Truck156541,2942,2776,5715,5851,136
Truck156715,2776,2443,5770,5851,81
Truck156831,3119,2942,5805,5851,46
Truck156557,2942,2443,5720,5852,132
Truck156877,2942,2943,5820,5852,32
Truck156936,1339,0,5840,5852,12
Truck154983,2683,1338,5230,5853,623
Truck156297,2224,2684,5640,5853,213
Truck156415,3119,2443,5675,5853,178
Truck156643,2443,2225,5750,5853,103
Truck156708,2444,2225,5770,5854,84
Truck156745,2224,3119,5780,5854,74
Truck156858,2684,2443,5815,5854,39
Truck156189,2942,0,5605,5855,250
Truck156716,2777,2942,5770,5855,85
Truck156814,2943,2777,5800,5855,55
Truck155830,2567,2224,5495,5856,361
Truck156244,2444,2683,5625,5856,231
Truck156423,2683,2684,5680,5856,176
Truck156530,2225,2566,5715,5856,141
Truck156555,2776,2942,5720,5856,136
Truck155176,1339,1338,5290,5857,567
Truck156766,2943,3119,5785,5857,72
Truck156790,2567,2683,5795,5857,62
Truck156431,3119,2443,5680,5858,178
Truck156648,1339,2443,5750,5858,108
Truck156722,2225,2444,5775,5858,83
Truck156894,2943,2942,5825,5858,33
Truck155848,1339,2224,5500,5859,359
Truck156213,2566,2443,5615,5859,244
Truck156658,2225,2443,5755,5859,104
Truck156761,2224,3119,5785,5859,74
Truck156135,2683,2942,5590,5860,270
Truck156232,1339,2942,5620,5860,240
Truck156732,2777,2942,5775,5860,85
Truck156830,2943,2777,5805,5860,55
Truck156192,0,2942,5610,5861,251
Truck156944,0,2567,5845,5861,16
Truck156579,2443,2942,5730,5862,132
Truck156909,2942,2943,5830,5862,32
Truck156968,1339,0,5850,5862,12
Truck155015,2683,1338,5240,5863,623
Truck155153,1338,2443,5285,5863,578
Truck155155,2443,1338,5285,5863,578
Truck156567,2683,2443,5725,5863,138
Truck156674,2225,0,5760,5863,103
Truck155206,2567,1338,5300,5864,564
Truck155833,2224,0,5495,5864,369
Truck156253,2942,1339,5625,5864,239
Truck155824,0,2224,5495,5865,370
Truck156157,2942,2683,5595,5865,270
Truck156748,2777,2942,5780,5865,85
Truck156217,2224,2443,5615,5866,251
Truck156419,2443,2444,5680,5866,186
Truck156420,2444,2443,5680,5866,186
Truck156763,2776,2443,5785,5866,81
Truck155745,1338,2444,5470,5867,397
Truck155169,1338,2443,5290,5868,578
Truck156926,2943,2942,5835,5868,33
Truck156690,2225,2443,5765,5869,104
Truck156793,2224,3119,5795,5869,74
Truck156839,2683,1339,5810,5869,59
Truck156295,2683,2444,5640,5870,230
Truck156678,2567,2443,5760,5870,110
Truck156233,2224,2443,5620,5871,251
Truck156436,2444,2443,5685,5871,186
Truck156605,2942,2776,5735,5871,136
Truck156779,2776,2443,5790,5871,81
Truck156893,2942,3119,5825,5871,46
Truck156982,2567,0,5855,5871,16
Truck156262,2567,2942,5630,5872,242
Truck156293,2566,1339,5640,5872,232
Truck155185,1338,2443,5295,5873,578
Truck156117,2566,2683,5585,5873,288
Truck156261,2566,0,5630,5873,243
Truck156479,3119,2443,5695,5873,178
Truck156599,2683,2443,5735,5873,138
Truck156907,2776,2684,5830,5873,43
Truck156942,2943,2942,5840,5873,33
Truck156443,2776,2567,5685,5874,189
Truck156659,2443,0,5755,5874,119
Truck156706,2225,2443,5770,5874,104
Truck156856,1339,2683,5815,5874,59
Truck156484,2444,1339,5700,5875,175
Truck156780,2777,2942,5790,5875,85
Truck156451,2443,2444,5690,5876,186
Truck156602,2684,3119,5735,5876,141
Truck156475,2776,3119,5695,5877,182
Truck156615,2683,2443,5740,5878,138
Truck156277,2566,2443,5635,5879,244
Truck156825,2224,3119,5805,5879,74
Truck156938,2684,2443,5840,5879,39
Truck156668,2777,3119,5755,5880,125
Truck156796,2777,2942,5795,5880,85
Truck156256,0,2942,5630,5881,251
Truck156259,2443,2224,5630,5881,251
Truck156468,2444,2443,5695,5881,186
Truck156613,2566,2225,5740,5881,141
Truck156294,2567,2942,5640,5882,242
Truck156495,3119,2776,5700,5882,182
Truck156770,2225,1339,5790,5882,92
Truck155073,1338,2683,5260,5883,623
Truck155217,1338,2443,5305,5883,578
Truck156728,1339,2443,5775,5883,108
Truck156939,2776,2684,5840,5883,43
Truck156974,2943,2942,5850,5883,33
Truck156738,2225,2443,5780,5884,104
Truck156847,3119,2224,5810,5884,74
Truck156175,3119,1339,5600,5885,285
Truck156215,2683,2942,5615,5885,270
Truck156343,2683,2444,5655,5885,230
Truck156684,2777,3119,5760,5885,125
Truck156812,2777,2942,5800,5885,85
Truck155265,1338,1339,5320,5886,566
Truck157030,2567,0,5870,5886,16
Truck156792,1339,2225,5795,5887,92
Truck156744,1339,2443,5780,5888,108
Truck156963,2443,2684,5850,5888,38
Truck156990,2943,2942,5855,5888,33
Truck155633,1338,2566,5435,5889,454
Truck155849,2224,2683,5500,5889,389
Truck156333,2942,1339,5650,5889,239
Truck156754,2225,2443,5785,5889,104
Truck156954,2684,2776,5845,5889,44
Truck156970,2684,2443,5850,5889,39
Truck156095,3119,2683,5575,5890,315
Truck156231,2683,2942,5620,5890,270
Truck156328,1339,2942,5650,5890,240
Truck156717,2942,2224,5770,5890,120
Truck156794,2684,2942,5795,5890,95
Truck156828,2777,2942,5805,5890,85
Truck155281,1338,1339,5325,5891,566
Truck156283,2776,2224,5635,5891,256
Truck156500,2444,2443,5705,5891,186
Truck156642,2225,2566,5750,5891,141
Truck156669,2942,2776,5755,5891,136
Truck156843,2776,2443,5810,5891,81
Truck157078,2567,1339,5885,5891,6
Truck155288,1339,1338,5325,5892,567
Truck156550,2567,2444,5720,5892,172
Truck156878,2943,3119,5820,5892,72
Truck156325,2566,0,5650,5893,243
Truck156407,2683,2776,5675,5893,218
Truck156834,2225,2444,5810,5893,83
Truck156320,0,2566,5650,5894,244
Truck156873,2224,3119,5820,5894,74
Truck156919,2683,1339,5835,5894,59
Truck156986,2684,2443,5855,5894,39
Truck156733,2942,2224,5775,5895,120
Truck156304,0,2942,5645,5896,251
Truck156313,2224,2443,5645,5896,251
Truck156859,2776,2443,5815,5896,81
Truck156160,0,3119,5600,5897,297
Truck156198,2567,3119,5610,5897,287
Truck156691,2443,2942,5765,5897,132
Truck156701,2942,2443,5765,5897,132
Truck156559,3119,2443,5720,5898,178
Truck156608,0,2684,5740,5898,158
Truck157022,2943,2942,5865,5898,33
Truck156339,2443,2566,5655,5899,244
Truck156341,2566,2443,5655,5899,244
Truck156786,2225,2443,5795,5899,104
Truck157002,2684,2443,5860,5899,39
Truck155601,1338,2225,5425,5900,475
Truck155977,2224,2567,5540,5900,360
Truck156119,2683,3119,5585,5900,315
Truck156269,2942,2683,5630,5900,270
Truck156826,2684,2942,5805,5900,95
Truck156860,2777,2942,5815,5900,85
Truck156532,2444,2443,5715,5901,186
Truck156664,1339,2684,5755,5901,146
Truck156677,2566,2225,5760,5901,141
Truck157110,2567,1339,5895,5901,6
Truck156358,2567,2942,5660,5902,242
Truck156570,2684,2683,5725,5902,177
Truck156707,2443,2942,5770,5902,132
Truck156910,2943,3119,5830,5902,72
Truck156575,3119,2443,5725,5903,178
Truck157038,2943,2942,5870,5903,33
Truck156787,2443,2567,5795,5904,109
Truck156802,2225,2443,5800,5904,104
Truck156905,2224,3119,5830,5904,74
Truck156376,1339,2942,5665,5905,240
Truck156876,2777,2942,5820,5905,85
Truck155990,2567,2224,5545,5906,361
Truck156345,2224,2443,5655,5906,251
Truck156548,2444,2443,5720,5906,186
Truck156883,2443,2776,5825,5906,81
Truck156723,2443,2942,5775,5907,132
Truck156229,2566,2683,5620,5908,288
Truck156818,2225,0,5805,5908,103
Truck155968,0,2224,5540,5910,370
Truck156392,1339,2942,5670,5910,240
Truck156764,2777,3119,5785,5910,125
Truck156892,2777,2942,5825,5910,85
Truck156006,2567,2224,5550,5911,361
Truck156564,2444,2443,5725,5911,186
Truck156390,2567,2942,5670,5912,242
Truck156587,2776,3119,5730,5912,182
Truck156749,2942,2443,5780,5912,132
Truck156866,2225,1339,5820,5912,92
Truck157069,2942,2943,5880,5912,32
Truck157120,0,1339,5900,5912,12
Truck155313,1338,2443,5335,5913,578
Truck156882,2225,2567,5825,5913,88
Truck157070,2943,2942,5880,5913,33
Truck155993,2224,0,5545,5914,369
Truck156389,2566,2443,5670,5914,244
Truck156937,2224,3119,5840,5914,74
Truck156025,2224,2567,5555,5915,360
Truck156167,2683,3119,5600,5915,315
Truck156408,1339,2942,5675,5915,240
Truck156908,2777,2942,5830,5915,85
Truck156368,0,2942,5665,5916,251
Truck156580,2444,2443,5730,5916,186
Truck156747,2776,2942,5780,5916,136
Truck156765,2942,2443,5785,5917,132
Truck156958,2943,3119,5845,5917,72
Truck155329,1338,2443,5340,5918,578
Truck156041,2224,1339,5560,5918,358
Truck156623,3119,2443,5740,5918,178
Truck155382,2567,1338,5355,5919,564
Truck156405,2566,2443,5675,5919,244
Truck156454,2567,2566,5690,5919,229
Truck156803,2443,0,5800,5919,119
Truck156835,2443,2567,5810,5919,109
Truck156850,2225,2443,5815,5919,104
Truck156455,2683,2444,5690,5920,230
Truck156544,0,2776,5720,5920,200
Truck156924,2777,2942,5835,5920,85
Truck156377,2224,2776,5665,5921,256
Truck156393,2224,2443,5670,5921,251
Truck156595,2443,2444,5735,5921,186
Truck156596,2444,2443,5735,5921,186
Truck156634,2684,2683,5745,5922,177
Truck156781,2942,2443,5790,5922,132
Truck156898,2225,1339,5830,5922,92
Truck157101,2942,2943,5890,5922,32
Truck155345,1338,2443,5345,5923,578
Truck157102,2943,2942,5890,5923,33
Truck156815,3119,2777,5800,5924,124
Truck156975,3119,2224,5850,5924,74
Truck157082,2684,2443,5885,5924,39
Truck157192,1339,2567,5920,5924,4
Truck156440,1339,2942,5685,5925,240
Truck156598,2567,2776,5735,5925,190
Truck156940,2777,2942,5840,5925,85
Truck156400,0,2942,5675,5926,251
Truck156611,2443,2444,5740,5926,186
Truck156612,2444,2443,5740,5926,186
Truck156639,3119,2776,5745,5927,182
Truck156797,2942,2443,5795,5927,132
Truck156437,2566,0,5685,5928,243
Truck157083,2776,2684,5885,5928,43
Truck157118,2943,2942,5895,5928,33
Truck155975,2683,2224,5540,5929,389
Truck156435,2443,2566,5685,5929,244
Truck156985,2224,3119,5855,5929,74
Truck157098,2684,2443,5890,5929,39
Truck156365,2942,2683,5660,5930,270
Truck156429,2942,0,5680,5930,250
Truck156956,2777,2942,5845,5930,85
Truck157054,2943,2777,5875,5930,55
Truck156425,2224,2443,5680,5931,251
Truck156628,2444,2443,5745,5931,186
Truck156663,2683,2684,5755,5931,176
Truck156760,1339,2684,5785,5931,146
Truck156795,2776,2942,5795,5931,136
Truck157206,2567,1339,5925,5931,6
Truck156666,2684,2683,5755,5932,177
Truck157006,2943,3119,5860,5932,72
Truck157029,2566,2444,5870,5932,62
Truck156535,2683,2776,5715,5933,218
Truck156539,2776,2683,5715,5933,218
Truck156635,2776,1339,5745,5933,188
Truck157134,2943,2942,5900,5933,33
Truck156964,2444,2225,5850,5934,84
Truck156472,1339,2942,5695,5935,240
Truck156630,2567,2776,5745,5935,190
Truck156844,2777,3119,5810,5935,125
Truck156972,2777,2942,5850,5935,85
Truck157023,3119,2943,5865,5936,71
Truck156470,2567,2942,5695,5937,242
Truck156829,2942,2443,5805,5937,132
Truck157045,2566,2444,5875,5937,62
Truck157149,2942,2943,5905,5937,32
Truck155392,0,1338,5360,5938,578
Truck156775,2683,2225,5790,5938,148
Truck156904,1339,2443,5830,5938,108
Truck157150,2943,2942,5905,5938,33
Truck156914,2225,2443,5835,5939,104
Truck156980,2444,2225,5855,5939,84
Truck156247,2683,3119,5625,5940,315
Truck156988,2777,2942,5855,5940,85
Truck156351,3119,2567,5655,5941,286
Truck156656,0,2444,5755,5941,186
Truck156660,2444,0,5755,5941,186
Truck157003,2776,2443,5860,5941,81
Truck157039,3119,2943,5870,5941,71
Truck157117,2942,3119,5895,5941,46
Truck156486,2567,2942,5700,5942,242
Truck156845,2942,2443,5810,5942,132
Truck157165,2942,2943,5910,5942,32
Truck155409,1338,2443,5365,5943,578
Truck156571,2776,2683,5725,5943,218
Truck156703,3119,2443,5765,5943,178
Truck156915,2443,1339,5835,5943,108
Truck156928,0,2225,5840,5943,103
Truck156931,2443,2225,5840,5943,103
Truck157166,2943,2942,5910,5943,33
Truck156120,1339,2224,5585,5944,359
Truck157033,2224,3119,5870,5944,74
Truck157146,2684,2443,5905,5944,39
Truck157256,1339,2567,5940,5944,4
Truck156121,2224,2567,5585,5945,360
Truck156504,1339,2942,5705,5945,240
Truck156889,2224,2942,5825,5945,120
Truck157004,2777,2942,5860,5945,85
Truck156676,2444,2443,5760,5946,186
Truck156821,2566,2225,5805,5946,141
Truck157019,2776,2443,5865,5946,81
Truck157254,2567,1339,5940,5946,6
Truck156851,2443,2942,5815,5947,132
Truck157077,2566,2444,5885,5947,62
Truck155425,1338,2443,5370,5948,578
Truck156357,2566,2683,5660,5948,288
Truck156810,2684,2567,5800,5948,148
Truck156994,2225,2567,5860,5948,88
Truck156501,2566,2443,5705,5949,244
Truck156946,2225,2443,5845,5949,104
Truck157162,2684,2443,5910,5949,39
Truck157020,2777,2942,5865,5950,85
Truck156692,2444,2443,5765,5951,186
Truck156837,2566,2225,5810,5951,141
Truck156842,2684,3119,5810,5951,141
Truck157071,3119,2943,5880,5951,71
Truck157238,2567,0,5935,5951,16
Truck155297,1338,2683,5330,5953,623
Truck155441,1338,2443,5375,5953,578
Truck156373,2566,2683,5665,5953,288
Truck156603,2776,2683,5735,5953,218
Truck156696,1339,2776,5765,5953,188
Truck156735,3119,2443,5775,5953,178
Truck156952,1339,2443,5845,5953,108
Truck157010,2225,2567,5865,5953,88
Truck157171,2443,2684,5915,5953,38
Truck157198,2943,2942,5920,5953,33
Truck156152,1339,2224,5595,5954,359
Truck156517,2566,2443,5710,5954,244
Truck156618,2684,2224,5740,5954,214
Truck156911,3119,2777,5830,5954,124
Truck156962,2225,2443,5850,5954,104
Truck157065,2224,3119,5880,5954,74
Truck157288,1339,2567,5950,5954,4
Truck157036,2777,2942,5870,5955,85
Truck156489,2224,2776,5700,5956,256
Truck156496,0,2942,5705,5956,251
Truck156505,2224,2443,5705,5956,251
Truck156853,2566,2225,5815,5956,141
Truck156534,2567,2942,5715,5957,242
Truck157016,1339,2225,5865,5957,92
Truck157086,2943,3119,5885,5957,72
Truck157109,2566,2444,5895,5957,62
Truck156751,3119,2443,5780,5958,178
Truck157214,2943,2942,5925,5958,33
Truck156533,2566,2443,5715,5959,244
Truck156978,2225,2443,5855,5959,104
Truck157081,2224,3119,5885,5959,74
Truck157194,2684,2443,5920,5959,39
Truck156941,2942,2224,5840,5960,120
Truck156507,2776,2224,5705,5961,256
Truck156724,2444,2443,5775,5961,186
Truck156772,2444,2567,5790,5961,171
Truck156774,2567,2444,5790,5962,172
Truck155473,1338,2443,5385,5963,578
Truck156979,2443,1339,5855,5963,108
Truck156992,0,2225,5860,5963,103
Truck157124,2444,2566,5900,5963,63
Truck157230,2943,2942,5930,5963,33
Truck156549,2566,2443,5720,5964,244
Truck156573,2942,1339,5725,5964,239
Truck156144,0,2224,5595,5965,370
Truck156471,2683,2942,5695,5965,270
Truck157034,2684,2942,5870,5965,95
Truck157068,2777,2942,5880,5965,85
Truck156521,2224,2776,5710,5966,256
Truck156528,0,2942,5715,5966,251
Truck156885,2566,2225,5825,5966,141
Truck157286,2567,0,5950,5966,16
Truck156566,2567,2942,5725,5967,242
Truck156597,2566,1339,5735,5967,232
Truck156767,3119,2776,5785,5967,182
Truck156925,2942,2443,5835,5967,132
Truck157296,0,1339,5955,5967,12
Truck155489,1338,2443,5390,5968,578
Truck156421,2566,2683,5680,5968,288
Truck156565,2566,0,5725,5968,243
Truck156783,3119,2443,5790,5968,178
Truck156874,2684,2567,5820,5968,148
Truck156899,2443,2683,5830,5968,138
Truck157211,2776,2684,5925,5968,43
Truck156589,2942,1339,5730,5969,239
Truck156959,3119,2777,5845,5969,124
Truck157062,2567,2225,5880,5969,89
Truck157159,2683,1339,5910,5969,59
Truck156584,1339,2942,5730,5970,240
Truck156969,2224,2942,5850,5970,120
Truck157084,2777,2942,5885,5970,85
Truck156447,3119,2567,5685,5971,286
Truck156755,2443,2444,5785,5971,186
Truck156756,2444,2443,5785,5971,186
Truck155505,1338,2443,5395,5973,578
Truck156667,2776,2683,5755,5973,218
Truck157235,2443,2684,5935,5973,38
Truck157262,2943,2942,5940,5973,33
Truck156581,2566,2443,5730,5974,244
Truck157135,3119,2224,5900,5974,74
Truck157066,2684,2942,5880,5975,95
Truck157100,2777,2942,5890,5975,85
Truck156560,0,2942,5725,5976,251
Truck156569,2224,2443,5725,5976,251
Truck156771,2443,2444,5790,5976,186
Truck156807,2683,2684,5800,5976,176
Truck156917,2566,2225,5835,5976,141
Truck157231,3119,2942,5930,5976,46
Truck156947,2443,2942,5845,5977,132
Truck157336,1339,0,5965,5977,12
Truck155377,1338,2683,5355,5978,623
Truck155521,1338,2443,5400,5978,578
Truck156683,2776,2683,5760,5978,218
Truck156935,2683,2443,5840,5978,138
Truck157032,1339,2443,5870,5978,108
Truck157106,2225,2444,5895,5978,83
Truck155925,2566,1338,5525,5979,454
Truck156201,2224,0,5610,5979,369
Truck156698,2684,2224,5765,5979,214
Truck156991,3119,2777,5855,5979,124
Truck156995,2443,0,5860,5979,119
Truck157042,2225,2443,5875,5979,104
Truck157085,2942,2684,5885,5979,94
Truck157258,2684,2443,5940,5979,39
Truck156616,1339,2942,5740,5980,240
Truck156621,2942,2567,5740,5980,240
Truck157116,2777,2942,5895,5980,85
Truck155858,2225,1338,5505,5981,476
Truck156585,2224,2443,5730,5981,251
Truck156788,2444,2443,5795,5981,186
Truck157123,2443,2776,5900,5981,81
Truck157366,2567,1339,5975,5981,6
Truck156811,2776,3119,5800,5982,182
Truck156890,2684,0,5825,5982,157
Truck156973,2942,2443,5850,5982,132
Truck157293,2942,2943,5950,5982,32
Truck155537,1338,2443,5405,5983,578
Truck156819,2443,3119,5805,5983,178
Truck156922,2684,2567,5835,5983,148
Truck157048,1339,2443,5875,5983,108
Truck157294,2943,2942,5950,5983,33
Truck156632,1339,2942,5745,5985,240
Truck157132,2777,2942,5900,5985,85
Truck157207,2683,2567,5925,5985,60
Truck156463,3119,0,5690,5986,296
Truck156601,2224,2443,5735,5986,251
Truck156804,2444,2443,5800,5986,186
Truck157168,0,2683,5915,5986,71
Truck156827,2776,3119,5805,5987,182
Truck157182,2943,3119,5915,5987,72
Truck157309,2942,2943,5955,5987,32
Truck157368,1339,0,5975,5987,12
Truck155553,1338,2443,5410,5988,578
Truck156487,2683,2566,5700,5988,288
Truck156930,2225,2683,5840,5988,148
Truck157074,2225,0,5885,5988,103
Truck155606,2567,1338,5425,5989,564
Truck156629,2566,2443,5745,5989,244
Truck157177,2224,3119,5915,5989,74
Truck157290,2684,2443,5950,5989,39
Truck156224,0,2224,5620,5990,370
Truck156653,2942,2567,5750,5990,240
Truck156679,2683,2444,5760,5990,230
Truck157037,2942,2224,5870,5990,120
Truck157148,2777,2942,5905,5990,85
Truck157246,2943,2777,5935,5990,55
Truck156820,2444,0,5805,5991,186
Truck156987,2776,2942,5855,5991,136
Truck157184,0,2683,5920,5991,71
Truck155569,1338,2443,5415,5993,578
Truck156281,2224,1339,5635,5993,358
Truck156731,2776,2683,5775,5993,218
Truck156863,3119,2443,5815,5993,178
Truck157154,2225,2444,5910,5993,83
Truck157326,2943,2942,5960,5993,33
Truck156645,2566,2443,5750,5994,244
Truck156746,2684,2224,5780,5994,214
Truck157043,2443,0,5875,5994,119
Truck157193,2224,3119,5920,5994,74
Truck157164,2777,2942,5910,5995,85
Truck156836,2444,2443,5810,5996,186
Truck157005,2942,2776,5860,5996,136
Truck157179,2776,2443,5915,5996,81
Truck157021,2942,2443,5865,5997,132
Truck157144,1339,2225,5905,5997,92
Truck155585,1338,2443,5420,5998,578
Truck156879,3119,2443,5820,5998,178
Truck157342,2943,2942,5965,5998,33
Truck157255,2683,1339,5940,5999,59
Truck157432,1339,2567,5995,5999,4
Truck156439,2683,3119,5685,6000,315
Truck156680,1339,2942,5760,6000,240
Truck157052,2777,3119,5875,6000,125
Truck157180,2777,2942,5915,6000,85
Truck156649,2224,2443,5750,6001,251
Truck156852,2444,2443,5815,6001,186
Truck156887,2683,2684,5825,6001,176
Truck156900,2444,2567,5830,6001,171
Truck155640,1339,1338,5435,6002,567
Truck157027,2443,2942,5870,6002,132
Truck156895,3119,2443,5825,6003,178
Truck157358,2943,2942,5970,6003,33
Truck156675,2443,2566,5760,6004,244
Truck156778,2684,2224,5790,6004,214
Truck157122,2225,2443,5900,6004,104
Truck157196,2777,2942,5920,6005,85
Truck156665,2224,2443,5755,6006,251
Truck156868,2444,0,5820,6006,186
Truck156916,2444,2567,5835,6006,171
Truck157408,0,2567,5990,6006,16
Truck156725,2566,1339,5775,6007,232
Truck156891,2776,3119,5825,6007,182
Truck157176,1339,2225,5915,6007,92
Truck155479,2683,1338,5385,6008,623
Truck155617,1338,2443,5430,6008,578
Truck157374,2943,2942,5975,6008,33
Truck157087,3119,2777,5885,6009,124
Truck157354,2684,2443,5970,6009,39
Truck156685,2942,0,5760,6010,250
Truck156870,2567,2776,5820,6010,190
Truck157212,2777,2942,5925,6010,85
Truck156672,0,2942,5760,6011,251
Truck156884,2444,2443,5825,6011,186
Truck157026,2225,2566,5870,6011,141
Truck157051,2776,2942,5875,6011,136
Truck157053,2942,2776,5875,6011,136
Truck157248,0,2683,5940,6011,71
Truck157462,2567,1339,6005,6011,6
Truck157285,2566,2444,5950,6012,62
Truck155681,1338,2567,5450,6013,563
Truck157014,2567,2684,5865,6013,148
Truck157390,2943,2942,5980,6013,33
Truck156709,2566,2443,5770,6014,244
Truck157228,2777,2942,5930,6015,85
Truck156688,0,2942,5765,6016,251
Truck157279,3119,2943,5945,6016,71
Truck156726,2567,2942,5775,6017,242
Truck156950,2567,2444,5845,6017,172
Truck157278,2943,3119,5945,6017,72
Truck155511,2683,1338,5395,6018,623
Truck155649,1338,2443,5440,6018,578
Truck156943,3119,2443,5840,6018,178
Truck157300,2444,2566,5955,6018,63
Truck157406,2943,2942,5985,6018,33
Truck156053,2566,1338,5565,6019,454
Truck157155,2443,2567,5910,6019,109
Truck157222,2567,2225,5930,6019,89
Truck156647,2683,2942,5750,6020,270
Truck157244,2777,2942,5935,6020,85
Truck155697,1338,1339,5455,6021,566
Truck157375,3119,2942,5975,6021,46
Truck157456,0,2567,6005,6021,16
Truck156966,2567,2444,5850,6022,172
Truck157018,2684,0,5865,6022,157
Truck157421,2942,2943,5990,6022,32
Truck156741,2566,2443,5780,6024,244
Truck157186,2225,2443,5920,6024,104
Truck157512,1339,2567,6020,6024,4
Truck157260,2777,2942,5940,6025,85
Truck156591,3119,0,5730,6026,296
Truck156729,2224,2443,5775,6026,251
Truck156932,2444,2443,5840,6026,186
Truck157275,2776,2443,5945,6026,81
Truck156758,2567,2942,5785,6027,242
Truck156955,2776,3119,5845,6027,182
Truck157107,2443,2942,5895,6027,132
Truck157310,2943,3119,5955,6027,72
Truck157333,2566,2444,5965,6027,62
Truck157496,1339,0,6015,6027,12
Truck155680,0,1338,5450,6028,578
Truck157058,2225,2683,5880,6028,148
Truck157438,2943,2942,5995,6028,33
Truck156361,2224,0,5660,6029,369
Truck156757,2566,2443,5785,6029,244
Truck157352,1339,2683,5970,6029,59
Truck156352,0,2224,5660,6030,370
Truck156776,1339,2942,5790,6030,240
Truck157276,2777,2942,5945,6030,85
Truck157090,2225,2566,5890,6031,141
Truck157291,2776,2443,5950,6031,81
Truck156276,2444,1338,5635,6032,397
Truck157133,2942,2443,5900,6032,132
Truck157079,2683,2225,5885,6033,148
Truck157454,2943,2942,6000,6033,33
Truck156773,2566,2443,5790,6034,244
Truck157218,2225,2443,5930,6034,104
Truck156695,2683,2942,5765,6035,270
Truck157292,2777,2942,5950,6035,85
Truck157012,2444,2567,5865,6036,171
Truck156646,2567,3119,5750,6037,287
Truck155712,0,1338,5460,6038,578
Truck155713,1338,2443,5460,6038,578
Truck155715,2443,1338,5460,6038,578
Truck156875,2776,2683,5820,6038,218
Truck157007,3119,2443,5860,6038,178
Truck157095,2683,2225,5890,6038,148
Truck157470,2943,2942,6005,6038,33
Truck156789,2566,2443,5795,6039,244
Truck156838,2567,2566,5810,6039,229
Truck157234,2225,2443,5935,6039,104
Truck157343,3119,2224,5965,6039,74
Truck157450,2684,2443,6000,6039,39
Truck156384,0,2224,5670,6040,370
Truck157274,2684,2942,5945,6040,95
Truck157308,2777,2942,5955,6040,85
Truck157383,2683,2567,5980,6040,60
Truck156777,2224,2443,5790,6041,251
Truck157114,2684,1339,5895,6041,146
Truck157344,0,2683,5970,6041,71
Truck156662,2567,3119,5755,6042,287
Truck156806,2567,2942,5800,6042,242
Truck157282,2225,1339,5950,6042,92
Truck155729,1338,2443,5465,6043,578
Truck156805,2566,0,5800,6043,243
Truck157111,2683,2225,5895,6043,148
Truck157139,2443,2683,5905,6043,138
Truck157250,2225,0,5940,6043,103
Truck157486,2943,2942,6010,6043,33
Truck156906,2684,2224,5830,6044,214
Truck157324,2777,2942,5960,6045,85
Truck156784,0,2942,5795,6046,251
Truck156996,2444,2443,5860,6046,186
Truck157138,2225,2566,5905,6046,141
Truck157542,2567,0,6030,6046,16
Truck157574,2567,1339,6040,6046,6
Truck157181,2942,2443,5915,6047,132
Truck156457,2224,1339,5690,6048,358
Truck157000,1339,2776,5860,6048,188
Truck157127,2683,2225,5900,6048,148
Truck157502,2943,2942,6015,6048,33
Truck157369,2224,3119,5975,6049,74
Truck157436,2777,2943,5995,6049,54
Truck157466,2684,2776,6005,6049,44
Truck156840,1339,2942,5810,6050,240
Truck157306,2684,2942,5955,6050,95
Truck157340,2777,2942,5965,6050,85
Truck156800,0,2942,5800,6051,251
Truck157355,2776,2443,5970,6051,81
Truck157469,2942,3119,6005,6051,46
Truck157552,0,2567,6035,6051,16
Truck156340,2444,1338,5655,6052,397
Truck157050,2684,2683,5875,6052,177
Truck157197,2942,2443,5920,6052,132
Truck157314,2225,1339,5960,6052,92
Truck155761,1338,2443,5475,6053,578
Truck156473,2224,1339,5695,6053,358
Truck156923,2776,2683,5835,6053,218
Truck157055,3119,2443,5875,6053,178
Truck157272,1339,2443,5945,6053,108
Truck157518,2943,2942,6020,6053,33
Truck157348,2444,2225,5970,6054,84
Truck157482,2684,2776,6010,6054,44
Truck156759,2683,2942,5785,6055,270
Truck157060,2444,1339,5880,6055,175
Truck157241,2224,2942,5935,6055,120
Truck157356,2777,2942,5970,6055,85
Truck156719,3119,2567,5770,6056,286
Truck156809,2224,2776,5800,6056,256
Truck156816,0,2942,5805,6056,251
Truck157028,2444,0,5870,6056,186
Truck157170,2225,2566,5915,6056,141
Truck157195,2776,2942,5920,6056,136
Truck157371,2776,2443,5975,6056,81
Truck155777,1338,0,5480,6057,577
Truck157330,2225,1339,5965,6057,92
Truck156901,2566,2567,5830,6058,228
Truck156953,2224,2684,5845,6058,213
Truck157346,2225,2567,5970,6058,88
Truck157534,2943,2942,6025,6058,33
Truck157298,2225,2443,5955,6059,104
Truck157468,2777,2943,6005,6059,54
Truck156872,1339,2942,5820,6060,240
Truck157338,2684,2942,5965,6060,95
Truck157372,2777,2942,5975,6060,85
Truck155825,1338,1339,5495,6061,566
Truck156841,2224,2443,5810,6061,251
Truck157213,2942,2776,5925,6061,136
Truck157423,3119,2943,5990,6061,71
Truck157501,2942,3119,6015,6061,46
Truck157219,2443,2942,5930,6062,132
Truck157422,2943,3119,5990,6062,72
Truck155793,1338,2443,5485,6063,578
Truck157550,2943,2942,6030,6063,33
Truck156869,2566,2443,5820,6064,244
Truck157357,2942,2684,5970,6064,94
Truck157417,2224,3119,5990,6064,74
Truck157530,2684,2443,6025,6064,39
Truck156655,3119,2683,5750,6065,315
Truck156791,2683,2942,5795,6065,270
Truck156861,2942,0,5815,6065,250
Truck156888,1339,2942,5825,6065,240
Truck157273,2224,2942,5945,6065,120
Truck157388,2777,2942,5980,6065,85
Truck156502,2567,2224,5705,6066,361
Truck157056,0,2444,5880,6066,186
Truck157227,2776,2942,5930,6066,136
Truck157229,2942,2776,5930,6066,136
Truck157424,0,2683,5995,6066,71
Truck155809,1338,2443,5490,6068,578
Truck156967,2683,2776,5850,6068,218
Truck157320,1339,2443,5960,6068,108
Truck157331,2443,2225,5965,6068,103
Truck157566,2943,2942,6035,6068,33
Truck157067,2776,2567,5880,6069,189
Truck157112,1339,2444,5895,6069,174
Truck157479,2683,1339,6010,6069,59
Truck157546,2684,2443,6030,6069,39
Truck156671,3119,2683,5755,6070,315
Truck156813,2942,2683,5800,6070,270
Truck157370,2684,2942,5975,6070,95
Truck157404,2777,2942,5985,6070,85
Truck156867,2443,2224,5820,6071,251
Truck157076,2444,2443,5885,6071,186
Truck157210,2684,1339,5925,6071,146
Truck156720,0,3119,5775,6072,297
Truck157261,2942,2443,5940,6072,132
Truck157582,2943,2942,6040,6073,33
Truck157495,2683,1339,6015,6074,59
Truck157386,2684,2942,5980,6075,95
Truck157420,2777,2942,5990,6075,85
Truck155873,1338,1339,5510,6076,566
Truck156162,2225,1338,5600,6076,476
Truck157092,2444,2443,5890,6076,186
Truck157224,1339,2684,5930,6076,146
Truck157551,3119,2942,6030,6076,46
Truck156918,2567,2942,5835,6077,242
Truck157142,2567,2444,5905,6077,172
Truck155841,1338,2443,5500,6078,578
Truck157226,2684,2567,5930,6078,148
Truck157598,2943,2942,6045,6078,33
Truck157362,2225,2443,5975,6079,104
Truck157405,2942,2684,5985,6079,94
Truck157414,2567,2225,5990,6079,89
Truck157578,2684,2443,6040,6079,39
Truck156512,0,2224,5710,6080,370
Truck156553,2224,2567,5720,6080,360
Truck156799,3119,1339,5795,6080,285
Truck157140,2444,1339,5905,6080,175
Truck157263,3119,2684,5940,6080,140
Truck156896,0,2942,5830,6081,251
Truck157108,2444,2443,5895,6081,186
Truck157240,1339,2684,5935,6081,146
Truck157451,2776,2443,6000,6081,81
Truck157654,2567,0,6065,6081,16
Truck157131,2776,3119,5900,6082,182
Truck157158,2567,2444,5910,6082,172
Truck155857,1338,2443,5505,6083,578
Truck157015,2683,2776,5865,6083,218
Truck157242,2684,2567,5935,6083,148
Truck157614,2943,2942,6050,6083,33
Truck156568,1339,2224,5725,6084,359
Truck156933,2566,2443,5840,6084,244
Truck157378,2225,2443,5980,6084,104
Truck157481,2224,3119,6010,6084,74
Truck157594,2684,2443,6045,6084,39
Truck156855,2683,2942,5815,6085,270
Truck157452,2777,2942,6000,6085,85
Truck157527,2683,2567,6025,6085,60
Truck156912,0,2942,5835,6086,251
Truck156921,2224,2443,5835,6086,251
Truck156949,2566,0,5845,6088,243
Truck157128,1339,2776,5900,6088,188
Truck157167,3119,2443,5910,6088,178
Truck156998,2567,2566,5860,6089,229
Truck157394,2225,2443,5985,6089,104
Truck157503,3119,2224,6015,6089,74
Truck157610,2684,2443,6050,6089,39
Truck157434,2684,2942,5995,6090,95
Truck157504,0,2683,6020,6091,71
Truck157599,3119,2942,6045,6091,46
Truck157178,2684,2683,5915,6092,177
Truck157315,2443,2942,5960,6092,132
Truck155889,1338,2443,5515,6093,578
Truck157266,2225,2683,5945,6093,148
Truck157458,2225,2567,6005,6093,88
Truck157646,2943,2942,6060,6093,33
Truck156965,2566,2443,5850,6094,244
Truck156989,2942,1339,5855,6094,239
Truck157359,3119,2777,5970,6094,124
Truck157410,2225,2443,5990,6094,104
Truck157476,2444,2225,6010,6094,84
Truck156743,2683,3119,5780,6095,315
Truck156984,1339,2942,5855,6095,240
Truck157104,0,2776,5895,6095,200
Truck157484,2777,2942,6010,6095,85
Truck157485,2942,2777,6010,6095,85
Truck157156,2444,2443,5910,6096,186
Truck157191,2683,2684,5920,6096,176
Truck157013,2566,1339,5865,6097,232
Truck157341,2942,2443,5965,6097,132
Truck155905,1338,2443,5520,6098,578
Truck156617,2224,1339,5740,6098,358
Truck157163,2776,1339,5910,6098,188
Truck157635,2443,2684,6060,6098,38
Truck157662,2943,2942,6065,6098,33
Truck156960,0,2942,5850,6101,251
Truck157172,2444,2443,5915,6101,186
Truck155921,1338,2443,5525,6103,578
Truck156997,2566,2443,5860,6104,244
Truck157442,2225,2443,6000,6104,104
Truck156592,0,2224,5735,6105,370
Truck157516,2777,2942,6020,6105,85
Truck156971,2776,2224,5850,6106,256
Truck156976,0,2942,5855,6106,251
Truck157188,2444,2443,5920,6106,186
Truck157322,2684,1339,5960,6106,146
Truck157645,2942,3119,6060,6106,46
Truck155937,1338,0,5530,6107,577
Truck156516,2444,1338,5710,6107,397
Truck157363,2443,2942,5975,6107,132
Truck157373,2942,2443,5975,6107,132
Truck157590,2567,2683,6045,6107,62
Truck157099,2776,2683,5890,6108,218
Truck157694,2943,2942,6075,6108,33
Truck157674,2684,2443,6070,6109,39
Truck157532,2777,2942,6025,6110,85
Truck157200,0,2444,5925,6111,186
Truck157203,2443,2444,5925,6111,186
Truck157204,2444,2443,5925,6111,186
Truck157349,2566,2225,5970,6111,141
Truck157583,3119,2943,6040,6111,71
Truck156529,1338,2444,5715,6112,397
Truck157379,2443,2942,5980,6112,132
Truck155953,1338,2443,5535,6113,578
Truck157247,3119,2443,5935,6113,178
Truck157335,2683,2225,5965,6113,148
Truck157464,1339,2443,6005,6113,108
Truck157710,2943,2942,6080,6113,33
Truck157130,2684,2224,5900,6114,214
Truck157474,2225,2443,6010,6114,104
Truck157577,2224,3119,6040,6114,74
Truck157644,2777,2943,6060,6114,54
Truck156957,2942,2683,5845,6115,270
Truck157548,2777,2942,6030,6115,85
Truck156290,2225,1338,5640,6116,476
Truck157001,2224,2776,5860,6116,256
Truck157011,2443,2224,5865,6116,251
Truck157017,2224,2443,5865,6116,251
Truck157220,2444,2443,5930,6116,186
Truck157268,2444,2567,5945,6116,171
Truck157389,2942,2776,5980,6116,136
Truck157563,2776,2443,6035,6116,81
Truck157395,2443,2942,5985,6117,132
Truck157528,1339,2225,6025,6117,92
Truck155969,1338,2443,5540,6118,578
Truck157490,2225,0,6015,6118,103
Truck157726,2943,2942,6085,6118,33
Truck156022,2567,1338,5555,6119,564
Truck157443,2443,0,6000,6119,119
Truck156823,2683,3119,5805,6120,315
Truck156920,1339,3119,5835,6120,285
Truck157478,2567,2443,6010,6120,110
Truck157564,2777,2942,6035,6120,85
Truck157024,0,2942,5870,6121,251
Truck157236,2444,2443,5935,6121,186
Truck157381,2566,2225,5980,6121,141
Truck157615,3119,2943,6050,6121,71
Truck155985,1338,0,5545,6122,577
Truck157411,2443,2942,5990,6122,132
Truck157491,2443,1339,6015,6123,108
Truck157742,2943,2942,6090,6123,33
Truck156385,1338,2566,5670,6124,454
Truck157059,2443,2566,5880,6124,244
Truck157061,2566,2443,5880,6124,244
Truck157459,2443,0,6005,6124,119
Truck157506,2225,2443,6020,6124,104
Truck157549,2942,2684,6030,6124,94
Truck157676,2777,2943,6070,6124,54
Truck157722,2684,2443,6085,6124,39
Truck157080,1339,2942,5885,6125,240
Truck157494,2567,2443,6015,6125,110
Truck157580,2777,2942,6040,6125,85
Truck157035,2776,2224,5870,6126,256
Truck157040,0,2942,5875,6126,251
Truck157252,2444,2443,5940,6126,186
Truck157595,2776,2443,6045,6126,81
Truck157792,0,2567,6110,6126,16
Truck156001,1338,0,5550,6127,577
Truck157437,2942,2443,5995,6127,132
Truck157630,2943,3119,6055,6127,72
Truck156000,0,1338,5550,6128,578
Truck157259,2776,1339,5940,6128,188
Truck157570,2225,2567,6040,6128,88
Truck157758,2943,2942,6095,6128,33
Truck156681,2224,0,5760,6129,369
Truck157522,2225,2443,6025,6129,104
Truck156999,2683,2942,5860,6130,270
Truck156049,1338,1339,5565,6131,566
Truck157611,2776,2443,6050,6131,81
Truck157814,2567,0,6115,6131,16
Truck156017,1338,0,5555,6132,577
Truck156951,2683,2566,5845,6133,288
Truck157299,2443,3119,5955,6133,178
Truck157774,2943,2942,6100,6133,33
Truck157093,2566,2443,5890,6134,244
Truck157538,2225,2443,6030,6134,104
Truck157439,3119,2684,5995,6135,140
Truck157612,2777,2942,6050,6135,85
Truck157687,2683,2567,6075,6135,60
Truck157075,2443,2224,5885,6136,251
Truck157830,2567,0,6120,6136,16
Truck157307,2776,3119,5955,6137,182
Truck156033,1338,2443,5560,6138,578
Truck157790,2943,2942,6105,6138,33
Truck156713,2224,0,5770,6139,369
Truck157507,2443,0,6020,6139,119
Truck157554,2225,2443,6035,6139,104
Truck157500,2777,3119,6015,6140,125
Truck157628,2777,2942,6055,6140,85
Truck156742,2567,2224,5780,6141,361
Truck157467,2776,2942,6005,6141,136
Truck156625,1338,2444,5745,6142,397
Truck157126,2567,2942,5900,6142,242
Truck157475,2443,2942,6010,6142,132
Truck157678,2943,3119,6070,6142,72
Truck157856,0,1339,6130,6142,12
Truck156983,2683,2566,5855,6143,288
Truck157426,2225,2683,5995,6143,148
Truck157463,2683,2443,6005,6143,138
Truck157560,1339,2443,6035,6143,108
Truck157806,2943,2942,6110,6143,33
Truck156453,2566,1338,5690,6144,454
Truck157125,2566,2443,5900,6144,244
Truck157174,2567,2566,5915,6144,229
Truck157622,2567,2225,6055,6144,89
Truck157679,3119,2224,6070,6144,74
Truck157786,2684,2443,6105,6144,39
Truck157047,2683,2942,5875,6145,270
Truck157533,2942,2224,6025,6145,120
Truck157113,2224,2443,5895,6146,251
Truck157316,2444,2443,5960,6146,186
Truck157483,2776,2942,6010,6146,136
Truck157773,2942,3119,6100,6146,46
Truck156104,1339,1338,5580,6147,567
Truck156065,1338,2443,5570,6148,578
Truck157822,2943,2942,6115,6148,33
Truck156469,2566,1338,5695,6149,454
Truck157141,2566,2443,5905,6149,244
Truck157323,2776,2567,5960,6149,189
Truck157586,2225,2443,6045,6149,104
Truck157689,2224,3119,6075,6149,74
Truck157802,2684,2443,6110,6149,39
Truck156736,0,2224,5780,6150,370
Truck156927,3119,2683,5835,6150,315
Truck157626,2684,2942,6055,6150,95
Truck157660,2777,2942,6065,6150,85
Truck157115,2776,2224,5895,6151,256
Truck157129,2224,2443,5900,6151,251
Truck157328,0,2444,5965,6151,186
Truck157332,2444,2443,5965,6151,186
Truck157789,2942,3119,6105,6151,46
Truck157640,1339,2225,6060,6152,92
Truck156081,1338,2443,5575,6153,578
Truck157205,2566,2567,5925,6153,228
Truck157239,2683,2776,5935,6153,218
Truck157838,2943,2942,6120,6153,33
Truck157157,2566,2443,5910,6154,244
Truck157587,2443,2567,6045,6154,109
Truck157818,2684,2443,6115,6154,39
Truck156752,0,2224,5785,6155,370
Truck157565,2942,2224,6035,6155,120
Truck157642,2684,2942,6060,6155,95
Truck157719,2683,0,6085,6155,70
Truck157136,0,2942,5905,6156,251
Truck157145,2224,2443,5905,6156,251
Truck157517,2942,2776,6020,6156,136
Truck157727,3119,2943,6085,6156,71
Truck157208,1339,2566,5925,6157,232
Truck157523,2443,2942,6025,6157,132
Truck155959,2683,1338,5535,6158,623
Truck156097,1338,2443,5580,6158,578
Truck157619,2443,2225,6055,6158,103
Truck157854,2943,2942,6125,6158,33
Truck157173,2566,2443,5915,6159,244
Truck157400,1339,2444,5985,6159,174
Truck157603,2443,2567,6050,6159,109
Truck156768,0,2224,5790,6160,370
Truck157692,2777,2942,6075,6160,85
Truck157147,2776,2224,5905,6161,256
Truck157161,2224,2443,5910,6161,251
Truck157364,2444,2443,5975,6161,186
Truck157531,2776,2942,6025,6161,136
Truck156113,1338,0,5585,6162,577
Truck157008,0,3119,5865,6162,297
Truck157046,2567,3119,5875,6162,287
Truck157402,2684,2683,5985,6162,177
Truck157672,1339,2225,6070,6162,92
Truck156161,1338,2567,5600,6163,563
Truck157407,3119,2443,5985,6163,178
Truck157498,2684,2567,6015,6163,148
Truck157624,1339,2443,6055,6163,108
Truck157187,2443,2566,5920,6164,244
Truck157189,2566,2443,5920,6164,244
Truck157339,2776,0,5965,6164,199
Truck157634,2225,2443,6060,6164,104
Truck157737,2224,3119,6090,6164,74
Truck156449,1338,2225,5690,6165,475
Truck157064,1339,3119,5880,6165,285
Truck157751,2683,0,6095,6165,70
Truck156450,2225,1338,5690,6166,476
Truck157547,2776,2942,6030,6166,136
Truck157926,2567,0,6150,6166,16
Truck156168,1339,1338,5600,6167,567
Truck157430,2567,2444,5995,6167,172
Truck157555,2443,2942,6035,6167,132
Truck156129,1338,2443,5590,6168,578
Truck157539,2443,2683,6030,6168,138
Truck157698,2225,2567,6080,6168,88
Truck157851,2776,2684,6125,6168,43
Truck157886,2943,2942,6135,6168,33
Truck157387,2776,2567,5980,6169,189
Truck157596,2777,3119,6045,6170,125
Truck157600,0,2443,6050,6170,120
Truck157638,2567,2443,6060,6170,110
Truck157724,2777,2942,6085,6170,85
Truck157396,2444,2443,5985,6171,186
Truck157431,2683,2684,5995,6171,176
Truck157760,0,2683,6100,6171,71
Truck157581,2942,2443,6040,6172,132
Truck157797,2566,2444,6110,6172,62
Truck157403,2776,1339,5985,6173,188
Truck157559,2683,2443,6035,6173,138
Truck157902,2943,2942,6140,6173,33
Truck157221,2566,2443,5930,6174,244
Truck157270,2567,2566,5945,6174,229
Truck157666,2225,2443,6070,6174,104
Truck157718,2567,2225,6085,6174,89
Truck157992,1339,2567,6170,6174,4
Truck157096,1339,3119,5890,6175,285
Truck157103,3119,1339,5890,6175,285
Truck157143,2683,2942,5905,6175,270
Truck157412,2444,2443,5990,6176,186
Truck157460,2444,2567,6005,6176,171
Truck157958,2567,0,6160,6176,16
Truck156740,2444,1338,5780,6177,397
Truck157435,2776,3119,5995,6177,182
Truck157514,2684,0,6020,6177,157
Truck157683,2443,2225,6075,6178,103
Truck157918,2943,2942,6145,6178,33
Truck157237,2566,2443,5935,6179,244
Truck157682,2225,2443,6075,6179,104
Truck157785,2224,3119,6105,6179,74
Truck156832,0,2224,5810,6180,370
Truck157287,2683,2444,5950,6180,230
Truck157756,2777,2942,6095,6180,85
Truck157284,2444,2683,5950,6181,231
Truck157428,2444,2443,5995,6181,186
Truck157573,2566,2225,6040,6181,141
Truck157968,0,2567,6165,6181,16
Truck157613,2942,2443,6050,6182,132
Truck156177,1338,2443,5605,6183,578
Truck157253,2566,0,5940,6183,243
Truck157471,3119,2443,6005,6183,178
Truck157558,2567,2684,6035,6183,148
Truck157688,1339,2443,6075,6183,108
Truck157696,0,2225,6080,6183,103
Truck157934,2943,2942,6150,6183,33
Truck156857,2224,0,5815,6184,369
Truck157251,2443,2566,5940,6184,244
Truck157031,2683,3119,5870,6185,315
Truck157392,0,2776,5985,6185,200
Truck157661,2942,2224,6065,6185,120
Truck157772,2777,2942,6100,6185,85
Truck156886,2567,2224,5825,6186,361
Truck157949,2942,2943,6155,6187,32
Truck156193,1338,2443,5610,6188,578
Truck156241,1338,2567,5625,6188,563
Truck157575,2683,2225,6040,6188,148
Truck157699,2443,1339,6080,6188,108
Truck157712,0,2225,6085,6188,103
Truck157950,2943,2942,6155,6188,33
Truck157269,2566,2443,5945,6189,244
Truck157714,2225,2443,6085,6189,104
Truck156864,0,2224,5820,6190,370
Truck157788,2777,2942,6105,6190,85
Truck157119,3119,0,5895,6191,296
Truck157243,2776,2224,5935,6191,256
Truck157605,2566,2225,6050,6191,141
Truck157627,2776,2942,6055,6191,136
Truck157629,2942,2776,6055,6191,136
Truck157824,0,2683,6120,6191,71
Truck156071,2683,1338,5570,6193,623
Truck156208,0,1338,5615,6193,578
Truck157730,2225,0,6090,6193,103
Truck157966,2943,2942,6160,6193,33
Truck157715,2443,2567,6085,6194,109
Truck157782,2567,2225,6105,6194,89
Truck157880,1339,2683,6135,6194,59
Truck158056,1339,2567,6190,6194,4
Truck156545,1338,2225,5720,6195,475
Truck156880,0,2224,5825,6195,370
Truck157277,2942,0,5945,6195,250
Truck157770,2684,2942,6100,6195,95
Truck157804,2777,2942,6110,6195,85
Truck157257,2224,2776,5940,6196,256
Truck157264,0,2942,5945,6196,251
Truck157608,1339,2684,6050,6196,146
Truck157618,2225,2566,6055,6196,141
Truck157643,2776,2942,6060,6196,136
Truck157819,2776,2443,6115,6196,81
Truck157302,2567,2942,5955,6197,242
Truck157651,2443,2942,6065,6197,132
Truck157981,2942,2943,6165,6197,32
Truck156225,1338,2443,5620,6198,578
Truck157602,2225,2683,6050,6198,148
Truck157982,2943,2942,6165,6198,33
Truck157301,2566,2443,5955,6199,244
Truck157325,2942,1339,5960,6199,239
Truck157746,2225,2443,6095,6199,104
Truck157962,2684,2443,6160,6199,39
Truck157183,3119,1339,5915,6200,285
Truck157223,2683,2942,5930,6200,270
Truck157820,2777,2942,6115,6200,85
Truck157151,3119,0,5905,6201,296
Truck157280,0,2942,5950,6201,251
Truck157283,2443,2224,5950,6201,251
Truck157492,2444,2443,6015,6201,186
Truck157835,2776,2443,6120,6201,81
Truck157318,2567,2942,5960,6202,242
Truck157870,2943,3119,6130,6202,72
Truck157894,2567,2683,6140,6202,62
Truck157998,2943,2942,6170,6203,33
Truck157317,2566,2443,5960,6204,244
Truck157418,2684,2224,5990,6204,214
Truck157499,2776,2567,6015,6204,189
Truck157544,1339,2444,6030,6204,174
Truck157865,2224,3119,6130,6204,74
Truck157245,2942,2683,5935,6205,270
Truck157708,2777,3119,6080,6205,125
Truck157836,2777,2942,6120,6205,85
Truck157879,2683,0,6135,6205,70
Truck157508,2444,2443,6020,6206,186
Truck157650,2225,2566,6065,6206,141
Truck157658,2684,3119,6065,6206,141
Truck157152,0,3119,5910,6207,297
Truck157190,2567,3119,5920,6207,287
Truck157535,3119,2776,6025,6207,182
Truck156257,1338,2443,5630,6208,578
Truck157419,2776,2683,5990,6208,218
Truck157779,2443,2225,6105,6208,103
Truck158014,2943,2942,6175,6208,33
Truck157763,2443,2567,6100,6209,109
Truck157778,2225,2443,6105,6209,104
Truck157852,2777,2942,6125,6210,85
Truck157312,0,2942,5960,6211,251
Truck157524,2444,2443,6025,6211,186
Truck157669,2566,2225,6070,6211,141
Truck157693,2942,2776,6075,6211,136
Truck157709,2942,2443,6080,6212,132
Truck156273,1338,2443,5635,6213,578
Truck156275,2443,1338,5635,6213,578
Truck158030,2943,2942,6180,6213,33
Truck157347,2443,2566,5970,6214,244
Truck157488,0,2776,6015,6215,200
Truck157740,2777,3119,6090,6215,125
Truck157868,2777,2942,6130,6215,85
Truck157199,3119,0,5920,6216,296
Truck157321,2224,2776,5960,6216,256
Truck157337,2224,2443,5965,6216,251
Truck157540,2444,2443,6030,6216,186
Truck157883,2776,2443,6135,6216,81
Truck157904,0,2683,6145,6216,71
Truck157997,2942,3119,6170,6216,46
Truck156289,1338,0,5640,6217,577
Truck158096,0,1339,6205,6217,12
Truck156145,1338,2683,5595,6218,623
Truck158046,2943,2942,6185,6218,33
Truck156693,2566,1338,5765,6219,454
Truck156903,2683,2224,5830,6219,389
Truck157365,2566,2443,5975,6219,244
Truck157592,1339,2444,6045,6219,174
Truck157795,2443,2567,6110,6219,109
Truck157810,2225,2443,6115,6219,104
Truck157913,2224,3119,6145,6219,74
Truck157556,2444,2443,6035,6221,186
Truck157723,2776,2942,6085,6221,136
Truck157899,2776,2443,6140,6221,81
Truck157935,3119,2943,6150,6221,71
Truck156305,1338,0,5645,6222,577
Truck157382,2567,2942,5980,6222,242
Truck157416,1339,2566,5990,6222,232
Truck157690,2684,2567,6075,6223,148
Truck157826,2225,0,6120,6223,103
Truck157775,3119,2777,6100,6224,124
Truck157929,2224,3119,6150,6224,74
Truck157975,2683,1339,6165,6224,59
Truck158042,2684,2443,6185,6224,39
Truck156641,1338,2225,5750,6225,475
Truck157303,2683,2942,5955,6225,270
Truck157604,2444,1339,6050,6225,175
Truck157900,2777,2942,6140,6225,85
Truck157353,2224,2776,5970,6226,256
Truck157360,0,2942,5975,6226,251
Truck157572,2444,2443,6040,6226,186
Truck157704,1339,2684,6080,6226,146
Truck157739,2776,2942,6090,6226,136
Truck157915,2776,2443,6145,6226,81
Truck157757,2942,2443,6095,6227,132
Truck156321,1338,2443,5650,6228,578
Truck157706,2684,2567,6080,6228,148
Truck158078,2943,2942,6195,6228,33
Truck157397,2566,2443,5985,6229,244
Truck157579,2776,2567,6040,6229,189
Truck157827,2443,2567,6120,6229,109
Truck157842,2225,2443,6125,6229,104
Truck157885,2942,2684,6135,6229,94
Truck157951,3119,2224,6155,6229,74
Truck157916,2777,2942,6145,6230,85
Truck157385,2224,2443,5980,6231,251
Truck157444,2444,2683,6000,6231,231
Truck157733,2566,2225,6090,6231,141
Truck157755,2776,2942,6095,6231,136
Truck157931,2776,2443,6150,6231,81
Truck157232,0,3119,5935,6232,297
Truck157890,2225,1339,6140,6232,92
Truck157271,2683,2566,5945,6233,288
Truck157631,3119,2443,6055,6233,178
Truck157413,2566,2443,5990,6234,244
Truck157858,2225,2443,6130,6234,104
Truck157961,2224,3119,6160,6234,74
Truck157932,2777,2942,6150,6235,85
Truck157401,2224,2443,5985,6236,251
Truck157738,2684,1339,6090,6236,146
Truck157947,2776,2443,6155,6236,81
Truck156209,1338,2683,5615,6238,623
Truck156353,1338,2443,5660,6238,578
Truck157515,2776,2683,6020,6238,218
Truck157734,2567,2684,6090,6238,148
Truck158110,2943,2942,6205,6238,33
Truck156753,1338,2566,5785,6239,454
Truck157429,2566,2443,5995,6239,244
Truck157453,2942,1339,6000,6239,239
Truck157874,2225,2443,6135,6239,104
Truck157983,3119,2224,6165,6239,74
Truck158074,2684,2776,6195,6239,44
Truck157215,3119,2683,5925,6240,315
Truck157304,1339,3119,5955,6240,285
Truck157311,3119,1339,5955,6240,285
Truck157351,2683,2942,5970,6240,270
Truck157448,1339,2942,6000,6240,240
Truck157914,2684,2942,6145,6240,95
Truck157948,2777,2942,6155,6240,85
Truck157620,2444,2443,6055,6241,186
Truck157787,2776,2942,6105,6241,136
Truck157955,2443,2776,6160,6241,81
Truck156948,2444,1338,5845,6242,397
Truck156369,1338,2443,5665,6243,578
Truck156371,2443,1338,5665,6243,578
Truck157493,2566,2567,6015,6243,228
Truck157663,3119,2443,6065,6243,178
Truck157754,2684,2567,6095,6243,148
Truck157783,2683,2443,6105,6243,138
Truck157888,0,2225,6140,6243,103
Truck158126,2943,2942,6210,6243,33
Truck157445,2566,2443,6000,6244,244
Truck158039,2683,1339,6185,6244,59
Truck158106,2684,2443,6205,6244,39
Truck157367,2683,2942,5975,6245,270
Truck157668,2444,1339,6070,6245,175
Truck157964,2777,2942,6160,6245,85
Truck158062,2943,2777,6190,6245,55
Truck156417,1338,1339,5680,6246,566
Truck157295,3119,0,5950,6246,296
Truck157327,3119,2567,5960,6246,286
Truck157636,2444,2443,6060,6246,186
Truck157768,1339,2684,6100,6246,146
Truck157805,2942,2776,6110,6246,136
Truck157686,2567,2444,6075,6247,172
Truck157811,2443,2942,6115,6247,132
Truck157821,2942,2443,6115,6247,132
Truck156387,2443,1338,5670,6248,578
Truck157543,2683,2776,6030,6248,218
Truck157728,0,2684,6090,6248,158
Truck157461,2566,2443,6005,6249,244
Truck157562,2684,2224,6035,6249,214
Truck157855,3119,2777,6125,6249,124
Truck157891,2443,2567,6140,6249,109
Truck157906,2225,2443,6145,6249,104
Truck158009,2224,3119,6175,6249,74
Truck157480,1339,2942,6010,6250,240
Truck157980,2777,2942,6165,6250,85
Truck157449,2224,2443,6000,6251,251
Truck157784,1339,2684,6105,6251,146
Truck157334,2567,3119,5965,6252,287
Truck157509,2566,1339,6020,6252,232
Truck158208,0,1339,6240,6252,12
Truck156401,1338,2443,5675,6253,578
Truck157695,3119,2443,6075,6253,178
Truck158158,2943,2942,6220,6253,33
Truck157871,3119,2777,6130,6254,124
Truck157922,2225,2443,6150,6254,104
Truck158072,1339,2683,6195,6254,59
Truck157399,2683,2942,5985,6255,270
Truck157996,2777,2942,6170,6255,85
Truck157465,2224,2443,6005,6256,251
Truck158125,2942,3119,6210,6256,46
Truck157853,2942,2443,6125,6257,132
Truck157976,1339,2225,6165,6257,92
Truck157711,3119,2443,6080,6258,178
Truck157097,2224,0,5890,6259,369
Truck157938,2225,2443,6155,6259,104
Truck158138,2684,2776,6215,6259,44
Truck158154,2684,2443,6220,6259,39
Truck157884,2777,3119,6135,6260,125
Truck157897,2224,2942,6140,6260,120
Truck157978,2684,2942,6165,6260,95
Truck158012,2777,2942,6175,6260,85
Truck157472,0,2942,6010,6261,251
Truck157684,2444,0,6075,6261,186
Truck158027,2776,2443,6180,6261,81
Truck157541,2566,1339,6030,6262,232
Truck157859,2443,2942,6130,6262,132
Truck158189,2942,2943,6230,6262,32
Truck156433,1338,2443,5685,6263,578
Truck157609,2224,2684,6050,6263,213
Truck157815,2683,2225,6115,6263,148
Truck158163,2443,2684,6225,6263,38
Truck158190,2943,2942,6230,6263,33
Truck157049,2224,2683,5875,6264,389
Truck158057,2224,3119,6190,6264,74
Truck157917,2942,2224,6145,6265,120
Truck158028,2777,2942,6180,6265,85
Truck158029,2942,2777,6180,6265,85
Truck157700,2444,2443,6080,6266,186
Truck157832,1339,2684,6120,6266,146
Truck158043,2776,2443,6185,6266,81
Truck158079,3119,2943,6195,6266,71
Truck157875,2443,2942,6135,6267,132
Truck156311,2683,1338,5645,6268,623
Truck157731,2443,3119,6090,6268,178
Truck157743,3119,2443,6090,6268,178
Truck156849,1338,2566,5815,6269,454
Truck157063,2683,2224,5880,6269,389
Truck157160,1339,2224,5910,6269,359
Truck157525,2566,2443,6025,6269,244
Truck157707,2776,2567,6080,6269,189
Truck157970,2225,2443,6165,6269,104
Truck158036,2444,2225,6185,6269,84
Truck158073,2224,3119,6195,6269,74
Truck158186,2684,2443,6230,6269,39
Truck157447,2683,2942,6000,6270,270
Truck158044,2777,2942,6185,6270,85
Truck158045,2942,2777,6185,6270,85
Truck157497,2224,2776,6015,6271,256
Truck157513,2224,2443,6020,6271,251
Truck157764,2444,2567,6100,6271,171
Truck157866,2684,3119,6130,6271,141
Truck158059,2776,2443,6190,6271,81
Truck157044,2444,1338,5875,6272,397
Truck157901,2942,2443,6140,6272,132
Truck158094,2943,3119,6200,6272,72
Truck156464,0,1338,5695,6273,578
Truck156465,1338,2443,5695,6273,578
Truck157747,2443,3119,6095,6273,178
Truck157759,3119,2443,6095,6273,178
Truck157808,0,2684,6115,6273,158
Truck157850,2684,2567,6125,6273,148
Truck158222,2943,2942,6240,6273,33
Truck157971,2443,2567,6165,6274,109
Truck157986,2225,2443,6170,6274,104
Truck158089,2224,3119,6200,6274,74
Truck157974,2567,2443,6165,6275,110
Truck158060,2777,2942,6190,6275,85
Truck157391,3119,0,5980,6276,296
Truck157529,2224,2443,6025,6276,251
Truck157732,2444,2443,6090,6276,186
Truck156520,1339,1338,5710,6277,567
Truck157834,2684,0,6120,6277,157
Truck157907,2443,2942,6145,6277,132
Truck158288,0,1339,6265,6277,12
Truck156337,1338,2683,5655,6278,623
Truck156481,1338,2443,5700,6278,578
Truck157639,2683,2776,6060,6278,218
Truck158238,2943,2942,6245,6278,33
Truck157557,2566,2443,6035,6279,244
Truck158105,2224,3119,6205,6279,74
Truck158218,2684,2443,6240,6279,39
Truck157576,1339,2942,6040,6280,240
Truck158076,2777,2942,6195,6280,85
Truck157545,2224,2443,6030,6281,251
Truck157748,2444,0,6095,6281,186
Truck157898,2684,3119,6140,6281,141
Truck158294,2567,0,6265,6281,16
Truck158312,1339,0,6270,6282,12
Truck156497,1338,2443,5705,6283,578
Truck156499,2443,1338,5705,6283,578
Truck157791,3119,2443,6105,6283,178
Truck157882,2684,2567,6135,6283,148
Truck158019,2443,2225,6180,6283,103
Truck158066,2225,2567,6195,6283,88
Truck158082,2225,2444,6200,6283,83
Truck158254,2943,2942,6250,6283,33
Truck157800,1339,2444,6110,6284,174
Truck158018,2225,2443,6180,6284,104
Truck158061,2942,2684,6190,6284,94
Truck157455,3119,1339,6000,6285,285
Truck157597,2942,2567,6045,6285,240
Truck157623,2683,2444,6055,6285,230
Truck158006,2567,2443,6175,6285,110
Truck158058,2684,2942,6190,6285,95
Truck158092,2777,2942,6200,6285,85
Truck157561,2224,2443,6035,6286,251
Truck157089,1338,2444,5890,6287,397
Truck157446,2567,3119,6000,6287,287
Truck158142,2943,3119,6215,6287,72
Truck156513,1338,2443,5710,6288,578
Truck157807,3119,2443,6110,6288,178
Truck158032,0,2225,6185,6288,103
Truck157589,2566,2443,6045,6289,244
Truck157987,2443,0,6170,6289,119
Truck158034,2225,2443,6185,6289,104
Truck158086,2567,2225,6200,6289,89
Truck157511,2683,2942,6020,6290,270
Truck157984,0,2443,6170,6290,120
Truck158109,2942,2777,6205,6290,85
Truck158144,0,2683,6220,6291,71
Truck156391,2683,1338,5670,6293,623
Truck157691,2776,2683,6075,6293,218
Truck158035,2443,1339,6185,6293,108
Truck158286,2943,2942,6260,6293,33
Truck157209,2224,0,5925,6294,369
Truck158050,2225,2443,6190,6294,104
Truck157593,2224,2443,6045,6296,251
Truck157652,2444,2683,6065,6296,231
Truck157796,2444,2443,6110,6296,186
Truck157831,2683,2684,6120,6296,176
Truck157930,2684,1339,6150,6296,146
Truck157963,2776,2942,6160,6296,136
Truck158098,2225,1339,6205,6297,92
Truck158174,2943,3119,6225,6297,72
Truck157703,2683,2776,6080,6298,218
Truck158302,2943,2942,6265,6298,33
Truck157225,2224,0,5930,6299,369
Truck158132,2444,2225,6215,6299,84
Truck158054,2567,2443,6190,6300,110
Truck158140,2777,2942,6215,6300,85
Truck156593,1338,1339,5735,6301,566
Truck157812,2444,2443,6115,6301,186
Truck157944,1339,2684,6155,6301,146
Truck157979,2776,2942,6165,6301,136
Truck156561,1338,2443,5725,6303,578
Truck157942,2567,2684,6155,6303,148
Truck158291,2443,2684,6265,6303,38
Truck158318,2943,2942,6270,6303,33
Truck157632,0,2566,6060,6304,244
Truck158191,3119,2224,6230,6304,74
Truck158408,1339,2567,6300,6304,4
Truck158122,2684,2942,6210,6305,95
Truck158157,2942,2777,6220,6305,85
Truck157616,0,2942,6055,6306,251
Truck157995,2776,2942,6170,6306,136
Truck158171,2776,2443,6225,6306,81
Truck157685,2566,1339,6075,6307,232
Truck158013,2942,2443,6175,6307,132
Truck158206,2943,3119,6235,6307,72
Truck158333,2942,2943,6275,6307,32
Truck158384,0,1339,6295,6307,12
Truck156577,1338,2443,5730,6308,578
Truck158334,2943,2942,6275,6308,33
Truck156981,2566,1338,5855,6309,454
Truck157653,2566,2443,6065,6309,244
Truck158083,2443,2567,6200,6309,109
Truck158298,2684,2776,6265,6309,44
Truck157289,2224,2567,5950,6310,360
Truck157677,2942,2567,6070,6310,240
Truck158172,2777,2942,6225,6310,85
Truck158270,2943,2777,6255,6310,55
Truck157625,2224,2776,6055,6311,256
Truck157641,2224,2443,6060,6311,251
Truck157844,2444,2443,6125,6311,186
Truck157994,2684,3119,6170,6311,141
Truck157526,2567,3119,6025,6312,287
Truck157670,2567,2942,6070,6312,242
Truck157769,2224,2684,6100,6313,213
Truck157887,3119,2443,6135,6313,178
Truck157664,0,2566,6070,6314,244
Truck157892,2444,1339,6140,6315,175
Truck158188,2777,2942,6230,6315,85
Truck157519,3119,0,6020,6316,296
Truck157860,2444,2443,6130,6316,186
Truck158002,2225,2566,6175,6316,141
Truck156609,1338,2443,5740,6318,578
Truck157771,2776,2683,6100,6318,218
Truck157903,3119,2443,6140,6318,178
Truck158339,2443,2684,6280,6318,38
Truck158366,2943,2942,6285,6318,33
Truck158130,2225,2443,6215,6319,104
Truck158173,2942,2684,6225,6319,94
Truck158280,1339,2683,6260,6319,59
Truck158346,2684,2443,6280,6319,39
Truck157607,2683,2942,6050,6320,270
Truck158170,2684,2942,6225,6320,95
Truck157659,2776,2224,6065,6321,256
Truck157667,2443,2224,6070,6321,251
Truck157876,2444,2443,6135,6321,186
Truck158010,2684,1339,6175,6321,146
Truck158219,2776,2443,6240,6321,81
Truck157736,1339,2566,6090,6322,232
Truck156627,2443,1338,5745,6323,578
Truck158147,2443,2225,6220,6323,103
Truck158382,2943,2942,6290,6323,33
Truck157701,2566,2443,6080,6324,244
Truck157725,2942,1339,6085,6324,239
Truck158099,2443,0,6205,6324,119
Truck158255,3119,2224,6250,6324,74
Truck157487,3119,2683,6010,6325,315
Truck157720,1339,2942,6085,6325,240
Truck158134,2567,2443,6215,6325,110
Truck158220,2777,2942,6240,6325,85
Truck158221,2942,2777,6240,6325,85
Truck157675,2776,2224,6070,6326,256
Truck157680,0,2942,6075,6326,251
Truck157940,2444,2567,6155,6326,171
Truck157536,0,3119,6030,6327,297
Truck157919,3119,2776,6145,6327,182
Truck158077,2942,2443,6195,6327,132
Truck156640,0,1338,5750,6328,578
Truck158226,2225,2444,6245,6328,83
Truck158398,2943,2942,6295,6328,33
Truck156694,2567,1338,5765,6329,564
Truck157717,2566,2443,6085,6329,244
Truck158265,2224,3119,6255,6329,74
Truck157741,2942,2567,6090,6330,240
Truck158108,2777,3119,6205,6330,125
Truck158236,2777,2942,6245,6330,85
Truck157350,2567,2224,5970,6331,361
Truck157705,2224,2443,6080,6331,251
Truck157908,2444,2443,6145,6331,186
Truck158075,2776,2942,6195,6331,136
Truck157946,2684,2683,6155,6332,177
Truck158093,2942,2443,6200,6332,132
Truck156657,1338,2443,5755,6333,578
Truck158414,2943,2942,6300,6333,33
Truck157960,1339,2444,6160,6334,174
Truck158131,2443,0,6215,6334,119
Truck158178,2225,2443,6230,6334,104
Truck158230,2567,2225,6245,6334,89
Truck157752,1339,2942,6095,6335,240
Truck157910,2567,2776,6145,6335,190
Truck158124,2777,3119,6210,6335,125
Truck158252,2777,2942,6250,6335,85
Truck158350,2943,2777,6280,6335,55
Truck157721,2224,2443,6085,6336,251
Truck157924,2444,2443,6150,6336,186
Truck158091,2776,2942,6200,6336,136
Truck158470,2567,0,6320,6336,16
Truck156673,1338,0,5760,6337,577
Truck158429,2942,2943,6305,6337,32
Truck158430,2943,2942,6305,6338,33
Truck158194,2225,2443,6235,6339,104
Truck158410,2684,2443,6300,6339,39
Truck158268,2777,2942,6255,6340,85
Truck158486,2567,0,6325,6341,16
Truck157584,0,3119,6045,6342,297
Truck157766,2567,2942,6100,6342,242
Truck156689,1338,2443,5765,6343,578
Truck158446,2943,2942,6310,6343,33
Truck157305,2224,2683,5955,6344,389
Truck157765,2566,2443,6100,6344,244
Truck158195,2443,2567,6235,6344,109
Truck158210,2225,2443,6240,6344,104
Truck158156,2777,3119,6220,6345,125
Truck158284,2777,2942,6260,6345,85
Truck157398,2567,2224,5985,6346,361
Truck157753,2224,2443,6095,6346,251
Truck157952,0,2444,6160,6346,186
Truck157956,2444,2443,6160,6346,186
Truck158088,1339,2684,6200,6346,146
Truck158141,2942,2443,6215,6347,132
Truck156705,1338,2443,5770,6348,578
Truck157637,2566,2683,6060,6348,288
Truck157867,2776,2683,6130,6348,218
Truck157999,3119,2443,6170,6348,178
Truck158115,2443,2683,6210,6348,138
Truck158119,2683,2443,6210,6348,138
Truck158216,1339,2443,6240,6348,108
Truck158462,2943,2942,6315,6348,33
Truck157319,2683,2224,5960,6349,389
Truck157781,2566,2443,6105,6349,244
Truck158376,1339,2683,6290,6349,59
Truck158442,2684,2443,6310,6349,39
Truck157376,0,2224,5980,6350,370
Truck157567,3119,2683,6035,6350,315
Truck157920,0,2776,6150,6350,200
Truck158127,3119,2684,6210,6350,140
Truck158300,2777,2942,6265,6350,85
Truck158343,2683,0,6280,6350,70
Truck157972,2444,2443,6165,6351,186
Truck158007,2683,2684,6175,6351,176
Truck158114,2225,2566,6210,6351,141
Truck158117,2566,2225,6210,6351,141
Truck158139,2776,2942,6215,6351,136
Truck158336,0,2683,6280,6351,71
Truck156721,1338,2443,5775,6353,578
Truck156769,1338,2567,5790,6353,563
Truck158478,2943,2942,6320,6353,33
Truck158242,2225,2443,6250,6354,104
Truck158345,2224,3119,6280,6354,74
Truck158316,2777,2942,6270,6355,85
Truck158317,2942,2777,6270,6355,85
Truck157647,3119,0,6060,6356,296
Truck158023,2683,2684,6180,6356,176
Truck158155,2776,2942,6220,6356,136
Truck158528,0,2567,6340,6356,16
Truck156737,1338,0,5780,6357,577
Truck157848,1339,2566,6125,6357,232
Truck158544,0,1339,6345,6357,12
Truck157671,2683,2566,6070,6358,288
Truck157895,2683,2776,6140,6358,218
Truck158031,3119,2443,6180,6358,178
Truck158494,2943,2942,6325,6358,33
Truck157137,1338,2566,5905,6359,454
Truck157837,2942,1339,6120,6359,239
Truck157863,2683,2444,6130,6360,230
Truck158204,2777,3119,6235,6360,125
Truck158332,2777,2942,6275,6360,85
Truck158003,2443,2444,6175,6361,186
Truck158004,2444,2443,6175,6361,186
Truck158136,1339,2684,6215,6361,146
Truck158582,2567,1339,6355,6361,6
Truck157648,0,3119,6065,6362,297
Truck156801,1338,2567,5800,6363,563
Truck158047,3119,2443,6185,6363,178
Truck158275,2443,2225,6260,6363,103
Truck158510,2943,2942,6330,6363,33
Truck157829,2566,2443,6120,6364,244
Truck158274,2225,2443,6260,6364,104
Truck158340,2444,2225,6280,6364,84
Truck158377,2224,3119,6290,6364,74
Truck158262,2567,2443,6255,6365,110
Truck158314,2684,2942,6270,6365,95
Truck158348,2777,2942,6280,6365,85
Truck158391,2683,0,6295,6365,70
Truck157803,2776,2224,6110,6366,256
Truck158020,2444,2443,6180,6366,186
Truck158055,2683,2684,6190,6366,176
Truck158187,2776,2942,6230,6366,136
Truck158479,3119,2942,6320,6366,46
Truck158566,2567,0,6350,6366,16
Truck157846,2567,2942,6125,6367,242
Truck156631,2683,1338,5745,6368,623
Truck158146,2225,2683,6220,6368,148
Truck158179,2443,2683,6230,6368,138
Truck158526,2943,2942,6335,6368,33
Truck157845,2566,2443,6125,6369,244
Truck157869,2942,1339,6130,6369,239
Truck158290,2225,2443,6265,6369,104
Truck158506,2684,2443,6330,6369,39
Truck157105,1338,2225,5895,6370,475
Truck157767,2683,2942,6100,6370,270
Truck157864,1339,2942,6130,6370,240
Truck158249,2224,2942,6250,6370,120
Truck158364,2777,2942,6285,6370,85
Truck158365,2942,2777,6285,6370,85
Truck158439,2683,2567,6310,6370,60
Truck157833,2224,2443,6120,6371,251
Truck158493,2942,3119,6325,6371,46
Truck158437,2566,2444,6310,6372,62
Truck156785,1338,2443,5795,6373,578
Truck158067,2443,3119,6195,6373,178
Truck158128,0,2684,6215,6373,158
Truck158162,2225,2683,6225,6373,148
Truck158166,2567,2684,6225,6373,148
Truck158542,2943,2942,6340,6373,33
Truck158011,2776,0,6175,6374,199
Truck158306,2225,2443,6270,6374,104
Truck158522,2684,2443,6335,6374,39
Truck158380,2777,2942,6290,6375,85
Truck157849,2224,2443,6125,6376,251
Truck158511,3119,2942,6330,6376,46
Truck157377,1338,2444,5980,6377,397
Truck157380,2444,1338,5980,6377,397
Truck157878,2567,2942,6135,6377,242
Truck158090,2684,2683,6200,6377,177
Truck158227,2443,2942,6245,6377,132
Truck158237,2942,2443,6245,6377,132
Truck158182,2567,2684,6230,6378,148
Truck158215,2683,2443,6240,6378,138
Truck158370,2225,2567,6290,6378,88
Truck158558,2943,2942,6345,6378,33
Truck157415,2683,2224,5990,6379,389
Truck157877,2566,2443,6135,6379,244
Truck158322,2225,2443,6275,6379,104
Truck158425,2224,3119,6305,6379,74
Truck157896,1339,2942,6140,6380,240
Truck158272,0,2443,6260,6380,120
Truck158396,2777,2942,6295,6380,85
Truck157510,2567,2224,6020,6381,361
Truck158068,2444,2443,6195,6381,186
Truck158103,2683,2684,6205,6381,176
Truck158411,2776,2443,6300,6381,81
Truck158253,2942,2443,6250,6382,132
Truck156817,1338,2443,5805,6383,578
Truck157941,2566,2567,6155,6383,228
Truck158111,3119,2443,6205,6383,178
Truck158323,2443,1339,6275,6383,108
Truck158574,2943,2942,6350,6383,33
Truck157433,2224,2683,5995,6384,389
Truck157893,2566,2443,6140,6384,244
Truck158338,2225,2443,6280,6384,104
Truck158390,2567,2225,6295,6384,89
Truck158508,2777,2943,6330,6384,54
Truck158412,2777,2942,6300,6385,85
Truck157881,2224,2443,6135,6386,251
Truck158419,2443,2776,6305,6386,81
Truck158427,2776,2443,6305,6386,81
Truck158107,2776,3119,6205,6387,182
Truck158259,2443,2942,6255,6387,132
Truck156833,1338,2443,5810,6388,578
Truck158590,2943,2942,6355,6388,33
Truck157909,2566,2443,6145,6389,244
Truck158354,2225,2443,6285,6389,104
Truck158420,2444,2225,6305,6389,84
Truck158394,2684,2942,6295,6390,95
Truck158428,2777,2942,6305,6390,85
Truck158100,2444,2443,6205,6391,186
Truck158250,2684,3119,6250,6391,141
Truck158267,2776,2942,6255,6391,136
Truck158559,3119,2942,6345,6391,46
Truck158202,2684,0,6235,6392,157
Truck156897,1338,2567,5830,6393,563
Truck158104,1339,2776,6205,6393,188
Truck158143,3119,2443,6215,6393,178
Truck158355,2443,1339,6285,6393,108
Truck158579,2443,2684,6355,6393,38
Truck158606,2943,2942,6360,6393,33
Truck157925,2566,2443,6150,6394,244
Truck158026,2684,2224,6180,6394,214
Truck158540,2777,2943,6340,6394,54
Truck158570,2684,2776,6350,6394,44
Truck158586,2684,2443,6355,6394,39
Truck158116,2444,2443,6210,6396,186
Truck158164,2444,2567,6225,6396,171
Truck158283,2776,2942,6260,6396,136
Truck158459,2776,2443,6315,6396,81
Truck158301,2942,2443,6265,6397,132
Truck158424,1339,2225,6305,6397,92
Truck156865,1338,2443,5820,6398,578
Truck158041,2224,2684,6185,6398,213
Truck158120,1339,2776,6210,6398,188
Truck158622,2943,2942,6365,6398,33
Truck158168,1339,2444,6225,6399,174
Truck158371,2443,2567,6290,6399,109
Truck158489,2224,3119,6325,6399,74
Truck158495,3119,2224,6325,6399,74
Truck158602,2684,2443,6360,6399,39
Truck158426,2684,2942,6305,6400,95
Truck158460,2777,2942,6315,6400,85
Truck157202,2225,1338,5925,6401,476
Truck157923,2443,2224,6150,6401,251
Truck158496,0,2683,6330,6401,71
Truck158159,3119,2776,6220,6402,182
Truck158234,2684,0,6245,6402,157
Truck158307,2443,2942,6270,6402,132
Truck156881,1338,2443,5825,6403,578
Truck157813,2566,2683,6115,6403,288
Truck158392,1339,2443,6295,6403,108
Truck158402,2225,0,6300,6403,103
Truck158638,2943,2942,6370,6403,33
Truck156934,2567,1338,5840,6404,564
Truck157957,2566,2443,6160,6404,244
Truck158184,1339,2444,6230,6404,174
Truck158445,2942,2684,6310,6404,94
Truck158454,2567,2225,6315,6404,89
Truck158476,2777,2942,6320,6405,85
Truck157936,0,2942,6155,6406,251
Truck158148,2444,2443,6220,6406,186
Truck158315,2776,2942,6270,6406,136
Truck158008,1339,2566,6175,6407,232
Truck158549,2566,2444,6345,6407,62
Truck158550,2567,2683,6345,6407,62
Truck156945,1338,2567,5845,6408,563
Truck158278,2567,2684,6260,6408,148
Truck157973,2566,2443,6165,6409,244
Truck158200,1339,2444,6235,6409,174
Truck158418,2225,2443,6305,6409,104
Truck158461,2942,2684,6315,6409,94
Truck157568,0,2224,6040,6410,370
Truck157965,2942,0,6160,6410,250
Truck158458,2684,2942,6315,6410,95
Truck158214,2567,2444,6240,6412,172
Truck158349,2942,2443,6280,6412,132
Truck158669,2942,2943,6380,6412,32
Truck158720,0,1339,6400,6412,12
Truck156913,1338,2443,5835,6413,578
Truck157847,2683,2566,6125,6413,288
Truck157989,2566,0,6170,6413,243
Truck158037,2566,2567,6185,6413,228
Truck158670,2943,2942,6380,6413,33
Truck158038,2567,2566,6185,6414,229
Truck158434,2225,2443,6310,6414,104
Truck158584,1339,2683,6355,6414,59
Truck158650,2684,2443,6375,6414,39
Truck157977,2224,2443,6165,6416,251
Truck158176,0,2444,6230,6416,186
Truck158203,2776,3119,6235,6417,182
Truck158282,2684,0,6260,6417,157
Truck157861,2566,2683,6130,6418,288
Truck158659,2443,2684,6380,6418,38
Truck158686,2943,2942,6385,6418,33
Truck158000,0,2566,6175,6419,244
Truck158005,2566,2443,6175,6419,244
Truck158232,1339,2444,6245,6419,174
Truck158450,2225,2443,6315,6419,104
Truck157933,2942,2683,6150,6420,270
Truck158524,2777,2942,6335,6420,85
Truck158599,2683,2567,6360,6420,60
Truck156977,1338,1339,5855,6421,566
Truck158196,2444,2443,6235,6421,186
Truck158328,1339,2684,6275,6421,146
Truck158330,2684,1339,6275,6421,146
Truck158341,2566,2225,6280,6421,141
Truck158575,3119,2943,6350,6421,71
Truck157840,0,3119,6125,6422,297
Truck158022,2567,2942,6180,6422,242
Truck158381,2942,2443,6290,6422,132
Truck158121,2224,2684,6210,6423,213
Truck158467,2443,2225,6320,6423,103
Truck158021,2566,2443,6180,6424,244
Truck158466,2225,2443,6320,6424,104
Truck158518,2567,2225,6335,6424,89
Truck158569,2224,3119,6350,6424,74
Truck157799,2683,3119,6110,6425,315
Truck158362,2684,3119,6285,6426,141
Truck158379,2776,2942,6290,6426,136
Truck158555,2776,2443,6345,6426,81
Truck158752,0,2567,6410,6426,16
Truck158387,2443,2942,6295,6427,132
Truck158397,2942,2443,6295,6427,132
Truck156961,1338,2443,5850,6428,578
Truck157673,2224,1339,6070,6428,358
Truck158123,2776,2683,6210,6428,218
Truck158137,2224,2684,6215,6428,213
Truck158243,2443,3119,6250,6428,178
Truck158482,2225,0,6325,6428,103
Truck158718,2943,2942,6395,6428,33
Truck158264,1339,2444,6255,6429,174
Truck158525,2942,2684,6335,6429,94
Truck157823,3119,2683,6115,6430,315
Truck157959,2683,2942,6160,6430,270
Truck158087,2683,2444,6200,6430,230
Truck158383,3119,2684,6290,6430,140
Truck158556,2777,2942,6345,6430,85
Truck158025,2224,2443,6180,6431,251
Truck158084,2444,2683,6200,6431,231
Truck158276,2444,2567,6260,6431,171
Truck158395,2776,2942,6295,6431,136
Truck158685,2942,3119,6385,6431,46
Truck157553,1338,2444,6035,6432,397
Truck157872,0,3119,6135,6432,297
Truck158266,2684,2683,6255,6432,177
Truck158630,2567,2683,6370,6432,62
Truck157911,2683,2566,6145,6433,288
Truck158271,3119,2443,6255,6433,178
Truck158734,2943,2942,6400,6433,33
Truck157591,2683,2224,6045,6434,389
Truck158051,2443,2566,6190,6434,244
Truck158053,2566,2443,6190,6434,244
Truck158102,2567,2566,6205,6434,229
Truck158498,2225,2443,6330,6434,104
Truck158541,2942,2684,6340,6434,94
Truck158601,2224,3119,6360,6434,74
Truck158714,2684,2443,6395,6434,39
Truck157839,3119,2683,6120,6435,315
Truck158444,2777,3119,6310,6435,125
Truck158572,2777,2942,6350,6435,85
Truck158279,2683,2684,6260,6436,176
Truck158378,2684,1339,6290,6436,146
Truck158386,2225,2566,6295,6436,141
Truck158808,1339,0,6425,6437,12
Truck156993,1338,2443,5860,6438,578
Truck158151,2683,2776,6220,6438,218
Truck158287,3119,2443,6260,6438,178
Truck158375,2683,2225,6290,6438,148
Truck158512,0,2225,6335,6438,103
Truck158750,2943,2942,6405,6438,33
Truck157393,1338,2566,5985,6439,454
Truck158069,2566,2443,6195,6439,244
Truck158514,2225,2443,6335,6439,104
Truck158588,2777,2942,6355,6440,85
Truck158260,2444,2443,6255,6441,186
Truck157588,2444,1338,6045,6442,397
Truck158765,2942,2943,6410,6442,32
Truck156871,2683,1338,5820,6443,623
Truck157009,1338,2443,5865,6443,578
Truck158185,2224,2684,6230,6443,213
Truck158303,3119,2443,6265,6443,178
Truck158352,0,2684,6285,6443,158
Truck158739,2443,2684,6405,6443,38
Truck158766,2943,2942,6410,6443,33
Truck158085,2566,2443,6200,6444,244
Truck158530,2225,2443,6340,6444,104
Truck158604,2777,2942,6360,6445,85
Truck158605,2942,2777,6360,6445,85
Truck157967,3119,2567,6160,6446,286
Truck158324,2444,2567,6275,6446,171
Truck158443,2776,2942,6310,6446,136
Truck158611,2443,2776,6365,6446,81
Truck158133,2566,1339,6215,6447,232
Truck158451,2443,2942,6315,6447,132
Truck158654,2943,3119,6375,6447,72
Truck158840,1339,0,6435,6447,12
Truck157025,1338,2443,5870,6448,578
Truck158319,3119,2443,6270,6448,178
Truck158782,2943,2942,6415,6448,33
Truck158101,2566,2443,6205,6449,244
Truck158499,2443,0,6330,6449,119
Truck158762,2684,2443,6410,6449,39
Truck158447,3119,2684,6310,6450,140
Truck158492,2777,3119,6325,6450,125
Truck158620,2777,2942,6365,6450,85
Truck158080,0,2942,6200,6451,251
Truck158292,2444,2443,6265,6451,186
Truck158118,2567,2942,6210,6452,242
Truck158477,2942,2443,6320,6452,132
Truck157041,1338,2443,5875,6453,578
Truck158335,3119,2443,6275,6453,178
Truck158563,2443,2225,6350,6453,103
Truck158798,2943,2942,6420,6453,33
Truck157094,2567,1338,5890,6454,564
Truck157657,2224,2683,6065,6454,389
Truck158562,2225,2443,6350,6454,104
Truck158628,2444,2225,6370,6454,84
Truck158636,2777,2942,6370,6455,85
Truck158475,2776,2942,6320,6456,136
Truck158651,2776,2443,6375,6456,81
Truck158710,2567,2683,6395,6457,62
Truck157991,2683,2566,6170,6458,288
Truck158438,2567,2684,6310,6458,148
Truck158626,2225,2567,6370,6458,88
Truck158578,2225,2443,6355,6459,104
Truck158794,2684,2443,6420,6459,39
Truck158356,2444,1339,6285,6460,175
Truck158652,2777,2942,6375,6460,85
Truck158112,0,2942,6210,6461,251
Truck158180,2444,2683,6230,6461,231
Truck158320,0,2444,6275,6461,186
Truck158181,2566,1339,6230,6462,232
Truck158702,2943,3119,6390,6462,72
Truck158829,2942,2943,6430,6462,32
Truck156929,1338,2683,5840,6463,623
Truck157072,0,1338,5885,6463,578
Truck157073,1338,2443,5885,6463,578
Truck158235,2776,2683,6245,6463,218
Truck158830,2943,2942,6430,6463,33
Truck157477,2566,1338,6010,6464,454
Truck158149,2566,2443,6220,6464,244
Truck158299,2776,0,6265,6464,199
Truck158594,2225,2443,6360,6464,104
Truck158810,2684,2443,6425,6464,39
Truck157744,0,2224,6095,6465,370
Truck158668,2777,2942,6380,6465,85
Truck158474,2684,1339,6320,6466,146
Truck158490,2684,3119,6325,6466,141
Truck158507,2776,2942,6330,6466,136
Truck158880,0,2567,6450,6466,16
Truck158197,2566,1339,6235,6467,232
Truck158742,2567,2683,6405,6467,62
Truck157088,0,1338,5890,6468,578
Truck157091,2443,1338,5890,6468,578
Truck158251,2776,2683,6250,6468,218
Truck158846,2943,2942,6435,6468,33
Truck158165,2566,2443,6225,6469,244
Truck158610,2225,2443,6365,6469,104
Truck158684,2777,2942,6385,6470,85
Truck158759,2683,2567,6410,6470,60
Truck157798,2567,2224,6110,6471,361
Truck158902,2567,0,6455,6471,16
Truck158406,2567,2444,6300,6472,172
Truck158862,2943,2942,6440,6473,33
Truck157816,1339,2224,6115,6474,359
Truck157776,0,2224,6105,6475,370
Truck158700,2777,2942,6390,6475,85
Truck158153,2224,2776,6220,6476,256
Truck158372,2444,0,6290,6476,186
Truck158539,2776,2942,6340,6476,136
Truck158736,0,2683,6405,6476,71
Truck158016,0,3119,6180,6477,297
Truck158877,2942,2943,6445,6477,32
Truck157121,1338,2443,5900,6478,578
Truck158415,3119,2443,6300,6478,178
Truck158878,2943,2942,6445,6478,33
Truck157735,2683,2224,6090,6479,389
Truck158642,2225,2443,6375,6479,104
Truck158388,2444,2443,6295,6481,186
Truck157716,2444,1338,6085,6482,397
Truck158573,2942,2443,6350,6482,132
Truck158071,2683,2566,6195,6483,288
Truck158313,2224,2684,6270,6483,213
Truck158551,2683,2443,6345,6483,138
Truck158788,2444,2566,6420,6483,63
Truck158867,2443,2684,6445,6483,38
Truck158894,2943,2942,6450,6483,33
Truck157817,2224,0,6115,6484,369
Truck158213,2566,2443,6240,6484,244
Truck158658,2225,2443,6380,6484,104
Truck158874,2684,2443,6445,6484,39
Truck157473,1338,2225,6010,6485,475
Truck158205,2942,0,6235,6485,250
Truck158436,2444,1339,6310,6485,175
Truck158617,2224,2942,6365,6485,120
Truck158732,2777,2942,6400,6485,85
Truck157185,1338,1339,5920,6486,566
Truck158192,0,2942,6235,6486,251
Truck158201,2224,2443,6235,6486,251
Truck158404,2444,2443,6300,6486,186
Truck158567,2683,2443,6350,6488,138
Truck158674,2225,0,6385,6488,103
Truck158910,2943,2942,6455,6488,33
Truck158229,2566,2443,6245,6489,244
Truck158627,2443,0,6370,6489,119
Truck158015,3119,2683,6175,6490,315
Truck158748,2777,2942,6405,6490,85
Truck158217,2224,2443,6240,6491,251
Truck158552,1339,2684,6345,6491,146
Truck158587,2776,2942,6355,6491,136
Truck157169,1338,2443,5915,6493,578
Truck158546,2225,2683,6345,6493,148
Truck158688,0,2225,6390,6493,103
Truck158926,2943,2942,6460,6493,33
Truck158245,2566,2443,6250,6494,244
Truck158690,2225,2443,6390,6494,104
Truck158839,2683,1339,6435,6494,59
Truck158764,2777,2942,6410,6495,85
Truck158233,2224,2443,6245,6496,251
Truck158471,2683,2684,6320,6496,176
Truck158603,2776,2942,6360,6496,136
Truck158814,2943,3119,6425,6497,72
Truck159000,1339,0,6485,6497,12
Truck158261,2566,0,6255,6498,243
Truck158691,2443,1339,6390,6498,108
Truck158696,1339,2443,6390,6498,108
Truck158942,2943,2942,6465,6498,33
Truck157801,2224,2683,6110,6499,389
Truck158706,2225,2443,6395,6499,104
Truck158746,2684,2942,6405,6500,95
Truck158780,2777,2942,6415,6500,85
Truck158240,0,2942,6250,6501,251
Truck158452,2444,2443,6315,6501,186
Truck158597,2566,2225,6360,6501,141
Truck158619,2776,2942,6365,6501,136
Truck158621,2942,2776,6365,6501,136
Truck157777,1338,2444,6105,6502,397
Truck157780,2444,1338,6105,6502,397
Truck158554,2684,0,6345,6502,157
Truck158637,2942,2443,6370,6502,132
Truck158853,2566,2444,6440,6502,62
Truck157057,1338,2683,5880,6503,623
Truck157201,1338,2443,5925,6503,578
Truck158135,2683,2566,6215,6503,288
Truck158722,2225,0,6400,6503,103
Truck158931,2443,2684,6465,6503,38
Truck158958,2943,2942,6470,6503,33
Truck158277,2566,2443,6260,6504,244
Truck158938,2684,2443,6465,6504,39
Truck158063,3119,2683,6190,6505,315
Truck158199,2683,2942,6235,6505,270
Truck158269,2942,0,6255,6505,250
Truck158296,1339,2942,6265,6505,240
Truck158327,2683,2444,6275,6505,230
Truck158796,2777,2942,6420,6505,85
Truck158468,2444,2443,6320,6506,186
Truck158635,2776,2942,6370,6506,136
Truck158811,2776,2443,6425,6506,81
Truck158847,3119,2943,6435,6506,71
Truck158491,2776,3119,6325,6507,182
Truck158653,2942,2443,6375,6507,132
Truck157216,0,1338,5930,6508,578
Truck157217,1338,2443,5930,6508,578
Truck158738,2225,0,6405,6508,103
Truck158974,2943,2942,6475,6508,33
Truck157621,2566,1338,6055,6509,454
Truck158293,2566,2443,6265,6509,244
Truck158841,2224,3119,6435,6509,74
Truck158954,2684,2443,6470,6509,39
Truck159064,1339,2567,6505,6509,4
Truck158175,3119,1339,6225,6510,285
Truck158812,2777,2942,6425,6510,85
Truck158813,2942,2777,6425,6510,85
Truck158281,2224,2443,6260,6511,251
Truck158792,1339,2225,6420,6512,92
Truck158989,2942,2943,6480,6512,32
Truck157233,1338,2443,5935,6513,578
Truck158527,3119,2443,6335,6513,178
Truck158576,0,2684,6355,6513,158
Truck158618,2684,2567,6365,6513,148
Truck158884,2444,2566,6450,6513,63
Truck158536,1339,2444,6340,6514,174
Truck158095,3119,2683,6200,6515,315
Truck158231,2683,2942,6245,6515,270
Truck158500,2444,2443,6330,6516,186
Truck158535,2683,2684,6340,6516,176
Truck158667,2776,2942,6380,6516,136
Truck158835,2443,2776,6435,6516,81
Truck157828,2444,1338,6120,6517,397
Truck158357,2566,1339,6285,6517,232
Truck158538,2684,2683,6340,6517,177
Truck158675,2443,2942,6385,6517,132
Truck157249,1338,2443,5940,6518,578
Truck158407,2683,2776,6300,6518,218
Truck158592,0,2684,6360,6518,158
Truck159006,2943,2942,6485,6518,33
Truck158325,2566,2443,6275,6519,244
Truck157585,1338,2225,6045,6520,475
Truck158247,2683,2942,6250,6520,270
Truck158716,2777,3119,6395,6520,125
Truck158844,2777,2942,6435,6520,85
Truck158516,2444,2443,6335,6521,186
Truck158661,2566,2225,6380,6521,141
Truck158683,2776,2942,6385,6521,136
Truck158973,2942,3119,6475,6521,46
Truck157265,1338,0,5945,6522,577
Truck158543,3119,2776,6340,6522,182
Truck157267,2443,1338,5945,6523,578
Truck157313,1338,2567,5960,6523,563
Truck158786,2225,0,6420,6523,103
Truck159022,2943,2942,6490,6523,33
Truck158263,2683,2942,6255,6525,270
Truck158860,2777,2942,6440,6525,85
Truck158329,2224,2443,6275,6526,251
Truck158531,2443,2444,6340,6526,186
Truck158666,2684,1339,6380,6526,146
Truck158682,2684,3119,6385,6526,141
Truck158701,2942,2776,6390,6526,136
Truck158875,2776,2443,6445,6526,81
Truck158358,2567,2942,6285,6527,242
Truck158695,2683,2443,6390,6528,138
Truck158866,2225,2444,6445,6528,83
Truck159038,2943,2942,6495,6528,33
Truck158802,2225,2443,6425,6529,104
Truck157993,2224,2567,6170,6530,360
Truck158239,3119,1339,6245,6530,285
Truck158285,2942,2683,6260,6530,270
Truck158876,2777,2942,6445,6530,85
Truck157990,2567,2224,6170,6531,361
Truck158207,3119,0,6235,6531,296
Truck158331,2776,2224,6275,6531,256
Truck158891,2776,2443,6450,6531,81
Truck158374,2567,2942,6290,6532,242
Truck157153,1338,2683,5910,6533,623
Truck157297,1338,2443,5955,6533,578
Truck158421,2566,2567,6305,6533,228
Truck158591,3119,2443,6355,6533,178
Truck159054,2943,2942,6500,6533,33
Truck158373,2566,2443,6290,6534,244
Truck158818,2225,2443,6430,6534,104
Truck158921,2224,3119,6460,6534,74
Truck159018,2684,2776,6490,6534,44
Truck158248,1339,3119,6250,6535,285
Truck158295,2683,2942,6265,6535,270
Truck158858,2684,2942,6440,6535,95
Truck158892,2777,2942,6450,6535,85
Truck158935,2683,0,6465,6535,70
Truck158347,2776,2224,6280,6536,256
Truck158361,2224,2443,6285,6536,251
Truck158564,2444,2443,6350,6536,186
Truck158731,2776,2942,6400,6536,136
Truck158907,2776,2443,6455,6536,81
Truck158943,3119,2943,6465,6536,71
Truck159104,0,2567,6520,6536,16
Truck159069,2942,2943,6505,6537,32
Truck157175,2683,1338,5915,6538,623
Truck158698,2684,2567,6390,6538,148
Truck157927,2683,2224,6150,6539,389
Truck158389,2566,2443,6295,6539,244
Truck158571,2776,2567,6350,6539,189
Truck158983,2683,1339,6480,6539,59
Truck158984,1339,2683,6480,6539,59
Truck158167,2683,3119,6225,6540,315
Truck158311,2683,2942,6270,6540,270
Truck158908,2777,2942,6455,6540,85
Truck158363,2776,2224,6285,6541,256
Truck158368,0,2942,6290,6541,251
Truck158580,2444,2443,6355,6541,186
Truck158959,3119,2943,6470,6541,71
Truck159126,2567,0,6525,6541,16
Truck158607,3119,2776,6360,6542,182
Truck158882,2225,1339,6450,6542,92
Truck159085,2942,2943,6510,6542,32
Truck159144,1339,0,6530,6542,12
Truck157329,1338,2443,5965,6543,578
Truck158623,3119,2443,6365,6543,178
Truck159051,2776,2684,6500,6543,43
Truck157943,2683,2224,6155,6544,389
Truck157945,2224,2683,6155,6544,389
Truck158040,1339,2224,6185,6544,359
Truck158405,2566,2443,6300,6544,244
Truck158850,2225,2443,6440,6544,104
Truck158924,2777,2942,6460,6545,85
Truck158999,2683,2567,6485,6545,60
Truck158393,2224,2443,6295,6546,251
Truck158596,2444,2443,6360,6546,186
Truck158730,2684,1339,6400,6546,146
Truck158939,2776,2443,6465,6546,81
Truck158975,3119,2943,6475,6546,71
Truck159053,2942,3119,6500,6546,46
Truck159055,3119,2942,6500,6546,46
Truck157384,1339,1338,5980,6547,567
Truck157345,1338,2443,5970,6548,578
Truck158600,1339,2776,6360,6548,188
Truck158639,3119,2443,6370,6548,178
Truck159102,2943,2942,6515,6548,33
Truck157749,2566,1338,6095,6549,454
Truck158413,2942,0,6300,6550,250
Truck158440,1339,2942,6310,6550,240
Truck158854,2567,2443,6440,6550,110
Truck158906,2684,2942,6455,6550,95
Truck158940,2777,2942,6465,6550,85
Truck158403,2443,2224,6300,6551,251
Truck158409,2224,2443,6300,6551,251
Truck158608,0,2444,6365,6551,186
Truck158612,2444,2443,6365,6551,186
Truck158754,2225,2566,6410,6551,141
Truck159158,2567,0,6535,6551,16
Truck158256,0,3119,6255,6552,297
Truck158472,1339,2566,6320,6552,232
Truck158797,2942,2443,6420,6552,132
Truck158990,2943,3119,6480,6552,72
Truck157361,1338,2443,5975,6553,578
Truck158523,2776,2683,6335,6553,218
Truck158743,2683,2225,6405,6553,148
Truck159083,2776,2684,6510,6553,43
Truck159118,2943,2942,6520,6553,33
Truck158985,2224,3119,6480,6554,74
Truck159098,2684,2443,6515,6554,39
Truck157697,1338,2225,6080,6555,475
Truck158223,3119,2683,6240,6555,315
Truck158828,2777,3119,6430,6555,125
Truck158922,2684,2942,6460,6555,95
Truck158956,2777,2942,6470,6555,85
Truck158070,2567,2224,6195,6556,361
Truck158484,2444,2683,6325,6556,231
Truck158963,2443,2776,6475,6556,81
Truck158310,2567,3119,6270,6557,287
Truck158488,1339,2566,6325,6557,232
Truck158309,2566,2683,6270,6558,288
Truck158671,3119,2443,6380,6558,178
Truck158883,2443,1339,6450,6558,108
Truck158962,2225,2444,6475,6558,83
Truck158453,2566,2443,6315,6559,244
Truck158048,0,2224,6190,6560,370
Truck158972,2777,2942,6475,6560,85
Truck159015,2683,0,6490,6560,70
Truck159047,2683,2567,6500,6560,60
Truck158441,2224,2443,6310,6561,251
Truck158644,2444,2443,6375,6561,186
Truck158326,2567,3119,6275,6562,287
Truck158819,2443,2942,6430,6562,132
Truck158687,3119,2443,6385,6563,178
Truck158914,2225,0,6460,6563,103
Truck157793,1338,2566,6110,6564,454
Truck158469,2566,2443,6320,6564,244
Truck159114,2684,2776,6520,6564,44
Truck158064,0,2224,6195,6565,370
Truck158988,2777,2942,6480,6565,85
Truck158660,2444,2443,6380,6566,186
Truck158827,2776,2942,6430,6566,136
Truck159119,3119,2942,6520,6566,46
Truck157988,2444,1338,6170,6567,397
Truck158520,1339,2566,6335,6567,232
Truck158845,2942,2443,6435,6567,132
Truck157409,1338,2443,5990,6568,578
Truck158703,3119,2443,6390,6568,178
Truck158790,2567,2684,6420,6568,148
Truck158930,2225,0,6465,6568,103
Truck159166,2943,2942,6535,6568,33
Truck158480,0,2566,6325,6569,244
Truck158485,2566,2443,6325,6569,244
Truck158509,2942,1339,6330,6569,239
Truck159033,2224,3119,6495,6569,74
Truck159146,2684,2443,6530,6569,39
Truck159004,2777,2942,6485,6570,85
Truck158464,0,2942,6320,6571,251
Truck158473,2224,2443,6320,6571,251
Truck158532,2444,2683,6340,6571,231
Truck158676,2444,2443,6385,6571,186
Truck159133,2942,3119,6525,6571,46
Truck159135,3119,2942,6525,6571,46
Truck157425,1338,0,5995,6572,577
Truck158726,2567,2444,6400,6572,172
Truck158778,2684,0,6415,6572,157
Truck158861,2942,2443,6440,6572,132
Truck157281,1338,2683,5950,6573,623
Truck157427,2443,1338,5995,6573,578
Truck158583,2683,2776,6355,6573,218
Truck158707,2443,3119,6395,6573,178
Truck158719,3119,2443,6395,6573,178
Truck158806,2567,2684,6425,6573,148
Truck158994,2225,2567,6485,6573,88
Truck159010,2225,2444,6490,6573,83
Truck158501,2566,2443,6330,6574,244
Truck158946,2225,2443,6470,6574,104
Truck159049,2224,3119,6500,6574,74
Truck158423,2683,2942,6305,6575,270
Truck159020,2777,2942,6490,6575,85
Truck159095,2683,2567,6515,6575,60
Truck157762,2225,1338,6100,6576,476
Truck158351,3119,0,6280,6576,296
Truck158548,2444,2683,6345,6576,231
Truck158692,2444,2443,6390,6576,186
Truck158727,2683,2684,6400,6576,176
Truck158859,2776,2942,6440,6576,136
Truck159035,2776,2443,6495,6576,81
Truck159070,2943,3119,6505,6577,72
Truck157440,0,1338,6000,6578,578
Truck157441,1338,2443,6000,6578,578
Truck157489,1338,2567,6015,6578,563
Truck158723,2443,3119,6400,6578,178
Truck158784,0,2684,6420,6578,158
Truck158851,2443,2683,6440,6578,138
Truck159026,2225,2444,6495,6578,83
Truck159198,2943,2942,6545,6578,33
Truck158152,1339,2224,6220,6579,359
Truck158915,2443,0,6460,6579,119
Truck159071,3119,2224,6505,6579,74
Truck159178,2684,2443,6540,6579,39
Truck158399,3119,1339,6295,6580,285
Truck158912,0,2443,6460,6580,120
Truck159036,2777,2942,6495,6580,85
Truck159134,2943,2777,6525,6580,55
Truck158367,3119,0,6285,6581,296
Truck158505,2224,2443,6330,6581,251
Truck158708,2444,2443,6395,6581,186
Truck158842,2684,1339,6435,6581,146
Truck159072,0,2683,6510,6581,71
Truck159254,2567,0,6565,6581,16
Truck159286,2567,1339,6575,6581,6
Truck158534,2567,2942,6340,6582,242
Truck158758,2567,2444,6410,6582,172
Truck158893,2942,2443,6450,6582,132
Truck159086,2943,3119,6510,6582,72
Truck157457,1338,2443,6005,6583,578
Truck158633,2224,2684,6370,6583,213
Truck158751,3119,2443,6405,6583,178
Truck159214,2943,2942,6550,6583,33
Truck158533,2566,2443,6340,6584,244
Truck158634,2684,2224,6370,6584,214
Truck158760,1339,2444,6410,6584,174
Truck158978,2225,2443,6480,6584,104
Truck159052,2777,2942,6500,6585,85
Truck157505,1338,1339,6020,6586,566
Truck157794,2225,1338,6110,6586,476
Truck158515,2443,2224,6335,6586,251
Truck158724,2444,2443,6400,6586,186
Truck158869,2566,2225,6445,6586,141
Truck159067,2776,2443,6505,6586,81
Truck158052,2444,1338,6190,6587,397
Truck158899,2443,2942,6455,6587,132
Truck159280,0,1339,6575,6587,12
Truck157521,1338,2567,6025,6588,563
Truck158767,3119,2443,6410,6588,178
Truck158887,2683,2443,6450,6588,138
Truck158979,2443,1339,6480,6588,108
Truck159230,2943,2942,6555,6588,33
Truck158547,2443,2566,6345,6589,244
Truck158598,2567,2566,6360,6589,229
Truck159143,2683,1339,6530,6589,59
Truck158568,1339,2942,6350,6590,240
Truck159034,2684,2942,6495,6590,95
Truck159068,2777,2942,6505,6590,85
Truck158431,3119,2567,6305,6591,286
Truck158521,2224,2776,6335,6591,256
Truck158740,2444,2443,6405,6591,186
Truck158909,2942,2776,6455,6591,136
Truck159197,2942,3119,6545,6591,46
Truck158422,2567,3119,6305,6592,287
Truck158925,2942,2443,6460,6592,132
Truck158613,2566,2567,6365,6593,228
Truck158783,3119,2443,6415,6593,178
Truck158903,2683,2443,6455,6593,138
Truck159246,2943,2942,6560,6593,33
Truck158169,2224,0,6225,6594,369
Truck158560,0,2566,6350,6594,244
Truck158565,2566,2443,6350,6594,244
Truck158715,2776,0,6395,6594,199
Truck159226,2684,2443,6555,6594,39
Truck158160,0,2224,6225,6595,370
Truck158557,2942,0,6345,6595,250
Truck158969,2224,2942,6475,6595,120
Truck159050,2684,2942,6500,6595,95
Truck159084,2777,2942,6510,6595,85
Truck158198,2567,2224,6235,6596,361
Truck158756,2444,2443,6410,6596,186
Truck158400,0,3119,6300,6597,297
Truck158779,2776,3119,6415,6597,182
Truck158581,2566,0,6355,6598,243
Truck158848,0,2684,6440,6598,158
Truck159074,2225,2567,6510,6598,88
Truck159262,2943,2942,6565,6598,33
Truck158763,2776,2567,6410,6599,189
Truck159176,1339,2683,6540,6599,59
Truck159066,2684,2942,6505,6600,95
Truck159100,2777,2942,6515,6600,85
Truck158807,2683,2684,6425,6601,176
Truck158941,2942,2776,6465,6601,136
Truck158416,0,3119,6305,6602,297
Truck158632,1339,2566,6370,6602,232
Truck158947,2443,2942,6470,6602,132
Truck159150,2943,3119,6530,6602,72
Truck159277,2942,2943,6570,6602,32
Truck159328,0,1339,6590,6602,12
Truck157520,0,1338,6025,6603,578
Truck158679,2683,2776,6385,6603,218
Truck159278,2943,2942,6570,6603,33
Truck158595,2443,2566,6360,6604,244
Truck158824,1339,2444,6430,6604,174
Truck159042,2225,2443,6500,6604,104
Truck159108,2444,2225,6520,6604,84
Truck159258,2684,2443,6565,6604,39
Truck158519,2683,2942,6335,6605,270
Truck158589,2942,0,6355,6605,250
Truck158616,1339,2942,6365,6605,240
Truck158820,2444,1339,6430,6605,175
Truck159030,2567,2443,6495,6605,110
Truck158585,2224,2443,6355,6606,251
Truck158933,2566,2225,6465,6606,141
Truck159247,3119,2942,6560,6606,46
Truck158432,0,3119,6310,6607,297
Truck158826,2684,2683,6430,6607,177
Truck157537,1338,2443,6030,6608,578
Truck158831,3119,2443,6430,6608,178
Truck159294,2943,2942,6575,6608,33
Truck158662,2567,2566,6380,6609,229
Truck159058,2225,2443,6505,6609,104
Truck159110,2567,2225,6520,6609,89
Truck159008,0,2443,6490,6610,120
Truck159132,2777,2942,6525,6610,85
Truck159175,2683,0,6540,6610,70
Truck158246,2567,2224,6250,6611,361
Truck158803,2443,2444,6425,6611,186
Truck159382,2567,1339,6605,6611,6
Truck159182,2943,3119,6540,6612,72
Truck157606,2567,1338,6050,6614,564
Truck158629,2566,2443,6370,6614,244
Truck159140,2444,2225,6530,6614,84
Truck159148,2777,2942,6530,6615,85
Truck159149,2942,2777,6530,6615,85
Truck157601,1338,1339,6050,6616,566
Truck158816,0,2444,6430,6616,186
Truck159163,2776,2443,6535,6616,81
Truck159005,2942,2443,6485,6617,132
Truck159221,2566,2444,6555,6617,62
Truck159222,2567,2683,6555,6617,62
Truck157569,1338,2443,6040,6618,578
Truck157571,2443,1338,6040,6618,578
Truck159326,2943,2942,6585,6618,33
Truck158795,2776,0,6420,6619,199
Truck157905,1338,2225,6145,6620,475
Truck159164,2777,2942,6535,6620,85
Truck159165,2942,2777,6535,6620,85
Truck158836,2444,2443,6435,6621,186
Truck158968,1339,2684,6475,6621,146
Truck158970,2684,1339,6475,6621,146
Truck159003,2776,2942,6485,6621,136
Truck159215,3119,2943,6550,6621,71
Truck158747,2776,2683,6405,6623,218
Truck158843,2776,1339,6435,6623,188
Truck158928,0,2684,6465,6623,158
Truck159106,2225,2443,6520,6624,104
Truck159322,2684,2443,6585,6624,39
Truck158297,2224,2567,6265,6625,360
Truck158680,1339,2942,6385,6625,240
Truck159094,2567,2443,6515,6625,110
Truck158852,2444,2443,6440,6626,186
Truck158890,2684,2683,6450,6627,177
Truck159037,2942,2443,6495,6627,132
Truck159253,2566,2444,6565,6627,62
Truck159011,2443,2683,6490,6628,138
Truck159358,2943,2942,6595,6628,33
Truck159122,2225,2443,6525,6629,104
Truck159225,2224,3119,6555,6629,74
Truck158463,3119,2683,6315,6630,315
Truck158656,0,2942,6380,6631,251
Truck158665,2224,2443,6380,6631,251
Truck158868,2444,2443,6445,6631,186
Truck159414,2567,0,6615,6631,16
Truck157656,1339,1338,6065,6632,567
Truck159424,0,1339,6620,6632,12
Truck159432,1339,0,6620,6632,12
Truck157617,1338,2443,6055,6633,578
Truck157665,1338,2567,6070,6633,563
Truck158911,3119,2443,6455,6633,178
Truck159374,2943,2942,6600,6633,33
Truck158693,2566,2443,6390,6634,244
Truck158920,1339,2444,6460,6634,174
Truck159138,2225,2443,6530,6634,104
Truck159354,2684,2443,6595,6634,39
Truck159464,1339,2567,6630,6634,4
Truck158717,2942,2567,6395,6635,240
Truck159212,2777,2942,6550,6635,85
Truck157954,2225,1338,6160,6636,476
Truck158672,0,2942,6385,6636,251
Truck158681,2224,2443,6385,6636,251
Truck159029,2566,2225,6495,6636,141
Truck159227,2776,2443,6555,6636,81
Truck157633,1338,0,6060,6637,577
Truck158212,2444,1338,6240,6637,397
Truck158741,2566,1339,6405,6637,232
Truck158744,1339,2566,6405,6637,232
Truck158809,2224,2684,6425,6638,213
Truck158927,3119,2443,6460,6638,178
Truck159390,2943,2942,6605,6638,33
Truck158709,2566,2443,6395,6639,244
Truck159154,2225,2443,6535,6639,104
Truck159370,2684,2443,6600,6639,39
Truck158631,2683,2942,6370,6640,270
Truck158728,1339,2942,6400,6640,240
Truck159228,2777,2942,6555,6640,85
Truck157681,1338,1339,6075,6641,566
Truck158342,2567,2224,6280,6641,361
Truck158697,2224,2443,6390,6641,251
Truck159446,2567,0,6625,6641,16
Truck158228,2444,1338,6245,6642,397
Truck157649,1338,2443,6065,6643,578
Truck158904,1339,2776,6455,6643,188
Truck158992,0,2684,6485,6643,158
Truck159406,2943,2942,6610,6643,33
Truck157702,2567,1338,6080,6644,564
Truck159170,2225,2443,6540,6644,104
Truck158647,2683,2942,6375,6645,270
Truck159116,2777,3119,6520,6645,125
Truck159244,2777,2942,6560,6645,85
Truck159342,2943,2777,6590,6645,55
Truck158699,2776,2224,6390,6646,256
Truck158704,0,2942,6395,6646,251
Truck158916,2444,2443,6460,6646,186
Truck159259,2776,2443,6565,6646,81
Truck158244,2444,1338,6250,6647,397
Truck159091,2443,2942,6515,6647,132
Truck159101,2942,2443,6515,6647,132
Truck159171,2443,1339,6540,6648,108
Truck158923,2776,2567,6460,6649,189
Truck159186,2225,2443,6545,6649,104
Truck159402,2684,2443,6610,6649,39
Truck159260,2777,2942,6565,6650,85
Truck158932,2444,2443,6465,6651,186
Truck159099,2776,2942,6515,6651,136
Truck159275,2776,2443,6570,6651,81
Truck159310,2943,3119,6580,6652,72
Truck158615,2683,2566,6365,6653,288
Truck158936,1339,2776,6465,6653,188
Truck159332,2444,2566,6590,6653,63
Truck158755,2443,2566,6410,6654,244
Truck158757,2566,2443,6410,6654,244
Truck159202,2225,2443,6550,6654,104
Truck158749,2942,0,6405,6655,250
Truck158776,1339,2942,6415,6655,240
Truck159161,2224,2942,6535,6655,120
Truck159276,2777,2942,6570,6655,85
Truck158944,0,2444,6470,6656,186
Truck158948,2444,2443,6470,6656,186
Truck159115,2776,2942,6520,6656,136
Truck159283,2443,2776,6575,6656,81
Truck159407,3119,2942,6610,6656,46
Truck158774,2567,2942,6415,6657,242
Truck159512,1339,0,6645,6657,12
Truck158991,3119,2443,6480,6658,178
Truck159454,2943,2942,6625,6658,33
Truck157750,2567,1338,6095,6659,564
Truck158771,2443,2566,6415,6659,244
Truck158955,2776,2567,6470,6659,189
Truck159218,2225,2443,6555,6659,104
Truck159292,2777,2942,6575,6660,85
Truck158761,2224,2443,6410,6661,251
Truck158964,2444,2443,6475,6661,186
Truck159307,2776,2443,6580,6661,81
Truck158646,2567,3119,6375,6662,287
Truck159002,2684,2683,6485,6662,177
Truck159139,2443,2942,6530,6662,132
Truck159272,1339,2225,6570,6662,92
Truck157713,1338,2443,6085,6663,578
Truck159007,3119,2443,6485,6663,178
Truck159127,2683,2443,6525,6663,138
Truck159232,0,2225,6560,6663,103
Truck158787,2443,2566,6420,6664,244
Truck158789,2566,2443,6420,6664,244
Truck159234,2225,2443,6560,6664,104
Truck158966,2567,2776,6475,6665,190
Truck159180,2777,3119,6540,6665,125
Truck159308,2777,2942,6580,6665,85
Truck159383,2683,2567,6605,6665,60
Truck158777,2224,2443,6415,6666,251
Truck158980,2444,2443,6480,6666,186
Truck159323,2776,2443,6585,6666,81
Truck158308,2444,1338,6270,6667,397
Truck157729,1338,2443,6090,6668,578
Truck159023,3119,2443,6490,6668,178
Truck159251,2443,2225,6565,6668,103
Truck159298,2225,2567,6580,6668,88
Truck159486,2943,2942,6635,6668,33
Truck158805,2566,2443,6425,6669,244
Truck158987,2776,2567,6480,6669,189
Truck159250,2225,2443,6565,6669,104
Truck159353,2224,3119,6595,6669,74
Truck158733,2942,2683,6400,6670,270
Truck159196,2777,3119,6545,6670,125
Truck159209,2224,2942,6550,6670,120
Truck159324,2777,2942,6585,6670,85
Truck159367,2683,0,6600,6670,70
Truck158996,2444,2443,6485,6671,186
Truck158640,0,3119,6375,6672,297
Truck157745,1338,2443,6095,6673,578
Truck159039,3119,2443,6495,6673,178
Truck159088,0,2684,6515,6673,158
Truck159130,2684,2567,6525,6673,148
Truck159155,2443,2683,6535,6673,138
Truck159396,2444,2566,6610,6673,63
Truck159502,2943,2942,6640,6673,33
Truck158359,2683,2224,6285,6674,389
Truck158821,2566,2443,6430,6674,244
Truck158870,2567,2566,6445,6674,229
Truck158971,2776,0,6475,6674,199
Truck159266,2225,2443,6570,6674,104
Truck158457,2224,2567,6315,6675,360
Truck159340,2777,2942,6590,6675,85
Truck159012,2444,2443,6490,6676,186
Truck159060,2444,2567,6505,6676,171
Truck159179,2776,2942,6540,6676,136
Truck158838,2567,2942,6435,6677,242
Truck159187,2443,2942,6545,6677,132
Truck159517,2942,2943,6645,6677,32
Truck157761,1338,2443,6100,6678,578
Truck159518,2943,2942,6645,6678,33
Truck158837,2566,2443,6435,6679,244
Truck159282,2225,2443,6575,6679,104
Truck159498,2684,2443,6640,6679,39
Truck158097,1338,2225,6205,6680,475
Truck158856,1339,2942,6440,6680,240
Truck159356,2777,2942,6595,6680,85
Truck159024,0,2444,6495,6681,186
Truck159028,2444,2443,6495,6681,186
Truck159371,2776,2443,6600,6681,81
Truck158885,2566,1339,6450,6682,232
Truck159059,2443,3119,6505,6683,178
Truck159162,2684,2567,6535,6683,148
Truck159362,2225,2444,6600,6683,83
Truck159534,2943,2942,6650,6683,33
Truck158448,0,2224,6315,6685,370
Truck158781,2942,2683,6415,6685,270
Truck158872,1339,2942,6445,6685,240
Truck159470,2943,2777,6630,6685,55
Truck158832,0,2942,6435,6686,251
Truck158900,2444,2683,6455,6686,231
Truck159079,2683,2684,6510,6686,176
Truck159194,2684,3119,6545,6686,141
Truck159387,2776,2443,6605,6686,81
Truck159590,2567,0,6670,6686,16
Truck159082,2684,2683,6510,6687,177
Truck159422,2943,3119,6615,6687,72
Truck157655,2683,1338,6065,6688,623
Truck157841,1338,2567,6125,6688,563
Truck159299,2443,1339,6580,6688,108
Truck159304,1339,2443,6580,6688,108
Truck159550,2943,2942,6655,6688,33
Truck158504,1339,2224,6330,6689,359
Truck159314,2225,2443,6585,6689,104
Truck159417,2224,3119,6615,6689,74
Truck159423,3119,2224,6615,6689,74
Truck158655,3119,2683,6375,6690,315
Truck158888,1339,2942,6450,6690,240
Truck159388,2777,2942,6605,6690,85
Truck158857,2224,2443,6440,6691,251
Truck159403,2776,2443,6610,6691,81
Truck159519,3119,2942,6645,6691,46
Truck159245,2942,2443,6560,6692,132
Truck159438,2943,3119,6620,6692,72
Truck159624,1339,0,6680,6692,12
Truck157809,1338,2443,6115,6693,578
Truck159103,3119,2443,6515,6693,178
Truck159320,1339,2443,6585,6693,108
Truck159539,2443,2684,6655,6693,38
Truck157862,2567,1338,6130,6694,564
Truck158986,2684,2224,6480,6694,214
Truck159433,2224,3119,6620,6694,74
Truck158663,2683,3119,6380,6695,315
Truck159404,2777,2942,6610,6695,85
Truck159405,2942,2777,6610,6695,85
Truck159447,2683,0,6625,6695,70
Truck157857,1338,1339,6130,6696,566
Truck158735,3119,0,6400,6696,296
Truck159076,2444,2443,6510,6696,186
Truck159384,1339,2225,6605,6697,92
Truck159478,2567,2683,6635,6697,62
Truck157825,1338,2443,6120,6698,578
Truck158901,2566,0,6455,6698,243
Truck158949,2566,2567,6470,6698,228
Truck159107,2443,3119,6520,6698,178
Truck159168,0,2684,6540,6698,158
Truck159394,2225,2567,6610,6698,88
Truck159582,2943,2942,6665,6698,33
Truck159128,1339,2444,6525,6699,174
Truck159295,3119,2777,6575,6699,124
Truck159346,2225,2443,6595,6699,104
Truck159412,2444,2225,6615,6699,84
Truck159455,3119,2224,6625,6699,74
Truck159562,2684,2443,6660,6699,39
Truck159040,0,2776,6500,6700,200
Truck159305,2224,2942,6580,6700,120
Truck159386,2684,2942,6605,6700,95
Truck159420,2777,2942,6615,6700,85
Truck158889,2224,2443,6450,6701,251
Truck159092,2444,2443,6515,6701,186
Truck159471,3119,2943,6630,6701,71
Truck158918,2567,2942,6460,6702,242
Truck159267,2443,2942,6570,6702,132
Truck157843,2443,1338,6125,6703,578
Truck158553,2224,1339,6345,6703,358
Truck158773,2566,2683,6415,6703,288
Truck158775,2683,2566,6415,6703,288
Truck159123,2443,3119,6525,6703,178
Truck159352,1339,2443,6595,6703,108
Truck159598,2943,2942,6670,6703,33
Truck158455,2683,2224,6315,6704,389
Truck158917,2566,2443,6460,6704,244
Truck159347,2443,2567,6595,6704,109
Truck158799,3119,1339,6420,6705,285
Truck159436,2777,2942,6620,6705,85
Truck159242,2684,1339,6560,6706,146
Truck158934,2567,2942,6465,6707,242
Truck159019,2776,2683,6490,6708,218
Truck159151,3119,2443,6530,6708,178
Truck159508,2444,2566,6645,6708,63
Truck159614,2943,2942,6675,6708,33
Truck159378,2225,2443,6605,6709,104
Truck159548,2777,2943,6655,6709,54
Truck158855,2683,2942,6440,6710,270
Truck159452,2777,2942,6625,6710,85
Truck159124,2444,2443,6525,6711,186
Truck159291,2776,2942,6575,6711,136
Truck157912,1339,1338,6145,6712,567
Truck159147,2776,3119,6530,6712,182
Truck157873,1338,2443,6135,6713,578
Truck159031,2683,2776,6495,6713,218
Truck159167,3119,2443,6535,6713,178
Truck159630,2943,2942,6680,6713,33
Truck159131,2776,2567,6525,6714,189
Truck159343,3119,2777,6590,6714,124
Truck158871,2683,2942,6445,6715,270
Truck159468,2777,2942,6630,6715,85
Truck159566,2943,2777,6660,6715,55
Truck157889,1338,0,6140,6717,577
Truck157928,1339,1338,6150,6717,567
Truck158822,2567,3119,6430,6717,287
Truck159183,3119,2443,6540,6718,178
Truck158503,2683,2224,6330,6719,389
Truck158965,2566,2443,6475,6719,244
Truck159410,2225,2443,6615,6719,104
Truck159626,2684,2443,6680,6719,39
Truck159736,1339,2567,6715,6719,4
Truck158957,2942,0,6470,6720,250
Truck159484,2777,2942,6635,6720,85
Truck159485,2942,2777,6635,6720,85
Truck159527,2683,0,6650,6720,70
Truck158937,2224,2776,6465,6721,256
Truck159191,2683,2684,6545,6721,176
Truck159204,2444,2567,6550,6721,171
Truck158800,0,3119,6425,6722,297
Truck159341,2942,2443,6590,6722,132
Truck157953,1338,2567,6160,6723,563
Truck159160,1339,2776,6535,6723,188
Truck159490,2225,2444,6640,6723,83
Truck159662,2943,2942,6690,6723,33
Truck158976,0,2566,6480,6724,244
Truck158981,2566,2443,6480,6724,244
Truck158863,3119,1339,6440,6725,285
Truck159327,3119,2684,6585,6725,140
Truck159372,2777,3119,6600,6725,125
Truck159172,2444,2443,6540,6726,186
Truck159207,2683,2684,6550,6726,176
Truck159631,3119,2942,6680,6726,46
Truck157921,1338,0,6150,6727,577
Truck159199,3119,2776,6545,6727,182
Truck159210,2684,2683,6550,6727,177
Truck159274,2684,0,6570,6727,157
Truck159302,2567,2684,6580,6728,148
Truck159331,2443,2683,6590,6728,138
Truck159678,2943,2942,6695,6728,33
Truck158537,2224,2683,6340,6729,389
Truck158997,2566,2443,6485,6729,244
Truck159427,2443,2567,6620,6729,109
Truck159658,2684,2443,6690,6729,39
Truck158879,3119,1339,6445,6730,285
Truck159174,2567,2776,6540,6730,190
Truck159482,2684,2942,6635,6730,95
Truck159516,2777,2942,6645,6730,85
Truck158258,2225,1338,6255,6731,476
Truck159044,2444,2683,6500,6731,231
Truck159188,2444,2443,6545,6731,186
Truck159338,2684,3119,6590,6731,141
Truck159355,2776,2942,6595,6731,136
Truck159531,2776,2443,6650,6731,81
Truck159728,0,2567,6715,6731,16
Truck159363,2443,2942,6600,6732,132
Truck159373,2942,2443,6600,6732,132
Truck159496,1339,2225,6640,6732,92
Truck157937,1338,2443,6155,6733,578
Truck157939,2443,1338,6155,6733,578
Truck159192,1339,2776,6545,6733,188
Truck159694,2943,2942,6700,6733,33
Truck159013,2566,2443,6490,6734,244
Truck159195,2776,2567,6545,6734,189
Truck159458,2225,2443,6630,6734,104
Truck159674,2684,2443,6695,6734,39
Truck158791,2683,3119,6420,6735,315
Truck158895,3119,1339,6450,6735,285
Truck159063,2683,2444,6505,6735,230
Truck159359,3119,2684,6595,6735,140
Truck159532,2777,2942,6650,6735,85
Truck159203,2443,2444,6550,6736,186
Truck159252,2444,2567,6565,6736,171
Truck159583,3119,2943,6665,6736,71
Truck158886,2567,3119,6450,6737,287
Truck159306,2684,0,6580,6737,157
Truck159389,2942,2443,6605,6737,132
Truck159768,1339,0,6725,6737,12
Truck158001,1338,2567,6175,6738,563
Truck159472,0,2225,6635,6738,103
Truck159710,2943,2942,6705,6738,33
Truck159027,2443,2566,6495,6739,244
Truck159474,2225,2443,6635,6739,104
Truck158815,3119,2683,6425,6740,315
Truck158951,2683,2942,6470,6740,270
Truck159021,2942,0,6490,6740,250
Truck159514,2684,2942,6645,6740,95
Truck159623,2683,2567,6680,6740,60
Truck159017,2224,2443,6490,6741,251
Truck159216,0,2444,6555,6741,186
Truck159220,2444,2443,6555,6741,186
Truck159563,2776,2443,6660,6741,81
Truck159395,2443,2942,6610,6742,132
Truck159528,1339,2225,6650,6742,92
Truck159776,0,1339,6730,6742,12
Truck157969,1338,2443,6165,6743,578
Truck159263,3119,2443,6565,6743,178
Truck159554,2225,2444,6660,6743,83
Truck159726,2943,2942,6710,6743,33
Truck158649,2224,0,6375,6744,369
Truck159045,2566,2443,6500,6744,244
Truck159556,2444,2225,6660,6744,84
Truck159690,2684,2776,6700,6744,44
Truck159706,2684,2443,6705,6744,39
Truck158305,1338,2225,6270,6745,475
Truck159391,3119,2684,6605,6745,140
Truck159449,2224,2942,6625,6745,120
Truck158678,2567,2224,6385,6746,361
Truck159271,2683,2684,6570,6746,176
Truck159579,2776,2443,6665,6746,81
Truck158024,1339,1338,6180,6747,567
Truck159062,2567,2942,6505,6747,242
Truck159096,1339,2566,6515,6747,232
Truck159411,2443,2942,6615,6747,132
Truck159741,2942,2943,6715,6747,32
Truck157985,1338,2443,6170,6748,578
Truck159240,1339,2776,6560,6748,188
Truck159279,3119,2443,6570,6748,178
Truck159288,1339,2444,6575,6749,174
Truck159506,2225,2443,6645,6749,104
Truck159558,2567,2225,6660,6749,89
Truck159609,2224,3119,6675,6749,74
Truck159656,1339,2683,6690,6749,59
Truck159722,2684,2443,6710,6749,39
Truck159546,2684,2942,6655,6750,95
Truck159580,2777,2942,6665,6750,85
Truck158694,2567,2224,6390,6751,361
Truck159043,2443,2224,6500,6751,251
Truck159709,2942,3119,6705,6751,46
Truck158896,0,3119,6455,6752,297
Truck159112,1339,2566,6520,6752,232
Truck158049,1338,2567,6190,6753,563
Truck158713,2224,1339,6395,6753,358
Truck159522,2225,0,6650,6753,103
Truck159758,2943,2942,6720,6753,33
Truck158712,1339,2224,6395,6754,359
Truck159075,2443,2566,6510,6754,244
Truck159077,2566,2443,6510,6754,244
Truck159672,1339,2683,6695,6754,59
Truck158952,1339,3119,6470,6755,285
Truck159481,2224,2942,6635,6755,120
Truck159596,2777,2942,6670,6755,85
Truck159056,0,2942,6505,6756,251
Truck159065,2224,2443,6505,6756,251
Truck159268,2444,2443,6570,6756,186
Truck159303,2683,2684,6580,6756,176
Truck159413,2566,2225,6615,6756,141
Truck159418,2684,3119,6615,6756,141
Truck159437,2942,2776,6620,6756,136
Truck159808,0,2567,6740,6756,16
Truck158950,2567,3119,6470,6757,287
Truck159453,2942,2443,6625,6757,132
Truck159646,2943,3119,6685,6757,72
Truck159824,0,1339,6745,6757,12
Truck158017,1338,2443,6180,6758,578
Truck159360,0,2684,6600,6758,158
Truck159774,2943,2942,6725,6758,33
Truck159093,2566,2443,6515,6759,244
Truck159523,2443,2567,6650,6759,109
Truck158353,1338,2225,6285,6760,475
Truck159117,2942,2567,6520,6760,240
Truck159578,2684,2942,6665,6760,95
Truck159284,2444,2443,6575,6761,186
Truck159311,3119,2776,6580,6762,182
Truck159848,1339,0,6750,6762,12
Truck158033,1338,2443,6185,6763,578
Truck159315,2443,3119,6585,6763,178
Truck159790,2943,2942,6730,6763,33
Truck159770,2684,2443,6725,6764,39
Truck159500,2777,3119,6640,6765,125
Truck159594,2684,2942,6670,6765,95
Truck159628,2777,2942,6680,6765,85
Truck159703,2683,2567,6705,6765,60
Truck159156,2444,2683,6535,6766,231
Truck159300,2444,2443,6580,6766,186
Truck159335,2683,2684,6590,6766,176
Truck159467,2776,2942,6630,6766,136
Truck159643,2776,2443,6685,6766,81
Truck159878,2567,1339,6760,6766,6
Truck159475,2443,2942,6635,6767,132
Truck159211,2776,2683,6550,6768,218
Truck159426,2225,2683,6620,6768,148
Truck159434,2684,2567,6620,6768,148
Truck159634,2225,2444,6685,6768,83
Truck159806,2943,2942,6735,6768,33
Truck158729,2224,0,6400,6769,369
Truck159125,2566,2443,6525,6769,244
Truck159570,2225,2443,6665,6769,104
Truck159520,0,2443,6650,6770,120
Truck159610,2684,2942,6675,6770,95
Truck159644,2777,2942,6685,6770,85
Truck159742,2943,2777,6715,6770,55
Truck159113,2224,2443,6520,6771,251
Truck159316,2444,2443,6585,6771,186
Truck159659,2776,2443,6690,6771,81
Truck159501,2942,2443,6640,6772,132
Truck159872,0,1339,6760,6772,12
Truck158065,1338,2443,6195,6773,578
Truck159716,2444,2566,6710,6773,63
Truck159787,2776,2684,6730,6773,43
Truck159141,2566,2443,6530,6774,244
Truck159368,1339,2444,6600,6774,174
Truck159802,2684,2443,6735,6774,39
Truck158919,2683,3119,6460,6775,315
Truck159016,1339,3119,6490,6775,285
Truck159545,2224,2942,6655,6775,120
Truck159660,2777,2942,6690,6775,85
Truck159120,0,2942,6525,6776,251
Truck159675,2776,2443,6695,6776,81
Truck159014,2567,3119,6490,6777,287
Truck159837,2942,2943,6745,6777,32
Truck158081,1338,2443,6200,6778,578
Truck159239,2683,2776,6560,6778,218
Truck159339,2776,1339,6590,6778,188
Truck159375,3119,2443,6600,6778,178
Truck159462,2567,2684,6630,6778,148
Truck159838,2943,2942,6745,6778,33
Truck158481,1338,2566,6325,6779,454
Truck159157,2566,2443,6535,6779,244
Truck159555,2443,0,6660,6779,119
Truck159654,2567,2225,6690,6779,89
Truck159668,2444,2225,6695,6779,84
Truck159818,2684,2443,6740,6779,39
Truck158793,2224,2567,6420,6780,360
Truck159181,2942,2567,6540,6780,240
Truck159334,2567,2776,6590,6780,190
Truck159380,2444,1339,6605,6780,175
Truck159642,2684,2942,6685,6780,95
Truck159676,2777,2942,6695,6780,85
Truck159129,2224,2776,6525,6781,256
Truck159348,2444,0,6595,6781,186
Truck159683,2443,2776,6700,6781,81
Truck159450,2684,0,6625,6782,157
Truck159533,2942,2443,6650,6782,132
Truck159479,2683,2225,6635,6783,148
Truck159603,2443,1339,6675,6783,108
Truck158150,2567,1338,6220,6784,564
Truck158711,2683,2224,6395,6784,389
Truck159173,2566,2443,6540,6784,244
Truck159618,2225,2443,6680,6784,104
Truck159048,1339,3119,6500,6785,285
Truck159564,2777,3119,6660,6785,125
Truck159692,2777,2942,6700,6785,85
Truck159767,2683,2567,6725,6785,60
Truck159145,2224,2776,6530,6786,256
Truck159152,0,2942,6535,6786,251
Truck159364,2444,0,6600,6786,186
Truck159046,2567,3119,6500,6787,287
Truck159190,2567,2942,6545,6787,242
Truck159466,2684,0,6630,6787,157
Truck159666,2225,1339,6695,6787,92
Truck159766,2567,2683,6725,6787,62
Truck158113,1338,2443,6210,6788,578
Truck159870,2943,2942,6755,6788,33
Truck158517,2566,1338,6335,6789,454
Truck159184,0,2566,6545,6789,244
Truck159213,2942,1339,6550,6789,239
Truck159290,2684,2224,6575,6789,214
Truck159834,2684,2776,6745,6789,44
Truck159850,2684,2443,6750,6789,39
Truck159111,2683,2942,6520,6790,270
Truck159208,1339,2942,6550,6790,240
Truck159708,2777,2942,6705,6790,85
Truck159751,2683,0,6720,6790,70
Truck159236,2444,2683,6560,6791,231
Truck159565,2942,2443,6660,6792,132
Truck158129,1338,2443,6215,6793,578
Truck159061,2566,2683,6505,6793,288
Truck159886,2943,2942,6760,6793,33
Truck158745,2224,2683,6405,6794,389
Truck159866,2684,2443,6755,6794,39
Truck159087,3119,1339,6510,6795,285
Truck159724,2777,2942,6710,6795,85
Truck158177,1338,1339,6230,6796,566
Truck159177,2224,2776,6540,6796,256
Truck159193,2224,2443,6545,6796,251
Truck159392,0,2444,6610,6796,186
Truck159739,2776,2443,6715,6796,81
Truck159855,3119,2942,6750,6796,46
Truck158145,1338,0,6220,6797,577
Truck158721,1338,2444,6400,6797,397
Truck159571,2443,2942,6665,6797,132
Truck159581,2942,2443,6665,6797,132
Truck159439,3119,2443,6620,6798,178
Truck159559,2683,2443,6660,6798,138
Truck159664,0,2225,6695,6798,103
Truck159615,3119,2777,6675,6799,124
Truck159732,2444,2225,6715,6799,84
Truck159612,2777,3119,6675,6800,125
Truck159740,2777,2942,6715,6800,85
Truck159200,0,2942,6550,6801,251
Truck159755,2776,2443,6720,6801,81
Truck159238,2567,2942,6560,6802,242
Truck158161,1338,2443,6225,6803,578
Truck159337,2224,2684,6590,6803,213
Truck159538,2225,2683,6655,6803,148
Truck159730,2225,2567,6715,6803,88
Truck159812,2444,2566,6740,6803,63
Truck159891,2443,2684,6765,6803,38
Truck159235,2443,2566,6560,6804,244
Truck159237,2566,2443,6560,6804,244
Truck159682,2225,2443,6700,6804,104
Truck159734,2567,2225,6715,6804,89
Truck158497,1338,2225,6330,6805,475
Truck159159,2683,2942,6535,6805,270
Truck159229,2942,0,6555,6805,250
Truck159256,1339,2942,6565,6805,240
Truck159261,2942,2567,6565,6805,240
Truck159831,2683,2567,6745,6805,60
Truck159854,2943,2777,6750,6805,55
Truck159219,2443,2224,6555,6806,251
Truck159428,2444,0,6620,6806,186
Truck159595,2776,2942,6670,6806,136
Truck159530,2684,0,6650,6807,157
Truck159587,2443,2683,6670,6808,138
Truck159828,2444,2566,6745,6808,63
Truck159738,2684,2942,6715,6810,95
Truck159847,2683,2567,6750,6810,60
Truck159241,2224,2443,6560,6811,251
Truck159586,2225,2566,6670,6811,141
Truck159984,0,2567,6795,6811,16
Truck158772,2444,1338,6415,6812,397
Truck159270,2567,2942,6570,6812,242
Truck159301,2566,1339,6580,6812,232
Truck159822,2943,3119,6740,6812,72
Truck159845,2566,2444,6750,6812,62
Truck158193,1338,2443,6235,6813,578
Truck159487,3119,2443,6635,6813,178
Truck159704,1339,2443,6705,6813,108
Truck159915,2776,2684,6770,6813,43
Truck159950,2943,2942,6780,6813,33
Truck158873,2224,0,6445,6814,369
Truck159269,2566,2443,6570,6814,244
Truck159293,2942,1339,6575,6814,239
Truck159419,2776,0,6615,6814,199
Truck159714,2225,2443,6710,6814,104
Truck159492,2444,1339,6640,6815,175
Truck159673,2224,2942,6695,6815,120
Truck159754,2684,2942,6720,6815,95
Truck159788,2777,2942,6730,6815,85
Truck159243,2776,2224,6560,6816,256
Truck159248,0,2942,6565,6816,251
Truck159257,2224,2443,6565,6816,251
Truck159460,2444,2443,6630,6816,186
Truck159602,2225,2566,6675,6816,141
Truck159803,2776,2443,6735,6816,81
Truck159142,2567,3119,6530,6817,287
Truck159861,2566,2444,6755,6817,62
Truck158209,1338,2443,6240,6818,578
Truck158211,2443,1338,6240,6818,578
Truck159385,2224,2684,6605,6818,213
Truck159503,3119,2443,6640,6818,178
Truck159794,2225,2444,6735,6818,83
Truck159966,2943,2942,6785,6818,33
Truck158609,1338,2566,6365,6819,454
Truck158825,2224,2683,6430,6819,389
Truck159285,2566,2443,6575,6819,244
Truck159309,2942,1339,6580,6819,239
Truck159435,2776,0,6620,6819,199
Truck159833,2224,3119,6745,6819,74
Truck159839,3119,2224,6745,6819,74
Truck159718,2567,2443,6710,6820,110
Truck159804,2777,2942,6735,6820,85
Truck158257,1338,1339,6255,6821,566
Truck159264,0,2942,6570,6821,251
Truck159273,2224,2443,6570,6821,251
Truck159476,2444,2443,6635,6821,186
Truck158801,1338,2444,6425,6822,397
Truck158804,2444,1338,6425,6822,397
Truck159336,1339,2566,6590,6822,232
Truck159651,2443,2942,6690,6822,132
Truck159661,2942,2443,6690,6822,132
Truck160032,0,1339,6810,6822,12
Truck158224,0,1338,6245,6823,578
Truck158225,1338,2443,6245,6823,578
Truck159982,2943,2942,6790,6823,33
Truck158905,2224,0,6455,6824,369
Truck159325,2942,1339,6585,6824,239
Truck159451,2776,0,6625,6824,199
Truck159786,2684,2942,6730,6825,95
Truck159289,2224,2443,6575,6826,251
Truck159491,2443,2444,6640,6826,186
Truck159540,2444,2567,6655,6826,171
Truck159835,2776,2443,6745,6826,81
Truck160038,2567,0,6810,6826,16
Truck158817,1338,2444,6430,6827,397
Truck159349,2566,1339,6595,6827,232
Truck159667,2443,2942,6695,6827,132
Truck159399,2683,2776,6610,6828,218
Truck159622,2567,2684,6680,6828,148
Truck159747,2443,1339,6720,6828,108
Truck159760,0,2225,6725,6828,103
Truck159998,2943,2942,6795,6828,33
Truck158645,2566,1338,6375,6829,454
Truck159312,0,2566,6585,6829,244
Truck159317,2566,2443,6585,6829,244
Truck159715,2443,0,6710,6829,119
Truck159762,2225,2443,6725,6829,104
Truck159865,2224,3119,6755,6829,74
Truck158577,1338,2225,6355,6830,475
Truck159494,2567,2776,6640,6830,190
Truck159836,2777,2942,6745,6830,85
Truck159653,2566,2225,6690,6831,141
Truck159887,3119,2943,6760,6831,71
Truck160048,0,2567,6815,6831,16
Truck159693,2942,2443,6700,6832,132
Truck159910,2567,2683,6770,6832,62
Truck159189,2566,2683,6545,6833,288
Truck159415,2683,2776,6615,6833,218
Truck159515,2776,1339,6645,6833,188
Truck159600,0,2684,6675,6833,158
Truck159671,2683,2443,6695,6833,138
Truck159779,2443,2225,6730,6833,103
Truck159908,2444,2566,6770,6833,63
Truck160014,2943,2942,6800,6833,33
Truck159727,3119,2777,6710,6834,124
Truck159881,2224,3119,6760,6834,74
Truck159994,2684,2443,6795,6834,39
Truck159255,2683,2942,6565,6835,270
Truck159737,2224,2942,6715,6835,120
Truck159852,2777,2942,6750,6835,85
Truck159524,2444,2443,6650,6836,186
Truck159551,3119,2776,6655,6837,182
Truck159902,2943,3119,6765,6837,72
Truck160088,1339,0,6825,6837,12
Truck158273,1338,2443,6260,6838,578
Truck159205,2566,2683,6550,6838,288
Truck159650,2225,2683,6690,6838,148
Truck160030,2943,2942,6805,6838,33
Truck158677,2566,1338,6385,6839,454
Truck158953,2224,0,6470,6839,369
Truck159576,1339,2444,6665,6839,174
Truck159943,2683,1339,6780,6839,59
Truck160010,2684,2443,6800,6839,39
Truck159224,1339,3119,6555,6840,285
Truck159231,3119,1339,6555,6840,285
Truck159782,2567,2443,6730,6840,110
Truck159868,2777,2942,6755,6840,85
Truck158982,2567,2224,6480,6841,361
Truck159321,2224,2776,6585,6841,256
Truck159904,0,2683,6770,6841,71
Truck159918,2943,3119,6770,6842,72
Truck160045,2942,2943,6810,6842,32
Truck158289,1338,2443,6265,6843,578
Truck159365,2566,0,6600,6843,243
Truck160046,2943,2942,6810,6843,33
Truck159001,2224,2567,6485,6845,360
Truck159756,2777,3119,6720,6845,125
Truck159884,2777,2942,6760,6845,85
Truck158998,2567,2224,6485,6846,361
Truck159344,0,2942,6595,6846,251
Truck159698,2225,2566,6705,6846,141
Truck159723,2776,2942,6710,6846,136
Truck160013,2942,3119,6800,6846,46
Truck158344,1339,1338,6280,6847,567
Truck159934,2943,3119,6775,6847,72
Truck158304,0,1338,6270,6848,578
Truck160062,2943,2942,6815,6848,33
Truck159381,2566,2443,6605,6849,244
Truck159826,2225,2443,6745,6849,104
Truck159400,1339,2942,6610,6850,240
Truck159772,2777,3119,6725,6850,125
Truck159900,2777,2942,6765,6850,85
Truck159572,2444,2443,6665,6851,186
Truck160112,0,2567,6835,6851,16
Truck158360,1339,1338,6285,6852,567
Truck159757,2942,2443,6720,6852,132
Truck159874,2225,1339,6760,6852,92
Truck158183,2683,1338,6230,6853,623
Truck158321,1338,2443,6275,6853,578
Truck159397,2566,0,6610,6853,243
Truck159842,2225,0,6750,6853,103
Truck158725,2566,1338,6400,6854,454
Truck159547,2776,0,6655,6854,199
Truck159945,2224,3119,6780,6854,74
Truck160042,2684,2776,6810,6854,44
Truck160058,2684,2443,6815,6854,39
Truck159421,2942,2567,6615,6855,240
Truck159916,2777,2942,6770,6855,85
Truck159376,0,2942,6605,6856,251
Truck159379,2443,2224,6605,6856,251
Truck159444,2444,2683,6625,6856,231
Truck159763,2443,2942,6725,6857,132
Truck158337,1338,2443,6280,6858,578
Truck159499,2776,2683,6640,6858,218
Truck159858,2225,2443,6755,6859,104
Truck160007,2683,1339,6800,6859,59
Truck159817,2224,2942,6740,6860,120
Truck159932,2777,2942,6775,6860,85
Truck159604,2444,0,6675,6861,186
Truck159639,2683,2684,6685,6861,176
Truck159789,2942,2443,6730,6862,132
Truck159912,1339,2225,6770,6862,92
Truck160168,1339,0,6850,6862,12
Truck159287,2683,2566,6575,6863,288
Truck159635,2443,3119,6685,6863,178
Truck159647,3119,2443,6685,6863,178
Truck159864,1339,2443,6755,6863,108
Truck159875,2443,2225,6760,6863,103
Truck160110,2943,2942,6830,6863,33
Truck158967,2683,2224,6475,6864,389
Truck159429,2566,2443,6620,6864,244
Truck159859,2443,2567,6755,6864,109
Truck159977,2224,3119,6790,6864,74
Truck160023,2683,1339,6805,6864,59
Truck160090,2684,2443,6825,6864,39
Truck159357,2942,2683,6595,6865,270
Truck159568,0,2776,6665,6865,200
Truck159820,2777,3119,6740,6865,125
Truck159914,2684,2942,6770,6865,95
Truck159948,2777,2942,6780,6865,85
Truck159949,2942,2777,6780,6865,85
Truck158401,1338,1339,6300,6866,566
Truck159620,2444,0,6680,6866,186
Truck158369,1338,0,6290,6867,577
Truck159880,1339,2443,6760,6868,108
Truck159443,2443,2566,6625,6869,244
Truck159445,2566,2443,6625,6869,244
Truck159469,2942,1339,6630,6869,239
Truck159890,2225,2443,6765,6869,104
Truck159930,2684,2942,6775,6870,95
Truck159964,2777,2942,6785,6870,85
Truck159078,2567,2224,6510,6871,361
Truck159636,2444,2443,6685,6871,186
Truck159778,2225,2566,6730,6871,141
Truck159979,2776,2443,6790,6871,81
Truck158961,1338,2444,6475,6872,397
Truck159821,2942,2443,6740,6872,132
Truck158241,1338,2683,6250,6873,623
Truck158385,1338,2443,6295,6873,578
Truck159097,2224,1339,6515,6873,358
Truck159679,3119,2443,6695,6873,178
Truck160142,2943,2942,6840,6873,33
Truck159456,0,2566,6630,6874,244
Truck159461,2566,2443,6630,6874,244
Truck159906,2225,2443,6770,6874,104
Truck159480,1339,2942,6635,6875,240
Truck159807,3119,2684,6735,6875,140
Truck159894,2567,2443,6765,6875,110
Truck159980,2777,2942,6790,6875,85
Truck159652,2444,2443,6690,6876,186
Truck159827,2443,2942,6745,6877,132
Truck159923,2443,2225,6775,6878,103
Truck160158,2943,2942,6845,6878,33
Truck159477,2566,2443,6635,6879,244
Truck159922,2225,2443,6775,6879,104
Truck159974,2567,2225,6790,6879,89
Truck159885,2942,2224,6760,6880,120
Truck159996,2777,2942,6795,6880,85
Truck159459,2443,2224,6630,6881,251
Truck160011,2776,2443,6800,6881,81
Truck158456,1339,1338,6315,6882,567
Truck159843,2443,2942,6750,6882,132
Truck158417,1338,2443,6305,6883,578
Truck159575,2683,2776,6665,6883,218
Truck159699,2443,3119,6705,6883,178
Truck159711,3119,2443,6705,6883,178
Truck159938,2225,0,6780,6883,103
Truck159939,2443,2225,6780,6883,103
Truck160139,2776,2684,6840,6883,43
Truck160147,2443,2684,6845,6883,38
Truck160174,2943,2942,6850,6883,33
Truck159493,2566,2443,6640,6884,244
Truck160041,2224,3119,6810,6884,74
Truck159897,2224,2942,6765,6885,120
Truck160012,2777,2942,6800,6885,85
Truck160055,2683,0,6815,6885,70
Truck159465,2224,2776,6630,6886,256
Truck160224,0,2567,6870,6886,16
Truck159366,2567,3119,6600,6887,287
Truck160248,1339,0,6875,6887,12
Truck158433,1338,2443,6310,6888,578
Truck158435,2443,1338,6310,6888,578
Truck159691,2776,1339,6700,6888,188
Truck159944,1339,2443,6780,6888,108
Truck159952,0,2225,6785,6888,103
Truck160028,2777,2942,6805,6890,85
Truck158770,2225,1338,6415,6891,476
Truck159483,2776,2224,6635,6891,256
Truck159488,0,2942,6640,6891,251
Truck159700,2444,2443,6705,6891,186
Truck160043,2776,2443,6810,6891,81
Truck159526,2567,2942,6650,6892,242
Truck159750,2567,2444,6720,6892,172
Truck160002,2225,1339,6800,6892,92
Truck160078,2943,3119,6820,6892,72
Truck158449,1338,2443,6315,6893,578
Truck159625,2224,2684,6680,6893,213
Truck158502,2567,1338,6330,6894,564
Truck159525,2566,2443,6650,6894,244
Truck159707,2776,2567,6705,6894,189
Truck159970,2225,2443,6790,6894,104
Truck160073,2224,3119,6820,6894,74
Truck159920,0,2443,6775,6895,120
Truck160044,2777,2942,6810,6895,85
Truck159504,0,2942,6645,6896,251
Truck159507,2443,2224,6645,6896,251
Truck159883,2776,2942,6760,6896,136
Truck159398,2567,3119,6610,6897,287
Truck159542,2567,2942,6655,6897,242
Truck159901,2942,2443,6765,6897,132
Truck160094,2943,3119,6825,6897,72
Truck158465,1338,2443,6320,6898,578
Truck159986,2225,0,6795,6898,103
Truck160116,2444,2566,6835,6898,63
Truck159081,2224,2683,6510,6899,389
Truck159541,2566,2443,6655,6899,244
Truck160029,2942,2684,6805,6899,94
Truck160202,2684,2443,6860,6899,39
Truck159136,0,2224,6530,6900,370
Truck159319,2683,3119,6585,6900,315
Truck159560,1339,2942,6660,6900,240
Truck160026,2684,2942,6805,6900,95
Truck160060,2777,2942,6815,6900,85
Truck160061,2942,2777,6815,6900,85
Truck159513,2224,2776,6645,6901,256
Truck159588,2444,2683,6670,6901,231
Truck159882,2684,3119,6760,6901,141
Truck160191,3119,2942,6855,6901,46
Truck159759,3119,2776,6720,6902,182
Truck159917,2942,2443,6770,6902,132
Truck160296,1339,0,6890,6902,12
Truck158483,2443,1338,6325,6903,578
Truck159775,3119,2443,6725,6903,178
Truck159784,1339,2444,6730,6904,174
Truck160152,1339,2683,6845,6904,59
Truck160218,2684,2443,6865,6904,39
Truck159903,3119,2684,6765,6905,140
Truck160076,2777,2942,6820,6905,85
Truck159744,0,2444,6720,6906,186
Truck159898,2684,3119,6765,6906,141
Truck160091,2776,2443,6825,6906,81
Truck160294,2567,0,6890,6906,16
Truck159574,2567,2942,6665,6907,242
Truck159771,2776,3119,6725,6907,182
Truck160126,2943,3119,6835,6907,72
Truck159431,2683,2566,6620,6908,288
Truck159752,1339,2776,6720,6908,188
Truck160254,2943,2942,6875,6908,33
Truck159573,2566,2443,6665,6909,244
Truck159597,2942,1339,6670,6909,239
Truck160018,2225,2443,6805,6909,104
Truck159592,1339,2942,6670,6910,240
Truck160092,2777,2942,6825,6910,85
Truck158834,2225,1338,6435,6911,476
Truck159206,2567,2224,6550,6911,361
Truck159552,0,2942,6660,6911,251
Truck159561,2224,2443,6660,6911,251
Truck159896,1339,2684,6765,6911,146
Truck159909,2566,2225,6770,6911,141
Truck159931,2776,2942,6775,6911,136
Truck160221,2942,3119,6865,6911,46
Truck159408,0,3119,6615,6912,297
Truck159621,2566,1339,6680,6912,232
Truck159814,2567,2444,6740,6912,172
Truck158513,1338,2443,6335,6913,578
Truck160270,2943,2942,6880,6913,33
Truck159589,2566,2443,6670,6914,244
Truck160137,2224,3119,6840,6914,74
Truck160234,2684,2776,6870,6914,44
Truck160108,2777,2942,6830,6915,85
Truck159577,2224,2443,6665,6916,251
Truck159780,2444,0,6730,6916,186
Truck159947,2776,2942,6780,6916,136
Truck160159,3119,2943,6845,6916,71
Truck160285,2942,2943,6885,6917,32
Truck158529,1338,2443,6340,6918,578
Truck160286,2943,2942,6885,6918,33
Truck159605,2566,2443,6675,6919,244
Truck160050,2225,2443,6815,6919,104
Truck160376,1339,2567,6915,6919,4
Truck160124,2777,2942,6835,6920,85
Truck159584,0,2942,6670,6921,251
Truck159593,2224,2443,6670,6921,251
Truck159796,2444,2443,6735,6921,186
Truck159946,2684,3119,6780,6921,141
Truck160160,0,2683,6850,6921,71
Truck159819,2776,3119,6740,6922,182
Truck159823,3119,2776,6740,6922,182
Truck159971,2443,2942,6790,6922,132
Truck158545,1338,2443,6345,6923,578
Truck159669,2566,2567,6695,6923,228
Truck159926,2567,2684,6775,6923,148
Truck160051,2443,1339,6815,6923,108
Truck160056,1339,2443,6815,6923,108
Truck160066,2225,0,6820,6923,103
Truck160130,2225,2444,6840,6923,83
Truck160302,2943,2942,6890,6923,33
Truck159616,0,2566,6680,6924,244
Truck160118,2567,2225,6835,6924,89
Truck160215,2683,1339,6865,6924,59
Truck160236,2777,2943,6870,6924,54
Truck160282,2684,2443,6885,6924,39
Truck159549,2942,2683,6655,6925,270
Truck159613,2942,0,6675,6925,250
Truck159645,2942,2567,6685,6925,240
Truck160054,2567,2443,6815,6925,110
Truck160238,2943,2777,6870,6925,55
Truck159860,2444,2567,6755,6926,171
Truck159962,2684,3119,6785,6926,141
Truck160155,2776,2443,6845,6926,81
Truck160271,3119,2942,6880,6926,46
Truck159638,2567,2942,6685,6927,242
Truck160190,2943,3119,6855,6927,72
Truck158561,1338,2443,6350,6928,578
Truck159495,2683,2566,6640,6928,288
Truck160318,2943,2942,6895,6928,33
Truck158614,2567,1338,6365,6929,564
Truck159632,0,2566,6685,6929,244
Truck159637,2566,2443,6685,6929,244
Truck160082,2225,2443,6825,6929,104
Truck160298,2684,2443,6890,6929,39
Truck160156,2777,2942,6845,6930,85
Truck158898,2225,1338,6455,6931,476
Truck159611,2776,2224,6675,6931,256
Truck159619,2443,2224,6680,6931,251
Truck159684,2444,2683,6700,6931,231
Truck160206,2943,3119,6860,6932,72
Truck160384,0,1339,6920,6932,12
Truck159735,2683,2776,6715,6933,218
Truck159832,1339,2776,6745,6933,188
Truck160334,2943,2942,6900,6933,33
Truck160098,2225,2443,6830,6934,104
Truck160207,3119,2224,6860,6934,74
Truck160268,2777,2943,6880,6934,54
Truck160172,2777,2942,6850,6935,85
Truck159535,3119,2567,6650,6936,286
Truck159627,2776,2224,6680,6936,256
Truck159641,2224,2443,6685,6936,251
Truck159844,2444,2443,6750,6936,186
Truck160187,2776,2443,6855,6936,81
Truck160303,3119,2942,6890,6936,46
Truck160222,2943,3119,6865,6937,72
Truck158593,1338,2443,6360,6938,578
Truck159769,2224,2684,6725,6938,213
Truck159978,2684,2567,6790,6938,148
Truck160003,2443,2683,6800,6938,138
Truck160315,2776,2684,6895,6938,43
Truck160350,2943,2942,6905,6938,33
Truck159851,2776,2567,6750,6939,189
Truck160114,2225,2443,6835,6939,104
Truck160284,2777,2943,6885,6939,54
Truck159544,1339,3119,6655,6940,285
Truck159591,2683,2942,6670,6940,270
Truck159846,2567,2776,6750,6940,190
Truck160015,3119,2684,6800,6940,140
Truck160188,2777,2942,6855,6940,85
Truck160027,2776,2942,6805,6941,136
Truck158648,1339,1338,6375,6942,567
Truck160035,2443,2942,6810,6942,132
Truck159867,2776,1339,6755,6943,188
Truck159991,2683,2225,6795,6943,148
Truck160128,0,2225,6840,6943,103
Truck160366,2943,2942,6910,6943,33
Truck159223,2683,2224,6555,6944,389
Truck159685,2566,2443,6700,6944,244
Truck160330,2684,2776,6900,6944,44
Truck159567,3119,1339,6660,6945,285
Truck159607,2683,2942,6675,6945,270
Truck159677,2942,0,6695,6945,250
Truck160204,2777,2942,6860,6945,85
Truck159318,2567,2224,6585,6946,361
Truck159876,2444,0,6760,6946,186
Truck159924,2444,2567,6775,6946,171
Truck160422,2567,0,6930,6946,16
Truck158664,1339,1338,6380,6947,567
Truck159702,2567,2942,6705,6947,242
Truck158487,2683,1338,6325,6948,623
Truck158624,0,1338,6370,6948,578
Truck158625,1338,2443,6370,6948,578
Truck159557,2566,2683,6660,6948,288
Truck159701,2566,0,6705,6948,243
Truck160006,2567,2684,6800,6948,148
Truck160131,2443,1339,6840,6948,108
Truck160382,2943,2942,6915,6948,33
Truck159025,1338,2566,6495,6949,454
Truck160146,2225,2443,6845,6949,104
Truck159296,0,2224,6580,6950,370
Truck159629,2942,2683,6680,6950,270
Truck159720,1339,2942,6710,6950,240
Truck159725,2942,2567,6710,6950,240
Truck160220,2777,2942,6865,6950,85
Truck159680,0,2942,6700,6951,251
Truck159748,2444,2683,6720,6951,231
Truck159892,2444,2443,6765,6951,186
Truck160194,2225,1339,6860,6952,92
Truck158641,1338,2443,6375,6953,578
Truck158643,2443,1338,6375,6953,578
Truck159799,2683,2776,6735,6953,218
Truck159935,3119,2443,6775,6953,178
Truck160398,2943,2942,6920,6953,33
Truck159717,2566,2443,6710,6954,244
Truck159899,2776,2567,6765,6954,189
Truck160205,2942,2684,6860,6954,94
Truck160121,2224,2942,6835,6955,120
Truck159705,2224,2443,6705,6956,251
Truck159764,2444,2683,6725,6956,231
Truck160053,2566,2225,6815,6956,141
Truck160075,2776,2942,6820,6956,136
Truck160251,2776,2443,6875,6956,81
Truck160287,3119,2943,6885,6956,71
Truck158657,1338,2443,6380,6958,578
Truck160034,2225,2683,6810,6958,148
Truck160178,2225,0,6855,6958,103
Truck160179,2443,2225,6855,6958,103
Truck160308,2444,2566,6895,6958,63
Truck160414,2943,2942,6925,6958,33
Truck159733,2566,2443,6715,6959,244
Truck160281,2224,3119,6885,6959,74
Truck159369,2224,2567,6600,6960,360
Truck159608,1339,3119,6675,6960,285
Truck160252,2777,2942,6875,6960,85
Truck160259,2443,2776,6880,6961,81
Truck160109,2942,2443,6830,6962,132
Truck160226,2225,1339,6870,6962,92
Truck158673,1338,2443,6385,6963,578
Truck159967,3119,2443,6785,6963,178
Truck160430,2943,2942,6930,6963,33
Truck159749,2566,2443,6720,6964,244
Truck160297,2224,3119,6890,6964,74
Truck160343,2683,1339,6905,6964,59
Truck159773,2942,2567,6725,6965,240
Truck160095,3119,2684,6825,6965,140
Truck160140,2777,3119,6840,6965,125
Truck159599,3119,0,6670,6966,296
Truck159731,2443,2224,6715,6966,251
Truck159940,2444,2443,6780,6966,186
Truck160283,2776,2443,6885,6966,81
Truck159963,2776,3119,6785,6967,182
Truck158689,1338,2443,6390,6968,578
Truck160099,2443,2683,6830,6968,138
Truck160195,2443,1339,6860,6968,108
Truck160210,2225,0,6865,6968,103
Truck160446,2943,2942,6935,6968,33
Truck159765,2566,2443,6725,6969,244
Truck160426,2684,2443,6930,6969,39
Truck159543,2683,3119,6655,6970,315
Truck159753,2224,2443,6720,6971,251
Truck159955,2443,2444,6785,6971,186
Truck159956,2444,2443,6785,6971,186
Truck160106,2684,3119,6830,6971,141
Truck160358,2567,2683,6910,6972,62
Truck160086,2567,2684,6825,6973,148
Truck160115,2443,2683,6835,6973,138
Truck160462,2943,2942,6940,6973,33
Truck159109,2566,1338,6520,6974,454
Truck159416,1339,2224,6615,6974,359
Truck160329,2224,3119,6900,6974,74
Truck159663,3119,1339,6690,6975,285
Truck159800,1339,2942,6735,6975,240
Truck159972,2444,0,6790,6976,186
Truck160429,2942,3119,6930,6976,46
Truck159297,1338,2444,6580,6977,397
Truck160243,2443,2225,6875,6978,103
Truck160478,2943,2942,6945,6978,33
Truck159797,2566,2443,6735,6979,244
Truck160242,2225,2443,6875,6979,104
Truck160345,2224,3119,6905,6979,74
Truck160412,2777,2943,6925,6979,54
Truck160442,2684,2776,6935,6979,44
Truck160458,2684,2443,6940,6979,39
Truck159719,2683,2942,6710,6980,270
Truck160230,2567,2443,6870,6980,110
Truck160316,2777,2942,6895,6980,85
Truck159430,2567,2224,6620,6981,361
Truck159785,2224,2443,6730,6981,251
Truck159988,2444,2443,6795,6981,186
Truck160120,1339,2684,6835,6981,146
Truck160331,2776,2443,6900,6981,81
Truck160445,2942,3119,6935,6981,46
Truck160534,2567,0,6965,6981,16
Truck160173,2942,2443,6850,6982,132
Truck158737,1338,2443,6405,6983,578
Truck160031,3119,2443,6805,6983,178
Truck160467,2443,2684,6945,6983,38
Truck160494,2943,2942,6950,6983,33
Truck159351,2683,2224,6595,6984,389
Truck159811,2443,2566,6740,6984,244
Truck159813,2566,2443,6740,6984,244
Truck159995,2776,2567,6795,6984,189
Truck160211,2443,0,6865,6984,119
Truck159805,2942,0,6735,6985,250
Truck159863,2683,2444,6755,6985,230
Truck160332,2777,2942,6900,6985,85
Truck159792,0,2942,6735,6986,251
Truck159795,2443,2224,6735,6986,251
Truck160004,2444,2443,6800,6986,186
Truck160154,2684,3119,6845,6986,141
Truck160171,2776,2942,6850,6986,136
Truck160347,2776,2443,6905,6986,81
Truck160383,3119,2943,6915,6986,71
Truck160461,2942,3119,6940,6986,46
Truck160463,3119,2942,6940,6986,46
Truck160544,0,2567,6970,6986,16
Truck158753,1338,2443,6410,6988,578
Truck160047,3119,2443,6810,6988,178
Truck160135,2683,2225,6840,6988,148
Truck160510,2943,2942,6955,6988,33
Truck159829,2566,2443,6745,6989,244
Truck160274,2225,2443,6885,6989,104
Truck160377,2224,3119,6915,6989,74
Truck160233,2224,2942,6870,6990,120
Truck160237,2942,2224,6870,6990,120
Truck160348,2777,2942,6905,6990,85
Truck159090,2225,1338,6515,6991,476
Truck159801,2224,2776,6735,6991,256
Truck160019,2443,2444,6805,6991,186
Truck160020,2444,2443,6805,6991,186
Truck160363,2776,2443,6910,6991,81
Truck158768,0,1338,6415,6993,578
Truck158769,1338,2443,6415,6993,578
Truck160290,2225,2443,6890,6994,104
Truck160356,2444,2225,6910,6994,84
Truck159440,0,2224,6625,6995,370
Truck160364,2777,2942,6910,6995,85
Truck159695,3119,0,6700,6996,296
Truck160036,2444,2443,6810,6996,186
Truck160170,2684,1339,6850,6996,146
Truck160203,2776,2942,6860,6996,136
Truck160379,2776,2443,6915,6996,81
Truck160059,2776,3119,6815,6997,182
Truck160063,3119,2776,6815,6997,182
Truck160344,1339,2225,6905,6997,92
Truck159497,2224,1339,6640,6998,358
Truck160162,2225,2683,6850,6998,148
Truck160542,2943,2942,6965,6998,33
Truck159401,2224,2683,6610,6999,389
Truck160455,2683,1339,6940,6999,59
Truck159743,3119,1339,6715,7000,285
Truck159783,2683,2942,6730,7000,270
Truck160265,2224,2942,6880,7000,120
Truck160346,2684,2942,6905,7000,95
Truck160380,2777,2942,6915,7000,85
Truck159840,0,2942,6750,7001,251
Truck160052,2444,2443,6815,7001,186
Truck160087,2683,2684,6825,7001,176
Truck160219,2776,2942,6865,7001,136
Truck160511,3119,2942,6955,7001,46
Truck160227,2443,2942,6870,7002,132
Truck160360,1339,2225,6910,7002,92
Truck160083,2443,3119,6825,7003,178
Truck160370,2225,2567,6915,7003,88
Truck160558,2943,2942,6970,7003,33
Truck159877,2566,2443,6760,7004,244
Truck160104,1339,2444,6830,7004,174
Truck160322,2225,2443,6900,7004,104
Truck160648,1339,2567,7000,7004,4
Truck159869,2942,0,6755,7005,250
Truck160362,2684,2942,6910,7005,95
Truck160439,2683,0,6935,7005,70
Truck160471,2683,2567,6945,7005,60
Truck159510,2567,2224,6645,7006,361
Truck159849,2224,2776,6750,7006,256
Truck159856,0,2942,6755,7006,251
Truck160235,2776,2942,6870,7006,136
Truck160411,2776,2443,6925,7006,81
Truck160432,0,2683,6935,7006,71
Truck160608,0,2567,6990,7006,16
Truck159941,2566,2567,6780,7008,228
Truck160111,3119,2443,6830,7008,178
Truck160323,2443,1339,6900,7008,108
Truck160574,2943,2942,6975,7008,33
Truck159893,2566,2443,6765,7009,244
Truck160338,2225,2443,6905,7009,104
Truck159815,2683,2942,6740,7010,270
Truck158865,1338,1339,6445,7011,566
Truck160427,2776,2443,6930,7011,81
Truck160122,2684,2683,6835,7012,177
Truck160186,2684,0,6855,7012,157
Truck160269,2942,2443,6880,7012,132
Truck158833,1338,2443,6435,7013,578
Truck160555,2776,2684,6970,7013,43
Truck160590,2943,2942,6980,7013,33
Truck159933,2942,1339,6775,7014,239
Truck160339,2443,2567,6905,7014,109
Truck160354,2225,2443,6910,7014,104
Truck160570,2684,2443,6975,7014,39
Truck160680,1339,2567,7010,7014,4
Truck160300,2777,3119,6890,7015,125
Truck160428,2777,2942,6930,7015,85
Truck160503,2683,2567,6955,7015,60
Truck160526,2943,2777,6960,7015,55
Truck160100,2444,2443,6830,7016,186
Truck160232,1339,2684,6870,7016,146
Truck160267,2776,2942,6880,7016,136
Truck160443,2776,2443,6935,7016,81
Truck160557,2942,3119,6970,7016,46
Truck159960,1339,2566,6785,7017,232
Truck160138,2684,2683,6840,7017,177
Truck160275,2443,2942,6885,7017,132
Truck160402,2225,1339,6925,7017,92
Truck158705,1338,2683,6395,7018,623
Truck158849,1338,2443,6440,7018,578
Truck158897,1338,2567,6455,7018,563
Truck159781,2566,2683,6730,7018,288
Truck160107,2776,1339,6830,7018,188
Truck160192,0,2684,6860,7018,158
Truck160371,2443,2225,6915,7018,103
Truck160571,2776,2684,6975,7018,43
Truck159463,2683,2224,6630,7019,389
Truck159529,2224,0,6650,7019,369
Truck159925,2566,2443,6775,7019,244
Truck160473,2224,3119,6945,7019,74
Truck159853,2942,2683,6750,7020,270
Truck160410,2684,2942,6925,7020,95
Truck160444,2777,2942,6935,7020,85
Truck160151,2683,2684,6845,7021,176
Truck160261,2566,2225,6880,7021,141
Truck159942,2567,2942,6780,7022,242
Truck159976,1339,2566,6790,7022,232
Truck160301,2942,2443,6890,7022,132
Truck158864,0,1338,6445,7023,578
Truck160387,2443,2225,6920,7023,103
Truck160622,2943,2942,6990,7023,33
Truck160386,2225,2443,6920,7024,104
Truck159536,0,2224,6655,7025,370
Truck160460,2777,2942,6940,7025,85
Truck158913,1338,1339,6460,7026,566
Truck159929,2224,2443,6775,7026,251
Truck160132,2444,2443,6840,7026,186
Truck160180,2444,2567,6855,7026,171
Truck160299,2776,2942,6890,7026,136
Truck160591,3119,2942,6980,7026,46
Truck160710,2567,1339,7020,7026,6
Truck159958,2567,2942,6785,7027,242
Truck160182,2567,2444,6855,7027,172
Truck160317,2942,2443,6895,7027,132
Truck160533,2566,2444,6965,7027,62
Truck158881,1338,2443,6450,7028,578
Truck160175,3119,2443,6850,7028,178
Truck160258,2225,2683,6880,7028,148
Truck160400,0,2225,6925,7028,103
Truck160638,2943,2942,6995,7028,33
Truck159957,2566,2443,6785,7029,244
Truck159879,2683,2942,6760,7030,270
Truck159981,2942,2567,6790,7030,240
Truck160476,2777,2942,6945,7030,85
Truck159936,0,2942,6780,7031,251
Truck160148,2444,2443,6845,7031,186
Truck160333,2942,2443,6900,7032,132
Truck159973,2566,0,6790,7033,243
Truck160654,2943,2942,7000,7033,33
Truck159511,2683,2224,6645,7034,389
Truck159968,0,2566,6790,7034,244
Truck160074,2684,2224,6820,7034,214
Truck160403,2443,2567,6925,7034,109
Truck160418,2225,2443,6930,7034,104
Truck160634,2684,2443,6995,7034,39
Truck159895,2683,2942,6765,7035,270
Truck160196,2444,1339,6860,7035,175
Truck160164,2444,2443,6850,7036,186
Truck160212,2444,2567,6865,7036,171
Truck159990,2567,2942,6795,7037,242
Truck160266,2684,0,6880,7037,157
Truck160669,2942,2943,7005,7037,32
Truck160071,2683,2776,6820,7038,218
Truck160635,2776,2684,6995,7038,43
Truck160670,2943,2942,7005,7038,33
Truck159987,2443,2566,6795,7039,244
Truck159989,2566,2443,6795,7039,244
Truck160434,2225,2443,6935,7039,104
Truck159871,3119,1339,6755,7040,285
Truck160008,1339,2942,6800,7040,240
Truck160508,2777,2942,6955,7040,85
Truck160606,2943,2777,6985,7040,55
Truck160040,1339,2566,6810,7042,232
Truck160365,2942,2443,6910,7042,132
Truck158785,1338,2683,6420,7043,623
Truck158929,1338,2443,6465,7043,578
Truck160105,2224,2684,6830,7043,213
Truck160223,3119,2443,6865,7043,178
Truck160686,2943,2942,7010,7043,33
Truck159333,2566,1338,6590,7044,454
Truck160005,2566,2443,6800,7044,244
Truck160553,2224,3119,6970,7044,74
Truck159791,3119,2683,6730,7045,315
Truck160024,1339,2942,6805,7045,240
Truck160144,0,2776,6845,7045,200
Truck160396,2777,3119,6920,7045,125
Truck160409,2224,2942,6925,7045,120
Truck160524,2777,2942,6960,7045,85
Truck158977,1338,1339,6480,7046,566
Truck160539,2776,2443,6965,7046,81
Truck160655,3119,2942,7000,7046,46
Truck159521,1338,2444,6650,7047,397
Truck160381,2942,2443,6915,7047,132
Truck160598,2567,2683,6985,7047,62
Truck160760,1339,0,7035,7047,12
Truck158945,1338,2443,6470,7048,578
Truck159657,2224,1339,6690,7048,358
Truck160702,2943,2942,7015,7048,33
Truck160021,2566,2443,6805,7049,244
Truck160070,2567,2566,6820,7049,229
Truck160466,2225,2443,6945,7049,104
Truck160244,2444,1339,6875,7050,175
Truck160454,2567,2443,6940,7050,110
Truck160540,2777,2942,6965,7050,85
Truck159993,2224,2776,6795,7051,256
Truck160397,2942,2443,6920,7052,132
Truck160520,1339,2225,6960,7052,92
Truck158823,2683,1338,6430,7053,623
Truck158960,0,1338,6475,7053,578
Truck160085,2566,2567,6825,7053,228
Truck160718,2943,2942,7020,7053,33
Truck160037,2566,2443,6810,7054,244
Truck160482,2225,2443,6950,7054,104
Truck160698,2684,2443,7015,7054,39
Truck159959,2683,2942,6785,7055,270
Truck159965,2942,2683,6785,7055,270
Truck160556,2777,2942,6970,7055,85
Truck159670,2567,2224,6695,7056,361
Truck159919,3119,2567,6770,7056,286
Truck160009,2224,2776,6800,7056,256
Truck160084,2444,2683,6825,7056,231
Truck160228,2444,2443,6870,7056,186
Truck160276,2444,2567,6885,7056,171
Truck160378,2684,3119,6915,7056,141
Truck160395,2776,2942,6920,7056,136
Truck160413,2942,2443,6925,7057,132
Truck160101,2566,2567,6830,7058,228
Truck160734,2943,2942,7025,7058,33
Truck159688,1339,2224,6700,7059,359
Truck160102,2567,2566,6830,7059,229
Truck160498,2225,2443,6955,7059,104
Truck160668,2777,2943,7005,7059,54
Truck159648,0,2224,6690,7060,370
Truck159689,2224,2567,6700,7060,360
Truck160103,2683,2444,6830,7060,230
Truck159686,2567,2224,6700,7061,361
Truck159032,1339,1338,6495,7062,567
Truck159888,0,3119,6765,7062,297
Truck158993,1338,2443,6485,7063,578
Truck158995,2443,1338,6485,7063,578
Truck160499,2443,1339,6955,7063,108
Truck160750,2943,2942,7030,7063,33
Truck160069,2566,2443,6820,7064,244
Truck160580,2444,2225,6980,7064,84
Truck159997,2942,2683,6795,7065,270
Truck160588,2777,2942,6980,7065,85
Truck159330,2225,1338,6590,7066,476
Truck160057,2224,2443,6815,7066,251
Truck160392,1339,2684,6920,7066,146
Truck160117,2566,1339,6835,7067,232
Truck160435,2443,2942,6935,7067,132
Truck160765,2942,2943,7035,7067,32
Truck159009,1338,2443,6490,7068,578
Truck160394,2684,2567,6920,7068,148
Truck160731,2776,2684,7025,7068,43
Truck160766,2943,2942,7035,7068,33
Truck160530,2225,2443,6965,7069,104
Truck160077,2942,0,6820,7070,250
Truck160604,2777,2942,6985,7070,85
Truck159057,1338,1339,6505,7071,566
Truck160314,2684,2683,6895,7072,177
Truck160451,2443,2942,6940,7072,132
Truck160319,3119,2443,6895,7073,178
Truck160546,2225,0,6970,7073,103
Truck160096,0,2566,6830,7074,244
Truck160695,2683,1339,7015,7074,59
Truck160447,3119,2684,6935,7075,140
Truck160492,2777,3119,6950,7075,125
Truck160620,2777,2942,6990,7075,85
Truck160291,2443,2444,6890,7076,186
Truck160292,2444,0,6890,7076,186
Truck160424,1339,2684,6930,7076,146
Truck160459,2776,2942,6940,7076,136
Truck159080,1339,1338,6510,7077,567
Truck160693,2566,2444,7015,7077,62
Truck160856,1339,0,7065,7077,12
Truck159041,1338,2443,6500,7078,578
Truck160335,3119,2443,6900,7078,178
Truck160563,2443,2225,6975,7078,103
Truck159655,2683,2224,6690,7079,389
Truck159721,2224,0,6710,7079,369
Truck160141,2942,1339,6840,7079,239
Truck160166,2567,2566,6850,7079,229
Truck160562,2225,2443,6975,7079,104
Truck160605,2942,2684,6985,7079,94
Truck160762,2684,2776,7035,7079,44
Truck159377,1338,2225,6605,7080,475
Truck159712,0,2224,6710,7080,370
Truck159992,1339,3119,6795,7080,285
Truck160039,2683,2942,6810,7080,270
Truck160636,2777,2942,6995,7080,85
Truck160453,2566,2225,6940,7081,141
Truck160475,2776,2942,6945,7081,136
Truck160651,2776,2443,7000,7081,81
Truck160483,2443,2942,6950,7082,132
Truck160493,2942,2443,6950,7082,132
Truck160351,3119,2443,6905,7083,178
Truck160814,2943,2942,7050,7083,33
Truck160133,2566,2443,6840,7084,244
Truck160531,2443,0,6965,7084,119
Truck160578,2225,2443,6980,7084,104
Truck160794,2684,2443,7045,7084,39
Truck160125,2942,0,6835,7085,250
Truck160310,2567,2776,6895,7085,190
Truck160652,2777,2942,7000,7085,85
Truck160320,0,2444,6900,7086,186
Truck160456,1339,2684,6940,7086,146
Truck160469,2566,2225,6945,7086,141
Truck160474,2684,3119,6945,7086,141
Truck160864,0,2567,7070,7086,16
Truck160150,2567,2942,6845,7087,242
Truck160184,1339,2566,6855,7087,232
Truck160880,0,1339,7075,7087,12
Truck159073,1338,2443,6510,7088,578
Truck160197,2566,2567,6860,7088,228
Truck160249,2224,2684,6875,7088,213
Truck160450,2225,2683,6940,7088,148
Truck160594,2225,0,6985,7088,103
Truck160830,2943,2942,7055,7088,33
Truck159687,2683,2224,6700,7089,389
Truck160149,2566,2443,6845,7089,244
Truck160250,2684,2224,6875,7089,214
Truck160547,2443,0,6970,7089,119
Truck160579,2443,2567,6980,7089,109
Truck160743,2683,2567,7030,7090,60
Truck160123,2776,2224,6835,7091,256
Truck160340,2444,2443,6905,7091,186
Truck160683,2776,2443,7010,7091,81
Truck160918,2567,1339,7085,7091,6
Truck159137,1338,2567,6530,7093,563
Truck160600,1339,2443,6985,7093,108
Truck160846,2943,2942,7060,7093,33
Truck160165,2566,2443,6850,7094,244
Truck160826,2684,2443,7055,7094,39
Truck159425,1338,2225,6620,7095,475
Truck159951,3119,2683,6780,7095,315
Truck160093,2942,2683,6825,7095,270
Truck160189,2942,2567,6855,7095,240
Truck160684,2777,2942,7010,7095,85
Truck160525,2942,2776,6960,7096,136
Truck160541,2942,2443,6965,7097,132
Truck159105,1338,2443,6520,7098,578
Truck160399,3119,2443,6920,7098,178
Truck159509,2566,1338,6645,7099,454
Truck159816,1339,2224,6740,7099,359
Truck160181,2566,2443,6855,7099,244
Truck160611,2443,2567,6990,7099,109
Truck160626,2225,2443,6995,7099,104
Truck160729,2224,3119,7025,7099,74
Truck160404,2444,1339,6925,7100,175
Truck160572,2777,3119,6975,7100,125
Truck160614,2567,2443,6990,7100,110
Truck160666,2684,2942,7005,7100,95
Truck160700,2777,2942,7015,7100,85
Truck160798,2943,2777,7045,7100,55
Truck159442,2225,1338,6625,7101,476
Truck160153,2224,2776,6845,7101,256
Truck160372,2444,2443,6915,7101,186
Truck160506,2684,1339,6955,7101,146
Truck160715,2776,2443,7020,7101,81
Truck160016,0,3119,6805,7102,297
Truck160936,1339,0,7090,7102,12
Truck159121,1338,2443,6525,7103,578
Truck160415,3119,2443,6925,7103,178
Truck160640,0,2225,7000,7103,103
Truck160642,2225,0,7000,7103,103
Truck160690,2225,2567,7015,7103,88
Truck160878,2943,2942,7070,7103,33
Truck159975,2683,3119,6790,7105,315
Truck159983,3119,2683,6790,7105,315
Truck160072,1339,3119,6820,7105,285
Truck160119,2683,2942,6835,7105,270
Truck160374,2567,2776,6915,7105,190
Truck160420,2444,1339,6930,7105,175
Truck160716,2777,2942,7020,7105,85
Truck160079,3119,2567,6820,7106,286
Truck160176,0,2942,6855,7106,251
Truck160185,2224,2443,6855,7106,251
Truck160388,2444,2443,6920,7106,186
Truck160966,2567,1339,7100,7106,6
Truck160214,2567,2942,6865,7107,242
Truck160789,2566,2444,7045,7107,62
Truck160313,2224,2684,6895,7108,213
Truck160658,2225,0,7005,7108,103
Truck160894,2943,2942,7075,7108,33
Truck160213,2566,2443,6865,7109,244
Truck160643,2443,2567,7000,7109,109
Truck160858,2684,2776,7065,7109,44
Truck160874,2684,2443,7070,7109,39
Truck159999,3119,2683,6795,7110,315
Truck160263,2683,2444,6880,7110,230
Truck160732,2777,2942,7025,7110,85
Truck160201,2224,2443,6860,7111,251
Truck160260,2444,2683,6880,7111,231
Truck160538,2684,1339,6965,7111,146
Truck160589,2942,2443,6980,7112,132
Truck160782,2943,3119,7040,7112,72
Truck160805,2566,2444,7050,7112,62
Truck159153,1338,2443,6535,7113,578
Truck160883,2443,2684,7075,7113,38
Truck160910,2943,2942,7080,7113,33
Truck160229,2566,2443,6870,7114,244
Truck160659,2443,2567,7005,7114,109
Truck160674,2225,2443,7010,7114,104
Truck160890,2684,2443,7075,7114,39
Truck160157,2942,2683,6845,7115,270
Truck160748,2777,2942,7030,7115,85
Truck160208,0,2942,6865,7116,251
Truck160419,2443,2444,6930,7116,186
Truck160587,2776,2942,6980,7116,136
Truck160246,2567,2942,6875,7117,242
Truck160280,1339,2566,6885,7117,232
Truck160522,2684,0,6960,7117,157
Truck160728,1339,2225,7025,7117,92
Truck159169,1338,2443,6540,7118,578
Truck160554,2684,2567,6970,7118,148
Truck160926,2943,2942,7085,7118,33
Truck160245,2566,2443,6875,7119,244
Truck160793,2224,3119,7045,7119,74
Truck160840,1339,2683,7060,7119,59
Truck161016,1339,2567,7115,7119,4
Truck160264,1339,2942,6880,7120,240
Truck160730,2684,2942,7025,7120,95
Truck160862,2943,2777,7065,7120,55
Truck160436,2444,2443,6935,7121,186
Truck160262,2567,2942,6880,7122,242
Truck160621,2942,2443,6990,7122,132
Truck159185,1338,2443,6545,7123,578
Truck160691,2443,1339,7015,7123,108
Truck160942,2943,2942,7090,7123,33
Truck160256,0,2566,6880,7124,244
Truck160706,2225,2443,7020,7124,104
Truck160780,2777,2942,7040,7125,85
Truck160143,3119,2567,6840,7126,286
Truck160240,0,2942,6875,7126,251
Truck160452,2444,2443,6940,7126,186
Truck160619,2776,2942,6990,7126,136
Truck160992,0,2567,7110,7126,16
Truck160998,2567,0,7110,7126,16
Truck161030,2567,1339,7120,7126,6
Truck160134,2567,3119,6840,7127,287
Truck160278,2567,2942,6885,7127,242
Truck160490,2684,2683,6950,7127,177
Truck159201,1338,2443,6550,7128,578
Truck160582,2567,2684,6980,7128,148
Truck160586,2684,2567,6980,7128,148
Truck159601,1338,2566,6675,7129,454
Truck160272,0,2566,6885,7129,244
Truck160277,2566,2443,6885,7129,244
Truck160707,2443,2567,7020,7129,109
Truck160722,2225,2443,7025,7129,104
Truck160199,2683,2942,6860,7130,270
Truck160327,2683,2444,6900,7130,230
Truck160796,2777,2942,7045,7130,85
Truck160127,3119,0,6835,7131,296
Truck160324,2444,2683,6900,7131,231
Truck160468,2444,2443,6945,7131,186
Truck160637,2942,2776,6995,7131,136
Truck160832,0,2683,7060,7131,71
Truck159217,1338,2443,6555,7133,578
Truck160802,2225,2444,7050,7133,83
Truck160868,2444,2566,7070,7133,63
Truck160974,2943,2942,7100,7133,33
Truck160293,2566,2443,6890,7134,244
Truck160342,2567,2566,6905,7134,229
Truck160738,2225,2443,7030,7134,104
Truck160847,3119,2224,7060,7134,74
Truck160888,1339,2683,7075,7134,59
Truck160954,2684,2443,7095,7134,39
Truck160312,1339,2942,6895,7135,240
Truck160778,2684,2942,7040,7135,95
Truck160812,2777,2942,7050,7135,85
Truck160484,2444,2443,6950,7136,186
Truck160653,2942,2776,7000,7136,136
Truck160827,2776,2443,7055,7136,81
Truck160863,3119,2943,7065,7136,71
Truck160941,2942,3119,7090,7136,46
Truck160507,2776,3119,6955,7137,182
Truck159089,1338,2683,6515,7138,623
Truck159233,1338,2443,6560,7138,578
Truck160167,2683,2566,6850,7138,288
Truck160527,3119,2443,6960,7138,178
Truck160610,2225,2683,6990,7138,148
Truck160755,2443,2225,7035,7138,103
Truck160990,2943,2942,7105,7138,33
Truck159913,2224,0,6770,7139,369
Truck160307,2443,2566,6895,7139,244
Truck160309,2566,2443,6895,7139,244
Truck160857,2224,3119,7065,7139,74
Truck160924,2777,2943,7085,7139,54
Truck160970,2684,2443,7100,7139,39
Truck160231,2683,2942,6870,7140,270
Truck160828,2777,2942,7055,7140,85
Truck160496,0,2444,6955,7141,186
Truck160500,2444,0,6955,7141,186
Truck160835,2443,2776,7060,7141,81
Truck159249,1338,2443,6565,7143,578
Truck160986,2684,2443,7105,7144,39
Truck160200,1339,3119,6860,7145,285
Truck160253,2942,2683,6875,7145,270
Truck160720,0,2443,7025,7145,120
Truck160304,0,2942,6895,7146,251
Truck160516,2444,2443,6960,7146,186
Truck160859,2776,2443,7065,7146,81
Truck160566,2567,2444,6975,7147,172
Truck160701,2942,2443,7015,7147,132
Truck161072,0,1339,7135,7147,12
Truck159313,1338,2567,6585,7148,563
Truck160559,3119,2443,6970,7148,178
Truck160784,0,2225,7045,7148,103
Truck160786,2225,0,7045,7148,103
Truck161022,2943,2942,7115,7148,33
Truck160336,0,2566,6905,7149,244
Truck160341,2566,2443,6905,7149,244
Truck160491,2776,0,6950,7149,199
Truck160771,2443,2567,7040,7149,109
Truck160838,2567,2225,7060,7149,89
Truck161002,2684,2443,7110,7149,39
Truck160736,0,2443,7030,7150,120
Truck160774,2567,2443,7040,7150,110
Truck160860,2777,2942,7065,7150,85
Truck160958,2943,2777,7095,7150,55
Truck160532,2444,2443,6965,7151,186
Truck160699,2776,2942,7015,7151,136
Truck160991,3119,2942,7105,7151,46
Truck160717,2942,2443,7020,7152,132
Truck160536,1339,2776,6965,7153,188
Truck160575,3119,2443,6975,7153,178
Truck160662,2567,2684,7005,7153,148
Truck160866,2225,2444,7070,7153,83
Truck160357,2566,2443,6910,7154,244
Truck160751,3119,2777,7030,7154,124
Truck161018,2684,2443,7115,7154,39
Truck160239,3119,1339,6870,7155,285
Truck160279,2683,2942,6885,7155,270
Truck160761,2224,2942,7035,7155,120
Truck160876,2777,2942,7070,7155,85
Truck160548,2444,2443,6970,7156,186
Truck160682,2684,1339,7010,7156,146
Truck160733,2942,2443,7025,7157,132
Truck161104,0,1339,7145,7157,12
Truck160711,2683,2443,7020,7158,138
Truck160818,2225,0,7055,7158,103
Truck161054,2943,2942,7125,7158,33
Truck159350,2567,1338,6595,7159,564
Truck160373,2566,2443,6915,7159,244
Truck160870,2567,2225,7070,7159,89
Truck159633,1338,2225,6685,7160,475
Truck160255,3119,1339,6875,7160,285
Truck160295,2683,2942,6890,7160,270
Truck160764,2777,3119,7035,7160,125
Truck160777,2224,2942,7040,7160,120
Truck160892,2777,2942,7075,7160,85
Truck160355,2443,2224,6910,7161,251
Truck160361,2224,2443,6910,7161,251
Truck160564,2444,0,6975,7161,186
Truck160599,2683,2684,6985,7161,176
Truck160714,2684,3119,7020,7161,141
Truck160907,2776,2443,7080,7161,81
Truck160602,2684,2683,6985,7162,177
Truck160739,2443,2942,7030,7162,132
Truck160656,0,2684,7005,7163,158
Truck160723,2443,2683,7025,7163,138
Truck161070,2943,2942,7130,7163,33
Truck159927,2683,2224,6775,7164,389
Truck160389,2566,2443,6920,7164,244
Truck160438,2567,2566,6935,7164,229
Truck160834,2225,2443,7060,7164,104
Truck160983,2683,1339,7105,7164,59
Truck161050,2684,2443,7125,7164,39
Truck161160,1339,2567,7160,7164,4
Truck160612,2444,1339,6990,7165,175
Truck160908,2777,2942,7080,7165,85
Truck160909,2942,2777,7080,7165,85
Truck159361,1338,1339,6600,7166,566
Truck160022,2567,2224,6805,7166,361
Truck160368,0,2942,6915,7166,251
Truck160725,2566,2225,7025,7166,141
Truck160923,2776,2443,7085,7166,81
Truck160618,2684,2683,6990,7167,177
Truck161085,2942,2943,7135,7167,32
Truck159329,1338,2443,6590,7168,578
Truck160405,2566,0,6925,7168,243
Truck160623,3119,2443,6990,7168,178
Truck160914,2225,2444,7085,7168,83
Truck161086,2943,2942,7135,7168,33
Truck160959,3119,2224,7095,7169,74
Truck161066,2684,2443,7130,7169,39
Truck160183,2683,3119,6855,7170,315
Truck160393,2224,2443,6920,7171,251
Truck160592,0,2444,6985,7171,186
Truck160595,2443,2444,6985,7171,186
Truck160596,2444,2443,6985,7171,186
Truck160746,2684,3119,7030,7171,141
Truck160763,2776,2942,7035,7171,136
Truck161053,2942,3119,7125,7171,46
Truck161152,0,1339,7160,7172,12
Truck159345,1338,2443,6595,7173,578
Truck160627,2443,3119,6995,7173,178
Truck160639,3119,2443,6995,7173,178
Truck161067,2776,2684,7130,7173,43
Truck161102,2943,2942,7140,7173,33
Truck159961,2224,2683,6785,7174,389
Truck160421,2566,2443,6930,7174,244
Truck160603,2776,2567,6985,7174,189
Truck160851,2443,2567,7065,7174,109
Truck160349,2942,2683,6905,7175,270
Truck160440,1339,2942,6935,7175,240
Truck160825,2224,2942,7055,7175,120
Truck160940,2777,2942,7090,7175,85
Truck160647,2683,2684,7000,7176,176
Truck160754,2225,2566,7035,7176,141
Truck160781,2942,2776,7040,7176,136
Truck160955,2776,2443,7095,7176,81
Truck160650,2684,2683,7000,7177,177
Truck160797,2942,2443,7045,7177,132
Truck160882,2225,0,7075,7178,103
Truck161091,2443,2684,7140,7178,38
Truck161118,2943,2942,7145,7178,33
Truck160437,2566,2443,6935,7179,244
Truck160867,2443,2567,7070,7179,109
Truck161208,1339,2567,7175,7179,4
Truck160660,2444,1339,7005,7180,175
Truck160956,2777,2942,7095,7180,85
Truck160416,0,2942,6930,7181,251
Truck160628,2444,2443,6995,7181,186
Truck160770,2225,2566,7040,7181,141
Truck160795,2776,2942,7045,7181,136
Truck161007,3119,2943,7110,7181,71
Truck160813,2942,2443,7050,7182,132
Truck161006,2943,3119,7110,7182,72
Truck160089,2224,1339,6825,7183,358
Truck160671,3119,2443,7005,7183,178
Truck160898,2225,2443,7080,7184,104
Truck160375,2683,2942,6915,7185,270
Truck160472,1339,2942,6945,7185,240
Truck160477,2942,2567,6945,7185,240
Truck160844,2777,3119,7060,7185,125
Truck160972,2777,2942,7100,7185,85
Truck160441,2224,2443,6935,7186,251
Truck160679,2683,2684,7010,7186,176
Truck160811,2776,2942,7050,7186,136
Truck160517,2566,2567,6960,7188,228
Truck160569,2224,2684,6975,7188,213
Truck160687,3119,2443,7010,7188,178
Truck160915,2443,2225,7085,7188,103
Truck161150,2943,2942,7155,7188,33
Truck161017,2224,3119,7115,7189,74
Truck159729,1338,2225,6715,7190,475
Truck160247,2683,3119,6875,7190,315
Truck160391,2683,2942,6920,7190,270
Truck160519,2683,2444,6960,7190,230
Truck160873,2224,2942,7070,7190,120
Truck160877,2942,2224,7070,7190,120
Truck160988,2777,2942,7105,7190,85
Truck161003,2776,2443,7110,7191,81
Truck161119,3119,2942,7145,7191,46
Truck159448,1339,1338,6625,7192,567
Truck160845,2942,2443,7060,7192,132
Truck161038,2943,3119,7120,7192,72
Truck161224,1339,0,7180,7192,12
Truck159265,1338,2683,6570,7193,623
Truck160567,2683,2776,6975,7193,218
Truck160703,3119,2443,7015,7193,178
Truck160930,2225,0,7090,7193,103
Truck161166,2943,2942,7160,7193,33
Truck160025,2224,2683,6805,7194,389
Truck160485,2566,2443,6950,7194,244
Truck160996,2444,2225,7110,7194,84
Truck160504,1339,2942,6955,7195,240
Truck161004,2777,2942,7110,7195,85
Truck159746,2225,1338,6720,7196,476
Truck160367,3119,2567,6910,7196,286
Truck160464,0,2942,6945,7196,251
Truck160676,2444,2443,7010,7196,186
Truck160810,2684,1339,7050,7196,146
Truck160502,2567,2942,6955,7197,242
Truck160861,2942,2443,7065,7197,132
Truck159281,1338,2683,6575,7198,623
Truck160768,0,2684,7040,7198,158
Truck160931,2443,1339,7090,7198,108
Truck161147,2776,2684,7155,7198,43
Truck161155,2443,2684,7160,7198,38
Truck160136,1339,2224,6840,7199,359
Truck160501,2566,2443,6955,7199,244
Truck160946,2225,2443,7095,7199,104
Truck161049,2224,3119,7125,7199,74
